700 2279 2 0        
16 Autodesk AutoCAD 20 ASM 230.7.0.65535 NT 24 Tue Sep  2 09:16:02 2025 
1 9.999999999999999547e-07 1.000000000000000036e-10 
body $-1 -1 $-1 $2 $-1 $3 #
body $-1 -1 $-1 $4 $-1 $5 #
lump $-1 -1 $-1 $-1 $6 $0 #
transform $-1 -1 1 0 0 0 1 0 0 0 1 190.25 8.804999999999999716 0.5 1 no_rotate no_reflect no_shear #
lump $-1 -1 $-1 $-1 $7 $1 #
transform $-1 -1 1 0 0 0 1 0 0 0 1 -0.2999999999999999889 8.554999999999999716 0.5 1 no_rotate no_reflect no_shear #
shell $-1 -1 $-1 $-1 $-1 $8 $-1 $2 #
shell $-1 -1 $-1 $-1 $-1 $9 $-1 $4 #
face $10 -1 $-1 $11 $12 $6 $-1 $13 forward single #
face $14 -1 $-1 $15 $16 $7 $-1 $17 forward single #
color-adesk-attrib $-1 -1 $-1 $-1 $8 256 #
face $18 -1 $-1 $19 $20 $6 $-1 $21 reversed single #
loop $-1 -1 $-1 $-1 $22 $8 #
plane-surface $-1 -1 $-1 0 0 0.5 0 0 1 1 0 0 forward_v I I I I #
color-adesk-attrib $-1 -1 $-1 $-1 $9 256 #
face $23 -1 $-1 $24 $25 $7 $-1 $26 forward single #
loop $-1 -1 $-1 $-1 $27 $9 #
cone-surface $-1 -1 $-1 0.6004842186320741293 -8.33180887495432998 -0.5 0 0 1 0.02454828329108665885 -0.04470326372269206594 0 1 I I 0 1 0.0510000000000000106 forward I I I I #
color-adesk-attrib $-1 -1 $-1 $-1 $11 256 #
face $28 -1 $-1 $29 $30 $6 $-1 $31 reversed single #
loop $-1 -1 $-1 $-1 $32 $11 #
plane-surface $-1 -1 $-1 0 0 -0.5 0 0 1 1 0 0 forward_v I I I I #
coedge $-1 -1 $-1 $33 $34 $35 $36 forward $12 $-1 #
color-adesk-attrib $-1 -1 $-1 $-1 $15 256 #
face $37 -1 $-1 $38 $39 $7 $-1 $40 forward single #
loop $-1 -1 $-1 $-1 $41 $15 #
plane-surface $-1 -1 $-1 0.2999999999999999889 -8.554999999999999716 -0.5 0.4813388880605233844 -0.8765345827978830995 0 0.8765345827978830995 0.4813388880605233844 0 forward_v I I I I #
coedge $-1 -1 $-1 $42 $43 $44 $45 forward $16 $-1 #
color-adesk-attrib $-1 -1 $-1 $-1 $19 256 #
face $46 -1 $-1 $47 $48 $6 $-1 $49 reversed single #
loop $-1 -1 $-1 $-1 $50 $19 #
plane-surface $-1 -1 $-1 0 -0.25 0 0 1 -0 -0 0 1 forward_v I I I I #
coedge $-1 -1 $-1 $51 $52 $53 $54 forward $20 $-1 #
coedge $-1 -1 $-1 $55 $22 $56 $57 forward $12 $-1 #
coedge $-1 -1 $-1 $22 $55 $58 $59 forward $12 $-1 #
coedge $-1 -1 $-1 $60 $61 $22 $36 reversed $62 $-1 #
edge $63 -1 $-1 $64 -0.25 $65 0.25 $35 $66 forward @7 unknown #
color-adesk-attrib $-1 -1 $-1 $-1 $24 256 #
face $67 -1 $-1 $68 $69 $7 $-1 $70 forward single #
loop $-1 -1 $-1 $-1 $71 $24 #
plane-surface $-1 -1 $-1 0.63623170393992734 -8.295434195654507903 -0.5 0.7009310844677095753 0.7132290058788415266 0 -0.7132290058788415266 0.7009310844677095753 0 forward_v I I I I #
coedge $-1 -1 $-1 $72 $73 $74 $75 forward $25 $-1 #
coedge $-1 -1 $-1 $76 $27 $77 $78 forward $16 $-1 #
coedge $-1 -1 $-1 $27 $76 $72 $79 reversed $16 $-1 #
coedge $-1 -1 $-1 $74 $80 $27 $45 reversed $81 $-1 #
edge $82 -1 $-1 $83 0 $84 1.862708991628516886 $27 $85 forward @7 unknown #
color-adesk-attrib $-1 -1 $-1 $-1 $29 256 #
face $86 -1 $-1 $87 $88 $6 $-1 $89 reversed single #
loop $-1 -1 $-1 $-1 $90 $29 #
plane-surface $-1 -1 $-1 -0.25 0 0 1 0 0 0 0 -1 forward_v I I I I #
coedge $-1 -1 $-1 $91 $58 $92 $93 forward $30 $-1 #
coedge $-1 -1 $-1 $94 $32 $91 $95 forward $20 $-1 #
coedge $-1 -1 $-1 $32 $94 $96 $97 forward $20 $-1 #
coedge $-1 -1 $-1 $61 $60 $32 $54 reversed $62 $-1 #
edge $98 -1 $-1 $99 -0.25 $100 0.25 $53 $101 forward @7 unknown #
coedge $-1 -1 $-1 $34 $33 $102 $103 forward $12 $-1 #
coedge $-1 -1 $-1 $104 $105 $33 $57 reversed $88 $-1 #
edge $106 -1 $-1 $65 -0.25 $107 0.25 $56 $108 forward @7 unknown #
coedge $-1 -1 $-1 $50 $109 $34 $59 reversed $30 $-1 #
edge $110 -1 $-1 $111 -0.25 $64 0.25 $58 $112 forward @7 unknown #
coedge $-1 -1 $-1 $53 $35 $109 $113 forward $62 $-1 #
coedge $-1 -1 $-1 $35 $53 $104 $114 reversed $62 $-1 #
loop $-1 -1 $-1 $-1 $60 $87 #
color-adesk-attrib $-1 -1 $-1 $-1 $36 256 #
vertex $-1 -1 $-1 $36 $115 #
vertex $-1 -1 $-1 $36 $116 #
straight-curve $-1 -1 $-1 0.25 0 0.5 0 1 0 I I #
color-adesk-attrib $-1 -1 $-1 $-1 $38 256 #
face $117 -1 $-1 $118 $119 $7 $-1 $120 forward single #
loop $-1 -1 $-1 $-1 $121 $38 #
cone-surface $-1 -1 $-1 0.6004842186320741293 -7.741808874954330122 -0.5 0 0 1 0.02454828329108665885 -0.04470326372269206594 0 1 I I 0 1 0.0510000000000000106 forward I I I I #
coedge $-1 -1 $-1 $122 $77 $80 $123 forward $39 $-1 #
coedge $-1 -1 $-1 $124 $41 $43 $79 forward $25 $-1 #
coedge $-1 -1 $-1 $41 $124 $125 $126 forward $25 $-1 #
coedge $-1 -1 $-1 $127 $44 $41 $75 reversed $81 $-1 #
edge $128 -1 $-1 $129 0 $83 0.3708153771704737478 $41 $130 forward @7 unknown #
coedge $-1 -1 $-1 $43 $42 $131 $132 reversed $16 $-1 #
coedge $-1 -1 $-1 $71 $133 $42 $78 reversed $39 $-1 #
edge $134 -1 $-1 $84 0 $135 1 $77 $136 forward @7 tangent #
edge $137 -1 $-1 $83 0 $138 1 $72 $139 forward @7 tangent #
coedge $-1 -1 $-1 $44 $140 $71 $123 reversed $81 $-1 #
loop $-1 -1 $-1 $-1 $141 $142 #
color-adesk-attrib $-1 -1 $-1 $-1 $45 256 #
vertex $-1 -1 $-1 $75 $143 #
vertex $-1 -1 $-1 $123 $144 #
ellipse-curve $-1 -1 $-1 0.6004842186320741293 -8.33180887495432998 -0.5 0 0 1 0.02454828329108665885 -0.04470326372269206594 0 1 F 0 F 1.862708991628516886 #
color-adesk-attrib $-1 -1 $-1 $-1 $47 256 #
face $145 -1 $-1 $-1 $62 $6 $-1 $146 reversed single #
loop $-1 -1 $-1 $-1 $104 $47 #
plane-surface $-1 -1 $-1 0 0.25 0 0 -1 0 0 0 -1 forward_v I I I I #
coedge $-1 -1 $-1 $147 $102 $105 $148 forward $48 $-1 #
coedge $-1 -1 $-1 $109 $50 $51 $95 reversed $30 $-1 #
coedge $-1 -1 $-1 $102 $147 $50 $93 reversed $48 $-1 #
edge $149 -1 $-1 $111 -0.5 $150 0.5 $92 $151 forward @7 unknown #
coedge $-1 -1 $-1 $52 $51 $147 $152 forward $20 $-1 #
edge $153 -1 $-1 $100 -0.25 $150 0.25 $91 $154 forward @7 unknown #
coedge $-1 -1 $-1 $105 $104 $52 $97 reversed $88 $-1 #
edge $155 -1 $-1 $156 -0.25 $99 0.25 $96 $157 forward @7 unknown #
color-adesk-attrib $-1 -1 $-1 $-1 $54 256 #
vertex $-1 -1 $-1 $54 $158 #
vertex $-1 -1 $-1 $113 $159 #
straight-curve $-1 -1 $-1 0.25 0 -0.5 0 -1 0 I I #
coedge $-1 -1 $-1 $90 $92 $55 $103 reversed $48 $-1 #
edge $160 -1 $-1 $107 -0.25 $111 0.25 $102 $161 forward @7 unknown #
coedge $-1 -1 $-1 $96 $56 $61 $114 forward $88 $-1 #
coedge $-1 -1 $-1 $56 $96 $90 $148 reversed $88 $-1 #
color-adesk-attrib $-1 -1 $-1 $-1 $57 256 #
vertex $-1 -1 $-1 $57 $162 #
straight-curve $-1 -1 $-1 0 0.25 0.5 -1 0 0 I I #
coedge $-1 -1 $-1 $58 $91 $60 $113 reversed $30 $-1 #
color-adesk-attrib $-1 -1 $-1 $-1 $59 256 #
vertex $-1 -1 $-1 $103 $163 #
straight-curve $-1 -1 $-1 0 -0.25 0.5 1 0 0 I I #
edge $164 -1 $-1 $64 -0.5 $100 0.5 $60 $165 forward @7 unknown #
edge $166 -1 $-1 $65 -0.5 $99 0.5 $61 $167 forward @7 unknown #
point $-1 -1 $-1 0.25 -0.25 0.5 #
point $-1 -1 $-1 0.25 0.25 0.5 #
color-adesk-attrib $-1 -1 $-1 $-1 $68 256 #
face $168 -1 $-1 $169 $170 $7 $-1 $171 forward single #
loop $-1 -1 $-1 $-1 $172 $68 #
plane-surface $-1 -1 $-1 0.3000000000000000444 -7.964999999999999858 -0.5 0.4813388880605233844 -0.8765345827978830995 0 0.8765345827978830995 0.4813388880605233844 0 forward_v I I I I #
coedge $-1 -1 $-1 $173 $174 $175 $176 forward $69 $-1 #
coedge $-1 -1 $-1 $133 $71 $177 $178 reversed $39 $-1 #
edge $179 -1 $-1 $84 0 $180 0.4714218030513527835 $71 $181 forward @7 unknown #
coedge $-1 -1 $-1 $73 $72 $182 $183 reversed $25 $-1 #
coedge $-1 -1 $-1 $184 $185 $73 $126 reversed $186 $-1 #
edge $187 -1 $-1 $188 -0.5 $129 0.5 $125 $189 forward @7 unknown #
coedge $-1 -1 $-1 $190 $74 $185 $191 forward $81 $-1 #
color-adesk-attrib $-1 -1 $-1 $-1 $75 256 #
vertex $-1 -1 $-1 $126 $192 #
straight-curve $-1 -1 $-1 0.2999999999999999889 -8.554999999999999716 -0.5 0.8765345827978830995 0.4813388880605233844 0 F 0 F 0.3708153771704737478 #
coedge $-1 -1 $-1 $193 $182 $76 $132 forward $194 $-1 #
edge $195 -1 $-1 $138 0 $135 1.862708991628516886 $76 $196 forward @7 unknown #
coedge $-1 -1 $-1 $77 $122 $193 $197 reversed $39 $-1 #
color-adesk-attrib $-1 -1 $-1 $-1 $78 256 #
vertex $-1 -1 $-1 $78 $198 #
straight-curve $-1 -1 $-1 0.63623170393992734 -8.295434195654507903 -0.5 0 0 1 I I #
color-adesk-attrib $-1 -1 $-1 $-1 $79 256 #
vertex $-1 -1 $-1 $79 $199 #
straight-curve $-1 -1 $-1 0.6250325019231608437 -8.376512138677021824 -0.5 0 0 1 I I #
coedge $-1 -1 $-1 $80 $175 $172 $200 reversed $81 $-1 #
coedge $-1 -1 $-1 $201 $202 $203 $204 reversed $81 $-1 #
face $205 -1 $-1 $206 $81 $7 $-1 $207 reversed single #
point $-1 -1 $-1 0.6250325019231608437 -8.376512138677021824 -0.5 #
point $-1 -1 $-1 0.63623170393992734 -8.295434195654507903 -0.5 #
color-adesk-attrib $-1 -1 $-1 $-1 $87 256 #
plane-surface $-1 -1 $-1 0.25 0 0 -1 0 0 0 -0 1 forward_v I I I I #
coedge $-1 -1 $-1 $92 $90 $94 $152 reversed $48 $-1 #
edge $208 -1 $-1 $107 -0.5 $156 0.5 $105 $209 forward @7 unknown #
color-adesk-attrib $-1 -1 $-1 $-1 $93 256 #
vertex $-1 -1 $-1 $152 $210 #
straight-curve $-1 -1 $-1 -0.25 -0.25 0 0 0 -1 I I #
edge $211 -1 $-1 $150 -0.25 $156 0.25 $147 $212 forward @7 unknown #
color-adesk-attrib $-1 -1 $-1 $-1 $95 256 #
straight-curve $-1 -1 $-1 0 -0.25 -0.5 -1 0 0 I I #
color-adesk-attrib $-1 -1 $-1 $-1 $97 256 #
vertex $-1 -1 $-1 $97 $213 #
straight-curve $-1 -1 $-1 0 0.25 -0.5 1 0 0 I I #
point $-1 -1 $-1 0.25 0.25 -0.5 #
point $-1 -1 $-1 0.25 -0.25 -0.5 #
color-adesk-attrib $-1 -1 $-1 $-1 $103 256 #
straight-curve $-1 -1 $-1 -0.25 0 0.5 0 -1 0 I I #
point $-1 -1 $-1 -0.25 0.25 0.5 #
point $-1 -1 $-1 -0.25 -0.25 0.5 #
color-adesk-attrib $-1 -1 $-1 $-1 $113 256 #
straight-curve $-1 -1 $-1 0.25 -0.25 0 0 0 -1 I I #
color-adesk-attrib $-1 -1 $-1 $-1 $114 256 #
straight-curve $-1 -1 $-1 0.25 0.25 0 0 0 -1 I I #
color-adesk-attrib $-1 -1 $-1 $-1 $118 256 #
face $214 -1 $-1 $215 $216 $7 $-1 $217 forward single #
loop $-1 -1 $-1 $-1 $218 $118 #
plane-surface $-1 -1 $-1 0.63623170393992734 -7.705434195654508045 -0.5 0.7009310844677095753 0.7132290058788415266 0 -0.7132290058788415266 0.7009310844677095753 0 forward_v I I I I #
coedge $-1 -1 $-1 $219 $177 $140 $200 forward $119 $-1 #
coedge $-1 -1 $-1 $220 $121 $221 $222 forward $69 $-1 #
coedge $-1 -1 $-1 $121 $220 $219 $223 reversed $69 $-1 #
coedge $-1 -1 $-1 $140 $224 $121 $176 reversed $81 $-1 #
edge $225 -1 $-1 $226 0 $227 1.862708991628516886 $121 $228 forward @7 unknown #
coedge $-1 -1 $-1 $172 $229 $122 $178 forward $119 $-1 #
edge $230 -1 $-1 $231 -0.75 $180 0.25 $122 $232 forward @7 unknown #
color-adesk-attrib $-1 -1 $-1 $-1 $123 256 #
vertex $-1 -1 $-1 $123 $233 #
straight-curve $-1 -1 $-1 0.63623170393992734 -8.295434195654507903 -0.5 -0.7132290058788415266 0.7009310844677095753 0 F 0 F 0.4714218030513527835 #
coedge $-1 -1 $-1 $131 $234 $124 $183 forward $194 $-1 #
edge $235 -1 $-1 $188 0 $138 0.3708153771704737478 $124 $236 forward @7 unknown #
coedge $-1 -1 $-1 $237 $125 $234 $238 reversed $186 $-1 #
coedge $-1 -1 $-1 $125 $237 $127 $191 reversed $186 $-1 #
loop $-1 -1 $-1 $-1 $237 $206 #
color-adesk-attrib $-1 -1 $-1 $-1 $126 256 #
vertex $-1 -1 $-1 $183 $239 #
straight-curve $-1 -1 $-1 0.2999999999999999889 -8.554999999999999716 0 0 0 -1 I I #
coedge $-1 -1 $-1 $240 $127 $241 $242 forward $81 $-1 #
edge $243 -1 $-1 $129 -0.2999999999999999889 $244 0.2999999999999999889 $185 $245 forward @7 unknown #
point $-1 -1 $-1 0.2999999999999999889 -8.554999999999999716 -0.5 #
coedge $-1 -1 $-1 $246 $131 $133 $197 forward $194 $-1 #
loop $-1 -1 $-1 $-1 $247 $248 #
color-adesk-attrib $-1 -1 $-1 $-1 $132 256 #
ellipse-curve $-1 -1 $-1 0.6004842186320741293 -8.33180887495432998 0.5 0 0 1 0.02454828329108665885 -0.04470326372269206594 0 1 I I #
edge $249 -1 $-1 $135 0 $231 0.4714218030513527835 $133 $250 forward @7 unknown #
point $-1 -1 $-1 0.63623170393992734 -8.295434195654507903 0.5 #
point $-1 -1 $-1 0.6250325019231608437 -8.376512138677021824 0.5 #
edge $251 -1 $-1 $180 0 $226 0.3708153771704737478 $172 $252 forward @7 unknown #
coedge $-1 -1 $-1 $253 $141 $254 $255 reversed $81 $-1 #
coedge $-1 -1 $-1 $141 $256 $257 $258 reversed $81 $-1 #
coedge $-1 -1 $-1 $259 $260 $141 $204 forward $261 $-1 #
edge $262 -1 $-1 $263 0 $264 0.4714218030513527835 $203 $265 forward @7 unknown #
color-adesk-attrib $-1 -1 $-1 $-1 $142 256 #
face $266 -1 $-1 $267 $186 $7 $-1 $268 reversed single #
plane-surface $-1 -1 $-1 0 0 -0.5 0 0 1 1 0 0 forward_v I I I I #
color-adesk-attrib $-1 -1 $-1 $-1 $148 256 #
straight-curve $-1 -1 $-1 -0.25 0.25 0 0 0 -1 I I #
point $-1 -1 $-1 -0.25 -0.25 -0.5 #
color-adesk-attrib $-1 -1 $-1 $-1 $152 256 #
straight-curve $-1 -1 $-1 -0.25 0 -0.5 0 1 0 I I #
point $-1 -1 $-1 -0.25 0.25 -0.5 #
color-adesk-attrib $-1 -1 $-1 $-1 $169 256 #
face $269 -1 $-1 $270 $271 $7 $-1 $272 forward single #
loop $-1 -1 $-1 $-1 $273 $169 #
cone-surface $-1 -1 $-1 0.6004842186320742403 -7.151808874954328488 -0.5 0 0 1 0.02454828329108665885 -0.04470326372269206594 0 1 I I 0 1 0.0510000000000000106 forward I I I I #
coedge $-1 -1 $-1 $274 $221 $224 $275 forward $170 $-1 #
coedge $-1 -1 $-1 $229 $172 $174 $223 forward $119 $-1 #
coedge $-1 -1 $-1 $174 $173 $276 $277 reversed $69 $-1 #
coedge $-1 -1 $-1 $218 $278 $173 $222 reversed $170 $-1 #
edge $279 -1 $-1 $227 0 $280 1 $221 $281 forward @7 tangent #
edge $282 -1 $-1 $226 0 $283 1 $219 $284 forward @7 tangent #
coedge $-1 -1 $-1 $175 $285 $218 $275 reversed $81 $-1 #
color-adesk-attrib $-1 -1 $-1 $-1 $176 256 #
vertex $-1 -1 $-1 $200 $286 #
vertex $-1 -1 $-1 $275 $287 #
ellipse-curve $-1 -1 $-1 0.6004842186320741293 -7.741808874954330122 -0.5 0 0 1 0.02454828329108665885 -0.04470326372269206594 0 1 F 0 F 1.862708991628516886 #
coedge $-1 -1 $-1 $177 $219 $246 $288 reversed $119 $-1 #
color-adesk-attrib $-1 -1 $-1 $-1 $178 256 #
vertex $-1 -1 $-1 $288 $289 #
straight-curve $-1 -1 $-1 0.3000000000000000444 -7.965000000000000746 -0.25 0 0 -1 I I #
point $-1 -1 $-1 0.3000000000000000444 -7.964999999999999858 -0.5 #
coedge $-1 -1 $-1 $182 $290 $184 $238 forward $194 $-1 #
color-adesk-attrib $-1 -1 $-1 $-1 $183 256 #
straight-curve $-1 -1 $-1 0.2999999999999999889 -8.554999999999999716 0.5 0.8765345827978830995 0.4813388880605233844 0 I I #
coedge $-1 -1 $-1 $185 $184 $291 $292 forward $186 $-1 #
edge $293 -1 $-1 $294 -0.2999999999999999889 $188 0.2999999999999999889 $184 $295 forward @7 unknown #
point $-1 -1 $-1 0.2999999999999999889 -8.554999999999999716 0.5 #
coedge $-1 -1 $-1 $296 $190 $297 $298 forward $81 $-1 #
coedge $-1 -1 $-1 $291 $299 $190 $242 reversed $300 $-1 #
edge $301 -1 $-1 $244 -8.554999999999999716 $302 8.554999999999999716 $241 $303 forward @7 unknown #
color-adesk-attrib $-1 -1 $-1 $-1 $191 256 #
vertex $-1 -1 $-1 $242 $304 #
straight-curve $-1 -1 $-1 0 -8.554999999999999716 -0.5 -1 0 0 I I #
coedge $-1 -1 $-1 $276 $193 $229 $288 forward $194 $-1 #
coedge $-1 -1 $-1 $290 $305 $306 $307 forward $194 $-1 #
face $308 -1 $-1 $142 $194 $7 $-1 $309 forward single #
color-adesk-attrib $-1 -1 $-1 $-1 $197 256 #
straight-curve $-1 -1 $-1 0.63623170393992734 -8.295434195654507903 0.5 -0.7132290058788415266 0.7009310844677095753 0 I I #
color-adesk-attrib $-1 -1 $-1 $-1 $200 256 #
straight-curve $-1 -1 $-1 0.3000000000000000444 -7.964999999999999858 -0.5 0.8765345827978830995 0.4813388880605233844 0 F 0 F 0.3708153771704737478 #
coedge $-1 -1 $-1 $310 $201 $311 $312 reversed $81 $-1 #
coedge $-1 -1 $-1 $313 $314 $201 $255 forward $315 $-1 #
edge $316 -1 $-1 $317 0 $263 1.862708991628516886 $254 $318 forward @7 unknown #
coedge $-1 -1 $-1 $202 $296 $319 $320 reversed $81 $-1 #
coedge $-1 -1 $-1 $321 $322 $202 $258 forward $323 $-1 #
edge $324 -1 $-1 $264 0 $325 0.3708153771704737478 $257 $326 forward @7 unknown #
coedge $-1 -1 $-1 $327 $203 $322 $328 reversed $261 $-1 #
coedge $-1 -1 $-1 $203 $327 $313 $329 reversed $261 $-1 #
loop $-1 -1 $-1 $-1 $203 $330 #
color-adesk-attrib $-1 -1 $-1 $-1 $204 256 #
vertex $-1 -1 $-1 $204 $331 #
vertex $-1 -1 $-1 $204 $332 #
straight-curve $-1 -1 $-1 0.6362317039399283392 7.634565804345494477 -0.5 -0.7132290058788415266 0.7009310844677095753 0 F 0 F 0.4714218030513527835 #
color-adesk-attrib $-1 -1 $-1 $-1 $206 256 #
face $333 -1 $-1 $334 $300 $7 $-1 $335 reversed single #
plane-surface $-1 -1 $-1 0 -8.554999999999999716 0 0 1 -0 -0 0 1 forward_v I I I I #
color-adesk-attrib $-1 -1 $-1 $-1 $215 256 #
face $336 -1 $-1 $337 $338 $7 $-1 $339 forward single #
loop $-1 -1 $-1 $-1 $340 $215 #
plane-surface $-1 -1 $-1 0.3000000000000000444 -7.375 -0.5 0.4813388880605233844 -0.8765345827978830995 0 0.8765345827978830995 0.4813388880605233844 0 forward_v I I I I #
coedge $-1 -1 $-1 $341 $342 $343 $344 forward $216 $-1 #
coedge $-1 -1 $-1 $278 $218 $345 $346 reversed $170 $-1 #
edge $347 -1 $-1 $227 0 $348 0.4714218030513527835 $218 $349 forward @7 unknown #
coedge $-1 -1 $-1 $350 $246 $220 $277 forward $194 $-1 #
edge $351 -1 $-1 $283 0 $280 1.862708991628516886 $220 $352 forward @7 unknown #
coedge $-1 -1 $-1 $221 $274 $350 $353 reversed $170 $-1 #
color-adesk-attrib $-1 -1 $-1 $-1 $222 256 #
vertex $-1 -1 $-1 $222 $354 #
straight-curve $-1 -1 $-1 0.63623170393992734 -7.705434195654508045 -0.5 0 0 1 I I #
color-adesk-attrib $-1 -1 $-1 $-1 $223 256 #
vertex $-1 -1 $-1 $223 $355 #
straight-curve $-1 -1 $-1 0.6250325019231608437 -7.786512138677021966 -0.5 0 0 1 I I #
coedge $-1 -1 $-1 $224 $343 $340 $356 reversed $81 $-1 #
point $-1 -1 $-1 0.6250325019231608437 -7.786512138677021966 -0.5 #
point $-1 -1 $-1 0.63623170393992734 -7.705434195654508045 -0.5 #
edge $357 -1 $-1 $231 0 $283 0.3708153771704737478 $229 $358 forward @7 unknown #
point $-1 -1 $-1 0.3000000000000000444 -7.964999999999999858 0.5 #
coedge $-1 -1 $-1 $234 $247 $359 $360 forward $194 $-1 #
coedge $-1 -1 $-1 $359 $241 $237 $292 reversed $300 $-1 #
edge $361 -1 $-1 $294 -0.5 $244 0.5 $291 $362 forward @7 unknown #
color-adesk-attrib $-1 -1 $-1 $-1 $238 256 #
vertex $-1 -1 $-1 $360 $363 #
straight-curve $-1 -1 $-1 0 -8.554999999999999716 0.5 1 0 0 I I #
coedge $-1 -1 $-1 $256 $240 $364 $365 reversed $81 $-1 #
coedge $-1 -1 $-1 $366 $367 $240 $298 reversed $368 $-1 #
edge $369 -1 $-1 $302 -0.2999999999999999889 $370 0.2999999999999999889 $297 $371 forward @7 unknown #
coedge $-1 -1 $-1 $241 $359 $366 $372 forward $300 $-1 #
loop $-1 -1 $-1 $-1 $299 $267 #
color-adesk-attrib $-1 -1 $-1 $-1 $242 256 #
vertex $-1 -1 $-1 $298 $373 #
straight-curve $-1 -1 $-1 -0.2999999999999999889 0 -0.5 0 1 0 I I #
point $-1 -1 $-1 -0.2999999999999999889 -8.554999999999999716 -0.5 #
coedge $-1 -1 $-1 $247 $374 $375 $376 forward $194 $-1 #
coedge $-1 -1 $-1 $367 $366 $247 $307 reversed $368 $-1 #
edge $377 -1 $-1 $378 -0.2999999999999999889 $379 0.2999999999999999889 $306 $380 forward @7 unknown #
color-adesk-attrib $-1 -1 $-1 $-1 $248 256 #
plane-surface $-1 -1 $-1 0 0 0.5 0 0 1 1 0 0 forward_v I I I I #
coedge $-1 -1 $-1 $381 $253 $382 $383 reversed $81 $-1 #
coedge $-1 -1 $-1 $384 $385 $253 $312 forward $386 $-1 #
edge $387 -1 $-1 $388 0 $317 0.3708153771704737478 $311 $389 forward @7 unknown #
coedge $-1 -1 $-1 $390 $254 $260 $329 forward $315 $-1 #
coedge $-1 -1 $-1 $254 $390 $384 $391 reversed $315 $-1 #
loop $-1 -1 $-1 $-1 $254 $392 #
color-adesk-attrib $-1 -1 $-1 $-1 $255 256 #
vertex $-1 -1 $-1 $312 $393 #
ellipse-curve $-1 -1 $-1 0.6004842186320751285 7.598191125045673289 -0.5 0 0 1 0.02454828329108665885 -0.04470326372269206594 0 1 F 0 F 1.862708991628516886 #
coedge $-1 -1 $-1 $394 $395 $256 $320 forward $396 $-1 #
edge $397 -1 $-1 $325 0 $398 1.862708991628516886 $319 $399 forward @7 unknown #
coedge $-1 -1 $-1 $400 $257 $395 $401 forward $323 $-1 #
coedge $-1 -1 $-1 $257 $400 $259 $328 forward $323 $-1 #
loop $-1 -1 $-1 $-1 $257 $402 #
color-adesk-attrib $-1 -1 $-1 $-1 $258 256 #
vertex $-1 -1 $-1 $258 $403 #
straight-curve $-1 -1 $-1 0.3000000000000009881 7.964999999999999858 -0.5 0.8765345827978830995 0.4813388880605233844 0 F 0 F 0.3708153771704737478 #
coedge $-1 -1 $-1 $260 $259 $404 $405 reversed $261 $-1 #
edge $406 -1 $-1 $407 -0.75 $264 0.25 $259 $408 forward @7 unknown #
edge $409 -1 $-1 $263 0 $410 1 $260 $411 forward @7 tangent #
face $412 -1 $-1 $413 $261 $7 $-1 $414 forward single #
point $-1 -1 $-1 0.6362317039399283392 7.634565804345494477 -0.5 #
point $-1 -1 $-1 0.3000000000000009881 7.964999999999999858 -0.5 #
color-adesk-attrib $-1 -1 $-1 $-1 $267 256 #
face $415 -1 $-1 $-1 $368 $7 $-1 $416 reversed single #
plane-surface $-1 -1 $-1 -0.2999999999999999889 0 0 1 0 0 0 0 -1 forward_v I I I I #
color-adesk-attrib $-1 -1 $-1 $-1 $270 256 #
face $417 -1 $-1 $418 $419 $7 $-1 $420 forward single #
loop $-1 -1 $-1 $-1 $421 $270 #
plane-surface $-1 -1 $-1 0.636231703939927451 -7.115434195654508187 -0.5 0.7009310844677095753 0.7132290058788415266 0 -0.7132290058788415266 0.7009310844677095753 0 forward_v I I I I #
coedge $-1 -1 $-1 $422 $345 $285 $356 forward $271 $-1 #
coedge $-1 -1 $-1 $423 $273 $424 $425 forward $216 $-1 #
coedge $-1 -1 $-1 $273 $423 $422 $426 reversed $216 $-1 #
coedge $-1 -1 $-1 $285 $427 $273 $344 reversed $81 $-1 #
edge $428 -1 $-1 $429 0 $430 1.862708991628516886 $273 $431 forward @7 unknown #
coedge $-1 -1 $-1 $340 $432 $274 $346 forward $271 $-1 #
edge $433 -1 $-1 $434 -0.75 $348 0.25 $274 $435 forward @7 unknown #
color-adesk-attrib $-1 -1 $-1 $-1 $275 256 #
vertex $-1 -1 $-1 $275 $436 #
straight-curve $-1 -1 $-1 0.63623170393992734 -7.705434195654508045 -0.5 -0.7132290058788415266 0.7009310844677095753 0 F 0 F 0.4714218030513527835 #
coedge $-1 -1 $-1 $437 $276 $278 $353 forward $194 $-1 #
color-adesk-attrib $-1 -1 $-1 $-1 $277 256 #
ellipse-curve $-1 -1 $-1 0.6004842186320741293 -7.741808874954330122 0.5 0 0 1 0.02454828329108665885 -0.04470326372269206594 0 1 I I #
edge $438 -1 $-1 $280 0 $434 0.4714218030513527835 $278 $439 forward @7 unknown #
point $-1 -1 $-1 0.63623170393992734 -7.705434195654508045 0.5 #
point $-1 -1 $-1 0.6250325019231608437 -7.786512138677021966 0.5 #
edge $440 -1 $-1 $348 0 $429 0.3708153771704737478 $340 $441 forward @7 unknown #
color-adesk-attrib $-1 -1 $-1 $-1 $288 256 #
straight-curve $-1 -1 $-1 0.3000000000000000444 -7.964999999999999858 0.5 0.8765345827978830995 0.4813388880605233844 0 I I #
coedge $-1 -1 $-1 $299 $291 $290 $360 reversed $300 $-1 #
edge $442 -1 $-1 $379 -8.554999999999999716 $294 8.554999999999999716 $359 $443 forward @7 unknown #
color-adesk-attrib $-1 -1 $-1 $-1 $292 256 #
straight-curve $-1 -1 $-1 -0.2999999999999999889 -8.554999999999999716 0 0 0 -1 I I #
point $-1 -1 $-1 -0.2999999999999999889 -8.554999999999999716 0.5 #
coedge $-1 -1 $-1 $444 $445 $296 $365 forward $446 $-1 #
edge $447 -1 $-1 $398 0 $370 0.4714218030513527835 $364 $448 forward @7 unknown #
coedge $-1 -1 $-1 $306 $297 $299 $372 reversed $368 $-1 #
coedge $-1 -1 $-1 $297 $306 $449 $450 forward $368 $-1 #
loop $-1 -1 $-1 $-1 $367 $334 #
color-adesk-attrib $-1 -1 $-1 $-1 $298 256 #
vertex $-1 -1 $-1 $365 $451 #
straight-curve $-1 -1 $-1 0 8.554999999999999716 -0.5 1 0 0 I I #
edge $452 -1 $-1 $379 -0.5 $302 0.5 $366 $453 forward @7 unknown #
point $-1 -1 $-1 -0.2999999999999999889 8.554999999999999716 -0.5 #
coedge $-1 -1 $-1 $305 $454 $455 $456 forward $194 $-1 #
coedge $-1 -1 $-1 $445 $444 $305 $376 reversed $446 $-1 #
edge $457 -1 $-1 $458 0 $378 0.4714218030513527835 $375 $459 forward @7 unknown #
color-adesk-attrib $-1 -1 $-1 $-1 $307 256 #
vertex $-1 -1 $-1 $307 $460 #
vertex $-1 -1 $-1 $307 $461 #
straight-curve $-1 -1 $-1 0 8.554999999999999716 0.5 -1 0 0 I I #
coedge $-1 -1 $-1 $462 $310 $463 $464 reversed $81 $-1 #
coedge $-1 -1 $-1 $465 $466 $310 $383 forward $467 $-1 #
edge $468 -1 $-1 $469 0 $388 0.4714218030513527835 $382 $470 forward @7 unknown #
coedge $-1 -1 $-1 $471 $311 $314 $391 forward $386 $-1 #
coedge $-1 -1 $-1 $311 $471 $465 $472 forward $386 $-1 #
loop $-1 -1 $-1 $-1 $311 $473 #
color-adesk-attrib $-1 -1 $-1 $-1 $312 256 #
vertex $-1 -1 $-1 $383 $474 #
straight-curve $-1 -1 $-1 0.3000000000000009326 7.375000000000001776 -0.5 0.8765345827978830995 0.4813388880605233844 0 F 0 F 0.3708153771704737478 #
coedge $-1 -1 $-1 $314 $313 $475 $476 reversed $315 $-1 #
edge $477 -1 $-1 $317 0 $478 1 $384 $479 forward @7 tangent #
face $480 -1 $-1 $473 $315 $7 $-1 $481 forward single #
point $-1 -1 $-1 0.6250325019231618429 7.553487861322981445 -0.5 #
coedge $-1 -1 $-1 $455 $319 $445 $482 forward $396 $-1 #
coedge $-1 -1 $-1 $319 $455 $321 $401 reversed $396 $-1 #
loop $-1 -1 $-1 $-1 $319 $413 #
color-adesk-attrib $-1 -1 $-1 $-1 $320 256 #
vertex $-1 -1 $-1 $365 $483 #
ellipse-curve $-1 -1 $-1 0.6004842186320751285 8.18819112504567137 -0.5 0 0 1 0.02454828329108665885 -0.04470326372269206594 0 1 F 0 F 1.862708991628516886 #
coedge $-1 -1 $-1 $322 $321 $454 $484 reversed $323 $-1 #
edge $485 -1 $-1 $325 0 $486 1 $321 $487 forward @7 tangent #
face $488 -1 $-1 $489 $323 $7 $-1 $490 forward single #
point $-1 -1 $-1 0.6250325019231618429 8.143487861322979526 -0.5 #
coedge $-1 -1 $-1 $454 $475 $327 $405 forward $194 $-1 #
edge $491 -1 $-1 $410 0 $407 0.4714218030513527835 $327 $492 forward @7 unknown #
color-adesk-attrib $-1 -1 $-1 $-1 $328 256 #
vertex $-1 -1 $-1 $484 $493 #
straight-curve $-1 -1 $-1 0.3000000000000002665 7.965000000000003411 -0.25 0 0 -1 I I #
color-adesk-attrib $-1 -1 $-1 $-1 $329 256 #
vertex $-1 -1 $-1 $329 $494 #
straight-curve $-1 -1 $-1 0.6362317039399283392 7.634565804345494477 -0.5 0 0 1 I I #
color-adesk-attrib $-1 -1 $-1 $-1 $330 256 #
face $495 -1 $-1 $402 $396 $7 $-1 $496 forward single #
plane-surface $-1 -1 $-1 0.6362317039399283392 7.634565804345494477 -0.5 0.7009310844677095753 0.7132290058788415266 0 -0.7132290058788415266 0.7009310844677095753 0 forward_v I I I I #
color-adesk-attrib $-1 -1 $-1 $-1 $334 256 #
plane-surface $-1 -1 $-1 0 8.554999999999999716 0 0 -1 0 0 0 -1 forward_v I I I I #
color-adesk-attrib $-1 -1 $-1 $-1 $337 256 #
face $497 -1 $-1 $498 $499 $7 $-1 $500 forward single #
loop $-1 -1 $-1 $-1 $501 $337 #
cone-surface $-1 -1 $-1 0.6004842186320742403 -6.56180887495432863 -0.5 0 0 1 0.02454828329108665885 -0.04470326372269206594 0 1 I I 0 1 0.0510000000000000106 forward I I I I #
coedge $-1 -1 $-1 $502 $424 $427 $503 forward $338 $-1 #
coedge $-1 -1 $-1 $432 $340 $342 $426 forward $271 $-1 #
coedge $-1 -1 $-1 $342 $341 $504 $505 reversed $216 $-1 #
coedge $-1 -1 $-1 $421 $506 $341 $425 reversed $338 $-1 #
edge $507 -1 $-1 $430 0 $508 1 $424 $509 forward @7 tangent #
edge $510 -1 $-1 $429 0 $511 1 $422 $512 forward @7 tangent #
coedge $-1 -1 $-1 $343 $513 $421 $503 reversed $81 $-1 #
color-adesk-attrib $-1 -1 $-1 $-1 $344 256 #
vertex $-1 -1 $-1 $356 $514 #
vertex $-1 -1 $-1 $503 $515 #
ellipse-curve $-1 -1 $-1 0.6004842186320742403 -7.151808874954328488 -0.5 0 0 1 0.02454828329108665885 -0.04470326372269206594 0 1 F 0 F 1.862708991628516886 #
coedge $-1 -1 $-1 $345 $422 $437 $516 reversed $271 $-1 #
color-adesk-attrib $-1 -1 $-1 $-1 $346 256 #
vertex $-1 -1 $-1 $516 $517 #
straight-curve $-1 -1 $-1 0.3000000000000000444 -7.375000000000000888 -0.25 0 0 -1 I I #
point $-1 -1 $-1 0.3000000000000000444 -7.375 -0.5 #
coedge $-1 -1 $-1 $504 $350 $432 $516 forward $194 $-1 #
color-adesk-attrib $-1 -1 $-1 $-1 $353 256 #
straight-curve $-1 -1 $-1 0.63623170393992734 -7.705434195654508045 0.5 -0.7132290058788415266 0.7009310844677095753 0 I I #
color-adesk-attrib $-1 -1 $-1 $-1 $356 256 #
straight-curve $-1 -1 $-1 0.3000000000000000444 -7.375 -0.5 0.8765345827978830995 0.4813388880605233844 0 F 0 F 0.3708153771704737478 #
color-adesk-attrib $-1 -1 $-1 $-1 $360 256 #
straight-curve $-1 -1 $-1 -0.2999999999999999889 0 0.5 0 -1 0 I I #
coedge $-1 -1 $-1 $375 $364 $367 $450 reversed $446 $-1 #
coedge $-1 -1 $-1 $364 $375 $394 $482 reversed $446 $-1 #
loop $-1 -1 $-1 $-1 $364 $489 #
color-adesk-attrib $-1 -1 $-1 $-1 $365 256 #
straight-curve $-1 -1 $-1 0.6362317039399283392 8.224565804345491671 -0.5 -0.7132290058788415266 0.7009310844677095753 0 F 0 F 0.4714218030513527835 #
coedge $-1 -1 $-1 $518 $519 $520 $450 reversed $521 $-1 #
edge $522 -1 $-1 $378 -0.5 $370 0.5 $367 $523 forward @7 unknown #
point $-1 -1 $-1 0.2999999999999999889 8.554999999999999716 -0.5 #
color-adesk-attrib $-1 -1 $-1 $-1 $372 256 #
straight-curve $-1 -1 $-1 -0.2999999999999999889 8.554999999999999716 0 0 0 -1 I I #
coedge $-1 -1 $-1 $374 $404 $400 $484 forward $194 $-1 #
coedge $-1 -1 $-1 $395 $394 $374 $456 reversed $396 $-1 #
edge $524 -1 $-1 $486 0 $458 1.862708991628516886 $455 $525 forward @7 unknown #
color-adesk-attrib $-1 -1 $-1 $-1 $376 256 #
vertex $-1 -1 $-1 $482 $526 #
straight-curve $-1 -1 $-1 0.6362317039399283392 8.224565804345491671 0.5 -0.7132290058788415266 0.7009310844677095753 0 I I #
point $-1 -1 $-1 0.2999999999999999889 8.554999999999999716 0.5 #
point $-1 -1 $-1 -0.2999999999999999889 8.554999999999999716 0.5 #
coedge $-1 -1 $-1 $527 $381 $528 $529 reversed $81 $-1 #
coedge $-1 -1 $-1 $530 $531 $381 $464 forward $532 $-1 #
edge $533 -1 $-1 $534 0 $469 1.862708991628516886 $463 $535 forward @7 unknown #
coedge $-1 -1 $-1 $536 $382 $385 $472 reversed $467 $-1 #
coedge $-1 -1 $-1 $382 $536 $530 $537 reversed $467 $-1 #
loop $-1 -1 $-1 $-1 $382 $538 #
color-adesk-attrib $-1 -1 $-1 $-1 $383 256 #
vertex $-1 -1 $-1 $383 $539 #
straight-curve $-1 -1 $-1 0.6362317039399283392 7.044565804345491955 -0.5 -0.7132290058788415266 0.7009310844677095753 0 F 0 F 0.4714218030513527835 #
coedge $-1 -1 $-1 $385 $384 $540 $541 reversed $386 $-1 #
edge $542 -1 $-1 $543 -0.75 $388 0.25 $465 $544 forward @7 unknown #
face $545 -1 $-1 $330 $386 $7 $-1 $546 forward single #
point $-1 -1 $-1 0.3000000000000009326 7.375000000000001776 -0.5 #
coedge $-1 -1 $-1 $404 $540 $390 $476 forward $194 $-1 #
edge $547 -1 $-1 $478 0 $410 1.862708991628516886 $390 $548 forward @7 unknown #
color-adesk-attrib $-1 -1 $-1 $-1 $391 256 #
vertex $-1 -1 $-1 $391 $549 #
straight-curve $-1 -1 $-1 0.6250325019231618429 7.553487861322981445 -0.5 0 0 1 I I #
color-adesk-attrib $-1 -1 $-1 $-1 $392 256 #
cone-surface $-1 -1 $-1 0.6004842186320751285 7.598191125045673289 -0.5 0 0 1 0.02454828329108665885 -0.04470326372269206594 0 1 I I 0 1 0.0510000000000000106 forward I I I I #
edge $550 -1 $-1 $398 0 $458 1 $445 $551 forward @7 tangent #
point $-1 -1 $-1 0.6362317039399283392 8.224565804345491671 -0.5 #
edge $552 -1 $-1 $407 0 $486 0.3708153771704737478 $400 $553 forward @7 unknown #
color-adesk-attrib $-1 -1 $-1 $-1 $401 256 #
vertex $-1 -1 $-1 $401 $554 #
straight-curve $-1 -1 $-1 0.6250325019231618429 8.143487861322979526 -0.5 0 0 1 I I #
color-adesk-attrib $-1 -1 $-1 $-1 $402 256 #
face $555 -1 $-1 $556 $446 $7 $-1 $557 forward single #
plane-surface $-1 -1 $-1 0.3000000000000009881 7.964999999999999858 -0.5 0.4813388880605233844 -0.8765345827978830995 0 0.8765345827978830995 0.4813388880605233844 0 forward_v I I I I #
color-adesk-attrib $-1 -1 $-1 $-1 $405 256 #
straight-curve $-1 -1 $-1 0.6362317039399283392 7.634565804345494477 0.5 -0.7132290058788415266 0.7009310844677095753 0 I I #
point $-1 -1 $-1 0.3000000000000009881 7.964999999999999858 0.5 #
point $-1 -1 $-1 0.6362317039399283392 7.634565804345494477 0.5 #
color-adesk-attrib $-1 -1 $-1 $-1 $413 256 #
cone-surface $-1 -1 $-1 0.6004842186320751285 8.18819112504567137 -0.5 0 0 1 0.02454828329108665885 -0.04470326372269206594 0 1 I I 0 1 0.0510000000000000106 forward I I I I #
color-adesk-attrib $-1 -1 $-1 $-1 $418 256 #
face $558 -1 $-1 $559 $560 $7 $-1 $561 forward single #
loop $-1 -1 $-1 $-1 $562 $418 #
plane-surface $-1 -1 $-1 0.3000000000000000999 -6.785000000000000142 -0.5 0.4813388880605233844 -0.8765345827978830995 0 0.8765345827978830995 0.4813388880605233844 0 forward_v I I I I #
coedge $-1 -1 $-1 $563 $564 $565 $566 forward $419 $-1 #
coedge $-1 -1 $-1 $506 $421 $567 $568 reversed $338 $-1 #
edge $569 -1 $-1 $430 0 $570 0.4714218030513527835 $421 $571 forward @7 unknown #
coedge $-1 -1 $-1 $572 $437 $423 $505 forward $194 $-1 #
edge $573 -1 $-1 $511 0 $508 1.862708991628516886 $423 $574 forward @7 unknown #
coedge $-1 -1 $-1 $424 $502 $572 $575 reversed $338 $-1 #
color-adesk-attrib $-1 -1 $-1 $-1 $425 256 #
vertex $-1 -1 $-1 $425 $576 #
straight-curve $-1 -1 $-1 0.636231703939927451 -7.115434195654508187 -0.5 0 0 1 I I #
color-adesk-attrib $-1 -1 $-1 $-1 $426 256 #
vertex $-1 -1 $-1 $426 $577 #
straight-curve $-1 -1 $-1 0.6250325019231609547 -7.196512138677020332 -0.5 0 0 1 I I #
coedge $-1 -1 $-1 $427 $565 $562 $578 reversed $81 $-1 #
point $-1 -1 $-1 0.6250325019231609547 -7.196512138677020332 -0.5 #
point $-1 -1 $-1 0.636231703939927451 -7.115434195654508187 -0.5 #
edge $579 -1 $-1 $434 0 $511 0.3708153771704737478 $432 $580 forward @7 unknown #
point $-1 -1 $-1 0.3000000000000000444 -7.375 0.5 #
coedge $-1 -1 $-1 $581 $449 $582 $583 reversed $521 $-1 #
coedge $-1 -1 $-1 $449 $581 $584 $585 forward $521 $-1 #
coedge $-1 -1 $-1 $586 $587 $444 $450 forward $588 $-1 #
loop $-1 -1 $-1 $-1 $519 $589 #
color-adesk-attrib $-1 -1 $-1 $-1 $450 256 #
straight-curve $-1 -1 $-1 0.2999999999999999889 8.554999999999999716 0 0 0 -1 I I #
color-adesk-attrib $-1 -1 $-1 $-1 $456 256 #
ellipse-curve $-1 -1 $-1 0.6004842186320751285 8.18819112504567137 0.5 0 0 1 0.02454828329108665885 -0.04470326372269206594 0 1 I I #
point $-1 -1 $-1 0.6362317039399283392 8.224565804345491671 0.5 #
coedge $-1 -1 $-1 $590 $462 $591 $592 reversed $81 $-1 #
coedge $-1 -1 $-1 $593 $594 $462 $529 forward $595 $-1 #
edge $596 -1 $-1 $597 0 $534 0.3708153771704737478 $528 $598 forward @7 unknown #
coedge $-1 -1 $-1 $599 $463 $466 $537 forward $532 $-1 #
coedge $-1 -1 $-1 $463 $599 $593 $600 reversed $532 $-1 #
loop $-1 -1 $-1 $-1 $463 $601 #
color-adesk-attrib $-1 -1 $-1 $-1 $464 256 #
vertex $-1 -1 $-1 $529 $602 #
ellipse-curve $-1 -1 $-1 0.6004842186320751285 7.008191125045671654 -0.5 0 0 1 0.02454828329108665885 -0.04470326372269206594 0 1 F 0 F 1.862708991628516886 #
coedge $-1 -1 $-1 $466 $465 $603 $604 reversed $467 $-1 #
edge $605 -1 $-1 $469 0 $606 1 $466 $607 forward @7 tangent #
face $608 -1 $-1 $392 $467 $7 $-1 $609 forward single #
point $-1 -1 $-1 0.6362317039399283392 7.044565804345491955 -0.5 #
coedge $-1 -1 $-1 $475 $603 $471 $541 forward $194 $-1 #
edge $610 -1 $-1 $543 0 $478 0.3708153771704737478 $471 $611 forward @7 unknown #
color-adesk-attrib $-1 -1 $-1 $-1 $472 256 #
vertex $-1 -1 $-1 $541 $612 #
straight-curve $-1 -1 $-1 0.3000000000000002665 7.375000000000000888 -0.25 0 0 -1 I I #
color-adesk-attrib $-1 -1 $-1 $-1 $473 256 #
plane-surface $-1 -1 $-1 0.3000000000000009326 7.375000000000001776 -0.5 0.4813388880605233844 -0.8765345827978830995 0 0.8765345827978830995 0.4813388880605233844 0 forward_v I I I I #
color-adesk-attrib $-1 -1 $-1 $-1 $476 256 #
ellipse-curve $-1 -1 $-1 0.6004842186320751285 7.598191125045673289 0.5 0 0 1 0.02454828329108665885 -0.04470326372269206594 0 1 I I #
point $-1 -1 $-1 0.6250325019231618429 7.553487861322981445 0.5 #
color-adesk-attrib $-1 -1 $-1 $-1 $482 256 #
straight-curve $-1 -1 $-1 0.6362317039399283392 8.224565804345491671 -0.5 0 0 1 I I #
color-adesk-attrib $-1 -1 $-1 $-1 $484 256 #
straight-curve $-1 -1 $-1 0.3000000000000009881 7.964999999999999858 0.5 0.8765345827978830995 0.4813388880605233844 0 I I #
point $-1 -1 $-1 0.6250325019231618429 8.143487861322979526 0.5 #
color-adesk-attrib $-1 -1 $-1 $-1 $489 256 #
face $613 -1 $-1 $614 $615 $7 $-1 $616 forward single #
plane-surface $-1 -1 $-1 0.6362317039399283392 8.224565804345491671 -0.5 0.7009310844677095753 0.7132290058788415266 0 -0.7132290058788415266 0.7009310844677095753 0 forward_v I I I I #
color-adesk-attrib $-1 -1 $-1 $-1 $498 256 #
face $617 -1 $-1 $618 $619 $7 $-1 $620 forward single #
loop $-1 -1 $-1 $-1 $621 $498 #
plane-surface $-1 -1 $-1 0.636231703939927451 -6.525434195654508329 -0.5 0.7009310844677095753 0.7132290058788415266 0 -0.7132290058788415266 0.7009310844677095753 0 forward_v I I I I #
coedge $-1 -1 $-1 $622 $567 $513 $578 forward $499 $-1 #
coedge $-1 -1 $-1 $623 $501 $624 $625 forward $419 $-1 #
coedge $-1 -1 $-1 $501 $623 $622 $626 reversed $419 $-1 #
coedge $-1 -1 $-1 $513 $627 $501 $566 reversed $81 $-1 #
edge $628 -1 $-1 $629 0 $630 1.862708991628516886 $501 $631 forward @7 unknown #
coedge $-1 -1 $-1 $562 $632 $502 $568 forward $499 $-1 #
edge $633 -1 $-1 $634 -0.75 $570 0.25 $502 $635 forward @7 unknown #
color-adesk-attrib $-1 -1 $-1 $-1 $503 256 #
vertex $-1 -1 $-1 $503 $636 #
straight-curve $-1 -1 $-1 0.636231703939927451 -7.115434195654508187 -0.5 -0.7132290058788415266 0.7009310844677095753 0 F 0 F 0.4714218030513527835 #
coedge $-1 -1 $-1 $637 $504 $506 $575 forward $194 $-1 #
color-adesk-attrib $-1 -1 $-1 $-1 $505 256 #
ellipse-curve $-1 -1 $-1 0.6004842186320742403 -7.151808874954328488 0.5 0 0 1 0.02454828329108665885 -0.04470326372269206594 0 1 I I #
edge $638 -1 $-1 $508 0 $634 0.4714218030513527835 $506 $639 forward @7 unknown #
point $-1 -1 $-1 0.636231703939927451 -7.115434195654508187 0.5 #
point $-1 -1 $-1 0.6250325019231609547 -7.196512138677020332 0.5 #
edge $640 -1 $-1 $570 0 $629 0.3708153771704737478 $562 $641 forward @7 unknown #
color-adesk-attrib $-1 -1 $-1 $-1 $516 256 #
straight-curve $-1 -1 $-1 0.3000000000000000444 -7.375 0.5 0.8765345827978830995 0.4813388880605233844 0 I I #
coedge $-1 -1 $-1 $519 $518 $642 $643 reversed $521 $-1 #
coedge $-1 -1 $-1 $644 $645 $518 $583 forward $646 $-1 #
edge $647 -1 $-1 $648 0 $378 0.5900000000000000799 $518 $649 forward @7 unknown #
coedge $-1 -1 $-1 $650 $651 $519 $585 reversed $652 $-1 #
edge $653 -1 $-1 $654 0 $370 0.5900000000000000799 $519 $655 forward @7 unknown #
coedge $-1 -1 $-1 $656 $520 $651 $657 forward $588 $-1 #
coedge $-1 -1 $-1 $520 $656 $644 $658 reversed $588 $-1 #
loop $-1 -1 $-1 $-1 $586 $614 #
face $659 -1 $-1 $660 $521 $7 $-1 $661 forward single #
coedge $-1 -1 $-1 $662 $527 $663 $664 reversed $81 $-1 #
coedge $-1 -1 $-1 $665 $666 $527 $592 forward $667 $-1 #
edge $668 -1 $-1 $669 0 $597 0.4714218030513527835 $591 $670 forward @7 unknown #
coedge $-1 -1 $-1 $671 $528 $531 $600 forward $595 $-1 #
coedge $-1 -1 $-1 $528 $671 $665 $672 forward $595 $-1 #
loop $-1 -1 $-1 $-1 $528 $673 #
color-adesk-attrib $-1 -1 $-1 $-1 $529 256 #
vertex $-1 -1 $-1 $592 $674 #
straight-curve $-1 -1 $-1 0.3000000000000009326 6.785000000000000142 -0.5 0.8765345827978830995 0.4813388880605233844 0 F 0 F 0.3708153771704737478 #
coedge $-1 -1 $-1 $531 $530 $675 $676 reversed $532 $-1 #
edge $677 -1 $-1 $534 0 $678 1 $593 $679 forward @7 tangent #
face $680 -1 $-1 $673 $532 $7 $-1 $681 forward single #
point $-1 -1 $-1 0.6250325019231617318 6.963487861322979811 -0.5 #
coedge $-1 -1 $-1 $540 $675 $536 $604 forward $194 $-1 #
edge $682 -1 $-1 $606 0 $543 0.4714218030513527835 $536 $683 forward @7 unknown #
color-adesk-attrib $-1 -1 $-1 $-1 $537 256 #
vertex $-1 -1 $-1 $537 $684 #
straight-curve $-1 -1 $-1 0.6362317039399283392 7.044565804345491955 -0.5 0 0 1 I I #
color-adesk-attrib $-1 -1 $-1 $-1 $538 256 #
plane-surface $-1 -1 $-1 0.6362317039399283392 7.044565804345491955 -0.5 0.7009310844677095753 0.7132290058788415266 0 -0.7132290058788415266 0.7009310844677095753 0 forward_v I I I I #
color-adesk-attrib $-1 -1 $-1 $-1 $541 256 #
straight-curve $-1 -1 $-1 0.3000000000000009326 7.375000000000001776 0.5 0.8765345827978830995 0.4813388880605233844 0 I I #
point $-1 -1 $-1 0.3000000000000009326 7.375000000000001776 0.5 #
color-adesk-attrib $-1 -1 $-1 $-1 $556 256 #
face $685 -1 $-1 $589 $588 $7 $-1 $686 forward single #
loop $-1 -1 $-1 $-1 $687 $556 #
cone-surface $-1 -1 $-1 0.6004842186320751285 8.778191125045671228 -0.5 0 0 1 0.02454828329108665885 -0.04470326372269206594 0 1 I I 0 1 0.0510000000000000106 forward I I I I #
color-adesk-attrib $-1 -1 $-1 $-1 $559 256 #
face $688 -1 $-1 $689 $690 $7 $-1 $691 forward single #
loop $-1 -1 $-1 $-1 $692 $559 #
cone-surface $-1 -1 $-1 0.6004842186320742403 -5.971808874954328772 -0.5 0 0 1 0.02454828329108665885 -0.04470326372269206594 0 1 I I 0 1 0.0510000000000000106 forward I I I I #
coedge $-1 -1 $-1 $693 $624 $627 $694 forward $560 $-1 #
coedge $-1 -1 $-1 $632 $562 $564 $626 forward $499 $-1 #
coedge $-1 -1 $-1 $564 $563 $695 $696 reversed $419 $-1 #
coedge $-1 -1 $-1 $621 $697 $563 $625 reversed $560 $-1 #
edge $698 -1 $-1 $630 0 $699 1 $624 $700 forward @7 tangent #
edge $701 -1 $-1 $629 0 $702 1 $622 $703 forward @7 tangent #
coedge $-1 -1 $-1 $565 $704 $621 $694 reversed $81 $-1 #
color-adesk-attrib $-1 -1 $-1 $-1 $566 256 #
vertex $-1 -1 $-1 $578 $705 #
vertex $-1 -1 $-1 $694 $706 #
ellipse-curve $-1 -1 $-1 0.6004842186320742403 -6.56180887495432863 -0.5 0 0 1 0.02454828329108665885 -0.04470326372269206594 0 1 F 0 F 1.862708991628516886 #
coedge $-1 -1 $-1 $567 $622 $637 $707 reversed $499 $-1 #
color-adesk-attrib $-1 -1 $-1 $-1 $568 256 #
vertex $-1 -1 $-1 $707 $708 #
straight-curve $-1 -1 $-1 0.3000000000000000444 -6.78500000000000103 -0.25 0 0 -1 I I #
point $-1 -1 $-1 0.3000000000000000999 -6.785000000000000142 -0.5 #
coedge $-1 -1 $-1 $695 $572 $632 $707 forward $194 $-1 #
color-adesk-attrib $-1 -1 $-1 $-1 $575 256 #
straight-curve $-1 -1 $-1 0.636231703939927451 -7.115434195654508187 0.5 -0.7132290058788415266 0.7009310844677095753 0 I I #
color-adesk-attrib $-1 -1 $-1 $-1 $578 256 #
straight-curve $-1 -1 $-1 0.3000000000000000999 -6.785000000000000142 -0.5 0.8765345827978830995 0.4813388880605233844 0 F 0 F 0.3708153771704737478 #
coedge $-1 -1 $-1 $709 $710 $581 $643 forward $711 $-1 #
edge $712 -1 $-1 $654 0 $648 1 $642 $713 forward @7 unknown #
coedge $-1 -1 $-1 $714 $582 $587 $658 forward $646 $-1 #
coedge $-1 -1 $-1 $582 $714 $709 $715 forward $646 $-1 #
loop $-1 -1 $-1 $-1 $645 $716 #
color-adesk-attrib $-1 -1 $-1 $-1 $583 256 #
vertex $-1 -1 $-1 $643 $717 #
straight-curve $-1 -1 $-1 0.3000000000000010436 9.144999999999999574 0.5 0 -1 0 I I #
coedge $-1 -1 $-1 $718 $584 $710 $719 reversed $652 $-1 #
coedge $-1 -1 $-1 $584 $718 $586 $657 reversed $652 $-1 #
loop $-1 -1 $-1 $-1 $650 $720 #
color-adesk-attrib $-1 -1 $-1 $-1 $585 256 #
vertex $-1 -1 $-1 $719 $721 #
straight-curve $-1 -1 $-1 0.3000000000000010436 9.144999999999999574 -0.5 0 -1 0 F 0 F 0.5900000000000000799 #
coedge $-1 -1 $-1 $587 $586 $722 $723 forward $588 $-1 #
edge $724 -1 $-1 $370 0 $725 0.3708153771704737478 $586 $726 forward @7 unknown #
edge $727 -1 $-1 $378 0 $728 0.3708153771704737478 $587 $729 forward @7 unknown #
color-adesk-attrib $-1 -1 $-1 $-1 $589 256 #
face $730 -1 $-1 $716 $711 $7 $-1 $731 forward single #
plane-surface $-1 -1 $-1 0.3000000000000010436 9.144999999999999574 -0.5 -1 0 0 0 -1 0 forward_v I I I I #
coedge $-1 -1 $-1 $732 $590 $733 $734 reversed $81 $-1 #
coedge $-1 -1 $-1 $735 $736 $590 $664 forward $737 $-1 #
edge $738 -1 $-1 $739 0 $669 1.862708991628516886 $663 $740 forward @7 unknown #
coedge $-1 -1 $-1 $741 $591 $594 $672 reversed $667 $-1 #
coedge $-1 -1 $-1 $591 $741 $735 $742 reversed $667 $-1 #
loop $-1 -1 $-1 $-1 $591 $743 #
color-adesk-attrib $-1 -1 $-1 $-1 $592 256 #
vertex $-1 -1 $-1 $592 $744 #
straight-curve $-1 -1 $-1 0.6362317039399282281 6.454565804345492097 -0.5 -0.7132290058788415266 0.7009310844677095753 0 F 0 F 0.4714218030513527835 #
coedge $-1 -1 $-1 $594 $593 $745 $746 reversed $595 $-1 #
edge $747 -1 $-1 $748 -0.75 $597 0.25 $665 $749 forward @7 unknown #
face $750 -1 $-1 $538 $595 $7 $-1 $751 forward single #
point $-1 -1 $-1 0.3000000000000009326 6.785000000000000142 -0.5 #
coedge $-1 -1 $-1 $603 $745 $599 $676 forward $194 $-1 #
edge $752 -1 $-1 $678 0 $606 1.862708991628516886 $599 $753 forward @7 unknown #
color-adesk-attrib $-1 -1 $-1 $-1 $600 256 #
vertex $-1 -1 $-1 $600 $754 #
straight-curve $-1 -1 $-1 0.6250325019231617318 6.963487861322979811 -0.5 0 0 1 I I #
color-adesk-attrib $-1 -1 $-1 $-1 $601 256 #
cone-surface $-1 -1 $-1 0.6004842186320751285 7.008191125045671654 -0.5 0 0 1 0.02454828329108665885 -0.04470326372269206594 0 1 I I 0 1 0.0510000000000000106 forward I I I I #
color-adesk-attrib $-1 -1 $-1 $-1 $604 256 #
straight-curve $-1 -1 $-1 0.6362317039399283392 7.044565804345491955 0.5 -0.7132290058788415266 0.7009310844677095753 0 I I #
point $-1 -1 $-1 0.6362317039399283392 7.044565804345491955 0.5 #
color-adesk-attrib $-1 -1 $-1 $-1 $614 256 #
plane-surface $-1 -1 $-1 0.3000000000000010436 8.554999999999999716 -0.5 0.4813388880605233844 -0.8765345827978830995 0 0.8765345827978830995 0.4813388880605233844 0 forward_v I I I I #
coedge $-1 -1 $-1 $755 $722 $718 $756 forward $615 $-1 #
color-adesk-attrib $-1 -1 $-1 $-1 $618 256 #
face $757 -1 $-1 $758 $759 $7 $-1 $760 forward single #
loop $-1 -1 $-1 $-1 $761 $618 #
plane-surface $-1 -1 $-1 0.3000000000000001554 -6.195000000000000284 -0.5 0.4813388880605233844 -0.8765345827978830995 0 0.8765345827978830995 0.4813388880605233844 0 forward_v I I I I #
coedge $-1 -1 $-1 $762 $763 $764 $765 forward $619 $-1 #
coedge $-1 -1 $-1 $697 $621 $766 $767 reversed $560 $-1 #
edge $768 -1 $-1 $630 0 $769 0.4714218030513527835 $621 $770 forward @7 unknown #
coedge $-1 -1 $-1 $771 $637 $623 $696 forward $194 $-1 #
edge $772 -1 $-1 $702 0 $699 1.862708991628516886 $623 $773 forward @7 unknown #
coedge $-1 -1 $-1 $624 $693 $771 $774 reversed $560 $-1 #
color-adesk-attrib $-1 -1 $-1 $-1 $625 256 #
vertex $-1 -1 $-1 $625 $775 #
straight-curve $-1 -1 $-1 0.636231703939927451 -6.525434195654508329 -0.5 0 0 1 I I #
color-adesk-attrib $-1 -1 $-1 $-1 $626 256 #
vertex $-1 -1 $-1 $626 $776 #
straight-curve $-1 -1 $-1 0.6250325019231609547 -6.606512138677020474 -0.5 0 0 1 I I #
coedge $-1 -1 $-1 $627 $764 $761 $777 reversed $81 $-1 #
point $-1 -1 $-1 0.6250325019231609547 -6.606512138677020474 -0.5 #
point $-1 -1 $-1 0.636231703939927451 -6.525434195654508329 -0.5 #
edge $778 -1 $-1 $634 0 $702 0.3708153771704737478 $632 $779 forward @7 unknown #
point $-1 -1 $-1 0.3000000000000000999 -6.785000000000000142 0.5 #
coedge $-1 -1 $-1 $780 $642 $645 $715 reversed $711 $-1 #
coedge $-1 -1 $-1 $642 $780 $650 $719 forward $711 $-1 #
loop $-1 -1 $-1 $-1 $710 $660 #
color-adesk-attrib $-1 -1 $-1 $-1 $643 256 #
straight-curve $-1 -1 $-1 0.3000000000000010436 9.144999999999999574 -0.5 0 0 1 I I #
coedge $-1 -1 $-1 $645 $644 $781 $782 forward $646 $-1 #
edge $783 -1 $-1 $784 0 $648 0.4714218030513527835 $709 $785 forward @7 unknown #
face $786 -1 $-1 $720 $646 $7 $-1 $787 forward single #
point $-1 -1 $-1 0.3000000000000010436 9.144999999999999574 0.5 #
coedge $-1 -1 $-1 $651 $650 $687 $756 reversed $652 $-1 #
edge $788 -1 $-1 $789 0 $654 0.4714218030513527835 $710 $790 forward @7 unknown #
face $791 -1 $-1 $248 $652 $7 $-1 $792 reversed single #
point $-1 -1 $-1 0.3000000000000010436 9.144999999999999574 -0.5 #
coedge $-1 -1 $-1 $687 $781 $656 $723 reversed $615 $-1 #
edge $793 -1 $-1 $725 0 $728 1 $656 $794 forward @7 tangent #
color-adesk-attrib $-1 -1 $-1 $-1 $657 256 #
vertex $-1 -1 $-1 $657 $795 #
straight-curve $-1 -1 $-1 0.3000000000000010436 8.554999999999999716 -0.5 0.8765345827978830995 0.4813388880605233844 0 F 0 F 0.3708153771704737478 #
color-adesk-attrib $-1 -1 $-1 $-1 $658 256 #
vertex $-1 -1 $-1 $723 $796 #
straight-curve $-1 -1 $-1 0.3000000000000010436 8.554999999999999716 0.5 0.8765345827978830995 0.4813388880605233844 0 I I #
color-adesk-attrib $-1 -1 $-1 $-1 $660 256 #
plane-surface $-1 -1 $-1 0.6362317039399283392 8.814565804345491529 -0.5 0.7009310844677095753 0.7132290058788415266 0 -0.7132290058788415266 0.7009310844677095753 0 forward_v I I I I #
coedge $-1 -1 $-1 $797 $662 $798 $799 reversed $81 $-1 #
coedge $-1 -1 $-1 $800 $801 $662 $734 forward $802 $-1 #
edge $803 -1 $-1 $804 0 $739 0.3708153771704737478 $733 $805 forward @7 unknown #
coedge $-1 -1 $-1 $806 $663 $666 $742 forward $737 $-1 #
coedge $-1 -1 $-1 $663 $806 $800 $807 reversed $737 $-1 #
loop $-1 -1 $-1 $-1 $663 $808 #
color-adesk-attrib $-1 -1 $-1 $-1 $664 256 #
vertex $-1 -1 $-1 $734 $809 #
ellipse-curve $-1 -1 $-1 0.6004842186320750175 6.418191125045671797 -0.5 0 0 1 0.02454828329108665885 -0.04470326372269206594 0 1 F 0 F 1.862708991628516886 #
coedge $-1 -1 $-1 $666 $665 $810 $811 reversed $667 $-1 #
edge $812 -1 $-1 $669 0 $813 1 $666 $814 forward @7 tangent #
face $815 -1 $-1 $601 $667 $7 $-1 $816 forward single #
point $-1 -1 $-1 0.6362317039399282281 6.454565804345492097 -0.5 #
coedge $-1 -1 $-1 $675 $810 $671 $746 forward $194 $-1 #
edge $817 -1 $-1 $748 0 $678 0.3708153771704737478 $671 $818 forward @7 unknown #
color-adesk-attrib $-1 -1 $-1 $-1 $672 256 #
vertex $-1 -1 $-1 $746 $819 #
straight-curve $-1 -1 $-1 0.3000000000000002665 6.785000000000000142 -0.25 0 0 -1 I I #
color-adesk-attrib $-1 -1 $-1 $-1 $673 256 #
plane-surface $-1 -1 $-1 0.3000000000000009326 6.785000000000000142 -0.5 0.4813388880605233844 -0.8765345827978830995 0 0.8765345827978830995 0.4813388880605233844 0 forward_v I I I I #
color-adesk-attrib $-1 -1 $-1 $-1 $676 256 #
ellipse-curve $-1 -1 $-1 0.6004842186320751285 7.008191125045671654 0.5 0 0 1 0.02454828329108665885 -0.04470326372269206594 0 1 I I #
point $-1 -1 $-1 0.6250325019231617318 6.963487861322979811 0.5 #
coedge $-1 -1 $-1 $781 $687 $780 $820 forward $615 $-1 #
edge $821 -1 $-1 $725 0 $789 1.862708991628516886 $687 $822 forward @7 unknown #
color-adesk-attrib $-1 -1 $-1 $-1 $689 256 #
face $823 -1 $-1 $824 $825 $7 $-1 $826 forward single #
loop $-1 -1 $-1 $-1 $827 $689 #
plane-surface $-1 -1 $-1 0.636231703939927451 -5.935434195654508471 -0.5 0.7009310844677095753 0.7132290058788415266 0 -0.7132290058788415266 0.7009310844677095753 0 forward_v I I I I #
coedge $-1 -1 $-1 $828 $766 $704 $777 forward $690 $-1 #
coedge $-1 -1 $-1 $829 $692 $830 $831 forward $619 $-1 #
coedge $-1 -1 $-1 $692 $829 $828 $832 reversed $619 $-1 #
coedge $-1 -1 $-1 $704 $833 $692 $765 reversed $81 $-1 #
edge $834 -1 $-1 $835 0 $836 1.862708991628516886 $692 $837 forward @7 unknown #
coedge $-1 -1 $-1 $761 $838 $693 $767 forward $690 $-1 #
edge $839 -1 $-1 $840 -0.75 $769 0.25 $693 $841 forward @7 unknown #
color-adesk-attrib $-1 -1 $-1 $-1 $694 256 #
vertex $-1 -1 $-1 $694 $842 #
straight-curve $-1 -1 $-1 0.636231703939927451 -6.525434195654508329 -0.5 -0.7132290058788415266 0.7009310844677095753 0 F 0 F 0.4714218030513527835 #
coedge $-1 -1 $-1 $843 $695 $697 $774 forward $194 $-1 #
color-adesk-attrib $-1 -1 $-1 $-1 $696 256 #
ellipse-curve $-1 -1 $-1 0.6004842186320742403 -6.56180887495432863 0.5 0 0 1 0.02454828329108665885 -0.04470326372269206594 0 1 I I #
edge $844 -1 $-1 $699 0 $840 0.4714218030513527835 $697 $845 forward @7 unknown #
point $-1 -1 $-1 0.636231703939927451 -6.525434195654508329 0.5 #
point $-1 -1 $-1 0.6250325019231609547 -6.606512138677020474 0.5 #
edge $846 -1 $-1 $769 0 $835 0.3708153771704737478 $761 $847 forward @7 unknown #
color-adesk-attrib $-1 -1 $-1 $-1 $707 256 #
straight-curve $-1 -1 $-1 0.3000000000000000999 -6.785000000000000142 0.5 0.8765345827978830995 0.4813388880605233844 0 I I #
coedge $-1 -1 $-1 $710 $709 $755 $820 reversed $711 $-1 #
coedge $-1 -1 $-1 $722 $755 $714 $782 reversed $615 $-1 #
edge $848 -1 $-1 $728 0 $784 1.862708991628516886 $781 $849 forward @7 unknown #
color-adesk-attrib $-1 -1 $-1 $-1 $715 256 #
vertex $-1 -1 $-1 $820 $850 #
straight-curve $-1 -1 $-1 0.6362317039399283392 8.814565804345491529 0.5 -0.7132290058788415266 0.7009310844677095753 0 I I #
color-adesk-attrib $-1 -1 $-1 $-1 $716 256 #
plane-surface $-1 -1 $-1 0.4090980175221032855 8.836258814421199759 0.5 0 0 1 1 0 0 forward_v I I I I #
color-adesk-attrib $-1 -1 $-1 $-1 $719 256 #
vertex $-1 -1 $-1 $719 $851 #
straight-curve $-1 -1 $-1 0.6362317039399283392 8.814565804345491529 -0.5 -0.7132290058788415266 0.7009310844677095753 0 F 0 F 0.4714218030513527835 #
color-adesk-attrib $-1 -1 $-1 $-1 $720 256 #
plane-surface $-1 -1 $-1 0.4090980175221032855 8.836258814421199759 -0.5 0 0 1 1 0 0 forward_v I I I I #
color-adesk-attrib $-1 -1 $-1 $-1 $723 256 #
straight-curve $-1 -1 $-1 0.6250325019231619539 8.733487861322979384 -0.5 0 0 1 I I #
point $-1 -1 $-1 0.6250325019231619539 8.733487861322979384 -0.5 #
point $-1 -1 $-1 0.6250325019231619539 8.733487861322979384 0.5 #
coedge $-1 -1 $-1 $852 $732 $853 $854 reversed $81 $-1 #
coedge $-1 -1 $-1 $855 $856 $732 $799 forward $857 $-1 #
edge $858 -1 $-1 $859 0 $804 0.4714218030513527835 $798 $860 forward @7 unknown #
coedge $-1 -1 $-1 $861 $733 $736 $807 forward $802 $-1 #
coedge $-1 -1 $-1 $733 $861 $855 $862 forward $802 $-1 #
loop $-1 -1 $-1 $-1 $733 $863 #
color-adesk-attrib $-1 -1 $-1 $-1 $734 256 #
vertex $-1 -1 $-1 $799 $864 #
straight-curve $-1 -1 $-1 0.3000000000000009326 6.195000000000000284 -0.5 0.8765345827978830995 0.4813388880605233844 0 F 0 F 0.3708153771704737478 #
coedge $-1 -1 $-1 $736 $735 $865 $866 reversed $737 $-1 #
edge $867 -1 $-1 $739 0 $868 1 $800 $869 forward @7 tangent #
face $870 -1 $-1 $863 $737 $7 $-1 $871 forward single #
point $-1 -1 $-1 0.6250325019231617318 6.373487861322979953 -0.5 #
coedge $-1 -1 $-1 $745 $865 $741 $811 forward $194 $-1 #
edge $872 -1 $-1 $813 0 $748 0.4714218030513527835 $741 $873 forward @7 unknown #
color-adesk-attrib $-1 -1 $-1 $-1 $742 256 #
vertex $-1 -1 $-1 $742 $874 #
straight-curve $-1 -1 $-1 0.6362317039399282281 6.454565804345492097 -0.5 0 0 1 I I #
color-adesk-attrib $-1 -1 $-1 $-1 $743 256 #
plane-surface $-1 -1 $-1 0.6362317039399282281 6.454565804345492097 -0.5 0.7009310844677095753 0.7132290058788415266 0 -0.7132290058788415266 0.7009310844677095753 0 forward_v I I I I #
color-adesk-attrib $-1 -1 $-1 $-1 $746 256 #
straight-curve $-1 -1 $-1 0.3000000000000009326 6.785000000000000142 0.5 0.8765345827978830995 0.4813388880605233844 0 I I #
point $-1 -1 $-1 0.3000000000000009326 6.785000000000000142 0.5 #
edge $875 -1 $-1 $789 0 $784 1 $780 $876 forward @7 tangent #
color-adesk-attrib $-1 -1 $-1 $-1 $756 256 #
ellipse-curve $-1 -1 $-1 0.6004842186320751285 8.778191125045671228 -0.5 0 0 1 0.02454828329108665885 -0.04470326372269206594 0 1 F 0 F 1.862708991628516886 #
color-adesk-attrib $-1 -1 $-1 $-1 $758 256 #
face $877 -1 $-1 $878 $879 $7 $-1 $880 forward single #
loop $-1 -1 $-1 $-1 $881 $758 #
cone-surface $-1 -1 $-1 0.6004842186320743513 -5.381808874954328914 -0.5 0 0 1 0.02454828329108665885 -0.04470326372269206594 0 1 I I 0 1 0.0510000000000000106 forward I I I I #
coedge $-1 -1 $-1 $882 $830 $833 $883 forward $759 $-1 #
coedge $-1 -1 $-1 $838 $761 $763 $832 forward $690 $-1 #
coedge $-1 -1 $-1 $763 $762 $884 $885 reversed $619 $-1 #
coedge $-1 -1 $-1 $827 $886 $762 $831 reversed $759 $-1 #
edge $887 -1 $-1 $836 0 $888 1 $830 $889 forward @7 tangent #
edge $890 -1 $-1 $835 0 $891 1 $828 $892 forward @7 tangent #
coedge $-1 -1 $-1 $764 $893 $827 $883 reversed $81 $-1 #
color-adesk-attrib $-1 -1 $-1 $-1 $765 256 #
vertex $-1 -1 $-1 $777 $894 #
vertex $-1 -1 $-1 $883 $895 #
ellipse-curve $-1 -1 $-1 0.6004842186320742403 -5.971808874954328772 -0.5 0 0 1 0.02454828329108665885 -0.04470326372269206594 0 1 F 0 F 1.862708991628516886 #
coedge $-1 -1 $-1 $766 $828 $843 $896 reversed $690 $-1 #
color-adesk-attrib $-1 -1 $-1 $-1 $767 256 #
vertex $-1 -1 $-1 $896 $897 #
straight-curve $-1 -1 $-1 0.2999999999999998224 -6.195000000000001172 -0.25 0 0 -1 I I #
point $-1 -1 $-1 0.3000000000000001554 -6.195000000000000284 -0.5 #
coedge $-1 -1 $-1 $884 $771 $838 $896 forward $194 $-1 #
color-adesk-attrib $-1 -1 $-1 $-1 $774 256 #
straight-curve $-1 -1 $-1 0.636231703939927451 -6.525434195654508329 0.5 -0.7132290058788415266 0.7009310844677095753 0 I I #
color-adesk-attrib $-1 -1 $-1 $-1 $777 256 #
straight-curve $-1 -1 $-1 0.3000000000000001554 -6.195000000000000284 -0.5 0.8765345827978830995 0.4813388880605233844 0 F 0 F 0.3708153771704737478 #
color-adesk-attrib $-1 -1 $-1 $-1 $782 256 #
ellipse-curve $-1 -1 $-1 0.6004842186320751285 8.778191125045671228 0.5 0 0 1 0.02454828329108665885 -0.04470326372269206594 0 1 I I #
point $-1 -1 $-1 0.6362317039399283392 8.814565804345491529 0.5 #
point $-1 -1 $-1 0.6362317039399283392 8.814565804345491529 -0.5 #
coedge $-1 -1 $-1 $898 $797 $899 $900 reversed $81 $-1 #
coedge $-1 -1 $-1 $901 $902 $797 $854 forward $903 $-1 #
edge $904 -1 $-1 $905 0 $859 1.862708991628516886 $853 $906 forward @7 unknown #
coedge $-1 -1 $-1 $907 $798 $801 $862 reversed $857 $-1 #
coedge $-1 -1 $-1 $798 $907 $901 $908 reversed $857 $-1 #
loop $-1 -1 $-1 $-1 $798 $909 #
color-adesk-attrib $-1 -1 $-1 $-1 $799 256 #
vertex $-1 -1 $-1 $799 $910 #
straight-curve $-1 -1 $-1 0.6362317039399282281 5.864565804345492239 -0.5 -0.7132290058788415266 0.7009310844677095753 0 F 0 F 0.4714218030513527835 #
coedge $-1 -1 $-1 $801 $800 $911 $912 reversed $802 $-1 #
edge $913 -1 $-1 $914 -0.75 $804 0.25 $855 $915 forward @7 unknown #
face $916 -1 $-1 $743 $802 $7 $-1 $917 forward single #
point $-1 -1 $-1 0.3000000000000009326 6.195000000000000284 -0.5 #
coedge $-1 -1 $-1 $810 $911 $806 $866 forward $194 $-1 #
edge $918 -1 $-1 $868 0 $813 1.862708991628516886 $806 $919 forward @7 unknown #
color-adesk-attrib $-1 -1 $-1 $-1 $807 256 #
vertex $-1 -1 $-1 $807 $920 #
straight-curve $-1 -1 $-1 0.6250325019231617318 6.373487861322979953 -0.5 0 0 1 I I #
color-adesk-attrib $-1 -1 $-1 $-1 $808 256 #
cone-surface $-1 -1 $-1 0.6004842186320750175 6.418191125045671797 -0.5 0 0 1 0.02454828329108665885 -0.04470326372269206594 0 1 I I 0 1 0.0510000000000000106 forward I I I I #
color-adesk-attrib $-1 -1 $-1 $-1 $811 256 #
straight-curve $-1 -1 $-1 0.6362317039399282281 6.454565804345492097 0.5 -0.7132290058788415266 0.7009310844677095753 0 I I #
point $-1 -1 $-1 0.6362317039399282281 6.454565804345492097 0.5 #
color-adesk-attrib $-1 -1 $-1 $-1 $820 256 #
straight-curve $-1 -1 $-1 0.6362317039399283392 8.814565804345491529 -0.5 0 0 1 I I #
color-adesk-attrib $-1 -1 $-1 $-1 $824 256 #
face $921 -1 $-1 $922 $923 $7 $-1 $924 forward single #
loop $-1 -1 $-1 $-1 $925 $824 #
plane-surface $-1 -1 $-1 0.3000000000000001554 -5.605000000000000426 -0.5 0.4813388880605233844 -0.8765345827978830995 0 0.8765345827978830995 0.4813388880605233844 0 forward_v I I I I #
coedge $-1 -1 $-1 $926 $927 $928 $929 forward $825 $-1 #
coedge $-1 -1 $-1 $886 $827 $930 $931 reversed $759 $-1 #
edge $932 -1 $-1 $836 0 $933 0.4714218030513527835 $827 $934 forward @7 unknown #
coedge $-1 -1 $-1 $935 $843 $829 $885 forward $194 $-1 #
edge $936 -1 $-1 $891 0 $888 1.862708991628516886 $829 $937 forward @7 unknown #
coedge $-1 -1 $-1 $830 $882 $935 $938 reversed $759 $-1 #
color-adesk-attrib $-1 -1 $-1 $-1 $831 256 #
vertex $-1 -1 $-1 $831 $939 #
straight-curve $-1 -1 $-1 0.636231703939927451 -5.935434195654508471 -0.5 0 0 1 I I #
color-adesk-attrib $-1 -1 $-1 $-1 $832 256 #
vertex $-1 -1 $-1 $832 $940 #
straight-curve $-1 -1 $-1 0.6250325019231609547 -6.016512138677020616 -0.5 0 0 1 I I #
coedge $-1 -1 $-1 $833 $928 $925 $941 reversed $81 $-1 #
point $-1 -1 $-1 0.6250325019231609547 -6.016512138677020616 -0.5 #
point $-1 -1 $-1 0.636231703939927451 -5.935434195654508471 -0.5 #
edge $942 -1 $-1 $840 0 $891 0.3708153771704737478 $838 $943 forward @7 unknown #
point $-1 -1 $-1 0.3000000000000001554 -6.195000000000000284 0.5 #
coedge $-1 -1 $-1 $944 $852 $945 $946 reversed $81 $-1 #
coedge $-1 -1 $-1 $947 $948 $852 $900 forward $949 $-1 #
edge $950 -1 $-1 $951 0 $905 0.3708153771704737478 $899 $952 forward @7 unknown #
coedge $-1 -1 $-1 $953 $853 $856 $908 forward $903 $-1 #
coedge $-1 -1 $-1 $853 $953 $947 $954 reversed $903 $-1 #
loop $-1 -1 $-1 $-1 $853 $955 #
color-adesk-attrib $-1 -1 $-1 $-1 $854 256 #
vertex $-1 -1 $-1 $900 $956 #
ellipse-curve $-1 -1 $-1 0.6004842186320750175 5.828191125045671939 -0.5 0 0 1 0.02454828329108665885 -0.04470326372269206594 0 1 F 0 F 1.862708991628516886 #
coedge $-1 -1 $-1 $856 $855 $957 $958 reversed $857 $-1 #
edge $959 -1 $-1 $859 0 $960 1 $856 $961 forward @7 tangent #
face $962 -1 $-1 $808 $857 $7 $-1 $963 forward single #
point $-1 -1 $-1 0.6362317039399282281 5.864565804345492239 -0.5 #
coedge $-1 -1 $-1 $865 $957 $861 $912 forward $194 $-1 #
edge $964 -1 $-1 $914 0 $868 0.3708153771704737478 $861 $965 forward @7 unknown #
color-adesk-attrib $-1 -1 $-1 $-1 $862 256 #
vertex $-1 -1 $-1 $912 $966 #
straight-curve $-1 -1 $-1 0.3000000000000000444 6.195000000000000284 -0.25 0 0 -1 I I #
color-adesk-attrib $-1 -1 $-1 $-1 $863 256 #
plane-surface $-1 -1 $-1 0.3000000000000009326 6.195000000000000284 -0.5 0.4813388880605233844 -0.8765345827978830995 0 0.8765345827978830995 0.4813388880605233844 0 forward_v I I I I #
color-adesk-attrib $-1 -1 $-1 $-1 $866 256 #
ellipse-curve $-1 -1 $-1 0.6004842186320750175 6.418191125045671797 0.5 0 0 1 0.02454828329108665885 -0.04470326372269206594 0 1 I I #
point $-1 -1 $-1 0.6250325019231617318 6.373487861322979953 0.5 #
color-adesk-attrib $-1 -1 $-1 $-1 $878 256 #
face $967 -1 $-1 $968 $969 $7 $-1 $970 forward single #
loop $-1 -1 $-1 $-1 $971 $878 #
plane-surface $-1 -1 $-1 0.636231703939927562 -5.345434195654508613 -0.5 0.7009310844677095753 0.7132290058788415266 0 -0.7132290058788415266 0.7009310844677095753 0 forward_v I I I I #
coedge $-1 -1 $-1 $972 $930 $893 $941 forward $879 $-1 #
coedge $-1 -1 $-1 $973 $881 $974 $975 forward $825 $-1 #
coedge $-1 -1 $-1 $881 $973 $972 $976 reversed $825 $-1 #
coedge $-1 -1 $-1 $893 $977 $881 $929 reversed $81 $-1 #
edge $978 -1 $-1 $979 0 $980 1.862708991628516886 $881 $981 forward @7 unknown #
coedge $-1 -1 $-1 $925 $982 $882 $931 forward $879 $-1 #
edge $983 -1 $-1 $984 -0.75 $933 0.25 $882 $985 forward @7 unknown #
color-adesk-attrib $-1 -1 $-1 $-1 $883 256 #
vertex $-1 -1 $-1 $883 $986 #
straight-curve $-1 -1 $-1 0.636231703939927451 -5.935434195654508471 -0.5 -0.7132290058788415266 0.7009310844677095753 0 F 0 F 0.4714218030513527835 #
coedge $-1 -1 $-1 $987 $884 $886 $938 forward $194 $-1 #
color-adesk-attrib $-1 -1 $-1 $-1 $885 256 #
ellipse-curve $-1 -1 $-1 0.6004842186320742403 -5.971808874954328772 0.5 0 0 1 0.02454828329108665885 -0.04470326372269206594 0 1 I I #
edge $988 -1 $-1 $888 0 $984 0.4714218030513527835 $886 $989 forward @7 unknown #
point $-1 -1 $-1 0.636231703939927451 -5.935434195654508471 0.5 #
point $-1 -1 $-1 0.6250325019231609547 -6.016512138677020616 0.5 #
edge $990 -1 $-1 $933 0 $979 0.3708153771704737478 $925 $991 forward @7 unknown #
color-adesk-attrib $-1 -1 $-1 $-1 $896 256 #
straight-curve $-1 -1 $-1 0.3000000000000001554 -6.195000000000000284 0.5 0.8765345827978830995 0.4813388880605233844 0 I I #
coedge $-1 -1 $-1 $992 $898 $993 $994 reversed $81 $-1 #
coedge $-1 -1 $-1 $995 $996 $898 $946 forward $997 $-1 #
edge $998 -1 $-1 $999 0 $951 0.4714218030513527835 $945 $1000 forward @7 unknown #
coedge $-1 -1 $-1 $1001 $899 $902 $954 forward $949 $-1 #
coedge $-1 -1 $-1 $899 $1001 $995 $1002 forward $949 $-1 #
loop $-1 -1 $-1 $-1 $899 $1003 #
color-adesk-attrib $-1 -1 $-1 $-1 $900 256 #
vertex $-1 -1 $-1 $946 $1004 #
straight-curve $-1 -1 $-1 0.3000000000000008216 5.605000000000000426 -0.5 0.8765345827978830995 0.4813388880605233844 0 F 0 F 0.3708153771704737478 #
coedge $-1 -1 $-1 $902 $901 $1005 $1006 reversed $903 $-1 #
edge $1007 -1 $-1 $905 0 $1008 1 $947 $1009 forward @7 tangent #
face $1010 -1 $-1 $1003 $903 $7 $-1 $1011 forward single #
point $-1 -1 $-1 0.6250325019231617318 5.783487861322980095 -0.5 #
coedge $-1 -1 $-1 $911 $1005 $907 $958 forward $194 $-1 #
edge $1012 -1 $-1 $960 0 $914 0.4714218030513527835 $907 $1013 forward @7 unknown #
color-adesk-attrib $-1 -1 $-1 $-1 $908 256 #
vertex $-1 -1 $-1 $908 $1014 #
straight-curve $-1 -1 $-1 0.6362317039399282281 5.864565804345492239 -0.5 0 0 1 I I #
color-adesk-attrib $-1 -1 $-1 $-1 $909 256 #
plane-surface $-1 -1 $-1 0.6362317039399282281 5.864565804345492239 -0.5 0.7009310844677095753 0.7132290058788415266 0 -0.7132290058788415266 0.7009310844677095753 0 forward_v I I I I #
color-adesk-attrib $-1 -1 $-1 $-1 $912 256 #
straight-curve $-1 -1 $-1 0.3000000000000009326 6.195000000000000284 0.5 0.8765345827978830995 0.4813388880605233844 0 I I #
point $-1 -1 $-1 0.3000000000000009326 6.195000000000000284 0.5 #
color-adesk-attrib $-1 -1 $-1 $-1 $922 256 #
face $1015 -1 $-1 $1016 $1017 $7 $-1 $1018 forward single #
loop $-1 -1 $-1 $-1 $1019 $922 #
cone-surface $-1 -1 $-1 0.6004842186320743513 -4.791808874954329056 -0.5 0 0 1 0.02454828329108665885 -0.04470326372269206594 0 1 I I 0 1 0.0510000000000000106 forward I I I I #
coedge $-1 -1 $-1 $1020 $974 $977 $1021 forward $923 $-1 #
coedge $-1 -1 $-1 $982 $925 $927 $976 forward $879 $-1 #
coedge $-1 -1 $-1 $927 $926 $1022 $1023 reversed $825 $-1 #
coedge $-1 -1 $-1 $971 $1024 $926 $975 reversed $923 $-1 #
edge $1025 -1 $-1 $980 0 $1026 1 $974 $1027 forward @7 tangent #
edge $1028 -1 $-1 $979 0 $1029 1 $972 $1030 forward @7 tangent #
coedge $-1 -1 $-1 $928 $1031 $971 $1021 reversed $81 $-1 #
color-adesk-attrib $-1 -1 $-1 $-1 $929 256 #
vertex $-1 -1 $-1 $941 $1032 #
vertex $-1 -1 $-1 $1021 $1033 #
ellipse-curve $-1 -1 $-1 0.6004842186320743513 -5.381808874954328914 -0.5 0 0 1 0.02454828329108665885 -0.04470326372269206594 0 1 F 0 F 1.862708991628516886 #
coedge $-1 -1 $-1 $930 $972 $987 $1034 reversed $879 $-1 #
color-adesk-attrib $-1 -1 $-1 $-1 $931 256 #
vertex $-1 -1 $-1 $1034 $1035 #
straight-curve $-1 -1 $-1 0.2999999999999998224 -5.605000000000000426 -0.25 0 0 -1 I I #
point $-1 -1 $-1 0.3000000000000001554 -5.605000000000000426 -0.5 #
coedge $-1 -1 $-1 $1022 $935 $982 $1034 forward $194 $-1 #
color-adesk-attrib $-1 -1 $-1 $-1 $938 256 #
straight-curve $-1 -1 $-1 0.636231703939927451 -5.935434195654508471 0.5 -0.7132290058788415266 0.7009310844677095753 0 I I #
color-adesk-attrib $-1 -1 $-1 $-1 $941 256 #
straight-curve $-1 -1 $-1 0.3000000000000001554 -5.605000000000000426 -0.5 0.8765345827978830995 0.4813388880605233844 0 F 0 F 0.3708153771704737478 #
coedge $-1 -1 $-1 $1036 $944 $1037 $1038 reversed $81 $-1 #
coedge $-1 -1 $-1 $1039 $1040 $944 $994 forward $1041 $-1 #
edge $1042 -1 $-1 $1043 0 $999 1.862708991628516886 $993 $1044 forward @7 unknown #
coedge $-1 -1 $-1 $1045 $945 $948 $1002 reversed $997 $-1 #
coedge $-1 -1 $-1 $945 $1045 $1039 $1046 reversed $997 $-1 #
loop $-1 -1 $-1 $-1 $945 $1047 #
color-adesk-attrib $-1 -1 $-1 $-1 $946 256 #
vertex $-1 -1 $-1 $946 $1048 #
straight-curve $-1 -1 $-1 0.6362317039399281171 5.274565804345490605 -0.5 -0.7132290058788415266 0.7009310844677095753 0 F 0 F 0.4714218030513527835 #
coedge $-1 -1 $-1 $948 $947 $1049 $1050 reversed $949 $-1 #
edge $1051 -1 $-1 $1052 -0.75 $951 0.25 $995 $1053 forward @7 unknown #
face $1054 -1 $-1 $909 $949 $7 $-1 $1055 forward single #
point $-1 -1 $-1 0.3000000000000008216 5.605000000000000426 -0.5 #
coedge $-1 -1 $-1 $957 $1049 $953 $1006 forward $194 $-1 #
edge $1056 -1 $-1 $1008 0 $960 1.862708991628516886 $953 $1057 forward @7 unknown #
color-adesk-attrib $-1 -1 $-1 $-1 $954 256 #
vertex $-1 -1 $-1 $954 $1058 #
straight-curve $-1 -1 $-1 0.6250325019231617318 5.783487861322980095 -0.5 0 0 1 I I #
color-adesk-attrib $-1 -1 $-1 $-1 $955 256 #
cone-surface $-1 -1 $-1 0.6004842186320750175 5.828191125045671939 -0.5 0 0 1 0.02454828329108665885 -0.04470326372269206594 0 1 I I 0 1 0.0510000000000000106 forward I I I I #
color-adesk-attrib $-1 -1 $-1 $-1 $958 256 #
straight-curve $-1 -1 $-1 0.6362317039399282281 5.864565804345492239 0.5 -0.7132290058788415266 0.7009310844677095753 0 I I #
point $-1 -1 $-1 0.6362317039399282281 5.864565804345492239 0.5 #
color-adesk-attrib $-1 -1 $-1 $-1 $968 256 #
face $1059 -1 $-1 $1060 $1061 $7 $-1 $1062 forward single #
loop $-1 -1 $-1 $-1 $1063 $968 #
plane-surface $-1 -1 $-1 0.3000000000000002109 -5.015000000000000568 -0.5 0.4813388880605233844 -0.8765345827978830995 0 0.8765345827978830995 0.4813388880605233844 0 forward_v I I I I #
coedge $-1 -1 $-1 $1064 $1065 $1066 $1067 forward $969 $-1 #
coedge $-1 -1 $-1 $1024 $971 $1068 $1069 reversed $923 $-1 #
edge $1070 -1 $-1 $980 0 $1071 0.4714218030513527835 $971 $1072 forward @7 unknown #
coedge $-1 -1 $-1 $1073 $987 $973 $1023 forward $194 $-1 #
edge $1074 -1 $-1 $1029 0 $1026 1.862708991628516886 $973 $1075 forward @7 unknown #
coedge $-1 -1 $-1 $974 $1020 $1073 $1076 reversed $923 $-1 #
color-adesk-attrib $-1 -1 $-1 $-1 $975 256 #
vertex $-1 -1 $-1 $975 $1077 #
straight-curve $-1 -1 $-1 0.636231703939927562 -5.345434195654508613 -0.5 0 0 1 I I #
color-adesk-attrib $-1 -1 $-1 $-1 $976 256 #
vertex $-1 -1 $-1 $976 $1078 #
straight-curve $-1 -1 $-1 0.6250325019231610657 -5.426512138677020758 -0.5 0 0 1 I I #
coedge $-1 -1 $-1 $977 $1066 $1063 $1079 reversed $81 $-1 #
point $-1 -1 $-1 0.6250325019231610657 -5.426512138677020758 -0.5 #
point $-1 -1 $-1 0.636231703939927562 -5.345434195654508613 -0.5 #
edge $1080 -1 $-1 $984 0 $1029 0.3708153771704737478 $982 $1081 forward @7 unknown #
point $-1 -1 $-1 0.3000000000000001554 -5.605000000000000426 0.5 #
coedge $-1 -1 $-1 $1082 $992 $1083 $1084 reversed $81 $-1 #
coedge $-1 -1 $-1 $1085 $1086 $992 $1038 forward $1087 $-1 #
edge $1088 -1 $-1 $1089 0 $1043 0.3708153771704737478 $1037 $1090 forward @7 unknown #
coedge $-1 -1 $-1 $1091 $993 $996 $1046 forward $1041 $-1 #
coedge $-1 -1 $-1 $993 $1091 $1085 $1092 reversed $1041 $-1 #
loop $-1 -1 $-1 $-1 $993 $1093 #
color-adesk-attrib $-1 -1 $-1 $-1 $994 256 #
vertex $-1 -1 $-1 $1038 $1094 #
ellipse-curve $-1 -1 $-1 0.6004842186320749065 5.238191125045670304 -0.5 0 0 1 0.02454828329108665885 -0.04470326372269206594 0 1 F 0 F 1.862708991628516886 #
coedge $-1 -1 $-1 $996 $995 $1095 $1096 reversed $997 $-1 #
edge $1097 -1 $-1 $999 0 $1098 1 $996 $1099 forward @7 tangent #
face $1100 -1 $-1 $955 $997 $7 $-1 $1101 forward single #
point $-1 -1 $-1 0.6362317039399281171 5.274565804345490605 -0.5 #
coedge $-1 -1 $-1 $1005 $1095 $1001 $1050 forward $194 $-1 #
edge $1102 -1 $-1 $1052 0 $1008 0.3708153771704737478 $1001 $1103 forward @7 unknown #
color-adesk-attrib $-1 -1 $-1 $-1 $1002 256 #
vertex $-1 -1 $-1 $1050 $1104 #
straight-curve $-1 -1 $-1 0.3000000000000002665 5.60499999999999865 -0.25 0 0 -1 I I #
color-adesk-attrib $-1 -1 $-1 $-1 $1003 256 #
plane-surface $-1 -1 $-1 0.3000000000000008216 5.605000000000000426 -0.5 0.4813388880605233844 -0.8765345827978830995 0 0.8765345827978830995 0.4813388880605233844 0 forward_v I I I I #
color-adesk-attrib $-1 -1 $-1 $-1 $1006 256 #
ellipse-curve $-1 -1 $-1 0.6004842186320750175 5.828191125045671939 0.5 0 0 1 0.02454828329108665885 -0.04470326372269206594 0 1 I I #
point $-1 -1 $-1 0.6250325019231617318 5.783487861322980095 0.5 #
color-adesk-attrib $-1 -1 $-1 $-1 $1016 256 #
face $1105 -1 $-1 $1106 $1107 $7 $-1 $1108 forward single #
loop $-1 -1 $-1 $-1 $1109 $1016 #
plane-surface $-1 -1 $-1 0.636231703939927562 -4.755434195654508756 -0.5 0.7009310844677095753 0.7132290058788415266 0 -0.7132290058788415266 0.7009310844677095753 0 forward_v I I I I #
coedge $-1 -1 $-1 $1110 $1068 $1031 $1079 forward $1017 $-1 #
coedge $-1 -1 $-1 $1111 $1019 $1112 $1113 forward $969 $-1 #
coedge $-1 -1 $-1 $1019 $1111 $1110 $1114 reversed $969 $-1 #
coedge $-1 -1 $-1 $1031 $1115 $1019 $1067 reversed $81 $-1 #
edge $1116 -1 $-1 $1117 0 $1118 1.862708991628516886 $1019 $1119 forward @7 unknown #
coedge $-1 -1 $-1 $1063 $1120 $1020 $1069 forward $1017 $-1 #
edge $1121 -1 $-1 $1122 -0.75 $1071 0.25 $1020 $1123 forward @7 unknown #
color-adesk-attrib $-1 -1 $-1 $-1 $1021 256 #
vertex $-1 -1 $-1 $1021 $1124 #
straight-curve $-1 -1 $-1 0.636231703939927562 -5.345434195654508613 -0.5 -0.7132290058788415266 0.7009310844677095753 0 F 0 F 0.4714218030513527835 #
coedge $-1 -1 $-1 $1125 $1022 $1024 $1076 forward $194 $-1 #
color-adesk-attrib $-1 -1 $-1 $-1 $1023 256 #
ellipse-curve $-1 -1 $-1 0.6004842186320743513 -5.381808874954328914 0.5 0 0 1 0.02454828329108665885 -0.04470326372269206594 0 1 I I #
edge $1126 -1 $-1 $1026 0 $1122 0.4714218030513527835 $1024 $1127 forward @7 unknown #
point $-1 -1 $-1 0.636231703939927562 -5.345434195654508613 0.5 #
point $-1 -1 $-1 0.6250325019231610657 -5.426512138677020758 0.5 #
edge $1128 -1 $-1 $1071 0 $1117 0.3708153771704737478 $1063 $1129 forward @7 unknown #
color-adesk-attrib $-1 -1 $-1 $-1 $1034 256 #
straight-curve $-1 -1 $-1 0.3000000000000001554 -5.605000000000000426 0.5 0.8765345827978830995 0.4813388880605233844 0 I I #
coedge $-1 -1 $-1 $1130 $1036 $1131 $1132 reversed $81 $-1 #
coedge $-1 -1 $-1 $1133 $1134 $1036 $1084 forward $1135 $-1 #
edge $1136 -1 $-1 $1137 0 $1089 0.4714218030513527835 $1083 $1138 forward @7 unknown #
coedge $-1 -1 $-1 $1139 $1037 $1040 $1092 forward $1087 $-1 #
coedge $-1 -1 $-1 $1037 $1139 $1133 $1140 forward $1087 $-1 #
loop $-1 -1 $-1 $-1 $1037 $1141 #
color-adesk-attrib $-1 -1 $-1 $-1 $1038 256 #
vertex $-1 -1 $-1 $1084 $1142 #
straight-curve $-1 -1 $-1 0.3000000000000008216 5.014999999999998792 -0.5 0.8765345827978830995 0.4813388880605233844 0 F 0 F 0.3708153771704737478 #
coedge $-1 -1 $-1 $1040 $1039 $1143 $1144 reversed $1041 $-1 #
edge $1145 -1 $-1 $1043 0 $1146 1 $1085 $1147 forward @7 tangent #
face $1148 -1 $-1 $1141 $1041 $7 $-1 $1149 forward single #
point $-1 -1 $-1 0.6250325019231617318 5.193487861322978461 -0.5 #
coedge $-1 -1 $-1 $1049 $1143 $1045 $1096 forward $194 $-1 #
edge $1150 -1 $-1 $1098 0 $1052 0.4714218030513527835 $1045 $1151 forward @7 unknown #
color-adesk-attrib $-1 -1 $-1 $-1 $1046 256 #
vertex $-1 -1 $-1 $1046 $1152 #
straight-curve $-1 -1 $-1 0.6362317039399281171 5.274565804345490605 -0.5 0 0 1 I I #
color-adesk-attrib $-1 -1 $-1 $-1 $1047 256 #
plane-surface $-1 -1 $-1 0.6362317039399281171 5.274565804345490605 -0.5 0.7009310844677095753 0.7132290058788415266 0 -0.7132290058788415266 0.7009310844677095753 0 forward_v I I I I #
color-adesk-attrib $-1 -1 $-1 $-1 $1050 256 #
straight-curve $-1 -1 $-1 0.3000000000000008216 5.605000000000000426 0.5 0.8765345827978830995 0.4813388880605233844 0 I I #
point $-1 -1 $-1 0.3000000000000008216 5.605000000000000426 0.5 #
color-adesk-attrib $-1 -1 $-1 $-1 $1060 256 #
face $1153 -1 $-1 $1154 $1155 $7 $-1 $1156 forward single #
loop $-1 -1 $-1 $-1 $1157 $1060 #
cone-surface $-1 -1 $-1 0.6004842186320743513 -4.201808874954329198 -0.5 0 0 1 0.02454828329108665885 -0.04470326372269206594 0 1 I I 0 1 0.0510000000000000106 forward I I I I #
coedge $-1 -1 $-1 $1158 $1112 $1115 $1159 forward $1061 $-1 #
coedge $-1 -1 $-1 $1120 $1063 $1065 $1114 forward $1017 $-1 #
coedge $-1 -1 $-1 $1065 $1064 $1160 $1161 reversed $969 $-1 #
coedge $-1 -1 $-1 $1109 $1162 $1064 $1113 reversed $1061 $-1 #
edge $1163 -1 $-1 $1118 0 $1164 1 $1112 $1165 forward @7 tangent #
edge $1166 -1 $-1 $1117 0 $1167 1 $1110 $1168 forward @7 tangent #
coedge $-1 -1 $-1 $1066 $1169 $1109 $1159 reversed $81 $-1 #
color-adesk-attrib $-1 -1 $-1 $-1 $1067 256 #
vertex $-1 -1 $-1 $1079 $1170 #
vertex $-1 -1 $-1 $1159 $1171 #
ellipse-curve $-1 -1 $-1 0.6004842186320743513 -4.791808874954329056 -0.5 0 0 1 0.02454828329108665885 -0.04470326372269206594 0 1 F 0 F 1.862708991628516886 #
coedge $-1 -1 $-1 $1068 $1110 $1125 $1172 reversed $1017 $-1 #
color-adesk-attrib $-1 -1 $-1 $-1 $1069 256 #
vertex $-1 -1 $-1 $1172 $1173 #
straight-curve $-1 -1 $-1 0.3000000000000000444 -5.015000000000000568 -0.25 0 0 -1 I I #
point $-1 -1 $-1 0.3000000000000002109 -5.015000000000000568 -0.5 #
coedge $-1 -1 $-1 $1160 $1073 $1120 $1172 forward $194 $-1 #
color-adesk-attrib $-1 -1 $-1 $-1 $1076 256 #
straight-curve $-1 -1 $-1 0.636231703939927562 -5.345434195654508613 0.5 -0.7132290058788415266 0.7009310844677095753 0 I I #
color-adesk-attrib $-1 -1 $-1 $-1 $1079 256 #
straight-curve $-1 -1 $-1 0.3000000000000002109 -5.015000000000000568 -0.5 0.8765345827978830995 0.4813388880605233844 0 F 0 F 0.3708153771704737478 #
coedge $-1 -1 $-1 $1174 $1082 $1175 $1176 reversed $81 $-1 #
coedge $-1 -1 $-1 $1177 $1178 $1082 $1132 forward $1179 $-1 #
edge $1180 -1 $-1 $1181 0 $1137 1.862708991628516886 $1131 $1182 forward @7 unknown #
coedge $-1 -1 $-1 $1183 $1083 $1086 $1140 reversed $1135 $-1 #
coedge $-1 -1 $-1 $1083 $1183 $1177 $1184 reversed $1135 $-1 #
loop $-1 -1 $-1 $-1 $1083 $1185 #
color-adesk-attrib $-1 -1 $-1 $-1 $1084 256 #
vertex $-1 -1 $-1 $1084 $1186 #
straight-curve $-1 -1 $-1 0.6362317039399281171 4.684565804345490747 -0.5 -0.7132290058788415266 0.7009310844677095753 0 F 0 F 0.4714218030513527835 #
coedge $-1 -1 $-1 $1086 $1085 $1187 $1188 reversed $1087 $-1 #
edge $1189 -1 $-1 $1190 -0.75 $1089 0.25 $1133 $1191 forward @7 unknown #
face $1192 -1 $-1 $1047 $1087 $7 $-1 $1193 forward single #
point $-1 -1 $-1 0.3000000000000008216 5.014999999999998792 -0.5 #
coedge $-1 -1 $-1 $1095 $1187 $1091 $1144 forward $194 $-1 #
edge $1194 -1 $-1 $1146 0 $1098 1.862708991628516886 $1091 $1195 forward @7 unknown #
color-adesk-attrib $-1 -1 $-1 $-1 $1092 256 #
vertex $-1 -1 $-1 $1092 $1196 #
straight-curve $-1 -1 $-1 0.6250325019231617318 5.193487861322978461 -0.5 0 0 1 I I #
color-adesk-attrib $-1 -1 $-1 $-1 $1093 256 #
cone-surface $-1 -1 $-1 0.6004842186320749065 5.238191125045670304 -0.5 0 0 1 0.02454828329108665885 -0.04470326372269206594 0 1 I I 0 1 0.0510000000000000106 forward I I I I #
color-adesk-attrib $-1 -1 $-1 $-1 $1096 256 #
straight-curve $-1 -1 $-1 0.6362317039399281171 5.274565804345490605 0.5 -0.7132290058788415266 0.7009310844677095753 0 I I #
point $-1 -1 $-1 0.6362317039399281171 5.274565804345490605 0.5 #
color-adesk-attrib $-1 -1 $-1 $-1 $1106 256 #
face $1197 -1 $-1 $1198 $1199 $7 $-1 $1200 forward single #
loop $-1 -1 $-1 $-1 $1201 $1106 #
plane-surface $-1 -1 $-1 0.3000000000000002665 -4.425000000000000711 -0.5 0.4813388880605233844 -0.8765345827978830995 0 0.8765345827978830995 0.4813388880605233844 0 forward_v I I I I #
coedge $-1 -1 $-1 $1202 $1203 $1204 $1205 forward $1107 $-1 #
coedge $-1 -1 $-1 $1162 $1109 $1206 $1207 reversed $1061 $-1 #
edge $1208 -1 $-1 $1118 0 $1209 0.4714218030513527835 $1109 $1210 forward @7 unknown #
coedge $-1 -1 $-1 $1211 $1125 $1111 $1161 forward $194 $-1 #
edge $1212 -1 $-1 $1167 0 $1164 1.862708991628516886 $1111 $1213 forward @7 unknown #
coedge $-1 -1 $-1 $1112 $1158 $1211 $1214 reversed $1061 $-1 #
color-adesk-attrib $-1 -1 $-1 $-1 $1113 256 #
vertex $-1 -1 $-1 $1113 $1215 #
straight-curve $-1 -1 $-1 0.636231703939927562 -4.755434195654508756 -0.5 0 0 1 I I #
color-adesk-attrib $-1 -1 $-1 $-1 $1114 256 #
vertex $-1 -1 $-1 $1114 $1216 #
straight-curve $-1 -1 $-1 0.6250325019231610657 -4.8365121386770209 -0.5 0 0 1 I I #
coedge $-1 -1 $-1 $1115 $1204 $1201 $1217 reversed $81 $-1 #
point $-1 -1 $-1 0.6250325019231610657 -4.8365121386770209 -0.5 #
point $-1 -1 $-1 0.636231703939927562 -4.755434195654508756 -0.5 #
edge $1218 -1 $-1 $1122 0 $1167 0.3708153771704737478 $1120 $1219 forward @7 unknown #
point $-1 -1 $-1 0.3000000000000002109 -5.015000000000000568 0.5 #
coedge $-1 -1 $-1 $1220 $1130 $1221 $1222 reversed $81 $-1 #
coedge $-1 -1 $-1 $1223 $1224 $1130 $1176 forward $1225 $-1 #
edge $1226 -1 $-1 $1227 0 $1181 0.3708153771704737478 $1175 $1228 forward @7 unknown #
coedge $-1 -1 $-1 $1229 $1131 $1134 $1184 forward $1179 $-1 #
coedge $-1 -1 $-1 $1131 $1229 $1223 $1230 reversed $1179 $-1 #
loop $-1 -1 $-1 $-1 $1131 $1231 #
color-adesk-attrib $-1 -1 $-1 $-1 $1132 256 #
vertex $-1 -1 $-1 $1176 $1232 #
ellipse-curve $-1 -1 $-1 0.6004842186320749065 4.648191125045670447 -0.5 0 0 1 0.02454828329108665885 -0.04470326372269206594 0 1 F 0 F 1.862708991628516886 #
coedge $-1 -1 $-1 $1134 $1133 $1233 $1234 reversed $1135 $-1 #
edge $1235 -1 $-1 $1137 0 $1236 1 $1134 $1237 forward @7 tangent #
face $1238 -1 $-1 $1093 $1135 $7 $-1 $1239 forward single #
point $-1 -1 $-1 0.6362317039399281171 4.684565804345490747 -0.5 #
coedge $-1 -1 $-1 $1143 $1233 $1139 $1188 forward $194 $-1 #
edge $1240 -1 $-1 $1190 0 $1146 0.3708153771704737478 $1139 $1241 forward @7 unknown #
color-adesk-attrib $-1 -1 $-1 $-1 $1140 256 #
vertex $-1 -1 $-1 $1188 $1242 #
straight-curve $-1 -1 $-1 0.3000000000000002665 5.014999999999998792 -0.25 0 0 -1 I I #
color-adesk-attrib $-1 -1 $-1 $-1 $1141 256 #
plane-surface $-1 -1 $-1 0.3000000000000008216 5.014999999999998792 -0.5 0.4813388880605233844 -0.8765345827978830995 0 0.8765345827978830995 0.4813388880605233844 0 forward_v I I I I #
color-adesk-attrib $-1 -1 $-1 $-1 $1144 256 #
ellipse-curve $-1 -1 $-1 0.6004842186320749065 5.238191125045670304 0.5 0 0 1 0.02454828329108665885 -0.04470326372269206594 0 1 I I #
point $-1 -1 $-1 0.6250325019231617318 5.193487861322978461 0.5 #
color-adesk-attrib $-1 -1 $-1 $-1 $1154 256 #
face $1243 -1 $-1 $1244 $1245 $7 $-1 $1246 forward single #
loop $-1 -1 $-1 $-1 $1247 $1154 #
plane-surface $-1 -1 $-1 0.636231703939927562 -4.165434195654508898 -0.5 0.7009310844677095753 0.7132290058788415266 0 -0.7132290058788415266 0.7009310844677095753 0 forward_v I I I I #
coedge $-1 -1 $-1 $1248 $1206 $1169 $1217 forward $1155 $-1 #
coedge $-1 -1 $-1 $1249 $1157 $1250 $1251 forward $1107 $-1 #
coedge $-1 -1 $-1 $1157 $1249 $1248 $1252 reversed $1107 $-1 #
coedge $-1 -1 $-1 $1169 $1253 $1157 $1205 reversed $81 $-1 #
edge $1254 -1 $-1 $1255 0 $1256 1.862708991628516886 $1157 $1257 forward @7 unknown #
coedge $-1 -1 $-1 $1201 $1258 $1158 $1207 forward $1155 $-1 #
edge $1259 -1 $-1 $1260 -0.75 $1209 0.25 $1158 $1261 forward @7 unknown #
color-adesk-attrib $-1 -1 $-1 $-1 $1159 256 #
vertex $-1 -1 $-1 $1159 $1262 #
straight-curve $-1 -1 $-1 0.636231703939927562 -4.755434195654508756 -0.5 -0.7132290058788415266 0.7009310844677095753 0 F 0 F 0.4714218030513527835 #
coedge $-1 -1 $-1 $1263 $1160 $1162 $1214 forward $194 $-1 #
color-adesk-attrib $-1 -1 $-1 $-1 $1161 256 #
ellipse-curve $-1 -1 $-1 0.6004842186320743513 -4.791808874954329056 0.5 0 0 1 0.02454828329108665885 -0.04470326372269206594 0 1 I I #
edge $1264 -1 $-1 $1164 0 $1260 0.4714218030513527835 $1162 $1265 forward @7 unknown #
point $-1 -1 $-1 0.636231703939927562 -4.755434195654508756 0.5 #
point $-1 -1 $-1 0.6250325019231610657 -4.8365121386770209 0.5 #
edge $1266 -1 $-1 $1209 0 $1255 0.3708153771704737478 $1201 $1267 forward @7 unknown #
color-adesk-attrib $-1 -1 $-1 $-1 $1172 256 #
straight-curve $-1 -1 $-1 0.3000000000000002109 -5.015000000000000568 0.5 0.8765345827978830995 0.4813388880605233844 0 I I #
coedge $-1 -1 $-1 $1268 $1174 $1269 $1270 reversed $81 $-1 #
coedge $-1 -1 $-1 $1271 $1272 $1174 $1222 forward $1273 $-1 #
edge $1274 -1 $-1 $1275 0 $1227 0.4714218030513527835 $1221 $1276 forward @7 unknown #
coedge $-1 -1 $-1 $1277 $1175 $1178 $1230 forward $1225 $-1 #
coedge $-1 -1 $-1 $1175 $1277 $1271 $1278 forward $1225 $-1 #
loop $-1 -1 $-1 $-1 $1175 $1279 #
color-adesk-attrib $-1 -1 $-1 $-1 $1176 256 #
vertex $-1 -1 $-1 $1222 $1280 #
straight-curve $-1 -1 $-1 0.3000000000000008216 4.424999999999998934 -0.5 0.8765345827978830995 0.4813388880605233844 0 F 0 F 0.3708153771704737478 #
coedge $-1 -1 $-1 $1178 $1177 $1281 $1282 reversed $1179 $-1 #
edge $1283 -1 $-1 $1181 0 $1284 1 $1223 $1285 forward @7 tangent #
face $1286 -1 $-1 $1279 $1179 $7 $-1 $1287 forward single #
point $-1 -1 $-1 0.6250325019231616208 4.603487861322978603 -0.5 #
coedge $-1 -1 $-1 $1187 $1281 $1183 $1234 forward $194 $-1 #
edge $1288 -1 $-1 $1236 0 $1190 0.4714218030513527835 $1183 $1289 forward @7 unknown #
color-adesk-attrib $-1 -1 $-1 $-1 $1184 256 #
vertex $-1 -1 $-1 $1184 $1290 #
straight-curve $-1 -1 $-1 0.6362317039399281171 4.684565804345490747 -0.5 0 0 1 I I #
color-adesk-attrib $-1 -1 $-1 $-1 $1185 256 #
plane-surface $-1 -1 $-1 0.6362317039399281171 4.684565804345490747 -0.5 0.7009310844677095753 0.7132290058788415266 0 -0.7132290058788415266 0.7009310844677095753 0 forward_v I I I I #
color-adesk-attrib $-1 -1 $-1 $-1 $1188 256 #
straight-curve $-1 -1 $-1 0.3000000000000008216 5.014999999999998792 0.5 0.8765345827978830995 0.4813388880605233844 0 I I #
point $-1 -1 $-1 0.3000000000000008216 5.014999999999998792 0.5 #
color-adesk-attrib $-1 -1 $-1 $-1 $1198 256 #
face $1291 -1 $-1 $1292 $1293 $7 $-1 $1294 forward single #
loop $-1 -1 $-1 $-1 $1295 $1198 #
cone-surface $-1 -1 $-1 0.6004842186320744624 -3.61180887495432934 -0.5 0 0 1 0.02454828329108665885 -0.04470326372269206594 0 1 I I 0 1 0.0510000000000000106 forward I I I I #
coedge $-1 -1 $-1 $1296 $1250 $1253 $1297 forward $1199 $-1 #
coedge $-1 -1 $-1 $1258 $1201 $1203 $1252 forward $1155 $-1 #
coedge $-1 -1 $-1 $1203 $1202 $1298 $1299 reversed $1107 $-1 #
coedge $-1 -1 $-1 $1247 $1300 $1202 $1251 reversed $1199 $-1 #
edge $1301 -1 $-1 $1256 0 $1302 1 $1250 $1303 forward @7 tangent #
edge $1304 -1 $-1 $1255 0 $1305 1 $1248 $1306 forward @7 tangent #
coedge $-1 -1 $-1 $1204 $1307 $1247 $1297 reversed $81 $-1 #
color-adesk-attrib $-1 -1 $-1 $-1 $1205 256 #
vertex $-1 -1 $-1 $1217 $1308 #
vertex $-1 -1 $-1 $1297 $1309 #
ellipse-curve $-1 -1 $-1 0.6004842186320743513 -4.201808874954329198 -0.5 0 0 1 0.02454828329108665885 -0.04470326372269206594 0 1 F 0 F 1.862708991628516886 #
coedge $-1 -1 $-1 $1206 $1248 $1263 $1310 reversed $1155 $-1 #
color-adesk-attrib $-1 -1 $-1 $-1 $1207 256 #
vertex $-1 -1 $-1 $1310 $1311 #
straight-curve $-1 -1 $-1 0.3000000000000000444 -4.425000000000000711 -0.25 0 0 -1 I I #
point $-1 -1 $-1 0.3000000000000002665 -4.425000000000000711 -0.5 #
coedge $-1 -1 $-1 $1298 $1211 $1258 $1310 forward $194 $-1 #
color-adesk-attrib $-1 -1 $-1 $-1 $1214 256 #
straight-curve $-1 -1 $-1 0.636231703939927562 -4.755434195654508756 0.5 -0.7132290058788415266 0.7009310844677095753 0 I I #
color-adesk-attrib $-1 -1 $-1 $-1 $1217 256 #
straight-curve $-1 -1 $-1 0.3000000000000002665 -4.425000000000000711 -0.5 0.8765345827978830995 0.4813388880605233844 0 F 0 F 0.3708153771704737478 #
coedge $-1 -1 $-1 $1312 $1220 $1313 $1314 reversed $81 $-1 #
coedge $-1 -1 $-1 $1315 $1316 $1220 $1270 forward $1317 $-1 #
edge $1318 -1 $-1 $1319 0 $1275 1.862708991628516886 $1269 $1320 forward @7 unknown #
coedge $-1 -1 $-1 $1321 $1221 $1224 $1278 reversed $1273 $-1 #
coedge $-1 -1 $-1 $1221 $1321 $1315 $1322 reversed $1273 $-1 #
loop $-1 -1 $-1 $-1 $1221 $1323 #
color-adesk-attrib $-1 -1 $-1 $-1 $1222 256 #
vertex $-1 -1 $-1 $1222 $1324 #
straight-curve $-1 -1 $-1 0.6362317039399281171 4.094565804345491777 -0.5 -0.7132290058788415266 0.7009310844677095753 0 F 0 F 0.4714218030513527835 #
coedge $-1 -1 $-1 $1224 $1223 $1325 $1326 reversed $1225 $-1 #
edge $1327 -1 $-1 $1328 -0.75 $1227 0.25 $1271 $1329 forward @7 unknown #
face $1330 -1 $-1 $1185 $1225 $7 $-1 $1331 forward single #
point $-1 -1 $-1 0.3000000000000008216 4.424999999999998934 -0.5 #
coedge $-1 -1 $-1 $1233 $1325 $1229 $1282 forward $194 $-1 #
edge $1332 -1 $-1 $1284 0 $1236 1.862708991628516886 $1229 $1333 forward @7 unknown #
color-adesk-attrib $-1 -1 $-1 $-1 $1230 256 #
vertex $-1 -1 $-1 $1230 $1334 #
straight-curve $-1 -1 $-1 0.6250325019231616208 4.603487861322978603 -0.5 0 0 1 I I #
color-adesk-attrib $-1 -1 $-1 $-1 $1231 256 #
cone-surface $-1 -1 $-1 0.6004842186320749065 4.648191125045670447 -0.5 0 0 1 0.02454828329108665885 -0.04470326372269206594 0 1 I I 0 1 0.0510000000000000106 forward I I I I #
color-adesk-attrib $-1 -1 $-1 $-1 $1234 256 #
straight-curve $-1 -1 $-1 0.6362317039399281171 4.684565804345490747 0.5 -0.7132290058788415266 0.7009310844677095753 0 I I #
point $-1 -1 $-1 0.6362317039399281171 4.684565804345490747 0.5 #
color-adesk-attrib $-1 -1 $-1 $-1 $1244 256 #
face $1335 -1 $-1 $1336 $1337 $7 $-1 $1338 forward single #
loop $-1 -1 $-1 $-1 $1339 $1244 #
plane-surface $-1 -1 $-1 0.3000000000000002665 -3.835000000000000853 -0.5 0.4813388880605233844 -0.8765345827978830995 0 0.8765345827978830995 0.4813388880605233844 0 forward_v I I I I #
coedge $-1 -1 $-1 $1340 $1341 $1342 $1343 forward $1245 $-1 #
coedge $-1 -1 $-1 $1300 $1247 $1344 $1345 reversed $1199 $-1 #
edge $1346 -1 $-1 $1256 0 $1347 0.4714218030513527835 $1247 $1348 forward @7 unknown #
coedge $-1 -1 $-1 $1349 $1263 $1249 $1299 forward $194 $-1 #
edge $1350 -1 $-1 $1305 0 $1302 1.862708991628516886 $1249 $1351 forward @7 unknown #
coedge $-1 -1 $-1 $1250 $1296 $1349 $1352 reversed $1199 $-1 #
color-adesk-attrib $-1 -1 $-1 $-1 $1251 256 #
vertex $-1 -1 $-1 $1251 $1353 #
straight-curve $-1 -1 $-1 0.636231703939927562 -4.165434195654508898 -0.5 0 0 1 I I #
color-adesk-attrib $-1 -1 $-1 $-1 $1252 256 #
vertex $-1 -1 $-1 $1252 $1354 #
straight-curve $-1 -1 $-1 0.6250325019231610657 -4.246512138677021042 -0.5 0 0 1 I I #
coedge $-1 -1 $-1 $1253 $1342 $1339 $1355 reversed $81 $-1 #
point $-1 -1 $-1 0.6250325019231610657 -4.246512138677021042 -0.5 #
point $-1 -1 $-1 0.636231703939927562 -4.165434195654508898 -0.5 #
edge $1356 -1 $-1 $1260 0 $1305 0.3708153771704737478 $1258 $1357 forward @7 unknown #
point $-1 -1 $-1 0.3000000000000002665 -4.425000000000000711 0.5 #
coedge $-1 -1 $-1 $1358 $1268 $1359 $1360 reversed $81 $-1 #
coedge $-1 -1 $-1 $1361 $1362 $1268 $1314 forward $1363 $-1 #
edge $1364 -1 $-1 $1365 0 $1319 0.3708153771704737478 $1313 $1366 forward @7 unknown #
coedge $-1 -1 $-1 $1367 $1269 $1272 $1322 forward $1317 $-1 #
coedge $-1 -1 $-1 $1269 $1367 $1361 $1368 reversed $1317 $-1 #
loop $-1 -1 $-1 $-1 $1269 $1369 #
color-adesk-attrib $-1 -1 $-1 $-1 $1270 256 #
vertex $-1 -1 $-1 $1314 $1370 #
ellipse-curve $-1 -1 $-1 0.6004842186320749065 4.058191125045670589 -0.5 0 0 1 0.02454828329108665885 -0.04470326372269206594 0 1 F 0 F 1.862708991628516886 #
coedge $-1 -1 $-1 $1272 $1271 $1371 $1372 reversed $1273 $-1 #
edge $1373 -1 $-1 $1275 0 $1374 1 $1272 $1375 forward @7 tangent #
face $1376 -1 $-1 $1231 $1273 $7 $-1 $1377 forward single #
point $-1 -1 $-1 0.6362317039399281171 4.094565804345491777 -0.5 #
coedge $-1 -1 $-1 $1281 $1371 $1277 $1326 forward $194 $-1 #
edge $1378 -1 $-1 $1328 0 $1284 0.3708153771704737478 $1277 $1379 forward @7 unknown #
color-adesk-attrib $-1 -1 $-1 $-1 $1278 256 #
vertex $-1 -1 $-1 $1326 $1380 #
straight-curve $-1 -1 $-1 0.3000000000000002665 4.424999999999999822 -0.25 0 0 -1 I I #
color-adesk-attrib $-1 -1 $-1 $-1 $1279 256 #
plane-surface $-1 -1 $-1 0.3000000000000008216 4.424999999999998934 -0.5 0.4813388880605233844 -0.8765345827978830995 0 0.8765345827978830995 0.4813388880605233844 0 forward_v I I I I #
color-adesk-attrib $-1 -1 $-1 $-1 $1282 256 #
ellipse-curve $-1 -1 $-1 0.6004842186320749065 4.648191125045670447 0.5 0 0 1 0.02454828329108665885 -0.04470326372269206594 0 1 I I #
point $-1 -1 $-1 0.6250325019231616208 4.603487861322978603 0.5 #
color-adesk-attrib $-1 -1 $-1 $-1 $1292 256 #
face $1381 -1 $-1 $1382 $1383 $7 $-1 $1384 forward single #
loop $-1 -1 $-1 $-1 $1385 $1292 #
plane-surface $-1 -1 $-1 0.636231703939927673 -3.57543419565450904 -0.5 0.7009310844677095753 0.7132290058788415266 0 -0.7132290058788415266 0.7009310844677095753 0 forward_v I I I I #
coedge $-1 -1 $-1 $1386 $1344 $1307 $1355 forward $1293 $-1 #
coedge $-1 -1 $-1 $1387 $1295 $1388 $1389 forward $1245 $-1 #
coedge $-1 -1 $-1 $1295 $1387 $1386 $1390 reversed $1245 $-1 #
coedge $-1 -1 $-1 $1307 $1391 $1295 $1343 reversed $81 $-1 #
edge $1392 -1 $-1 $1393 0 $1394 1.862708991628516886 $1295 $1395 forward @7 unknown #
coedge $-1 -1 $-1 $1339 $1396 $1296 $1345 forward $1293 $-1 #
edge $1397 -1 $-1 $1398 -0.75 $1347 0.25 $1296 $1399 forward @7 unknown #
color-adesk-attrib $-1 -1 $-1 $-1 $1297 256 #
vertex $-1 -1 $-1 $1297 $1400 #
straight-curve $-1 -1 $-1 0.636231703939927562 -4.165434195654508898 -0.5 -0.7132290058788415266 0.7009310844677095753 0 F 0 F 0.4714218030513527835 #
coedge $-1 -1 $-1 $1401 $1298 $1300 $1352 forward $194 $-1 #
color-adesk-attrib $-1 -1 $-1 $-1 $1299 256 #
ellipse-curve $-1 -1 $-1 0.6004842186320743513 -4.201808874954329198 0.5 0 0 1 0.02454828329108665885 -0.04470326372269206594 0 1 I I #
edge $1402 -1 $-1 $1302 0 $1398 0.4714218030513527835 $1300 $1403 forward @7 unknown #
point $-1 -1 $-1 0.636231703939927562 -4.165434195654508898 0.5 #
point $-1 -1 $-1 0.6250325019231610657 -4.246512138677021042 0.5 #
edge $1404 -1 $-1 $1347 0 $1393 0.3708153771704737478 $1339 $1405 forward @7 unknown #
color-adesk-attrib $-1 -1 $-1 $-1 $1310 256 #
straight-curve $-1 -1 $-1 0.3000000000000002665 -4.425000000000000711 0.5 0.8765345827978830995 0.4813388880605233844 0 I I #
coedge $-1 -1 $-1 $1406 $1312 $1407 $1408 reversed $81 $-1 #
coedge $-1 -1 $-1 $1409 $1410 $1312 $1360 forward $1411 $-1 #
edge $1412 -1 $-1 $1413 0 $1365 0.4714218030513527835 $1359 $1414 forward @7 unknown #
coedge $-1 -1 $-1 $1415 $1313 $1316 $1368 forward $1363 $-1 #
coedge $-1 -1 $-1 $1313 $1415 $1409 $1416 forward $1363 $-1 #
loop $-1 -1 $-1 $-1 $1313 $1417 #
color-adesk-attrib $-1 -1 $-1 $-1 $1314 256 #
vertex $-1 -1 $-1 $1360 $1418 #
straight-curve $-1 -1 $-1 0.3000000000000007105 3.834999999999999076 -0.5 0.8765345827978830995 0.4813388880605233844 0 F 0 F 0.3708153771704737478 #
coedge $-1 -1 $-1 $1316 $1315 $1419 $1420 reversed $1317 $-1 #
edge $1421 -1 $-1 $1319 0 $1422 1 $1361 $1423 forward @7 tangent #
face $1424 -1 $-1 $1417 $1317 $7 $-1 $1425 forward single #
point $-1 -1 $-1 0.6250325019231616208 4.013487861322978745 -0.5 #
coedge $-1 -1 $-1 $1325 $1419 $1321 $1372 forward $194 $-1 #
edge $1426 -1 $-1 $1374 0 $1328 0.4714218030513527835 $1321 $1427 forward @7 unknown #
color-adesk-attrib $-1 -1 $-1 $-1 $1322 256 #
vertex $-1 -1 $-1 $1322 $1428 #
straight-curve $-1 -1 $-1 0.6362317039399281171 4.094565804345491777 -0.5 0 0 1 I I #
color-adesk-attrib $-1 -1 $-1 $-1 $1323 256 #
plane-surface $-1 -1 $-1 0.6362317039399281171 4.094565804345491777 -0.5 0.7009310844677095753 0.7132290058788415266 0 -0.7132290058788415266 0.7009310844677095753 0 forward_v I I I I #
color-adesk-attrib $-1 -1 $-1 $-1 $1326 256 #
straight-curve $-1 -1 $-1 0.3000000000000008216 4.424999999999998934 0.5 0.8765345827978830995 0.4813388880605233844 0 I I #
point $-1 -1 $-1 0.3000000000000008216 4.424999999999998934 0.5 #
color-adesk-attrib $-1 -1 $-1 $-1 $1336 256 #
face $1429 -1 $-1 $1430 $1431 $7 $-1 $1432 forward single #
loop $-1 -1 $-1 $-1 $1433 $1336 #
cone-surface $-1 -1 $-1 0.6004842186320744624 -3.021808874954329482 -0.5 0 0 1 0.02454828329108665885 -0.04470326372269206594 0 1 I I 0 1 0.0510000000000000106 forward I I I I #
coedge $-1 -1 $-1 $1434 $1388 $1391 $1435 forward $1337 $-1 #
coedge $-1 -1 $-1 $1396 $1339 $1341 $1390 forward $1293 $-1 #
coedge $-1 -1 $-1 $1341 $1340 $1436 $1437 reversed $1245 $-1 #
coedge $-1 -1 $-1 $1385 $1438 $1340 $1389 reversed $1337 $-1 #
edge $1439 -1 $-1 $1394 0 $1440 1 $1388 $1441 forward @7 tangent #
edge $1442 -1 $-1 $1393 0 $1443 1 $1386 $1444 forward @7 tangent #
coedge $-1 -1 $-1 $1342 $1445 $1385 $1435 reversed $81 $-1 #
color-adesk-attrib $-1 -1 $-1 $-1 $1343 256 #
vertex $-1 -1 $-1 $1355 $1446 #
vertex $-1 -1 $-1 $1435 $1447 #
ellipse-curve $-1 -1 $-1 0.6004842186320744624 -3.61180887495432934 -0.5 0 0 1 0.02454828329108665885 -0.04470326372269206594 0 1 F 0 F 1.862708991628516886 #
coedge $-1 -1 $-1 $1344 $1386 $1401 $1448 reversed $1293 $-1 #
color-adesk-attrib $-1 -1 $-1 $-1 $1345 256 #
vertex $-1 -1 $-1 $1448 $1449 #
straight-curve $-1 -1 $-1 0.2999999999999998224 -3.835000000000000853 -0.25 0 0 -1 I I #
point $-1 -1 $-1 0.3000000000000002665 -3.835000000000000853 -0.5 #
coedge $-1 -1 $-1 $1436 $1349 $1396 $1448 forward $194 $-1 #
color-adesk-attrib $-1 -1 $-1 $-1 $1352 256 #
straight-curve $-1 -1 $-1 0.636231703939927562 -4.165434195654508898 0.5 -0.7132290058788415266 0.7009310844677095753 0 I I #
color-adesk-attrib $-1 -1 $-1 $-1 $1355 256 #
straight-curve $-1 -1 $-1 0.3000000000000002665 -3.835000000000000853 -0.5 0.8765345827978830995 0.4813388880605233844 0 F 0 F 0.3708153771704737478 #
coedge $-1 -1 $-1 $1450 $1358 $1451 $1452 reversed $81 $-1 #
coedge $-1 -1 $-1 $1453 $1454 $1358 $1408 forward $1455 $-1 #
edge $1456 -1 $-1 $1457 0 $1413 1.862708991628516886 $1407 $1458 forward @7 unknown #
coedge $-1 -1 $-1 $1459 $1359 $1362 $1416 reversed $1411 $-1 #
coedge $-1 -1 $-1 $1359 $1459 $1453 $1460 reversed $1411 $-1 #
loop $-1 -1 $-1 $-1 $1359 $1461 #
color-adesk-attrib $-1 -1 $-1 $-1 $1360 256 #
vertex $-1 -1 $-1 $1360 $1462 #
straight-curve $-1 -1 $-1 0.6362317039399281171 3.504565804345491919 -0.5 -0.7132290058788415266 0.7009310844677095753 0 F 0 F 0.4714218030513527835 #
coedge $-1 -1 $-1 $1362 $1361 $1463 $1464 reversed $1363 $-1 #
edge $1465 -1 $-1 $1466 -0.75 $1365 0.25 $1409 $1467 forward @7 unknown #
face $1468 -1 $-1 $1323 $1363 $7 $-1 $1469 forward single #
point $-1 -1 $-1 0.3000000000000007105 3.834999999999999076 -0.5 #
coedge $-1 -1 $-1 $1371 $1463 $1367 $1420 forward $194 $-1 #
edge $1470 -1 $-1 $1422 0 $1374 1.862708991628516886 $1367 $1471 forward @7 unknown #
color-adesk-attrib $-1 -1 $-1 $-1 $1368 256 #
vertex $-1 -1 $-1 $1368 $1472 #
straight-curve $-1 -1 $-1 0.6250325019231616208 4.013487861322978745 -0.5 0 0 1 I I #
color-adesk-attrib $-1 -1 $-1 $-1 $1369 256 #
cone-surface $-1 -1 $-1 0.6004842186320749065 4.058191125045670589 -0.5 0 0 1 0.02454828329108665885 -0.04470326372269206594 0 1 I I 0 1 0.0510000000000000106 forward I I I I #
color-adesk-attrib $-1 -1 $-1 $-1 $1372 256 #
straight-curve $-1 -1 $-1 0.6362317039399281171 4.094565804345491777 0.5 -0.7132290058788415266 0.7009310844677095753 0 I I #
point $-1 -1 $-1 0.6362317039399281171 4.094565804345491777 0.5 #
color-adesk-attrib $-1 -1 $-1 $-1 $1382 256 #
face $1473 -1 $-1 $1474 $1475 $7 $-1 $1476 forward single #
loop $-1 -1 $-1 $-1 $1477 $1382 #
plane-surface $-1 -1 $-1 0.300000000000000322 -3.245000000000000995 -0.5 0.4813388880605233844 -0.8765345827978830995 0 0.8765345827978830995 0.4813388880605233844 0 forward_v I I I I #
coedge $-1 -1 $-1 $1478 $1479 $1480 $1481 forward $1383 $-1 #
coedge $-1 -1 $-1 $1438 $1385 $1482 $1483 reversed $1337 $-1 #
edge $1484 -1 $-1 $1394 0 $1485 0.4714218030513527835 $1385 $1486 forward @7 unknown #
coedge $-1 -1 $-1 $1487 $1401 $1387 $1437 forward $194 $-1 #
edge $1488 -1 $-1 $1443 0 $1440 1.862708991628516886 $1387 $1489 forward @7 unknown #
coedge $-1 -1 $-1 $1388 $1434 $1487 $1490 reversed $1337 $-1 #
color-adesk-attrib $-1 -1 $-1 $-1 $1389 256 #
vertex $-1 -1 $-1 $1389 $1491 #
straight-curve $-1 -1 $-1 0.636231703939927673 -3.57543419565450904 -0.5 0 0 1 I I #
color-adesk-attrib $-1 -1 $-1 $-1 $1390 256 #
vertex $-1 -1 $-1 $1390 $1492 #
straight-curve $-1 -1 $-1 0.6250325019231610657 -3.656512138677021184 -0.5 0 0 1 I I #
coedge $-1 -1 $-1 $1391 $1480 $1477 $1493 reversed $81 $-1 #
point $-1 -1 $-1 0.6250325019231610657 -3.656512138677021184 -0.5 #
point $-1 -1 $-1 0.636231703939927673 -3.57543419565450904 -0.5 #
edge $1494 -1 $-1 $1398 0 $1443 0.3708153771704737478 $1396 $1495 forward @7 unknown #
point $-1 -1 $-1 0.3000000000000002665 -3.835000000000000853 0.5 #
coedge $-1 -1 $-1 $1496 $1406 $1497 $1498 reversed $81 $-1 #
coedge $-1 -1 $-1 $1499 $1500 $1406 $1452 forward $1501 $-1 #
edge $1502 -1 $-1 $1503 0 $1457 0.3708153771704737478 $1451 $1504 forward @7 unknown #
coedge $-1 -1 $-1 $1505 $1407 $1410 $1460 forward $1455 $-1 #
coedge $-1 -1 $-1 $1407 $1505 $1499 $1506 reversed $1455 $-1 #
loop $-1 -1 $-1 $-1 $1407 $1507 #
color-adesk-attrib $-1 -1 $-1 $-1 $1408 256 #
vertex $-1 -1 $-1 $1452 $1508 #
ellipse-curve $-1 -1 $-1 0.6004842186320749065 3.468191125045670731 -0.5 0 0 1 0.02454828329108665885 -0.04470326372269206594 0 1 F 0 F 1.862708991628516886 #
coedge $-1 -1 $-1 $1410 $1409 $1509 $1510 reversed $1411 $-1 #
edge $1511 -1 $-1 $1413 0 $1512 1 $1410 $1513 forward @7 tangent #
face $1514 -1 $-1 $1369 $1411 $7 $-1 $1515 forward single #
point $-1 -1 $-1 0.6362317039399281171 3.504565804345491919 -0.5 #
coedge $-1 -1 $-1 $1419 $1509 $1415 $1464 forward $194 $-1 #
edge $1516 -1 $-1 $1466 0 $1422 0.3708153771704737478 $1415 $1517 forward @7 unknown #
color-adesk-attrib $-1 -1 $-1 $-1 $1416 256 #
vertex $-1 -1 $-1 $1464 $1518 #
straight-curve $-1 -1 $-1 0.3000000000000002665 3.834999999999999964 -0.25 0 0 -1 I I #
color-adesk-attrib $-1 -1 $-1 $-1 $1417 256 #
plane-surface $-1 -1 $-1 0.3000000000000007105 3.834999999999999076 -0.5 0.4813388880605233844 -0.8765345827978830995 0 0.8765345827978830995 0.4813388880605233844 0 forward_v I I I I #
color-adesk-attrib $-1 -1 $-1 $-1 $1420 256 #
ellipse-curve $-1 -1 $-1 0.6004842186320749065 4.058191125045670589 0.5 0 0 1 0.02454828329108665885 -0.04470326372269206594 0 1 I I #
point $-1 -1 $-1 0.6250325019231616208 4.013487861322978745 0.5 #
color-adesk-attrib $-1 -1 $-1 $-1 $1430 256 #
face $1519 -1 $-1 $1520 $1521 $7 $-1 $1522 forward single #
loop $-1 -1 $-1 $-1 $1523 $1430 #
plane-surface $-1 -1 $-1 0.636231703939927673 -2.985434195654509182 -0.5 0.7009310844677095753 0.7132290058788415266 0 -0.7132290058788415266 0.7009310844677095753 0 forward_v I I I I #
coedge $-1 -1 $-1 $1524 $1482 $1445 $1493 forward $1431 $-1 #
coedge $-1 -1 $-1 $1525 $1433 $1526 $1527 forward $1383 $-1 #
coedge $-1 -1 $-1 $1433 $1525 $1524 $1528 reversed $1383 $-1 #
coedge $-1 -1 $-1 $1445 $1529 $1433 $1481 reversed $81 $-1 #
edge $1530 -1 $-1 $1531 0 $1532 1.862708991628516886 $1433 $1533 forward @7 unknown #
coedge $-1 -1 $-1 $1477 $1534 $1434 $1483 forward $1431 $-1 #
edge $1535 -1 $-1 $1536 -0.75 $1485 0.25 $1434 $1537 forward @7 unknown #
color-adesk-attrib $-1 -1 $-1 $-1 $1435 256 #
vertex $-1 -1 $-1 $1435 $1538 #
straight-curve $-1 -1 $-1 0.636231703939927673 -3.57543419565450904 -0.5 -0.7132290058788415266 0.7009310844677095753 0 F 0 F 0.4714218030513527835 #
coedge $-1 -1 $-1 $1539 $1436 $1438 $1490 forward $194 $-1 #
color-adesk-attrib $-1 -1 $-1 $-1 $1437 256 #
ellipse-curve $-1 -1 $-1 0.6004842186320744624 -3.61180887495432934 0.5 0 0 1 0.02454828329108665885 -0.04470326372269206594 0 1 I I #
edge $1540 -1 $-1 $1440 0 $1536 0.4714218030513527835 $1438 $1541 forward @7 unknown #
point $-1 -1 $-1 0.636231703939927673 -3.57543419565450904 0.5 #
point $-1 -1 $-1 0.6250325019231610657 -3.656512138677021184 0.5 #
edge $1542 -1 $-1 $1485 0 $1531 0.3708153771704737478 $1477 $1543 forward @7 unknown #
color-adesk-attrib $-1 -1 $-1 $-1 $1448 256 #
straight-curve $-1 -1 $-1 0.3000000000000002665 -3.835000000000000853 0.5 0.8765345827978830995 0.4813388880605233844 0 I I #
coedge $-1 -1 $-1 $1544 $1450 $1545 $1546 reversed $81 $-1 #
coedge $-1 -1 $-1 $1547 $1548 $1450 $1498 forward $1549 $-1 #
edge $1550 -1 $-1 $1551 0 $1503 0.4714218030513527835 $1497 $1552 forward @7 unknown #
coedge $-1 -1 $-1 $1553 $1451 $1454 $1506 forward $1501 $-1 #
coedge $-1 -1 $-1 $1451 $1553 $1547 $1554 forward $1501 $-1 #
loop $-1 -1 $-1 $-1 $1451 $1555 #
color-adesk-attrib $-1 -1 $-1 $-1 $1452 256 #
vertex $-1 -1 $-1 $1498 $1556 #
straight-curve $-1 -1 $-1 0.3000000000000007105 3.244999999999999218 -0.5 0.8765345827978830995 0.4813388880605233844 0 F 0 F 0.3708153771704737478 #
coedge $-1 -1 $-1 $1454 $1453 $1557 $1558 reversed $1455 $-1 #
edge $1559 -1 $-1 $1457 0 $1560 1 $1499 $1561 forward @7 tangent #
face $1562 -1 $-1 $1555 $1455 $7 $-1 $1563 forward single #
point $-1 -1 $-1 0.6250325019231615098 3.423487861322978887 -0.5 #
coedge $-1 -1 $-1 $1463 $1557 $1459 $1510 forward $194 $-1 #
edge $1564 -1 $-1 $1512 0 $1466 0.4714218030513527835 $1459 $1565 forward @7 unknown #
color-adesk-attrib $-1 -1 $-1 $-1 $1460 256 #
vertex $-1 -1 $-1 $1460 $1566 #
straight-curve $-1 -1 $-1 0.6362317039399281171 3.504565804345491919 -0.5 0 0 1 I I #
color-adesk-attrib $-1 -1 $-1 $-1 $1461 256 #
plane-surface $-1 -1 $-1 0.6362317039399281171 3.504565804345491919 -0.5 0.7009310844677095753 0.7132290058788415266 0 -0.7132290058788415266 0.7009310844677095753 0 forward_v I I I I #
color-adesk-attrib $-1 -1 $-1 $-1 $1464 256 #
straight-curve $-1 -1 $-1 0.3000000000000007105 3.834999999999999076 0.5 0.8765345827978830995 0.4813388880605233844 0 I I #
point $-1 -1 $-1 0.3000000000000007105 3.834999999999999076 0.5 #
color-adesk-attrib $-1 -1 $-1 $-1 $1474 256 #
face $1567 -1 $-1 $1568 $1569 $7 $-1 $1570 forward single #
loop $-1 -1 $-1 $-1 $1571 $1474 #
cone-surface $-1 -1 $-1 0.6004842186320744624 -2.431808874954329625 -0.5 0 0 1 0.02454828329108665885 -0.04470326372269206594 0 1 I I 0 1 0.0510000000000000106 forward I I I I #
coedge $-1 -1 $-1 $1572 $1526 $1529 $1573 forward $1475 $-1 #
coedge $-1 -1 $-1 $1534 $1477 $1479 $1528 forward $1431 $-1 #
coedge $-1 -1 $-1 $1479 $1478 $1574 $1575 reversed $1383 $-1 #
coedge $-1 -1 $-1 $1523 $1576 $1478 $1527 reversed $1475 $-1 #
edge $1577 -1 $-1 $1532 0 $1578 1 $1526 $1579 forward @7 tangent #
edge $1580 -1 $-1 $1531 0 $1581 1 $1524 $1582 forward @7 tangent #
coedge $-1 -1 $-1 $1480 $1583 $1523 $1573 reversed $81 $-1 #
color-adesk-attrib $-1 -1 $-1 $-1 $1481 256 #
vertex $-1 -1 $-1 $1493 $1584 #
vertex $-1 -1 $-1 $1573 $1585 #
ellipse-curve $-1 -1 $-1 0.6004842186320744624 -3.021808874954329482 -0.5 0 0 1 0.02454828329108665885 -0.04470326372269206594 0 1 F 0 F 1.862708991628516886 #
coedge $-1 -1 $-1 $1482 $1524 $1539 $1586 reversed $1431 $-1 #
color-adesk-attrib $-1 -1 $-1 $-1 $1483 256 #
vertex $-1 -1 $-1 $1586 $1587 #
straight-curve $-1 -1 $-1 0.2999999999999999334 -3.245000000000000995 -0.25 0 0 -1 I I #
point $-1 -1 $-1 0.300000000000000322 -3.245000000000000995 -0.5 #
coedge $-1 -1 $-1 $1574 $1487 $1534 $1586 forward $194 $-1 #
color-adesk-attrib $-1 -1 $-1 $-1 $1490 256 #
straight-curve $-1 -1 $-1 0.636231703939927673 -3.57543419565450904 0.5 -0.7132290058788415266 0.7009310844677095753 0 I I #
color-adesk-attrib $-1 -1 $-1 $-1 $1493 256 #
straight-curve $-1 -1 $-1 0.300000000000000322 -3.245000000000000995 -0.5 0.8765345827978830995 0.4813388880605233844 0 F 0 F 0.3708153771704737478 #
coedge $-1 -1 $-1 $1588 $1496 $1589 $1590 reversed $81 $-1 #
coedge $-1 -1 $-1 $1591 $1592 $1496 $1546 forward $1593 $-1 #
edge $1594 -1 $-1 $1595 0 $1551 1.862708991628516886 $1545 $1596 forward @7 unknown #
coedge $-1 -1 $-1 $1597 $1497 $1500 $1554 reversed $1549 $-1 #
coedge $-1 -1 $-1 $1497 $1597 $1591 $1598 reversed $1549 $-1 #
loop $-1 -1 $-1 $-1 $1497 $1599 #
color-adesk-attrib $-1 -1 $-1 $-1 $1498 256 #
vertex $-1 -1 $-1 $1498 $1600 #
straight-curve $-1 -1 $-1 0.6362317039399280061 2.914565804345492062 -0.5 -0.7132290058788415266 0.7009310844677095753 0 F 0 F 0.4714218030513527835 #
coedge $-1 -1 $-1 $1500 $1499 $1601 $1602 reversed $1501 $-1 #
edge $1603 -1 $-1 $1604 -0.75 $1503 0.25 $1547 $1605 forward @7 unknown #
face $1606 -1 $-1 $1461 $1501 $7 $-1 $1607 forward single #
point $-1 -1 $-1 0.3000000000000007105 3.244999999999999218 -0.5 #
coedge $-1 -1 $-1 $1509 $1601 $1505 $1558 forward $194 $-1 #
edge $1608 -1 $-1 $1560 0 $1512 1.862708991628516886 $1505 $1609 forward @7 unknown #
color-adesk-attrib $-1 -1 $-1 $-1 $1506 256 #
vertex $-1 -1 $-1 $1506 $1610 #
straight-curve $-1 -1 $-1 0.6250325019231615098 3.423487861322978887 -0.5 0 0 1 I I #
color-adesk-attrib $-1 -1 $-1 $-1 $1507 256 #
cone-surface $-1 -1 $-1 0.6004842186320749065 3.468191125045670731 -0.5 0 0 1 0.02454828329108665885 -0.04470326372269206594 0 1 I I 0 1 0.0510000000000000106 forward I I I I #
color-adesk-attrib $-1 -1 $-1 $-1 $1510 256 #
straight-curve $-1 -1 $-1 0.6362317039399281171 3.504565804345491919 0.5 -0.7132290058788415266 0.7009310844677095753 0 I I #
point $-1 -1 $-1 0.6362317039399281171 3.504565804345491919 0.5 #
color-adesk-attrib $-1 -1 $-1 $-1 $1520 256 #
face $1611 -1 $-1 $1612 $1613 $7 $-1 $1614 forward single #
loop $-1 -1 $-1 $-1 $1615 $1520 #
plane-surface $-1 -1 $-1 0.3000000000000003775 -2.655000000000001137 -0.5 0.4813388880605233844 -0.8765345827978830995 0 0.8765345827978830995 0.4813388880605233844 0 forward_v I I I I #
coedge $-1 -1 $-1 $1616 $1617 $1618 $1619 forward $1521 $-1 #
coedge $-1 -1 $-1 $1576 $1523 $1620 $1621 reversed $1475 $-1 #
edge $1622 -1 $-1 $1532 0 $1623 0.4714218030513527835 $1523 $1624 forward @7 unknown #
coedge $-1 -1 $-1 $1625 $1539 $1525 $1575 forward $194 $-1 #
edge $1626 -1 $-1 $1581 0 $1578 1.862708991628516886 $1525 $1627 forward @7 unknown #
coedge $-1 -1 $-1 $1526 $1572 $1625 $1628 reversed $1475 $-1 #
color-adesk-attrib $-1 -1 $-1 $-1 $1527 256 #
vertex $-1 -1 $-1 $1527 $1629 #
straight-curve $-1 -1 $-1 0.636231703939927673 -2.985434195654509182 -0.5 0 0 1 I I #
color-adesk-attrib $-1 -1 $-1 $-1 $1528 256 #
vertex $-1 -1 $-1 $1528 $1630 #
straight-curve $-1 -1 $-1 0.6250325019231611767 -3.066512138677021326 -0.5 0 0 1 I I #
coedge $-1 -1 $-1 $1529 $1618 $1615 $1631 reversed $81 $-1 #
point $-1 -1 $-1 0.6250325019231611767 -3.066512138677021326 -0.5 #
point $-1 -1 $-1 0.636231703939927673 -2.985434195654509182 -0.5 #
edge $1632 -1 $-1 $1536 0 $1581 0.3708153771704737478 $1534 $1633 forward @7 unknown #
point $-1 -1 $-1 0.300000000000000322 -3.245000000000000995 0.5 #
coedge $-1 -1 $-1 $1634 $1544 $1635 $1636 reversed $81 $-1 #
coedge $-1 -1 $-1 $1637 $1638 $1544 $1590 forward $1639 $-1 #
edge $1640 -1 $-1 $1641 0 $1595 0.3708153771704737478 $1589 $1642 forward @7 unknown #
coedge $-1 -1 $-1 $1643 $1545 $1548 $1598 forward $1593 $-1 #
coedge $-1 -1 $-1 $1545 $1643 $1637 $1644 reversed $1593 $-1 #
loop $-1 -1 $-1 $-1 $1545 $1645 #
color-adesk-attrib $-1 -1 $-1 $-1 $1546 256 #
vertex $-1 -1 $-1 $1590 $1646 #
ellipse-curve $-1 -1 $-1 0.6004842186320747954 2.878191125045670873 -0.5 0 0 1 0.02454828329108665885 -0.04470326372269206594 0 1 F 0 F 1.862708991628516886 #
coedge $-1 -1 $-1 $1548 $1547 $1647 $1648 reversed $1549 $-1 #
edge $1649 -1 $-1 $1551 0 $1650 1 $1548 $1651 forward @7 tangent #
face $1652 -1 $-1 $1507 $1549 $7 $-1 $1653 forward single #
point $-1 -1 $-1 0.6362317039399280061 2.914565804345492062 -0.5 #
coedge $-1 -1 $-1 $1557 $1647 $1553 $1602 forward $194 $-1 #
edge $1654 -1 $-1 $1604 0 $1560 0.3708153771704737478 $1553 $1655 forward @7 unknown #
color-adesk-attrib $-1 -1 $-1 $-1 $1554 256 #
vertex $-1 -1 $-1 $1602 $1656 #
straight-curve $-1 -1 $-1 0.3000000000000000444 3.245000000000000551 -0.25 0 0 -1 I I #
color-adesk-attrib $-1 -1 $-1 $-1 $1555 256 #
plane-surface $-1 -1 $-1 0.3000000000000007105 3.244999999999999218 -0.5 0.4813388880605233844 -0.8765345827978830995 0 0.8765345827978830995 0.4813388880605233844 0 forward_v I I I I #
color-adesk-attrib $-1 -1 $-1 $-1 $1558 256 #
ellipse-curve $-1 -1 $-1 0.6004842186320749065 3.468191125045670731 0.5 0 0 1 0.02454828329108665885 -0.04470326372269206594 0 1 I I #
point $-1 -1 $-1 0.6250325019231615098 3.423487861322978887 0.5 #
color-adesk-attrib $-1 -1 $-1 $-1 $1568 256 #
face $1657 -1 $-1 $1658 $1659 $7 $-1 $1660 forward single #
loop $-1 -1 $-1 $-1 $1661 $1568 #
plane-surface $-1 -1 $-1 0.636231703939927673 -2.395434195654509324 -0.5 0.7009310844677095753 0.7132290058788415266 0 -0.7132290058788415266 0.7009310844677095753 0 forward_v I I I I #
coedge $-1 -1 $-1 $1662 $1620 $1583 $1631 forward $1569 $-1 #
coedge $-1 -1 $-1 $1663 $1571 $1664 $1665 forward $1521 $-1 #
coedge $-1 -1 $-1 $1571 $1663 $1662 $1666 reversed $1521 $-1 #
coedge $-1 -1 $-1 $1583 $1667 $1571 $1619 reversed $81 $-1 #
edge $1668 -1 $-1 $1669 0 $1670 1.862708991628516886 $1571 $1671 forward @7 unknown #
coedge $-1 -1 $-1 $1615 $1672 $1572 $1621 forward $1569 $-1 #
edge $1673 -1 $-1 $1674 -0.75 $1623 0.25 $1572 $1675 forward @7 unknown #
color-adesk-attrib $-1 -1 $-1 $-1 $1573 256 #
vertex $-1 -1 $-1 $1573 $1676 #
straight-curve $-1 -1 $-1 0.636231703939927673 -2.985434195654509182 -0.5 -0.7132290058788415266 0.7009310844677095753 0 F 0 F 0.4714218030513527835 #
coedge $-1 -1 $-1 $1677 $1574 $1576 $1628 forward $194 $-1 #
color-adesk-attrib $-1 -1 $-1 $-1 $1575 256 #
ellipse-curve $-1 -1 $-1 0.6004842186320744624 -3.021808874954329482 0.5 0 0 1 0.02454828329108665885 -0.04470326372269206594 0 1 I I #
edge $1678 -1 $-1 $1578 0 $1674 0.4714218030513527835 $1576 $1679 forward @7 unknown #
point $-1 -1 $-1 0.636231703939927673 -2.985434195654509182 0.5 #
point $-1 -1 $-1 0.6250325019231611767 -3.066512138677021326 0.5 #
edge $1680 -1 $-1 $1623 0 $1669 0.3708153771704737478 $1615 $1681 forward @7 unknown #
color-adesk-attrib $-1 -1 $-1 $-1 $1586 256 #
straight-curve $-1 -1 $-1 0.300000000000000322 -3.245000000000000995 0.5 0.8765345827978830995 0.4813388880605233844 0 I I #
coedge $-1 -1 $-1 $1682 $1588 $1683 $1684 reversed $81 $-1 #
coedge $-1 -1 $-1 $1685 $1686 $1588 $1636 forward $1687 $-1 #
edge $1688 -1 $-1 $1689 0 $1641 0.4714218030513527835 $1635 $1690 forward @7 unknown #
coedge $-1 -1 $-1 $1691 $1589 $1592 $1644 forward $1639 $-1 #
coedge $-1 -1 $-1 $1589 $1691 $1685 $1692 forward $1639 $-1 #
loop $-1 -1 $-1 $-1 $1589 $1693 #
color-adesk-attrib $-1 -1 $-1 $-1 $1590 256 #
vertex $-1 -1 $-1 $1636 $1694 #
straight-curve $-1 -1 $-1 0.3000000000000007105 2.654999999999999361 -0.5 0.8765345827978830995 0.4813388880605233844 0 F 0 F 0.3708153771704737478 #
coedge $-1 -1 $-1 $1592 $1591 $1695 $1696 reversed $1593 $-1 #
edge $1697 -1 $-1 $1595 0 $1698 1 $1637 $1699 forward @7 tangent #
face $1700 -1 $-1 $1693 $1593 $7 $-1 $1701 forward single #
point $-1 -1 $-1 0.6250325019231615098 2.833487861322979029 -0.5 #
coedge $-1 -1 $-1 $1601 $1695 $1597 $1648 forward $194 $-1 #
edge $1702 -1 $-1 $1650 0 $1604 0.4714218030513527835 $1597 $1703 forward @7 unknown #
color-adesk-attrib $-1 -1 $-1 $-1 $1598 256 #
vertex $-1 -1 $-1 $1598 $1704 #
straight-curve $-1 -1 $-1 0.6362317039399280061 2.914565804345492062 -0.5 0 0 1 I I #
color-adesk-attrib $-1 -1 $-1 $-1 $1599 256 #
plane-surface $-1 -1 $-1 0.6362317039399280061 2.914565804345492062 -0.5 0.7009310844677095753 0.7132290058788415266 0 -0.7132290058788415266 0.7009310844677095753 0 forward_v I I I I #
color-adesk-attrib $-1 -1 $-1 $-1 $1602 256 #
straight-curve $-1 -1 $-1 0.3000000000000007105 3.244999999999999218 0.5 0.8765345827978830995 0.4813388880605233844 0 I I #
point $-1 -1 $-1 0.3000000000000007105 3.244999999999999218 0.5 #
color-adesk-attrib $-1 -1 $-1 $-1 $1612 256 #
face $1705 -1 $-1 $1706 $1707 $7 $-1 $1708 forward single #
loop $-1 -1 $-1 $-1 $1709 $1612 #
cone-surface $-1 -1 $-1 0.6004842186320744624 -1.841808874954329767 -0.5 0 0 1 0.02454828329108665885 -0.04470326372269206594 0 1 I I 0 1 0.0510000000000000106 forward I I I I #
coedge $-1 -1 $-1 $1710 $1664 $1667 $1711 forward $1613 $-1 #
coedge $-1 -1 $-1 $1672 $1615 $1617 $1666 forward $1569 $-1 #
coedge $-1 -1 $-1 $1617 $1616 $1712 $1713 reversed $1521 $-1 #
coedge $-1 -1 $-1 $1661 $1714 $1616 $1665 reversed $1613 $-1 #
edge $1715 -1 $-1 $1670 0 $1716 1 $1664 $1717 forward @7 tangent #
edge $1718 -1 $-1 $1669 0 $1719 1 $1662 $1720 forward @7 tangent #
coedge $-1 -1 $-1 $1618 $1721 $1661 $1711 reversed $81 $-1 #
color-adesk-attrib $-1 -1 $-1 $-1 $1619 256 #
vertex $-1 -1 $-1 $1631 $1722 #
vertex $-1 -1 $-1 $1711 $1723 #
ellipse-curve $-1 -1 $-1 0.6004842186320744624 -2.431808874954329625 -0.5 0 0 1 0.02454828329108665885 -0.04470326372269206594 0 1 F 0 F 1.862708991628516886 #
coedge $-1 -1 $-1 $1620 $1662 $1677 $1724 reversed $1569 $-1 #
color-adesk-attrib $-1 -1 $-1 $-1 $1621 256 #
vertex $-1 -1 $-1 $1724 $1725 #
straight-curve $-1 -1 $-1 0.2999999999999999334 -2.655000000000000693 -0.25 0 0 -1 I I #
point $-1 -1 $-1 0.3000000000000003775 -2.655000000000001137 -0.5 #
coedge $-1 -1 $-1 $1712 $1625 $1672 $1724 forward $194 $-1 #
color-adesk-attrib $-1 -1 $-1 $-1 $1628 256 #
straight-curve $-1 -1 $-1 0.636231703939927673 -2.985434195654509182 0.5 -0.7132290058788415266 0.7009310844677095753 0 I I #
color-adesk-attrib $-1 -1 $-1 $-1 $1631 256 #
straight-curve $-1 -1 $-1 0.3000000000000003775 -2.655000000000001137 -0.5 0.8765345827978830995 0.4813388880605233844 0 F 0 F 0.3708153771704737478 #
coedge $-1 -1 $-1 $1726 $1634 $1727 $1728 reversed $81 $-1 #
coedge $-1 -1 $-1 $1729 $1730 $1634 $1684 forward $1731 $-1 #
edge $1732 -1 $-1 $1733 0 $1689 1.862708991628516886 $1683 $1734 forward @7 unknown #
coedge $-1 -1 $-1 $1735 $1635 $1638 $1692 reversed $1687 $-1 #
coedge $-1 -1 $-1 $1635 $1735 $1729 $1736 reversed $1687 $-1 #
loop $-1 -1 $-1 $-1 $1635 $1737 #
color-adesk-attrib $-1 -1 $-1 $-1 $1636 256 #
vertex $-1 -1 $-1 $1636 $1738 #
straight-curve $-1 -1 $-1 0.6362317039399280061 2.324565804345492204 -0.5 -0.7132290058788415266 0.7009310844677095753 0 F 0 F 0.4714218030513527835 #
coedge $-1 -1 $-1 $1638 $1637 $1739 $1740 reversed $1639 $-1 #
edge $1741 -1 $-1 $1742 -0.75 $1641 0.25 $1685 $1743 forward @7 unknown #
face $1744 -1 $-1 $1599 $1639 $7 $-1 $1745 forward single #
point $-1 -1 $-1 0.3000000000000007105 2.654999999999999361 -0.5 #
coedge $-1 -1 $-1 $1647 $1739 $1643 $1696 forward $194 $-1 #
edge $1746 -1 $-1 $1698 0 $1650 1.862708991628516886 $1643 $1747 forward @7 unknown #
color-adesk-attrib $-1 -1 $-1 $-1 $1644 256 #
vertex $-1 -1 $-1 $1644 $1748 #
straight-curve $-1 -1 $-1 0.6250325019231615098 2.833487861322979029 -0.5 0 0 1 I I #
color-adesk-attrib $-1 -1 $-1 $-1 $1645 256 #
cone-surface $-1 -1 $-1 0.6004842186320747954 2.878191125045670873 -0.5 0 0 1 0.02454828329108665885 -0.04470326372269206594 0 1 I I 0 1 0.0510000000000000106 forward I I I I #
color-adesk-attrib $-1 -1 $-1 $-1 $1648 256 #
straight-curve $-1 -1 $-1 0.6362317039399280061 2.914565804345492062 0.5 -0.7132290058788415266 0.7009310844677095753 0 I I #
point $-1 -1 $-1 0.6362317039399280061 2.914565804345492062 0.5 #
color-adesk-attrib $-1 -1 $-1 $-1 $1658 256 #
face $1749 -1 $-1 $1750 $1751 $7 $-1 $1752 forward single #
loop $-1 -1 $-1 $-1 $1753 $1658 #
plane-surface $-1 -1 $-1 0.3000000000000003775 -2.065000000000001279 -0.5 0.4813388880605233844 -0.8765345827978830995 0 0.8765345827978830995 0.4813388880605233844 0 forward_v I I I I #
coedge $-1 -1 $-1 $1754 $1755 $1756 $1757 forward $1659 $-1 #
coedge $-1 -1 $-1 $1714 $1661 $1758 $1759 reversed $1613 $-1 #
edge $1760 -1 $-1 $1670 0 $1761 0.4714218030513527835 $1661 $1762 forward @7 unknown #
coedge $-1 -1 $-1 $1763 $1677 $1663 $1713 forward $194 $-1 #
edge $1764 -1 $-1 $1719 0 $1716 1.862708991628516886 $1663 $1765 forward @7 unknown #
coedge $-1 -1 $-1 $1664 $1710 $1763 $1766 reversed $1613 $-1 #
color-adesk-attrib $-1 -1 $-1 $-1 $1665 256 #
vertex $-1 -1 $-1 $1665 $1767 #
straight-curve $-1 -1 $-1 0.636231703939927673 -2.395434195654509324 -0.5 0 0 1 I I #
color-adesk-attrib $-1 -1 $-1 $-1 $1666 256 #
vertex $-1 -1 $-1 $1666 $1768 #
straight-curve $-1 -1 $-1 0.6250325019231611767 -2.476512138677021468 -0.5 0 0 1 I I #
coedge $-1 -1 $-1 $1667 $1756 $1753 $1769 reversed $81 $-1 #
point $-1 -1 $-1 0.6250325019231611767 -2.476512138677021468 -0.5 #
point $-1 -1 $-1 0.636231703939927673 -2.395434195654509324 -0.5 #
edge $1770 -1 $-1 $1674 0 $1719 0.3708153771704737478 $1672 $1771 forward @7 unknown #
point $-1 -1 $-1 0.3000000000000003775 -2.655000000000001137 0.5 #
coedge $-1 -1 $-1 $1772 $1682 $1773 $1774 reversed $81 $-1 #
coedge $-1 -1 $-1 $1775 $1776 $1682 $1728 forward $1777 $-1 #
edge $1778 -1 $-1 $1779 0 $1733 0.3708153771704737478 $1727 $1780 forward @7 unknown #
coedge $-1 -1 $-1 $1781 $1683 $1686 $1736 forward $1731 $-1 #
coedge $-1 -1 $-1 $1683 $1781 $1775 $1782 reversed $1731 $-1 #
loop $-1 -1 $-1 $-1 $1683 $1783 #
color-adesk-attrib $-1 -1 $-1 $-1 $1684 256 #
vertex $-1 -1 $-1 $1728 $1784 #
ellipse-curve $-1 -1 $-1 0.6004842186320747954 2.288191125045671015 -0.5 0 0 1 0.02454828329108665885 -0.04470326372269206594 0 1 F 0 F 1.862708991628516886 #
coedge $-1 -1 $-1 $1686 $1685 $1785 $1786 reversed $1687 $-1 #
edge $1787 -1 $-1 $1689 0 $1788 1 $1686 $1789 forward @7 tangent #
face $1790 -1 $-1 $1645 $1687 $7 $-1 $1791 forward single #
point $-1 -1 $-1 0.6362317039399280061 2.324565804345492204 -0.5 #
coedge $-1 -1 $-1 $1695 $1785 $1691 $1740 forward $194 $-1 #
edge $1792 -1 $-1 $1742 0 $1698 0.3708153771704737478 $1691 $1793 forward @7 unknown #
color-adesk-attrib $-1 -1 $-1 $-1 $1692 256 #
vertex $-1 -1 $-1 $1740 $1794 #
straight-curve $-1 -1 $-1 0.3000000000000000444 2.655000000000000249 -0.25 0 0 -1 I I #
color-adesk-attrib $-1 -1 $-1 $-1 $1693 256 #
plane-surface $-1 -1 $-1 0.3000000000000007105 2.654999999999999361 -0.5 0.4813388880605233844 -0.8765345827978830995 0 0.8765345827978830995 0.4813388880605233844 0 forward_v I I I I #
color-adesk-attrib $-1 -1 $-1 $-1 $1696 256 #
ellipse-curve $-1 -1 $-1 0.6004842186320747954 2.878191125045670873 0.5 0 0 1 0.02454828329108665885 -0.04470326372269206594 0 1 I I #
point $-1 -1 $-1 0.6250325019231615098 2.833487861322979029 0.5 #
color-adesk-attrib $-1 -1 $-1 $-1 $1706 256 #
face $1795 -1 $-1 $1796 $1797 $7 $-1 $1798 forward single #
loop $-1 -1 $-1 $-1 $1799 $1706 #
plane-surface $-1 -1 $-1 0.636231703939927673 -1.805434195654509466 -0.5 0.7009310844677095753 0.7132290058788415266 0 -0.7132290058788415266 0.7009310844677095753 0 forward_v I I I I #
coedge $-1 -1 $-1 $1800 $1758 $1721 $1769 forward $1707 $-1 #
coedge $-1 -1 $-1 $1801 $1709 $1802 $1803 forward $1659 $-1 #
coedge $-1 -1 $-1 $1709 $1801 $1800 $1804 reversed $1659 $-1 #
coedge $-1 -1 $-1 $1721 $1805 $1709 $1757 reversed $81 $-1 #
edge $1806 -1 $-1 $1807 0 $1808 1.862708991628516886 $1709 $1809 forward @7 unknown #
coedge $-1 -1 $-1 $1753 $1810 $1710 $1759 forward $1707 $-1 #
edge $1811 -1 $-1 $1812 -0.75 $1761 0.25 $1710 $1813 forward @7 unknown #
color-adesk-attrib $-1 -1 $-1 $-1 $1711 256 #
vertex $-1 -1 $-1 $1711 $1814 #
straight-curve $-1 -1 $-1 0.636231703939927673 -2.395434195654509324 -0.5 -0.7132290058788415266 0.7009310844677095753 0 F 0 F 0.4714218030513527835 #
coedge $-1 -1 $-1 $1815 $1712 $1714 $1766 forward $194 $-1 #
color-adesk-attrib $-1 -1 $-1 $-1 $1713 256 #
ellipse-curve $-1 -1 $-1 0.6004842186320744624 -2.431808874954329625 0.5 0 0 1 0.02454828329108665885 -0.04470326372269206594 0 1 I I #
edge $1816 -1 $-1 $1716 0 $1812 0.4714218030513527835 $1714 $1817 forward @7 unknown #
point $-1 -1 $-1 0.636231703939927673 -2.395434195654509324 0.5 #
point $-1 -1 $-1 0.6250325019231611767 -2.476512138677021468 0.5 #
edge $1818 -1 $-1 $1761 0 $1807 0.3708153771704737478 $1753 $1819 forward @7 unknown #
color-adesk-attrib $-1 -1 $-1 $-1 $1724 256 #
straight-curve $-1 -1 $-1 0.3000000000000003775 -2.655000000000001137 0.5 0.8765345827978830995 0.4813388880605233844 0 I I #
coedge $-1 -1 $-1 $1820 $1726 $1821 $1822 reversed $81 $-1 #
coedge $-1 -1 $-1 $1823 $1824 $1726 $1774 forward $1825 $-1 #
edge $1826 -1 $-1 $1827 0 $1779 0.4714218030513527835 $1773 $1828 forward @7 unknown #
coedge $-1 -1 $-1 $1829 $1727 $1730 $1782 forward $1777 $-1 #
coedge $-1 -1 $-1 $1727 $1829 $1823 $1830 forward $1777 $-1 #
loop $-1 -1 $-1 $-1 $1727 $1831 #
color-adesk-attrib $-1 -1 $-1 $-1 $1728 256 #
vertex $-1 -1 $-1 $1774 $1832 #
straight-curve $-1 -1 $-1 0.3000000000000005995 2.064999999999999503 -0.5 0.8765345827978830995 0.4813388880605233844 0 F 0 F 0.3708153771704737478 #
coedge $-1 -1 $-1 $1730 $1729 $1833 $1834 reversed $1731 $-1 #
edge $1835 -1 $-1 $1733 0 $1836 1 $1775 $1837 forward @7 tangent #
face $1838 -1 $-1 $1831 $1731 $7 $-1 $1839 forward single #
point $-1 -1 $-1 0.6250325019231615098 2.243487861322979171 -0.5 #
coedge $-1 -1 $-1 $1739 $1833 $1735 $1786 forward $194 $-1 #
edge $1840 -1 $-1 $1788 0 $1742 0.4714218030513527835 $1735 $1841 forward @7 unknown #
color-adesk-attrib $-1 -1 $-1 $-1 $1736 256 #
vertex $-1 -1 $-1 $1736 $1842 #
straight-curve $-1 -1 $-1 0.6362317039399280061 2.324565804345492204 -0.5 0 0 1 I I #
color-adesk-attrib $-1 -1 $-1 $-1 $1737 256 #
plane-surface $-1 -1 $-1 0.6362317039399280061 2.324565804345492204 -0.5 0.7009310844677095753 0.7132290058788415266 0 -0.7132290058788415266 0.7009310844677095753 0 forward_v I I I I #
color-adesk-attrib $-1 -1 $-1 $-1 $1740 256 #
straight-curve $-1 -1 $-1 0.3000000000000007105 2.654999999999999361 0.5 0.8765345827978830995 0.4813388880605233844 0 I I #
point $-1 -1 $-1 0.3000000000000007105 2.654999999999999361 0.5 #
color-adesk-attrib $-1 -1 $-1 $-1 $1750 256 #
face $1843 -1 $-1 $1844 $1845 $7 $-1 $1846 forward single #
loop $-1 -1 $-1 $-1 $1847 $1750 #
cone-surface $-1 -1 $-1 0.6004842186320745734 -1.251808874954328132 -0.5 0 0 1 0.02454828329108665885 -0.04470326372269206594 0 1 I I 0 1 0.0510000000000000106 forward I I I I #
coedge $-1 -1 $-1 $1848 $1802 $1805 $1849 forward $1751 $-1 #
coedge $-1 -1 $-1 $1810 $1753 $1755 $1804 forward $1707 $-1 #
coedge $-1 -1 $-1 $1755 $1754 $1850 $1851 reversed $1659 $-1 #
coedge $-1 -1 $-1 $1799 $1852 $1754 $1803 reversed $1751 $-1 #
edge $1853 -1 $-1 $1808 0 $1854 1 $1802 $1855 forward @7 tangent #
edge $1856 -1 $-1 $1807 0 $1857 1 $1800 $1858 forward @7 tangent #
coedge $-1 -1 $-1 $1756 $1859 $1799 $1849 reversed $81 $-1 #
color-adesk-attrib $-1 -1 $-1 $-1 $1757 256 #
vertex $-1 -1 $-1 $1769 $1860 #
vertex $-1 -1 $-1 $1849 $1861 #
ellipse-curve $-1 -1 $-1 0.6004842186320744624 -1.841808874954329767 -0.5 0 0 1 0.02454828329108665885 -0.04470326372269206594 0 1 F 0 F 1.862708991628516886 #
coedge $-1 -1 $-1 $1758 $1800 $1815 $1862 reversed $1707 $-1 #
color-adesk-attrib $-1 -1 $-1 $-1 $1759 256 #
vertex $-1 -1 $-1 $1862 $1863 #
straight-curve $-1 -1 $-1 0.2999999999999999334 -2.065000000000001279 -0.25 0 0 -1 I I #
point $-1 -1 $-1 0.3000000000000003775 -2.065000000000001279 -0.5 #
coedge $-1 -1 $-1 $1850 $1763 $1810 $1862 forward $194 $-1 #
color-adesk-attrib $-1 -1 $-1 $-1 $1766 256 #
straight-curve $-1 -1 $-1 0.636231703939927673 -2.395434195654509324 0.5 -0.7132290058788415266 0.7009310844677095753 0 I I #
color-adesk-attrib $-1 -1 $-1 $-1 $1769 256 #
straight-curve $-1 -1 $-1 0.3000000000000003775 -2.065000000000001279 -0.5 0.8765345827978830995 0.4813388880605233844 0 F 0 F 0.3708153771704737478 #
coedge $-1 -1 $-1 $1864 $1772 $1865 $1866 reversed $81 $-1 #
coedge $-1 -1 $-1 $1867 $1868 $1772 $1822 forward $1869 $-1 #
edge $1870 -1 $-1 $1871 0 $1827 1.862708991628516886 $1821 $1872 forward @7 unknown #
coedge $-1 -1 $-1 $1873 $1773 $1776 $1830 reversed $1825 $-1 #
coedge $-1 -1 $-1 $1773 $1873 $1867 $1874 reversed $1825 $-1 #
loop $-1 -1 $-1 $-1 $1773 $1875 #
color-adesk-attrib $-1 -1 $-1 $-1 $1774 256 #
vertex $-1 -1 $-1 $1774 $1876 #
straight-curve $-1 -1 $-1 0.6362317039399278951 1.734565804345492346 -0.5 -0.7132290058788415266 0.7009310844677095753 0 F 0 F 0.4714218030513527835 #
coedge $-1 -1 $-1 $1776 $1775 $1877 $1878 reversed $1777 $-1 #
edge $1879 -1 $-1 $1880 -0.75 $1779 0.25 $1823 $1881 forward @7 unknown #
face $1882 -1 $-1 $1737 $1777 $7 $-1 $1883 forward single #
point $-1 -1 $-1 0.3000000000000005995 2.064999999999999503 -0.5 #
coedge $-1 -1 $-1 $1785 $1877 $1781 $1834 forward $194 $-1 #
edge $1884 -1 $-1 $1836 0 $1788 1.862708991628516886 $1781 $1885 forward @7 unknown #
color-adesk-attrib $-1 -1 $-1 $-1 $1782 256 #
vertex $-1 -1 $-1 $1782 $1886 #
straight-curve $-1 -1 $-1 0.6250325019231615098 2.243487861322979171 -0.5 0 0 1 I I #
color-adesk-attrib $-1 -1 $-1 $-1 $1783 256 #
cone-surface $-1 -1 $-1 0.6004842186320747954 2.288191125045671015 -0.5 0 0 1 0.02454828329108665885 -0.04470326372269206594 0 1 I I 0 1 0.0510000000000000106 forward I I I I #
color-adesk-attrib $-1 -1 $-1 $-1 $1786 256 #
straight-curve $-1 -1 $-1 0.6362317039399280061 2.324565804345492204 0.5 -0.7132290058788415266 0.7009310844677095753 0 I I #
point $-1 -1 $-1 0.6362317039399280061 2.324565804345492204 0.5 #
color-adesk-attrib $-1 -1 $-1 $-1 $1796 256 #
face $1887 -1 $-1 $1888 $1889 $7 $-1 $1890 forward single #
loop $-1 -1 $-1 $-1 $1891 $1796 #
plane-surface $-1 -1 $-1 0.300000000000000433 -1.474999999999999645 -0.5 0.4813388880605233844 -0.8765345827978830995 0 0.8765345827978830995 0.4813388880605233844 0 forward_v I I I I #
coedge $-1 -1 $-1 $1892 $1893 $1894 $1895 forward $1797 $-1 #
coedge $-1 -1 $-1 $1852 $1799 $1896 $1897 reversed $1751 $-1 #
edge $1898 -1 $-1 $1808 0 $1899 0.4714218030513527835 $1799 $1900 forward @7 unknown #
coedge $-1 -1 $-1 $1901 $1815 $1801 $1851 forward $194 $-1 #
edge $1902 -1 $-1 $1857 0 $1854 1.862708991628516886 $1801 $1903 forward @7 unknown #
coedge $-1 -1 $-1 $1802 $1848 $1901 $1904 reversed $1751 $-1 #
color-adesk-attrib $-1 -1 $-1 $-1 $1803 256 #
vertex $-1 -1 $-1 $1803 $1905 #
straight-curve $-1 -1 $-1 0.636231703939927673 -1.805434195654509466 -0.5 0 0 1 I I #
color-adesk-attrib $-1 -1 $-1 $-1 $1804 256 #
vertex $-1 -1 $-1 $1804 $1906 #
straight-curve $-1 -1 $-1 0.6250325019231612877 -1.886512138677021611 -0.5 0 0 1 I I #
coedge $-1 -1 $-1 $1805 $1894 $1891 $1907 reversed $81 $-1 #
point $-1 -1 $-1 0.6250325019231612877 -1.886512138677021611 -0.5 #
point $-1 -1 $-1 0.636231703939927673 -1.805434195654509466 -0.5 #
edge $1908 -1 $-1 $1812 0 $1857 0.3708153771704737478 $1810 $1909 forward @7 unknown #
point $-1 -1 $-1 0.3000000000000003775 -2.065000000000001279 0.5 #
coedge $-1 -1 $-1 $1910 $1820 $1911 $1912 reversed $81 $-1 #
coedge $-1 -1 $-1 $1913 $1914 $1820 $1866 forward $1915 $-1 #
edge $1916 -1 $-1 $1917 0 $1871 0.3708153771704737478 $1865 $1918 forward @7 unknown #
coedge $-1 -1 $-1 $1919 $1821 $1824 $1874 forward $1869 $-1 #
coedge $-1 -1 $-1 $1821 $1919 $1913 $1920 reversed $1869 $-1 #
loop $-1 -1 $-1 $-1 $1821 $1921 #
color-adesk-attrib $-1 -1 $-1 $-1 $1822 256 #
vertex $-1 -1 $-1 $1866 $1922 #
ellipse-curve $-1 -1 $-1 0.6004842186320746844 1.698191125045671157 -0.5 0 0 1 0.02454828329108665885 -0.04470326372269206594 0 1 F 0 F 1.862708991628516886 #
coedge $-1 -1 $-1 $1824 $1823 $1923 $1924 reversed $1825 $-1 #
edge $1925 -1 $-1 $1827 0 $1926 1 $1824 $1927 forward @7 tangent #
face $1928 -1 $-1 $1783 $1825 $7 $-1 $1929 forward single #
point $-1 -1 $-1 0.6362317039399278951 1.734565804345492346 -0.5 #
coedge $-1 -1 $-1 $1833 $1923 $1829 $1878 forward $194 $-1 #
edge $1930 -1 $-1 $1880 0 $1836 0.3708153771704737478 $1829 $1931 forward @7 unknown #
color-adesk-attrib $-1 -1 $-1 $-1 $1830 256 #
vertex $-1 -1 $-1 $1878 $1932 #
straight-curve $-1 -1 $-1 0.3000000000000001554 2.065000000000000391 -0.25 0 0 -1 I I #
color-adesk-attrib $-1 -1 $-1 $-1 $1831 256 #
plane-surface $-1 -1 $-1 0.3000000000000005995 2.064999999999999503 -0.5 0.4813388880605233844 -0.8765345827978830995 0 0.8765345827978830995 0.4813388880605233844 0 forward_v I I I I #
color-adesk-attrib $-1 -1 $-1 $-1 $1834 256 #
ellipse-curve $-1 -1 $-1 0.6004842186320747954 2.288191125045671015 0.5 0 0 1 0.02454828329108665885 -0.04470326372269206594 0 1 I I #
point $-1 -1 $-1 0.6250325019231615098 2.243487861322979171 0.5 #
color-adesk-attrib $-1 -1 $-1 $-1 $1844 256 #
face $1933 -1 $-1 $1934 $1935 $7 $-1 $1936 forward single #
loop $-1 -1 $-1 $-1 $1937 $1844 #
plane-surface $-1 -1 $-1 0.636231703939927784 -1.215434195654507832 -0.5 0.7009310844677095753 0.7132290058788415266 0 -0.7132290058788415266 0.7009310844677095753 0 forward_v I I I I #
coedge $-1 -1 $-1 $1938 $1896 $1859 $1907 forward $1845 $-1 #
coedge $-1 -1 $-1 $1939 $1847 $1940 $1941 forward $1797 $-1 #
coedge $-1 -1 $-1 $1847 $1939 $1938 $1942 reversed $1797 $-1 #
coedge $-1 -1 $-1 $1859 $1943 $1847 $1895 reversed $81 $-1 #
edge $1944 -1 $-1 $1945 0 $1946 1.862708991628516886 $1847 $1947 forward @7 unknown #
coedge $-1 -1 $-1 $1891 $1948 $1848 $1897 forward $1845 $-1 #
edge $1949 -1 $-1 $1950 -0.75 $1899 0.25 $1848 $1951 forward @7 unknown #
color-adesk-attrib $-1 -1 $-1 $-1 $1849 256 #
vertex $-1 -1 $-1 $1849 $1952 #
straight-curve $-1 -1 $-1 0.636231703939927673 -1.805434195654509466 -0.5 -0.7132290058788415266 0.7009310844677095753 0 F 0 F 0.4714218030513527835 #
coedge $-1 -1 $-1 $1953 $1850 $1852 $1904 forward $194 $-1 #
color-adesk-attrib $-1 -1 $-1 $-1 $1851 256 #
ellipse-curve $-1 -1 $-1 0.6004842186320744624 -1.841808874954329767 0.5 0 0 1 0.02454828329108665885 -0.04470326372269206594 0 1 I I #
edge $1954 -1 $-1 $1854 0 $1950 0.4714218030513527835 $1852 $1955 forward @7 unknown #
point $-1 -1 $-1 0.636231703939927673 -1.805434195654509466 0.5 #
point $-1 -1 $-1 0.6250325019231612877 -1.886512138677021611 0.5 #
edge $1956 -1 $-1 $1899 0 $1945 0.3708153771704737478 $1891 $1957 forward @7 unknown #
color-adesk-attrib $-1 -1 $-1 $-1 $1862 256 #
straight-curve $-1 -1 $-1 0.3000000000000003775 -2.065000000000001279 0.5 0.8765345827978830995 0.4813388880605233844 0 I I #
coedge $-1 -1 $-1 $1958 $1864 $1959 $1960 reversed $81 $-1 #
coedge $-1 -1 $-1 $1961 $1962 $1864 $1912 forward $1963 $-1 #
edge $1964 -1 $-1 $1965 0 $1917 0.4714218030513527835 $1911 $1966 forward @7 unknown #
coedge $-1 -1 $-1 $1967 $1865 $1868 $1920 forward $1915 $-1 #
coedge $-1 -1 $-1 $1865 $1967 $1961 $1968 forward $1915 $-1 #
loop $-1 -1 $-1 $-1 $1865 $1969 #
color-adesk-attrib $-1 -1 $-1 $-1 $1866 256 #
vertex $-1 -1 $-1 $1912 $1970 #
straight-curve $-1 -1 $-1 0.3000000000000005995 1.474999999999999645 -0.5 0.8765345827978830995 0.4813388880605233844 0 F 0 F 0.3708153771704737478 #
coedge $-1 -1 $-1 $1868 $1867 $1971 $1972 reversed $1869 $-1 #
edge $1973 -1 $-1 $1871 0 $1974 1 $1913 $1975 forward @7 tangent #
face $1976 -1 $-1 $1969 $1869 $7 $-1 $1977 forward single #
point $-1 -1 $-1 0.6250325019231615098 1.653487861322979313 -0.5 #
coedge $-1 -1 $-1 $1877 $1971 $1873 $1924 forward $194 $-1 #
edge $1978 -1 $-1 $1926 0 $1880 0.4714218030513527835 $1873 $1979 forward @7 unknown #
color-adesk-attrib $-1 -1 $-1 $-1 $1874 256 #
vertex $-1 -1 $-1 $1874 $1980 #
straight-curve $-1 -1 $-1 0.6362317039399278951 1.734565804345492346 -0.5 0 0 1 I I #
color-adesk-attrib $-1 -1 $-1 $-1 $1875 256 #
plane-surface $-1 -1 $-1 0.6362317039399278951 1.734565804345492346 -0.5 0.7009310844677095753 0.7132290058788415266 0 -0.7132290058788415266 0.7009310844677095753 0 forward_v I I I I #
color-adesk-attrib $-1 -1 $-1 $-1 $1878 256 #
straight-curve $-1 -1 $-1 0.3000000000000005995 2.064999999999999503 0.5 0.8765345827978830995 0.4813388880605233844 0 I I #
point $-1 -1 $-1 0.3000000000000005995 2.064999999999999503 0.5 #
color-adesk-attrib $-1 -1 $-1 $-1 $1888 256 #
face $1981 -1 $-1 $1982 $1983 $7 $-1 $1984 forward single #
loop $-1 -1 $-1 $-1 $1985 $1888 #
cone-surface $-1 -1 $-1 0.6004842186320745734 -0.6618088749543282745 -0.5 0 0 1 0.02454828329108665885 -0.04470326372269206594 0 1 I I 0 1 0.0510000000000000106 forward I I I I #
coedge $-1 -1 $-1 $1986 $1940 $1943 $1987 forward $1889 $-1 #
coedge $-1 -1 $-1 $1948 $1891 $1893 $1942 forward $1845 $-1 #
coedge $-1 -1 $-1 $1893 $1892 $1988 $1989 reversed $1797 $-1 #
coedge $-1 -1 $-1 $1937 $1990 $1892 $1941 reversed $1889 $-1 #
edge $1991 -1 $-1 $1946 0 $1992 1 $1940 $1993 forward @7 tangent #
edge $1994 -1 $-1 $1945 0 $1995 1 $1938 $1996 forward @7 tangent #
coedge $-1 -1 $-1 $1894 $1997 $1937 $1987 reversed $81 $-1 #
color-adesk-attrib $-1 -1 $-1 $-1 $1895 256 #
vertex $-1 -1 $-1 $1907 $1998 #
vertex $-1 -1 $-1 $1987 $1999 #
ellipse-curve $-1 -1 $-1 0.6004842186320745734 -1.251808874954328132 -0.5 0 0 1 0.02454828329108665885 -0.04470326372269206594 0 1 F 0 F 1.862708991628516886 #
coedge $-1 -1 $-1 $1896 $1938 $1953 $2000 reversed $1845 $-1 #
color-adesk-attrib $-1 -1 $-1 $-1 $1897 256 #
vertex $-1 -1 $-1 $2000 $2001 #
straight-curve $-1 -1 $-1 0.2999999999999999334 -1.475000000000001421 -0.25 0 0 -1 I I #
point $-1 -1 $-1 0.300000000000000433 -1.474999999999999645 -0.5 #
coedge $-1 -1 $-1 $1988 $1901 $1948 $2000 forward $194 $-1 #
color-adesk-attrib $-1 -1 $-1 $-1 $1904 256 #
straight-curve $-1 -1 $-1 0.636231703939927673 -1.805434195654509466 0.5 -0.7132290058788415266 0.7009310844677095753 0 I I #
color-adesk-attrib $-1 -1 $-1 $-1 $1907 256 #
straight-curve $-1 -1 $-1 0.300000000000000433 -1.474999999999999645 -0.5 0.8765345827978830995 0.4813388880605233844 0 F 0 F 0.3708153771704737478 #
coedge $-1 -1 $-1 $2002 $1910 $2003 $2004 reversed $81 $-1 #
coedge $-1 -1 $-1 $2005 $2006 $1910 $1960 forward $2007 $-1 #
edge $2008 -1 $-1 $2009 0 $1965 1.862708991628516886 $1959 $2010 forward @7 unknown #
coedge $-1 -1 $-1 $2011 $1911 $1914 $1968 reversed $1963 $-1 #
coedge $-1 -1 $-1 $1911 $2011 $2005 $2012 reversed $1963 $-1 #
loop $-1 -1 $-1 $-1 $1911 $2013 #
color-adesk-attrib $-1 -1 $-1 $-1 $1912 256 #
vertex $-1 -1 $-1 $1912 $2014 #
straight-curve $-1 -1 $-1 0.6362317039399278951 1.144565804345492488 -0.5 -0.7132290058788415266 0.7009310844677095753 0 F 0 F 0.4714218030513527835 #
coedge $-1 -1 $-1 $1914 $1913 $2015 $2016 reversed $1915 $-1 #
edge $2017 -1 $-1 $2018 -0.75 $1917 0.25 $1961 $2019 forward @7 unknown #
face $2020 -1 $-1 $1875 $1915 $7 $-1 $2021 forward single #
point $-1 -1 $-1 0.3000000000000005995 1.474999999999999645 -0.5 #
coedge $-1 -1 $-1 $1923 $2015 $1919 $1972 forward $194 $-1 #
edge $2022 -1 $-1 $1974 0 $1926 1.862708991628516886 $1919 $2023 forward @7 unknown #
color-adesk-attrib $-1 -1 $-1 $-1 $1920 256 #
vertex $-1 -1 $-1 $1920 $2024 #
straight-curve $-1 -1 $-1 0.6250325019231615098 1.653487861322979313 -0.5 0 0 1 I I #
color-adesk-attrib $-1 -1 $-1 $-1 $1921 256 #
cone-surface $-1 -1 $-1 0.6004842186320746844 1.698191125045671157 -0.5 0 0 1 0.02454828329108665885 -0.04470326372269206594 0 1 I I 0 1 0.0510000000000000106 forward I I I I #
color-adesk-attrib $-1 -1 $-1 $-1 $1924 256 #
straight-curve $-1 -1 $-1 0.6362317039399278951 1.734565804345492346 0.5 -0.7132290058788415266 0.7009310844677095753 0 I I #
point $-1 -1 $-1 0.6362317039399278951 1.734565804345492346 0.5 #
color-adesk-attrib $-1 -1 $-1 $-1 $1934 256 #
face $2025 -1 $-1 $2026 $2027 $7 $-1 $2028 forward single #
loop $-1 -1 $-1 $-1 $2029 $1934 #
plane-surface $-1 -1 $-1 0.3000000000000004885 -0.8849999999999997868 -0.5 0.4813388880605233844 -0.8765345827978830995 0 0.8765345827978830995 0.4813388880605233844 0 forward_v I I I I #
coedge $-1 -1 $-1 $2030 $2031 $2032 $2033 forward $1935 $-1 #
coedge $-1 -1 $-1 $1990 $1937 $2034 $2035 reversed $1889 $-1 #
edge $2036 -1 $-1 $1946 0 $2037 0.4714218030513527835 $1937 $2038 forward @7 unknown #
coedge $-1 -1 $-1 $2039 $1953 $1939 $1989 forward $194 $-1 #
edge $2040 -1 $-1 $1995 0 $1992 1.862708991628516886 $1939 $2041 forward @7 unknown #
coedge $-1 -1 $-1 $1940 $1986 $2039 $2042 reversed $1889 $-1 #
color-adesk-attrib $-1 -1 $-1 $-1 $1941 256 #
vertex $-1 -1 $-1 $1941 $2043 #
straight-curve $-1 -1 $-1 0.636231703939927784 -1.215434195654507832 -0.5 0 0 1 I I #
color-adesk-attrib $-1 -1 $-1 $-1 $1942 256 #
vertex $-1 -1 $-1 $1942 $2044 #
straight-curve $-1 -1 $-1 0.6250325019231612877 -1.296512138677019976 -0.5 0 0 1 I I #
coedge $-1 -1 $-1 $1943 $2032 $2029 $2045 reversed $81 $-1 #
point $-1 -1 $-1 0.6250325019231612877 -1.296512138677019976 -0.5 #
point $-1 -1 $-1 0.636231703939927784 -1.215434195654507832 -0.5 #
edge $2046 -1 $-1 $1950 0 $1995 0.3708153771704737478 $1948 $2047 forward @7 unknown #
point $-1 -1 $-1 0.300000000000000433 -1.474999999999999645 0.5 #
coedge $-1 -1 $-1 $2048 $1958 $2049 $2050 reversed $81 $-1 #
coedge $-1 -1 $-1 $2051 $2052 $1958 $2004 forward $2053 $-1 #
edge $2054 -1 $-1 $2055 0 $2009 0.3708153771704737478 $2003 $2056 forward @7 unknown #
coedge $-1 -1 $-1 $2057 $1959 $1962 $2012 forward $2007 $-1 #
coedge $-1 -1 $-1 $1959 $2057 $2051 $2058 reversed $2007 $-1 #
loop $-1 -1 $-1 $-1 $1959 $2059 #
color-adesk-attrib $-1 -1 $-1 $-1 $1960 256 #
vertex $-1 -1 $-1 $2004 $2060 #
ellipse-curve $-1 -1 $-1 0.6004842186320746844 1.108191125045671299 -0.5 0 0 1 0.02454828329108665885 -0.04470326372269206594 0 1 F 0 F 1.862708991628516886 #
coedge $-1 -1 $-1 $1962 $1961 $2061 $2062 reversed $1963 $-1 #
edge $2063 -1 $-1 $1965 0 $2064 1 $1962 $2065 forward @7 tangent #
face $2066 -1 $-1 $1921 $1963 $7 $-1 $2067 forward single #
point $-1 -1 $-1 0.6362317039399278951 1.144565804345492488 -0.5 #
coedge $-1 -1 $-1 $1971 $2061 $1967 $2016 forward $194 $-1 #
edge $2068 -1 $-1 $2018 0 $1974 0.3708153771704737478 $1967 $2069 forward @7 unknown #
color-adesk-attrib $-1 -1 $-1 $-1 $1968 256 #
vertex $-1 -1 $-1 $2016 $2070 #
straight-curve $-1 -1 $-1 0.3000000000000000444 1.475000000000000755 -0.25 0 0 -1 I I #
color-adesk-attrib $-1 -1 $-1 $-1 $1969 256 #
plane-surface $-1 -1 $-1 0.3000000000000005995 1.474999999999999645 -0.5 0.4813388880605233844 -0.8765345827978830995 0 0.8765345827978830995 0.4813388880605233844 0 forward_v I I I I #
color-adesk-attrib $-1 -1 $-1 $-1 $1972 256 #
ellipse-curve $-1 -1 $-1 0.6004842186320746844 1.698191125045671157 0.5 0 0 1 0.02454828329108665885 -0.04470326372269206594 0 1 I I #
point $-1 -1 $-1 0.6250325019231615098 1.653487861322979313 0.5 #
color-adesk-attrib $-1 -1 $-1 $-1 $1982 256 #
face $2071 -1 $-1 $2072 $2073 $7 $-1 $2074 forward single #
loop $-1 -1 $-1 $-1 $2075 $1982 #
plane-surface $-1 -1 $-1 0.636231703939927784 -0.6254341956545079739 -0.5 0.7009310844677095753 0.7132290058788415266 0 -0.7132290058788415266 0.7009310844677095753 0 forward_v I I I I #
coedge $-1 -1 $-1 $2076 $2034 $1997 $2045 forward $1983 $-1 #
coedge $-1 -1 $-1 $2077 $1985 $2078 $2079 forward $1935 $-1 #
coedge $-1 -1 $-1 $1985 $2077 $2076 $2080 reversed $1935 $-1 #
coedge $-1 -1 $-1 $1997 $2081 $1985 $2033 reversed $81 $-1 #
edge $2082 -1 $-1 $2083 0 $2084 1.862708991628516886 $1985 $2085 forward @7 unknown #
coedge $-1 -1 $-1 $2029 $2086 $1986 $2035 forward $1983 $-1 #
edge $2087 -1 $-1 $2088 -0.75 $2037 0.25 $1986 $2089 forward @7 unknown #
color-adesk-attrib $-1 -1 $-1 $-1 $1987 256 #
vertex $-1 -1 $-1 $1987 $2090 #
straight-curve $-1 -1 $-1 0.636231703939927784 -1.215434195654507832 -0.5 -0.7132290058788415266 0.7009310844677095753 0 F 0 F 0.4714218030513527835 #
coedge $-1 -1 $-1 $2091 $1988 $1990 $2042 forward $194 $-1 #
color-adesk-attrib $-1 -1 $-1 $-1 $1989 256 #
ellipse-curve $-1 -1 $-1 0.6004842186320745734 -1.251808874954328132 0.5 0 0 1 0.02454828329108665885 -0.04470326372269206594 0 1 I I #
edge $2092 -1 $-1 $1992 0 $2088 0.4714218030513527835 $1990 $2093 forward @7 unknown #
point $-1 -1 $-1 0.636231703939927784 -1.215434195654507832 0.5 #
point $-1 -1 $-1 0.6250325019231612877 -1.296512138677019976 0.5 #
edge $2094 -1 $-1 $2037 0 $2083 0.3708153771704737478 $2029 $2095 forward @7 unknown #
color-adesk-attrib $-1 -1 $-1 $-1 $2000 256 #
straight-curve $-1 -1 $-1 0.300000000000000433 -1.474999999999999645 0.5 0.8765345827978830995 0.4813388880605233844 0 I I #
coedge $-1 -1 $-1 $2096 $2002 $2097 $2098 reversed $81 $-1 #
coedge $-1 -1 $-1 $2099 $2100 $2002 $2050 forward $2101 $-1 #
edge $2102 -1 $-1 $2103 0 $2055 0.4714218030513527835 $2049 $2104 forward @7 unknown #
coedge $-1 -1 $-1 $2105 $2003 $2006 $2058 forward $2053 $-1 #
coedge $-1 -1 $-1 $2003 $2105 $2099 $2106 forward $2053 $-1 #
loop $-1 -1 $-1 $-1 $2003 $2107 #
color-adesk-attrib $-1 -1 $-1 $-1 $2004 256 #
vertex $-1 -1 $-1 $2050 $2108 #
straight-curve $-1 -1 $-1 0.3000000000000005995 0.8849999999999997868 -0.5 0.8765345827978830995 0.4813388880605233844 0 F 0 F 0.3708153771704737478 #
coedge $-1 -1 $-1 $2006 $2005 $2109 $2110 reversed $2007 $-1 #
edge $2111 -1 $-1 $2009 0 $2112 1 $2051 $2113 forward @7 tangent #
face $2114 -1 $-1 $2107 $2007 $7 $-1 $2115 forward single #
point $-1 -1 $-1 0.6250325019231613988 1.063487861322979455 -0.5 #
coedge $-1 -1 $-1 $2015 $2109 $2011 $2062 forward $194 $-1 #
edge $2116 -1 $-1 $2064 0 $2018 0.4714218030513527835 $2011 $2117 forward @7 unknown #
color-adesk-attrib $-1 -1 $-1 $-1 $2012 256 #
vertex $-1 -1 $-1 $2012 $2118 #
straight-curve $-1 -1 $-1 0.6362317039399278951 1.144565804345492488 -0.5 0 0 1 I I #
color-adesk-attrib $-1 -1 $-1 $-1 $2013 256 #
plane-surface $-1 -1 $-1 0.6362317039399278951 1.144565804345492488 -0.5 0.7009310844677095753 0.7132290058788415266 0 -0.7132290058788415266 0.7009310844677095753 0 forward_v I I I I #
color-adesk-attrib $-1 -1 $-1 $-1 $2016 256 #
straight-curve $-1 -1 $-1 0.3000000000000005995 1.474999999999999645 0.5 0.8765345827978830995 0.4813388880605233844 0 I I #
point $-1 -1 $-1 0.3000000000000005995 1.474999999999999645 0.5 #
color-adesk-attrib $-1 -1 $-1 $-1 $2026 256 #
face $2119 -1 $-1 $2120 $2121 $7 $-1 $2122 forward single #
loop $-1 -1 $-1 $-1 $2123 $2026 #
cone-surface $-1 -1 $-1 0.6004842186320746844 -0.07180887495432841661 -0.5 0 0 1 0.02454828329108665885 -0.04470326372269206594 0 1 I I 0 1 0.0510000000000000106 forward I I I I #
coedge $-1 -1 $-1 $2124 $2078 $2081 $2125 forward $2027 $-1 #
coedge $-1 -1 $-1 $2086 $2029 $2031 $2080 forward $1983 $-1 #
coedge $-1 -1 $-1 $2031 $2030 $2126 $2127 reversed $1935 $-1 #
coedge $-1 -1 $-1 $2075 $2128 $2030 $2079 reversed $2027 $-1 #
edge $2129 -1 $-1 $2084 0 $2130 1 $2078 $2131 forward @7 tangent #
edge $2132 -1 $-1 $2083 0 $2133 1 $2076 $2134 forward @7 tangent #
coedge $-1 -1 $-1 $2032 $2135 $2075 $2125 reversed $81 $-1 #
color-adesk-attrib $-1 -1 $-1 $-1 $2033 256 #
vertex $-1 -1 $-1 $2045 $2136 #
vertex $-1 -1 $-1 $2125 $2137 #
ellipse-curve $-1 -1 $-1 0.6004842186320745734 -0.6618088749543282745 -0.5 0 0 1 0.02454828329108665885 -0.04470326372269206594 0 1 F 0 F 1.862708991628516886 #
coedge $-1 -1 $-1 $2034 $2076 $2091 $2138 reversed $1983 $-1 #
color-adesk-attrib $-1 -1 $-1 $-1 $2035 256 #
vertex $-1 -1 $-1 $2138 $2139 #
straight-curve $-1 -1 $-1 0.2999999999999999889 -0.8849999999999997868 -0.25 0 0 -1 I I #
point $-1 -1 $-1 0.3000000000000004885 -0.8849999999999997868 -0.5 #
coedge $-1 -1 $-1 $2126 $2039 $2086 $2138 forward $194 $-1 #
color-adesk-attrib $-1 -1 $-1 $-1 $2042 256 #
straight-curve $-1 -1 $-1 0.636231703939927784 -1.215434195654507832 0.5 -0.7132290058788415266 0.7009310844677095753 0 I I #
color-adesk-attrib $-1 -1 $-1 $-1 $2045 256 #
straight-curve $-1 -1 $-1 0.3000000000000004885 -0.8849999999999997868 -0.5 0.8765345827978830995 0.4813388880605233844 0 F 0 F 0.3708153771704737478 #
coedge $-1 -1 $-1 $2140 $2048 $2141 $2142 reversed $81 $-1 #
coedge $-1 -1 $-1 $2143 $2144 $2048 $2098 forward $2145 $-1 #
edge $2146 -1 $-1 $2147 0 $2103 1.862708991628516886 $2097 $2148 forward @7 unknown #
coedge $-1 -1 $-1 $2149 $2049 $2052 $2106 reversed $2101 $-1 #
coedge $-1 -1 $-1 $2049 $2149 $2143 $2150 reversed $2101 $-1 #
loop $-1 -1 $-1 $-1 $2049 $2151 #
color-adesk-attrib $-1 -1 $-1 $-1 $2050 256 #
vertex $-1 -1 $-1 $2050 $2152 #
straight-curve $-1 -1 $-1 0.6362317039399278951 0.5545658043454917419 -0.5 -0.7132290058788415266 0.7009310844677095753 0 F 0 F 0.4714218030513527835 #
coedge $-1 -1 $-1 $2052 $2051 $2153 $2154 reversed $2053 $-1 #
edge $2155 -1 $-1 $2156 -0.75 $2055 0.25 $2099 $2157 forward @7 unknown #
face $2158 -1 $-1 $2013 $2053 $7 $-1 $2159 forward single #
point $-1 -1 $-1 0.3000000000000005995 0.8849999999999997868 -0.5 #
coedge $-1 -1 $-1 $2061 $2153 $2057 $2110 forward $194 $-1 #
edge $2160 -1 $-1 $2112 0 $2064 1.862708991628516886 $2057 $2161 forward @7 unknown #
color-adesk-attrib $-1 -1 $-1 $-1 $2058 256 #
vertex $-1 -1 $-1 $2058 $2162 #
straight-curve $-1 -1 $-1 0.6250325019231613988 1.063487861322979455 -0.5 0 0 1 I I #
color-adesk-attrib $-1 -1 $-1 $-1 $2059 256 #
cone-surface $-1 -1 $-1 0.6004842186320746844 1.108191125045671299 -0.5 0 0 1 0.02454828329108665885 -0.04470326372269206594 0 1 I I 0 1 0.0510000000000000106 forward I I I I #
color-adesk-attrib $-1 -1 $-1 $-1 $2062 256 #
straight-curve $-1 -1 $-1 0.6362317039399278951 1.144565804345492488 0.5 -0.7132290058788415266 0.7009310844677095753 0 I I #
point $-1 -1 $-1 0.6362317039399278951 1.144565804345492488 0.5 #
color-adesk-attrib $-1 -1 $-1 $-1 $2072 256 #
face $2163 -1 $-1 $2164 $2165 $7 $-1 $2166 forward single #
loop $-1 -1 $-1 $-1 $2167 $2072 #
plane-surface $-1 -1 $-1 0.3000000000000004885 -0.2949999999999999289 -0.5 0.4813388880605233844 -0.8765345827978830995 0 0.8765345827978830995 0.4813388880605233844 0 forward_v I I I I #
coedge $-1 -1 $-1 $2168 $2169 $2170 $2171 forward $2073 $-1 #
coedge $-1 -1 $-1 $2128 $2075 $2172 $2173 reversed $2027 $-1 #
edge $2174 -1 $-1 $2084 0 $2175 0.4714218030513527835 $2075 $2176 forward @7 unknown #
coedge $-1 -1 $-1 $2177 $2091 $2077 $2127 forward $194 $-1 #
edge $2178 -1 $-1 $2133 0 $2130 1.862708991628516886 $2077 $2179 forward @7 unknown #
coedge $-1 -1 $-1 $2078 $2124 $2177 $2180 reversed $2027 $-1 #
color-adesk-attrib $-1 -1 $-1 $-1 $2079 256 #
vertex $-1 -1 $-1 $2079 $2181 #
straight-curve $-1 -1 $-1 0.636231703939927784 -0.6254341956545079739 -0.5 0 0 1 I I #
color-adesk-attrib $-1 -1 $-1 $-1 $2080 256 #
vertex $-1 -1 $-1 $2080 $2182 #
straight-curve $-1 -1 $-1 0.6250325019231612877 -0.7065121386770201184 -0.5 0 0 1 I I #
coedge $-1 -1 $-1 $2081 $2170 $2167 $2183 reversed $81 $-1 #
point $-1 -1 $-1 0.6250325019231612877 -0.7065121386770201184 -0.5 #
point $-1 -1 $-1 0.636231703939927784 -0.6254341956545079739 -0.5 #
edge $2184 -1 $-1 $2088 0 $2133 0.3708153771704737478 $2086 $2185 forward @7 unknown #
point $-1 -1 $-1 0.3000000000000004885 -0.8849999999999997868 0.5 #
coedge $-1 -1 $-1 $2170 $2096 $2186 $2187 reversed $81 $-1 #
coedge $-1 -1 $-1 $2188 $2189 $2096 $2142 forward $2190 $-1 #
edge $2191 -1 $-1 $2192 0 $2147 0.3708153771704737478 $2141 $2193 forward @7 unknown #
coedge $-1 -1 $-1 $2194 $2097 $2100 $2150 forward $2145 $-1 #
coedge $-1 -1 $-1 $2097 $2194 $2188 $2195 reversed $2145 $-1 #
loop $-1 -1 $-1 $-1 $2097 $2164 #
color-adesk-attrib $-1 -1 $-1 $-1 $2098 256 #
vertex $-1 -1 $-1 $2142 $2196 #
ellipse-curve $-1 -1 $-1 0.6004842186320746844 0.5181911250456714413 -0.5 0 0 1 0.02454828329108665885 -0.04470326372269206594 0 1 F 0 F 1.862708991628516886 #
coedge $-1 -1 $-1 $2100 $2099 $2197 $2198 reversed $2101 $-1 #
edge $2199 -1 $-1 $2103 0 $2200 1 $2100 $2201 forward @7 tangent #
face $2202 -1 $-1 $2059 $2101 $7 $-1 $2203 forward single #
point $-1 -1 $-1 0.6362317039399278951 0.5545658043454917419 -0.5 #
coedge $-1 -1 $-1 $2109 $2197 $2105 $2154 forward $194 $-1 #
edge $2204 -1 $-1 $2156 0 $2112 0.3708153771704737478 $2105 $2205 forward @7 unknown #
color-adesk-attrib $-1 -1 $-1 $-1 $2106 256 #
vertex $-1 -1 $-1 $2154 $2206 #
straight-curve $-1 -1 $-1 0.3000000000000000444 0.8849999999999998979 -0.25 0 0 -1 I I #
color-adesk-attrib $-1 -1 $-1 $-1 $2107 256 #
plane-surface $-1 -1 $-1 0.3000000000000005995 0.8849999999999997868 -0.5 0.4813388880605233844 -0.8765345827978830995 0 0.8765345827978830995 0.4813388880605233844 0 forward_v I I I I #
color-adesk-attrib $-1 -1 $-1 $-1 $2110 256 #
ellipse-curve $-1 -1 $-1 0.6004842186320746844 1.108191125045671299 0.5 0 0 1 0.02454828329108665885 -0.04470326372269206594 0 1 I I #
point $-1 -1 $-1 0.6250325019231613988 1.063487861322979455 0.5 #
color-adesk-attrib $-1 -1 $-1 $-1 $2120 256 #
face $2207 -1 $-1 $2208 $2145 $7 $-1 $2209 forward single #
loop $-1 -1 $-1 $-1 $2186 $2120 #
plane-surface $-1 -1 $-1 0.6362317039399278951 -0.03543419565450811604 -0.5 0.7009310844677095753 0.7132290058788415266 0 -0.7132290058788415266 0.7009310844677095753 0 forward_v I I I I #
coedge $-1 -1 $-1 $2210 $2172 $2135 $2183 forward $2121 $-1 #
coedge $-1 -1 $-1 $2211 $2123 $2212 $2213 forward $2073 $-1 #
coedge $-1 -1 $-1 $2123 $2211 $2210 $2214 reversed $2073 $-1 #
coedge $-1 -1 $-1 $2135 $2140 $2123 $2171 reversed $81 $-1 #
edge $2215 -1 $-1 $2216 0 $2217 1.862708991628516886 $2123 $2218 forward @7 unknown #
coedge $-1 -1 $-1 $2167 $2219 $2124 $2173 forward $2121 $-1 #
edge $2220 -1 $-1 $2221 -0.75 $2175 0.25 $2124 $2222 forward @7 unknown #
color-adesk-attrib $-1 -1 $-1 $-1 $2125 256 #
vertex $-1 -1 $-1 $2125 $2223 #
straight-curve $-1 -1 $-1 0.636231703939927784 -0.6254341956545079739 -0.5 -0.7132290058788415266 0.7009310844677095753 0 F 0 F 0.4714218030513527835 #
coedge $-1 -1 $-1 $2224 $2126 $2128 $2180 forward $194 $-1 #
color-adesk-attrib $-1 -1 $-1 $-1 $2127 256 #
ellipse-curve $-1 -1 $-1 0.6004842186320745734 -0.6618088749543282745 0.5 0 0 1 0.02454828329108665885 -0.04470326372269206594 0 1 I I #
edge $2225 -1 $-1 $2130 0 $2221 0.4714218030513527835 $2128 $2226 forward @7 unknown #
point $-1 -1 $-1 0.636231703939927784 -0.6254341956545079739 0.5 #
point $-1 -1 $-1 0.6250325019231612877 -0.7065121386770201184 0.5 #
edge $2227 -1 $-1 $2175 0 $2216 0.3708153771704737478 $2167 $2228 forward @7 unknown #
color-adesk-attrib $-1 -1 $-1 $-1 $2138 256 #
straight-curve $-1 -1 $-1 0.3000000000000004885 -0.8849999999999997868 0.5 0.8765345827978830995 0.4813388880605233844 0 I I #
coedge $-1 -1 $-1 $2229 $2212 $2140 $2187 forward $2165 $-1 #
edge $2230 -1 $-1 $2217 0 $2192 0.4714218030513527835 $2186 $2231 forward @7 unknown #
coedge $-1 -1 $-1 $2232 $2141 $2144 $2195 forward $2190 $-1 #
coedge $-1 -1 $-1 $2141 $2232 $2229 $2233 forward $2190 $-1 #
loop $-1 -1 $-1 $-1 $2141 $2208 #
color-adesk-attrib $-1 -1 $-1 $-1 $2142 256 #
vertex $-1 -1 $-1 $2187 $2234 #
straight-curve $-1 -1 $-1 0.300000000000000544 0.2949999999999999289 -0.5 0.8765345827978830995 0.4813388880605233844 0 F 0 F 0.3708153771704737478 #
coedge $-1 -1 $-1 $2144 $2143 $2235 $2236 reversed $2145 $-1 #
edge $2237 -1 $-1 $2147 0 $2238 1 $2188 $2239 forward @7 tangent #
point $-1 -1 $-1 0.6250325019231613988 0.4734878613229795974 -0.5 #
coedge $-1 -1 $-1 $2153 $2235 $2149 $2198 forward $194 $-1 #
edge $2240 -1 $-1 $2200 0 $2156 0.4714218030513527835 $2149 $2241 forward @7 unknown #
color-adesk-attrib $-1 -1 $-1 $-1 $2150 256 #
vertex $-1 -1 $-1 $2150 $2242 #
straight-curve $-1 -1 $-1 0.6362317039399278951 0.5545658043454917419 -0.5 0 0 1 I I #
color-adesk-attrib $-1 -1 $-1 $-1 $2151 256 #
plane-surface $-1 -1 $-1 0.6362317039399278951 0.5545658043454917419 -0.5 0.7009310844677095753 0.7132290058788415266 0 -0.7132290058788415266 0.7009310844677095753 0 forward_v I I I I #
color-adesk-attrib $-1 -1 $-1 $-1 $2154 256 #
straight-curve $-1 -1 $-1 0.3000000000000005995 0.8849999999999997868 0.5 0.8765345827978830995 0.4813388880605233844 0 I I #
point $-1 -1 $-1 0.3000000000000005995 0.8849999999999997868 0.5 #
color-adesk-attrib $-1 -1 $-1 $-1 $2164 256 #
face $2243 -1 $-1 $2151 $2190 $7 $-1 $2244 forward single #
cone-surface $-1 -1 $-1 0.6004842186320746844 0.5181911250456714413 -0.5 0 0 1 0.02454828329108665885 -0.04470326372269206594 0 1 I I 0 1 0.0510000000000000106 forward I I I I #
coedge $-1 -1 $-1 $2219 $2167 $2169 $2214 forward $2121 $-1 #
coedge $-1 -1 $-1 $2169 $2168 $2245 $2246 reversed $2073 $-1 #
coedge $-1 -1 $-1 $2186 $2247 $2168 $2213 reversed $2165 $-1 #
edge $2248 -1 $-1 $2217 0 $2249 1 $2212 $2250 forward @7 tangent #
edge $2251 -1 $-1 $2216 0 $2252 1 $2210 $2253 forward @7 tangent #
color-adesk-attrib $-1 -1 $-1 $-1 $2171 256 #
vertex $-1 -1 $-1 $2183 $2254 #
vertex $-1 -1 $-1 $2187 $2255 #
ellipse-curve $-1 -1 $-1 0.6004842186320746844 -0.07180887495432841661 -0.5 0 0 1 0.02454828329108665885 -0.04470326372269206594 0 1 F 0 F 1.862708991628516886 #
coedge $-1 -1 $-1 $2172 $2210 $2224 $2256 reversed $2121 $-1 #
color-adesk-attrib $-1 -1 $-1 $-1 $2173 256 #
vertex $-1 -1 $-1 $2256 $2257 #
straight-curve $-1 -1 $-1 0.2999999999999999889 -0.2949999999999999289 -0.25 0 0 -1 I I #
point $-1 -1 $-1 0.3000000000000004885 -0.2949999999999999289 -0.5 #
coedge $-1 -1 $-1 $2245 $2177 $2219 $2256 forward $194 $-1 #
color-adesk-attrib $-1 -1 $-1 $-1 $2180 256 #
straight-curve $-1 -1 $-1 0.636231703939927784 -0.6254341956545079739 0.5 -0.7132290058788415266 0.7009310844677095753 0 I I #
color-adesk-attrib $-1 -1 $-1 $-1 $2183 256 #
straight-curve $-1 -1 $-1 0.3000000000000004885 -0.2949999999999999289 -0.5 0.8765345827978830995 0.4813388880605233844 0 F 0 F 0.3708153771704737478 #
coedge $-1 -1 $-1 $2247 $2186 $2189 $2233 reversed $2165 $-1 #
color-adesk-attrib $-1 -1 $-1 $-1 $2187 256 #
straight-curve $-1 -1 $-1 0.6362317039399278951 -0.03543419565450811604 -0.5 -0.7132290058788415266 0.7009310844677095753 0 F 0 F 0.4714218030513527835 #
coedge $-1 -1 $-1 $2189 $2188 $2258 $2259 reversed $2190 $-1 #
edge $2260 -1 $-1 $2261 -0.75 $2192 0.25 $2229 $2262 forward @7 unknown #
point $-1 -1 $-1 0.300000000000000544 0.2949999999999999289 -0.5 #
coedge $-1 -1 $-1 $2197 $2258 $2194 $2236 forward $194 $-1 #
edge $2263 -1 $-1 $2238 0 $2200 1.862708991628516886 $2194 $2264 forward @7 unknown #
color-adesk-attrib $-1 -1 $-1 $-1 $2195 256 #
vertex $-1 -1 $-1 $2195 $2265 #
straight-curve $-1 -1 $-1 0.6250325019231613988 0.4734878613229795974 -0.5 0 0 1 I I #
color-adesk-attrib $-1 -1 $-1 $-1 $2198 256 #
straight-curve $-1 -1 $-1 0.6362317039399278951 0.5545658043454917419 0.5 -0.7132290058788415266 0.7009310844677095753 0 I I #
point $-1 -1 $-1 0.6362317039399278951 0.5545658043454917419 0.5 #
color-adesk-attrib $-1 -1 $-1 $-1 $2208 256 #
plane-surface $-1 -1 $-1 0.300000000000000544 0.2949999999999999289 -0.5 0.4813388880605233844 -0.8765345827978830995 0 0.8765345827978830995 0.4813388880605233844 0 forward_v I I I I #
coedge $-1 -1 $-1 $2266 $2224 $2211 $2246 forward $194 $-1 #
edge $2267 -1 $-1 $2252 0 $2249 1.862708991628516886 $2211 $2268 forward @7 unknown #
coedge $-1 -1 $-1 $2212 $2229 $2266 $2269 reversed $2165 $-1 #
color-adesk-attrib $-1 -1 $-1 $-1 $2213 256 #
vertex $-1 -1 $-1 $2213 $2270 #
straight-curve $-1 -1 $-1 0.6362317039399278951 -0.03543419565450811604 -0.5 0 0 1 I I #
color-adesk-attrib $-1 -1 $-1 $-1 $2214 256 #
vertex $-1 -1 $-1 $2214 $2271 #
straight-curve $-1 -1 $-1 0.6250325019231612877 -0.1165121386770202605 -0.5 0 0 1 I I #
point $-1 -1 $-1 0.6250325019231612877 -0.1165121386770202605 -0.5 #
point $-1 -1 $-1 0.6362317039399278951 -0.03543419565450811604 -0.5 #
edge $2272 -1 $-1 $2221 0 $2252 0.3708153771704737478 $2219 $2273 forward @7 unknown #
point $-1 -1 $-1 0.3000000000000004885 -0.2949999999999999289 0.5 #
coedge $-1 -1 $-1 $2235 $2266 $2232 $2259 forward $194 $-1 #
edge $2274 -1 $-1 $2261 0 $2238 0.3708153771704737478 $2232 $2275 forward @7 unknown #
color-adesk-attrib $-1 -1 $-1 $-1 $2233 256 #
vertex $-1 -1 $-1 $2259 $2276 #
straight-curve $-1 -1 $-1 0.3000000000000000444 0.2950000000000000955 -0.25 0 0 -1 I I #
color-adesk-attrib $-1 -1 $-1 $-1 $2236 256 #
ellipse-curve $-1 -1 $-1 0.6004842186320746844 0.5181911250456714413 0.5 0 0 1 0.02454828329108665885 -0.04470326372269206594 0 1 I I #
point $-1 -1 $-1 0.6250325019231613988 0.4734878613229795974 0.5 #
coedge $-1 -1 $-1 $2258 $2245 $2247 $2269 forward $194 $-1 #
color-adesk-attrib $-1 -1 $-1 $-1 $2246 256 #
ellipse-curve $-1 -1 $-1 0.6004842186320746844 -0.07180887495432841661 0.5 0 0 1 0.02454828329108665885 -0.04470326372269206594 0 1 I I #
edge $2277 -1 $-1 $2249 0 $2261 0.4714218030513527835 $2247 $2278 forward @7 unknown #
point $-1 -1 $-1 0.6362317039399278951 -0.03543419565450811604 0.5 #
point $-1 -1 $-1 0.6250325019231612877 -0.1165121386770202605 0.5 #
color-adesk-attrib $-1 -1 $-1 $-1 $2256 256 #
straight-curve $-1 -1 $-1 0.3000000000000004885 -0.2949999999999999289 0.5 0.8765345827978830995 0.4813388880605233844 0 I I #
color-adesk-attrib $-1 -1 $-1 $-1 $2259 256 #
straight-curve $-1 -1 $-1 0.300000000000000544 0.2949999999999999289 0.5 0.8765345827978830995 0.4813388880605233844 0 I I #
point $-1 -1 $-1 0.300000000000000544 0.2949999999999999289 0.5 #
color-adesk-attrib $-1 -1 $-1 $-1 $2269 256 #
straight-curve $-1 -1 $-1 0.6362317039399278951 -0.03543419565450811604 0.5 -0.7132290058788415266 0.7009310844677095753 0 I I #
