700 2922 2 0        
16 Autodesk AutoCAD 20 ASM 230.7.0.65535 NT 24 Mon Sep  8 21:37:12 2025 
1 9.999999999999999547e-07 1.000000000000000036e-10 
body $-1 -1 $-1 $2 $-1 $3 #
body $-1 -1 $-1 $4 $-1 $5 #
lump $-1 -1 $-1 $-1 $6 $0 #
transform $-1 -1 1 0 0 0 1 0 0 0 1 190.5 6.350000000000000533 0.5 1 no_rotate no_reflect no_shear #
lump $-1 -1 $-1 $-1 $7 $1 #
transform $-1 -1 1 0 0 0 1 0 0 0 1 -0.2999999999999999889 5.849999999999999645 0.5 1 no_rotate no_reflect no_shear #
shell $-1 -1 $-1 $-1 $-1 $8 $-1 $2 #
shell $-1 -1 $-1 $-1 $-1 $9 $-1 $4 #
face $10 -1 $-1 $11 $12 $6 $-1 $13 forward single #
face $14 -1 $-1 $15 $16 $7 $-1 $17 forward single #
color-adesk-attrib $-1 -1 $-1 $-1 $8 256 #
face $18 -1 $-1 $19 $20 $6 $-1 $21 reversed single #
loop $-1 -1 $-1 $-1 $22 $8 #
plane-surface $-1 -1 $-1 0 0 0.5 0 0 1 1 0 0 forward_v I I I I #
color-adesk-attrib $-1 -1 $-1 $-1 $9 256 #
face $23 -1 $-1 $24 $25 $7 $-1 $26 forward single #
loop $-1 -1 $-1 $-1 $27 $9 #
plane-surface $-1 -1 $-1 0.404919266673806344 5.537078211277524531 -0.5 0.5920498370656622766 -0.8059013527910986463 0 0.8059013527910986463 0.5920498370656622766 0 forward_v I I I I #
color-adesk-attrib $-1 -1 $-1 $-1 $11 256 #
face $28 -1 $-1 $29 $30 $6 $-1 $31 reversed single #
loop $-1 -1 $-1 $-1 $32 $11 #
plane-surface $-1 -1 $-1 0 0 -0.5 0 0 1 1 0 0 forward_v I I I I #
coedge $-1 -1 $-1 $33 $34 $35 $36 forward $12 $-1 #
color-adesk-attrib $-1 -1 $-1 $-1 $15 256 #
face $37 -1 $-1 $38 $39 $7 $-1 $40 forward single #
loop $-1 -1 $-1 $-1 $41 $15 #
cone-surface $-1 -1 $-1 0.4362979080382862751 5.494365439579596 -0.5 0 0 1 -0.03137864136447990338 0.04271277169792853101 0 1 I I 0 -1 0.05300000000000013034 forward I I I I #
coedge $-1 -1 $-1 $42 $43 $44 $45 reversed $16 $-1 #
color-adesk-attrib $-1 -1 $-1 $-1 $19 256 #
face $46 -1 $-1 $47 $48 $6 $-1 $49 reversed single #
loop $-1 -1 $-1 $-1 $50 $19 #
plane-surface $-1 -1 $-1 0 -0.5 0 0 1 -0 -0 0 1 forward_v I I I I #
coedge $-1 -1 $-1 $51 $52 $53 $54 forward $20 $-1 #
coedge $-1 -1 $-1 $55 $22 $56 $57 forward $12 $-1 #
coedge $-1 -1 $-1 $22 $55 $58 $59 forward $12 $-1 #
coedge $-1 -1 $-1 $60 $61 $22 $36 reversed $62 $-1 #
edge $63 -1 $-1 $64 -0.5 $65 0.5 $35 $66 forward @7 unknown #
color-adesk-attrib $-1 -1 $-1 $-1 $24 256 #
face $67 -1 $-1 $68 $69 $7 $-1 $70 forward single #
loop $-1 -1 $-1 $-1 $71 $24 #
plane-surface $-1 -1 $-1 0.6580511514479243651 5.409679192309356566 -0.5 0.1391731009600636892 0.990268068741570584 0 -0.990268068741570584 0.1391731009600636892 0 forward_v I I I I #
coedge $-1 -1 $-1 $72 $73 $74 $75 reversed $25 $-1 #
coedge $-1 -1 $-1 $76 $27 $77 $78 forward $16 $-1 #
coedge $-1 -1 $-1 $27 $76 $72 $79 reversed $16 $-1 #
coedge $-1 -1 $-1 $74 $80 $27 $45 forward $81 $-1 #
edge $82 -1 $-1 $83 0 $84 0.3343280742001199513 $44 $85 forward @7 unknown #
color-adesk-attrib $-1 -1 $-1 $-1 $29 256 #
face $86 -1 $-1 $87 $88 $6 $-1 $89 reversed single #
loop $-1 -1 $-1 $-1 $90 $29 #
plane-surface $-1 -1 $-1 -0.5 0 0 1 0 0 0 0 -1 forward_v I I I I #
coedge $-1 -1 $-1 $91 $58 $92 $93 forward $30 $-1 #
coedge $-1 -1 $-1 $94 $32 $91 $95 forward $20 $-1 #
coedge $-1 -1 $-1 $32 $94 $96 $97 forward $20 $-1 #
coedge $-1 -1 $-1 $61 $60 $32 $54 reversed $62 $-1 #
edge $98 -1 $-1 $99 -0.5 $100 0.5 $53 $101 forward @7 unknown #
coedge $-1 -1 $-1 $34 $33 $102 $103 forward $12 $-1 #
coedge $-1 -1 $-1 $104 $105 $33 $57 reversed $88 $-1 #
edge $106 -1 $-1 $65 -0.5 $107 0.5 $56 $108 forward @7 unknown #
coedge $-1 -1 $-1 $50 $109 $34 $59 reversed $30 $-1 #
edge $110 -1 $-1 $111 -0.5 $64 0.5 $58 $112 forward @7 unknown #
coedge $-1 -1 $-1 $53 $35 $109 $113 forward $62 $-1 #
coedge $-1 -1 $-1 $35 $53 $104 $114 reversed $62 $-1 #
loop $-1 -1 $-1 $-1 $60 $87 #
color-adesk-attrib $-1 -1 $-1 $-1 $36 256 #
vertex $-1 -1 $-1 $36 $115 #
vertex $-1 -1 $-1 $36 $116 #
straight-curve $-1 -1 $-1 0.5 0 0.5 0 1 0 I I #
color-adesk-attrib $-1 -1 $-1 $-1 $38 256 #
face $117 -1 $-1 $118 $119 $7 $-1 $120 forward single #
loop $-1 -1 $-1 $-1 $121 $38 #
cone-surface $-1 -1 $-1 0.6530409198133624304 5.374029541834660861 -0.5 0 0 1 0.005010231634561990166 0.03564965047469570436 0 1 I I 0 1 0.03599999999999912992 forward I I I I #
coedge $-1 -1 $-1 $122 $123 $124 $125 reversed $39 $-1 #
coedge $-1 -1 $-1 $126 $41 $43 $79 forward $25 $-1 #
coedge $-1 -1 $-1 $41 $126 $122 $127 reversed $25 $-1 #
coedge $-1 -1 $-1 $124 $44 $41 $75 forward $81 $-1 #
edge $128 -1 $-1 $84 0 $129 2.368366308428903277 $74 $130 forward @7 unknown #
coedge $-1 -1 $-1 $43 $42 $131 $132 reversed $16 $-1 #
coedge $-1 -1 $-1 $133 $134 $42 $78 reversed $135 $-1 #
edge $136 -1 $-1 $83 0 $137 1 $77 $138 forward @7 tangent #
edge $139 -1 $-1 $84 0 $140 1 $72 $141 forward @7 tangent #
coedge $-1 -1 $-1 $44 $142 $133 $143 forward $81 $-1 #
loop $-1 -1 $-1 $-1 $144 $145 #
color-adesk-attrib $-1 -1 $-1 $-1 $45 256 #
vertex $-1 -1 $-1 $143 $146 #
vertex $-1 -1 $-1 $45 $147 #
straight-curve $-1 -1 $-1 0.6743547139477257257 5.735017093134182176 -0.5 -0.8059013527910985353 -0.5920498370656621656 0 F 0 F 0.3343280742001199513 #
color-adesk-attrib $-1 -1 $-1 $-1 $47 256 #
face $148 -1 $-1 $-1 $62 $6 $-1 $149 reversed single #
loop $-1 -1 $-1 $-1 $104 $47 #
plane-surface $-1 -1 $-1 0 0.5 0 0 -1 0 0 0 -1 forward_v I I I I #
coedge $-1 -1 $-1 $150 $102 $105 $151 forward $48 $-1 #
coedge $-1 -1 $-1 $109 $50 $51 $95 reversed $30 $-1 #
coedge $-1 -1 $-1 $102 $150 $50 $93 reversed $48 $-1 #
edge $152 -1 $-1 $111 -0.5 $153 0.5 $92 $154 forward @7 unknown #
coedge $-1 -1 $-1 $52 $51 $150 $155 forward $20 $-1 #
edge $156 -1 $-1 $100 -0.5 $153 0.5 $91 $157 forward @7 unknown #
coedge $-1 -1 $-1 $105 $104 $52 $97 reversed $88 $-1 #
edge $158 -1 $-1 $159 -0.5 $99 0.5 $96 $160 forward @7 unknown #
color-adesk-attrib $-1 -1 $-1 $-1 $54 256 #
vertex $-1 -1 $-1 $54 $161 #
vertex $-1 -1 $-1 $113 $162 #
straight-curve $-1 -1 $-1 0.5 0 -0.5 0 -1 0 I I #
coedge $-1 -1 $-1 $90 $92 $55 $103 reversed $48 $-1 #
edge $163 -1 $-1 $107 -0.5 $111 0.5 $102 $164 forward @7 unknown #
coedge $-1 -1 $-1 $96 $56 $61 $114 forward $88 $-1 #
coedge $-1 -1 $-1 $56 $96 $90 $151 reversed $88 $-1 #
color-adesk-attrib $-1 -1 $-1 $-1 $57 256 #
vertex $-1 -1 $-1 $57 $165 #
straight-curve $-1 -1 $-1 0 0.5 0.5 -1 0 0 I I #
coedge $-1 -1 $-1 $58 $91 $60 $113 reversed $30 $-1 #
color-adesk-attrib $-1 -1 $-1 $-1 $59 256 #
vertex $-1 -1 $-1 $103 $166 #
straight-curve $-1 -1 $-1 0 -0.5 0.5 1 0 0 I I #
edge $167 -1 $-1 $64 -0.5 $100 0.5 $60 $168 forward @7 unknown #
edge $169 -1 $-1 $65 -0.5 $99 0.5 $61 $170 forward @7 unknown #
point $-1 -1 $-1 0.5 -0.5 0.5 #
point $-1 -1 $-1 0.5 0.5 0.5 #
color-adesk-attrib $-1 -1 $-1 $-1 $68 256 #
face $171 -1 $-1 $172 $173 $7 $-1 $174 forward single #
loop $-1 -1 $-1 $-1 $175 $68 #
plane-surface $-1 -1 $-1 0.4049192666738083424 5.147078211277525739 -0.5 0.5920498370656617215 -0.8059013527910990904 0 0.8059013527910990904 0.5920498370656617215 0 forward_v I I I I #
coedge $-1 -1 $-1 $176 $177 $178 $179 reversed $69 $-1 #
coedge $-1 -1 $-1 $180 $71 $73 $127 forward $39 $-1 #
coedge $-1 -1 $-1 $71 $180 $176 $181 reversed $39 $-1 #
coedge $-1 -1 $-1 $178 $74 $71 $125 forward $81 $-1 #
edge $182 -1 $-1 $129 0 $183 0.2313812037297117707 $124 $184 forward @7 unknown #
coedge $-1 -1 $-1 $73 $72 $185 $186 reversed $25 $-1 #
edge $187 -1 $-1 $129 0 $188 1 $122 $189 forward @7 tangent #
color-adesk-attrib $-1 -1 $-1 $-1 $75 256 #
vertex $-1 -1 $-1 $75 $190 #
ellipse-curve $-1 -1 $-1 0.4362979080382862751 5.494365439579596 -0.5 0 0 1 -0.03137864136447990338 0.04271277169792853101 0 1 F 0 F 2.368366308428903277 #
coedge $-1 -1 $-1 $191 $185 $76 $132 forward $192 $-1 #
edge $193 -1 $-1 $140 -0.3343280742001199513 $137 -0 $76 $194 forward @7 unknown #
coedge $-1 -1 $-1 $195 $77 $80 $143 reversed $135 $-1 #
coedge $-1 -1 $-1 $77 $195 $191 $196 reversed $135 $-1 #
loop $-1 -1 $-1 $-1 $133 $197 #
color-adesk-attrib $-1 -1 $-1 $-1 $78 256 #
vertex $-1 -1 $-1 $78 $198 #
straight-curve $-1 -1 $-1 0.6743547139477255037 5.735017093134182176 -0.5 0 0 1 I I #
color-adesk-attrib $-1 -1 $-1 $-1 $79 256 #
vertex $-1 -1 $-1 $79 $199 #
straight-curve $-1 -1 $-1 0.404919266673806344 5.537078211277524531 -0.5 0 0 1 I I #
coedge $-1 -1 $-1 $80 $200 $201 $202 forward $81 $-1 #
edge $203 -1 $-1 $204 0 $83 2.36836630842891438 $80 $205 forward @7 unknown #
coedge $-1 -1 $-1 $206 $207 $208 $209 forward $81 $-1 #
face $210 -1 $-1 $211 $81 $7 $-1 $212 reversed single #
point $-1 -1 $-1 0.6743547139477255037 5.735017093134182176 -0.5 #
point $-1 -1 $-1 0.404919266673806344 5.537078211277524531 -0.5 #
color-adesk-attrib $-1 -1 $-1 $-1 $87 256 #
plane-surface $-1 -1 $-1 0.5 0 0 -1 0 0 0 -0 1 forward_v I I I I #
coedge $-1 -1 $-1 $92 $90 $94 $155 reversed $48 $-1 #
edge $213 -1 $-1 $107 -0.5 $159 0.5 $105 $214 forward @7 unknown #
color-adesk-attrib $-1 -1 $-1 $-1 $93 256 #
vertex $-1 -1 $-1 $155 $215 #
straight-curve $-1 -1 $-1 -0.5 -0.5 0 0 0 -1 I I #
edge $216 -1 $-1 $153 -0.5 $159 0.5 $150 $217 forward @7 unknown #
color-adesk-attrib $-1 -1 $-1 $-1 $95 256 #
straight-curve $-1 -1 $-1 0 -0.5 -0.5 -1 0 0 I I #
color-adesk-attrib $-1 -1 $-1 $-1 $97 256 #
vertex $-1 -1 $-1 $97 $218 #
straight-curve $-1 -1 $-1 0 0.5 -0.5 1 0 0 I I #
point $-1 -1 $-1 0.5 0.5 -0.5 #
point $-1 -1 $-1 0.5 -0.5 -0.5 #
color-adesk-attrib $-1 -1 $-1 $-1 $103 256 #
straight-curve $-1 -1 $-1 -0.5 0 0.5 0 -1 0 I I #
point $-1 -1 $-1 -0.5 0.5 0.5 #
point $-1 -1 $-1 -0.5 -0.5 0.5 #
color-adesk-attrib $-1 -1 $-1 $-1 $113 256 #
straight-curve $-1 -1 $-1 0.5 -0.5 0 0 0 -1 I I #
color-adesk-attrib $-1 -1 $-1 $-1 $114 256 #
straight-curve $-1 -1 $-1 0.5 0.5 0 0 0 -1 I I #
color-adesk-attrib $-1 -1 $-1 $-1 $118 256 #
face $219 -1 $-1 $220 $221 $7 $-1 $222 forward single #
loop $-1 -1 $-1 $-1 $223 $118 #
cone-surface $-1 -1 $-1 0.4362979080382882735 5.104365439579597208 -0.5 0 0 1 -0.03137864136447990338 0.04271277169792853101 0 1 I I 0 -1 0.05300000000000013034 forward I I I I #
coedge $-1 -1 $-1 $224 $225 $226 $227 reversed $119 $-1 #
coedge $-1 -1 $-1 $228 $121 $123 $181 forward $69 $-1 #
coedge $-1 -1 $-1 $121 $228 $224 $229 reversed $69 $-1 #
coedge $-1 -1 $-1 $226 $124 $121 $179 forward $81 $-1 #
edge $230 -1 $-1 $183 0 $231 2.36836630842891438 $178 $232 forward @7 unknown #
coedge $-1 -1 $-1 $123 $122 $233 $234 reversed $39 $-1 #
edge $235 -1 $-1 $183 0 $236 1 $176 $237 forward @7 tangent #
color-adesk-attrib $-1 -1 $-1 $-1 $125 256 #
vertex $-1 -1 $-1 $125 $238 #
straight-curve $-1 -1 $-1 0.4289217336874028286 5.441881231936292806 -0.5 0.990268068741570584 -0.1391731009600636892 0 F 0 F 0.2313812037297117707 #
coedge $-1 -1 $-1 $131 $233 $126 $186 forward $192 $-1 #
edge $239 -1 $-1 $188 -2.368366308428903277 $140 -0 $126 $240 forward @7 unknown #
color-adesk-attrib $-1 -1 $-1 $-1 $127 256 #
vertex $-1 -1 $-1 $127 $241 #
straight-curve $-1 -1 $-1 0.4289217336874027731 5.441881231936292806 -0.5 0 0 1 I I #
point $-1 -1 $-1 0.4289217336874027731 5.441881231936292806 -0.5 #
coedge $-1 -1 $-1 $242 $131 $134 $196 forward $192 $-1 #
loop $-1 -1 $-1 $-1 $243 $244 #
color-adesk-attrib $-1 -1 $-1 $-1 $132 256 #
straight-curve $-1 -1 $-1 0.6743547139477257257 5.735017093134182176 0.5 0.8059013527910985353 0.5920498370656621656 0 I I #
coedge $-1 -1 $-1 $134 $133 $245 $246 forward $135 $-1 #
edge $247 -1 $-1 $137 -2.36836630842891438 $248 -0 $134 $249 forward @7 unknown #
face $250 -1 $-1 $244 $135 $7 $-1 $251 forward single #
point $-1 -1 $-1 0.6743547139477255037 5.735017093134182176 0.5 #
point $-1 -1 $-1 0.404919266673806344 5.537078211277524531 0.5 #
coedge $-1 -1 $-1 $142 $206 $252 $253 forward $81 $-1 #
coedge $-1 -1 $-1 $254 $245 $142 $202 reversed $255 $-1 #
edge $256 -1 $-1 $257 0 $204 0.3615699251041530338 $142 $258 forward @7 unknown #
color-adesk-attrib $-1 -1 $-1 $-1 $143 256 #
vertex $-1 -1 $-1 $143 $259 #
ellipse-curve $-1 -1 $-1 0.6530409198133624304 5.76402954183466143 -0.5 0 0 -1 0.005010231634561990166 0.03564965047469570436 0 1 F 0 F 2.36836630842891438 #
coedge $-1 -1 $-1 $200 $144 $260 $261 forward $81 $-1 #
coedge $-1 -1 $-1 $144 $262 $263 $264 forward $81 $-1 #
coedge $-1 -1 $-1 $265 $266 $144 $209 reversed $267 $-1 #
edge $268 -1 $-1 $269 -0.2999999999999999889 $270 0.2999999999999999889 $208 $271 forward @7 unknown #
color-adesk-attrib $-1 -1 $-1 $-1 $145 256 #
face $272 -1 $-1 $273 $267 $7 $-1 $274 reversed single #
plane-surface $-1 -1 $-1 0 0 -0.5 0 0 1 1 0 0 forward_v I I I I #
color-adesk-attrib $-1 -1 $-1 $-1 $151 256 #
straight-curve $-1 -1 $-1 -0.5 0.5 0 0 0 -1 I I #
point $-1 -1 $-1 -0.5 -0.5 -0.5 #
color-adesk-attrib $-1 -1 $-1 $-1 $155 256 #
straight-curve $-1 -1 $-1 -0.5 0 -0.5 0 1 0 I I #
point $-1 -1 $-1 -0.5 0.5 -0.5 #
color-adesk-attrib $-1 -1 $-1 $-1 $172 256 #
face $275 -1 $-1 $276 $277 $7 $-1 $278 forward single #
loop $-1 -1 $-1 $-1 $279 $172 #
plane-surface $-1 -1 $-1 0.6580511514479243651 5.019679192309357774 -0.5 0.1391731009600648827 0.990268068741570362 0 -0.990268068741570362 0.1391731009600648827 0 forward_v I I I I #
coedge $-1 -1 $-1 $280 $281 $282 $283 reversed $173 $-1 #
coedge $-1 -1 $-1 $284 $175 $177 $229 forward $119 $-1 #
coedge $-1 -1 $-1 $175 $284 $280 $285 reversed $119 $-1 #
coedge $-1 -1 $-1 $282 $178 $175 $227 forward $81 $-1 #
edge $286 -1 $-1 $231 0 $287 0.3343280742001172867 $226 $288 forward @7 unknown #
coedge $-1 -1 $-1 $177 $176 $289 $290 reversed $69 $-1 #
edge $291 -1 $-1 $231 0 $292 1 $224 $293 forward @7 tangent #
color-adesk-attrib $-1 -1 $-1 $-1 $179 256 #
vertex $-1 -1 $-1 $179 $294 #
ellipse-curve $-1 -1 $-1 0.6530409198133624304 5.374029541834660861 -0.5 0 0 -1 0.005010231634561990166 0.03564965047469570436 0 1 F 0 F 2.36836630842891438 #
coedge $-1 -1 $-1 $185 $289 $180 $234 forward $192 $-1 #
edge $295 -1 $-1 $236 -0.2313812037297117707 $188 -0 $180 $296 forward @7 unknown #
color-adesk-attrib $-1 -1 $-1 $-1 $181 256 #
vertex $-1 -1 $-1 $181 $297 #
straight-curve $-1 -1 $-1 0.6580511514479243651 5.409679192309356566 -0.5 0 0 1 I I #
point $-1 -1 $-1 0.6580511514479243651 5.409679192309356566 -0.5 #
color-adesk-attrib $-1 -1 $-1 $-1 $186 256 #
ellipse-curve $-1 -1 $-1 0.4362979080382862751 5.494365439579596 0.5 0 0 -1 -0.03137864136447990338 0.04271277169792853101 0 1 I I #
point $-1 -1 $-1 0.4289217336874027731 5.441881231936292806 0.5 #
coedge $-1 -1 $-1 $243 $191 $298 $299 forward $192 $-1 #
coedge $-1 -1 $-1 $300 $242 $301 $302 forward $192 $-1 #
face $303 -1 $-1 $145 $192 $7 $-1 $304 forward single #
coedge $-1 -1 $-1 $201 $298 $195 $246 reversed $255 $-1 #
edge $305 -1 $-1 $204 0 $248 1 $195 $306 forward @7 tangent #
color-adesk-attrib $-1 -1 $-1 $-1 $196 256 #
vertex $-1 -1 $-1 $246 $307 #
ellipse-curve $-1 -1 $-1 0.6530409198133624304 5.76402954183466143 0.5 0 0 1 0.005010231634561990166 0.03564965047469570436 0 1 I I #
color-adesk-attrib $-1 -1 $-1 $-1 $197 256 #
cone-surface $-1 -1 $-1 0.6530409198133624304 5.76402954183466143 -0.5 0 0 1 0.005010231634561990166 0.03564965047469570436 0 1 I I 0 1 0.03599999999999912992 forward I I I I #
coedge $-1 -1 $-1 $308 $309 $200 $253 reversed $310 $-1 #
edge $311 -1 $-1 $312 -0.2999999999999999889 $257 0.2999999999999999889 $252 $313 forward @7 unknown #
coedge $-1 -1 $-1 $298 $201 $309 $314 reversed $255 $-1 #
loop $-1 -1 $-1 $-1 $201 $315 #
color-adesk-attrib $-1 -1 $-1 $-1 $202 256 #
vertex $-1 -1 $-1 $202 $316 #
straight-curve $-1 -1 $-1 0.3000000000000007105 5.850000000000001421 -0.5 0.9902680687415701399 -0.1391731009600673807 0 F 0 F 0.3615699251041530338 #
point $-1 -1 $-1 0.6580511514479243651 5.799679192309357134 -0.5 #
coedge $-1 -1 $-1 $317 $318 $206 $261 reversed $319 $-1 #
edge $320 -1 $-1 $270 -5.849999999999999645 $312 5.849999999999999645 $260 $321 forward @7 unknown #
coedge $-1 -1 $-1 $207 $322 $323 $324 forward $81 $-1 #
coedge $-1 -1 $-1 $325 $326 $207 $264 reversed $327 $-1 #
edge $328 -1 $-1 $329 0 $269 0.464516795574559882 $207 $330 forward @7 unknown #
coedge $-1 -1 $-1 $331 $208 $326 $332 reversed $267 $-1 #
coedge $-1 -1 $-1 $208 $331 $317 $333 forward $267 $-1 #
loop $-1 -1 $-1 $-1 $266 $211 #
color-adesk-attrib $-1 -1 $-1 $-1 $209 256 #
vertex $-1 -1 $-1 $332 $334 #
vertex $-1 -1 $-1 $261 $335 #
straight-curve $-1 -1 $-1 0 -5.849999999999999645 -0.5 -1 0 0 I I #
color-adesk-attrib $-1 -1 $-1 $-1 $211 256 #
face $336 -1 $-1 $337 $319 $7 $-1 $338 reversed single #
plane-surface $-1 -1 $-1 0 -5.849999999999999645 0 0 1 -0 -0 0 1 forward_v I I I I #
color-adesk-attrib $-1 -1 $-1 $-1 $220 256 #
face $339 -1 $-1 $340 $341 $7 $-1 $342 forward single #
loop $-1 -1 $-1 $-1 $343 $220 #
cone-surface $-1 -1 $-1 0.6530409198133624304 4.984029541834660293 -0.5 0 0 1 0.005010231634561990166 0.03564965047469748072 0 1 I I 0 1 0.0360000000000008924 forward I I I I #
coedge $-1 -1 $-1 $344 $345 $346 $347 reversed $221 $-1 #
coedge $-1 -1 $-1 $348 $223 $225 $285 forward $173 $-1 #
coedge $-1 -1 $-1 $223 $348 $344 $349 reversed $173 $-1 #
coedge $-1 -1 $-1 $346 $226 $223 $283 forward $81 $-1 #
edge $350 -1 $-1 $287 0 $351 2.368366308428903277 $282 $352 forward @7 unknown #
coedge $-1 -1 $-1 $225 $224 $353 $354 reversed $119 $-1 #
edge $355 -1 $-1 $287 0 $356 1 $280 $357 forward @7 tangent #
color-adesk-attrib $-1 -1 $-1 $-1 $227 256 #
vertex $-1 -1 $-1 $227 $358 #
straight-curve $-1 -1 $-1 0.6743547139477257257 5.345017093134181607 -0.5 -0.8059013527910989794 -0.5920498370656616105 0 F 0 F 0.3343280742001172867 #
coedge $-1 -1 $-1 $233 $353 $228 $290 forward $192 $-1 #
edge $359 -1 $-1 $292 -2.36836630842891438 $236 -0 $228 $360 forward @7 unknown #
color-adesk-attrib $-1 -1 $-1 $-1 $229 256 #
vertex $-1 -1 $-1 $229 $361 #
straight-curve $-1 -1 $-1 0.6743547139477255037 5.345017093134181607 -0.5 0 0 1 I I #
point $-1 -1 $-1 0.6743547139477255037 5.345017093134181607 -0.5 #
color-adesk-attrib $-1 -1 $-1 $-1 $234 256 #
straight-curve $-1 -1 $-1 0.4289217336874028286 5.441881231936292806 0.5 -0.990268068741570584 0.1391731009600636892 0 I I #
point $-1 -1 $-1 0.6580511514479243651 5.409679192309356566 0.5 #
coedge $-1 -1 $-1 $245 $254 $242 $299 reversed $255 $-1 #
edge $362 -1 $-1 $248 -0.3615699251041530338 $363 -0 $298 $364 forward @7 unknown #
coedge $-1 -1 $-1 $365 $243 $366 $367 forward $192 $-1 #
coedge $-1 -1 $-1 $309 $308 $243 $302 reversed $310 $-1 #
edge $368 -1 $-1 $363 -0.2999999999999999889 $369 0.2999999999999999889 $301 $370 forward @7 unknown #
color-adesk-attrib $-1 -1 $-1 $-1 $244 256 #
plane-surface $-1 -1 $-1 0 0 0.5 0 0 1 1 0 0 forward_v I I I I #
color-adesk-attrib $-1 -1 $-1 $-1 $246 256 #
straight-curve $-1 -1 $-1 0.6580511514479243651 5.799679192309357134 -0.5 0 0 1 I I #
point $-1 -1 $-1 0.6580511514479243651 5.799679192309357134 0.5 #
coedge $-1 -1 $-1 $301 $252 $318 $371 reversed $310 $-1 #
coedge $-1 -1 $-1 $252 $301 $254 $314 forward $310 $-1 #
loop $-1 -1 $-1 $-1 $309 $337 #
color-adesk-attrib $-1 -1 $-1 $-1 $253 256 #
vertex $-1 -1 $-1 $253 $372 #
straight-curve $-1 -1 $-1 0 5.849999999999999645 -0.5 1 0 0 I I #
edge $373 -1 $-1 $363 -0.5 $257 0.5 $309 $374 forward @7 unknown #
face $375 -1 $-1 $197 $255 $7 $-1 $376 forward single #
point $-1 -1 $-1 0.2999999999999999889 5.849999999999999645 -0.5 #
coedge $-1 -1 $-1 $366 $260 $266 $333 reversed $319 $-1 #
coedge $-1 -1 $-1 $260 $366 $308 $371 forward $319 $-1 #
loop $-1 -1 $-1 $-1 $318 $273 #
color-adesk-attrib $-1 -1 $-1 $-1 $261 256 #
straight-curve $-1 -1 $-1 -0.2999999999999999889 0 -0.5 0 1 0 I I #
coedge $-1 -1 $-1 $262 $377 $378 $379 forward $81 $-1 #
coedge $-1 -1 $-1 $380 $381 $262 $324 reversed $382 $-1 #
edge $383 -1 $-1 $384 0 $329 2.368366308428899281 $262 $385 forward @7 unknown #
coedge $-1 -1 $-1 $386 $263 $381 $387 forward $327 $-1 #
coedge $-1 -1 $-1 $263 $386 $265 $332 forward $327 $-1 #
loop $-1 -1 $-1 $-1 $263 $388 #
color-adesk-attrib $-1 -1 $-1 $-1 $264 256 #
vertex $-1 -1 $-1 $324 $389 #
straight-curve $-1 -1 $-1 0.6743547139477250596 -5.57498290686581921 -0.5 -0.8059013527911009778 -0.592049837065659168 0 F 0 F 0.464516795574559882 #
coedge $-1 -1 $-1 $266 $265 $365 $390 reversed $267 $-1 #
edge $391 -1 $-1 $392 -0.5 $269 0.5 $265 $393 forward @7 unknown #
edge $394 -1 $-1 $395 -0.5 $270 0.5 $317 $396 forward @7 unknown #
point $-1 -1 $-1 0.2999999999999999889 -5.849999999999999645 -0.5 #
point $-1 -1 $-1 -0.2999999999999999889 -5.849999999999999645 -0.5 #
color-adesk-attrib $-1 -1 $-1 $-1 $273 256 #
face $397 -1 $-1 $-1 $310 $7 $-1 $398 reversed single #
plane-surface $-1 -1 $-1 -0.2999999999999999889 0 0 1 0 0 0 0 -1 forward_v I I I I #
color-adesk-attrib $-1 -1 $-1 $-1 $276 256 #
face $399 -1 $-1 $400 $401 $7 $-1 $402 forward single #
loop $-1 -1 $-1 $-1 $403 $276 #
plane-surface $-1 -1 $-1 0.404919266673806344 4.75707821127752517 -0.5 0.5920498370656622766 -0.8059013527910986463 0 0.8059013527910986463 0.5920498370656622766 0 forward_v I I I I #
coedge $-1 -1 $-1 $404 $405 $406 $407 reversed $277 $-1 #
coedge $-1 -1 $-1 $408 $279 $281 $349 forward $221 $-1 #
coedge $-1 -1 $-1 $279 $408 $404 $409 reversed $221 $-1 #
coedge $-1 -1 $-1 $406 $282 $279 $347 forward $81 $-1 #
edge $410 -1 $-1 $351 0 $411 0.2313812037297098001 $346 $412 forward @7 unknown #
coedge $-1 -1 $-1 $281 $280 $413 $414 reversed $173 $-1 #
edge $415 -1 $-1 $351 0 $416 1 $344 $417 forward @7 tangent #
color-adesk-attrib $-1 -1 $-1 $-1 $283 256 #
vertex $-1 -1 $-1 $283 $418 #
ellipse-curve $-1 -1 $-1 0.4362979080382882735 5.104365439579597208 -0.5 0 0 1 -0.03137864136447990338 0.04271277169792853101 0 1 F 0 F 2.368366308428903277 #
coedge $-1 -1 $-1 $289 $413 $284 $354 forward $192 $-1 #
edge $419 -1 $-1 $356 -0.3343280742001172867 $292 -0 $284 $420 forward @7 unknown #
color-adesk-attrib $-1 -1 $-1 $-1 $285 256 #
vertex $-1 -1 $-1 $285 $421 #
straight-curve $-1 -1 $-1 0.4049192666738083424 5.147078211277525739 -0.5 0 0 1 I I #
point $-1 -1 $-1 0.4049192666738083424 5.147078211277525739 -0.5 #
color-adesk-attrib $-1 -1 $-1 $-1 $290 256 #
ellipse-curve $-1 -1 $-1 0.6530409198133624304 5.374029541834660861 0.5 0 0 1 0.005010231634561990166 0.03564965047469570436 0 1 I I #
point $-1 -1 $-1 0.6743547139477255037 5.345017093134181607 0.5 #
color-adesk-attrib $-1 -1 $-1 $-1 $299 256 #
vertex $-1 -1 $-1 $302 $422 #
straight-curve $-1 -1 $-1 0.3000000000000007105 5.850000000000001421 0.5 -0.9902680687415701399 0.1391731009600673807 0 I I #
coedge $-1 -1 $-1 $423 $300 $331 $390 forward $192 $-1 #
coedge $-1 -1 $-1 $318 $317 $300 $367 reversed $319 $-1 #
edge $424 -1 $-1 $369 -5.849999999999999645 $395 5.849999999999999645 $366 $425 forward @7 unknown #
color-adesk-attrib $-1 -1 $-1 $-1 $302 256 #
vertex $-1 -1 $-1 $302 $426 #
straight-curve $-1 -1 $-1 0 5.849999999999999645 0.5 -1 0 0 I I #
edge $427 -1 $-1 $369 -0.5 $312 0.5 $308 $428 forward @7 unknown #
point $-1 -1 $-1 -0.2999999999999999889 5.849999999999999645 -0.5 #
color-adesk-attrib $-1 -1 $-1 $-1 $314 256 #
straight-curve $-1 -1 $-1 0.2999999999999999889 5.849999999999999645 0 0 0 -1 I I #
color-adesk-attrib $-1 -1 $-1 $-1 $315 256 #
plane-surface $-1 -1 $-1 0.6580511514479243651 5.799679192309357134 -0.5 0.1391731009600673807 0.9902680687415701399 0 -0.9902680687415701399 0.1391731009600673807 0 forward_v I I I I #
coedge $-1 -1 $-1 $322 $429 $430 $431 forward $81 $-1 #
coedge $-1 -1 $-1 $432 $433 $322 $379 reversed $434 $-1 #
edge $435 -1 $-1 $436 0 $384 0.2313812037297113544 $322 $437 forward @7 unknown #
coedge $-1 -1 $-1 $438 $323 $433 $439 forward $382 $-1 #
coedge $-1 -1 $-1 $323 $438 $325 $387 reversed $382 $-1 #
loop $-1 -1 $-1 $-1 $323 $440 #
color-adesk-attrib $-1 -1 $-1 $-1 $324 256 #
vertex $-1 -1 $-1 $379 $441 #
ellipse-curve $-1 -1 $-1 0.6530409198133613202 -5.545970458165339956 -0.5 0 0 -1 0.005010231634562378744 0.03564965047469653703 0 1 F 0 F 2.368366308428899281 #
coedge $-1 -1 $-1 $326 $325 $423 $442 reversed $327 $-1 #
edge $443 -1 $-1 $329 0 $444 1 $325 $445 forward @7 tangent #
face $446 -1 $-1 $315 $327 $7 $-1 $447 forward single #
point $-1 -1 $-1 0.6743547139477250596 -5.57498290686581921 -0.5 #
edge $448 -1 $-1 $395 -0.2999999999999999889 $392 0.2999999999999999889 $331 $449 forward @7 unknown #
color-adesk-attrib $-1 -1 $-1 $-1 $332 256 #
vertex $-1 -1 $-1 $442 $450 #
straight-curve $-1 -1 $-1 0.2999999999999999889 -5.849999999999999645 0 0 0 -1 I I #
color-adesk-attrib $-1 -1 $-1 $-1 $333 256 #
vertex $-1 -1 $-1 $367 $451 #
straight-curve $-1 -1 $-1 -0.2999999999999999889 -5.849999999999999645 0 0 0 -1 I I #
color-adesk-attrib $-1 -1 $-1 $-1 $337 256 #
plane-surface $-1 -1 $-1 0 5.849999999999999645 0 0 -1 0 0 0 -1 forward_v I I I I #
color-adesk-attrib $-1 -1 $-1 $-1 $340 256 #
face $452 -1 $-1 $453 $454 $7 $-1 $455 forward single #
loop $-1 -1 $-1 $-1 $456 $340 #
cone-surface $-1 -1 $-1 0.4362979080382862196 4.714365439579596639 -0.5 0 0 1 -0.03137864136447990338 0.04271277169792853101 0 1 I I 0 -1 0.05300000000000013034 forward I I I I #
coedge $-1 -1 $-1 $457 $458 $459 $460 reversed $341 $-1 #
coedge $-1 -1 $-1 $461 $343 $345 $409 forward $277 $-1 #
coedge $-1 -1 $-1 $343 $461 $457 $462 reversed $277 $-1 #
coedge $-1 -1 $-1 $459 $346 $343 $407 forward $81 $-1 #
edge $463 -1 $-1 $411 0 $464 2.368366308428878853 $406 $465 forward @7 unknown #
coedge $-1 -1 $-1 $345 $344 $466 $467 reversed $221 $-1 #
edge $468 -1 $-1 $411 0 $469 1 $404 $470 forward @7 tangent #
color-adesk-attrib $-1 -1 $-1 $-1 $347 256 #
vertex $-1 -1 $-1 $347 $471 #
straight-curve $-1 -1 $-1 0.428921733687404827 5.051881231936294014 -0.5 0.990268068741570362 -0.1391731009600648827 0 F 0 F 0.2313812037297098001 #
coedge $-1 -1 $-1 $353 $466 $348 $414 forward $192 $-1 #
edge $472 -1 $-1 $416 -2.368366308428903277 $356 -0 $348 $473 forward @7 unknown #
color-adesk-attrib $-1 -1 $-1 $-1 $349 256 #
vertex $-1 -1 $-1 $349 $474 #
straight-curve $-1 -1 $-1 0.4289217336874047715 5.051881231936294014 -0.5 0 0 1 I I #
point $-1 -1 $-1 0.4289217336874047715 5.051881231936294014 -0.5 #
color-adesk-attrib $-1 -1 $-1 $-1 $354 256 #
straight-curve $-1 -1 $-1 0.6743547139477257257 5.345017093134181607 0.5 0.8059013527910989794 0.5920498370656616105 0 I I #
point $-1 -1 $-1 0.4049192666738083424 5.147078211277525739 0.5 #
point $-1 -1 $-1 0.2999999999999999889 5.849999999999999645 0.5 #
coedge $-1 -1 $-1 $475 $365 $386 $442 forward $192 $-1 #
color-adesk-attrib $-1 -1 $-1 $-1 $367 256 #
straight-curve $-1 -1 $-1 -0.2999999999999999889 0 0.5 0 -1 0 I I #
point $-1 -1 $-1 -0.2999999999999999889 5.849999999999999645 0.5 #
color-adesk-attrib $-1 -1 $-1 $-1 $371 256 #
straight-curve $-1 -1 $-1 -0.2999999999999999889 5.849999999999999645 0 0 0 -1 I I #
coedge $-1 -1 $-1 $377 $476 $477 $478 forward $81 $-1 #
coedge $-1 -1 $-1 $479 $480 $377 $431 reversed $481 $-1 #
edge $482 -1 $-1 $483 0 $436 2.368366308428899725 $377 $484 forward @7 unknown #
coedge $-1 -1 $-1 $485 $378 $480 $486 forward $434 $-1 #
coedge $-1 -1 $-1 $378 $485 $380 $439 reversed $434 $-1 #
loop $-1 -1 $-1 $-1 $378 $487 #
color-adesk-attrib $-1 -1 $-1 $-1 $379 256 #
vertex $-1 -1 $-1 $431 $488 #
straight-curve $-1 -1 $-1 0.428921733687402662 -5.478118768063706234 -0.5 0.990268068741570362 -0.1391731009600653823 0 F 0 F 0.2313812037297113544 #
coedge $-1 -1 $-1 $381 $380 $475 $489 reversed $382 $-1 #
edge $490 -1 $-1 $384 0 $491 1 $380 $492 forward @7 tangent #
face $493 -1 $-1 $388 $382 $7 $-1 $494 forward single #
point $-1 -1 $-1 0.658051151447923699 -5.510320807690643363 -0.5 #
edge $495 -1 $-1 $392 -0.464516795574559882 $444 -0 $386 $496 forward @7 unknown #
color-adesk-attrib $-1 -1 $-1 $-1 $387 256 #
vertex $-1 -1 $-1 $387 $497 #
straight-curve $-1 -1 $-1 0.6743547139477250596 -5.57498290686581921 -0.5 0 0 1 I I #
color-adesk-attrib $-1 -1 $-1 $-1 $388 256 #
plane-surface $-1 -1 $-1 0.2999999999999999889 -5.849999999999999645 -0.5 0.592049837065659168 -0.8059013527911009778 0 0.8059013527911009778 0.592049837065659168 0 forward_v I I I I #
color-adesk-attrib $-1 -1 $-1 $-1 $390 256 #
straight-curve $-1 -1 $-1 0 -5.849999999999999645 0.5 1 0 0 I I #
point $-1 -1 $-1 0.2999999999999999889 -5.849999999999999645 0.5 #
point $-1 -1 $-1 -0.2999999999999999889 -5.849999999999999645 0.5 #
color-adesk-attrib $-1 -1 $-1 $-1 $400 256 #
face $498 -1 $-1 $499 $500 $7 $-1 $501 forward single #
loop $-1 -1 $-1 $-1 $502 $400 #
plane-surface $-1 -1 $-1 0.6580511514479243651 4.629679192309357205 -0.5 0.139173100960063717 0.990268068741570584 0 -0.990268068741570584 0.139173100960063717 0 forward_v I I I I #
coedge $-1 -1 $-1 $503 $504 $505 $506 reversed $401 $-1 #
coedge $-1 -1 $-1 $507 $403 $405 $462 forward $341 $-1 #
coedge $-1 -1 $-1 $403 $507 $503 $508 reversed $341 $-1 #
coedge $-1 -1 $-1 $505 $406 $403 $460 forward $81 $-1 #
edge $509 -1 $-1 $464 0 $510 0.3343280742001199513 $459 $511 forward @7 unknown #
coedge $-1 -1 $-1 $405 $404 $512 $513 reversed $277 $-1 #
edge $514 -1 $-1 $464 0 $515 1 $457 $516 forward @7 tangent #
color-adesk-attrib $-1 -1 $-1 $-1 $407 256 #
vertex $-1 -1 $-1 $407 $517 #
ellipse-curve $-1 -1 $-1 0.6530409198133624304 4.984029541834660293 -0.5 0 0 -1 0.005010231634561990166 0.03564965047469748072 0 1 F 0 F 2.368366308428878853 #
coedge $-1 -1 $-1 $413 $512 $408 $467 forward $192 $-1 #
edge $518 -1 $-1 $469 -0.2313812037297098001 $416 -0 $408 $519 forward @7 unknown #
color-adesk-attrib $-1 -1 $-1 $-1 $409 256 #
vertex $-1 -1 $-1 $409 $520 #
straight-curve $-1 -1 $-1 0.6580511514479243651 5.019679192309357774 -0.5 0 0 1 I I #
point $-1 -1 $-1 0.6580511514479243651 5.019679192309357774 -0.5 #
color-adesk-attrib $-1 -1 $-1 $-1 $414 256 #
ellipse-curve $-1 -1 $-1 0.4362979080382882735 5.104365439579597208 0.5 0 0 -1 -0.03137864136447990338 0.04271277169792853101 0 1 I I #
point $-1 -1 $-1 0.4289217336874047715 5.051881231936294014 0.5 #
coedge $-1 -1 $-1 $521 $423 $438 $489 forward $192 $-1 #
coedge $-1 -1 $-1 $429 $522 $523 $524 forward $81 $-1 #
coedge $-1 -1 $-1 $525 $526 $429 $478 reversed $527 $-1 #
edge $528 -1 $-1 $529 0 $483 0.3343280742001182859 $429 $530 forward @7 unknown #
coedge $-1 -1 $-1 $531 $430 $526 $532 forward $481 $-1 #
coedge $-1 -1 $-1 $430 $531 $432 $486 reversed $481 $-1 #
loop $-1 -1 $-1 $-1 $430 $533 #
color-adesk-attrib $-1 -1 $-1 $-1 $431 256 #
vertex $-1 -1 $-1 $478 $534 #
ellipse-curve $-1 -1 $-1 0.4362979080382861641 -5.425634560420403041 -0.5 0 0 1 -0.03137864136447994501 0.04271277169792836448 0 1 F 0 F 2.368366308428899725 #
coedge $-1 -1 $-1 $433 $432 $521 $535 reversed $434 $-1 #
edge $536 -1 $-1 $436 0 $537 1 $432 $538 forward @7 tangent #
face $539 -1 $-1 $440 $434 $7 $-1 $540 forward single #
point $-1 -1 $-1 0.4289217336874027175 -5.478118768063706234 -0.5 #
edge $541 -1 $-1 $444 -2.368366308428899281 $491 -0 $438 $542 forward @7 unknown #
color-adesk-attrib $-1 -1 $-1 $-1 $439 256 #
vertex $-1 -1 $-1 $439 $543 #
straight-curve $-1 -1 $-1 0.658051151447923699 -5.510320807690643363 -0.5 0 0 1 I I #
color-adesk-attrib $-1 -1 $-1 $-1 $440 256 #
cone-surface $-1 -1 $-1 0.6530409198133613202 -5.545970458165339956 -0.5 0 0 1 0.005010231634562378744 0.03564965047469653703 0 1 I I 0 1 0.03600000000000001116 forward I I I I #
color-adesk-attrib $-1 -1 $-1 $-1 $442 256 #
straight-curve $-1 -1 $-1 0.6743547139477250596 -5.57498290686581921 0.5 0.8059013527911009778 0.592049837065659168 0 I I #
point $-1 -1 $-1 0.6743547139477250596 -5.574982906865820098 0.5 #
color-adesk-attrib $-1 -1 $-1 $-1 $453 256 #
face $544 -1 $-1 $545 $546 $7 $-1 $547 forward single #
loop $-1 -1 $-1 $-1 $548 $453 #
cone-surface $-1 -1 $-1 0.6530409198133624304 4.594029541834659724 -0.5 0 0 1 0.005010231634561990166 0.03564965047469748072 0 1 I I 0 1 0.0360000000000008924 forward I I I I #
coedge $-1 -1 $-1 $549 $550 $551 $552 reversed $454 $-1 #
coedge $-1 -1 $-1 $553 $456 $458 $508 forward $401 $-1 #
coedge $-1 -1 $-1 $456 $553 $549 $554 reversed $401 $-1 #
coedge $-1 -1 $-1 $551 $459 $456 $506 forward $81 $-1 #
edge $555 -1 $-1 $510 0 $556 2.368366308428903277 $505 $557 forward @7 unknown #
coedge $-1 -1 $-1 $458 $457 $558 $559 reversed $341 $-1 #
edge $560 -1 $-1 $510 0 $561 1 $503 $562 forward @7 tangent #
color-adesk-attrib $-1 -1 $-1 $-1 $460 256 #
vertex $-1 -1 $-1 $460 $563 #
straight-curve $-1 -1 $-1 0.6743547139477257257 4.955017093134182815 -0.5 -0.8059013527910985353 -0.5920498370656621656 0 F 0 F 0.3343280742001199513 #
coedge $-1 -1 $-1 $466 $558 $461 $513 forward $192 $-1 #
edge $564 -1 $-1 $515 -2.368366308428878853 $469 -0 $461 $565 forward @7 unknown #
color-adesk-attrib $-1 -1 $-1 $-1 $462 256 #
vertex $-1 -1 $-1 $462 $566 #
straight-curve $-1 -1 $-1 0.6743547139477277241 4.955017093134179262 -0.5 0 0 1 I I #
point $-1 -1 $-1 0.6743547139477277241 4.955017093134179262 -0.5 #
color-adesk-attrib $-1 -1 $-1 $-1 $467 256 #
straight-curve $-1 -1 $-1 0.428921733687404827 5.051881231936294014 0.5 -0.990268068741570362 0.1391731009600648827 0 I I #
point $-1 -1 $-1 0.6580511514479243651 5.019679192309357774 0.5 #
coedge $-1 -1 $-1 $567 $475 $485 $535 forward $192 $-1 #
coedge $-1 -1 $-1 $476 $568 $569 $570 forward $81 $-1 #
coedge $-1 -1 $-1 $571 $572 $476 $524 reversed $573 $-1 #
edge $574 -1 $-1 $575 0 $529 2.368366308428903722 $476 $576 forward @7 unknown #
coedge $-1 -1 $-1 $577 $477 $572 $578 forward $527 $-1 #
coedge $-1 -1 $-1 $477 $577 $479 $532 reversed $527 $-1 #
loop $-1 -1 $-1 $-1 $477 $579 #
color-adesk-attrib $-1 -1 $-1 $-1 $478 256 #
vertex $-1 -1 $-1 $524 $580 #
straight-curve $-1 -1 $-1 0.6743547139477250596 -5.18498290686581953 -0.5 -0.8059013527911008667 -0.592049837065659057 0 F 0 F 0.3343280742001182859 #
coedge $-1 -1 $-1 $480 $479 $567 $581 reversed $481 $-1 #
edge $582 -1 $-1 $483 0 $583 1 $479 $584 forward @7 tangent #
face $585 -1 $-1 $487 $481 $7 $-1 $586 forward single #
point $-1 -1 $-1 0.4049192666738062329 -5.382921788722475398 -0.5 #
edge $587 -1 $-1 $491 -0.2313812037297113544 $537 -0 $485 $588 forward @7 unknown #
color-adesk-attrib $-1 -1 $-1 $-1 $486 256 #
vertex $-1 -1 $-1 $486 $589 #
straight-curve $-1 -1 $-1 0.4289217336874027175 -5.478118768063706234 -0.5 0 0 1 I I #
color-adesk-attrib $-1 -1 $-1 $-1 $487 256 #
plane-surface $-1 -1 $-1 0.658051151447923699 -5.510320807690643363 -0.5 0.1391731009600653823 0.990268068741570362 0 -0.990268068741570362 0.1391731009600653823 0 forward_v I I I I #
color-adesk-attrib $-1 -1 $-1 $-1 $489 256 #
ellipse-curve $-1 -1 $-1 0.6530409198133613202 -5.545970458165339956 0.5 0 0 1 0.005010231634562378744 0.03564965047469653703 0 1 I I #
point $-1 -1 $-1 0.658051151447923699 -5.510320807690643363 0.5 #
color-adesk-attrib $-1 -1 $-1 $-1 $499 256 #
face $590 -1 $-1 $591 $592 $7 $-1 $593 forward single #
loop $-1 -1 $-1 $-1 $594 $499 #
plane-surface $-1 -1 $-1 0.4049192666738062885 4.367078211277524602 -0.5 0.5920498370656622766 -0.8059013527910986463 0 0.8059013527910986463 0.5920498370656622766 0 forward_v I I I I #
coedge $-1 -1 $-1 $595 $596 $597 $598 reversed $500 $-1 #
coedge $-1 -1 $-1 $599 $502 $504 $554 forward $454 $-1 #
coedge $-1 -1 $-1 $502 $599 $595 $600 reversed $454 $-1 #
coedge $-1 -1 $-1 $597 $505 $502 $552 forward $81 $-1 #
edge $601 -1 $-1 $556 0 $602 0.2313812037297117152 $551 $603 forward @7 unknown #
coedge $-1 -1 $-1 $504 $503 $604 $605 reversed $401 $-1 #
edge $606 -1 $-1 $556 0 $607 1 $549 $608 forward @7 tangent #
color-adesk-attrib $-1 -1 $-1 $-1 $506 256 #
vertex $-1 -1 $-1 $506 $609 #
ellipse-curve $-1 -1 $-1 0.4362979080382862196 4.714365439579596639 -0.5 0 0 1 -0.03137864136447990338 0.04271277169792853101 0 1 F 0 F 2.368366308428903277 #
coedge $-1 -1 $-1 $512 $604 $507 $559 forward $192 $-1 #
edge $610 -1 $-1 $561 -0.3343280742001199513 $515 -0 $507 $611 forward @7 unknown #
color-adesk-attrib $-1 -1 $-1 $-1 $508 256 #
vertex $-1 -1 $-1 $508 $612 #
straight-curve $-1 -1 $-1 0.404919266673806344 4.75707821127752517 -0.5 0 0 1 I I #
point $-1 -1 $-1 0.404919266673806344 4.75707821127752517 -0.5 #
color-adesk-attrib $-1 -1 $-1 $-1 $513 256 #
ellipse-curve $-1 -1 $-1 0.6530409198133624304 4.984029541834660293 0.5 0 0 1 0.005010231634561990166 0.03564965047469748072 0 1 I I #
point $-1 -1 $-1 0.6743547139477277241 4.955017093134179262 0.5 #
coedge $-1 -1 $-1 $613 $521 $531 $581 forward $192 $-1 #
coedge $-1 -1 $-1 $522 $614 $615 $616 forward $81 $-1 #
coedge $-1 -1 $-1 $617 $618 $522 $570 reversed $619 $-1 #
edge $620 -1 $-1 $621 0 $575 0.2313812037297114932 $522 $622 forward @7 unknown #
coedge $-1 -1 $-1 $623 $523 $618 $624 forward $573 $-1 #
coedge $-1 -1 $-1 $523 $623 $525 $578 reversed $573 $-1 #
loop $-1 -1 $-1 $-1 $523 $625 #
color-adesk-attrib $-1 -1 $-1 $-1 $524 256 #
vertex $-1 -1 $-1 $570 $626 #
ellipse-curve $-1 -1 $-1 0.6530409198133615423 -5.155970458165340276 -0.5 0 0 -1 0.005010231634562267722 0.03564965047469648152 0 1 F 0 F 2.368366308428903722 #
coedge $-1 -1 $-1 $526 $525 $613 $627 reversed $527 $-1 #
edge $628 -1 $-1 $529 0 $629 1 $525 $630 forward @7 tangent #
face $631 -1 $-1 $533 $527 $7 $-1 $632 forward single #
point $-1 -1 $-1 0.6743547139477250596 -5.18498290686581953 -0.5 #
edge $633 -1 $-1 $537 -2.368366308428899725 $583 -0 $531 $634 forward @7 unknown #
color-adesk-attrib $-1 -1 $-1 $-1 $532 256 #
vertex $-1 -1 $-1 $532 $635 #
straight-curve $-1 -1 $-1 0.4049192666738062329 -5.382921788722475398 -0.5 0 0 1 I I #
color-adesk-attrib $-1 -1 $-1 $-1 $533 256 #
cone-surface $-1 -1 $-1 0.4362979080382861641 -5.425634560420403041 -0.5 0 0 1 -0.03137864136447994501 0.04271277169792836448 0 1 I I 0 -1 0.05300000000000001932 forward I I I I #
color-adesk-attrib $-1 -1 $-1 $-1 $535 256 #
straight-curve $-1 -1 $-1 0.428921733687402662 -5.478118768063706234 0.5 -0.990268068741570362 0.1391731009600653823 0 I I #
point $-1 -1 $-1 0.4289217336874027175 -5.478118768063707122 0.5 #
color-adesk-attrib $-1 -1 $-1 $-1 $545 256 #
face $636 -1 $-1 $637 $638 $7 $-1 $639 forward single #
loop $-1 -1 $-1 $-1 $640 $545 #
cone-surface $-1 -1 $-1 0.4362979080382862196 4.324365439579596071 -0.5 0 0 1 -0.03137864136447990338 0.04271277169792853101 0 1 I I 0 -1 0.05300000000000013034 forward I I I I #
coedge $-1 -1 $-1 $641 $642 $643 $644 reversed $546 $-1 #
coedge $-1 -1 $-1 $645 $548 $550 $600 forward $500 $-1 #
coedge $-1 -1 $-1 $548 $645 $641 $646 reversed $500 $-1 #
coedge $-1 -1 $-1 $643 $551 $548 $598 forward $81 $-1 #
edge $647 -1 $-1 $602 0 $648 2.368366308428878853 $597 $649 forward @7 unknown #
coedge $-1 -1 $-1 $550 $549 $650 $651 reversed $454 $-1 #
edge $652 -1 $-1 $602 0 $653 1 $595 $654 forward @7 tangent #
color-adesk-attrib $-1 -1 $-1 $-1 $552 256 #
vertex $-1 -1 $-1 $552 $655 #
straight-curve $-1 -1 $-1 0.4289217336874028286 4.661881231936293446 -0.5 0.990268068741570584 -0.139173100960063717 0 F 0 F 0.2313812037297117152 #
coedge $-1 -1 $-1 $558 $650 $553 $605 forward $192 $-1 #
edge $656 -1 $-1 $607 -2.368366308428903277 $561 -0 $553 $657 forward @7 unknown #
color-adesk-attrib $-1 -1 $-1 $-1 $554 256 #
vertex $-1 -1 $-1 $554 $658 #
straight-curve $-1 -1 $-1 0.4289217336874027731 4.661881231936293446 -0.5 0 0 1 I I #
point $-1 -1 $-1 0.4289217336874027731 4.661881231936293446 -0.5 #
color-adesk-attrib $-1 -1 $-1 $-1 $559 256 #
straight-curve $-1 -1 $-1 0.6743547139477257257 4.955017093134182815 0.5 0.8059013527910985353 0.5920498370656621656 0 I I #
point $-1 -1 $-1 0.404919266673806344 4.75707821127752517 0.5 #
coedge $-1 -1 $-1 $659 $567 $577 $627 forward $192 $-1 #
coedge $-1 -1 $-1 $568 $660 $661 $662 forward $81 $-1 #
coedge $-1 -1 $-1 $663 $664 $568 $616 reversed $665 $-1 #
edge $666 -1 $-1 $667 0 $621 2.368366308428900169 $568 $668 forward @7 unknown #
coedge $-1 -1 $-1 $669 $569 $664 $670 forward $619 $-1 #
coedge $-1 -1 $-1 $569 $669 $571 $624 reversed $619 $-1 #
loop $-1 -1 $-1 $-1 $569 $671 #
color-adesk-attrib $-1 -1 $-1 $-1 $570 256 #
vertex $-1 -1 $-1 $616 $672 #
straight-curve $-1 -1 $-1 0.428921733687402551 -5.088118768063706554 -0.5 0.990268068741570251 -0.1391731009600662428 0 F 0 F 0.2313812037297114932 #
coedge $-1 -1 $-1 $572 $571 $659 $673 reversed $573 $-1 #
edge $674 -1 $-1 $575 0 $675 1 $571 $676 forward @7 tangent #
face $677 -1 $-1 $579 $573 $7 $-1 $678 forward single #
point $-1 -1 $-1 0.658051151447923699 -5.120320807690643683 -0.5 #
edge $679 -1 $-1 $583 -0.3343280742001182859 $629 -0 $577 $680 forward @7 unknown #
color-adesk-attrib $-1 -1 $-1 $-1 $578 256 #
vertex $-1 -1 $-1 $578 $681 #
straight-curve $-1 -1 $-1 0.6743547139477250596 -5.18498290686581953 -0.5 0 0 1 I I #
color-adesk-attrib $-1 -1 $-1 $-1 $579 256 #
plane-surface $-1 -1 $-1 0.4049192666738062329 -5.382921788722475398 -0.5 0.592049837065659168 -0.8059013527911009778 0 0.8059013527911009778 0.592049837065659168 0 forward_v I I I I #
color-adesk-attrib $-1 -1 $-1 $-1 $581 256 #
ellipse-curve $-1 -1 $-1 0.4362979080382861641 -5.425634560420403041 0.5 0 0 -1 -0.03137864136447994501 0.04271277169792836448 0 1 I I #
point $-1 -1 $-1 0.4049192666738062329 -5.382921788722475398 0.5 #
color-adesk-attrib $-1 -1 $-1 $-1 $591 256 #
face $682 -1 $-1 $683 $684 $7 $-1 $685 forward single #
loop $-1 -1 $-1 $-1 $686 $591 #
plane-surface $-1 -1 $-1 0.6580511514479243651 4.239679192309356637 -0.5 0.139173100960063717 0.990268068741570584 0 -0.990268068741570584 0.139173100960063717 0 forward_v I I I I #
coedge $-1 -1 $-1 $687 $688 $689 $690 reversed $592 $-1 #
coedge $-1 -1 $-1 $691 $594 $596 $646 forward $546 $-1 #
coedge $-1 -1 $-1 $594 $691 $687 $692 reversed $546 $-1 #
coedge $-1 -1 $-1 $689 $597 $594 $644 forward $81 $-1 #
edge $693 -1 $-1 $648 0 $694 0.3343280742001199513 $643 $695 forward @7 unknown #
coedge $-1 -1 $-1 $596 $595 $696 $697 reversed $500 $-1 #
edge $698 -1 $-1 $648 0 $699 1 $641 $700 forward @7 tangent #
color-adesk-attrib $-1 -1 $-1 $-1 $598 256 #
vertex $-1 -1 $-1 $598 $701 #
ellipse-curve $-1 -1 $-1 0.6530409198133624304 4.594029541834659724 -0.5 0 0 -1 0.005010231634561990166 0.03564965047469748072 0 1 F 0 F 2.368366308428878853 #
coedge $-1 -1 $-1 $604 $696 $599 $651 forward $192 $-1 #
edge $702 -1 $-1 $653 -0.2313812037297117152 $607 -0 $599 $703 forward @7 unknown #
color-adesk-attrib $-1 -1 $-1 $-1 $600 256 #
vertex $-1 -1 $-1 $600 $704 #
straight-curve $-1 -1 $-1 0.6580511514479243651 4.629679192309357205 -0.5 0 0 1 I I #
point $-1 -1 $-1 0.6580511514479243651 4.629679192309357205 -0.5 #
color-adesk-attrib $-1 -1 $-1 $-1 $605 256 #
ellipse-curve $-1 -1 $-1 0.4362979080382862196 4.714365439579596639 0.5 0 0 -1 -0.03137864136447990338 0.04271277169792853101 0 1 I I #
point $-1 -1 $-1 0.4289217336874027731 4.661881231936293446 0.5 #
coedge $-1 -1 $-1 $705 $613 $623 $673 forward $192 $-1 #
coedge $-1 -1 $-1 $614 $706 $707 $708 forward $81 $-1 #
coedge $-1 -1 $-1 $709 $710 $614 $662 reversed $711 $-1 #
edge $712 -1 $-1 $713 0 $667 0.3343280742001184525 $614 $714 forward @7 unknown #
coedge $-1 -1 $-1 $715 $615 $710 $716 forward $665 $-1 #
coedge $-1 -1 $-1 $615 $715 $617 $670 reversed $665 $-1 #
loop $-1 -1 $-1 $-1 $615 $717 #
color-adesk-attrib $-1 -1 $-1 $-1 $616 256 #
vertex $-1 -1 $-1 $662 $718 #
ellipse-curve $-1 -1 $-1 0.4362979080382860531 -5.035634560420403361 -0.5 0 0 1 -0.03137864136447990338 0.04271277169792830897 0 1 F 0 F 2.368366308428900169 #
coedge $-1 -1 $-1 $618 $617 $705 $719 reversed $619 $-1 #
edge $720 -1 $-1 $621 0 $721 1 $617 $722 forward @7 tangent #
face $723 -1 $-1 $625 $619 $7 $-1 $724 forward single #
point $-1 -1 $-1 0.4289217336874026065 -5.088118768063706554 -0.5 #
edge $725 -1 $-1 $629 -2.368366308428903722 $675 -0 $623 $726 forward @7 unknown #
color-adesk-attrib $-1 -1 $-1 $-1 $624 256 #
vertex $-1 -1 $-1 $624 $727 #
straight-curve $-1 -1 $-1 0.658051151447923699 -5.120320807690643683 -0.5 0 0 1 I I #
color-adesk-attrib $-1 -1 $-1 $-1 $625 256 #
cone-surface $-1 -1 $-1 0.6530409198133615423 -5.155970458165340276 -0.5 0 0 1 0.005010231634562267722 0.03564965047469648152 0 1 I I 0 1 0.03599999999999994177 forward I I I I #
color-adesk-attrib $-1 -1 $-1 $-1 $627 256 #
straight-curve $-1 -1 $-1 0.6743547139477250596 -5.18498290686581953 0.5 0.8059013527911008667 0.592049837065659057 0 I I #
point $-1 -1 $-1 0.6743547139477250596 -5.18498290686581953 0.5 #
color-adesk-attrib $-1 -1 $-1 $-1 $637 256 #
face $728 -1 $-1 $729 $730 $7 $-1 $731 forward single #
loop $-1 -1 $-1 $-1 $732 $637 #
cone-surface $-1 -1 $-1 0.6530409198133624304 4.204029541834659156 -0.5 0 0 1 0.005010231634561990166 0.03564965047469748072 0 1 I I 0 1 0.0360000000000008924 forward I I I I #
coedge $-1 -1 $-1 $733 $734 $735 $736 reversed $638 $-1 #
coedge $-1 -1 $-1 $737 $640 $642 $692 forward $592 $-1 #
coedge $-1 -1 $-1 $640 $737 $733 $738 reversed $592 $-1 #
coedge $-1 -1 $-1 $735 $643 $640 $690 forward $81 $-1 #
edge $739 -1 $-1 $694 0 $740 2.368366308428903277 $689 $741 forward @7 unknown #
coedge $-1 -1 $-1 $642 $641 $742 $743 reversed $546 $-1 #
edge $744 -1 $-1 $694 0 $745 1 $687 $746 forward @7 tangent #
color-adesk-attrib $-1 -1 $-1 $-1 $644 256 #
vertex $-1 -1 $-1 $644 $747 #
straight-curve $-1 -1 $-1 0.6743547139477257257 4.565017093134182247 -0.5 -0.8059013527910985353 -0.5920498370656621656 0 F 0 F 0.3343280742001199513 #
coedge $-1 -1 $-1 $650 $742 $645 $697 forward $192 $-1 #
edge $748 -1 $-1 $699 -2.368366308428878853 $653 -0 $645 $749 forward @7 unknown #
color-adesk-attrib $-1 -1 $-1 $-1 $646 256 #
vertex $-1 -1 $-1 $646 $750 #
straight-curve $-1 -1 $-1 0.6743547139477276131 4.565017093134178694 -0.5 0 0 1 I I #
point $-1 -1 $-1 0.6743547139477276131 4.565017093134178694 -0.5 #
color-adesk-attrib $-1 -1 $-1 $-1 $651 256 #
straight-curve $-1 -1 $-1 0.4289217336874028286 4.661881231936293446 0.5 -0.990268068741570584 0.139173100960063717 0 I I #
point $-1 -1 $-1 0.6580511514479243651 4.629679192309357205 0.5 #
coedge $-1 -1 $-1 $751 $659 $669 $719 forward $192 $-1 #
coedge $-1 -1 $-1 $660 $752 $753 $754 forward $81 $-1 #
coedge $-1 -1 $-1 $755 $756 $660 $708 reversed $757 $-1 #
edge $758 -1 $-1 $759 0 $713 2.368366308428900613 $660 $760 forward @7 unknown #
coedge $-1 -1 $-1 $761 $661 $756 $762 forward $711 $-1 #
coedge $-1 -1 $-1 $661 $761 $663 $716 reversed $711 $-1 #
loop $-1 -1 $-1 $-1 $661 $763 #
color-adesk-attrib $-1 -1 $-1 $-1 $662 256 #
vertex $-1 -1 $-1 $708 $764 #
straight-curve $-1 -1 $-1 0.6743547139477251706 -4.794982906865818961 -0.5 -0.8059013527911009778 -0.592049837065658946 0 F 0 F 0.3343280742001184525 #
coedge $-1 -1 $-1 $664 $663 $751 $765 reversed $665 $-1 #
edge $766 -1 $-1 $667 0 $767 1 $663 $768 forward @7 tangent #
face $769 -1 $-1 $671 $665 $7 $-1 $770 forward single #
point $-1 -1 $-1 0.4049192666738061219 -4.99292178872247483 -0.5 #
edge $771 -1 $-1 $675 -0.2313812037297114932 $721 -0 $669 $772 forward @7 unknown #
color-adesk-attrib $-1 -1 $-1 $-1 $670 256 #
vertex $-1 -1 $-1 $670 $773 #
straight-curve $-1 -1 $-1 0.4289217336874026065 -5.088118768063706554 -0.5 0 0 1 I I #
color-adesk-attrib $-1 -1 $-1 $-1 $671 256 #
plane-surface $-1 -1 $-1 0.658051151447923699 -5.120320807690643683 -0.5 0.1391731009600662428 0.990268068741570251 0 -0.990268068741570251 0.1391731009600662428 0 forward_v I I I I #
color-adesk-attrib $-1 -1 $-1 $-1 $673 256 #
ellipse-curve $-1 -1 $-1 0.6530409198133615423 -5.155970458165340276 0.5 0 0 1 0.005010231634562267722 0.03564965047469648152 0 1 I I #
point $-1 -1 $-1 0.658051151447923699 -5.120320807690642795 0.5 #
color-adesk-attrib $-1 -1 $-1 $-1 $683 256 #
face $774 -1 $-1 $775 $776 $7 $-1 $777 forward single #
loop $-1 -1 $-1 $-1 $778 $683 #
plane-surface $-1 -1 $-1 0.4049192666738062885 3.977078211277524034 -0.5 0.5920498370656622766 -0.8059013527910986463 0 0.8059013527910986463 0.5920498370656622766 0 forward_v I I I I #
coedge $-1 -1 $-1 $779 $780 $781 $782 reversed $684 $-1 #
coedge $-1 -1 $-1 $783 $686 $688 $738 forward $638 $-1 #
coedge $-1 -1 $-1 $686 $783 $779 $784 reversed $638 $-1 #
coedge $-1 -1 $-1 $781 $689 $686 $736 forward $81 $-1 #
edge $785 -1 $-1 $740 0 $786 0.2313812037297117152 $735 $787 forward @7 unknown #
coedge $-1 -1 $-1 $688 $687 $788 $789 reversed $592 $-1 #
edge $790 -1 $-1 $740 0 $791 1 $733 $792 forward @7 tangent #
color-adesk-attrib $-1 -1 $-1 $-1 $690 256 #
vertex $-1 -1 $-1 $690 $793 #
ellipse-curve $-1 -1 $-1 0.4362979080382862196 4.324365439579596071 -0.5 0 0 1 -0.03137864136447990338 0.04271277169792853101 0 1 F 0 F 2.368366308428903277 #
coedge $-1 -1 $-1 $696 $788 $691 $743 forward $192 $-1 #
edge $794 -1 $-1 $745 -0.3343280742001199513 $699 -0 $691 $795 forward @7 unknown #
color-adesk-attrib $-1 -1 $-1 $-1 $692 256 #
vertex $-1 -1 $-1 $692 $796 #
straight-curve $-1 -1 $-1 0.4049192666738062885 4.367078211277524602 -0.5 0 0 1 I I #
point $-1 -1 $-1 0.4049192666738062885 4.367078211277524602 -0.5 #
color-adesk-attrib $-1 -1 $-1 $-1 $697 256 #
ellipse-curve $-1 -1 $-1 0.6530409198133624304 4.594029541834659724 0.5 0 0 1 0.005010231634561990166 0.03564965047469748072 0 1 I I #
point $-1 -1 $-1 0.6743547139477276131 4.565017093134178694 0.5 #
coedge $-1 -1 $-1 $797 $705 $715 $765 forward $192 $-1 #
coedge $-1 -1 $-1 $706 $798 $799 $800 forward $81 $-1 #
coedge $-1 -1 $-1 $801 $802 $706 $754 reversed $803 $-1 #
edge $804 -1 $-1 $805 0 $759 0.2313812037297112989 $706 $806 forward @7 unknown #
coedge $-1 -1 $-1 $807 $707 $802 $808 forward $757 $-1 #
coedge $-1 -1 $-1 $707 $807 $709 $762 reversed $757 $-1 #
loop $-1 -1 $-1 $-1 $707 $809 #
color-adesk-attrib $-1 -1 $-1 $-1 $708 256 #
vertex $-1 -1 $-1 $754 $810 #
ellipse-curve $-1 -1 $-1 0.6530409198133614312 -4.765970458165339707 -0.5 0 0 -1 0.005010231634562378744 0.03564965047469659254 0 1 F 0 F 2.368366308428900613 #
coedge $-1 -1 $-1 $710 $709 $797 $811 reversed $711 $-1 #
edge $812 -1 $-1 $713 0 $813 1 $709 $814 forward @7 tangent #
face $815 -1 $-1 $717 $711 $7 $-1 $816 forward single #
point $-1 -1 $-1 0.6743547139477251706 -4.794982906865818961 -0.5 #
edge $817 -1 $-1 $721 -2.368366308428900169 $767 -0 $715 $818 forward @7 unknown #
color-adesk-attrib $-1 -1 $-1 $-1 $716 256 #
vertex $-1 -1 $-1 $716 $819 #
straight-curve $-1 -1 $-1 0.4049192666738061219 -4.99292178872247483 -0.5 0 0 1 I I #
color-adesk-attrib $-1 -1 $-1 $-1 $717 256 #
cone-surface $-1 -1 $-1 0.4362979080382860531 -5.035634560420403361 -0.5 0 0 1 -0.03137864136447990338 0.04271277169792830897 0 1 I I 0 -1 0.05299999999999994993 forward I I I I #
color-adesk-attrib $-1 -1 $-1 $-1 $719 256 #
straight-curve $-1 -1 $-1 0.428921733687402551 -5.088118768063706554 0.5 -0.990268068741570251 0.1391731009600662428 0 I I #
point $-1 -1 $-1 0.4289217336874026065 -5.088118768063706554 0.5 #
color-adesk-attrib $-1 -1 $-1 $-1 $729 256 #
face $820 -1 $-1 $821 $822 $7 $-1 $823 forward single #
loop $-1 -1 $-1 $-1 $824 $729 #
cone-surface $-1 -1 $-1 0.4362979080382861641 3.934365439579595503 -0.5 0 0 1 -0.03137864136447990338 0.04271277169792853101 0 1 I I 0 -1 0.05300000000000013034 forward I I I I #
coedge $-1 -1 $-1 $825 $826 $827 $828 reversed $730 $-1 #
coedge $-1 -1 $-1 $829 $732 $734 $784 forward $684 $-1 #
coedge $-1 -1 $-1 $732 $829 $825 $830 reversed $684 $-1 #
coedge $-1 -1 $-1 $827 $735 $732 $782 forward $81 $-1 #
edge $831 -1 $-1 $786 0 $832 2.368366308428878853 $781 $833 forward @7 unknown #
coedge $-1 -1 $-1 $734 $733 $834 $835 reversed $638 $-1 #
edge $836 -1 $-1 $786 0 $837 1 $779 $838 forward @7 tangent #
color-adesk-attrib $-1 -1 $-1 $-1 $736 256 #
vertex $-1 -1 $-1 $736 $839 #
straight-curve $-1 -1 $-1 0.4289217336874028286 4.271881231936292878 -0.5 0.990268068741570584 -0.139173100960063717 0 F 0 F 0.2313812037297117152 #
coedge $-1 -1 $-1 $742 $834 $737 $789 forward $192 $-1 #
edge $840 -1 $-1 $791 -2.368366308428903277 $745 -0 $737 $841 forward @7 unknown #
color-adesk-attrib $-1 -1 $-1 $-1 $738 256 #
vertex $-1 -1 $-1 $738 $842 #
straight-curve $-1 -1 $-1 0.4289217336874027731 4.271881231936292878 -0.5 0 0 1 I I #
point $-1 -1 $-1 0.4289217336874027731 4.271881231936292878 -0.5 #
color-adesk-attrib $-1 -1 $-1 $-1 $743 256 #
straight-curve $-1 -1 $-1 0.6743547139477257257 4.565017093134182247 0.5 0.8059013527910985353 0.5920498370656621656 0 I I #
point $-1 -1 $-1 0.4049192666738062885 4.367078211277524602 0.5 #
coedge $-1 -1 $-1 $843 $751 $761 $811 forward $192 $-1 #
coedge $-1 -1 $-1 $752 $844 $845 $846 forward $81 $-1 #
coedge $-1 -1 $-1 $847 $848 $752 $800 reversed $849 $-1 #
edge $850 -1 $-1 $851 0 $805 2.368366308428900613 $752 $852 forward @7 unknown #
coedge $-1 -1 $-1 $853 $753 $848 $854 forward $803 $-1 #
coedge $-1 -1 $-1 $753 $853 $755 $808 reversed $803 $-1 #
loop $-1 -1 $-1 $-1 $753 $855 #
color-adesk-attrib $-1 -1 $-1 $-1 $754 256 #
vertex $-1 -1 $-1 $800 $856 #
straight-curve $-1 -1 $-1 0.4289217336874028286 -4.698118768063705986 -0.5 0.990268068741570251 -0.1391731009600658819 0 F 0 F 0.2313812037297112989 #
coedge $-1 -1 $-1 $756 $755 $843 $857 reversed $757 $-1 #
edge $858 -1 $-1 $759 0 $859 1 $755 $860 forward @7 tangent #
face $861 -1 $-1 $763 $757 $7 $-1 $862 forward single #
point $-1 -1 $-1 0.65805115144792381 -4.730320807690643115 -0.5 #
edge $863 -1 $-1 $767 -0.3343280742001184525 $813 -0 $761 $864 forward @7 unknown #
color-adesk-attrib $-1 -1 $-1 $-1 $762 256 #
vertex $-1 -1 $-1 $762 $865 #
straight-curve $-1 -1 $-1 0.6743547139477251706 -4.794982906865818961 -0.5 0 0 1 I I #
color-adesk-attrib $-1 -1 $-1 $-1 $763 256 #
plane-surface $-1 -1 $-1 0.4049192666738061219 -4.99292178872247483 -0.5 0.592049837065658946 -0.8059013527911009778 0 0.8059013527911009778 0.592049837065658946 0 forward_v I I I I #
color-adesk-attrib $-1 -1 $-1 $-1 $765 256 #
ellipse-curve $-1 -1 $-1 0.4362979080382860531 -5.035634560420403361 0.5 0 0 -1 -0.03137864136447990338 0.04271277169792830897 0 1 I I #
point $-1 -1 $-1 0.4049192666738061219 -4.99292178872247483 0.5 #
color-adesk-attrib $-1 -1 $-1 $-1 $775 256 #
face $866 -1 $-1 $867 $868 $7 $-1 $869 forward single #
loop $-1 -1 $-1 $-1 $870 $775 #
plane-surface $-1 -1 $-1 0.6580511514479243651 3.849679192309356068 -0.5 0.1391731009600637448 0.990268068741570584 0 -0.990268068741570584 0.1391731009600637448 0 forward_v I I I I #
coedge $-1 -1 $-1 $871 $872 $873 $874 reversed $776 $-1 #
coedge $-1 -1 $-1 $875 $778 $780 $830 forward $730 $-1 #
coedge $-1 -1 $-1 $778 $875 $871 $876 reversed $730 $-1 #
coedge $-1 -1 $-1 $873 $781 $778 $828 forward $81 $-1 #
edge $877 -1 $-1 $832 0 $878 0.3343280742001199513 $827 $879 forward @7 unknown #
coedge $-1 -1 $-1 $780 $779 $880 $881 reversed $684 $-1 #
edge $882 -1 $-1 $832 0 $883 1 $825 $884 forward @7 tangent #
color-adesk-attrib $-1 -1 $-1 $-1 $782 256 #
vertex $-1 -1 $-1 $782 $885 #
ellipse-curve $-1 -1 $-1 0.6530409198133624304 4.204029541834659156 -0.5 0 0 -1 0.005010231634561990166 0.03564965047469748072 0 1 F 0 F 2.368366308428878853 #
coedge $-1 -1 $-1 $788 $880 $783 $835 forward $192 $-1 #
edge $886 -1 $-1 $837 -0.2313812037297117152 $791 -0 $783 $887 forward @7 unknown #
color-adesk-attrib $-1 -1 $-1 $-1 $784 256 #
vertex $-1 -1 $-1 $784 $888 #
straight-curve $-1 -1 $-1 0.6580511514479243651 4.239679192309356637 -0.5 0 0 1 I I #
point $-1 -1 $-1 0.6580511514479243651 4.239679192309356637 -0.5 #
color-adesk-attrib $-1 -1 $-1 $-1 $789 256 #
ellipse-curve $-1 -1 $-1 0.4362979080382862196 4.324365439579596071 0.5 0 0 -1 -0.03137864136447990338 0.04271277169792853101 0 1 I I #
point $-1 -1 $-1 0.4289217336874027731 4.271881231936292878 0.5 #
coedge $-1 -1 $-1 $889 $797 $807 $857 forward $192 $-1 #
coedge $-1 -1 $-1 $798 $890 $891 $892 forward $81 $-1 #
coedge $-1 -1 $-1 $893 $894 $798 $846 reversed $895 $-1 #
edge $896 -1 $-1 $897 0 $851 0.3343280742001182859 $798 $898 forward @7 unknown #
coedge $-1 -1 $-1 $899 $799 $894 $900 forward $849 $-1 #
coedge $-1 -1 $-1 $799 $899 $801 $854 reversed $849 $-1 #
loop $-1 -1 $-1 $-1 $799 $901 #
color-adesk-attrib $-1 -1 $-1 $-1 $800 256 #
vertex $-1 -1 $-1 $846 $902 #
ellipse-curve $-1 -1 $-1 0.4362979080382862751 -4.645634560420402792 -0.5 0 0 1 -0.03137864136447990338 0.04271277169792830897 0 1 F 0 F 2.368366308428900613 #
coedge $-1 -1 $-1 $802 $801 $889 $903 reversed $803 $-1 #
edge $904 -1 $-1 $805 0 $905 1 $801 $906 forward @7 tangent #
face $907 -1 $-1 $809 $803 $7 $-1 $908 forward single #
point $-1 -1 $-1 0.4289217336874028286 -4.698118768063705986 -0.5 #
edge $909 -1 $-1 $813 -2.368366308428900613 $859 -0 $807 $910 forward @7 unknown #
color-adesk-attrib $-1 -1 $-1 $-1 $808 256 #
vertex $-1 -1 $-1 $808 $911 #
straight-curve $-1 -1 $-1 0.65805115144792381 -4.730320807690643115 -0.5 0 0 1 I I #
color-adesk-attrib $-1 -1 $-1 $-1 $809 256 #
cone-surface $-1 -1 $-1 0.6530409198133614312 -4.765970458165339707 -0.5 0 0 1 0.005010231634562378744 0.03564965047469659254 0 1 I I 0 1 0.03600000000000006667 forward I I I I #
color-adesk-attrib $-1 -1 $-1 $-1 $811 256 #
straight-curve $-1 -1 $-1 0.6743547139477251706 -4.794982906865818961 0.5 0.8059013527911009778 0.592049837065658946 0 I I #
point $-1 -1 $-1 0.6743547139477251706 -4.794982906865818961 0.5 #
color-adesk-attrib $-1 -1 $-1 $-1 $821 256 #
face $912 -1 $-1 $913 $914 $7 $-1 $915 forward single #
loop $-1 -1 $-1 $-1 $916 $821 #
cone-surface $-1 -1 $-1 0.6530409198133623194 3.814029541834658588 -0.5 0 0 1 0.005010231634561990166 0.03564965047469748072 0 1 I I 0 1 0.0360000000000008924 forward I I I I #
coedge $-1 -1 $-1 $917 $918 $919 $920 reversed $822 $-1 #
coedge $-1 -1 $-1 $921 $824 $826 $876 forward $776 $-1 #
coedge $-1 -1 $-1 $824 $921 $917 $922 reversed $776 $-1 #
coedge $-1 -1 $-1 $919 $827 $824 $874 forward $81 $-1 #
edge $923 -1 $-1 $878 0 $924 2.368366308428903277 $873 $925 forward @7 unknown #
coedge $-1 -1 $-1 $826 $825 $926 $927 reversed $730 $-1 #
edge $928 -1 $-1 $878 0 $929 1 $871 $930 forward @7 tangent #
color-adesk-attrib $-1 -1 $-1 $-1 $828 256 #
vertex $-1 -1 $-1 $828 $931 #
straight-curve $-1 -1 $-1 0.6743547139477257257 4.175017093134181678 -0.5 -0.8059013527910985353 -0.5920498370656621656 0 F 0 F 0.3343280742001199513 #
coedge $-1 -1 $-1 $834 $926 $829 $881 forward $192 $-1 #
edge $932 -1 $-1 $883 -2.368366308428878853 $837 -0 $829 $933 forward @7 unknown #
color-adesk-attrib $-1 -1 $-1 $-1 $830 256 #
vertex $-1 -1 $-1 $830 $934 #
straight-curve $-1 -1 $-1 0.6743547139477276131 4.175017093134178126 -0.5 0 0 1 I I #
point $-1 -1 $-1 0.6743547139477276131 4.175017093134178126 -0.5 #
color-adesk-attrib $-1 -1 $-1 $-1 $835 256 #
straight-curve $-1 -1 $-1 0.4289217336874028286 4.271881231936292878 0.5 -0.990268068741570584 0.139173100960063717 0 I I #
point $-1 -1 $-1 0.6580511514479243651 4.239679192309356637 0.5 #
coedge $-1 -1 $-1 $935 $843 $853 $903 forward $192 $-1 #
coedge $-1 -1 $-1 $844 $936 $937 $938 forward $81 $-1 #
coedge $-1 -1 $-1 $939 $940 $844 $892 reversed $941 $-1 #
edge $942 -1 $-1 $943 0 $897 2.368366308428901057 $844 $944 forward @7 unknown #
coedge $-1 -1 $-1 $945 $845 $940 $946 forward $895 $-1 #
coedge $-1 -1 $-1 $845 $945 $847 $900 reversed $895 $-1 #
loop $-1 -1 $-1 $-1 $845 $947 #
color-adesk-attrib $-1 -1 $-1 $-1 $846 256 #
vertex $-1 -1 $-1 $892 $948 #
straight-curve $-1 -1 $-1 0.6743547139477252816 -4.404982906865819281 -0.5 -0.8059013527911008667 -0.592049837065659168 0 F 0 F 0.3343280742001182859 #
coedge $-1 -1 $-1 $848 $847 $935 $949 reversed $849 $-1 #
edge $950 -1 $-1 $851 0 $951 1 $847 $952 forward @7 tangent #
face $953 -1 $-1 $855 $849 $7 $-1 $954 forward single #
point $-1 -1 $-1 0.404919266673806344 -4.602921788722475149 -0.5 #
edge $955 -1 $-1 $859 -0.2313812037297112989 $905 -0 $853 $956 forward @7 unknown #
color-adesk-attrib $-1 -1 $-1 $-1 $854 256 #
vertex $-1 -1 $-1 $854 $957 #
straight-curve $-1 -1 $-1 0.4289217336874028286 -4.698118768063705986 -0.5 0 0 1 I I #
color-adesk-attrib $-1 -1 $-1 $-1 $855 256 #
plane-surface $-1 -1 $-1 0.65805115144792381 -4.730320807690643115 -0.5 0.1391731009600658819 0.990268068741570251 0 -0.990268068741570251 0.1391731009600658819 0 forward_v I I I I #
color-adesk-attrib $-1 -1 $-1 $-1 $857 256 #
ellipse-curve $-1 -1 $-1 0.6530409198133614312 -4.765970458165339707 0.5 0 0 1 0.005010231634562378744 0.03564965047469659254 0 1 I I #
point $-1 -1 $-1 0.65805115144792381 -4.730320807690644003 0.5 #
color-adesk-attrib $-1 -1 $-1 $-1 $867 256 #
face $958 -1 $-1 $959 $960 $7 $-1 $961 forward single #
loop $-1 -1 $-1 $-1 $962 $867 #
plane-surface $-1 -1 $-1 0.4049192666738082313 3.587078211277525241 -0.5 0.5920498370656617215 -0.8059013527910990904 0 0.8059013527910990904 0.5920498370656617215 0 forward_v I I I I #
coedge $-1 -1 $-1 $963 $964 $965 $966 reversed $868 $-1 #
coedge $-1 -1 $-1 $967 $870 $872 $922 forward $822 $-1 #
coedge $-1 -1 $-1 $870 $967 $963 $968 reversed $822 $-1 #
coedge $-1 -1 $-1 $965 $873 $870 $920 forward $81 $-1 #
edge $969 -1 $-1 $924 0 $970 0.2313812037297116875 $919 $971 forward @7 unknown #
coedge $-1 -1 $-1 $872 $871 $972 $973 reversed $776 $-1 #
edge $974 -1 $-1 $924 0 $975 1 $917 $976 forward @7 tangent #
color-adesk-attrib $-1 -1 $-1 $-1 $874 256 #
vertex $-1 -1 $-1 $874 $977 #
ellipse-curve $-1 -1 $-1 0.4362979080382861641 3.934365439579595503 -0.5 0 0 1 -0.03137864136447990338 0.04271277169792853101 0 1 F 0 F 2.368366308428903277 #
coedge $-1 -1 $-1 $880 $972 $875 $927 forward $192 $-1 #
edge $978 -1 $-1 $929 -0.3343280742001199513 $883 -0 $875 $979 forward @7 unknown #
color-adesk-attrib $-1 -1 $-1 $-1 $876 256 #
vertex $-1 -1 $-1 $876 $980 #
straight-curve $-1 -1 $-1 0.4049192666738062885 3.977078211277524034 -0.5 0 0 1 I I #
point $-1 -1 $-1 0.4049192666738062885 3.977078211277524034 -0.5 #
color-adesk-attrib $-1 -1 $-1 $-1 $881 256 #
ellipse-curve $-1 -1 $-1 0.6530409198133624304 4.204029541834659156 0.5 0 0 1 0.005010231634561990166 0.03564965047469748072 0 1 I I #
point $-1 -1 $-1 0.6743547139477276131 4.175017093134178126 0.5 #
coedge $-1 -1 $-1 $981 $889 $899 $949 forward $192 $-1 #
coedge $-1 -1 $-1 $890 $982 $983 $984 forward $81 $-1 #
coedge $-1 -1 $-1 $985 $986 $890 $938 reversed $987 $-1 #
edge $988 -1 $-1 $989 0 $943 0.2313812037297116042 $890 $990 forward @7 unknown #
coedge $-1 -1 $-1 $991 $891 $986 $992 forward $941 $-1 #
coedge $-1 -1 $-1 $891 $991 $893 $946 reversed $941 $-1 #
loop $-1 -1 $-1 $-1 $891 $993 #
color-adesk-attrib $-1 -1 $-1 $-1 $892 256 #
vertex $-1 -1 $-1 $938 $994 #
ellipse-curve $-1 -1 $-1 0.6530409198133615423 -4.375970458165340027 -0.5 0 0 -1 0.005010231634562323233 0.03564965047469659254 0 1 F 0 F 2.368366308428901057 #
coedge $-1 -1 $-1 $894 $893 $981 $995 reversed $895 $-1 #
edge $996 -1 $-1 $897 0 $997 1 $893 $998 forward @7 tangent #
face $999 -1 $-1 $901 $895 $7 $-1 $1000 forward single #
point $-1 -1 $-1 0.6743547139477252816 -4.404982906865819281 -0.5 #
edge $1001 -1 $-1 $905 -2.368366308428900613 $951 -0 $899 $1002 forward @7 unknown #
color-adesk-attrib $-1 -1 $-1 $-1 $900 256 #
vertex $-1 -1 $-1 $900 $1003 #
straight-curve $-1 -1 $-1 0.404919266673806344 -4.602921788722475149 -0.5 0 0 1 I I #
color-adesk-attrib $-1 -1 $-1 $-1 $901 256 #
cone-surface $-1 -1 $-1 0.4362979080382862751 -4.645634560420402792 -0.5 0 0 1 -0.03137864136447990338 0.04271277169792830897 0 1 I I 0 -1 0.05299999999999994993 forward I I I I #
color-adesk-attrib $-1 -1 $-1 $-1 $903 256 #
straight-curve $-1 -1 $-1 0.4289217336874028286 -4.698118768063705986 0.5 -0.990268068741570251 0.1391731009600658819 0 I I #
point $-1 -1 $-1 0.4289217336874028286 -4.698118768063705986 0.5 #
color-adesk-attrib $-1 -1 $-1 $-1 $913 256 #
face $1004 -1 $-1 $1005 $1006 $7 $-1 $1007 forward single #
loop $-1 -1 $-1 $-1 $1008 $913 #
cone-surface $-1 -1 $-1 0.4362979080382881625 3.54436543957959671 -0.5 0 0 1 -0.03137864136447990338 0.04271277169792853101 0 1 I I 0 -1 0.05300000000000013034 forward I I I I #
coedge $-1 -1 $-1 $1009 $1010 $1011 $1012 reversed $914 $-1 #
coedge $-1 -1 $-1 $1013 $916 $918 $968 forward $868 $-1 #
coedge $-1 -1 $-1 $916 $1013 $1009 $1014 reversed $868 $-1 #
coedge $-1 -1 $-1 $1011 $919 $916 $966 forward $81 $-1 #
edge $1015 -1 $-1 $970 0 $1016 2.368366308428878853 $965 $1017 forward @7 unknown #
coedge $-1 -1 $-1 $918 $917 $1018 $1019 reversed $822 $-1 #
edge $1020 -1 $-1 $970 0 $1021 1 $963 $1022 forward @7 tangent #
color-adesk-attrib $-1 -1 $-1 $-1 $920 256 #
vertex $-1 -1 $-1 $920 $1023 #
straight-curve $-1 -1 $-1 0.4289217336874028286 3.881881231936292309 -0.5 0.990268068741570584 -0.1391731009600637448 0 F 0 F 0.2313812037297116875 #
coedge $-1 -1 $-1 $926 $1018 $921 $973 forward $192 $-1 #
edge $1024 -1 $-1 $975 -2.368366308428903277 $929 -0 $921 $1025 forward @7 unknown #
color-adesk-attrib $-1 -1 $-1 $-1 $922 256 #
vertex $-1 -1 $-1 $922 $1026 #
straight-curve $-1 -1 $-1 0.4289217336874027175 3.881881231936292309 -0.5 0 0 1 I I #
point $-1 -1 $-1 0.4289217336874027175 3.881881231936292309 -0.5 #
color-adesk-attrib $-1 -1 $-1 $-1 $927 256 #
straight-curve $-1 -1 $-1 0.6743547139477257257 4.175017093134181678 0.5 0.8059013527910985353 0.5920498370656621656 0 I I #
point $-1 -1 $-1 0.4049192666738062885 3.977078211277524034 0.5 #
coedge $-1 -1 $-1 $1027 $935 $945 $995 forward $192 $-1 #
coedge $-1 -1 $-1 $936 $1028 $1029 $1030 forward $81 $-1 #
coedge $-1 -1 $-1 $1031 $1032 $936 $984 reversed $1033 $-1 #
edge $1034 -1 $-1 $1035 0 $989 2.368366308428899281 $936 $1036 forward @7 unknown #
coedge $-1 -1 $-1 $1037 $937 $1032 $1038 forward $987 $-1 #
coedge $-1 -1 $-1 $937 $1037 $939 $992 reversed $987 $-1 #
loop $-1 -1 $-1 $-1 $937 $1039 #
color-adesk-attrib $-1 -1 $-1 $-1 $938 256 #
vertex $-1 -1 $-1 $984 $1040 #
straight-curve $-1 -1 $-1 0.428921733687402551 -4.308118768063706305 -0.5 0.990268068741570251 -0.1391731009600657154 0 F 0 F 0.2313812037297116042 #
coedge $-1 -1 $-1 $940 $939 $1027 $1041 reversed $941 $-1 #
edge $1042 -1 $-1 $943 0 $1043 1 $939 $1044 forward @7 tangent #
face $1045 -1 $-1 $947 $941 $7 $-1 $1046 forward single #
point $-1 -1 $-1 0.658051151447923921 -4.340320807690643434 -0.5 #
edge $1047 -1 $-1 $951 -0.3343280742001182859 $997 -0 $945 $1048 forward @7 unknown #
color-adesk-attrib $-1 -1 $-1 $-1 $946 256 #
vertex $-1 -1 $-1 $946 $1049 #
straight-curve $-1 -1 $-1 0.6743547139477252816 -4.404982906865819281 -0.5 0 0 1 I I #
color-adesk-attrib $-1 -1 $-1 $-1 $947 256 #
plane-surface $-1 -1 $-1 0.404919266673806344 -4.602921788722475149 -0.5 0.592049837065659168 -0.8059013527911008667 0 0.8059013527911008667 0.592049837065659168 0 forward_v I I I I #
color-adesk-attrib $-1 -1 $-1 $-1 $949 256 #
ellipse-curve $-1 -1 $-1 0.4362979080382862751 -4.645634560420402792 0.5 0 0 -1 -0.03137864136447990338 0.04271277169792830897 0 1 I I #
point $-1 -1 $-1 0.404919266673806344 -4.602921788722474261 0.5 #
color-adesk-attrib $-1 -1 $-1 $-1 $959 256 #
face $1050 -1 $-1 $1051 $1052 $7 $-1 $1053 forward single #
loop $-1 -1 $-1 $-1 $1054 $959 #
plane-surface $-1 -1 $-1 0.6580511514479243651 3.459679192309357276 -0.5 0.1391731009600648827 0.990268068741570362 0 -0.990268068741570362 0.1391731009600648827 0 forward_v I I I I #
coedge $-1 -1 $-1 $1055 $1056 $1057 $1058 reversed $960 $-1 #
coedge $-1 -1 $-1 $1059 $962 $964 $1014 forward $914 $-1 #
coedge $-1 -1 $-1 $962 $1059 $1055 $1060 reversed $914 $-1 #
coedge $-1 -1 $-1 $1057 $965 $962 $1012 forward $81 $-1 #
edge $1061 -1 $-1 $1016 0 $1062 0.3343280742001172867 $1011 $1063 forward @7 unknown #
coedge $-1 -1 $-1 $964 $963 $1064 $1065 reversed $868 $-1 #
edge $1066 -1 $-1 $1016 0 $1067 1 $1009 $1068 forward @7 tangent #
color-adesk-attrib $-1 -1 $-1 $-1 $966 256 #
vertex $-1 -1 $-1 $966 $1069 #
ellipse-curve $-1 -1 $-1 0.6530409198133623194 3.814029541834658588 -0.5 0 0 -1 0.005010231634561990166 0.03564965047469748072 0 1 F 0 F 2.368366308428878853 #
coedge $-1 -1 $-1 $972 $1064 $967 $1019 forward $192 $-1 #
edge $1070 -1 $-1 $1021 -0.2313812037297116875 $975 -0 $967 $1071 forward @7 unknown #
color-adesk-attrib $-1 -1 $-1 $-1 $968 256 #
vertex $-1 -1 $-1 $968 $1072 #
straight-curve $-1 -1 $-1 0.6580511514479243651 3.849679192309356068 -0.5 0 0 1 I I #
point $-1 -1 $-1 0.6580511514479243651 3.849679192309356068 -0.5 #
color-adesk-attrib $-1 -1 $-1 $-1 $973 256 #
ellipse-curve $-1 -1 $-1 0.4362979080382861641 3.934365439579595503 0.5 0 0 -1 -0.03137864136447990338 0.04271277169792853101 0 1 I I #
point $-1 -1 $-1 0.4289217336874027175 3.881881231936292309 0.5 #
coedge $-1 -1 $-1 $1073 $981 $991 $1041 forward $192 $-1 #
coedge $-1 -1 $-1 $982 $1074 $1075 $1076 forward $81 $-1 #
coedge $-1 -1 $-1 $1077 $1078 $982 $1030 reversed $1079 $-1 #
edge $1080 -1 $-1 $1081 0 $1035 0.334328074200118619 $982 $1082 forward @7 unknown #
coedge $-1 -1 $-1 $1083 $983 $1078 $1084 forward $1033 $-1 #
coedge $-1 -1 $-1 $983 $1083 $985 $1038 reversed $1033 $-1 #
loop $-1 -1 $-1 $-1 $983 $1085 #
color-adesk-attrib $-1 -1 $-1 $-1 $984 256 #
vertex $-1 -1 $-1 $1030 $1086 #
ellipse-curve $-1 -1 $-1 0.4362979080382860531 -4.255634560420404 -0.5 0 0 1 -0.03137864136447998664 0.04271277169792853101 0 1 F 0 F 2.368366308428899281 #
coedge $-1 -1 $-1 $986 $985 $1073 $1087 reversed $987 $-1 #
edge $1088 -1 $-1 $989 0 $1089 1 $985 $1090 forward @7 tangent #
face $1091 -1 $-1 $993 $987 $7 $-1 $1092 forward single #
point $-1 -1 $-1 0.4289217336874024955 -4.308118768063707194 -0.5 #
edge $1093 -1 $-1 $997 -2.368366308428901057 $1043 -0 $991 $1094 forward @7 unknown #
color-adesk-attrib $-1 -1 $-1 $-1 $992 256 #
vertex $-1 -1 $-1 $992 $1095 #
straight-curve $-1 -1 $-1 0.658051151447923921 -4.340320807690643434 -0.5 0 0 1 I I #
color-adesk-attrib $-1 -1 $-1 $-1 $993 256 #
cone-surface $-1 -1 $-1 0.6530409198133615423 -4.375970458165340027 -0.5 0 0 1 0.005010231634562323233 0.03564965047469659254 0 1 I I 0 1 0.03600000000000005279 forward I I I I #
color-adesk-attrib $-1 -1 $-1 $-1 $995 256 #
straight-curve $-1 -1 $-1 0.6743547139477252816 -4.404982906865819281 0.5 0.8059013527911008667 0.592049837065659168 0 I I #
point $-1 -1 $-1 0.6743547139477252816 -4.404982906865820169 0.5 #
color-adesk-attrib $-1 -1 $-1 $-1 $1005 256 #
face $1096 -1 $-1 $1097 $1098 $7 $-1 $1099 forward single #
loop $-1 -1 $-1 $-1 $1100 $1005 #
cone-surface $-1 -1 $-1 0.6530409198133623194 3.424029541834661572 -0.5 0 0 1 0.005010231634561990166 0.03564965047469570436 0 1 I I 0 1 0.03599999999999912992 forward I I I I #
coedge $-1 -1 $-1 $1101 $1102 $1103 $1104 reversed $1006 $-1 #
coedge $-1 -1 $-1 $1105 $1008 $1010 $1060 forward $960 $-1 #
coedge $-1 -1 $-1 $1008 $1105 $1101 $1106 reversed $960 $-1 #
coedge $-1 -1 $-1 $1103 $1011 $1008 $1058 forward $81 $-1 #
edge $1107 -1 $-1 $1062 0 $1108 2.368366308428903277 $1057 $1109 forward @7 unknown #
coedge $-1 -1 $-1 $1010 $1009 $1110 $1111 reversed $914 $-1 #
edge $1112 -1 $-1 $1062 0 $1113 1 $1055 $1114 forward @7 tangent #
color-adesk-attrib $-1 -1 $-1 $-1 $1012 256 #
vertex $-1 -1 $-1 $1012 $1115 #
straight-curve $-1 -1 $-1 0.6743547139477257257 3.78501709313418111 -0.5 -0.8059013527910989794 -0.5920498370656616105 0 F 0 F 0.3343280742001172867 #
coedge $-1 -1 $-1 $1018 $1110 $1013 $1065 forward $192 $-1 #
edge $1116 -1 $-1 $1067 -2.368366308428878853 $1021 -0 $1013 $1117 forward @7 unknown #
color-adesk-attrib $-1 -1 $-1 $-1 $1014 256 #
vertex $-1 -1 $-1 $1014 $1118 #
straight-curve $-1 -1 $-1 0.6743547139477275021 3.785017093134177557 -0.5 0 0 1 I I #
point $-1 -1 $-1 0.6743547139477275021 3.785017093134177557 -0.5 #
color-adesk-attrib $-1 -1 $-1 $-1 $1019 256 #
straight-curve $-1 -1 $-1 0.4289217336874028286 3.881881231936292309 0.5 -0.990268068741570584 0.1391731009600637448 0 I I #
point $-1 -1 $-1 0.6580511514479243651 3.849679192309356068 0.5 #
coedge $-1 -1 $-1 $1119 $1027 $1037 $1087 forward $192 $-1 #
coedge $-1 -1 $-1 $1028 $1120 $1121 $1122 forward $81 $-1 #
coedge $-1 -1 $-1 $1123 $1124 $1028 $1076 reversed $1125 $-1 #
edge $1126 -1 $-1 $1127 0 $1081 2.368366308428901057 $1028 $1128 forward @7 unknown #
coedge $-1 -1 $-1 $1129 $1029 $1124 $1130 forward $1079 $-1 #
coedge $-1 -1 $-1 $1029 $1129 $1031 $1084 reversed $1079 $-1 #
loop $-1 -1 $-1 $-1 $1029 $1131 #
color-adesk-attrib $-1 -1 $-1 $-1 $1030 256 #
vertex $-1 -1 $-1 $1076 $1132 #
straight-curve $-1 -1 $-1 0.6743547139477252816 -4.014982906865819601 -0.5 -0.8059013527911007557 -0.592049837065659279 0 F 0 F 0.334328074200118619 #
coedge $-1 -1 $-1 $1032 $1031 $1119 $1133 reversed $1033 $-1 #
edge $1134 -1 $-1 $1035 0 $1135 1 $1031 $1136 forward @7 tangent #
face $1137 -1 $-1 $1039 $1033 $7 $-1 $1138 forward single #
point $-1 -1 $-1 0.4049192666738061219 -4.212921788722475469 -0.5 #
edge $1139 -1 $-1 $1043 -0.2313812037297116042 $1089 -0 $1037 $1140 forward @7 unknown #
color-adesk-attrib $-1 -1 $-1 $-1 $1038 256 #
vertex $-1 -1 $-1 $1038 $1141 #
straight-curve $-1 -1 $-1 0.4289217336874024955 -4.308118768063707194 -0.5 0 0 1 I I #
color-adesk-attrib $-1 -1 $-1 $-1 $1039 256 #
plane-surface $-1 -1 $-1 0.658051151447923921 -4.340320807690643434 -0.5 0.1391731009600657154 0.990268068741570251 0 -0.990268068741570251 0.1391731009600657154 0 forward_v I I I I #
color-adesk-attrib $-1 -1 $-1 $-1 $1041 256 #
ellipse-curve $-1 -1 $-1 0.6530409198133615423 -4.375970458165340027 0.5 0 0 1 0.005010231634562323233 0.03564965047469659254 0 1 I I #
point $-1 -1 $-1 0.658051151447923921 -4.340320807690643434 0.5 #
color-adesk-attrib $-1 -1 $-1 $-1 $1051 256 #
face $1142 -1 $-1 $1143 $1144 $7 $-1 $1145 forward single #
loop $-1 -1 $-1 $-1 $1146 $1051 #
plane-surface $-1 -1 $-1 0.4049192666738062329 3.197078211277524673 -0.5 0.5920498370656622766 -0.8059013527910986463 0 0.8059013527910986463 0.5920498370656622766 0 forward_v I I I I #
coedge $-1 -1 $-1 $1147 $1148 $1149 $1150 reversed $1052 $-1 #
coedge $-1 -1 $-1 $1151 $1054 $1056 $1106 forward $1006 $-1 #
coedge $-1 -1 $-1 $1054 $1151 $1147 $1152 reversed $1006 $-1 #
coedge $-1 -1 $-1 $1149 $1057 $1054 $1104 forward $81 $-1 #
edge $1153 -1 $-1 $1108 0 $1154 0.2313812037297097723 $1103 $1155 forward @7 unknown #
coedge $-1 -1 $-1 $1056 $1055 $1156 $1157 reversed $960 $-1 #
edge $1158 -1 $-1 $1108 0 $1159 1 $1101 $1160 forward @7 tangent #
color-adesk-attrib $-1 -1 $-1 $-1 $1058 256 #
vertex $-1 -1 $-1 $1058 $1161 #
ellipse-curve $-1 -1 $-1 0.4362979080382881625 3.54436543957959671 -0.5 0 0 1 -0.03137864136447990338 0.04271277169792853101 0 1 F 0 F 2.368366308428903277 #
coedge $-1 -1 $-1 $1064 $1156 $1059 $1111 forward $192 $-1 #
edge $1162 -1 $-1 $1113 -0.3343280742001172867 $1067 -0 $1059 $1163 forward @7 unknown #
color-adesk-attrib $-1 -1 $-1 $-1 $1060 256 #
vertex $-1 -1 $-1 $1060 $1164 #
straight-curve $-1 -1 $-1 0.4049192666738082313 3.587078211277525241 -0.5 0 0 1 I I #
point $-1 -1 $-1 0.4049192666738082313 3.587078211277525241 -0.5 #
color-adesk-attrib $-1 -1 $-1 $-1 $1065 256 #
ellipse-curve $-1 -1 $-1 0.6530409198133623194 3.814029541834658588 0.5 0 0 1 0.005010231634561990166 0.03564965047469748072 0 1 I I #
point $-1 -1 $-1 0.6743547139477275021 3.785017093134177557 0.5 #
coedge $-1 -1 $-1 $1165 $1073 $1083 $1133 forward $192 $-1 #
coedge $-1 -1 $-1 $1074 $1166 $1167 $1168 forward $81 $-1 #
coedge $-1 -1 $-1 $1169 $1170 $1074 $1122 reversed $1171 $-1 #
edge $1172 -1 $-1 $1173 0 $1127 0.2313812037297110213 $1074 $1174 forward @7 unknown #
coedge $-1 -1 $-1 $1175 $1075 $1170 $1176 forward $1125 $-1 #
coedge $-1 -1 $-1 $1075 $1175 $1077 $1130 reversed $1125 $-1 #
loop $-1 -1 $-1 $-1 $1075 $1177 #
color-adesk-attrib $-1 -1 $-1 $-1 $1076 256 #
vertex $-1 -1 $-1 $1122 $1178 #
ellipse-curve $-1 -1 $-1 0.6530409198133615423 -3.985970458165339458 -0.5 0 0 -1 0.005010231634562323233 0.03564965047469659254 0 1 F 0 F 2.368366308428901057 #
coedge $-1 -1 $-1 $1078 $1077 $1165 $1179 reversed $1079 $-1 #
edge $1180 -1 $-1 $1081 0 $1181 1 $1077 $1182 forward @7 tangent #
face $1183 -1 $-1 $1085 $1079 $7 $-1 $1184 forward single #
point $-1 -1 $-1 0.6743547139477252816 -4.014982906865819601 -0.5 #
edge $1185 -1 $-1 $1089 -2.368366308428899281 $1135 -0 $1083 $1186 forward @7 unknown #
color-adesk-attrib $-1 -1 $-1 $-1 $1084 256 #
vertex $-1 -1 $-1 $1084 $1187 #
straight-curve $-1 -1 $-1 0.4049192666738061219 -4.212921788722475469 -0.5 0 0 1 I I #
color-adesk-attrib $-1 -1 $-1 $-1 $1085 256 #
cone-surface $-1 -1 $-1 0.4362979080382860531 -4.255634560420404 -0.5 0 0 1 -0.03137864136447998664 0.04271277169792853101 0 1 I I 0 -1 0.05300000000000017891 forward I I I I #
color-adesk-attrib $-1 -1 $-1 $-1 $1087 256 #
straight-curve $-1 -1 $-1 0.428921733687402551 -4.308118768063706305 0.5 -0.990268068741570251 0.1391731009600657154 0 I I #
point $-1 -1 $-1 0.4289217336874024955 -4.308118768063707194 0.5 #
color-adesk-attrib $-1 -1 $-1 $-1 $1097 256 #
face $1188 -1 $-1 $1189 $1190 $7 $-1 $1191 forward single #
loop $-1 -1 $-1 $-1 $1192 $1097 #
cone-surface $-1 -1 $-1 0.4362979080382861086 3.154365439579596142 -0.5 0 0 1 -0.03137864136447990338 0.04271277169792853101 0 1 I I 0 -1 0.05300000000000013034 forward I I I I #
coedge $-1 -1 $-1 $1193 $1194 $1195 $1196 reversed $1098 $-1 #
coedge $-1 -1 $-1 $1197 $1100 $1102 $1152 forward $1052 $-1 #
coedge $-1 -1 $-1 $1100 $1197 $1193 $1198 reversed $1052 $-1 #
coedge $-1 -1 $-1 $1195 $1103 $1100 $1150 forward $81 $-1 #
edge $1199 -1 $-1 $1154 0 $1200 2.36836630842891438 $1149 $1201 forward @7 unknown #
coedge $-1 -1 $-1 $1102 $1101 $1202 $1203 reversed $1006 $-1 #
edge $1204 -1 $-1 $1154 0 $1205 1 $1147 $1206 forward @7 tangent #
color-adesk-attrib $-1 -1 $-1 $-1 $1104 256 #
vertex $-1 -1 $-1 $1104 $1207 #
straight-curve $-1 -1 $-1 0.4289217336874047715 3.491881231936293517 -0.5 0.990268068741570362 -0.1391731009600648827 0 F 0 F 0.2313812037297097723 #
coedge $-1 -1 $-1 $1110 $1202 $1105 $1157 forward $192 $-1 #
edge $1208 -1 $-1 $1159 -2.368366308428903277 $1113 -0 $1105 $1209 forward @7 unknown #
color-adesk-attrib $-1 -1 $-1 $-1 $1106 256 #
vertex $-1 -1 $-1 $1106 $1210 #
straight-curve $-1 -1 $-1 0.428921733687404716 3.491881231936293517 -0.5 0 0 1 I I #
point $-1 -1 $-1 0.428921733687404716 3.491881231936293517 -0.5 #
color-adesk-attrib $-1 -1 $-1 $-1 $1111 256 #
straight-curve $-1 -1 $-1 0.6743547139477257257 3.78501709313418111 0.5 0.8059013527910989794 0.5920498370656616105 0 I I #
point $-1 -1 $-1 0.4049192666738082313 3.587078211277525241 0.5 #
coedge $-1 -1 $-1 $1211 $1119 $1129 $1179 forward $192 $-1 #
coedge $-1 -1 $-1 $1120 $1212 $1213 $1214 forward $81 $-1 #
coedge $-1 -1 $-1 $1215 $1216 $1120 $1168 reversed $1217 $-1 #
edge $1218 -1 $-1 $1219 0 $1173 2.368366308428897948 $1120 $1220 forward @7 unknown #
coedge $-1 -1 $-1 $1221 $1121 $1216 $1222 forward $1171 $-1 #
coedge $-1 -1 $-1 $1121 $1221 $1123 $1176 reversed $1171 $-1 #
loop $-1 -1 $-1 $-1 $1121 $1223 #
color-adesk-attrib $-1 -1 $-1 $-1 $1122 256 #
vertex $-1 -1 $-1 $1168 $1224 #
straight-curve $-1 -1 $-1 0.4289217336874031061 -3.918118768063706625 -0.5 0.990268068741570362 -0.1391731009600651048 0 F 0 F 0.2313812037297110213 #
coedge $-1 -1 $-1 $1124 $1123 $1211 $1225 reversed $1125 $-1 #
edge $1226 -1 $-1 $1127 0 $1227 1 $1123 $1228 forward @7 tangent #
face $1229 -1 $-1 $1131 $1125 $7 $-1 $1230 forward single #
point $-1 -1 $-1 0.658051151447923921 -3.950320807690642866 -0.5 #
edge $1231 -1 $-1 $1135 -0.334328074200118619 $1181 -0 $1129 $1232 forward @7 unknown #
color-adesk-attrib $-1 -1 $-1 $-1 $1130 256 #
vertex $-1 -1 $-1 $1130 $1233 #
straight-curve $-1 -1 $-1 0.6743547139477252816 -4.014982906865819601 -0.5 0 0 1 I I #
color-adesk-attrib $-1 -1 $-1 $-1 $1131 256 #
plane-surface $-1 -1 $-1 0.4049192666738061219 -4.212921788722475469 -0.5 0.5920498370656593901 -0.8059013527911008667 0 0.8059013527911008667 0.5920498370656593901 0 forward_v I I I I #
color-adesk-attrib $-1 -1 $-1 $-1 $1133 256 #
ellipse-curve $-1 -1 $-1 0.4362979080382860531 -4.255634560420404 0.5 0 0 -1 -0.03137864136447998664 0.04271277169792853101 0 1 I I #
point $-1 -1 $-1 0.4049192666738061219 -4.212921788722475469 0.5 #
color-adesk-attrib $-1 -1 $-1 $-1 $1143 256 #
face $1234 -1 $-1 $1235 $1236 $7 $-1 $1237 forward single #
loop $-1 -1 $-1 $-1 $1238 $1143 #
plane-surface $-1 -1 $-1 0.6580511514479243651 3.069679192309356708 -0.5 0.1391731009600636615 0.990268068741570584 0 -0.990268068741570584 0.1391731009600636615 0 forward_v I I I I #
coedge $-1 -1 $-1 $1239 $1240 $1241 $1242 reversed $1144 $-1 #
coedge $-1 -1 $-1 $1243 $1146 $1148 $1198 forward $1098 $-1 #
coedge $-1 -1 $-1 $1146 $1243 $1239 $1244 reversed $1098 $-1 #
coedge $-1 -1 $-1 $1241 $1149 $1146 $1196 forward $81 $-1 #
edge $1245 -1 $-1 $1200 0 $1246 0.3343280742001199513 $1195 $1247 forward @7 unknown #
coedge $-1 -1 $-1 $1148 $1147 $1248 $1249 reversed $1052 $-1 #
edge $1250 -1 $-1 $1200 0 $1251 1 $1193 $1252 forward @7 tangent #
color-adesk-attrib $-1 -1 $-1 $-1 $1150 256 #
vertex $-1 -1 $-1 $1150 $1253 #
ellipse-curve $-1 -1 $-1 0.6530409198133623194 3.424029541834661572 -0.5 0 0 -1 0.005010231634561990166 0.03564965047469570436 0 1 F 0 F 2.36836630842891438 #
coedge $-1 -1 $-1 $1156 $1248 $1151 $1203 forward $192 $-1 #
edge $1254 -1 $-1 $1205 -0.2313812037297097723 $1159 -0 $1151 $1255 forward @7 unknown #
color-adesk-attrib $-1 -1 $-1 $-1 $1152 256 #
vertex $-1 -1 $-1 $1152 $1256 #
straight-curve $-1 -1 $-1 0.6580511514479243651 3.459679192309357276 -0.5 0 0 1 I I #
point $-1 -1 $-1 0.6580511514479243651 3.459679192309357276 -0.5 #
color-adesk-attrib $-1 -1 $-1 $-1 $1157 256 #
ellipse-curve $-1 -1 $-1 0.4362979080382881625 3.54436543957959671 0.5 0 0 -1 -0.03137864136447990338 0.04271277169792853101 0 1 I I #
point $-1 -1 $-1 0.428921733687404716 3.491881231936293517 0.5 #
coedge $-1 -1 $-1 $1257 $1165 $1175 $1225 forward $192 $-1 #
coedge $-1 -1 $-1 $1166 $1258 $1259 $1260 forward $81 $-1 #
coedge $-1 -1 $-1 $1261 $1262 $1166 $1214 reversed $1263 $-1 #
edge $1264 -1 $-1 $1265 0 $1219 0.3343280742001178973 $1166 $1266 forward @7 unknown #
coedge $-1 -1 $-1 $1267 $1167 $1262 $1268 forward $1217 $-1 #
coedge $-1 -1 $-1 $1167 $1267 $1169 $1222 reversed $1217 $-1 #
loop $-1 -1 $-1 $-1 $1167 $1269 #
color-adesk-attrib $-1 -1 $-1 $-1 $1168 256 #
vertex $-1 -1 $-1 $1214 $1270 #
ellipse-curve $-1 -1 $-1 0.4362979080382867192 -3.865634560420403432 -0.5 0 0 1 -0.03137864136448004215 0.04271277169792853101 0 1 F 0 F 2.368366308428897948 #
coedge $-1 -1 $-1 $1170 $1169 $1257 $1271 reversed $1171 $-1 #
edge $1272 -1 $-1 $1173 0 $1273 1 $1169 $1274 forward @7 tangent #
face $1275 -1 $-1 $1177 $1171 $7 $-1 $1276 forward single #
point $-1 -1 $-1 0.4289217336874030506 -3.918118768063706625 -0.5 #
edge $1277 -1 $-1 $1181 -2.368366308428901057 $1227 -0 $1175 $1278 forward @7 unknown #
color-adesk-attrib $-1 -1 $-1 $-1 $1176 256 #
vertex $-1 -1 $-1 $1176 $1279 #
straight-curve $-1 -1 $-1 0.658051151447923921 -3.950320807690642866 -0.5 0 0 1 I I #
color-adesk-attrib $-1 -1 $-1 $-1 $1177 256 #
cone-surface $-1 -1 $-1 0.6530409198133615423 -3.985970458165339458 -0.5 0 0 1 0.005010231634562323233 0.03564965047469659254 0 1 I I 0 1 0.03600000000000005279 forward I I I I #
color-adesk-attrib $-1 -1 $-1 $-1 $1179 256 #
straight-curve $-1 -1 $-1 0.6743547139477252816 -4.014982906865819601 0.5 0.8059013527911007557 0.592049837065659279 0 I I #
point $-1 -1 $-1 0.6743547139477252816 -4.014982906865819601 0.5 #
color-adesk-attrib $-1 -1 $-1 $-1 $1189 256 #
face $1280 -1 $-1 $1281 $1282 $7 $-1 $1283 forward single #
loop $-1 -1 $-1 $-1 $1284 $1189 #
cone-surface $-1 -1 $-1 0.6530409198133623194 3.034029541834661003 -0.5 0 0 1 0.005010231634561990166 0.03564965047469570436 0 1 I I 0 1 0.03599999999999912992 forward I I I I #
coedge $-1 -1 $-1 $1285 $1286 $1287 $1288 reversed $1190 $-1 #
coedge $-1 -1 $-1 $1289 $1192 $1194 $1244 forward $1144 $-1 #
coedge $-1 -1 $-1 $1192 $1289 $1285 $1290 reversed $1144 $-1 #
coedge $-1 -1 $-1 $1287 $1195 $1192 $1242 forward $81 $-1 #
edge $1291 -1 $-1 $1246 0 $1292 2.368366308428903277 $1241 $1293 forward @7 unknown #
coedge $-1 -1 $-1 $1194 $1193 $1294 $1295 reversed $1098 $-1 #
edge $1296 -1 $-1 $1246 0 $1297 1 $1239 $1298 forward @7 tangent #
color-adesk-attrib $-1 -1 $-1 $-1 $1196 256 #
vertex $-1 -1 $-1 $1196 $1299 #
straight-curve $-1 -1 $-1 0.6743547139477257257 3.395017093134182318 -0.5 -0.8059013527910985353 -0.5920498370656621656 0 F 0 F 0.3343280742001199513 #
coedge $-1 -1 $-1 $1202 $1294 $1197 $1249 forward $192 $-1 #
edge $1300 -1 $-1 $1251 -2.36836630842891438 $1205 -0 $1197 $1301 forward @7 unknown #
color-adesk-attrib $-1 -1 $-1 $-1 $1198 256 #
vertex $-1 -1 $-1 $1198 $1302 #
straight-curve $-1 -1 $-1 0.6743547139477252816 3.395017093134182318 -0.5 0 0 1 I I #
point $-1 -1 $-1 0.6743547139477252816 3.395017093134182318 -0.5 #
color-adesk-attrib $-1 -1 $-1 $-1 $1203 256 #
straight-curve $-1 -1 $-1 0.4289217336874047715 3.491881231936293517 0.5 -0.990268068741570362 0.1391731009600648827 0 I I #
point $-1 -1 $-1 0.6580511514479243651 3.459679192309357276 0.5 #
coedge $-1 -1 $-1 $1303 $1211 $1221 $1271 forward $192 $-1 #
coedge $-1 -1 $-1 $1212 $1304 $1305 $1306 forward $81 $-1 #
coedge $-1 -1 $-1 $1307 $1308 $1212 $1260 reversed $1309 $-1 #
edge $1310 -1 $-1 $1311 0 $1265 2.368366308428905942 $1212 $1312 forward @7 unknown #
coedge $-1 -1 $-1 $1313 $1213 $1308 $1314 forward $1263 $-1 #
coedge $-1 -1 $-1 $1213 $1313 $1215 $1268 reversed $1263 $-1 #
loop $-1 -1 $-1 $-1 $1213 $1315 #
color-adesk-attrib $-1 -1 $-1 $-1 $1214 256 #
vertex $-1 -1 $-1 $1260 $1316 #
straight-curve $-1 -1 $-1 0.6743547139477252816 -3.624982906865819476 -0.5 -0.8059013527911008667 -0.592049837065659168 0 F 0 F 0.3343280742001178973 #
coedge $-1 -1 $-1 $1216 $1215 $1303 $1317 reversed $1217 $-1 #
edge $1318 -1 $-1 $1219 0 $1319 1 $1215 $1320 forward @7 tangent #
face $1321 -1 $-1 $1223 $1217 $7 $-1 $1322 forward single #
point $-1 -1 $-1 0.404919266673806677 -3.822921788722474901 -0.5 #
edge $1323 -1 $-1 $1227 -0.2313812037297110213 $1273 -0 $1221 $1324 forward @7 unknown #
color-adesk-attrib $-1 -1 $-1 $-1 $1222 256 #
vertex $-1 -1 $-1 $1222 $1325 #
straight-curve $-1 -1 $-1 0.4289217336874030506 -3.918118768063706625 -0.5 0 0 1 I I #
color-adesk-attrib $-1 -1 $-1 $-1 $1223 256 #
plane-surface $-1 -1 $-1 0.658051151447923921 -3.950320807690642866 -0.5 0.1391731009600651048 0.990268068741570362 0 -0.990268068741570362 0.1391731009600651048 0 forward_v I I I I #
color-adesk-attrib $-1 -1 $-1 $-1 $1225 256 #
ellipse-curve $-1 -1 $-1 0.6530409198133615423 -3.985970458165339458 0.5 0 0 1 0.005010231634562323233 0.03564965047469659254 0 1 I I #
point $-1 -1 $-1 0.658051151447923921 -3.950320807690642866 0.5 #
color-adesk-attrib $-1 -1 $-1 $-1 $1235 256 #
face $1326 -1 $-1 $1327 $1328 $7 $-1 $1329 forward single #
loop $-1 -1 $-1 $-1 $1330 $1235 #
plane-surface $-1 -1 $-1 0.4049192666738062329 2.807078211277524105 -0.5 0.5920498370656622766 -0.8059013527910986463 0 0.8059013527910986463 0.5920498370656622766 0 forward_v I I I I #
coedge $-1 -1 $-1 $1331 $1332 $1333 $1334 reversed $1236 $-1 #
coedge $-1 -1 $-1 $1335 $1238 $1240 $1290 forward $1190 $-1 #
coedge $-1 -1 $-1 $1238 $1335 $1331 $1336 reversed $1190 $-1 #
coedge $-1 -1 $-1 $1333 $1241 $1238 $1288 forward $81 $-1 #
edge $1337 -1 $-1 $1292 0 $1338 0.2313812037297117985 $1287 $1339 forward @7 unknown #
coedge $-1 -1 $-1 $1240 $1239 $1340 $1341 reversed $1144 $-1 #
edge $1342 -1 $-1 $1292 0 $1343 1 $1285 $1344 forward @7 tangent #
color-adesk-attrib $-1 -1 $-1 $-1 $1242 256 #
vertex $-1 -1 $-1 $1242 $1345 #
ellipse-curve $-1 -1 $-1 0.4362979080382861086 3.154365439579596142 -0.5 0 0 1 -0.03137864136447990338 0.04271277169792853101 0 1 F 0 F 2.368366308428903277 #
coedge $-1 -1 $-1 $1248 $1340 $1243 $1295 forward $192 $-1 #
edge $1346 -1 $-1 $1297 -0.3343280742001199513 $1251 -0 $1243 $1347 forward @7 unknown #
color-adesk-attrib $-1 -1 $-1 $-1 $1244 256 #
vertex $-1 -1 $-1 $1244 $1348 #
straight-curve $-1 -1 $-1 0.4049192666738062329 3.197078211277524673 -0.5 0 0 1 I I #
point $-1 -1 $-1 0.4049192666738062329 3.197078211277524673 -0.5 #
color-adesk-attrib $-1 -1 $-1 $-1 $1249 256 #
ellipse-curve $-1 -1 $-1 0.6530409198133623194 3.424029541834661572 0.5 0 0 1 0.005010231634561990166 0.03564965047469570436 0 1 I I #
point $-1 -1 $-1 0.6743547139477252816 3.395017093134182318 0.5 #
coedge $-1 -1 $-1 $1349 $1257 $1267 $1317 forward $192 $-1 #
coedge $-1 -1 $-1 $1258 $1350 $1351 $1352 forward $81 $-1 #
coedge $-1 -1 $-1 $1353 $1354 $1258 $1306 reversed $1355 $-1 #
edge $1356 -1 $-1 $1357 0 $1311 0.2313812037297110213 $1258 $1358 forward @7 unknown #
coedge $-1 -1 $-1 $1359 $1259 $1354 $1360 forward $1309 $-1 #
coedge $-1 -1 $-1 $1259 $1359 $1261 $1314 reversed $1309 $-1 #
loop $-1 -1 $-1 $-1 $1259 $1361 #
color-adesk-attrib $-1 -1 $-1 $-1 $1260 256 #
vertex $-1 -1 $-1 $1306 $1362 #
ellipse-curve $-1 -1 $-1 0.6530409198133615423 -3.595970458165339778 -0.5 0 0 -1 0.005010231634562267722 0.03564965047469659254 0 1 F 0 F 2.368366308428905942 #
coedge $-1 -1 $-1 $1262 $1261 $1349 $1363 reversed $1263 $-1 #
edge $1364 -1 $-1 $1265 0 $1365 1 $1261 $1366 forward @7 tangent #
face $1367 -1 $-1 $1269 $1263 $7 $-1 $1368 forward single #
point $-1 -1 $-1 0.6743547139477252816 -3.62498290686581992 -0.5 #
edge $1369 -1 $-1 $1273 -2.368366308428897948 $1319 -0 $1267 $1370 forward @7 unknown #
color-adesk-attrib $-1 -1 $-1 $-1 $1268 256 #
vertex $-1 -1 $-1 $1268 $1371 #
straight-curve $-1 -1 $-1 0.404919266673806677 -3.822921788722474901 -0.5 0 0 1 I I #
color-adesk-attrib $-1 -1 $-1 $-1 $1269 256 #
cone-surface $-1 -1 $-1 0.4362979080382867192 -3.865634560420403432 -0.5 0 0 1 -0.03137864136448004215 0.04271277169792853101 0 1 I I 0 -1 0.05300000000000021361 forward I I I I #
color-adesk-attrib $-1 -1 $-1 $-1 $1271 256 #
straight-curve $-1 -1 $-1 0.4289217336874031061 -3.918118768063706625 0.5 -0.990268068741570362 0.1391731009600651048 0 I I #
point $-1 -1 $-1 0.4289217336874030506 -3.918118768063706625 0.5 #
color-adesk-attrib $-1 -1 $-1 $-1 $1281 256 #
face $1372 -1 $-1 $1373 $1374 $7 $-1 $1375 forward single #
loop $-1 -1 $-1 $-1 $1376 $1281 #
cone-surface $-1 -1 $-1 0.4362979080382861086 2.764365439579595574 -0.5 0 0 1 -0.03137864136447990338 0.04271277169792853101 0 1 I I 0 -1 0.05300000000000013034 forward I I I I #
coedge $-1 -1 $-1 $1377 $1378 $1379 $1380 reversed $1282 $-1 #
coedge $-1 -1 $-1 $1381 $1284 $1286 $1336 forward $1236 $-1 #
coedge $-1 -1 $-1 $1284 $1381 $1377 $1382 reversed $1236 $-1 #
coedge $-1 -1 $-1 $1379 $1287 $1284 $1334 forward $81 $-1 #
edge $1383 -1 $-1 $1338 0 $1384 2.36836630842891438 $1333 $1385 forward @7 unknown #
coedge $-1 -1 $-1 $1286 $1285 $1386 $1387 reversed $1190 $-1 #
edge $1388 -1 $-1 $1338 0 $1389 1 $1331 $1390 forward @7 tangent #
color-adesk-attrib $-1 -1 $-1 $-1 $1288 256 #
vertex $-1 -1 $-1 $1288 $1391 #
straight-curve $-1 -1 $-1 0.4289217336874027175 3.101881231936292949 -0.5 0.990268068741570584 -0.1391731009600636615 0 F 0 F 0.2313812037297117985 #
coedge $-1 -1 $-1 $1294 $1386 $1289 $1341 forward $192 $-1 #
edge $1392 -1 $-1 $1343 -2.368366308428903277 $1297 -0 $1289 $1393 forward @7 unknown #
color-adesk-attrib $-1 -1 $-1 $-1 $1290 256 #
vertex $-1 -1 $-1 $1290 $1394 #
straight-curve $-1 -1 $-1 0.428921733687402662 3.101881231936292949 -0.5 0 0 1 I I #
point $-1 -1 $-1 0.428921733687402662 3.101881231936292949 -0.5 #
color-adesk-attrib $-1 -1 $-1 $-1 $1295 256 #
straight-curve $-1 -1 $-1 0.6743547139477257257 3.395017093134182318 0.5 0.8059013527910985353 0.5920498370656621656 0 I I #
point $-1 -1 $-1 0.4049192666738062329 3.197078211277524673 0.5 #
coedge $-1 -1 $-1 $1395 $1303 $1313 $1363 forward $192 $-1 #
coedge $-1 -1 $-1 $1304 $1396 $1397 $1398 forward $81 $-1 #
coedge $-1 -1 $-1 $1399 $1400 $1304 $1352 reversed $1401 $-1 #
edge $1402 -1 $-1 $1403 0 $1357 2.368366308428905054 $1304 $1404 forward @7 unknown #
coedge $-1 -1 $-1 $1405 $1305 $1400 $1406 forward $1355 $-1 #
coedge $-1 -1 $-1 $1305 $1405 $1307 $1360 reversed $1355 $-1 #
loop $-1 -1 $-1 $-1 $1305 $1407 #
color-adesk-attrib $-1 -1 $-1 $-1 $1306 256 #
vertex $-1 -1 $-1 $1352 $1408 #
straight-curve $-1 -1 $-1 0.4289217336874030506 -3.528118768063706945 -0.5 0.990268068741570473 -0.1391731009600641333 0 F 0 F 0.2313812037297110213 #
coedge $-1 -1 $-1 $1308 $1307 $1395 $1409 reversed $1309 $-1 #
edge $1410 -1 $-1 $1311 0 $1411 1 $1307 $1412 forward @7 tangent #
face $1413 -1 $-1 $1315 $1309 $7 $-1 $1414 forward single #
point $-1 -1 $-1 0.658051151447923921 -3.560320807690643186 -0.5 #
edge $1415 -1 $-1 $1319 -0.3343280742001178973 $1365 -0 $1313 $1416 forward @7 unknown #
color-adesk-attrib $-1 -1 $-1 $-1 $1314 256 #
vertex $-1 -1 $-1 $1314 $1417 #
straight-curve $-1 -1 $-1 0.6743547139477252816 -3.62498290686581992 -0.5 0 0 1 I I #
color-adesk-attrib $-1 -1 $-1 $-1 $1315 256 #
plane-surface $-1 -1 $-1 0.404919266673806677 -3.822921788722474901 -0.5 0.592049837065659168 -0.8059013527911008667 0 0.8059013527911008667 0.592049837065659168 0 forward_v I I I I #
color-adesk-attrib $-1 -1 $-1 $-1 $1317 256 #
ellipse-curve $-1 -1 $-1 0.4362979080382867192 -3.865634560420403432 0.5 0 0 -1 -0.03137864136448004215 0.04271277169792853101 0 1 I I #
point $-1 -1 $-1 0.404919266673806677 -3.822921788722474901 0.5 #
color-adesk-attrib $-1 -1 $-1 $-1 $1327 256 #
face $1418 -1 $-1 $1419 $1420 $7 $-1 $1421 forward single #
loop $-1 -1 $-1 $-1 $1422 $1327 #
plane-surface $-1 -1 $-1 0.6580511514479242541 2.679679192309356139 -0.5 0.139173100960063717 0.990268068741570584 0 -0.990268068741570584 0.139173100960063717 0 forward_v I I I I #
coedge $-1 -1 $-1 $1423 $1424 $1425 $1426 reversed $1328 $-1 #
coedge $-1 -1 $-1 $1427 $1330 $1332 $1382 forward $1282 $-1 #
coedge $-1 -1 $-1 $1330 $1427 $1423 $1428 reversed $1282 $-1 #
coedge $-1 -1 $-1 $1425 $1333 $1330 $1380 forward $81 $-1 #
edge $1429 -1 $-1 $1384 0 $1430 0.3343280742001199513 $1379 $1431 forward @7 unknown #
coedge $-1 -1 $-1 $1332 $1331 $1432 $1433 reversed $1236 $-1 #
edge $1434 -1 $-1 $1384 0 $1435 1 $1377 $1436 forward @7 tangent #
color-adesk-attrib $-1 -1 $-1 $-1 $1334 256 #
vertex $-1 -1 $-1 $1334 $1437 #
ellipse-curve $-1 -1 $-1 0.6530409198133623194 3.034029541834661003 -0.5 0 0 -1 0.005010231634561990166 0.03564965047469570436 0 1 F 0 F 2.36836630842891438 #
coedge $-1 -1 $-1 $1340 $1432 $1335 $1387 forward $192 $-1 #
edge $1438 -1 $-1 $1389 -0.2313812037297117985 $1343 -0 $1335 $1439 forward @7 unknown #
color-adesk-attrib $-1 -1 $-1 $-1 $1336 256 #
vertex $-1 -1 $-1 $1336 $1440 #
straight-curve $-1 -1 $-1 0.6580511514479243651 3.069679192309356708 -0.5 0 0 1 I I #
point $-1 -1 $-1 0.6580511514479243651 3.069679192309356708 -0.5 #
color-adesk-attrib $-1 -1 $-1 $-1 $1341 256 #
ellipse-curve $-1 -1 $-1 0.4362979080382861086 3.154365439579596142 0.5 0 0 -1 -0.03137864136447990338 0.04271277169792853101 0 1 I I #
point $-1 -1 $-1 0.428921733687402662 3.101881231936292949 0.5 #
coedge $-1 -1 $-1 $1441 $1349 $1359 $1409 forward $192 $-1 #
coedge $-1 -1 $-1 $1350 $1442 $1443 $1444 forward $81 $-1 #
coedge $-1 -1 $-1 $1445 $1446 $1350 $1398 reversed $1447 $-1 #
edge $1448 -1 $-1 $1449 0 $1403 0.3343280742001179529 $1350 $1450 forward @7 unknown #
coedge $-1 -1 $-1 $1451 $1351 $1446 $1452 forward $1401 $-1 #
coedge $-1 -1 $-1 $1351 $1451 $1353 $1406 reversed $1401 $-1 #
loop $-1 -1 $-1 $-1 $1351 $1453 #
color-adesk-attrib $-1 -1 $-1 $-1 $1352 256 #
vertex $-1 -1 $-1 $1398 $1454 #
ellipse-curve $-1 -1 $-1 0.4362979080382863861 -3.475634560420403751 -0.5 0 0 1 -0.03137864136447982011 0.04271277169792853101 0 1 F 0 F 2.368366308428905054 #
coedge $-1 -1 $-1 $1354 $1353 $1441 $1455 reversed $1355 $-1 #
edge $1456 -1 $-1 $1357 0 $1457 1 $1353 $1458 forward @7 tangent #
face $1459 -1 $-1 $1361 $1355 $7 $-1 $1460 forward single #
point $-1 -1 $-1 0.4289217336874029396 -3.528118768063707389 -0.5 #
edge $1461 -1 $-1 $1365 -2.368366308428905942 $1411 -0 $1359 $1462 forward @7 unknown #
color-adesk-attrib $-1 -1 $-1 $-1 $1360 256 #
vertex $-1 -1 $-1 $1360 $1463 #
straight-curve $-1 -1 $-1 0.658051151447923921 -3.560320807690643186 -0.5 0 0 1 I I #
color-adesk-attrib $-1 -1 $-1 $-1 $1361 256 #
cone-surface $-1 -1 $-1 0.6530409198133615423 -3.595970458165339778 -0.5 0 0 1 0.005010231634562267722 0.03564965047469659254 0 1 I I 0 1 0.03600000000000004585 forward I I I I #
color-adesk-attrib $-1 -1 $-1 $-1 $1363 256 #
straight-curve $-1 -1 $-1 0.6743547139477252816 -3.624982906865819476 0.5 0.8059013527911008667 0.592049837065659168 0 I I #
point $-1 -1 $-1 0.6743547139477252816 -3.624982906865819032 0.5 #
color-adesk-attrib $-1 -1 $-1 $-1 $1373 256 #
face $1464 -1 $-1 $1465 $1466 $7 $-1 $1467 forward single #
loop $-1 -1 $-1 $-1 $1468 $1373 #
cone-surface $-1 -1 $-1 0.6530409198133622084 2.644029541834660435 -0.5 0 0 1 0.005010231634561990166 0.03564965047469570436 0 1 I I 0 1 0.03599999999999912992 forward I I I I #
coedge $-1 -1 $-1 $1469 $1470 $1471 $1472 reversed $1374 $-1 #
coedge $-1 -1 $-1 $1473 $1376 $1378 $1428 forward $1328 $-1 #
coedge $-1 -1 $-1 $1376 $1473 $1469 $1474 reversed $1328 $-1 #
coedge $-1 -1 $-1 $1471 $1379 $1376 $1426 forward $81 $-1 #
edge $1475 -1 $-1 $1430 0 $1476 2.368366308428903277 $1425 $1477 forward @7 unknown #
coedge $-1 -1 $-1 $1378 $1377 $1478 $1479 reversed $1282 $-1 #
edge $1480 -1 $-1 $1430 0 $1481 1 $1423 $1482 forward @7 tangent #
color-adesk-attrib $-1 -1 $-1 $-1 $1380 256 #
vertex $-1 -1 $-1 $1380 $1483 #
straight-curve $-1 -1 $-1 0.6743547139477257257 3.005017093134181749 -0.5 -0.8059013527910985353 -0.5920498370656621656 0 F 0 F 0.3343280742001199513 #
coedge $-1 -1 $-1 $1386 $1478 $1381 $1433 forward $192 $-1 #
edge $1484 -1 $-1 $1435 -2.36836630842891438 $1389 -0 $1381 $1485 forward @7 unknown #
color-adesk-attrib $-1 -1 $-1 $-1 $1382 256 #
vertex $-1 -1 $-1 $1382 $1486 #
straight-curve $-1 -1 $-1 0.6743547139477252816 3.005017093134181749 -0.5 0 0 1 I I #
point $-1 -1 $-1 0.6743547139477252816 3.005017093134181749 -0.5 #
color-adesk-attrib $-1 -1 $-1 $-1 $1387 256 #
straight-curve $-1 -1 $-1 0.4289217336874027175 3.101881231936292949 0.5 -0.990268068741570584 0.1391731009600636615 0 I I #
point $-1 -1 $-1 0.6580511514479243651 3.069679192309356708 0.5 #
coedge $-1 -1 $-1 $1487 $1395 $1405 $1455 forward $192 $-1 #
coedge $-1 -1 $-1 $1396 $1488 $1489 $1490 forward $81 $-1 #
coedge $-1 -1 $-1 $1491 $1492 $1396 $1444 reversed $1493 $-1 #
edge $1494 -1 $-1 $1495 0 $1449 2.368366308428905942 $1396 $1496 forward @7 unknown #
coedge $-1 -1 $-1 $1497 $1397 $1492 $1498 forward $1447 $-1 #
coedge $-1 -1 $-1 $1397 $1497 $1399 $1452 reversed $1447 $-1 #
loop $-1 -1 $-1 $-1 $1397 $1499 #
color-adesk-attrib $-1 -1 $-1 $-1 $1398 256 #
vertex $-1 -1 $-1 $1444 $1500 #
straight-curve $-1 -1 $-1 0.6743547139477252816 -3.234982906865819796 -0.5 -0.8059013527911009778 -0.592049837065659168 0 F 0 F 0.3343280742001179529 #
coedge $-1 -1 $-1 $1400 $1399 $1487 $1501 reversed $1401 $-1 #
edge $1502 -1 $-1 $1403 0 $1503 1 $1399 $1504 forward @7 tangent #
face $1505 -1 $-1 $1407 $1401 $7 $-1 $1506 forward single #
point $-1 -1 $-1 0.404919266673806566 -3.43292178872247522 -0.5 #
edge $1507 -1 $-1 $1411 -0.2313812037297110213 $1457 -0 $1405 $1508 forward @7 unknown #
color-adesk-attrib $-1 -1 $-1 $-1 $1406 256 #
vertex $-1 -1 $-1 $1406 $1509 #
straight-curve $-1 -1 $-1 0.4289217336874029396 -3.528118768063707389 -0.5 0 0 1 I I #
color-adesk-attrib $-1 -1 $-1 $-1 $1407 256 #
plane-surface $-1 -1 $-1 0.658051151447923921 -3.560320807690643186 -0.5 0.1391731009600641333 0.990268068741570473 0 -0.990268068741570473 0.1391731009600641333 0 forward_v I I I I #
color-adesk-attrib $-1 -1 $-1 $-1 $1409 256 #
ellipse-curve $-1 -1 $-1 0.6530409198133615423 -3.595970458165339778 0.5 0 0 1 0.005010231634562267722 0.03564965047469659254 0 1 I I #
point $-1 -1 $-1 0.658051151447923921 -3.560320807690642297 0.5 #
color-adesk-attrib $-1 -1 $-1 $-1 $1419 256 #
face $1510 -1 $-1 $1511 $1512 $7 $-1 $1513 forward single #
loop $-1 -1 $-1 $-1 $1514 $1419 #
plane-surface $-1 -1 $-1 0.4049192666738081758 2.417078211277525313 -0.5 0.5920498370656617215 -0.8059013527910990904 0 0.8059013527910990904 0.5920498370656617215 0 forward_v I I I I #
coedge $-1 -1 $-1 $1515 $1516 $1517 $1518 reversed $1420 $-1 #
coedge $-1 -1 $-1 $1519 $1422 $1424 $1474 forward $1374 $-1 #
coedge $-1 -1 $-1 $1422 $1519 $1515 $1520 reversed $1374 $-1 #
coedge $-1 -1 $-1 $1517 $1425 $1422 $1472 forward $81 $-1 #
edge $1521 -1 $-1 $1476 0 $1522 0.2313812037297117152 $1471 $1523 forward @7 unknown #
coedge $-1 -1 $-1 $1424 $1423 $1524 $1525 reversed $1328 $-1 #
edge $1526 -1 $-1 $1476 0 $1527 1 $1469 $1528 forward @7 tangent #
color-adesk-attrib $-1 -1 $-1 $-1 $1426 256 #
vertex $-1 -1 $-1 $1426 $1529 #
ellipse-curve $-1 -1 $-1 0.4362979080382861086 2.764365439579595574 -0.5 0 0 1 -0.03137864136447990338 0.04271277169792853101 0 1 F 0 F 2.368366308428903277 #
coedge $-1 -1 $-1 $1432 $1524 $1427 $1479 forward $192 $-1 #
edge $1530 -1 $-1 $1481 -0.3343280742001199513 $1435 -0 $1427 $1531 forward @7 unknown #
color-adesk-attrib $-1 -1 $-1 $-1 $1428 256 #
vertex $-1 -1 $-1 $1428 $1532 #
straight-curve $-1 -1 $-1 0.4049192666738062329 2.807078211277524105 -0.5 0 0 1 I I #
point $-1 -1 $-1 0.4049192666738062329 2.807078211277524105 -0.5 #
color-adesk-attrib $-1 -1 $-1 $-1 $1433 256 #
ellipse-curve $-1 -1 $-1 0.6530409198133623194 3.034029541834661003 0.5 0 0 1 0.005010231634561990166 0.03564965047469570436 0 1 I I #
point $-1 -1 $-1 0.6743547139477252816 3.005017093134181749 0.5 #
coedge $-1 -1 $-1 $1533 $1441 $1451 $1501 forward $192 $-1 #
coedge $-1 -1 $-1 $1442 $1534 $1535 $1536 forward $81 $-1 #
coedge $-1 -1 $-1 $1537 $1538 $1442 $1490 reversed $1539 $-1 #
edge $1540 -1 $-1 $1541 0 $1495 0.2313812037297115765 $1442 $1542 forward @7 unknown #
coedge $-1 -1 $-1 $1543 $1443 $1538 $1544 forward $1493 $-1 #
coedge $-1 -1 $-1 $1443 $1543 $1445 $1498 reversed $1493 $-1 #
loop $-1 -1 $-1 $-1 $1443 $1545 #
color-adesk-attrib $-1 -1 $-1 $-1 $1444 256 #
vertex $-1 -1 $-1 $1490 $1546 #
ellipse-curve $-1 -1 $-1 0.6530409198133615423 -3.205970458165340098 -0.5 0 0 -1 0.005010231634562267722 0.03564965047469659254 0 1 F 0 F 2.368366308428905942 #
coedge $-1 -1 $-1 $1446 $1445 $1533 $1547 reversed $1447 $-1 #
edge $1548 -1 $-1 $1449 0 $1549 1 $1445 $1550 forward @7 tangent #
face $1551 -1 $-1 $1453 $1447 $7 $-1 $1552 forward single #
point $-1 -1 $-1 0.6743547139477252816 -3.23498290686582024 -0.5 #
edge $1553 -1 $-1 $1457 -2.368366308428905054 $1503 -0 $1451 $1554 forward @7 unknown #
color-adesk-attrib $-1 -1 $-1 $-1 $1452 256 #
vertex $-1 -1 $-1 $1452 $1555 #
straight-curve $-1 -1 $-1 0.404919266673806566 -3.43292178872247522 -0.5 0 0 1 I I #
color-adesk-attrib $-1 -1 $-1 $-1 $1453 256 #
cone-surface $-1 -1 $-1 0.4362979080382863861 -3.475634560420403751 -0.5 0 0 1 -0.03137864136447982011 0.04271277169792853101 0 1 I I 0 -1 0.05300000000000008177 forward I I I I #
color-adesk-attrib $-1 -1 $-1 $-1 $1455 256 #
straight-curve $-1 -1 $-1 0.4289217336874030506 -3.528118768063706945 0.5 -0.990268068741570473 0.1391731009600641333 0 I I #
point $-1 -1 $-1 0.4289217336874029396 -3.528118768063707833 0.5 #
color-adesk-attrib $-1 -1 $-1 $-1 $1465 256 #
face $1556 -1 $-1 $1557 $1558 $7 $-1 $1559 forward single #
loop $-1 -1 $-1 $-1 $1560 $1465 #
cone-surface $-1 -1 $-1 0.436297908038288107 2.374365439579596782 -0.5 0 0 1 -0.03137864136447990338 0.04271277169792853101 0 1 I I 0 -1 0.05300000000000013034 forward I I I I #
coedge $-1 -1 $-1 $1561 $1562 $1563 $1564 reversed $1466 $-1 #
coedge $-1 -1 $-1 $1565 $1468 $1470 $1520 forward $1420 $-1 #
coedge $-1 -1 $-1 $1468 $1565 $1561 $1566 reversed $1420 $-1 #
coedge $-1 -1 $-1 $1563 $1471 $1468 $1518 forward $81 $-1 #
edge $1567 -1 $-1 $1522 0 $1568 2.36836630842891438 $1517 $1569 forward @7 unknown #
coedge $-1 -1 $-1 $1470 $1469 $1570 $1571 reversed $1374 $-1 #
edge $1572 -1 $-1 $1522 0 $1573 1 $1515 $1574 forward @7 tangent #
color-adesk-attrib $-1 -1 $-1 $-1 $1472 256 #
vertex $-1 -1 $-1 $1472 $1575 #
straight-curve $-1 -1 $-1 0.4289217336874027175 2.71188123193629238 -0.5 0.990268068741570584 -0.139173100960063717 0 F 0 F 0.2313812037297117152 #
coedge $-1 -1 $-1 $1478 $1570 $1473 $1525 forward $192 $-1 #
edge $1576 -1 $-1 $1527 -2.368366308428903277 $1481 -0 $1473 $1577 forward @7 unknown #
color-adesk-attrib $-1 -1 $-1 $-1 $1474 256 #
vertex $-1 -1 $-1 $1474 $1578 #
straight-curve $-1 -1 $-1 0.428921733687402662 2.71188123193629238 -0.5 0 0 1 I I #
point $-1 -1 $-1 0.428921733687402662 2.71188123193629238 -0.5 #
color-adesk-attrib $-1 -1 $-1 $-1 $1479 256 #
straight-curve $-1 -1 $-1 0.6743547139477257257 3.005017093134181749 0.5 0.8059013527910985353 0.5920498370656621656 0 I I #
point $-1 -1 $-1 0.4049192666738062329 2.807078211277524105 0.5 #
coedge $-1 -1 $-1 $1579 $1487 $1497 $1547 forward $192 $-1 #
coedge $-1 -1 $-1 $1488 $1580 $1581 $1582 forward $81 $-1 #
coedge $-1 -1 $-1 $1583 $1584 $1488 $1536 reversed $1585 $-1 #
edge $1586 -1 $-1 $1587 0 $1541 2.368366308428905942 $1488 $1588 forward @7 unknown #
coedge $-1 -1 $-1 $1589 $1489 $1584 $1590 forward $1539 $-1 #
coedge $-1 -1 $-1 $1489 $1589 $1491 $1544 reversed $1539 $-1 #
loop $-1 -1 $-1 $-1 $1489 $1591 #
color-adesk-attrib $-1 -1 $-1 $-1 $1490 256 #
vertex $-1 -1 $-1 $1536 $1592 #
straight-curve $-1 -1 $-1 0.4289217336874026065 -3.13811876806370682 -0.5 0.990268068741570251 -0.1391731009600657154 0 F 0 F 0.2313812037297115765 #
coedge $-1 -1 $-1 $1492 $1491 $1579 $1593 reversed $1493 $-1 #
edge $1594 -1 $-1 $1495 0 $1595 1 $1491 $1596 forward @7 tangent #
face $1597 -1 $-1 $1499 $1493 $7 $-1 $1598 forward single #
point $-1 -1 $-1 0.658051151447923921 -3.170320807690643505 -0.5 #
edge $1599 -1 $-1 $1503 -0.3343280742001179529 $1549 -0 $1497 $1600 forward @7 unknown #
color-adesk-attrib $-1 -1 $-1 $-1 $1498 256 #
vertex $-1 -1 $-1 $1498 $1601 #
straight-curve $-1 -1 $-1 0.6743547139477252816 -3.23498290686582024 -0.5 0 0 1 I I #
color-adesk-attrib $-1 -1 $-1 $-1 $1499 256 #
plane-surface $-1 -1 $-1 0.404919266673806566 -3.43292178872247522 -0.5 0.592049837065659168 -0.8059013527911009778 0 0.8059013527911009778 0.592049837065659168 0 forward_v I I I I #
color-adesk-attrib $-1 -1 $-1 $-1 $1501 256 #
ellipse-curve $-1 -1 $-1 0.4362979080382863861 -3.475634560420403751 0.5 0 0 -1 -0.03137864136447982011 0.04271277169792853101 0 1 I I #
point $-1 -1 $-1 0.404919266673806566 -3.432921788722476109 0.5 #
color-adesk-attrib $-1 -1 $-1 $-1 $1511 256 #
face $1602 -1 $-1 $1603 $1604 $7 $-1 $1605 forward single #
loop $-1 -1 $-1 $-1 $1606 $1511 #
plane-surface $-1 -1 $-1 0.6580511514479241431 2.289679192309357347 -0.5 0.1391731009600649105 0.990268068741570362 0 -0.990268068741570362 0.1391731009600649105 0 forward_v I I I I #
coedge $-1 -1 $-1 $1607 $1608 $1609 $1610 reversed $1512 $-1 #
coedge $-1 -1 $-1 $1611 $1514 $1516 $1566 forward $1466 $-1 #
coedge $-1 -1 $-1 $1514 $1611 $1607 $1612 reversed $1466 $-1 #
coedge $-1 -1 $-1 $1609 $1517 $1514 $1564 forward $81 $-1 #
edge $1613 -1 $-1 $1568 0 $1614 0.3343280742001172867 $1563 $1615 forward @7 unknown #
coedge $-1 -1 $-1 $1516 $1515 $1616 $1617 reversed $1420 $-1 #
edge $1618 -1 $-1 $1568 0 $1619 1 $1561 $1620 forward @7 tangent #
color-adesk-attrib $-1 -1 $-1 $-1 $1518 256 #
vertex $-1 -1 $-1 $1518 $1621 #
ellipse-curve $-1 -1 $-1 0.6530409198133622084 2.644029541834660435 -0.5 0 0 -1 0.005010231634561990166 0.03564965047469570436 0 1 F 0 F 2.36836630842891438 #
coedge $-1 -1 $-1 $1524 $1616 $1519 $1571 forward $192 $-1 #
edge $1622 -1 $-1 $1573 -0.2313812037297117152 $1527 -0 $1519 $1623 forward @7 unknown #
color-adesk-attrib $-1 -1 $-1 $-1 $1520 256 #
vertex $-1 -1 $-1 $1520 $1624 #
straight-curve $-1 -1 $-1 0.6580511514479242541 2.679679192309356139 -0.5 0 0 1 I I #
point $-1 -1 $-1 0.6580511514479242541 2.679679192309356139 -0.5 #
color-adesk-attrib $-1 -1 $-1 $-1 $1525 256 #
ellipse-curve $-1 -1 $-1 0.4362979080382861086 2.764365439579595574 0.5 0 0 -1 -0.03137864136447990338 0.04271277169792853101 0 1 I I #
point $-1 -1 $-1 0.428921733687402662 2.71188123193629238 0.5 #
coedge $-1 -1 $-1 $1625 $1533 $1543 $1593 forward $192 $-1 #
coedge $-1 -1 $-1 $1534 $1626 $1627 $1628 forward $81 $-1 #
coedge $-1 -1 $-1 $1629 $1630 $1534 $1582 reversed $1631 $-1 #
edge $1632 -1 $-1 $1633 0 $1587 0.3343280742001183414 $1534 $1634 forward @7 unknown #
coedge $-1 -1 $-1 $1635 $1535 $1630 $1636 forward $1585 $-1 #
coedge $-1 -1 $-1 $1535 $1635 $1537 $1590 reversed $1585 $-1 #
loop $-1 -1 $-1 $-1 $1535 $1637 #
color-adesk-attrib $-1 -1 $-1 $-1 $1536 256 #
vertex $-1 -1 $-1 $1582 $1638 #
ellipse-curve $-1 -1 $-1 0.436297908038285942 -3.085634560420403627 -0.5 0 0 1 -0.03137864136447979235 0.04271277169792853101 0 1 F 0 F 2.368366308428905942 #
coedge $-1 -1 $-1 $1538 $1537 $1625 $1639 reversed $1539 $-1 #
edge $1640 -1 $-1 $1541 0 $1641 1 $1537 $1642 forward @7 tangent #
face $1643 -1 $-1 $1545 $1539 $7 $-1 $1644 forward single #
point $-1 -1 $-1 0.428921733687402551 -3.138118768063707265 -0.5 #
edge $1645 -1 $-1 $1549 -2.368366308428905942 $1595 -0 $1543 $1646 forward @7 unknown #
color-adesk-attrib $-1 -1 $-1 $-1 $1544 256 #
vertex $-1 -1 $-1 $1544 $1647 #
straight-curve $-1 -1 $-1 0.658051151447923921 -3.170320807690643505 -0.5 0 0 1 I I #
color-adesk-attrib $-1 -1 $-1 $-1 $1545 256 #
cone-surface $-1 -1 $-1 0.6530409198133615423 -3.205970458165340098 -0.5 0 0 1 0.005010231634562267722 0.03564965047469659254 0 1 I I 0 1 0.03600000000000004585 forward I I I I #
color-adesk-attrib $-1 -1 $-1 $-1 $1547 256 #
straight-curve $-1 -1 $-1 0.6743547139477252816 -3.234982906865819796 0.5 0.8059013527911009778 0.592049837065659168 0 I I #
point $-1 -1 $-1 0.6743547139477252816 -3.23498290686582024 0.5 #
color-adesk-attrib $-1 -1 $-1 $-1 $1557 256 #
face $1648 -1 $-1 $1649 $1650 $7 $-1 $1651 forward single #
loop $-1 -1 $-1 $-1 $1652 $1557 #
cone-surface $-1 -1 $-1 0.6530409198133622084 2.254029541834659867 -0.5 0 0 1 0.005010231634561990166 0.03564965047469748072 0 1 I I 0 1 0.0360000000000008924 forward I I I I #
coedge $-1 -1 $-1 $1653 $1654 $1655 $1656 reversed $1558 $-1 #
coedge $-1 -1 $-1 $1657 $1560 $1562 $1612 forward $1512 $-1 #
coedge $-1 -1 $-1 $1560 $1657 $1653 $1658 reversed $1512 $-1 #
coedge $-1 -1 $-1 $1655 $1563 $1560 $1610 forward $81 $-1 #
edge $1659 -1 $-1 $1614 0 $1660 2.368366308428902833 $1609 $1661 forward @7 unknown #
coedge $-1 -1 $-1 $1562 $1561 $1662 $1663 reversed $1466 $-1 #
edge $1664 -1 $-1 $1614 0 $1665 1 $1607 $1666 forward @7 tangent #
color-adesk-attrib $-1 -1 $-1 $-1 $1564 256 #
vertex $-1 -1 $-1 $1564 $1667 #
straight-curve $-1 -1 $-1 0.6743547139477256147 2.615017093134181181 -0.5 -0.8059013527910989794 -0.5920498370656616105 0 F 0 F 0.3343280742001172867 #
coedge $-1 -1 $-1 $1570 $1662 $1565 $1617 forward $192 $-1 #
edge $1668 -1 $-1 $1619 -2.36836630842891438 $1573 -0 $1565 $1669 forward @7 unknown #
color-adesk-attrib $-1 -1 $-1 $-1 $1566 256 #
vertex $-1 -1 $-1 $1566 $1670 #
straight-curve $-1 -1 $-1 0.6743547139477252816 2.615017093134181181 -0.5 0 0 1 I I #
point $-1 -1 $-1 0.6743547139477252816 2.615017093134181181 -0.5 #
color-adesk-attrib $-1 -1 $-1 $-1 $1571 256 #
straight-curve $-1 -1 $-1 0.4289217336874027175 2.71188123193629238 0.5 -0.990268068741570584 0.139173100960063717 0 I I #
point $-1 -1 $-1 0.6580511514479242541 2.679679192309356139 0.5 #
coedge $-1 -1 $-1 $1671 $1579 $1589 $1639 forward $192 $-1 #
coedge $-1 -1 $-1 $1580 $1672 $1673 $1674 forward $81 $-1 #
coedge $-1 -1 $-1 $1675 $1676 $1580 $1628 reversed $1677 $-1 #
edge $1678 -1 $-1 $1679 0 $1633 2.368366308428907274 $1580 $1680 forward @7 unknown #
coedge $-1 -1 $-1 $1681 $1581 $1676 $1682 forward $1631 $-1 #
coedge $-1 -1 $-1 $1581 $1681 $1583 $1636 reversed $1631 $-1 #
loop $-1 -1 $-1 $-1 $1581 $1683 #
color-adesk-attrib $-1 -1 $-1 $-1 $1582 256 #
vertex $-1 -1 $-1 $1628 $1684 #
straight-curve $-1 -1 $-1 0.6743547139477252816 -2.844982906865819672 -0.5 -0.8059013527911014219 -0.5920498370656583909 0 F 0 F 0.3343280742001183414 #
coedge $-1 -1 $-1 $1584 $1583 $1671 $1685 reversed $1585 $-1 #
edge $1686 -1 $-1 $1587 0 $1687 1 $1583 $1688 forward @7 tangent #
face $1689 -1 $-1 $1591 $1585 $7 $-1 $1690 forward single #
point $-1 -1 $-1 0.4049192666738061774 -3.042921788722475096 -0.5 #
edge $1691 -1 $-1 $1595 -0.2313812037297115765 $1641 -0 $1589 $1692 forward @7 unknown #
color-adesk-attrib $-1 -1 $-1 $-1 $1590 256 #
vertex $-1 -1 $-1 $1590 $1693 #
straight-curve $-1 -1 $-1 0.428921733687402551 -3.138118768063707265 -0.5 0 0 1 I I #
color-adesk-attrib $-1 -1 $-1 $-1 $1591 256 #
plane-surface $-1 -1 $-1 0.658051151447923921 -3.170320807690643505 -0.5 0.1391731009600657154 0.990268068741570251 0 -0.990268068741570251 0.1391731009600657154 0 forward_v I I I I #
color-adesk-attrib $-1 -1 $-1 $-1 $1593 256 #
ellipse-curve $-1 -1 $-1 0.6530409198133615423 -3.205970458165340098 0.5 0 0 1 0.005010231634562267722 0.03564965047469659254 0 1 I I #
point $-1 -1 $-1 0.658051151447923921 -3.170320807690643505 0.5 #
color-adesk-attrib $-1 -1 $-1 $-1 $1603 256 #
face $1694 -1 $-1 $1695 $1696 $7 $-1 $1697 forward single #
loop $-1 -1 $-1 $-1 $1698 $1603 #
plane-surface $-1 -1 $-1 0.4049192666738061219 2.027078211277525632 -0.5 0.5920498370656606113 -0.8059013527910999786 0 0.8059013527910999786 0.5920498370656606113 0 forward_v I I I I #
coedge $-1 -1 $-1 $1699 $1700 $1701 $1702 reversed $1604 $-1 #
coedge $-1 -1 $-1 $1703 $1606 $1608 $1658 forward $1558 $-1 #
coedge $-1 -1 $-1 $1606 $1703 $1699 $1704 reversed $1558 $-1 #
coedge $-1 -1 $-1 $1701 $1609 $1606 $1656 forward $81 $-1 #
edge $1705 -1 $-1 $1660 0 $1706 0.2313812037297097446 $1655 $1707 forward @7 unknown #
coedge $-1 -1 $-1 $1608 $1607 $1708 $1709 reversed $1512 $-1 #
edge $1710 -1 $-1 $1660 0 $1711 1 $1653 $1712 forward @7 tangent #
color-adesk-attrib $-1 -1 $-1 $-1 $1610 256 #
vertex $-1 -1 $-1 $1610 $1713 #
ellipse-curve $-1 -1 $-1 0.436297908038288107 2.374365439579596782 -0.5 0 0 1 -0.03137864136447990338 0.04271277169792853101 0 1 F 0 F 2.368366308428902833 #
coedge $-1 -1 $-1 $1616 $1708 $1611 $1663 forward $192 $-1 #
edge $1714 -1 $-1 $1665 -0.3343280742001172867 $1619 -0 $1611 $1715 forward @7 unknown #
color-adesk-attrib $-1 -1 $-1 $-1 $1612 256 #
vertex $-1 -1 $-1 $1612 $1716 #
straight-curve $-1 -1 $-1 0.4049192666738081758 2.417078211277525313 -0.5 0 0 1 I I #
point $-1 -1 $-1 0.4049192666738081758 2.417078211277525313 -0.5 #
color-adesk-attrib $-1 -1 $-1 $-1 $1617 256 #
ellipse-curve $-1 -1 $-1 0.6530409198133622084 2.644029541834660435 0.5 0 0 1 0.005010231634561990166 0.03564965047469570436 0 1 I I #
point $-1 -1 $-1 0.6743547139477252816 2.615017093134181181 0.5 #
coedge $-1 -1 $-1 $1717 $1625 $1635 $1685 forward $192 $-1 #
coedge $-1 -1 $-1 $1626 $1718 $1719 $1720 forward $81 $-1 #
coedge $-1 -1 $-1 $1721 $1722 $1626 $1674 reversed $1723 $-1 #
edge $1724 -1 $-1 $1725 0 $1679 0.2313812037297116042 $1626 $1726 forward @7 unknown #
coedge $-1 -1 $-1 $1727 $1627 $1722 $1728 forward $1677 $-1 #
coedge $-1 -1 $-1 $1627 $1727 $1629 $1682 reversed $1677 $-1 #
loop $-1 -1 $-1 $-1 $1627 $1729 #
color-adesk-attrib $-1 -1 $-1 $-1 $1628 256 #
vertex $-1 -1 $-1 $1674 $1730 #
ellipse-curve $-1 -1 $-1 0.6530409198133615423 -2.815970458165339529 -0.5 0 0 -1 0.005010231634562434255 0.03564965047469614845 0 1 F 0 F 2.368366308428907274 #
coedge $-1 -1 $-1 $1630 $1629 $1717 $1731 reversed $1631 $-1 #
edge $1732 -1 $-1 $1633 0 $1733 1 $1629 $1734 forward @7 tangent #
face $1735 -1 $-1 $1637 $1631 $7 $-1 $1736 forward single #
point $-1 -1 $-1 0.6743547139477246155 -2.844982906865819228 -0.5 #
edge $1737 -1 $-1 $1641 -2.368366308428905942 $1687 -0 $1635 $1738 forward @7 unknown #
color-adesk-attrib $-1 -1 $-1 $-1 $1636 256 #
vertex $-1 -1 $-1 $1636 $1739 #
straight-curve $-1 -1 $-1 0.4049192666738061774 -3.042921788722475096 -0.5 0 0 1 I I #
color-adesk-attrib $-1 -1 $-1 $-1 $1637 256 #
cone-surface $-1 -1 $-1 0.436297908038285942 -3.085634560420403627 -0.5 0 0 1 -0.03137864136447979235 0.04271277169792853101 0 1 I I 0 -1 0.05300000000000006095 forward I I I I #
color-adesk-attrib $-1 -1 $-1 $-1 $1639 256 #
straight-curve $-1 -1 $-1 0.4289217336874026065 -3.13811876806370682 0.5 -0.990268068741570251 0.1391731009600657154 0 I I #
point $-1 -1 $-1 0.428921733687402551 -3.138118768063707265 0.5 #
color-adesk-attrib $-1 -1 $-1 $-1 $1649 256 #
face $1740 -1 $-1 $1741 $1742 $7 $-1 $1743 forward single #
loop $-1 -1 $-1 $-1 $1744 $1649 #
cone-surface $-1 -1 $-1 0.4362979080382859975 1.984365439579597101 -0.5 0 0 1 -0.03137864136447987562 0.04271277169792853101 0 1 I I 0 -1 0.05300000000000011646 forward I I I I #
coedge $-1 -1 $-1 $1745 $1746 $1747 $1748 reversed $1650 $-1 #
coedge $-1 -1 $-1 $1749 $1652 $1654 $1704 forward $1604 $-1 #
coedge $-1 -1 $-1 $1652 $1749 $1745 $1750 reversed $1604 $-1 #
coedge $-1 -1 $-1 $1747 $1655 $1652 $1702 forward $81 $-1 #
edge $1751 -1 $-1 $1706 0 $1752 2.368366308428878853 $1701 $1753 forward @7 unknown #
coedge $-1 -1 $-1 $1654 $1653 $1754 $1755 reversed $1558 $-1 #
edge $1756 -1 $-1 $1706 0 $1757 1 $1699 $1758 forward @7 tangent #
color-adesk-attrib $-1 -1 $-1 $-1 $1656 256 #
vertex $-1 -1 $-1 $1656 $1759 #
straight-curve $-1 -1 $-1 0.428921733687404716 2.321881231936293588 -0.5 0.990268068741570362 -0.1391731009600649105 0 F 0 F 0.2313812037297097446 #
coedge $-1 -1 $-1 $1662 $1754 $1657 $1709 forward $192 $-1 #
edge $1760 -1 $-1 $1711 -2.368366308428902833 $1665 -0 $1657 $1761 forward @7 unknown #
color-adesk-attrib $-1 -1 $-1 $-1 $1658 256 #
vertex $-1 -1 $-1 $1658 $1762 #
straight-curve $-1 -1 $-1 0.4289217336874046049 2.321881231936293588 -0.5 0 0 1 I I #
point $-1 -1 $-1 0.4289217336874046049 2.321881231936293588 -0.5 #
color-adesk-attrib $-1 -1 $-1 $-1 $1663 256 #
straight-curve $-1 -1 $-1 0.6743547139477256147 2.615017093134181181 0.5 0.8059013527910989794 0.5920498370656616105 0 I I #
point $-1 -1 $-1 0.4049192666738081758 2.417078211277525313 0.5 #
coedge $-1 -1 $-1 $1763 $1671 $1681 $1731 forward $192 $-1 #
coedge $-1 -1 $-1 $1672 $1764 $1765 $1766 forward $81 $-1 #
coedge $-1 -1 $-1 $1767 $1768 $1672 $1720 reversed $1769 $-1 #
edge $1770 -1 $-1 $1771 0 $1725 2.36836630842890683 $1672 $1772 forward @7 unknown #
coedge $-1 -1 $-1 $1773 $1673 $1768 $1774 forward $1723 $-1 #
coedge $-1 -1 $-1 $1673 $1773 $1675 $1728 reversed $1723 $-1 #
loop $-1 -1 $-1 $-1 $1673 $1775 #
color-adesk-attrib $-1 -1 $-1 $-1 $1674 256 #
vertex $-1 -1 $-1 $1720 $1776 #
straight-curve $-1 -1 $-1 0.4289217336874026065 -2.748118768063706696 -0.5 0.990268068741570251 -0.1391731009600657154 0 F 0 F 0.2313812037297116042 #
coedge $-1 -1 $-1 $1676 $1675 $1763 $1777 reversed $1677 $-1 #
edge $1778 -1 $-1 $1679 0 $1779 1 $1675 $1780 forward @7 tangent #
face $1781 -1 $-1 $1683 $1677 $7 $-1 $1782 forward single #
point $-1 -1 $-1 0.658051151447923921 -2.780320807690643381 -0.5 #
edge $1783 -1 $-1 $1687 -0.3343280742001183414 $1733 -0 $1681 $1784 forward @7 unknown #
color-adesk-attrib $-1 -1 $-1 $-1 $1682 256 #
vertex $-1 -1 $-1 $1682 $1785 #
straight-curve $-1 -1 $-1 0.6743547139477246155 -2.844982906865819228 -0.5 0 0 1 I I #
color-adesk-attrib $-1 -1 $-1 $-1 $1683 256 #
plane-surface $-1 -1 $-1 0.4049192666738061774 -3.042921788722475096 -0.5 0.5920498370656583909 -0.8059013527911014219 0 0.8059013527911014219 0.5920498370656583909 0 forward_v I I I I #
color-adesk-attrib $-1 -1 $-1 $-1 $1685 256 #
ellipse-curve $-1 -1 $-1 0.436297908038285942 -3.085634560420403627 0.5 0 0 -1 -0.03137864136447979235 0.04271277169792853101 0 1 I I #
point $-1 -1 $-1 0.4049192666738061774 -3.04292178872247554 0.5 #
color-adesk-attrib $-1 -1 $-1 $-1 $1695 256 #
face $1786 -1 $-1 $1787 $1788 $7 $-1 $1789 forward single #
loop $-1 -1 $-1 $-1 $1790 $1695 #
plane-surface $-1 -1 $-1 0.6580511514479241431 1.899679192309357667 -0.5 0.1391731009600636337 0.990268068741570584 0 -0.990268068741570584 0.1391731009600636337 0 forward_v I I I I #
coedge $-1 -1 $-1 $1791 $1792 $1793 $1794 reversed $1696 $-1 #
coedge $-1 -1 $-1 $1795 $1698 $1700 $1750 forward $1650 $-1 #
coedge $-1 -1 $-1 $1698 $1795 $1791 $1796 reversed $1650 $-1 #
coedge $-1 -1 $-1 $1793 $1701 $1698 $1748 forward $81 $-1 #
edge $1797 -1 $-1 $1752 0 $1798 0.3343280742001193961 $1747 $1799 forward @7 unknown #
coedge $-1 -1 $-1 $1700 $1699 $1800 $1801 reversed $1604 $-1 #
edge $1802 -1 $-1 $1752 0 $1803 1 $1745 $1804 forward @7 tangent #
color-adesk-attrib $-1 -1 $-1 $-1 $1702 256 #
vertex $-1 -1 $-1 $1702 $1805 #
ellipse-curve $-1 -1 $-1 0.6530409198133622084 2.254029541834659867 -0.5 0 0 -1 0.005010231634561990166 0.03564965047469748072 0 1 F 0 F 2.368366308428878853 #
coedge $-1 -1 $-1 $1708 $1800 $1703 $1755 forward $192 $-1 #
edge $1806 -1 $-1 $1757 -0.2313812037297097446 $1711 -0 $1703 $1807 forward @7 unknown #
color-adesk-attrib $-1 -1 $-1 $-1 $1704 256 #
vertex $-1 -1 $-1 $1704 $1808 #
straight-curve $-1 -1 $-1 0.6580511514479241431 2.289679192309357347 -0.5 0 0 1 I I #
point $-1 -1 $-1 0.6580511514479241431 2.289679192309357347 -0.5 #
color-adesk-attrib $-1 -1 $-1 $-1 $1709 256 #
ellipse-curve $-1 -1 $-1 0.436297908038288107 2.374365439579596782 0.5 0 0 -1 -0.03137864136447990338 0.04271277169792853101 0 1 I I #
point $-1 -1 $-1 0.4289217336874046049 2.321881231936293588 0.5 #
coedge $-1 -1 $-1 $1809 $1717 $1727 $1777 forward $192 $-1 #
coedge $-1 -1 $-1 $1718 $1810 $1811 $1812 forward $81 $-1 #
coedge $-1 -1 $-1 $1813 $1814 $1718 $1766 reversed $1815 $-1 #
edge $1816 -1 $-1 $1817 0 $1771 0.3343280742001183969 $1718 $1818 forward @7 unknown #
coedge $-1 -1 $-1 $1819 $1719 $1814 $1820 forward $1769 $-1 #
coedge $-1 -1 $-1 $1719 $1819 $1721 $1774 reversed $1769 $-1 #
loop $-1 -1 $-1 $-1 $1719 $1821 #
color-adesk-attrib $-1 -1 $-1 $-1 $1720 256 #
vertex $-1 -1 $-1 $1766 $1822 #
ellipse-curve $-1 -1 $-1 0.436297908038285942 -2.695634560420403503 -0.5 0 0 1 -0.0313786413644797646 0.04271277169792853101 0 1 F 0 F 2.36836630842890683 #
coedge $-1 -1 $-1 $1722 $1721 $1809 $1823 reversed $1723 $-1 #
edge $1824 -1 $-1 $1725 0 $1825 1 $1721 $1826 forward @7 tangent #
face $1827 -1 $-1 $1729 $1723 $7 $-1 $1828 forward single #
point $-1 -1 $-1 0.4289217336874026065 -2.748118768063706696 -0.5 #
edge $1829 -1 $-1 $1733 -2.368366308428907274 $1779 -0 $1727 $1830 forward @7 unknown #
color-adesk-attrib $-1 -1 $-1 $-1 $1728 256 #
vertex $-1 -1 $-1 $1728 $1831 #
straight-curve $-1 -1 $-1 0.658051151447923921 -2.780320807690643381 -0.5 0 0 1 I I #
color-adesk-attrib $-1 -1 $-1 $-1 $1729 256 #
cone-surface $-1 -1 $-1 0.6530409198133615423 -2.815970458165339529 -0.5 0 0 1 0.005010231634562434255 0.03564965047469614845 0 1 I I 0 1 0.03599999999999962952 forward I I I I #
color-adesk-attrib $-1 -1 $-1 $-1 $1731 256 #
straight-curve $-1 -1 $-1 0.6743547139477252816 -2.844982906865819672 0.5 0.8059013527911014219 0.5920498370656583909 0 I I #
point $-1 -1 $-1 0.6743547139477246155 -2.844982906865819672 0.5 #
color-adesk-attrib $-1 -1 $-1 $-1 $1741 256 #
face $1832 -1 $-1 $1833 $1834 $7 $-1 $1835 forward single #
loop $-1 -1 $-1 $-1 $1836 $1741 #
cone-surface $-1 -1 $-1 0.6530409198133615423 1.864029541834661075 -0.5 0 0 1 0.0050102316345626563 0.03564965047469659254 0 1 I I 0 1 0.03600000000000010136 forward I I I I #
coedge $-1 -1 $-1 $1837 $1838 $1839 $1840 reversed $1742 $-1 #
coedge $-1 -1 $-1 $1841 $1744 $1746 $1796 forward $1696 $-1 #
coedge $-1 -1 $-1 $1744 $1841 $1837 $1842 reversed $1696 $-1 #
coedge $-1 -1 $-1 $1839 $1747 $1744 $1794 forward $81 $-1 #
edge $1843 -1 $-1 $1798 0 $1844 2.368366308428901945 $1793 $1845 forward @7 unknown #
coedge $-1 -1 $-1 $1746 $1745 $1846 $1847 reversed $1650 $-1 #
edge $1848 -1 $-1 $1798 0 $1849 1 $1791 $1850 forward @7 tangent #
color-adesk-attrib $-1 -1 $-1 $-1 $1748 256 #
vertex $-1 -1 $-1 $1748 $1851 #
straight-curve $-1 -1 $-1 0.6743547139477255037 2.225017093134182389 -0.5 -0.8059013527910998675 -0.5920498370656605003 0 F 0 F 0.3343280742001193961 #
coedge $-1 -1 $-1 $1754 $1846 $1749 $1801 forward $192 $-1 #
edge $1852 -1 $-1 $1803 -2.368366308428878853 $1757 -0 $1749 $1853 forward @7 unknown #
color-adesk-attrib $-1 -1 $-1 $-1 $1750 256 #
vertex $-1 -1 $-1 $1750 $1854 #
straight-curve $-1 -1 $-1 0.6743547139477275021 2.225017093134178836 -0.5 0 0 1 I I #
point $-1 -1 $-1 0.6743547139477275021 2.225017093134178836 -0.5 #
color-adesk-attrib $-1 -1 $-1 $-1 $1755 256 #
straight-curve $-1 -1 $-1 0.428921733687404716 2.321881231936293588 0.5 -0.990268068741570362 0.1391731009600649105 0 I I #
point $-1 -1 $-1 0.6580511514479241431 2.289679192309357347 0.5 #
coedge $-1 -1 $-1 $1855 $1763 $1773 $1823 forward $192 $-1 #
coedge $-1 -1 $-1 $1764 $1856 $1857 $1858 forward $81 $-1 #
coedge $-1 -1 $-1 $1859 $1860 $1764 $1812 reversed $1861 $-1 #
edge $1862 -1 $-1 $1863 0 $1817 2.368366308428905942 $1764 $1864 forward @7 unknown #
coedge $-1 -1 $-1 $1865 $1765 $1860 $1866 forward $1815 $-1 #
coedge $-1 -1 $-1 $1765 $1865 $1767 $1820 reversed $1815 $-1 #
loop $-1 -1 $-1 $-1 $1765 $1867 #
color-adesk-attrib $-1 -1 $-1 $-1 $1766 256 #
vertex $-1 -1 $-1 $1812 $1868 #
straight-curve $-1 -1 $-1 0.6743547139477252816 -2.454982906865819547 -0.5 -0.8059013527911014219 -0.5920498370656582798 0 F 0 F 0.3343280742001183969 #
coedge $-1 -1 $-1 $1768 $1767 $1855 $1869 reversed $1769 $-1 #
edge $1870 -1 $-1 $1771 0 $1871 1 $1767 $1872 forward @7 tangent #
face $1873 -1 $-1 $1775 $1769 $7 $-1 $1874 forward single #
point $-1 -1 $-1 0.4049192666738061774 -2.652921788722474972 -0.5 #
edge $1875 -1 $-1 $1779 -0.2313812037297116042 $1825 -0 $1773 $1876 forward @7 unknown #
color-adesk-attrib $-1 -1 $-1 $-1 $1774 256 #
vertex $-1 -1 $-1 $1774 $1877 #
straight-curve $-1 -1 $-1 0.4289217336874026065 -2.748118768063706696 -0.5 0 0 1 I I #
color-adesk-attrib $-1 -1 $-1 $-1 $1775 256 #
plane-surface $-1 -1 $-1 0.658051151447923921 -2.780320807690643381 -0.5 0.1391731009600657154 0.990268068741570251 0 -0.990268068741570251 0.1391731009600657154 0 forward_v I I I I #
color-adesk-attrib $-1 -1 $-1 $-1 $1777 256 #
ellipse-curve $-1 -1 $-1 0.6530409198133615423 -2.815970458165339529 0.5 0 0 1 0.005010231634562434255 0.03564965047469614845 0 1 I I #
point $-1 -1 $-1 0.658051151447923921 -2.780320807690642937 0.5 #
color-adesk-attrib $-1 -1 $-1 $-1 $1787 256 #
face $1878 -1 $-1 $1879 $1880 $7 $-1 $1881 forward single #
loop $-1 -1 $-1 $-1 $1882 $1787 #
plane-surface $-1 -1 $-1 0.4049192666738077873 1.637078211277525952 -0.5 0.5920498370656595011 -0.8059013527911006447 0 0.8059013527911006447 0.5920498370656595011 0 forward_v I I I I #
coedge $-1 -1 $-1 $1883 $1884 $1885 $1886 reversed $1788 $-1 #
coedge $-1 -1 $-1 $1887 $1790 $1792 $1842 forward $1742 $-1 #
coedge $-1 -1 $-1 $1790 $1887 $1883 $1888 reversed $1742 $-1 #
coedge $-1 -1 $-1 $1885 $1793 $1790 $1840 forward $81 $-1 #
edge $1889 -1 $-1 $1844 0 $1890 0.2313812037297118818 $1839 $1891 forward @7 unknown #
coedge $-1 -1 $-1 $1792 $1791 $1892 $1893 reversed $1696 $-1 #
edge $1894 -1 $-1 $1844 0 $1895 1 $1837 $1896 forward @7 tangent #
color-adesk-attrib $-1 -1 $-1 $-1 $1794 256 #
vertex $-1 -1 $-1 $1794 $1897 #
ellipse-curve $-1 -1 $-1 0.4362979080382859975 1.984365439579597101 -0.5 0 0 1 -0.03137864136447987562 0.04271277169792853101 0 1 F 0 F 2.368366308428901945 #
coedge $-1 -1 $-1 $1800 $1892 $1795 $1847 forward $192 $-1 #
edge $1898 -1 $-1 $1849 -0.3343280742001193961 $1803 -0 $1795 $1899 forward @7 unknown #
color-adesk-attrib $-1 -1 $-1 $-1 $1796 256 #
vertex $-1 -1 $-1 $1796 $1900 #
straight-curve $-1 -1 $-1 0.4049192666738061219 2.027078211277525632 -0.5 0 0 1 I I #
point $-1 -1 $-1 0.4049192666738061219 2.027078211277525632 -0.5 #
color-adesk-attrib $-1 -1 $-1 $-1 $1801 256 #
ellipse-curve $-1 -1 $-1 0.6530409198133622084 2.254029541834659867 0.5 0 0 1 0.005010231634561990166 0.03564965047469748072 0 1 I I #
point $-1 -1 $-1 0.6743547139477275021 2.225017093134178836 0.5 #
coedge $-1 -1 $-1 $1901 $1809 $1819 $1869 forward $192 $-1 #
coedge $-1 -1 $-1 $1810 $1902 $1903 $1904 forward $81 $-1 #
coedge $-1 -1 $-1 $1905 $1906 $1810 $1858 reversed $1907 $-1 #
edge $1908 -1 $-1 $1909 0 $1863 0.231381203729711632 $1810 $1910 forward @7 unknown #
coedge $-1 -1 $-1 $1911 $1811 $1906 $1912 forward $1861 $-1 #
coedge $-1 -1 $-1 $1811 $1911 $1813 $1866 reversed $1861 $-1 #
loop $-1 -1 $-1 $-1 $1811 $1913 #
color-adesk-attrib $-1 -1 $-1 $-1 $1812 256 #
vertex $-1 -1 $-1 $1858 $1914 #
ellipse-curve $-1 -1 $-1 0.6530409198133617643 -2.425970458165339849 -0.5 0 0 -1 0.005010231634562267722 0.03564965047469659254 0 1 F 0 F 2.368366308428905942 #
coedge $-1 -1 $-1 $1814 $1813 $1901 $1915 reversed $1815 $-1 #
edge $1916 -1 $-1 $1817 0 $1917 1 $1813 $1918 forward @7 tangent #
face $1919 -1 $-1 $1821 $1815 $7 $-1 $1920 forward single #
point $-1 -1 $-1 0.6743547139477253927 -2.454982906865819992 -0.5 #
edge $1921 -1 $-1 $1825 -2.36836630842890683 $1871 -0 $1819 $1922 forward @7 unknown #
color-adesk-attrib $-1 -1 $-1 $-1 $1820 256 #
vertex $-1 -1 $-1 $1820 $1923 #
straight-curve $-1 -1 $-1 0.4049192666738061774 -2.652921788722474972 -0.5 0 0 1 I I #
color-adesk-attrib $-1 -1 $-1 $-1 $1821 256 #
cone-surface $-1 -1 $-1 0.436297908038285942 -2.695634560420403503 -0.5 0 0 1 -0.0313786413644797646 0.04271277169792853101 0 1 I I 0 -1 0.05300000000000004707 forward I I I I #
color-adesk-attrib $-1 -1 $-1 $-1 $1823 256 #
straight-curve $-1 -1 $-1 0.4289217336874026065 -2.748118768063706696 0.5 -0.990268068741570251 0.1391731009600657154 0 I I #
point $-1 -1 $-1 0.4289217336874026065 -2.748118768063706696 0.5 #
color-adesk-attrib $-1 -1 $-1 $-1 $1833 256 #
face $1924 -1 $-1 $1925 $1926 $7 $-1 $1927 forward single #
loop $-1 -1 $-1 $-1 $1928 $1833 #
cone-surface $-1 -1 $-1 0.4362979080382876629 1.594365439579597421 -0.5 0 0 1 -0.03137864136447984786 0.04271277169792853101 0 1 I I 0 -1 0.05300000000000009565 forward I I I I #
coedge $-1 -1 $-1 $1929 $1930 $1931 $1932 reversed $1834 $-1 #
coedge $-1 -1 $-1 $1933 $1836 $1838 $1888 forward $1788 $-1 #
coedge $-1 -1 $-1 $1836 $1933 $1929 $1934 reversed $1788 $-1 #
coedge $-1 -1 $-1 $1931 $1839 $1836 $1886 forward $81 $-1 #
edge $1935 -1 $-1 $1890 0 $1936 2.368366308428898837 $1885 $1937 forward @7 unknown #
coedge $-1 -1 $-1 $1838 $1837 $1938 $1939 reversed $1742 $-1 #
edge $1940 -1 $-1 $1890 0 $1941 1 $1883 $1942 forward @7 tangent #
color-adesk-attrib $-1 -1 $-1 $-1 $1840 256 #
vertex $-1 -1 $-1 $1840 $1943 #
straight-curve $-1 -1 $-1 0.4289217336874024955 1.931881231936293908 -0.5 0.990268068741570584 -0.1391731009600636337 0 F 0 F 0.2313812037297118818 #
coedge $-1 -1 $-1 $1846 $1938 $1841 $1893 forward $192 $-1 #
edge $1944 -1 $-1 $1895 -2.368366308428901945 $1849 -0 $1841 $1945 forward @7 unknown #
color-adesk-attrib $-1 -1 $-1 $-1 $1842 256 #
vertex $-1 -1 $-1 $1842 $1946 #
straight-curve $-1 -1 $-1 0.42892173368740244 1.931881231936293908 -0.5 0 0 1 I I #
point $-1 -1 $-1 0.42892173368740244 1.931881231936293908 -0.5 #
color-adesk-attrib $-1 -1 $-1 $-1 $1847 256 #
straight-curve $-1 -1 $-1 0.6743547139477255037 2.225017093134182389 0.5 0.8059013527910998675 0.5920498370656605003 0 I I #
point $-1 -1 $-1 0.4049192666738061219 2.027078211277525632 0.5 #
coedge $-1 -1 $-1 $1947 $1855 $1865 $1915 forward $192 $-1 #
coedge $-1 -1 $-1 $1856 $1948 $1949 $1950 forward $81 $-1 #
coedge $-1 -1 $-1 $1951 $1952 $1856 $1904 reversed $1953 $-1 #
edge $1954 -1 $-1 $1955 0 $1909 2.368366308428905942 $1856 $1956 forward @7 unknown #
coedge $-1 -1 $-1 $1957 $1857 $1952 $1958 forward $1907 $-1 #
coedge $-1 -1 $-1 $1857 $1957 $1859 $1912 reversed $1907 $-1 #
loop $-1 -1 $-1 $-1 $1857 $1959 #
color-adesk-attrib $-1 -1 $-1 $-1 $1858 256 #
vertex $-1 -1 $-1 $1904 $1960 #
straight-curve $-1 -1 $-1 0.4289217336874026065 -2.358118768063706572 -0.5 0.990268068741570251 -0.1391731009600656876 0 F 0 F 0.231381203729711632 #
coedge $-1 -1 $-1 $1860 $1859 $1947 $1961 reversed $1861 $-1 #
edge $1962 -1 $-1 $1863 0 $1963 1 $1859 $1964 forward @7 tangent #
face $1965 -1 $-1 $1867 $1861 $7 $-1 $1966 forward single #
point $-1 -1 $-1 0.658051151447923921 -2.390320807690643257 -0.5 #
edge $1967 -1 $-1 $1871 -0.3343280742001183969 $1917 -0 $1865 $1968 forward @7 unknown #
color-adesk-attrib $-1 -1 $-1 $-1 $1866 256 #
vertex $-1 -1 $-1 $1866 $1969 #
straight-curve $-1 -1 $-1 0.6743547139477253927 -2.454982906865819992 -0.5 0 0 1 I I #
color-adesk-attrib $-1 -1 $-1 $-1 $1867 256 #
plane-surface $-1 -1 $-1 0.4049192666738061774 -2.652921788722474972 -0.5 0.5920498370656583909 -0.8059013527911015329 0 0.8059013527911015329 0.5920498370656583909 0 forward_v I I I I #
color-adesk-attrib $-1 -1 $-1 $-1 $1869 256 #
ellipse-curve $-1 -1 $-1 0.436297908038285942 -2.695634560420403503 0.5 0 0 -1 -0.0313786413644797646 0.04271277169792853101 0 1 I I #
point $-1 -1 $-1 0.4049192666738061774 -2.652921788722474972 0.5 #
color-adesk-attrib $-1 -1 $-1 $-1 $1879 256 #
face $1970 -1 $-1 $1971 $1972 $7 $-1 $1973 forward single #
loop $-1 -1 $-1 $-1 $1974 $1879 #
plane-surface $-1 -1 $-1 0.6580511514479241431 1.509679192309357987 -0.5 0.1391731009600646884 0.990268068741570473 0 -0.990268068741570473 0.1391731009600646884 0 forward_v I I I I #
coedge $-1 -1 $-1 $1975 $1976 $1977 $1978 reversed $1880 $-1 #
coedge $-1 -1 $-1 $1979 $1882 $1884 $1934 forward $1834 $-1 #
coedge $-1 -1 $-1 $1882 $1979 $1975 $1980 reversed $1834 $-1 #
coedge $-1 -1 $-1 $1977 $1885 $1882 $1932 forward $81 $-1 #
edge $1981 -1 $-1 $1936 0 $1982 0.3343280742001170092 $1931 $1983 forward @7 unknown #
coedge $-1 -1 $-1 $1884 $1883 $1984 $1985 reversed $1788 $-1 #
edge $1986 -1 $-1 $1936 0 $1987 1 $1929 $1988 forward @7 tangent #
color-adesk-attrib $-1 -1 $-1 $-1 $1886 256 #
vertex $-1 -1 $-1 $1886 $1989 #
ellipse-curve $-1 -1 $-1 0.6530409198133615423 1.864029541834661075 -0.5 0 0 -1 0.0050102316345626563 0.03564965047469659254 0 1 F 0 F 2.368366308428898837 #
coedge $-1 -1 $-1 $1892 $1984 $1887 $1939 forward $192 $-1 #
edge $1990 -1 $-1 $1941 -0.2313812037297118818 $1895 -0 $1887 $1991 forward @7 unknown #
color-adesk-attrib $-1 -1 $-1 $-1 $1888 256 #
vertex $-1 -1 $-1 $1888 $1992 #
straight-curve $-1 -1 $-1 0.6580511514479241431 1.899679192309357667 -0.5 0 0 1 I I #
point $-1 -1 $-1 0.6580511514479241431 1.899679192309357667 -0.5 #
color-adesk-attrib $-1 -1 $-1 $-1 $1893 256 #
ellipse-curve $-1 -1 $-1 0.4362979080382859975 1.984365439579597101 0.5 0 0 -1 -0.03137864136447987562 0.04271277169792853101 0 1 I I #
point $-1 -1 $-1 0.42892173368740244 1.931881231936293908 0.5 #
coedge $-1 -1 $-1 $1993 $1901 $1911 $1961 forward $192 $-1 #
coedge $-1 -1 $-1 $1902 $1994 $1995 $1996 forward $81 $-1 #
coedge $-1 -1 $-1 $1997 $1998 $1902 $1950 reversed $1999 $-1 #
edge $2000 -1 $-1 $2001 0 $1955 0.3343280742001183414 $1902 $2002 forward @7 unknown #
coedge $-1 -1 $-1 $2003 $1903 $1998 $2004 forward $1953 $-1 #
coedge $-1 -1 $-1 $1903 $2003 $1905 $1958 reversed $1953 $-1 #
loop $-1 -1 $-1 $-1 $1903 $2005 #
color-adesk-attrib $-1 -1 $-1 $-1 $1904 256 #
vertex $-1 -1 $-1 $1950 $2006 #
ellipse-curve $-1 -1 $-1 0.4362979080382859975 -2.305634560420403378 -0.5 0 0 1 -0.03137864136447979235 0.04271277169792853101 0 1 F 0 F 2.368366308428905942 #
coedge $-1 -1 $-1 $1906 $1905 $1993 $2007 reversed $1907 $-1 #
edge $2008 -1 $-1 $1909 0 $2009 1 $1905 $2010 forward @7 tangent #
face $2011 -1 $-1 $1913 $1907 $7 $-1 $2012 forward single #
point $-1 -1 $-1 0.4289217336874026065 -2.358118768063707016 -0.5 #
edge $2013 -1 $-1 $1917 -2.368366308428905942 $1963 -0 $1911 $2014 forward @7 unknown #
color-adesk-attrib $-1 -1 $-1 $-1 $1912 256 #
vertex $-1 -1 $-1 $1912 $2015 #
straight-curve $-1 -1 $-1 0.658051151447923921 -2.390320807690643257 -0.5 0 0 1 I I #
color-adesk-attrib $-1 -1 $-1 $-1 $1913 256 #
cone-surface $-1 -1 $-1 0.6530409198133617643 -2.425970458165339849 -0.5 0 0 1 0.005010231634562267722 0.03564965047469659254 0 1 I I 0 1 0.03600000000000004585 forward I I I I #
color-adesk-attrib $-1 -1 $-1 $-1 $1915 256 #
straight-curve $-1 -1 $-1 0.6743547139477252816 -2.454982906865819547 0.5 0.8059013527911014219 0.5920498370656582798 0 I I #
point $-1 -1 $-1 0.6743547139477253927 -2.45498290686582088 0.5 #
color-adesk-attrib $-1 -1 $-1 $-1 $1925 256 #
face $2016 -1 $-1 $2017 $2018 $7 $-1 $2019 forward single #
loop $-1 -1 $-1 $-1 $2020 $1925 #
cone-surface $-1 -1 $-1 0.6530409198133615423 1.474029541834661394 -0.5 0 0 1 0.0050102316345626563 0.03564965047469659254 0 1 I I 0 1 0.03600000000000010136 forward I I I I #
coedge $-1 -1 $-1 $2021 $2022 $2023 $2024 reversed $1926 $-1 #
coedge $-1 -1 $-1 $2025 $1928 $1930 $1980 forward $1880 $-1 #
coedge $-1 -1 $-1 $1928 $2025 $2021 $2026 reversed $1880 $-1 #
coedge $-1 -1 $-1 $2023 $1931 $1928 $1978 forward $81 $-1 #
edge $2027 -1 $-1 $1982 0 $2028 2.368366308428905054 $1977 $2029 forward @7 unknown #
coedge $-1 -1 $-1 $1930 $1929 $2030 $2031 reversed $1834 $-1 #
edge $2032 -1 $-1 $1982 0 $2033 1 $1975 $2034 forward @7 tangent #
color-adesk-attrib $-1 -1 $-1 $-1 $1932 256 #
vertex $-1 -1 $-1 $1932 $2035 #
straight-curve $-1 -1 $-1 0.6743547139477255037 1.835017093134180932 -0.5 -0.8059013527911006447 -0.5920498370656595011 0 F 0 F 0.3343280742001170092 #
coedge $-1 -1 $-1 $1938 $2030 $1933 $1985 forward $192 $-1 #
edge $2036 -1 $-1 $1987 -2.368366308428898837 $1941 -0 $1933 $2037 forward @7 unknown #
color-adesk-attrib $-1 -1 $-1 $-1 $1934 256 #
vertex $-1 -1 $-1 $1934 $2038 #
straight-curve $-1 -1 $-1 0.6743547139477250596 1.835017093134180932 -0.5 0 0 1 I I #
point $-1 -1 $-1 0.6743547139477250596 1.835017093134180932 -0.5 #
color-adesk-attrib $-1 -1 $-1 $-1 $1939 256 #
straight-curve $-1 -1 $-1 0.4289217336874024955 1.931881231936293908 0.5 -0.990268068741570584 0.1391731009600636337 0 I I #
point $-1 -1 $-1 0.6580511514479241431 1.899679192309357667 0.5 #
coedge $-1 -1 $-1 $2039 $1947 $1957 $2007 forward $192 $-1 #
coedge $-1 -1 $-1 $1948 $2040 $2041 $2042 forward $81 $-1 #
coedge $-1 -1 $-1 $2043 $2044 $1948 $1996 reversed $2045 $-1 #
edge $2046 -1 $-1 $2047 0 $2001 2.368366308428903277 $1948 $2048 forward @7 unknown #
coedge $-1 -1 $-1 $2049 $1949 $2044 $2050 forward $1999 $-1 #
coedge $-1 -1 $-1 $1949 $2049 $1951 $2004 reversed $1999 $-1 #
loop $-1 -1 $-1 $-1 $1949 $2051 #
color-adesk-attrib $-1 -1 $-1 $-1 $1950 256 #
vertex $-1 -1 $-1 $1996 $2052 #
straight-curve $-1 -1 $-1 0.6743547139477252816 -2.064982906865819423 -0.5 -0.8059013527911014219 -0.5920498370656583909 0 F 0 F 0.3343280742001183414 #
coedge $-1 -1 $-1 $1952 $1951 $2039 $2053 reversed $1953 $-1 #
edge $2054 -1 $-1 $1955 0 $2055 1 $1951 $2056 forward @7 tangent #
face $2057 -1 $-1 $1959 $1953 $7 $-1 $2058 forward single #
point $-1 -1 $-1 0.4049192666738062329 -2.262921788722474847 -0.5 #
edge $2059 -1 $-1 $1963 -0.231381203729711632 $2009 -0 $1957 $2060 forward @7 unknown #
color-adesk-attrib $-1 -1 $-1 $-1 $1958 256 #
vertex $-1 -1 $-1 $1958 $2061 #
straight-curve $-1 -1 $-1 0.4289217336874026065 -2.358118768063707016 -0.5 0 0 1 I I #
color-adesk-attrib $-1 -1 $-1 $-1 $1959 256 #
plane-surface $-1 -1 $-1 0.658051151447923921 -2.390320807690643257 -0.5 0.1391731009600656876 0.990268068741570251 0 -0.990268068741570251 0.1391731009600656876 0 forward_v I I I I #
color-adesk-attrib $-1 -1 $-1 $-1 $1961 256 #
ellipse-curve $-1 -1 $-1 0.6530409198133617643 -2.425970458165339849 0.5 0 0 1 0.005010231634562267722 0.03564965047469659254 0 1 I I #
point $-1 -1 $-1 0.658051151447923921 -2.390320807690644145 0.5 #
color-adesk-attrib $-1 -1 $-1 $-1 $1971 256 #
face $2062 -1 $-1 $2063 $2064 $7 $-1 $2065 forward single #
loop $-1 -1 $-1 $-1 $2066 $1971 #
plane-surface $-1 -1 $-1 0.4049192666738067881 1.247078211277525384 -0.5 0.5920498370656598341 -0.8059013527911005337 0 0.8059013527911005337 0.5920498370656598341 0 forward_v I I I I #
coedge $-1 -1 $-1 $2067 $2068 $2069 $2070 reversed $1972 $-1 #
coedge $-1 -1 $-1 $2071 $1974 $1976 $2026 forward $1926 $-1 #
coedge $-1 -1 $-1 $1974 $2071 $2067 $2072 reversed $1926 $-1 #
coedge $-1 -1 $-1 $2069 $1977 $1974 $2024 forward $81 $-1 #
edge $2073 -1 $-1 $2028 0 $2074 0.2313812037297101332 $2023 $2075 forward @7 unknown #
coedge $-1 -1 $-1 $1976 $1975 $2076 $2077 reversed $1880 $-1 #
edge $2078 -1 $-1 $2028 0 $2079 1 $2021 $2080 forward @7 tangent #
color-adesk-attrib $-1 -1 $-1 $-1 $1978 256 #
vertex $-1 -1 $-1 $1978 $2081 #
ellipse-curve $-1 -1 $-1 0.4362979080382876629 1.594365439579597421 -0.5 0 0 1 -0.03137864136447984786 0.04271277169792853101 0 1 F 0 F 2.368366308428905054 #
coedge $-1 -1 $-1 $1984 $2076 $1979 $2031 forward $192 $-1 #
edge $2082 -1 $-1 $2033 -0.3343280742001170092 $1987 -0 $1979 $2083 forward @7 unknown #
color-adesk-attrib $-1 -1 $-1 $-1 $1980 256 #
vertex $-1 -1 $-1 $1980 $2084 #
straight-curve $-1 -1 $-1 0.4049192666738077873 1.637078211277525952 -0.5 0 0 1 I I #
point $-1 -1 $-1 0.4049192666738077873 1.637078211277525952 -0.5 #
color-adesk-attrib $-1 -1 $-1 $-1 $1985 256 #
ellipse-curve $-1 -1 $-1 0.6530409198133615423 1.864029541834661075 0.5 0 0 1 0.0050102316345626563 0.03564965047469659254 0 1 I I #
point $-1 -1 $-1 0.6743547139477250596 1.835017093134180932 0.5 #
coedge $-1 -1 $-1 $2085 $1993 $2003 $2053 forward $192 $-1 #
coedge $-1 -1 $-1 $1994 $2086 $2087 $2088 forward $81 $-1 #
coedge $-1 -1 $-1 $2089 $2090 $1994 $2042 reversed $2091 $-1 #
edge $2092 -1 $-1 $2093 0 $2047 0.2313812037297121316 $1994 $2094 forward @7 unknown #
coedge $-1 -1 $-1 $2095 $1995 $2090 $2096 forward $2045 $-1 #
coedge $-1 -1 $-1 $1995 $2095 $1997 $2050 reversed $2045 $-1 #
loop $-1 -1 $-1 $-1 $1995 $2097 #
color-adesk-attrib $-1 -1 $-1 $-1 $1996 256 #
vertex $-1 -1 $-1 $2042 $2098 #
ellipse-curve $-1 -1 $-1 0.6530409198133615423 -2.035970458165339281 -0.5 0 0 -1 0.005010231634562489766 0.03564965047469614845 0 1 F 0 F 2.368366308428903277 #
coedge $-1 -1 $-1 $1998 $1997 $2085 $2099 reversed $1999 $-1 #
edge $2100 -1 $-1 $2001 0 $2101 1 $1997 $2102 forward @7 tangent #
face $2103 -1 $-1 $2005 $1999 $7 $-1 $2104 forward single #
point $-1 -1 $-1 0.6743547139477247265 -2.064982906865818979 -0.5 #
edge $2105 -1 $-1 $2009 -2.368366308428905942 $2055 -0 $2003 $2106 forward @7 unknown #
color-adesk-attrib $-1 -1 $-1 $-1 $2004 256 #
vertex $-1 -1 $-1 $2004 $2107 #
straight-curve $-1 -1 $-1 0.4049192666738062329 -2.262921788722474847 -0.5 0 0 1 I I #
color-adesk-attrib $-1 -1 $-1 $-1 $2005 256 #
cone-surface $-1 -1 $-1 0.4362979080382859975 -2.305634560420403378 -0.5 0 0 1 -0.03137864136447979235 0.04271277169792853101 0 1 I I 0 -1 0.05300000000000006095 forward I I I I #
color-adesk-attrib $-1 -1 $-1 $-1 $2007 256 #
straight-curve $-1 -1 $-1 0.4289217336874026065 -2.358118768063706572 0.5 -0.990268068741570251 0.1391731009600656876 0 I I #
point $-1 -1 $-1 0.4289217336874026065 -2.358118768063706128 0.5 #
color-adesk-attrib $-1 -1 $-1 $-1 $2017 256 #
face $2108 -1 $-1 $2109 $2110 $7 $-1 $2111 forward single #
loop $-1 -1 $-1 $-1 $2112 $2017 #
cone-surface $-1 -1 $-1 0.4362979080382866082 1.204365439579596853 -0.5 0 0 1 -0.03137864136447984786 0.04271277169792853101 0 1 I I 0 -1 0.05300000000000009565 forward I I I I #
coedge $-1 -1 $-1 $2113 $2114 $2115 $2116 reversed $2018 $-1 #
coedge $-1 -1 $-1 $2117 $2020 $2022 $2072 forward $1972 $-1 #
coedge $-1 -1 $-1 $2020 $2117 $2113 $2118 reversed $1972 $-1 #
coedge $-1 -1 $-1 $2115 $2023 $2020 $2070 forward $81 $-1 #
edge $2119 -1 $-1 $2074 0 $2120 2.368366308428898837 $2069 $2121 forward @7 unknown #
coedge $-1 -1 $-1 $2022 $2021 $2122 $2123 reversed $1926 $-1 #
edge $2124 -1 $-1 $2074 0 $2125 1 $2067 $2126 forward @7 tangent #
color-adesk-attrib $-1 -1 $-1 $-1 $2024 256 #
vertex $-1 -1 $-1 $2024 $2127 #
straight-curve $-1 -1 $-1 0.4289217336874042719 1.541881231936294228 -0.5 0.990268068741570362 -0.1391731009600646607 0 F 0 F 0.2313812037297101332 #
coedge $-1 -1 $-1 $2030 $2122 $2025 $2077 forward $192 $-1 #
edge $2128 -1 $-1 $2079 -2.368366308428905054 $2033 -0 $2025 $2129 forward @7 unknown #
color-adesk-attrib $-1 -1 $-1 $-1 $2026 256 #
vertex $-1 -1 $-1 $2026 $2130 #
straight-curve $-1 -1 $-1 0.4289217336874042719 1.541881231936294228 -0.5 0 0 1 I I #
point $-1 -1 $-1 0.4289217336874042719 1.541881231936294228 -0.5 #
color-adesk-attrib $-1 -1 $-1 $-1 $2031 256 #
straight-curve $-1 -1 $-1 0.6743547139477255037 1.835017093134180932 0.5 0.8059013527911006447 0.5920498370656595011 0 I I #
point $-1 -1 $-1 0.4049192666738077873 1.637078211277525952 0.5 #
coedge $-1 -1 $-1 $2131 $2039 $2049 $2099 forward $192 $-1 #
coedge $-1 -1 $-1 $2040 $2132 $2133 $2134 forward $81 $-1 #
coedge $-1 -1 $-1 $2135 $2136 $2040 $2088 reversed $2137 $-1 #
edge $2138 -1 $-1 $2139 0 $2093 2.368366308428905054 $2040 $2140 forward @7 unknown #
coedge $-1 -1 $-1 $2141 $2041 $2136 $2142 forward $2091 $-1 #
coedge $-1 -1 $-1 $2041 $2141 $2043 $2096 reversed $2091 $-1 #
loop $-1 -1 $-1 $-1 $2041 $2143 #
color-adesk-attrib $-1 -1 $-1 $-1 $2042 256 #
vertex $-1 -1 $-1 $2088 $2144 #
straight-curve $-1 -1 $-1 0.4289217336874021624 -1.968118768063706447 -0.5 0.990268068741570251 -0.1391731009600653823 0 F 0 F 0.2313812037297121316 #
coedge $-1 -1 $-1 $2044 $2043 $2131 $2145 reversed $2045 $-1 #
edge $2146 -1 $-1 $2047 0 $2147 1 $2043 $2148 forward @7 tangent #
face $2149 -1 $-1 $2051 $2045 $7 $-1 $2150 forward single #
point $-1 -1 $-1 0.658051151447923921 -2.000320807690643132 -0.5 #
edge $2151 -1 $-1 $2055 -0.3343280742001183414 $2101 -0 $2049 $2152 forward @7 unknown #
color-adesk-attrib $-1 -1 $-1 $-1 $2050 256 #
vertex $-1 -1 $-1 $2050 $2153 #
straight-curve $-1 -1 $-1 0.6743547139477247265 -2.064982906865818979 -0.5 0 0 1 I I #
color-adesk-attrib $-1 -1 $-1 $-1 $2051 256 #
plane-surface $-1 -1 $-1 0.4049192666738062329 -2.262921788722474847 -0.5 0.5920498370656583909 -0.8059013527911014219 0 0.8059013527911014219 0.5920498370656583909 0 forward_v I I I I #
color-adesk-attrib $-1 -1 $-1 $-1 $2053 256 #
ellipse-curve $-1 -1 $-1 0.4362979080382859975 -2.305634560420403378 0.5 0 0 -1 -0.03137864136447979235 0.04271277169792853101 0 1 I I #
point $-1 -1 $-1 0.4049192666738062329 -2.262921788722474403 0.5 #
color-adesk-attrib $-1 -1 $-1 $-1 $2063 256 #
face $2154 -1 $-1 $2155 $2156 $7 $-1 $2157 forward single #
loop $-1 -1 $-1 $-1 $2158 $2063 #
plane-surface $-1 -1 $-1 0.6580511514479241431 1.119679192309357418 -0.5 0.1391731009600640778 0.990268068741570584 0 -0.990268068741570584 0.1391731009600640778 0 forward_v I I I I #
coedge $-1 -1 $-1 $2159 $2160 $2161 $2162 reversed $2064 $-1 #
coedge $-1 -1 $-1 $2163 $2066 $2068 $2118 forward $2018 $-1 #
coedge $-1 -1 $-1 $2066 $2163 $2159 $2164 reversed $2018 $-1 #
coedge $-1 -1 $-1 $2161 $2069 $2066 $2116 forward $81 $-1 #
edge $2165 -1 $-1 $2120 0 $2166 0.3343280742001182859 $2115 $2167 forward @7 unknown #
coedge $-1 -1 $-1 $2068 $2067 $2168 $2169 reversed $1972 $-1 #
edge $2170 -1 $-1 $2120 0 $2171 1 $2113 $2172 forward @7 tangent #
color-adesk-attrib $-1 -1 $-1 $-1 $2070 256 #
vertex $-1 -1 $-1 $2070 $2173 #
ellipse-curve $-1 -1 $-1 0.6530409198133615423 1.474029541834661394 -0.5 0 0 -1 0.0050102316345626563 0.03564965047469659254 0 1 F 0 F 2.368366308428898837 #
coedge $-1 -1 $-1 $2076 $2168 $2071 $2123 forward $192 $-1 #
edge $2174 -1 $-1 $2125 -0.2313812037297101332 $2079 -0 $2071 $2175 forward @7 unknown #
color-adesk-attrib $-1 -1 $-1 $-1 $2072 256 #
vertex $-1 -1 $-1 $2072 $2176 #
straight-curve $-1 -1 $-1 0.6580511514479241431 1.509679192309357987 -0.5 0 0 1 I I #
point $-1 -1 $-1 0.6580511514479241431 1.509679192309357987 -0.5 #
color-adesk-attrib $-1 -1 $-1 $-1 $2077 256 #
ellipse-curve $-1 -1 $-1 0.4362979080382876629 1.594365439579597421 0.5 0 0 -1 -0.03137864136447984786 0.04271277169792853101 0 1 I I #
point $-1 -1 $-1 0.4289217336874042719 1.541881231936294228 0.5 #
coedge $-1 -1 $-1 $2177 $2085 $2095 $2145 forward $192 $-1 #
coedge $-1 -1 $-1 $2086 $2178 $2179 $2180 forward $81 $-1 #
coedge $-1 -1 $-1 $2181 $2182 $2086 $2134 reversed $2183 $-1 #
edge $2184 -1 $-1 $2185 0 $2139 0.3343280742001190631 $2086 $2186 forward @7 unknown #
coedge $-1 -1 $-1 $2187 $2087 $2182 $2188 forward $2137 $-1 #
coedge $-1 -1 $-1 $2087 $2187 $2089 $2142 reversed $2137 $-1 #
loop $-1 -1 $-1 $-1 $2087 $2189 #
color-adesk-attrib $-1 -1 $-1 $-1 $2088 256 #
vertex $-1 -1 $-1 $2134 $2190 #
ellipse-curve $-1 -1 $-1 0.4362979080382854979 -1.915634560420403254 -0.5 0 0 1 -0.03137864136447982011 0.04271277169792853101 0 1 F 0 F 2.368366308428905054 #
coedge $-1 -1 $-1 $2090 $2089 $2177 $2191 reversed $2091 $-1 #
edge $2192 -1 $-1 $2093 0 $2193 1 $2089 $2194 forward @7 tangent #
face $2195 -1 $-1 $2097 $2091 $7 $-1 $2196 forward single #
point $-1 -1 $-1 0.4289217336874020514 -1.968118768063706892 -0.5 #
edge $2197 -1 $-1 $2101 -2.368366308428903277 $2147 -0 $2095 $2198 forward @7 unknown #
color-adesk-attrib $-1 -1 $-1 $-1 $2096 256 #
vertex $-1 -1 $-1 $2096 $2199 #
straight-curve $-1 -1 $-1 0.658051151447923921 -2.000320807690643132 -0.5 0 0 1 I I #
color-adesk-attrib $-1 -1 $-1 $-1 $2097 256 #
cone-surface $-1 -1 $-1 0.6530409198133615423 -2.035970458165339281 -0.5 0 0 1 0.005010231634562489766 0.03564965047469614845 0 1 I I 0 1 0.03599999999999963646 forward I I I I #
color-adesk-attrib $-1 -1 $-1 $-1 $2099 256 #
straight-curve $-1 -1 $-1 0.6743547139477252816 -2.064982906865819423 0.5 0.8059013527911014219 0.5920498370656583909 0 I I #
point $-1 -1 $-1 0.6743547139477247265 -2.064982906865818535 0.5 #
color-adesk-attrib $-1 -1 $-1 $-1 $2109 256 #
face $2200 -1 $-1 $2201 $2202 $7 $-1 $2203 forward single #
loop $-1 -1 $-1 $-1 $2204 $2109 #
cone-surface $-1 -1 $-1 0.6530409198133615423 1.084029541834660826 -0.5 0 0 1 0.0050102316345626563 0.03564965047469659254 0 1 I I 0 1 0.03600000000000010136 forward I I I I #
coedge $-1 -1 $-1 $2205 $2206 $2207 $2208 reversed $2110 $-1 #
coedge $-1 -1 $-1 $2209 $2112 $2114 $2164 forward $2064 $-1 #
coedge $-1 -1 $-1 $2112 $2209 $2205 $2210 reversed $2064 $-1 #
coedge $-1 -1 $-1 $2207 $2115 $2112 $2162 forward $81 $-1 #
edge $2211 -1 $-1 $2166 0 $2212 2.368366308428905498 $2161 $2213 forward @7 unknown #
coedge $-1 -1 $-1 $2114 $2113 $2214 $2215 reversed $2018 $-1 #
edge $2216 -1 $-1 $2166 0 $2217 1 $2159 $2218 forward @7 tangent #
color-adesk-attrib $-1 -1 $-1 $-1 $2116 256 #
vertex $-1 -1 $-1 $2116 $2219 #
straight-curve $-1 -1 $-1 0.6743547139477255037 1.445017093134181252 -0.5 -0.8059013527911005337 -0.5920498370656598341 0 F 0 F 0.3343280742001182859 #
coedge $-1 -1 $-1 $2122 $2214 $2117 $2169 forward $192 $-1 #
edge $2220 -1 $-1 $2171 -2.368366308428898837 $2125 -0 $2117 $2221 forward @7 unknown #
color-adesk-attrib $-1 -1 $-1 $-1 $2118 256 #
vertex $-1 -1 $-1 $2118 $2222 #
straight-curve $-1 -1 $-1 0.6743547139477250596 1.445017093134181252 -0.5 0 0 1 I I #
point $-1 -1 $-1 0.6743547139477250596 1.445017093134181252 -0.5 #
color-adesk-attrib $-1 -1 $-1 $-1 $2123 256 #
straight-curve $-1 -1 $-1 0.4289217336874042719 1.541881231936294228 0.5 -0.990268068741570362 0.1391731009600646607 0 I I #
point $-1 -1 $-1 0.6580511514479241431 1.509679192309357987 0.5 #
coedge $-1 -1 $-1 $2223 $2131 $2141 $2191 forward $192 $-1 #
coedge $-1 -1 $-1 $2132 $2224 $2225 $2226 forward $81 $-1 #
coedge $-1 -1 $-1 $2227 $2228 $2132 $2180 reversed $2229 $-1 #
edge $2230 -1 $-1 $2231 0 $2185 2.368366308428898837 $2132 $2232 forward @7 unknown #
coedge $-1 -1 $-1 $2233 $2133 $2228 $2234 forward $2183 $-1 #
coedge $-1 -1 $-1 $2133 $2233 $2135 $2188 reversed $2183 $-1 #
loop $-1 -1 $-1 $-1 $2133 $2235 #
color-adesk-attrib $-1 -1 $-1 $-1 $2134 256 #
vertex $-1 -1 $-1 $2180 $2236 #
straight-curve $-1 -1 $-1 0.6743547139477252816 -1.674982906865818855 -0.5 -0.8059013527911013108 -0.5920498370656585019 0 F 0 F 0.3343280742001190631 #
coedge $-1 -1 $-1 $2136 $2135 $2223 $2237 reversed $2137 $-1 #
edge $2238 -1 $-1 $2139 0 $2239 1 $2135 $2240 forward @7 tangent #
face $2241 -1 $-1 $2143 $2137 $7 $-1 $2242 forward single #
point $-1 -1 $-1 0.4049192666738056778 -1.872921788722474723 -0.5 #
edge $2243 -1 $-1 $2147 -0.2313812037297121316 $2193 -0 $2141 $2244 forward @7 unknown #
color-adesk-attrib $-1 -1 $-1 $-1 $2142 256 #
vertex $-1 -1 $-1 $2142 $2245 #
straight-curve $-1 -1 $-1 0.4289217336874020514 -1.968118768063706892 -0.5 0 0 1 I I #
color-adesk-attrib $-1 -1 $-1 $-1 $2143 256 #
plane-surface $-1 -1 $-1 0.658051151447923921 -2.000320807690643132 -0.5 0.1391731009600654101 0.990268068741570362 0 -0.990268068741570362 0.1391731009600654101 0 forward_v I I I I #
color-adesk-attrib $-1 -1 $-1 $-1 $2145 256 #
ellipse-curve $-1 -1 $-1 0.6530409198133615423 -2.035970458165339281 0.5 0 0 1 0.005010231634562489766 0.03564965047469614845 0 1 I I #
point $-1 -1 $-1 0.658051151447923921 -2.000320807690643576 0.5 #
color-adesk-attrib $-1 -1 $-1 $-1 $2155 256 #
face $2246 -1 $-1 $2247 $2248 $7 $-1 $2249 forward single #
loop $-1 -1 $-1 $-1 $2250 $2155 #
plane-surface $-1 -1 $-1 0.4049192666738074542 0.8570782112775257033 -0.5 0.592049837065658946 -0.8059013527911009778 0 0.8059013527911009778 0.592049837065658946 0 forward_v I I I I #
coedge $-1 -1 $-1 $2251 $2252 $2253 $2254 reversed $2156 $-1 #
coedge $-1 -1 $-1 $2255 $2158 $2160 $2210 forward $2110 $-1 #
coedge $-1 -1 $-1 $2158 $2255 $2251 $2256 reversed $2110 $-1 #
coedge $-1 -1 $-1 $2253 $2161 $2158 $2208 forward $81 $-1 #
edge $2257 -1 $-1 $2212 0 $2258 0.2313812037297111046 $2207 $2259 forward @7 unknown #
coedge $-1 -1 $-1 $2160 $2159 $2260 $2261 reversed $2064 $-1 #
edge $2262 -1 $-1 $2212 0 $2263 1 $2205 $2264 forward @7 tangent #
color-adesk-attrib $-1 -1 $-1 $-1 $2162 256 #
vertex $-1 -1 $-1 $2162 $2265 #
ellipse-curve $-1 -1 $-1 0.4362979080382866082 1.204365439579596853 -0.5 0 0 1 -0.03137864136447984786 0.04271277169792853101 0 1 F 0 F 2.368366308428905498 #
coedge $-1 -1 $-1 $2168 $2260 $2163 $2215 forward $192 $-1 #
edge $2266 -1 $-1 $2217 -0.3343280742001182859 $2171 -0 $2163 $2267 forward @7 unknown #
color-adesk-attrib $-1 -1 $-1 $-1 $2164 256 #
vertex $-1 -1 $-1 $2164 $2268 #
straight-curve $-1 -1 $-1 0.4049192666738067881 1.247078211277525384 -0.5 0 0 1 I I #
point $-1 -1 $-1 0.4049192666738067881 1.247078211277525384 -0.5 #
color-adesk-attrib $-1 -1 $-1 $-1 $2169 256 #
ellipse-curve $-1 -1 $-1 0.6530409198133615423 1.474029541834661394 0.5 0 0 1 0.0050102316345626563 0.03564965047469659254 0 1 I I #
point $-1 -1 $-1 0.6743547139477250596 1.445017093134181252 0.5 #
coedge $-1 -1 $-1 $2269 $2177 $2187 $2237 forward $192 $-1 #
coedge $-1 -1 $-1 $2178 $2270 $2271 $2272 forward $81 $-1 #
coedge $-1 -1 $-1 $2273 $2274 $2178 $2226 reversed $2275 $-1 #
edge $2276 -1 $-1 $2277 0 $2231 0.2313812037297106883 $2178 $2278 forward @7 unknown #
coedge $-1 -1 $-1 $2279 $2179 $2274 $2280 forward $2229 $-1 #
coedge $-1 -1 $-1 $2179 $2279 $2181 $2234 reversed $2229 $-1 #
loop $-1 -1 $-1 $-1 $2179 $2281 #
color-adesk-attrib $-1 -1 $-1 $-1 $2180 256 #
vertex $-1 -1 $-1 $2226 $2282 #
ellipse-curve $-1 -1 $-1 0.6530409198133613202 -1.645970458165338712 -0.5 0 0 -1 0.0050102316345626563 0.03564965047469659254 0 1 F 0 F 2.368366308428898837 #
coedge $-1 -1 $-1 $2182 $2181 $2269 $2283 reversed $2183 $-1 #
edge $2284 -1 $-1 $2185 0 $2285 1 $2181 $2286 forward @7 tangent #
face $2287 -1 $-1 $2189 $2183 $7 $-1 $2288 forward single #
point $-1 -1 $-1 0.6743547139477248376 -1.674982906865818855 -0.5 #
edge $2289 -1 $-1 $2193 -2.368366308428905054 $2239 -0 $2187 $2290 forward @7 unknown #
color-adesk-attrib $-1 -1 $-1 $-1 $2188 256 #
vertex $-1 -1 $-1 $2188 $2291 #
straight-curve $-1 -1 $-1 0.4049192666738056778 -1.872921788722474723 -0.5 0 0 1 I I #
color-adesk-attrib $-1 -1 $-1 $-1 $2189 256 #
cone-surface $-1 -1 $-1 0.4362979080382854979 -1.915634560420403254 -0.5 0 0 1 -0.03137864136447982011 0.04271277169792853101 0 1 I I 0 -1 0.05300000000000008177 forward I I I I #
color-adesk-attrib $-1 -1 $-1 $-1 $2191 256 #
straight-curve $-1 -1 $-1 0.4289217336874021624 -1.968118768063706447 0.5 -0.990268068741570251 0.1391731009600653823 0 I I #
point $-1 -1 $-1 0.4289217336874020514 -1.968118768063707336 0.5 #
color-adesk-attrib $-1 -1 $-1 $-1 $2201 256 #
face $2292 -1 $-1 $2293 $2294 $7 $-1 $2295 forward single #
loop $-1 -1 $-1 $-1 $2296 $2201 #
cone-surface $-1 -1 $-1 0.4362979080382872188 0.8143654395795971723 -0.5 0 0 1 -0.03137864136447979235 0.04271277169792853101 0 1 I I 0 -1 0.05300000000000006095 forward I I I I #
coedge $-1 -1 $-1 $2297 $2298 $2299 $2300 reversed $2202 $-1 #
coedge $-1 -1 $-1 $2301 $2204 $2206 $2256 forward $2156 $-1 #
coedge $-1 -1 $-1 $2204 $2301 $2297 $2302 reversed $2156 $-1 #
coedge $-1 -1 $-1 $2299 $2207 $2204 $2254 forward $81 $-1 #
edge $2303 -1 $-1 $2258 0 $2304 2.368366308428898837 $2253 $2305 forward @7 unknown #
coedge $-1 -1 $-1 $2206 $2205 $2306 $2307 reversed $2110 $-1 #
edge $2308 -1 $-1 $2258 0 $2309 1 $2251 $2310 forward @7 tangent #
color-adesk-attrib $-1 -1 $-1 $-1 $2208 256 #
vertex $-1 -1 $-1 $2208 $2311 #
straight-curve $-1 -1 $-1 0.4289217336874032727 1.151881231936293659 -0.5 0.990268068741570584 -0.1391731009600640778 0 F 0 F 0.2313812037297111046 #
coedge $-1 -1 $-1 $2214 $2306 $2209 $2261 forward $192 $-1 #
edge $2312 -1 $-1 $2263 -2.368366308428905498 $2217 -0 $2209 $2313 forward @7 unknown #
color-adesk-attrib $-1 -1 $-1 $-1 $2210 256 #
vertex $-1 -1 $-1 $2210 $2314 #
straight-curve $-1 -1 $-1 0.4289217336874032727 1.151881231936293659 -0.5 0 0 1 I I #
point $-1 -1 $-1 0.4289217336874032727 1.151881231936293659 -0.5 #
color-adesk-attrib $-1 -1 $-1 $-1 $2215 256 #
straight-curve $-1 -1 $-1 0.6743547139477255037 1.445017093134181252 0.5 0.8059013527911005337 0.5920498370656598341 0 I I #
point $-1 -1 $-1 0.4049192666738067881 1.247078211277525384 0.5 #
coedge $-1 -1 $-1 $2315 $2223 $2233 $2283 forward $192 $-1 #
coedge $-1 -1 $-1 $2224 $2316 $2317 $2318 forward $81 $-1 #
coedge $-1 -1 $-1 $2319 $2320 $2224 $2272 reversed $2321 $-1 #
edge $2322 -1 $-1 $2323 0 $2277 2.368366308428904166 $2224 $2324 forward @7 unknown #
coedge $-1 -1 $-1 $2325 $2225 $2320 $2326 forward $2275 $-1 #
coedge $-1 -1 $-1 $2225 $2325 $2227 $2280 reversed $2275 $-1 #
loop $-1 -1 $-1 $-1 $2225 $2327 #
color-adesk-attrib $-1 -1 $-1 $-1 $2226 256 #
vertex $-1 -1 $-1 $2272 $2328 #
straight-curve $-1 -1 $-1 0.4289217336874034947 -1.578118768063705879 -0.5 0.990268068741570473 -0.1391731009600643276 0 F 0 F 0.2313812037297106883 #
coedge $-1 -1 $-1 $2228 $2227 $2315 $2329 reversed $2229 $-1 #
edge $2330 -1 $-1 $2231 0 $2331 1 $2227 $2332 forward @7 tangent #
face $2333 -1 $-1 $2235 $2229 $7 $-1 $2334 forward single #
point $-1 -1 $-1 0.658051151447923921 -1.61032080769064212 -0.5 #
edge $2335 -1 $-1 $2239 -0.3343280742001190631 $2285 -0 $2233 $2336 forward @7 unknown #
color-adesk-attrib $-1 -1 $-1 $-1 $2234 256 #
vertex $-1 -1 $-1 $2234 $2337 #
straight-curve $-1 -1 $-1 0.6743547139477248376 -1.674982906865818855 -0.5 0 0 1 I I #
color-adesk-attrib $-1 -1 $-1 $-1 $2235 256 #
plane-surface $-1 -1 $-1 0.4049192666738056778 -1.872921788722474723 -0.5 0.5920498370656586129 -0.8059013527911014219 0 0.8059013527911014219 0.5920498370656586129 0 forward_v I I I I #
color-adesk-attrib $-1 -1 $-1 $-1 $2237 256 #
ellipse-curve $-1 -1 $-1 0.4362979080382854979 -1.915634560420403254 0.5 0 0 -1 -0.03137864136447982011 0.04271277169792853101 0 1 I I #
point $-1 -1 $-1 0.4049192666738056778 -1.872921788722474723 0.5 #
color-adesk-attrib $-1 -1 $-1 $-1 $2247 256 #
face $2338 -1 $-1 $2339 $2340 $7 $-1 $2341 forward single #
loop $-1 -1 $-1 $-1 $2342 $2247 #
plane-surface $-1 -1 $-1 0.6580511514479241431 0.7296791923093577381 -0.5 0.1391731009600644109 0.990268068741570584 0 -0.990268068741570584 0.1391731009600644109 0 forward_v I I I I #
coedge $-1 -1 $-1 $2343 $2344 $2345 $2346 reversed $2248 $-1 #
coedge $-1 -1 $-1 $2347 $2250 $2252 $2302 forward $2202 $-1 #
coedge $-1 -1 $-1 $2250 $2347 $2343 $2348 reversed $2202 $-1 #
coedge $-1 -1 $-1 $2345 $2253 $2250 $2300 forward $81 $-1 #
edge $2349 -1 $-1 $2304 0 $2350 0.3343280742001172867 $2299 $2351 forward @7 unknown #
coedge $-1 -1 $-1 $2252 $2251 $2352 $2353 reversed $2156 $-1 #
edge $2354 -1 $-1 $2304 0 $2355 1 $2297 $2356 forward @7 tangent #
color-adesk-attrib $-1 -1 $-1 $-1 $2254 256 #
vertex $-1 -1 $-1 $2254 $2357 #
ellipse-curve $-1 -1 $-1 0.6530409198133615423 1.084029541834660826 -0.5 0 0 -1 0.0050102316345626563 0.03564965047469659254 0 1 F 0 F 2.368366308428898837 #
coedge $-1 -1 $-1 $2260 $2352 $2255 $2307 forward $192 $-1 #
edge $2358 -1 $-1 $2309 -0.2313812037297111046 $2263 -0 $2255 $2359 forward @7 unknown #
color-adesk-attrib $-1 -1 $-1 $-1 $2256 256 #
vertex $-1 -1 $-1 $2256 $2360 #
straight-curve $-1 -1 $-1 0.6580511514479241431 1.119679192309357418 -0.5 0 0 1 I I #
point $-1 -1 $-1 0.6580511514479241431 1.119679192309357418 -0.5 #
color-adesk-attrib $-1 -1 $-1 $-1 $2261 256 #
ellipse-curve $-1 -1 $-1 0.4362979080382866082 1.204365439579596853 0.5 0 0 -1 -0.03137864136447984786 0.04271277169792853101 0 1 I I #
point $-1 -1 $-1 0.4289217336874032727 1.151881231936293659 0.5 #
coedge $-1 -1 $-1 $2361 $2269 $2279 $2329 forward $192 $-1 #
coedge $-1 -1 $-1 $2270 $2362 $2363 $2364 forward $81 $-1 #
coedge $-1 -1 $-1 $2365 $2366 $2270 $2318 reversed $2367 $-1 #
edge $2368 -1 $-1 $2369 0 $2323 0.3343280742001173422 $2270 $2370 forward @7 unknown #
coedge $-1 -1 $-1 $2371 $2271 $2366 $2372 forward $2321 $-1 #
coedge $-1 -1 $-1 $2271 $2371 $2273 $2326 reversed $2321 $-1 #
loop $-1 -1 $-1 $-1 $2271 $2373 #
color-adesk-attrib $-1 -1 $-1 $-1 $2272 256 #
vertex $-1 -1 $-1 $2318 $2374 #
ellipse-curve $-1 -1 $-1 0.4362979080382869412 -1.525634560420402686 -0.5 0 0 1 -0.03137864136447979235 0.04271277169792853101 0 1 F 0 F 2.368366308428904166 #
coedge $-1 -1 $-1 $2274 $2273 $2361 $2375 reversed $2275 $-1 #
edge $2376 -1 $-1 $2277 0 $2377 1 $2273 $2378 forward @7 tangent #
face $2379 -1 $-1 $2281 $2275 $7 $-1 $2380 forward single #
point $-1 -1 $-1 0.4289217336874034947 -1.578118768063705879 -0.5 #
edge $2381 -1 $-1 $2285 -2.368366308428898837 $2331 -0 $2279 $2382 forward @7 unknown #
color-adesk-attrib $-1 -1 $-1 $-1 $2280 256 #
vertex $-1 -1 $-1 $2280 $2383 #
straight-curve $-1 -1 $-1 0.658051151447923921 -1.61032080769064212 -0.5 0 0 1 I I #
color-adesk-attrib $-1 -1 $-1 $-1 $2281 256 #
cone-surface $-1 -1 $-1 0.6530409198133613202 -1.645970458165338712 -0.5 0 0 1 0.0050102316345626563 0.03564965047469659254 0 1 I I 0 1 0.03600000000000010136 forward I I I I #
color-adesk-attrib $-1 -1 $-1 $-1 $2283 256 #
straight-curve $-1 -1 $-1 0.6743547139477252816 -1.674982906865818855 0.5 0.8059013527911013108 0.5920498370656585019 0 I I #
point $-1 -1 $-1 0.6743547139477248376 -1.674982906865818855 0.5 #
color-adesk-attrib $-1 -1 $-1 $-1 $2293 256 #
face $2384 -1 $-1 $2385 $2386 $7 $-1 $2387 forward single #
loop $-1 -1 $-1 $-1 $2388 $2293 #
cone-surface $-1 -1 $-1 0.6530409198133613202 0.6940295418346611456 -0.5 0 0 1 0.005010231634562767322 0.03564965047469659254 0 1 I I 0 1 0.03600000000000011524 forward I I I I #
coedge $-1 -1 $-1 $2389 $2390 $2391 $2392 reversed $2294 $-1 #
coedge $-1 -1 $-1 $2393 $2296 $2298 $2348 forward $2248 $-1 #
coedge $-1 -1 $-1 $2296 $2393 $2389 $2394 reversed $2248 $-1 #
coedge $-1 -1 $-1 $2391 $2299 $2296 $2346 forward $81 $-1 #
edge $2395 -1 $-1 $2350 0 $2396 2.368366308428904166 $2345 $2397 forward @7 unknown #
coedge $-1 -1 $-1 $2298 $2297 $2398 $2399 reversed $2202 $-1 #
edge $2400 -1 $-1 $2350 0 $2401 1 $2343 $2402 forward @7 tangent #
color-adesk-attrib $-1 -1 $-1 $-1 $2300 256 #
vertex $-1 -1 $-1 $2300 $2403 #
straight-curve $-1 -1 $-1 0.6743547139477255037 1.055017093134180683 -0.5 -0.8059013527911009778 -0.592049837065658946 0 F 0 F 0.3343280742001172867 #
coedge $-1 -1 $-1 $2306 $2398 $2301 $2353 forward $192 $-1 #
edge $2404 -1 $-1 $2355 -2.368366308428898837 $2309 -0 $2301 $2405 forward @7 unknown #
color-adesk-attrib $-1 -1 $-1 $-1 $2302 256 #
vertex $-1 -1 $-1 $2302 $2406 #
straight-curve $-1 -1 $-1 0.6743547139477250596 1.055017093134180683 -0.5 0 0 1 I I #
point $-1 -1 $-1 0.6743547139477250596 1.055017093134180683 -0.5 #
color-adesk-attrib $-1 -1 $-1 $-1 $2307 256 #
straight-curve $-1 -1 $-1 0.4289217336874032727 1.151881231936293659 0.5 -0.990268068741570584 0.1391731009600640778 0 I I #
point $-1 -1 $-1 0.6580511514479241431 1.119679192309357418 0.5 #
coedge $-1 -1 $-1 $2407 $2315 $2325 $2375 forward $192 $-1 #
coedge $-1 -1 $-1 $2316 $2408 $2409 $2410 forward $81 $-1 #
coedge $-1 -1 $-1 $2411 $2412 $2316 $2364 reversed $2413 $-1 #
edge $2414 -1 $-1 $2415 0 $2369 2.368366308428898837 $2316 $2416 forward @7 unknown #
coedge $-1 -1 $-1 $2417 $2317 $2412 $2418 forward $2367 $-1 #
coedge $-1 -1 $-1 $2317 $2417 $2319 $2372 reversed $2367 $-1 #
loop $-1 -1 $-1 $-1 $2317 $2419 #
color-adesk-attrib $-1 -1 $-1 $-1 $2318 256 #
vertex $-1 -1 $-1 $2364 $2420 #
straight-curve $-1 -1 $-1 0.6743547139477252816 -1.284982906865819174 -0.5 -0.8059013527911009778 -0.5920498370656588349 0 F 0 F 0.3343280742001173422 #
coedge $-1 -1 $-1 $2320 $2319 $2407 $2421 reversed $2321 $-1 #
edge $2422 -1 $-1 $2323 0 $2423 1 $2319 $2424 forward @7 tangent #
face $2425 -1 $-1 $2327 $2321 $7 $-1 $2426 forward single #
point $-1 -1 $-1 0.4049192666738071766 -1.482921788722474155 -0.5 #
edge $2427 -1 $-1 $2331 -0.2313812037297106883 $2377 -0 $2325 $2428 forward @7 unknown #
color-adesk-attrib $-1 -1 $-1 $-1 $2326 256 #
vertex $-1 -1 $-1 $2326 $2429 #
straight-curve $-1 -1 $-1 0.4289217336874034947 -1.578118768063705879 -0.5 0 0 1 I I #
color-adesk-attrib $-1 -1 $-1 $-1 $2327 256 #
plane-surface $-1 -1 $-1 0.658051151447923921 -1.61032080769064212 -0.5 0.1391731009600643276 0.990268068741570473 0 -0.990268068741570473 0.1391731009600643276 0 forward_v I I I I #
color-adesk-attrib $-1 -1 $-1 $-1 $2329 256 #
ellipse-curve $-1 -1 $-1 0.6530409198133613202 -1.645970458165338712 0.5 0 0 1 0.0050102316345626563 0.03564965047469659254 0 1 I I #
point $-1 -1 $-1 0.658051151447923921 -1.61032080769064212 0.5 #
color-adesk-attrib $-1 -1 $-1 $-1 $2339 256 #
face $2430 -1 $-1 $2431 $2432 $7 $-1 $2433 forward single #
loop $-1 -1 $-1 $-1 $2434 $2339 #
plane-surface $-1 -1 $-1 0.4049192666738077317 0.4670782112775260231 -0.5 0.5920498370656595011 -0.8059013527911006447 0 0.8059013527911006447 0.5920498370656595011 0 forward_v I I I I #
coedge $-1 -1 $-1 $2435 $2436 $2437 $2438 reversed $2340 $-1 #
coedge $-1 -1 $-1 $2439 $2342 $2344 $2394 forward $2294 $-1 #
coedge $-1 -1 $-1 $2342 $2439 $2435 $2440 reversed $2294 $-1 #
coedge $-1 -1 $-1 $2437 $2345 $2342 $2392 forward $81 $-1 #
edge $2441 -1 $-1 $2396 0 $2442 0.2313812037297105773 $2391 $2443 forward @7 unknown #
coedge $-1 -1 $-1 $2344 $2343 $2444 $2445 reversed $2248 $-1 #
edge $2446 -1 $-1 $2396 0 $2447 1 $2389 $2448 forward @7 tangent #
color-adesk-attrib $-1 -1 $-1 $-1 $2346 256 #
vertex $-1 -1 $-1 $2346 $2449 #
ellipse-curve $-1 -1 $-1 0.4362979080382872188 0.8143654395795971723 -0.5 0 0 1 -0.03137864136447979235 0.04271277169792853101 0 1 F 0 F 2.368366308428904166 #
coedge $-1 -1 $-1 $2352 $2444 $2347 $2399 forward $192 $-1 #
edge $2450 -1 $-1 $2401 -0.3343280742001172867 $2355 -0 $2347 $2451 forward @7 unknown #
color-adesk-attrib $-1 -1 $-1 $-1 $2348 256 #
vertex $-1 -1 $-1 $2348 $2452 #
straight-curve $-1 -1 $-1 0.4049192666738074542 0.8570782112775257033 -0.5 0 0 1 I I #
point $-1 -1 $-1 0.4049192666738074542 0.8570782112775257033 -0.5 #
color-adesk-attrib $-1 -1 $-1 $-1 $2353 256 #
ellipse-curve $-1 -1 $-1 0.6530409198133615423 1.084029541834660826 0.5 0 0 1 0.0050102316345626563 0.03564965047469659254 0 1 I I #
point $-1 -1 $-1 0.6743547139477250596 1.055017093134180683 0.5 #
coedge $-1 -1 $-1 $2453 $2361 $2371 $2421 forward $192 $-1 #
coedge $-1 -1 $-1 $2362 $2454 $2455 $2456 forward $81 $-1 #
coedge $-1 -1 $-1 $2457 $2458 $2362 $2410 reversed $2459 $-1 #
edge $2460 -1 $-1 $2461 0 $2415 0.2313812037297100777 $2362 $2462 forward @7 unknown #
coedge $-1 -1 $-1 $2463 $2363 $2458 $2464 forward $2413 $-1 #
coedge $-1 -1 $-1 $2363 $2463 $2365 $2418 reversed $2413 $-1 #
loop $-1 -1 $-1 $-1 $2363 $2465 #
color-adesk-attrib $-1 -1 $-1 $-1 $2364 256 #
vertex $-1 -1 $-1 $2410 $2466 #
ellipse-curve $-1 -1 $-1 0.6530409198133613202 -1.255970458165339032 -0.5 0 0 -1 0.0050102316345626563 0.03564965047469659254 0 1 F 0 F 2.368366308428898837 #
coedge $-1 -1 $-1 $2366 $2365 $2453 $2467 reversed $2367 $-1 #
edge $2468 -1 $-1 $2369 0 $2469 1 $2365 $2470 forward @7 tangent #
face $2471 -1 $-1 $2373 $2367 $7 $-1 $2472 forward single #
point $-1 -1 $-1 0.6743547139477248376 -1.284982906865819174 -0.5 #
edge $2473 -1 $-1 $2377 -2.368366308428904166 $2423 -0 $2371 $2474 forward @7 unknown #
color-adesk-attrib $-1 -1 $-1 $-1 $2372 256 #
vertex $-1 -1 $-1 $2372 $2475 #
straight-curve $-1 -1 $-1 0.4049192666738071766 -1.482921788722474155 -0.5 0 0 1 I I #
color-adesk-attrib $-1 -1 $-1 $-1 $2373 256 #
cone-surface $-1 -1 $-1 0.4362979080382869412 -1.525634560420402686 -0.5 0 0 1 -0.03137864136447979235 0.04271277169792853101 0 1 I I 0 -1 0.05300000000000006095 forward I I I I #
color-adesk-attrib $-1 -1 $-1 $-1 $2375 256 #
straight-curve $-1 -1 $-1 0.4289217336874034947 -1.578118768063705879 0.5 -0.990268068741570473 0.1391731009600643276 0 I I #
point $-1 -1 $-1 0.4289217336874034947 -1.578118768063705879 0.5 #
color-adesk-attrib $-1 -1 $-1 $-1 $2385 256 #
face $2476 -1 $-1 $2477 $2478 $7 $-1 $2479 forward single #
loop $-1 -1 $-1 $-1 $2480 $2385 #
cone-surface $-1 -1 $-1 0.4362979080382876074 0.4243654395795974921 -0.5 0 0 1 -0.03137864136447984786 0.04271277169792853101 0 1 I I 0 -1 0.05300000000000009565 forward I I I I #
coedge $-1 -1 $-1 $2481 $2482 $2483 $2484 reversed $2386 $-1 #
coedge $-1 -1 $-1 $2485 $2388 $2390 $2440 forward $2340 $-1 #
coedge $-1 -1 $-1 $2388 $2485 $2481 $2486 reversed $2340 $-1 #
coedge $-1 -1 $-1 $2483 $2391 $2388 $2438 forward $81 $-1 #
edge $2487 -1 $-1 $2442 0 $2488 2.368366308428893507 $2437 $2489 forward @7 unknown #
coedge $-1 -1 $-1 $2390 $2389 $2490 $2491 reversed $2294 $-1 #
edge $2492 -1 $-1 $2442 0 $2493 1 $2435 $2494 forward @7 tangent #
color-adesk-attrib $-1 -1 $-1 $-1 $2392 256 #
vertex $-1 -1 $-1 $2392 $2495 #
straight-curve $-1 -1 $-1 0.4289217336874037723 0.7618812319362939789 -0.5 0.990268068741570584 -0.1391731009600644109 0 F 0 F 0.2313812037297105773 #
coedge $-1 -1 $-1 $2398 $2490 $2393 $2445 forward $192 $-1 #
edge $2496 -1 $-1 $2447 -2.368366308428904166 $2401 -0 $2393 $2497 forward @7 unknown #
color-adesk-attrib $-1 -1 $-1 $-1 $2394 256 #
vertex $-1 -1 $-1 $2394 $2498 #
straight-curve $-1 -1 $-1 0.4289217336874037168 0.7618812319362939789 -0.5 0 0 1 I I #
point $-1 -1 $-1 0.4289217336874037168 0.7618812319362939789 -0.5 #
color-adesk-attrib $-1 -1 $-1 $-1 $2399 256 #
straight-curve $-1 -1 $-1 0.6743547139477255037 1.055017093134180683 0.5 0.8059013527911009778 0.592049837065658946 0 I I #
point $-1 -1 $-1 0.4049192666738074542 0.8570782112775257033 0.5 #
coedge $-1 -1 $-1 $2499 $2407 $2417 $2467 forward $192 $-1 #
coedge $-1 -1 $-1 $2408 $2500 $2501 $2502 forward $81 $-1 #
coedge $-1 -1 $-1 $2503 $2504 $2408 $2456 reversed $2505 $-1 #
edge $2506 -1 $-1 $2507 0 $2461 2.368366308428905054 $2408 $2508 forward @7 unknown #
coedge $-1 -1 $-1 $2509 $2409 $2504 $2510 forward $2459 $-1 #
coedge $-1 -1 $-1 $2409 $2509 $2411 $2464 reversed $2459 $-1 #
loop $-1 -1 $-1 $-1 $2409 $2511 #
color-adesk-attrib $-1 -1 $-1 $-1 $2410 256 #
vertex $-1 -1 $-1 $2456 $2512 #
straight-curve $-1 -1 $-1 0.4289217336874041608 -1.188118768063706199 -0.5 0.990268068741570362 -0.1391731009600647162 0 F 0 F 0.2313812037297100777 #
coedge $-1 -1 $-1 $2412 $2411 $2499 $2513 reversed $2413 $-1 #
edge $2514 -1 $-1 $2415 0 $2515 1 $2411 $2516 forward @7 tangent #
face $2517 -1 $-1 $2419 $2413 $7 $-1 $2518 forward single #
point $-1 -1 $-1 0.658051151447923921 -1.22032080769064244 -0.5 #
edge $2519 -1 $-1 $2423 -0.3343280742001173422 $2469 -0 $2417 $2520 forward @7 unknown #
color-adesk-attrib $-1 -1 $-1 $-1 $2418 256 #
vertex $-1 -1 $-1 $2418 $2521 #
straight-curve $-1 -1 $-1 0.6743547139477248376 -1.284982906865819174 -0.5 0 0 1 I I #
color-adesk-attrib $-1 -1 $-1 $-1 $2419 256 #
plane-surface $-1 -1 $-1 0.4049192666738071766 -1.482921788722474155 -0.5 0.592049837065658946 -0.8059013527911010888 0 0.8059013527911010888 0.592049837065658946 0 forward_v I I I I #
color-adesk-attrib $-1 -1 $-1 $-1 $2421 256 #
ellipse-curve $-1 -1 $-1 0.4362979080382869412 -1.525634560420402686 0.5 0 0 -1 -0.03137864136447979235 0.04271277169792853101 0 1 I I #
point $-1 -1 $-1 0.4049192666738071766 -1.482921788722474155 0.5 #
color-adesk-attrib $-1 -1 $-1 $-1 $2431 256 #
face $2522 -1 $-1 $2523 $2524 $7 $-1 $2525 forward single #
loop $-1 -1 $-1 $-1 $2526 $2431 #
plane-surface $-1 -1 $-1 0.6580511514479241431 0.3396791923093580579 -0.5 0.139173100960064744 0.990268068741570473 0 -0.990268068741570473 0.139173100960064744 0 forward_v I I I I #
coedge $-1 -1 $-1 $2527 $2528 $2529 $2530 reversed $2432 $-1 #
coedge $-1 -1 $-1 $2531 $2434 $2436 $2486 forward $2386 $-1 #
coedge $-1 -1 $-1 $2434 $2531 $2527 $2532 reversed $2386 $-1 #
coedge $-1 -1 $-1 $2529 $2437 $2434 $2484 forward $81 $-1 #
edge $2533 -1 $-1 $2488 0 $2534 0.3343280742001170092 $2483 $2535 forward @7 unknown #
coedge $-1 -1 $-1 $2436 $2435 $2536 $2537 reversed $2340 $-1 #
edge $2538 -1 $-1 $2488 0 $2539 1 $2481 $2540 forward @7 tangent #
color-adesk-attrib $-1 -1 $-1 $-1 $2438 256 #
vertex $-1 -1 $-1 $2438 $2541 #
ellipse-curve $-1 -1 $-1 0.6530409198133613202 0.6940295418346611456 -0.5 0 0 -1 0.005010231634562767322 0.03564965047469659254 0 1 F 0 F 2.368366308428893507 #
coedge $-1 -1 $-1 $2444 $2536 $2439 $2491 forward $192 $-1 #
edge $2542 -1 $-1 $2493 -0.2313812037297105773 $2447 -0 $2439 $2543 forward @7 unknown #
color-adesk-attrib $-1 -1 $-1 $-1 $2440 256 #
vertex $-1 -1 $-1 $2440 $2544 #
straight-curve $-1 -1 $-1 0.6580511514479241431 0.7296791923093577381 -0.5 0 0 1 I I #
point $-1 -1 $-1 0.6580511514479241431 0.7296791923093577381 -0.5 #
color-adesk-attrib $-1 -1 $-1 $-1 $2445 256 #
ellipse-curve $-1 -1 $-1 0.4362979080382872188 0.8143654395795971723 0.5 0 0 -1 -0.03137864136447979235 0.04271277169792853101 0 1 I I #
point $-1 -1 $-1 0.4289217336874037168 0.7618812319362939789 0.5 #
coedge $-1 -1 $-1 $2545 $2453 $2463 $2513 forward $192 $-1 #
coedge $-1 -1 $-1 $2454 $2546 $2547 $2548 forward $81 $-1 #
coedge $-1 -1 $-1 $2549 $2550 $2454 $2502 reversed $2551 $-1 #
edge $2552 -1 $-1 $2553 0 $2507 0.3343280742001170092 $2454 $2554 forward @7 unknown #
coedge $-1 -1 $-1 $2555 $2455 $2550 $2556 forward $2505 $-1 #
coedge $-1 -1 $-1 $2455 $2555 $2457 $2510 reversed $2505 $-1 #
loop $-1 -1 $-1 $-1 $2455 $2557 #
color-adesk-attrib $-1 -1 $-1 $-1 $2456 256 #
vertex $-1 -1 $-1 $2502 $2558 #
ellipse-curve $-1 -1 $-1 0.4362979080382874963 -1.135634560420403005 -0.5 0 0 1 -0.03137864136447984786 0.04271277169792853101 0 1 F 0 F 2.368366308428905054 #
coedge $-1 -1 $-1 $2458 $2457 $2545 $2559 reversed $2459 $-1 #
edge $2560 -1 $-1 $2461 0 $2561 1 $2457 $2562 forward @7 tangent #
face $2563 -1 $-1 $2465 $2459 $7 $-1 $2564 forward single #
point $-1 -1 $-1 0.4289217336874040498 -1.188118768063706199 -0.5 #
edge $2565 -1 $-1 $2469 -2.368366308428898837 $2515 -0 $2463 $2566 forward @7 unknown #
color-adesk-attrib $-1 -1 $-1 $-1 $2464 256 #
vertex $-1 -1 $-1 $2464 $2567 #
straight-curve $-1 -1 $-1 0.658051151447923921 -1.22032080769064244 -0.5 0 0 1 I I #
color-adesk-attrib $-1 -1 $-1 $-1 $2465 256 #
cone-surface $-1 -1 $-1 0.6530409198133613202 -1.255970458165339032 -0.5 0 0 1 0.0050102316345626563 0.03564965047469659254 0 1 I I 0 1 0.03600000000000010136 forward I I I I #
color-adesk-attrib $-1 -1 $-1 $-1 $2467 256 #
straight-curve $-1 -1 $-1 0.6743547139477252816 -1.284982906865819174 0.5 0.8059013527911009778 0.5920498370656588349 0 I I #
point $-1 -1 $-1 0.6743547139477248376 -1.284982906865819174 0.5 #
color-adesk-attrib $-1 -1 $-1 $-1 $2477 256 #
face $2568 -1 $-1 $2569 $2570 $7 $-1 $2571 forward single #
loop $-1 -1 $-1 $-1 $2572 $2477 #
cone-surface $-1 -1 $-1 0.6530409198133614312 0.3040295418346614653 -0.5 0 0 1 0.0050102316345626563 0.03564965047469659254 0 1 I I 0 1 0.03600000000000010136 forward I I I I #
coedge $-1 -1 $-1 $2573 $2574 $2575 $2576 reversed $2478 $-1 #
coedge $-1 -1 $-1 $2577 $2480 $2482 $2532 forward $2432 $-1 #
coedge $-1 -1 $-1 $2480 $2577 $2573 $2578 reversed $2432 $-1 #
coedge $-1 -1 $-1 $2575 $2483 $2480 $2530 forward $81 $-1 #
edge $2579 -1 $-1 $2534 0 $2580 2.368366308428905054 $2529 $2581 forward @7 unknown #
coedge $-1 -1 $-1 $2482 $2481 $2582 $2583 reversed $2386 $-1 #
edge $2584 -1 $-1 $2534 0 $2585 1 $2527 $2586 forward @7 tangent #
color-adesk-attrib $-1 -1 $-1 $-1 $2484 256 #
vertex $-1 -1 $-1 $2484 $2587 #
straight-curve $-1 -1 $-1 0.6743547139477255037 0.6650170931341810032 -0.5 -0.8059013527911006447 -0.5920498370656595011 0 F 0 F 0.3343280742001170092 #
coedge $-1 -1 $-1 $2490 $2582 $2485 $2537 forward $192 $-1 #
edge $2588 -1 $-1 $2539 -2.368366308428893507 $2493 -0 $2485 $2589 forward @7 unknown #
color-adesk-attrib $-1 -1 $-1 $-1 $2486 256 #
vertex $-1 -1 $-1 $2486 $2590 #
straight-curve $-1 -1 $-1 0.6743547139477250596 0.6650170931341810032 -0.5 0 0 1 I I #
point $-1 -1 $-1 0.6743547139477250596 0.6650170931341810032 -0.5 #
color-adesk-attrib $-1 -1 $-1 $-1 $2491 256 #
straight-curve $-1 -1 $-1 0.4289217336874037723 0.7618812319362939789 0.5 -0.990268068741570584 0.1391731009600644109 0 I I #
point $-1 -1 $-1 0.6580511514479241431 0.7296791923093577381 0.5 #
coedge $-1 -1 $-1 $2591 $2499 $2509 $2559 forward $192 $-1 #
coedge $-1 -1 $-1 $2500 $2592 $2593 $2594 forward $81 $-1 #
coedge $-1 -1 $-1 $2595 $2596 $2500 $2548 reversed $2597 $-1 #
edge $2598 -1 $-1 $2599 0 $2553 2.368366308428893507 $2500 $2600 forward @7 unknown #
coedge $-1 -1 $-1 $2601 $2501 $2596 $2602 forward $2551 $-1 #
coedge $-1 -1 $-1 $2501 $2601 $2503 $2556 reversed $2551 $-1 #
loop $-1 -1 $-1 $-1 $2501 $2603 #
color-adesk-attrib $-1 -1 $-1 $-1 $2502 256 #
vertex $-1 -1 $-1 $2548 $2604 #
straight-curve $-1 -1 $-1 0.6743547139477253927 -0.8949829068658194942 -0.5 -0.8059013527911006447 -0.5920498370656595011 0 F 0 F 0.3343280742001170092 #
coedge $-1 -1 $-1 $2504 $2503 $2591 $2605 reversed $2505 $-1 #
edge $2606 -1 $-1 $2507 0 $2607 1 $2503 $2608 forward @7 tangent #
face $2609 -1 $-1 $2511 $2505 $7 $-1 $2610 forward single #
point $-1 -1 $-1 0.4049192666738076207 -1.092921788722474474 -0.5 #
edge $2611 -1 $-1 $2515 -0.2313812037297100777 $2561 -0 $2509 $2612 forward @7 unknown #
color-adesk-attrib $-1 -1 $-1 $-1 $2510 256 #
vertex $-1 -1 $-1 $2510 $2613 #
straight-curve $-1 -1 $-1 0.4289217336874040498 -1.188118768063706199 -0.5 0 0 1 I I #
color-adesk-attrib $-1 -1 $-1 $-1 $2511 256 #
plane-surface $-1 -1 $-1 0.658051151447923921 -1.22032080769064244 -0.5 0.139173100960064744 0.990268068741570473 0 -0.990268068741570473 0.139173100960064744 0 forward_v I I I I #
color-adesk-attrib $-1 -1 $-1 $-1 $2513 256 #
ellipse-curve $-1 -1 $-1 0.6530409198133613202 -1.255970458165339032 0.5 0 0 1 0.0050102316345626563 0.03564965047469659254 0 1 I I #
point $-1 -1 $-1 0.658051151447923921 -1.22032080769064244 0.5 #
color-adesk-attrib $-1 -1 $-1 $-1 $2523 256 #
face $2614 -1 $-1 $2615 $2616 $7 $-1 $2617 forward single #
loop $-1 -1 $-1 $-1 $2618 $2523 #
plane-surface $-1 -1 $-1 0.404919266673806677 0.07707821127752545465 -0.5 0.5920498370656598341 -0.8059013527911005337 0 0.8059013527911005337 0.5920498370656598341 0 forward_v I I I I #
coedge $-1 -1 $-1 $2619 $2620 $2621 $2622 reversed $2524 $-1 #
coedge $-1 -1 $-1 $2623 $2526 $2528 $2578 forward $2478 $-1 #
coedge $-1 -1 $-1 $2526 $2623 $2619 $2624 reversed $2478 $-1 #
coedge $-1 -1 $-1 $2621 $2529 $2526 $2576 forward $81 $-1 #
edge $2625 -1 $-1 $2580 0 $2626 0.2313812037297100777 $2575 $2627 forward @7 unknown #
coedge $-1 -1 $-1 $2528 $2527 $2628 $2629 reversed $2432 $-1 #
edge $2630 -1 $-1 $2580 0 $2631 1 $2573 $2632 forward @7 tangent #
color-adesk-attrib $-1 -1 $-1 $-1 $2530 256 #
vertex $-1 -1 $-1 $2530 $2633 #
ellipse-curve $-1 -1 $-1 0.4362979080382876074 0.4243654395795974921 -0.5 0 0 1 -0.03137864136447984786 0.04271277169792853101 0 1 F 0 F 2.368366308428905054 #
coedge $-1 -1 $-1 $2536 $2628 $2531 $2583 forward $192 $-1 #
edge $2634 -1 $-1 $2585 -0.3343280742001170092 $2539 -0 $2531 $2635 forward @7 unknown #
color-adesk-attrib $-1 -1 $-1 $-1 $2532 256 #
vertex $-1 -1 $-1 $2532 $2636 #
straight-curve $-1 -1 $-1 0.4049192666738077317 0.4670782112775260231 -0.5 0 0 1 I I #
point $-1 -1 $-1 0.4049192666738077317 0.4670782112775260231 -0.5 #
color-adesk-attrib $-1 -1 $-1 $-1 $2537 256 #
ellipse-curve $-1 -1 $-1 0.6530409198133613202 0.6940295418346611456 0.5 0 0 1 0.005010231634562767322 0.03564965047469659254 0 1 I I #
point $-1 -1 $-1 0.6743547139477250596 0.6650170931341810032 0.5 #
coedge $-1 -1 $-1 $2637 $2545 $2555 $2605 forward $192 $-1 #
coedge $-1 -1 $-1 $2546 $2638 $2639 $2640 forward $81 $-1 #
coedge $-1 -1 $-1 $2641 $2642 $2546 $2594 reversed $2643 $-1 #
edge $2644 -1 $-1 $2645 0 $2599 0.2313812037297115765 $2546 $2646 forward @7 unknown #
coedge $-1 -1 $-1 $2647 $2547 $2642 $2648 forward $2597 $-1 #
coedge $-1 -1 $-1 $2547 $2647 $2549 $2602 reversed $2597 $-1 #
loop $-1 -1 $-1 $-1 $2547 $2649 #
color-adesk-attrib $-1 -1 $-1 $-1 $2548 256 #
vertex $-1 -1 $-1 $2594 $2650 #
ellipse-curve $-1 -1 $-1 0.6530409198133613202 -0.8659704581653393518 -0.5 0 0 -1 0.005010231634562767322 0.03564965047469659254 0 1 F 0 F 2.368366308428893507 #
coedge $-1 -1 $-1 $2550 $2549 $2637 $2651 reversed $2551 $-1 #
edge $2652 -1 $-1 $2553 0 $2653 1 $2549 $2654 forward @7 tangent #
face $2655 -1 $-1 $2557 $2551 $7 $-1 $2656 forward single #
point $-1 -1 $-1 0.6743547139477248376 -0.8949829068658194942 -0.5 #
edge $2657 -1 $-1 $2561 -2.368366308428905054 $2607 -0 $2555 $2658 forward @7 unknown #
color-adesk-attrib $-1 -1 $-1 $-1 $2556 256 #
vertex $-1 -1 $-1 $2556 $2659 #
straight-curve $-1 -1 $-1 0.4049192666738076207 -1.092921788722474474 -0.5 0 0 1 I I #
color-adesk-attrib $-1 -1 $-1 $-1 $2557 256 #
cone-surface $-1 -1 $-1 0.4362979080382874963 -1.135634560420403005 -0.5 0 0 1 -0.03137864136447984786 0.04271277169792853101 0 1 I I 0 -1 0.05300000000000009565 forward I I I I #
color-adesk-attrib $-1 -1 $-1 $-1 $2559 256 #
straight-curve $-1 -1 $-1 0.4289217336874041608 -1.188118768063706199 0.5 -0.990268068741570362 0.1391731009600647162 0 I I #
point $-1 -1 $-1 0.4289217336874040498 -1.188118768063706199 0.5 #
color-adesk-attrib $-1 -1 $-1 $-1 $2569 256 #
face $2660 -1 $-1 $2661 $2662 $7 $-1 $2663 forward single #
loop $-1 -1 $-1 $-1 $2664 $2569 #
cone-surface $-1 -1 $-1 0.4362979080382864971 0.03436543957959692364 -0.5 0 0 1 -0.03137864136447984786 0.04271277169792853101 0 1 I I 0 -1 0.05300000000000009565 forward I I I I #
coedge $-1 -1 $-1 $2665 $2666 $2667 $2668 reversed $2570 $-1 #
coedge $-1 -1 $-1 $2669 $2572 $2574 $2624 forward $2524 $-1 #
coedge $-1 -1 $-1 $2572 $2669 $2665 $2670 reversed $2524 $-1 #
coedge $-1 -1 $-1 $2667 $2575 $2572 $2622 forward $81 $-1 #
edge $2671 -1 $-1 $2626 0 $2672 2.368366308428898837 $2621 $2673 forward @7 unknown #
coedge $-1 -1 $-1 $2574 $2573 $2674 $2675 reversed $2478 $-1 #
edge $2676 -1 $-1 $2626 0 $2677 1 $2619 $2678 forward @7 tangent #
color-adesk-attrib $-1 -1 $-1 $-1 $2576 256 #
vertex $-1 -1 $-1 $2576 $2679 #
straight-curve $-1 -1 $-1 0.4289217336874042719 0.3718812319362942986 -0.5 0.990268068741570362 -0.1391731009600647162 0 F 0 F 0.2313812037297100777 #
coedge $-1 -1 $-1 $2582 $2674 $2577 $2629 forward $192 $-1 #
edge $2680 -1 $-1 $2631 -2.368366308428905054 $2585 -0 $2577 $2681 forward @7 unknown #
color-adesk-attrib $-1 -1 $-1 $-1 $2578 256 #
vertex $-1 -1 $-1 $2578 $2682 #
straight-curve $-1 -1 $-1 0.4289217336874041608 0.3718812319362942986 -0.5 0 0 1 I I #
point $-1 -1 $-1 0.4289217336874041608 0.3718812319362942986 -0.5 #
color-adesk-attrib $-1 -1 $-1 $-1 $2583 256 #
straight-curve $-1 -1 $-1 0.6743547139477255037 0.6650170931341810032 0.5 0.8059013527911006447 0.5920498370656595011 0 I I #
point $-1 -1 $-1 0.4049192666738077317 0.4670782112775260231 0.5 #
coedge $-1 -1 $-1 $2683 $2591 $2601 $2651 forward $192 $-1 #
coedge $-1 -1 $-1 $2592 $2684 $2685 $2686 forward $81 $-1 #
coedge $-1 -1 $-1 $2687 $2688 $2592 $2640 reversed $2689 $-1 #
edge $2690 -1 $-1 $2691 0 $2645 2.368366308428902833 $2592 $2692 forward @7 unknown #
coedge $-1 -1 $-1 $2693 $2593 $2688 $2694 forward $2643 $-1 #
coedge $-1 -1 $-1 $2593 $2693 $2595 $2648 reversed $2643 $-1 #
loop $-1 -1 $-1 $-1 $2593 $2695 #
color-adesk-attrib $-1 -1 $-1 $-1 $2594 256 #
vertex $-1 -1 $-1 $2640 $2696 #
straight-curve $-1 -1 $-1 0.4289217336874027175 -0.7981187680637065185 -0.5 0.990268068741570473 -0.1391731009600638003 0 F 0 F 0.2313812037297115765 #
coedge $-1 -1 $-1 $2596 $2595 $2683 $2697 reversed $2597 $-1 #
edge $2698 -1 $-1 $2599 0 $2699 1 $2595 $2700 forward @7 tangent #
face $2701 -1 $-1 $2603 $2597 $7 $-1 $2702 forward single #
point $-1 -1 $-1 0.658051151447924032 -0.8303208076906427593 -0.5 #
edge $2703 -1 $-1 $2607 -0.3343280742001170092 $2653 -0 $2601 $2704 forward @7 unknown #
color-adesk-attrib $-1 -1 $-1 $-1 $2602 256 #
vertex $-1 -1 $-1 $2602 $2705 #
straight-curve $-1 -1 $-1 0.6743547139477248376 -0.8949829068658194942 -0.5 0 0 1 I I #
color-adesk-attrib $-1 -1 $-1 $-1 $2603 256 #
plane-surface $-1 -1 $-1 0.4049192666738076207 -1.092921788722474474 -0.5 0.5920498370656595011 -0.8059013527911006447 0 0.8059013527911006447 0.5920498370656595011 0 forward_v I I I I #
color-adesk-attrib $-1 -1 $-1 $-1 $2605 256 #
ellipse-curve $-1 -1 $-1 0.4362979080382874963 -1.135634560420403005 0.5 0 0 -1 -0.03137864136447984786 0.04271277169792853101 0 1 I I #
point $-1 -1 $-1 0.4049192666738076207 -1.092921788722474474 0.5 #
color-adesk-attrib $-1 -1 $-1 $-1 $2615 256 #
face $2706 -1 $-1 $2707 $2708 $7 $-1 $2709 forward single #
loop $-1 -1 $-1 $-1 $2710 $2615 #
plane-surface $-1 -1 $-1 0.6580511514479241431 -0.05032080769064251058 -0.5 0.1391731009600640778 0.990268068741570584 0 -0.990268068741570584 0.1391731009600640778 0 forward_v I I I I #
coedge $-1 -1 $-1 $2711 $2712 $2713 $2714 reversed $2616 $-1 #
coedge $-1 -1 $-1 $2715 $2618 $2620 $2670 forward $2570 $-1 #
coedge $-1 -1 $-1 $2618 $2715 $2711 $2716 reversed $2570 $-1 #
coedge $-1 -1 $-1 $2713 $2621 $2618 $2668 forward $81 $-1 #
edge $2717 -1 $-1 $2672 0 $2718 0.3343280742001182859 $2667 $2719 forward @7 unknown #
coedge $-1 -1 $-1 $2620 $2619 $2720 $2721 reversed $2524 $-1 #
edge $2722 -1 $-1 $2672 0 $2723 1 $2665 $2724 forward @7 tangent #
color-adesk-attrib $-1 -1 $-1 $-1 $2622 256 #
vertex $-1 -1 $-1 $2622 $2725 #
ellipse-curve $-1 -1 $-1 0.6530409198133614312 0.3040295418346614653 -0.5 0 0 -1 0.0050102316345626563 0.03564965047469659254 0 1 F 0 F 2.368366308428898837 #
coedge $-1 -1 $-1 $2628 $2720 $2623 $2675 forward $192 $-1 #
edge $2726 -1 $-1 $2677 -0.2313812037297100777 $2631 -0 $2623 $2727 forward @7 unknown #
color-adesk-attrib $-1 -1 $-1 $-1 $2624 256 #
vertex $-1 -1 $-1 $2624 $2728 #
straight-curve $-1 -1 $-1 0.6580511514479241431 0.3396791923093580579 -0.5 0 0 1 I I #
point $-1 -1 $-1 0.6580511514479241431 0.3396791923093580579 -0.5 #
color-adesk-attrib $-1 -1 $-1 $-1 $2629 256 #
ellipse-curve $-1 -1 $-1 0.4362979080382876074 0.4243654395795974921 0.5 0 0 -1 -0.03137864136447984786 0.04271277169792853101 0 1 I I #
point $-1 -1 $-1 0.4289217336874041608 0.3718812319362942986 0.5 #
coedge $-1 -1 $-1 $2729 $2637 $2647 $2697 forward $192 $-1 #
coedge $-1 -1 $-1 $2638 $2730 $2731 $2732 forward $81 $-1 #
coedge $-1 -1 $-1 $2733 $2734 $2638 $2686 reversed $2735 $-1 #
edge $2736 -1 $-1 $2737 0 $2691 0.334328074200118619 $2638 $2738 forward @7 unknown #
coedge $-1 -1 $-1 $2739 $2639 $2734 $2740 forward $2689 $-1 #
coedge $-1 -1 $-1 $2639 $2739 $2641 $2694 reversed $2689 $-1 #
loop $-1 -1 $-1 $-1 $2639 $2741 #
color-adesk-attrib $-1 -1 $-1 $-1 $2640 256 #
vertex $-1 -1 $-1 $2686 $2742 #
ellipse-curve $-1 -1 $-1 0.4362979080382861641 -0.7456345604204033251 -0.5 0 0 1 -0.03137864136447984786 0.04271277169792853101 0 1 F 0 F 2.368366308428902833 #
coedge $-1 -1 $-1 $2642 $2641 $2729 $2743 reversed $2643 $-1 #
edge $2744 -1 $-1 $2645 0 $2745 1 $2641 $2746 forward @7 tangent #
face $2747 -1 $-1 $2649 $2643 $7 $-1 $2748 forward single #
point $-1 -1 $-1 0.4289217336874026065 -0.7981187680637065185 -0.5 #
edge $2749 -1 $-1 $2653 -2.368366308428893507 $2699 -0 $2647 $2750 forward @7 unknown #
color-adesk-attrib $-1 -1 $-1 $-1 $2648 256 #
vertex $-1 -1 $-1 $2648 $2751 #
straight-curve $-1 -1 $-1 0.658051151447924032 -0.8303208076906427593 -0.5 0 0 1 I I #
color-adesk-attrib $-1 -1 $-1 $-1 $2649 256 #
cone-surface $-1 -1 $-1 0.6530409198133613202 -0.8659704581653393518 -0.5 0 0 1 0.005010231634562767322 0.03564965047469659254 0 1 I I 0 1 0.03600000000000011524 forward I I I I #
color-adesk-attrib $-1 -1 $-1 $-1 $2651 256 #
straight-curve $-1 -1 $-1 0.6743547139477253927 -0.8949829068658194942 0.5 0.8059013527911006447 0.5920498370656595011 0 I I #
point $-1 -1 $-1 0.6743547139477248376 -0.8949829068658194942 0.5 #
color-adesk-attrib $-1 -1 $-1 $-1 $2661 256 #
face $2752 -1 $-1 $2753 $2754 $7 $-1 $2755 forward single #
loop $-1 -1 $-1 $-1 $2756 $2661 #
cone-surface $-1 -1 $-1 0.6530409198133614312 -0.08597045816533910312 -0.5 0 0 1 0.0050102316345626563 0.03564965047469659254 0 1 I I 0 1 0.03600000000000010136 forward I I I I #
coedge $-1 -1 $-1 $2757 $2758 $2759 $2760 reversed $2662 $-1 #
coedge $-1 -1 $-1 $2761 $2664 $2666 $2716 forward $2616 $-1 #
coedge $-1 -1 $-1 $2664 $2761 $2757 $2762 reversed $2616 $-1 #
coedge $-1 -1 $-1 $2759 $2667 $2664 $2714 forward $81 $-1 #
edge $2763 -1 $-1 $2718 0 $2764 2.368366308428905498 $2713 $2765 forward @7 unknown #
coedge $-1 -1 $-1 $2666 $2665 $2766 $2767 reversed $2570 $-1 #
edge $2768 -1 $-1 $2718 0 $2769 1 $2711 $2770 forward @7 tangent #
color-adesk-attrib $-1 -1 $-1 $-1 $2668 256 #
vertex $-1 -1 $-1 $2668 $2771 #
straight-curve $-1 -1 $-1 0.6743547139477255037 0.275017093134181323 -0.5 -0.8059013527911005337 -0.5920498370656598341 0 F 0 F 0.3343280742001182859 #
coedge $-1 -1 $-1 $2674 $2766 $2669 $2721 forward $192 $-1 #
edge $2772 -1 $-1 $2723 -2.368366308428898837 $2677 -0 $2669 $2773 forward @7 unknown #
color-adesk-attrib $-1 -1 $-1 $-1 $2670 256 #
vertex $-1 -1 $-1 $2670 $2774 #
straight-curve $-1 -1 $-1 0.6743547139477250596 0.275017093134181323 -0.5 0 0 1 I I #
point $-1 -1 $-1 0.6743547139477250596 0.275017093134181323 -0.5 #
color-adesk-attrib $-1 -1 $-1 $-1 $2675 256 #
straight-curve $-1 -1 $-1 0.4289217336874042719 0.3718812319362942986 0.5 -0.990268068741570362 0.1391731009600647162 0 I I #
point $-1 -1 $-1 0.6580511514479241431 0.3396791923093580579 0.5 #
coedge $-1 -1 $-1 $2775 $2683 $2693 $2743 forward $192 $-1 #
coedge $-1 -1 $-1 $2684 $2776 $2777 $2778 forward $81 $-1 #
coedge $-1 -1 $-1 $2779 $2780 $2684 $2732 reversed $2781 $-1 #
edge $2782 -1 $-1 $2783 0 $2737 2.368366308428898837 $2684 $2784 forward @7 unknown #
coedge $-1 -1 $-1 $2785 $2685 $2780 $2786 forward $2735 $-1 #
coedge $-1 -1 $-1 $2685 $2785 $2687 $2740 reversed $2735 $-1 #
loop $-1 -1 $-1 $-1 $2685 $2787 #
color-adesk-attrib $-1 -1 $-1 $-1 $2686 256 #
vertex $-1 -1 $-1 $2732 $2788 #
straight-curve $-1 -1 $-1 0.6743547139477255037 -0.5049829068658189257 -0.5 -0.8059013527911007557 -0.592049837065659279 0 F 0 F 0.334328074200118619 #
coedge $-1 -1 $-1 $2688 $2687 $2775 $2789 reversed $2689 $-1 #
edge $2790 -1 $-1 $2691 0 $2791 1 $2687 $2792 forward @7 tangent #
face $2793 -1 $-1 $2695 $2689 $7 $-1 $2794 forward single #
point $-1 -1 $-1 0.404919266673806344 -0.702921788722474794 -0.5 #
edge $2795 -1 $-1 $2699 -0.2313812037297115765 $2745 -0 $2693 $2796 forward @7 unknown #
color-adesk-attrib $-1 -1 $-1 $-1 $2694 256 #
vertex $-1 -1 $-1 $2694 $2797 #
straight-curve $-1 -1 $-1 0.4289217336874026065 -0.7981187680637065185 -0.5 0 0 1 I I #
color-adesk-attrib $-1 -1 $-1 $-1 $2695 256 #
plane-surface $-1 -1 $-1 0.658051151447924032 -0.8303208076906427593 -0.5 0.139173100960063828 0.990268068741570584 0 -0.990268068741570584 0.139173100960063828 0 forward_v I I I I #
color-adesk-attrib $-1 -1 $-1 $-1 $2697 256 #
ellipse-curve $-1 -1 $-1 0.6530409198133613202 -0.8659704581653393518 0.5 0 0 1 0.005010231634562767322 0.03564965047469659254 0 1 I I #
point $-1 -1 $-1 0.658051151447924032 -0.8303208076906427593 0.5 #
color-adesk-attrib $-1 -1 $-1 $-1 $2707 256 #
face $2798 -1 $-1 $2799 $2800 $7 $-1 $2801 forward single #
loop $-1 -1 $-1 $-1 $2802 $2707 #
plane-surface $-1 -1 $-1 0.4049192666738073432 -0.3129217887224742256 -0.5 0.592049837065658946 -0.8059013527911009778 0 0.8059013527911009778 0.592049837065658946 0 forward_v I I I I #
coedge $-1 -1 $-1 $2803 $2804 $2805 $2806 reversed $2708 $-1 #
coedge $-1 -1 $-1 $2807 $2710 $2712 $2762 forward $2662 $-1 #
coedge $-1 -1 $-1 $2710 $2807 $2803 $2808 reversed $2662 $-1 #
coedge $-1 -1 $-1 $2805 $2713 $2710 $2760 forward $81 $-1 #
edge $2809 -1 $-1 $2764 0 $2810 0.2313812037297111046 $2759 $2811 forward @7 unknown #
coedge $-1 -1 $-1 $2712 $2711 $2812 $2813 reversed $2616 $-1 #
edge $2814 -1 $-1 $2764 0 $2815 1 $2757 $2816 forward @7 tangent #
color-adesk-attrib $-1 -1 $-1 $-1 $2714 256 #
vertex $-1 -1 $-1 $2714 $2817 #
ellipse-curve $-1 -1 $-1 0.4362979080382864971 0.03436543957959692364 -0.5 0 0 1 -0.03137864136447984786 0.04271277169792853101 0 1 F 0 F 2.368366308428905498 #
coedge $-1 -1 $-1 $2720 $2812 $2715 $2767 forward $192 $-1 #
edge $2818 -1 $-1 $2769 -0.3343280742001182859 $2723 -0 $2715 $2819 forward @7 unknown #
color-adesk-attrib $-1 -1 $-1 $-1 $2716 256 #
vertex $-1 -1 $-1 $2716 $2820 #
straight-curve $-1 -1 $-1 0.404919266673806677 0.07707821127752545465 -0.5 0 0 1 I I #
point $-1 -1 $-1 0.404919266673806677 0.07707821127752545465 -0.5 #
color-adesk-attrib $-1 -1 $-1 $-1 $2721 256 #
ellipse-curve $-1 -1 $-1 0.6530409198133614312 0.3040295418346614653 0.5 0 0 1 0.0050102316345626563 0.03564965047469659254 0 1 I I #
point $-1 -1 $-1 0.6743547139477250596 0.275017093134181323 0.5 #
coedge $-1 -1 $-1 $2821 $2729 $2739 $2789 forward $192 $-1 #
coedge $-1 -1 $-1 $2730 $2822 $2823 $2824 forward $81 $-1 #
coedge $-1 -1 $-1 $2825 $2826 $2730 $2778 reversed $2827 $-1 #
edge $2828 -1 $-1 $2829 0 $2783 0.2313812037297106605 $2730 $2830 forward @7 unknown #
coedge $-1 -1 $-1 $2831 $2731 $2826 $2832 forward $2781 $-1 #
coedge $-1 -1 $-1 $2731 $2831 $2733 $2786 reversed $2781 $-1 #
loop $-1 -1 $-1 $-1 $2731 $2833 #
color-adesk-attrib $-1 -1 $-1 $-1 $2732 256 #
vertex $-1 -1 $-1 $2778 $2834 #
ellipse-curve $-1 -1 $-1 0.6530409198133614312 -0.4759704581653387834 -0.5 0 0 -1 0.0050102316345626563 0.03564965047469659254 0 1 F 0 F 2.368366308428898837 #
coedge $-1 -1 $-1 $2734 $2733 $2821 $2835 reversed $2735 $-1 #
edge $2836 -1 $-1 $2737 0 $2837 1 $2733 $2838 forward @7 tangent #
face $2839 -1 $-1 $2741 $2735 $7 $-1 $2840 forward single #
point $-1 -1 $-1 0.6743547139477250596 -0.5049829068658189257 -0.5 #
edge $2841 -1 $-1 $2745 -2.368366308428902833 $2791 -0 $2739 $2842 forward @7 unknown #
color-adesk-attrib $-1 -1 $-1 $-1 $2740 256 #
vertex $-1 -1 $-1 $2740 $2843 #
straight-curve $-1 -1 $-1 0.404919266673806344 -0.702921788722474794 -0.5 0 0 1 I I #
color-adesk-attrib $-1 -1 $-1 $-1 $2741 256 #
cone-surface $-1 -1 $-1 0.4362979080382861641 -0.7456345604204033251 -0.5 0 0 1 -0.03137864136447984786 0.04271277169792853101 0 1 I I 0 -1 0.05300000000000009565 forward I I I I #
color-adesk-attrib $-1 -1 $-1 $-1 $2743 256 #
straight-curve $-1 -1 $-1 0.4289217336874027175 -0.7981187680637065185 0.5 -0.990268068741570473 0.1391731009600638003 0 I I #
point $-1 -1 $-1 0.4289217336874026065 -0.7981187680637065185 0.5 #
color-adesk-attrib $-1 -1 $-1 $-1 $2753 256 #
face $2844 -1 $-1 $2833 $2827 $7 $-1 $2845 forward single #
loop $-1 -1 $-1 $-1 $2823 $2753 #
cone-surface $-1 -1 $-1 0.4362979080382871078 -0.3556345604204027566 -0.5 0 0 1 -0.03137864136447979235 0.04271277169792853101 0 1 I I 0 -1 0.05300000000000006095 forward I I I I #
coedge $-1 -1 $-1 $2846 $2847 $2822 $2848 reversed $2754 $-1 #
coedge $-1 -1 $-1 $2849 $2756 $2758 $2808 forward $2708 $-1 #
coedge $-1 -1 $-1 $2756 $2849 $2846 $2850 reversed $2708 $-1 #
coedge $-1 -1 $-1 $2822 $2759 $2756 $2806 forward $81 $-1 #
edge $2851 -1 $-1 $2810 0 $2852 2.368366308428898837 $2805 $2853 forward @7 unknown #
coedge $-1 -1 $-1 $2758 $2757 $2854 $2855 reversed $2662 $-1 #
edge $2856 -1 $-1 $2810 0 $2857 1 $2803 $2858 forward @7 tangent #
color-adesk-attrib $-1 -1 $-1 $-1 $2760 256 #
vertex $-1 -1 $-1 $2760 $2859 #
straight-curve $-1 -1 $-1 0.4289217336874031616 -0.0181187680637062698 -0.5 0.990268068741570584 -0.1391731009600640778 0 F 0 F 0.2313812037297111046 #
coedge $-1 -1 $-1 $2766 $2854 $2761 $2813 forward $192 $-1 #
edge $2860 -1 $-1 $2815 -2.368366308428905498 $2769 -0 $2761 $2861 forward @7 unknown #
color-adesk-attrib $-1 -1 $-1 $-1 $2762 256 #
vertex $-1 -1 $-1 $2762 $2862 #
straight-curve $-1 -1 $-1 0.4289217336874031616 -0.0181187680637062698 -0.5 0 0 1 I I #
point $-1 -1 $-1 0.4289217336874031616 -0.0181187680637062698 -0.5 #
color-adesk-attrib $-1 -1 $-1 $-1 $2767 256 #
straight-curve $-1 -1 $-1 0.6743547139477255037 0.275017093134181323 0.5 0.8059013527911005337 0.5920498370656598341 0 I I #
point $-1 -1 $-1 0.404919266673806677 0.07707821127752545465 0.5 #
coedge $-1 -1 $-1 $2863 $2775 $2785 $2835 forward $192 $-1 #
coedge $-1 -1 $-1 $2776 $2805 $2802 $2848 forward $81 $-1 #
coedge $-1 -1 $-1 $2864 $2865 $2776 $2824 reversed $2800 $-1 #
edge $2866 -1 $-1 $2867 0 $2829 2.368366308428904166 $2776 $2868 forward @7 unknown #
coedge $-1 -1 $-1 $2869 $2777 $2865 $2870 forward $2827 $-1 #
coedge $-1 -1 $-1 $2777 $2869 $2779 $2832 reversed $2827 $-1 #
loop $-1 -1 $-1 $-1 $2777 $2799 #
color-adesk-attrib $-1 -1 $-1 $-1 $2778 256 #
vertex $-1 -1 $-1 $2824 $2871 #
straight-curve $-1 -1 $-1 0.4289217336874036612 -0.4081187680637059501 -0.5 0.990268068741570473 -0.1391731009600643554 0 F 0 F 0.2313812037297106605 #
coedge $-1 -1 $-1 $2780 $2779 $2863 $2872 reversed $2781 $-1 #
edge $2873 -1 $-1 $2783 0 $2874 1 $2779 $2875 forward @7 tangent #
face $2876 -1 $-1 $2787 $2781 $7 $-1 $2877 forward single #
point $-1 -1 $-1 0.6580511514479241431 -0.4403208076906421908 -0.5 #
edge $2878 -1 $-1 $2791 -0.334328074200118619 $2837 -0 $2785 $2879 forward @7 unknown #
color-adesk-attrib $-1 -1 $-1 $-1 $2786 256 #
vertex $-1 -1 $-1 $2786 $2880 #
straight-curve $-1 -1 $-1 0.6743547139477250596 -0.5049829068658189257 -0.5 0 0 1 I I #
color-adesk-attrib $-1 -1 $-1 $-1 $2787 256 #
plane-surface $-1 -1 $-1 0.404919266673806344 -0.702921788722474794 -0.5 0.5920498370656593901 -0.8059013527911008667 0 0.8059013527911008667 0.5920498370656593901 0 forward_v I I I I #
color-adesk-attrib $-1 -1 $-1 $-1 $2789 256 #
ellipse-curve $-1 -1 $-1 0.4362979080382861641 -0.7456345604204033251 0.5 0 0 -1 -0.03137864136447984786 0.04271277169792853101 0 1 I I #
point $-1 -1 $-1 0.404919266673806344 -0.702921788722474794 0.5 #
color-adesk-attrib $-1 -1 $-1 $-1 $2799 256 #
plane-surface $-1 -1 $-1 0.6580511514479241431 -0.4403208076906421908 -0.5 0.1391731009600643554 0.990268068741570473 0 -0.990268068741570473 0.1391731009600643554 0 forward_v I I I I #
coedge $-1 -1 $-1 $2881 $2802 $2804 $2850 forward $2754 $-1 #
coedge $-1 -1 $-1 $2802 $2881 $2864 $2882 reversed $2754 $-1 #
edge $2883 -1 $-1 $2852 0 $2867 0.3343280742001172867 $2822 $2884 forward @7 unknown #
coedge $-1 -1 $-1 $2804 $2803 $2885 $2886 reversed $2708 $-1 #
edge $2887 -1 $-1 $2852 0 $2888 1 $2846 $2889 forward @7 tangent #
color-adesk-attrib $-1 -1 $-1 $-1 $2806 256 #
vertex $-1 -1 $-1 $2806 $2890 #
ellipse-curve $-1 -1 $-1 0.6530409198133614312 -0.08597045816533910312 -0.5 0 0 -1 0.0050102316345626563 0.03564965047469659254 0 1 F 0 F 2.368366308428898837 #
coedge $-1 -1 $-1 $2812 $2885 $2807 $2855 forward $192 $-1 #
edge $2891 -1 $-1 $2857 -0.2313812037297111046 $2815 -0 $2807 $2892 forward @7 unknown #
color-adesk-attrib $-1 -1 $-1 $-1 $2808 256 #
vertex $-1 -1 $-1 $2808 $2893 #
straight-curve $-1 -1 $-1 0.6580511514479241431 -0.05032080769064251058 -0.5 0 0 1 I I #
point $-1 -1 $-1 0.6580511514479241431 -0.05032080769064251058 -0.5 #
color-adesk-attrib $-1 -1 $-1 $-1 $2813 256 #
ellipse-curve $-1 -1 $-1 0.4362979080382864971 0.03436543957959692364 0.5 0 0 -1 -0.03137864136447984786 0.04271277169792853101 0 1 I I #
point $-1 -1 $-1 0.4289217336874031616 -0.0181187680637062698 0.5 #
coedge $-1 -1 $-1 $2894 $2821 $2831 $2872 forward $192 $-1 #
coedge $-1 -1 $-1 $2895 $2823 $2847 $2882 forward $2800 $-1 #
coedge $-1 -1 $-1 $2823 $2895 $2825 $2870 reversed $2800 $-1 #
color-adesk-attrib $-1 -1 $-1 $-1 $2824 256 #
vertex $-1 -1 $-1 $2848 $2896 #
ellipse-curve $-1 -1 $-1 0.4362979080382871078 -0.3556345604204027566 -0.5 0 0 1 -0.03137864136447979235 0.04271277169792853101 0 1 F 0 F 2.368366308428904166 #
coedge $-1 -1 $-1 $2826 $2825 $2894 $2897 reversed $2827 $-1 #
edge $2898 -1 $-1 $2829 0 $2899 1 $2825 $2900 forward @7 tangent #
point $-1 -1 $-1 0.4289217336874036057 -0.4081187680637059501 -0.5 #
edge $2901 -1 $-1 $2837 -2.368366308428898837 $2874 -0 $2831 $2902 forward @7 unknown #
color-adesk-attrib $-1 -1 $-1 $-1 $2832 256 #
vertex $-1 -1 $-1 $2832 $2903 #
straight-curve $-1 -1 $-1 0.6580511514479241431 -0.4403208076906421908 -0.5 0 0 1 I I #
color-adesk-attrib $-1 -1 $-1 $-1 $2833 256 #
cone-surface $-1 -1 $-1 0.6530409198133614312 -0.4759704581653387834 -0.5 0 0 1 0.0050102316345626563 0.03564965047469659254 0 1 I I 0 1 0.03600000000000010136 forward I I I I #
color-adesk-attrib $-1 -1 $-1 $-1 $2835 256 #
straight-curve $-1 -1 $-1 0.6743547139477255037 -0.5049829068658189257 0.5 0.8059013527911007557 0.592049837065659279 0 I I #
point $-1 -1 $-1 0.6743547139477250596 -0.5049829068658189257 0.5 #
coedge $-1 -1 $-1 $2847 $2846 $2904 $2905 reversed $2754 $-1 #
edge $2906 -1 $-1 $2867 0 $2907 1 $2864 $2908 forward @7 tangent #
color-adesk-attrib $-1 -1 $-1 $-1 $2848 256 #
straight-curve $-1 -1 $-1 0.6743547139477255037 -0.1149829068658192455 -0.5 -0.8059013527911009778 -0.592049837065658946 0 F 0 F 0.3343280742001172867 #
coedge $-1 -1 $-1 $2854 $2904 $2849 $2886 forward $192 $-1 #
edge $2909 -1 $-1 $2888 -2.368366308428898837 $2857 -0 $2849 $2910 forward @7 unknown #
color-adesk-attrib $-1 -1 $-1 $-1 $2850 256 #
vertex $-1 -1 $-1 $2850 $2911 #
straight-curve $-1 -1 $-1 0.6743547139477250596 -0.1149829068658192455 -0.5 0 0 1 I I #
point $-1 -1 $-1 0.6743547139477250596 -0.1149829068658192455 -0.5 #
color-adesk-attrib $-1 -1 $-1 $-1 $2855 256 #
straight-curve $-1 -1 $-1 0.4289217336874031616 -0.0181187680637062698 0.5 -0.990268068741570584 0.1391731009600640778 0 I I #
point $-1 -1 $-1 0.6580511514479241431 -0.05032080769064251058 0.5 #
coedge $-1 -1 $-1 $2912 $2863 $2869 $2897 forward $192 $-1 #
coedge $-1 -1 $-1 $2865 $2864 $2912 $2913 reversed $2800 $-1 #
point $-1 -1 $-1 0.4049192666738073432 -0.3129217887224742256 -0.5 #
edge $2914 -1 $-1 $2874 -0.2313812037297106605 $2899 -0 $2869 $2915 forward @7 unknown #
color-adesk-attrib $-1 -1 $-1 $-1 $2870 256 #
vertex $-1 -1 $-1 $2870 $2916 #
straight-curve $-1 -1 $-1 0.4289217336874036057 -0.4081187680637059501 -0.5 0 0 1 I I #
color-adesk-attrib $-1 -1 $-1 $-1 $2872 256 #
ellipse-curve $-1 -1 $-1 0.6530409198133614312 -0.4759704581653387834 0.5 0 0 1 0.0050102316345626563 0.03564965047469659254 0 1 I I #
point $-1 -1 $-1 0.6580511514479241431 -0.4403208076906421908 0.5 #
coedge $-1 -1 $-1 $2885 $2912 $2881 $2905 forward $192 $-1 #
edge $2917 -1 $-1 $2907 -0.3343280742001172867 $2888 -0 $2881 $2918 forward @7 unknown #
color-adesk-attrib $-1 -1 $-1 $-1 $2882 256 #
vertex $-1 -1 $-1 $2882 $2919 #
straight-curve $-1 -1 $-1 0.4049192666738073432 -0.3129217887224742256 -0.5 0 0 1 I I #
color-adesk-attrib $-1 -1 $-1 $-1 $2886 256 #
ellipse-curve $-1 -1 $-1 0.6530409198133614312 -0.08597045816533910312 0.5 0 0 1 0.0050102316345626563 0.03564965047469659254 0 1 I I #
point $-1 -1 $-1 0.6743547139477250596 -0.1149829068658192455 0.5 #
coedge $-1 -1 $-1 $2904 $2894 $2895 $2913 forward $192 $-1 #
edge $2920 -1 $-1 $2899 -2.368366308428904166 $2907 -0 $2895 $2921 forward @7 unknown #
color-adesk-attrib $-1 -1 $-1 $-1 $2897 256 #
straight-curve $-1 -1 $-1 0.4289217336874036612 -0.4081187680637059501 0.5 -0.990268068741570473 0.1391731009600643554 0 I I #
point $-1 -1 $-1 0.4289217336874036057 -0.4081187680637059501 0.5 #
color-adesk-attrib $-1 -1 $-1 $-1 $2905 256 #
straight-curve $-1 -1 $-1 0.6743547139477255037 -0.1149829068658192455 0.5 0.8059013527911009778 0.592049837065658946 0 I I #
point $-1 -1 $-1 0.4049192666738073432 -0.3129217887224742256 0.5 #
color-adesk-attrib $-1 -1 $-1 $-1 $2913 256 #
ellipse-curve $-1 -1 $-1 0.4362979080382871078 -0.3556345604204027566 0.5 0 0 -1 -0.03137864136447979235 0.04271277169792853101 0 1 I I #
