700 2945 2 0        
16 Autodesk AutoCAD 20 ASM 230.7.0.65535 NT 24 Sun Sep  7 08:12:24 2025 
1 9.999999999999999547e-07 1.000000000000000036e-10 
body $-1 -1 $-1 $2 $-1 $3 #
body $-1 -1 $-1 $4 $-1 $5 #
lump $-1 -1 $-1 $-1 $6 $0 #
transform $-1 -1 1 0 0 0 1 0 0 0 1 190.5 15.87000000000000099 0.5 1 no_rotate no_reflect no_shear #
lump $-1 -1 $-1 $-1 $7 $1 #
transform $-1 -1 1 0 0 0 1 0 0 0 1 -0.2999999999999999889 15.36999999999999922 0.5 1 no_rotate no_reflect no_shear #
shell $-1 -1 $-1 $-1 $-1 $8 $-1 $2 #
shell $-1 -1 $-1 $-1 $-1 $9 $-1 $4 #
face $10 -1 $-1 $11 $12 $6 $-1 $13 forward single #
face $14 -1 $-1 $15 $16 $7 $-1 $17 forward single #
color-adesk-attrib $-1 -1 $-1 $-1 $8 256 #
face $18 -1 $-1 $19 $20 $6 $-1 $21 reversed single #
loop $-1 -1 $-1 $-1 $22 $8 #
plane-surface $-1 -1 $-1 0 0 0.5 0 0 1 1 0 0 forward_v I I I I #
color-adesk-attrib $-1 -1 $-1 $-1 $9 256 #
face $23 -1 $-1 $24 $25 $7 $-1 $26 forward single #
loop $-1 -1 $-1 $-1 $27 $9 #
plane-surface $-1 -1 $-1 0.3000000000000018763 16.43000000000000682 -0.5 -1 5.236901059552614167e-17 0 -5.236901059552614167e-17 -1 -0 forward_v I I I I #
color-adesk-attrib $-1 -1 $-1 $-1 $11 256 #
face $28 -1 $-1 $29 $30 $6 $-1 $31 reversed single #
loop $-1 -1 $-1 $-1 $32 $11 #
plane-surface $-1 -1 $-1 0 0 -0.5 0 0 1 1 0 0 forward_v I I I I #
coedge $-1 -1 $-1 $33 $34 $35 $36 forward $12 $-1 #
color-adesk-attrib $-1 -1 $-1 $-1 $15 256 #
face $37 -1 $-1 $38 $39 $7 $-1 $40 forward single #
loop $-1 -1 $-1 $-1 $41 $15 #
cone-surface $-1 -1 $-1 0.3795475401846587493 -14.30489138437139118 -0.5 0 0 1 -0.03770429401643508871 0.0372476336526523788 0 1 I I 0 -1 0.05299999999999985972 forward I I I I #
coedge $-1 -1 $-1 $42 $43 $44 $45 reversed $16 $-1 #
color-adesk-attrib $-1 -1 $-1 $-1 $19 256 #
face $46 -1 $-1 $47 $48 $6 $-1 $49 reversed single #
loop $-1 -1 $-1 $-1 $50 $19 #
plane-surface $-1 -1 $-1 0 -0.5000000000000008882 0 0 1 -0 -0 0 1 forward_v I I I I #
coedge $-1 -1 $-1 $51 $52 $53 $54 forward $20 $-1 #
coedge $-1 -1 $-1 $55 $22 $56 $57 forward $12 $-1 #
coedge $-1 -1 $-1 $22 $55 $58 $59 forward $12 $-1 #
coedge $-1 -1 $-1 $60 $61 $22 $36 reversed $62 $-1 #
edge $63 -1 $-1 $64 -0.5000000000000008882 $65 0.5000000000000008882 $35 $66 forward @7 unknown #
color-adesk-attrib $-1 -1 $-1 $-1 $24 256 #
face $67 -1 $-1 $68 $69 $7 $-1 $70 forward single #
loop $-1 -1 $-1 $-1 $71 $24 #
plane-surface $-1 -1 $-1 0.3418432461682256451 15.41235624928126136 -0.5 0.7114017738950052516 -0.7027855406160828933 0 0.7027855406160828933 0.7114017738950052516 0 forward_v I I I I #
coedge $-1 -1 $-1 $72 $73 $74 $75 reversed $25 $-1 #
coedge $-1 -1 $-1 $76 $27 $77 $78 reversed $16 $-1 #
coedge $-1 -1 $-1 $27 $76 $79 $80 reversed $16 $-1 #
coedge $-1 -1 $-1 $81 $82 $27 $45 forward $83 $-1 #
edge $84 -1 $-1 $85 -0.5 $86 0.5 $44 $87 forward @7 unknown #
color-adesk-attrib $-1 -1 $-1 $-1 $29 256 #
face $88 -1 $-1 $89 $90 $6 $-1 $91 reversed single #
loop $-1 -1 $-1 $-1 $92 $29 #
plane-surface $-1 -1 $-1 -0.5 0 0 1 0 0 0 0 -1 forward_v I I I I #
coedge $-1 -1 $-1 $93 $58 $94 $95 forward $30 $-1 #
coedge $-1 -1 $-1 $96 $32 $93 $97 forward $20 $-1 #
coedge $-1 -1 $-1 $32 $96 $98 $99 forward $20 $-1 #
coedge $-1 -1 $-1 $61 $60 $32 $54 reversed $62 $-1 #
edge $100 -1 $-1 $101 -0.5000000000000008882 $102 0.5000000000000008882 $53 $103 forward @7 unknown #
coedge $-1 -1 $-1 $34 $33 $104 $105 forward $12 $-1 #
coedge $-1 -1 $-1 $106 $107 $33 $57 reversed $90 $-1 #
edge $108 -1 $-1 $65 -0.5 $109 0.5 $56 $110 forward @7 unknown #
coedge $-1 -1 $-1 $50 $111 $34 $59 reversed $30 $-1 #
edge $112 -1 $-1 $113 -0.5 $64 0.5 $58 $114 forward @7 unknown #
coedge $-1 -1 $-1 $53 $35 $111 $115 forward $62 $-1 #
coedge $-1 -1 $-1 $35 $53 $106 $116 reversed $62 $-1 #
loop $-1 -1 $-1 $-1 $60 $89 #
color-adesk-attrib $-1 -1 $-1 $-1 $36 256 #
vertex $-1 -1 $-1 $36 $117 #
vertex $-1 -1 $-1 $36 $118 #
straight-curve $-1 -1 $-1 0.5 0 0.5 0 1 0 I I #
color-adesk-attrib $-1 -1 $-1 $-1 $38 256 #
face $119 -1 $-1 $120 $121 $7 $-1 $122 forward single #
loop $-1 -1 $-1 $-1 $123 $38 #
cone-surface $-1 -1 $-1 0.379547540184662302 15.37510861562860676 -0.5 0 0 1 -0.03770429401643670547 0.03724763365265459925 0 1 I I 0 -1 0.05300000000000256589 forward I I I I #
coedge $-1 -1 $-1 $124 $125 $126 $127 reversed $39 $-1 #
coedge $-1 -1 $-1 $128 $41 $129 $130 forward $25 $-1 #
coedge $-1 -1 $-1 $41 $128 $131 $132 reversed $25 $-1 #
coedge $-1 -1 $-1 $133 $134 $41 $75 forward $135 $-1 #
edge $136 -1 $-1 $137 0 $138 1.686876739761461019 $74 $139 forward @7 unknown #
coedge $-1 -1 $-1 $43 $42 $140 $141 reversed $16 $-1 #
coedge $-1 -1 $-1 $142 $143 $42 $78 forward $144 $-1 #
edge $145 -1 $-1 $146 -1.060000000000002274 $85 3.552713678800500929e-15 $42 $147 forward @7 unknown #
coedge $-1 -1 $-1 $148 $149 $43 $80 forward $135 $-1 #
edge $150 -1 $-1 $86 30.73999999999999844 $151 31.80000000000000426 $79 $152 forward @7 unknown #
coedge $-1 -1 $-1 $153 $44 $149 $154 reversed $83 $-1 #
coedge $-1 -1 $-1 $44 $153 $142 $155 reversed $83 $-1 #
loop $-1 -1 $-1 $-1 $44 $156 #
color-adesk-attrib $-1 -1 $-1 $-1 $45 256 #
vertex $-1 -1 $-1 $155 $157 #
vertex $-1 -1 $-1 $80 $158 #
straight-curve $-1 -1 $-1 0.2999999999999999889 15.36999999999999922 0 0 0 -1 I I #
color-adesk-attrib $-1 -1 $-1 $-1 $47 256 #
face $159 -1 $-1 $-1 $62 $6 $-1 $160 reversed single #
loop $-1 -1 $-1 $-1 $106 $47 #
plane-surface $-1 -1 $-1 0 0.5000000000000008882 0 0 -1 0 0 0 -1 forward_v I I I I #
coedge $-1 -1 $-1 $161 $104 $107 $162 forward $48 $-1 #
coedge $-1 -1 $-1 $111 $50 $51 $97 reversed $30 $-1 #
coedge $-1 -1 $-1 $104 $161 $50 $95 reversed $48 $-1 #
edge $163 -1 $-1 $113 -0.5 $164 0.5 $94 $165 forward @7 unknown #
coedge $-1 -1 $-1 $52 $51 $161 $166 forward $20 $-1 #
edge $167 -1 $-1 $102 -0.5 $164 0.5 $93 $168 forward @7 unknown #
coedge $-1 -1 $-1 $107 $106 $52 $99 reversed $90 $-1 #
edge $169 -1 $-1 $170 -0.5 $101 0.5 $98 $171 forward @7 unknown #
color-adesk-attrib $-1 -1 $-1 $-1 $54 256 #
vertex $-1 -1 $-1 $54 $172 #
vertex $-1 -1 $-1 $115 $173 #
straight-curve $-1 -1 $-1 0.5 0 -0.5 0 -1 0 I I #
coedge $-1 -1 $-1 $92 $94 $55 $105 reversed $48 $-1 #
edge $174 -1 $-1 $109 -0.5000000000000008882 $113 0.5000000000000008882 $104 $175 forward @7 unknown #
coedge $-1 -1 $-1 $98 $56 $61 $116 forward $90 $-1 #
coedge $-1 -1 $-1 $56 $98 $92 $162 reversed $90 $-1 #
color-adesk-attrib $-1 -1 $-1 $-1 $57 256 #
vertex $-1 -1 $-1 $57 $176 #
straight-curve $-1 -1 $-1 0 0.5000000000000008882 0.5 -1 0 0 I I #
coedge $-1 -1 $-1 $58 $93 $60 $115 reversed $30 $-1 #
color-adesk-attrib $-1 -1 $-1 $-1 $59 256 #
vertex $-1 -1 $-1 $105 $177 #
straight-curve $-1 -1 $-1 0 -0.5000000000000008882 0.5 1 0 0 I I #
edge $178 -1 $-1 $64 -0.5 $102 0.5 $60 $179 forward @7 unknown #
edge $180 -1 $-1 $65 -0.5 $101 0.5 $61 $181 forward @7 unknown #
point $-1 -1 $-1 0.5 -0.5000000000000008882 0.5 #
point $-1 -1 $-1 0.5 0.5000000000000008882 0.5 #
color-adesk-attrib $-1 -1 $-1 $-1 $68 256 #
face $182 -1 $-1 $183 $184 $7 $-1 $185 forward single #
loop $-1 -1 $-1 $-1 $186 $68 #
plane-surface $-1 -1 $-1 0.8591395868705835603 14.93315227756711217 -0.5 0.6156614753256578476 0.7880107536067222362 0 -0.7880107536067222362 0.6156614753256578476 0 forward_v I I I I #
coedge $-1 -1 $-1 $187 $188 $189 $190 reversed $69 $-1 #
coedge $-1 -1 $-1 $191 $71 $192 $193 forward $39 $-1 #
coedge $-1 -1 $-1 $71 $191 $187 $194 reversed $39 $-1 #
coedge $-1 -1 $-1 $189 $195 $71 $127 forward $135 $-1 #
edge $196 -1 $-1 $197 0 $198 0.7409699849464113086 $126 $199 forward @7 unknown #
coedge $-1 -1 $-1 $73 $72 $200 $201 reversed $25 $-1 #
coedge $-1 -1 $-1 $202 $203 $72 $130 reversed $204 $-1 #
edge $205 -1 $-1 $137 0 $206 1 $72 $207 forward @7 tangent #
coedge $-1 -1 $-1 $208 $209 $73 $132 forward $210 $-1 #
edge $211 -1 $-1 $138 0 $212 1 $131 $213 forward @7 tangent #
coedge $-1 -1 $-1 $214 $74 $209 $215 forward $135 $-1 #
coedge $-1 -1 $-1 $74 $216 $202 $217 forward $135 $-1 #
loop $-1 -1 $-1 $-1 $218 $219 #
color-adesk-attrib $-1 -1 $-1 $-1 $75 256 #
vertex $-1 -1 $-1 $217 $220 #
vertex $-1 -1 $-1 $75 $221 #
ellipse-curve $-1 -1 $-1 0.3795475401846587493 -14.30489138437139118 -0.5 0 0 1 -0.03770429401643508871 0.0372476336526523788 0 1 F 0 F 1.686876739761461019 #
coedge $-1 -1 $-1 $222 $223 $76 $141 forward $224 $-1 #
edge $225 -1 $-1 $151 0 $146 1 $140 $226 forward @7 unknown #
coedge $-1 -1 $-1 $227 $77 $82 $155 forward $144 $-1 #
coedge $-1 -1 $-1 $77 $228 $222 $229 forward $144 $-1 #
loop $-1 -1 $-1 $-1 $142 $230 #
color-adesk-attrib $-1 -1 $-1 $-1 $78 256 #
vertex $-1 -1 $-1 $141 $231 #
straight-curve $-1 -1 $-1 0.3000000000000018208 15.37000000000000277 0.5 -5.236901059552614167e-17 -1 -0 I I #
coedge $-1 -1 $-1 $195 $79 $223 $232 forward $135 $-1 #
coedge $-1 -1 $-1 $79 $233 $81 $154 forward $135 $-1 #
color-adesk-attrib $-1 -1 $-1 $-1 $80 256 #
vertex $-1 -1 $-1 $80 $234 #
straight-curve $-1 -1 $-1 0.2999999999999999889 -15.36999999999999922 -0.5 0 1 0 F 0 F 31.80000000000000426 #
coedge $-1 -1 $-1 $82 $81 $235 $236 reversed $83 $-1 #
edge $237 -1 $-1 $238 -0.2999999999999999889 $86 0.2999999999999999889 $81 $239 forward @7 unknown #
edge $240 -1 $-1 $85 -0.2999999999999999889 $241 0.2999999999999999889 $82 $242 forward @7 unknown #
face $243 -1 $-1 $-1 $83 $7 $-1 $244 reversed single #
point $-1 -1 $-1 0.2999999999999999889 15.36999999999999922 0.5 #
point $-1 -1 $-1 0.2999999999999999889 15.36999999999999922 -0.5 #
color-adesk-attrib $-1 -1 $-1 $-1 $89 256 #
plane-surface $-1 -1 $-1 0.5 0 0 -1 0 0 0 -0 1 forward_v I I I I #
coedge $-1 -1 $-1 $94 $92 $96 $166 reversed $48 $-1 #
edge $245 -1 $-1 $109 -0.5 $170 0.5 $107 $246 forward @7 unknown #
color-adesk-attrib $-1 -1 $-1 $-1 $95 256 #
vertex $-1 -1 $-1 $166 $247 #
straight-curve $-1 -1 $-1 -0.5 -0.5000000000000008882 0 0 0 -1 I I #
edge $248 -1 $-1 $164 -0.5000000000000008882 $170 0.5000000000000008882 $161 $249 forward @7 unknown #
color-adesk-attrib $-1 -1 $-1 $-1 $97 256 #
straight-curve $-1 -1 $-1 0 -0.5000000000000008882 -0.5 -1 0 0 I I #
color-adesk-attrib $-1 -1 $-1 $-1 $99 256 #
vertex $-1 -1 $-1 $99 $250 #
straight-curve $-1 -1 $-1 0 0.5000000000000008882 -0.5 1 0 0 I I #
point $-1 -1 $-1 0.5 0.5000000000000008882 -0.5 #
point $-1 -1 $-1 0.5 -0.5000000000000008882 -0.5 #
color-adesk-attrib $-1 -1 $-1 $-1 $105 256 #
straight-curve $-1 -1 $-1 -0.5 0 0.5 0 -1 0 I I #
point $-1 -1 $-1 -0.5 0.5000000000000008882 0.5 #
point $-1 -1 $-1 -0.5 -0.5000000000000008882 0.5 #
color-adesk-attrib $-1 -1 $-1 $-1 $115 256 #
straight-curve $-1 -1 $-1 0.5 -0.5000000000000008882 0 0 0 -1 I I #
color-adesk-attrib $-1 -1 $-1 $-1 $116 256 #
straight-curve $-1 -1 $-1 0.5 0.5000000000000008882 0 0 0 -1 I I #
color-adesk-attrib $-1 -1 $-1 $-1 $120 256 #
face $251 -1 $-1 $252 $253 $7 $-1 $254 forward single #
loop $-1 -1 $-1 $-1 $255 $120 #
cone-surface $-1 -1 $-1 0.8369757737588601199 14.90478389043726715 -0.5 0 0 1 0.02216381311172344049 0.02836838712984501853 0 1 I I 0 1 0.03600000000000222466 forward I I I I #
coedge $-1 -1 $-1 $256 $257 $258 $259 reversed $121 $-1 #
coedge $-1 -1 $-1 $260 $123 $125 $194 forward $69 $-1 #
coedge $-1 -1 $-1 $123 $260 $256 $261 reversed $69 $-1 #
coedge $-1 -1 $-1 $258 $126 $123 $190 forward $135 $-1 #
edge $262 -1 $-1 $198 0 $263 1.686876739761436816 $189 $264 forward @7 unknown #
coedge $-1 -1 $-1 $125 $124 $265 $266 reversed $39 $-1 #
coedge $-1 -1 $-1 $267 $268 $124 $193 reversed $269 $-1 #
edge $270 -1 $-1 $197 0 $271 1 $192 $272 forward @7 tangent #
edge $273 -1 $-1 $198 0 $274 1 $187 $275 forward @7 tangent #
coedge $-1 -1 $-1 $126 $148 $267 $276 forward $135 $-1 #
color-adesk-attrib $-1 -1 $-1 $-1 $127 256 #
vertex $-1 -1 $-1 $276 $277 #
vertex $-1 -1 $-1 $127 $278 #
straight-curve $-1 -1 $-1 0.8625862376190800429 15.9394836109750937 -0.5 -0.7027855406160828933 -0.7114017738950052516 0 F 0 F 0.7409699849464113086 #
coedge $-1 -1 $-1 $279 $280 $128 $201 forward $144 $-1 #
edge $281 -1 $-1 $212 -1.686876739761461019 $206 -0 $128 $282 forward @7 unknown #
coedge $-1 -1 $-1 $283 $129 $134 $217 reversed $204 $-1 #
coedge $-1 -1 $-1 $129 $283 $279 $284 reversed $204 $-1 #
loop $-1 -1 $-1 $-1 $202 $285 #
color-adesk-attrib $-1 -1 $-1 $-1 $130 256 #
vertex $-1 -1 $-1 $130 $286 #
straight-curve $-1 -1 $-1 0.3418432461682236467 -14.26764375071874014 -0.5 0 0 1 I I #
coedge $-1 -1 $-1 $287 $131 $280 $288 reversed $210 $-1 #
coedge $-1 -1 $-1 $131 $287 $133 $215 reversed $210 $-1 #
loop $-1 -1 $-1 $-1 $209 $289 #
color-adesk-attrib $-1 -1 $-1 $-1 $132 256 #
vertex $-1 -1 $-1 $132 $290 #
straight-curve $-1 -1 $-1 0.3469174819923989683 -14.34665595431254914 -0.5 0 0 1 I I #
coedge $-1 -1 $-1 $291 $133 $292 $293 forward $135 $-1 #
edge $294 -1 $-1 $138 0 $295 0.6500191812532307711 $133 $296 forward @7 unknown #
coedge $-1 -1 $-1 $134 $297 $298 $299 forward $135 $-1 #
edge $300 -1 $-1 $301 0 $137 0.7409699849464096433 $134 $302 forward @7 unknown #
coedge $-1 -1 $-1 $233 $291 $303 $304 forward $135 $-1 #
face $305 -1 $-1 $306 $135 $7 $-1 $307 reversed single #
point $-1 -1 $-1 0.3418432461682236467 -14.26764375071874014 -0.5 #
point $-1 -1 $-1 0.3469174819923989683 -14.34665595431254914 -0.5 #
coedge $-1 -1 $-1 $308 $140 $143 $229 reversed $224 $-1 #
coedge $-1 -1 $-1 $140 $308 $148 $232 reversed $224 $-1 #
loop $-1 -1 $-1 $-1 $223 $309 #
color-adesk-attrib $-1 -1 $-1 $-1 $141 256 #
straight-curve $-1 -1 $-1 0.3000000000000018763 16.43000000000000682 -0.5 0 0 1 I I #
coedge $-1 -1 $-1 $310 $142 $311 $312 forward $144 $-1 #
coedge $-1 -1 $-1 $143 $265 $268 $313 forward $144 $-1 #
edge $314 -1 $-1 $315 -0.7095583205069254662 $146 -0 $222 $316 forward @7 unknown #
face $317 -1 $-1 $219 $144 $7 $-1 $318 forward single #
point $-1 -1 $-1 0.3000000000000018763 16.43000000000000682 0.5 #
edge $319 -1 $-1 $151 0 $320 0.7095583205069254662 $148 $321 forward @7 unknown #
coedge $-1 -1 $-1 $149 $218 $322 $323 forward $135 $-1 #
point $-1 -1 $-1 0.3000000000000018763 16.43000000000000682 -0.5 #
coedge $-1 -1 $-1 $322 $311 $153 $236 forward $324 $-1 #
edge $325 -1 $-1 $241 -0.5 $238 0.5 $153 $326 forward @7 unknown #
color-adesk-attrib $-1 -1 $-1 $-1 $154 256 #
vertex $-1 -1 $-1 $154 $327 #
straight-curve $-1 -1 $-1 0 15.36999999999999922 -0.5 1 0 0 I I #
color-adesk-attrib $-1 -1 $-1 $-1 $155 256 #
vertex $-1 -1 $-1 $155 $328 #
straight-curve $-1 -1 $-1 0 15.36999999999999922 0.5 -1 0 0 I I #
color-adesk-attrib $-1 -1 $-1 $-1 $156 256 #
plane-surface $-1 -1 $-1 0 15.36999999999999922 0 0 -1 0 0 0 -1 forward_v I I I I #
color-adesk-attrib $-1 -1 $-1 $-1 $162 256 #
straight-curve $-1 -1 $-1 -0.5 0.5000000000000008882 0 0 0 -1 I I #
point $-1 -1 $-1 -0.5 -0.5000000000000008882 -0.5 #
color-adesk-attrib $-1 -1 $-1 $-1 $166 256 #
straight-curve $-1 -1 $-1 -0.5 0 -0.5 0 1 0 I I #
point $-1 -1 $-1 -0.5 0.5000000000000008882 -0.5 #
color-adesk-attrib $-1 -1 $-1 $-1 $183 256 #
face $329 -1 $-1 $330 $331 $7 $-1 $332 forward single #
loop $-1 -1 $-1 $-1 $333 $183 #
plane-surface $-1 -1 $-1 0.3418432461682275325 14.35235624928126263 -0.5 0.7114017738950041414 -0.7027855406160838925 0 0.7027855406160838925 0.7114017738950041414 0 forward_v I I I I #
coedge $-1 -1 $-1 $334 $335 $336 $337 reversed $184 $-1 #
coedge $-1 -1 $-1 $338 $186 $188 $261 forward $121 $-1 #
coedge $-1 -1 $-1 $186 $338 $334 $339 reversed $121 $-1 #
coedge $-1 -1 $-1 $336 $189 $186 $259 forward $135 $-1 #
edge $340 -1 $-1 $263 0 $341 0.6500191812532306601 $258 $342 forward @7 unknown #
coedge $-1 -1 $-1 $188 $187 $343 $344 reversed $69 $-1 #
edge $345 -1 $-1 $263 0 $346 1 $256 $347 forward @7 tangent #
color-adesk-attrib $-1 -1 $-1 $-1 $190 256 #
vertex $-1 -1 $-1 $190 $348 #
ellipse-curve $-1 -1 $-1 0.379547540184662302 15.37510861562860676 -0.5 0 0 1 -0.03770429401643670547 0.03724763365265459925 0 1 F 0 F 1.686876739761436816 #
coedge $-1 -1 $-1 $228 $343 $191 $266 forward $144 $-1 #
edge $349 -1 $-1 $274 -0.7409699849464113086 $271 -0 $191 $350 forward @7 unknown #
coedge $-1 -1 $-1 $351 $192 $195 $276 reversed $269 $-1 #
coedge $-1 -1 $-1 $192 $351 $228 $313 reversed $269 $-1 #
loop $-1 -1 $-1 $-1 $267 $352 #
color-adesk-attrib $-1 -1 $-1 $-1 $193 256 #
vertex $-1 -1 $-1 $193 $353 #
straight-curve $-1 -1 $-1 0.8625862376190833736 15.93948361097509014 -0.5 0 0 1 I I #
color-adesk-attrib $-1 -1 $-1 $-1 $194 256 #
vertex $-1 -1 $-1 $194 $354 #
straight-curve $-1 -1 $-1 0.3418432461682256451 15.41235624928126136 -0.5 0 0 1 I I #
edge $355 -1 $-1 $320 0 $197 1.686876739761447697 $195 $356 forward @7 unknown #
point $-1 -1 $-1 0.8625862376190833736 15.93948361097509014 -0.5 #
point $-1 -1 $-1 0.3418432461682256451 15.41235624928126136 -0.5 #
coedge $-1 -1 $-1 $357 $200 $203 $284 forward $144 $-1 #
coedge $-1 -1 $-1 $200 $358 $208 $288 forward $144 $-1 #
color-adesk-attrib $-1 -1 $-1 $-1 $201 256 #
ellipse-curve $-1 -1 $-1 0.3795475401846587493 -14.30489138437139118 0.5 0 0 -1 -0.03770429401643508871 0.0372476336526523788 0 1 I I #
coedge $-1 -1 $-1 $203 $202 $359 $360 forward $204 $-1 #
edge $361 -1 $-1 $206 -0.7409699849464096433 $362 -0 $203 $363 forward @7 unknown #
face $364 -1 $-1 $289 $204 $7 $-1 $365 forward single #
point $-1 -1 $-1 0.3418432461682236467 -14.26764375071873836 0.5 #
coedge $-1 -1 $-1 $209 $208 $366 $367 reversed $210 $-1 #
edge $368 -1 $-1 $369 -0.6500191812532307711 $212 -0 $208 $370 forward @7 unknown #
face $371 -1 $-1 $372 $210 $7 $-1 $373 forward single #
point $-1 -1 $-1 0.3469174819923989683 -14.34665595431254737 0.5 #
coedge $-1 -1 $-1 $218 $214 $374 $375 forward $135 $-1 #
coedge $-1 -1 $-1 $366 $376 $214 $293 reversed $377 $-1 #
edge $378 -1 $-1 $295 0 $379 1.686876739761452582 $214 $380 forward @7 unknown #
color-adesk-attrib $-1 -1 $-1 $-1 $215 256 #
vertex $-1 -1 $-1 $215 $381 #
straight-curve $-1 -1 $-1 0.3469174819923990238 -14.34665595431254914 -0.5 0.7880107536067219032 -0.6156614753256582917 0 F 0 F 0.6500191812532307711 #
coedge $-1 -1 $-1 $216 $382 $383 $384 forward $135 $-1 #
coedge $-1 -1 $-1 $385 $359 $216 $299 reversed $386 $-1 #
edge $387 -1 $-1 $388 0 $301 1.686876739761466792 $216 $389 forward @7 unknown #
color-adesk-attrib $-1 -1 $-1 $-1 $217 256 #
vertex $-1 -1 $-1 $299 $390 #
straight-curve $-1 -1 $-1 0.8625862376190782665 -13.74051638902490957 -0.5 -0.7027855406160845586 -0.7114017738950035863 0 F 0 F 0.7409699849464096433 #
coedge $-1 -1 $-1 $391 $392 $218 $304 reversed $393 $-1 #
edge $394 -1 $-1 $395 -0.2999999999999999889 $396 0.2999999999999999889 $303 $397 forward @7 unknown #
color-adesk-attrib $-1 -1 $-1 $-1 $219 256 #
face $398 -1 $-1 $399 $393 $7 $-1 $400 reversed single #
plane-surface $-1 -1 $-1 0 0 -0.5 0 0 1 1 0 0 forward_v I I I I #
coedge $-1 -1 $-1 $223 $222 $351 $401 reversed $224 $-1 #
face $402 -1 $-1 $352 $224 $7 $-1 $403 forward single #
coedge $-1 -1 $-1 $404 $227 $405 $406 forward $144 $-1 #
coedge $-1 -1 $-1 $235 $407 $227 $312 reversed $324 $-1 #
edge $408 -1 $-1 $241 -15.36999999999999922 $409 15.36999999999999922 $311 $410 forward @7 unknown #
edge $411 -1 $-1 $271 -1.686876739761447697 $315 -0 $268 $412 forward @7 unknown #
color-adesk-attrib $-1 -1 $-1 $-1 $229 256 #
vertex $-1 -1 $-1 $401 $413 #
straight-curve $-1 -1 $-1 0.3000000000000018763 16.43000000000000682 0.5 -0.7880107536067213481 0.6156614753256590689 0 I I #
color-adesk-attrib $-1 -1 $-1 $-1 $230 256 #
plane-surface $-1 -1 $-1 0 0 0.5 0 0 1 1 0 0 forward_v I I I I #
color-adesk-attrib $-1 -1 $-1 $-1 $232 256 #
vertex $-1 -1 $-1 $276 $414 #
straight-curve $-1 -1 $-1 0.3000000000000018763 16.43000000000000682 -0.5 0.7880107536067213481 -0.6156614753256590689 0 F 0 F 0.7095583205069254662 #
coedge $-1 -1 $-1 $407 $235 $233 $323 reversed $324 $-1 #
edge $415 -1 $-1 $396 -15.36999999999999922 $238 15.36999999999999922 $322 $416 forward @7 unknown #
loop $-1 -1 $-1 $-1 $235 $399 #
color-adesk-attrib $-1 -1 $-1 $-1 $236 256 #
straight-curve $-1 -1 $-1 -0.2999999999999999889 15.36999999999999922 0 0 0 -1 I I #
point $-1 -1 $-1 -0.2999999999999999889 15.36999999999999922 -0.5 #
point $-1 -1 $-1 -0.2999999999999999889 15.36999999999999922 0.5 #
color-adesk-attrib $-1 -1 $-1 $-1 $252 256 #
face $417 -1 $-1 $418 $419 $7 $-1 $420 forward single #
loop $-1 -1 $-1 $-1 $421 $252 #
cone-surface $-1 -1 $-1 0.3795475401846611363 14.31510861562861159 -0.5 0 0 1 -0.0377042940164336246 0.03724763365265104653 0 1 I I 0 -1 0.05299999999999788214 forward I I I I #
coedge $-1 -1 $-1 $422 $423 $424 $425 reversed $253 $-1 #
coedge $-1 -1 $-1 $426 $255 $257 $339 forward $184 $-1 #
coedge $-1 -1 $-1 $255 $426 $422 $427 reversed $184 $-1 #
coedge $-1 -1 $-1 $424 $258 $255 $337 forward $135 $-1 #
edge $428 -1 $-1 $341 0 $429 1.686876739761461685 $336 $430 forward @7 unknown #
coedge $-1 -1 $-1 $257 $256 $431 $432 reversed $121 $-1 #
edge $433 -1 $-1 $341 0 $434 1 $334 $435 forward @7 tangent #
color-adesk-attrib $-1 -1 $-1 $-1 $259 256 #
vertex $-1 -1 $-1 $259 $436 #
straight-curve $-1 -1 $-1 0.3469174819924006337 15.33334404568745235 -0.5 0.7880107536067222362 -0.6156614753256578476 0 F 0 F 0.6500191812532306601 #
coedge $-1 -1 $-1 $265 $431 $260 $344 forward $144 $-1 #
edge $437 -1 $-1 $346 -1.686876739761436816 $274 -0 $260 $438 forward @7 unknown #
color-adesk-attrib $-1 -1 $-1 $-1 $261 256 #
vertex $-1 -1 $-1 $261 $439 #
straight-curve $-1 -1 $-1 0.3469174819923995234 15.3333440456874488 -0.5 0 0 1 I I #
point $-1 -1 $-1 0.3469174819923995234 15.3333440456874488 -0.5 #
color-adesk-attrib $-1 -1 $-1 $-1 $266 256 #
straight-curve $-1 -1 $-1 0.8625862376190800429 15.9394836109750937 0.5 0.7027855406160828933 0.7114017738950052516 0 I I #
coedge $-1 -1 $-1 $268 $267 $308 $401 forward $269 $-1 #
face $440 -1 $-1 $230 $269 $7 $-1 $441 forward single #
point $-1 -1 $-1 0.8625862376190833736 15.93948361097509014 0.5 #
point $-1 -1 $-1 0.3418432461682256451 15.41235624928126136 0.5 #
color-adesk-attrib $-1 -1 $-1 $-1 $276 256 #
ellipse-curve $-1 -1 $-1 0.8369757737588598978 15.96478389043726942 -0.5 0 0 -1 0.02216381311172377355 0.02836838712984501853 0 1 F 0 F 1.686876739761447697 #
coedge $-1 -1 $-1 $442 $279 $443 $444 forward $144 $-1 #
coedge $-1 -1 $-1 $280 $404 $445 $446 forward $144 $-1 #
coedge $-1 -1 $-1 $298 $443 $283 $360 reversed $386 $-1 #
edge $447 -1 $-1 $301 0 $362 1 $283 $448 forward @7 tangent #
color-adesk-attrib $-1 -1 $-1 $-1 $284 256 #
vertex $-1 -1 $-1 $360 $449 #
straight-curve $-1 -1 $-1 0.8625862376190782665 -13.74051638902490957 0.5 0.7027855406160845586 0.7114017738950035863 0 I I #
color-adesk-attrib $-1 -1 $-1 $-1 $285 256 #
plane-surface $-1 -1 $-1 0.3418432461682236467 -14.26764375071874014 -0.5 0.7114017738950035863 -0.7027855406160845586 0 0.7027855406160845586 0.7114017738950035863 0 forward_v I I I I #
coedge $-1 -1 $-1 $445 $292 $287 $367 forward $377 $-1 #
edge $450 -1 $-1 $295 0 $369 1 $366 $451 forward @7 tangent #
color-adesk-attrib $-1 -1 $-1 $-1 $288 256 #
vertex $-1 -1 $-1 $367 $452 #
straight-curve $-1 -1 $-1 0.3469174819923990238 -14.34665595431254914 0.5 -0.7880107536067219032 0.6156614753256582917 0 I I #
color-adesk-attrib $-1 -1 $-1 $-1 $289 256 #
face $453 -1 $-1 $454 $377 $7 $-1 $455 forward single #
plane-surface $-1 -1 $-1 0.859139586870581784 -14.74684772243288933 -0.5 0.6156614753256582917 0.7880107536067219032 0 -0.7880107536067219032 0.6156614753256582917 0 forward_v I I I I #
coedge $-1 -1 $-1 $456 $457 $291 $375 reversed $458 $-1 #
edge $459 -1 $-1 $379 0 $395 0.8005091242001036722 $291 $460 forward @7 unknown #
coedge $-1 -1 $-1 $292 $445 $456 $461 reversed $377 $-1 #
loop $-1 -1 $-1 $-1 $292 $372 #
color-adesk-attrib $-1 -1 $-1 $-1 $293 256 #
vertex $-1 -1 $-1 $293 $462 #
ellipse-curve $-1 -1 $-1 0.8369757737588578994 -14.77521610956273079 -0.5 0 0 -1 0.02216381311172388457 0.02836838712984202093 0 1 F 0 F 1.686876739761452582 #
point $-1 -1 $-1 0.859139586870581784 -14.74684772243288933 -0.5 #
coedge $-1 -1 $-1 $297 $463 $464 $465 forward $135 $-1 #
coedge $-1 -1 $-1 $466 $467 $297 $384 reversed $468 $-1 #
edge $469 -1 $-1 $470 0 $388 0.6500191812532306601 $297 $471 forward @7 unknown #
coedge $-1 -1 $-1 $443 $298 $467 $472 forward $386 $-1 #
loop $-1 -1 $-1 $-1 $298 $473 #
color-adesk-attrib $-1 -1 $-1 $-1 $299 256 #
vertex $-1 -1 $-1 $384 $474 #
ellipse-curve $-1 -1 $-1 0.8369757737588581215 -13.7152161095627303 -0.5 0 0 -1 0.02216381311172355151 0.02836838712984190991 0 1 F 0 F 1.686876739761466792 #
point $-1 -1 $-1 0.8625862376190780445 -13.74051638902490957 -0.5 #
coedge $-1 -1 $-1 $405 $303 $457 $475 reversed $393 $-1 #
coedge $-1 -1 $-1 $303 $405 $407 $476 forward $393 $-1 #
loop $-1 -1 $-1 $-1 $392 $306 #
color-adesk-attrib $-1 -1 $-1 $-1 $304 256 #
vertex $-1 -1 $-1 $475 $477 #
vertex $-1 -1 $-1 $323 $478 #
straight-curve $-1 -1 $-1 0 -15.36999999999999922 -0.5 -1 0 0 I I #
color-adesk-attrib $-1 -1 $-1 $-1 $306 256 #
face $479 -1 $-1 $156 $324 $7 $-1 $480 reversed single #
plane-surface $-1 -1 $-1 0 -15.36999999999999922 0 0 1 -0 -0 0 1 forward_v I I I I #
edge $481 -1 $-1 $320 0 $315 1 $351 $482 forward @7 tangent #
color-adesk-attrib $-1 -1 $-1 $-1 $309 256 #
plane-surface $-1 -1 $-1 0.8591395868705837824 15.99315227756711444 -0.5 0.6156614753256590689 0.7880107536067213481 0 -0.7880107536067213481 0.6156614753256590689 0 forward_v I I I I #
coedge $-1 -1 $-1 $358 $310 $483 $484 forward $144 $-1 #
coedge $-1 -1 $-1 $392 $391 $310 $406 reversed $393 $-1 #
edge $485 -1 $-1 $409 -0.2999999999999999889 $486 0.2999999999999999889 $405 $487 forward @7 unknown #
coedge $-1 -1 $-1 $311 $322 $392 $476 reversed $324 $-1 #
color-adesk-attrib $-1 -1 $-1 $-1 $312 256 #
vertex $-1 -1 $-1 $312 $488 #
straight-curve $-1 -1 $-1 -0.2999999999999999889 0 0.5 0 -1 0 I I #
color-adesk-attrib $-1 -1 $-1 $-1 $313 256 #
ellipse-curve $-1 -1 $-1 0.8369757737588598978 15.96478389043726942 0.5 0 0 1 0.02216381311172377355 0.02836838712984501853 0 1 I I #
point $-1 -1 $-1 0.8591395868705837824 15.99315227756711444 0.5 #
point $-1 -1 $-1 0.8591395868705837824 15.99315227756711444 -0.5 #
color-adesk-attrib $-1 -1 $-1 $-1 $323 256 #
straight-curve $-1 -1 $-1 -0.2999999999999999889 0 -0.5 0 1 0 I I #
color-adesk-attrib $-1 -1 $-1 $-1 $330 256 #
face $489 -1 $-1 $490 $491 $7 $-1 $492 forward single #
loop $-1 -1 $-1 $-1 $493 $330 #
plane-surface $-1 -1 $-1 0.8591395868705835603 13.87315227756711344 -0.5 0.6156614753256588468 0.7880107536067215701 0 -0.7880107536067215701 0.6156614753256588468 0 forward_v I I I I #
coedge $-1 -1 $-1 $494 $495 $496 $497 reversed $331 $-1 #
coedge $-1 -1 $-1 $498 $333 $335 $427 forward $253 $-1 #
coedge $-1 -1 $-1 $333 $498 $494 $499 reversed $253 $-1 #
coedge $-1 -1 $-1 $496 $336 $333 $425 forward $135 $-1 #
edge $500 -1 $-1 $429 0 $501 0.7409699849464074228 $424 $502 forward @7 unknown #
coedge $-1 -1 $-1 $335 $334 $503 $504 reversed $184 $-1 #
edge $505 -1 $-1 $429 0 $506 1 $422 $507 forward @7 tangent #
color-adesk-attrib $-1 -1 $-1 $-1 $337 256 #
vertex $-1 -1 $-1 $337 $508 #
ellipse-curve $-1 -1 $-1 0.8369757737588601199 14.90478389043726715 -0.5 0 0 -1 0.02216381311172344049 0.02836838712984501853 0 1 F 0 F 1.686876739761461685 #
coedge $-1 -1 $-1 $343 $503 $338 $432 forward $144 $-1 #
edge $509 -1 $-1 $434 -0.6500191812532306601 $346 -0 $338 $510 forward @7 unknown #
color-adesk-attrib $-1 -1 $-1 $-1 $339 256 #
vertex $-1 -1 $-1 $339 $511 #
straight-curve $-1 -1 $-1 0.8591395868705835603 14.93315227756711217 -0.5 0 0 1 I I #
point $-1 -1 $-1 0.8591395868705835603 14.93315227756711217 -0.5 #
color-adesk-attrib $-1 -1 $-1 $-1 $344 256 #
ellipse-curve $-1 -1 $-1 0.379547540184662302 15.37510861562860676 0.5 0 0 -1 -0.03770429401643670547 0.03724763365265459925 0 1 I I #
point $-1 -1 $-1 0.3469174819923995234 15.3333440456874488 0.5 #
color-adesk-attrib $-1 -1 $-1 $-1 $352 256 #
cone-surface $-1 -1 $-1 0.8369757737588598978 15.96478389043726942 -0.5 0 0 1 0.02216381311172377355 0.02836838712984501853 0 1 I I 0 1 0.03600000000000243283 forward I I I I #
coedge $-1 -1 $-1 $512 $357 $513 $514 forward $144 $-1 #
coedge $-1 -1 $-1 $359 $385 $357 $444 reversed $386 $-1 #
edge $515 -1 $-1 $362 -1.686876739761466792 $516 -0 $443 $517 forward @7 unknown #
coedge $-1 -1 $-1 $376 $366 $358 $446 reversed $377 $-1 #
edge $518 -1 $-1 $519 -1.686876739761452582 $369 -0 $445 $520 forward @7 unknown #
color-adesk-attrib $-1 -1 $-1 $-1 $360 256 #
straight-curve $-1 -1 $-1 0.8625862376190780445 -13.74051638902490957 -0.5 0 0 1 I I #
point $-1 -1 $-1 0.8625862376190780445 -13.74051638902490957 0.5 #
color-adesk-attrib $-1 -1 $-1 $-1 $367 256 #
straight-curve $-1 -1 $-1 0.859139586870581784 -14.74684772243288933 -0.5 0 0 1 I I #
point $-1 -1 $-1 0.859139586870581784 -14.74684772243288755 0.5 #
color-adesk-attrib $-1 -1 $-1 $-1 $372 256 #
face $521 -1 $-1 $309 $458 $7 $-1 $522 forward single #
cone-surface $-1 -1 $-1 0.8369757737588578994 -14.77521610956273079 -0.5 0 0 1 0.02216381311172388457 0.02836838712984202093 0 1 I I 0 1 0.03600000000000013606 forward I I I I #
coedge $-1 -1 $-1 $483 $374 $376 $461 forward $458 $-1 #
coedge $-1 -1 $-1 $374 $483 $391 $475 forward $458 $-1 #
loop $-1 -1 $-1 $-1 $374 $454 #
color-adesk-attrib $-1 -1 $-1 $-1 $375 256 #
straight-curve $-1 -1 $-1 0.8625862376190782665 -14.80051638902491007 -0.5 -0.7027855406160845586 -0.7114017738950034753 0 F 0 F 0.8005091242001036722 #
edge $523 -1 $-1 $379 0 $519 1 $456 $524 forward @7 tangent #
point $-1 -1 $-1 0.8625862376190782665 -14.80051638902491007 -0.5 #
coedge $-1 -1 $-1 $382 $525 $526 $527 forward $135 $-1 #
coedge $-1 -1 $-1 $528 $529 $382 $465 reversed $530 $-1 #
edge $531 -1 $-1 $532 0 $470 1.686876739761460131 $382 $533 forward @7 unknown #
coedge $-1 -1 $-1 $513 $383 $529 $534 forward $468 $-1 #
coedge $-1 -1 $-1 $383 $513 $385 $472 reversed $468 $-1 #
loop $-1 -1 $-1 $-1 $383 $535 #
color-adesk-attrib $-1 -1 $-1 $-1 $384 256 #
vertex $-1 -1 $-1 $465 $536 #
straight-curve $-1 -1 $-1 0.3469174819923990238 -13.28665595431254864 -0.5 0.7880107536067219032 -0.6156614753256585137 0 F 0 F 0.6500191812532306601 #
edge $537 -1 $-1 $388 0 $516 1 $385 $538 forward @7 tangent #
face $539 -1 $-1 $285 $386 $7 $-1 $540 forward single #
point $-1 -1 $-1 0.859139586870581784 -13.68684772243288883 -0.5 #
edge $541 -1 $-1 $486 -0.5 $395 0.5 $391 $542 forward @7 unknown #
edge $543 -1 $-1 $409 -0.5 $396 0.5 $407 $544 forward @7 unknown #
point $-1 -1 $-1 0.2999999999999999889 -15.36999999999999922 -0.5 #
point $-1 -1 $-1 -0.2999999999999999889 -15.36999999999999922 -0.5 #
color-adesk-attrib $-1 -1 $-1 $-1 $399 256 #
plane-surface $-1 -1 $-1 -0.2999999999999999889 0 0 1 0 0 0 0 -1 forward_v I I I I #
color-adesk-attrib $-1 -1 $-1 $-1 $401 256 #
straight-curve $-1 -1 $-1 0.8591395868705837824 15.99315227756711444 -0.5 0 0 1 I I #
coedge $-1 -1 $-1 $457 $456 $404 $484 reversed $458 $-1 #
edge $545 -1 $-1 $486 -0.8005091242001036722 $519 -0 $483 $546 forward @7 unknown #
color-adesk-attrib $-1 -1 $-1 $-1 $406 256 #
vertex $-1 -1 $-1 $484 $547 #
straight-curve $-1 -1 $-1 0 -15.36999999999999922 0.5 1 0 0 I I #
point $-1 -1 $-1 -0.2999999999999999889 -15.36999999999999922 0.5 #
color-adesk-attrib $-1 -1 $-1 $-1 $418 256 #
face $548 -1 $-1 $549 $550 $7 $-1 $551 forward single #
loop $-1 -1 $-1 $-1 $552 $418 #
cone-surface $-1 -1 $-1 0.8369757737588596758 13.84478389043727198 -0.5 0 0 1 0.02216381311172388457 0.02836838712984146582 0 1 I I 0 1 0.03599999999999970585 forward I I I I #
coedge $-1 -1 $-1 $553 $554 $555 $556 reversed $419 $-1 #
coedge $-1 -1 $-1 $557 $421 $423 $499 forward $331 $-1 #
coedge $-1 -1 $-1 $421 $557 $553 $558 reversed $331 $-1 #
coedge $-1 -1 $-1 $555 $424 $421 $497 forward $135 $-1 #
edge $559 -1 $-1 $501 0 $560 1.686876739761476118 $496 $561 forward @7 unknown #
coedge $-1 -1 $-1 $423 $422 $562 $563 reversed $253 $-1 #
edge $564 -1 $-1 $501 0 $565 1 $494 $566 forward @7 tangent #
color-adesk-attrib $-1 -1 $-1 $-1 $425 256 #
vertex $-1 -1 $-1 $425 $567 #
straight-curve $-1 -1 $-1 0.8625862376190800429 14.87948361097509142 -0.5 -0.7027855406160838925 -0.7114017738950041414 0 F 0 F 0.7409699849464074228 #
coedge $-1 -1 $-1 $431 $562 $426 $504 forward $144 $-1 #
edge $568 -1 $-1 $506 -1.686876739761461685 $434 -0 $426 $569 forward @7 unknown #
color-adesk-attrib $-1 -1 $-1 $-1 $427 256 #
vertex $-1 -1 $-1 $427 $570 #
straight-curve $-1 -1 $-1 0.8625862376190831515 14.87948361097508787 -0.5 0 0 1 I I #
point $-1 -1 $-1 0.8625862376190831515 14.87948361097508787 -0.5 #
color-adesk-attrib $-1 -1 $-1 $-1 $432 256 #
straight-curve $-1 -1 $-1 0.3469174819924006337 15.33334404568745235 0.5 -0.7880107536067222362 0.6156614753256578476 0 I I #
point $-1 -1 $-1 0.8591395868705835603 14.93315227756711217 0.5 #
coedge $-1 -1 $-1 $571 $442 $572 $573 forward $144 $-1 #
coedge $-1 -1 $-1 $467 $466 $442 $514 reversed $468 $-1 #
edge $574 -1 $-1 $516 -0.6500191812532306601 $575 -0 $513 $576 forward @7 unknown #
color-adesk-attrib $-1 -1 $-1 $-1 $444 256 #
vertex $-1 -1 $-1 $472 $577 #
ellipse-curve $-1 -1 $-1 0.8369757737588581215 -13.7152161095627303 0.5 0 0 1 0.02216381311172355151 0.02836838712984190991 0 1 I I #
color-adesk-attrib $-1 -1 $-1 $-1 $446 256 #
vertex $-1 -1 $-1 $461 $578 #
ellipse-curve $-1 -1 $-1 0.8369757737588578994 -14.77521610956273079 0.5 0 0 1 0.02216381311172388457 0.02836838712984202093 0 1 I I #
color-adesk-attrib $-1 -1 $-1 $-1 $454 256 #
plane-surface $-1 -1 $-1 0.2999999999999999889 -15.36999999999999922 -0.5 0.7114017738950035863 -0.7027855406160846696 0 0.7027855406160846696 0.7114017738950035863 0 forward_v I I I I #
color-adesk-attrib $-1 -1 $-1 $-1 $461 256 #
straight-curve $-1 -1 $-1 0.8625862376190782665 -14.80051638902491007 -0.5 0 0 1 I I #
coedge $-1 -1 $-1 $463 $579 $580 $581 forward $135 $-1 #
coedge $-1 -1 $-1 $582 $583 $463 $527 reversed $584 $-1 #
edge $585 -1 $-1 $586 0 $532 0.7409699849464098653 $463 $587 forward @7 unknown #
coedge $-1 -1 $-1 $572 $464 $583 $588 forward $530 $-1 #
coedge $-1 -1 $-1 $464 $572 $466 $534 reversed $530 $-1 #
loop $-1 -1 $-1 $-1 $464 $589 #
color-adesk-attrib $-1 -1 $-1 $-1 $465 256 #
vertex $-1 -1 $-1 $527 $590 #
ellipse-curve $-1 -1 $-1 0.3795475401846588603 -13.24489138437139246 -0.5 0 0 1 -0.03770429401643513034 0.0372476336526523788 0 1 F 0 F 1.686876739761460131 #
edge $591 -1 $-1 $470 0 $575 1 $466 $592 forward @7 tangent #
face $593 -1 $-1 $473 $468 $7 $-1 $594 forward single #
point $-1 -1 $-1 0.3469174819923990238 -13.28665595431254864 -0.5 #
color-adesk-attrib $-1 -1 $-1 $-1 $472 256 #
straight-curve $-1 -1 $-1 0.859139586870581784 -13.68684772243288883 -0.5 0 0 1 I I #
color-adesk-attrib $-1 -1 $-1 $-1 $473 256 #
cone-surface $-1 -1 $-1 0.8369757737588581215 -13.7152161095627303 -0.5 0 0 1 0.02216381311172355151 0.02836838712984190991 0 1 I I 0 1 0.03599999999999984462 forward I I I I #
color-adesk-attrib $-1 -1 $-1 $-1 $475 256 #
straight-curve $-1 -1 $-1 0.2999999999999999889 -15.36999999999999922 0 0 0 -1 I I #
color-adesk-attrib $-1 -1 $-1 $-1 $476 256 #
straight-curve $-1 -1 $-1 -0.2999999999999999889 -15.36999999999999922 0 0 0 -1 I I #
color-adesk-attrib $-1 -1 $-1 $-1 $484 256 #
straight-curve $-1 -1 $-1 0.8625862376190782665 -14.80051638902491007 0.5 0.7027855406160845586 0.7114017738950034753 0 I I #
point $-1 -1 $-1 0.2999999999999999889 -15.36999999999999922 0.5 #
color-adesk-attrib $-1 -1 $-1 $-1 $490 256 #
face $595 -1 $-1 $596 $597 $7 $-1 $598 forward single #
loop $-1 -1 $-1 $-1 $599 $490 #
plane-surface $-1 -1 $-1 0.3418432461682274215 13.29235624928126391 -0.5 0.7114017738950041414 -0.7027855406160840035 0 0.7027855406160840035 0.7114017738950041414 0 forward_v I I I I #
coedge $-1 -1 $-1 $600 $601 $602 $603 reversed $491 $-1 #
coedge $-1 -1 $-1 $604 $493 $495 $558 forward $419 $-1 #
coedge $-1 -1 $-1 $493 $604 $600 $605 reversed $419 $-1 #
coedge $-1 -1 $-1 $602 $496 $493 $556 forward $135 $-1 #
edge $606 -1 $-1 $560 0 $607 0.6500191812532296609 $555 $608 forward @7 unknown #
coedge $-1 -1 $-1 $495 $494 $609 $610 reversed $331 $-1 #
edge $611 -1 $-1 $560 0 $612 1 $553 $613 forward @7 tangent #
color-adesk-attrib $-1 -1 $-1 $-1 $497 256 #
vertex $-1 -1 $-1 $497 $614 #
ellipse-curve $-1 -1 $-1 0.3795475401846611363 14.31510861562861159 -0.5 0 0 1 -0.0377042940164336246 0.03724763365265104653 0 1 F 0 F 1.686876739761476118 #
coedge $-1 -1 $-1 $503 $609 $498 $563 forward $144 $-1 #
edge $615 -1 $-1 $565 -0.7409699849464074228 $506 -0 $498 $616 forward @7 unknown #
color-adesk-attrib $-1 -1 $-1 $-1 $499 256 #
vertex $-1 -1 $-1 $499 $617 #
straight-curve $-1 -1 $-1 0.3418432461682275325 14.35235624928126263 -0.5 0 0 1 I I #
point $-1 -1 $-1 0.3418432461682275325 14.35235624928126263 -0.5 #
color-adesk-attrib $-1 -1 $-1 $-1 $504 256 #
ellipse-curve $-1 -1 $-1 0.8369757737588601199 14.90478389043726715 0.5 0 0 1 0.02216381311172344049 0.02836838712984501853 0 1 I I #
point $-1 -1 $-1 0.8625862376190831515 14.87948361097508787 0.5 #
coedge $-1 -1 $-1 $618 $512 $619 $620 forward $144 $-1 #
coedge $-1 -1 $-1 $529 $528 $512 $573 reversed $530 $-1 #
edge $621 -1 $-1 $575 -1.686876739761460131 $622 -0 $572 $623 forward @7 unknown #
color-adesk-attrib $-1 -1 $-1 $-1 $514 256 #
vertex $-1 -1 $-1 $534 $624 #
straight-curve $-1 -1 $-1 0.3469174819923990238 -13.28665595431254864 0.5 -0.7880107536067219032 0.6156614753256585137 0 I I #
point $-1 -1 $-1 0.859139586870581784 -13.68684772243288883 0.5 #
point $-1 -1 $-1 0.8625862376190782665 -14.80051638902490829 0.5 #
coedge $-1 -1 $-1 $525 $625 $626 $627 forward $135 $-1 #
coedge $-1 -1 $-1 $628 $629 $525 $581 reversed $630 $-1 #
edge $631 -1 $-1 $632 0 $586 1.686876739761464794 $525 $633 forward @7 unknown #
coedge $-1 -1 $-1 $619 $526 $629 $634 forward $584 $-1 #
coedge $-1 -1 $-1 $526 $619 $528 $588 reversed $584 $-1 #
loop $-1 -1 $-1 $-1 $526 $635 #
color-adesk-attrib $-1 -1 $-1 $-1 $527 256 #
vertex $-1 -1 $-1 $581 $636 #
straight-curve $-1 -1 $-1 0.8625862376190782665 -12.68051638902490907 -0.5 -0.7027855406160843366 -0.7114017738950035863 0 F 0 F 0.7409699849464098653 #
edge $637 -1 $-1 $532 0 $622 1 $528 $638 forward @7 tangent #
face $639 -1 $-1 $535 $530 $7 $-1 $640 forward single #
point $-1 -1 $-1 0.3418432461682237578 -13.20764375071873964 -0.5 #
color-adesk-attrib $-1 -1 $-1 $-1 $534 256 #
straight-curve $-1 -1 $-1 0.3469174819923990238 -13.28665595431254864 -0.5 0 0 1 I I #
color-adesk-attrib $-1 -1 $-1 $-1 $535 256 #
plane-surface $-1 -1 $-1 0.859139586870581784 -13.68684772243288883 -0.5 0.6156614753256585137 0.7880107536067219032 0 -0.7880107536067219032 0.6156614753256585137 0 forward_v I I I I #
color-adesk-attrib $-1 -1 $-1 $-1 $549 256 #
face $641 -1 $-1 $642 $643 $7 $-1 $644 forward single #
loop $-1 -1 $-1 $-1 $645 $549 #
cone-surface $-1 -1 $-1 0.3795475401846642449 13.25510861562860931 -0.5 0 0 1 -0.03770429401643678874 0.03724763365265459925 0 1 I I 0 -1 0.05300000000000262834 forward I I I I #
coedge $-1 -1 $-1 $646 $647 $648 $649 reversed $550 $-1 #
coedge $-1 -1 $-1 $650 $552 $554 $605 forward $491 $-1 #
coedge $-1 -1 $-1 $552 $650 $646 $651 reversed $491 $-1 #
coedge $-1 -1 $-1 $648 $555 $552 $603 forward $135 $-1 #
edge $652 -1 $-1 $607 0 $653 1.686876739761456134 $602 $654 forward @7 unknown #
coedge $-1 -1 $-1 $554 $553 $655 $656 reversed $419 $-1 #
edge $657 -1 $-1 $607 0 $658 1 $600 $659 forward @7 tangent #
color-adesk-attrib $-1 -1 $-1 $-1 $556 256 #
vertex $-1 -1 $-1 $556 $660 #
straight-curve $-1 -1 $-1 0.3469174819924017994 14.27334404568745363 -0.5 0.7880107536067215701 -0.6156614753256588468 0 F 0 F 0.6500191812532296609 #
coedge $-1 -1 $-1 $562 $655 $557 $610 forward $144 $-1 #
edge $661 -1 $-1 $612 -1.686876739761476118 $565 -0 $557 $662 forward @7 unknown #
color-adesk-attrib $-1 -1 $-1 $-1 $558 256 #
vertex $-1 -1 $-1 $558 $663 #
straight-curve $-1 -1 $-1 0.3469174819924031317 14.27334404568745718 -0.5 0 0 1 I I #
point $-1 -1 $-1 0.3469174819924031317 14.27334404568745718 -0.5 #
color-adesk-attrib $-1 -1 $-1 $-1 $563 256 #
straight-curve $-1 -1 $-1 0.8625862376190800429 14.87948361097509142 0.5 0.7027855406160838925 0.7114017738950041414 0 I I #
point $-1 -1 $-1 0.3418432461682275325 14.35235624928126263 0.5 #
coedge $-1 -1 $-1 $664 $571 $665 $666 forward $144 $-1 #
coedge $-1 -1 $-1 $583 $582 $571 $620 reversed $584 $-1 #
edge $667 -1 $-1 $622 -0.7409699849464098653 $668 -0 $619 $669 forward @7 unknown #
color-adesk-attrib $-1 -1 $-1 $-1 $573 256 #
vertex $-1 -1 $-1 $588 $670 #
ellipse-curve $-1 -1 $-1 0.3795475401846588603 -13.24489138437139246 0.5 0 0 -1 -0.03770429401643513034 0.0372476336526523788 0 1 I I #
point $-1 -1 $-1 0.3469174819923989683 -13.28665595431254864 0.5 #
coedge $-1 -1 $-1 $579 $671 $672 $673 forward $135 $-1 #
coedge $-1 -1 $-1 $674 $675 $579 $627 reversed $676 $-1 #
edge $677 -1 $-1 $678 0 $632 0.650019181253230327 $579 $679 forward @7 unknown #
coedge $-1 -1 $-1 $665 $580 $675 $680 forward $630 $-1 #
coedge $-1 -1 $-1 $580 $665 $582 $634 reversed $630 $-1 #
loop $-1 -1 $-1 $-1 $580 $681 #
color-adesk-attrib $-1 -1 $-1 $-1 $581 256 #
vertex $-1 -1 $-1 $627 $682 #
ellipse-curve $-1 -1 $-1 0.8369757737588583435 -12.6552161095627298 -0.5 0 0 -1 0.02216381311172344049 0.02836838712984190991 0 1 F 0 F 1.686876739761464794 #
edge $683 -1 $-1 $586 0 $668 1 $582 $684 forward @7 tangent #
face $685 -1 $-1 $589 $584 $7 $-1 $686 forward single #
point $-1 -1 $-1 0.8625862376190784886 -12.68051638902490907 -0.5 #
color-adesk-attrib $-1 -1 $-1 $-1 $588 256 #
straight-curve $-1 -1 $-1 0.3418432461682237578 -13.20764375071873964 -0.5 0 0 1 I I #
color-adesk-attrib $-1 -1 $-1 $-1 $589 256 #
cone-surface $-1 -1 $-1 0.3795475401846588603 -13.24489138437139246 -0.5 0 0 1 -0.03770429401643513034 0.0372476336526523788 0 1 I I 0 -1 0.05299999999999988748 forward I I I I #
color-adesk-attrib $-1 -1 $-1 $-1 $596 256 #
face $687 -1 $-1 $688 $689 $7 $-1 $690 forward single #
loop $-1 -1 $-1 $-1 $691 $596 #
plane-surface $-1 -1 $-1 0.8591395868705833383 12.81315227756711472 -0.5 0.6156614753256588468 0.7880107536067215701 0 -0.7880107536067215701 0.6156614753256588468 0 forward_v I I I I #
coedge $-1 -1 $-1 $692 $693 $694 $695 reversed $597 $-1 #
coedge $-1 -1 $-1 $696 $599 $601 $651 forward $550 $-1 #
coedge $-1 -1 $-1 $599 $696 $692 $697 reversed $550 $-1 #
coedge $-1 -1 $-1 $694 $602 $599 $649 forward $135 $-1 #
edge $698 -1 $-1 $653 0 $699 0.7409699849464074228 $648 $700 forward @7 unknown #
coedge $-1 -1 $-1 $601 $600 $701 $702 reversed $491 $-1 #
edge $703 -1 $-1 $653 0 $704 1 $646 $705 forward @7 tangent #
color-adesk-attrib $-1 -1 $-1 $-1 $603 256 #
vertex $-1 -1 $-1 $603 $706 #
ellipse-curve $-1 -1 $-1 0.8369757737588596758 13.84478389043727198 -0.5 0 0 -1 0.02216381311172388457 0.02836838712984146582 0 1 F 0 F 1.686876739761456134 #
coedge $-1 -1 $-1 $609 $701 $604 $656 forward $144 $-1 #
edge $707 -1 $-1 $658 -0.6500191812532296609 $612 -0 $604 $708 forward @7 unknown #
color-adesk-attrib $-1 -1 $-1 $-1 $605 256 #
vertex $-1 -1 $-1 $605 $709 #
straight-curve $-1 -1 $-1 0.8591395868705835603 13.87315227756711344 -0.5 0 0 1 I I #
point $-1 -1 $-1 0.8591395868705835603 13.87315227756711344 -0.5 #
color-adesk-attrib $-1 -1 $-1 $-1 $610 256 #
ellipse-curve $-1 -1 $-1 0.3795475401846611363 14.31510861562861159 0.5 0 0 -1 -0.0377042940164336246 0.03724763365265104653 0 1 I I #
point $-1 -1 $-1 0.3469174819924031872 14.27334404568745718 0.5 #
coedge $-1 -1 $-1 $710 $618 $711 $712 forward $144 $-1 #
coedge $-1 -1 $-1 $629 $628 $618 $666 reversed $630 $-1 #
edge $713 -1 $-1 $668 -1.686876739761464794 $714 -0 $665 $715 forward @7 unknown #
color-adesk-attrib $-1 -1 $-1 $-1 $620 256 #
vertex $-1 -1 $-1 $634 $716 #
straight-curve $-1 -1 $-1 0.8625862376190782665 -12.68051638902490907 0.5 0.7027855406160843366 0.7114017738950035863 0 I I #
point $-1 -1 $-1 0.3418432461682237578 -13.20764375071873964 0.5 #
coedge $-1 -1 $-1 $625 $717 $718 $719 forward $135 $-1 #
coedge $-1 -1 $-1 $720 $721 $625 $673 reversed $722 $-1 #
edge $723 -1 $-1 $724 0 $678 1.686876739761458799 $625 $725 forward @7 unknown #
coedge $-1 -1 $-1 $711 $626 $721 $726 forward $676 $-1 #
coedge $-1 -1 $-1 $626 $711 $628 $680 reversed $676 $-1 #
loop $-1 -1 $-1 $-1 $626 $727 #
color-adesk-attrib $-1 -1 $-1 $-1 $627 256 #
vertex $-1 -1 $-1 $673 $728 #
straight-curve $-1 -1 $-1 0.3469174819923996345 -12.22665595431254815 -0.5 0.7880107536067215701 -0.6156614753256588468 0 F 0 F 0.650019181253230327 #
edge $729 -1 $-1 $632 0 $714 1 $628 $730 forward @7 tangent #
face $731 -1 $-1 $635 $630 $7 $-1 $732 forward single #
point $-1 -1 $-1 0.859139586870581784 -12.62684772243288833 -0.5 #
color-adesk-attrib $-1 -1 $-1 $-1 $634 256 #
straight-curve $-1 -1 $-1 0.8625862376190784886 -12.68051638902490907 -0.5 0 0 1 I I #
color-adesk-attrib $-1 -1 $-1 $-1 $635 256 #
plane-surface $-1 -1 $-1 0.3418432461682237578 -13.20764375071873964 -0.5 0.7114017738950036973 -0.7027855406160844476 0 0.7027855406160844476 0.7114017738950036973 0 forward_v I I I I #
color-adesk-attrib $-1 -1 $-1 $-1 $642 256 #
face $733 -1 $-1 $734 $735 $7 $-1 $736 forward single #
loop $-1 -1 $-1 $-1 $737 $642 #
cone-surface $-1 -1 $-1 0.8369757737588598978 12.7847838904372697 -0.5 0 0 1 0.02216381311172344049 0.02836838712984501853 0 1 I I 0 1 0.03600000000000222466 forward I I I I #
coedge $-1 -1 $-1 $738 $739 $740 $741 reversed $643 $-1 #
coedge $-1 -1 $-1 $742 $645 $647 $697 forward $597 $-1 #
coedge $-1 -1 $-1 $645 $742 $738 $743 reversed $597 $-1 #
coedge $-1 -1 $-1 $740 $648 $645 $695 forward $135 $-1 #
edge $744 -1 $-1 $699 0 $745 1.686876739761427491 $694 $746 forward @7 unknown #
coedge $-1 -1 $-1 $647 $646 $747 $748 reversed $550 $-1 #
edge $749 -1 $-1 $699 0 $750 1 $692 $751 forward @7 tangent #
color-adesk-attrib $-1 -1 $-1 $-1 $649 256 #
vertex $-1 -1 $-1 $649 $752 #
straight-curve $-1 -1 $-1 0.8625862376190800429 13.8194836109750927 -0.5 -0.7027855406160840035 -0.7114017738950041414 0 F 0 F 0.7409699849464074228 #
coedge $-1 -1 $-1 $655 $747 $650 $702 forward $144 $-1 #
edge $753 -1 $-1 $704 -1.686876739761456134 $658 -0 $650 $754 forward @7 unknown #
color-adesk-attrib $-1 -1 $-1 $-1 $651 256 #
vertex $-1 -1 $-1 $651 $755 #
straight-curve $-1 -1 $-1 0.8625862376190793768 13.8194836109750927 -0.5 0 0 1 I I #
point $-1 -1 $-1 0.8625862376190793768 13.8194836109750927 -0.5 #
color-adesk-attrib $-1 -1 $-1 $-1 $656 256 #
straight-curve $-1 -1 $-1 0.3469174819924017994 14.27334404568745363 0.5 -0.7880107536067215701 0.6156614753256588468 0 I I #
point $-1 -1 $-1 0.8591395868705835603 13.87315227756711344 0.5 #
coedge $-1 -1 $-1 $756 $664 $757 $758 forward $144 $-1 #
coedge $-1 -1 $-1 $675 $674 $664 $712 reversed $676 $-1 #
edge $759 -1 $-1 $714 -0.650019181253230327 $760 -0 $711 $761 forward @7 unknown #
color-adesk-attrib $-1 -1 $-1 $-1 $666 256 #
vertex $-1 -1 $-1 $680 $762 #
ellipse-curve $-1 -1 $-1 0.8369757737588583435 -12.6552161095627298 0.5 0 0 1 0.02216381311172344049 0.02836838712984190991 0 1 I I #
point $-1 -1 $-1 0.8625862376190784886 -12.68051638902491085 0.5 #
coedge $-1 -1 $-1 $671 $763 $764 $765 forward $135 $-1 #
coedge $-1 -1 $-1 $766 $767 $671 $719 reversed $768 $-1 #
edge $769 -1 $-1 $770 0 $724 0.7409699849464091992 $671 $771 forward @7 unknown #
coedge $-1 -1 $-1 $757 $672 $767 $772 forward $722 $-1 #
coedge $-1 -1 $-1 $672 $757 $674 $726 reversed $722 $-1 #
loop $-1 -1 $-1 $-1 $672 $773 #
color-adesk-attrib $-1 -1 $-1 $-1 $673 256 #
vertex $-1 -1 $-1 $719 $774 #
ellipse-curve $-1 -1 $-1 0.3795475401846594155 -12.18489138437139196 -0.5 0 0 1 -0.03770429401643519973 0.03724763365265193471 0 1 F 0 F 1.686876739761458799 #
edge $775 -1 $-1 $678 0 $760 1 $674 $776 forward @7 tangent #
face $777 -1 $-1 $681 $676 $7 $-1 $778 forward single #
point $-1 -1 $-1 0.346917481992400023 -12.22665595431254815 -0.5 #
color-adesk-attrib $-1 -1 $-1 $-1 $680 256 #
straight-curve $-1 -1 $-1 0.859139586870581784 -12.62684772243288833 -0.5 0 0 1 I I #
color-adesk-attrib $-1 -1 $-1 $-1 $681 256 #
cone-surface $-1 -1 $-1 0.8369757737588583435 -12.6552161095627298 -0.5 0 0 1 0.02216381311172344049 0.02836838712984190991 0 1 I I 0 1 0.03599999999999977524 forward I I I I #
color-adesk-attrib $-1 -1 $-1 $-1 $688 256 #
face $779 -1 $-1 $780 $781 $7 $-1 $782 forward single #
loop $-1 -1 $-1 $-1 $783 $688 #
plane-surface $-1 -1 $-1 0.3418432461682254231 12.23235624928126164 -0.5 0.7114017738950052516 -0.7027855406160828933 0 0.7027855406160828933 0.7114017738950052516 0 forward_v I I I I #
coedge $-1 -1 $-1 $784 $785 $786 $787 reversed $689 $-1 #
coedge $-1 -1 $-1 $788 $691 $693 $743 forward $643 $-1 #
coedge $-1 -1 $-1 $691 $788 $784 $789 reversed $643 $-1 #
coedge $-1 -1 $-1 $786 $694 $691 $741 forward $135 $-1 #
edge $790 -1 $-1 $745 0 $791 0.6500191812532296609 $740 $792 forward @7 unknown #
coedge $-1 -1 $-1 $693 $692 $793 $794 reversed $597 $-1 #
edge $795 -1 $-1 $745 0 $796 1 $738 $797 forward @7 tangent #
color-adesk-attrib $-1 -1 $-1 $-1 $695 256 #
vertex $-1 -1 $-1 $695 $798 #
ellipse-curve $-1 -1 $-1 0.3795475401846642449 13.25510861562860931 -0.5 0 0 1 -0.03770429401643678874 0.03724763365265459925 0 1 F 0 F 1.686876739761427491 #
coedge $-1 -1 $-1 $701 $793 $696 $748 forward $144 $-1 #
edge $799 -1 $-1 $750 -0.7409699849464074228 $704 -0 $696 $800 forward @7 unknown #
color-adesk-attrib $-1 -1 $-1 $-1 $697 256 #
vertex $-1 -1 $-1 $697 $801 #
straight-curve $-1 -1 $-1 0.3418432461682274215 13.29235624928126391 -0.5 0 0 1 I I #
point $-1 -1 $-1 0.3418432461682274215 13.29235624928126391 -0.5 #
color-adesk-attrib $-1 -1 $-1 $-1 $702 256 #
ellipse-curve $-1 -1 $-1 0.8369757737588596758 13.84478389043727198 0.5 0 0 1 0.02216381311172388457 0.02836838712984146582 0 1 I I #
point $-1 -1 $-1 0.8625862376190793768 13.8194836109750927 0.5 #
coedge $-1 -1 $-1 $802 $710 $803 $804 forward $144 $-1 #
coedge $-1 -1 $-1 $721 $720 $710 $758 reversed $722 $-1 #
edge $805 -1 $-1 $760 -1.686876739761458799 $806 -0 $757 $807 forward @7 unknown #
color-adesk-attrib $-1 -1 $-1 $-1 $712 256 #
vertex $-1 -1 $-1 $726 $808 #
straight-curve $-1 -1 $-1 0.3469174819923996345 -12.22665595431254815 0.5 -0.7880107536067215701 0.6156614753256588468 0 I I #
point $-1 -1 $-1 0.859139586870581784 -12.62684772243289011 0.5 #
coedge $-1 -1 $-1 $717 $809 $810 $811 forward $135 $-1 #
coedge $-1 -1 $-1 $812 $813 $717 $765 reversed $814 $-1 #
edge $815 -1 $-1 $816 0 $770 1.686876739761464794 $717 $817 forward @7 unknown #
coedge $-1 -1 $-1 $803 $718 $813 $818 forward $768 $-1 #
coedge $-1 -1 $-1 $718 $803 $720 $772 reversed $768 $-1 #
loop $-1 -1 $-1 $-1 $718 $819 #
color-adesk-attrib $-1 -1 $-1 $-1 $719 256 #
vertex $-1 -1 $-1 $765 $820 #
straight-curve $-1 -1 $-1 0.8625862376190784886 -11.62051638902491035 -0.5 -0.7027855406160844476 -0.7114017738950036973 0 F 0 F 0.7409699849464091992 #
edge $821 -1 $-1 $724 0 $806 1 $720 $822 forward @7 tangent #
face $823 -1 $-1 $727 $722 $7 $-1 $824 forward single #
point $-1 -1 $-1 0.3418432461682243129 -12.14764375071873914 -0.5 #
color-adesk-attrib $-1 -1 $-1 $-1 $726 256 #
straight-curve $-1 -1 $-1 0.346917481992400023 -12.22665595431254815 -0.5 0 0 1 I I #
color-adesk-attrib $-1 -1 $-1 $-1 $727 256 #
plane-surface $-1 -1 $-1 0.859139586870581784 -12.62684772243288833 -0.5 0.6156614753256588468 0.7880107536067215701 0 -0.7880107536067215701 0.6156614753256588468 0 forward_v I I I I #
color-adesk-attrib $-1 -1 $-1 $-1 $734 256 #
face $825 -1 $-1 $826 $827 $7 $-1 $828 forward single #
loop $-1 -1 $-1 $-1 $829 $734 #
cone-surface $-1 -1 $-1 0.37954754018466208 12.19510861562860704 -0.5 0 0 1 -0.03770429401643670547 0.03724763365265459925 0 1 I I 0 -1 0.05300000000000256589 forward I I I I #
coedge $-1 -1 $-1 $830 $831 $832 $833 reversed $735 $-1 #
coedge $-1 -1 $-1 $834 $737 $739 $789 forward $689 $-1 #
coedge $-1 -1 $-1 $737 $834 $830 $835 reversed $689 $-1 #
coedge $-1 -1 $-1 $832 $740 $737 $787 forward $135 $-1 #
edge $836 -1 $-1 $791 0 $837 1.686876739761461685 $786 $838 forward @7 unknown #
coedge $-1 -1 $-1 $739 $738 $839 $840 reversed $643 $-1 #
edge $841 -1 $-1 $791 0 $842 1 $784 $843 forward @7 tangent #
color-adesk-attrib $-1 -1 $-1 $-1 $741 256 #
vertex $-1 -1 $-1 $741 $844 #
straight-curve $-1 -1 $-1 0.3469174819924017439 13.21334404568745491 -0.5 0.7880107536067215701 -0.6156614753256588468 0 F 0 F 0.6500191812532296609 #
coedge $-1 -1 $-1 $747 $839 $742 $794 forward $144 $-1 #
edge $845 -1 $-1 $796 -1.686876739761427491 $750 -0 $742 $846 forward @7 unknown #
color-adesk-attrib $-1 -1 $-1 $-1 $743 256 #
vertex $-1 -1 $-1 $743 $847 #
straight-curve $-1 -1 $-1 0.3469174819924010222 13.21334404568745136 -0.5 0 0 1 I I #
point $-1 -1 $-1 0.3469174819924010222 13.21334404568745136 -0.5 #
color-adesk-attrib $-1 -1 $-1 $-1 $748 256 #
straight-curve $-1 -1 $-1 0.8625862376190800429 13.8194836109750927 0.5 0.7027855406160840035 0.7114017738950041414 0 I I #
point $-1 -1 $-1 0.3418432461682274215 13.29235624928126391 0.5 #
coedge $-1 -1 $-1 $848 $756 $849 $850 forward $144 $-1 #
coedge $-1 -1 $-1 $767 $766 $756 $804 reversed $768 $-1 #
edge $851 -1 $-1 $806 -0.7409699849464091992 $852 -0 $803 $853 forward @7 unknown #
color-adesk-attrib $-1 -1 $-1 $-1 $758 256 #
vertex $-1 -1 $-1 $772 $854 #
ellipse-curve $-1 -1 $-1 0.3795475401846594155 -12.18489138437139196 0.5 0 0 -1 -0.03770429401643519973 0.03724763365265193471 0 1 I I #
point $-1 -1 $-1 0.3469174819924000785 -12.22665595431254637 0.5 #
coedge $-1 -1 $-1 $763 $855 $856 $857 forward $135 $-1 #
coedge $-1 -1 $-1 $858 $859 $763 $811 reversed $860 $-1 #
edge $861 -1 $-1 $862 0 $816 0.6500191812532305491 $763 $863 forward @7 unknown #
coedge $-1 -1 $-1 $849 $764 $859 $864 forward $814 $-1 #
coedge $-1 -1 $-1 $764 $849 $766 $818 reversed $814 $-1 #
loop $-1 -1 $-1 $-1 $764 $865 #
color-adesk-attrib $-1 -1 $-1 $-1 $765 256 #
vertex $-1 -1 $-1 $811 $866 #
ellipse-curve $-1 -1 $-1 0.8369757737588585655 -11.59521610956273108 -0.5 0 0 -1 0.02216381311172344049 0.02836838712984190991 0 1 F 0 F 1.686876739761464794 #
edge $867 -1 $-1 $770 0 $852 1 $766 $868 forward @7 tangent #
face $869 -1 $-1 $773 $768 $7 $-1 $870 forward single #
point $-1 -1 $-1 0.8625862376190784886 -11.62051638902491035 -0.5 #
color-adesk-attrib $-1 -1 $-1 $-1 $772 256 #
straight-curve $-1 -1 $-1 0.3418432461682243129 -12.14764375071873914 -0.5 0 0 1 I I #
color-adesk-attrib $-1 -1 $-1 $-1 $773 256 #
cone-surface $-1 -1 $-1 0.3795475401846594155 -12.18489138437139196 -0.5 0 0 1 -0.03770429401643519973 0.03724763365265193471 0 1 I I 0 -1 0.0529999999999996238 forward I I I I #
color-adesk-attrib $-1 -1 $-1 $-1 $780 256 #
face $871 -1 $-1 $872 $873 $7 $-1 $874 forward single #
loop $-1 -1 $-1 $-1 $875 $780 #
plane-surface $-1 -1 $-1 0.8591395868705833383 11.75315227756711245 -0.5 0.6156614753256578476 0.7880107536067222362 0 -0.7880107536067222362 0.6156614753256578476 0 forward_v I I I I #
coedge $-1 -1 $-1 $876 $877 $878 $879 reversed $781 $-1 #
coedge $-1 -1 $-1 $880 $783 $785 $835 forward $735 $-1 #
coedge $-1 -1 $-1 $783 $880 $876 $881 reversed $735 $-1 #
coedge $-1 -1 $-1 $878 $786 $783 $833 forward $135 $-1 #
edge $882 -1 $-1 $837 0 $883 0.7409699849464113086 $832 $884 forward @7 unknown #
coedge $-1 -1 $-1 $785 $784 $885 $886 reversed $689 $-1 #
edge $887 -1 $-1 $837 0 $888 1 $830 $889 forward @7 tangent #
color-adesk-attrib $-1 -1 $-1 $-1 $787 256 #
vertex $-1 -1 $-1 $787 $890 #
ellipse-curve $-1 -1 $-1 0.8369757737588598978 12.7847838904372697 -0.5 0 0 -1 0.02216381311172344049 0.02836838712984501853 0 1 F 0 F 1.686876739761461685 #
coedge $-1 -1 $-1 $793 $885 $788 $840 forward $144 $-1 #
edge $891 -1 $-1 $842 -0.6500191812532296609 $796 -0 $788 $892 forward @7 unknown #
color-adesk-attrib $-1 -1 $-1 $-1 $789 256 #
vertex $-1 -1 $-1 $789 $893 #
straight-curve $-1 -1 $-1 0.8591395868705833383 12.81315227756711472 -0.5 0 0 1 I I #
point $-1 -1 $-1 0.8591395868705833383 12.81315227756711472 -0.5 #
color-adesk-attrib $-1 -1 $-1 $-1 $794 256 #
ellipse-curve $-1 -1 $-1 0.3795475401846642449 13.25510861562860931 0.5 0 0 -1 -0.03770429401643678874 0.03724763365265459925 0 1 I I #
point $-1 -1 $-1 0.3469174819924010778 13.21334404568745136 0.5 #
coedge $-1 -1 $-1 $894 $802 $895 $896 forward $144 $-1 #
coedge $-1 -1 $-1 $813 $812 $802 $850 reversed $814 $-1 #
edge $897 -1 $-1 $852 -1.686876739761464794 $898 -0 $849 $899 forward @7 unknown #
color-adesk-attrib $-1 -1 $-1 $-1 $804 256 #
vertex $-1 -1 $-1 $818 $900 #
straight-curve $-1 -1 $-1 0.8625862376190784886 -11.62051638902491035 0.5 0.7027855406160844476 0.7114017738950036973 0 I I #
point $-1 -1 $-1 0.3418432461682243129 -12.14764375071874092 0.5 #
coedge $-1 -1 $-1 $809 $901 $902 $903 forward $135 $-1 #
coedge $-1 -1 $-1 $904 $905 $809 $857 reversed $906 $-1 #
edge $907 -1 $-1 $908 0 $862 1.686876739761466126 $809 $909 forward @7 unknown #
coedge $-1 -1 $-1 $895 $810 $905 $910 forward $860 $-1 #
coedge $-1 -1 $-1 $810 $895 $812 $864 reversed $860 $-1 #
loop $-1 -1 $-1 $-1 $810 $911 #
color-adesk-attrib $-1 -1 $-1 $-1 $811 256 #
vertex $-1 -1 $-1 $857 $912 #
straight-curve $-1 -1 $-1 0.3469174819923995789 -11.16665595431254943 -0.5 0.7880107536067216811 -0.6156614753256586248 0 F 0 F 0.6500191812532305491 #
edge $913 -1 $-1 $816 0 $898 1 $812 $914 forward @7 tangent #
face $915 -1 $-1 $819 $814 $7 $-1 $916 forward single #
point $-1 -1 $-1 0.859139586870582006 -11.56684772243288961 -0.5 #
color-adesk-attrib $-1 -1 $-1 $-1 $818 256 #
straight-curve $-1 -1 $-1 0.8625862376190784886 -11.62051638902491035 -0.5 0 0 1 I I #
color-adesk-attrib $-1 -1 $-1 $-1 $819 256 #
plane-surface $-1 -1 $-1 0.3418432461682243129 -12.14764375071873914 -0.5 0.7114017738950036973 -0.7027855406160844476 0 0.7027855406160844476 0.7114017738950036973 0 forward_v I I I I #
color-adesk-attrib $-1 -1 $-1 $-1 $826 256 #
face $917 -1 $-1 $918 $919 $7 $-1 $920 forward single #
loop $-1 -1 $-1 $-1 $921 $826 #
cone-surface $-1 -1 $-1 0.8369757737588598978 11.72478389043726743 -0.5 0 0 1 0.02216381311172344049 0.02836838712984501853 0 1 I I 0 1 0.03600000000000222466 forward I I I I #
coedge $-1 -1 $-1 $922 $923 $924 $925 reversed $827 $-1 #
coedge $-1 -1 $-1 $926 $829 $831 $881 forward $781 $-1 #
coedge $-1 -1 $-1 $829 $926 $922 $927 reversed $781 $-1 #
coedge $-1 -1 $-1 $924 $832 $829 $879 forward $135 $-1 #
edge $928 -1 $-1 $883 0 $929 1.686876739761436816 $878 $930 forward @7 unknown #
coedge $-1 -1 $-1 $831 $830 $931 $932 reversed $735 $-1 #
edge $933 -1 $-1 $883 0 $934 1 $876 $935 forward @7 tangent #
color-adesk-attrib $-1 -1 $-1 $-1 $833 256 #
vertex $-1 -1 $-1 $833 $936 #
straight-curve $-1 -1 $-1 0.8625862376190798209 12.75948361097509398 -0.5 -0.7027855406160828933 -0.7114017738950052516 0 F 0 F 0.7409699849464113086 #
coedge $-1 -1 $-1 $839 $931 $834 $886 forward $144 $-1 #
edge $937 -1 $-1 $888 -1.686876739761461685 $842 -0 $834 $938 forward @7 unknown #
color-adesk-attrib $-1 -1 $-1 $-1 $835 256 #
vertex $-1 -1 $-1 $835 $939 #
straight-curve $-1 -1 $-1 0.8625862376190831515 12.75948361097509043 -0.5 0 0 1 I I #
point $-1 -1 $-1 0.8625862376190831515 12.75948361097509043 -0.5 #
color-adesk-attrib $-1 -1 $-1 $-1 $840 256 #
straight-curve $-1 -1 $-1 0.3469174819924017439 13.21334404568745491 0.5 -0.7880107536067215701 0.6156614753256588468 0 I I #
point $-1 -1 $-1 0.8591395868705833383 12.81315227756711472 0.5 #
coedge $-1 -1 $-1 $940 $848 $941 $942 forward $144 $-1 #
coedge $-1 -1 $-1 $859 $858 $848 $896 reversed $860 $-1 #
edge $943 -1 $-1 $898 -0.6500191812532305491 $944 -0 $895 $945 forward @7 unknown #
color-adesk-attrib $-1 -1 $-1 $-1 $850 256 #
vertex $-1 -1 $-1 $864 $946 #
ellipse-curve $-1 -1 $-1 0.8369757737588585655 -11.59521610956273108 0.5 0 0 1 0.02216381311172344049 0.02836838712984190991 0 1 I I #
point $-1 -1 $-1 0.8625862376190784886 -11.62051638902490858 0.5 #
coedge $-1 -1 $-1 $855 $947 $948 $949 forward $135 $-1 #
coedge $-1 -1 $-1 $950 $951 $855 $903 reversed $952 $-1 #
edge $953 -1 $-1 $954 0 $908 0.7409699849464093102 $855 $955 forward @7 unknown #
coedge $-1 -1 $-1 $941 $856 $951 $956 forward $906 $-1 #
coedge $-1 -1 $-1 $856 $941 $858 $910 reversed $906 $-1 #
loop $-1 -1 $-1 $-1 $856 $957 #
color-adesk-attrib $-1 -1 $-1 $-1 $857 256 #
vertex $-1 -1 $-1 $903 $958 #
ellipse-curve $-1 -1 $-1 0.3795475401846591379 -11.12489138437139147 -0.5 0 0 1 -0.03770429401643506789 0.03724763365265282289 0 1 F 0 F 1.686876739761466126 #
edge $959 -1 $-1 $862 0 $944 1 $858 $960 forward @7 tangent #
face $961 -1 $-1 $865 $860 $7 $-1 $962 forward single #
point $-1 -1 $-1 0.3469174819923991349 -11.16665595431254943 -0.5 #
color-adesk-attrib $-1 -1 $-1 $-1 $864 256 #
straight-curve $-1 -1 $-1 0.859139586870582006 -11.56684772243288961 -0.5 0 0 1 I I #
color-adesk-attrib $-1 -1 $-1 $-1 $865 256 #
cone-surface $-1 -1 $-1 0.8369757737588585655 -11.59521610956273108 -0.5 0 0 1 0.02216381311172344049 0.02836838712984190991 0 1 I I 0 1 0.03599999999999977524 forward I I I I #
color-adesk-attrib $-1 -1 $-1 $-1 $872 256 #
face $963 -1 $-1 $964 $965 $7 $-1 $966 forward single #
loop $-1 -1 $-1 $-1 $967 $872 #
plane-surface $-1 -1 $-1 0.3418432461682273105 11.17235624928126292 -0.5 0.7114017738950041414 -0.7027855406160838925 0 0.7027855406160838925 0.7114017738950041414 0 forward_v I I I I #
coedge $-1 -1 $-1 $968 $969 $970 $971 reversed $873 $-1 #
coedge $-1 -1 $-1 $972 $875 $877 $927 forward $827 $-1 #
coedge $-1 -1 $-1 $875 $972 $968 $973 reversed $827 $-1 #
coedge $-1 -1 $-1 $970 $878 $875 $925 forward $135 $-1 #
edge $974 -1 $-1 $929 0 $975 0.6500191812532306601 $924 $976 forward @7 unknown #
coedge $-1 -1 $-1 $877 $876 $977 $978 reversed $781 $-1 #
edge $979 -1 $-1 $929 0 $980 1 $922 $981 forward @7 tangent #
color-adesk-attrib $-1 -1 $-1 $-1 $879 256 #
vertex $-1 -1 $-1 $879 $982 #
ellipse-curve $-1 -1 $-1 0.37954754018466208 12.19510861562860704 -0.5 0 0 1 -0.03770429401643670547 0.03724763365265459925 0 1 F 0 F 1.686876739761436816 #
coedge $-1 -1 $-1 $885 $977 $880 $932 forward $144 $-1 #
edge $983 -1 $-1 $934 -0.7409699849464113086 $888 -0 $880 $984 forward @7 unknown #
color-adesk-attrib $-1 -1 $-1 $-1 $881 256 #
vertex $-1 -1 $-1 $881 $985 #
straight-curve $-1 -1 $-1 0.3418432461682254231 12.23235624928126164 -0.5 0 0 1 I I #
point $-1 -1 $-1 0.3418432461682254231 12.23235624928126164 -0.5 #
color-adesk-attrib $-1 -1 $-1 $-1 $886 256 #
ellipse-curve $-1 -1 $-1 0.8369757737588598978 12.7847838904372697 0.5 0 0 1 0.02216381311172344049 0.02836838712984501853 0 1 I I #
point $-1 -1 $-1 0.8625862376190831515 12.75948361097509043 0.5 #
coedge $-1 -1 $-1 $986 $894 $987 $988 forward $144 $-1 #
coedge $-1 -1 $-1 $905 $904 $894 $942 reversed $906 $-1 #
edge $989 -1 $-1 $944 -1.686876739761466126 $990 -0 $941 $991 forward @7 unknown #
color-adesk-attrib $-1 -1 $-1 $-1 $896 256 #
vertex $-1 -1 $-1 $910 $992 #
straight-curve $-1 -1 $-1 0.3469174819923995789 -11.16665595431254943 0.5 -0.7880107536067216811 0.6156614753256586248 0 I I #
point $-1 -1 $-1 0.859139586870582006 -11.56684772243288783 0.5 #
coedge $-1 -1 $-1 $901 $993 $994 $995 forward $135 $-1 #
coedge $-1 -1 $-1 $996 $997 $901 $949 reversed $998 $-1 #
edge $999 -1 $-1 $1000 0 $954 1.686876739761467237 $901 $1001 forward @7 unknown #
coedge $-1 -1 $-1 $987 $902 $997 $1002 forward $952 $-1 #
coedge $-1 -1 $-1 $902 $987 $904 $956 reversed $952 $-1 #
loop $-1 -1 $-1 $-1 $902 $1003 #
color-adesk-attrib $-1 -1 $-1 $-1 $903 256 #
vertex $-1 -1 $-1 $949 $1004 #
straight-curve $-1 -1 $-1 0.8625862376190784886 -10.56051638902490986 -0.5 -0.7027855406160845586 -0.7114017738950035863 0 F 0 F 0.7409699849464093102 #
edge $1005 -1 $-1 $908 0 $990 1 $904 $1006 forward @7 tangent #
face $1007 -1 $-1 $911 $906 $7 $-1 $1008 forward single #
point $-1 -1 $-1 0.3418432461682240908 -11.08764375071874042 -0.5 #
color-adesk-attrib $-1 -1 $-1 $-1 $910 256 #
straight-curve $-1 -1 $-1 0.3469174819923991349 -11.16665595431254943 -0.5 0 0 1 I I #
color-adesk-attrib $-1 -1 $-1 $-1 $911 256 #
plane-surface $-1 -1 $-1 0.859139586870582006 -11.56684772243288961 -0.5 0.6156614753256586248 0.7880107536067216811 0 -0.7880107536067216811 0.6156614753256586248 0 forward_v I I I I #
color-adesk-attrib $-1 -1 $-1 $-1 $918 256 #
face $1009 -1 $-1 $1010 $1011 $7 $-1 $1012 forward single #
loop $-1 -1 $-1 $-1 $1013 $918 #
cone-surface $-1 -1 $-1 0.3795475401846609143 11.13510861562861187 -0.5 0 0 1 -0.0377042940164336246 0.03724763365265104653 0 1 I I 0 -1 0.05299999999999788214 forward I I I I #
coedge $-1 -1 $-1 $1014 $1015 $1016 $1017 reversed $919 $-1 #
coedge $-1 -1 $-1 $1018 $921 $923 $973 forward $873 $-1 #
coedge $-1 -1 $-1 $921 $1018 $1014 $1019 reversed $873 $-1 #
coedge $-1 -1 $-1 $1016 $924 $921 $971 forward $135 $-1 #
edge $1020 -1 $-1 $975 0 $1021 1.686876739761461685 $970 $1022 forward @7 unknown #
coedge $-1 -1 $-1 $923 $922 $1023 $1024 reversed $827 $-1 #
edge $1025 -1 $-1 $975 0 $1026 1 $968 $1027 forward @7 tangent #
color-adesk-attrib $-1 -1 $-1 $-1 $925 256 #
vertex $-1 -1 $-1 $925 $1028 #
straight-curve $-1 -1 $-1 0.3469174819924004116 12.15334404568745263 -0.5 0.7880107536067222362 -0.6156614753256578476 0 F 0 F 0.6500191812532306601 #
coedge $-1 -1 $-1 $931 $1023 $926 $978 forward $144 $-1 #
edge $1029 -1 $-1 $980 -1.686876739761436816 $934 -0 $926 $1030 forward @7 unknown #
color-adesk-attrib $-1 -1 $-1 $-1 $927 256 #
vertex $-1 -1 $-1 $927 $1031 #
straight-curve $-1 -1 $-1 0.3469174819923993014 12.15334404568744908 -0.5 0 0 1 I I #
point $-1 -1 $-1 0.3469174819923993014 12.15334404568744908 -0.5 #
color-adesk-attrib $-1 -1 $-1 $-1 $932 256 #
straight-curve $-1 -1 $-1 0.8625862376190798209 12.75948361097509398 0.5 0.7027855406160828933 0.7114017738950052516 0 I I #
point $-1 -1 $-1 0.3418432461682254231 12.23235624928126164 0.5 #
coedge $-1 -1 $-1 $1032 $940 $1033 $1034 forward $144 $-1 #
coedge $-1 -1 $-1 $951 $950 $940 $988 reversed $952 $-1 #
edge $1035 -1 $-1 $990 -0.7409699849464093102 $1036 -0 $987 $1037 forward @7 unknown #
color-adesk-attrib $-1 -1 $-1 $-1 $942 256 #
vertex $-1 -1 $-1 $956 $1038 #
ellipse-curve $-1 -1 $-1 0.3795475401846591379 -11.12489138437139147 0.5 0 0 -1 -0.03770429401643506789 0.03724763365265282289 0 1 I I #
point $-1 -1 $-1 0.3469174819923990793 -11.1666559543125512 0.5 #
coedge $-1 -1 $-1 $947 $1039 $1040 $1041 forward $135 $-1 #
coedge $-1 -1 $-1 $1042 $1043 $947 $995 reversed $1044 $-1 #
edge $1045 -1 $-1 $1046 0 $1000 0.650019181253230216 $947 $1047 forward @7 unknown #
coedge $-1 -1 $-1 $1033 $948 $1043 $1048 forward $998 $-1 #
coedge $-1 -1 $-1 $948 $1033 $950 $1002 reversed $998 $-1 #
loop $-1 -1 $-1 $-1 $948 $1049 #
color-adesk-attrib $-1 -1 $-1 $-1 $949 256 #
vertex $-1 -1 $-1 $995 $1050 #
ellipse-curve $-1 -1 $-1 0.8369757737588581215 -10.53521610956273058 -0.5 0 0 -1 0.02216381311172377355 0.028368387129842354 0 1 F 0 F 1.686876739761467237 #
edge $1051 -1 $-1 $954 0 $1036 1 $950 $1052 forward @7 tangent #
face $1053 -1 $-1 $957 $952 $7 $-1 $1054 forward single #
point $-1 -1 $-1 0.8625862376190784886 -10.56051638902490986 -0.5 #
color-adesk-attrib $-1 -1 $-1 $-1 $956 256 #
straight-curve $-1 -1 $-1 0.3418432461682240908 -11.08764375071874042 -0.5 0 0 1 I I #
color-adesk-attrib $-1 -1 $-1 $-1 $957 256 #
cone-surface $-1 -1 $-1 0.3795475401846591379 -11.12489138437139147 -0.5 0 0 1 -0.03770429401643506789 0.03724763365265282289 0 1 I I 0 -1 0.05300000000000015116 forward I I I I #
color-adesk-attrib $-1 -1 $-1 $-1 $964 256 #
face $1055 -1 $-1 $1056 $1057 $7 $-1 $1058 forward single #
loop $-1 -1 $-1 $-1 $1059 $964 #
plane-surface $-1 -1 $-1 0.8591395868705833383 10.69315227756711373 -0.5 0.6156614753256588468 0.7880107536067215701 0 -0.7880107536067215701 0.6156614753256588468 0 forward_v I I I I #
coedge $-1 -1 $-1 $1060 $1061 $1062 $1063 reversed $965 $-1 #
coedge $-1 -1 $-1 $1064 $967 $969 $1019 forward $919 $-1 #
coedge $-1 -1 $-1 $967 $1064 $1060 $1065 reversed $919 $-1 #
coedge $-1 -1 $-1 $1062 $970 $967 $1017 forward $135 $-1 #
edge $1066 -1 $-1 $1021 0 $1067 0.7409699849464074228 $1016 $1068 forward @7 unknown #
coedge $-1 -1 $-1 $969 $968 $1069 $1070 reversed $873 $-1 #
edge $1071 -1 $-1 $1021 0 $1072 1 $1014 $1073 forward @7 tangent #
color-adesk-attrib $-1 -1 $-1 $-1 $971 256 #
vertex $-1 -1 $-1 $971 $1074 #
ellipse-curve $-1 -1 $-1 0.8369757737588598978 11.72478389043726743 -0.5 0 0 -1 0.02216381311172344049 0.02836838712984501853 0 1 F 0 F 1.686876739761461685 #
coedge $-1 -1 $-1 $977 $1069 $972 $1024 forward $144 $-1 #
edge $1075 -1 $-1 $1026 -0.6500191812532306601 $980 -0 $972 $1076 forward @7 unknown #
color-adesk-attrib $-1 -1 $-1 $-1 $973 256 #
vertex $-1 -1 $-1 $973 $1077 #
straight-curve $-1 -1 $-1 0.8591395868705833383 11.75315227756711245 -0.5 0 0 1 I I #
point $-1 -1 $-1 0.8591395868705833383 11.75315227756711245 -0.5 #
color-adesk-attrib $-1 -1 $-1 $-1 $978 256 #
ellipse-curve $-1 -1 $-1 0.37954754018466208 12.19510861562860704 0.5 0 0 -1 -0.03770429401643670547 0.03724763365265459925 0 1 I I #
point $-1 -1 $-1 0.3469174819923993014 12.15334404568744908 0.5 #
coedge $-1 -1 $-1 $1078 $986 $1079 $1080 forward $144 $-1 #
coedge $-1 -1 $-1 $997 $996 $986 $1034 reversed $998 $-1 #
edge $1081 -1 $-1 $1036 -1.686876739761467237 $1082 -0 $1033 $1083 forward @7 unknown #
color-adesk-attrib $-1 -1 $-1 $-1 $988 256 #
vertex $-1 -1 $-1 $1002 $1084 #
straight-curve $-1 -1 $-1 0.8625862376190784886 -10.56051638902490986 0.5 0.7027855406160845586 0.7114017738950035863 0 I I #
point $-1 -1 $-1 0.3418432461682240908 -11.08764375071873864 0.5 #
coedge $-1 -1 $-1 $993 $1085 $1086 $1087 forward $135 $-1 #
coedge $-1 -1 $-1 $1088 $1089 $993 $1041 reversed $1090 $-1 #
edge $1091 -1 $-1 $1092 0 $1046 1.686876739761465904 $993 $1093 forward @7 unknown #
coedge $-1 -1 $-1 $1079 $994 $1089 $1094 forward $1044 $-1 #
coedge $-1 -1 $-1 $994 $1079 $996 $1048 reversed $1044 $-1 #
loop $-1 -1 $-1 $-1 $994 $1095 #
color-adesk-attrib $-1 -1 $-1 $-1 $995 256 #
vertex $-1 -1 $-1 $1041 $1096 #
straight-curve $-1 -1 $-1 0.3469174819923996345 -10.10665595431254715 -0.5 0.7880107536067219032 -0.6156614753256582917 0 F 0 F 0.650019181253230216 #
edge $1097 -1 $-1 $1000 0 $1082 1 $996 $1098 forward @7 tangent #
face $1099 -1 $-1 $1003 $998 $7 $-1 $1100 forward single #
point $-1 -1 $-1 0.859139586870582006 -10.50684772243288734 -0.5 #
color-adesk-attrib $-1 -1 $-1 $-1 $1002 256 #
straight-curve $-1 -1 $-1 0.8625862376190784886 -10.56051638902490986 -0.5 0 0 1 I I #
color-adesk-attrib $-1 -1 $-1 $-1 $1003 256 #
plane-surface $-1 -1 $-1 0.3418432461682240908 -11.08764375071874042 -0.5 0.7114017738950035863 -0.7027855406160845586 0 0.7027855406160845586 0.7114017738950035863 0 forward_v I I I I #
color-adesk-attrib $-1 -1 $-1 $-1 $1010 256 #
face $1101 -1 $-1 $1102 $1103 $7 $-1 $1104 forward single #
loop $-1 -1 $-1 $-1 $1105 $1010 #
cone-surface $-1 -1 $-1 0.8369757737588594537 10.66478389043727226 -0.5 0 0 1 0.02216381311172388457 0.02836838712984146582 0 1 I I 0 1 0.03599999999999970585 forward I I I I #
coedge $-1 -1 $-1 $1106 $1107 $1108 $1109 reversed $1011 $-1 #
coedge $-1 -1 $-1 $1110 $1013 $1015 $1065 forward $965 $-1 #
coedge $-1 -1 $-1 $1013 $1110 $1106 $1111 reversed $965 $-1 #
coedge $-1 -1 $-1 $1108 $1016 $1013 $1063 forward $135 $-1 #
edge $1112 -1 $-1 $1067 0 $1113 1.686876739761476118 $1062 $1114 forward @7 unknown #
coedge $-1 -1 $-1 $1015 $1014 $1115 $1116 reversed $919 $-1 #
edge $1117 -1 $-1 $1067 0 $1118 1 $1060 $1119 forward @7 tangent #
color-adesk-attrib $-1 -1 $-1 $-1 $1017 256 #
vertex $-1 -1 $-1 $1017 $1120 #
straight-curve $-1 -1 $-1 0.8625862376190798209 11.69948361097509171 -0.5 -0.7027855406160838925 -0.7114017738950041414 0 F 0 F 0.7409699849464074228 #
coedge $-1 -1 $-1 $1023 $1115 $1018 $1070 forward $144 $-1 #
edge $1121 -1 $-1 $1072 -1.686876739761461685 $1026 -0 $1018 $1122 forward @7 unknown #
color-adesk-attrib $-1 -1 $-1 $-1 $1019 256 #
vertex $-1 -1 $-1 $1019 $1123 #
straight-curve $-1 -1 $-1 0.8625862376190829295 11.69948361097508815 -0.5 0 0 1 I I #
point $-1 -1 $-1 0.8625862376190829295 11.69948361097508815 -0.5 #
color-adesk-attrib $-1 -1 $-1 $-1 $1024 256 #
straight-curve $-1 -1 $-1 0.3469174819924004116 12.15334404568745263 0.5 -0.7880107536067222362 0.6156614753256578476 0 I I #
point $-1 -1 $-1 0.8591395868705833383 11.75315227756711245 0.5 #
coedge $-1 -1 $-1 $1124 $1032 $1125 $1126 forward $144 $-1 #
coedge $-1 -1 $-1 $1043 $1042 $1032 $1080 reversed $1044 $-1 #
edge $1127 -1 $-1 $1082 -0.650019181253230216 $1128 -0 $1079 $1129 forward @7 unknown #
color-adesk-attrib $-1 -1 $-1 $-1 $1034 256 #
vertex $-1 -1 $-1 $1048 $1130 #
ellipse-curve $-1 -1 $-1 0.8369757737588581215 -10.53521610956273058 0.5 0 0 1 0.02216381311172377355 0.028368387129842354 0 1 I I #
point $-1 -1 $-1 0.8625862376190784886 -10.56051638902490986 0.5 #
coedge $-1 -1 $-1 $1039 $1131 $1132 $1133 forward $135 $-1 #
coedge $-1 -1 $-1 $1134 $1135 $1039 $1087 reversed $1136 $-1 #
edge $1137 -1 $-1 $1138 0 $1092 0.7409699849464093102 $1039 $1139 forward @7 unknown #
coedge $-1 -1 $-1 $1125 $1040 $1135 $1140 forward $1090 $-1 #
coedge $-1 -1 $-1 $1040 $1125 $1042 $1094 reversed $1090 $-1 #
loop $-1 -1 $-1 $-1 $1040 $1141 #
color-adesk-attrib $-1 -1 $-1 $-1 $1041 256 #
vertex $-1 -1 $-1 $1087 $1142 #
ellipse-curve $-1 -1 $-1 0.3795475401846592489 -10.06489138437139275 -0.5 0 0 1 -0.03770429401643507483 0.03724763365265282289 0 1 F 0 F 1.686876739761465904 #
edge $1143 -1 $-1 $1046 0 $1128 1 $1042 $1144 forward @7 tangent #
face $1145 -1 $-1 $1049 $1044 $7 $-1 $1146 forward single #
point $-1 -1 $-1 0.3469174819923992459 -10.10665595431254893 -0.5 #
color-adesk-attrib $-1 -1 $-1 $-1 $1048 256 #
straight-curve $-1 -1 $-1 0.859139586870582006 -10.50684772243288734 -0.5 0 0 1 I I #
color-adesk-attrib $-1 -1 $-1 $-1 $1049 256 #
cone-surface $-1 -1 $-1 0.8369757737588581215 -10.53521610956273058 -0.5 0 0 1 0.02216381311172377355 0.028368387129842354 0 1 I I 0 1 0.03600000000000033035 forward I I I I #
color-adesk-attrib $-1 -1 $-1 $-1 $1056 256 #
face $1147 -1 $-1 $1148 $1149 $7 $-1 $1150 forward single #
loop $-1 -1 $-1 $-1 $1151 $1056 #
plane-surface $-1 -1 $-1 0.3418432461682273105 10.1123562492812642 -0.5 0.7114017738950041414 -0.7027855406160838925 0 0.7027855406160838925 0.7114017738950041414 0 forward_v I I I I #
coedge $-1 -1 $-1 $1152 $1153 $1154 $1155 reversed $1057 $-1 #
coedge $-1 -1 $-1 $1156 $1059 $1061 $1111 forward $1011 $-1 #
coedge $-1 -1 $-1 $1059 $1156 $1152 $1157 reversed $1011 $-1 #
coedge $-1 -1 $-1 $1154 $1062 $1059 $1109 forward $135 $-1 #
edge $1158 -1 $-1 $1113 0 $1159 0.6500191812532296609 $1108 $1160 forward @7 unknown #
coedge $-1 -1 $-1 $1061 $1060 $1161 $1162 reversed $965 $-1 #
edge $1163 -1 $-1 $1113 0 $1164 1 $1106 $1165 forward @7 tangent #
color-adesk-attrib $-1 -1 $-1 $-1 $1063 256 #
vertex $-1 -1 $-1 $1063 $1166 #
ellipse-curve $-1 -1 $-1 0.3795475401846609143 11.13510861562861187 -0.5 0 0 1 -0.0377042940164336246 0.03724763365265104653 0 1 F 0 F 1.686876739761476118 #
coedge $-1 -1 $-1 $1069 $1161 $1064 $1116 forward $144 $-1 #
edge $1167 -1 $-1 $1118 -0.7409699849464074228 $1072 -0 $1064 $1168 forward @7 unknown #
color-adesk-attrib $-1 -1 $-1 $-1 $1065 256 #
vertex $-1 -1 $-1 $1065 $1169 #
straight-curve $-1 -1 $-1 0.3418432461682273105 11.17235624928126292 -0.5 0 0 1 I I #
point $-1 -1 $-1 0.3418432461682273105 11.17235624928126292 -0.5 #
color-adesk-attrib $-1 -1 $-1 $-1 $1070 256 #
ellipse-curve $-1 -1 $-1 0.8369757737588598978 11.72478389043726743 0.5 0 0 1 0.02216381311172344049 0.02836838712984501853 0 1 I I #
point $-1 -1 $-1 0.8625862376190829295 11.69948361097508815 0.5 #
coedge $-1 -1 $-1 $1170 $1078 $1171 $1172 forward $144 $-1 #
coedge $-1 -1 $-1 $1089 $1088 $1078 $1126 reversed $1090 $-1 #
edge $1173 -1 $-1 $1128 -1.686876739761465904 $1174 -0 $1125 $1175 forward @7 unknown #
color-adesk-attrib $-1 -1 $-1 $-1 $1080 256 #
vertex $-1 -1 $-1 $1094 $1176 #
straight-curve $-1 -1 $-1 0.3469174819923996345 -10.10665595431254715 0.5 -0.7880107536067219032 0.6156614753256582917 0 I I #
point $-1 -1 $-1 0.859139586870582006 -10.50684772243288911 0.5 #
coedge $-1 -1 $-1 $1085 $1177 $1178 $1179 forward $135 $-1 #
coedge $-1 -1 $-1 $1180 $1181 $1085 $1133 reversed $1182 $-1 #
edge $1183 -1 $-1 $1184 0 $1138 1.686876739761467237 $1085 $1185 forward @7 unknown #
coedge $-1 -1 $-1 $1171 $1086 $1181 $1186 forward $1136 $-1 #
coedge $-1 -1 $-1 $1086 $1171 $1088 $1140 reversed $1136 $-1 #
loop $-1 -1 $-1 $-1 $1086 $1187 #
color-adesk-attrib $-1 -1 $-1 $-1 $1087 256 #
vertex $-1 -1 $-1 $1133 $1188 #
straight-curve $-1 -1 $-1 0.8625862376190784886 -9.500516389024909358 -0.5 -0.7027855406160845586 -0.7114017738950035863 0 F 0 F 0.7409699849464093102 #
edge $1189 -1 $-1 $1092 0 $1174 1 $1088 $1190 forward @7 tangent #
face $1191 -1 $-1 $1095 $1090 $7 $-1 $1192 forward single #
point $-1 -1 $-1 0.3418432461682242018 -10.02764375071873815 -0.5 #
color-adesk-attrib $-1 -1 $-1 $-1 $1094 256 #
straight-curve $-1 -1 $-1 0.3469174819923992459 -10.10665595431254893 -0.5 0 0 1 I I #
color-adesk-attrib $-1 -1 $-1 $-1 $1095 256 #
plane-surface $-1 -1 $-1 0.859139586870582006 -10.50684772243288734 -0.5 0.6156614753256582917 0.7880107536067219032 0 -0.7880107536067219032 0.6156614753256582917 0 forward_v I I I I #
color-adesk-attrib $-1 -1 $-1 $-1 $1102 256 #
face $1193 -1 $-1 $1194 $1195 $7 $-1 $1196 forward single #
loop $-1 -1 $-1 $-1 $1197 $1102 #
cone-surface $-1 -1 $-1 0.3795475401846640784 10.0751086156286096 -0.5 0 0 1 -0.03770429401643678874 0.03724763365265459925 0 1 I I 0 -1 0.05300000000000262834 forward I I I I #
coedge $-1 -1 $-1 $1198 $1199 $1200 $1201 reversed $1103 $-1 #
coedge $-1 -1 $-1 $1202 $1105 $1107 $1157 forward $1057 $-1 #
coedge $-1 -1 $-1 $1105 $1202 $1198 $1203 reversed $1057 $-1 #
coedge $-1 -1 $-1 $1200 $1108 $1105 $1155 forward $135 $-1 #
edge $1204 -1 $-1 $1159 0 $1205 1.686876739761456134 $1154 $1206 forward @7 unknown #
coedge $-1 -1 $-1 $1107 $1106 $1207 $1208 reversed $1011 $-1 #
edge $1209 -1 $-1 $1159 0 $1210 1 $1152 $1211 forward @7 tangent #
color-adesk-attrib $-1 -1 $-1 $-1 $1109 256 #
vertex $-1 -1 $-1 $1109 $1212 #
straight-curve $-1 -1 $-1 0.3469174819924015774 11.09334404568745391 -0.5 0.7880107536067215701 -0.6156614753256588468 0 F 0 F 0.6500191812532296609 #
coedge $-1 -1 $-1 $1115 $1207 $1110 $1162 forward $144 $-1 #
edge $1213 -1 $-1 $1164 -1.686876739761476118 $1118 -0 $1110 $1214 forward @7 unknown #
color-adesk-attrib $-1 -1 $-1 $-1 $1111 256 #
vertex $-1 -1 $-1 $1111 $1215 #
straight-curve $-1 -1 $-1 0.3469174819924029096 11.09334404568745747 -0.5 0 0 1 I I #
point $-1 -1 $-1 0.3469174819924029096 11.09334404568745747 -0.5 #
color-adesk-attrib $-1 -1 $-1 $-1 $1116 256 #
straight-curve $-1 -1 $-1 0.8625862376190798209 11.69948361097509171 0.5 0.7027855406160838925 0.7114017738950041414 0 I I #
point $-1 -1 $-1 0.3418432461682273105 11.17235624928126292 0.5 #
coedge $-1 -1 $-1 $1216 $1124 $1217 $1218 forward $144 $-1 #
coedge $-1 -1 $-1 $1135 $1134 $1124 $1172 reversed $1136 $-1 #
edge $1219 -1 $-1 $1174 -0.7409699849464093102 $1220 -0 $1171 $1221 forward @7 unknown #
color-adesk-attrib $-1 -1 $-1 $-1 $1126 256 #
vertex $-1 -1 $-1 $1140 $1222 #
ellipse-curve $-1 -1 $-1 0.3795475401846592489 -10.06489138437139275 0.5 0 0 -1 -0.03770429401643507483 0.03724763365265282289 0 1 I I #
point $-1 -1 $-1 0.3469174819923991904 -10.10665595431254893 0.5 #
coedge $-1 -1 $-1 $1131 $1223 $1224 $1225 forward $135 $-1 #
coedge $-1 -1 $-1 $1226 $1227 $1131 $1179 reversed $1228 $-1 #
edge $1229 -1 $-1 $1230 0 $1184 0.650019181253229994 $1131 $1231 forward @7 unknown #
coedge $-1 -1 $-1 $1217 $1132 $1227 $1232 forward $1182 $-1 #
coedge $-1 -1 $-1 $1132 $1217 $1134 $1186 reversed $1182 $-1 #
loop $-1 -1 $-1 $-1 $1132 $1233 #
color-adesk-attrib $-1 -1 $-1 $-1 $1133 256 #
vertex $-1 -1 $-1 $1179 $1234 #
ellipse-curve $-1 -1 $-1 0.8369757737588583435 -9.475216109562730082 -0.5 0 0 -1 0.02216381311172377355 0.028368387129842354 0 1 F 0 F 1.686876739761467237 #
edge $1235 -1 $-1 $1138 0 $1220 1 $1134 $1236 forward @7 tangent #
face $1237 -1 $-1 $1141 $1136 $7 $-1 $1238 forward single #
point $-1 -1 $-1 0.8625862376190784886 -9.500516389024909358 -0.5 #
color-adesk-attrib $-1 -1 $-1 $-1 $1140 256 #
straight-curve $-1 -1 $-1 0.3418432461682242018 -10.02764375071873815 -0.5 0 0 1 I I #
color-adesk-attrib $-1 -1 $-1 $-1 $1141 256 #
cone-surface $-1 -1 $-1 0.3795475401846592489 -10.06489138437139275 -0.5 0 0 1 -0.03770429401643507483 0.03724763365265282289 0 1 I I 0 -1 0.0530000000000001581 forward I I I I #
color-adesk-attrib $-1 -1 $-1 $-1 $1148 256 #
face $1239 -1 $-1 $1240 $1241 $7 $-1 $1242 forward single #
loop $-1 -1 $-1 $-1 $1243 $1148 #
plane-surface $-1 -1 $-1 0.8591395868705833383 9.633152277567115007 -0.5 0.6156614753256587358 0.7880107536067215701 0 -0.7880107536067215701 0.6156614753256587358 0 forward_v I I I I #
coedge $-1 -1 $-1 $1244 $1245 $1246 $1247 reversed $1149 $-1 #
coedge $-1 -1 $-1 $1248 $1151 $1153 $1203 forward $1103 $-1 #
coedge $-1 -1 $-1 $1151 $1248 $1244 $1249 reversed $1103 $-1 #
coedge $-1 -1 $-1 $1246 $1154 $1151 $1201 forward $135 $-1 #
edge $1250 -1 $-1 $1205 0 $1251 0.7409699849464074228 $1200 $1252 forward @7 unknown #
coedge $-1 -1 $-1 $1153 $1152 $1253 $1254 reversed $1057 $-1 #
edge $1255 -1 $-1 $1205 0 $1256 1 $1198 $1257 forward @7 tangent #
color-adesk-attrib $-1 -1 $-1 $-1 $1155 256 #
vertex $-1 -1 $-1 $1155 $1258 #
ellipse-curve $-1 -1 $-1 0.8369757737588594537 10.66478389043727226 -0.5 0 0 -1 0.02216381311172388457 0.02836838712984146582 0 1 F 0 F 1.686876739761456134 #
coedge $-1 -1 $-1 $1161 $1253 $1156 $1208 forward $144 $-1 #
edge $1259 -1 $-1 $1210 -0.6500191812532296609 $1164 -0 $1156 $1260 forward @7 unknown #
color-adesk-attrib $-1 -1 $-1 $-1 $1157 256 #
vertex $-1 -1 $-1 $1157 $1261 #
straight-curve $-1 -1 $-1 0.8591395868705833383 10.69315227756711373 -0.5 0 0 1 I I #
point $-1 -1 $-1 0.8591395868705833383 10.69315227756711373 -0.5 #
color-adesk-attrib $-1 -1 $-1 $-1 $1162 256 #
ellipse-curve $-1 -1 $-1 0.3795475401846609143 11.13510861562861187 0.5 0 0 -1 -0.0377042940164336246 0.03724763365265104653 0 1 I I #
point $-1 -1 $-1 0.3469174819924029651 11.09334404568745747 0.5 #
coedge $-1 -1 $-1 $1262 $1170 $1263 $1264 forward $144 $-1 #
coedge $-1 -1 $-1 $1181 $1180 $1170 $1218 reversed $1182 $-1 #
edge $1265 -1 $-1 $1220 -1.686876739761467237 $1266 -0 $1217 $1267 forward @7 unknown #
color-adesk-attrib $-1 -1 $-1 $-1 $1172 256 #
vertex $-1 -1 $-1 $1186 $1268 #
straight-curve $-1 -1 $-1 0.8625862376190784886 -9.500516389024909358 0.5 0.7027855406160845586 0.7114017738950035863 0 I I #
point $-1 -1 $-1 0.3418432461682242018 -10.02764375071873992 0.5 #
coedge $-1 -1 $-1 $1177 $1269 $1270 $1271 forward $135 $-1 #
coedge $-1 -1 $-1 $1272 $1273 $1177 $1225 reversed $1274 $-1 #
edge $1275 -1 $-1 $1276 0 $1230 1.686876739761463684 $1177 $1277 forward @7 unknown #
coedge $-1 -1 $-1 $1263 $1178 $1273 $1278 forward $1228 $-1 #
coedge $-1 -1 $-1 $1178 $1263 $1180 $1232 reversed $1228 $-1 #
loop $-1 -1 $-1 $-1 $1178 $1279 #
color-adesk-attrib $-1 -1 $-1 $-1 $1179 256 #
vertex $-1 -1 $-1 $1225 $1280 #
straight-curve $-1 -1 $-1 0.3469174819923999675 -9.046655954312548431 -0.5 0.7880107536067219032 -0.6156614753256585137 0 F 0 F 0.650019181253229994 #
edge $1281 -1 $-1 $1184 0 $1266 1 $1180 $1282 forward @7 tangent #
face $1283 -1 $-1 $1187 $1182 $7 $-1 $1284 forward single #
point $-1 -1 $-1 0.859139586870582006 -9.446847722432888617 -0.5 #
color-adesk-attrib $-1 -1 $-1 $-1 $1186 256 #
straight-curve $-1 -1 $-1 0.8625862376190784886 -9.500516389024909358 -0.5 0 0 1 I I #
color-adesk-attrib $-1 -1 $-1 $-1 $1187 256 #
plane-surface $-1 -1 $-1 0.3418432461682242018 -10.02764375071873815 -0.5 0.7114017738950035863 -0.7027855406160845586 0 0.7027855406160845586 0.7114017738950035863 0 forward_v I I I I #
color-adesk-attrib $-1 -1 $-1 $-1 $1194 256 #
face $1285 -1 $-1 $1286 $1287 $7 $-1 $1288 forward single #
loop $-1 -1 $-1 $-1 $1289 $1194 #
cone-surface $-1 -1 $-1 0.8369757737588598978 9.604783890437269989 -0.5 0 0 1 0.02216381311172344049 0.02836838712984501853 0 1 I I 0 1 0.03600000000000222466 forward I I I I #
coedge $-1 -1 $-1 $1290 $1291 $1292 $1293 reversed $1195 $-1 #
coedge $-1 -1 $-1 $1294 $1197 $1199 $1249 forward $1149 $-1 #
coedge $-1 -1 $-1 $1197 $1294 $1290 $1295 reversed $1149 $-1 #
coedge $-1 -1 $-1 $1292 $1200 $1197 $1247 forward $135 $-1 #
edge $1296 -1 $-1 $1251 0 $1297 1.686876739761427491 $1246 $1298 forward @7 unknown #
coedge $-1 -1 $-1 $1199 $1198 $1299 $1300 reversed $1103 $-1 #
edge $1301 -1 $-1 $1251 0 $1302 1 $1244 $1303 forward @7 tangent #
color-adesk-attrib $-1 -1 $-1 $-1 $1201 256 #
vertex $-1 -1 $-1 $1201 $1304 #
straight-curve $-1 -1 $-1 0.8625862376190798209 10.63948361097509299 -0.5 -0.7027855406160838925 -0.7114017738950041414 0 F 0 F 0.7409699849464074228 #
coedge $-1 -1 $-1 $1207 $1299 $1202 $1254 forward $144 $-1 #
edge $1305 -1 $-1 $1256 -1.686876739761456134 $1210 -0 $1202 $1306 forward @7 unknown #
color-adesk-attrib $-1 -1 $-1 $-1 $1203 256 #
vertex $-1 -1 $-1 $1203 $1307 #
straight-curve $-1 -1 $-1 0.8625862376190791547 10.63948361097509299 -0.5 0 0 1 I I #
point $-1 -1 $-1 0.8625862376190791547 10.63948361097509299 -0.5 #
color-adesk-attrib $-1 -1 $-1 $-1 $1208 256 #
straight-curve $-1 -1 $-1 0.3469174819924015774 11.09334404568745391 0.5 -0.7880107536067215701 0.6156614753256588468 0 I I #
point $-1 -1 $-1 0.8591395868705833383 10.69315227756711373 0.5 #
coedge $-1 -1 $-1 $1308 $1216 $1309 $1310 forward $144 $-1 #
coedge $-1 -1 $-1 $1227 $1226 $1216 $1264 reversed $1228 $-1 #
edge $1311 -1 $-1 $1266 -0.650019181253229994 $1312 -0 $1263 $1313 forward @7 unknown #
color-adesk-attrib $-1 -1 $-1 $-1 $1218 256 #
vertex $-1 -1 $-1 $1232 $1314 #
ellipse-curve $-1 -1 $-1 0.8369757737588583435 -9.475216109562730082 0.5 0 0 1 0.02216381311172377355 0.028368387129842354 0 1 I I #
point $-1 -1 $-1 0.8625862376190784886 -9.500516389024907582 0.5 #
coedge $-1 -1 $-1 $1223 $1315 $1316 $1317 forward $135 $-1 #
coedge $-1 -1 $-1 $1318 $1319 $1223 $1271 reversed $1320 $-1 #
edge $1321 -1 $-1 $1322 0 $1276 0.7409699849464090882 $1223 $1323 forward @7 unknown #
coedge $-1 -1 $-1 $1309 $1224 $1319 $1324 forward $1274 $-1 #
coedge $-1 -1 $-1 $1224 $1309 $1226 $1278 reversed $1274 $-1 #
loop $-1 -1 $-1 $-1 $1224 $1325 #
color-adesk-attrib $-1 -1 $-1 $-1 $1225 256 #
vertex $-1 -1 $-1 $1271 $1326 #
ellipse-curve $-1 -1 $-1 0.3795475401846597485 -9.004891384371390473 -0.5 0 0 1 -0.03770429401643509565 0.03724763365265282289 0 1 F 0 F 1.686876739761463684 #
edge $1327 -1 $-1 $1230 0 $1312 1 $1226 $1328 forward @7 tangent #
face $1329 -1 $-1 $1233 $1228 $7 $-1 $1330 forward single #
point $-1 -1 $-1 0.3469174819923996345 -9.046655954312548431 -0.5 #
color-adesk-attrib $-1 -1 $-1 $-1 $1232 256 #
straight-curve $-1 -1 $-1 0.859139586870582006 -9.446847722432888617 -0.5 0 0 1 I I #
color-adesk-attrib $-1 -1 $-1 $-1 $1233 256 #
cone-surface $-1 -1 $-1 0.8369757737588583435 -9.475216109562730082 -0.5 0 0 1 0.02216381311172377355 0.028368387129842354 0 1 I I 0 1 0.03600000000000033035 forward I I I I #
color-adesk-attrib $-1 -1 $-1 $-1 $1240 256 #
face $1331 -1 $-1 $1332 $1333 $7 $-1 $1334 forward single #
loop $-1 -1 $-1 $-1 $1335 $1240 #
plane-surface $-1 -1 $-1 0.341843246168225201 9.052356249281261924 -0.5 0.7114017738950051406 -0.7027855406160828933 0 0.7027855406160828933 0.7114017738950051406 0 forward_v I I I I #
coedge $-1 -1 $-1 $1336 $1337 $1338 $1339 reversed $1241 $-1 #
coedge $-1 -1 $-1 $1340 $1243 $1245 $1295 forward $1195 $-1 #
coedge $-1 -1 $-1 $1243 $1340 $1336 $1341 reversed $1195 $-1 #
coedge $-1 -1 $-1 $1338 $1246 $1243 $1293 forward $135 $-1 #
edge $1342 -1 $-1 $1297 0 $1343 0.6500191812532297719 $1292 $1344 forward @7 unknown #
coedge $-1 -1 $-1 $1245 $1244 $1345 $1346 reversed $1149 $-1 #
edge $1347 -1 $-1 $1297 0 $1348 1 $1290 $1349 forward @7 tangent #
color-adesk-attrib $-1 -1 $-1 $-1 $1247 256 #
vertex $-1 -1 $-1 $1247 $1350 #
ellipse-curve $-1 -1 $-1 0.3795475401846640784 10.0751086156286096 -0.5 0 0 1 -0.03770429401643678874 0.03724763365265459925 0 1 F 0 F 1.686876739761427491 #
coedge $-1 -1 $-1 $1253 $1345 $1248 $1300 forward $144 $-1 #
edge $1351 -1 $-1 $1302 -0.7409699849464074228 $1256 -0 $1248 $1352 forward @7 unknown #
color-adesk-attrib $-1 -1 $-1 $-1 $1249 256 #
vertex $-1 -1 $-1 $1249 $1353 #
straight-curve $-1 -1 $-1 0.3418432461682273105 10.1123562492812642 -0.5 0 0 1 I I #
point $-1 -1 $-1 0.3418432461682273105 10.1123562492812642 -0.5 #
color-adesk-attrib $-1 -1 $-1 $-1 $1254 256 #
ellipse-curve $-1 -1 $-1 0.8369757737588594537 10.66478389043727226 0.5 0 0 1 0.02216381311172388457 0.02836838712984146582 0 1 I I #
point $-1 -1 $-1 0.8625862376190791547 10.63948361097509299 0.5 #
coedge $-1 -1 $-1 $1354 $1262 $1355 $1356 forward $144 $-1 #
coedge $-1 -1 $-1 $1273 $1272 $1262 $1310 reversed $1274 $-1 #
edge $1357 -1 $-1 $1312 -1.686876739761463684 $1358 -0 $1309 $1359 forward @7 unknown #
color-adesk-attrib $-1 -1 $-1 $-1 $1264 256 #
vertex $-1 -1 $-1 $1278 $1360 #
straight-curve $-1 -1 $-1 0.3469174819923999675 -9.046655954312548431 0.5 -0.7880107536067219032 0.6156614753256585137 0 I I #
point $-1 -1 $-1 0.859139586870582006 -9.44684772243288684 0.5 #
coedge $-1 -1 $-1 $1269 $1361 $1362 $1363 forward $135 $-1 #
coedge $-1 -1 $-1 $1364 $1365 $1269 $1317 reversed $1366 $-1 #
edge $1367 -1 $-1 $1368 0 $1322 1.686876739761451471 $1269 $1369 forward @7 unknown #
coedge $-1 -1 $-1 $1355 $1270 $1365 $1370 forward $1320 $-1 #
coedge $-1 -1 $-1 $1270 $1355 $1272 $1324 reversed $1320 $-1 #
loop $-1 -1 $-1 $-1 $1270 $1371 #
color-adesk-attrib $-1 -1 $-1 $-1 $1271 256 #
vertex $-1 -1 $-1 $1317 $1372 #
straight-curve $-1 -1 $-1 0.8625862376190787106 -8.440516389024908861 -0.5 -0.7027855406160843366 -0.7114017738950038083 0 F 0 F 0.7409699849464090882 #
edge $1373 -1 $-1 $1276 0 $1358 1 $1272 $1374 forward @7 tangent #
face $1375 -1 $-1 $1279 $1274 $7 $-1 $1376 forward single #
point $-1 -1 $-1 0.3418432461682246459 -8.967643750718739426 -0.5 #
color-adesk-attrib $-1 -1 $-1 $-1 $1278 256 #
straight-curve $-1 -1 $-1 0.3469174819923996345 -9.046655954312548431 -0.5 0 0 1 I I #
color-adesk-attrib $-1 -1 $-1 $-1 $1279 256 #
plane-surface $-1 -1 $-1 0.859139586870582006 -9.446847722432888617 -0.5 0.6156614753256585137 0.7880107536067219032 0 -0.7880107536067219032 0.6156614753256585137 0 forward_v I I I I #
color-adesk-attrib $-1 -1 $-1 $-1 $1286 256 #
face $1377 -1 $-1 $1378 $1379 $7 $-1 $1380 forward single #
loop $-1 -1 $-1 $-1 $1381 $1286 #
cone-surface $-1 -1 $-1 0.379547540184661969 9.015108615628607325 -0.5 0 0 1 -0.03770429401643670547 0.03724763365265459925 0 1 I I 0 -1 0.05300000000000256589 forward I I I I #
coedge $-1 -1 $-1 $1382 $1383 $1384 $1385 reversed $1287 $-1 #
coedge $-1 -1 $-1 $1386 $1289 $1291 $1341 forward $1241 $-1 #
coedge $-1 -1 $-1 $1289 $1386 $1382 $1387 reversed $1241 $-1 #
coedge $-1 -1 $-1 $1384 $1292 $1289 $1339 forward $135 $-1 #
edge $1388 -1 $-1 $1343 0 $1389 1.686876739761461685 $1338 $1390 forward @7 unknown #
coedge $-1 -1 $-1 $1291 $1290 $1391 $1392 reversed $1195 $-1 #
edge $1393 -1 $-1 $1343 0 $1394 1 $1336 $1395 forward @7 tangent #
color-adesk-attrib $-1 -1 $-1 $-1 $1293 256 #
vertex $-1 -1 $-1 $1293 $1396 #
straight-curve $-1 -1 $-1 0.3469174819924015774 10.03334404568745519 -0.5 0.7880107536067215701 -0.6156614753256587358 0 F 0 F 0.6500191812532297719 #
coedge $-1 -1 $-1 $1299 $1391 $1294 $1346 forward $144 $-1 #
edge $1397 -1 $-1 $1348 -1.686876739761427491 $1302 -0 $1294 $1398 forward @7 unknown #
color-adesk-attrib $-1 -1 $-1 $-1 $1295 256 #
vertex $-1 -1 $-1 $1295 $1399 #
straight-curve $-1 -1 $-1 0.3469174819924008557 10.03334404568745164 -0.5 0 0 1 I I #
point $-1 -1 $-1 0.3469174819924008557 10.03334404568745164 -0.5 #
color-adesk-attrib $-1 -1 $-1 $-1 $1300 256 #
straight-curve $-1 -1 $-1 0.8625862376190798209 10.63948361097509299 0.5 0.7027855406160838925 0.7114017738950041414 0 I I #
point $-1 -1 $-1 0.3418432461682273105 10.1123562492812642 0.5 #
coedge $-1 -1 $-1 $1400 $1308 $1401 $1402 forward $144 $-1 #
coedge $-1 -1 $-1 $1319 $1318 $1308 $1356 reversed $1320 $-1 #
edge $1403 -1 $-1 $1358 -0.7409699849464090882 $1404 -0 $1355 $1405 forward @7 unknown #
color-adesk-attrib $-1 -1 $-1 $-1 $1310 256 #
vertex $-1 -1 $-1 $1324 $1406 #
ellipse-curve $-1 -1 $-1 0.3795475401846597485 -9.004891384371390473 0.5 0 0 -1 -0.03770429401643509565 0.03724763365265282289 0 1 I I #
point $-1 -1 $-1 0.3469174819923996345 -9.046655954312546655 0.5 #
coedge $-1 -1 $-1 $1315 $1407 $1408 $1409 forward $135 $-1 #
coedge $-1 -1 $-1 $1410 $1411 $1315 $1363 reversed $1412 $-1 #
edge $1413 -1 $-1 $1414 0 $1368 0.650019181253229994 $1315 $1415 forward @7 unknown #
coedge $-1 -1 $-1 $1401 $1316 $1411 $1416 forward $1366 $-1 #
coedge $-1 -1 $-1 $1316 $1401 $1318 $1370 reversed $1366 $-1 #
loop $-1 -1 $-1 $-1 $1316 $1417 #
color-adesk-attrib $-1 -1 $-1 $-1 $1317 256 #
vertex $-1 -1 $-1 $1363 $1418 #
ellipse-curve $-1 -1 $-1 0.8369757737588581215 -8.415216109562729585 -0.5 0 0 -1 0.0221638131117239956 0.02836838712984146582 0 1 F 0 F 1.686876739761451471 #
edge $1419 -1 $-1 $1322 0 $1404 1 $1318 $1420 forward @7 tangent #
face $1421 -1 $-1 $1325 $1320 $7 $-1 $1422 forward single #
point $-1 -1 $-1 0.8625862376190780445 -8.440516389024908861 -0.5 #
color-adesk-attrib $-1 -1 $-1 $-1 $1324 256 #
straight-curve $-1 -1 $-1 0.3418432461682246459 -8.967643750718739426 -0.5 0 0 1 I I #
color-adesk-attrib $-1 -1 $-1 $-1 $1325 256 #
cone-surface $-1 -1 $-1 0.3795475401846597485 -9.004891384371390473 -0.5 0 0 1 -0.03770429401643509565 0.03724763365265282289 0 1 I I 0 -1 0.05300000000000017197 forward I I I I #
color-adesk-attrib $-1 -1 $-1 $-1 $1332 256 #
face $1423 -1 $-1 $1424 $1425 $7 $-1 $1426 forward single #
loop $-1 -1 $-1 $-1 $1427 $1332 #
plane-surface $-1 -1 $-1 0.8591395868705831163 8.573152277567112733 -0.5 0.6156614753256578476 0.7880107536067222362 0 -0.7880107536067222362 0.6156614753256578476 0 forward_v I I I I #
coedge $-1 -1 $-1 $1428 $1429 $1430 $1431 reversed $1333 $-1 #
coedge $-1 -1 $-1 $1432 $1335 $1337 $1387 forward $1287 $-1 #
coedge $-1 -1 $-1 $1335 $1432 $1428 $1433 reversed $1287 $-1 #
coedge $-1 -1 $-1 $1430 $1338 $1335 $1385 forward $135 $-1 #
edge $1434 -1 $-1 $1389 0 $1435 0.7409699849464114196 $1384 $1436 forward @7 unknown #
coedge $-1 -1 $-1 $1337 $1336 $1437 $1438 reversed $1241 $-1 #
edge $1439 -1 $-1 $1389 0 $1440 1 $1382 $1441 forward @7 tangent #
color-adesk-attrib $-1 -1 $-1 $-1 $1339 256 #
vertex $-1 -1 $-1 $1339 $1442 #
ellipse-curve $-1 -1 $-1 0.8369757737588598978 9.604783890437269989 -0.5 0 0 -1 0.02216381311172344049 0.02836838712984501853 0 1 F 0 F 1.686876739761461685 #
coedge $-1 -1 $-1 $1345 $1437 $1340 $1392 forward $144 $-1 #
edge $1443 -1 $-1 $1394 -0.6500191812532297719 $1348 -0 $1340 $1444 forward @7 unknown #
color-adesk-attrib $-1 -1 $-1 $-1 $1341 256 #
vertex $-1 -1 $-1 $1341 $1445 #
straight-curve $-1 -1 $-1 0.8591395868705833383 9.633152277567115007 -0.5 0 0 1 I I #
point $-1 -1 $-1 0.8591395868705833383 9.633152277567115007 -0.5 #
color-adesk-attrib $-1 -1 $-1 $-1 $1346 256 #
ellipse-curve $-1 -1 $-1 0.3795475401846640784 10.0751086156286096 0.5 0 0 -1 -0.03770429401643678874 0.03724763365265459925 0 1 I I #
point $-1 -1 $-1 0.3469174819924008557 10.03334404568745164 0.5 #
coedge $-1 -1 $-1 $1446 $1354 $1447 $1448 forward $144 $-1 #
coedge $-1 -1 $-1 $1365 $1364 $1354 $1402 reversed $1366 $-1 #
edge $1449 -1 $-1 $1404 -1.686876739761451471 $1450 -0 $1401 $1451 forward @7 unknown #
color-adesk-attrib $-1 -1 $-1 $-1 $1356 256 #
vertex $-1 -1 $-1 $1370 $1452 #
straight-curve $-1 -1 $-1 0.8625862376190787106 -8.440516389024908861 0.5 0.7027855406160843366 0.7114017738950038083 0 I I #
point $-1 -1 $-1 0.3418432461682246459 -8.96764375071873765 0.5 #
coedge $-1 -1 $-1 $1361 $1453 $1454 $1455 forward $135 $-1 #
coedge $-1 -1 $-1 $1456 $1457 $1361 $1409 reversed $1458 $-1 #
edge $1459 -1 $-1 $1460 0 $1414 1.68687673976146324 $1361 $1461 forward @7 unknown #
coedge $-1 -1 $-1 $1447 $1362 $1457 $1462 forward $1412 $-1 #
coedge $-1 -1 $-1 $1362 $1447 $1364 $1416 reversed $1412 $-1 #
loop $-1 -1 $-1 $-1 $1362 $1463 #
color-adesk-attrib $-1 -1 $-1 $-1 $1363 256 #
vertex $-1 -1 $-1 $1409 $1464 #
straight-curve $-1 -1 $-1 0.3469174819924000785 -7.986655954312547934 -0.5 0.7880107536067219032 -0.6156614753256585137 0 F 0 F 0.650019181253229994 #
edge $1465 -1 $-1 $1368 0 $1450 1 $1364 $1466 forward @7 tangent #
face $1467 -1 $-1 $1371 $1366 $7 $-1 $1468 forward single #
point $-1 -1 $-1 0.8591395868705822281 -8.386847722432888119 -0.5 #
color-adesk-attrib $-1 -1 $-1 $-1 $1370 256 #
straight-curve $-1 -1 $-1 0.8625862376190780445 -8.440516389024908861 -0.5 0 0 1 I I #
color-adesk-attrib $-1 -1 $-1 $-1 $1371 256 #
plane-surface $-1 -1 $-1 0.3418432461682246459 -8.967643750718739426 -0.5 0.7114017738950038083 -0.7027855406160843366 0 0.7027855406160843366 0.7114017738950038083 0 forward_v I I I I #
color-adesk-attrib $-1 -1 $-1 $-1 $1378 256 #
face $1469 -1 $-1 $1470 $1471 $7 $-1 $1472 forward single #
loop $-1 -1 $-1 $-1 $1473 $1378 #
cone-surface $-1 -1 $-1 0.8369757737588596758 8.544783890437267715 -0.5 0 0 1 0.02216381311172344049 0.02836838712984501853 0 1 I I 0 1 0.03600000000000222466 forward I I I I #
coedge $-1 -1 $-1 $1474 $1475 $1476 $1477 reversed $1379 $-1 #
coedge $-1 -1 $-1 $1478 $1381 $1383 $1433 forward $1333 $-1 #
coedge $-1 -1 $-1 $1381 $1478 $1474 $1479 reversed $1333 $-1 #
coedge $-1 -1 $-1 $1476 $1384 $1381 $1431 forward $135 $-1 #
edge $1480 -1 $-1 $1435 0 $1481 1.686876739761436816 $1430 $1482 forward @7 unknown #
coedge $-1 -1 $-1 $1383 $1382 $1483 $1484 reversed $1287 $-1 #
edge $1485 -1 $-1 $1435 0 $1486 1 $1428 $1487 forward @7 tangent #
color-adesk-attrib $-1 -1 $-1 $-1 $1385 256 #
vertex $-1 -1 $-1 $1385 $1488 #
straight-curve $-1 -1 $-1 0.8625862376190798209 9.579483610975094265 -0.5 -0.7027855406160828933 -0.7114017738950051406 0 F 0 F 0.7409699849464114196 #
coedge $-1 -1 $-1 $1391 $1483 $1386 $1438 forward $144 $-1 #
edge $1489 -1 $-1 $1440 -1.686876739761461685 $1394 -0 $1386 $1490 forward @7 unknown #
color-adesk-attrib $-1 -1 $-1 $-1 $1387 256 #
vertex $-1 -1 $-1 $1387 $1491 #
straight-curve $-1 -1 $-1 0.8625862376190829295 9.579483610975090713 -0.5 0 0 1 I I #
point $-1 -1 $-1 0.8625862376190829295 9.579483610975090713 -0.5 #
color-adesk-attrib $-1 -1 $-1 $-1 $1392 256 #
straight-curve $-1 -1 $-1 0.3469174819924015774 10.03334404568745519 0.5 -0.7880107536067215701 0.6156614753256587358 0 I I #
point $-1 -1 $-1 0.8591395868705833383 9.633152277567115007 0.5 #
coedge $-1 -1 $-1 $1492 $1400 $1493 $1494 forward $144 $-1 #
coedge $-1 -1 $-1 $1411 $1410 $1400 $1448 reversed $1412 $-1 #
edge $1495 -1 $-1 $1450 -0.650019181253229994 $1496 -0 $1447 $1497 forward @7 unknown #
color-adesk-attrib $-1 -1 $-1 $-1 $1402 256 #
vertex $-1 -1 $-1 $1416 $1498 #
ellipse-curve $-1 -1 $-1 0.8369757737588581215 -8.415216109562729585 0.5 0 0 1 0.0221638131117239956 0.02836838712984146582 0 1 I I #
point $-1 -1 $-1 0.8625862376190780445 -8.440516389024908861 0.5 #
coedge $-1 -1 $-1 $1407 $1499 $1500 $1501 forward $135 $-1 #
coedge $-1 -1 $-1 $1502 $1503 $1407 $1455 reversed $1504 $-1 #
edge $1505 -1 $-1 $1506 0 $1460 0.740969984946408422 $1407 $1507 forward @7 unknown #
coedge $-1 -1 $-1 $1493 $1408 $1503 $1508 forward $1458 $-1 #
coedge $-1 -1 $-1 $1408 $1493 $1410 $1462 reversed $1458 $-1 #
loop $-1 -1 $-1 $-1 $1408 $1509 #
color-adesk-attrib $-1 -1 $-1 $-1 $1409 256 #
vertex $-1 -1 $-1 $1455 $1510 #
ellipse-curve $-1 -1 $-1 0.3795475401846598595 -7.944891384371391752 -0.5 0 0 1 -0.03770429401643510259 0.03724763365265282289 0 1 F 0 F 1.68687673976146324 #
edge $1511 -1 $-1 $1414 0 $1496 1 $1410 $1512 forward @7 tangent #
face $1513 -1 $-1 $1417 $1412 $7 $-1 $1514 forward single #
point $-1 -1 $-1 0.3469174819923997455 -7.986655954312547934 -0.5 #
color-adesk-attrib $-1 -1 $-1 $-1 $1416 256 #
straight-curve $-1 -1 $-1 0.8591395868705822281 -8.386847722432888119 -0.5 0 0 1 I I #
color-adesk-attrib $-1 -1 $-1 $-1 $1417 256 #
cone-surface $-1 -1 $-1 0.8369757737588581215 -8.415216109562729585 -0.5 0 0 1 0.0221638131117239956 0.02836838712984146582 0 1 I I 0 1 0.0359999999999997683 forward I I I I #
color-adesk-attrib $-1 -1 $-1 $-1 $1424 256 #
face $1515 -1 $-1 $1516 $1517 $7 $-1 $1518 forward single #
loop $-1 -1 $-1 $-1 $1519 $1424 #
plane-surface $-1 -1 $-1 0.3418432461682271994 7.992356249281263203 -0.5 0.7114017738950041414 -0.7027855406160838925 0 0.7027855406160838925 0.7114017738950041414 0 forward_v I I I I #
coedge $-1 -1 $-1 $1520 $1521 $1522 $1523 reversed $1425 $-1 #
coedge $-1 -1 $-1 $1524 $1427 $1429 $1479 forward $1379 $-1 #
coedge $-1 -1 $-1 $1427 $1524 $1520 $1525 reversed $1379 $-1 #
coedge $-1 -1 $-1 $1522 $1430 $1427 $1477 forward $135 $-1 #
edge $1526 -1 $-1 $1481 0 $1527 0.6500191812532306601 $1476 $1528 forward @7 unknown #
coedge $-1 -1 $-1 $1429 $1428 $1529 $1530 reversed $1333 $-1 #
edge $1531 -1 $-1 $1481 0 $1532 1 $1474 $1533 forward @7 tangent #
color-adesk-attrib $-1 -1 $-1 $-1 $1431 256 #
vertex $-1 -1 $-1 $1431 $1534 #
ellipse-curve $-1 -1 $-1 0.379547540184661969 9.015108615628607325 -0.5 0 0 1 -0.03770429401643670547 0.03724763365265459925 0 1 F 0 F 1.686876739761436816 #
coedge $-1 -1 $-1 $1437 $1529 $1432 $1484 forward $144 $-1 #
edge $1535 -1 $-1 $1486 -0.7409699849464114196 $1440 -0 $1432 $1536 forward @7 unknown #
color-adesk-attrib $-1 -1 $-1 $-1 $1433 256 #
vertex $-1 -1 $-1 $1433 $1537 #
straight-curve $-1 -1 $-1 0.341843246168225201 9.052356249281261924 -0.5 0 0 1 I I #
point $-1 -1 $-1 0.341843246168225201 9.052356249281261924 -0.5 #
color-adesk-attrib $-1 -1 $-1 $-1 $1438 256 #
ellipse-curve $-1 -1 $-1 0.8369757737588598978 9.604783890437269989 0.5 0 0 1 0.02216381311172344049 0.02836838712984501853 0 1 I I #
point $-1 -1 $-1 0.8625862376190829295 9.579483610975090713 0.5 #
coedge $-1 -1 $-1 $1538 $1446 $1539 $1540 forward $144 $-1 #
coedge $-1 -1 $-1 $1457 $1456 $1446 $1494 reversed $1458 $-1 #
edge $1541 -1 $-1 $1496 -1.68687673976146324 $1542 -0 $1493 $1543 forward @7 unknown #
color-adesk-attrib $-1 -1 $-1 $-1 $1448 256 #
vertex $-1 -1 $-1 $1462 $1544 #
straight-curve $-1 -1 $-1 0.3469174819924000785 -7.986655954312547934 0.5 -0.7880107536067219032 0.6156614753256585137 0 I I #
point $-1 -1 $-1 0.8591395868705822281 -8.386847722432888119 0.5 #
coedge $-1 -1 $-1 $1453 $1545 $1546 $1547 forward $135 $-1 #
coedge $-1 -1 $-1 $1548 $1549 $1453 $1501 reversed $1550 $-1 #
edge $1551 -1 $-1 $1552 0 $1506 1.686876739761456134 $1453 $1553 forward @7 unknown #
coedge $-1 -1 $-1 $1539 $1454 $1549 $1554 forward $1504 $-1 #
coedge $-1 -1 $-1 $1454 $1539 $1456 $1508 reversed $1504 $-1 #
loop $-1 -1 $-1 $-1 $1454 $1555 #
color-adesk-attrib $-1 -1 $-1 $-1 $1455 256 #
vertex $-1 -1 $-1 $1501 $1556 #
straight-curve $-1 -1 $-1 0.8625862376190787106 -7.38051638902491014 -0.5 -0.7027855406160848917 -0.7114017738950032532 0 F 0 F 0.740969984946408422 #
edge $1557 -1 $-1 $1460 0 $1542 1 $1456 $1558 forward @7 tangent #
face $1559 -1 $-1 $1463 $1458 $7 $-1 $1560 forward single #
point $-1 -1 $-1 0.341843246168224757 -7.907643750718738929 -0.5 #
color-adesk-attrib $-1 -1 $-1 $-1 $1462 256 #
straight-curve $-1 -1 $-1 0.3469174819923997455 -7.986655954312547934 -0.5 0 0 1 I I #
color-adesk-attrib $-1 -1 $-1 $-1 $1463 256 #
plane-surface $-1 -1 $-1 0.8591395868705822281 -8.386847722432888119 -0.5 0.6156614753256585137 0.7880107536067219032 0 -0.7880107536067219032 0.6156614753256585137 0 forward_v I I I I #
color-adesk-attrib $-1 -1 $-1 $-1 $1470 256 #
face $1561 -1 $-1 $1562 $1563 $7 $-1 $1564 forward single #
loop $-1 -1 $-1 $-1 $1565 $1470 #
cone-surface $-1 -1 $-1 0.3795475401846608032 7.955108615628612156 -0.5 0 0 1 -0.03770429401643361766 0.03724763365265104653 0 1 I I 0 -1 0.05299999999999786826 forward I I I I #
coedge $-1 -1 $-1 $1566 $1567 $1568 $1569 reversed $1471 $-1 #
coedge $-1 -1 $-1 $1570 $1473 $1475 $1525 forward $1425 $-1 #
coedge $-1 -1 $-1 $1473 $1570 $1566 $1571 reversed $1425 $-1 #
coedge $-1 -1 $-1 $1568 $1476 $1473 $1523 forward $135 $-1 #
edge $1572 -1 $-1 $1527 0 $1573 1.686876739761461685 $1522 $1574 forward @7 unknown #
coedge $-1 -1 $-1 $1475 $1474 $1575 $1576 reversed $1379 $-1 #
edge $1577 -1 $-1 $1527 0 $1578 1 $1520 $1579 forward @7 tangent #
color-adesk-attrib $-1 -1 $-1 $-1 $1477 256 #
vertex $-1 -1 $-1 $1477 $1580 #
straight-curve $-1 -1 $-1 0.3469174819924002451 8.973344045687452919 -0.5 0.7880107536067222362 -0.6156614753256578476 0 F 0 F 0.6500191812532306601 #
coedge $-1 -1 $-1 $1483 $1575 $1478 $1530 forward $144 $-1 #
edge $1581 -1 $-1 $1532 -1.686876739761436816 $1486 -0 $1478 $1582 forward @7 unknown #
color-adesk-attrib $-1 -1 $-1 $-1 $1479 256 #
vertex $-1 -1 $-1 $1479 $1583 #
straight-curve $-1 -1 $-1 0.3469174819923991349 8.973344045687449366 -0.5 0 0 1 I I #
point $-1 -1 $-1 0.3469174819923991349 8.973344045687449366 -0.5 #
color-adesk-attrib $-1 -1 $-1 $-1 $1484 256 #
straight-curve $-1 -1 $-1 0.8625862376190798209 9.579483610975094265 0.5 0.7027855406160828933 0.7114017738950051406 0 I I #
point $-1 -1 $-1 0.341843246168225201 9.052356249281261924 0.5 #
coedge $-1 -1 $-1 $1584 $1492 $1585 $1586 forward $144 $-1 #
coedge $-1 -1 $-1 $1503 $1502 $1492 $1540 reversed $1504 $-1 #
edge $1587 -1 $-1 $1542 -0.740969984946408422 $1588 -0 $1539 $1589 forward @7 unknown #
color-adesk-attrib $-1 -1 $-1 $-1 $1494 256 #
vertex $-1 -1 $-1 $1508 $1590 #
ellipse-curve $-1 -1 $-1 0.3795475401846598595 -7.944891384371391752 0.5 0 0 -1 -0.03770429401643510259 0.03724763365265282289 0 1 I I #
point $-1 -1 $-1 0.3469174819923997455 -7.986655954312547934 0.5 #
coedge $-1 -1 $-1 $1499 $1591 $1592 $1593 forward $135 $-1 #
coedge $-1 -1 $-1 $1594 $1595 $1499 $1547 reversed $1596 $-1 #
edge $1597 -1 $-1 $1598 0 $1552 0.6500191812532317703 $1499 $1599 forward @7 unknown #
coedge $-1 -1 $-1 $1585 $1500 $1595 $1600 forward $1550 $-1 #
coedge $-1 -1 $-1 $1500 $1585 $1502 $1554 reversed $1550 $-1 #
loop $-1 -1 $-1 $-1 $1500 $1601 #
color-adesk-attrib $-1 -1 $-1 $-1 $1501 256 #
vertex $-1 -1 $-1 $1547 $1602 #
ellipse-curve $-1 -1 $-1 0.8369757737588583435 -7.355216109562730864 -0.5 0 0 -1 0.02216381311172388457 0.02836838712984146582 0 1 F 0 F 1.686876739761456134 #
edge $1603 -1 $-1 $1506 0 $1588 1 $1502 $1604 forward @7 tangent #
face $1605 -1 $-1 $1509 $1504 $7 $-1 $1606 forward single #
point $-1 -1 $-1 0.8625862376190780445 -7.38051638902491014 -0.5 #
color-adesk-attrib $-1 -1 $-1 $-1 $1508 256 #
straight-curve $-1 -1 $-1 0.341843246168224757 -7.907643750718738929 -0.5 0 0 1 I I #
color-adesk-attrib $-1 -1 $-1 $-1 $1509 256 #
cone-surface $-1 -1 $-1 0.3795475401846598595 -7.944891384371391752 -0.5 0 0 1 -0.03770429401643510259 0.03724763365265282289 0 1 I I 0 -1 0.05300000000000017891 forward I I I I #
color-adesk-attrib $-1 -1 $-1 $-1 $1516 256 #
face $1607 -1 $-1 $1608 $1609 $7 $-1 $1610 forward single #
loop $-1 -1 $-1 $-1 $1611 $1516 #
plane-surface $-1 -1 $-1 0.8591395868705831163 7.513152277567114012 -0.5 0.6156614753256588468 0.7880107536067215701 0 -0.7880107536067215701 0.6156614753256588468 0 forward_v I I I I #
coedge $-1 -1 $-1 $1612 $1613 $1614 $1615 reversed $1517 $-1 #
coedge $-1 -1 $-1 $1616 $1519 $1521 $1571 forward $1471 $-1 #
coedge $-1 -1 $-1 $1519 $1616 $1612 $1617 reversed $1471 $-1 #
coedge $-1 -1 $-1 $1614 $1522 $1519 $1569 forward $135 $-1 #
edge $1618 -1 $-1 $1573 0 $1619 0.7409699849464074228 $1568 $1620 forward @7 unknown #
coedge $-1 -1 $-1 $1521 $1520 $1621 $1622 reversed $1425 $-1 #
edge $1623 -1 $-1 $1573 0 $1624 1 $1566 $1625 forward @7 tangent #
color-adesk-attrib $-1 -1 $-1 $-1 $1523 256 #
vertex $-1 -1 $-1 $1523 $1626 #
ellipse-curve $-1 -1 $-1 0.8369757737588596758 8.544783890437267715 -0.5 0 0 -1 0.02216381311172344049 0.02836838712984501853 0 1 F 0 F 1.686876739761461685 #
coedge $-1 -1 $-1 $1529 $1621 $1524 $1576 forward $144 $-1 #
edge $1627 -1 $-1 $1578 -0.6500191812532306601 $1532 -0 $1524 $1628 forward @7 unknown #
color-adesk-attrib $-1 -1 $-1 $-1 $1525 256 #
vertex $-1 -1 $-1 $1525 $1629 #
straight-curve $-1 -1 $-1 0.8591395868705831163 8.573152277567112733 -0.5 0 0 1 I I #
point $-1 -1 $-1 0.8591395868705831163 8.573152277567112733 -0.5 #
color-adesk-attrib $-1 -1 $-1 $-1 $1530 256 #
ellipse-curve $-1 -1 $-1 0.379547540184661969 9.015108615628607325 0.5 0 0 -1 -0.03770429401643670547 0.03724763365265459925 0 1 I I #
point $-1 -1 $-1 0.3469174819923990793 8.973344045687449366 0.5 #
coedge $-1 -1 $-1 $1630 $1538 $1631 $1632 forward $144 $-1 #
coedge $-1 -1 $-1 $1549 $1548 $1538 $1586 reversed $1550 $-1 #
edge $1633 -1 $-1 $1588 -1.686876739761456134 $1634 -0 $1585 $1635 forward @7 unknown #
color-adesk-attrib $-1 -1 $-1 $-1 $1540 256 #
vertex $-1 -1 $-1 $1554 $1636 #
straight-curve $-1 -1 $-1 0.8625862376190787106 -7.38051638902491014 0.5 0.7027855406160848917 0.7114017738950032532 0 I I #
point $-1 -1 $-1 0.341843246168224757 -7.907643750718738929 0.5 #
coedge $-1 -1 $-1 $1545 $1637 $1638 $1639 forward $135 $-1 #
coedge $-1 -1 $-1 $1640 $1641 $1545 $1593 reversed $1642 $-1 #
edge $1643 -1 $-1 $1644 0 $1598 1.686876739761460131 $1545 $1645 forward @7 unknown #
coedge $-1 -1 $-1 $1631 $1546 $1641 $1646 forward $1596 $-1 #
coedge $-1 -1 $-1 $1546 $1631 $1548 $1600 reversed $1596 $-1 #
loop $-1 -1 $-1 $-1 $1546 $1647 #
color-adesk-attrib $-1 -1 $-1 $-1 $1547 256 #
vertex $-1 -1 $-1 $1593 $1648 #
straight-curve $-1 -1 $-1 0.3469174819923992459 -6.926655954312547436 -0.5 0.788010753606720904 -0.6156614753256595129 0 F 0 F 0.6500191812532317703 #
edge $1649 -1 $-1 $1552 0 $1634 1 $1548 $1650 forward @7 tangent #
face $1651 -1 $-1 $1555 $1550 $7 $-1 $1652 forward single #
point $-1 -1 $-1 0.8591395868705822281 -7.326847722432889398 -0.5 #
color-adesk-attrib $-1 -1 $-1 $-1 $1554 256 #
straight-curve $-1 -1 $-1 0.8625862376190780445 -7.38051638902491014 -0.5 0 0 1 I I #
color-adesk-attrib $-1 -1 $-1 $-1 $1555 256 #
plane-surface $-1 -1 $-1 0.341843246168224757 -7.907643750718738929 -0.5 0.7114017738950032532 -0.7027855406160848917 0 0.7027855406160848917 0.7114017738950032532 0 forward_v I I I I #
color-adesk-attrib $-1 -1 $-1 $-1 $1562 256 #
face $1653 -1 $-1 $1654 $1655 $7 $-1 $1656 forward single #
loop $-1 -1 $-1 $-1 $1657 $1562 #
cone-surface $-1 -1 $-1 0.8369757737588592317 7.484783890437272547 -0.5 0 0 1 0.02216381311172388457 0.02836838712984146582 0 1 I I 0 1 0.03599999999999970585 forward I I I I #
coedge $-1 -1 $-1 $1658 $1659 $1660 $1661 reversed $1563 $-1 #
coedge $-1 -1 $-1 $1662 $1565 $1567 $1617 forward $1517 $-1 #
coedge $-1 -1 $-1 $1565 $1662 $1658 $1663 reversed $1517 $-1 #
coedge $-1 -1 $-1 $1660 $1568 $1565 $1615 forward $135 $-1 #
edge $1664 -1 $-1 $1619 0 $1665 1.68687673976147634 $1614 $1666 forward @7 unknown #
coedge $-1 -1 $-1 $1567 $1566 $1667 $1668 reversed $1471 $-1 #
edge $1669 -1 $-1 $1619 0 $1670 1 $1612 $1671 forward @7 tangent #
color-adesk-attrib $-1 -1 $-1 $-1 $1569 256 #
vertex $-1 -1 $-1 $1569 $1672 #
straight-curve $-1 -1 $-1 0.8625862376190795988 8.519483610975091992 -0.5 -0.7027855406160838925 -0.7114017738950041414 0 F 0 F 0.7409699849464074228 #
coedge $-1 -1 $-1 $1575 $1667 $1570 $1622 forward $144 $-1 #
edge $1673 -1 $-1 $1624 -1.686876739761461685 $1578 -0 $1570 $1674 forward @7 unknown #
color-adesk-attrib $-1 -1 $-1 $-1 $1571 256 #
vertex $-1 -1 $-1 $1571 $1675 #
straight-curve $-1 -1 $-1 0.8625862376190829295 8.519483610975088439 -0.5 0 0 1 I I #
point $-1 -1 $-1 0.8625862376190829295 8.519483610975088439 -0.5 #
color-adesk-attrib $-1 -1 $-1 $-1 $1576 256 #
straight-curve $-1 -1 $-1 0.3469174819924002451 8.973344045687452919 0.5 -0.7880107536067222362 0.6156614753256578476 0 I I #
point $-1 -1 $-1 0.8591395868705831163 8.573152277567112733 0.5 #
coedge $-1 -1 $-1 $1676 $1584 $1677 $1678 forward $144 $-1 #
coedge $-1 -1 $-1 $1595 $1594 $1584 $1632 reversed $1596 $-1 #
edge $1679 -1 $-1 $1634 -0.6500191812532317703 $1680 -0 $1631 $1681 forward @7 unknown #
color-adesk-attrib $-1 -1 $-1 $-1 $1586 256 #
vertex $-1 -1 $-1 $1600 $1682 #
ellipse-curve $-1 -1 $-1 0.8369757737588583435 -7.355216109562730864 0.5 0 0 1 0.02216381311172388457 0.02836838712984146582 0 1 I I #
point $-1 -1 $-1 0.8625862376190780445 -7.38051638902491014 0.5 #
coedge $-1 -1 $-1 $1591 $1683 $1684 $1685 forward $135 $-1 #
coedge $-1 -1 $-1 $1686 $1687 $1591 $1639 reversed $1688 $-1 #
edge $1689 -1 $-1 $1690 0 $1644 0.7409699849464087551 $1591 $1691 forward @7 unknown #
coedge $-1 -1 $-1 $1677 $1592 $1687 $1692 forward $1642 $-1 #
coedge $-1 -1 $-1 $1592 $1677 $1594 $1646 reversed $1642 $-1 #
loop $-1 -1 $-1 $-1 $1592 $1693 #
color-adesk-attrib $-1 -1 $-1 $-1 $1593 256 #
vertex $-1 -1 $-1 $1639 $1694 #
ellipse-curve $-1 -1 $-1 0.3795475401846594155 -6.884891384371391254 -0.5 0 0 1 -0.03770429401643513034 0.03724763365265282289 0 1 F 0 F 1.686876739761460131 #
edge $1695 -1 $-1 $1598 0 $1680 1 $1594 $1696 forward @7 tangent #
face $1697 -1 $-1 $1601 $1596 $7 $-1 $1698 forward single #
point $-1 -1 $-1 0.3469174819923991349 -6.926655954312547436 -0.5 #
color-adesk-attrib $-1 -1 $-1 $-1 $1600 256 #
straight-curve $-1 -1 $-1 0.8591395868705822281 -7.326847722432889398 -0.5 0 0 1 I I #
color-adesk-attrib $-1 -1 $-1 $-1 $1601 256 #
cone-surface $-1 -1 $-1 0.8369757737588583435 -7.355216109562730864 -0.5 0 0 1 0.02216381311172388457 0.02836838712984146582 0 1 I I 0 1 0.03599999999999970585 forward I I I I #
color-adesk-attrib $-1 -1 $-1 $-1 $1608 256 #
face $1699 -1 $-1 $1700 $1701 $7 $-1 $1702 forward single #
loop $-1 -1 $-1 $-1 $1703 $1608 #
plane-surface $-1 -1 $-1 0.3418432461682270884 6.932356249281264482 -0.5 0.7114017738950041414 -0.7027855406160838925 0 0.7027855406160838925 0.7114017738950041414 0 forward_v I I I I #
coedge $-1 -1 $-1 $1704 $1705 $1706 $1707 reversed $1609 $-1 #
coedge $-1 -1 $-1 $1708 $1611 $1613 $1663 forward $1563 $-1 #
coedge $-1 -1 $-1 $1611 $1708 $1704 $1709 reversed $1563 $-1 #
coedge $-1 -1 $-1 $1706 $1614 $1611 $1661 forward $135 $-1 #
edge $1710 -1 $-1 $1665 0 $1711 0.6500191812532296609 $1660 $1712 forward @7 unknown #
coedge $-1 -1 $-1 $1613 $1612 $1713 $1714 reversed $1517 $-1 #
edge $1715 -1 $-1 $1665 0 $1716 1 $1658 $1717 forward @7 tangent #
color-adesk-attrib $-1 -1 $-1 $-1 $1615 256 #
vertex $-1 -1 $-1 $1615 $1718 #
ellipse-curve $-1 -1 $-1 0.3795475401846608032 7.955108615628612156 -0.5 0 0 1 -0.03770429401643361766 0.03724763365265104653 0 1 F 0 F 1.68687673976147634 #
coedge $-1 -1 $-1 $1621 $1713 $1616 $1668 forward $144 $-1 #
edge $1719 -1 $-1 $1670 -0.7409699849464074228 $1624 -0 $1616 $1720 forward @7 unknown #
color-adesk-attrib $-1 -1 $-1 $-1 $1617 256 #
vertex $-1 -1 $-1 $1617 $1721 #
straight-curve $-1 -1 $-1 0.3418432461682271994 7.992356249281263203 -0.5 0 0 1 I I #
point $-1 -1 $-1 0.3418432461682271994 7.992356249281263203 -0.5 #
color-adesk-attrib $-1 -1 $-1 $-1 $1622 256 #
ellipse-curve $-1 -1 $-1 0.8369757737588596758 8.544783890437267715 0.5 0 0 1 0.02216381311172344049 0.02836838712984501853 0 1 I I #
point $-1 -1 $-1 0.8625862376190829295 8.519483610975088439 0.5 #
coedge $-1 -1 $-1 $1722 $1630 $1723 $1724 forward $144 $-1 #
coedge $-1 -1 $-1 $1641 $1640 $1630 $1678 reversed $1642 $-1 #
edge $1725 -1 $-1 $1680 -1.686876739761460131 $1726 -0 $1677 $1727 forward @7 unknown #
color-adesk-attrib $-1 -1 $-1 $-1 $1632 256 #
vertex $-1 -1 $-1 $1646 $1728 #
straight-curve $-1 -1 $-1 0.3469174819923992459 -6.926655954312547436 0.5 -0.788010753606720904 0.6156614753256595129 0 I I #
point $-1 -1 $-1 0.8591395868705822281 -7.326847722432889398 0.5 #
coedge $-1 -1 $-1 $1637 $1729 $1730 $1731 forward $135 $-1 #
coedge $-1 -1 $-1 $1732 $1733 $1637 $1685 reversed $1734 $-1 #
edge $1735 -1 $-1 $1736 0 $1690 1.686876739761456134 $1637 $1737 forward @7 unknown #
coedge $-1 -1 $-1 $1723 $1638 $1733 $1738 forward $1688 $-1 #
coedge $-1 -1 $-1 $1638 $1723 $1640 $1692 reversed $1688 $-1 #
loop $-1 -1 $-1 $-1 $1638 $1739 #
color-adesk-attrib $-1 -1 $-1 $-1 $1639 256 #
vertex $-1 -1 $-1 $1685 $1740 #
straight-curve $-1 -1 $-1 0.8625862376190787106 -6.320516389024909643 -0.5 -0.7027855406160851137 -0.7114017738950029202 0 F 0 F 0.7409699849464087551 #
edge $1741 -1 $-1 $1644 0 $1726 1 $1640 $1742 forward @7 tangent #
face $1743 -1 $-1 $1647 $1642 $7 $-1 $1744 forward single #
point $-1 -1 $-1 0.3418432461682243129 -6.847643750718738431 -0.5 #
color-adesk-attrib $-1 -1 $-1 $-1 $1646 256 #
straight-curve $-1 -1 $-1 0.3469174819923991349 -6.926655954312547436 -0.5 0 0 1 I I #
color-adesk-attrib $-1 -1 $-1 $-1 $1647 256 #
plane-surface $-1 -1 $-1 0.8591395868705822281 -7.326847722432889398 -0.5 0.615661475325659624 0.788010753606721015 0 -0.788010753606721015 0.615661475325659624 0 forward_v I I I I #
color-adesk-attrib $-1 -1 $-1 $-1 $1654 256 #
face $1745 -1 $-1 $1746 $1747 $7 $-1 $1748 forward single #
loop $-1 -1 $-1 $-1 $1749 $1654 #
cone-surface $-1 -1 $-1 0.3795475401846638563 6.895108615628609883 -0.5 0 0 1 -0.03770429401643678874 0.03724763365265459925 0 1 I I 0 -1 0.05300000000000262834 forward I I I I #
coedge $-1 -1 $-1 $1750 $1751 $1752 $1753 reversed $1655 $-1 #
coedge $-1 -1 $-1 $1754 $1657 $1659 $1709 forward $1609 $-1 #
coedge $-1 -1 $-1 $1657 $1754 $1750 $1755 reversed $1609 $-1 #
coedge $-1 -1 $-1 $1752 $1660 $1657 $1707 forward $135 $-1 #
edge $1756 -1 $-1 $1711 0 $1757 1.686876739761456134 $1706 $1758 forward @7 unknown #
coedge $-1 -1 $-1 $1659 $1658 $1759 $1760 reversed $1563 $-1 #
edge $1761 -1 $-1 $1711 0 $1762 1 $1704 $1763 forward @7 tangent #
color-adesk-attrib $-1 -1 $-1 $-1 $1661 256 #
vertex $-1 -1 $-1 $1661 $1764 #
straight-curve $-1 -1 $-1 0.3469174819924014663 7.913344045687454198 -0.5 0.7880107536067215701 -0.6156614753256588468 0 F 0 F 0.6500191812532296609 #
coedge $-1 -1 $-1 $1667 $1759 $1662 $1714 forward $144 $-1 #
edge $1765 -1 $-1 $1716 -1.68687673976147634 $1670 -0 $1662 $1766 forward @7 unknown #
color-adesk-attrib $-1 -1 $-1 $-1 $1663 256 #
vertex $-1 -1 $-1 $1663 $1767 #
straight-curve $-1 -1 $-1 0.3469174819924027986 7.913344045687457751 -0.5 0 0 1 I I #
point $-1 -1 $-1 0.3469174819924027986 7.913344045687457751 -0.5 #
color-adesk-attrib $-1 -1 $-1 $-1 $1668 256 #
straight-curve $-1 -1 $-1 0.8625862376190795988 8.519483610975091992 0.5 0.7027855406160838925 0.7114017738950041414 0 I I #
point $-1 -1 $-1 0.3418432461682271994 7.992356249281263203 0.5 #
coedge $-1 -1 $-1 $1768 $1676 $1769 $1770 forward $144 $-1 #
coedge $-1 -1 $-1 $1687 $1686 $1676 $1724 reversed $1688 $-1 #
edge $1771 -1 $-1 $1726 -0.7409699849464087551 $1772 -0 $1723 $1773 forward @7 unknown #
color-adesk-attrib $-1 -1 $-1 $-1 $1678 256 #
vertex $-1 -1 $-1 $1692 $1774 #
ellipse-curve $-1 -1 $-1 0.3795475401846594155 -6.884891384371391254 0.5 0 0 -1 -0.03770429401643513034 0.03724763365265282289 0 1 I I #
point $-1 -1 $-1 0.3469174819923991904 -6.926655954312549213 0.5 #
coedge $-1 -1 $-1 $1683 $1775 $1776 $1777 forward $135 $-1 #
coedge $-1 -1 $-1 $1778 $1779 $1683 $1731 reversed $1780 $-1 #
edge $1781 -1 $-1 $1782 0 $1736 0.6500191812532308822 $1683 $1783 forward @7 unknown #
coedge $-1 -1 $-1 $1769 $1684 $1779 $1784 forward $1734 $-1 #
coedge $-1 -1 $-1 $1684 $1769 $1686 $1738 reversed $1734 $-1 #
loop $-1 -1 $-1 $-1 $1684 $1785 #
color-adesk-attrib $-1 -1 $-1 $-1 $1685 256 #
vertex $-1 -1 $-1 $1731 $1786 #
ellipse-curve $-1 -1 $-1 0.8369757737588583435 -6.295216109562730367 -0.5 0 0 -1 0.02216381311172388457 0.02836838712984146582 0 1 F 0 F 1.686876739761456134 #
edge $1787 -1 $-1 $1690 0 $1772 1 $1686 $1788 forward @7 tangent #
face $1789 -1 $-1 $1693 $1688 $7 $-1 $1790 forward single #
point $-1 -1 $-1 0.8625862376190780445 -6.320516389024909643 -0.5 #
color-adesk-attrib $-1 -1 $-1 $-1 $1692 256 #
straight-curve $-1 -1 $-1 0.3418432461682243129 -6.847643750718738431 -0.5 0 0 1 I I #
color-adesk-attrib $-1 -1 $-1 $-1 $1693 256 #
cone-surface $-1 -1 $-1 0.3795475401846594155 -6.884891384371391254 -0.5 0 0 1 -0.03770429401643513034 0.03724763365265282289 0 1 I I 0 -1 0.05300000000000019279 forward I I I I #
color-adesk-attrib $-1 -1 $-1 $-1 $1700 256 #
face $1791 -1 $-1 $1792 $1793 $7 $-1 $1794 forward single #
loop $-1 -1 $-1 $-1 $1795 $1700 #
plane-surface $-1 -1 $-1 0.8591395868705831163 6.453152277567115291 -0.5 0.6156614753256587358 0.7880107536067215701 0 -0.7880107536067215701 0.6156614753256587358 0 forward_v I I I I #
coedge $-1 -1 $-1 $1796 $1797 $1798 $1799 reversed $1701 $-1 #
coedge $-1 -1 $-1 $1800 $1703 $1705 $1755 forward $1655 $-1 #
coedge $-1 -1 $-1 $1703 $1800 $1796 $1801 reversed $1655 $-1 #
coedge $-1 -1 $-1 $1798 $1706 $1703 $1753 forward $135 $-1 #
edge $1802 -1 $-1 $1757 0 $1803 0.7409699849464074228 $1752 $1804 forward @7 unknown #
coedge $-1 -1 $-1 $1705 $1704 $1805 $1806 reversed $1609 $-1 #
edge $1807 -1 $-1 $1757 0 $1808 1 $1750 $1809 forward @7 tangent #
color-adesk-attrib $-1 -1 $-1 $-1 $1707 256 #
vertex $-1 -1 $-1 $1707 $1810 #
ellipse-curve $-1 -1 $-1 0.8369757737588592317 7.484783890437272547 -0.5 0 0 -1 0.02216381311172388457 0.02836838712984146582 0 1 F 0 F 1.686876739761456134 #
coedge $-1 -1 $-1 $1713 $1805 $1708 $1760 forward $144 $-1 #
edge $1811 -1 $-1 $1762 -0.6500191812532296609 $1716 -0 $1708 $1812 forward @7 unknown #
color-adesk-attrib $-1 -1 $-1 $-1 $1709 256 #
vertex $-1 -1 $-1 $1709 $1813 #
straight-curve $-1 -1 $-1 0.8591395868705831163 7.513152277567114012 -0.5 0 0 1 I I #
point $-1 -1 $-1 0.8591395868705831163 7.513152277567114012 -0.5 #
color-adesk-attrib $-1 -1 $-1 $-1 $1714 256 #
ellipse-curve $-1 -1 $-1 0.3795475401846608032 7.955108615628612156 0.5 0 0 -1 -0.03770429401643361766 0.03724763365265104653 0 1 I I #
point $-1 -1 $-1 0.3469174819924028541 7.913344045687457751 0.5 #
coedge $-1 -1 $-1 $1814 $1722 $1815 $1816 forward $144 $-1 #
coedge $-1 -1 $-1 $1733 $1732 $1722 $1770 reversed $1734 $-1 #
edge $1817 -1 $-1 $1772 -1.686876739761456134 $1818 -0 $1769 $1819 forward @7 unknown #
color-adesk-attrib $-1 -1 $-1 $-1 $1724 256 #
vertex $-1 -1 $-1 $1738 $1820 #
straight-curve $-1 -1 $-1 0.8625862376190787106 -6.320516389024909643 0.5 0.7027855406160851137 0.7114017738950029202 0 I I #
point $-1 -1 $-1 0.3418432461682243129 -6.847643750718736655 0.5 #
coedge $-1 -1 $-1 $1729 $1821 $1822 $1823 forward $135 $-1 #
coedge $-1 -1 $-1 $1824 $1825 $1729 $1777 reversed $1826 $-1 #
edge $1827 -1 $-1 $1828 0 $1782 1.686876739761465904 $1729 $1829 forward @7 unknown #
coedge $-1 -1 $-1 $1815 $1730 $1825 $1830 forward $1780 $-1 #
coedge $-1 -1 $-1 $1730 $1815 $1732 $1784 reversed $1780 $-1 #
loop $-1 -1 $-1 $-1 $1730 $1831 #
color-adesk-attrib $-1 -1 $-1 $-1 $1731 256 #
vertex $-1 -1 $-1 $1777 $1832 #
straight-curve $-1 -1 $-1 0.3469174819923989128 -5.866655954312548715 -0.5 0.7880107536067224583 -0.6156614753256576256 0 F 0 F 0.6500191812532308822 #
edge $1833 -1 $-1 $1736 0 $1818 1 $1732 $1834 forward @7 tangent #
face $1835 -1 $-1 $1739 $1734 $7 $-1 $1836 forward single #
point $-1 -1 $-1 0.8591395868705822281 -6.266847722432888901 -0.5 #
color-adesk-attrib $-1 -1 $-1 $-1 $1738 256 #
straight-curve $-1 -1 $-1 0.8625862376190780445 -6.320516389024909643 -0.5 0 0 1 I I #
color-adesk-attrib $-1 -1 $-1 $-1 $1739 256 #
plane-surface $-1 -1 $-1 0.3418432461682243129 -6.847643750718738431 -0.5 0.7114017738950030312 -0.7027855406160852247 0 0.7027855406160852247 0.7114017738950030312 0 forward_v I I I I #
color-adesk-attrib $-1 -1 $-1 $-1 $1746 256 #
face $1837 -1 $-1 $1838 $1839 $7 $-1 $1840 forward single #
loop $-1 -1 $-1 $-1 $1841 $1746 #
cone-surface $-1 -1 $-1 0.8369757737588596758 6.424783890437270273 -0.5 0 0 1 0.02216381311172344049 0.02836838712984501853 0 1 I I 0 1 0.03600000000000222466 forward I I I I #
coedge $-1 -1 $-1 $1842 $1843 $1844 $1845 reversed $1747 $-1 #
coedge $-1 -1 $-1 $1846 $1749 $1751 $1801 forward $1701 $-1 #
coedge $-1 -1 $-1 $1749 $1846 $1842 $1847 reversed $1701 $-1 #
coedge $-1 -1 $-1 $1844 $1752 $1749 $1799 forward $135 $-1 #
edge $1848 -1 $-1 $1803 0 $1849 1.686876739761427491 $1798 $1850 forward @7 unknown #
coedge $-1 -1 $-1 $1751 $1750 $1851 $1852 reversed $1655 $-1 #
edge $1853 -1 $-1 $1803 0 $1854 1 $1796 $1855 forward @7 tangent #
color-adesk-attrib $-1 -1 $-1 $-1 $1753 256 #
vertex $-1 -1 $-1 $1753 $1856 #
straight-curve $-1 -1 $-1 0.8625862376190795988 7.459483610975093271 -0.5 -0.7027855406160838925 -0.7114017738950041414 0 F 0 F 0.7409699849464074228 #
coedge $-1 -1 $-1 $1759 $1851 $1754 $1806 forward $144 $-1 #
edge $1857 -1 $-1 $1808 -1.686876739761456134 $1762 -0 $1754 $1858 forward @7 unknown #
color-adesk-attrib $-1 -1 $-1 $-1 $1755 256 #
vertex $-1 -1 $-1 $1755 $1859 #
straight-curve $-1 -1 $-1 0.8625862376190789327 7.459483610975093271 -0.5 0 0 1 I I #
point $-1 -1 $-1 0.8625862376190789327 7.459483610975093271 -0.5 #
color-adesk-attrib $-1 -1 $-1 $-1 $1760 256 #
straight-curve $-1 -1 $-1 0.3469174819924014663 7.913344045687454198 0.5 -0.7880107536067215701 0.6156614753256588468 0 I I #
point $-1 -1 $-1 0.8591395868705831163 7.513152277567114012 0.5 #
coedge $-1 -1 $-1 $1860 $1768 $1861 $1862 forward $144 $-1 #
coedge $-1 -1 $-1 $1779 $1778 $1768 $1816 reversed $1780 $-1 #
edge $1863 -1 $-1 $1818 -0.6500191812532308822 $1864 -0 $1815 $1865 forward @7 unknown #
color-adesk-attrib $-1 -1 $-1 $-1 $1770 256 #
vertex $-1 -1 $-1 $1784 $1866 #
ellipse-curve $-1 -1 $-1 0.8369757737588583435 -6.295216109562730367 0.5 0 0 1 0.02216381311172388457 0.02836838712984146582 0 1 I I #
point $-1 -1 $-1 0.8625862376190780445 -6.320516389024907866 0.5 #
coedge $-1 -1 $-1 $1775 $1867 $1868 $1869 forward $135 $-1 #
coedge $-1 -1 $-1 $1870 $1871 $1775 $1823 reversed $1872 $-1 #
edge $1873 -1 $-1 $1874 0 $1828 0.7409699849464107535 $1775 $1875 forward @7 unknown #
coedge $-1 -1 $-1 $1861 $1776 $1871 $1876 forward $1826 $-1 #
coedge $-1 -1 $-1 $1776 $1861 $1778 $1830 reversed $1826 $-1 #
loop $-1 -1 $-1 $-1 $1776 $1877 #
color-adesk-attrib $-1 -1 $-1 $-1 $1777 256 #
vertex $-1 -1 $-1 $1823 $1878 #
ellipse-curve $-1 -1 $-1 0.3795475401846585273 -5.824891384371392533 -0.5 0 0 1 -0.03770429401643507483 0.03724763365265282289 0 1 F 0 F 1.686876739761465904 #
edge $1879 -1 $-1 $1782 0 $1864 1 $1778 $1880 forward @7 tangent #
face $1881 -1 $-1 $1785 $1780 $7 $-1 $1882 forward single #
point $-1 -1 $-1 0.3469174819923985242 -5.866655954312548715 -0.5 #
color-adesk-attrib $-1 -1 $-1 $-1 $1784 256 #
straight-curve $-1 -1 $-1 0.8591395868705822281 -6.266847722432888901 -0.5 0 0 1 I I #
color-adesk-attrib $-1 -1 $-1 $-1 $1785 256 #
cone-surface $-1 -1 $-1 0.8369757737588583435 -6.295216109562730367 -0.5 0 0 1 0.02216381311172388457 0.02836838712984146582 0 1 I I 0 1 0.03599999999999970585 forward I I I I #
color-adesk-attrib $-1 -1 $-1 $-1 $1792 256 #
face $1883 -1 $-1 $1884 $1885 $7 $-1 $1886 forward single #
loop $-1 -1 $-1 $-1 $1887 $1792 #
plane-surface $-1 -1 $-1 0.341843246168224979 5.872356249281262208 -0.5 0.7114017738950051406 -0.7027855406160828933 0 0.7027855406160828933 0.7114017738950051406 0 forward_v I I I I #
coedge $-1 -1 $-1 $1888 $1889 $1890 $1891 reversed $1793 $-1 #
coedge $-1 -1 $-1 $1892 $1795 $1797 $1847 forward $1747 $-1 #
coedge $-1 -1 $-1 $1795 $1892 $1888 $1893 reversed $1747 $-1 #
coedge $-1 -1 $-1 $1890 $1798 $1795 $1845 forward $135 $-1 #
edge $1894 -1 $-1 $1849 0 $1895 0.6500191812532297719 $1844 $1896 forward @7 unknown #
coedge $-1 -1 $-1 $1797 $1796 $1897 $1898 reversed $1701 $-1 #
edge $1899 -1 $-1 $1849 0 $1900 1 $1842 $1901 forward @7 tangent #
color-adesk-attrib $-1 -1 $-1 $-1 $1799 256 #
vertex $-1 -1 $-1 $1799 $1902 #
ellipse-curve $-1 -1 $-1 0.3795475401846638563 6.895108615628609883 -0.5 0 0 1 -0.03770429401643678874 0.03724763365265459925 0 1 F 0 F 1.686876739761427491 #
coedge $-1 -1 $-1 $1805 $1897 $1800 $1852 forward $144 $-1 #
edge $1903 -1 $-1 $1854 -0.7409699849464074228 $1808 -0 $1800 $1904 forward @7 unknown #
color-adesk-attrib $-1 -1 $-1 $-1 $1801 256 #
vertex $-1 -1 $-1 $1801 $1905 #
straight-curve $-1 -1 $-1 0.3418432461682270884 6.932356249281264482 -0.5 0 0 1 I I #
point $-1 -1 $-1 0.3418432461682270884 6.932356249281264482 -0.5 #
color-adesk-attrib $-1 -1 $-1 $-1 $1806 256 #
ellipse-curve $-1 -1 $-1 0.8369757737588592317 7.484783890437272547 0.5 0 0 1 0.02216381311172388457 0.02836838712984146582 0 1 I I #
point $-1 -1 $-1 0.8625862376190789327 7.459483610975093271 0.5 #
coedge $-1 -1 $-1 $1906 $1814 $1907 $1908 forward $144 $-1 #
coedge $-1 -1 $-1 $1825 $1824 $1814 $1862 reversed $1826 $-1 #
edge $1909 -1 $-1 $1864 -1.686876739761465904 $1910 -0 $1861 $1911 forward @7 unknown #
color-adesk-attrib $-1 -1 $-1 $-1 $1816 256 #
vertex $-1 -1 $-1 $1830 $1912 #
straight-curve $-1 -1 $-1 0.3469174819923989128 -5.866655954312548715 0.5 -0.7880107536067224583 0.6156614753256576256 0 I I #
point $-1 -1 $-1 0.8591395868705822281 -6.266847722432890677 0.5 #
coedge $-1 -1 $-1 $1821 $1913 $1914 $1915 forward $135 $-1 #
coedge $-1 -1 $-1 $1916 $1917 $1821 $1869 reversed $1918 $-1 #
edge $1919 -1 $-1 $1920 0 $1874 1.686876739761456134 $1821 $1921 forward @7 unknown #
coedge $-1 -1 $-1 $1907 $1822 $1917 $1922 forward $1872 $-1 #
coedge $-1 -1 $-1 $1822 $1907 $1824 $1876 reversed $1872 $-1 #
loop $-1 -1 $-1 $-1 $1822 $1923 #
color-adesk-attrib $-1 -1 $-1 $-1 $1823 256 #
vertex $-1 -1 $-1 $1869 $1924 #
straight-curve $-1 -1 $-1 0.8625862376190789327 -5.260516389024909145 -0.5 -0.7027855406160847807 -0.7114017738950033642 0 F 0 F 0.7409699849464107535 #
edge $1925 -1 $-1 $1828 0 $1910 1 $1824 $1926 forward @7 tangent #
face $1927 -1 $-1 $1831 $1826 $7 $-1 $1928 forward single #
point $-1 -1 $-1 0.3418432461682234247 -5.78764375071873971 -0.5 #
color-adesk-attrib $-1 -1 $-1 $-1 $1830 256 #
straight-curve $-1 -1 $-1 0.3469174819923985242 -5.866655954312548715 -0.5 0 0 1 I I #
color-adesk-attrib $-1 -1 $-1 $-1 $1831 256 #
plane-surface $-1 -1 $-1 0.8591395868705822281 -6.266847722432888901 -0.5 0.6156614753256576256 0.7880107536067224583 0 -0.7880107536067224583 0.6156614753256576256 0 forward_v I I I I #
color-adesk-attrib $-1 -1 $-1 $-1 $1838 256 #
face $1929 -1 $-1 $1930 $1931 $7 $-1 $1932 forward single #
loop $-1 -1 $-1 $-1 $1933 $1838 #
cone-surface $-1 -1 $-1 0.3795475401846617469 5.835108615628607609 -0.5 0 0 1 -0.03770429401643670547 0.03724763365265459925 0 1 I I 0 -1 0.05300000000000256589 forward I I I I #
coedge $-1 -1 $-1 $1934 $1935 $1936 $1937 reversed $1839 $-1 #
coedge $-1 -1 $-1 $1938 $1841 $1843 $1893 forward $1793 $-1 #
coedge $-1 -1 $-1 $1841 $1938 $1934 $1939 reversed $1793 $-1 #
coedge $-1 -1 $-1 $1936 $1844 $1841 $1891 forward $135 $-1 #
edge $1940 -1 $-1 $1895 0 $1941 1.686876739761461685 $1890 $1942 forward @7 unknown #
coedge $-1 -1 $-1 $1843 $1842 $1943 $1944 reversed $1747 $-1 #
edge $1945 -1 $-1 $1895 0 $1946 1 $1888 $1947 forward @7 tangent #
color-adesk-attrib $-1 -1 $-1 $-1 $1845 256 #
vertex $-1 -1 $-1 $1845 $1948 #
straight-curve $-1 -1 $-1 0.3469174819924013553 6.853344045687455477 -0.5 0.7880107536067215701 -0.6156614753256587358 0 F 0 F 0.6500191812532297719 #
coedge $-1 -1 $-1 $1851 $1943 $1846 $1898 forward $144 $-1 #
edge $1949 -1 $-1 $1900 -1.686876739761427491 $1854 -0 $1846 $1950 forward @7 unknown #
color-adesk-attrib $-1 -1 $-1 $-1 $1847 256 #
vertex $-1 -1 $-1 $1847 $1951 #
straight-curve $-1 -1 $-1 0.3469174819924006337 6.853344045687451924 -0.5 0 0 1 I I #
point $-1 -1 $-1 0.3469174819924006337 6.853344045687451924 -0.5 #
color-adesk-attrib $-1 -1 $-1 $-1 $1852 256 #
straight-curve $-1 -1 $-1 0.8625862376190795988 7.459483610975093271 0.5 0.7027855406160838925 0.7114017738950041414 0 I I #
point $-1 -1 $-1 0.3418432461682270884 6.932356249281264482 0.5 #
coedge $-1 -1 $-1 $1952 $1860 $1953 $1954 forward $144 $-1 #
coedge $-1 -1 $-1 $1871 $1870 $1860 $1908 reversed $1872 $-1 #
edge $1955 -1 $-1 $1910 -0.7409699849464107535 $1956 -0 $1907 $1957 forward @7 unknown #
color-adesk-attrib $-1 -1 $-1 $-1 $1862 256 #
vertex $-1 -1 $-1 $1876 $1958 #
ellipse-curve $-1 -1 $-1 0.3795475401846585273 -5.824891384371392533 0.5 0 0 -1 -0.03770429401643507483 0.03724763365265282289 0 1 I I #
point $-1 -1 $-1 0.3469174819923985242 -5.866655954312546939 0.5 #
coedge $-1 -1 $-1 $1867 $1959 $1960 $1961 forward $135 $-1 #
coedge $-1 -1 $-1 $1962 $1963 $1867 $1915 reversed $1964 $-1 #
edge $1965 -1 $-1 $1966 0 $1920 0.6500191812532311042 $1867 $1967 forward @7 unknown #
coedge $-1 -1 $-1 $1953 $1868 $1963 $1968 forward $1918 $-1 #
coedge $-1 -1 $-1 $1868 $1953 $1870 $1922 reversed $1918 $-1 #
loop $-1 -1 $-1 $-1 $1868 $1969 #
color-adesk-attrib $-1 -1 $-1 $-1 $1869 256 #
vertex $-1 -1 $-1 $1915 $1970 #
ellipse-curve $-1 -1 $-1 0.8369757737588585655 -5.235216109562729869 -0.5 0 0 -1 0.02216381311172388457 0.02836838712984146582 0 1 F 0 F 1.686876739761456134 #
edge $1971 -1 $-1 $1874 0 $1956 1 $1870 $1972 forward @7 tangent #
face $1973 -1 $-1 $1877 $1872 $7 $-1 $1974 forward single #
point $-1 -1 $-1 0.8625862376190782665 -5.260516389024909145 -0.5 #
color-adesk-attrib $-1 -1 $-1 $-1 $1876 256 #
straight-curve $-1 -1 $-1 0.3418432461682234247 -5.78764375071873971 -0.5 0 0 1 I I #
color-adesk-attrib $-1 -1 $-1 $-1 $1877 256 #
cone-surface $-1 -1 $-1 0.3795475401846585273 -5.824891384371392533 -0.5 0 0 1 -0.03770429401643507483 0.03724763365265282289 0 1 I I 0 -1 0.0530000000000001581 forward I I I I #
color-adesk-attrib $-1 -1 $-1 $-1 $1884 256 #
face $1975 -1 $-1 $1976 $1977 $7 $-1 $1978 forward single #
loop $-1 -1 $-1 $-1 $1979 $1884 #
plane-surface $-1 -1 $-1 0.8591395868705828942 5.393152277567113018 -0.5 0.6156614753256578476 0.7880107536067222362 0 -0.7880107536067222362 0.6156614753256578476 0 forward_v I I I I #
coedge $-1 -1 $-1 $1980 $1981 $1982 $1983 reversed $1885 $-1 #
coedge $-1 -1 $-1 $1984 $1887 $1889 $1939 forward $1839 $-1 #
coedge $-1 -1 $-1 $1887 $1984 $1980 $1985 reversed $1839 $-1 #
coedge $-1 -1 $-1 $1982 $1890 $1887 $1937 forward $135 $-1 #
edge $1986 -1 $-1 $1941 0 $1987 0.7409699849464114196 $1936 $1988 forward @7 unknown #
coedge $-1 -1 $-1 $1889 $1888 $1989 $1990 reversed $1793 $-1 #
edge $1991 -1 $-1 $1941 0 $1992 1 $1934 $1993 forward @7 tangent #
color-adesk-attrib $-1 -1 $-1 $-1 $1891 256 #
vertex $-1 -1 $-1 $1891 $1994 #
ellipse-curve $-1 -1 $-1 0.8369757737588596758 6.424783890437270273 -0.5 0 0 -1 0.02216381311172344049 0.02836838712984501853 0 1 F 0 F 1.686876739761461685 #
coedge $-1 -1 $-1 $1897 $1989 $1892 $1944 forward $144 $-1 #
edge $1995 -1 $-1 $1946 -0.6500191812532297719 $1900 -0 $1892 $1996 forward @7 unknown #
color-adesk-attrib $-1 -1 $-1 $-1 $1893 256 #
vertex $-1 -1 $-1 $1893 $1997 #
straight-curve $-1 -1 $-1 0.8591395868705831163 6.453152277567115291 -0.5 0 0 1 I I #
point $-1 -1 $-1 0.8591395868705831163 6.453152277567115291 -0.5 #
color-adesk-attrib $-1 -1 $-1 $-1 $1898 256 #
ellipse-curve $-1 -1 $-1 0.3795475401846638563 6.895108615628609883 0.5 0 0 -1 -0.03770429401643678874 0.03724763365265459925 0 1 I I #
point $-1 -1 $-1 0.3469174819924006337 6.853344045687451924 0.5 #
coedge $-1 -1 $-1 $1998 $1906 $1999 $2000 forward $144 $-1 #
coedge $-1 -1 $-1 $1917 $1916 $1906 $1954 reversed $1918 $-1 #
edge $2001 -1 $-1 $1956 -1.686876739761456134 $2002 -0 $1953 $2003 forward @7 unknown #
color-adesk-attrib $-1 -1 $-1 $-1 $1908 256 #
vertex $-1 -1 $-1 $1922 $2004 #
straight-curve $-1 -1 $-1 0.8625862376190789327 -5.260516389024909145 0.5 0.7027855406160847807 0.7114017738950033642 0 I I #
point $-1 -1 $-1 0.3418432461682234247 -5.787643750718741487 0.5 #
coedge $-1 -1 $-1 $1913 $2005 $2006 $2007 forward $135 $-1 #
coedge $-1 -1 $-1 $2008 $2009 $1913 $1961 reversed $2010 $-1 #
edge $2011 -1 $-1 $2012 0 $1966 1.686876739761466126 $1913 $2013 forward @7 unknown #
coedge $-1 -1 $-1 $1999 $1914 $2009 $2014 forward $1964 $-1 #
coedge $-1 -1 $-1 $1914 $1999 $1916 $1968 reversed $1964 $-1 #
loop $-1 -1 $-1 $-1 $1914 $2015 #
color-adesk-attrib $-1 -1 $-1 $-1 $1915 256 #
vertex $-1 -1 $-1 $1961 $2016 #
straight-curve $-1 -1 $-1 0.3469174819923990238 -4.806655954312548218 -0.5 0.7880107536067225693 -0.6156614753256574035 0 F 0 F 0.6500191812532311042 #
edge $2017 -1 $-1 $1920 0 $2002 1 $1916 $2018 forward @7 tangent #
face $2019 -1 $-1 $1923 $1918 $7 $-1 $2020 forward single #
point $-1 -1 $-1 0.8591395868705824501 -5.206847722432888403 -0.5 #
color-adesk-attrib $-1 -1 $-1 $-1 $1922 256 #
straight-curve $-1 -1 $-1 0.8625862376190782665 -5.260516389024909145 -0.5 0 0 1 I I #
color-adesk-attrib $-1 -1 $-1 $-1 $1923 256 #
plane-surface $-1 -1 $-1 0.3418432461682234247 -5.78764375071873971 -0.5 0.7114017738950033642 -0.7027855406160847807 0 0.7027855406160847807 0.7114017738950033642 0 forward_v I I I I #
color-adesk-attrib $-1 -1 $-1 $-1 $1930 256 #
face $2021 -1 $-1 $2022 $2023 $7 $-1 $2024 forward single #
loop $-1 -1 $-1 $-1 $2025 $1930 #
cone-surface $-1 -1 $-1 0.8369757737588594537 5.364783890437267999 -0.5 0 0 1 0.02216381311172344049 0.02836838712984501853 0 1 I I 0 1 0.03600000000000222466 forward I I I I #
coedge $-1 -1 $-1 $2026 $2027 $2028 $2029 reversed $1931 $-1 #
coedge $-1 -1 $-1 $2030 $1933 $1935 $1985 forward $1885 $-1 #
coedge $-1 -1 $-1 $1933 $2030 $2026 $2031 reversed $1885 $-1 #
coedge $-1 -1 $-1 $2028 $1936 $1933 $1983 forward $135 $-1 #
edge $2032 -1 $-1 $1987 0 $2033 1.686876739761436816 $1982 $2034 forward @7 unknown #
coedge $-1 -1 $-1 $1935 $1934 $2035 $2036 reversed $1839 $-1 #
edge $2037 -1 $-1 $1987 0 $2038 1 $1980 $2039 forward @7 tangent #
color-adesk-attrib $-1 -1 $-1 $-1 $1937 256 #
vertex $-1 -1 $-1 $1937 $2040 #
straight-curve $-1 -1 $-1 0.8625862376190795988 6.39948361097509455 -0.5 -0.7027855406160828933 -0.7114017738950051406 0 F 0 F 0.7409699849464114196 #
coedge $-1 -1 $-1 $1943 $2035 $1938 $1990 forward $144 $-1 #
edge $2041 -1 $-1 $1992 -1.686876739761461685 $1946 -0 $1938 $2042 forward @7 unknown #
color-adesk-attrib $-1 -1 $-1 $-1 $1939 256 #
vertex $-1 -1 $-1 $1939 $2043 #
straight-curve $-1 -1 $-1 0.8625862376190827074 6.399483610975090997 -0.5 0 0 1 I I #
point $-1 -1 $-1 0.8625862376190827074 6.399483610975090997 -0.5 #
color-adesk-attrib $-1 -1 $-1 $-1 $1944 256 #
straight-curve $-1 -1 $-1 0.3469174819924013553 6.853344045687455477 0.5 -0.7880107536067215701 0.6156614753256587358 0 I I #
point $-1 -1 $-1 0.8591395868705831163 6.453152277567115291 0.5 #
coedge $-1 -1 $-1 $2044 $1952 $2045 $2046 forward $144 $-1 #
coedge $-1 -1 $-1 $1963 $1962 $1952 $2000 reversed $1964 $-1 #
edge $2047 -1 $-1 $2002 -0.6500191812532311042 $2048 -0 $1999 $2049 forward @7 unknown #
color-adesk-attrib $-1 -1 $-1 $-1 $1954 256 #
vertex $-1 -1 $-1 $1968 $2050 #
ellipse-curve $-1 -1 $-1 0.8369757737588585655 -5.235216109562729869 0.5 0 0 1 0.02216381311172388457 0.02836838712984146582 0 1 I I #
point $-1 -1 $-1 0.8625862376190782665 -5.260516389024909145 0.5 #
coedge $-1 -1 $-1 $1959 $2051 $2052 $2053 forward $135 $-1 #
coedge $-1 -1 $-1 $2054 $2055 $1959 $2007 reversed $2056 $-1 #
edge $2057 -1 $-1 $2058 0 $2012 0.7409699849464106425 $1959 $2059 forward @7 unknown #
coedge $-1 -1 $-1 $2045 $1960 $2055 $2060 forward $2010 $-1 #
coedge $-1 -1 $-1 $1960 $2045 $1962 $2014 reversed $2010 $-1 #
loop $-1 -1 $-1 $-1 $1960 $2061 #
color-adesk-attrib $-1 -1 $-1 $-1 $1961 256 #
vertex $-1 -1 $-1 $2007 $2062 #
ellipse-curve $-1 -1 $-1 0.3795475401846585828 -4.764891384371392036 -0.5 0 0 1 -0.03770429401643506789 0.03724763365265282289 0 1 F 0 F 1.686876739761466126 #
edge $2063 -1 $-1 $1966 0 $2048 1 $1962 $2064 forward @7 tangent #
face $2065 -1 $-1 $1969 $1964 $7 $-1 $2066 forward single #
point $-1 -1 $-1 0.3469174819923985797 -4.806655954312548218 -0.5 #
color-adesk-attrib $-1 -1 $-1 $-1 $1968 256 #
straight-curve $-1 -1 $-1 0.8591395868705824501 -5.206847722432888403 -0.5 0 0 1 I I #
color-adesk-attrib $-1 -1 $-1 $-1 $1969 256 #
cone-surface $-1 -1 $-1 0.8369757737588585655 -5.235216109562729869 -0.5 0 0 1 0.02216381311172388457 0.02836838712984146582 0 1 I I 0 1 0.03599999999999970585 forward I I I I #
color-adesk-attrib $-1 -1 $-1 $-1 $1976 256 #
face $2067 -1 $-1 $2068 $2069 $7 $-1 $2070 forward single #
loop $-1 -1 $-1 $-1 $2071 $1976 #
plane-surface $-1 -1 $-1 0.3418432461682269774 4.812356249281263487 -0.5 0.7114017738950041414 -0.7027855406160838925 0 0.7027855406160838925 0.7114017738950041414 0 forward_v I I I I #
coedge $-1 -1 $-1 $2072 $2073 $2074 $2075 reversed $1977 $-1 #
coedge $-1 -1 $-1 $2076 $1979 $1981 $2031 forward $1931 $-1 #
coedge $-1 -1 $-1 $1979 $2076 $2072 $2077 reversed $1931 $-1 #
coedge $-1 -1 $-1 $2074 $1982 $1979 $2029 forward $135 $-1 #
edge $2078 -1 $-1 $2033 0 $2079 0.6500191812532306601 $2028 $2080 forward @7 unknown #
coedge $-1 -1 $-1 $1981 $1980 $2081 $2082 reversed $1885 $-1 #
edge $2083 -1 $-1 $2033 0 $2084 1 $2026 $2085 forward @7 tangent #
color-adesk-attrib $-1 -1 $-1 $-1 $1983 256 #
vertex $-1 -1 $-1 $1983 $2086 #
ellipse-curve $-1 -1 $-1 0.3795475401846617469 5.835108615628607609 -0.5 0 0 1 -0.03770429401643670547 0.03724763365265459925 0 1 F 0 F 1.686876739761436816 #
coedge $-1 -1 $-1 $1989 $2081 $1984 $2036 forward $144 $-1 #
edge $2087 -1 $-1 $2038 -0.7409699849464114196 $1992 -0 $1984 $2088 forward @7 unknown #
color-adesk-attrib $-1 -1 $-1 $-1 $1985 256 #
vertex $-1 -1 $-1 $1985 $2089 #
straight-curve $-1 -1 $-1 0.341843246168224979 5.872356249281262208 -0.5 0 0 1 I I #
point $-1 -1 $-1 0.341843246168224979 5.872356249281262208 -0.5 #
color-adesk-attrib $-1 -1 $-1 $-1 $1990 256 #
ellipse-curve $-1 -1 $-1 0.8369757737588596758 6.424783890437270273 0.5 0 0 1 0.02216381311172344049 0.02836838712984501853 0 1 I I #
point $-1 -1 $-1 0.8625862376190827074 6.399483610975090997 0.5 #
coedge $-1 -1 $-1 $2090 $1998 $2091 $2092 forward $144 $-1 #
coedge $-1 -1 $-1 $2009 $2008 $1998 $2046 reversed $2010 $-1 #
edge $2093 -1 $-1 $2048 -1.686876739761466126 $2094 -0 $2045 $2095 forward @7 unknown #
color-adesk-attrib $-1 -1 $-1 $-1 $2000 256 #
vertex $-1 -1 $-1 $2014 $2096 #
straight-curve $-1 -1 $-1 0.3469174819923990238 -4.806655954312548218 0.5 -0.7880107536067225693 0.6156614753256574035 0 I I #
point $-1 -1 $-1 0.8591395868705824501 -5.206847722432888403 0.5 #
coedge $-1 -1 $-1 $2005 $2097 $2098 $2099 forward $135 $-1 #
coedge $-1 -1 $-1 $2100 $2101 $2005 $2053 reversed $2102 $-1 #
edge $2103 -1 $-1 $2104 0 $2058 1.686876739761456134 $2005 $2105 forward @7 unknown #
coedge $-1 -1 $-1 $2091 $2006 $2101 $2106 forward $2056 $-1 #
coedge $-1 -1 $-1 $2006 $2091 $2008 $2060 reversed $2056 $-1 #
loop $-1 -1 $-1 $-1 $2006 $2107 #
color-adesk-attrib $-1 -1 $-1 $-1 $2007 256 #
vertex $-1 -1 $-1 $2053 $2108 #
straight-curve $-1 -1 $-1 0.8625862376190789327 -4.200516389024908648 -0.5 -0.7027855406160846696 -0.7114017738950034753 0 F 0 F 0.7409699849464106425 #
edge $2109 -1 $-1 $2012 0 $2094 1 $2008 $2110 forward @7 tangent #
face $2111 -1 $-1 $2015 $2010 $7 $-1 $2112 forward single #
point $-1 -1 $-1 0.3418432461682235357 -4.727643750718739213 -0.5 #
color-adesk-attrib $-1 -1 $-1 $-1 $2014 256 #
straight-curve $-1 -1 $-1 0.3469174819923985797 -4.806655954312548218 -0.5 0 0 1 I I #
color-adesk-attrib $-1 -1 $-1 $-1 $2015 256 #
plane-surface $-1 -1 $-1 0.8591395868705824501 -5.206847722432888403 -0.5 0.6156614753256575145 0.7880107536067226803 0 -0.7880107536067226803 0.6156614753256575145 0 forward_v I I I I #
color-adesk-attrib $-1 -1 $-1 $-1 $2022 256 #
face $2113 -1 $-1 $2114 $2115 $7 $-1 $2116 forward single #
loop $-1 -1 $-1 $-1 $2117 $2022 #
cone-surface $-1 -1 $-1 0.3795475401846605812 4.775108615628612441 -0.5 0 0 1 -0.03770429401643361766 0.03724763365265104653 0 1 I I 0 -1 0.05299999999999786826 forward I I I I #
coedge $-1 -1 $-1 $2118 $2119 $2120 $2121 reversed $2023 $-1 #
coedge $-1 -1 $-1 $2122 $2025 $2027 $2077 forward $1977 $-1 #
coedge $-1 -1 $-1 $2025 $2122 $2118 $2123 reversed $1977 $-1 #
coedge $-1 -1 $-1 $2120 $2028 $2025 $2075 forward $135 $-1 #
edge $2124 -1 $-1 $2079 0 $2125 1.686876739761461685 $2074 $2126 forward @7 unknown #
coedge $-1 -1 $-1 $2027 $2026 $2127 $2128 reversed $1931 $-1 #
edge $2129 -1 $-1 $2079 0 $2130 1 $2072 $2131 forward @7 tangent #
color-adesk-attrib $-1 -1 $-1 $-1 $2029 256 #
vertex $-1 -1 $-1 $2029 $2132 #
straight-curve $-1 -1 $-1 0.346917481992400023 5.793344045687453203 -0.5 0.7880107536067222362 -0.6156614753256578476 0 F 0 F 0.6500191812532306601 #
coedge $-1 -1 $-1 $2035 $2127 $2030 $2082 forward $144 $-1 #
edge $2133 -1 $-1 $2084 -1.686876739761436816 $2038 -0 $2030 $2134 forward @7 unknown #
color-adesk-attrib $-1 -1 $-1 $-1 $2031 256 #
vertex $-1 -1 $-1 $2031 $2135 #
straight-curve $-1 -1 $-1 0.3469174819923989128 5.79334404568744965 -0.5 0 0 1 I I #
point $-1 -1 $-1 0.3469174819923989128 5.79334404568744965 -0.5 #
color-adesk-attrib $-1 -1 $-1 $-1 $2036 256 #
straight-curve $-1 -1 $-1 0.8625862376190795988 6.39948361097509455 0.5 0.7027855406160828933 0.7114017738950051406 0 I I #
point $-1 -1 $-1 0.341843246168224979 5.872356249281262208 0.5 #
coedge $-1 -1 $-1 $2136 $2044 $2137 $2138 forward $144 $-1 #
coedge $-1 -1 $-1 $2055 $2054 $2044 $2092 reversed $2056 $-1 #
edge $2139 -1 $-1 $2094 -0.7409699849464106425 $2140 -0 $2091 $2141 forward @7 unknown #
color-adesk-attrib $-1 -1 $-1 $-1 $2046 256 #
vertex $-1 -1 $-1 $2060 $2142 #
ellipse-curve $-1 -1 $-1 0.3795475401846585828 -4.764891384371392036 0.5 0 0 -1 -0.03770429401643506789 0.03724763365265282289 0 1 I I #
point $-1 -1 $-1 0.3469174819923985242 -4.806655954312548218 0.5 #
coedge $-1 -1 $-1 $2051 $2143 $2144 $2145 forward $135 $-1 #
coedge $-1 -1 $-1 $2146 $2147 $2051 $2099 reversed $2148 $-1 #
edge $2149 -1 $-1 $2150 0 $2104 0.6500191812532305491 $2051 $2151 forward @7 unknown #
coedge $-1 -1 $-1 $2137 $2052 $2147 $2152 forward $2102 $-1 #
coedge $-1 -1 $-1 $2052 $2137 $2054 $2106 reversed $2102 $-1 #
loop $-1 -1 $-1 $-1 $2052 $2153 #
color-adesk-attrib $-1 -1 $-1 $-1 $2053 256 #
vertex $-1 -1 $-1 $2099 $2154 #
ellipse-curve $-1 -1 $-1 0.8369757737588585655 -4.175216109562729372 -0.5 0 0 -1 0.02216381311172388457 0.02836838712984146582 0 1 F 0 F 1.686876739761456134 #
edge $2155 -1 $-1 $2058 0 $2140 1 $2054 $2156 forward @7 tangent #
face $2157 -1 $-1 $2061 $2056 $7 $-1 $2158 forward single #
point $-1 -1 $-1 0.8625862376190782665 -4.200516389024908648 -0.5 #
color-adesk-attrib $-1 -1 $-1 $-1 $2060 256 #
straight-curve $-1 -1 $-1 0.3418432461682235357 -4.727643750718739213 -0.5 0 0 1 I I #
color-adesk-attrib $-1 -1 $-1 $-1 $2061 256 #
cone-surface $-1 -1 $-1 0.3795475401846585828 -4.764891384371392036 -0.5 0 0 1 -0.03770429401643506789 0.03724763365265282289 0 1 I I 0 -1 0.05300000000000015116 forward I I I I #
color-adesk-attrib $-1 -1 $-1 $-1 $2068 256 #
face $2159 -1 $-1 $2160 $2161 $7 $-1 $2162 forward single #
loop $-1 -1 $-1 $-1 $2163 $2068 #
plane-surface $-1 -1 $-1 0.8591395868705828942 4.333152277567114297 -0.5 0.6156614753256588468 0.7880107536067215701 0 -0.7880107536067215701 0.6156614753256588468 0 forward_v I I I I #
coedge $-1 -1 $-1 $2164 $2165 $2166 $2167 reversed $2069 $-1 #
coedge $-1 -1 $-1 $2168 $2071 $2073 $2123 forward $2023 $-1 #
coedge $-1 -1 $-1 $2071 $2168 $2164 $2169 reversed $2023 $-1 #
coedge $-1 -1 $-1 $2166 $2074 $2071 $2121 forward $135 $-1 #
edge $2170 -1 $-1 $2125 0 $2171 0.7409699849464074228 $2120 $2172 forward @7 unknown #
coedge $-1 -1 $-1 $2073 $2072 $2173 $2174 reversed $1977 $-1 #
edge $2175 -1 $-1 $2125 0 $2176 1 $2118 $2177 forward @7 tangent #
color-adesk-attrib $-1 -1 $-1 $-1 $2075 256 #
vertex $-1 -1 $-1 $2075 $2178 #
ellipse-curve $-1 -1 $-1 0.8369757737588594537 5.364783890437267999 -0.5 0 0 -1 0.02216381311172344049 0.02836838712984501853 0 1 F 0 F 1.686876739761461685 #
coedge $-1 -1 $-1 $2081 $2173 $2076 $2128 forward $144 $-1 #
edge $2179 -1 $-1 $2130 -0.6500191812532306601 $2084 -0 $2076 $2180 forward @7 unknown #
color-adesk-attrib $-1 -1 $-1 $-1 $2077 256 #
vertex $-1 -1 $-1 $2077 $2181 #
straight-curve $-1 -1 $-1 0.8591395868705828942 5.393152277567113018 -0.5 0 0 1 I I #
point $-1 -1 $-1 0.8591395868705828942 5.393152277567113018 -0.5 #
color-adesk-attrib $-1 -1 $-1 $-1 $2082 256 #
ellipse-curve $-1 -1 $-1 0.3795475401846617469 5.835108615628607609 0.5 0 0 -1 -0.03770429401643670547 0.03724763365265459925 0 1 I I #
point $-1 -1 $-1 0.3469174819923988573 5.79334404568744965 0.5 #
coedge $-1 -1 $-1 $2182 $2090 $2183 $2184 forward $144 $-1 #
coedge $-1 -1 $-1 $2101 $2100 $2090 $2138 reversed $2102 $-1 #
edge $2185 -1 $-1 $2140 -1.686876739761456134 $2186 -0 $2137 $2187 forward @7 unknown #
color-adesk-attrib $-1 -1 $-1 $-1 $2092 256 #
vertex $-1 -1 $-1 $2106 $2188 #
straight-curve $-1 -1 $-1 0.8625862376190789327 -4.200516389024908648 0.5 0.7027855406160846696 0.7114017738950034753 0 I I #
point $-1 -1 $-1 0.3418432461682235357 -4.727643750718739213 0.5 #
coedge $-1 -1 $-1 $2097 $2189 $2190 $2191 forward $135 $-1 #
coedge $-1 -1 $-1 $2192 $2193 $2097 $2145 reversed $2194 $-1 #
edge $2195 -1 $-1 $2196 0 $2150 1.686876739761465016 $2097 $2197 forward @7 unknown #
coedge $-1 -1 $-1 $2183 $2098 $2193 $2198 forward $2148 $-1 #
coedge $-1 -1 $-1 $2098 $2183 $2100 $2152 reversed $2148 $-1 #
loop $-1 -1 $-1 $-1 $2098 $2199 #
color-adesk-attrib $-1 -1 $-1 $-1 $2099 256 #
vertex $-1 -1 $-1 $2145 $2200 #
straight-curve $-1 -1 $-1 0.34691748199239969 -3.746655954312547721 -0.5 0.7880107536067222362 -0.6156614753256579586 0 F 0 F 0.6500191812532305491 #
edge $2201 -1 $-1 $2104 0 $2186 1 $2100 $2202 forward @7 tangent #
face $2203 -1 $-1 $2107 $2102 $7 $-1 $2204 forward single #
point $-1 -1 $-1 0.8591395868705824501 -4.146847722432887906 -0.5 #
color-adesk-attrib $-1 -1 $-1 $-1 $2106 256 #
straight-curve $-1 -1 $-1 0.8625862376190782665 -4.200516389024908648 -0.5 0 0 1 I I #
color-adesk-attrib $-1 -1 $-1 $-1 $2107 256 #
plane-surface $-1 -1 $-1 0.3418432461682235357 -4.727643750718739213 -0.5 0.7114017738950034753 -0.7027855406160846696 0 0.7027855406160846696 0.7114017738950034753 0 forward_v I I I I #
color-adesk-attrib $-1 -1 $-1 $-1 $2114 256 #
face $2205 -1 $-1 $2206 $2207 $7 $-1 $2208 forward single #
loop $-1 -1 $-1 $-1 $2209 $2114 #
cone-surface $-1 -1 $-1 0.8369757737588590096 4.304783890437272831 -0.5 0 0 1 0.02216381311172388457 0.02836838712984146582 0 1 I I 0 1 0.03599999999999970585 forward I I I I #
coedge $-1 -1 $-1 $2210 $2211 $2212 $2213 reversed $2115 $-1 #
coedge $-1 -1 $-1 $2214 $2117 $2119 $2169 forward $2069 $-1 #
coedge $-1 -1 $-1 $2117 $2214 $2210 $2215 reversed $2069 $-1 #
coedge $-1 -1 $-1 $2212 $2120 $2117 $2167 forward $135 $-1 #
edge $2216 -1 $-1 $2171 0 $2217 1.68687673976147634 $2166 $2218 forward @7 unknown #
coedge $-1 -1 $-1 $2119 $2118 $2219 $2220 reversed $2023 $-1 #
edge $2221 -1 $-1 $2171 0 $2222 1 $2164 $2223 forward @7 tangent #
color-adesk-attrib $-1 -1 $-1 $-1 $2121 256 #
vertex $-1 -1 $-1 $2121 $2224 #
straight-curve $-1 -1 $-1 0.8625862376190793768 5.339483610975092276 -0.5 -0.7027855406160838925 -0.7114017738950041414 0 F 0 F 0.7409699849464074228 #
coedge $-1 -1 $-1 $2127 $2219 $2122 $2174 forward $144 $-1 #
edge $2225 -1 $-1 $2176 -1.686876739761461685 $2130 -0 $2122 $2226 forward @7 unknown #
color-adesk-attrib $-1 -1 $-1 $-1 $2123 256 #
vertex $-1 -1 $-1 $2123 $2227 #
straight-curve $-1 -1 $-1 0.8625862376190827074 5.339483610975088723 -0.5 0 0 1 I I #
point $-1 -1 $-1 0.8625862376190827074 5.339483610975088723 -0.5 #
color-adesk-attrib $-1 -1 $-1 $-1 $2128 256 #
straight-curve $-1 -1 $-1 0.346917481992400023 5.793344045687453203 0.5 -0.7880107536067222362 0.6156614753256578476 0 I I #
point $-1 -1 $-1 0.8591395868705828942 5.393152277567113018 0.5 #
coedge $-1 -1 $-1 $2228 $2136 $2229 $2230 forward $144 $-1 #
coedge $-1 -1 $-1 $2147 $2146 $2136 $2184 reversed $2148 $-1 #
edge $2231 -1 $-1 $2186 -0.6500191812532305491 $2232 -0 $2183 $2233 forward @7 unknown #
color-adesk-attrib $-1 -1 $-1 $-1 $2138 256 #
vertex $-1 -1 $-1 $2152 $2234 #
ellipse-curve $-1 -1 $-1 0.8369757737588585655 -4.175216109562729372 0.5 0 0 1 0.02216381311172388457 0.02836838712984146582 0 1 I I #
point $-1 -1 $-1 0.8625862376190782665 -4.200516389024910424 0.5 #
coedge $-1 -1 $-1 $2143 $2235 $2236 $2237 forward $135 $-1 #
coedge $-1 -1 $-1 $2238 $2239 $2143 $2191 reversed $2240 $-1 #
edge $2241 -1 $-1 $2242 0 $2196 0.7409699849464087551 $2143 $2243 forward @7 unknown #
coedge $-1 -1 $-1 $2229 $2144 $2239 $2244 forward $2194 $-1 #
coedge $-1 -1 $-1 $2144 $2229 $2146 $2198 reversed $2194 $-1 #
loop $-1 -1 $-1 $-1 $2144 $2245 #
color-adesk-attrib $-1 -1 $-1 $-1 $2145 256 #
vertex $-1 -1 $-1 $2191 $2246 #
ellipse-curve $-1 -1 $-1 0.379547540184659582 -3.704891384371391538 -0.5 0 0 1 -0.03770429401643501238 0.03724763365265282289 0 1 F 0 F 1.686876739761465016 #
edge $2247 -1 $-1 $2150 0 $2232 1 $2146 $2248 forward @7 tangent #
face $2249 -1 $-1 $2153 $2148 $7 $-1 $2250 forward single #
point $-1 -1 $-1 0.3469174819923995234 -3.746655954312547721 -0.5 #
color-adesk-attrib $-1 -1 $-1 $-1 $2152 256 #
straight-curve $-1 -1 $-1 0.8591395868705824501 -4.146847722432887906 -0.5 0 0 1 I I #
color-adesk-attrib $-1 -1 $-1 $-1 $2153 256 #
cone-surface $-1 -1 $-1 0.8369757737588585655 -4.175216109562729372 -0.5 0 0 1 0.02216381311172388457 0.02836838712984146582 0 1 I I 0 1 0.03599999999999970585 forward I I I I #
color-adesk-attrib $-1 -1 $-1 $-1 $2160 256 #
face $2251 -1 $-1 $2252 $2253 $7 $-1 $2254 forward single #
loop $-1 -1 $-1 $-1 $2255 $2160 #
plane-surface $-1 -1 $-1 0.341843246168224868 3.752356249281261213 -0.5 0.7114017738950052516 -0.7027855406160828933 0 0.7027855406160828933 0.7114017738950052516 0 forward_v I I I I #
coedge $-1 -1 $-1 $2256 $2257 $2258 $2259 reversed $2161 $-1 #
coedge $-1 -1 $-1 $2260 $2163 $2165 $2215 forward $2115 $-1 #
coedge $-1 -1 $-1 $2163 $2260 $2256 $2261 reversed $2115 $-1 #
coedge $-1 -1 $-1 $2258 $2166 $2163 $2213 forward $135 $-1 #
edge $2262 -1 $-1 $2217 0 $2263 0.6500191812532296609 $2212 $2264 forward @7 unknown #
coedge $-1 -1 $-1 $2165 $2164 $2265 $2266 reversed $2069 $-1 #
edge $2267 -1 $-1 $2217 0 $2268 1 $2210 $2269 forward @7 tangent #
color-adesk-attrib $-1 -1 $-1 $-1 $2167 256 #
vertex $-1 -1 $-1 $2167 $2270 #
ellipse-curve $-1 -1 $-1 0.3795475401846605812 4.775108615628612441 -0.5 0 0 1 -0.03770429401643361766 0.03724763365265104653 0 1 F 0 F 1.68687673976147634 #
coedge $-1 -1 $-1 $2173 $2265 $2168 $2220 forward $144 $-1 #
edge $2271 -1 $-1 $2222 -0.7409699849464074228 $2176 -0 $2168 $2272 forward @7 unknown #
color-adesk-attrib $-1 -1 $-1 $-1 $2169 256 #
vertex $-1 -1 $-1 $2169 $2273 #
straight-curve $-1 -1 $-1 0.3418432461682269774 4.812356249281263487 -0.5 0 0 1 I I #
point $-1 -1 $-1 0.3418432461682269774 4.812356249281263487 -0.5 #
color-adesk-attrib $-1 -1 $-1 $-1 $2174 256 #
ellipse-curve $-1 -1 $-1 0.8369757737588594537 5.364783890437267999 0.5 0 0 1 0.02216381311172344049 0.02836838712984501853 0 1 I I #
point $-1 -1 $-1 0.8625862376190827074 5.339483610975088723 0.5 #
coedge $-1 -1 $-1 $2274 $2182 $2275 $2276 forward $144 $-1 #
coedge $-1 -1 $-1 $2193 $2192 $2182 $2230 reversed $2194 $-1 #
edge $2277 -1 $-1 $2232 -1.686876739761465016 $2278 -0 $2229 $2279 forward @7 unknown #
color-adesk-attrib $-1 -1 $-1 $-1 $2184 256 #
vertex $-1 -1 $-1 $2198 $2280 #
straight-curve $-1 -1 $-1 0.34691748199239969 -3.746655954312547721 0.5 -0.7880107536067222362 0.6156614753256579586 0 I I #
point $-1 -1 $-1 0.8591395868705824501 -4.14684772243288613 0.5 #
coedge $-1 -1 $-1 $2189 $2281 $2282 $2283 forward $135 $-1 #
coedge $-1 -1 $-1 $2284 $2285 $2189 $2237 reversed $2286 $-1 #
edge $2287 -1 $-1 $2288 0 $2242 1.686876739761456134 $2189 $2289 forward @7 unknown #
coedge $-1 -1 $-1 $2275 $2190 $2285 $2290 forward $2240 $-1 #
coedge $-1 -1 $-1 $2190 $2275 $2192 $2244 reversed $2240 $-1 #
loop $-1 -1 $-1 $-1 $2190 $2291 #
color-adesk-attrib $-1 -1 $-1 $-1 $2191 256 #
vertex $-1 -1 $-1 $2237 $2292 #
straight-curve $-1 -1 $-1 0.8625862376190789327 -3.140516389024909927 -0.5 -0.7027855406160851137 -0.7114017738950029202 0 F 0 F 0.7409699849464087551 #
edge $2293 -1 $-1 $2196 0 $2278 1 $2192 $2294 forward @7 tangent #
face $2295 -1 $-1 $2199 $2194 $7 $-1 $2296 forward single #
point $-1 -1 $-1 0.3418432461682245349 -3.667643750718738715 -0.5 #
color-adesk-attrib $-1 -1 $-1 $-1 $2198 256 #
straight-curve $-1 -1 $-1 0.3469174819923995234 -3.746655954312547721 -0.5 0 0 1 I I #
color-adesk-attrib $-1 -1 $-1 $-1 $2199 256 #
plane-surface $-1 -1 $-1 0.8591395868705824501 -4.146847722432887906 -0.5 0.6156614753256579586 0.7880107536067222362 0 -0.7880107536067222362 0.6156614753256579586 0 forward_v I I I I #
color-adesk-attrib $-1 -1 $-1 $-1 $2206 256 #
face $2297 -1 $-1 $2298 $2299 $7 $-1 $2300 forward single #
loop $-1 -1 $-1 $-1 $2301 $2206 #
cone-surface $-1 -1 $-1 0.3795475401846584718 3.715108615628610167 -0.5 0 0 1 -0.0377042940164336246 0.03724763365265104653 0 1 I I 0 -1 0.05299999999999788214 forward I I I I #
coedge $-1 -1 $-1 $2302 $2303 $2304 $2305 reversed $2207 $-1 #
coedge $-1 -1 $-1 $2306 $2209 $2211 $2261 forward $2161 $-1 #
coedge $-1 -1 $-1 $2209 $2306 $2302 $2307 reversed $2161 $-1 #
coedge $-1 -1 $-1 $2304 $2212 $2209 $2259 forward $135 $-1 #
edge $2308 -1 $-1 $2263 0 $2309 1.686876739761456134 $2258 $2310 forward @7 unknown #
coedge $-1 -1 $-1 $2211 $2210 $2311 $2312 reversed $2115 $-1 #
edge $2313 -1 $-1 $2263 0 $2314 1 $2256 $2315 forward @7 tangent #
color-adesk-attrib $-1 -1 $-1 $-1 $2213 256 #
vertex $-1 -1 $-1 $2213 $2316 #
straight-curve $-1 -1 $-1 0.3469174819924012443 4.733344045687454482 -0.5 0.7880107536067215701 -0.6156614753256588468 0 F 0 F 0.6500191812532296609 #
coedge $-1 -1 $-1 $2219 $2311 $2214 $2266 forward $144 $-1 #
edge $2317 -1 $-1 $2268 -1.68687673976147634 $2222 -0 $2214 $2318 forward @7 unknown #
color-adesk-attrib $-1 -1 $-1 $-1 $2215 256 #
vertex $-1 -1 $-1 $2215 $2319 #
straight-curve $-1 -1 $-1 0.3469174819924025766 4.733344045687458035 -0.5 0 0 1 I I #
point $-1 -1 $-1 0.3469174819924025766 4.733344045687458035 -0.5 #
color-adesk-attrib $-1 -1 $-1 $-1 $2220 256 #
straight-curve $-1 -1 $-1 0.8625862376190793768 5.339483610975092276 0.5 0.7027855406160838925 0.7114017738950041414 0 I I #
point $-1 -1 $-1 0.3418432461682269774 4.812356249281263487 0.5 #
coedge $-1 -1 $-1 $2320 $2228 $2321 $2322 forward $144 $-1 #
coedge $-1 -1 $-1 $2239 $2238 $2228 $2276 reversed $2240 $-1 #
edge $2323 -1 $-1 $2278 -0.7409699849464087551 $2324 -0 $2275 $2325 forward @7 unknown #
color-adesk-attrib $-1 -1 $-1 $-1 $2230 256 #
vertex $-1 -1 $-1 $2244 $2326 #
ellipse-curve $-1 -1 $-1 0.379547540184659582 -3.704891384371391538 0.5 0 0 -1 -0.03770429401643501238 0.03724763365265282289 0 1 I I #
point $-1 -1 $-1 0.3469174819923995234 -3.746655954312549497 0.5 #
coedge $-1 -1 $-1 $2235 $2327 $2328 $2329 forward $135 $-1 #
coedge $-1 -1 $-1 $2330 $2331 $2235 $2283 reversed $2332 $-1 #
edge $2333 -1 $-1 $2334 0 $2288 0.6500191812532309932 $2235 $2335 forward @7 unknown #
coedge $-1 -1 $-1 $2321 $2236 $2331 $2336 forward $2286 $-1 #
coedge $-1 -1 $-1 $2236 $2321 $2238 $2290 reversed $2286 $-1 #
loop $-1 -1 $-1 $-1 $2236 $2337 #
color-adesk-attrib $-1 -1 $-1 $-1 $2237 256 #
vertex $-1 -1 $-1 $2283 $2338 #
ellipse-curve $-1 -1 $-1 0.8369757737588585655 -3.115216109562730651 -0.5 0 0 -1 0.02216381311172388457 0.02836838712984146582 0 1 F 0 F 1.686876739761456134 #
edge $2339 -1 $-1 $2242 0 $2324 1 $2238 $2340 forward @7 tangent #
face $2341 -1 $-1 $2245 $2240 $7 $-1 $2342 forward single #
point $-1 -1 $-1 0.8625862376190782665 -3.140516389024909927 -0.5 #
color-adesk-attrib $-1 -1 $-1 $-1 $2244 256 #
straight-curve $-1 -1 $-1 0.3418432461682245349 -3.667643750718738715 -0.5 0 0 1 I I #
color-adesk-attrib $-1 -1 $-1 $-1 $2245 256 #
cone-surface $-1 -1 $-1 0.379547540184659582 -3.704891384371391538 -0.5 0 0 1 -0.03770429401643501238 0.03724763365265282289 0 1 I I 0 -1 0.05300000000000011646 forward I I I I #
color-adesk-attrib $-1 -1 $-1 $-1 $2252 256 #
face $2343 -1 $-1 $2344 $2345 $7 $-1 $2346 forward single #
loop $-1 -1 $-1 $-1 $2347 $2252 #
plane-surface $-1 -1 $-1 0.8591395868705828942 3.273152277567112023 -0.5 0.6156614753256578476 0.7880107536067224583 0 -0.7880107536067224583 0.6156614753256578476 0 forward_v I I I I #
coedge $-1 -1 $-1 $2348 $2349 $2350 $2351 reversed $2253 $-1 #
coedge $-1 -1 $-1 $2352 $2255 $2257 $2307 forward $2207 $-1 #
coedge $-1 -1 $-1 $2255 $2352 $2348 $2353 reversed $2207 $-1 #
coedge $-1 -1 $-1 $2350 $2258 $2255 $2305 forward $135 $-1 #
edge $2354 -1 $-1 $2309 0 $2355 0.7409699849464113086 $2304 $2356 forward @7 unknown #
coedge $-1 -1 $-1 $2257 $2256 $2357 $2358 reversed $2161 $-1 #
edge $2359 -1 $-1 $2309 0 $2360 1 $2302 $2361 forward @7 tangent #
color-adesk-attrib $-1 -1 $-1 $-1 $2259 256 #
vertex $-1 -1 $-1 $2259 $2362 #
ellipse-curve $-1 -1 $-1 0.8369757737588590096 4.304783890437272831 -0.5 0 0 -1 0.02216381311172388457 0.02836838712984146582 0 1 F 0 F 1.686876739761456134 #
coedge $-1 -1 $-1 $2265 $2357 $2260 $2312 forward $144 $-1 #
edge $2363 -1 $-1 $2314 -0.6500191812532296609 $2268 -0 $2260 $2364 forward @7 unknown #
color-adesk-attrib $-1 -1 $-1 $-1 $2261 256 #
vertex $-1 -1 $-1 $2261 $2365 #
straight-curve $-1 -1 $-1 0.8591395868705828942 4.333152277567114297 -0.5 0 0 1 I I #
point $-1 -1 $-1 0.8591395868705828942 4.333152277567114297 -0.5 #
color-adesk-attrib $-1 -1 $-1 $-1 $2266 256 #
ellipse-curve $-1 -1 $-1 0.3795475401846605812 4.775108615628612441 0.5 0 0 -1 -0.03770429401643361766 0.03724763365265104653 0 1 I I #
point $-1 -1 $-1 0.3469174819924026321 4.733344045687458035 0.5 #
coedge $-1 -1 $-1 $2366 $2274 $2367 $2368 forward $144 $-1 #
coedge $-1 -1 $-1 $2285 $2284 $2274 $2322 reversed $2286 $-1 #
edge $2369 -1 $-1 $2324 -1.686876739761456134 $2370 -0 $2321 $2371 forward @7 unknown #
color-adesk-attrib $-1 -1 $-1 $-1 $2276 256 #
vertex $-1 -1 $-1 $2290 $2372 #
straight-curve $-1 -1 $-1 0.8625862376190789327 -3.140516389024909927 0.5 0.7027855406160851137 0.7114017738950029202 0 I I #
point $-1 -1 $-1 0.3418432461682245349 -3.667643750718736939 0.5 #
coedge $-1 -1 $-1 $2281 $2373 $2374 $2375 forward $135 $-1 #
coedge $-1 -1 $-1 $2376 $2377 $2281 $2329 reversed $2378 $-1 #
edge $2379 -1 $-1 $2380 0 $2334 1.686876739761466126 $2281 $2381 forward @7 unknown #
coedge $-1 -1 $-1 $2367 $2282 $2377 $2382 forward $2332 $-1 #
coedge $-1 -1 $-1 $2282 $2367 $2284 $2336 reversed $2332 $-1 #
loop $-1 -1 $-1 $-1 $2282 $2383 #
color-adesk-attrib $-1 -1 $-1 $-1 $2283 256 #
vertex $-1 -1 $-1 $2329 $2384 #
straight-curve $-1 -1 $-1 0.3469174819923991349 -2.686655954312548999 -0.5 0.7880107536067225693 -0.6156614753256575145 0 F 0 F 0.6500191812532309932 #
edge $2385 -1 $-1 $2288 0 $2370 1 $2284 $2386 forward @7 tangent #
face $2387 -1 $-1 $2291 $2286 $7 $-1 $2388 forward single #
point $-1 -1 $-1 0.8591395868705824501 -3.086847722432889185 -0.5 #
color-adesk-attrib $-1 -1 $-1 $-1 $2290 256 #
straight-curve $-1 -1 $-1 0.8625862376190782665 -3.140516389024909927 -0.5 0 0 1 I I #
color-adesk-attrib $-1 -1 $-1 $-1 $2291 256 #
plane-surface $-1 -1 $-1 0.3418432461682245349 -3.667643750718738715 -0.5 0.7114017738950030312 -0.7027855406160852247 0 0.7027855406160852247 0.7114017738950030312 0 forward_v I I I I #
color-adesk-attrib $-1 -1 $-1 $-1 $2298 256 #
face $2389 -1 $-1 $2390 $2391 $7 $-1 $2392 forward single #
loop $-1 -1 $-1 $-1 $2393 $2298 #
cone-surface $-1 -1 $-1 0.8369757737588590096 3.244783890437270557 -0.5 0 0 1 0.02216381311172388457 0.02836838712984146582 0 1 I I 0 1 0.03599999999999970585 forward I I I I #
coedge $-1 -1 $-1 $2394 $2395 $2396 $2397 reversed $2299 $-1 #
coedge $-1 -1 $-1 $2398 $2301 $2303 $2353 forward $2253 $-1 #
coedge $-1 -1 $-1 $2301 $2398 $2394 $2399 reversed $2253 $-1 #
coedge $-1 -1 $-1 $2396 $2304 $2301 $2351 forward $135 $-1 #
edge $2400 -1 $-1 $2355 0 $2401 1.68687673976148278 $2350 $2402 forward @7 unknown #
coedge $-1 -1 $-1 $2303 $2302 $2403 $2404 reversed $2207 $-1 #
edge $2405 -1 $-1 $2355 0 $2406 1 $2348 $2407 forward @7 tangent #
color-adesk-attrib $-1 -1 $-1 $-1 $2305 256 #
vertex $-1 -1 $-1 $2305 $2408 #
straight-curve $-1 -1 $-1 0.8625862376190793768 4.279483610975093555 -0.5 -0.7027855406160828933 -0.7114017738950052516 0 F 0 F 0.7409699849464113086 #
coedge $-1 -1 $-1 $2311 $2403 $2306 $2358 forward $144 $-1 #
edge $2409 -1 $-1 $2360 -1.686876739761456134 $2314 -0 $2306 $2410 forward @7 unknown #
color-adesk-attrib $-1 -1 $-1 $-1 $2307 256 #
vertex $-1 -1 $-1 $2307 $2411 #
straight-curve $-1 -1 $-1 0.8625862376190787106 4.279483610975093555 -0.5 0 0 1 I I #
point $-1 -1 $-1 0.8625862376190787106 4.279483610975093555 -0.5 #
color-adesk-attrib $-1 -1 $-1 $-1 $2312 256 #
straight-curve $-1 -1 $-1 0.3469174819924012443 4.733344045687454482 0.5 -0.7880107536067215701 0.6156614753256588468 0 I I #
point $-1 -1 $-1 0.8591395868705828942 4.333152277567114297 0.5 #
coedge $-1 -1 $-1 $2412 $2320 $2413 $2414 forward $144 $-1 #
coedge $-1 -1 $-1 $2331 $2330 $2320 $2368 reversed $2332 $-1 #
edge $2415 -1 $-1 $2370 -0.6500191812532309932 $2416 -0 $2367 $2417 forward @7 unknown #
color-adesk-attrib $-1 -1 $-1 $-1 $2322 256 #
vertex $-1 -1 $-1 $2336 $2418 #
ellipse-curve $-1 -1 $-1 0.8369757737588585655 -3.115216109562730651 0.5 0 0 1 0.02216381311172388457 0.02836838712984146582 0 1 I I #
point $-1 -1 $-1 0.8625862376190782665 -3.14051638902490815 0.5 #
coedge $-1 -1 $-1 $2327 $2419 $2420 $2421 forward $135 $-1 #
coedge $-1 -1 $-1 $2422 $2423 $2327 $2375 reversed $2424 $-1 #
edge $2425 -1 $-1 $2426 0 $2380 0.7409699849464106425 $2327 $2427 forward @7 unknown #
coedge $-1 -1 $-1 $2413 $2328 $2423 $2428 forward $2378 $-1 #
coedge $-1 -1 $-1 $2328 $2413 $2330 $2382 reversed $2378 $-1 #
loop $-1 -1 $-1 $-1 $2328 $2429 #
color-adesk-attrib $-1 -1 $-1 $-1 $2329 256 #
vertex $-1 -1 $-1 $2375 $2430 #
ellipse-curve $-1 -1 $-1 0.3795475401846586938 -2.644891384371392817 -0.5 0 0 1 -0.03770429401643506789 0.03724763365265282289 0 1 F 0 F 1.686876739761466126 #
edge $2431 -1 $-1 $2334 0 $2416 1 $2330 $2432 forward @7 tangent #
face $2433 -1 $-1 $2337 $2332 $7 $-1 $2434 forward single #
point $-1 -1 $-1 0.3469174819923986908 -2.686655954312548999 -0.5 #
color-adesk-attrib $-1 -1 $-1 $-1 $2336 256 #
straight-curve $-1 -1 $-1 0.8591395868705824501 -3.086847722432889185 -0.5 0 0 1 I I #
color-adesk-attrib $-1 -1 $-1 $-1 $2337 256 #
cone-surface $-1 -1 $-1 0.8369757737588585655 -3.115216109562730651 -0.5 0 0 1 0.02216381311172388457 0.02836838712984146582 0 1 I I 0 1 0.03599999999999970585 forward I I I I #
color-adesk-attrib $-1 -1 $-1 $-1 $2344 256 #
face $2435 -1 $-1 $2436 $2437 $7 $-1 $2438 forward single #
loop $-1 -1 $-1 $-1 $2439 $2344 #
plane-surface $-1 -1 $-1 0.3418432461682268664 2.692356249281262492 -0.5 0.7114017738950041414 -0.7027855406160838925 0 0.7027855406160838925 0.7114017738950041414 0 forward_v I I I I #
coedge $-1 -1 $-1 $2440 $2441 $2442 $2443 reversed $2345 $-1 #
coedge $-1 -1 $-1 $2444 $2347 $2349 $2399 forward $2299 $-1 #
coedge $-1 -1 $-1 $2347 $2444 $2440 $2445 reversed $2299 $-1 #
coedge $-1 -1 $-1 $2442 $2350 $2347 $2397 forward $135 $-1 #
edge $2446 -1 $-1 $2401 0 $2447 0.6500191812532306601 $2396 $2448 forward @7 unknown #
coedge $-1 -1 $-1 $2349 $2348 $2449 $2450 reversed $2253 $-1 #
edge $2451 -1 $-1 $2401 0 $2452 1 $2394 $2453 forward @7 tangent #
color-adesk-attrib $-1 -1 $-1 $-1 $2351 256 #
vertex $-1 -1 $-1 $2351 $2454 #
ellipse-curve $-1 -1 $-1 0.3795475401846584718 3.715108615628610167 -0.5 0 0 1 -0.0377042940164336246 0.03724763365265104653 0 1 F 0 F 1.68687673976148278 #
coedge $-1 -1 $-1 $2357 $2449 $2352 $2404 forward $144 $-1 #
edge $2455 -1 $-1 $2406 -0.7409699849464113086 $2360 -0 $2352 $2456 forward @7 unknown #
color-adesk-attrib $-1 -1 $-1 $-1 $2353 256 #
vertex $-1 -1 $-1 $2353 $2457 #
straight-curve $-1 -1 $-1 0.341843246168224868 3.752356249281261213 -0.5 0 0 1 I I #
point $-1 -1 $-1 0.341843246168224868 3.752356249281261213 -0.5 #
color-adesk-attrib $-1 -1 $-1 $-1 $2358 256 #
ellipse-curve $-1 -1 $-1 0.8369757737588590096 4.304783890437272831 0.5 0 0 1 0.02216381311172388457 0.02836838712984146582 0 1 I I #
point $-1 -1 $-1 0.8625862376190787106 4.279483610975093555 0.5 #
coedge $-1 -1 $-1 $2458 $2366 $2459 $2460 forward $144 $-1 #
coedge $-1 -1 $-1 $2377 $2376 $2366 $2414 reversed $2378 $-1 #
edge $2461 -1 $-1 $2416 -1.686876739761466126 $2462 -0 $2413 $2463 forward @7 unknown #
color-adesk-attrib $-1 -1 $-1 $-1 $2368 256 #
vertex $-1 -1 $-1 $2382 $2464 #
straight-curve $-1 -1 $-1 0.3469174819923991349 -2.686655954312548999 0.5 -0.7880107536067225693 0.6156614753256575145 0 I I #
point $-1 -1 $-1 0.8591395868705824501 -3.086847722432890961 0.5 #
coedge $-1 -1 $-1 $2373 $2465 $2466 $2467 forward $135 $-1 #
coedge $-1 -1 $-1 $2468 $2469 $2373 $2421 reversed $2470 $-1 #
edge $2471 -1 $-1 $2472 0 $2426 1.686876739761456134 $2373 $2473 forward @7 unknown #
coedge $-1 -1 $-1 $2459 $2374 $2469 $2474 forward $2424 $-1 #
coedge $-1 -1 $-1 $2374 $2459 $2376 $2428 reversed $2424 $-1 #
loop $-1 -1 $-1 $-1 $2374 $2475 #
color-adesk-attrib $-1 -1 $-1 $-1 $2375 256 #
vertex $-1 -1 $-1 $2421 $2476 #
straight-curve $-1 -1 $-1 0.8625862376190789327 -2.080516389024909429 -0.5 -0.7027855406160846696 -0.7114017738950034753 0 F 0 F 0.7409699849464106425 #
edge $2477 -1 $-1 $2380 0 $2462 1 $2376 $2478 forward @7 tangent #
face $2479 -1 $-1 $2383 $2378 $7 $-1 $2480 forward single #
point $-1 -1 $-1 0.3418432461682236467 -2.607643750718739994 -0.5 #
color-adesk-attrib $-1 -1 $-1 $-1 $2382 256 #
straight-curve $-1 -1 $-1 0.3469174819923986908 -2.686655954312548999 -0.5 0 0 1 I I #
color-adesk-attrib $-1 -1 $-1 $-1 $2383 256 #
plane-surface $-1 -1 $-1 0.8591395868705824501 -3.086847722432889185 -0.5 0.6156614753256575145 0.7880107536067225693 0 -0.7880107536067225693 0.6156614753256575145 0 forward_v I I I I #
color-adesk-attrib $-1 -1 $-1 $-1 $2390 256 #
face $2481 -1 $-1 $2482 $2483 $7 $-1 $2484 forward single #
loop $-1 -1 $-1 $-1 $2485 $2390 #
cone-surface $-1 -1 $-1 0.3795475401846636343 2.655108615628607893 -0.5 0 0 1 -0.03770429401643678874 0.03724763365265459925 0 1 I I 0 -1 0.05300000000000262834 forward I I I I #
coedge $-1 -1 $-1 $2486 $2487 $2488 $2489 reversed $2391 $-1 #
coedge $-1 -1 $-1 $2490 $2393 $2395 $2445 forward $2345 $-1 #
coedge $-1 -1 $-1 $2393 $2490 $2486 $2491 reversed $2345 $-1 #
coedge $-1 -1 $-1 $2488 $2396 $2393 $2443 forward $135 $-1 #
edge $2492 -1 $-1 $2447 0 $2493 1.686876739761456134 $2442 $2494 forward @7 unknown #
coedge $-1 -1 $-1 $2395 $2394 $2495 $2496 reversed $2299 $-1 #
edge $2497 -1 $-1 $2447 0 $2498 1 $2440 $2499 forward @7 tangent #
color-adesk-attrib $-1 -1 $-1 $-1 $2397 256 #
vertex $-1 -1 $-1 $2397 $2500 #
straight-curve $-1 -1 $-1 0.346917481992399912 3.673344045687452208 -0.5 0.7880107536067224583 -0.6156614753256578476 0 F 0 F 0.6500191812532306601 #
coedge $-1 -1 $-1 $2403 $2495 $2398 $2450 forward $144 $-1 #
edge $2501 -1 $-1 $2452 -1.68687673976148278 $2406 -0 $2398 $2502 forward @7 unknown #
color-adesk-attrib $-1 -1 $-1 $-1 $2399 256 #
vertex $-1 -1 $-1 $2399 $2503 #
straight-curve $-1 -1 $-1 0.3469174819924007447 3.673344045687455761 -0.5 0 0 1 I I #
point $-1 -1 $-1 0.3469174819924007447 3.673344045687455761 -0.5 #
color-adesk-attrib $-1 -1 $-1 $-1 $2404 256 #
straight-curve $-1 -1 $-1 0.8625862376190793768 4.279483610975093555 0.5 0.7027855406160828933 0.7114017738950052516 0 I I #
point $-1 -1 $-1 0.341843246168224868 3.752356249281261213 0.5 #
coedge $-1 -1 $-1 $2504 $2412 $2505 $2506 forward $144 $-1 #
coedge $-1 -1 $-1 $2423 $2422 $2412 $2460 reversed $2424 $-1 #
edge $2507 -1 $-1 $2462 -0.7409699849464106425 $2508 -0 $2459 $2509 forward @7 unknown #
color-adesk-attrib $-1 -1 $-1 $-1 $2414 256 #
vertex $-1 -1 $-1 $2428 $2510 #
ellipse-curve $-1 -1 $-1 0.3795475401846586938 -2.644891384371392817 0.5 0 0 -1 -0.03770429401643506789 0.03724763365265282289 0 1 I I #
point $-1 -1 $-1 0.3469174819923986353 -2.686655954312547223 0.5 #
coedge $-1 -1 $-1 $2419 $2511 $2512 $2513 forward $135 $-1 #
coedge $-1 -1 $-1 $2514 $2515 $2419 $2467 reversed $2516 $-1 #
edge $2517 -1 $-1 $2518 0 $2472 0.6500191812532309932 $2419 $2519 forward @7 unknown #
coedge $-1 -1 $-1 $2505 $2420 $2515 $2520 forward $2470 $-1 #
coedge $-1 -1 $-1 $2420 $2505 $2422 $2474 reversed $2470 $-1 #
loop $-1 -1 $-1 $-1 $2420 $2521 #
color-adesk-attrib $-1 -1 $-1 $-1 $2421 256 #
vertex $-1 -1 $-1 $2467 $2522 #
ellipse-curve $-1 -1 $-1 0.8369757737588585655 -2.055216109562730153 -0.5 0 0 -1 0.02216381311172388457 0.02836838712984146582 0 1 F 0 F 1.686876739761456134 #
edge $2523 -1 $-1 $2426 0 $2508 1 $2422 $2524 forward @7 tangent #
face $2525 -1 $-1 $2429 $2424 $7 $-1 $2526 forward single #
point $-1 -1 $-1 0.8625862376190782665 -2.080516389024909429 -0.5 #
color-adesk-attrib $-1 -1 $-1 $-1 $2428 256 #
straight-curve $-1 -1 $-1 0.3418432461682236467 -2.607643750718739994 -0.5 0 0 1 I I #
color-adesk-attrib $-1 -1 $-1 $-1 $2429 256 #
cone-surface $-1 -1 $-1 0.3795475401846586938 -2.644891384371392817 -0.5 0 0 1 -0.03770429401643506789 0.03724763365265282289 0 1 I I 0 -1 0.05300000000000015116 forward I I I I #
color-adesk-attrib $-1 -1 $-1 $-1 $2436 256 #
face $2527 -1 $-1 $2528 $2529 $7 $-1 $2530 forward single #
loop $-1 -1 $-1 $-1 $2531 $2436 #
plane-surface $-1 -1 $-1 0.8591395868705828942 2.213152277567113302 -0.5 0.6156614753256587358 0.7880107536067215701 0 -0.7880107536067215701 0.6156614753256587358 0 forward_v I I I I #
coedge $-1 -1 $-1 $2532 $2533 $2534 $2535 reversed $2437 $-1 #
coedge $-1 -1 $-1 $2536 $2439 $2441 $2491 forward $2391 $-1 #
coedge $-1 -1 $-1 $2439 $2536 $2532 $2537 reversed $2391 $-1 #
coedge $-1 -1 $-1 $2534 $2442 $2439 $2489 forward $135 $-1 #
edge $2538 -1 $-1 $2493 0 $2539 0.7409699849464074228 $2488 $2540 forward @7 unknown #
coedge $-1 -1 $-1 $2441 $2440 $2541 $2542 reversed $2345 $-1 #
edge $2543 -1 $-1 $2493 0 $2544 1 $2486 $2545 forward @7 tangent #
color-adesk-attrib $-1 -1 $-1 $-1 $2443 256 #
vertex $-1 -1 $-1 $2443 $2546 #
ellipse-curve $-1 -1 $-1 0.8369757737588590096 3.244783890437270557 -0.5 0 0 -1 0.02216381311172388457 0.02836838712984146582 0 1 F 0 F 1.686876739761456134 #
coedge $-1 -1 $-1 $2449 $2541 $2444 $2496 forward $144 $-1 #
edge $2547 -1 $-1 $2498 -0.6500191812532306601 $2452 -0 $2444 $2548 forward @7 unknown #
color-adesk-attrib $-1 -1 $-1 $-1 $2445 256 #
vertex $-1 -1 $-1 $2445 $2549 #
straight-curve $-1 -1 $-1 0.8591395868705828942 3.273152277567112023 -0.5 0 0 1 I I #
point $-1 -1 $-1 0.8591395868705828942 3.273152277567112023 -0.5 #
color-adesk-attrib $-1 -1 $-1 $-1 $2450 256 #
ellipse-curve $-1 -1 $-1 0.3795475401846584718 3.715108615628610167 0.5 0 0 -1 -0.0377042940164336246 0.03724763365265104653 0 1 I I #
point $-1 -1 $-1 0.3469174819924007447 3.673344045687455761 0.5 #
coedge $-1 -1 $-1 $2550 $2458 $2551 $2552 forward $144 $-1 #
coedge $-1 -1 $-1 $2469 $2468 $2458 $2506 reversed $2470 $-1 #
edge $2553 -1 $-1 $2508 -1.686876739761456134 $2554 -0 $2505 $2555 forward @7 unknown #
color-adesk-attrib $-1 -1 $-1 $-1 $2460 256 #
vertex $-1 -1 $-1 $2474 $2556 #
straight-curve $-1 -1 $-1 0.8625862376190789327 -2.080516389024909429 0.5 0.7027855406160846696 0.7114017738950034753 0 I I #
point $-1 -1 $-1 0.3418432461682236467 -2.607643750718741771 0.5 #
coedge $-1 -1 $-1 $2465 $2557 $2558 $2559 forward $135 $-1 #
coedge $-1 -1 $-1 $2560 $2561 $2465 $2513 reversed $2562 $-1 #
edge $2563 -1 $-1 $2564 0 $2518 1.686876739761465904 $2465 $2565 forward @7 unknown #
coedge $-1 -1 $-1 $2551 $2466 $2561 $2566 forward $2516 $-1 #
coedge $-1 -1 $-1 $2466 $2551 $2468 $2520 reversed $2516 $-1 #
loop $-1 -1 $-1 $-1 $2466 $2567 #
color-adesk-attrib $-1 -1 $-1 $-1 $2467 256 #
vertex $-1 -1 $-1 $2513 $2568 #
straight-curve $-1 -1 $-1 0.3469174819923991904 -1.626655954312548502 -0.5 0.7880107536067225693 -0.6156614753256575145 0 F 0 F 0.6500191812532309932 #
edge $2569 -1 $-1 $2472 0 $2554 1 $2468 $2570 forward @7 tangent #
face $2571 -1 $-1 $2475 $2470 $7 $-1 $2572 forward single #
point $-1 -1 $-1 0.8591395868705824501 -2.026847722432888688 -0.5 #
color-adesk-attrib $-1 -1 $-1 $-1 $2474 256 #
straight-curve $-1 -1 $-1 0.8625862376190782665 -2.080516389024909429 -0.5 0 0 1 I I #
color-adesk-attrib $-1 -1 $-1 $-1 $2475 256 #
plane-surface $-1 -1 $-1 0.3418432461682236467 -2.607643750718739994 -0.5 0.7114017738950034753 -0.7027855406160846696 0 0.7027855406160846696 0.7114017738950034753 0 forward_v I I I I #
color-adesk-attrib $-1 -1 $-1 $-1 $2482 256 #
face $2573 -1 $-1 $2574 $2575 $7 $-1 $2576 forward single #
loop $-1 -1 $-1 $-1 $2577 $2482 #
cone-surface $-1 -1 $-1 0.8369757737588594537 2.184783890437268283 -0.5 0 0 1 0.02216381311172344049 0.02836838712984501853 0 1 I I 0 1 0.03600000000000222466 forward I I I I #
coedge $-1 -1 $-1 $2578 $2579 $2580 $2581 reversed $2483 $-1 #
coedge $-1 -1 $-1 $2582 $2485 $2487 $2537 forward $2437 $-1 #
coedge $-1 -1 $-1 $2485 $2582 $2578 $2583 reversed $2437 $-1 #
coedge $-1 -1 $-1 $2580 $2488 $2485 $2535 forward $135 $-1 #
edge $2584 -1 $-1 $2539 0 $2585 1.686876739761427491 $2534 $2586 forward @7 unknown #
coedge $-1 -1 $-1 $2487 $2486 $2587 $2588 reversed $2391 $-1 #
edge $2589 -1 $-1 $2539 0 $2590 1 $2532 $2591 forward @7 tangent #
color-adesk-attrib $-1 -1 $-1 $-1 $2489 256 #
vertex $-1 -1 $-1 $2489 $2592 #
straight-curve $-1 -1 $-1 0.8625862376190793768 3.219483610975091281 -0.5 -0.7027855406160838925 -0.7114017738950041414 0 F 0 F 0.7409699849464074228 #
coedge $-1 -1 $-1 $2495 $2587 $2490 $2542 forward $144 $-1 #
edge $2593 -1 $-1 $2544 -1.686876739761456134 $2498 -0 $2490 $2594 forward @7 unknown #
color-adesk-attrib $-1 -1 $-1 $-1 $2491 256 #
vertex $-1 -1 $-1 $2491 $2595 #
straight-curve $-1 -1 $-1 0.8625862376190787106 3.219483610975091281 -0.5 0 0 1 I I #
point $-1 -1 $-1 0.8625862376190787106 3.219483610975091281 -0.5 #
color-adesk-attrib $-1 -1 $-1 $-1 $2496 256 #
straight-curve $-1 -1 $-1 0.346917481992399912 3.673344045687452208 0.5 -0.7880107536067224583 0.6156614753256578476 0 I I #
point $-1 -1 $-1 0.8591395868705828942 3.273152277567112023 0.5 #
coedge $-1 -1 $-1 $2596 $2504 $2597 $2598 forward $144 $-1 #
coedge $-1 -1 $-1 $2515 $2514 $2504 $2552 reversed $2516 $-1 #
edge $2599 -1 $-1 $2554 -0.6500191812532309932 $2600 -0 $2551 $2601 forward @7 unknown #
color-adesk-attrib $-1 -1 $-1 $-1 $2506 256 #
vertex $-1 -1 $-1 $2520 $2602 #
ellipse-curve $-1 -1 $-1 0.8369757737588585655 -2.055216109562730153 0.5 0 0 1 0.02216381311172388457 0.02836838712984146582 0 1 I I #
point $-1 -1 $-1 0.8625862376190782665 -2.080516389024909429 0.5 #
coedge $-1 -1 $-1 $2511 $2603 $2604 $2605 forward $135 $-1 #
coedge $-1 -1 $-1 $2606 $2607 $2511 $2559 reversed $2608 $-1 #
edge $2609 -1 $-1 $2610 0 $2564 0.7409699849464106425 $2511 $2611 forward @7 unknown #
coedge $-1 -1 $-1 $2597 $2512 $2607 $2612 forward $2562 $-1 #
coedge $-1 -1 $-1 $2512 $2597 $2514 $2566 reversed $2562 $-1 #
loop $-1 -1 $-1 $-1 $2512 $2613 #
color-adesk-attrib $-1 -1 $-1 $-1 $2513 256 #
vertex $-1 -1 $-1 $2559 $2614 #
ellipse-curve $-1 -1 $-1 0.3795475401846588048 -1.58489138437139232 -0.5 0 0 1 -0.03770429401643507483 0.03724763365265282289 0 1 F 0 F 1.686876739761465904 #
edge $2615 -1 $-1 $2518 0 $2600 1 $2514 $2616 forward @7 tangent #
face $2617 -1 $-1 $2521 $2516 $7 $-1 $2618 forward single #
point $-1 -1 $-1 0.3469174819923988018 -1.626655954312548502 -0.5 #
color-adesk-attrib $-1 -1 $-1 $-1 $2520 256 #
straight-curve $-1 -1 $-1 0.8591395868705824501 -2.026847722432888688 -0.5 0 0 1 I I #
color-adesk-attrib $-1 -1 $-1 $-1 $2521 256 #
cone-surface $-1 -1 $-1 0.8369757737588585655 -2.055216109562730153 -0.5 0 0 1 0.02216381311172388457 0.02836838712984146582 0 1 I I 0 1 0.03599999999999970585 forward I I I I #
color-adesk-attrib $-1 -1 $-1 $-1 $2528 256 #
face $2619 -1 $-1 $2620 $2621 $7 $-1 $2622 forward single #
loop $-1 -1 $-1 $-1 $2623 $2528 #
plane-surface $-1 -1 $-1 0.341843246168224757 1.632356249281260219 -0.5 0.7114017738950051406 -0.7027855406160828933 0 0.7027855406160828933 0.7114017738950051406 0 forward_v I I I I #
coedge $-1 -1 $-1 $2624 $2625 $2626 $2627 reversed $2529 $-1 #
coedge $-1 -1 $-1 $2628 $2531 $2533 $2583 forward $2483 $-1 #
coedge $-1 -1 $-1 $2531 $2628 $2624 $2629 reversed $2483 $-1 #
coedge $-1 -1 $-1 $2626 $2534 $2531 $2581 forward $135 $-1 #
edge $2630 -1 $-1 $2585 0 $2631 0.6500191812532297719 $2580 $2632 forward @7 unknown #
coedge $-1 -1 $-1 $2533 $2532 $2633 $2634 reversed $2437 $-1 #
edge $2635 -1 $-1 $2585 0 $2636 1 $2578 $2637 forward @7 tangent #
color-adesk-attrib $-1 -1 $-1 $-1 $2535 256 #
vertex $-1 -1 $-1 $2535 $2638 #
ellipse-curve $-1 -1 $-1 0.3795475401846636343 2.655108615628607893 -0.5 0 0 1 -0.03770429401643678874 0.03724763365265459925 0 1 F 0 F 1.686876739761427491 #
coedge $-1 -1 $-1 $2541 $2633 $2536 $2588 forward $144 $-1 #
edge $2639 -1 $-1 $2590 -0.7409699849464074228 $2544 -0 $2536 $2640 forward @7 unknown #
color-adesk-attrib $-1 -1 $-1 $-1 $2537 256 #
vertex $-1 -1 $-1 $2537 $2641 #
straight-curve $-1 -1 $-1 0.3418432461682268664 2.692356249281262492 -0.5 0 0 1 I I #
point $-1 -1 $-1 0.3418432461682268664 2.692356249281262492 -0.5 #
color-adesk-attrib $-1 -1 $-1 $-1 $2542 256 #
ellipse-curve $-1 -1 $-1 0.8369757737588590096 3.244783890437270557 0.5 0 0 1 0.02216381311172388457 0.02836838712984146582 0 1 I I #
point $-1 -1 $-1 0.8625862376190787106 3.219483610975091281 0.5 #
coedge $-1 -1 $-1 $2642 $2550 $2643 $2644 forward $144 $-1 #
coedge $-1 -1 $-1 $2561 $2560 $2550 $2598 reversed $2562 $-1 #
edge $2645 -1 $-1 $2600 -1.686876739761465904 $2646 -0 $2597 $2647 forward @7 unknown #
color-adesk-attrib $-1 -1 $-1 $-1 $2552 256 #
vertex $-1 -1 $-1 $2566 $2648 #
straight-curve $-1 -1 $-1 0.3469174819923991904 -1.626655954312548502 0.5 -0.7880107536067225693 0.6156614753256575145 0 I I #
point $-1 -1 $-1 0.8591395868705824501 -2.026847722432888688 0.5 #
coedge $-1 -1 $-1 $2557 $2649 $2650 $2651 forward $135 $-1 #
coedge $-1 -1 $-1 $2652 $2653 $2557 $2605 reversed $2654 $-1 #
edge $2655 -1 $-1 $2656 0 $2610 1.686876739761456134 $2557 $2657 forward @7 unknown #
coedge $-1 -1 $-1 $2643 $2558 $2653 $2658 forward $2608 $-1 #
coedge $-1 -1 $-1 $2558 $2643 $2560 $2612 reversed $2608 $-1 #
loop $-1 -1 $-1 $-1 $2558 $2659 #
color-adesk-attrib $-1 -1 $-1 $-1 $2559 256 #
vertex $-1 -1 $-1 $2605 $2660 #
straight-curve $-1 -1 $-1 0.8625862376190791547 -1.020516389024908932 -0.5 -0.7027855406160846696 -0.7114017738950034753 0 F 0 F 0.7409699849464106425 #
edge $2661 -1 $-1 $2564 0 $2646 1 $2560 $2662 forward @7 tangent #
face $2663 -1 $-1 $2567 $2562 $7 $-1 $2664 forward single #
point $-1 -1 $-1 0.3418432461682237578 -1.547643750718739497 -0.5 #
color-adesk-attrib $-1 -1 $-1 $-1 $2566 256 #
straight-curve $-1 -1 $-1 0.3469174819923988018 -1.626655954312548502 -0.5 0 0 1 I I #
color-adesk-attrib $-1 -1 $-1 $-1 $2567 256 #
plane-surface $-1 -1 $-1 0.8591395868705824501 -2.026847722432888688 -0.5 0.6156614753256575145 0.7880107536067225693 0 -0.7880107536067225693 0.6156614753256575145 0 forward_v I I I I #
color-adesk-attrib $-1 -1 $-1 $-1 $2574 256 #
face $2665 -1 $-1 $2666 $2667 $7 $-1 $2668 forward single #
loop $-1 -1 $-1 $-1 $2669 $2574 #
cone-surface $-1 -1 $-1 0.3795475401846615249 1.595108615628605619 -0.5 0 0 1 -0.03770429401643670547 0.03724763365265459925 0 1 I I 0 -1 0.05300000000000256589 forward I I I I #
coedge $-1 -1 $-1 $2670 $2671 $2672 $2673 reversed $2575 $-1 #
coedge $-1 -1 $-1 $2674 $2577 $2579 $2629 forward $2529 $-1 #
coedge $-1 -1 $-1 $2577 $2674 $2670 $2675 reversed $2529 $-1 #
coedge $-1 -1 $-1 $2672 $2580 $2577 $2627 forward $135 $-1 #
edge $2676 -1 $-1 $2631 0 $2677 1.686876739761461685 $2626 $2678 forward @7 unknown #
coedge $-1 -1 $-1 $2579 $2578 $2679 $2680 reversed $2483 $-1 #
edge $2681 -1 $-1 $2631 0 $2682 1 $2624 $2683 forward @7 tangent #
color-adesk-attrib $-1 -1 $-1 $-1 $2581 256 #
vertex $-1 -1 $-1 $2581 $2684 #
straight-curve $-1 -1 $-1 0.3469174819924011333 2.613344045687453487 -0.5 0.7880107536067215701 -0.6156614753256587358 0 F 0 F 0.6500191812532297719 #
coedge $-1 -1 $-1 $2587 $2679 $2582 $2634 forward $144 $-1 #
edge $2685 -1 $-1 $2636 -1.686876739761427491 $2590 -0 $2582 $2686 forward @7 unknown #
color-adesk-attrib $-1 -1 $-1 $-1 $2583 256 #
vertex $-1 -1 $-1 $2583 $2687 #
straight-curve $-1 -1 $-1 0.3469174819924004116 2.613344045687449935 -0.5 0 0 1 I I #
point $-1 -1 $-1 0.3469174819924004116 2.613344045687449935 -0.5 #
color-adesk-attrib $-1 -1 $-1 $-1 $2588 256 #
straight-curve $-1 -1 $-1 0.8625862376190793768 3.219483610975091281 0.5 0.7027855406160838925 0.7114017738950041414 0 I I #
point $-1 -1 $-1 0.3418432461682268664 2.692356249281262492 0.5 #
coedge $-1 -1 $-1 $2688 $2596 $2689 $2690 forward $144 $-1 #
coedge $-1 -1 $-1 $2607 $2606 $2596 $2644 reversed $2608 $-1 #
edge $2691 -1 $-1 $2646 -0.7409699849464106425 $2692 -0 $2643 $2693 forward @7 unknown #
color-adesk-attrib $-1 -1 $-1 $-1 $2598 256 #
vertex $-1 -1 $-1 $2612 $2694 #
ellipse-curve $-1 -1 $-1 0.3795475401846588048 -1.58489138437139232 0.5 0 0 -1 -0.03770429401643507483 0.03724763365265282289 0 1 I I #
point $-1 -1 $-1 0.3469174819923987463 -1.626655954312548502 0.5 #
coedge $-1 -1 $-1 $2603 $2695 $2696 $2697 forward $135 $-1 #
coedge $-1 -1 $-1 $2698 $2699 $2603 $2651 reversed $2700 $-1 #
edge $2701 -1 $-1 $2702 0 $2656 0.6500191812532305491 $2603 $2703 forward @7 unknown #
coedge $-1 -1 $-1 $2689 $2604 $2699 $2704 forward $2654 $-1 #
coedge $-1 -1 $-1 $2604 $2689 $2606 $2658 reversed $2654 $-1 #
loop $-1 -1 $-1 $-1 $2604 $2705 #
color-adesk-attrib $-1 -1 $-1 $-1 $2605 256 #
vertex $-1 -1 $-1 $2651 $2706 #
ellipse-curve $-1 -1 $-1 0.8369757737588587876 -0.9952161095627296561 -0.5 0 0 -1 0.02216381311172388457 0.02836838712984146582 0 1 F 0 F 1.686876739761456134 #
edge $2707 -1 $-1 $2610 0 $2692 1 $2606 $2708 forward @7 tangent #
face $2709 -1 $-1 $2613 $2608 $7 $-1 $2710 forward single #
point $-1 -1 $-1 0.8625862376190784886 -1.020516389024908932 -0.5 #
color-adesk-attrib $-1 -1 $-1 $-1 $2612 256 #
straight-curve $-1 -1 $-1 0.3418432461682237578 -1.547643750718739497 -0.5 0 0 1 I I #
color-adesk-attrib $-1 -1 $-1 $-1 $2613 256 #
cone-surface $-1 -1 $-1 0.3795475401846588048 -1.58489138437139232 -0.5 0 0 1 -0.03770429401643507483 0.03724763365265282289 0 1 I I 0 -1 0.0530000000000001581 forward I I I I #
color-adesk-attrib $-1 -1 $-1 $-1 $2620 256 #
face $2711 -1 $-1 $2712 $2713 $7 $-1 $2714 forward single #
loop $-1 -1 $-1 $-1 $2715 $2620 #
plane-surface $-1 -1 $-1 0.8591395868705826722 1.153152277567111028 -0.5 0.6156614753256578476 0.7880107536067222362 0 -0.7880107536067222362 0.6156614753256578476 0 forward_v I I I I #
coedge $-1 -1 $-1 $2716 $2717 $2718 $2719 reversed $2621 $-1 #
coedge $-1 -1 $-1 $2720 $2623 $2625 $2675 forward $2575 $-1 #
coedge $-1 -1 $-1 $2623 $2720 $2716 $2721 reversed $2575 $-1 #
coedge $-1 -1 $-1 $2718 $2626 $2623 $2673 forward $135 $-1 #
edge $2722 -1 $-1 $2677 0 $2723 0.7409699849464114196 $2672 $2724 forward @7 unknown #
coedge $-1 -1 $-1 $2625 $2624 $2725 $2726 reversed $2529 $-1 #
edge $2727 -1 $-1 $2677 0 $2728 1 $2670 $2729 forward @7 tangent #
color-adesk-attrib $-1 -1 $-1 $-1 $2627 256 #
vertex $-1 -1 $-1 $2627 $2730 #
ellipse-curve $-1 -1 $-1 0.8369757737588594537 2.184783890437268283 -0.5 0 0 -1 0.02216381311172344049 0.02836838712984501853 0 1 F 0 F 1.686876739761461685 #
coedge $-1 -1 $-1 $2633 $2725 $2628 $2680 forward $144 $-1 #
edge $2731 -1 $-1 $2682 -0.6500191812532297719 $2636 -0 $2628 $2732 forward @7 unknown #
color-adesk-attrib $-1 -1 $-1 $-1 $2629 256 #
vertex $-1 -1 $-1 $2629 $2733 #
straight-curve $-1 -1 $-1 0.8591395868705828942 2.213152277567113302 -0.5 0 0 1 I I #
point $-1 -1 $-1 0.8591395868705828942 2.213152277567113302 -0.5 #
color-adesk-attrib $-1 -1 $-1 $-1 $2634 256 #
ellipse-curve $-1 -1 $-1 0.3795475401846636343 2.655108615628607893 0.5 0 0 -1 -0.03770429401643678874 0.03724763365265459925 0 1 I I #
point $-1 -1 $-1 0.3469174819924004116 2.613344045687449935 0.5 #
coedge $-1 -1 $-1 $2734 $2642 $2735 $2736 forward $144 $-1 #
coedge $-1 -1 $-1 $2653 $2652 $2642 $2690 reversed $2654 $-1 #
edge $2737 -1 $-1 $2692 -1.686876739761456134 $2738 -0 $2689 $2739 forward @7 unknown #
color-adesk-attrib $-1 -1 $-1 $-1 $2644 256 #
vertex $-1 -1 $-1 $2658 $2740 #
straight-curve $-1 -1 $-1 0.8625862376190791547 -1.020516389024908932 0.5 0.7027855406160846696 0.7114017738950034753 0 I I #
point $-1 -1 $-1 0.3418432461682237578 -1.547643750718739497 0.5 #
coedge $-1 -1 $-1 $2649 $2741 $2742 $2743 forward $135 $-1 #
coedge $-1 -1 $-1 $2744 $2745 $2649 $2697 reversed $2746 $-1 #
edge $2747 -1 $-1 $2748 0 $2702 1.686876739761465016 $2649 $2749 forward @7 unknown #
coedge $-1 -1 $-1 $2735 $2650 $2745 $2750 forward $2700 $-1 #
coedge $-1 -1 $-1 $2650 $2735 $2652 $2704 reversed $2700 $-1 #
loop $-1 -1 $-1 $-1 $2650 $2751 #
color-adesk-attrib $-1 -1 $-1 $-1 $2651 256 #
vertex $-1 -1 $-1 $2697 $2752 #
straight-curve $-1 -1 $-1 0.3469174819923998565 -0.5666559543125480047 -0.5 0.7880107536067222362 -0.6156614753256579586 0 F 0 F 0.6500191812532305491 #
edge $2753 -1 $-1 $2656 0 $2738 1 $2652 $2754 forward @7 tangent #
face $2755 -1 $-1 $2659 $2654 $7 $-1 $2756 forward single #
point $-1 -1 $-1 0.8591395868705826722 -0.9668477224328881903 -0.5 #
color-adesk-attrib $-1 -1 $-1 $-1 $2658 256 #
straight-curve $-1 -1 $-1 0.8625862376190784886 -1.020516389024908932 -0.5 0 0 1 I I #
color-adesk-attrib $-1 -1 $-1 $-1 $2659 256 #
plane-surface $-1 -1 $-1 0.3418432461682237578 -1.547643750718739497 -0.5 0.7114017738950034753 -0.7027855406160846696 0 0.7027855406160846696 0.7114017738950034753 0 forward_v I I I I #
color-adesk-attrib $-1 -1 $-1 $-1 $2666 256 #
face $2757 -1 $-1 $2758 $2759 $7 $-1 $2760 forward single #
loop $-1 -1 $-1 $-1 $2761 $2666 #
cone-surface $-1 -1 $-1 0.8369757737588592317 1.12478389043726601 -0.5 0 0 1 0.02216381311172344049 0.02836838712984501853 0 1 I I 0 1 0.03600000000000222466 forward I I I I #
coedge $-1 -1 $-1 $2762 $2763 $2764 $2765 reversed $2667 $-1 #
coedge $-1 -1 $-1 $2766 $2669 $2671 $2721 forward $2621 $-1 #
coedge $-1 -1 $-1 $2669 $2766 $2762 $2767 reversed $2621 $-1 #
coedge $-1 -1 $-1 $2764 $2672 $2669 $2719 forward $135 $-1 #
edge $2768 -1 $-1 $2723 0 $2769 1.686876739761436816 $2718 $2770 forward @7 unknown #
coedge $-1 -1 $-1 $2671 $2670 $2771 $2772 reversed $2575 $-1 #
edge $2773 -1 $-1 $2723 0 $2774 1 $2716 $2775 forward @7 tangent #
color-adesk-attrib $-1 -1 $-1 $-1 $2673 256 #
vertex $-1 -1 $-1 $2673 $2776 #
straight-curve $-1 -1 $-1 0.8625862376190793768 2.15948361097509256 -0.5 -0.7027855406160828933 -0.7114017738950051406 0 F 0 F 0.7409699849464114196 #
coedge $-1 -1 $-1 $2679 $2771 $2674 $2726 forward $144 $-1 #
edge $2777 -1 $-1 $2728 -1.686876739761461685 $2682 -0 $2674 $2778 forward @7 unknown #
color-adesk-attrib $-1 -1 $-1 $-1 $2675 256 #
vertex $-1 -1 $-1 $2675 $2779 #
straight-curve $-1 -1 $-1 0.8625862376190824854 2.159483610975089007 -0.5 0 0 1 I I #
point $-1 -1 $-1 0.8625862376190824854 2.159483610975089007 -0.5 #
color-adesk-attrib $-1 -1 $-1 $-1 $2680 256 #
straight-curve $-1 -1 $-1 0.3469174819924011333 2.613344045687453487 0.5 -0.7880107536067215701 0.6156614753256587358 0 I I #
point $-1 -1 $-1 0.8591395868705828942 2.213152277567113302 0.5 #
coedge $-1 -1 $-1 $2780 $2688 $2781 $2782 forward $144 $-1 #
coedge $-1 -1 $-1 $2699 $2698 $2688 $2736 reversed $2700 $-1 #
edge $2783 -1 $-1 $2738 -0.6500191812532305491 $2784 -0 $2735 $2785 forward @7 unknown #
color-adesk-attrib $-1 -1 $-1 $-1 $2690 256 #
vertex $-1 -1 $-1 $2704 $2786 #
ellipse-curve $-1 -1 $-1 0.8369757737588587876 -0.9952161095627296561 0.5 0 0 1 0.02216381311172388457 0.02836838712984146582 0 1 I I #
point $-1 -1 $-1 0.8625862376190784886 -1.020516389024910708 0.5 #
coedge $-1 -1 $-1 $2695 $2787 $2788 $2789 forward $135 $-1 #
coedge $-1 -1 $-1 $2790 $2791 $2695 $2743 reversed $2792 $-1 #
edge $2793 -1 $-1 $2794 0 $2748 0.7409699849464087551 $2695 $2795 forward @7 unknown #
coedge $-1 -1 $-1 $2781 $2696 $2791 $2796 forward $2746 $-1 #
coedge $-1 -1 $-1 $2696 $2781 $2698 $2750 reversed $2746 $-1 #
loop $-1 -1 $-1 $-1 $2696 $2797 #
color-adesk-attrib $-1 -1 $-1 $-1 $2697 256 #
vertex $-1 -1 $-1 $2743 $2798 #
ellipse-curve $-1 -1 $-1 0.3795475401846597485 -0.5248913843713918226 -0.5 0 0 1 -0.03770429401643501238 0.03724763365265282289 0 1 F 0 F 1.686876739761465016 #
edge $2799 -1 $-1 $2702 0 $2784 1 $2698 $2800 forward @7 tangent #
face $2801 -1 $-1 $2705 $2700 $7 $-1 $2802 forward single #
point $-1 -1 $-1 0.34691748199239969 -0.5666559543125480047 -0.5 #
color-adesk-attrib $-1 -1 $-1 $-1 $2704 256 #
straight-curve $-1 -1 $-1 0.8591395868705826722 -0.9668477224328881903 -0.5 0 0 1 I I #
color-adesk-attrib $-1 -1 $-1 $-1 $2705 256 #
cone-surface $-1 -1 $-1 0.8369757737588587876 -0.9952161095627296561 -0.5 0 0 1 0.02216381311172388457 0.02836838712984146582 0 1 I I 0 1 0.03599999999999970585 forward I I I I #
color-adesk-attrib $-1 -1 $-1 $-1 $2712 256 #
face $2803 -1 $-1 $2804 $2805 $7 $-1 $2806 forward single #
loop $-1 -1 $-1 $-1 $2807 $2712 #
plane-surface $-1 -1 $-1 0.3418432461682228696 0.5723562492812614977 -0.5 0.7114017738950015879 -0.702785540616086557 0 0.702785540616086557 0.7114017738950015879 0 forward_v I I I I #
coedge $-1 -1 $-1 $2808 $2809 $2810 $2811 reversed $2713 $-1 #
coedge $-1 -1 $-1 $2812 $2715 $2717 $2767 forward $2667 $-1 #
coedge $-1 -1 $-1 $2715 $2812 $2808 $2813 reversed $2667 $-1 #
coedge $-1 -1 $-1 $2810 $2718 $2715 $2765 forward $135 $-1 #
edge $2814 -1 $-1 $2769 0 $2815 0.6500191812532306601 $2764 $2816 forward @7 unknown #
coedge $-1 -1 $-1 $2717 $2716 $2817 $2818 reversed $2621 $-1 #
edge $2819 -1 $-1 $2769 0 $2820 1 $2762 $2821 forward @7 tangent #
color-adesk-attrib $-1 -1 $-1 $-1 $2719 256 #
vertex $-1 -1 $-1 $2719 $2822 #
ellipse-curve $-1 -1 $-1 0.3795475401846615249 1.595108615628605619 -0.5 0 0 1 -0.03770429401643670547 0.03724763365265459925 0 1 F 0 F 1.686876739761436816 #
coedge $-1 -1 $-1 $2725 $2817 $2720 $2772 forward $144 $-1 #
edge $2823 -1 $-1 $2774 -0.7409699849464114196 $2728 -0 $2720 $2824 forward @7 unknown #
color-adesk-attrib $-1 -1 $-1 $-1 $2721 256 #
vertex $-1 -1 $-1 $2721 $2825 #
straight-curve $-1 -1 $-1 0.341843246168224757 1.632356249281260219 -0.5 0 0 1 I I #
point $-1 -1 $-1 0.341843246168224757 1.632356249281260219 -0.5 #
color-adesk-attrib $-1 -1 $-1 $-1 $2726 256 #
ellipse-curve $-1 -1 $-1 0.8369757737588594537 2.184783890437268283 0.5 0 0 1 0.02216381311172344049 0.02836838712984501853 0 1 I I #
point $-1 -1 $-1 0.8625862376190824854 2.159483610975089007 0.5 #
coedge $-1 -1 $-1 $2826 $2734 $2827 $2828 forward $144 $-1 #
coedge $-1 -1 $-1 $2745 $2744 $2734 $2782 reversed $2746 $-1 #
edge $2829 -1 $-1 $2784 -1.686876739761465016 $2830 -0 $2781 $2831 forward @7 unknown #
color-adesk-attrib $-1 -1 $-1 $-1 $2736 256 #
vertex $-1 -1 $-1 $2750 $2832 #
straight-curve $-1 -1 $-1 0.3469174819923998565 -0.5666559543125480047 0.5 -0.7880107536067222362 0.6156614753256579586 0 I I #
point $-1 -1 $-1 0.8591395868705826722 -0.9668477224328864139 0.5 #
coedge $-1 -1 $-1 $2741 $2833 $2834 $2835 forward $135 $-1 #
coedge $-1 -1 $-1 $2836 $2837 $2741 $2789 reversed $2838 $-1 #
edge $2839 -1 $-1 $2840 0 $2794 1.686876739761456134 $2741 $2841 forward @7 unknown #
coedge $-1 -1 $-1 $2827 $2742 $2837 $2842 forward $2792 $-1 #
coedge $-1 -1 $-1 $2742 $2827 $2744 $2796 reversed $2792 $-1 #
loop $-1 -1 $-1 $-1 $2742 $2843 #
color-adesk-attrib $-1 -1 $-1 $-1 $2743 256 #
vertex $-1 -1 $-1 $2789 $2844 #
straight-curve $-1 -1 $-1 0.8625862376190791547 0.03948361097508978901 -0.5 -0.7027855406160851137 -0.7114017738950029202 0 F 0 F 0.7409699849464087551 #
edge $2845 -1 $-1 $2748 0 $2830 1 $2744 $2846 forward @7 tangent #
face $2847 -1 $-1 $2751 $2746 $7 $-1 $2848 forward single #
point $-1 -1 $-1 0.341843246168224757 -0.4876437507187389997 -0.5 #
color-adesk-attrib $-1 -1 $-1 $-1 $2750 256 #
straight-curve $-1 -1 $-1 0.34691748199239969 -0.5666559543125480047 -0.5 0 0 1 I I #
color-adesk-attrib $-1 -1 $-1 $-1 $2751 256 #
plane-surface $-1 -1 $-1 0.8591395868705826722 -0.9668477224328881903 -0.5 0.6156614753256579586 0.7880107536067222362 0 -0.7880107536067222362 0.6156614753256579586 0 forward_v I I I I #
color-adesk-attrib $-1 -1 $-1 $-1 $2758 256 #
face $2849 -1 $-1 $2850 $2851 $7 $-1 $2852 forward single #
loop $-1 -1 $-1 $-1 $2853 $2758 #
cone-surface $-1 -1 $-1 0.3795475401846579167 0.5351086156286086748 -0.5 0 0 1 -0.03770429401643505402 0.03724763365265282289 0 1 I I 0 -1 0.05300000000000014422 forward I I I I #
coedge $-1 -1 $-1 $2854 $2855 $2856 $2857 reversed $2759 $-1 #
coedge $-1 -1 $-1 $2858 $2761 $2763 $2813 forward $2713 $-1 #
coedge $-1 -1 $-1 $2761 $2858 $2854 $2859 reversed $2713 $-1 #
coedge $-1 -1 $-1 $2856 $2764 $2761 $2811 forward $135 $-1 #
edge $2860 -1 $-1 $2815 0 $2861 1.686876739761461685 $2810 $2862 forward @7 unknown #
coedge $-1 -1 $-1 $2763 $2762 $2863 $2864 reversed $2667 $-1 #
edge $2865 -1 $-1 $2815 0 $2866 1 $2808 $2867 forward @7 tangent #
color-adesk-attrib $-1 -1 $-1 $-1 $2765 256 #
vertex $-1 -1 $-1 $2765 $2868 #
straight-curve $-1 -1 $-1 0.346917481992399801 1.553344045687451214 -0.5 0.7880107536067222362 -0.6156614753256578476 0 F 0 F 0.6500191812532306601 #
coedge $-1 -1 $-1 $2771 $2863 $2766 $2818 forward $144 $-1 #
edge $2869 -1 $-1 $2820 -1.686876739761436816 $2774 -0 $2766 $2870 forward @7 unknown #
color-adesk-attrib $-1 -1 $-1 $-1 $2767 256 #
vertex $-1 -1 $-1 $2767 $2871 #
straight-curve $-1 -1 $-1 0.3469174819923986908 1.553344045687447661 -0.5 0 0 1 I I #
point $-1 -1 $-1 0.3469174819923986908 1.553344045687447661 -0.5 #
color-adesk-attrib $-1 -1 $-1 $-1 $2772 256 #
straight-curve $-1 -1 $-1 0.8625862376190793768 2.15948361097509256 0.5 0.7027855406160828933 0.7114017738950051406 0 I I #
point $-1 -1 $-1 0.341843246168224757 1.632356249281260219 0.5 #
coedge $-1 -1 $-1 $2872 $2780 $2873 $2874 forward $144 $-1 #
coedge $-1 -1 $-1 $2791 $2790 $2780 $2828 reversed $2792 $-1 #
edge $2875 -1 $-1 $2830 -0.7409699849464087551 $2876 -0 $2827 $2877 forward @7 unknown #
color-adesk-attrib $-1 -1 $-1 $-1 $2782 256 #
vertex $-1 -1 $-1 $2796 $2878 #
ellipse-curve $-1 -1 $-1 0.3795475401846597485 -0.5248913843713918226 0.5 0 0 -1 -0.03770429401643501238 0.03724763365265282289 0 1 I I #
point $-1 -1 $-1 0.3469174819923996345 -0.5666559543125497811 0.5 #
coedge $-1 -1 $-1 $2787 $2856 $2853 $2879 forward $135 $-1 #
coedge $-1 -1 $-1 $2880 $2881 $2787 $2835 reversed $2851 $-1 #
edge $2882 -1 $-1 $2883 0 $2840 0.6500191812532332136 $2787 $2884 forward @7 unknown #
coedge $-1 -1 $-1 $2873 $2788 $2881 $2885 forward $2838 $-1 #
coedge $-1 -1 $-1 $2788 $2873 $2790 $2842 reversed $2838 $-1 #
loop $-1 -1 $-1 $-1 $2788 $2850 #
color-adesk-attrib $-1 -1 $-1 $-1 $2789 256 #
vertex $-1 -1 $-1 $2835 $2886 #
ellipse-curve $-1 -1 $-1 0.8369757737588587876 0.06478389043726906493 -0.5 0 0 -1 0.02216381311172388457 0.02836838712984146582 0 1 F 0 F 1.686876739761456134 #
edge $2887 -1 $-1 $2794 0 $2876 1 $2790 $2888 forward @7 tangent #
face $2889 -1 $-1 $2797 $2792 $7 $-1 $2890 forward single #
point $-1 -1 $-1 0.8625862376190784886 0.03948361097508978901 -0.5 #
color-adesk-attrib $-1 -1 $-1 $-1 $2796 256 #
straight-curve $-1 -1 $-1 0.341843246168224757 -0.4876437507187389997 -0.5 0 0 1 I I #
color-adesk-attrib $-1 -1 $-1 $-1 $2797 256 #
cone-surface $-1 -1 $-1 0.3795475401846597485 -0.5248913843713918226 -0.5 0 0 1 -0.03770429401643501238 0.03724763365265282289 0 1 I I 0 -1 0.05300000000000011646 forward I I I I #
color-adesk-attrib $-1 -1 $-1 $-1 $2804 256 #
face $2891 -1 $-1 $2843 $2838 $7 $-1 $2892 forward single #
loop $-1 -1 $-1 $-1 $2834 $2804 #
plane-surface $-1 -1 $-1 0.8591395868705826722 0.09315227756711053075 -0.5 0.6156614753256581807 0.7880107536067220142 0 -0.7880107536067220142 0.6156614753256581807 0 forward_v I I I I #
coedge $-1 -1 $-1 $2893 $2894 $2833 $2879 reversed $2805 $-1 #
coedge $-1 -1 $-1 $2895 $2807 $2809 $2859 forward $2759 $-1 #
coedge $-1 -1 $-1 $2807 $2895 $2893 $2896 reversed $2759 $-1 #
coedge $-1 -1 $-1 $2833 $2810 $2807 $2857 forward $135 $-1 #
edge $2897 -1 $-1 $2861 0 $2898 0.7409699849464100874 $2856 $2899 forward @7 unknown #
coedge $-1 -1 $-1 $2809 $2808 $2900 $2901 reversed $2713 $-1 #
edge $2902 -1 $-1 $2861 0 $2903 1 $2854 $2904 forward @7 tangent #
color-adesk-attrib $-1 -1 $-1 $-1 $2811 256 #
vertex $-1 -1 $-1 $2811 $2905 #
ellipse-curve $-1 -1 $-1 0.8369757737588592317 1.12478389043726601 -0.5 0 0 -1 0.02216381311172344049 0.02836838712984501853 0 1 F 0 F 1.686876739761461685 #
coedge $-1 -1 $-1 $2817 $2900 $2812 $2864 forward $144 $-1 #
edge $2906 -1 $-1 $2866 -0.6500191812532306601 $2820 -0 $2812 $2907 forward @7 unknown #
color-adesk-attrib $-1 -1 $-1 $-1 $2813 256 #
vertex $-1 -1 $-1 $2813 $2908 #
straight-curve $-1 -1 $-1 0.8591395868705826722 1.153152277567111028 -0.5 0 0 1 I I #
point $-1 -1 $-1 0.8591395868705826722 1.153152277567111028 -0.5 #
color-adesk-attrib $-1 -1 $-1 $-1 $2818 256 #
ellipse-curve $-1 -1 $-1 0.3795475401846615249 1.595108615628605619 0.5 0 0 -1 -0.03770429401643670547 0.03724763365265459925 0 1 I I #
point $-1 -1 $-1 0.3469174819923986353 1.553344045687447661 0.5 #
coedge $-1 -1 $-1 $2909 $2826 $2910 $2911 forward $144 $-1 #
coedge $-1 -1 $-1 $2837 $2836 $2826 $2874 reversed $2838 $-1 #
edge $2912 -1 $-1 $2876 -1.686876739761456134 $2913 -0 $2873 $2914 forward @7 unknown #
color-adesk-attrib $-1 -1 $-1 $-1 $2828 256 #
vertex $-1 -1 $-1 $2842 $2915 #
straight-curve $-1 -1 $-1 0.8625862376190791547 0.03948361097508978901 0.5 0.7027855406160851137 0.7114017738950029202 0 I I #
point $-1 -1 $-1 0.341843246168224757 -0.4876437507187372233 0.5 #
edge $2916 -1 $-1 $2898 0 $2883 1.686876739761461907 $2833 $2917 forward @7 unknown #
coedge $-1 -1 $-1 $2910 $2834 $2894 $2918 forward $2851 $-1 #
coedge $-1 -1 $-1 $2834 $2910 $2836 $2885 reversed $2851 $-1 #
color-adesk-attrib $-1 -1 $-1 $-1 $2835 256 #
vertex $-1 -1 $-1 $2879 $2919 #
straight-curve $-1 -1 $-1 0.3469174819923978581 0.4933440456874524926 -0.5 0.7880107536067220142 -0.6156614753256581807 0 F 0 F 0.6500191812532332136 #
edge $2920 -1 $-1 $2840 0 $2913 1 $2836 $2921 forward @7 tangent #
point $-1 -1 $-1 0.8591395868705826722 0.09315227756711053075 -0.5 #
color-adesk-attrib $-1 -1 $-1 $-1 $2842 256 #
straight-curve $-1 -1 $-1 0.8625862376190784886 0.03948361097508978901 -0.5 0 0 1 I I #
color-adesk-attrib $-1 -1 $-1 $-1 $2843 256 #
plane-surface $-1 -1 $-1 0.341843246168224757 -0.4876437507187389997 -0.5 0.7114017738950030312 -0.7027855406160852247 0 0.7027855406160852247 0.7114017738950030312 0 forward_v I I I I #
color-adesk-attrib $-1 -1 $-1 $-1 $2850 256 #
cone-surface $-1 -1 $-1 0.8369757737588587876 0.06478389043726906493 -0.5 0 0 1 0.02216381311172388457 0.02836838712984146582 0 1 I I 0 1 0.03599999999999970585 forward I I I I #
coedge $-1 -1 $-1 $2922 $2853 $2855 $2896 forward $2805 $-1 #
coedge $-1 -1 $-1 $2853 $2922 $2880 $2918 reversed $2805 $-1 #
coedge $-1 -1 $-1 $2855 $2854 $2923 $2924 reversed $2759 $-1 #
edge $2925 -1 $-1 $2898 0 $2926 1 $2893 $2927 forward @7 tangent #
color-adesk-attrib $-1 -1 $-1 $-1 $2857 256 #
vertex $-1 -1 $-1 $2857 $2928 #
straight-curve $-1 -1 $-1 0.8625862376190791547 1.099483610975090286 -0.5 -0.702785540616086557 -0.7114017738950015879 0 F 0 F 0.7409699849464100874 #
coedge $-1 -1 $-1 $2863 $2923 $2858 $2901 forward $144 $-1 #
edge $2929 -1 $-1 $2903 -1.686876739761461685 $2866 -0 $2858 $2930 forward @7 unknown #
color-adesk-attrib $-1 -1 $-1 $-1 $2859 256 #
vertex $-1 -1 $-1 $2859 $2931 #
straight-curve $-1 -1 $-1 0.8625862376190824854 1.099483610975086734 -0.5 0 0 1 I I #
point $-1 -1 $-1 0.8625862376190824854 1.099483610975086734 -0.5 #
color-adesk-attrib $-1 -1 $-1 $-1 $2864 256 #
straight-curve $-1 -1 $-1 0.346917481992399801 1.553344045687451214 0.5 -0.7880107536067222362 0.6156614753256578476 0 I I #
point $-1 -1 $-1 0.8591395868705826722 1.153152277567111028 0.5 #
coedge $-1 -1 $-1 $2923 $2872 $2922 $2932 forward $144 $-1 #
coedge $-1 -1 $-1 $2881 $2880 $2872 $2911 reversed $2851 $-1 #
edge $2933 -1 $-1 $2913 -0.6500191812532332136 $2934 -0 $2910 $2935 forward @7 unknown #
color-adesk-attrib $-1 -1 $-1 $-1 $2874 256 #
vertex $-1 -1 $-1 $2885 $2936 #
ellipse-curve $-1 -1 $-1 0.8369757737588587876 0.06478389043726906493 0.5 0 0 1 0.02216381311172388457 0.02836838712984146582 0 1 I I #
point $-1 -1 $-1 0.8625862376190784886 0.03948361097508978901 0.5 #
color-adesk-attrib $-1 -1 $-1 $-1 $2879 256 #
ellipse-curve $-1 -1 $-1 0.3795475401846579167 0.5351086156286086748 -0.5 0 0 1 -0.03770429401643505402 0.03724763365265282289 0 1 F 0 F 1.686876739761461907 #
edge $2937 -1 $-1 $2883 0 $2934 1 $2880 $2938 forward @7 tangent #
point $-1 -1 $-1 0.3469174819923977471 0.4933440456874524926 -0.5 #
color-adesk-attrib $-1 -1 $-1 $-1 $2885 256 #
straight-curve $-1 -1 $-1 0.8591395868705826722 0.09315227756711053075 -0.5 0 0 1 I I #
coedge $-1 -1 $-1 $2894 $2893 $2909 $2932 reversed $2805 $-1 #
coedge $-1 -1 $-1 $2900 $2909 $2895 $2924 forward $144 $-1 #
edge $2939 -1 $-1 $2926 -0.7409699849464100874 $2903 -0 $2895 $2940 forward @7 unknown #
color-adesk-attrib $-1 -1 $-1 $-1 $2896 256 #
vertex $-1 -1 $-1 $2896 $2941 #
straight-curve $-1 -1 $-1 0.3418432461682228696 0.5723562492812614977 -0.5 0 0 1 I I #
point $-1 -1 $-1 0.3418432461682228696 0.5723562492812614977 -0.5 #
color-adesk-attrib $-1 -1 $-1 $-1 $2901 256 #
ellipse-curve $-1 -1 $-1 0.8369757737588592317 1.12478389043726601 0.5 0 0 1 0.02216381311172344049 0.02836838712984501853 0 1 I I #
point $-1 -1 $-1 0.8625862376190824854 1.099483610975086734 0.5 #
edge $2942 -1 $-1 $2934 -1.686876739761461907 $2926 -0 $2922 $2943 forward @7 unknown #
color-adesk-attrib $-1 -1 $-1 $-1 $2911 256 #
vertex $-1 -1 $-1 $2918 $2944 #
straight-curve $-1 -1 $-1 0.3469174819923978581 0.4933440456874524926 0.5 -0.7880107536067220142 0.6156614753256581807 0 I I #
point $-1 -1 $-1 0.8591395868705826722 0.09315227756711053075 0.5 #
color-adesk-attrib $-1 -1 $-1 $-1 $2918 256 #
straight-curve $-1 -1 $-1 0.3469174819923977471 0.4933440456874524926 -0.5 0 0 1 I I #
color-adesk-attrib $-1 -1 $-1 $-1 $2924 256 #
straight-curve $-1 -1 $-1 0.8625862376190791547 1.099483610975090286 0.5 0.702785540616086557 0.7114017738950015879 0 I I #
point $-1 -1 $-1 0.3418432461682228696 0.5723562492812614977 0.5 #
color-adesk-attrib $-1 -1 $-1 $-1 $2932 256 #
ellipse-curve $-1 -1 $-1 0.3795475401846579167 0.5351086156286086748 0.5 0 0 -1 -0.03770429401643505402 0.03724763365265282289 0 1 I I #
point $-1 -1 $-1 0.3469174819923977471 0.4933440456874524926 0.5 #
