700 2279 2 0        
16 Autodesk AutoCAD 20 ASM 230.7.0.65535 NT 24 Tue Sep  2 09:22:51 2025 
1 9.999999999999999547e-07 1.000000000000000036e-10 
body $-1 -1 $-1 $2 $-1 $3 #
body $-1 -1 $-1 $4 $-1 $5 #
lump $-1 -1 $-1 $-1 $6 $0 #
transform $-1 -1 1 0 0 0 1 0 0 0 1 190.25 10.40000000000000036 0.5 1 no_rotate no_reflect no_shear #
lump $-1 -1 $-1 $-1 $7 $1 #
transform $-1 -1 1 0 0 0 1 0 0 0 1 -0.2999999999999999889 10.15000000000000036 0.5 1 no_rotate no_reflect no_shear #
shell $-1 -1 $-1 $-1 $-1 $8 $-1 $2 #
shell $-1 -1 $-1 $-1 $-1 $9 $-1 $4 #
face $10 -1 $-1 $11 $12 $6 $-1 $13 forward single #
face $14 -1 $-1 $15 $16 $7 $-1 $17 forward single #
color-adesk-attrib $-1 -1 $-1 $-1 $8 256 #
face $18 -1 $-1 $19 $20 $6 $-1 $21 reversed single #
loop $-1 -1 $-1 $-1 $22 $8 #
plane-surface $-1 -1 $-1 0 0 0.5 0 0 1 1 0 0 forward_v I I I I #
color-adesk-attrib $-1 -1 $-1 $-1 $9 256 #
face $23 -1 $-1 $24 $25 $7 $-1 $26 forward single #
loop $-1 -1 $-1 $-1 $27 $9 #
plane-surface $-1 -1 $-1 0.6064447760251666653 -10.00524311537259514 -0.5 0.8755084818373015665 0.4832027506450510268 0 -0.4832027506450510268 0.8755084818373015665 0 forward_v I I I I #
color-adesk-attrib $-1 -1 $-1 $-1 $11 256 #
face $28 -1 $-1 $29 $30 $6 $-1 $31 reversed single #
loop $-1 -1 $-1 $-1 $32 $11 #
plane-surface $-1 -1 $-1 0 0 -0.5 0 0 1 1 0 0 forward_v I I I I #
coedge $-1 -1 $-1 $33 $34 $35 $36 forward $12 $-1 #
color-adesk-attrib $-1 -1 $-1 $-1 $15 256 #
face $37 -1 $-1 $38 $39 $7 $-1 $40 forward single #
loop $-1 -1 $-1 $-1 $41 $15 #
cone-surface $-1 -1 $-1 0.5617938434514642143 -10.02988645565549497 -0.5 0 0 1 0.01272404100003571292 -0.04938723297198793771 0 1 I I 0 1 0.05100000000000002448 forward I I I I #
coedge $-1 -1 $-1 $42 $43 $44 $45 forward $16 $-1 #
color-adesk-attrib $-1 -1 $-1 $-1 $19 256 #
face $46 -1 $-1 $47 $48 $6 $-1 $49 reversed single #
loop $-1 -1 $-1 $-1 $50 $19 #
plane-surface $-1 -1 $-1 0 -0.25 0 0 1 -0 -0 0 1 forward_v I I I I #
coedge $-1 -1 $-1 $51 $52 $53 $54 forward $20 $-1 #
coedge $-1 -1 $-1 $55 $22 $56 $57 forward $12 $-1 #
coedge $-1 -1 $-1 $22 $55 $58 $59 forward $12 $-1 #
coedge $-1 -1 $-1 $60 $61 $22 $36 reversed $62 $-1 #
edge $63 -1 $-1 $64 -0.25 $65 0.25 $35 $66 forward @7 unknown #
color-adesk-attrib $-1 -1 $-1 $-1 $24 256 #
face $67 -1 $-1 $68 $69 $7 $-1 $70 forward single #
loop $-1 -1 $-1 $-1 $71 $24 #
plane-surface $-1 -1 $-1 0.3000000000000000444 -10.15000000000000036 -0.5 0.2494910000006997919 -0.9683771170978024978 0 0.9683771170978024978 0.2494910000006997919 0 forward_v I I I I #
coedge $-1 -1 $-1 $72 $73 $74 $75 forward $25 $-1 #
coedge $-1 -1 $-1 $76 $27 $77 $78 reversed $16 $-1 #
coedge $-1 -1 $-1 $27 $76 $72 $79 reversed $16 $-1 #
coedge $-1 -1 $-1 $74 $80 $27 $45 reversed $81 $-1 #
edge $82 -1 $-1 $83 0 $84 0.6341950156866418276 $27 $85 forward @7 unknown #
color-adesk-attrib $-1 -1 $-1 $-1 $29 256 #
face $86 -1 $-1 $87 $88 $6 $-1 $89 reversed single #
loop $-1 -1 $-1 $-1 $90 $29 #
plane-surface $-1 -1 $-1 -0.25 0 0 1 0 0 0 0 -1 forward_v I I I I #
coedge $-1 -1 $-1 $91 $58 $92 $93 forward $30 $-1 #
coedge $-1 -1 $-1 $94 $32 $91 $95 forward $20 $-1 #
coedge $-1 -1 $-1 $32 $94 $96 $97 forward $20 $-1 #
coedge $-1 -1 $-1 $61 $60 $32 $54 reversed $62 $-1 #
edge $98 -1 $-1 $99 -0.25 $100 0.25 $53 $101 forward @7 unknown #
coedge $-1 -1 $-1 $34 $33 $102 $103 forward $12 $-1 #
coedge $-1 -1 $-1 $104 $105 $33 $57 reversed $88 $-1 #
edge $106 -1 $-1 $65 -0.25 $107 0.25 $56 $108 forward @7 unknown #
coedge $-1 -1 $-1 $50 $109 $34 $59 reversed $30 $-1 #
edge $110 -1 $-1 $111 -0.25 $64 0.25 $58 $112 forward @7 unknown #
coedge $-1 -1 $-1 $53 $35 $109 $113 forward $62 $-1 #
coedge $-1 -1 $-1 $35 $53 $104 $114 reversed $62 $-1 #
loop $-1 -1 $-1 $-1 $60 $87 #
color-adesk-attrib $-1 -1 $-1 $-1 $36 256 #
vertex $-1 -1 $-1 $36 $115 #
vertex $-1 -1 $-1 $36 $116 #
straight-curve $-1 -1 $-1 0.25 0 0.5 0 1 0 I I #
color-adesk-attrib $-1 -1 $-1 $-1 $38 256 #
face $117 -1 $-1 $118 $119 $7 $-1 $120 forward single #
loop $-1 -1 $-1 $-1 $121 $38 #
plane-surface $-1 -1 $-1 0.6064447760251666653 -9.305243115372595852 -0.5 0.8755084818373015665 0.4832027506450510268 0 -0.4832027506450510268 0.8755084818373015665 0 forward_v I I I I #
coedge $-1 -1 $-1 $122 $123 $124 $125 forward $39 $-1 #
coedge $-1 -1 $-1 $126 $41 $43 $79 forward $25 $-1 #
coedge $-1 -1 $-1 $41 $126 $122 $127 reversed $25 $-1 #
coedge $-1 -1 $-1 $124 $44 $41 $75 reversed $81 $-1 #
edge $128 -1 $-1 $129 0 $83 1.822950924646152826 $41 $130 forward @7 unknown #
coedge $-1 -1 $-1 $43 $42 $131 $132 reversed $16 $-1 #
coedge $-1 -1 $-1 $133 $134 $42 $78 forward $135 $-1 #
edge $136 -1 $-1 $137 -0.75 $84 0.25 $42 $138 forward @7 unknown #
edge $139 -1 $-1 $83 0 $140 1 $72 $141 forward @7 tangent #
coedge $-1 -1 $-1 $44 $142 $133 $143 reversed $81 $-1 #
loop $-1 -1 $-1 $-1 $144 $145 #
color-adesk-attrib $-1 -1 $-1 $-1 $45 256 #
vertex $-1 -1 $-1 $75 $146 #
vertex $-1 -1 $-1 $45 $147 #
straight-curve $-1 -1 $-1 0.6064447760251666653 -10.00524311537259514 -0.5 -0.4832027506450510268 0.8755084818373015665 0 F 0 F 0.6341950156866418276 #
color-adesk-attrib $-1 -1 $-1 $-1 $47 256 #
face $148 -1 $-1 $-1 $62 $6 $-1 $149 reversed single #
loop $-1 -1 $-1 $-1 $104 $47 #
plane-surface $-1 -1 $-1 0 0.25 0 0 -1 0 0 0 -1 forward_v I I I I #
coedge $-1 -1 $-1 $150 $102 $105 $151 forward $48 $-1 #
coedge $-1 -1 $-1 $109 $50 $51 $95 reversed $30 $-1 #
coedge $-1 -1 $-1 $102 $150 $50 $93 reversed $48 $-1 #
edge $152 -1 $-1 $111 -0.5 $153 0.5 $92 $154 forward @7 unknown #
coedge $-1 -1 $-1 $52 $51 $150 $155 forward $20 $-1 #
edge $156 -1 $-1 $100 -0.25 $153 0.25 $91 $157 forward @7 unknown #
coedge $-1 -1 $-1 $105 $104 $52 $97 reversed $88 $-1 #
edge $158 -1 $-1 $159 -0.25 $99 0.25 $96 $160 forward @7 unknown #
color-adesk-attrib $-1 -1 $-1 $-1 $54 256 #
vertex $-1 -1 $-1 $54 $161 #
vertex $-1 -1 $-1 $113 $162 #
straight-curve $-1 -1 $-1 0.25 0 -0.5 0 -1 0 I I #
coedge $-1 -1 $-1 $90 $92 $55 $103 reversed $48 $-1 #
edge $163 -1 $-1 $107 -0.25 $111 0.25 $102 $164 forward @7 unknown #
coedge $-1 -1 $-1 $96 $56 $61 $114 forward $88 $-1 #
coedge $-1 -1 $-1 $56 $96 $90 $151 reversed $88 $-1 #
color-adesk-attrib $-1 -1 $-1 $-1 $57 256 #
vertex $-1 -1 $-1 $57 $165 #
straight-curve $-1 -1 $-1 0 0.25 0.5 -1 0 0 I I #
coedge $-1 -1 $-1 $58 $91 $60 $113 reversed $30 $-1 #
color-adesk-attrib $-1 -1 $-1 $-1 $59 256 #
vertex $-1 -1 $-1 $103 $166 #
straight-curve $-1 -1 $-1 0 -0.25 0.5 1 0 0 I I #
edge $167 -1 $-1 $64 -0.5 $100 0.5 $60 $168 forward @7 unknown #
edge $169 -1 $-1 $65 -0.5 $99 0.5 $61 $170 forward @7 unknown #
point $-1 -1 $-1 0.25 -0.25 0.5 #
point $-1 -1 $-1 0.25 0.25 0.5 #
color-adesk-attrib $-1 -1 $-1 $-1 $68 256 #
face $171 -1 $-1 $172 $135 $7 $-1 $173 forward single #
loop $-1 -1 $-1 $-1 $174 $68 #
cone-surface $-1 -1 $-1 0.5617938434514643253 -9.329886455655495681 -0.5 0 0 1 0.01272404100003571292 -0.04938723297198793771 0 1 I I 0 1 0.05100000000000002448 forward I I I I #
coedge $-1 -1 $-1 $175 $176 $177 $178 forward $69 $-1 #
coedge $-1 -1 $-1 $179 $71 $73 $127 forward $39 $-1 #
coedge $-1 -1 $-1 $71 $179 $180 $181 forward $39 $-1 #
coedge $-1 -1 $-1 $144 $74 $71 $125 reversed $81 $-1 #
edge $182 -1 $-1 $183 0 $129 0.2834824156876216694 $71 $184 forward @7 unknown #
coedge $-1 -1 $-1 $73 $72 $185 $186 reversed $25 $-1 #
edge $187 -1 $-1 $129 0 $188 1 $122 $189 forward @7 tangent #
color-adesk-attrib $-1 -1 $-1 $-1 $75 256 #
vertex $-1 -1 $-1 $125 $190 #
ellipse-curve $-1 -1 $-1 0.5617938434514642143 -10.02988645565549497 -0.5 0 0 1 0.01272404100003571292 -0.04938723297198793771 0 1 F 0 F 1.822950924646152826 #
coedge $-1 -1 $-1 $191 $185 $76 $132 forward $192 $-1 #
edge $193 -1 $-1 $140 0 $137 0.6341950156866418276 $76 $194 forward @7 unknown #
coedge $-1 -1 $-1 $195 $77 $80 $143 forward $135 $-1 #
coedge $-1 -1 $-1 $77 $195 $191 $196 reversed $135 $-1 #
loop $-1 -1 $-1 $-1 $133 $118 #
color-adesk-attrib $-1 -1 $-1 $-1 $78 256 #
vertex $-1 -1 $-1 $196 $197 #
straight-curve $-1 -1 $-1 0.3000000000000000444 -9.449999999999999289 -0.25 0 0 -1 I I #
color-adesk-attrib $-1 -1 $-1 $-1 $79 256 #
vertex $-1 -1 $-1 $79 $198 #
straight-curve $-1 -1 $-1 0.6064447760251666653 -10.00524311537259514 -0.5 0 0 1 I I #
coedge $-1 -1 $-1 $80 $177 $174 $199 reversed $81 $-1 #
edge $200 -1 $-1 $84 0 $201 0.2834824156876216694 $133 $202 forward @7 unknown #
coedge $-1 -1 $-1 $203 $124 $204 $205 forward $81 $-1 #
face $206 -1 $-1 $207 $81 $7 $-1 $208 reversed single #
point $-1 -1 $-1 0.6064447760251666653 -10.00524311537259514 -0.5 #
point $-1 -1 $-1 0.3000000000000000444 -9.450000000000001066 -0.5 #
color-adesk-attrib $-1 -1 $-1 $-1 $87 256 #
plane-surface $-1 -1 $-1 0.25 0 0 -1 0 0 0 -0 1 forward_v I I I I #
coedge $-1 -1 $-1 $92 $90 $94 $155 reversed $48 $-1 #
edge $209 -1 $-1 $107 -0.5 $159 0.5 $105 $210 forward @7 unknown #
color-adesk-attrib $-1 -1 $-1 $-1 $93 256 #
vertex $-1 -1 $-1 $155 $211 #
straight-curve $-1 -1 $-1 -0.25 -0.25 0 0 0 -1 I I #
edge $212 -1 $-1 $153 -0.25 $159 0.25 $150 $213 forward @7 unknown #
color-adesk-attrib $-1 -1 $-1 $-1 $95 256 #
straight-curve $-1 -1 $-1 0 -0.25 -0.5 -1 0 0 I I #
color-adesk-attrib $-1 -1 $-1 $-1 $97 256 #
vertex $-1 -1 $-1 $97 $214 #
straight-curve $-1 -1 $-1 0 0.25 -0.5 1 0 0 I I #
point $-1 -1 $-1 0.25 0.25 -0.5 #
point $-1 -1 $-1 0.25 -0.25 -0.5 #
color-adesk-attrib $-1 -1 $-1 $-1 $103 256 #
straight-curve $-1 -1 $-1 -0.25 0 0.5 0 -1 0 I I #
point $-1 -1 $-1 -0.25 0.25 0.5 #
point $-1 -1 $-1 -0.25 -0.25 0.5 #
color-adesk-attrib $-1 -1 $-1 $-1 $113 256 #
straight-curve $-1 -1 $-1 0.25 -0.25 0 0 0 -1 I I #
color-adesk-attrib $-1 -1 $-1 $-1 $114 256 #
straight-curve $-1 -1 $-1 0.25 0.25 0 0 0 -1 I I #
color-adesk-attrib $-1 -1 $-1 $-1 $118 256 #
face $215 -1 $-1 $216 $217 $7 $-1 $218 forward single #
plane-surface $-1 -1 $-1 0.3000000000000000444 -9.450000000000001066 -0.5 0.2494910000006997919 -0.9683771170978024978 0 0.9683771170978024978 0.2494910000006997919 0 forward_v I I I I #
coedge $-1 -1 $-1 $219 $220 $142 $199 forward $119 $-1 #
coedge $-1 -1 $-1 $221 $121 $222 $223 reversed $69 $-1 #
coedge $-1 -1 $-1 $121 $221 $219 $224 reversed $69 $-1 #
coedge $-1 -1 $-1 $142 $225 $121 $178 reversed $81 $-1 #
edge $226 -1 $-1 $227 0 $228 0.6341950156866418276 $121 $229 forward @7 unknown #
coedge $-1 -1 $-1 $123 $122 $230 $231 reversed $39 $-1 #
coedge $-1 -1 $-1 $232 $204 $123 $181 reversed $233 $-1 #
edge $234 -1 $-1 $235 -0.5 $183 0.5 $180 $236 forward @7 unknown #
color-adesk-attrib $-1 -1 $-1 $-1 $125 256 #
vertex $-1 -1 $-1 $181 $237 #
straight-curve $-1 -1 $-1 0.3000000000000000444 -10.15000000000000036 -0.5 0.9683771170978024978 0.2494910000006997919 0 F 0 F 0.2834824156876216694 #
coedge $-1 -1 $-1 $131 $230 $126 $186 forward $192 $-1 #
edge $238 -1 $-1 $188 0 $140 1.822950924646152826 $126 $239 forward @7 unknown #
color-adesk-attrib $-1 -1 $-1 $-1 $127 256 #
vertex $-1 -1 $-1 $127 $240 #
straight-curve $-1 -1 $-1 0.5745178844514999827 -10.07927368862748274 -0.5 0 0 1 I I #
point $-1 -1 $-1 0.5745178844514999827 -10.07927368862748274 -0.5 #
coedge $-1 -1 $-1 $241 $131 $134 $196 forward $192 $-1 #
loop $-1 -1 $-1 $-1 $191 $242 #
color-adesk-attrib $-1 -1 $-1 $-1 $132 256 #
straight-curve $-1 -1 $-1 0.6064447760251666653 -10.00524311537259514 0.5 -0.4832027506450510268 0.8755084818373015665 0 I I #
coedge $-1 -1 $-1 $134 $133 $220 $243 forward $135 $-1 #
edge $244 -1 $-1 $137 0 $245 0.2834824156876216694 $134 $246 forward @7 unknown #
point $-1 -1 $-1 0.3000000000000000444 -9.450000000000001066 0.5 #
point $-1 -1 $-1 0.6064447760251666653 -10.00524311537259514 0.5 #
edge $247 -1 $-1 $201 0 $227 1.822950924646152826 $174 $248 forward @7 unknown #
color-adesk-attrib $-1 -1 $-1 $-1 $143 256 #
vertex $-1 -1 $-1 $143 $249 #
straight-curve $-1 -1 $-1 0.3000000000000000444 -9.450000000000001066 -0.5 0.9683771170978024978 0.2494910000006997919 0 F 0 F 0.2834824156876216694 #
coedge $-1 -1 $-1 $250 $144 $251 $252 forward $81 $-1 #
coedge $-1 -1 $-1 $180 $253 $144 $205 reversed $233 $-1 #
edge $254 -1 $-1 $183 -0.2999999999999999889 $255 0.2999999999999999889 $204 $256 forward @7 unknown #
color-adesk-attrib $-1 -1 $-1 $-1 $145 256 #
face $257 -1 $-1 $258 $233 $7 $-1 $259 reversed single #
plane-surface $-1 -1 $-1 0 0 -0.5 0 0 1 1 0 0 forward_v I I I I #
color-adesk-attrib $-1 -1 $-1 $-1 $151 256 #
straight-curve $-1 -1 $-1 -0.25 0.25 0 0 0 -1 I I #
point $-1 -1 $-1 -0.25 -0.25 -0.5 #
color-adesk-attrib $-1 -1 $-1 $-1 $155 256 #
straight-curve $-1 -1 $-1 -0.25 0 -0.5 0 1 0 I I #
point $-1 -1 $-1 -0.25 0.25 -0.5 #
color-adesk-attrib $-1 -1 $-1 $-1 $172 256 #
face $260 -1 $-1 $261 $262 $7 $-1 $263 forward single #
loop $-1 -1 $-1 $-1 $264 $172 #
plane-surface $-1 -1 $-1 0.6064447760251667763 -8.605243115372596563 -0.5 0.8755084818373015665 0.4832027506450510268 0 -0.4832027506450510268 0.8755084818373015665 0 forward_v I I I I #
coedge $-1 -1 $-1 $265 $174 $176 $224 forward $119 $-1 #
coedge $-1 -1 $-1 $174 $265 $195 $243 reversed $119 $-1 #
coedge $-1 -1 $-1 $176 $175 $266 $267 reversed $69 $-1 #
coedge $-1 -1 $-1 $268 $269 $175 $223 forward $270 $-1 #
edge $271 -1 $-1 $272 -0.75 $228 0.25 $175 $273 forward @7 unknown #
edge $274 -1 $-1 $227 0 $275 1 $219 $276 forward @7 tangent #
coedge $-1 -1 $-1 $177 $277 $268 $278 reversed $81 $-1 #
color-adesk-attrib $-1 -1 $-1 $-1 $178 256 #
vertex $-1 -1 $-1 $199 $279 #
vertex $-1 -1 $-1 $178 $280 #
straight-curve $-1 -1 $-1 0.6064447760251666653 -9.305243115372595852 -0.5 -0.4832027506450510268 0.8755084818373015665 0 F 0 F 0.6341950156866418276 #
coedge $-1 -1 $-1 $185 $281 $179 $231 forward $192 $-1 #
edge $282 -1 $-1 $235 0 $188 0.2834824156876216694 $179 $283 forward @7 unknown #
coedge $-1 -1 $-1 $253 $180 $281 $284 reversed $233 $-1 #
loop $-1 -1 $-1 $-1 $253 $207 #
color-adesk-attrib $-1 -1 $-1 $-1 $181 256 #
vertex $-1 -1 $-1 $231 $285 #
straight-curve $-1 -1 $-1 0.2999999999999999889 -10.15000000000000036 0 0 0 -1 I I #
point $-1 -1 $-1 0.2999999999999999889 -10.15000000000000036 -0.5 #
color-adesk-attrib $-1 -1 $-1 $-1 $186 256 #
ellipse-curve $-1 -1 $-1 0.5617938434514642143 -10.02988645565549497 0.5 0 0 1 0.01272404100003571292 -0.04938723297198793771 0 1 I I #
point $-1 -1 $-1 0.5745178844514999827 -10.07927368862748274 0.5 #
coedge $-1 -1 $-1 $266 $191 $265 $286 forward $192 $-1 #
face $287 -1 $-1 $145 $192 $7 $-1 $288 forward single #
edge $289 -1 $-1 $201 0 $245 1 $195 $290 forward @7 tangent #
color-adesk-attrib $-1 -1 $-1 $-1 $196 256 #
vertex $-1 -1 $-1 $243 $291 #
straight-curve $-1 -1 $-1 0.3000000000000000444 -9.450000000000001066 0.5 0.9683771170978024978 0.2494910000006997919 0 I I #
color-adesk-attrib $-1 -1 $-1 $-1 $199 256 #
ellipse-curve $-1 -1 $-1 0.5617938434514643253 -9.329886455655495681 -0.5 0 0 1 0.01272404100003571292 -0.04938723297198793771 0 1 F 0 F 1.822950924646152826 #
point $-1 -1 $-1 0.5745178844514999827 -9.379273688627483452 -0.5 #
coedge $-1 -1 $-1 $292 $203 $293 $294 forward $81 $-1 #
coedge $-1 -1 $-1 $295 $296 $203 $252 reversed $297 $-1 #
edge $298 -1 $-1 $255 -10.15000000000000036 $299 10.15000000000000036 $251 $300 forward @7 unknown #
coedge $-1 -1 $-1 $204 $232 $295 $301 forward $233 $-1 #
color-adesk-attrib $-1 -1 $-1 $-1 $205 256 #
vertex $-1 -1 $-1 $252 $302 #
straight-curve $-1 -1 $-1 0 -10.15000000000000036 -0.5 -1 0 0 I I #
color-adesk-attrib $-1 -1 $-1 $-1 $207 256 #
face $303 -1 $-1 $304 $297 $7 $-1 $305 reversed single #
plane-surface $-1 -1 $-1 0 -10.15000000000000036 0 0 1 -0 -0 0 1 forward_v I I I I #
color-adesk-attrib $-1 -1 $-1 $-1 $216 256 #
face $306 -1 $-1 $307 $270 $7 $-1 $308 forward single #
loop $-1 -1 $-1 $-1 $309 $216 #
cone-surface $-1 -1 $-1 0.5617938434514643253 -8.629886455655496391 -0.5 0 0 1 0.01272404100003571292 -0.04938723297198793771 0 1 I I 0 1 0.05100000000000002448 forward I I I I #
coedge $-1 -1 $-1 $310 $311 $312 $313 forward $217 $-1 #
coedge $-1 -1 $-1 $220 $219 $241 $286 reversed $119 $-1 #
coedge $-1 -1 $-1 $314 $241 $221 $267 forward $192 $-1 #
edge $315 -1 $-1 $275 0 $272 0.6341950156866418276 $221 $316 forward @7 unknown #
coedge $-1 -1 $-1 $317 $222 $225 $278 forward $270 $-1 #
coedge $-1 -1 $-1 $222 $317 $314 $318 reversed $270 $-1 #
loop $-1 -1 $-1 $-1 $268 $261 #
color-adesk-attrib $-1 -1 $-1 $-1 $223 256 #
vertex $-1 -1 $-1 $318 $319 #
straight-curve $-1 -1 $-1 0.3000000000000000444 -8.75 -0.25 0 0 -1 I I #
color-adesk-attrib $-1 -1 $-1 $-1 $224 256 #
vertex $-1 -1 $-1 $224 $320 #
straight-curve $-1 -1 $-1 0.6064447760251666653 -9.305243115372595852 -0.5 0 0 1 I I #
coedge $-1 -1 $-1 $225 $312 $309 $321 reversed $81 $-1 #
edge $322 -1 $-1 $228 0 $323 0.2834824156876216694 $268 $324 forward @7 unknown #
point $-1 -1 $-1 0.6064447760251666653 -9.305243115372595852 -0.5 #
point $-1 -1 $-1 0.3000000000000000999 -8.750000000000001776 -0.5 #
coedge $-1 -1 $-1 $230 $325 $232 $284 forward $192 $-1 #
color-adesk-attrib $-1 -1 $-1 $-1 $231 256 #
straight-curve $-1 -1 $-1 0.3000000000000000444 -10.15000000000000036 0.5 0.9683771170978024978 0.2494910000006997919 0 I I #
edge $326 -1 $-1 $327 -0.2999999999999999889 $235 0.2999999999999999889 $232 $328 forward @7 unknown #
point $-1 -1 $-1 0.2999999999999999889 -10.15000000000000036 0.5 #
edge $329 -1 $-1 $245 0 $275 1.822950924646152826 $265 $330 forward @7 unknown #
color-adesk-attrib $-1 -1 $-1 $-1 $242 256 #
plane-surface $-1 -1 $-1 0 0 0.5 0 0 1 1 0 0 forward_v I I I I #
color-adesk-attrib $-1 -1 $-1 $-1 $243 256 #
straight-curve $-1 -1 $-1 0.5745178844514999827 -9.379273688627483452 -0.5 0 0 1 I I #
point $-1 -1 $-1 0.5745178844514999827 -9.379273688627483452 0.5 #
coedge $-1 -1 $-1 $331 $250 $332 $333 reversed $81 $-1 #
coedge $-1 -1 $-1 $334 $335 $250 $294 reversed $336 $-1 #
edge $337 -1 $-1 $299 -0.2999999999999999889 $338 0.2999999999999999889 $293 $339 forward @7 unknown #
coedge $-1 -1 $-1 $340 $251 $253 $301 reversed $297 $-1 #
coedge $-1 -1 $-1 $251 $340 $334 $341 forward $297 $-1 #
loop $-1 -1 $-1 $-1 $296 $258 #
color-adesk-attrib $-1 -1 $-1 $-1 $252 256 #
vertex $-1 -1 $-1 $294 $342 #
straight-curve $-1 -1 $-1 -0.2999999999999999889 0 -0.5 0 1 0 I I #
edge $343 -1 $-1 $327 -0.5 $255 0.5 $295 $344 forward @7 unknown #
point $-1 -1 $-1 -0.2999999999999999889 -10.15000000000000036 -0.5 #
color-adesk-attrib $-1 -1 $-1 $-1 $258 256 #
face $345 -1 $-1 $-1 $336 $7 $-1 $346 reversed single #
plane-surface $-1 -1 $-1 -0.2999999999999999889 0 0 1 0 0 0 0 -1 forward_v I I I I #
color-adesk-attrib $-1 -1 $-1 $-1 $261 256 #
face $347 -1 $-1 $348 $349 $7 $-1 $350 forward single #
plane-surface $-1 -1 $-1 0.3000000000000000999 -8.750000000000001776 -0.5 0.2494910000006997919 -0.9683771170978024978 0 0.9683771170978024978 0.2494910000006997919 0 forward_v I I I I #
coedge $-1 -1 $-1 $351 $352 $277 $321 forward $262 $-1 #
coedge $-1 -1 $-1 $353 $264 $354 $355 reversed $217 $-1 #
coedge $-1 -1 $-1 $264 $353 $351 $356 reversed $217 $-1 #
coedge $-1 -1 $-1 $277 $357 $264 $313 reversed $81 $-1 #
edge $358 -1 $-1 $359 0 $360 0.6341950156866418276 $264 $361 forward @7 unknown #
coedge $-1 -1 $-1 $362 $266 $269 $318 forward $192 $-1 #
color-adesk-attrib $-1 -1 $-1 $-1 $267 256 #
straight-curve $-1 -1 $-1 0.6064447760251666653 -9.305243115372595852 0.5 -0.4832027506450510268 0.8755084818373015665 0 I I #
coedge $-1 -1 $-1 $269 $268 $352 $363 forward $270 $-1 #
edge $364 -1 $-1 $272 0 $365 0.2834824156876216694 $269 $366 forward @7 unknown #
point $-1 -1 $-1 0.3000000000000000999 -8.750000000000001776 0.5 #
point $-1 -1 $-1 0.6064447760251666653 -9.305243115372595852 0.5 #
edge $367 -1 $-1 $323 0 $359 1.822950924646152826 $309 $368 forward @7 unknown #
color-adesk-attrib $-1 -1 $-1 $-1 $278 256 #
vertex $-1 -1 $-1 $278 $369 #
straight-curve $-1 -1 $-1 0.3000000000000000999 -8.750000000000001776 -0.5 0.9683771170978024978 0.2494910000006997919 0 F 0 F 0.2834824156876216694 #
coedge $-1 -1 $-1 $281 $370 $340 $371 forward $192 $-1 #
color-adesk-attrib $-1 -1 $-1 $-1 $284 256 #
vertex $-1 -1 $-1 $371 $372 #
straight-curve $-1 -1 $-1 0 -10.15000000000000036 0.5 1 0 0 I I #
color-adesk-attrib $-1 -1 $-1 $-1 $286 256 #
ellipse-curve $-1 -1 $-1 0.5617938434514643253 -9.329886455655495681 0.5 0 0 1 0.01272404100003571292 -0.04938723297198793771 0 1 I I #
coedge $-1 -1 $-1 $373 $292 $374 $375 reversed $81 $-1 #
coedge $-1 -1 $-1 $376 $377 $292 $333 forward $378 $-1 #
edge $379 -1 $-1 $380 0 $338 0.6341950156866418276 $332 $381 forward @7 unknown #
coedge $-1 -1 $-1 $382 $293 $296 $341 reversed $336 $-1 #
coedge $-1 -1 $-1 $293 $382 $383 $384 forward $336 $-1 #
loop $-1 -1 $-1 $-1 $335 $304 #
color-adesk-attrib $-1 -1 $-1 $-1 $294 256 #
vertex $-1 -1 $-1 $333 $385 #
straight-curve $-1 -1 $-1 0 10.15000000000000036 -0.5 1 0 0 I I #
coedge $-1 -1 $-1 $296 $295 $325 $371 reversed $297 $-1 #
edge $386 -1 $-1 $387 -0.5 $299 0.5 $334 $388 forward @7 unknown #
point $-1 -1 $-1 -0.2999999999999999889 10.15000000000000036 -0.5 #
color-adesk-attrib $-1 -1 $-1 $-1 $301 256 #
straight-curve $-1 -1 $-1 -0.2999999999999999889 -10.15000000000000036 0 0 0 -1 I I #
color-adesk-attrib $-1 -1 $-1 $-1 $304 256 #
plane-surface $-1 -1 $-1 0 10.15000000000000036 0 0 -1 0 0 0 -1 forward_v I I I I #
color-adesk-attrib $-1 -1 $-1 $-1 $307 256 #
face $389 -1 $-1 $390 $391 $7 $-1 $392 forward single #
loop $-1 -1 $-1 $-1 $393 $307 #
plane-surface $-1 -1 $-1 0.6064447760251667763 -7.905243115372593721 -0.5 0.8755084818373015665 0.4832027506450510268 0 -0.4832027506450510268 0.8755084818373015665 0 forward_v I I I I #
coedge $-1 -1 $-1 $394 $309 $311 $356 forward $262 $-1 #
coedge $-1 -1 $-1 $309 $394 $317 $363 reversed $262 $-1 #
coedge $-1 -1 $-1 $311 $310 $395 $396 reversed $217 $-1 #
coedge $-1 -1 $-1 $397 $398 $310 $355 forward $399 $-1 #
edge $400 -1 $-1 $401 -0.75 $360 0.25 $310 $402 forward @7 unknown #
edge $403 -1 $-1 $359 0 $404 1 $351 $405 forward @7 tangent #
coedge $-1 -1 $-1 $312 $406 $397 $407 reversed $81 $-1 #
color-adesk-attrib $-1 -1 $-1 $-1 $313 256 #
vertex $-1 -1 $-1 $321 $408 #
vertex $-1 -1 $-1 $313 $409 #
straight-curve $-1 -1 $-1 0.6064447760251667763 -8.605243115372596563 -0.5 -0.4832027506450510268 0.8755084818373015665 0 F 0 F 0.6341950156866418276 #
coedge $-1 -1 $-1 $395 $314 $394 $410 forward $192 $-1 #
edge $411 -1 $-1 $323 0 $365 1 $317 $412 forward @7 tangent #
color-adesk-attrib $-1 -1 $-1 $-1 $318 256 #
vertex $-1 -1 $-1 $363 $413 #
straight-curve $-1 -1 $-1 0.3000000000000000999 -8.750000000000001776 0.5 0.9683771170978024978 0.2494910000006997919 0 I I #
color-adesk-attrib $-1 -1 $-1 $-1 $321 256 #
ellipse-curve $-1 -1 $-1 0.5617938434514643253 -8.629886455655496391 -0.5 0 0 1 0.01272404100003571292 -0.04938723297198793771 0 1 F 0 F 1.822950924646152826 #
point $-1 -1 $-1 0.5745178844514999827 -8.679273688627484162 -0.5 #
coedge $-1 -1 $-1 $325 $414 $382 $415 forward $192 $-1 #
edge $416 -1 $-1 $387 -10.15000000000000036 $327 10.15000000000000036 $340 $417 forward @7 unknown #
point $-1 -1 $-1 -0.2999999999999999889 -10.15000000000000036 0.5 #
coedge $-1 -1 $-1 $418 $331 $419 $420 reversed $81 $-1 #
coedge $-1 -1 $-1 $421 $422 $331 $375 forward $423 $-1 #
edge $424 -1 $-1 $425 0 $380 1.822950924646152826 $374 $426 forward @7 unknown #
coedge $-1 -1 $-1 $427 $332 $335 $384 reversed $378 $-1 #
coedge $-1 -1 $-1 $332 $427 $421 $428 reversed $378 $-1 #
loop $-1 -1 $-1 $-1 $332 $429 #
color-adesk-attrib $-1 -1 $-1 $-1 $333 256 #
vertex $-1 -1 $-1 $375 $430 #
straight-curve $-1 -1 $-1 0.6064447760251678865 9.594756884627404503 -0.5 -0.4832027506450510268 0.8755084818373015665 0 F 0 F 0.6341950156866418276 #
coedge $-1 -1 $-1 $335 $334 $370 $415 reversed $336 $-1 #
coedge $-1 -1 $-1 $431 $432 $433 $384 reversed $434 $-1 #
edge $435 -1 $-1 $436 -0.5 $338 0.5 $335 $437 forward @7 unknown #
point $-1 -1 $-1 0.2999999999999999889 10.15000000000000036 -0.5 #
color-adesk-attrib $-1 -1 $-1 $-1 $341 256 #
vertex $-1 -1 $-1 $415 $438 #
straight-curve $-1 -1 $-1 -0.2999999999999999889 10.15000000000000036 0 0 0 -1 I I #
color-adesk-attrib $-1 -1 $-1 $-1 $348 256 #
face $439 -1 $-1 $440 $399 $7 $-1 $441 forward single #
loop $-1 -1 $-1 $-1 $442 $348 #
cone-surface $-1 -1 $-1 0.5617938434514644364 -7.929886455655493549 -0.5 0 0 1 0.01272404100003571292 -0.04938723297198793771 0 1 I I 0 1 0.05100000000000002448 forward I I I I #
coedge $-1 -1 $-1 $443 $444 $445 $446 forward $349 $-1 #
coedge $-1 -1 $-1 $352 $351 $362 $410 reversed $262 $-1 #
coedge $-1 -1 $-1 $447 $362 $353 $396 forward $192 $-1 #
edge $448 -1 $-1 $404 0 $401 0.6341950156866418276 $353 $449 forward @7 unknown #
coedge $-1 -1 $-1 $450 $354 $357 $407 forward $399 $-1 #
coedge $-1 -1 $-1 $354 $450 $447 $451 reversed $399 $-1 #
loop $-1 -1 $-1 $-1 $397 $390 #
color-adesk-attrib $-1 -1 $-1 $-1 $355 256 #
vertex $-1 -1 $-1 $451 $452 #
straight-curve $-1 -1 $-1 0.3000000000000002665 -8.050000000000000711 -0.25 0 0 -1 I I #
color-adesk-attrib $-1 -1 $-1 $-1 $356 256 #
vertex $-1 -1 $-1 $356 $453 #
straight-curve $-1 -1 $-1 0.6064447760251667763 -8.605243115372596563 -0.5 0 0 1 I I #
coedge $-1 -1 $-1 $357 $445 $442 $454 reversed $81 $-1 #
edge $455 -1 $-1 $360 0 $456 0.2834824156876216694 $397 $457 forward @7 unknown #
point $-1 -1 $-1 0.6064447760251667763 -8.605243115372596563 -0.5 #
point $-1 -1 $-1 0.3000000000000001554 -8.049999999999998934 -0.5 #
edge $458 -1 $-1 $365 0 $404 1.822950924646152826 $394 $459 forward @7 unknown #
color-adesk-attrib $-1 -1 $-1 $-1 $363 256 #
straight-curve $-1 -1 $-1 0.5745178844514999827 -8.679273688627484162 -0.5 0 0 1 I I #
point $-1 -1 $-1 0.5745178844514999827 -8.679273688627484162 0.5 #
coedge $-1 -1 $-1 $370 $460 $427 $461 forward $192 $-1 #
edge $462 -1 $-1 $436 -0.2999999999999999889 $387 0.2999999999999999889 $382 $463 forward @7 unknown #
color-adesk-attrib $-1 -1 $-1 $-1 $371 256 #
straight-curve $-1 -1 $-1 -0.2999999999999999889 0 0.5 0 -1 0 I I #
coedge $-1 -1 $-1 $464 $373 $465 $466 reversed $81 $-1 #
coedge $-1 -1 $-1 $467 $468 $373 $420 forward $469 $-1 #
edge $470 -1 $-1 $471 0 $425 0.2834824156876216694 $419 $472 forward @7 unknown #
coedge $-1 -1 $-1 $473 $374 $377 $428 forward $423 $-1 #
coedge $-1 -1 $-1 $374 $473 $467 $474 reversed $423 $-1 #
loop $-1 -1 $-1 $-1 $374 $475 #
color-adesk-attrib $-1 -1 $-1 $-1 $375 256 #
vertex $-1 -1 $-1 $420 $476 #
ellipse-curve $-1 -1 $-1 0.5617938434514654356 9.570113544344508227 -0.5 0 0 1 0.01272404100003571292 -0.04938723297198793771 0 1 F 0 F 1.822950924646152826 #
coedge $-1 -1 $-1 $377 $376 $414 $461 reversed $378 $-1 #
edge $477 -1 $-1 $380 0 $478 1 $421 $479 forward @7 tangent #
face $480 -1 $-1 $475 $378 $7 $-1 $481 forward single #
point $-1 -1 $-1 0.6064447760251678865 9.594756884627404503 -0.5 #
coedge $-1 -1 $-1 $482 $383 $483 $484 reversed $434 $-1 #
coedge $-1 -1 $-1 $383 $482 $485 $486 forward $434 $-1 #
coedge $-1 -1 $-1 $487 $488 $376 $384 forward $489 $-1 #
loop $-1 -1 $-1 $-1 $432 $490 #
color-adesk-attrib $-1 -1 $-1 $-1 $384 256 #
vertex $-1 -1 $-1 $415 $491 #
straight-curve $-1 -1 $-1 0.2999999999999999889 10.15000000000000036 0 0 0 -1 I I #
point $-1 -1 $-1 -0.2999999999999999889 10.15000000000000036 0.5 #
color-adesk-attrib $-1 -1 $-1 $-1 $390 256 #
face $492 -1 $-1 $493 $494 $7 $-1 $495 forward single #
plane-surface $-1 -1 $-1 0.3000000000000001554 -8.049999999999998934 -0.5 0.2494910000006997919 -0.9683771170978024978 0 0.9683771170978024978 0.2494910000006997919 0 forward_v I I I I #
coedge $-1 -1 $-1 $496 $497 $406 $454 forward $391 $-1 #
coedge $-1 -1 $-1 $498 $393 $499 $500 reversed $349 $-1 #
coedge $-1 -1 $-1 $393 $498 $496 $501 reversed $349 $-1 #
coedge $-1 -1 $-1 $406 $502 $393 $446 reversed $81 $-1 #
edge $503 -1 $-1 $504 0 $505 0.6341950156866418276 $393 $506 forward @7 unknown #
coedge $-1 -1 $-1 $507 $395 $398 $451 forward $192 $-1 #
color-adesk-attrib $-1 -1 $-1 $-1 $396 256 #
straight-curve $-1 -1 $-1 0.6064447760251667763 -8.605243115372596563 0.5 -0.4832027506450510268 0.8755084818373015665 0 I I #
coedge $-1 -1 $-1 $398 $397 $497 $508 forward $399 $-1 #
edge $509 -1 $-1 $401 0 $510 0.2834824156876216694 $398 $511 forward @7 unknown #
point $-1 -1 $-1 0.3000000000000001554 -8.049999999999998934 0.5 #
point $-1 -1 $-1 0.6064447760251667763 -8.605243115372596563 0.5 #
edge $512 -1 $-1 $456 0 $504 1.822950924646152826 $442 $513 forward @7 unknown #
color-adesk-attrib $-1 -1 $-1 $-1 $407 256 #
vertex $-1 -1 $-1 $407 $514 #
straight-curve $-1 -1 $-1 0.3000000000000001554 -8.049999999999998934 -0.5 0.9683771170978024978 0.2494910000006997919 0 F 0 F 0.2834824156876216694 #
color-adesk-attrib $-1 -1 $-1 $-1 $410 256 #
ellipse-curve $-1 -1 $-1 0.5617938434514643253 -8.629886455655496391 0.5 0 0 1 0.01272404100003571292 -0.04938723297198793771 0 1 I I #
coedge $-1 -1 $-1 $414 $515 $473 $516 forward $192 $-1 #
edge $517 -1 $-1 $478 0 $436 0.6341950156866418276 $427 $518 forward @7 unknown #
color-adesk-attrib $-1 -1 $-1 $-1 $415 256 #
straight-curve $-1 -1 $-1 0 10.15000000000000036 0.5 -1 0 0 I I #
coedge $-1 -1 $-1 $519 $418 $520 $521 reversed $81 $-1 #
coedge $-1 -1 $-1 $522 $523 $418 $466 forward $524 $-1 #
edge $525 -1 $-1 $526 0 $471 0.6341950156866418276 $465 $527 forward @7 unknown #
coedge $-1 -1 $-1 $528 $419 $422 $474 forward $469 $-1 #
coedge $-1 -1 $-1 $419 $528 $522 $529 forward $469 $-1 #
loop $-1 -1 $-1 $-1 $419 $530 #
color-adesk-attrib $-1 -1 $-1 $-1 $420 256 #
vertex $-1 -1 $-1 $466 $531 #
straight-curve $-1 -1 $-1 0.3000000000000012101 9.450000000000001066 -0.5 0.9683771170978024978 0.2494910000006997919 0 F 0 F 0.2834824156876216694 #
coedge $-1 -1 $-1 $422 $421 $460 $516 reversed $423 $-1 #
edge $532 -1 $-1 $425 0 $533 1 $467 $534 forward @7 tangent #
face $535 -1 $-1 $530 $423 $7 $-1 $536 forward single #
point $-1 -1 $-1 0.574517884451501093 9.520726311372520456 -0.5 #
color-adesk-attrib $-1 -1 $-1 $-1 $428 256 #
vertex $-1 -1 $-1 $428 $537 #
straight-curve $-1 -1 $-1 0.6064447760251678865 9.594756884627404503 -0.5 0 0 1 I I #
color-adesk-attrib $-1 -1 $-1 $-1 $429 256 #
plane-surface $-1 -1 $-1 0.6064447760251678865 9.594756884627404503 -0.5 0.8755084818373015665 0.4832027506450510268 0 -0.4832027506450510268 0.8755084818373015665 0 forward_v I I I I #
coedge $-1 -1 $-1 $432 $431 $538 $539 reversed $434 $-1 #
coedge $-1 -1 $-1 $540 $541 $431 $484 forward $542 $-1 #
edge $543 -1 $-1 $544 0 $436 0.6999999999999997335 $431 $545 forward @7 unknown #
coedge $-1 -1 $-1 $546 $547 $432 $486 reversed $548 $-1 #
edge $549 -1 $-1 $550 0 $338 0.6999999999999997335 $432 $551 forward @7 unknown #
coedge $-1 -1 $-1 $552 $433 $547 $553 forward $489 $-1 #
coedge $-1 -1 $-1 $433 $552 $540 $554 reversed $489 $-1 #
loop $-1 -1 $-1 $-1 $487 $555 #
face $556 -1 $-1 $557 $434 $7 $-1 $558 forward single #
point $-1 -1 $-1 0.2999999999999999889 10.15000000000000036 0.5 #
color-adesk-attrib $-1 -1 $-1 $-1 $440 256 #
face $559 -1 $-1 $560 $561 $7 $-1 $562 forward single #
loop $-1 -1 $-1 $-1 $563 $440 #
plane-surface $-1 -1 $-1 0.6064447760251667763 -7.205243115372594431 -0.5 0.8755084818373015665 0.4832027506450510268 0 -0.4832027506450510268 0.8755084818373015665 0 forward_v I I I I #
coedge $-1 -1 $-1 $564 $442 $444 $501 forward $391 $-1 #
coedge $-1 -1 $-1 $442 $564 $450 $508 reversed $391 $-1 #
coedge $-1 -1 $-1 $444 $443 $565 $566 reversed $349 $-1 #
coedge $-1 -1 $-1 $567 $568 $443 $500 forward $569 $-1 #
edge $570 -1 $-1 $571 -0.75 $505 0.25 $443 $572 forward @7 unknown #
edge $573 -1 $-1 $504 0 $574 1 $496 $575 forward @7 tangent #
coedge $-1 -1 $-1 $445 $576 $567 $577 reversed $81 $-1 #
color-adesk-attrib $-1 -1 $-1 $-1 $446 256 #
vertex $-1 -1 $-1 $454 $578 #
vertex $-1 -1 $-1 $446 $579 #
straight-curve $-1 -1 $-1 0.6064447760251667763 -7.905243115372593721 -0.5 -0.4832027506450510268 0.8755084818373015665 0 F 0 F 0.6341950156866418276 #
coedge $-1 -1 $-1 $565 $447 $564 $580 forward $192 $-1 #
edge $581 -1 $-1 $456 0 $510 1 $450 $582 forward @7 tangent #
color-adesk-attrib $-1 -1 $-1 $-1 $451 256 #
vertex $-1 -1 $-1 $508 $583 #
straight-curve $-1 -1 $-1 0.3000000000000001554 -8.049999999999998934 0.5 0.9683771170978024978 0.2494910000006997919 0 I I #
color-adesk-attrib $-1 -1 $-1 $-1 $454 256 #
ellipse-curve $-1 -1 $-1 0.5617938434514644364 -7.929886455655493549 -0.5 0 0 1 0.01272404100003571292 -0.04938723297198793771 0 1 F 0 F 1.822950924646152826 #
point $-1 -1 $-1 0.5745178844515000938 -7.97927368862748132 -0.5 #
coedge $-1 -1 $-1 $460 $584 $528 $585 forward $192 $-1 #
edge $586 -1 $-1 $533 0 $478 1.822950924646152826 $473 $587 forward @7 unknown #
color-adesk-attrib $-1 -1 $-1 $-1 $461 256 #
straight-curve $-1 -1 $-1 0.6064447760251678865 9.594756884627404503 0.5 -0.4832027506450510268 0.8755084818373015665 0 I I #
coedge $-1 -1 $-1 $588 $464 $589 $590 reversed $81 $-1 #
coedge $-1 -1 $-1 $591 $592 $464 $521 forward $593 $-1 #
edge $594 -1 $-1 $595 0 $526 1.822950924646152826 $520 $596 forward @7 unknown #
coedge $-1 -1 $-1 $597 $465 $468 $529 reversed $524 $-1 #
coedge $-1 -1 $-1 $465 $597 $591 $598 reversed $524 $-1 #
loop $-1 -1 $-1 $-1 $465 $599 #
color-adesk-attrib $-1 -1 $-1 $-1 $466 256 #
vertex $-1 -1 $-1 $521 $600 #
straight-curve $-1 -1 $-1 0.6064447760251677755 8.894756884627405213 -0.5 -0.4832027506450510268 0.8755084818373015665 0 F 0 F 0.6341950156866418276 #
coedge $-1 -1 $-1 $468 $467 $515 $585 reversed $469 $-1 #
edge $601 -1 $-1 $602 -0.75 $471 0.25 $522 $603 forward @7 unknown #
face $604 -1 $-1 $605 $469 $7 $-1 $606 forward single #
point $-1 -1 $-1 0.3000000000000012101 9.450000000000001066 -0.5 #
color-adesk-attrib $-1 -1 $-1 $-1 $474 256 #
vertex $-1 -1 $-1 $474 $607 #
straight-curve $-1 -1 $-1 0.574517884451501093 9.520726311372520456 -0.5 0 0 1 I I #
color-adesk-attrib $-1 -1 $-1 $-1 $475 256 #
cone-surface $-1 -1 $-1 0.5617938434514654356 9.570113544344508227 -0.5 0 0 1 0.01272404100003571292 -0.04938723297198793771 0 1 I I 0 1 0.05100000000000002448 forward I I I I #
point $-1 -1 $-1 0.6064447760251678865 9.594756884627404503 0.5 #
coedge $-1 -1 $-1 $608 $609 $482 $539 forward $610 $-1 #
edge $611 -1 $-1 $550 0 $544 1 $482 $612 forward @7 unknown #
coedge $-1 -1 $-1 $613 $483 $488 $554 forward $542 $-1 #
coedge $-1 -1 $-1 $483 $613 $608 $614 forward $542 $-1 #
loop $-1 -1 $-1 $-1 $483 $557 #
color-adesk-attrib $-1 -1 $-1 $-1 $484 256 #
vertex $-1 -1 $-1 $539 $615 #
straight-curve $-1 -1 $-1 0.3000000000000012657 10.84999999999999964 0.5 0 -1 0 I I #
coedge $-1 -1 $-1 $616 $485 $609 $617 reversed $548 $-1 #
coedge $-1 -1 $-1 $485 $616 $487 $553 reversed $548 $-1 #
loop $-1 -1 $-1 $-1 $485 $618 #
color-adesk-attrib $-1 -1 $-1 $-1 $486 256 #
vertex $-1 -1 $-1 $486 $619 #
straight-curve $-1 -1 $-1 0.3000000000000012657 10.84999999999999964 -0.5 0 -1 0 F 0 F 0.6999999999999997335 #
coedge $-1 -1 $-1 $488 $487 $620 $621 forward $489 $-1 #
edge $622 -1 $-1 $338 0 $623 0.2834824156876216694 $487 $624 forward @7 unknown #
edge $625 -1 $-1 $436 0 $626 0.2834824156876216694 $488 $627 forward @7 unknown #
face $628 -1 $-1 $490 $489 $7 $-1 $629 forward single #
color-adesk-attrib $-1 -1 $-1 $-1 $490 256 #
face $630 -1 $-1 $618 $542 $7 $-1 $631 forward single #
plane-surface $-1 -1 $-1 0.3000000000000012657 10.84999999999999964 -0.5 -1 0 0 0 -1 0 forward_v I I I I #
color-adesk-attrib $-1 -1 $-1 $-1 $493 256 #
face $632 -1 $-1 $633 $569 $7 $-1 $634 forward single #
loop $-1 -1 $-1 $-1 $635 $493 #
cone-surface $-1 -1 $-1 0.5617938434514644364 -7.22988645565549426 -0.5 0 0 1 0.01272404100003571292 -0.04938723297198793771 0 1 I I 0 1 0.05100000000000002448 forward I I I I #
coedge $-1 -1 $-1 $636 $637 $638 $639 forward $494 $-1 #
coedge $-1 -1 $-1 $497 $496 $507 $580 reversed $391 $-1 #
coedge $-1 -1 $-1 $640 $507 $498 $566 forward $192 $-1 #
edge $641 -1 $-1 $574 0 $571 0.6341950156866418276 $498 $642 forward @7 unknown #
coedge $-1 -1 $-1 $643 $499 $502 $577 forward $569 $-1 #
coedge $-1 -1 $-1 $499 $643 $640 $644 reversed $569 $-1 #
loop $-1 -1 $-1 $-1 $567 $560 #
color-adesk-attrib $-1 -1 $-1 $-1 $500 256 #
vertex $-1 -1 $-1 $644 $645 #
straight-curve $-1 -1 $-1 0.3000000000000000444 -7.349999999999997868 -0.25 0 0 -1 I I #
color-adesk-attrib $-1 -1 $-1 $-1 $501 256 #
vertex $-1 -1 $-1 $501 $646 #
straight-curve $-1 -1 $-1 0.6064447760251667763 -7.905243115372593721 -0.5 0 0 1 I I #
coedge $-1 -1 $-1 $502 $638 $635 $647 reversed $81 $-1 #
edge $648 -1 $-1 $505 0 $649 0.2834824156876216694 $567 $650 forward @7 unknown #
point $-1 -1 $-1 0.6064447760251667763 -7.905243115372593721 -0.5 #
point $-1 -1 $-1 0.3000000000000001554 -7.349999999999999645 -0.5 #
edge $651 -1 $-1 $510 0 $574 1.822950924646152826 $564 $652 forward @7 unknown #
color-adesk-attrib $-1 -1 $-1 $-1 $508 256 #
straight-curve $-1 -1 $-1 0.5745178844515000938 -7.97927368862748132 -0.5 0 0 1 I I #
point $-1 -1 $-1 0.5745178844515000938 -7.97927368862748132 0.5 #
coedge $-1 -1 $-1 $515 $653 $597 $654 forward $192 $-1 #
edge $655 -1 $-1 $602 0 $533 0.2834824156876216694 $528 $656 forward @7 unknown #
color-adesk-attrib $-1 -1 $-1 $-1 $516 256 #
ellipse-curve $-1 -1 $-1 0.5617938434514654356 9.570113544344508227 0.5 0 0 1 0.01272404100003571292 -0.04938723297198793771 0 1 I I #
coedge $-1 -1 $-1 $657 $519 $658 $659 reversed $81 $-1 #
coedge $-1 -1 $-1 $660 $661 $519 $590 forward $662 $-1 #
edge $663 -1 $-1 $664 0 $595 0.2834824156876216694 $589 $665 forward @7 unknown #
coedge $-1 -1 $-1 $666 $520 $523 $598 forward $593 $-1 #
coedge $-1 -1 $-1 $520 $666 $660 $667 reversed $593 $-1 #
loop $-1 -1 $-1 $-1 $520 $668 #
color-adesk-attrib $-1 -1 $-1 $-1 $521 256 #
vertex $-1 -1 $-1 $590 $669 #
ellipse-curve $-1 -1 $-1 0.5617938434514654356 8.870113544344508938 -0.5 0 0 1 0.01272404100003571292 -0.04938723297198793771 0 1 F 0 F 1.822950924646152826 #
coedge $-1 -1 $-1 $523 $522 $584 $654 reversed $524 $-1 #
edge $670 -1 $-1 $526 0 $671 1 $591 $672 forward @7 tangent #
face $673 -1 $-1 $668 $524 $7 $-1 $674 forward single #
point $-1 -1 $-1 0.6064447760251677755 8.894756884627405213 -0.5 #
color-adesk-attrib $-1 -1 $-1 $-1 $529 256 #
vertex $-1 -1 $-1 $585 $675 #
straight-curve $-1 -1 $-1 0.3000000000000002665 9.450000000000001066 -0.25 0 0 -1 I I #
color-adesk-attrib $-1 -1 $-1 $-1 $530 256 #
face $676 -1 $-1 $677 $610 $7 $-1 $678 forward single #
plane-surface $-1 -1 $-1 0.3000000000000012101 9.450000000000001066 -0.5 0.2494910000006997919 -0.9683771170978024978 0 0.9683771170978024978 0.2494910000006997919 0 forward_v I I I I #
point $-1 -1 $-1 0.574517884451501093 9.520726311372520456 0.5 #
coedge $-1 -1 $-1 $679 $538 $541 $614 reversed $610 $-1 #
coedge $-1 -1 $-1 $538 $679 $546 $617 forward $610 $-1 #
loop $-1 -1 $-1 $-1 $609 $605 #
color-adesk-attrib $-1 -1 $-1 $-1 $539 256 #
straight-curve $-1 -1 $-1 0.3000000000000012657 10.84999999999999964 -0.5 0 0 1 I I #
coedge $-1 -1 $-1 $541 $540 $680 $681 forward $542 $-1 #
edge $682 -1 $-1 $683 0 $544 0.6341950156866418276 $608 $684 forward @7 unknown #
point $-1 -1 $-1 0.3000000000000012657 10.84999999999999964 0.5 #
coedge $-1 -1 $-1 $547 $546 $685 $686 reversed $548 $-1 #
edge $687 -1 $-1 $688 0 $550 0.6341950156866418276 $609 $689 forward @7 unknown #
face $690 -1 $-1 $242 $548 $7 $-1 $691 reversed single #
point $-1 -1 $-1 0.3000000000000012657 10.84999999999999964 -0.5 #
coedge $-1 -1 $-1 $685 $680 $552 $621 reversed $692 $-1 #
edge $693 -1 $-1 $623 0 $626 1 $552 $694 forward @7 tangent #
color-adesk-attrib $-1 -1 $-1 $-1 $553 256 #
vertex $-1 -1 $-1 $553 $695 #
straight-curve $-1 -1 $-1 0.3000000000000012657 10.15000000000000036 -0.5 0.9683771170978024978 0.2494910000006997919 0 F 0 F 0.2834824156876216694 #
color-adesk-attrib $-1 -1 $-1 $-1 $554 256 #
vertex $-1 -1 $-1 $621 $696 #
straight-curve $-1 -1 $-1 0.3000000000000012657 10.15000000000000036 0.5 0.9683771170978024978 0.2494910000006997919 0 I I #
color-adesk-attrib $-1 -1 $-1 $-1 $555 256 #
plane-surface $-1 -1 $-1 0.3000000000000012657 10.15000000000000036 -0.5 0.2494910000006997919 -0.9683771170978024978 0 0.9683771170978024978 0.2494910000006997919 0 forward_v I I I I #
color-adesk-attrib $-1 -1 $-1 $-1 $557 256 #
plane-surface $-1 -1 $-1 0.3931426304738043775 10.46412085323673757 0.5 0 0 1 1 0 0 forward_v I I I I #
color-adesk-attrib $-1 -1 $-1 $-1 $560 256 #
face $697 -1 $-1 $698 $699 $7 $-1 $700 forward single #
plane-surface $-1 -1 $-1 0.3000000000000001554 -7.349999999999999645 -0.5 0.2494910000006997919 -0.9683771170978024978 0 0.9683771170978024978 0.2494910000006997919 0 forward_v I I I I #
coedge $-1 -1 $-1 $701 $702 $576 $647 forward $561 $-1 #
coedge $-1 -1 $-1 $703 $563 $704 $705 reversed $494 $-1 #
coedge $-1 -1 $-1 $563 $703 $701 $706 reversed $494 $-1 #
coedge $-1 -1 $-1 $576 $707 $563 $639 reversed $81 $-1 #
edge $708 -1 $-1 $709 0 $710 0.6341950156866418276 $563 $711 forward @7 unknown #
coedge $-1 -1 $-1 $712 $565 $568 $644 forward $192 $-1 #
color-adesk-attrib $-1 -1 $-1 $-1 $566 256 #
straight-curve $-1 -1 $-1 0.6064447760251667763 -7.905243115372593721 0.5 -0.4832027506450510268 0.8755084818373015665 0 I I #
coedge $-1 -1 $-1 $568 $567 $702 $713 forward $569 $-1 #
edge $714 -1 $-1 $571 0 $715 0.2834824156876216694 $568 $716 forward @7 unknown #
point $-1 -1 $-1 0.3000000000000001554 -7.349999999999999645 0.5 #
point $-1 -1 $-1 0.6064447760251667763 -7.905243115372593721 0.5 #
edge $717 -1 $-1 $649 0 $709 1.822950924646152826 $635 $718 forward @7 unknown #
color-adesk-attrib $-1 -1 $-1 $-1 $577 256 #
vertex $-1 -1 $-1 $577 $719 #
straight-curve $-1 -1 $-1 0.3000000000000001554 -7.349999999999999645 -0.5 0.9683771170978024978 0.2494910000006997919 0 F 0 F 0.2834824156876216694 #
color-adesk-attrib $-1 -1 $-1 $-1 $580 256 #
ellipse-curve $-1 -1 $-1 0.5617938434514644364 -7.929886455655493549 0.5 0 0 1 0.01272404100003571292 -0.04938723297198793771 0 1 I I #
coedge $-1 -1 $-1 $584 $720 $666 $721 forward $192 $-1 #
edge $722 -1 $-1 $671 0 $602 0.6341950156866418276 $597 $723 forward @7 unknown #
color-adesk-attrib $-1 -1 $-1 $-1 $585 256 #
straight-curve $-1 -1 $-1 0.3000000000000012101 9.450000000000001066 0.5 0.9683771170978024978 0.2494910000006997919 0 I I #
coedge $-1 -1 $-1 $724 $588 $725 $726 reversed $81 $-1 #
coedge $-1 -1 $-1 $727 $728 $588 $659 forward $729 $-1 #
edge $730 -1 $-1 $731 0 $664 0.6341950156866418276 $658 $732 forward @7 unknown #
coedge $-1 -1 $-1 $733 $589 $592 $667 forward $662 $-1 #
coedge $-1 -1 $-1 $589 $733 $727 $734 forward $662 $-1 #
loop $-1 -1 $-1 $-1 $589 $735 #
color-adesk-attrib $-1 -1 $-1 $-1 $590 256 #
vertex $-1 -1 $-1 $659 $736 #
straight-curve $-1 -1 $-1 0.3000000000000011546 8.750000000000001776 -0.5 0.9683771170978024978 0.2494910000006997919 0 F 0 F 0.2834824156876216694 #
coedge $-1 -1 $-1 $592 $591 $653 $721 reversed $593 $-1 #
edge $737 -1 $-1 $595 0 $738 1 $660 $739 forward @7 tangent #
face $740 -1 $-1 $735 $593 $7 $-1 $741 forward single #
point $-1 -1 $-1 0.574517884451501093 8.820726311372521167 -0.5 #
color-adesk-attrib $-1 -1 $-1 $-1 $598 256 #
vertex $-1 -1 $-1 $598 $742 #
straight-curve $-1 -1 $-1 0.6064447760251677755 8.894756884627405213 -0.5 0 0 1 I I #
color-adesk-attrib $-1 -1 $-1 $-1 $599 256 #
plane-surface $-1 -1 $-1 0.6064447760251677755 8.894756884627405213 -0.5 0.8755084818373015665 0.4832027506450510268 0 -0.4832027506450510268 0.8755084818373015665 0 forward_v I I I I #
point $-1 -1 $-1 0.3000000000000012101 9.450000000000001066 0.5 #
color-adesk-attrib $-1 -1 $-1 $-1 $605 256 #
face $743 -1 $-1 $555 $692 $7 $-1 $744 forward single #
plane-surface $-1 -1 $-1 0.6064447760251678865 10.29475688462740557 -0.5 0.8755084818373015665 0.4832027506450510268 0 -0.4832027506450510268 0.8755084818373015665 0 forward_v I I I I #
coedge $-1 -1 $-1 $609 $608 $745 $746 reversed $610 $-1 #
coedge $-1 -1 $-1 $620 $745 $613 $681 reversed $692 $-1 #
edge $747 -1 $-1 $626 0 $683 1.822950924646152826 $680 $748 forward @7 unknown #
color-adesk-attrib $-1 -1 $-1 $-1 $614 256 #
vertex $-1 -1 $-1 $746 $749 #
straight-curve $-1 -1 $-1 0.6064447760251678865 10.29475688462740557 0.5 -0.4832027506450510268 0.8755084818373015665 0 I I #
coedge $-1 -1 $-1 $745 $620 $616 $686 forward $692 $-1 #
edge $750 -1 $-1 $623 0 $688 1.822950924646152826 $685 $751 forward @7 unknown #
color-adesk-attrib $-1 -1 $-1 $-1 $617 256 #
vertex $-1 -1 $-1 $686 $752 #
straight-curve $-1 -1 $-1 0.6064447760251678865 10.29475688462740557 -0.5 -0.4832027506450510268 0.8755084818373015665 0 F 0 F 0.6341950156866418276 #
color-adesk-attrib $-1 -1 $-1 $-1 $618 256 #
plane-surface $-1 -1 $-1 0.3931426304738043775 10.46412085323673757 -0.5 0 0 1 1 0 0 forward_v I I I I #
loop $-1 -1 $-1 $-1 $685 $677 #
color-adesk-attrib $-1 -1 $-1 $-1 $621 256 #
straight-curve $-1 -1 $-1 0.574517884451501204 10.22072631137251975 -0.5 0 0 1 I I #
point $-1 -1 $-1 0.574517884451501204 10.22072631137251975 -0.5 #
point $-1 -1 $-1 0.574517884451501204 10.22072631137251975 0.5 #
color-adesk-attrib $-1 -1 $-1 $-1 $633 256 #
face $753 -1 $-1 $754 $755 $7 $-1 $756 forward single #
loop $-1 -1 $-1 $-1 $757 $633 #
plane-surface $-1 -1 $-1 0.6064447760251668873 -6.505243115372595142 -0.5 0.8755084818373015665 0.4832027506450510268 0 -0.4832027506450510268 0.8755084818373015665 0 forward_v I I I I #
coedge $-1 -1 $-1 $758 $635 $637 $706 forward $561 $-1 #
coedge $-1 -1 $-1 $635 $758 $643 $713 reversed $561 $-1 #
coedge $-1 -1 $-1 $637 $636 $759 $760 reversed $494 $-1 #
coedge $-1 -1 $-1 $761 $762 $636 $705 forward $763 $-1 #
edge $764 -1 $-1 $765 -0.75 $710 0.25 $636 $766 forward @7 unknown #
edge $767 -1 $-1 $709 0 $768 1 $701 $769 forward @7 tangent #
coedge $-1 -1 $-1 $638 $770 $761 $771 reversed $81 $-1 #
color-adesk-attrib $-1 -1 $-1 $-1 $639 256 #
vertex $-1 -1 $-1 $647 $772 #
vertex $-1 -1 $-1 $639 $773 #
straight-curve $-1 -1 $-1 0.6064447760251667763 -7.205243115372594431 -0.5 -0.4832027506450510268 0.8755084818373015665 0 F 0 F 0.6341950156866418276 #
coedge $-1 -1 $-1 $759 $640 $758 $774 forward $192 $-1 #
edge $775 -1 $-1 $649 0 $715 1 $643 $776 forward @7 tangent #
color-adesk-attrib $-1 -1 $-1 $-1 $644 256 #
vertex $-1 -1 $-1 $713 $777 #
straight-curve $-1 -1 $-1 0.3000000000000001554 -7.349999999999999645 0.5 0.9683771170978024978 0.2494910000006997919 0 I I #
color-adesk-attrib $-1 -1 $-1 $-1 $647 256 #
ellipse-curve $-1 -1 $-1 0.5617938434514644364 -7.22988645565549426 -0.5 0 0 1 0.01272404100003571292 -0.04938723297198793771 0 1 F 0 F 1.822950924646152826 #
point $-1 -1 $-1 0.5745178844515000938 -7.279273688627482031 -0.5 #
coedge $-1 -1 $-1 $653 $778 $733 $779 forward $192 $-1 #
edge $780 -1 $-1 $738 0 $671 1.822950924646152826 $666 $781 forward @7 unknown #
color-adesk-attrib $-1 -1 $-1 $-1 $654 256 #
straight-curve $-1 -1 $-1 0.6064447760251677755 8.894756884627405213 0.5 -0.4832027506450510268 0.8755084818373015665 0 I I #
coedge $-1 -1 $-1 $782 $657 $783 $784 reversed $81 $-1 #
coedge $-1 -1 $-1 $785 $786 $657 $726 forward $787 $-1 #
edge $788 -1 $-1 $789 0 $731 1.822950924646152826 $725 $790 forward @7 unknown #
coedge $-1 -1 $-1 $791 $658 $661 $734 reversed $729 $-1 #
coedge $-1 -1 $-1 $658 $791 $785 $792 reversed $729 $-1 #
loop $-1 -1 $-1 $-1 $658 $793 #
color-adesk-attrib $-1 -1 $-1 $-1 $659 256 #
vertex $-1 -1 $-1 $726 $794 #
straight-curve $-1 -1 $-1 0.6064447760251677755 8.194756884627405924 -0.5 -0.4832027506450510268 0.8755084818373015665 0 F 0 F 0.6341950156866418276 #
coedge $-1 -1 $-1 $661 $660 $720 $779 reversed $662 $-1 #
edge $795 -1 $-1 $796 -0.75 $664 0.25 $727 $797 forward @7 unknown #
face $798 -1 $-1 $429 $662 $7 $-1 $799 forward single #
point $-1 -1 $-1 0.3000000000000011546 8.750000000000001776 -0.5 #
color-adesk-attrib $-1 -1 $-1 $-1 $667 256 #
vertex $-1 -1 $-1 $667 $800 #
straight-curve $-1 -1 $-1 0.574517884451501093 8.820726311372521167 -0.5 0 0 1 I I #
color-adesk-attrib $-1 -1 $-1 $-1 $668 256 #
cone-surface $-1 -1 $-1 0.5617938434514654356 8.870113544344508938 -0.5 0 0 1 0.01272404100003571292 -0.04938723297198793771 0 1 I I 0 1 0.05100000000000002448 forward I I I I #
point $-1 -1 $-1 0.6064447760251677755 8.894756884627405213 0.5 #
color-adesk-attrib $-1 -1 $-1 $-1 $677 256 #
cone-surface $-1 -1 $-1 0.5617938434514655466 10.27011354434450752 -0.5 0 0 1 0.01272404100003571292 -0.04938723297198793771 0 1 I I 0 1 0.05100000000000002448 forward I I I I #
coedge $-1 -1 $-1 $680 $685 $679 $746 forward $692 $-1 #
edge $801 -1 $-1 $688 0 $683 1 $745 $802 forward @7 tangent #
color-adesk-attrib $-1 -1 $-1 $-1 $681 256 #
ellipse-curve $-1 -1 $-1 0.5617938434514655466 10.27011354434450752 0.5 0 0 1 0.01272404100003571292 -0.04938723297198793771 0 1 I I #
point $-1 -1 $-1 0.6064447760251678865 10.29475688462740379 0.5 #
color-adesk-attrib $-1 -1 $-1 $-1 $686 256 #
ellipse-curve $-1 -1 $-1 0.5617938434514655466 10.27011354434450752 -0.5 0 0 1 0.01272404100003571292 -0.04938723297198793771 0 1 F 0 F 1.822950924646152826 #
point $-1 -1 $-1 0.6064447760251678865 10.29475688462740557 -0.5 #
color-adesk-attrib $-1 -1 $-1 $-1 $698 256 #
face $803 -1 $-1 $804 $763 $7 $-1 $805 forward single #
loop $-1 -1 $-1 $-1 $806 $698 #
cone-surface $-1 -1 $-1 0.5617938434514644364 -6.52988645565549497 -0.5 0 0 1 0.01272404100003571292 -0.04938723297198793771 0 1 I I 0 1 0.05100000000000002448 forward I I I I #
coedge $-1 -1 $-1 $807 $808 $809 $810 forward $699 $-1 #
coedge $-1 -1 $-1 $702 $701 $712 $774 reversed $561 $-1 #
coedge $-1 -1 $-1 $811 $712 $703 $760 forward $192 $-1 #
edge $812 -1 $-1 $768 0 $765 0.6341950156866418276 $703 $813 forward @7 unknown #
coedge $-1 -1 $-1 $814 $704 $707 $771 forward $763 $-1 #
coedge $-1 -1 $-1 $704 $814 $811 $815 reversed $763 $-1 #
loop $-1 -1 $-1 $-1 $761 $754 #
color-adesk-attrib $-1 -1 $-1 $-1 $705 256 #
vertex $-1 -1 $-1 $815 $816 #
straight-curve $-1 -1 $-1 0.3000000000000000444 -6.649999999999998579 -0.25 0 0 -1 I I #
color-adesk-attrib $-1 -1 $-1 $-1 $706 256 #
vertex $-1 -1 $-1 $706 $817 #
straight-curve $-1 -1 $-1 0.6064447760251667763 -7.205243115372594431 -0.5 0 0 1 I I #
coedge $-1 -1 $-1 $707 $809 $806 $818 reversed $81 $-1 #
edge $819 -1 $-1 $710 0 $820 0.2834824156876216694 $761 $821 forward @7 unknown #
point $-1 -1 $-1 0.6064447760251667763 -7.205243115372594431 -0.5 #
point $-1 -1 $-1 0.3000000000000002665 -6.650000000000000355 -0.5 #
edge $822 -1 $-1 $715 0 $768 1.822950924646152826 $758 $823 forward @7 unknown #
color-adesk-attrib $-1 -1 $-1 $-1 $713 256 #
straight-curve $-1 -1 $-1 0.5745178844515000938 -7.279273688627482031 -0.5 0 0 1 I I #
point $-1 -1 $-1 0.5745178844515000938 -7.279273688627482031 0.5 #
coedge $-1 -1 $-1 $720 $824 $791 $825 forward $192 $-1 #
edge $826 -1 $-1 $796 0 $738 0.2834824156876216694 $733 $827 forward @7 unknown #
color-adesk-attrib $-1 -1 $-1 $-1 $721 256 #
ellipse-curve $-1 -1 $-1 0.5617938434514654356 8.870113544344508938 0.5 0 0 1 0.01272404100003571292 -0.04938723297198793771 0 1 I I #
coedge $-1 -1 $-1 $828 $724 $829 $830 reversed $81 $-1 #
coedge $-1 -1 $-1 $831 $832 $724 $784 forward $833 $-1 #
edge $834 -1 $-1 $835 0 $789 0.2834824156876216694 $783 $836 forward @7 unknown #
coedge $-1 -1 $-1 $837 $725 $728 $792 forward $787 $-1 #
coedge $-1 -1 $-1 $725 $837 $831 $838 reversed $787 $-1 #
loop $-1 -1 $-1 $-1 $725 $839 #
color-adesk-attrib $-1 -1 $-1 $-1 $726 256 #
vertex $-1 -1 $-1 $784 $840 #
ellipse-curve $-1 -1 $-1 0.5617938434514653245 8.170113544344509648 -0.5 0 0 1 0.01272404100003571292 -0.04938723297198793771 0 1 F 0 F 1.822950924646152826 #
coedge $-1 -1 $-1 $728 $727 $778 $825 reversed $729 $-1 #
edge $841 -1 $-1 $731 0 $842 1 $785 $843 forward @7 tangent #
face $844 -1 $-1 $839 $729 $7 $-1 $845 forward single #
point $-1 -1 $-1 0.6064447760251677755 8.194756884627405924 -0.5 #
color-adesk-attrib $-1 -1 $-1 $-1 $734 256 #
vertex $-1 -1 $-1 $779 $846 #
straight-curve $-1 -1 $-1 0.2999999999999998224 8.750000000000003553 -0.25 0 0 -1 I I #
color-adesk-attrib $-1 -1 $-1 $-1 $735 256 #
plane-surface $-1 -1 $-1 0.3000000000000011546 8.750000000000001776 -0.5 0.2494910000006997919 -0.9683771170978024978 0 0.9683771170978024978 0.2494910000006997919 0 forward_v I I I I #
point $-1 -1 $-1 0.574517884451501093 8.820726311372521167 0.5 #
color-adesk-attrib $-1 -1 $-1 $-1 $746 256 #
straight-curve $-1 -1 $-1 0.6064447760251678865 10.29475688462740557 -0.5 0 0 1 I I #
color-adesk-attrib $-1 -1 $-1 $-1 $754 256 #
face $847 -1 $-1 $848 $849 $7 $-1 $850 forward single #
plane-surface $-1 -1 $-1 0.3000000000000002665 -6.650000000000000355 -0.5 0.2494910000006997919 -0.9683771170978024978 0 0.9683771170978024978 0.2494910000006997919 0 forward_v I I I I #
coedge $-1 -1 $-1 $851 $852 $770 $818 forward $755 $-1 #
coedge $-1 -1 $-1 $853 $757 $854 $855 reversed $699 $-1 #
coedge $-1 -1 $-1 $757 $853 $851 $856 reversed $699 $-1 #
coedge $-1 -1 $-1 $770 $857 $757 $810 reversed $81 $-1 #
edge $858 -1 $-1 $859 0 $860 0.6341950156866418276 $757 $861 forward @7 unknown #
coedge $-1 -1 $-1 $862 $759 $762 $815 forward $192 $-1 #
color-adesk-attrib $-1 -1 $-1 $-1 $760 256 #
straight-curve $-1 -1 $-1 0.6064447760251667763 -7.205243115372594431 0.5 -0.4832027506450510268 0.8755084818373015665 0 I I #
coedge $-1 -1 $-1 $762 $761 $852 $863 forward $763 $-1 #
edge $864 -1 $-1 $765 0 $865 0.2834824156876216694 $762 $866 forward @7 unknown #
point $-1 -1 $-1 0.3000000000000002665 -6.650000000000000355 0.5 #
point $-1 -1 $-1 0.6064447760251667763 -7.205243115372594431 0.5 #
edge $867 -1 $-1 $820 0 $859 1.822950924646152826 $806 $868 forward @7 unknown #
color-adesk-attrib $-1 -1 $-1 $-1 $771 256 #
vertex $-1 -1 $-1 $771 $869 #
straight-curve $-1 -1 $-1 0.3000000000000002665 -6.650000000000000355 -0.5 0.9683771170978024978 0.2494910000006997919 0 F 0 F 0.2834824156876216694 #
color-adesk-attrib $-1 -1 $-1 $-1 $774 256 #
ellipse-curve $-1 -1 $-1 0.5617938434514644364 -7.22988645565549426 0.5 0 0 1 0.01272404100003571292 -0.04938723297198793771 0 1 I I #
coedge $-1 -1 $-1 $778 $870 $837 $871 forward $192 $-1 #
edge $872 -1 $-1 $842 0 $796 0.6341950156866418276 $791 $873 forward @7 unknown #
color-adesk-attrib $-1 -1 $-1 $-1 $779 256 #
straight-curve $-1 -1 $-1 0.3000000000000011546 8.750000000000001776 0.5 0.9683771170978024978 0.2494910000006997919 0 I I #
coedge $-1 -1 $-1 $874 $782 $875 $876 reversed $81 $-1 #
coedge $-1 -1 $-1 $877 $878 $782 $830 forward $879 $-1 #
edge $880 -1 $-1 $881 0 $835 0.6341950156866418276 $829 $882 forward @7 unknown #
coedge $-1 -1 $-1 $883 $783 $786 $838 forward $833 $-1 #
coedge $-1 -1 $-1 $783 $883 $877 $884 forward $833 $-1 #
loop $-1 -1 $-1 $-1 $783 $885 #
color-adesk-attrib $-1 -1 $-1 $-1 $784 256 #
vertex $-1 -1 $-1 $830 $886 #
straight-curve $-1 -1 $-1 0.3000000000000011546 8.050000000000002487 -0.5 0.9683771170978024978 0.2494910000006997919 0 F 0 F 0.2834824156876216694 #
coedge $-1 -1 $-1 $786 $785 $824 $871 reversed $787 $-1 #
edge $887 -1 $-1 $789 0 $888 1 $831 $889 forward @7 tangent #
face $890 -1 $-1 $885 $787 $7 $-1 $891 forward single #
point $-1 -1 $-1 0.574517884451501093 8.120726311372521877 -0.5 #
color-adesk-attrib $-1 -1 $-1 $-1 $792 256 #
vertex $-1 -1 $-1 $792 $892 #
straight-curve $-1 -1 $-1 0.6064447760251677755 8.194756884627405924 -0.5 0 0 1 I I #
color-adesk-attrib $-1 -1 $-1 $-1 $793 256 #
plane-surface $-1 -1 $-1 0.6064447760251677755 8.194756884627405924 -0.5 0.8755084818373015665 0.4832027506450510268 0 -0.4832027506450510268 0.8755084818373015665 0 forward_v I I I I #
point $-1 -1 $-1 0.3000000000000011546 8.750000000000001776 0.5 #
color-adesk-attrib $-1 -1 $-1 $-1 $804 256 #
face $893 -1 $-1 $894 $895 $7 $-1 $896 forward single #
loop $-1 -1 $-1 $-1 $897 $804 #
plane-surface $-1 -1 $-1 0.6064447760251668873 -5.805243115372595852 -0.5 0.8755084818373015665 0.4832027506450510268 0 -0.4832027506450510268 0.8755084818373015665 0 forward_v I I I I #
coedge $-1 -1 $-1 $898 $806 $808 $856 forward $755 $-1 #
coedge $-1 -1 $-1 $806 $898 $814 $863 reversed $755 $-1 #
coedge $-1 -1 $-1 $808 $807 $899 $900 reversed $699 $-1 #
coedge $-1 -1 $-1 $901 $902 $807 $855 forward $903 $-1 #
edge $904 -1 $-1 $905 -0.75 $860 0.25 $807 $906 forward @7 unknown #
edge $907 -1 $-1 $859 0 $908 1 $851 $909 forward @7 tangent #
coedge $-1 -1 $-1 $809 $910 $901 $911 reversed $81 $-1 #
color-adesk-attrib $-1 -1 $-1 $-1 $810 256 #
vertex $-1 -1 $-1 $818 $912 #
vertex $-1 -1 $-1 $810 $913 #
straight-curve $-1 -1 $-1 0.6064447760251668873 -6.505243115372595142 -0.5 -0.4832027506450510268 0.8755084818373015665 0 F 0 F 0.6341950156866418276 #
coedge $-1 -1 $-1 $899 $811 $898 $914 forward $192 $-1 #
edge $915 -1 $-1 $820 0 $865 1 $814 $916 forward @7 tangent #
color-adesk-attrib $-1 -1 $-1 $-1 $815 256 #
vertex $-1 -1 $-1 $863 $917 #
straight-curve $-1 -1 $-1 0.3000000000000002665 -6.650000000000000355 0.5 0.9683771170978024978 0.2494910000006997919 0 I I #
color-adesk-attrib $-1 -1 $-1 $-1 $818 256 #
ellipse-curve $-1 -1 $-1 0.5617938434514644364 -6.52988645565549497 -0.5 0 0 1 0.01272404100003571292 -0.04938723297198793771 0 1 F 0 F 1.822950924646152826 #
point $-1 -1 $-1 0.5745178844515002048 -6.579273688627482741 -0.5 #
coedge $-1 -1 $-1 $824 $918 $883 $919 forward $192 $-1 #
edge $920 -1 $-1 $888 0 $842 1.822950924646152826 $837 $921 forward @7 unknown #
color-adesk-attrib $-1 -1 $-1 $-1 $825 256 #
straight-curve $-1 -1 $-1 0.6064447760251677755 8.194756884627405924 0.5 -0.4832027506450510268 0.8755084818373015665 0 I I #
coedge $-1 -1 $-1 $922 $828 $923 $924 reversed $81 $-1 #
coedge $-1 -1 $-1 $925 $926 $828 $876 forward $927 $-1 #
edge $928 -1 $-1 $929 0 $881 1.822950924646152826 $875 $930 forward @7 unknown #
coedge $-1 -1 $-1 $931 $829 $832 $884 reversed $879 $-1 #
coedge $-1 -1 $-1 $829 $931 $925 $932 reversed $879 $-1 #
loop $-1 -1 $-1 $-1 $829 $933 #
color-adesk-attrib $-1 -1 $-1 $-1 $830 256 #
vertex $-1 -1 $-1 $876 $934 #
straight-curve $-1 -1 $-1 0.6064447760251676645 7.49475688462740397 -0.5 -0.4832027506450510268 0.8755084818373015665 0 F 0 F 0.6341950156866418276 #
coedge $-1 -1 $-1 $832 $831 $870 $919 reversed $833 $-1 #
edge $935 -1 $-1 $936 -0.75 $835 0.25 $877 $937 forward @7 unknown #
face $938 -1 $-1 $599 $833 $7 $-1 $939 forward single #
point $-1 -1 $-1 0.3000000000000011546 8.050000000000002487 -0.5 #
color-adesk-attrib $-1 -1 $-1 $-1 $838 256 #
vertex $-1 -1 $-1 $838 $940 #
straight-curve $-1 -1 $-1 0.574517884451501093 8.120726311372521877 -0.5 0 0 1 I I #
color-adesk-attrib $-1 -1 $-1 $-1 $839 256 #
cone-surface $-1 -1 $-1 0.5617938434514653245 8.170113544344509648 -0.5 0 0 1 0.01272404100003571292 -0.04938723297198793771 0 1 I I 0 1 0.05100000000000002448 forward I I I I #
point $-1 -1 $-1 0.6064447760251677755 8.194756884627405924 0.5 #
color-adesk-attrib $-1 -1 $-1 $-1 $848 256 #
face $941 -1 $-1 $942 $903 $7 $-1 $943 forward single #
loop $-1 -1 $-1 $-1 $944 $848 #
cone-surface $-1 -1 $-1 0.5617938434514644364 -5.829886455655493904 -0.5 0 0 1 0.01272404100003571292 -0.04938723297198793771 0 1 I I 0 1 0.05100000000000002448 forward I I I I #
coedge $-1 -1 $-1 $945 $946 $947 $948 forward $849 $-1 #
coedge $-1 -1 $-1 $852 $851 $862 $914 reversed $755 $-1 #
coedge $-1 -1 $-1 $949 $862 $853 $900 forward $192 $-1 #
edge $950 -1 $-1 $908 0 $905 0.6341950156866418276 $853 $951 forward @7 unknown #
coedge $-1 -1 $-1 $952 $854 $857 $911 forward $903 $-1 #
coedge $-1 -1 $-1 $854 $952 $949 $953 reversed $903 $-1 #
loop $-1 -1 $-1 $-1 $901 $894 #
color-adesk-attrib $-1 -1 $-1 $-1 $855 256 #
vertex $-1 -1 $-1 $953 $954 #
straight-curve $-1 -1 $-1 0.3000000000000000444 -5.949999999999999289 -0.25 0 0 -1 I I #
color-adesk-attrib $-1 -1 $-1 $-1 $856 256 #
vertex $-1 -1 $-1 $856 $955 #
straight-curve $-1 -1 $-1 0.6064447760251668873 -6.505243115372595142 -0.5 0 0 1 I I #
coedge $-1 -1 $-1 $857 $947 $944 $956 reversed $81 $-1 #
edge $957 -1 $-1 $860 0 $958 0.2834824156876216694 $901 $959 forward @7 unknown #
point $-1 -1 $-1 0.6064447760251668873 -6.505243115372595142 -0.5 #
point $-1 -1 $-1 0.3000000000000002665 -5.950000000000001066 -0.5 #
edge $960 -1 $-1 $865 0 $908 1.822950924646152826 $898 $961 forward @7 unknown #
color-adesk-attrib $-1 -1 $-1 $-1 $863 256 #
straight-curve $-1 -1 $-1 0.5745178844515002048 -6.579273688627482741 -0.5 0 0 1 I I #
point $-1 -1 $-1 0.5745178844515002048 -6.579273688627482741 0.5 #
coedge $-1 -1 $-1 $870 $962 $931 $963 forward $192 $-1 #
edge $964 -1 $-1 $936 0 $888 0.2834824156876216694 $883 $965 forward @7 unknown #
color-adesk-attrib $-1 -1 $-1 $-1 $871 256 #
ellipse-curve $-1 -1 $-1 0.5617938434514653245 8.170113544344509648 0.5 0 0 1 0.01272404100003571292 -0.04938723297198793771 0 1 I I #
coedge $-1 -1 $-1 $966 $874 $967 $968 reversed $81 $-1 #
coedge $-1 -1 $-1 $969 $970 $874 $924 forward $971 $-1 #
edge $972 -1 $-1 $973 0 $929 0.2834824156876216694 $923 $974 forward @7 unknown #
coedge $-1 -1 $-1 $975 $875 $878 $932 forward $927 $-1 #
coedge $-1 -1 $-1 $875 $975 $969 $976 reversed $927 $-1 #
loop $-1 -1 $-1 $-1 $875 $977 #
color-adesk-attrib $-1 -1 $-1 $-1 $876 256 #
vertex $-1 -1 $-1 $924 $978 #
ellipse-curve $-1 -1 $-1 0.5617938434514653245 7.470113544344506806 -0.5 0 0 1 0.01272404100003571292 -0.04938723297198793771 0 1 F 0 F 1.822950924646152826 #
coedge $-1 -1 $-1 $878 $877 $918 $963 reversed $879 $-1 #
edge $979 -1 $-1 $881 0 $980 1 $925 $981 forward @7 tangent #
face $982 -1 $-1 $977 $879 $7 $-1 $983 forward single #
point $-1 -1 $-1 0.6064447760251676645 7.49475688462740397 -0.5 #
color-adesk-attrib $-1 -1 $-1 $-1 $884 256 #
vertex $-1 -1 $-1 $919 $984 #
straight-curve $-1 -1 $-1 0.3000000000000000444 8.050000000000000711 -0.25 0 0 -1 I I #
color-adesk-attrib $-1 -1 $-1 $-1 $885 256 #
plane-surface $-1 -1 $-1 0.3000000000000011546 8.050000000000002487 -0.5 0.2494910000006997919 -0.9683771170978024978 0 0.9683771170978024978 0.2494910000006997919 0 forward_v I I I I #
point $-1 -1 $-1 0.574517884451501093 8.120726311372521877 0.5 #
color-adesk-attrib $-1 -1 $-1 $-1 $894 256 #
face $985 -1 $-1 $986 $987 $7 $-1 $988 forward single #
plane-surface $-1 -1 $-1 0.3000000000000002665 -5.950000000000001066 -0.5 0.2494910000006997919 -0.9683771170978024978 0 0.9683771170978024978 0.2494910000006997919 0 forward_v I I I I #
coedge $-1 -1 $-1 $989 $990 $910 $956 forward $895 $-1 #
coedge $-1 -1 $-1 $991 $897 $992 $993 reversed $849 $-1 #
coedge $-1 -1 $-1 $897 $991 $989 $994 reversed $849 $-1 #
coedge $-1 -1 $-1 $910 $995 $897 $948 reversed $81 $-1 #
edge $996 -1 $-1 $997 0 $998 0.6341950156866418276 $897 $999 forward @7 unknown #
coedge $-1 -1 $-1 $1000 $899 $902 $953 forward $192 $-1 #
color-adesk-attrib $-1 -1 $-1 $-1 $900 256 #
straight-curve $-1 -1 $-1 0.6064447760251668873 -6.505243115372595142 0.5 -0.4832027506450510268 0.8755084818373015665 0 I I #
coedge $-1 -1 $-1 $902 $901 $990 $1001 forward $903 $-1 #
edge $1002 -1 $-1 $905 0 $1003 0.2834824156876216694 $902 $1004 forward @7 unknown #
point $-1 -1 $-1 0.3000000000000002665 -5.950000000000001066 0.5 #
point $-1 -1 $-1 0.6064447760251668873 -6.505243115372595142 0.5 #
edge $1005 -1 $-1 $958 0 $997 1.822950924646152826 $944 $1006 forward @7 unknown #
color-adesk-attrib $-1 -1 $-1 $-1 $911 256 #
vertex $-1 -1 $-1 $911 $1007 #
straight-curve $-1 -1 $-1 0.3000000000000002665 -5.950000000000001066 -0.5 0.9683771170978024978 0.2494910000006997919 0 F 0 F 0.2834824156876216694 #
color-adesk-attrib $-1 -1 $-1 $-1 $914 256 #
ellipse-curve $-1 -1 $-1 0.5617938434514644364 -6.52988645565549497 0.5 0 0 1 0.01272404100003571292 -0.04938723297198793771 0 1 I I #
coedge $-1 -1 $-1 $918 $1008 $975 $1009 forward $192 $-1 #
edge $1010 -1 $-1 $980 0 $936 0.6341950156866418276 $931 $1011 forward @7 unknown #
color-adesk-attrib $-1 -1 $-1 $-1 $919 256 #
straight-curve $-1 -1 $-1 0.3000000000000011546 8.050000000000002487 0.5 0.9683771170978024978 0.2494910000006997919 0 I I #
coedge $-1 -1 $-1 $1012 $922 $1013 $1014 reversed $81 $-1 #
coedge $-1 -1 $-1 $1015 $1016 $922 $968 forward $1017 $-1 #
edge $1018 -1 $-1 $1019 0 $973 0.6341950156866418276 $967 $1020 forward @7 unknown #
coedge $-1 -1 $-1 $1021 $923 $926 $976 forward $971 $-1 #
coedge $-1 -1 $-1 $923 $1021 $1015 $1022 forward $971 $-1 #
loop $-1 -1 $-1 $-1 $923 $1023 #
color-adesk-attrib $-1 -1 $-1 $-1 $924 256 #
vertex $-1 -1 $-1 $968 $1024 #
straight-curve $-1 -1 $-1 0.3000000000000010991 7.349999999999999645 -0.5 0.9683771170978024978 0.2494910000006997919 0 F 0 F 0.2834824156876216694 #
coedge $-1 -1 $-1 $926 $925 $962 $1009 reversed $927 $-1 #
edge $1025 -1 $-1 $929 0 $1026 1 $969 $1027 forward @7 tangent #
face $1028 -1 $-1 $1023 $927 $7 $-1 $1029 forward single #
point $-1 -1 $-1 0.574517884451501093 7.420726311372519035 -0.5 #
color-adesk-attrib $-1 -1 $-1 $-1 $932 256 #
vertex $-1 -1 $-1 $932 $1030 #
straight-curve $-1 -1 $-1 0.6064447760251676645 7.49475688462740397 -0.5 0 0 1 I I #
color-adesk-attrib $-1 -1 $-1 $-1 $933 256 #
plane-surface $-1 -1 $-1 0.6064447760251676645 7.49475688462740397 -0.5 0.8755084818373015665 0.4832027506450510268 0 -0.4832027506450510268 0.8755084818373015665 0 forward_v I I I I #
point $-1 -1 $-1 0.3000000000000011546 8.050000000000002487 0.5 #
color-adesk-attrib $-1 -1 $-1 $-1 $942 256 #
face $1031 -1 $-1 $1032 $1033 $7 $-1 $1034 forward single #
loop $-1 -1 $-1 $-1 $1035 $942 #
plane-surface $-1 -1 $-1 0.6064447760251669983 -5.105243115372594787 -0.5 0.8755084818373015665 0.4832027506450510268 0 -0.4832027506450510268 0.8755084818373015665 0 forward_v I I I I #
coedge $-1 -1 $-1 $1036 $944 $946 $994 forward $895 $-1 #
coedge $-1 -1 $-1 $944 $1036 $952 $1001 reversed $895 $-1 #
coedge $-1 -1 $-1 $946 $945 $1037 $1038 reversed $849 $-1 #
coedge $-1 -1 $-1 $1039 $1040 $945 $993 forward $1041 $-1 #
edge $1042 -1 $-1 $1043 -0.75 $998 0.25 $945 $1044 forward @7 unknown #
edge $1045 -1 $-1 $997 0 $1046 1 $989 $1047 forward @7 tangent #
coedge $-1 -1 $-1 $947 $1048 $1039 $1049 reversed $81 $-1 #
color-adesk-attrib $-1 -1 $-1 $-1 $948 256 #
vertex $-1 -1 $-1 $956 $1050 #
vertex $-1 -1 $-1 $948 $1051 #
straight-curve $-1 -1 $-1 0.6064447760251668873 -5.805243115372595852 -0.5 -0.4832027506450510268 0.8755084818373015665 0 F 0 F 0.6341950156866418276 #
coedge $-1 -1 $-1 $1037 $949 $1036 $1052 forward $192 $-1 #
edge $1053 -1 $-1 $958 0 $1003 1 $952 $1054 forward @7 tangent #
color-adesk-attrib $-1 -1 $-1 $-1 $953 256 #
vertex $-1 -1 $-1 $1001 $1055 #
straight-curve $-1 -1 $-1 0.3000000000000002665 -5.950000000000001066 0.5 0.9683771170978024978 0.2494910000006997919 0 I I #
color-adesk-attrib $-1 -1 $-1 $-1 $956 256 #
ellipse-curve $-1 -1 $-1 0.5617938434514644364 -5.829886455655493904 -0.5 0 0 1 0.01272404100003571292 -0.04938723297198793771 0 1 F 0 F 1.822950924646152826 #
point $-1 -1 $-1 0.5745178844515002048 -5.879273688627483452 -0.5 #
coedge $-1 -1 $-1 $962 $1056 $1021 $1057 forward $192 $-1 #
edge $1058 -1 $-1 $1026 0 $980 1.822950924646152826 $975 $1059 forward @7 unknown #
color-adesk-attrib $-1 -1 $-1 $-1 $963 256 #
straight-curve $-1 -1 $-1 0.6064447760251676645 7.49475688462740397 0.5 -0.4832027506450510268 0.8755084818373015665 0 I I #
coedge $-1 -1 $-1 $1060 $966 $1061 $1062 reversed $81 $-1 #
coedge $-1 -1 $-1 $1063 $1064 $966 $1014 forward $1065 $-1 #
edge $1066 -1 $-1 $1067 0 $1019 1.822950924646152826 $1013 $1068 forward @7 unknown #
coedge $-1 -1 $-1 $1069 $967 $970 $1022 reversed $1017 $-1 #
coedge $-1 -1 $-1 $967 $1069 $1063 $1070 reversed $1017 $-1 #
loop $-1 -1 $-1 $-1 $967 $1071 #
color-adesk-attrib $-1 -1 $-1 $-1 $968 256 #
vertex $-1 -1 $-1 $1014 $1072 #
straight-curve $-1 -1 $-1 0.6064447760251676645 6.794756884627404681 -0.5 -0.4832027506450510268 0.8755084818373015665 0 F 0 F 0.6341950156866418276 #
coedge $-1 -1 $-1 $970 $969 $1008 $1057 reversed $971 $-1 #
edge $1073 -1 $-1 $1074 -0.75 $973 0.25 $1015 $1075 forward @7 unknown #
face $1076 -1 $-1 $793 $971 $7 $-1 $1077 forward single #
point $-1 -1 $-1 0.3000000000000010991 7.349999999999999645 -0.5 #
color-adesk-attrib $-1 -1 $-1 $-1 $976 256 #
vertex $-1 -1 $-1 $976 $1078 #
straight-curve $-1 -1 $-1 0.574517884451501093 7.420726311372519035 -0.5 0 0 1 I I #
color-adesk-attrib $-1 -1 $-1 $-1 $977 256 #
cone-surface $-1 -1 $-1 0.5617938434514653245 7.470113544344506806 -0.5 0 0 1 0.01272404100003571292 -0.04938723297198793771 0 1 I I 0 1 0.05100000000000002448 forward I I I I #
point $-1 -1 $-1 0.6064447760251676645 7.49475688462740397 0.5 #
color-adesk-attrib $-1 -1 $-1 $-1 $986 256 #
face $1079 -1 $-1 $1080 $1041 $7 $-1 $1081 forward single #
loop $-1 -1 $-1 $-1 $1082 $986 #
cone-surface $-1 -1 $-1 0.5617938434514645474 -5.129886455655492838 -0.5 0 0 1 0.01272404100003571292 -0.04938723297198793771 0 1 I I 0 1 0.05100000000000002448 forward I I I I #
coedge $-1 -1 $-1 $1083 $1084 $1085 $1086 forward $987 $-1 #
coedge $-1 -1 $-1 $990 $989 $1000 $1052 reversed $895 $-1 #
coedge $-1 -1 $-1 $1087 $1000 $991 $1038 forward $192 $-1 #
edge $1088 -1 $-1 $1046 0 $1043 0.6341950156866418276 $991 $1089 forward @7 unknown #
coedge $-1 -1 $-1 $1090 $992 $995 $1049 forward $1041 $-1 #
coedge $-1 -1 $-1 $992 $1090 $1087 $1091 reversed $1041 $-1 #
loop $-1 -1 $-1 $-1 $1039 $1032 #
color-adesk-attrib $-1 -1 $-1 $-1 $993 256 #
vertex $-1 -1 $-1 $1091 $1092 #
straight-curve $-1 -1 $-1 0.3000000000000000444 -5.25 -0.25 0 0 -1 I I #
color-adesk-attrib $-1 -1 $-1 $-1 $994 256 #
vertex $-1 -1 $-1 $994 $1093 #
straight-curve $-1 -1 $-1 0.6064447760251668873 -5.805243115372595852 -0.5 0 0 1 I I #
coedge $-1 -1 $-1 $995 $1085 $1082 $1094 reversed $81 $-1 #
edge $1095 -1 $-1 $998 0 $1096 0.2834824156876216694 $1039 $1097 forward @7 unknown #
point $-1 -1 $-1 0.6064447760251668873 -5.805243115372595852 -0.5 #
point $-1 -1 $-1 0.300000000000000322 -5.25 -0.5 #
edge $1098 -1 $-1 $1003 0 $1046 1.822950924646152826 $1036 $1099 forward @7 unknown #
color-adesk-attrib $-1 -1 $-1 $-1 $1001 256 #
straight-curve $-1 -1 $-1 0.5745178844515002048 -5.879273688627483452 -0.5 0 0 1 I I #
point $-1 -1 $-1 0.5745178844515002048 -5.879273688627483452 0.5 #
coedge $-1 -1 $-1 $1008 $1100 $1069 $1101 forward $192 $-1 #
edge $1102 -1 $-1 $1074 0 $1026 0.2834824156876216694 $1021 $1103 forward @7 unknown #
color-adesk-attrib $-1 -1 $-1 $-1 $1009 256 #
ellipse-curve $-1 -1 $-1 0.5617938434514653245 7.470113544344506806 0.5 0 0 1 0.01272404100003571292 -0.04938723297198793771 0 1 I I #
coedge $-1 -1 $-1 $1104 $1012 $1105 $1106 reversed $81 $-1 #
coedge $-1 -1 $-1 $1107 $1108 $1012 $1062 forward $1109 $-1 #
edge $1110 -1 $-1 $1111 0 $1067 0.2834824156876216694 $1061 $1112 forward @7 unknown #
coedge $-1 -1 $-1 $1113 $1013 $1016 $1070 forward $1065 $-1 #
coedge $-1 -1 $-1 $1013 $1113 $1107 $1114 reversed $1065 $-1 #
loop $-1 -1 $-1 $-1 $1013 $1115 #
color-adesk-attrib $-1 -1 $-1 $-1 $1014 256 #
vertex $-1 -1 $-1 $1062 $1116 #
ellipse-curve $-1 -1 $-1 0.5617938434514653245 6.770113544344507517 -0.5 0 0 1 0.01272404100003571292 -0.04938723297198793771 0 1 F 0 F 1.822950924646152826 #
coedge $-1 -1 $-1 $1016 $1015 $1056 $1101 reversed $1017 $-1 #
edge $1117 -1 $-1 $1019 0 $1118 1 $1063 $1119 forward @7 tangent #
face $1120 -1 $-1 $1115 $1017 $7 $-1 $1121 forward single #
point $-1 -1 $-1 0.6064447760251676645 6.794756884627404681 -0.5 #
color-adesk-attrib $-1 -1 $-1 $-1 $1022 256 #
vertex $-1 -1 $-1 $1057 $1122 #
straight-curve $-1 -1 $-1 0.3000000000000000444 7.350000000000001421 -0.25 0 0 -1 I I #
color-adesk-attrib $-1 -1 $-1 $-1 $1023 256 #
plane-surface $-1 -1 $-1 0.3000000000000010991 7.349999999999999645 -0.5 0.2494910000006997919 -0.9683771170978024978 0 0.9683771170978024978 0.2494910000006997919 0 forward_v I I I I #
point $-1 -1 $-1 0.574517884451501093 7.420726311372519035 0.5 #
color-adesk-attrib $-1 -1 $-1 $-1 $1032 256 #
face $1123 -1 $-1 $1124 $1125 $7 $-1 $1126 forward single #
plane-surface $-1 -1 $-1 0.300000000000000322 -5.25 -0.5 0.2494910000006997919 -0.9683771170978024978 0 0.9683771170978024978 0.2494910000006997919 0 forward_v I I I I #
coedge $-1 -1 $-1 $1127 $1128 $1048 $1094 forward $1033 $-1 #
coedge $-1 -1 $-1 $1129 $1035 $1130 $1131 reversed $987 $-1 #
coedge $-1 -1 $-1 $1035 $1129 $1127 $1132 reversed $987 $-1 #
coedge $-1 -1 $-1 $1048 $1133 $1035 $1086 reversed $81 $-1 #
edge $1134 -1 $-1 $1135 0 $1136 0.6341950156866418276 $1035 $1137 forward @7 unknown #
coedge $-1 -1 $-1 $1138 $1037 $1040 $1091 forward $192 $-1 #
color-adesk-attrib $-1 -1 $-1 $-1 $1038 256 #
straight-curve $-1 -1 $-1 0.6064447760251668873 -5.805243115372595852 0.5 -0.4832027506450510268 0.8755084818373015665 0 I I #
coedge $-1 -1 $-1 $1040 $1039 $1128 $1139 forward $1041 $-1 #
edge $1140 -1 $-1 $1043 0 $1141 0.2834824156876216694 $1040 $1142 forward @7 unknown #
point $-1 -1 $-1 0.300000000000000322 -5.25 0.5 #
point $-1 -1 $-1 0.6064447760251668873 -5.805243115372595852 0.5 #
edge $1143 -1 $-1 $1096 0 $1135 1.822950924646152826 $1082 $1144 forward @7 unknown #
color-adesk-attrib $-1 -1 $-1 $-1 $1049 256 #
vertex $-1 -1 $-1 $1049 $1145 #
straight-curve $-1 -1 $-1 0.300000000000000322 -5.25 -0.5 0.9683771170978024978 0.2494910000006997919 0 F 0 F 0.2834824156876216694 #
color-adesk-attrib $-1 -1 $-1 $-1 $1052 256 #
ellipse-curve $-1 -1 $-1 0.5617938434514644364 -5.829886455655493904 0.5 0 0 1 0.01272404100003571292 -0.04938723297198793771 0 1 I I #
coedge $-1 -1 $-1 $1056 $1146 $1113 $1147 forward $192 $-1 #
edge $1148 -1 $-1 $1118 0 $1074 0.6341950156866418276 $1069 $1149 forward @7 unknown #
color-adesk-attrib $-1 -1 $-1 $-1 $1057 256 #
straight-curve $-1 -1 $-1 0.3000000000000010991 7.349999999999999645 0.5 0.9683771170978024978 0.2494910000006997919 0 I I #
coedge $-1 -1 $-1 $1150 $1060 $1151 $1152 reversed $81 $-1 #
coedge $-1 -1 $-1 $1153 $1154 $1060 $1106 forward $1155 $-1 #
edge $1156 -1 $-1 $1157 0 $1111 0.6341950156866418276 $1105 $1158 forward @7 unknown #
coedge $-1 -1 $-1 $1159 $1061 $1064 $1114 forward $1109 $-1 #
coedge $-1 -1 $-1 $1061 $1159 $1153 $1160 forward $1109 $-1 #
loop $-1 -1 $-1 $-1 $1061 $1161 #
color-adesk-attrib $-1 -1 $-1 $-1 $1062 256 #
vertex $-1 -1 $-1 $1106 $1162 #
straight-curve $-1 -1 $-1 0.3000000000000010436 6.650000000000000355 -0.5 0.9683771170978024978 0.2494910000006997919 0 F 0 F 0.2834824156876216694 #
coedge $-1 -1 $-1 $1064 $1063 $1100 $1147 reversed $1065 $-1 #
edge $1163 -1 $-1 $1067 0 $1164 1 $1107 $1165 forward @7 tangent #
face $1166 -1 $-1 $1161 $1065 $7 $-1 $1167 forward single #
point $-1 -1 $-1 0.5745178844515009819 6.720726311372519746 -0.5 #
color-adesk-attrib $-1 -1 $-1 $-1 $1070 256 #
vertex $-1 -1 $-1 $1070 $1168 #
straight-curve $-1 -1 $-1 0.6064447760251676645 6.794756884627404681 -0.5 0 0 1 I I #
color-adesk-attrib $-1 -1 $-1 $-1 $1071 256 #
plane-surface $-1 -1 $-1 0.6064447760251676645 6.794756884627404681 -0.5 0.8755084818373015665 0.4832027506450510268 0 -0.4832027506450510268 0.8755084818373015665 0 forward_v I I I I #
point $-1 -1 $-1 0.3000000000000010991 7.349999999999999645 0.5 #
color-adesk-attrib $-1 -1 $-1 $-1 $1080 256 #
face $1169 -1 $-1 $1170 $1171 $7 $-1 $1172 forward single #
loop $-1 -1 $-1 $-1 $1173 $1080 #
plane-surface $-1 -1 $-1 0.6064447760251669983 -4.405243115372593721 -0.5 0.8755084818373015665 0.4832027506450510268 0 -0.4832027506450510268 0.8755084818373015665 0 forward_v I I I I #
coedge $-1 -1 $-1 $1174 $1082 $1084 $1132 forward $1033 $-1 #
coedge $-1 -1 $-1 $1082 $1174 $1090 $1139 reversed $1033 $-1 #
coedge $-1 -1 $-1 $1084 $1083 $1175 $1176 reversed $987 $-1 #
coedge $-1 -1 $-1 $1177 $1178 $1083 $1131 forward $1179 $-1 #
edge $1180 -1 $-1 $1181 -0.75 $1136 0.25 $1083 $1182 forward @7 unknown #
edge $1183 -1 $-1 $1135 0 $1184 1 $1127 $1185 forward @7 tangent #
coedge $-1 -1 $-1 $1085 $1186 $1177 $1187 reversed $81 $-1 #
color-adesk-attrib $-1 -1 $-1 $-1 $1086 256 #
vertex $-1 -1 $-1 $1094 $1188 #
vertex $-1 -1 $-1 $1086 $1189 #
straight-curve $-1 -1 $-1 0.6064447760251669983 -5.105243115372594787 -0.5 -0.4832027506450510268 0.8755084818373015665 0 F 0 F 0.6341950156866418276 #
coedge $-1 -1 $-1 $1175 $1087 $1174 $1190 forward $192 $-1 #
edge $1191 -1 $-1 $1096 0 $1141 1 $1090 $1192 forward @7 tangent #
color-adesk-attrib $-1 -1 $-1 $-1 $1091 256 #
vertex $-1 -1 $-1 $1139 $1193 #
straight-curve $-1 -1 $-1 0.300000000000000322 -5.25 0.5 0.9683771170978024978 0.2494910000006997919 0 I I #
color-adesk-attrib $-1 -1 $-1 $-1 $1094 256 #
ellipse-curve $-1 -1 $-1 0.5617938434514645474 -5.129886455655492838 -0.5 0 0 1 0.01272404100003571292 -0.04938723297198793771 0 1 F 0 F 1.822950924646152826 #
point $-1 -1 $-1 0.5745178844515002048 -5.17927368862748061 -0.5 #
coedge $-1 -1 $-1 $1100 $1194 $1159 $1195 forward $192 $-1 #
edge $1196 -1 $-1 $1164 0 $1118 1.822950924646152826 $1113 $1197 forward @7 unknown #
color-adesk-attrib $-1 -1 $-1 $-1 $1101 256 #
straight-curve $-1 -1 $-1 0.6064447760251676645 6.794756884627404681 0.5 -0.4832027506450510268 0.8755084818373015665 0 I I #
coedge $-1 -1 $-1 $1198 $1104 $1199 $1200 reversed $81 $-1 #
coedge $-1 -1 $-1 $1201 $1202 $1104 $1152 forward $1203 $-1 #
edge $1204 -1 $-1 $1205 0 $1157 1.822950924646152826 $1151 $1206 forward @7 unknown #
coedge $-1 -1 $-1 $1207 $1105 $1108 $1160 reversed $1155 $-1 #
coedge $-1 -1 $-1 $1105 $1207 $1201 $1208 reversed $1155 $-1 #
loop $-1 -1 $-1 $-1 $1105 $1209 #
color-adesk-attrib $-1 -1 $-1 $-1 $1106 256 #
vertex $-1 -1 $-1 $1152 $1210 #
straight-curve $-1 -1 $-1 0.6064447760251676645 6.094756884627405391 -0.5 -0.4832027506450510268 0.8755084818373015665 0 F 0 F 0.6341950156866418276 #
coedge $-1 -1 $-1 $1108 $1107 $1146 $1195 reversed $1109 $-1 #
edge $1211 -1 $-1 $1212 -0.75 $1111 0.25 $1153 $1213 forward @7 unknown #
face $1214 -1 $-1 $933 $1109 $7 $-1 $1215 forward single #
point $-1 -1 $-1 0.3000000000000010436 6.650000000000000355 -0.5 #
color-adesk-attrib $-1 -1 $-1 $-1 $1114 256 #
vertex $-1 -1 $-1 $1114 $1216 #
straight-curve $-1 -1 $-1 0.5745178844515009819 6.720726311372519746 -0.5 0 0 1 I I #
color-adesk-attrib $-1 -1 $-1 $-1 $1115 256 #
cone-surface $-1 -1 $-1 0.5617938434514653245 6.770113544344507517 -0.5 0 0 1 0.01272404100003571292 -0.04938723297198793771 0 1 I I 0 1 0.05100000000000002448 forward I I I I #
point $-1 -1 $-1 0.6064447760251676645 6.794756884627404681 0.5 #
color-adesk-attrib $-1 -1 $-1 $-1 $1124 256 #
face $1217 -1 $-1 $1218 $1179 $7 $-1 $1219 forward single #
loop $-1 -1 $-1 $-1 $1220 $1124 #
cone-surface $-1 -1 $-1 0.5617938434514645474 -4.429886455655491773 -0.5 0 0 1 0.01272404100003571292 -0.04938723297198793771 0 1 I I 0 1 0.05100000000000002448 forward I I I I #
coedge $-1 -1 $-1 $1221 $1222 $1223 $1224 forward $1125 $-1 #
coedge $-1 -1 $-1 $1128 $1127 $1138 $1190 reversed $1033 $-1 #
coedge $-1 -1 $-1 $1225 $1138 $1129 $1176 forward $192 $-1 #
edge $1226 -1 $-1 $1184 0 $1181 0.6341950156866418276 $1129 $1227 forward @7 unknown #
coedge $-1 -1 $-1 $1228 $1130 $1133 $1187 forward $1179 $-1 #
coedge $-1 -1 $-1 $1130 $1228 $1225 $1229 reversed $1179 $-1 #
loop $-1 -1 $-1 $-1 $1177 $1170 #
color-adesk-attrib $-1 -1 $-1 $-1 $1131 256 #
vertex $-1 -1 $-1 $1229 $1230 #
straight-curve $-1 -1 $-1 0.3000000000000001554 -4.549999999999998934 -0.25 0 0 -1 I I #
color-adesk-attrib $-1 -1 $-1 $-1 $1132 256 #
vertex $-1 -1 $-1 $1132 $1231 #
straight-curve $-1 -1 $-1 0.6064447760251669983 -5.105243115372594787 -0.5 0 0 1 I I #
coedge $-1 -1 $-1 $1133 $1223 $1220 $1232 reversed $81 $-1 #
edge $1233 -1 $-1 $1136 0 $1234 0.2834824156876216694 $1177 $1235 forward @7 unknown #
point $-1 -1 $-1 0.6064447760251669983 -5.105243115372594787 -0.5 #
point $-1 -1 $-1 0.3000000000000003775 -4.549999999999998934 -0.5 #
edge $1236 -1 $-1 $1141 0 $1184 1.822950924646152826 $1174 $1237 forward @7 unknown #
color-adesk-attrib $-1 -1 $-1 $-1 $1139 256 #
straight-curve $-1 -1 $-1 0.5745178844515002048 -5.17927368862748061 -0.5 0 0 1 I I #
point $-1 -1 $-1 0.5745178844515002048 -5.17927368862748061 0.5 #
coedge $-1 -1 $-1 $1146 $1238 $1207 $1239 forward $192 $-1 #
edge $1240 -1 $-1 $1212 0 $1164 0.2834824156876216694 $1159 $1241 forward @7 unknown #
color-adesk-attrib $-1 -1 $-1 $-1 $1147 256 #
ellipse-curve $-1 -1 $-1 0.5617938434514653245 6.770113544344507517 0.5 0 0 1 0.01272404100003571292 -0.04938723297198793771 0 1 I I #
coedge $-1 -1 $-1 $1242 $1150 $1243 $1244 reversed $81 $-1 #
coedge $-1 -1 $-1 $1245 $1246 $1150 $1200 forward $1247 $-1 #
edge $1248 -1 $-1 $1249 0 $1205 0.2834824156876216694 $1199 $1250 forward @7 unknown #
coedge $-1 -1 $-1 $1251 $1151 $1154 $1208 forward $1203 $-1 #
coedge $-1 -1 $-1 $1151 $1251 $1245 $1252 reversed $1203 $-1 #
loop $-1 -1 $-1 $-1 $1151 $1253 #
color-adesk-attrib $-1 -1 $-1 $-1 $1152 256 #
vertex $-1 -1 $-1 $1200 $1254 #
ellipse-curve $-1 -1 $-1 0.5617938434514652135 6.070113544344508227 -0.5 0 0 1 0.01272404100003571292 -0.04938723297198793771 0 1 F 0 F 1.822950924646152826 #
coedge $-1 -1 $-1 $1154 $1153 $1194 $1239 reversed $1155 $-1 #
edge $1255 -1 $-1 $1157 0 $1256 1 $1201 $1257 forward @7 tangent #
face $1258 -1 $-1 $1253 $1155 $7 $-1 $1259 forward single #
point $-1 -1 $-1 0.6064447760251676645 6.094756884627405391 -0.5 #
color-adesk-attrib $-1 -1 $-1 $-1 $1160 256 #
vertex $-1 -1 $-1 $1195 $1260 #
straight-curve $-1 -1 $-1 0.3000000000000000444 6.65000000000000302 -0.25 0 0 -1 I I #
color-adesk-attrib $-1 -1 $-1 $-1 $1161 256 #
plane-surface $-1 -1 $-1 0.3000000000000010436 6.650000000000000355 -0.5 0.2494910000006997919 -0.9683771170978024978 0 0.9683771170978024978 0.2494910000006997919 0 forward_v I I I I #
point $-1 -1 $-1 0.5745178844515009819 6.720726311372519746 0.5 #
color-adesk-attrib $-1 -1 $-1 $-1 $1170 256 #
face $1261 -1 $-1 $1262 $1263 $7 $-1 $1264 forward single #
plane-surface $-1 -1 $-1 0.3000000000000003775 -4.549999999999998934 -0.5 0.2494910000006997919 -0.9683771170978024978 0 0.9683771170978024978 0.2494910000006997919 0 forward_v I I I I #
coedge $-1 -1 $-1 $1265 $1266 $1186 $1232 forward $1171 $-1 #
coedge $-1 -1 $-1 $1267 $1173 $1268 $1269 reversed $1125 $-1 #
coedge $-1 -1 $-1 $1173 $1267 $1265 $1270 reversed $1125 $-1 #
coedge $-1 -1 $-1 $1186 $1271 $1173 $1224 reversed $81 $-1 #
edge $1272 -1 $-1 $1273 0 $1274 0.6341950156866418276 $1173 $1275 forward @7 unknown #
coedge $-1 -1 $-1 $1276 $1175 $1178 $1229 forward $192 $-1 #
color-adesk-attrib $-1 -1 $-1 $-1 $1176 256 #
straight-curve $-1 -1 $-1 0.6064447760251669983 -5.105243115372594787 0.5 -0.4832027506450510268 0.8755084818373015665 0 I I #
coedge $-1 -1 $-1 $1178 $1177 $1266 $1277 forward $1179 $-1 #
edge $1278 -1 $-1 $1181 0 $1279 0.2834824156876216694 $1178 $1280 forward @7 unknown #
point $-1 -1 $-1 0.3000000000000003775 -4.549999999999998934 0.5 #
point $-1 -1 $-1 0.6064447760251669983 -5.105243115372596563 0.5 #
edge $1281 -1 $-1 $1234 0 $1273 1.822950924646152826 $1220 $1282 forward @7 unknown #
color-adesk-attrib $-1 -1 $-1 $-1 $1187 256 #
vertex $-1 -1 $-1 $1187 $1283 #
straight-curve $-1 -1 $-1 0.3000000000000003775 -4.549999999999998934 -0.5 0.9683771170978024978 0.2494910000006997919 0 F 0 F 0.2834824156876216694 #
color-adesk-attrib $-1 -1 $-1 $-1 $1190 256 #
ellipse-curve $-1 -1 $-1 0.5617938434514645474 -5.129886455655492838 0.5 0 0 1 0.01272404100003571292 -0.04938723297198793771 0 1 I I #
coedge $-1 -1 $-1 $1194 $1284 $1251 $1285 forward $192 $-1 #
edge $1286 -1 $-1 $1256 0 $1212 0.6341950156866418276 $1207 $1287 forward @7 unknown #
color-adesk-attrib $-1 -1 $-1 $-1 $1195 256 #
straight-curve $-1 -1 $-1 0.3000000000000010436 6.650000000000000355 0.5 0.9683771170978024978 0.2494910000006997919 0 I I #
coedge $-1 -1 $-1 $1288 $1198 $1289 $1290 reversed $81 $-1 #
coedge $-1 -1 $-1 $1291 $1292 $1198 $1244 forward $1293 $-1 #
edge $1294 -1 $-1 $1295 0 $1249 0.6341950156866418276 $1243 $1296 forward @7 unknown #
coedge $-1 -1 $-1 $1297 $1199 $1202 $1252 forward $1247 $-1 #
coedge $-1 -1 $-1 $1199 $1297 $1291 $1298 forward $1247 $-1 #
loop $-1 -1 $-1 $-1 $1199 $1299 #
color-adesk-attrib $-1 -1 $-1 $-1 $1200 256 #
vertex $-1 -1 $-1 $1244 $1300 #
straight-curve $-1 -1 $-1 0.3000000000000010436 5.950000000000001066 -0.5 0.9683771170978024978 0.2494910000006997919 0 F 0 F 0.2834824156876216694 #
coedge $-1 -1 $-1 $1202 $1201 $1238 $1285 reversed $1203 $-1 #
edge $1301 -1 $-1 $1205 0 $1302 1 $1245 $1303 forward @7 tangent #
face $1304 -1 $-1 $1299 $1203 $7 $-1 $1305 forward single #
point $-1 -1 $-1 0.5745178844515009819 6.020726311372519568 -0.5 #
color-adesk-attrib $-1 -1 $-1 $-1 $1208 256 #
vertex $-1 -1 $-1 $1208 $1306 #
straight-curve $-1 -1 $-1 0.6064447760251676645 6.094756884627405391 -0.5 0 0 1 I I #
color-adesk-attrib $-1 -1 $-1 $-1 $1209 256 #
plane-surface $-1 -1 $-1 0.6064447760251676645 6.094756884627405391 -0.5 0.8755084818373015665 0.4832027506450510268 0 -0.4832027506450510268 0.8755084818373015665 0 forward_v I I I I #
point $-1 -1 $-1 0.3000000000000010436 6.650000000000000355 0.5 #
color-adesk-attrib $-1 -1 $-1 $-1 $1218 256 #
face $1307 -1 $-1 $1308 $1309 $7 $-1 $1310 forward single #
loop $-1 -1 $-1 $-1 $1311 $1218 #
plane-surface $-1 -1 $-1 0.6064447760251669983 -3.705243115372594431 -0.5 0.8755084818373015665 0.4832027506450510268 0 -0.4832027506450510268 0.8755084818373015665 0 forward_v I I I I #
coedge $-1 -1 $-1 $1312 $1220 $1222 $1270 forward $1171 $-1 #
coedge $-1 -1 $-1 $1220 $1312 $1228 $1277 reversed $1171 $-1 #
coedge $-1 -1 $-1 $1222 $1221 $1313 $1314 reversed $1125 $-1 #
coedge $-1 -1 $-1 $1315 $1316 $1221 $1269 forward $1317 $-1 #
edge $1318 -1 $-1 $1319 -0.75 $1274 0.25 $1221 $1320 forward @7 unknown #
edge $1321 -1 $-1 $1273 0 $1322 1 $1265 $1323 forward @7 tangent #
coedge $-1 -1 $-1 $1223 $1324 $1315 $1325 reversed $81 $-1 #
color-adesk-attrib $-1 -1 $-1 $-1 $1224 256 #
vertex $-1 -1 $-1 $1232 $1326 #
vertex $-1 -1 $-1 $1224 $1327 #
straight-curve $-1 -1 $-1 0.6064447760251669983 -4.405243115372593721 -0.5 -0.4832027506450510268 0.8755084818373015665 0 F 0 F 0.6341950156866418276 #
coedge $-1 -1 $-1 $1313 $1225 $1312 $1328 forward $192 $-1 #
edge $1329 -1 $-1 $1234 0 $1279 1 $1228 $1330 forward @7 tangent #
color-adesk-attrib $-1 -1 $-1 $-1 $1229 256 #
vertex $-1 -1 $-1 $1277 $1331 #
straight-curve $-1 -1 $-1 0.3000000000000003775 -4.549999999999998934 0.5 0.9683771170978024978 0.2494910000006997919 0 I I #
color-adesk-attrib $-1 -1 $-1 $-1 $1232 256 #
ellipse-curve $-1 -1 $-1 0.5617938434514645474 -4.429886455655491773 -0.5 0 0 1 0.01272404100003571292 -0.04938723297198793771 0 1 F 0 F 1.822950924646152826 #
point $-1 -1 $-1 0.5745178844515003158 -4.479273688627479544 -0.5 #
coedge $-1 -1 $-1 $1238 $1332 $1297 $1333 forward $192 $-1 #
edge $1334 -1 $-1 $1302 0 $1256 1.822950924646152826 $1251 $1335 forward @7 unknown #
color-adesk-attrib $-1 -1 $-1 $-1 $1239 256 #
straight-curve $-1 -1 $-1 0.6064447760251676645 6.094756884627405391 0.5 -0.4832027506450510268 0.8755084818373015665 0 I I #
coedge $-1 -1 $-1 $1336 $1242 $1337 $1338 reversed $81 $-1 #
coedge $-1 -1 $-1 $1339 $1340 $1242 $1290 forward $1341 $-1 #
edge $1342 -1 $-1 $1343 0 $1295 1.822950924646152826 $1289 $1344 forward @7 unknown #
coedge $-1 -1 $-1 $1345 $1243 $1246 $1298 reversed $1293 $-1 #
coedge $-1 -1 $-1 $1243 $1345 $1339 $1346 reversed $1293 $-1 #
loop $-1 -1 $-1 $-1 $1243 $1347 #
color-adesk-attrib $-1 -1 $-1 $-1 $1244 256 #
vertex $-1 -1 $-1 $1290 $1348 #
straight-curve $-1 -1 $-1 0.6064447760251675534 5.394756884627406102 -0.5 -0.4832027506450510268 0.8755084818373015665 0 F 0 F 0.6341950156866418276 #
coedge $-1 -1 $-1 $1246 $1245 $1284 $1333 reversed $1247 $-1 #
edge $1349 -1 $-1 $1350 -0.75 $1249 0.25 $1291 $1351 forward @7 unknown #
face $1352 -1 $-1 $1071 $1247 $7 $-1 $1353 forward single #
point $-1 -1 $-1 0.3000000000000010436 5.950000000000001066 -0.5 #
color-adesk-attrib $-1 -1 $-1 $-1 $1252 256 #
vertex $-1 -1 $-1 $1252 $1354 #
straight-curve $-1 -1 $-1 0.5745178844515009819 6.020726311372519568 -0.5 0 0 1 I I #
color-adesk-attrib $-1 -1 $-1 $-1 $1253 256 #
cone-surface $-1 -1 $-1 0.5617938434514652135 6.070113544344508227 -0.5 0 0 1 0.01272404100003571292 -0.04938723297198793771 0 1 I I 0 1 0.05100000000000002448 forward I I I I #
point $-1 -1 $-1 0.6064447760251676645 6.094756884627405391 0.5 #
color-adesk-attrib $-1 -1 $-1 $-1 $1262 256 #
face $1355 -1 $-1 $1356 $1317 $7 $-1 $1357 forward single #
loop $-1 -1 $-1 $-1 $1358 $1262 #
cone-surface $-1 -1 $-1 0.5617938434514646584 -3.729886455655492483 -0.5 0 0 1 0.01272404100003571292 -0.04938723297198793771 0 1 I I 0 1 0.05100000000000002448 forward I I I I #
coedge $-1 -1 $-1 $1359 $1360 $1361 $1362 forward $1263 $-1 #
coedge $-1 -1 $-1 $1266 $1265 $1276 $1328 reversed $1171 $-1 #
coedge $-1 -1 $-1 $1363 $1276 $1267 $1314 forward $192 $-1 #
edge $1364 -1 $-1 $1322 0 $1319 0.6341950156866418276 $1267 $1365 forward @7 unknown #
coedge $-1 -1 $-1 $1366 $1268 $1271 $1325 forward $1317 $-1 #
coedge $-1 -1 $-1 $1268 $1366 $1363 $1367 reversed $1317 $-1 #
loop $-1 -1 $-1 $-1 $1315 $1308 #
color-adesk-attrib $-1 -1 $-1 $-1 $1269 256 #
vertex $-1 -1 $-1 $1367 $1368 #
straight-curve $-1 -1 $-1 0.3000000000000000444 -3.849999999999997424 -0.25 0 0 -1 I I #
color-adesk-attrib $-1 -1 $-1 $-1 $1270 256 #
vertex $-1 -1 $-1 $1270 $1369 #
straight-curve $-1 -1 $-1 0.6064447760251669983 -4.405243115372593721 -0.5 0 0 1 I I #
coedge $-1 -1 $-1 $1271 $1361 $1358 $1370 reversed $81 $-1 #
edge $1371 -1 $-1 $1274 0 $1372 0.2834824156876216694 $1315 $1373 forward @7 unknown #
point $-1 -1 $-1 0.6064447760251669983 -4.405243115372593721 -0.5 #
point $-1 -1 $-1 0.3000000000000003775 -3.849999999999999645 -0.5 #
edge $1374 -1 $-1 $1279 0 $1322 1.822950924646152826 $1312 $1375 forward @7 unknown #
color-adesk-attrib $-1 -1 $-1 $-1 $1277 256 #
straight-curve $-1 -1 $-1 0.5745178844515003158 -4.479273688627479544 -0.5 0 0 1 I I #
point $-1 -1 $-1 0.5745178844515003158 -4.479273688627479544 0.5 #
coedge $-1 -1 $-1 $1284 $1376 $1345 $1377 forward $192 $-1 #
edge $1378 -1 $-1 $1350 0 $1302 0.2834824156876216694 $1297 $1379 forward @7 unknown #
color-adesk-attrib $-1 -1 $-1 $-1 $1285 256 #
ellipse-curve $-1 -1 $-1 0.5617938434514652135 6.070113544344508227 0.5 0 0 1 0.01272404100003571292 -0.04938723297198793771 0 1 I I #
coedge $-1 -1 $-1 $1380 $1288 $1381 $1382 reversed $81 $-1 #
coedge $-1 -1 $-1 $1383 $1384 $1288 $1338 forward $1385 $-1 #
edge $1386 -1 $-1 $1387 0 $1343 0.2834824156876216694 $1337 $1388 forward @7 unknown #
coedge $-1 -1 $-1 $1389 $1289 $1292 $1346 forward $1341 $-1 #
coedge $-1 -1 $-1 $1289 $1389 $1383 $1390 reversed $1341 $-1 #
loop $-1 -1 $-1 $-1 $1289 $1391 #
color-adesk-attrib $-1 -1 $-1 $-1 $1290 256 #
vertex $-1 -1 $-1 $1338 $1392 #
ellipse-curve $-1 -1 $-1 0.5617938434514652135 5.370113544344508938 -0.5 0 0 1 0.01272404100003571292 -0.04938723297198793771 0 1 F 0 F 1.822950924646152826 #
coedge $-1 -1 $-1 $1292 $1291 $1332 $1377 reversed $1293 $-1 #
edge $1393 -1 $-1 $1295 0 $1394 1 $1339 $1395 forward @7 tangent #
face $1396 -1 $-1 $1391 $1293 $7 $-1 $1397 forward single #
point $-1 -1 $-1 0.6064447760251675534 5.394756884627406102 -0.5 #
color-adesk-attrib $-1 -1 $-1 $-1 $1298 256 #
vertex $-1 -1 $-1 $1333 $1398 #
straight-curve $-1 -1 $-1 0.2999999999999998224 5.950000000000002842 -0.25 0 0 -1 I I #
color-adesk-attrib $-1 -1 $-1 $-1 $1299 256 #
plane-surface $-1 -1 $-1 0.3000000000000010436 5.950000000000001066 -0.5 0.2494910000006997919 -0.9683771170978024978 0 0.9683771170978024978 0.2494910000006997919 0 forward_v I I I I #
point $-1 -1 $-1 0.5745178844515009819 6.020726311372519568 0.5 #
color-adesk-attrib $-1 -1 $-1 $-1 $1308 256 #
face $1399 -1 $-1 $1400 $1401 $7 $-1 $1402 forward single #
plane-surface $-1 -1 $-1 0.3000000000000003775 -3.849999999999999645 -0.5 0.2494910000006997919 -0.9683771170978024978 0 0.9683771170978024978 0.2494910000006997919 0 forward_v I I I I #
coedge $-1 -1 $-1 $1403 $1404 $1324 $1370 forward $1309 $-1 #
coedge $-1 -1 $-1 $1405 $1311 $1406 $1407 reversed $1263 $-1 #
coedge $-1 -1 $-1 $1311 $1405 $1403 $1408 reversed $1263 $-1 #
coedge $-1 -1 $-1 $1324 $1409 $1311 $1362 reversed $81 $-1 #
edge $1410 -1 $-1 $1411 0 $1412 0.6341950156866418276 $1311 $1413 forward @7 unknown #
coedge $-1 -1 $-1 $1414 $1313 $1316 $1367 forward $192 $-1 #
color-adesk-attrib $-1 -1 $-1 $-1 $1314 256 #
straight-curve $-1 -1 $-1 0.6064447760251669983 -4.405243115372593721 0.5 -0.4832027506450510268 0.8755084818373015665 0 I I #
coedge $-1 -1 $-1 $1316 $1315 $1404 $1415 forward $1317 $-1 #
edge $1416 -1 $-1 $1319 0 $1417 0.2834824156876216694 $1316 $1418 forward @7 unknown #
point $-1 -1 $-1 0.3000000000000003775 -3.849999999999999645 0.5 #
point $-1 -1 $-1 0.6064447760251669983 -4.405243115372593721 0.5 #
edge $1419 -1 $-1 $1372 0 $1411 1.822950924646152826 $1358 $1420 forward @7 unknown #
color-adesk-attrib $-1 -1 $-1 $-1 $1325 256 #
vertex $-1 -1 $-1 $1325 $1421 #
straight-curve $-1 -1 $-1 0.3000000000000003775 -3.849999999999999645 -0.5 0.9683771170978024978 0.2494910000006997919 0 F 0 F 0.2834824156876216694 #
color-adesk-attrib $-1 -1 $-1 $-1 $1328 256 #
ellipse-curve $-1 -1 $-1 0.5617938434514645474 -4.429886455655491773 0.5 0 0 1 0.01272404100003571292 -0.04938723297198793771 0 1 I I #
coedge $-1 -1 $-1 $1332 $1422 $1389 $1423 forward $192 $-1 #
edge $1424 -1 $-1 $1394 0 $1350 0.6341950156866418276 $1345 $1425 forward @7 unknown #
color-adesk-attrib $-1 -1 $-1 $-1 $1333 256 #
straight-curve $-1 -1 $-1 0.3000000000000010436 5.950000000000001066 0.5 0.9683771170978024978 0.2494910000006997919 0 I I #
coedge $-1 -1 $-1 $1426 $1336 $1427 $1428 reversed $81 $-1 #
coedge $-1 -1 $-1 $1429 $1430 $1336 $1382 forward $1431 $-1 #
edge $1432 -1 $-1 $1433 0 $1387 0.6341950156866418276 $1381 $1434 forward @7 unknown #
coedge $-1 -1 $-1 $1435 $1337 $1340 $1390 forward $1385 $-1 #
coedge $-1 -1 $-1 $1337 $1435 $1429 $1436 forward $1385 $-1 #
loop $-1 -1 $-1 $-1 $1337 $1437 #
color-adesk-attrib $-1 -1 $-1 $-1 $1338 256 #
vertex $-1 -1 $-1 $1382 $1438 #
straight-curve $-1 -1 $-1 0.3000000000000009326 5.250000000000001776 -0.5 0.9683771170978024978 0.2494910000006997919 0 F 0 F 0.2834824156876216694 #
coedge $-1 -1 $-1 $1340 $1339 $1376 $1423 reversed $1341 $-1 #
edge $1439 -1 $-1 $1343 0 $1440 1 $1383 $1441 forward @7 tangent #
face $1442 -1 $-1 $1437 $1341 $7 $-1 $1443 forward single #
point $-1 -1 $-1 0.5745178844515008709 5.320726311372520279 -0.5 #
color-adesk-attrib $-1 -1 $-1 $-1 $1346 256 #
vertex $-1 -1 $-1 $1346 $1444 #
straight-curve $-1 -1 $-1 0.6064447760251675534 5.394756884627406102 -0.5 0 0 1 I I #
color-adesk-attrib $-1 -1 $-1 $-1 $1347 256 #
plane-surface $-1 -1 $-1 0.6064447760251675534 5.394756884627406102 -0.5 0.8755084818373015665 0.4832027506450510268 0 -0.4832027506450510268 0.8755084818373015665 0 forward_v I I I I #
point $-1 -1 $-1 0.3000000000000010436 5.950000000000001066 0.5 #
color-adesk-attrib $-1 -1 $-1 $-1 $1356 256 #
face $1445 -1 $-1 $1446 $1447 $7 $-1 $1448 forward single #
loop $-1 -1 $-1 $-1 $1449 $1356 #
plane-surface $-1 -1 $-1 0.6064447760251669983 -3.005243115372595142 -0.5 0.8755084818373015665 0.4832027506450510268 0 -0.4832027506450510268 0.8755084818373015665 0 forward_v I I I I #
coedge $-1 -1 $-1 $1450 $1358 $1360 $1408 forward $1309 $-1 #
coedge $-1 -1 $-1 $1358 $1450 $1366 $1415 reversed $1309 $-1 #
coedge $-1 -1 $-1 $1360 $1359 $1451 $1452 reversed $1263 $-1 #
coedge $-1 -1 $-1 $1453 $1454 $1359 $1407 forward $1455 $-1 #
edge $1456 -1 $-1 $1457 -0.75 $1412 0.25 $1359 $1458 forward @7 unknown #
edge $1459 -1 $-1 $1411 0 $1460 1 $1403 $1461 forward @7 tangent #
coedge $-1 -1 $-1 $1361 $1462 $1453 $1463 reversed $81 $-1 #
color-adesk-attrib $-1 -1 $-1 $-1 $1362 256 #
vertex $-1 -1 $-1 $1370 $1464 #
vertex $-1 -1 $-1 $1362 $1465 #
straight-curve $-1 -1 $-1 0.6064447760251669983 -3.705243115372594431 -0.5 -0.4832027506450510268 0.8755084818373015665 0 F 0 F 0.6341950156866418276 #
coedge $-1 -1 $-1 $1451 $1363 $1450 $1466 forward $192 $-1 #
edge $1467 -1 $-1 $1372 0 $1417 1 $1366 $1468 forward @7 tangent #
color-adesk-attrib $-1 -1 $-1 $-1 $1367 256 #
vertex $-1 -1 $-1 $1415 $1469 #
straight-curve $-1 -1 $-1 0.3000000000000003775 -3.849999999999999645 0.5 0.9683771170978024978 0.2494910000006997919 0 I I #
color-adesk-attrib $-1 -1 $-1 $-1 $1370 256 #
ellipse-curve $-1 -1 $-1 0.5617938434514646584 -3.729886455655492483 -0.5 0 0 1 0.01272404100003571292 -0.04938723297198793771 0 1 F 0 F 1.822950924646152826 #
point $-1 -1 $-1 0.5745178844515003158 -3.779273688627480254 -0.5 #
coedge $-1 -1 $-1 $1376 $1470 $1435 $1471 forward $192 $-1 #
edge $1472 -1 $-1 $1440 0 $1394 1.822950924646152826 $1389 $1473 forward @7 unknown #
color-adesk-attrib $-1 -1 $-1 $-1 $1377 256 #
straight-curve $-1 -1 $-1 0.6064447760251675534 5.394756884627406102 0.5 -0.4832027506450510268 0.8755084818373015665 0 I I #
coedge $-1 -1 $-1 $1474 $1380 $1475 $1476 reversed $81 $-1 #
coedge $-1 -1 $-1 $1477 $1478 $1380 $1428 forward $1479 $-1 #
edge $1480 -1 $-1 $1481 0 $1433 1.822950924646152826 $1427 $1482 forward @7 unknown #
coedge $-1 -1 $-1 $1483 $1381 $1384 $1436 reversed $1431 $-1 #
coedge $-1 -1 $-1 $1381 $1483 $1477 $1484 reversed $1431 $-1 #
loop $-1 -1 $-1 $-1 $1381 $1485 #
color-adesk-attrib $-1 -1 $-1 $-1 $1382 256 #
vertex $-1 -1 $-1 $1428 $1486 #
straight-curve $-1 -1 $-1 0.6064447760251675534 4.694756884627405036 -0.5 -0.4832027506450510268 0.8755084818373015665 0 F 0 F 0.6341950156866418276 #
coedge $-1 -1 $-1 $1384 $1383 $1422 $1471 reversed $1385 $-1 #
edge $1487 -1 $-1 $1488 -0.75 $1387 0.25 $1429 $1489 forward @7 unknown #
face $1490 -1 $-1 $1209 $1385 $7 $-1 $1491 forward single #
point $-1 -1 $-1 0.3000000000000009326 5.250000000000001776 -0.5 #
color-adesk-attrib $-1 -1 $-1 $-1 $1390 256 #
vertex $-1 -1 $-1 $1390 $1492 #
straight-curve $-1 -1 $-1 0.5745178844515008709 5.320726311372520279 -0.5 0 0 1 I I #
color-adesk-attrib $-1 -1 $-1 $-1 $1391 256 #
cone-surface $-1 -1 $-1 0.5617938434514652135 5.370113544344508938 -0.5 0 0 1 0.01272404100003571292 -0.04938723297198793771 0 1 I I 0 1 0.05100000000000002448 forward I I I I #
point $-1 -1 $-1 0.6064447760251675534 5.394756884627406102 0.5 #
color-adesk-attrib $-1 -1 $-1 $-1 $1400 256 #
face $1493 -1 $-1 $1494 $1455 $7 $-1 $1495 forward single #
loop $-1 -1 $-1 $-1 $1496 $1400 #
cone-surface $-1 -1 $-1 0.5617938434514646584 -3.029886455655493194 -0.5 0 0 1 0.01272404100003571292 -0.04938723297198793771 0 1 I I 0 1 0.05100000000000002448 forward I I I I #
coedge $-1 -1 $-1 $1497 $1498 $1499 $1500 forward $1401 $-1 #
coedge $-1 -1 $-1 $1404 $1403 $1414 $1466 reversed $1309 $-1 #
coedge $-1 -1 $-1 $1501 $1414 $1405 $1452 forward $192 $-1 #
edge $1502 -1 $-1 $1460 0 $1457 0.6341950156866418276 $1405 $1503 forward @7 unknown #
coedge $-1 -1 $-1 $1504 $1406 $1409 $1463 forward $1455 $-1 #
coedge $-1 -1 $-1 $1406 $1504 $1501 $1505 reversed $1455 $-1 #
loop $-1 -1 $-1 $-1 $1453 $1446 #
color-adesk-attrib $-1 -1 $-1 $-1 $1407 256 #
vertex $-1 -1 $-1 $1505 $1506 #
straight-curve $-1 -1 $-1 0.3000000000000000444 -3.149999999999998135 -0.25 0 0 -1 I I #
color-adesk-attrib $-1 -1 $-1 $-1 $1408 256 #
vertex $-1 -1 $-1 $1408 $1507 #
straight-curve $-1 -1 $-1 0.6064447760251669983 -3.705243115372594431 -0.5 0 0 1 I I #
coedge $-1 -1 $-1 $1409 $1499 $1496 $1508 reversed $81 $-1 #
edge $1509 -1 $-1 $1412 0 $1510 0.2834824156876216694 $1453 $1511 forward @7 unknown #
point $-1 -1 $-1 0.6064447760251669983 -3.705243115372594431 -0.5 #
point $-1 -1 $-1 0.300000000000000433 -3.150000000000000355 -0.5 #
edge $1512 -1 $-1 $1417 0 $1460 1.822950924646152826 $1450 $1513 forward @7 unknown #
color-adesk-attrib $-1 -1 $-1 $-1 $1415 256 #
straight-curve $-1 -1 $-1 0.5745178844515003158 -3.779273688627480254 -0.5 0 0 1 I I #
point $-1 -1 $-1 0.5745178844515003158 -3.779273688627480254 0.5 #
coedge $-1 -1 $-1 $1422 $1514 $1483 $1515 forward $192 $-1 #
edge $1516 -1 $-1 $1488 0 $1440 0.2834824156876216694 $1435 $1517 forward @7 unknown #
color-adesk-attrib $-1 -1 $-1 $-1 $1423 256 #
ellipse-curve $-1 -1 $-1 0.5617938434514652135 5.370113544344508938 0.5 0 0 1 0.01272404100003571292 -0.04938723297198793771 0 1 I I #
coedge $-1 -1 $-1 $1518 $1426 $1519 $1520 reversed $81 $-1 #
coedge $-1 -1 $-1 $1521 $1522 $1426 $1476 forward $1523 $-1 #
edge $1524 -1 $-1 $1525 0 $1481 0.2834824156876216694 $1475 $1526 forward @7 unknown #
coedge $-1 -1 $-1 $1527 $1427 $1430 $1484 forward $1479 $-1 #
coedge $-1 -1 $-1 $1427 $1527 $1521 $1528 reversed $1479 $-1 #
loop $-1 -1 $-1 $-1 $1427 $1529 #
color-adesk-attrib $-1 -1 $-1 $-1 $1428 256 #
vertex $-1 -1 $-1 $1476 $1530 #
ellipse-curve $-1 -1 $-1 0.5617938434514651025 4.670113544344507872 -0.5 0 0 1 0.01272404100003571292 -0.04938723297198793771 0 1 F 0 F 1.822950924646152826 #
coedge $-1 -1 $-1 $1430 $1429 $1470 $1515 reversed $1431 $-1 #
edge $1531 -1 $-1 $1433 0 $1532 1 $1477 $1533 forward @7 tangent #
face $1534 -1 $-1 $1529 $1431 $7 $-1 $1535 forward single #
point $-1 -1 $-1 0.6064447760251675534 4.694756884627405036 -0.5 #
color-adesk-attrib $-1 -1 $-1 $-1 $1436 256 #
vertex $-1 -1 $-1 $1471 $1536 #
straight-curve $-1 -1 $-1 0.2999999999999998224 5.250000000000001776 -0.25 0 0 -1 I I #
color-adesk-attrib $-1 -1 $-1 $-1 $1437 256 #
plane-surface $-1 -1 $-1 0.3000000000000009326 5.250000000000001776 -0.5 0.2494910000006997919 -0.9683771170978024978 0 0.9683771170978024978 0.2494910000006997919 0 forward_v I I I I #
point $-1 -1 $-1 0.5745178844515008709 5.320726311372520279 0.5 #
color-adesk-attrib $-1 -1 $-1 $-1 $1446 256 #
face $1537 -1 $-1 $1538 $1539 $7 $-1 $1540 forward single #
plane-surface $-1 -1 $-1 0.300000000000000433 -3.150000000000000355 -0.5 0.2494910000006997919 -0.9683771170978024978 0 0.9683771170978024978 0.2494910000006997919 0 forward_v I I I I #
coedge $-1 -1 $-1 $1541 $1542 $1462 $1508 forward $1447 $-1 #
coedge $-1 -1 $-1 $1543 $1449 $1544 $1545 reversed $1401 $-1 #
coedge $-1 -1 $-1 $1449 $1543 $1541 $1546 reversed $1401 $-1 #
coedge $-1 -1 $-1 $1462 $1547 $1449 $1500 reversed $81 $-1 #
edge $1548 -1 $-1 $1549 0 $1550 0.6341950156866418276 $1449 $1551 forward @7 unknown #
coedge $-1 -1 $-1 $1552 $1451 $1454 $1505 forward $192 $-1 #
color-adesk-attrib $-1 -1 $-1 $-1 $1452 256 #
straight-curve $-1 -1 $-1 0.6064447760251669983 -3.705243115372594431 0.5 -0.4832027506450510268 0.8755084818373015665 0 I I #
coedge $-1 -1 $-1 $1454 $1453 $1542 $1553 forward $1455 $-1 #
edge $1554 -1 $-1 $1457 0 $1555 0.2834824156876216694 $1454 $1556 forward @7 unknown #
point $-1 -1 $-1 0.300000000000000433 -3.150000000000000355 0.5 #
point $-1 -1 $-1 0.6064447760251669983 -3.705243115372594431 0.5 #
edge $1557 -1 $-1 $1510 0 $1549 1.822950924646152826 $1496 $1558 forward @7 unknown #
color-adesk-attrib $-1 -1 $-1 $-1 $1463 256 #
vertex $-1 -1 $-1 $1463 $1559 #
straight-curve $-1 -1 $-1 0.300000000000000433 -3.150000000000000355 -0.5 0.9683771170978024978 0.2494910000006997919 0 F 0 F 0.2834824156876216694 #
color-adesk-attrib $-1 -1 $-1 $-1 $1466 256 #
ellipse-curve $-1 -1 $-1 0.5617938434514646584 -3.729886455655492483 0.5 0 0 1 0.01272404100003571292 -0.04938723297198793771 0 1 I I #
coedge $-1 -1 $-1 $1470 $1560 $1527 $1561 forward $192 $-1 #
edge $1562 -1 $-1 $1532 0 $1488 0.6341950156866418276 $1483 $1563 forward @7 unknown #
color-adesk-attrib $-1 -1 $-1 $-1 $1471 256 #
straight-curve $-1 -1 $-1 0.3000000000000009326 5.250000000000001776 0.5 0.9683771170978024978 0.2494910000006997919 0 I I #
coedge $-1 -1 $-1 $1564 $1474 $1565 $1566 reversed $81 $-1 #
coedge $-1 -1 $-1 $1567 $1568 $1474 $1520 forward $1569 $-1 #
edge $1570 -1 $-1 $1571 0 $1525 0.6341950156866418276 $1519 $1572 forward @7 unknown #
coedge $-1 -1 $-1 $1573 $1475 $1478 $1528 forward $1523 $-1 #
coedge $-1 -1 $-1 $1475 $1573 $1567 $1574 forward $1523 $-1 #
loop $-1 -1 $-1 $-1 $1475 $1575 #
color-adesk-attrib $-1 -1 $-1 $-1 $1476 256 #
vertex $-1 -1 $-1 $1520 $1576 #
straight-curve $-1 -1 $-1 0.3000000000000009326 4.550000000000000711 -0.5 0.9683771170978024978 0.2494910000006997919 0 F 0 F 0.2834824156876216694 #
coedge $-1 -1 $-1 $1478 $1477 $1514 $1561 reversed $1479 $-1 #
edge $1577 -1 $-1 $1481 0 $1578 1 $1521 $1579 forward @7 tangent #
face $1580 -1 $-1 $1575 $1479 $7 $-1 $1581 forward single #
point $-1 -1 $-1 0.5745178844515008709 4.620726311372519213 -0.5 #
color-adesk-attrib $-1 -1 $-1 $-1 $1484 256 #
vertex $-1 -1 $-1 $1484 $1582 #
straight-curve $-1 -1 $-1 0.6064447760251675534 4.694756884627405036 -0.5 0 0 1 I I #
color-adesk-attrib $-1 -1 $-1 $-1 $1485 256 #
plane-surface $-1 -1 $-1 0.6064447760251675534 4.694756884627405036 -0.5 0.8755084818373015665 0.4832027506450510268 0 -0.4832027506450510268 0.8755084818373015665 0 forward_v I I I I #
point $-1 -1 $-1 0.3000000000000009326 5.250000000000001776 0.5 #
color-adesk-attrib $-1 -1 $-1 $-1 $1494 256 #
face $1583 -1 $-1 $1584 $1585 $7 $-1 $1586 forward single #
loop $-1 -1 $-1 $-1 $1587 $1494 #
plane-surface $-1 -1 $-1 0.6064447760251671093 -2.305243115372594076 -0.5 0.8755084818373015665 0.4832027506450510268 0 -0.4832027506450510268 0.8755084818373015665 0 forward_v I I I I #
coedge $-1 -1 $-1 $1588 $1496 $1498 $1546 forward $1447 $-1 #
coedge $-1 -1 $-1 $1496 $1588 $1504 $1553 reversed $1447 $-1 #
coedge $-1 -1 $-1 $1498 $1497 $1589 $1590 reversed $1401 $-1 #
coedge $-1 -1 $-1 $1591 $1592 $1497 $1545 forward $1593 $-1 #
edge $1594 -1 $-1 $1595 -0.75 $1550 0.25 $1497 $1596 forward @7 unknown #
edge $1597 -1 $-1 $1549 0 $1598 1 $1541 $1599 forward @7 tangent #
coedge $-1 -1 $-1 $1499 $1600 $1591 $1601 reversed $81 $-1 #
color-adesk-attrib $-1 -1 $-1 $-1 $1500 256 #
vertex $-1 -1 $-1 $1508 $1602 #
vertex $-1 -1 $-1 $1500 $1603 #
straight-curve $-1 -1 $-1 0.6064447760251669983 -3.005243115372595142 -0.5 -0.4832027506450510268 0.8755084818373015665 0 F 0 F 0.6341950156866418276 #
coedge $-1 -1 $-1 $1589 $1501 $1588 $1604 forward $192 $-1 #
edge $1605 -1 $-1 $1510 0 $1555 1 $1504 $1606 forward @7 tangent #
color-adesk-attrib $-1 -1 $-1 $-1 $1505 256 #
vertex $-1 -1 $-1 $1553 $1607 #
straight-curve $-1 -1 $-1 0.300000000000000433 -3.150000000000000355 0.5 0.9683771170978024978 0.2494910000006997919 0 I I #
color-adesk-attrib $-1 -1 $-1 $-1 $1508 256 #
ellipse-curve $-1 -1 $-1 0.5617938434514646584 -3.029886455655493194 -0.5 0 0 1 0.01272404100003571292 -0.04938723297198793771 0 1 F 0 F 1.822950924646152826 #
point $-1 -1 $-1 0.5745178844515004268 -3.079273688627480965 -0.5 #
coedge $-1 -1 $-1 $1514 $1608 $1573 $1609 forward $192 $-1 #
edge $1610 -1 $-1 $1578 0 $1532 1.822950924646152826 $1527 $1611 forward @7 unknown #
color-adesk-attrib $-1 -1 $-1 $-1 $1515 256 #
straight-curve $-1 -1 $-1 0.6064447760251675534 4.694756884627405036 0.5 -0.4832027506450510268 0.8755084818373015665 0 I I #
coedge $-1 -1 $-1 $1612 $1518 $1613 $1614 reversed $81 $-1 #
coedge $-1 -1 $-1 $1615 $1616 $1518 $1566 forward $1617 $-1 #
edge $1618 -1 $-1 $1619 0 $1571 1.822950924646152826 $1565 $1620 forward @7 unknown #
coedge $-1 -1 $-1 $1621 $1519 $1522 $1574 reversed $1569 $-1 #
coedge $-1 -1 $-1 $1519 $1621 $1615 $1622 reversed $1569 $-1 #
loop $-1 -1 $-1 $-1 $1519 $1623 #
color-adesk-attrib $-1 -1 $-1 $-1 $1520 256 #
vertex $-1 -1 $-1 $1566 $1624 #
straight-curve $-1 -1 $-1 0.6064447760251674424 3.994756884627405746 -0.5 -0.4832027506450510268 0.8755084818373015665 0 F 0 F 0.6341950156866418276 #
coedge $-1 -1 $-1 $1522 $1521 $1560 $1609 reversed $1523 $-1 #
edge $1625 -1 $-1 $1626 -0.75 $1525 0.25 $1567 $1627 forward @7 unknown #
face $1628 -1 $-1 $1347 $1523 $7 $-1 $1629 forward single #
point $-1 -1 $-1 0.3000000000000009326 4.550000000000000711 -0.5 #
color-adesk-attrib $-1 -1 $-1 $-1 $1528 256 #
vertex $-1 -1 $-1 $1528 $1630 #
straight-curve $-1 -1 $-1 0.5745178844515008709 4.620726311372519213 -0.5 0 0 1 I I #
color-adesk-attrib $-1 -1 $-1 $-1 $1529 256 #
cone-surface $-1 -1 $-1 0.5617938434514651025 4.670113544344507872 -0.5 0 0 1 0.01272404100003571292 -0.04938723297198793771 0 1 I I 0 1 0.05100000000000002448 forward I I I I #
point $-1 -1 $-1 0.6064447760251675534 4.694756884627405036 0.5 #
color-adesk-attrib $-1 -1 $-1 $-1 $1538 256 #
face $1631 -1 $-1 $1632 $1593 $7 $-1 $1633 forward single #
loop $-1 -1 $-1 $-1 $1634 $1538 #
cone-surface $-1 -1 $-1 0.5617938434514646584 -2.329886455655492128 -0.5 0 0 1 0.01272404100003571292 -0.04938723297198793771 0 1 I I 0 1 0.05100000000000002448 forward I I I I #
coedge $-1 -1 $-1 $1635 $1636 $1637 $1638 forward $1539 $-1 #
coedge $-1 -1 $-1 $1542 $1541 $1552 $1604 reversed $1447 $-1 #
coedge $-1 -1 $-1 $1639 $1552 $1543 $1590 forward $192 $-1 #
edge $1640 -1 $-1 $1598 0 $1595 0.6341950156866418276 $1543 $1641 forward @7 unknown #
coedge $-1 -1 $-1 $1642 $1544 $1547 $1601 forward $1593 $-1 #
coedge $-1 -1 $-1 $1544 $1642 $1639 $1643 reversed $1593 $-1 #
loop $-1 -1 $-1 $-1 $1591 $1584 #
color-adesk-attrib $-1 -1 $-1 $-1 $1545 256 #
vertex $-1 -1 $-1 $1643 $1644 #
straight-curve $-1 -1 $-1 0.2999999999999999889 -2.449999999999999289 -0.25 0 0 -1 I I #
color-adesk-attrib $-1 -1 $-1 $-1 $1546 256 #
vertex $-1 -1 $-1 $1546 $1645 #
straight-curve $-1 -1 $-1 0.6064447760251669983 -3.005243115372595142 -0.5 0 0 1 I I #
coedge $-1 -1 $-1 $1547 $1637 $1634 $1646 reversed $81 $-1 #
edge $1647 -1 $-1 $1550 0 $1648 0.2834824156876216694 $1591 $1649 forward @7 unknown #
point $-1 -1 $-1 0.6064447760251669983 -3.005243115372595142 -0.5 #
point $-1 -1 $-1 0.3000000000000004885 -2.449999999999999289 -0.5 #
edge $1650 -1 $-1 $1555 0 $1598 1.822950924646152826 $1588 $1651 forward @7 unknown #
color-adesk-attrib $-1 -1 $-1 $-1 $1553 256 #
straight-curve $-1 -1 $-1 0.5745178844515004268 -3.079273688627480965 -0.5 0 0 1 I I #
point $-1 -1 $-1 0.5745178844515004268 -3.079273688627480965 0.5 #
coedge $-1 -1 $-1 $1560 $1652 $1621 $1653 forward $192 $-1 #
edge $1654 -1 $-1 $1626 0 $1578 0.2834824156876216694 $1573 $1655 forward @7 unknown #
color-adesk-attrib $-1 -1 $-1 $-1 $1561 256 #
ellipse-curve $-1 -1 $-1 0.5617938434514651025 4.670113544344507872 0.5 0 0 1 0.01272404100003571292 -0.04938723297198793771 0 1 I I #
coedge $-1 -1 $-1 $1656 $1564 $1657 $1658 reversed $81 $-1 #
coedge $-1 -1 $-1 $1659 $1660 $1564 $1614 forward $1661 $-1 #
edge $1662 -1 $-1 $1663 0 $1619 0.2834824156876216694 $1613 $1664 forward @7 unknown #
coedge $-1 -1 $-1 $1665 $1565 $1568 $1622 forward $1617 $-1 #
coedge $-1 -1 $-1 $1565 $1665 $1659 $1666 reversed $1617 $-1 #
loop $-1 -1 $-1 $-1 $1565 $1667 #
color-adesk-attrib $-1 -1 $-1 $-1 $1566 256 #
vertex $-1 -1 $-1 $1614 $1668 #
ellipse-curve $-1 -1 $-1 0.5617938434514651025 3.970113544344508583 -0.5 0 0 1 0.01272404100003571292 -0.04938723297198793771 0 1 F 0 F 1.822950924646152826 #
coedge $-1 -1 $-1 $1568 $1567 $1608 $1653 reversed $1569 $-1 #
edge $1669 -1 $-1 $1571 0 $1670 1 $1615 $1671 forward @7 tangent #
face $1672 -1 $-1 $1667 $1569 $7 $-1 $1673 forward single #
point $-1 -1 $-1 0.6064447760251674424 3.994756884627405746 -0.5 #
color-adesk-attrib $-1 -1 $-1 $-1 $1574 256 #
vertex $-1 -1 $-1 $1609 $1674 #
straight-curve $-1 -1 $-1 0.2999999999999998224 4.550000000000003375 -0.25 0 0 -1 I I #
color-adesk-attrib $-1 -1 $-1 $-1 $1575 256 #
plane-surface $-1 -1 $-1 0.3000000000000009326 4.550000000000000711 -0.5 0.2494910000006997919 -0.9683771170978024978 0 0.9683771170978024978 0.2494910000006997919 0 forward_v I I I I #
point $-1 -1 $-1 0.5745178844515008709 4.620726311372519213 0.5 #
color-adesk-attrib $-1 -1 $-1 $-1 $1584 256 #
face $1675 -1 $-1 $1676 $1677 $7 $-1 $1678 forward single #
plane-surface $-1 -1 $-1 0.3000000000000004885 -2.449999999999999289 -0.5 0.2494910000006997919 -0.9683771170978024978 0 0.9683771170978024978 0.2494910000006997919 0 forward_v I I I I #
coedge $-1 -1 $-1 $1679 $1680 $1600 $1646 forward $1585 $-1 #
coedge $-1 -1 $-1 $1681 $1587 $1682 $1683 reversed $1539 $-1 #
coedge $-1 -1 $-1 $1587 $1681 $1679 $1684 reversed $1539 $-1 #
coedge $-1 -1 $-1 $1600 $1685 $1587 $1638 reversed $81 $-1 #
edge $1686 -1 $-1 $1687 0 $1688 0.6341950156866418276 $1587 $1689 forward @7 unknown #
coedge $-1 -1 $-1 $1690 $1589 $1592 $1643 forward $192 $-1 #
color-adesk-attrib $-1 -1 $-1 $-1 $1590 256 #
straight-curve $-1 -1 $-1 0.6064447760251669983 -3.005243115372595142 0.5 -0.4832027506450510268 0.8755084818373015665 0 I I #
coedge $-1 -1 $-1 $1592 $1591 $1680 $1691 forward $1593 $-1 #
edge $1692 -1 $-1 $1595 0 $1693 0.2834824156876216694 $1592 $1694 forward @7 unknown #
point $-1 -1 $-1 0.3000000000000004885 -2.449999999999999289 0.5 #
point $-1 -1 $-1 0.6064447760251669983 -3.005243115372595142 0.5 #
edge $1695 -1 $-1 $1648 0 $1687 1.822950924646152826 $1634 $1696 forward @7 unknown #
color-adesk-attrib $-1 -1 $-1 $-1 $1601 256 #
vertex $-1 -1 $-1 $1601 $1697 #
straight-curve $-1 -1 $-1 0.3000000000000004885 -2.449999999999999289 -0.5 0.9683771170978024978 0.2494910000006997919 0 F 0 F 0.2834824156876216694 #
color-adesk-attrib $-1 -1 $-1 $-1 $1604 256 #
ellipse-curve $-1 -1 $-1 0.5617938434514646584 -3.029886455655493194 0.5 0 0 1 0.01272404100003571292 -0.04938723297198793771 0 1 I I #
coedge $-1 -1 $-1 $1608 $1698 $1665 $1699 forward $192 $-1 #
edge $1700 -1 $-1 $1670 0 $1626 0.6341950156866418276 $1621 $1701 forward @7 unknown #
color-adesk-attrib $-1 -1 $-1 $-1 $1609 256 #
straight-curve $-1 -1 $-1 0.3000000000000009326 4.550000000000000711 0.5 0.9683771170978024978 0.2494910000006997919 0 I I #
coedge $-1 -1 $-1 $1702 $1612 $1703 $1704 reversed $81 $-1 #
coedge $-1 -1 $-1 $1705 $1706 $1612 $1658 forward $1707 $-1 #
edge $1708 -1 $-1 $1709 0 $1663 0.6341950156866418276 $1657 $1710 forward @7 unknown #
coedge $-1 -1 $-1 $1711 $1613 $1616 $1666 forward $1661 $-1 #
coedge $-1 -1 $-1 $1613 $1711 $1705 $1712 forward $1661 $-1 #
loop $-1 -1 $-1 $-1 $1613 $1713 #
color-adesk-attrib $-1 -1 $-1 $-1 $1614 256 #
vertex $-1 -1 $-1 $1658 $1714 #
straight-curve $-1 -1 $-1 0.3000000000000008771 3.850000000000001421 -0.5 0.9683771170978024978 0.2494910000006997919 0 F 0 F 0.2834824156876216694 #
coedge $-1 -1 $-1 $1616 $1615 $1652 $1699 reversed $1617 $-1 #
edge $1715 -1 $-1 $1619 0 $1716 1 $1659 $1717 forward @7 tangent #
face $1718 -1 $-1 $1713 $1617 $7 $-1 $1719 forward single #
point $-1 -1 $-1 0.5745178844515008709 3.920726311372519923 -0.5 #
color-adesk-attrib $-1 -1 $-1 $-1 $1622 256 #
vertex $-1 -1 $-1 $1622 $1720 #
straight-curve $-1 -1 $-1 0.6064447760251674424 3.994756884627405746 -0.5 0 0 1 I I #
color-adesk-attrib $-1 -1 $-1 $-1 $1623 256 #
plane-surface $-1 -1 $-1 0.6064447760251674424 3.994756884627405746 -0.5 0.8755084818373015665 0.4832027506450510268 0 -0.4832027506450510268 0.8755084818373015665 0 forward_v I I I I #
point $-1 -1 $-1 0.3000000000000009326 4.550000000000000711 0.5 #
color-adesk-attrib $-1 -1 $-1 $-1 $1632 256 #
face $1721 -1 $-1 $1722 $1723 $7 $-1 $1724 forward single #
loop $-1 -1 $-1 $-1 $1725 $1632 #
plane-surface $-1 -1 $-1 0.6064447760251672204 -1.605243115372594787 -0.5 0.8755084818373015665 0.4832027506450510268 0 -0.4832027506450510268 0.8755084818373015665 0 forward_v I I I I #
coedge $-1 -1 $-1 $1726 $1634 $1636 $1684 forward $1585 $-1 #
coedge $-1 -1 $-1 $1634 $1726 $1642 $1691 reversed $1585 $-1 #
coedge $-1 -1 $-1 $1636 $1635 $1727 $1728 reversed $1539 $-1 #
coedge $-1 -1 $-1 $1729 $1730 $1635 $1683 forward $1731 $-1 #
edge $1732 -1 $-1 $1733 -0.75 $1688 0.25 $1635 $1734 forward @7 unknown #
edge $1735 -1 $-1 $1687 0 $1736 1 $1679 $1737 forward @7 tangent #
coedge $-1 -1 $-1 $1637 $1738 $1729 $1739 reversed $81 $-1 #
color-adesk-attrib $-1 -1 $-1 $-1 $1638 256 #
vertex $-1 -1 $-1 $1646 $1740 #
vertex $-1 -1 $-1 $1638 $1741 #
straight-curve $-1 -1 $-1 0.6064447760251671093 -2.305243115372594076 -0.5 -0.4832027506450510268 0.8755084818373015665 0 F 0 F 0.6341950156866418276 #
coedge $-1 -1 $-1 $1727 $1639 $1726 $1742 forward $192 $-1 #
edge $1743 -1 $-1 $1648 0 $1693 1 $1642 $1744 forward @7 tangent #
color-adesk-attrib $-1 -1 $-1 $-1 $1643 256 #
vertex $-1 -1 $-1 $1691 $1745 #
straight-curve $-1 -1 $-1 0.3000000000000004885 -2.449999999999999289 0.5 0.9683771170978024978 0.2494910000006997919 0 I I #
color-adesk-attrib $-1 -1 $-1 $-1 $1646 256 #
ellipse-curve $-1 -1 $-1 0.5617938434514646584 -2.329886455655492128 -0.5 0 0 1 0.01272404100003571292 -0.04938723297198793771 0 1 F 0 F 1.822950924646152826 #
point $-1 -1 $-1 0.5745178844515004268 -2.379273688627479899 -0.5 #
coedge $-1 -1 $-1 $1652 $1746 $1711 $1747 forward $192 $-1 #
edge $1748 -1 $-1 $1716 0 $1670 1.822950924646152826 $1665 $1749 forward @7 unknown #
color-adesk-attrib $-1 -1 $-1 $-1 $1653 256 #
straight-curve $-1 -1 $-1 0.6064447760251674424 3.994756884627405746 0.5 -0.4832027506450510268 0.8755084818373015665 0 I I #
coedge $-1 -1 $-1 $1750 $1656 $1751 $1752 reversed $81 $-1 #
coedge $-1 -1 $-1 $1753 $1754 $1656 $1704 forward $1755 $-1 #
edge $1756 -1 $-1 $1757 0 $1709 1.822950924646152826 $1703 $1758 forward @7 unknown #
coedge $-1 -1 $-1 $1759 $1657 $1660 $1712 reversed $1707 $-1 #
coedge $-1 -1 $-1 $1657 $1759 $1753 $1760 reversed $1707 $-1 #
loop $-1 -1 $-1 $-1 $1657 $1761 #
color-adesk-attrib $-1 -1 $-1 $-1 $1658 256 #
vertex $-1 -1 $-1 $1704 $1762 #
straight-curve $-1 -1 $-1 0.6064447760251674424 3.294756884627404681 -0.5 -0.4832027506450510268 0.8755084818373015665 0 F 0 F 0.6341950156866418276 #
coedge $-1 -1 $-1 $1660 $1659 $1698 $1747 reversed $1661 $-1 #
edge $1763 -1 $-1 $1764 -0.75 $1663 0.25 $1705 $1765 forward @7 unknown #
face $1766 -1 $-1 $1485 $1661 $7 $-1 $1767 forward single #
point $-1 -1 $-1 0.3000000000000008771 3.850000000000001421 -0.5 #
color-adesk-attrib $-1 -1 $-1 $-1 $1666 256 #
vertex $-1 -1 $-1 $1666 $1768 #
straight-curve $-1 -1 $-1 0.5745178844515008709 3.920726311372519923 -0.5 0 0 1 I I #
color-adesk-attrib $-1 -1 $-1 $-1 $1667 256 #
cone-surface $-1 -1 $-1 0.5617938434514651025 3.970113544344508583 -0.5 0 0 1 0.01272404100003571292 -0.04938723297198793771 0 1 I I 0 1 0.05100000000000002448 forward I I I I #
point $-1 -1 $-1 0.6064447760251674424 3.994756884627405746 0.5 #
color-adesk-attrib $-1 -1 $-1 $-1 $1676 256 #
face $1769 -1 $-1 $1770 $1731 $7 $-1 $1771 forward single #
loop $-1 -1 $-1 $-1 $1772 $1676 #
cone-surface $-1 -1 $-1 0.5617938434514647694 -1.629886455655492838 -0.5 0 0 1 0.01272404100003571292 -0.04938723297198793771 0 1 I I 0 1 0.05100000000000002448 forward I I I I #
coedge $-1 -1 $-1 $1773 $1774 $1775 $1776 forward $1677 $-1 #
coedge $-1 -1 $-1 $1680 $1679 $1690 $1742 reversed $1585 $-1 #
coedge $-1 -1 $-1 $1777 $1690 $1681 $1728 forward $192 $-1 #
edge $1778 -1 $-1 $1736 0 $1733 0.6341950156866418276 $1681 $1779 forward @7 unknown #
coedge $-1 -1 $-1 $1780 $1682 $1685 $1739 forward $1731 $-1 #
coedge $-1 -1 $-1 $1682 $1780 $1777 $1781 reversed $1731 $-1 #
loop $-1 -1 $-1 $-1 $1729 $1722 #
color-adesk-attrib $-1 -1 $-1 $-1 $1683 256 #
vertex $-1 -1 $-1 $1781 $1782 #
straight-curve $-1 -1 $-1 0.2999999999999999889 -1.749999999999997558 -0.25 0 0 -1 I I #
color-adesk-attrib $-1 -1 $-1 $-1 $1684 256 #
vertex $-1 -1 $-1 $1684 $1783 #
straight-curve $-1 -1 $-1 0.6064447760251671093 -2.305243115372594076 -0.5 0 0 1 I I #
coedge $-1 -1 $-1 $1685 $1775 $1772 $1784 reversed $81 $-1 #
edge $1785 -1 $-1 $1688 0 $1786 0.2834824156876216694 $1729 $1787 forward @7 unknown #
point $-1 -1 $-1 0.6064447760251671093 -2.305243115372594076 -0.5 #
point $-1 -1 $-1 0.300000000000000544 -1.75 -0.5 #
edge $1788 -1 $-1 $1693 0 $1736 1.822950924646152826 $1726 $1789 forward @7 unknown #
color-adesk-attrib $-1 -1 $-1 $-1 $1691 256 #
straight-curve $-1 -1 $-1 0.5745178844515004268 -2.379273688627479899 -0.5 0 0 1 I I #
point $-1 -1 $-1 0.5745178844515004268 -2.379273688627479899 0.5 #
coedge $-1 -1 $-1 $1698 $1790 $1759 $1791 forward $192 $-1 #
edge $1792 -1 $-1 $1764 0 $1716 0.2834824156876216694 $1711 $1793 forward @7 unknown #
color-adesk-attrib $-1 -1 $-1 $-1 $1699 256 #
ellipse-curve $-1 -1 $-1 0.5617938434514651025 3.970113544344508583 0.5 0 0 1 0.01272404100003571292 -0.04938723297198793771 0 1 I I #
coedge $-1 -1 $-1 $1794 $1702 $1795 $1796 reversed $81 $-1 #
coedge $-1 -1 $-1 $1797 $1798 $1702 $1752 forward $1799 $-1 #
edge $1800 -1 $-1 $1801 0 $1757 0.2834824156876216694 $1751 $1802 forward @7 unknown #
coedge $-1 -1 $-1 $1803 $1703 $1706 $1760 forward $1755 $-1 #
coedge $-1 -1 $-1 $1703 $1803 $1797 $1804 reversed $1755 $-1 #
loop $-1 -1 $-1 $-1 $1703 $1805 #
color-adesk-attrib $-1 -1 $-1 $-1 $1704 256 #
vertex $-1 -1 $-1 $1752 $1806 #
ellipse-curve $-1 -1 $-1 0.5617938434514651025 3.270113544344507517 -0.5 0 0 1 0.01272404100003571292 -0.04938723297198793771 0 1 F 0 F 1.822950924646152826 #
coedge $-1 -1 $-1 $1706 $1705 $1746 $1791 reversed $1707 $-1 #
edge $1807 -1 $-1 $1709 0 $1808 1 $1753 $1809 forward @7 tangent #
face $1810 -1 $-1 $1805 $1707 $7 $-1 $1811 forward single #
point $-1 -1 $-1 0.6064447760251674424 3.294756884627404681 -0.5 #
color-adesk-attrib $-1 -1 $-1 $-1 $1712 256 #
vertex $-1 -1 $-1 $1747 $1812 #
straight-curve $-1 -1 $-1 0.3000000000000000444 3.850000000000001421 -0.25 0 0 -1 I I #
color-adesk-attrib $-1 -1 $-1 $-1 $1713 256 #
plane-surface $-1 -1 $-1 0.3000000000000008771 3.850000000000001421 -0.5 0.2494910000006997919 -0.9683771170978024978 0 0.9683771170978024978 0.2494910000006997919 0 forward_v I I I I #
point $-1 -1 $-1 0.5745178844515008709 3.920726311372519923 0.5 #
color-adesk-attrib $-1 -1 $-1 $-1 $1722 256 #
face $1813 -1 $-1 $1814 $1815 $7 $-1 $1816 forward single #
plane-surface $-1 -1 $-1 0.300000000000000544 -1.75 -0.5 0.2494910000006997919 -0.9683771170978024978 0 0.9683771170978024978 0.2494910000006997919 0 forward_v I I I I #
coedge $-1 -1 $-1 $1817 $1818 $1738 $1784 forward $1723 $-1 #
coedge $-1 -1 $-1 $1819 $1725 $1820 $1821 reversed $1677 $-1 #
coedge $-1 -1 $-1 $1725 $1819 $1817 $1822 reversed $1677 $-1 #
coedge $-1 -1 $-1 $1738 $1823 $1725 $1776 reversed $81 $-1 #
edge $1824 -1 $-1 $1825 0 $1826 0.6341950156866418276 $1725 $1827 forward @7 unknown #
coedge $-1 -1 $-1 $1828 $1727 $1730 $1781 forward $192 $-1 #
color-adesk-attrib $-1 -1 $-1 $-1 $1728 256 #
straight-curve $-1 -1 $-1 0.6064447760251671093 -2.305243115372594076 0.5 -0.4832027506450510268 0.8755084818373015665 0 I I #
coedge $-1 -1 $-1 $1730 $1729 $1818 $1829 forward $1731 $-1 #
edge $1830 -1 $-1 $1733 0 $1831 0.2834824156876216694 $1730 $1832 forward @7 unknown #
point $-1 -1 $-1 0.300000000000000544 -1.75 0.5 #
point $-1 -1 $-1 0.6064447760251671093 -2.305243115372595852 0.5 #
edge $1833 -1 $-1 $1786 0 $1825 1.822950924646152826 $1772 $1834 forward @7 unknown #
color-adesk-attrib $-1 -1 $-1 $-1 $1739 256 #
vertex $-1 -1 $-1 $1739 $1835 #
straight-curve $-1 -1 $-1 0.300000000000000544 -1.75 -0.5 0.9683771170978024978 0.2494910000006997919 0 F 0 F 0.2834824156876216694 #
color-adesk-attrib $-1 -1 $-1 $-1 $1742 256 #
ellipse-curve $-1 -1 $-1 0.5617938434514646584 -2.329886455655492128 0.5 0 0 1 0.01272404100003571292 -0.04938723297198793771 0 1 I I #
coedge $-1 -1 $-1 $1746 $1836 $1803 $1837 forward $192 $-1 #
edge $1838 -1 $-1 $1808 0 $1764 0.6341950156866418276 $1759 $1839 forward @7 unknown #
color-adesk-attrib $-1 -1 $-1 $-1 $1747 256 #
straight-curve $-1 -1 $-1 0.3000000000000008771 3.850000000000001421 0.5 0.9683771170978024978 0.2494910000006997919 0 I I #
coedge $-1 -1 $-1 $1840 $1750 $1841 $1842 reversed $81 $-1 #
coedge $-1 -1 $-1 $1843 $1844 $1750 $1796 forward $1845 $-1 #
edge $1846 -1 $-1 $1847 0 $1801 0.6341950156866418276 $1795 $1848 forward @7 unknown #
coedge $-1 -1 $-1 $1849 $1751 $1754 $1804 forward $1799 $-1 #
coedge $-1 -1 $-1 $1751 $1849 $1843 $1850 forward $1799 $-1 #
loop $-1 -1 $-1 $-1 $1751 $1851 #
color-adesk-attrib $-1 -1 $-1 $-1 $1752 256 #
vertex $-1 -1 $-1 $1796 $1852 #
straight-curve $-1 -1 $-1 0.3000000000000008216 3.150000000000000355 -0.5 0.9683771170978024978 0.2494910000006997919 0 F 0 F 0.2834824156876216694 #
coedge $-1 -1 $-1 $1754 $1753 $1790 $1837 reversed $1755 $-1 #
edge $1853 -1 $-1 $1757 0 $1854 1 $1797 $1855 forward @7 tangent #
face $1856 -1 $-1 $1851 $1755 $7 $-1 $1857 forward single #
point $-1 -1 $-1 0.5745178844515007599 3.220726311372518857 -0.5 #
color-adesk-attrib $-1 -1 $-1 $-1 $1760 256 #
vertex $-1 -1 $-1 $1760 $1858 #
straight-curve $-1 -1 $-1 0.6064447760251674424 3.294756884627404681 -0.5 0 0 1 I I #
color-adesk-attrib $-1 -1 $-1 $-1 $1761 256 #
plane-surface $-1 -1 $-1 0.6064447760251674424 3.294756884627404681 -0.5 0.8755084818373015665 0.4832027506450510268 0 -0.4832027506450510268 0.8755084818373015665 0 forward_v I I I I #
point $-1 -1 $-1 0.3000000000000008771 3.850000000000001421 0.5 #
color-adesk-attrib $-1 -1 $-1 $-1 $1770 256 #
face $1859 -1 $-1 $1860 $1861 $7 $-1 $1862 forward single #
loop $-1 -1 $-1 $-1 $1863 $1770 #
plane-surface $-1 -1 $-1 0.6064447760251672204 -0.9052431153725937207 -0.5 0.8755084818373015665 0.4832027506450510268 0 -0.4832027506450510268 0.8755084818373015665 0 forward_v I I I I #
coedge $-1 -1 $-1 $1864 $1772 $1774 $1822 forward $1723 $-1 #
coedge $-1 -1 $-1 $1772 $1864 $1780 $1829 reversed $1723 $-1 #
coedge $-1 -1 $-1 $1774 $1773 $1865 $1866 reversed $1677 $-1 #
coedge $-1 -1 $-1 $1867 $1868 $1773 $1821 forward $1869 $-1 #
edge $1870 -1 $-1 $1871 -0.75 $1826 0.25 $1773 $1872 forward @7 unknown #
edge $1873 -1 $-1 $1825 0 $1874 1 $1817 $1875 forward @7 tangent #
coedge $-1 -1 $-1 $1775 $1876 $1867 $1877 reversed $81 $-1 #
color-adesk-attrib $-1 -1 $-1 $-1 $1776 256 #
vertex $-1 -1 $-1 $1784 $1878 #
vertex $-1 -1 $-1 $1776 $1879 #
straight-curve $-1 -1 $-1 0.6064447760251672204 -1.605243115372594787 -0.5 -0.4832027506450510268 0.8755084818373015665 0 F 0 F 0.6341950156866418276 #
coedge $-1 -1 $-1 $1865 $1777 $1864 $1880 forward $192 $-1 #
edge $1881 -1 $-1 $1786 0 $1831 1 $1780 $1882 forward @7 tangent #
color-adesk-attrib $-1 -1 $-1 $-1 $1781 256 #
vertex $-1 -1 $-1 $1829 $1883 #
straight-curve $-1 -1 $-1 0.300000000000000544 -1.75 0.5 0.9683771170978024978 0.2494910000006997919 0 I I #
color-adesk-attrib $-1 -1 $-1 $-1 $1784 256 #
ellipse-curve $-1 -1 $-1 0.5617938434514647694 -1.629886455655492838 -0.5 0 0 1 0.01272404100003571292 -0.04938723297198793771 0 1 F 0 F 1.822950924646152826 #
point $-1 -1 $-1 0.5745178844515004268 -1.67927368862748061 -0.5 #
coedge $-1 -1 $-1 $1790 $1884 $1849 $1885 forward $192 $-1 #
edge $1886 -1 $-1 $1854 0 $1808 1.822950924646152826 $1803 $1887 forward @7 unknown #
color-adesk-attrib $-1 -1 $-1 $-1 $1791 256 #
straight-curve $-1 -1 $-1 0.6064447760251674424 3.294756884627404681 0.5 -0.4832027506450510268 0.8755084818373015665 0 I I #
coedge $-1 -1 $-1 $1888 $1794 $1889 $1890 reversed $81 $-1 #
coedge $-1 -1 $-1 $1891 $1892 $1794 $1842 forward $1893 $-1 #
edge $1894 -1 $-1 $1895 0 $1847 1.822950924646152826 $1841 $1896 forward @7 unknown #
coedge $-1 -1 $-1 $1897 $1795 $1798 $1850 reversed $1845 $-1 #
coedge $-1 -1 $-1 $1795 $1897 $1891 $1898 reversed $1845 $-1 #
loop $-1 -1 $-1 $-1 $1795 $1899 #
color-adesk-attrib $-1 -1 $-1 $-1 $1796 256 #
vertex $-1 -1 $-1 $1842 $1900 #
straight-curve $-1 -1 $-1 0.6064447760251674424 2.594756884627405391 -0.5 -0.4832027506450510268 0.8755084818373015665 0 F 0 F 0.6341950156866418276 #
coedge $-1 -1 $-1 $1798 $1797 $1836 $1885 reversed $1799 $-1 #
edge $1901 -1 $-1 $1902 -0.75 $1801 0.25 $1843 $1903 forward @7 unknown #
face $1904 -1 $-1 $1623 $1799 $7 $-1 $1905 forward single #
point $-1 -1 $-1 0.3000000000000008216 3.150000000000000355 -0.5 #
color-adesk-attrib $-1 -1 $-1 $-1 $1804 256 #
vertex $-1 -1 $-1 $1804 $1906 #
straight-curve $-1 -1 $-1 0.5745178844515007599 3.220726311372518857 -0.5 0 0 1 I I #
color-adesk-attrib $-1 -1 $-1 $-1 $1805 256 #
cone-surface $-1 -1 $-1 0.5617938434514651025 3.270113544344507517 -0.5 0 0 1 0.01272404100003571292 -0.04938723297198793771 0 1 I I 0 1 0.05100000000000002448 forward I I I I #
point $-1 -1 $-1 0.6064447760251674424 3.294756884627404681 0.5 #
color-adesk-attrib $-1 -1 $-1 $-1 $1814 256 #
face $1907 -1 $-1 $1908 $1869 $7 $-1 $1909 forward single #
loop $-1 -1 $-1 $-1 $1910 $1814 #
cone-surface $-1 -1 $-1 0.5617938434514647694 -0.9298864556554917726 -0.5 0 0 1 0.01272404100003571292 -0.04938723297198793771 0 1 I I 0 1 0.05100000000000002448 forward I I I I #
coedge $-1 -1 $-1 $1911 $1912 $1913 $1914 forward $1815 $-1 #
coedge $-1 -1 $-1 $1818 $1817 $1828 $1880 reversed $1723 $-1 #
coedge $-1 -1 $-1 $1915 $1828 $1819 $1866 forward $192 $-1 #
edge $1916 -1 $-1 $1874 0 $1871 0.6341950156866418276 $1819 $1917 forward @7 unknown #
coedge $-1 -1 $-1 $1918 $1820 $1823 $1877 forward $1869 $-1 #
coedge $-1 -1 $-1 $1820 $1918 $1915 $1919 reversed $1869 $-1 #
loop $-1 -1 $-1 $-1 $1867 $1860 #
color-adesk-attrib $-1 -1 $-1 $-1 $1821 256 #
vertex $-1 -1 $-1 $1919 $1920 #
straight-curve $-1 -1 $-1 0.2999999999999999889 -1.049999999999998046 -0.25 0 0 -1 I I #
color-adesk-attrib $-1 -1 $-1 $-1 $1822 256 #
vertex $-1 -1 $-1 $1822 $1921 #
straight-curve $-1 -1 $-1 0.6064447760251672204 -1.605243115372594787 -0.5 0 0 1 I I #
coedge $-1 -1 $-1 $1823 $1913 $1910 $1922 reversed $81 $-1 #
edge $1923 -1 $-1 $1826 0 $1924 0.2834824156876216694 $1867 $1925 forward @7 unknown #
point $-1 -1 $-1 0.6064447760251672204 -1.605243115372594787 -0.5 #
point $-1 -1 $-1 0.3000000000000005995 -1.049999999999998934 -0.5 #
edge $1926 -1 $-1 $1831 0 $1874 1.822950924646152826 $1864 $1927 forward @7 unknown #
color-adesk-attrib $-1 -1 $-1 $-1 $1829 256 #
straight-curve $-1 -1 $-1 0.5745178844515004268 -1.67927368862748061 -0.5 0 0 1 I I #
point $-1 -1 $-1 0.5745178844515004268 -1.67927368862748061 0.5 #
coedge $-1 -1 $-1 $1836 $1928 $1897 $1929 forward $192 $-1 #
edge $1930 -1 $-1 $1902 0 $1854 0.2834824156876216694 $1849 $1931 forward @7 unknown #
color-adesk-attrib $-1 -1 $-1 $-1 $1837 256 #
ellipse-curve $-1 -1 $-1 0.5617938434514651025 3.270113544344507517 0.5 0 0 1 0.01272404100003571292 -0.04938723297198793771 0 1 I I #
coedge $-1 -1 $-1 $1932 $1840 $1933 $1934 reversed $81 $-1 #
coedge $-1 -1 $-1 $1935 $1936 $1840 $1890 forward $1937 $-1 #
edge $1938 -1 $-1 $1939 0 $1895 0.2834824156876216694 $1889 $1940 forward @7 unknown #
coedge $-1 -1 $-1 $1941 $1841 $1844 $1898 forward $1893 $-1 #
coedge $-1 -1 $-1 $1841 $1941 $1935 $1942 reversed $1893 $-1 #
loop $-1 -1 $-1 $-1 $1841 $1943 #
color-adesk-attrib $-1 -1 $-1 $-1 $1842 256 #
vertex $-1 -1 $-1 $1890 $1944 #
ellipse-curve $-1 -1 $-1 0.5617938434514649915 2.570113544344508227 -0.5 0 0 1 0.01272404100003571292 -0.04938723297198793771 0 1 F 0 F 1.822950924646152826 #
coedge $-1 -1 $-1 $1844 $1843 $1884 $1929 reversed $1845 $-1 #
edge $1945 -1 $-1 $1847 0 $1946 1 $1891 $1947 forward @7 tangent #
face $1948 -1 $-1 $1943 $1845 $7 $-1 $1949 forward single #
point $-1 -1 $-1 0.6064447760251674424 2.594756884627405391 -0.5 #
color-adesk-attrib $-1 -1 $-1 $-1 $1850 256 #
vertex $-1 -1 $-1 $1885 $1950 #
straight-curve $-1 -1 $-1 0.3000000000000000444 3.150000000000002576 -0.25 0 0 -1 I I #
color-adesk-attrib $-1 -1 $-1 $-1 $1851 256 #
plane-surface $-1 -1 $-1 0.3000000000000008216 3.150000000000000355 -0.5 0.2494910000006997919 -0.9683771170978024978 0 0.9683771170978024978 0.2494910000006997919 0 forward_v I I I I #
point $-1 -1 $-1 0.5745178844515007599 3.220726311372518857 0.5 #
color-adesk-attrib $-1 -1 $-1 $-1 $1860 256 #
face $1951 -1 $-1 $1952 $1953 $7 $-1 $1954 forward single #
plane-surface $-1 -1 $-1 0.3000000000000005995 -1.049999999999998934 -0.5 0.2494910000006997919 -0.9683771170978024978 0 0.9683771170978024978 0.2494910000006997919 0 forward_v I I I I #
coedge $-1 -1 $-1 $1955 $1956 $1876 $1922 forward $1861 $-1 #
coedge $-1 -1 $-1 $1957 $1863 $1958 $1959 reversed $1815 $-1 #
coedge $-1 -1 $-1 $1863 $1957 $1955 $1960 reversed $1815 $-1 #
coedge $-1 -1 $-1 $1876 $1961 $1863 $1914 reversed $81 $-1 #
edge $1962 -1 $-1 $1963 0 $1964 0.6341950156866418276 $1863 $1965 forward @7 unknown #
coedge $-1 -1 $-1 $1966 $1865 $1868 $1919 forward $192 $-1 #
color-adesk-attrib $-1 -1 $-1 $-1 $1866 256 #
straight-curve $-1 -1 $-1 0.6064447760251672204 -1.605243115372594787 0.5 -0.4832027506450510268 0.8755084818373015665 0 I I #
coedge $-1 -1 $-1 $1868 $1867 $1956 $1967 forward $1869 $-1 #
edge $1968 -1 $-1 $1871 0 $1969 0.2834824156876216694 $1868 $1970 forward @7 unknown #
point $-1 -1 $-1 0.3000000000000005995 -1.049999999999998934 0.5 #
point $-1 -1 $-1 0.6064447760251672204 -1.605243115372596563 0.5 #
edge $1971 -1 $-1 $1924 0 $1963 1.822950924646152826 $1910 $1972 forward @7 unknown #
color-adesk-attrib $-1 -1 $-1 $-1 $1877 256 #
vertex $-1 -1 $-1 $1877 $1973 #
straight-curve $-1 -1 $-1 0.3000000000000005995 -1.049999999999998934 -0.5 0.9683771170978024978 0.2494910000006997919 0 F 0 F 0.2834824156876216694 #
color-adesk-attrib $-1 -1 $-1 $-1 $1880 256 #
ellipse-curve $-1 -1 $-1 0.5617938434514647694 -1.629886455655492838 0.5 0 0 1 0.01272404100003571292 -0.04938723297198793771 0 1 I I #
coedge $-1 -1 $-1 $1884 $1974 $1941 $1975 forward $192 $-1 #
edge $1976 -1 $-1 $1946 0 $1902 0.6341950156866418276 $1897 $1977 forward @7 unknown #
color-adesk-attrib $-1 -1 $-1 $-1 $1885 256 #
straight-curve $-1 -1 $-1 0.3000000000000008216 3.150000000000000355 0.5 0.9683771170978024978 0.2494910000006997919 0 I I #
coedge $-1 -1 $-1 $1978 $1888 $1979 $1980 reversed $81 $-1 #
coedge $-1 -1 $-1 $1981 $1982 $1888 $1934 forward $1983 $-1 #
edge $1984 -1 $-1 $1985 0 $1939 0.6341950156866418276 $1933 $1986 forward @7 unknown #
coedge $-1 -1 $-1 $1987 $1889 $1892 $1942 forward $1937 $-1 #
coedge $-1 -1 $-1 $1889 $1987 $1981 $1988 forward $1937 $-1 #
loop $-1 -1 $-1 $-1 $1889 $1989 #
color-adesk-attrib $-1 -1 $-1 $-1 $1890 256 #
vertex $-1 -1 $-1 $1934 $1990 #
straight-curve $-1 -1 $-1 0.3000000000000008216 2.450000000000001066 -0.5 0.9683771170978024978 0.2494910000006997919 0 F 0 F 0.2834824156876216694 #
coedge $-1 -1 $-1 $1892 $1891 $1928 $1975 reversed $1893 $-1 #
edge $1991 -1 $-1 $1895 0 $1992 1 $1935 $1993 forward @7 tangent #
face $1994 -1 $-1 $1989 $1893 $7 $-1 $1995 forward single #
point $-1 -1 $-1 0.5745178844515007599 2.520726311372519568 -0.5 #
color-adesk-attrib $-1 -1 $-1 $-1 $1898 256 #
vertex $-1 -1 $-1 $1898 $1996 #
straight-curve $-1 -1 $-1 0.6064447760251674424 2.594756884627405391 -0.5 0 0 1 I I #
color-adesk-attrib $-1 -1 $-1 $-1 $1899 256 #
plane-surface $-1 -1 $-1 0.6064447760251674424 2.594756884627405391 -0.5 0.8755084818373015665 0.4832027506450510268 0 -0.4832027506450510268 0.8755084818373015665 0 forward_v I I I I #
point $-1 -1 $-1 0.3000000000000008216 3.150000000000000355 0.5 #
color-adesk-attrib $-1 -1 $-1 $-1 $1908 256 #
face $1997 -1 $-1 $1998 $1999 $7 $-1 $2000 forward single #
loop $-1 -1 $-1 $-1 $2001 $1908 #
plane-surface $-1 -1 $-1 0.6064447760251672204 -0.2052431153725944313 -0.5 0.8755084818373015665 0.4832027506450510268 0 -0.4832027506450510268 0.8755084818373015665 0 forward_v I I I I #
coedge $-1 -1 $-1 $2002 $1910 $1912 $1960 forward $1861 $-1 #
coedge $-1 -1 $-1 $1910 $2002 $1918 $1967 reversed $1861 $-1 #
coedge $-1 -1 $-1 $1912 $1911 $2003 $2004 reversed $1815 $-1 #
coedge $-1 -1 $-1 $2005 $2006 $1911 $1959 forward $2007 $-1 #
edge $2008 -1 $-1 $2009 -0.75 $1964 0.25 $1911 $2010 forward @7 unknown #
edge $2011 -1 $-1 $1963 0 $2012 1 $1955 $2013 forward @7 tangent #
coedge $-1 -1 $-1 $1913 $2014 $2005 $2015 reversed $81 $-1 #
color-adesk-attrib $-1 -1 $-1 $-1 $1914 256 #
vertex $-1 -1 $-1 $1922 $2016 #
vertex $-1 -1 $-1 $1914 $2017 #
straight-curve $-1 -1 $-1 0.6064447760251672204 -0.9052431153725937207 -0.5 -0.4832027506450510268 0.8755084818373015665 0 F 0 F 0.6341950156866418276 #
coedge $-1 -1 $-1 $2003 $1915 $2002 $2018 forward $192 $-1 #
edge $2019 -1 $-1 $1924 0 $1969 1 $1918 $2020 forward @7 tangent #
color-adesk-attrib $-1 -1 $-1 $-1 $1919 256 #
vertex $-1 -1 $-1 $1967 $2021 #
straight-curve $-1 -1 $-1 0.3000000000000005995 -1.049999999999998934 0.5 0.9683771170978024978 0.2494910000006997919 0 I I #
color-adesk-attrib $-1 -1 $-1 $-1 $1922 256 #
ellipse-curve $-1 -1 $-1 0.5617938434514647694 -0.9298864556554917726 -0.5 0 0 1 0.01272404100003571292 -0.04938723297198793771 0 1 F 0 F 1.822950924646152826 #
point $-1 -1 $-1 0.5745178844515005379 -0.9792736886274795438 -0.5 #
coedge $-1 -1 $-1 $1928 $2022 $1987 $2023 forward $192 $-1 #
edge $2024 -1 $-1 $1992 0 $1946 1.822950924646152826 $1941 $2025 forward @7 unknown #
color-adesk-attrib $-1 -1 $-1 $-1 $1929 256 #
straight-curve $-1 -1 $-1 0.6064447760251674424 2.594756884627405391 0.5 -0.4832027506450510268 0.8755084818373015665 0 I I #
coedge $-1 -1 $-1 $2026 $1932 $2027 $2028 reversed $81 $-1 #
coedge $-1 -1 $-1 $2029 $2030 $1932 $1980 forward $2031 $-1 #
edge $2032 -1 $-1 $2033 0 $1985 1.822950924646152826 $1979 $2034 forward @7 unknown #
coedge $-1 -1 $-1 $2035 $1933 $1936 $1988 reversed $1983 $-1 #
coedge $-1 -1 $-1 $1933 $2035 $2029 $2036 reversed $1983 $-1 #
loop $-1 -1 $-1 $-1 $1933 $2037 #
color-adesk-attrib $-1 -1 $-1 $-1 $1934 256 #
vertex $-1 -1 $-1 $1980 $2038 #
straight-curve $-1 -1 $-1 0.6064447760251673314 1.894756884627405213 -0.5 -0.4832027506450510268 0.8755084818373015665 0 F 0 F 0.6341950156866418276 #
coedge $-1 -1 $-1 $1936 $1935 $1974 $2023 reversed $1937 $-1 #
edge $2039 -1 $-1 $2040 -0.75 $1939 0.25 $1981 $2041 forward @7 unknown #
face $2042 -1 $-1 $1761 $1937 $7 $-1 $2043 forward single #
point $-1 -1 $-1 0.3000000000000008216 2.450000000000001066 -0.5 #
color-adesk-attrib $-1 -1 $-1 $-1 $1942 256 #
vertex $-1 -1 $-1 $1942 $2044 #
straight-curve $-1 -1 $-1 0.5745178844515007599 2.520726311372519568 -0.5 0 0 1 I I #
color-adesk-attrib $-1 -1 $-1 $-1 $1943 256 #
cone-surface $-1 -1 $-1 0.5617938434514649915 2.570113544344508227 -0.5 0 0 1 0.01272404100003571292 -0.04938723297198793771 0 1 I I 0 1 0.05100000000000002448 forward I I I I #
point $-1 -1 $-1 0.6064447760251674424 2.594756884627405391 0.5 #
color-adesk-attrib $-1 -1 $-1 $-1 $1952 256 #
face $2045 -1 $-1 $2046 $2007 $7 $-1 $2047 forward single #
loop $-1 -1 $-1 $-1 $2048 $1952 #
cone-surface $-1 -1 $-1 0.5617938434514648804 -0.2298864556554924832 -0.5 0 0 1 0.01272404100003571292 -0.04938723297198793771 0 1 I I 0 1 0.05100000000000002448 forward I I I I #
coedge $-1 -1 $-1 $2049 $2050 $2051 $2052 forward $1953 $-1 #
coedge $-1 -1 $-1 $1956 $1955 $1966 $2018 reversed $1861 $-1 #
coedge $-1 -1 $-1 $2053 $1966 $1957 $2004 forward $192 $-1 #
edge $2054 -1 $-1 $2012 0 $2009 0.6341950156866418276 $1957 $2055 forward @7 unknown #
coedge $-1 -1 $-1 $2056 $1958 $1961 $2015 forward $2007 $-1 #
coedge $-1 -1 $-1 $1958 $2056 $2053 $2057 reversed $2007 $-1 #
loop $-1 -1 $-1 $-1 $2005 $1998 #
color-adesk-attrib $-1 -1 $-1 $-1 $1959 256 #
vertex $-1 -1 $-1 $2057 $2058 #
straight-curve $-1 -1 $-1 0.2999999999999999889 -0.3499999999999970912 -0.25 0 0 -1 I I #
color-adesk-attrib $-1 -1 $-1 $-1 $1960 256 #
vertex $-1 -1 $-1 $1960 $2059 #
straight-curve $-1 -1 $-1 0.6064447760251672204 -0.9052431153725937207 -0.5 0 0 1 I I #
coedge $-1 -1 $-1 $1961 $2051 $2048 $2060 reversed $81 $-1 #
edge $2061 -1 $-1 $1964 0 $2062 0.2834824156876216694 $2005 $2063 forward @7 unknown #
point $-1 -1 $-1 0.6064447760251672204 -0.9052431153725937207 -0.5 #
point $-1 -1 $-1 0.3000000000000005995 -0.3499999999999996447 -0.5 #
edge $2064 -1 $-1 $1969 0 $2012 1.822950924646152826 $2002 $2065 forward @7 unknown #
color-adesk-attrib $-1 -1 $-1 $-1 $1967 256 #
straight-curve $-1 -1 $-1 0.5745178844515005379 -0.9792736886274795438 -0.5 0 0 1 I I #
point $-1 -1 $-1 0.5745178844515005379 -0.9792736886274795438 0.5 #
coedge $-1 -1 $-1 $1974 $2066 $2035 $2067 forward $192 $-1 #
edge $2068 -1 $-1 $2040 0 $1992 0.2834824156876216694 $1987 $2069 forward @7 unknown #
color-adesk-attrib $-1 -1 $-1 $-1 $1975 256 #
ellipse-curve $-1 -1 $-1 0.5617938434514649915 2.570113544344508227 0.5 0 0 1 0.01272404100003571292 -0.04938723297198793771 0 1 I I #
coedge $-1 -1 $-1 $2070 $1978 $2071 $2072 reversed $81 $-1 #
coedge $-1 -1 $-1 $2073 $2074 $1978 $2028 forward $2075 $-1 #
edge $2076 -1 $-1 $2077 0 $2033 0.2834824156876216694 $2027 $2078 forward @7 unknown #
coedge $-1 -1 $-1 $2079 $1979 $1982 $2036 forward $2031 $-1 #
coedge $-1 -1 $-1 $1979 $2079 $2073 $2080 reversed $2031 $-1 #
loop $-1 -1 $-1 $-1 $1979 $2081 #
color-adesk-attrib $-1 -1 $-1 $-1 $1980 256 #
vertex $-1 -1 $-1 $2028 $2082 #
ellipse-curve $-1 -1 $-1 0.5617938434514649915 1.870113544344507162 -0.5 0 0 1 0.01272404100003571292 -0.04938723297198793771 0 1 F 0 F 1.822950924646152826 #
coedge $-1 -1 $-1 $1982 $1981 $2022 $2067 reversed $1983 $-1 #
edge $2083 -1 $-1 $1985 0 $2084 1 $2029 $2085 forward @7 tangent #
face $2086 -1 $-1 $2081 $1983 $7 $-1 $2087 forward single #
point $-1 -1 $-1 0.6064447760251673314 1.894756884627405213 -0.5 #
color-adesk-attrib $-1 -1 $-1 $-1 $1988 256 #
vertex $-1 -1 $-1 $2023 $2088 #
straight-curve $-1 -1 $-1 0.2999999999999999334 2.45000000000000151 -0.25 0 0 -1 I I #
color-adesk-attrib $-1 -1 $-1 $-1 $1989 256 #
plane-surface $-1 -1 $-1 0.3000000000000008216 2.450000000000001066 -0.5 0.2494910000006997919 -0.9683771170978024978 0 0.9683771170978024978 0.2494910000006997919 0 forward_v I I I I #
point $-1 -1 $-1 0.5745178844515007599 2.520726311372519568 0.5 #
color-adesk-attrib $-1 -1 $-1 $-1 $1998 256 #
face $2089 -1 $-1 $2090 $2091 $7 $-1 $2092 forward single #
plane-surface $-1 -1 $-1 0.3000000000000005995 -0.3499999999999996447 -0.5 0.2494910000006997919 -0.9683771170978024978 0 0.9683771170978024978 0.2494910000006997919 0 forward_v I I I I #
coedge $-1 -1 $-1 $2093 $2094 $2014 $2060 forward $1999 $-1 #
coedge $-1 -1 $-1 $2095 $2001 $2096 $2097 reversed $1953 $-1 #
coedge $-1 -1 $-1 $2001 $2095 $2093 $2098 reversed $1953 $-1 #
coedge $-1 -1 $-1 $2014 $2099 $2001 $2052 reversed $81 $-1 #
edge $2100 -1 $-1 $2101 0 $2102 0.6341950156866418276 $2001 $2103 forward @7 unknown #
coedge $-1 -1 $-1 $2104 $2003 $2006 $2057 forward $192 $-1 #
color-adesk-attrib $-1 -1 $-1 $-1 $2004 256 #
straight-curve $-1 -1 $-1 0.6064447760251672204 -0.9052431153725937207 0.5 -0.4832027506450510268 0.8755084818373015665 0 I I #
coedge $-1 -1 $-1 $2006 $2005 $2094 $2105 forward $2007 $-1 #
edge $2106 -1 $-1 $2009 0 $2107 0.2834824156876216694 $2006 $2108 forward @7 unknown #
point $-1 -1 $-1 0.3000000000000005995 -0.3499999999999996447 0.5 #
point $-1 -1 $-1 0.6064447760251672204 -0.9052431153725937207 0.5 #
edge $2109 -1 $-1 $2062 0 $2101 1.822950924646152826 $2048 $2110 forward @7 unknown #
color-adesk-attrib $-1 -1 $-1 $-1 $2015 256 #
vertex $-1 -1 $-1 $2015 $2111 #
straight-curve $-1 -1 $-1 0.3000000000000005995 -0.3499999999999996447 -0.5 0.9683771170978024978 0.2494910000006997919 0 F 0 F 0.2834824156876216694 #
color-adesk-attrib $-1 -1 $-1 $-1 $2018 256 #
ellipse-curve $-1 -1 $-1 0.5617938434514647694 -0.9298864556554917726 0.5 0 0 1 0.01272404100003571292 -0.04938723297198793771 0 1 I I #
coedge $-1 -1 $-1 $2022 $2112 $2079 $2113 forward $192 $-1 #
edge $2114 -1 $-1 $2084 0 $2040 0.6341950156866418276 $2035 $2115 forward @7 unknown #
color-adesk-attrib $-1 -1 $-1 $-1 $2023 256 #
straight-curve $-1 -1 $-1 0.3000000000000008216 2.450000000000001066 0.5 0.9683771170978024978 0.2494910000006997919 0 I I #
coedge $-1 -1 $-1 $2116 $2026 $2117 $2118 reversed $81 $-1 #
coedge $-1 -1 $-1 $2119 $2120 $2026 $2072 forward $2121 $-1 #
edge $2122 -1 $-1 $2123 0 $2077 0.6341950156866418276 $2071 $2124 forward @7 unknown #
coedge $-1 -1 $-1 $2125 $2027 $2030 $2080 forward $2075 $-1 #
coedge $-1 -1 $-1 $2027 $2125 $2119 $2126 forward $2075 $-1 #
loop $-1 -1 $-1 $-1 $2027 $2127 #
color-adesk-attrib $-1 -1 $-1 $-1 $2028 256 #
vertex $-1 -1 $-1 $2072 $2128 #
straight-curve $-1 -1 $-1 0.3000000000000007105 1.75 -0.5 0.9683771170978024978 0.2494910000006997919 0 F 0 F 0.2834824156876216694 #
coedge $-1 -1 $-1 $2030 $2029 $2066 $2113 reversed $2031 $-1 #
edge $2129 -1 $-1 $2033 0 $2130 1 $2073 $2131 forward @7 tangent #
face $2132 -1 $-1 $2127 $2031 $7 $-1 $2133 forward single #
point $-1 -1 $-1 0.5745178844515006489 1.82072631137251939 -0.5 #
color-adesk-attrib $-1 -1 $-1 $-1 $2036 256 #
vertex $-1 -1 $-1 $2036 $2134 #
straight-curve $-1 -1 $-1 0.6064447760251673314 1.894756884627405213 -0.5 0 0 1 I I #
color-adesk-attrib $-1 -1 $-1 $-1 $2037 256 #
plane-surface $-1 -1 $-1 0.6064447760251673314 1.894756884627405213 -0.5 0.8755084818373015665 0.4832027506450510268 0 -0.4832027506450510268 0.8755084818373015665 0 forward_v I I I I #
point $-1 -1 $-1 0.3000000000000008216 2.450000000000001066 0.5 #
color-adesk-attrib $-1 -1 $-1 $-1 $2046 256 #
face $2135 -1 $-1 $2136 $2137 $7 $-1 $2138 forward single #
loop $-1 -1 $-1 $-1 $2139 $2046 #
plane-surface $-1 -1 $-1 0.6064447760251672204 0.4947568846274066345 -0.5 0.8755084818373015665 0.4832027506450510268 0 -0.4832027506450510268 0.8755084818373015665 0 forward_v I I I I #
coedge $-1 -1 $-1 $2140 $2048 $2050 $2098 forward $1999 $-1 #
coedge $-1 -1 $-1 $2048 $2140 $2056 $2105 reversed $1999 $-1 #
coedge $-1 -1 $-1 $2050 $2049 $2141 $2142 reversed $1953 $-1 #
coedge $-1 -1 $-1 $2143 $2144 $2049 $2097 forward $2145 $-1 #
edge $2146 -1 $-1 $2147 -0.75 $2102 0.25 $2049 $2148 forward @7 unknown #
edge $2149 -1 $-1 $2101 0 $2150 1 $2093 $2151 forward @7 tangent #
coedge $-1 -1 $-1 $2051 $2152 $2143 $2153 reversed $81 $-1 #
color-adesk-attrib $-1 -1 $-1 $-1 $2052 256 #
vertex $-1 -1 $-1 $2060 $2154 #
vertex $-1 -1 $-1 $2052 $2155 #
straight-curve $-1 -1 $-1 0.6064447760251672204 -0.2052431153725944313 -0.5 -0.4832027506450510268 0.8755084818373015665 0 F 0 F 0.6341950156866418276 #
coedge $-1 -1 $-1 $2141 $2053 $2140 $2156 forward $192 $-1 #
edge $2157 -1 $-1 $2062 0 $2107 1 $2056 $2158 forward @7 tangent #
color-adesk-attrib $-1 -1 $-1 $-1 $2057 256 #
vertex $-1 -1 $-1 $2105 $2159 #
straight-curve $-1 -1 $-1 0.3000000000000005995 -0.3499999999999996447 0.5 0.9683771170978024978 0.2494910000006997919 0 I I #
color-adesk-attrib $-1 -1 $-1 $-1 $2060 256 #
ellipse-curve $-1 -1 $-1 0.5617938434514648804 -0.2298864556554924832 -0.5 0 0 1 0.01272404100003571292 -0.04938723297198793771 0 1 F 0 F 1.822950924646152826 #
point $-1 -1 $-1 0.5745178844515005379 -0.2792736886274802544 -0.5 #
coedge $-1 -1 $-1 $2066 $2160 $2125 $2161 forward $192 $-1 #
edge $2162 -1 $-1 $2130 0 $2084 1.822950924646152826 $2079 $2163 forward @7 unknown #
color-adesk-attrib $-1 -1 $-1 $-1 $2067 256 #
straight-curve $-1 -1 $-1 0.6064447760251673314 1.894756884627405213 0.5 -0.4832027506450510268 0.8755084818373015665 0 I I #
coedge $-1 -1 $-1 $2164 $2070 $2165 $2166 reversed $81 $-1 #
coedge $-1 -1 $-1 $2167 $2168 $2070 $2118 forward $2169 $-1 #
edge $2170 -1 $-1 $2171 0 $2123 1.822950924646152826 $2117 $2172 forward @7 unknown #
coedge $-1 -1 $-1 $2173 $2071 $2074 $2126 reversed $2121 $-1 #
coedge $-1 -1 $-1 $2071 $2173 $2167 $2174 reversed $2121 $-1 #
loop $-1 -1 $-1 $-1 $2071 $2175 #
color-adesk-attrib $-1 -1 $-1 $-1 $2072 256 #
vertex $-1 -1 $-1 $2118 $2176 #
straight-curve $-1 -1 $-1 0.6064447760251673314 1.194756884627405924 -0.5 -0.4832027506450510268 0.8755084818373015665 0 F 0 F 0.6341950156866418276 #
coedge $-1 -1 $-1 $2074 $2073 $2112 $2161 reversed $2075 $-1 #
edge $2177 -1 $-1 $2178 -0.75 $2077 0.25 $2119 $2179 forward @7 unknown #
face $2180 -1 $-1 $1899 $2075 $7 $-1 $2181 forward single #
point $-1 -1 $-1 0.3000000000000007105 1.75 -0.5 #
color-adesk-attrib $-1 -1 $-1 $-1 $2080 256 #
vertex $-1 -1 $-1 $2080 $2182 #
straight-curve $-1 -1 $-1 0.5745178844515006489 1.82072631137251939 -0.5 0 0 1 I I #
color-adesk-attrib $-1 -1 $-1 $-1 $2081 256 #
cone-surface $-1 -1 $-1 0.5617938434514649915 1.870113544344507162 -0.5 0 0 1 0.01272404100003571292 -0.04938723297198793771 0 1 I I 0 1 0.05100000000000002448 forward I I I I #
point $-1 -1 $-1 0.6064447760251673314 1.894756884627403437 0.5 #
color-adesk-attrib $-1 -1 $-1 $-1 $2090 256 #
face $2183 -1 $-1 $2175 $2145 $7 $-1 $2184 forward single #
loop $-1 -1 $-1 $-1 $2185 $2090 #
cone-surface $-1 -1 $-1 0.5617938434514648804 0.4701135443445085826 -0.5 0 0 1 0.01272404100003571292 -0.04938723297198793771 0 1 I I 0 1 0.05100000000000002448 forward I I I I #
coedge $-1 -1 $-1 $2186 $2187 $2164 $2188 forward $2091 $-1 #
coedge $-1 -1 $-1 $2094 $2093 $2104 $2156 reversed $1999 $-1 #
coedge $-1 -1 $-1 $2189 $2104 $2095 $2142 forward $192 $-1 #
edge $2190 -1 $-1 $2150 0 $2147 0.6341950156866418276 $2095 $2191 forward @7 unknown #
coedge $-1 -1 $-1 $2192 $2096 $2099 $2153 forward $2145 $-1 #
coedge $-1 -1 $-1 $2096 $2192 $2189 $2193 reversed $2145 $-1 #
loop $-1 -1 $-1 $-1 $2143 $2136 #
color-adesk-attrib $-1 -1 $-1 $-1 $2097 256 #
vertex $-1 -1 $-1 $2193 $2194 #
straight-curve $-1 -1 $-1 0.2999999999999999889 0.3500000000000022538 -0.25 0 0 -1 I I #
color-adesk-attrib $-1 -1 $-1 $-1 $2098 256 #
vertex $-1 -1 $-1 $2098 $2195 #
straight-curve $-1 -1 $-1 0.6064447760251672204 -0.2052431153725944313 -0.5 0 0 1 I I #
coedge $-1 -1 $-1 $2099 $2164 $2185 $2196 reversed $81 $-1 #
edge $2197 -1 $-1 $2102 0 $2198 0.2834824156876216694 $2143 $2199 forward @7 unknown #
point $-1 -1 $-1 0.6064447760251672204 -0.2052431153725944313 -0.5 #
point $-1 -1 $-1 0.300000000000000655 0.3500000000000014211 -0.5 #
edge $2200 -1 $-1 $2107 0 $2150 1.822950924646152826 $2140 $2201 forward @7 unknown #
color-adesk-attrib $-1 -1 $-1 $-1 $2105 256 #
straight-curve $-1 -1 $-1 0.5745178844515005379 -0.2792736886274802544 -0.5 0 0 1 I I #
point $-1 -1 $-1 0.5745178844515005379 -0.2792736886274802544 0.5 #
coedge $-1 -1 $-1 $2112 $2202 $2173 $2203 forward $192 $-1 #
edge $2204 -1 $-1 $2178 0 $2130 0.2834824156876216694 $2125 $2205 forward @7 unknown #
color-adesk-attrib $-1 -1 $-1 $-1 $2113 256 #
ellipse-curve $-1 -1 $-1 0.5617938434514649915 1.870113544344507162 0.5 0 0 1 0.01272404100003571292 -0.04938723297198793771 0 1 I I #
coedge $-1 -1 $-1 $2152 $2116 $2139 $2188 reversed $81 $-1 #
coedge $-1 -1 $-1 $2206 $2207 $2116 $2166 forward $2208 $-1 #
edge $2209 -1 $-1 $2210 0 $2171 0.2834824156876216694 $2165 $2211 forward @7 unknown #
coedge $-1 -1 $-1 $2212 $2117 $2120 $2174 forward $2169 $-1 #
coedge $-1 -1 $-1 $2117 $2212 $2206 $2213 reversed $2169 $-1 #
loop $-1 -1 $-1 $-1 $2117 $2214 #
color-adesk-attrib $-1 -1 $-1 $-1 $2118 256 #
vertex $-1 -1 $-1 $2166 $2215 #
ellipse-curve $-1 -1 $-1 0.5617938434514648804 1.170113544344507872 -0.5 0 0 1 0.01272404100003571292 -0.04938723297198793771 0 1 F 0 F 1.822950924646152826 #
coedge $-1 -1 $-1 $2120 $2119 $2160 $2203 reversed $2121 $-1 #
edge $2216 -1 $-1 $2123 0 $2217 1 $2167 $2218 forward @7 tangent #
face $2219 -1 $-1 $2214 $2121 $7 $-1 $2220 forward single #
point $-1 -1 $-1 0.6064447760251673314 1.194756884627405924 -0.5 #
color-adesk-attrib $-1 -1 $-1 $-1 $2126 256 #
vertex $-1 -1 $-1 $2161 $2221 #
straight-curve $-1 -1 $-1 0.3000000000000000444 1.750000000000002665 -0.25 0 0 -1 I I #
color-adesk-attrib $-1 -1 $-1 $-1 $2127 256 #
plane-surface $-1 -1 $-1 0.3000000000000007105 1.75 -0.5 0.2494910000006997919 -0.9683771170978024978 0 0.9683771170978024978 0.2494910000006997919 0 forward_v I I I I #
point $-1 -1 $-1 0.5745178844515006489 1.82072631137251939 0.5 #
color-adesk-attrib $-1 -1 $-1 $-1 $2136 256 #
plane-surface $-1 -1 $-1 0.300000000000000655 0.3500000000000014211 -0.5 0.2494910000006997919 -0.9683771170978024978 0 0.9683771170978024978 0.2494910000006997919 0 forward_v I I I I #
coedge $-1 -1 $-1 $2222 $2223 $2152 $2196 forward $2137 $-1 #
coedge $-1 -1 $-1 $2224 $2139 $2207 $2225 reversed $2091 $-1 #
coedge $-1 -1 $-1 $2139 $2224 $2222 $2226 reversed $2091 $-1 #
edge $2227 -1 $-1 $2228 0 $2210 0.6341950156866418276 $2139 $2229 forward @7 unknown #
coedge $-1 -1 $-1 $2230 $2141 $2144 $2193 forward $192 $-1 #
color-adesk-attrib $-1 -1 $-1 $-1 $2142 256 #
straight-curve $-1 -1 $-1 0.6064447760251672204 -0.2052431153725944313 0.5 -0.4832027506450510268 0.8755084818373015665 0 I I #
coedge $-1 -1 $-1 $2144 $2143 $2223 $2231 forward $2145 $-1 #
edge $2232 -1 $-1 $2147 0 $2233 0.2834824156876216694 $2144 $2234 forward @7 unknown #
point $-1 -1 $-1 0.300000000000000655 0.3500000000000014211 0.5 #
point $-1 -1 $-1 0.6064447760251672204 -0.2052431153725944313 0.5 #
edge $2235 -1 $-1 $2198 0 $2228 1.822950924646152826 $2185 $2236 forward @7 unknown #
color-adesk-attrib $-1 -1 $-1 $-1 $2153 256 #
vertex $-1 -1 $-1 $2153 $2237 #
straight-curve $-1 -1 $-1 0.300000000000000655 0.3500000000000014211 -0.5 0.9683771170978024978 0.2494910000006997919 0 F 0 F 0.2834824156876216694 #
color-adesk-attrib $-1 -1 $-1 $-1 $2156 256 #
ellipse-curve $-1 -1 $-1 0.5617938434514648804 -0.2298864556554924832 0.5 0 0 1 0.01272404100003571292 -0.04938723297198793771 0 1 I I #
coedge $-1 -1 $-1 $2160 $2238 $2212 $2239 forward $192 $-1 #
edge $2240 -1 $-1 $2217 0 $2178 0.6341950156866418276 $2173 $2241 forward @7 unknown #
color-adesk-attrib $-1 -1 $-1 $-1 $2161 256 #
straight-curve $-1 -1 $-1 0.3000000000000007105 1.75 0.5 0.9683771170978024978 0.2494910000006997919 0 I I #
coedge $-1 -1 $-1 $2242 $2165 $2168 $2213 forward $2208 $-1 #
coedge $-1 -1 $-1 $2165 $2242 $2186 $2225 forward $2208 $-1 #
loop $-1 -1 $-1 $-1 $2165 $2243 #
color-adesk-attrib $-1 -1 $-1 $-1 $2166 256 #
vertex $-1 -1 $-1 $2188 $2244 #
straight-curve $-1 -1 $-1 0.3000000000000007105 1.050000000000000711 -0.5 0.9683771170978024978 0.2494910000006997919 0 F 0 F 0.2834824156876216694 #
coedge $-1 -1 $-1 $2168 $2167 $2202 $2239 reversed $2169 $-1 #
edge $2245 -1 $-1 $2171 0 $2246 1 $2206 $2247 forward @7 tangent #
face $2248 -1 $-1 $2243 $2169 $7 $-1 $2249 forward single #
point $-1 -1 $-1 0.5745178844515006489 1.120726311372520101 -0.5 #
color-adesk-attrib $-1 -1 $-1 $-1 $2174 256 #
vertex $-1 -1 $-1 $2174 $2250 #
straight-curve $-1 -1 $-1 0.6064447760251673314 1.194756884627405924 -0.5 0 0 1 I I #
color-adesk-attrib $-1 -1 $-1 $-1 $2175 256 #
plane-surface $-1 -1 $-1 0.6064447760251673314 1.194756884627405924 -0.5 0.8755084818373015665 0.4832027506450510268 0 -0.4832027506450510268 0.8755084818373015665 0 forward_v I I I I #
point $-1 -1 $-1 0.3000000000000007105 1.75 0.5 #
coedge $-1 -1 $-1 $2251 $2185 $2187 $2226 forward $2137 $-1 #
coedge $-1 -1 $-1 $2185 $2251 $2192 $2231 reversed $2137 $-1 #
coedge $-1 -1 $-1 $2187 $2186 $2252 $2253 reversed $2091 $-1 #
edge $2254 -1 $-1 $2255 -0.75 $2210 0.25 $2186 $2256 forward @7 unknown #
edge $2257 -1 $-1 $2228 0 $2258 1 $2222 $2259 forward @7 tangent #
color-adesk-attrib $-1 -1 $-1 $-1 $2188 256 #
vertex $-1 -1 $-1 $2196 $2260 #
straight-curve $-1 -1 $-1 0.6064447760251672204 0.4947568846274066345 -0.5 -0.4832027506450510268 0.8755084818373015665 0 F 0 F 0.6341950156866418276 #
coedge $-1 -1 $-1 $2252 $2189 $2251 $2261 forward $192 $-1 #
edge $2262 -1 $-1 $2198 0 $2233 1 $2192 $2263 forward @7 tangent #
color-adesk-attrib $-1 -1 $-1 $-1 $2193 256 #
vertex $-1 -1 $-1 $2231 $2264 #
straight-curve $-1 -1 $-1 0.300000000000000655 0.3500000000000014211 0.5 0.9683771170978024978 0.2494910000006997919 0 I I #
color-adesk-attrib $-1 -1 $-1 $-1 $2196 256 #
ellipse-curve $-1 -1 $-1 0.5617938434514648804 0.4701135443445085826 -0.5 0 0 1 0.01272404100003571292 -0.04938723297198793771 0 1 F 0 F 1.822950924646152826 #
point $-1 -1 $-1 0.5745178844515006489 0.4207263113725208115 -0.5 #
coedge $-1 -1 $-1 $2202 $2252 $2242 $2265 forward $192 $-1 #
edge $2266 -1 $-1 $2246 0 $2217 1.822950924646152826 $2212 $2267 forward @7 unknown #
color-adesk-attrib $-1 -1 $-1 $-1 $2203 256 #
straight-curve $-1 -1 $-1 0.6064447760251673314 1.194756884627405924 0.5 -0.4832027506450510268 0.8755084818373015665 0 I I #
coedge $-1 -1 $-1 $2207 $2206 $2238 $2265 reversed $2208 $-1 #
face $2268 -1 $-1 $2037 $2208 $7 $-1 $2269 forward single #
point $-1 -1 $-1 0.3000000000000007105 1.050000000000000711 -0.5 #
color-adesk-attrib $-1 -1 $-1 $-1 $2213 256 #
vertex $-1 -1 $-1 $2213 $2270 #
straight-curve $-1 -1 $-1 0.5745178844515006489 1.120726311372520101 -0.5 0 0 1 I I #
color-adesk-attrib $-1 -1 $-1 $-1 $2214 256 #
cone-surface $-1 -1 $-1 0.5617938434514648804 1.170113544344507872 -0.5 0 0 1 0.01272404100003571292 -0.04938723297198793771 0 1 I I 0 1 0.05100000000000002448 forward I I I I #
point $-1 -1 $-1 0.6064447760251673314 1.194756884627404148 0.5 #
coedge $-1 -1 $-1 $2223 $2222 $2230 $2261 reversed $2137 $-1 #
coedge $-1 -1 $-1 $2238 $2230 $2224 $2253 forward $192 $-1 #
edge $2271 -1 $-1 $2258 0 $2255 0.6341950156866418276 $2224 $2272 forward @7 unknown #
color-adesk-attrib $-1 -1 $-1 $-1 $2225 256 #
vertex $-1 -1 $-1 $2265 $2273 #
straight-curve $-1 -1 $-1 0.2999999999999999334 1.050000000000003375 -0.25 0 0 -1 I I #
color-adesk-attrib $-1 -1 $-1 $-1 $2226 256 #
vertex $-1 -1 $-1 $2226 $2274 #
straight-curve $-1 -1 $-1 0.6064447760251672204 0.4947568846274066345 -0.5 0 0 1 I I #
point $-1 -1 $-1 0.6064447760251672204 0.4947568846274066345 -0.5 #
edge $2275 -1 $-1 $2233 0 $2258 1.822950924646152826 $2251 $2276 forward @7 unknown #
color-adesk-attrib $-1 -1 $-1 $-1 $2231 256 #
straight-curve $-1 -1 $-1 0.5745178844515006489 0.4207263113725208115 -0.5 0 0 1 I I #
point $-1 -1 $-1 0.5745178844515006489 0.4207263113725208115 0.5 #
edge $2277 -1 $-1 $2255 0 $2246 0.2834824156876216694 $2242 $2278 forward @7 unknown #
color-adesk-attrib $-1 -1 $-1 $-1 $2239 256 #
ellipse-curve $-1 -1 $-1 0.5617938434514648804 1.170113544344507872 0.5 0 0 1 0.01272404100003571292 -0.04938723297198793771 0 1 I I #
color-adesk-attrib $-1 -1 $-1 $-1 $2243 256 #
plane-surface $-1 -1 $-1 0.3000000000000007105 1.050000000000000711 -0.5 0.2494910000006997919 -0.9683771170978024978 0 0.9683771170978024978 0.2494910000006997919 0 forward_v I I I I #
point $-1 -1 $-1 0.5745178844515006489 1.120726311372520101 0.5 #
color-adesk-attrib $-1 -1 $-1 $-1 $2253 256 #
straight-curve $-1 -1 $-1 0.6064447760251672204 0.4947568846274066345 0.5 -0.4832027506450510268 0.8755084818373015665 0 I I #
point $-1 -1 $-1 0.3000000000000007105 1.050000000000000711 0.5 #
point $-1 -1 $-1 0.6064447760251672204 0.4947568846274048582 0.5 #
color-adesk-attrib $-1 -1 $-1 $-1 $2261 256 #
ellipse-curve $-1 -1 $-1 0.5617938434514648804 0.4701135443445085826 0.5 0 0 1 0.01272404100003571292 -0.04938723297198793771 0 1 I I #
color-adesk-attrib $-1 -1 $-1 $-1 $2265 256 #
straight-curve $-1 -1 $-1 0.3000000000000007105 1.050000000000000711 0.5 0.9683771170978024978 0.2494910000006997919 0 I I #
