700 6408 2 0        
16 Autodesk AutoCAD 20 ASM 230.7.0.65535 NT 24 Tue Sep  2 11:15:23 2025 
1 9.999999999999999547e-07 1.000000000000000036e-10 
body $-1 -1 $-1 $2 $-1 $3 #
body $-1 -1 $-1 $4 $-1 $5 #
lump $-1 -1 $-1 $-1 $6 $0 #
transform $-1 -1 1 0 0 0 1 0 0 0 1 190.5 20.49500000000000099 0.5 1 no_rotate no_reflect no_shear #
lump $-1 -1 $-1 $7 $8 $1 #
transform $-1 -1 1 0 0 0 1 0 0 0 1 -0.2999999999999999889 19.99500000000000099 0.5 1 no_rotate no_reflect no_shear #
shell $-1 -1 $-1 $-1 $-1 $9 $-1 $2 #
lump $-1 -1 $-1 $-1 $10 $1 #
shell $-1 -1 $-1 $-1 $-1 $11 $-1 $4 #
face $12 -1 $-1 $13 $14 $6 $-1 $15 forward single #
shell $-1 -1 $-1 $-1 $-1 $16 $-1 $7 #
face $17 -1 $-1 $18 $19 $8 $-1 $20 forward single #
color-adesk-attrib $-1 -1 $-1 $-1 $9 256 #
face $21 -1 $-1 $22 $23 $6 $-1 $24 reversed single #
loop $-1 -1 $-1 $-1 $25 $9 #
plane-surface $-1 -1 $-1 0 0 0.5 0 0 1 1 0 0 forward_v I I I I #
face $26 -1 $-1 $27 $28 $10 $-1 $29 forward single #
color-adesk-attrib $-1 -1 $-1 $-1 $11 256 #
face $30 -1 $-1 $31 $32 $8 $-1 $33 forward single #
loop $-1 -1 $-1 $-1 $34 $11 #
plane-surface $-1 -1 $-1 0.3000000000000000444 -19.56489247311828095 -0.5 0.894432994690665617 -0.4472019879301609713 0 0.4472019879301609713 0.894432994690665617 0 forward_v I I I I #
color-adesk-attrib $-1 -1 $-1 $-1 $13 256 #
face $35 -1 $-1 $36 $37 $6 $-1 $38 reversed single #
loop $-1 -1 $-1 $-1 $39 $13 #
plane-surface $-1 -1 $-1 0 0 -0.5 0 0 1 1 0 0 forward_v I I I I #
coedge $-1 -1 $-1 $40 $41 $42 $43 forward $14 $-1 #
color-adesk-attrib $-1 -1 $-1 $-1 $16 256 #
face $44 -1 $-1 $45 $46 $10 $-1 $47 forward single #
loop $-1 -1 $-1 $-1 $48 $16 #
plane-surface $-1 -1 $-1 0.3000000000000024314 20.00499999999999901 -0.5 0.894432994690665617 -0.4472019879301609713 0 0.4472019879301609713 0.894432994690665617 0 forward_v I I I I #
color-adesk-attrib $-1 -1 $-1 $-1 $18 256 #
face $49 -1 $-1 $50 $51 $8 $-1 $52 forward single #
loop $-1 -1 $-1 $-1 $53 $18 #
plane-surface $-1 -1 $-1 0.4965802347046157639 -19.17171924766450175 -0.5 0.1841338727311042645 0.9829011735230788194 0 -0.9829011735230788194 0.1841338727311042645 0 forward_v I I I I #
coedge $-1 -1 $-1 $54 $55 $56 $57 forward $19 $-1 #
color-adesk-attrib $-1 -1 $-1 $-1 $22 256 #
face $58 -1 $-1 $59 $60 $6 $-1 $61 reversed single #
loop $-1 -1 $-1 $-1 $62 $22 #
plane-surface $-1 -1 $-1 0 -0.5 0 0 1 -0 -0 0 1 forward_v I I I I #
coedge $-1 -1 $-1 $63 $64 $65 $66 forward $23 $-1 #
coedge $-1 -1 $-1 $67 $25 $68 $69 forward $14 $-1 #
coedge $-1 -1 $-1 $25 $67 $70 $71 forward $14 $-1 #
coedge $-1 -1 $-1 $72 $73 $25 $43 reversed $74 $-1 #
edge $75 -1 $-1 $76 -0.5 $77 0.5 $42 $78 forward @7 unknown #
color-adesk-attrib $-1 -1 $-1 $-1 $27 256 #
face $79 -1 $-1 $80 $81 $10 $-1 $82 forward single #
loop $-1 -1 $-1 $-1 $83 $27 #
plane-surface $-1 -1 $-1 0.3000000000000024314 20.43499999999999872 -0.5 -1 0 0 0 -1 0 forward_v I I I I #
coedge $-1 -1 $-1 $84 $85 $86 $87 forward $28 $-1 #
color-adesk-attrib $-1 -1 $-1 $-1 $31 256 #
face $88 -1 $-1 $89 $90 $8 $-1 $91 forward single #
loop $-1 -1 $-1 $-1 $92 $31 #
plane-surface $-1 -1 $-1 0.3000000000000000444 -18.70467741935484085 -0.5 0.894432994690665617 -0.4472019879301609713 0 0.4472019879301609713 0.894432994690665617 0 forward_v I I I I #
coedge $-1 -1 $-1 $93 $94 $95 $96 forward $32 $-1 #
coedge $-1 -1 $-1 $97 $34 $94 $98 forward $19 $-1 #
coedge $-1 -1 $-1 $34 $97 $99 $100 reversed $19 $-1 #
coedge $-1 -1 $-1 $101 $95 $34 $57 reversed $102 $-1 #
edge $103 -1 $-1 $104 0 $105 0.4395781772224937045 $34 $106 forward @7 unknown #
color-adesk-attrib $-1 -1 $-1 $-1 $36 256 #
face $107 -1 $-1 $108 $109 $6 $-1 $110 reversed single #
loop $-1 -1 $-1 $-1 $111 $36 #
plane-surface $-1 -1 $-1 -0.5 0 0 1 0 0 0 0 -1 forward_v I I I I #
coedge $-1 -1 $-1 $112 $70 $113 $114 forward $37 $-1 #
coedge $-1 -1 $-1 $115 $39 $112 $116 forward $23 $-1 #
coedge $-1 -1 $-1 $39 $115 $117 $118 forward $23 $-1 #
coedge $-1 -1 $-1 $73 $72 $39 $66 reversed $74 $-1 #
edge $119 -1 $-1 $120 -0.5 $121 0.5 $65 $122 forward @7 unknown #
coedge $-1 -1 $-1 $41 $40 $123 $124 forward $14 $-1 #
coedge $-1 -1 $-1 $125 $126 $40 $69 reversed $109 $-1 #
edge $127 -1 $-1 $77 -0.5 $128 0.5 $68 $129 forward @7 unknown #
coedge $-1 -1 $-1 $62 $130 $41 $71 reversed $37 $-1 #
edge $131 -1 $-1 $132 -0.5 $76 0.5 $70 $133 forward @7 unknown #
coedge $-1 -1 $-1 $65 $42 $130 $134 forward $74 $-1 #
coedge $-1 -1 $-1 $42 $65 $125 $135 reversed $74 $-1 #
loop $-1 -1 $-1 $-1 $72 $108 #
color-adesk-attrib $-1 -1 $-1 $-1 $43 256 #
vertex $-1 -1 $-1 $43 $136 #
vertex $-1 -1 $-1 $43 $137 #
straight-curve $-1 -1 $-1 0.5 0 0.5 0 1 0 I I #
color-adesk-attrib $-1 -1 $-1 $-1 $45 256 #
face $138 -1 $-1 $139 $140 $10 $-1 $141 forward single #
loop $-1 -1 $-1 $-1 $142 $45 #
plane-surface $-1 -1 $-1 0.4965802347046182064 20.3981732254537782 -0.5 0.1841338727311042645 0.9829011735230788194 0 -0.9829011735230788194 0.1841338727311042645 0 forward_v I I I I #
coedge $-1 -1 $-1 $143 $144 $145 $146 forward $46 $-1 #
coedge $-1 -1 $-1 $147 $48 $148 $149 forward $28 $-1 #
coedge $-1 -1 $-1 $48 $147 $143 $150 reversed $28 $-1 #
coedge $-1 -1 $-1 $145 $151 $48 $87 reversed $152 $-1 #
edge $153 -1 $-1 $154 0 $155 0.4395781772224937045 $48 $156 forward @7 unknown #
color-adesk-attrib $-1 -1 $-1 $-1 $50 256 #
face $157 -1 $-1 $158 $159 $8 $-1 $160 forward single #
loop $-1 -1 $-1 $-1 $161 $50 #
plane-surface $-1 -1 $-1 0.4965802347046158749 -18.31150419390106165 -0.5 0.1841338727311042645 0.9829011735230788194 0 -0.9829011735230788194 0.1841338727311042645 0 forward_v I I I I #
coedge $-1 -1 $-1 $162 $163 $164 $165 forward $51 $-1 #
coedge $-1 -1 $-1 $166 $53 $167 $168 reversed $32 $-1 #
coedge $-1 -1 $-1 $53 $166 $54 $98 reversed $32 $-1 #
coedge $-1 -1 $-1 $56 $169 $53 $96 reversed $102 $-1 #
edge $170 -1 $-1 $105 0 $171 0.2000000000000000111 $53 $172 forward @7 unknown #
coedge $-1 -1 $-1 $55 $54 $173 $174 reversed $19 $-1 #
edge $175 -1 $-1 $105 0 $176 1 $94 $177 forward @7 unknown #
coedge $-1 -1 $-1 $178 $179 $55 $100 forward $180 $-1 #
edge $181 -1 $-1 $104 -0.25 $182 0.75 $99 $183 forward @7 unknown #
coedge $-1 -1 $-1 $184 $56 $179 $185 forward $102 $-1 #
loop $-1 -1 $-1 $-1 $186 $187 #
color-adesk-attrib $-1 -1 $-1 $-1 $57 256 #
vertex $-1 -1 $-1 $185 $188 #
vertex $-1 -1 $-1 $96 $189 #
straight-curve $-1 -1 $-1 0.3000000000000000444 -19.56489247311828095 -0.5 0.4472019879301609158 0.894432994690665506 0 F 0 F 0.4395781772224937045 #
color-adesk-attrib $-1 -1 $-1 $-1 $59 256 #
face $190 -1 $-1 $-1 $74 $6 $-1 $191 reversed single #
loop $-1 -1 $-1 $-1 $125 $59 #
plane-surface $-1 -1 $-1 0 0.5 0 0 -1 0 0 0 -1 forward_v I I I I #
coedge $-1 -1 $-1 $192 $123 $126 $193 forward $60 $-1 #
coedge $-1 -1 $-1 $130 $62 $63 $116 reversed $37 $-1 #
coedge $-1 -1 $-1 $123 $192 $62 $114 reversed $60 $-1 #
edge $194 -1 $-1 $132 -0.5 $195 0.5 $113 $196 forward @7 unknown #
coedge $-1 -1 $-1 $64 $63 $192 $197 forward $23 $-1 #
edge $198 -1 $-1 $121 -0.5 $195 0.5 $112 $199 forward @7 unknown #
coedge $-1 -1 $-1 $126 $125 $64 $118 reversed $109 $-1 #
edge $200 -1 $-1 $201 -0.5 $120 0.5 $117 $202 forward @7 unknown #
color-adesk-attrib $-1 -1 $-1 $-1 $66 256 #
vertex $-1 -1 $-1 $66 $203 #
vertex $-1 -1 $-1 $134 $204 #
straight-curve $-1 -1 $-1 0.5 0 -0.5 0 -1 0 I I #
coedge $-1 -1 $-1 $111 $113 $67 $124 reversed $60 $-1 #
edge $205 -1 $-1 $128 -0.5 $132 0.5 $123 $206 forward @7 unknown #
coedge $-1 -1 $-1 $117 $68 $73 $135 forward $109 $-1 #
coedge $-1 -1 $-1 $68 $117 $111 $193 reversed $109 $-1 #
color-adesk-attrib $-1 -1 $-1 $-1 $69 256 #
vertex $-1 -1 $-1 $69 $207 #
straight-curve $-1 -1 $-1 0 0.5 0.5 -1 0 0 I I #
coedge $-1 -1 $-1 $70 $112 $72 $134 reversed $37 $-1 #
color-adesk-attrib $-1 -1 $-1 $-1 $71 256 #
vertex $-1 -1 $-1 $124 $208 #
straight-curve $-1 -1 $-1 0 -0.5 0.5 1 0 0 I I #
edge $209 -1 $-1 $76 -0.5 $121 0.5 $72 $210 forward @7 unknown #
edge $211 -1 $-1 $77 -0.5 $120 0.5 $73 $212 forward @7 unknown #
point $-1 -1 $-1 0.5 -0.5 0.5 #
point $-1 -1 $-1 0.5 0.5 0.5 #
color-adesk-attrib $-1 -1 $-1 $-1 $80 256 #
face $213 -1 $-1 $-1 $152 $10 $-1 $214 reversed single #
loop $-1 -1 $-1 $-1 $215 $80 #
plane-surface $-1 -1 $-1 0.3587747725541895472 20.24919206842126584 0.5 0 0 1 1 0 0 forward_v I I I I #
coedge $-1 -1 $-1 $216 $148 $151 $217 forward $81 $-1 #
coedge $-1 -1 $-1 $218 $83 $85 $150 forward $46 $-1 #
coedge $-1 -1 $-1 $83 $218 $216 $219 reversed $46 $-1 #
coedge $-1 -1 $-1 $151 $86 $83 $146 reversed $152 $-1 #
edge $220 -1 $-1 $221 0 $154 0.4299999999999999933 $83 $222 forward @7 unknown #
coedge $-1 -1 $-1 $85 $84 $223 $224 reversed $28 $-1 #
coedge $-1 -1 $-1 $142 $225 $84 $149 reversed $81 $-1 #
edge $226 -1 $-1 $155 0 $227 1 $148 $228 forward @7 unknown #
edge $229 -1 $-1 $154 0 $230 1 $143 $231 forward @7 unknown #
coedge $-1 -1 $-1 $86 $145 $142 $217 reversed $152 $-1 #
loop $-1 -1 $-1 $-1 $151 $139 #
color-adesk-attrib $-1 -1 $-1 $-1 $87 256 #
vertex $-1 -1 $-1 $146 $232 #
vertex $-1 -1 $-1 $217 $233 #
straight-curve $-1 -1 $-1 0.3000000000000024314 20.00499999999999901 -0.5 0.4472019879301609158 0.894432994690665506 0 F 0 F 0.4395781772224937045 #
color-adesk-attrib $-1 -1 $-1 $-1 $89 256 #
face $234 -1 $-1 $235 $236 $8 $-1 $237 forward single #
loop $-1 -1 $-1 $-1 $238 $89 #
plane-surface $-1 -1 $-1 0.3000000000000000999 -17.84446236559140075 -0.5 0.894432994690665617 -0.4472019879301609713 0 0.4472019879301609713 0.894432994690665617 0 forward_v I I I I #
coedge $-1 -1 $-1 $239 $240 $241 $242 forward $90 $-1 #
coedge $-1 -1 $-1 $243 $92 $240 $244 forward $51 $-1 #
coedge $-1 -1 $-1 $92 $243 $245 $246 reversed $51 $-1 #
coedge $-1 -1 $-1 $247 $241 $92 $165 reversed $102 $-1 #
edge $248 -1 $-1 $249 0 $250 0.4395781772224937045 $92 $251 forward @7 unknown #
coedge $-1 -1 $-1 $94 $93 $252 $253 reversed $32 $-1 #
coedge $-1 -1 $-1 $254 $255 $93 $168 forward $256 $-1 #
edge $257 -1 $-1 $258 -0.75 $171 0.25 $167 $259 forward @7 unknown #
coedge $-1 -1 $-1 $95 $260 $254 $261 forward $102 $-1 #
color-adesk-attrib $-1 -1 $-1 $-1 $96 256 #
vertex $-1 -1 $-1 $96 $262 #
straight-curve $-1 -1 $-1 0.4965802347046157639 -19.17171924766450175 -0.5 -0.9829011735230788194 0.1841338727311042645 0 F 0 F 0.2000000000000000111 #
coedge $-1 -1 $-1 $252 $263 $97 $174 forward $264 $-1 #
edge $265 -1 $-1 $182 0 $176 0.4395781772224937045 $97 $266 forward @7 unknown #
color-adesk-attrib $-1 -1 $-1 $-1 $98 256 #
vertex $-1 -1 $-1 $98 $267 #
straight-curve $-1 -1 $-1 0.4965802347046157639 -19.17171924766450175 -0.5 0 0 1 I I #
coedge $-1 -1 $-1 $268 $99 $263 $269 reversed $180 $-1 #
coedge $-1 -1 $-1 $99 $268 $101 $185 reversed $180 $-1 #
loop $-1 -1 $-1 $-1 $99 $270 #
color-adesk-attrib $-1 -1 $-1 $-1 $100 256 #
vertex $-1 -1 $-1 $174 $271 #
straight-curve $-1 -1 $-1 0.3000000000000002665 -19.5648924731182845 -0.25 0 0 1 I I #
coedge $-1 -1 $-1 $272 $101 $273 $274 reversed $102 $-1 #
edge $275 -1 $-1 $104 19.56489247311828095 $276 19.56500000000000128 $179 $277 forward @7 unknown #
coedge $-1 -1 $-1 $278 $279 $280 $281 forward $102 $-1 #
face $282 -1 $-1 $283 $102 $8 $-1 $284 reversed single #
point $-1 -1 $-1 0.3000000000000000444 -19.56489247311828095 -0.5 #
point $-1 -1 $-1 0.4965802347046157639 -19.17171924766450175 -0.5 #
color-adesk-attrib $-1 -1 $-1 $-1 $108 256 #
plane-surface $-1 -1 $-1 0.5 0 0 -1 0 0 0 -0 1 forward_v I I I I #
coedge $-1 -1 $-1 $113 $111 $115 $197 reversed $60 $-1 #
edge $285 -1 $-1 $128 -0.5 $201 0.5 $126 $286 forward @7 unknown #
color-adesk-attrib $-1 -1 $-1 $-1 $114 256 #
vertex $-1 -1 $-1 $197 $287 #
straight-curve $-1 -1 $-1 -0.5 -0.5 0 0 0 -1 I I #
edge $288 -1 $-1 $195 -0.5 $201 0.5 $192 $289 forward @7 unknown #
color-adesk-attrib $-1 -1 $-1 $-1 $116 256 #
straight-curve $-1 -1 $-1 0 -0.5 -0.5 -1 0 0 I I #
color-adesk-attrib $-1 -1 $-1 $-1 $118 256 #
vertex $-1 -1 $-1 $118 $290 #
straight-curve $-1 -1 $-1 0 0.5 -0.5 1 0 0 I I #
point $-1 -1 $-1 0.5 0.5 -0.5 #
point $-1 -1 $-1 0.5 -0.5 -0.5 #
color-adesk-attrib $-1 -1 $-1 $-1 $124 256 #
straight-curve $-1 -1 $-1 -0.5 0 0.5 0 -1 0 I I #
point $-1 -1 $-1 -0.5 0.5 0.5 #
point $-1 -1 $-1 -0.5 -0.5 0.5 #
color-adesk-attrib $-1 -1 $-1 $-1 $134 256 #
straight-curve $-1 -1 $-1 0.5 -0.5 0 0 0 -1 I I #
color-adesk-attrib $-1 -1 $-1 $-1 $135 256 #
straight-curve $-1 -1 $-1 0.5 0.5 0 0 0 -1 I I #
color-adesk-attrib $-1 -1 $-1 $-1 $139 256 #
plane-surface $-1 -1 $-1 0.3587747725541895472 20.24919206842126584 -0.5 0 0 1 1 0 0 forward_v I I I I #
coedge $-1 -1 $-1 $291 $223 $225 $292 forward $140 $-1 #
coedge $-1 -1 $-1 $225 $142 $144 $219 forward $81 $-1 #
edge $293 -1 $-1 $155 0 $221 0.2000000000000000111 $142 $294 forward @7 unknown #
coedge $-1 -1 $-1 $144 $143 $291 $295 reversed $46 $-1 #
edge $296 -1 $-1 $221 0 $297 1 $216 $298 forward @7 unknown #
color-adesk-attrib $-1 -1 $-1 $-1 $146 256 #
vertex $-1 -1 $-1 $217 $299 #
straight-curve $-1 -1 $-1 0.3000000000000024314 20.43499999999999872 -0.5 0 -1 0 F 0 F 0.4299999999999999933 #
coedge $-1 -1 $-1 $215 $291 $147 $224 forward $140 $-1 #
edge $300 -1 $-1 $230 0 $227 0.4395781772224937045 $147 $301 forward @7 unknown #
coedge $-1 -1 $-1 $148 $216 $215 $292 reversed $81 $-1 #
color-adesk-attrib $-1 -1 $-1 $-1 $149 256 #
vertex $-1 -1 $-1 $149 $302 #
straight-curve $-1 -1 $-1 0.4965802347046182064 20.3981732254537782 -0.5 0 0 1 I I #
color-adesk-attrib $-1 -1 $-1 $-1 $150 256 #
vertex $-1 -1 $-1 $150 $303 #
straight-curve $-1 -1 $-1 0.3000000000000024314 20.00499999999999901 -0.5 0 0 1 I I #
point $-1 -1 $-1 0.3000000000000024314 20.00499999999999901 -0.5 #
point $-1 -1 $-1 0.4965802347046182064 20.3981732254537782 -0.5 #
color-adesk-attrib $-1 -1 $-1 $-1 $158 256 #
face $304 -1 $-1 $305 $306 $8 $-1 $307 forward single #
loop $-1 -1 $-1 $-1 $308 $158 #
plane-surface $-1 -1 $-1 0.4965802347046158749 -17.45128914013762156 -0.5 0.1841338727311042645 0.9829011735230788194 0 -0.9829011735230788194 0.1841338727311042645 0 forward_v I I I I #
coedge $-1 -1 $-1 $309 $310 $311 $312 forward $159 $-1 #
coedge $-1 -1 $-1 $313 $161 $314 $315 reversed $90 $-1 #
coedge $-1 -1 $-1 $161 $313 $162 $244 reversed $90 $-1 #
coedge $-1 -1 $-1 $164 $316 $161 $242 reversed $102 $-1 #
edge $317 -1 $-1 $250 0 $318 0.2000000000000000111 $161 $319 forward @7 unknown #
coedge $-1 -1 $-1 $163 $162 $320 $321 reversed $51 $-1 #
edge $322 -1 $-1 $250 0 $323 1 $240 $324 forward @7 unknown #
coedge $-1 -1 $-1 $325 $326 $163 $246 forward $327 $-1 #
edge $328 -1 $-1 $249 -0.25 $329 0.75 $245 $330 forward @7 unknown #
coedge $-1 -1 $-1 $331 $164 $326 $332 forward $102 $-1 #
color-adesk-attrib $-1 -1 $-1 $-1 $165 256 #
vertex $-1 -1 $-1 $332 $333 #
vertex $-1 -1 $-1 $242 $334 #
straight-curve $-1 -1 $-1 0.3000000000000000444 -18.70467741935484085 -0.5 0.4472019879301609158 0.894432994690665506 0 F 0 F 0.4395781772224937045 #
coedge $-1 -1 $-1 $335 $173 $166 $253 forward $264 $-1 #
edge $336 -1 $-1 $176 0 $258 0.2000000000000000111 $166 $337 forward @7 unknown #
coedge $-1 -1 $-1 $338 $167 $169 $261 reversed $256 $-1 #
coedge $-1 -1 $-1 $167 $338 $335 $339 reversed $256 $-1 #
loop $-1 -1 $-1 $-1 $167 $340 #
color-adesk-attrib $-1 -1 $-1 $-1 $168 256 #
vertex $-1 -1 $-1 $339 $341 #
straight-curve $-1 -1 $-1 0.3000000000000000444 -19.13489247311827768 -0.25 0 0 -1 I I #
coedge $-1 -1 $-1 $169 $331 $342 $343 reversed $102 $-1 #
edge $344 -1 $-1 $345 19.1347849462365609 $171 19.13489247311828123 $254 $277 forward @7 unknown #
point $-1 -1 $-1 0.3000000000000000444 -19.13489247311828123 -0.5 #
coedge $-1 -1 $-1 $173 $346 $178 $269 forward $264 $-1 #
loop $-1 -1 $-1 $-1 $263 $347 #
color-adesk-attrib $-1 -1 $-1 $-1 $174 256 #
straight-curve $-1 -1 $-1 0.3000000000000000444 -19.56489247311828095 0.5 0.4472019879301609158 0.894432994690665506 0 I I #
point $-1 -1 $-1 0.4965802347046157639 -19.17171924766450175 0.5 #
coedge $-1 -1 $-1 $179 $178 $348 $349 forward $180 $-1 #
edge $350 -1 $-1 $351 -19.56500000000000128 $182 -19.56489247311828095 $178 $352 forward @7 unknown #
face $353 -1 $-1 $340 $180 $8 $-1 $354 reversed single #
point $-1 -1 $-1 0.3000000000000000444 -19.56489247311828095 0.5 #
coedge $-1 -1 $-1 $355 $184 $356 $357 reversed $102 $-1 #
coedge $-1 -1 $-1 $348 $358 $184 $274 forward $359 $-1 #
edge $360 -1 $-1 $361 0 $276 0.2000000000000000111 $273 $362 forward @7 unknown #
color-adesk-attrib $-1 -1 $-1 $-1 $185 256 #
vertex $-1 -1 $-1 $274 $363 #
straight-curve $-1 -1 $-1 0.2999999999999999889 0 -0.5 0 -1 0 I I #
coedge $-1 -1 $-1 $364 $186 $365 $366 reversed $102 $-1 #
coedge $-1 -1 $-1 $186 $367 $368 $369 reversed $102 $-1 #
coedge $-1 -1 $-1 $370 $371 $186 $281 reversed $372 $-1 #
edge $373 -1 $-1 $374 -19.57489247311827896 $375 -19.57478494623655862 $280 $277 forward @7 unknown #
color-adesk-attrib $-1 -1 $-1 $-1 $187 256 #
face $376 -1 $-1 $377 $378 $8 $-1 $379 reversed single #
plane-surface $-1 -1 $-1 0 0 -0.5 0 0 1 1 0 0 forward_v I I I I #
color-adesk-attrib $-1 -1 $-1 $-1 $193 256 #
straight-curve $-1 -1 $-1 -0.5 0.5 0 0 0 -1 I I #
point $-1 -1 $-1 -0.5 -0.5 -0.5 #
color-adesk-attrib $-1 -1 $-1 $-1 $197 256 #
straight-curve $-1 -1 $-1 -0.5 0 -0.5 0 1 0 I I #
point $-1 -1 $-1 -0.5 0.5 -0.5 #
coedge $-1 -1 $-1 $223 $215 $218 $295 forward $140 $-1 #
edge $380 -1 $-1 $227 0 $297 0.2000000000000000111 $225 $381 forward @7 unknown #
color-adesk-attrib $-1 -1 $-1 $-1 $217 256 #
straight-curve $-1 -1 $-1 0.4965802347046182064 20.3981732254537782 -0.5 -0.9829011735230788194 0.1841338727311042645 0 F 0 F 0.2000000000000000111 #
edge $382 -1 $-1 $297 0 $230 0.4299999999999999933 $218 $383 forward @7 unknown #
color-adesk-attrib $-1 -1 $-1 $-1 $219 256 #
vertex $-1 -1 $-1 $219 $384 #
straight-curve $-1 -1 $-1 0.3000000000000024314 20.43499999999999872 -0.5 0 0 1 I I #
point $-1 -1 $-1 0.3000000000000024314 20.43499999999999872 -0.5 #
color-adesk-attrib $-1 -1 $-1 $-1 $224 256 #
straight-curve $-1 -1 $-1 0.3000000000000024314 20.00499999999999901 0.5 0.4472019879301609158 0.894432994690665506 0 I I #
point $-1 -1 $-1 0.4965802347046182064 20.3981732254537782 0.5 #
point $-1 -1 $-1 0.3000000000000024314 20.00499999999999901 0.5 #
color-adesk-attrib $-1 -1 $-1 $-1 $235 256 #
face $385 -1 $-1 $386 $387 $8 $-1 $388 forward single #
loop $-1 -1 $-1 $-1 $389 $235 #
plane-surface $-1 -1 $-1 0.3000000000000001554 -16.98424731182796066 -0.5 0.894432994690665617 -0.4472019879301609713 0 0.4472019879301609713 0.894432994690665617 0 forward_v I I I I #
coedge $-1 -1 $-1 $390 $391 $392 $393 forward $236 $-1 #
coedge $-1 -1 $-1 $394 $238 $391 $395 forward $159 $-1 #
coedge $-1 -1 $-1 $238 $394 $396 $397 reversed $159 $-1 #
coedge $-1 -1 $-1 $398 $392 $238 $312 reversed $102 $-1 #
edge $399 -1 $-1 $400 0 $401 0.4395781772224937045 $238 $402 forward @7 unknown #
coedge $-1 -1 $-1 $240 $239 $403 $404 reversed $90 $-1 #
coedge $-1 -1 $-1 $405 $406 $239 $315 forward $407 $-1 #
edge $408 -1 $-1 $409 -0.75 $318 0.25 $314 $410 forward @7 unknown #
coedge $-1 -1 $-1 $241 $411 $405 $412 forward $102 $-1 #
color-adesk-attrib $-1 -1 $-1 $-1 $242 256 #
vertex $-1 -1 $-1 $242 $413 #
straight-curve $-1 -1 $-1 0.4965802347046158749 -18.31150419390106165 -0.5 -0.9829011735230788194 0.1841338727311042645 0 F 0 F 0.2000000000000000111 #
coedge $-1 -1 $-1 $403 $414 $243 $321 forward $264 $-1 #
edge $415 -1 $-1 $329 0 $323 0.4395781772224937045 $243 $416 forward @7 unknown #
color-adesk-attrib $-1 -1 $-1 $-1 $244 256 #
vertex $-1 -1 $-1 $244 $417 #
straight-curve $-1 -1 $-1 0.4965802347046158749 -18.31150419390106165 -0.5 0 0 1 I I #
coedge $-1 -1 $-1 $418 $245 $414 $419 reversed $327 $-1 #
coedge $-1 -1 $-1 $245 $418 $247 $332 reversed $327 $-1 #
loop $-1 -1 $-1 $-1 $245 $420 #
color-adesk-attrib $-1 -1 $-1 $-1 $246 256 #
vertex $-1 -1 $-1 $321 $421 #
straight-curve $-1 -1 $-1 0.2999999999999998224 -18.70467741935484085 -0.25 0 0 1 I I #
coedge $-1 -1 $-1 $260 $247 $422 $423 reversed $102 $-1 #
edge $424 -1 $-1 $249 18.70467741935484085 $425 18.70478494623656118 $326 $277 forward @7 unknown #
point $-1 -1 $-1 0.3000000000000000444 -18.70467741935484085 -0.5 #
point $-1 -1 $-1 0.4965802347046158749 -18.31150419390106165 -0.5 #
coedge $-1 -1 $-1 $426 $252 $255 $339 forward $264 $-1 #
color-adesk-attrib $-1 -1 $-1 $-1 $253 256 #
straight-curve $-1 -1 $-1 0.4965802347046157639 -19.17171924766450175 0.5 -0.9829011735230788194 0.1841338727311042645 0 I I #
coedge $-1 -1 $-1 $255 $254 $427 $428 forward $256 $-1 #
edge $429 -1 $-1 $258 -19.13489247311828123 $430 -19.1347849462365609 $255 $352 forward @7 unknown #
face $431 -1 $-1 $347 $256 $8 $-1 $354 reversed single #
point $-1 -1 $-1 0.3000000000000000444 -19.13489247311828123 0.5 #
coedge $-1 -1 $-1 $432 $427 $260 $343 forward $433 $-1 #
edge $434 -1 $-1 $345 0 $435 0.4395781772224937045 $342 $436 forward @7 unknown #
color-adesk-attrib $-1 -1 $-1 $-1 $261 256 #
vertex $-1 -1 $-1 $261 $437 #
coedge $-1 -1 $-1 $263 $438 $439 $440 forward $264 $-1 #
face $441 -1 $-1 $187 $264 $8 $-1 $442 forward single #
coedge $-1 -1 $-1 $439 $273 $268 $349 reversed $359 $-1 #
edge $443 -1 $-1 $351 -0.75 $276 0.25 $268 $444 forward @7 unknown #
color-adesk-attrib $-1 -1 $-1 $-1 $269 256 #
vertex $-1 -1 $-1 $269 $445 #
straight-curve $-1 -1 $-1 0.2999999999999999889 0 0.5 0 1 0 I I #
color-adesk-attrib $-1 -1 $-1 $-1 $270 256 #
plane-surface $-1 -1 $-1 0.2999999999999999889 0 0 -1 0 0 0 -0 1 forward_v I I I I #
coedge $-1 -1 $-1 $446 $272 $447 $448 forward $102 $-1 #
coedge $-1 -1 $-1 $449 $450 $272 $357 forward $451 $-1 #
edge $452 -1 $-1 $453 0 $361 0.4395781772224937045 $356 $454 forward @7 unknown #
coedge $-1 -1 $-1 $273 $439 $449 $455 reversed $359 $-1 #
loop $-1 -1 $-1 $-1 $273 $456 #
color-adesk-attrib $-1 -1 $-1 $-1 $274 256 #
vertex $-1 -1 $-1 $274 $457 #
straight-curve $-1 -1 $-1 0.4965802347046157639 -19.6018267745462218 -0.5 -0.9829011735230788194 0.1841338727311042645 0 F 0 F 0.2000000000000000111 #
point $-1 -1 $-1 0.2999999999999999889 -19.56500000000000128 -0.5 #
coedge $-1 -1 $-1 $458 $278 $459 $460 reversed $102 $-1 #
coedge $-1 -1 $-1 $461 $462 $278 $366 forward $463 $-1 #
edge $464 -1 $-1 $465 0 $375 0.2000000000000000111 $365 $466 forward @7 unknown #
coedge $-1 -1 $-1 $279 $467 $468 $469 reversed $102 $-1 #
coedge $-1 -1 $-1 $470 $471 $279 $369 forward $472 $-1 #
edge $473 -1 $-1 $374 0 $474 0.4395781772224937045 $368 $475 forward @7 unknown #
coedge $-1 -1 $-1 $476 $280 $471 $477 forward $372 $-1 #
coedge $-1 -1 $-1 $280 $476 $461 $478 forward $372 $-1 #
loop $-1 -1 $-1 $-1 $371 $479 #
color-adesk-attrib $-1 -1 $-1 $-1 $281 256 #
vertex $-1 -1 $-1 $281 $480 #
vertex $-1 -1 $-1 $366 $481 #
color-adesk-attrib $-1 -1 $-1 $-1 $283 256 #
face $482 -1 $-1 $483 $484 $8 $-1 $485 reversed single #
loop $-1 -1 $-1 $-1 $486 $283 #
plane-surface $-1 -1 $-1 0 -19.99500000000000099 0 0 1 -0 -0 0 1 forward_v I I I I #
color-adesk-attrib $-1 -1 $-1 $-1 $292 256 #
straight-curve $-1 -1 $-1 0.4965802347046182064 20.3981732254537782 0.5 -0.9829011735230788194 0.1841338727311042645 0 I I #
color-adesk-attrib $-1 -1 $-1 $-1 $295 256 #
straight-curve $-1 -1 $-1 0.3000000000000024314 20.43499999999999872 0.5 0 -1 0 I I #
point $-1 -1 $-1 0.3000000000000024314 20.43499999999999872 0.5 #
color-adesk-attrib $-1 -1 $-1 $-1 $305 256 #
face $487 -1 $-1 $488 $489 $8 $-1 $490 forward single #
loop $-1 -1 $-1 $-1 $491 $305 #
plane-surface $-1 -1 $-1 0.4965802347046159304 -16.59107408637418146 -0.5 0.1841338727311042645 0.9829011735230788194 0 -0.9829011735230788194 0.1841338727311042645 0 forward_v I I I I #
coedge $-1 -1 $-1 $492 $493 $494 $495 forward $306 $-1 #
coedge $-1 -1 $-1 $496 $308 $497 $498 reversed $236 $-1 #
coedge $-1 -1 $-1 $308 $496 $309 $395 reversed $236 $-1 #
coedge $-1 -1 $-1 $311 $499 $308 $393 reversed $102 $-1 #
edge $500 -1 $-1 $401 0 $501 0.2000000000000000111 $308 $502 forward @7 unknown #
coedge $-1 -1 $-1 $310 $309 $503 $504 reversed $159 $-1 #
edge $505 -1 $-1 $401 0 $506 1 $391 $507 forward @7 unknown #
coedge $-1 -1 $-1 $508 $509 $310 $397 forward $510 $-1 #
edge $511 -1 $-1 $400 -0.25 $512 0.75 $396 $513 forward @7 unknown #
coedge $-1 -1 $-1 $514 $311 $509 $515 forward $102 $-1 #
color-adesk-attrib $-1 -1 $-1 $-1 $312 256 #
vertex $-1 -1 $-1 $515 $516 #
vertex $-1 -1 $-1 $393 $517 #
straight-curve $-1 -1 $-1 0.3000000000000000999 -17.84446236559140075 -0.5 0.4472019879301609158 0.894432994690665506 0 F 0 F 0.4395781772224937045 #
coedge $-1 -1 $-1 $518 $320 $313 $404 forward $264 $-1 #
edge $519 -1 $-1 $323 0 $409 0.2000000000000000111 $313 $520 forward @7 unknown #
coedge $-1 -1 $-1 $521 $314 $316 $412 reversed $407 $-1 #
coedge $-1 -1 $-1 $314 $521 $518 $522 reversed $407 $-1 #
loop $-1 -1 $-1 $-1 $314 $523 #
color-adesk-attrib $-1 -1 $-1 $-1 $315 256 #
vertex $-1 -1 $-1 $522 $524 #
straight-curve $-1 -1 $-1 0.3000000000000000444 -18.27467741935484113 -0.25 0 0 -1 I I #
coedge $-1 -1 $-1 $316 $514 $525 $526 reversed $102 $-1 #
edge $527 -1 $-1 $528 18.2745698924731208 $318 18.27467741935484113 $405 $277 forward @7 unknown #
point $-1 -1 $-1 0.3000000000000000444 -18.27467741935484113 -0.5 #
coedge $-1 -1 $-1 $320 $529 $325 $419 forward $264 $-1 #
color-adesk-attrib $-1 -1 $-1 $-1 $321 256 #
straight-curve $-1 -1 $-1 0.3000000000000000444 -18.70467741935484085 0.5 0.4472019879301609158 0.894432994690665506 0 I I #
point $-1 -1 $-1 0.4965802347046158749 -18.31150419390106165 0.5 #
coedge $-1 -1 $-1 $326 $325 $530 $531 forward $327 $-1 #
edge $532 -1 $-1 $533 -18.70478494623656118 $329 -18.70467741935484085 $325 $352 forward @7 unknown #
face $534 -1 $-1 $523 $327 $8 $-1 $354 reversed single #
point $-1 -1 $-1 0.3000000000000000444 -18.70467741935484085 0.5 #
coedge $-1 -1 $-1 $530 $535 $331 $423 forward $536 $-1 #
edge $537 -1 $-1 $435 0 $425 0.2000000000000000111 $422 $538 forward @7 unknown #
color-adesk-attrib $-1 -1 $-1 $-1 $332 256 #
vertex $-1 -1 $-1 $423 $539 #
coedge $-1 -1 $-1 $529 $335 $540 $541 forward $264 $-1 #
coedge $-1 -1 $-1 $342 $540 $338 $428 reversed $433 $-1 #
edge $542 -1 $-1 $345 -0.25 $430 0.75 $338 $543 forward @7 unknown #
color-adesk-attrib $-1 -1 $-1 $-1 $339 256 #
vertex $-1 -1 $-1 $541 $544 #
color-adesk-attrib $-1 -1 $-1 $-1 $340 256 #
coedge $-1 -1 $-1 $540 $342 $535 $545 forward $433 $-1 #
loop $-1 -1 $-1 $-1 $342 $546 #
color-adesk-attrib $-1 -1 $-1 $-1 $343 256 #
vertex $-1 -1 $-1 $423 $547 #
straight-curve $-1 -1 $-1 0.3000000000000000444 -19.1347849462365609 -0.5 0.4472019879301609158 0.894432994690665506 0 F 0 F 0.4395781772224937045 #
point $-1 -1 $-1 0.3000000000000000444 -19.1347849462365609 -0.5 #
coedge $-1 -1 $-1 $346 $548 $549 $550 forward $264 $-1 #
coedge $-1 -1 $-1 $358 $348 $346 $440 reversed $359 $-1 #
edge $551 -1 $-1 $552 0 $351 0.2000000000000000111 $439 $553 forward @7 unknown #
color-adesk-attrib $-1 -1 $-1 $-1 $347 256 #
plane-surface $-1 -1 $-1 0 0 0.5 0 0 1 1 0 0 forward_v I I I I #
color-adesk-attrib $-1 -1 $-1 $-1 $349 256 #
straight-curve $-1 -1 $-1 0.3000000000000000444 -19.56500000000000128 -0.25 0 0 -1 I I #
point $-1 -1 $-1 0.2999999999999999889 -19.56500000000000128 0.5 #
coedge $-1 -1 $-1 $554 $355 $555 $556 forward $102 $-1 #
coedge $-1 -1 $-1 $557 $486 $355 $448 reversed $378 $-1 #
edge $558 -1 $-1 $453 -0.2999999999999999889 $559 0.2999999999999999889 $447 $560 forward @7 unknown #
coedge $-1 -1 $-1 $549 $356 $358 $455 forward $451 $-1 #
coedge $-1 -1 $-1 $356 $549 $557 $561 forward $451 $-1 #
loop $-1 -1 $-1 $-1 $356 $562 #
color-adesk-attrib $-1 -1 $-1 $-1 $357 256 #
vertex $-1 -1 $-1 $561 $563 #
straight-curve $-1 -1 $-1 0.2999999999999999889 -19.99500000000000099 -0.5 0.4472019879301609158 0.894432994690665506 0 F 0 F 0.4395781772224937045 #
edge $564 -1 $-1 $361 0 $552 1 $358 $565 forward @7 unknown #
face $566 -1 $-1 $567 $359 $8 $-1 $568 forward single #
point $-1 -1 $-1 0.4965802347046157639 -19.6018267745462218 -0.5 #
coedge $-1 -1 $-1 $569 $364 $570 $571 forward $102 $-1 #
coedge $-1 -1 $-1 $572 $573 $364 $460 forward $574 $-1 #
edge $575 -1 $-1 $576 0 $465 0.4395781772224937045 $459 $577 forward @7 unknown #
coedge $-1 -1 $-1 $578 $365 $371 $478 reversed $463 $-1 #
coedge $-1 -1 $-1 $365 $578 $572 $579 reversed $463 $-1 #
loop $-1 -1 $-1 $-1 $365 $580 #
color-adesk-attrib $-1 -1 $-1 $-1 $366 256 #
vertex $-1 -1 $-1 $366 $581 #
straight-curve $-1 -1 $-1 0.4965802347046181509 19.53795817169033811 -0.5 -0.9829011735230788194 0.1841338727311042645 0 F 0 F 0.2000000000000000111 #
coedge $-1 -1 $-1 $367 $554 $582 $583 reversed $102 $-1 #
coedge $-1 -1 $-1 $584 $585 $367 $469 forward $586 $-1 #
edge $587 -1 $-1 $474 0 $588 0.2000000000000000111 $468 $589 forward @7 unknown #
coedge $-1 -1 $-1 $590 $368 $585 $591 forward $472 $-1 #
coedge $-1 -1 $-1 $368 $590 $370 $477 reversed $472 $-1 #
loop $-1 -1 $-1 $-1 $368 $592 #
color-adesk-attrib $-1 -1 $-1 $-1 $369 256 #
vertex $-1 -1 $-1 $469 $593 #
straight-curve $-1 -1 $-1 0.3000000000000024314 19.57489247311827896 -0.5 0.4472019879301609158 0.894432994690665506 0 F 0 F 0.4395781772224937045 #
coedge $-1 -1 $-1 $371 $370 $594 $595 reversed $372 $-1 #
edge $596 -1 $-1 $374 -0.25 $597 0.75 $370 $598 forward @7 unknown #
edge $599 -1 $-1 $600 -0.75 $375 0.25 $371 $601 forward @7 unknown #
face $602 -1 $-1 $603 $372 $8 $-1 $354 reversed single #
point $-1 -1 $-1 0.3000000000000024314 19.57489247311827896 -0.5 #
point $-1 -1 $-1 0.3000000000000023759 19.57478494623655862 -0.5 #
color-adesk-attrib $-1 -1 $-1 $-1 $377 256 #
face $604 -1 $-1 $-1 $605 $8 $-1 $606 reversed single #
loop $-1 -1 $-1 $-1 $607 $377 #
plane-surface $-1 -1 $-1 -0.2999999999999999889 0 0 1 0 0 0 0 -1 forward_v I I I I #
coedge $-1 -1 $-1 $447 $608 $609 $610 forward $378 $-1 #
color-adesk-attrib $-1 -1 $-1 $-1 $386 256 #
face $611 -1 $-1 $612 $613 $8 $-1 $614 forward single #
loop $-1 -1 $-1 $-1 $615 $386 #
plane-surface $-1 -1 $-1 0.3000000000000002109 -16.12403225806451346 -0.5 0.894432994690665617 -0.4472019879301609713 0 0.4472019879301609713 0.894432994690665617 0 forward_v I I I I #
coedge $-1 -1 $-1 $616 $617 $618 $619 forward $387 $-1 #
coedge $-1 -1 $-1 $620 $389 $617 $621 forward $306 $-1 #
coedge $-1 -1 $-1 $389 $620 $622 $623 reversed $306 $-1 #
coedge $-1 -1 $-1 $624 $618 $389 $495 reversed $102 $-1 #
edge $625 -1 $-1 $626 0 $627 0.4395781772224937045 $389 $628 forward @7 unknown #
coedge $-1 -1 $-1 $391 $390 $629 $630 reversed $236 $-1 #
coedge $-1 -1 $-1 $631 $632 $390 $498 forward $633 $-1 #
edge $634 -1 $-1 $635 -0.75 $501 0.25 $497 $636 forward @7 unknown #
coedge $-1 -1 $-1 $392 $637 $631 $638 forward $102 $-1 #
color-adesk-attrib $-1 -1 $-1 $-1 $393 256 #
vertex $-1 -1 $-1 $393 $639 #
straight-curve $-1 -1 $-1 0.4965802347046158749 -17.45128914013762156 -0.5 -0.9829011735230788194 0.1841338727311042645 0 F 0 F 0.2000000000000000111 #
coedge $-1 -1 $-1 $629 $640 $394 $504 forward $264 $-1 #
edge $641 -1 $-1 $512 0 $506 0.4395781772224937045 $394 $642 forward @7 unknown #
color-adesk-attrib $-1 -1 $-1 $-1 $395 256 #
vertex $-1 -1 $-1 $395 $643 #
straight-curve $-1 -1 $-1 0.4965802347046158749 -17.45128914013762156 -0.5 0 0 1 I I #
coedge $-1 -1 $-1 $644 $396 $640 $645 reversed $510 $-1 #
coedge $-1 -1 $-1 $396 $644 $398 $515 reversed $510 $-1 #
loop $-1 -1 $-1 $-1 $396 $646 #
color-adesk-attrib $-1 -1 $-1 $-1 $397 256 #
vertex $-1 -1 $-1 $504 $647 #
straight-curve $-1 -1 $-1 0.2999999999999998224 -17.84446236559140075 -0.25 0 0 1 I I #
coedge $-1 -1 $-1 $411 $398 $648 $649 reversed $102 $-1 #
edge $650 -1 $-1 $400 17.84446236559140075 $651 17.84456989247312109 $509 $277 forward @7 unknown #
point $-1 -1 $-1 0.3000000000000000999 -17.84446236559140075 -0.5 #
point $-1 -1 $-1 0.4965802347046158749 -17.45128914013762156 -0.5 #
coedge $-1 -1 $-1 $652 $403 $406 $522 forward $264 $-1 #
color-adesk-attrib $-1 -1 $-1 $-1 $404 256 #
straight-curve $-1 -1 $-1 0.4965802347046158749 -18.31150419390106165 0.5 -0.9829011735230788194 0.1841338727311042645 0 I I #
coedge $-1 -1 $-1 $406 $405 $653 $654 forward $407 $-1 #
edge $655 -1 $-1 $409 -18.27467741935484113 $656 -18.2745698924731208 $406 $352 forward @7 unknown #
face $657 -1 $-1 $270 $407 $8 $-1 $354 reversed single #
point $-1 -1 $-1 0.3000000000000000444 -18.27467741935484113 0.5 #
coedge $-1 -1 $-1 $658 $653 $411 $526 forward $659 $-1 #
edge $660 -1 $-1 $528 0 $661 0.4395781772224937045 $525 $662 forward @7 unknown #
color-adesk-attrib $-1 -1 $-1 $-1 $412 256 #
vertex $-1 -1 $-1 $412 $663 #
coedge $-1 -1 $-1 $414 $426 $664 $665 forward $264 $-1 #
coedge $-1 -1 $-1 $664 $422 $418 $531 reversed $536 $-1 #
edge $666 -1 $-1 $533 -0.75 $425 0.25 $418 $667 forward @7 unknown #
color-adesk-attrib $-1 -1 $-1 $-1 $419 256 #
vertex $-1 -1 $-1 $419 $668 #
color-adesk-attrib $-1 -1 $-1 $-1 $420 256 #
coedge $-1 -1 $-1 $422 $664 $432 $545 reversed $536 $-1 #
loop $-1 -1 $-1 $-1 $422 $669 #
color-adesk-attrib $-1 -1 $-1 $-1 $423 256 #
straight-curve $-1 -1 $-1 0.4965802347046158194 -18.7416117207827817 -0.5 -0.9829011735230788194 0.1841338727311042645 0 F 0 F 0.2000000000000000111 #
point $-1 -1 $-1 0.3000000000000000444 -18.70478494623656118 -0.5 #
coedge $-1 -1 $-1 $427 $432 $426 $541 reversed $433 $-1 #
edge $670 -1 $-1 $430 0 $671 0.4395781772224937045 $540 $672 forward @7 unknown #
color-adesk-attrib $-1 -1 $-1 $-1 $428 256 #
straight-curve $-1 -1 $-1 0.3000000000000002665 -19.1347849462365609 -0.25 0 0 1 I I #
point $-1 -1 $-1 0.3000000000000000444 -19.1347849462365609 0.5 #
edge $673 -1 $-1 $435 0 $671 1 $535 $674 forward @7 unknown #
face $675 -1 $-1 $669 $433 $8 $-1 $676 forward single #
point $-1 -1 $-1 0.4965802347046158194 -18.7416117207827817 -0.5 #
coedge $-1 -1 $-1 $438 $677 $608 $678 forward $264 $-1 #
coedge $-1 -1 $-1 $450 $449 $438 $550 reversed $451 $-1 #
edge $679 -1 $-1 $680 0 $552 0.4395781772224937045 $549 $681 forward @7 unknown #
color-adesk-attrib $-1 -1 $-1 $-1 $440 256 #
vertex $-1 -1 $-1 $455 $682 #
straight-curve $-1 -1 $-1 0.4965802347046157639 -19.6018267745462218 0.5 -0.9829011735230788194 0.1841338727311042645 0 I I #
coedge $-1 -1 $-1 $467 $446 $683 $684 forward $102 $-1 #
coedge $-1 -1 $-1 $609 $607 $446 $556 reversed $484 $-1 #
edge $685 -1 $-1 $559 -19.99500000000000099 $686 19.99500000000000099 $555 $687 forward @7 unknown #
coedge $-1 -1 $-1 $608 $447 $450 $561 reversed $378 $-1 #
color-adesk-attrib $-1 -1 $-1 $-1 $448 256 #
vertex $-1 -1 $-1 $556 $688 #
straight-curve $-1 -1 $-1 0 -19.99500000000000099 -0.5 -1 0 0 I I #
edge $689 -1 $-1 $680 -0.5 $453 0.5 $557 $690 forward @7 unknown #
face $691 -1 $-1 $456 $451 $8 $-1 $692 forward single #
point $-1 -1 $-1 0.2999999999999999889 -19.99500000000000099 -0.5 #
color-adesk-attrib $-1 -1 $-1 $-1 $455 256 #
straight-curve $-1 -1 $-1 0.4965802347046157639 -19.6018267745462218 -0.5 0 0 1 I I #
color-adesk-attrib $-1 -1 $-1 $-1 $456 256 #
face $693 -1 $-1 $479 $694 $8 $-1 $354 reversed single #
plane-surface $-1 -1 $-1 0.4965802347046157639 -19.6018267745462218 -0.5 0.1841338727311042645 0.9829011735230788194 0 -0.9829011735230788194 0.1841338727311042645 0 forward_v I I I I #
coedge $-1 -1 $-1 $695 $458 $696 $697 reversed $102 $-1 #
coedge $-1 -1 $-1 $698 $699 $458 $571 reversed $694 $-1 #
edge $700 -1 $-1 $576 -19.14478494623655891 $701 -19.14467741935483858 $570 $277 forward @7 unknown #
coedge $-1 -1 $-1 $702 $459 $462 $579 forward $574 $-1 #
coedge $-1 -1 $-1 $459 $702 $698 $703 reversed $574 $-1 #
loop $-1 -1 $-1 $-1 $459 $704 #
color-adesk-attrib $-1 -1 $-1 $-1 $460 256 #
vertex $-1 -1 $-1 $571 $705 #
straight-curve $-1 -1 $-1 0.3000000000000023759 19.14478494623655891 -0.5 0.4472019879301609158 0.894432994690665506 0 F 0 F 0.4395781772224937045 #
coedge $-1 -1 $-1 $462 $461 $706 $707 reversed $463 $-1 #
edge $708 -1 $-1 $465 0 $709 1 $462 $710 forward @7 unknown #
face $711 -1 $-1 $592 $463 $8 $-1 $712 forward single #
point $-1 -1 $-1 0.4965802347046181509 19.53795817169033811 -0.5 #
coedge $-1 -1 $-1 $713 $714 $467 $583 forward $715 $-1 #
edge $716 -1 $-1 $588 0 $717 0.009892473118277955724 $582 $718 forward @7 unknown #
coedge $-1 -1 $-1 $719 $468 $714 $720 forward $586 $-1 #
coedge $-1 -1 $-1 $468 $719 $470 $591 reversed $586 $-1 #
loop $-1 -1 $-1 $-1 $468 $721 #
color-adesk-attrib $-1 -1 $-1 $-1 $469 256 #
vertex $-1 -1 $-1 $469 $722 #
straight-curve $-1 -1 $-1 0.4965802347046182064 19.96806569857205815 -0.5 -0.9829011735230788194 0.1841338727311042645 0 F 0 F 0.2000000000000000111 #
coedge $-1 -1 $-1 $471 $470 $723 $724 reversed $472 $-1 #
edge $725 -1 $-1 $474 0 $726 1 $585 $727 forward @7 unknown #
face $728 -1 $-1 $729 $472 $8 $-1 $730 forward single #
point $-1 -1 $-1 0.4965802347046182064 19.96806569857205815 -0.5 #
coedge $-1 -1 $-1 $723 $706 $476 $595 forward $264 $-1 #
edge $731 -1 $-1 $600 19.57478494623655862 $597 19.57489247311827896 $476 $352 forward @7 unknown #
color-adesk-attrib $-1 -1 $-1 $-1 $477 256 #
vertex $-1 -1 $-1 $724 $732 #
straight-curve $-1 -1 $-1 0.2999999999999993783 19.5748924731182754 -0.25 0 0 1 I I #
color-adesk-attrib $-1 -1 $-1 $-1 $478 256 #
vertex $-1 -1 $-1 $595 $733 #
straight-curve $-1 -1 $-1 0.3000000000000000444 19.57478494623656218 -0.25 0 0 -1 I I #
color-adesk-attrib $-1 -1 $-1 $-1 $479 256 #
face $734 -1 $-1 $735 $736 $8 $-1 $354 reversed single #
color-adesk-attrib $-1 -1 $-1 $-1 $483 256 #
loop $-1 -1 $-1 $-1 $737 $483 #
plane-surface $-1 -1 $-1 0 19.99500000000000099 0 0 -1 0 0 0 -1 forward_v I I I I #
coedge $-1 -1 $-1 $555 $738 $739 $740 forward $484 $-1 #
coedge $-1 -1 $-1 $486 $557 $548 $678 reversed $378 $-1 #
coedge $-1 -1 $-1 $738 $555 $486 $610 reversed $484 $-1 #
edge $741 -1 $-1 $742 -0.5 $559 0.5 $609 $743 forward @7 unknown #
color-adesk-attrib $-1 -1 $-1 $-1 $488 256 #
face $744 -1 $-1 $745 $746 $8 $-1 $747 forward single #
loop $-1 -1 $-1 $-1 $748 $488 #
plane-surface $-1 -1 $-1 0.4965802347046159859 -15.73085903261073426 -0.5 0.1841338727311042645 0.9829011735230788194 0 -0.9829011735230788194 0.1841338727311042645 0 forward_v I I I I #
coedge $-1 -1 $-1 $749 $750 $751 $752 forward $489 $-1 #
coedge $-1 -1 $-1 $753 $491 $754 $755 reversed $387 $-1 #
coedge $-1 -1 $-1 $491 $753 $492 $621 reversed $387 $-1 #
coedge $-1 -1 $-1 $494 $756 $491 $619 reversed $102 $-1 #
edge $757 -1 $-1 $627 0 $758 0.2000000000000000111 $491 $759 forward @7 unknown #
coedge $-1 -1 $-1 $493 $492 $760 $761 reversed $306 $-1 #
edge $762 -1 $-1 $627 0 $763 1 $617 $764 forward @7 unknown #
coedge $-1 -1 $-1 $765 $766 $493 $623 forward $767 $-1 #
edge $768 -1 $-1 $626 -0.25 $769 0.75 $622 $770 forward @7 unknown #
coedge $-1 -1 $-1 $771 $494 $766 $772 forward $102 $-1 #
color-adesk-attrib $-1 -1 $-1 $-1 $495 256 #
vertex $-1 -1 $-1 $772 $773 #
vertex $-1 -1 $-1 $619 $774 #
straight-curve $-1 -1 $-1 0.3000000000000001554 -16.98424731182796066 -0.5 0.4472019879301609158 0.894432994690665506 0 F 0 F 0.4395781772224937045 #
coedge $-1 -1 $-1 $775 $503 $496 $630 forward $264 $-1 #
edge $776 -1 $-1 $506 0 $635 0.2000000000000000111 $496 $777 forward @7 unknown #
coedge $-1 -1 $-1 $778 $497 $499 $638 reversed $633 $-1 #
coedge $-1 -1 $-1 $497 $778 $775 $779 reversed $633 $-1 #
loop $-1 -1 $-1 $-1 $497 $780 #
color-adesk-attrib $-1 -1 $-1 $-1 $498 256 #
vertex $-1 -1 $-1 $779 $781 #
straight-curve $-1 -1 $-1 0.3000000000000000444 -17.41446236559140104 -0.25 0 0 -1 I I #
coedge $-1 -1 $-1 $499 $771 $782 $783 reversed $102 $-1 #
edge $784 -1 $-1 $785 17.41435483870968071 $501 17.41446236559140104 $631 $277 forward @7 unknown #
point $-1 -1 $-1 0.3000000000000000999 -17.41446236559140104 -0.5 #
coedge $-1 -1 $-1 $503 $786 $508 $645 forward $264 $-1 #
color-adesk-attrib $-1 -1 $-1 $-1 $504 256 #
straight-curve $-1 -1 $-1 0.3000000000000000999 -17.84446236559140075 0.5 0.4472019879301609158 0.894432994690665506 0 I I #
point $-1 -1 $-1 0.4965802347046158749 -17.45128914013762156 0.5 #
coedge $-1 -1 $-1 $509 $508 $787 $788 forward $510 $-1 #
edge $789 -1 $-1 $790 -17.84456989247312109 $512 -17.84446236559140075 $508 $352 forward @7 unknown #
face $791 -1 $-1 $780 $510 $8 $-1 $354 reversed single #
point $-1 -1 $-1 0.3000000000000000999 -17.84446236559140075 0.5 #
coedge $-1 -1 $-1 $787 $792 $514 $649 forward $793 $-1 #
edge $794 -1 $-1 $661 0 $651 0.2000000000000000111 $648 $795 forward @7 unknown #
color-adesk-attrib $-1 -1 $-1 $-1 $515 256 #
vertex $-1 -1 $-1 $649 $796 #
coedge $-1 -1 $-1 $786 $518 $797 $798 forward $264 $-1 #
coedge $-1 -1 $-1 $525 $797 $521 $654 reversed $659 $-1 #
edge $799 -1 $-1 $528 -0.25 $656 0.75 $521 $800 forward @7 unknown #
color-adesk-attrib $-1 -1 $-1 $-1 $522 256 #
vertex $-1 -1 $-1 $798 $801 #
color-adesk-attrib $-1 -1 $-1 $-1 $523 256 #
coedge $-1 -1 $-1 $797 $525 $792 $802 forward $659 $-1 #
loop $-1 -1 $-1 $-1 $525 $803 #
color-adesk-attrib $-1 -1 $-1 $-1 $526 256 #
vertex $-1 -1 $-1 $649 $804 #
straight-curve $-1 -1 $-1 0.3000000000000000999 -18.2745698924731208 -0.5 0.4472019879301609158 0.894432994690665506 0 F 0 F 0.4395781772224937045 #
point $-1 -1 $-1 0.3000000000000000999 -18.2745698924731208 -0.5 #
coedge $-1 -1 $-1 $535 $530 $529 $665 reversed $536 $-1 #
edge $805 -1 $-1 $671 0 $533 0.2000000000000000111 $664 $806 forward @7 unknown #
color-adesk-attrib $-1 -1 $-1 $-1 $531 256 #
straight-curve $-1 -1 $-1 0.3000000000000002665 -18.70478494623656118 -0.25 0 0 -1 I I #
point $-1 -1 $-1 0.3000000000000000444 -18.70478494623656118 0.5 #
face $807 -1 $-1 $562 $536 $8 $-1 $808 forward single #
color-adesk-attrib $-1 -1 $-1 $-1 $541 256 #
vertex $-1 -1 $-1 $545 $809 #
straight-curve $-1 -1 $-1 0.3000000000000000444 -19.1347849462365609 0.5 0.4472019879301609158 0.894432994690665506 0 I I #
color-adesk-attrib $-1 -1 $-1 $-1 $545 256 #
straight-curve $-1 -1 $-1 0.4965802347046158194 -18.7416117207827817 -0.5 0 0 1 I I #
color-adesk-attrib $-1 -1 $-1 $-1 $546 256 #
plane-surface $-1 -1 $-1 0.3000000000000000444 -19.1347849462365609 -0.5 0.894432994690665617 -0.4472019879301609713 0 0.4472019879301609713 0.894432994690665617 0 forward_v I I I I #
coedge $-1 -1 $-1 $548 $810 $738 $811 forward $264 $-1 #
edge $812 -1 $-1 $742 -0.2999999999999999889 $680 0.2999999999999999889 $608 $813 forward @7 unknown #
color-adesk-attrib $-1 -1 $-1 $-1 $550 256 #
vertex $-1 -1 $-1 $550 $814 #
straight-curve $-1 -1 $-1 0.2999999999999999889 -19.99500000000000099 0.5 0.4472019879301609158 0.894432994690665506 0 I I #
point $-1 -1 $-1 0.4965802347046157639 -19.6018267745462218 0.5 #
coedge $-1 -1 $-1 $739 $737 $554 $684 reversed $605 $-1 #
edge $815 -1 $-1 $686 -0.2999999999999999889 $717 0.2999999999999999889 $683 $816 forward @7 unknown #
color-adesk-attrib $-1 -1 $-1 $-1 $556 256 #
vertex $-1 -1 $-1 $684 $817 #
straight-curve $-1 -1 $-1 -0.2999999999999999889 0 -0.5 0 1 0 I I #
point $-1 -1 $-1 -0.2999999999999999889 -19.99500000000000099 -0.5 #
color-adesk-attrib $-1 -1 $-1 $-1 $561 256 #
straight-curve $-1 -1 $-1 0.2999999999999999889 -19.99500000000000099 0 0 0 -1 I I #
color-adesk-attrib $-1 -1 $-1 $-1 $562 256 #
plane-surface $-1 -1 $-1 0.2999999999999999889 -19.99500000000000099 -0.5 0.894432994690665617 -0.4472019879301609713 0 0.4472019879301609713 0.894432994690665617 0 forward_v I I I I #
color-adesk-attrib $-1 -1 $-1 $-1 $567 256 #
loop $-1 -1 $-1 $-1 $698 $567 #
coedge $-1 -1 $-1 $818 $569 $819 $820 reversed $102 $-1 #
coedge $-1 -1 $-1 $821 $822 $569 $697 forward $823 $-1 #
edge $824 -1 $-1 $825 0 $701 0.2000000000000000111 $696 $826 forward @7 unknown #
coedge $-1 -1 $-1 $827 $570 $573 $703 forward $694 $-1 #
coedge $-1 -1 $-1 $570 $827 $821 $828 forward $694 $-1 #
color-adesk-attrib $-1 -1 $-1 $-1 $571 256 #
vertex $-1 -1 $-1 $697 $829 #
coedge $-1 -1 $-1 $573 $572 $830 $831 reversed $574 $-1 #
edge $832 -1 $-1 $576 -0.25 $833 0.75 $698 $834 forward @7 unknown #
face $835 -1 $-1 $580 $574 $8 $-1 $836 forward single #
point $-1 -1 $-1 0.3000000000000023759 19.14478494623655891 -0.5 #
coedge $-1 -1 $-1 $594 $830 $578 $707 forward $264 $-1 #
edge $837 -1 $-1 $709 0 $600 0.2000000000000000111 $578 $838 forward @7 unknown #
color-adesk-attrib $-1 -1 $-1 $-1 $579 256 #
vertex $-1 -1 $-1 $579 $839 #
straight-curve $-1 -1 $-1 0.4965802347046181509 19.53795817169033811 -0.5 0 0 1 I I #
color-adesk-attrib $-1 -1 $-1 $-1 $580 256 #
plane-surface $-1 -1 $-1 0.4965802347046181509 19.53795817169033811 -0.5 0.1841338727311042645 0.9829011735230788194 0 -0.9829011735230788194 0.1841338727311042645 0 forward_v I I I I #
coedge $-1 -1 $-1 $840 $582 $737 $841 reversed $715 $-1 #
coedge $-1 -1 $-1 $582 $840 $584 $720 reversed $715 $-1 #
loop $-1 -1 $-1 $-1 $713 $729 #
color-adesk-attrib $-1 -1 $-1 $-1 $583 256 #
vertex $-1 -1 $-1 $583 $842 #
straight-curve $-1 -1 $-1 0.3000000000000024314 20.00489247311827867 -0.5 0 -1 0 F 0 F 0.4299999999999999933 #
coedge $-1 -1 $-1 $585 $584 $843 $844 reversed $586 $-1 #
edge $845 -1 $-1 $588 0 $846 1 $584 $847 forward @7 unknown #
face $848 -1 $-1 $849 $586 $8 $-1 $850 forward single #
point $-1 -1 $-1 0.3000000000000024314 20.00489247311827867 -0.5 #
coedge $-1 -1 $-1 $843 $594 $590 $724 forward $264 $-1 #
edge $851 -1 $-1 $597 0 $726 0.4395781772224937045 $590 $852 forward @7 unknown #
color-adesk-attrib $-1 -1 $-1 $-1 $591 256 #
vertex $-1 -1 $-1 $591 $853 #
straight-curve $-1 -1 $-1 0.4965802347046182064 19.96806569857205815 -0.5 0 0 1 I I #
color-adesk-attrib $-1 -1 $-1 $-1 $592 256 #
face $854 -1 $-1 $721 $715 $8 $-1 $855 forward single #
plane-surface $-1 -1 $-1 0.3000000000000024314 19.57489247311827896 -0.5 0.894432994690665617 -0.4472019879301609713 0 0.4472019879301609713 0.894432994690665617 0 forward_v I I I I #
color-adesk-attrib $-1 -1 $-1 $-1 $595 256 #
point $-1 -1 $-1 0.3000000000000024314 19.57489247311827896 0.5 #
point $-1 -1 $-1 0.3000000000000023759 19.57478494623655862 0.5 #
color-adesk-attrib $-1 -1 $-1 $-1 $603 256 #
face $856 -1 $-1 $857 $858 $8 $-1 $354 reversed single #
loop $-1 -1 $-1 $-1 $859 $603 #
coedge $-1 -1 $-1 $683 $860 $713 $841 forward $605 $-1 #
coedge $-1 -1 $-1 $607 $609 $677 $811 reversed $484 $-1 #
coedge $-1 -1 $-1 $860 $683 $607 $740 reversed $605 $-1 #
edge $861 -1 $-1 $862 -0.5 $686 0.5 $739 $863 forward @7 unknown #
color-adesk-attrib $-1 -1 $-1 $-1 $610 256 #
vertex $-1 -1 $-1 $811 $864 #
straight-curve $-1 -1 $-1 -0.2999999999999999889 -19.99500000000000099 0 0 0 -1 I I #
color-adesk-attrib $-1 -1 $-1 $-1 $612 256 #
face $865 -1 $-1 $866 $867 $8 $-1 $868 forward single #
loop $-1 -1 $-1 $-1 $869 $612 #
plane-surface $-1 -1 $-1 0.3000000000000002665 -15.26381720430107336 -0.5 0.894432994690665617 -0.4472019879301609713 0 0.4472019879301609713 0.894432994690665617 0 forward_v I I I I #
coedge $-1 -1 $-1 $870 $871 $872 $873 forward $613 $-1 #
coedge $-1 -1 $-1 $874 $615 $871 $875 forward $489 $-1 #
coedge $-1 -1 $-1 $615 $874 $876 $877 reversed $489 $-1 #
coedge $-1 -1 $-1 $878 $872 $615 $752 reversed $102 $-1 #
edge $879 -1 $-1 $880 0 $881 0.4395781772224937045 $615 $882 forward @7 unknown #
coedge $-1 -1 $-1 $617 $616 $883 $884 reversed $387 $-1 #
coedge $-1 -1 $-1 $885 $886 $616 $755 forward $887 $-1 #
edge $888 -1 $-1 $889 -0.75 $758 0.25 $754 $890 forward @7 unknown #
coedge $-1 -1 $-1 $618 $891 $885 $892 forward $102 $-1 #
color-adesk-attrib $-1 -1 $-1 $-1 $619 256 #
vertex $-1 -1 $-1 $619 $893 #
straight-curve $-1 -1 $-1 0.4965802347046159304 -16.59107408637418146 -0.5 -0.9829011735230788194 0.1841338727311042645 0 F 0 F 0.2000000000000000111 #
coedge $-1 -1 $-1 $883 $894 $620 $761 forward $264 $-1 #
edge $895 -1 $-1 $769 0 $763 0.4395781772224937045 $620 $896 forward @7 unknown #
color-adesk-attrib $-1 -1 $-1 $-1 $621 256 #
vertex $-1 -1 $-1 $621 $897 #
straight-curve $-1 -1 $-1 0.4965802347046159304 -16.59107408637418146 -0.5 0 0 1 I I #
coedge $-1 -1 $-1 $898 $622 $894 $899 reversed $767 $-1 #
coedge $-1 -1 $-1 $622 $898 $624 $772 reversed $767 $-1 #
loop $-1 -1 $-1 $-1 $622 $900 #
color-adesk-attrib $-1 -1 $-1 $-1 $623 256 #
vertex $-1 -1 $-1 $761 $901 #
straight-curve $-1 -1 $-1 0.3000000000000002665 -16.98424731182796066 -0.25 0 0 1 I I #
coedge $-1 -1 $-1 $637 $624 $902 $903 reversed $102 $-1 #
edge $904 -1 $-1 $626 16.98424731182796066 $905 16.98435483870968099 $766 $277 forward @7 unknown #
point $-1 -1 $-1 0.3000000000000001554 -16.98424731182796066 -0.5 #
point $-1 -1 $-1 0.4965802347046159304 -16.59107408637418146 -0.5 #
coedge $-1 -1 $-1 $906 $629 $632 $779 forward $264 $-1 #
color-adesk-attrib $-1 -1 $-1 $-1 $630 256 #
straight-curve $-1 -1 $-1 0.4965802347046158749 -17.45128914013762156 0.5 -0.9829011735230788194 0.1841338727311042645 0 I I #
coedge $-1 -1 $-1 $632 $631 $907 $908 forward $633 $-1 #
edge $909 -1 $-1 $635 -17.41446236559140104 $910 -17.41435483870968071 $632 $352 forward @7 unknown #
face $911 -1 $-1 $420 $633 $8 $-1 $354 reversed single #
point $-1 -1 $-1 0.3000000000000000999 -17.41446236559140104 0.5 #
coedge $-1 -1 $-1 $912 $907 $637 $783 forward $913 $-1 #
edge $914 -1 $-1 $785 0 $915 0.4395781772224937045 $782 $916 forward @7 unknown #
color-adesk-attrib $-1 -1 $-1 $-1 $638 256 #
vertex $-1 -1 $-1 $638 $917 #
coedge $-1 -1 $-1 $640 $652 $918 $919 forward $264 $-1 #
coedge $-1 -1 $-1 $918 $648 $644 $788 reversed $793 $-1 #
edge $920 -1 $-1 $790 -0.75 $651 0.25 $644 $921 forward @7 unknown #
color-adesk-attrib $-1 -1 $-1 $-1 $645 256 #
vertex $-1 -1 $-1 $645 $922 #
color-adesk-attrib $-1 -1 $-1 $-1 $646 256 #
coedge $-1 -1 $-1 $648 $918 $658 $802 reversed $793 $-1 #
loop $-1 -1 $-1 $-1 $648 $923 #
color-adesk-attrib $-1 -1 $-1 $-1 $649 256 #
straight-curve $-1 -1 $-1 0.4965802347046158749 -17.88139666701934161 -0.5 -0.9829011735230788194 0.1841338727311042645 0 F 0 F 0.2000000000000000111 #
point $-1 -1 $-1 0.3000000000000000999 -17.84456989247312109 -0.5 #
coedge $-1 -1 $-1 $653 $658 $652 $798 reversed $659 $-1 #
edge $924 -1 $-1 $656 0 $925 0.4395781772224937045 $797 $926 forward @7 unknown #
color-adesk-attrib $-1 -1 $-1 $-1 $654 256 #
straight-curve $-1 -1 $-1 0.3000000000000002665 -18.27456989247312436 -0.25 0 0 1 I I #
point $-1 -1 $-1 0.3000000000000000999 -18.2745698924731208 0.5 #
edge $927 -1 $-1 $661 0 $925 1 $792 $928 forward @7 unknown #
face $929 -1 $-1 $923 $659 $8 $-1 $930 forward single #
point $-1 -1 $-1 0.4965802347046158749 -17.88139666701934161 -0.5 #
color-adesk-attrib $-1 -1 $-1 $-1 $665 256 #
straight-curve $-1 -1 $-1 0.4965802347046158194 -18.7416117207827817 0.5 -0.9829011735230788194 0.1841338727311042645 0 I I #
color-adesk-attrib $-1 -1 $-1 $-1 $669 256 #
plane-surface $-1 -1 $-1 0.4965802347046158194 -18.7416117207827817 -0.5 0.1841338727311042645 0.9829011735230788194 0 -0.9829011735230788194 0.1841338727311042645 0 forward_v I I I I #
point $-1 -1 $-1 0.4965802347046158194 -18.7416117207827817 0.5 #
coedge $-1 -1 $-1 $677 $931 $860 $932 forward $264 $-1 #
edge $933 -1 $-1 $862 -19.99500000000000099 $742 19.99500000000000099 $738 $934 forward @7 unknown #
color-adesk-attrib $-1 -1 $-1 $-1 $678 256 #
straight-curve $-1 -1 $-1 0 -19.99500000000000099 0.5 1 0 0 I I #
point $-1 -1 $-1 0.2999999999999999889 -19.99500000000000099 0.5 #
color-adesk-attrib $-1 -1 $-1 $-1 $684 256 #
straight-curve $-1 -1 $-1 0 19.99500000000000099 -0.5 1 0 0 I I #
point $-1 -1 $-1 -0.2999999999999999889 19.99500000000000099 -0.5 #
coedge $-1 -1 $-1 $935 $695 $936 $937 forward $102 $-1 #
coedge $-1 -1 $-1 $938 $939 $695 $820 forward $940 $-1 #
edge $941 -1 $-1 $942 0 $825 0.4395781772224937045 $819 $943 forward @7 unknown #
coedge $-1 -1 $-1 $944 $696 $699 $828 reversed $823 $-1 #
coedge $-1 -1 $-1 $696 $944 $938 $945 reversed $823 $-1 #
loop $-1 -1 $-1 $-1 $696 $946 #
color-adesk-attrib $-1 -1 $-1 $-1 $697 256 #
vertex $-1 -1 $-1 $697 $947 #
straight-curve $-1 -1 $-1 0.4965802347046181509 19.10785064480861806 -0.5 -0.9829011735230788194 0.1841338727311042645 0 F 0 F 0.2000000000000000111 #
coedge $-1 -1 $-1 $699 $698 $948 $949 reversed $694 $-1 #
edge $950 -1 $-1 $951 -0.75 $701 0.25 $699 $952 forward @7 unknown #
point $-1 -1 $-1 0.3000000000000023759 19.14467741935483858 -0.5 #
coedge $-1 -1 $-1 $706 $948 $702 $831 forward $264 $-1 #
edge $953 -1 $-1 $833 0 $709 0.4395781772224937045 $702 $954 forward @7 unknown #
color-adesk-attrib $-1 -1 $-1 $-1 $703 256 #
vertex $-1 -1 $-1 $831 $955 #
straight-curve $-1 -1 $-1 0.2999999999999993783 19.14478494623655536 -0.25 0 0 1 I I #
color-adesk-attrib $-1 -1 $-1 $-1 $704 256 #
plane-surface $-1 -1 $-1 0.3000000000000023759 19.14478494623655891 -0.5 0.894432994690665617 -0.4472019879301609713 0 0.4472019879301609713 0.894432994690665617 0 forward_v I I I I #
color-adesk-attrib $-1 -1 $-1 $-1 $707 256 #
straight-curve $-1 -1 $-1 0.4965802347046181509 19.53795817169033811 0.5 -0.9829011735230788194 0.1841338727311042645 0 I I #
point $-1 -1 $-1 0.4965802347046181509 19.53795817169033811 0.5 #
coedge $-1 -1 $-1 $714 $713 $931 $956 reversed $715 $-1 #
edge $957 -1 $-1 $958 -0.5 $717 0.5 $737 $959 forward @7 unknown #
point $-1 -1 $-1 0.2999999999999999889 19.99500000000000099 -0.5 #
coedge $-1 -1 $-1 $931 $723 $719 $844 forward $264 $-1 #
edge $960 -1 $-1 $726 0 $846 0.2000000000000000111 $719 $961 forward @7 unknown #
color-adesk-attrib $-1 -1 $-1 $-1 $720 256 #
vertex $-1 -1 $-1 $720 $962 #
straight-curve $-1 -1 $-1 0.3000000000000024314 20.00489247311827867 -0.5 0 0 1 I I #
color-adesk-attrib $-1 -1 $-1 $-1 $721 256 #
face $963 -1 $-1 $946 $940 $8 $-1 $964 forward single #
plane-surface $-1 -1 $-1 0.4965802347046182064 19.96806569857205815 -0.5 0.1841338727311042645 0.9829011735230788194 0 -0.9829011735230788194 0.1841338727311042645 0 forward_v I I I I #
color-adesk-attrib $-1 -1 $-1 $-1 $724 256 #
straight-curve $-1 -1 $-1 0.3000000000000024314 19.57489247311827896 0.5 0.4472019879301609158 0.894432994690665506 0 I I #
point $-1 -1 $-1 0.4965802347046182064 19.96806569857205815 0.5 #
color-adesk-attrib $-1 -1 $-1 $-1 $729 256 #
plane-surface $-1 -1 $-1 0.3000000000000024314 20.00489247311827867 -0.5 -1 0 0 0 -1 0 forward_v I I I I #
color-adesk-attrib $-1 -1 $-1 $-1 $735 256 #
face $965 -1 $-1 $966 $967 $8 $-1 $354 reversed single #
loop $-1 -1 $-1 $-1 $968 $735 #
coedge $-1 -1 $-1 $969 $970 $971 $972 forward $736 $-1 #
coedge $-1 -1 $-1 $737 $739 $810 $932 reversed $605 $-1 #
color-adesk-attrib $-1 -1 $-1 $-1 $740 256 #
vertex $-1 -1 $-1 $932 $973 #
straight-curve $-1 -1 $-1 -0.2999999999999999889 19.99500000000000099 0 0 0 -1 I I #
point $-1 -1 $-1 -0.2999999999999999889 -19.99500000000000099 0.5 #
color-adesk-attrib $-1 -1 $-1 $-1 $745 256 #
face $974 -1 $-1 $975 $976 $8 $-1 $977 forward single #
loop $-1 -1 $-1 $-1 $978 $745 #
plane-surface $-1 -1 $-1 0.4965802347046160414 -14.87064397884729416 -0.5 0.1841338727311042645 0.9829011735230788194 0 -0.9829011735230788194 0.1841338727311042645 0 forward_v I I I I #
coedge $-1 -1 $-1 $979 $980 $981 $982 forward $746 $-1 #
coedge $-1 -1 $-1 $983 $748 $984 $985 reversed $613 $-1 #
coedge $-1 -1 $-1 $748 $983 $749 $875 reversed $613 $-1 #
coedge $-1 -1 $-1 $751 $986 $748 $873 reversed $102 $-1 #
edge $987 -1 $-1 $881 0 $988 0.2000000000000000111 $748 $989 forward @7 unknown #
coedge $-1 -1 $-1 $750 $749 $990 $991 reversed $489 $-1 #
edge $992 -1 $-1 $881 0 $993 1 $871 $994 forward @7 unknown #
coedge $-1 -1 $-1 $995 $996 $750 $877 forward $997 $-1 #
edge $998 -1 $-1 $880 -0.25 $999 0.75 $876 $1000 forward @7 unknown #
coedge $-1 -1 $-1 $1001 $751 $996 $1002 forward $102 $-1 #
color-adesk-attrib $-1 -1 $-1 $-1 $752 256 #
vertex $-1 -1 $-1 $1002 $1003 #
vertex $-1 -1 $-1 $873 $1004 #
straight-curve $-1 -1 $-1 0.3000000000000002109 -16.12403225806451346 -0.5 0.4472019879301609158 0.894432994690665506 0 F 0 F 0.4395781772224937045 #
coedge $-1 -1 $-1 $1005 $760 $753 $884 forward $264 $-1 #
edge $1006 -1 $-1 $763 0 $889 0.2000000000000000111 $753 $1007 forward @7 unknown #
coedge $-1 -1 $-1 $1008 $754 $756 $892 reversed $887 $-1 #
coedge $-1 -1 $-1 $754 $1008 $1005 $1009 reversed $887 $-1 #
loop $-1 -1 $-1 $-1 $754 $1010 #
color-adesk-attrib $-1 -1 $-1 $-1 $755 256 #
vertex $-1 -1 $-1 $1009 $1011 #
straight-curve $-1 -1 $-1 0.3000000000000000444 -16.55424731182795739 -0.25 0 0 -1 I I #
coedge $-1 -1 $-1 $756 $1001 $1012 $1013 reversed $102 $-1 #
edge $1014 -1 $-1 $1015 16.55413978494624061 $758 16.55424731182796094 $885 $277 forward @7 unknown #
point $-1 -1 $-1 0.3000000000000001554 -16.55424731182796094 -0.5 #
coedge $-1 -1 $-1 $760 $1016 $765 $899 forward $264 $-1 #
color-adesk-attrib $-1 -1 $-1 $-1 $761 256 #
straight-curve $-1 -1 $-1 0.3000000000000001554 -16.98424731182796066 0.5 0.4472019879301609158 0.894432994690665506 0 I I #
point $-1 -1 $-1 0.4965802347046159304 -16.59107408637418146 0.5 #
coedge $-1 -1 $-1 $766 $765 $1017 $1018 forward $767 $-1 #
edge $1019 -1 $-1 $1020 -16.98435483870968099 $769 -16.98424731182796066 $765 $352 forward @7 unknown #
face $1021 -1 $-1 $1010 $767 $8 $-1 $354 reversed single #
point $-1 -1 $-1 0.3000000000000001554 -16.98424731182796066 0.5 #
coedge $-1 -1 $-1 $1017 $1022 $771 $903 forward $1023 $-1 #
edge $1024 -1 $-1 $915 0 $905 0.2000000000000000111 $902 $1025 forward @7 unknown #
color-adesk-attrib $-1 -1 $-1 $-1 $772 256 #
vertex $-1 -1 $-1 $903 $1026 #
coedge $-1 -1 $-1 $1016 $775 $1027 $1028 forward $264 $-1 #
coedge $-1 -1 $-1 $782 $1027 $778 $908 reversed $913 $-1 #
edge $1029 -1 $-1 $785 -0.25 $910 0.75 $778 $1030 forward @7 unknown #
color-adesk-attrib $-1 -1 $-1 $-1 $779 256 #
vertex $-1 -1 $-1 $1028 $1031 #
color-adesk-attrib $-1 -1 $-1 $-1 $780 256 #
coedge $-1 -1 $-1 $1027 $782 $1022 $1032 forward $913 $-1 #
loop $-1 -1 $-1 $-1 $782 $1033 #
color-adesk-attrib $-1 -1 $-1 $-1 $783 256 #
vertex $-1 -1 $-1 $903 $1034 #
straight-curve $-1 -1 $-1 0.3000000000000001554 -17.41435483870968071 -0.5 0.4472019879301609158 0.894432994690665506 0 F 0 F 0.4395781772224937045 #
point $-1 -1 $-1 0.3000000000000001554 -17.41435483870968071 -0.5 #
coedge $-1 -1 $-1 $792 $787 $786 $919 reversed $793 $-1 #
edge $1035 -1 $-1 $925 0 $790 0.2000000000000000111 $918 $1036 forward @7 unknown #
color-adesk-attrib $-1 -1 $-1 $-1 $788 256 #
straight-curve $-1 -1 $-1 0.3000000000000002665 -17.84456989247311753 -0.25 0 0 -1 I I #
point $-1 -1 $-1 0.3000000000000000999 -17.84456989247312109 0.5 #
face $1037 -1 $-1 $546 $793 $8 $-1 $1038 forward single #
color-adesk-attrib $-1 -1 $-1 $-1 $798 256 #
vertex $-1 -1 $-1 $802 $1039 #
straight-curve $-1 -1 $-1 0.3000000000000000999 -18.2745698924731208 0.5 0.4472019879301609158 0.894432994690665506 0 I I #
color-adesk-attrib $-1 -1 $-1 $-1 $802 256 #
straight-curve $-1 -1 $-1 0.4965802347046158749 -17.88139666701934161 -0.5 0 0 1 I I #
color-adesk-attrib $-1 -1 $-1 $-1 $803 256 #
plane-surface $-1 -1 $-1 0.3000000000000000999 -18.2745698924731208 -0.5 0.894432994690665617 -0.4472019879301609713 0 0.4472019879301609713 0.894432994690665617 0 forward_v I I I I #
coedge $-1 -1 $-1 $810 $843 $840 $956 forward $264 $-1 #
edge $1040 -1 $-1 $958 -0.2999999999999999889 $862 0.2999999999999999889 $860 $1041 forward @7 unknown #
color-adesk-attrib $-1 -1 $-1 $-1 $811 256 #
straight-curve $-1 -1 $-1 -0.2999999999999999889 0 0.5 0 -1 0 I I #
coedge $-1 -1 $-1 $1042 $818 $1043 $1044 reversed $102 $-1 #
coedge $-1 -1 $-1 $1045 $968 $818 $937 reversed $858 $-1 #
edge $1046 -1 $-1 $942 -18.71467741935483886 $1047 -18.71456989247311853 $936 $277 forward @7 unknown #
coedge $-1 -1 $-1 $1048 $819 $822 $945 forward $940 $-1 #
coedge $-1 -1 $-1 $819 $1048 $1045 $1049 reversed $940 $-1 #
loop $-1 -1 $-1 $-1 $819 $849 #
color-adesk-attrib $-1 -1 $-1 $-1 $820 256 #
vertex $-1 -1 $-1 $937 $1050 #
straight-curve $-1 -1 $-1 0.3000000000000023759 18.71467741935483886 -0.5 0.4472019879301609158 0.894432994690665506 0 F 0 F 0.4395781772224937045 #
coedge $-1 -1 $-1 $822 $821 $1051 $1052 reversed $823 $-1 #
edge $1053 -1 $-1 $825 0 $1054 1 $822 $1055 forward @7 unknown #
face $1056 -1 $-1 $1057 $823 $8 $-1 $1058 forward single #
point $-1 -1 $-1 0.4965802347046181509 19.10785064480861806 -0.5 #
coedge $-1 -1 $-1 $830 $1051 $827 $949 forward $264 $-1 #
edge $1059 -1 $-1 $951 19.14467741935483858 $833 19.14478494623655891 $827 $352 forward @7 unknown #
color-adesk-attrib $-1 -1 $-1 $-1 $828 256 #
vertex $-1 -1 $-1 $949 $1060 #
straight-curve $-1 -1 $-1 0.3000000000000000444 19.14467741935483858 -0.25 0 0 -1 I I #
color-adesk-attrib $-1 -1 $-1 $-1 $831 256 #
straight-curve $-1 -1 $-1 0.3000000000000023759 19.14478494623655891 0.5 0.4472019879301609158 0.894432994690665506 0 I I #
point $-1 -1 $-1 0.3000000000000023759 19.14478494623655891 0.5 #
edge $1061 -1 $-1 $846 0 $958 0.009892473118277955724 $840 $1062 forward @7 unknown #
color-adesk-attrib $-1 -1 $-1 $-1 $841 256 #
vertex $-1 -1 $-1 $932 $1063 #
straight-curve $-1 -1 $-1 0.2999999999999999889 19.99500000000000099 0 0 0 -1 I I #
color-adesk-attrib $-1 -1 $-1 $-1 $844 256 #
straight-curve $-1 -1 $-1 0.4965802347046182064 19.96806569857205815 0.5 -0.9829011735230788194 0.1841338727311042645 0 I I #
point $-1 -1 $-1 0.3000000000000024314 20.00489247311827867 0.5 #
color-adesk-attrib $-1 -1 $-1 $-1 $849 256 #
plane-surface $-1 -1 $-1 0.3000000000000023759 18.71467741935483886 -0.5 0.894432994690665617 -0.4472019879301609713 0 0.4472019879301609713 0.894432994690665617 0 forward_v I I I I #
color-adesk-attrib $-1 -1 $-1 $-1 $857 256 #
face $1064 -1 $-1 $1065 $1066 $8 $-1 $354 reversed single #
loop $-1 -1 $-1 $-1 $1067 $857 #
coedge $-1 -1 $-1 $936 $1068 $1069 $1070 forward $858 $-1 #
coedge $-1 -1 $-1 $1071 $859 $1072 $1073 reversed $736 $-1 #
coedge $-1 -1 $-1 $859 $1071 $1074 $1075 reversed $736 $-1 #
coedge $-1 -1 $-1 $1076 $1077 $859 $972 reversed $1078 $-1 #
edge $1079 -1 $-1 $1080 -0.25 $1081 0.75 $859 $1082 forward @7 unknown #
point $-1 -1 $-1 -0.2999999999999999889 19.99500000000000099 0.5 #
color-adesk-attrib $-1 -1 $-1 $-1 $866 256 #
face $1083 -1 $-1 $1084 $1085 $8 $-1 $1086 forward single #
loop $-1 -1 $-1 $-1 $1087 $866 #
plane-surface $-1 -1 $-1 0.300000000000000322 -14.40360215053763326 -0.5 0.894432994690665617 -0.4472019879301609713 0 0.4472019879301609713 0.894432994690665617 0 forward_v I I I I #
coedge $-1 -1 $-1 $1088 $1089 $1090 $1091 forward $867 $-1 #
coedge $-1 -1 $-1 $1092 $869 $1089 $1093 forward $746 $-1 #
coedge $-1 -1 $-1 $869 $1092 $1094 $1095 reversed $746 $-1 #
coedge $-1 -1 $-1 $1096 $1090 $869 $982 reversed $102 $-1 #
edge $1097 -1 $-1 $1098 0 $1099 0.4395781772224937045 $869 $1100 forward @7 unknown #
coedge $-1 -1 $-1 $871 $870 $1101 $1102 reversed $613 $-1 #
coedge $-1 -1 $-1 $1103 $1104 $870 $985 forward $1105 $-1 #
edge $1106 -1 $-1 $1107 -0.75 $988 0.25 $984 $1108 forward @7 unknown #
coedge $-1 -1 $-1 $872 $1109 $1103 $1110 forward $102 $-1 #
color-adesk-attrib $-1 -1 $-1 $-1 $873 256 #
vertex $-1 -1 $-1 $873 $1111 #
straight-curve $-1 -1 $-1 0.4965802347046159859 -15.73085903261073426 -0.5 -0.9829011735230788194 0.1841338727311042645 0 F 0 F 0.2000000000000000111 #
coedge $-1 -1 $-1 $1101 $1112 $874 $991 forward $264 $-1 #
edge $1113 -1 $-1 $999 0 $993 0.4395781772224937045 $874 $1114 forward @7 unknown #
color-adesk-attrib $-1 -1 $-1 $-1 $875 256 #
vertex $-1 -1 $-1 $875 $1115 #
straight-curve $-1 -1 $-1 0.4965802347046159859 -15.73085903261073426 -0.5 0 0 1 I I #
coedge $-1 -1 $-1 $1116 $876 $1112 $1117 reversed $997 $-1 #
coedge $-1 -1 $-1 $876 $1116 $878 $1002 reversed $997 $-1 #
loop $-1 -1 $-1 $-1 $876 $1118 #
color-adesk-attrib $-1 -1 $-1 $-1 $877 256 #
vertex $-1 -1 $-1 $991 $1119 #
straight-curve $-1 -1 $-1 0.3000000000000002665 -16.12403225806451346 -0.25 0 0 1 I I #
coedge $-1 -1 $-1 $891 $878 $1120 $1121 reversed $102 $-1 #
edge $1122 -1 $-1 $880 16.12403225806451346 $1123 16.12413978494624089 $996 $277 forward @7 unknown #
point $-1 -1 $-1 0.3000000000000002109 -16.12403225806451346 -0.5 #
point $-1 -1 $-1 0.4965802347046159859 -15.73085903261073426 -0.5 #
coedge $-1 -1 $-1 $1124 $883 $886 $1009 forward $264 $-1 #
color-adesk-attrib $-1 -1 $-1 $-1 $884 256 #
straight-curve $-1 -1 $-1 0.4965802347046159304 -16.59107408637418146 0.5 -0.9829011735230788194 0.1841338727311042645 0 I I #
coedge $-1 -1 $-1 $886 $885 $1125 $1126 forward $887 $-1 #
edge $1127 -1 $-1 $889 -16.55424731182796094 $1128 -16.55413978494624061 $886 $352 forward @7 unknown #
face $1129 -1 $-1 $646 $887 $8 $-1 $354 reversed single #
point $-1 -1 $-1 0.3000000000000001554 -16.55424731182796094 0.5 #
coedge $-1 -1 $-1 $1130 $1125 $891 $1013 forward $1131 $-1 #
edge $1132 -1 $-1 $1015 0 $1133 0.4395781772224937045 $1012 $1134 forward @7 unknown #
color-adesk-attrib $-1 -1 $-1 $-1 $892 256 #
vertex $-1 -1 $-1 $892 $1135 #
coedge $-1 -1 $-1 $894 $906 $1136 $1137 forward $264 $-1 #
coedge $-1 -1 $-1 $1136 $902 $898 $1018 reversed $1023 $-1 #
edge $1138 -1 $-1 $1020 -0.75 $905 0.25 $898 $1139 forward @7 unknown #
color-adesk-attrib $-1 -1 $-1 $-1 $899 256 #
vertex $-1 -1 $-1 $899 $1140 #
color-adesk-attrib $-1 -1 $-1 $-1 $900 256 #
coedge $-1 -1 $-1 $902 $1136 $912 $1032 reversed $1023 $-1 #
loop $-1 -1 $-1 $-1 $902 $1141 #
color-adesk-attrib $-1 -1 $-1 $-1 $903 256 #
straight-curve $-1 -1 $-1 0.4965802347046159304 -17.02118161325590151 -0.5 -0.9829011735230788194 0.1841338727311042645 0 F 0 F 0.2000000000000000111 #
point $-1 -1 $-1 0.3000000000000001554 -16.98435483870968099 -0.5 #
coedge $-1 -1 $-1 $907 $912 $906 $1028 reversed $913 $-1 #
edge $1142 -1 $-1 $910 0 $1143 0.4395781772224937045 $1027 $1144 forward @7 unknown #
color-adesk-attrib $-1 -1 $-1 $-1 $908 256 #
straight-curve $-1 -1 $-1 0.3000000000000002665 -17.41435483870968071 -0.25 0 0 1 I I #
point $-1 -1 $-1 0.3000000000000001554 -17.41435483870968071 0.5 #
edge $1145 -1 $-1 $915 0 $1143 1 $1022 $1146 forward @7 unknown #
face $1147 -1 $-1 $1141 $913 $8 $-1 $1148 forward single #
point $-1 -1 $-1 0.4965802347046159304 -17.02118161325590151 -0.5 #
color-adesk-attrib $-1 -1 $-1 $-1 $919 256 #
straight-curve $-1 -1 $-1 0.4965802347046158749 -17.88139666701934161 0.5 -0.9829011735230788194 0.1841338727311042645 0 I I #
color-adesk-attrib $-1 -1 $-1 $-1 $923 256 #
plane-surface $-1 -1 $-1 0.4965802347046158749 -17.88139666701934161 -0.5 0.1841338727311042645 0.9829011735230788194 0 -0.9829011735230788194 0.1841338727311042645 0 forward_v I I I I #
point $-1 -1 $-1 0.4965802347046158749 -17.88139666701934161 0.5 #
color-adesk-attrib $-1 -1 $-1 $-1 $932 256 #
straight-curve $-1 -1 $-1 0 19.99500000000000099 0.5 -1 0 0 I I #
coedge $-1 -1 $-1 $1074 $935 $1076 $1149 reversed $102 $-1 #
coedge $-1 -1 $-1 $1069 $1150 $935 $1044 forward $1151 $-1 #
edge $1152 -1 $-1 $1153 0 $1047 0.2000000000000000111 $1043 $1154 forward @7 unknown #
coedge $-1 -1 $-1 $1068 $936 $939 $1049 forward $858 $-1 #
color-adesk-attrib $-1 -1 $-1 $-1 $937 256 #
vertex $-1 -1 $-1 $1044 $1155 #
coedge $-1 -1 $-1 $939 $938 $1156 $1157 reversed $940 $-1 #
edge $1158 -1 $-1 $942 -0.25 $1159 0.75 $1045 $1160 forward @7 unknown #
point $-1 -1 $-1 0.3000000000000023759 18.71467741935483886 -0.5 #
coedge $-1 -1 $-1 $948 $1156 $944 $1052 forward $264 $-1 #
edge $1161 -1 $-1 $1054 0 $951 0.2000000000000000111 $944 $1162 forward @7 unknown #
color-adesk-attrib $-1 -1 $-1 $-1 $945 256 #
vertex $-1 -1 $-1 $945 $1163 #
straight-curve $-1 -1 $-1 0.4965802347046181509 19.10785064480861806 -0.5 0 0 1 I I #
color-adesk-attrib $-1 -1 $-1 $-1 $946 256 #
face $1164 -1 $-1 $1165 $1166 $8 $-1 $1167 forward single #
plane-surface $-1 -1 $-1 0.4965802347046181509 19.10785064480861806 -0.5 0.1841338727311042645 0.9829011735230788194 0 -0.9829011735230788194 0.1841338727311042645 0 forward_v I I I I #
color-adesk-attrib $-1 -1 $-1 $-1 $949 256 #
point $-1 -1 $-1 0.3000000000000023759 19.14467741935483858 0.5 #
color-adesk-attrib $-1 -1 $-1 $-1 $956 256 #
straight-curve $-1 -1 $-1 0.3000000000000024314 20.00489247311827867 0.5 0 -1 0 I I #
point $-1 -1 $-1 0.2999999999999999889 19.99500000000000099 0.5 #
color-adesk-attrib $-1 -1 $-1 $-1 $966 256 #
face $1168 -1 $-1 $1169 $1170 $8 $-1 $354 reversed single #
loop $-1 -1 $-1 $-1 $1171 $966 #
coedge $-1 -1 $-1 $1172 $1173 $1174 $1175 forward $967 $-1 #
coedge $-1 -1 $-1 $968 $1045 $1176 $1177 reversed $858 $-1 #
coedge $-1 -1 $-1 $1178 $1043 $968 $1070 reversed $1151 $-1 #
edge $1179 -1 $-1 $1180 -0.75 $1047 0.25 $968 $1181 forward @7 unknown #
coedge $-1 -1 $-1 $970 $969 $1182 $1183 forward $736 $-1 #
coedge $-1 -1 $-1 $1184 $1185 $969 $1073 forward $264 $-1 #
edge $1186 -1 $-1 $1187 18.28446236559139848 $1081 18.28456989247311881 $969 $352 forward @7 unknown #
coedge $-1 -1 $-1 $1188 $1042 $970 $1075 forward $102 $-1 #
edge $1189 -1 $-1 $1080 -18.28456989247311881 $1190 -18.28446236559139848 $970 $277 forward @7 unknown #
coedge $-1 -1 $-1 $1191 $971 $1042 $1149 forward $1078 $-1 #
coedge $-1 -1 $-1 $971 $1191 $1184 $1192 reversed $1078 $-1 #
loop $-1 -1 $-1 $-1 $1076 $1193 #
color-adesk-attrib $-1 -1 $-1 $-1 $972 256 #
vertex $-1 -1 $-1 $1075 $1194 #
vertex $-1 -1 $-1 $1192 $1195 #
straight-curve $-1 -1 $-1 0.2999999999999993783 18.28456989247311526 -0.25 0 0 1 I I #
color-adesk-attrib $-1 -1 $-1 $-1 $975 256 #
face $1196 -1 $-1 $1197 $1198 $8 $-1 $1199 forward single #
loop $-1 -1 $-1 $-1 $1200 $975 #
plane-surface $-1 -1 $-1 0.4965802347046160969 -14.01042892508385407 -0.5 0.1841338727311042645 0.9829011735230788194 0 -0.9829011735230788194 0.1841338727311042645 0 forward_v I I I I #
coedge $-1 -1 $-1 $1201 $1202 $1203 $1204 forward $976 $-1 #
coedge $-1 -1 $-1 $1205 $978 $1206 $1207 reversed $867 $-1 #
coedge $-1 -1 $-1 $978 $1205 $979 $1093 reversed $867 $-1 #
coedge $-1 -1 $-1 $981 $1208 $978 $1091 reversed $102 $-1 #
edge $1209 -1 $-1 $1099 0 $1210 0.2000000000000000111 $978 $1211 forward @7 unknown #
coedge $-1 -1 $-1 $980 $979 $1212 $1213 reversed $746 $-1 #
edge $1214 -1 $-1 $1099 0 $1215 1 $1089 $1216 forward @7 unknown #
coedge $-1 -1 $-1 $1217 $1218 $980 $1095 forward $1219 $-1 #
edge $1220 -1 $-1 $1098 -0.25 $1221 0.75 $1094 $1222 forward @7 unknown #
coedge $-1 -1 $-1 $1223 $981 $1218 $1224 forward $102 $-1 #
color-adesk-attrib $-1 -1 $-1 $-1 $982 256 #
vertex $-1 -1 $-1 $1224 $1225 #
vertex $-1 -1 $-1 $1091 $1226 #
straight-curve $-1 -1 $-1 0.3000000000000002665 -15.26381720430107336 -0.5 0.4472019879301609158 0.894432994690665506 0 F 0 F 0.4395781772224937045 #
coedge $-1 -1 $-1 $1227 $990 $983 $1102 forward $264 $-1 #
edge $1228 -1 $-1 $993 0 $1107 0.2000000000000000111 $983 $1229 forward @7 unknown #
coedge $-1 -1 $-1 $1230 $984 $986 $1110 reversed $1105 $-1 #
coedge $-1 -1 $-1 $984 $1230 $1227 $1231 reversed $1105 $-1 #
loop $-1 -1 $-1 $-1 $984 $1232 #
color-adesk-attrib $-1 -1 $-1 $-1 $985 256 #
vertex $-1 -1 $-1 $1231 $1233 #
straight-curve $-1 -1 $-1 0.3000000000000000444 -15.69403225806451374 -0.25 0 0 -1 I I #
coedge $-1 -1 $-1 $986 $1223 $1234 $1235 reversed $102 $-1 #
edge $1236 -1 $-1 $1237 15.69392473118280051 $988 15.69403225806451374 $1103 $277 forward @7 unknown #
point $-1 -1 $-1 0.3000000000000002109 -15.69403225806451374 -0.5 #
coedge $-1 -1 $-1 $990 $1238 $995 $1117 forward $264 $-1 #
color-adesk-attrib $-1 -1 $-1 $-1 $991 256 #
straight-curve $-1 -1 $-1 0.3000000000000002109 -16.12403225806451346 0.5 0.4472019879301609158 0.894432994690665506 0 I I #
point $-1 -1 $-1 0.4965802347046159859 -15.73085903261073426 0.5 #
coedge $-1 -1 $-1 $996 $995 $1239 $1240 forward $997 $-1 #
edge $1241 -1 $-1 $1242 -16.12413978494624089 $999 -16.12403225806451346 $995 $352 forward @7 unknown #
face $1243 -1 $-1 $1232 $997 $8 $-1 $354 reversed single #
point $-1 -1 $-1 0.3000000000000002109 -16.12403225806451346 0.5 #
coedge $-1 -1 $-1 $1239 $1244 $1001 $1121 forward $1245 $-1 #
edge $1246 -1 $-1 $1133 0 $1123 0.2000000000000000111 $1120 $1247 forward @7 unknown #
color-adesk-attrib $-1 -1 $-1 $-1 $1002 256 #
vertex $-1 -1 $-1 $1121 $1248 #
coedge $-1 -1 $-1 $1238 $1005 $1249 $1250 forward $264 $-1 #
coedge $-1 -1 $-1 $1012 $1249 $1008 $1126 reversed $1131 $-1 #
edge $1251 -1 $-1 $1015 -0.25 $1128 0.75 $1008 $1252 forward @7 unknown #
color-adesk-attrib $-1 -1 $-1 $-1 $1009 256 #
vertex $-1 -1 $-1 $1250 $1253 #
color-adesk-attrib $-1 -1 $-1 $-1 $1010 256 #
coedge $-1 -1 $-1 $1249 $1012 $1244 $1254 forward $1131 $-1 #
loop $-1 -1 $-1 $-1 $1012 $1255 #
color-adesk-attrib $-1 -1 $-1 $-1 $1013 256 #
vertex $-1 -1 $-1 $1121 $1256 #
straight-curve $-1 -1 $-1 0.3000000000000002109 -16.55413978494624061 -0.5 0.4472019879301609158 0.894432994690665506 0 F 0 F 0.4395781772224937045 #
point $-1 -1 $-1 0.3000000000000002109 -16.55413978494624061 -0.5 #
coedge $-1 -1 $-1 $1022 $1017 $1016 $1137 reversed $1023 $-1 #
edge $1257 -1 $-1 $1143 0 $1020 0.2000000000000000111 $1136 $1258 forward @7 unknown #
color-adesk-attrib $-1 -1 $-1 $-1 $1018 256 #
straight-curve $-1 -1 $-1 0.3000000000000000444 -16.98435483870968099 -0.25 0 0 -1 I I #
point $-1 -1 $-1 0.3000000000000001554 -16.98435483870968099 0.5 #
face $1259 -1 $-1 $803 $1023 $8 $-1 $1260 forward single #
color-adesk-attrib $-1 -1 $-1 $-1 $1028 256 #
vertex $-1 -1 $-1 $1032 $1261 #
straight-curve $-1 -1 $-1 0.3000000000000001554 -17.41435483870968071 0.5 0.4472019879301609158 0.894432994690665506 0 I I #
color-adesk-attrib $-1 -1 $-1 $-1 $1032 256 #
straight-curve $-1 -1 $-1 0.4965802347046159304 -17.02118161325590151 -0.5 0 0 1 I I #
color-adesk-attrib $-1 -1 $-1 $-1 $1033 256 #
plane-surface $-1 -1 $-1 0.3000000000000001554 -17.41435483870968071 -0.5 0.894432994690665617 -0.4472019879301609713 0 0.4472019879301609713 0.894432994690665617 0 forward_v I I I I #
edge $1262 -1 $-1 $1080 0 $1153 0.4395781772224937045 $1076 $1263 forward @7 unknown #
coedge $-1 -1 $-1 $1043 $1178 $1191 $1264 reversed $1151 $-1 #
loop $-1 -1 $-1 $-1 $1043 $1265 #
color-adesk-attrib $-1 -1 $-1 $-1 $1044 256 #
vertex $-1 -1 $-1 $1044 $1266 #
straight-curve $-1 -1 $-1 0.4965802347046180953 18.67774311792689801 -0.5 -0.9829011735230788194 0.1841338727311042645 0 F 0 F 0.2000000000000000111 #
point $-1 -1 $-1 0.3000000000000023204 18.71456989247311853 -0.5 #
coedge $-1 -1 $-1 $1051 $1176 $1048 $1157 forward $264 $-1 #
edge $1267 -1 $-1 $1159 0 $1054 0.4395781772224937045 $1048 $1268 forward @7 unknown #
color-adesk-attrib $-1 -1 $-1 $-1 $1049 256 #
vertex $-1 -1 $-1 $1157 $1269 #
straight-curve $-1 -1 $-1 0.2999999999999998224 18.71467741935483531 -0.25 0 0 1 I I #
color-adesk-attrib $-1 -1 $-1 $-1 $1052 256 #
straight-curve $-1 -1 $-1 0.4965802347046181509 19.10785064480861806 0.5 -0.9829011735230788194 0.1841338727311042645 0 I I #
point $-1 -1 $-1 0.4965802347046181509 19.10785064480861806 0.5 #
color-adesk-attrib $-1 -1 $-1 $-1 $1057 256 #
face $1270 -1 $-1 $1271 $1272 $8 $-1 $1273 forward single #
loop $-1 -1 $-1 $-1 $1274 $1057 #
plane-surface $-1 -1 $-1 0.3000000000000023204 17.85446236559139876 -0.5 0.894432994690665617 -0.4472019879301609713 0 0.4472019879301609713 0.894432994690665617 0 forward_v I I I I #
color-adesk-attrib $-1 -1 $-1 $-1 $1065 256 #
face $1275 -1 $-1 $1276 $1277 $8 $-1 $354 reversed single #
loop $-1 -1 $-1 $-1 $1278 $1065 #
coedge $-1 -1 $-1 $1279 $1280 $1281 $1282 forward $1066 $-1 #
coedge $-1 -1 $-1 $1283 $1067 $1284 $1285 reversed $967 $-1 #
coedge $-1 -1 $-1 $1067 $1283 $1286 $1287 reversed $967 $-1 #
coedge $-1 -1 $-1 $1288 $1289 $1067 $1175 reversed $1290 $-1 #
edge $1291 -1 $-1 $1292 -0.25 $1293 0.75 $1067 $1294 forward @7 unknown #
coedge $-1 -1 $-1 $1156 $1295 $1068 $1177 forward $264 $-1 #
edge $1296 -1 $-1 $1180 18.71456989247311853 $1159 18.71467741935483886 $1068 $352 forward @7 unknown #
coedge $-1 -1 $-1 $1150 $1069 $1295 $1297 reversed $1151 $-1 #
color-adesk-attrib $-1 -1 $-1 $-1 $1070 256 #
vertex $-1 -1 $-1 $1177 $1298 #
straight-curve $-1 -1 $-1 0.3000000000000000444 18.71456989247311853 -0.25 0 0 -1 I I #
coedge $-1 -1 $-1 $1299 $1300 $1071 $1183 reversed $1272 $-1 #
edge $1301 -1 $-1 $1187 -0.75 $1190 0.25 $1071 $1302 forward @7 unknown #
coedge $-1 -1 $-1 $1295 $1072 $1077 $1192 forward $264 $-1 #
coedge $-1 -1 $-1 $1072 $1303 $1299 $1304 forward $264 $-1 #
color-adesk-attrib $-1 -1 $-1 $-1 $1073 256 #
vertex $-1 -1 $-1 $1073 $1305 #
coedge $-1 -1 $-1 $1306 $1074 $1300 $1307 reversed $102 $-1 #
color-adesk-attrib $-1 -1 $-1 $-1 $1075 256 #
vertex $-1 -1 $-1 $1307 $1308 #
coedge $-1 -1 $-1 $1077 $1076 $1150 $1264 forward $1078 $-1 #
edge $1309 -1 $-1 $1081 0 $1310 0.4395781772224937045 $1077 $1311 forward @7 unknown #
face $1312 -1 $-1 $1265 $1078 $8 $-1 $1313 forward single #
point $-1 -1 $-1 0.3000000000000023204 18.28456989247311881 -0.5 #
point $-1 -1 $-1 0.3000000000000023204 18.28456989247311881 0.5 #
color-adesk-attrib $-1 -1 $-1 $-1 $1084 256 #
face $1314 -1 $-1 $1315 $1316 $8 $-1 $1317 forward single #
loop $-1 -1 $-1 $-1 $1318 $1084 #
plane-surface $-1 -1 $-1 0.3000000000000003775 -13.54338709677419317 -0.5 0.894432994690665617 -0.4472019879301609713 0 0.4472019879301609713 0.894432994690665617 0 forward_v I I I I #
coedge $-1 -1 $-1 $1319 $1320 $1321 $1322 forward $1085 $-1 #
coedge $-1 -1 $-1 $1323 $1087 $1320 $1324 forward $976 $-1 #
coedge $-1 -1 $-1 $1087 $1323 $1325 $1326 reversed $976 $-1 #
coedge $-1 -1 $-1 $1327 $1321 $1087 $1204 reversed $102 $-1 #
edge $1328 -1 $-1 $1329 0 $1330 0.4395781772224937045 $1087 $1331 forward @7 unknown #
coedge $-1 -1 $-1 $1089 $1088 $1332 $1333 reversed $867 $-1 #
coedge $-1 -1 $-1 $1334 $1335 $1088 $1207 forward $1336 $-1 #
edge $1337 -1 $-1 $1338 -0.75 $1210 0.25 $1206 $1339 forward @7 unknown #
coedge $-1 -1 $-1 $1090 $1340 $1334 $1341 forward $102 $-1 #
color-adesk-attrib $-1 -1 $-1 $-1 $1091 256 #
vertex $-1 -1 $-1 $1091 $1342 #
straight-curve $-1 -1 $-1 0.4965802347046160414 -14.87064397884729416 -0.5 -0.9829011735230788194 0.1841338727311042645 0 F 0 F 0.2000000000000000111 #
coedge $-1 -1 $-1 $1332 $1343 $1092 $1213 forward $264 $-1 #
edge $1344 -1 $-1 $1221 0 $1215 0.4395781772224937045 $1092 $1345 forward @7 unknown #
color-adesk-attrib $-1 -1 $-1 $-1 $1093 256 #
vertex $-1 -1 $-1 $1093 $1346 #
straight-curve $-1 -1 $-1 0.4965802347046160414 -14.87064397884729416 -0.5 0 0 1 I I #
coedge $-1 -1 $-1 $1347 $1094 $1343 $1348 reversed $1219 $-1 #
coedge $-1 -1 $-1 $1094 $1347 $1096 $1224 reversed $1219 $-1 #
loop $-1 -1 $-1 $-1 $1094 $1349 #
color-adesk-attrib $-1 -1 $-1 $-1 $1095 256 #
vertex $-1 -1 $-1 $1213 $1350 #
straight-curve $-1 -1 $-1 0.3000000000000002665 -15.26381720430107336 -0.25 0 0 1 I I #
coedge $-1 -1 $-1 $1109 $1096 $1351 $1352 reversed $102 $-1 #
edge $1353 -1 $-1 $1098 15.26381720430107336 $1354 15.2639247311828008 $1218 $277 forward @7 unknown #
point $-1 -1 $-1 0.3000000000000002665 -15.26381720430107336 -0.5 #
point $-1 -1 $-1 0.4965802347046160414 -14.87064397884729416 -0.5 #
coedge $-1 -1 $-1 $1355 $1101 $1104 $1231 forward $264 $-1 #
color-adesk-attrib $-1 -1 $-1 $-1 $1102 256 #
straight-curve $-1 -1 $-1 0.4965802347046159859 -15.73085903261073426 0.5 -0.9829011735230788194 0.1841338727311042645 0 I I #
coedge $-1 -1 $-1 $1104 $1103 $1356 $1357 forward $1105 $-1 #
edge $1358 -1 $-1 $1107 -15.69403225806451374 $1359 -15.69392473118280051 $1104 $352 forward @7 unknown #
face $1360 -1 $-1 $900 $1105 $8 $-1 $354 reversed single #
point $-1 -1 $-1 0.3000000000000002109 -15.69403225806451374 0.5 #
coedge $-1 -1 $-1 $1361 $1356 $1109 $1235 forward $1362 $-1 #
edge $1363 -1 $-1 $1237 0 $1364 0.4395781772224937045 $1234 $1365 forward @7 unknown #
color-adesk-attrib $-1 -1 $-1 $-1 $1110 256 #
vertex $-1 -1 $-1 $1110 $1366 #
coedge $-1 -1 $-1 $1112 $1124 $1367 $1368 forward $264 $-1 #
coedge $-1 -1 $-1 $1367 $1120 $1116 $1240 reversed $1245 $-1 #
edge $1369 -1 $-1 $1242 -0.75 $1123 0.25 $1116 $1370 forward @7 unknown #
color-adesk-attrib $-1 -1 $-1 $-1 $1117 256 #
vertex $-1 -1 $-1 $1117 $1371 #
color-adesk-attrib $-1 -1 $-1 $-1 $1118 256 #
coedge $-1 -1 $-1 $1120 $1367 $1130 $1254 reversed $1245 $-1 #
loop $-1 -1 $-1 $-1 $1120 $1372 #
color-adesk-attrib $-1 -1 $-1 $-1 $1121 256 #
straight-curve $-1 -1 $-1 0.4965802347046159859 -16.16096655949246141 -0.5 -0.9829011735230788194 0.1841338727311042645 0 F 0 F 0.2000000000000000111 #
point $-1 -1 $-1 0.3000000000000002109 -16.12413978494624089 -0.5 #
coedge $-1 -1 $-1 $1125 $1130 $1124 $1250 reversed $1131 $-1 #
edge $1373 -1 $-1 $1128 0 $1374 0.4395781772224937045 $1249 $1375 forward @7 unknown #
color-adesk-attrib $-1 -1 $-1 $-1 $1126 256 #
straight-curve $-1 -1 $-1 0.2999999999999998224 -16.55413978494624416 -0.25 0 0 1 I I #
point $-1 -1 $-1 0.3000000000000002109 -16.55413978494624061 0.5 #
edge $1376 -1 $-1 $1133 0 $1374 1 $1244 $1377 forward @7 unknown #
face $1378 -1 $-1 $1372 $1131 $8 $-1 $1379 forward single #
point $-1 -1 $-1 0.4965802347046159859 -16.16096655949246141 -0.5 #
color-adesk-attrib $-1 -1 $-1 $-1 $1137 256 #
straight-curve $-1 -1 $-1 0.4965802347046159304 -17.02118161325590151 0.5 -0.9829011735230788194 0.1841338727311042645 0 I I #
color-adesk-attrib $-1 -1 $-1 $-1 $1141 256 #
plane-surface $-1 -1 $-1 0.4965802347046159304 -17.02118161325590151 -0.5 0.1841338727311042645 0.9829011735230788194 0 -0.9829011735230788194 0.1841338727311042645 0 forward_v I I I I #
point $-1 -1 $-1 0.4965802347046159304 -17.02118161325590151 0.5 #
color-adesk-attrib $-1 -1 $-1 $-1 $1149 256 #
straight-curve $-1 -1 $-1 0.3000000000000023204 18.28456989247311881 -0.5 0.4472019879301609158 0.894432994690665506 0 F 0 F 0.4395781772224937045 #
edge $1380 -1 $-1 $1153 0 $1310 1 $1150 $1381 forward @7 unknown #
face $1382 -1 $-1 $704 $1151 $8 $-1 $1383 forward single #
point $-1 -1 $-1 0.4965802347046180953 18.67774311792689801 -0.5 #
color-adesk-attrib $-1 -1 $-1 $-1 $1157 256 #
straight-curve $-1 -1 $-1 0.3000000000000023759 18.71467741935483886 0.5 0.4472019879301609158 0.894432994690665506 0 I I #
point $-1 -1 $-1 0.3000000000000023759 18.71467741935483886 0.5 #
color-adesk-attrib $-1 -1 $-1 $-1 $1165 256 #
face $1384 -1 $-1 $1385 $1386 $8 $-1 $1387 forward single #
loop $-1 -1 $-1 $-1 $1300 $1165 #
plane-surface $-1 -1 $-1 0.4965802347046180953 18.24763559104517796 -0.5 0.1841338727311042645 0.9829011735230788194 0 -0.9829011735230788194 0.1841338727311042645 0 forward_v I I I I #
coedge $-1 -1 $-1 $1388 $1389 $1306 $1390 forward $1166 $-1 #
color-adesk-attrib $-1 -1 $-1 $-1 $1169 256 #
face $1391 -1 $-1 $1392 $1393 $8 $-1 $354 reversed single #
loop $-1 -1 $-1 $-1 $1394 $1169 #
coedge $-1 -1 $-1 $1395 $1396 $1397 $1398 forward $1170 $-1 #
coedge $-1 -1 $-1 $1399 $1171 $1400 $1401 reversed $1066 $-1 #
coedge $-1 -1 $-1 $1171 $1399 $1402 $1403 reversed $1066 $-1 #
coedge $-1 -1 $-1 $1404 $1405 $1171 $1282 reversed $1406 $-1 #
edge $1407 -1 $-1 $1408 -0.75 $1409 0.25 $1171 $1410 forward @7 unknown #
coedge $-1 -1 $-1 $1173 $1172 $1411 $1412 forward $967 $-1 #
coedge $-1 -1 $-1 $1413 $1414 $1172 $1285 forward $264 $-1 #
edge $1415 -1 $-1 $1416 17.42424731182795838 $1293 17.42435483870967872 $1172 $352 forward @7 unknown #
coedge $-1 -1 $-1 $1417 $1418 $1173 $1287 forward $102 $-1 #
edge $1419 -1 $-1 $1292 -17.42435483870967872 $1420 -17.42424731182795838 $1173 $277 forward @7 unknown #
coedge $-1 -1 $-1 $1421 $1174 $1418 $1422 forward $1290 $-1 #
coedge $-1 -1 $-1 $1174 $1421 $1413 $1423 reversed $1290 $-1 #
loop $-1 -1 $-1 $-1 $1288 $1424 #
color-adesk-attrib $-1 -1 $-1 $-1 $1175 256 #
vertex $-1 -1 $-1 $1287 $1425 #
vertex $-1 -1 $-1 $1423 $1426 #
straight-curve $-1 -1 $-1 0.2999999999999993783 17.42435483870967516 -0.25 0 0 1 I I #
coedge $-1 -1 $-1 $1176 $1184 $1178 $1297 forward $264 $-1 #
color-adesk-attrib $-1 -1 $-1 $-1 $1177 256 #
edge $1427 -1 $-1 $1310 0 $1180 0.2000000000000000111 $1178 $1428 forward @7 unknown #
point $-1 -1 $-1 0.3000000000000023204 18.71456989247311853 0.5 #
coedge $-1 -1 $-1 $1429 $1182 $1185 $1304 reversed $1272 $-1 #
coedge $-1 -1 $-1 $1182 $1429 $1188 $1307 forward $1272 $-1 #
color-adesk-attrib $-1 -1 $-1 $-1 $1183 256 #
straight-curve $-1 -1 $-1 0.3000000000000002665 18.28446236559140203 -0.25 0 0 -1 I I #
coedge $-1 -1 $-1 $1185 $1402 $1430 $1431 forward $264 $-1 #
edge $1432 -1 $-1 $1433 0 $1187 0.2000000000000000111 $1299 $1434 forward @7 unknown #
point $-1 -1 $-1 0.3000000000000023204 18.28446236559139848 0.5 #
coedge $-1 -1 $-1 $1400 $1188 $1274 $1390 reversed $102 $-1 #
edge $1435 -1 $-1 $1436 0 $1190 0.2000000000000000111 $1300 $1437 forward @7 unknown #
point $-1 -1 $-1 0.3000000000000023204 18.28446236559139848 -0.5 #
color-adesk-attrib $-1 -1 $-1 $-1 $1192 256 #
vertex $-1 -1 $-1 $1264 $1438 #
straight-curve $-1 -1 $-1 0.3000000000000023204 18.28456989247311881 0.5 0.4472019879301609158 0.894432994690665506 0 I I #
color-adesk-attrib $-1 -1 $-1 $-1 $1193 256 #
plane-surface $-1 -1 $-1 0.3000000000000023204 18.28456989247311881 -0.5 0.894432994690665617 -0.4472019879301609713 0 0.4472019879301609713 0.894432994690665617 0 forward_v I I I I #
color-adesk-attrib $-1 -1 $-1 $-1 $1197 256 #
face $1439 -1 $-1 $1440 $1441 $8 $-1 $1442 forward single #
loop $-1 -1 $-1 $-1 $1443 $1197 #
plane-surface $-1 -1 $-1 0.4965802347046161525 -13.15021387132041397 -0.5 0.1841338727311042645 0.9829011735230788194 0 -0.9829011735230788194 0.1841338727311042645 0 forward_v I I I I #
coedge $-1 -1 $-1 $1444 $1445 $1446 $1447 forward $1198 $-1 #
coedge $-1 -1 $-1 $1448 $1200 $1449 $1450 reversed $1085 $-1 #
coedge $-1 -1 $-1 $1200 $1448 $1201 $1324 reversed $1085 $-1 #
coedge $-1 -1 $-1 $1203 $1451 $1200 $1322 reversed $102 $-1 #
edge $1452 -1 $-1 $1330 0 $1453 0.2000000000000000111 $1200 $1454 forward @7 unknown #
coedge $-1 -1 $-1 $1202 $1201 $1455 $1456 reversed $976 $-1 #
edge $1457 -1 $-1 $1330 0 $1458 1 $1320 $1459 forward @7 unknown #
coedge $-1 -1 $-1 $1460 $1461 $1202 $1326 forward $1462 $-1 #
edge $1463 -1 $-1 $1329 -0.25 $1464 0.75 $1325 $1465 forward @7 unknown #
coedge $-1 -1 $-1 $1466 $1203 $1461 $1467 forward $102 $-1 #
color-adesk-attrib $-1 -1 $-1 $-1 $1204 256 #
vertex $-1 -1 $-1 $1467 $1468 #
vertex $-1 -1 $-1 $1322 $1469 #
straight-curve $-1 -1 $-1 0.300000000000000322 -14.40360215053763326 -0.5 0.4472019879301609158 0.894432994690665506 0 F 0 F 0.4395781772224937045 #
coedge $-1 -1 $-1 $1470 $1212 $1205 $1333 forward $264 $-1 #
edge $1471 -1 $-1 $1215 0 $1338 0.2000000000000000111 $1205 $1472 forward @7 unknown #
coedge $-1 -1 $-1 $1473 $1206 $1208 $1341 reversed $1336 $-1 #
coedge $-1 -1 $-1 $1206 $1473 $1470 $1474 reversed $1336 $-1 #
loop $-1 -1 $-1 $-1 $1206 $1475 #
color-adesk-attrib $-1 -1 $-1 $-1 $1207 256 #
vertex $-1 -1 $-1 $1474 $1476 #
straight-curve $-1 -1 $-1 0.2999999999999997113 -14.83381720430107364 -0.25 0 0 -1 I I #
coedge $-1 -1 $-1 $1208 $1466 $1477 $1478 reversed $102 $-1 #
edge $1479 -1 $-1 $1480 14.83370967741935331 $1210 14.83381720430107364 $1334 $277 forward @7 unknown #
point $-1 -1 $-1 0.3000000000000002665 -14.83381720430107364 -0.5 #
coedge $-1 -1 $-1 $1212 $1481 $1217 $1348 forward $264 $-1 #
color-adesk-attrib $-1 -1 $-1 $-1 $1213 256 #
straight-curve $-1 -1 $-1 0.3000000000000002665 -15.26381720430107336 0.5 0.4472019879301609158 0.894432994690665506 0 I I #
point $-1 -1 $-1 0.4965802347046160414 -14.87064397884729416 0.5 #
coedge $-1 -1 $-1 $1218 $1217 $1482 $1483 forward $1219 $-1 #
edge $1484 -1 $-1 $1485 -15.2639247311828008 $1221 -15.26381720430107336 $1217 $352 forward @7 unknown #
face $1486 -1 $-1 $1475 $1219 $8 $-1 $354 reversed single #
point $-1 -1 $-1 0.3000000000000002665 -15.26381720430107336 0.5 #
coedge $-1 -1 $-1 $1482 $1487 $1223 $1352 forward $1488 $-1 #
edge $1489 -1 $-1 $1364 0 $1354 0.2000000000000000111 $1351 $1490 forward @7 unknown #
color-adesk-attrib $-1 -1 $-1 $-1 $1224 256 #
vertex $-1 -1 $-1 $1352 $1491 #
coedge $-1 -1 $-1 $1481 $1227 $1492 $1493 forward $264 $-1 #
coedge $-1 -1 $-1 $1234 $1492 $1230 $1357 reversed $1362 $-1 #
edge $1494 -1 $-1 $1237 -0.25 $1359 0.75 $1230 $1495 forward @7 unknown #
color-adesk-attrib $-1 -1 $-1 $-1 $1231 256 #
vertex $-1 -1 $-1 $1493 $1496 #
color-adesk-attrib $-1 -1 $-1 $-1 $1232 256 #
coedge $-1 -1 $-1 $1492 $1234 $1487 $1497 forward $1362 $-1 #
loop $-1 -1 $-1 $-1 $1234 $1498 #
color-adesk-attrib $-1 -1 $-1 $-1 $1235 256 #
vertex $-1 -1 $-1 $1352 $1499 #
straight-curve $-1 -1 $-1 0.3000000000000002665 -15.69392473118280051 -0.5 0.4472019879301609158 0.894432994690665506 0 F 0 F 0.4395781772224937045 #
point $-1 -1 $-1 0.3000000000000002665 -15.69392473118280051 -0.5 #
coedge $-1 -1 $-1 $1244 $1239 $1238 $1368 reversed $1245 $-1 #
edge $1500 -1 $-1 $1374 0 $1242 0.2000000000000000111 $1367 $1501 forward @7 unknown #
color-adesk-attrib $-1 -1 $-1 $-1 $1240 256 #
straight-curve $-1 -1 $-1 0.3000000000000000444 -16.12413978494624089 -0.25 0 0 -1 I I #
point $-1 -1 $-1 0.3000000000000002109 -16.12413978494624089 0.5 #
face $1502 -1 $-1 $1033 $1245 $8 $-1 $1503 forward single #
color-adesk-attrib $-1 -1 $-1 $-1 $1250 256 #
vertex $-1 -1 $-1 $1254 $1504 #
straight-curve $-1 -1 $-1 0.3000000000000002109 -16.55413978494624061 0.5 0.4472019879301609158 0.894432994690665506 0 I I #
color-adesk-attrib $-1 -1 $-1 $-1 $1254 256 #
straight-curve $-1 -1 $-1 0.4965802347046159859 -16.16096655949246141 -0.5 0 0 1 I I #
color-adesk-attrib $-1 -1 $-1 $-1 $1255 256 #
plane-surface $-1 -1 $-1 0.3000000000000002109 -16.55413978494624061 -0.5 0.894432994690665617 -0.4472019879301609713 0 0.4472019879301609713 0.894432994690665617 0 forward_v I I I I #
color-adesk-attrib $-1 -1 $-1 $-1 $1264 256 #
straight-curve $-1 -1 $-1 0.4965802347046180953 18.67774311792689801 -0.5 0 0 1 I I #
color-adesk-attrib $-1 -1 $-1 $-1 $1265 256 #
plane-surface $-1 -1 $-1 0.4965802347046180953 18.67774311792689801 -0.5 0.1841338727311042645 0.9829011735230788194 0 -0.9829011735230788194 0.1841338727311042645 0 forward_v I I I I #
color-adesk-attrib $-1 -1 $-1 $-1 $1271 256 #
face $1505 -1 $-1 $1506 $1507 $8 $-1 $1508 forward single #
loop $-1 -1 $-1 $-1 $1509 $1271 #
plane-surface $-1 -1 $-1 0.3000000000000022649 16.99424731182795867 -0.5 0.894432994690665617 -0.4472019879301609713 0 0.4472019879301609713 0.894432994690665617 0 forward_v I I I I #
coedge $-1 -1 $-1 $1430 $1274 $1429 $1510 forward $1166 $-1 #
coedge $-1 -1 $-1 $1274 $1430 $1399 $1511 reversed $1166 $-1 #
edge $1512 -1 $-1 $1513 0 $1436 0.4395781772224937045 $1274 $1514 forward @7 unknown #
color-adesk-attrib $-1 -1 $-1 $-1 $1276 256 #
face $1515 -1 $-1 $1516 $1517 $8 $-1 $354 reversed single #
loop $-1 -1 $-1 $-1 $1518 $1276 #
coedge $-1 -1 $-1 $1519 $1520 $1521 $1522 forward $1277 $-1 #
coedge $-1 -1 $-1 $1523 $1278 $1524 $1525 reversed $1170 $-1 #
coedge $-1 -1 $-1 $1278 $1523 $1526 $1527 reversed $1170 $-1 #
coedge $-1 -1 $-1 $1528 $1529 $1278 $1398 reversed $1530 $-1 #
edge $1531 -1 $-1 $1532 -0.25 $1533 0.75 $1278 $1534 forward @7 unknown #
coedge $-1 -1 $-1 $1280 $1279 $1389 $1511 forward $1066 $-1 #
coedge $-1 -1 $-1 $1535 $1306 $1279 $1401 forward $102 $-1 #
edge $1536 -1 $-1 $1513 -17.85446236559139876 $1409 -17.85435483870967843 $1279 $277 forward @7 unknown #
coedge $-1 -1 $-1 $1303 $1537 $1280 $1403 forward $264 $-1 #
edge $1538 -1 $-1 $1408 17.85435483870967843 $1539 17.85446236559139876 $1280 $352 forward @7 unknown #
coedge $-1 -1 $-1 $1540 $1281 $1537 $1541 reversed $1406 $-1 #
coedge $-1 -1 $-1 $1281 $1540 $1535 $1542 forward $1406 $-1 #
loop $-1 -1 $-1 $-1 $1405 $1543 #
color-adesk-attrib $-1 -1 $-1 $-1 $1282 256 #
vertex $-1 -1 $-1 $1403 $1544 #
vertex $-1 -1 $-1 $1542 $1545 #
straight-curve $-1 -1 $-1 0.3000000000000000444 17.85435483870967843 -0.25 0 0 -1 I I #
coedge $-1 -1 $-1 $1546 $1547 $1283 $1412 reversed $1507 $-1 #
edge $1548 -1 $-1 $1416 -0.75 $1420 0.25 $1283 $1549 forward @7 unknown #
coedge $-1 -1 $-1 $1537 $1284 $1289 $1423 forward $264 $-1 #
coedge $-1 -1 $-1 $1284 $1550 $1546 $1551 forward $264 $-1 #
color-adesk-attrib $-1 -1 $-1 $-1 $1285 256 #
vertex $-1 -1 $-1 $1285 $1552 #
coedge $-1 -1 $-1 $1553 $1286 $1547 $1554 reversed $102 $-1 #
coedge $-1 -1 $-1 $1286 $1535 $1288 $1422 reversed $102 $-1 #
color-adesk-attrib $-1 -1 $-1 $-1 $1287 256 #
vertex $-1 -1 $-1 $1554 $1555 #
coedge $-1 -1 $-1 $1289 $1288 $1540 $1556 forward $1290 $-1 #
edge $1557 -1 $-1 $1292 0 $1558 0.4395781772224937045 $1288 $1559 forward @7 unknown #
edge $1560 -1 $-1 $1293 0 $1561 0.4395781772224937045 $1289 $1562 forward @7 unknown #
face $1563 -1 $-1 $1543 $1290 $8 $-1 $1564 forward single #
point $-1 -1 $-1 0.3000000000000022649 17.42435483870967872 -0.5 #
point $-1 -1 $-1 0.3000000000000022649 17.42435483870967872 0.5 #
color-adesk-attrib $-1 -1 $-1 $-1 $1297 256 #
straight-curve $-1 -1 $-1 0.4965802347046180953 18.67774311792689801 0.5 -0.9829011735230788194 0.1841338727311042645 0 I I #
coedge $-1 -1 $-1 $1300 $1299 $1388 $1510 reversed $1272 $-1 #
coedge $-1 -1 $-1 $1389 $1388 $1303 $1431 reversed $1166 $-1 #
edge $1565 -1 $-1 $1539 0 $1433 0.4395781772224937045 $1430 $1566 forward @7 unknown #
color-adesk-attrib $-1 -1 $-1 $-1 $1304 256 #
vertex $-1 -1 $-1 $1510 $1567 #
straight-curve $-1 -1 $-1 0.4965802347046180953 18.24763559104517796 0.5 -0.9829011735230788194 0.1841338727311042645 0 I I #
color-adesk-attrib $-1 -1 $-1 $-1 $1307 256 #
vertex $-1 -1 $-1 $1307 $1568 #
straight-curve $-1 -1 $-1 0.4965802347046180953 18.24763559104517796 -0.5 -0.9829011735230788194 0.1841338727311042645 0 F 0 F 0.2000000000000000111 #
point $-1 -1 $-1 0.4965802347046180953 18.67774311792689801 0.5 #
color-adesk-attrib $-1 -1 $-1 $-1 $1315 256 #
face $1569 -1 $-1 $1570 $1571 $8 $-1 $1572 forward single #
loop $-1 -1 $-1 $-1 $1573 $1315 #
plane-surface $-1 -1 $-1 0.300000000000000433 -12.68317204301075307 -0.5 0.894432994690665617 -0.4472019879301609713 0 0.4472019879301609713 0.894432994690665617 0 forward_v I I I I #
coedge $-1 -1 $-1 $1574 $1575 $1576 $1577 forward $1316 $-1 #
coedge $-1 -1 $-1 $1578 $1318 $1575 $1579 forward $1198 $-1 #
coedge $-1 -1 $-1 $1318 $1578 $1580 $1581 reversed $1198 $-1 #
coedge $-1 -1 $-1 $1582 $1576 $1318 $1447 reversed $102 $-1 #
edge $1583 -1 $-1 $1584 0 $1585 0.4395781772224937045 $1318 $1586 forward @7 unknown #
coedge $-1 -1 $-1 $1320 $1319 $1587 $1588 reversed $1085 $-1 #
coedge $-1 -1 $-1 $1589 $1590 $1319 $1450 forward $1591 $-1 #
edge $1592 -1 $-1 $1593 -0.75 $1453 0.25 $1449 $1594 forward @7 unknown #
coedge $-1 -1 $-1 $1321 $1595 $1589 $1596 forward $102 $-1 #
color-adesk-attrib $-1 -1 $-1 $-1 $1322 256 #
vertex $-1 -1 $-1 $1322 $1597 #
straight-curve $-1 -1 $-1 0.4965802347046160969 -14.01042892508385407 -0.5 -0.9829011735230788194 0.1841338727311042645 0 F 0 F 0.2000000000000000111 #
coedge $-1 -1 $-1 $1587 $1598 $1323 $1456 forward $264 $-1 #
edge $1599 -1 $-1 $1464 0 $1458 0.4395781772224937045 $1323 $1600 forward @7 unknown #
color-adesk-attrib $-1 -1 $-1 $-1 $1324 256 #
vertex $-1 -1 $-1 $1324 $1601 #
straight-curve $-1 -1 $-1 0.4965802347046160969 -14.01042892508385407 -0.5 0 0 1 I I #
coedge $-1 -1 $-1 $1602 $1325 $1598 $1603 reversed $1462 $-1 #
coedge $-1 -1 $-1 $1325 $1602 $1327 $1467 reversed $1462 $-1 #
loop $-1 -1 $-1 $-1 $1325 $1604 #
color-adesk-attrib $-1 -1 $-1 $-1 $1326 256 #
vertex $-1 -1 $-1 $1456 $1605 #
straight-curve $-1 -1 $-1 0.2999999999999998224 -14.40360215053763326 -0.25 0 0 1 I I #
coedge $-1 -1 $-1 $1340 $1327 $1606 $1607 reversed $102 $-1 #
edge $1608 -1 $-1 $1329 14.40360215053763326 $1609 14.4037096774193536 $1461 $277 forward @7 unknown #
point $-1 -1 $-1 0.300000000000000322 -14.40360215053763326 -0.5 #
point $-1 -1 $-1 0.4965802347046160969 -14.01042892508385407 -0.5 #
coedge $-1 -1 $-1 $1610 $1332 $1335 $1474 forward $264 $-1 #
color-adesk-attrib $-1 -1 $-1 $-1 $1333 256 #
straight-curve $-1 -1 $-1 0.4965802347046160414 -14.87064397884729416 0.5 -0.9829011735230788194 0.1841338727311042645 0 I I #
coedge $-1 -1 $-1 $1335 $1334 $1611 $1612 forward $1336 $-1 #
edge $1613 -1 $-1 $1338 -14.83381720430107364 $1614 -14.83370967741935331 $1335 $352 forward @7 unknown #
face $1615 -1 $-1 $1118 $1336 $8 $-1 $354 reversed single #
point $-1 -1 $-1 0.3000000000000002665 -14.83381720430107364 0.5 #
coedge $-1 -1 $-1 $1616 $1611 $1340 $1478 forward $1617 $-1 #
edge $1618 -1 $-1 $1480 0 $1619 0.4395781772224937045 $1477 $1620 forward @7 unknown #
color-adesk-attrib $-1 -1 $-1 $-1 $1341 256 #
vertex $-1 -1 $-1 $1341 $1621 #
coedge $-1 -1 $-1 $1343 $1355 $1622 $1623 forward $264 $-1 #
coedge $-1 -1 $-1 $1622 $1351 $1347 $1483 reversed $1488 $-1 #
edge $1624 -1 $-1 $1485 -0.75 $1354 0.25 $1347 $1625 forward @7 unknown #
color-adesk-attrib $-1 -1 $-1 $-1 $1348 256 #
vertex $-1 -1 $-1 $1348 $1626 #
color-adesk-attrib $-1 -1 $-1 $-1 $1349 256 #
coedge $-1 -1 $-1 $1351 $1622 $1361 $1497 reversed $1488 $-1 #
loop $-1 -1 $-1 $-1 $1351 $1627 #
color-adesk-attrib $-1 -1 $-1 $-1 $1352 256 #
straight-curve $-1 -1 $-1 0.4965802347046160414 -15.30075150572902132 -0.5 -0.9829011735230788194 0.1841338727311042645 0 F 0 F 0.2000000000000000111 #
point $-1 -1 $-1 0.3000000000000002665 -15.2639247311828008 -0.5 #
coedge $-1 -1 $-1 $1356 $1361 $1355 $1493 reversed $1362 $-1 #
edge $1628 -1 $-1 $1359 0 $1629 0.4395781772224937045 $1492 $1630 forward @7 unknown #
color-adesk-attrib $-1 -1 $-1 $-1 $1357 256 #
straight-curve $-1 -1 $-1 0.3000000000000002665 -15.69392473118280051 -0.25 0 0 1 I I #
point $-1 -1 $-1 0.3000000000000002665 -15.69392473118280051 0.5 #
edge $1631 -1 $-1 $1364 0 $1629 1 $1487 $1632 forward @7 unknown #
face $1633 -1 $-1 $1627 $1362 $8 $-1 $1634 forward single #
point $-1 -1 $-1 0.4965802347046160414 -15.30075150572902132 -0.5 #
color-adesk-attrib $-1 -1 $-1 $-1 $1368 256 #
straight-curve $-1 -1 $-1 0.4965802347046159859 -16.16096655949246141 0.5 -0.9829011735230788194 0.1841338727311042645 0 I I #
color-adesk-attrib $-1 -1 $-1 $-1 $1372 256 #
plane-surface $-1 -1 $-1 0.4965802347046159859 -16.16096655949246141 -0.5 0.1841338727311042645 0.9829011735230788194 0 -0.9829011735230788194 0.1841338727311042645 0 forward_v I I I I #
point $-1 -1 $-1 0.4965802347046159859 -16.16096655949246141 0.5 #
color-adesk-attrib $-1 -1 $-1 $-1 $1385 256 #
face $1635 -1 $-1 $1636 $1637 $8 $-1 $1638 forward single #
loop $-1 -1 $-1 $-1 $1547 $1385 #
plane-surface $-1 -1 $-1 0.4965802347046180398 17.38742053728173786 -0.5 0.1841338727311042645 0.9829011735230788194 0 -0.9829011735230788194 0.1841338727311042645 0 forward_v I I I I #
coedge $-1 -1 $-1 $1639 $1640 $1553 $1641 forward $1386 $-1 #
edge $1642 -1 $-1 $1436 0 $1433 1 $1429 $1643 forward @7 unknown #
edge $1644 -1 $-1 $1513 -0.25 $1539 0.75 $1399 $1645 forward @7 unknown #
color-adesk-attrib $-1 -1 $-1 $-1 $1390 256 #
vertex $-1 -1 $-1 $1401 $1646 #
straight-curve $-1 -1 $-1 0.3000000000000023204 17.85446236559139876 -0.5 0.4472019879301609158 0.894432994690665506 0 F 0 F 0.4395781772224937045 #
color-adesk-attrib $-1 -1 $-1 $-1 $1392 256 #
face $1647 -1 $-1 $1648 $1649 $8 $-1 $354 reversed single #
loop $-1 -1 $-1 $-1 $1650 $1392 #
coedge $-1 -1 $-1 $1651 $1652 $1653 $1654 forward $1393 $-1 #
coedge $-1 -1 $-1 $1655 $1394 $1656 $1657 reversed $1277 $-1 #
coedge $-1 -1 $-1 $1394 $1655 $1658 $1659 reversed $1277 $-1 #
coedge $-1 -1 $-1 $1660 $1661 $1394 $1522 reversed $1662 $-1 #
edge $1663 -1 $-1 $1664 -0.75 $1665 0.25 $1394 $1666 forward @7 unknown #
coedge $-1 -1 $-1 $1396 $1395 $1667 $1668 forward $1170 $-1 #
coedge $-1 -1 $-1 $1669 $1670 $1395 $1525 forward $264 $-1 #
edge $1671 -1 $-1 $1672 16.56403225806451829 $1533 16.56413978494623862 $1395 $352 forward @7 unknown #
coedge $-1 -1 $-1 $1673 $1674 $1396 $1527 forward $102 $-1 #
edge $1675 -1 $-1 $1532 -16.56413978494623862 $1676 -16.56403225806451829 $1396 $277 forward @7 unknown #
coedge $-1 -1 $-1 $1677 $1397 $1674 $1678 forward $1530 $-1 #
coedge $-1 -1 $-1 $1397 $1677 $1669 $1679 reversed $1530 $-1 #
loop $-1 -1 $-1 $-1 $1528 $1680 #
color-adesk-attrib $-1 -1 $-1 $-1 $1398 256 #
vertex $-1 -1 $-1 $1527 $1681 #
vertex $-1 -1 $-1 $1679 $1682 #
straight-curve $-1 -1 $-1 0.2999999999999993783 16.56413978494623507 -0.25 0 0 1 I I #
coedge $-1 -1 $-1 $1418 $1400 $1405 $1542 reversed $102 $-1 #
color-adesk-attrib $-1 -1 $-1 $-1 $1401 256 #
coedge $-1 -1 $-1 $1402 $1413 $1404 $1541 forward $264 $-1 #
color-adesk-attrib $-1 -1 $-1 $-1 $1403 256 #
vertex $-1 -1 $-1 $1431 $1683 #
coedge $-1 -1 $-1 $1405 $1404 $1421 $1556 reversed $1406 $-1 #
edge $1684 -1 $-1 $1561 0 $1408 0.2000000000000000111 $1404 $1685 forward @7 unknown #
edge $1686 -1 $-1 $1558 0 $1409 0.2000000000000000111 $1405 $1687 forward @7 unknown #
face $1688 -1 $-1 $1193 $1406 $8 $-1 $1689 forward single #
point $-1 -1 $-1 0.3000000000000022649 17.85435483870967843 0.5 #
point $-1 -1 $-1 0.3000000000000022649 17.85435483870967843 -0.5 #
coedge $-1 -1 $-1 $1690 $1411 $1414 $1551 reversed $1507 $-1 #
coedge $-1 -1 $-1 $1411 $1690 $1417 $1554 forward $1507 $-1 #
color-adesk-attrib $-1 -1 $-1 $-1 $1412 256 #
straight-curve $-1 -1 $-1 0.3000000000000000444 17.42424731182795838 -0.25 0 0 -1 I I #
coedge $-1 -1 $-1 $1414 $1658 $1691 $1692 forward $264 $-1 #
edge $1693 -1 $-1 $1694 0 $1416 0.2000000000000000111 $1546 $1695 forward @7 unknown #
point $-1 -1 $-1 0.3000000000000022649 17.42424731182795838 0.5 #
coedge $-1 -1 $-1 $1656 $1417 $1509 $1641 reversed $102 $-1 #
edge $1696 -1 $-1 $1697 0 $1420 0.2000000000000000111 $1547 $1698 forward @7 unknown #
point $-1 -1 $-1 0.3000000000000022649 17.42424731182795838 -0.5 #
edge $1699 -1 $-1 $1558 0 $1561 1 $1540 $1700 forward @7 unknown #
color-adesk-attrib $-1 -1 $-1 $-1 $1422 256 #
vertex $-1 -1 $-1 $1542 $1701 #
straight-curve $-1 -1 $-1 0.3000000000000022649 17.42435483870967872 -0.5 0.4472019879301609158 0.894432994690665506 0 F 0 F 0.4395781772224937045 #
color-adesk-attrib $-1 -1 $-1 $-1 $1423 256 #
vertex $-1 -1 $-1 $1556 $1702 #
straight-curve $-1 -1 $-1 0.3000000000000022649 17.42435483870967872 0.5 0.4472019879301609158 0.894432994690665506 0 I I #
color-adesk-attrib $-1 -1 $-1 $-1 $1424 256 #
plane-surface $-1 -1 $-1 0.3000000000000022649 17.42435483870967872 -0.5 0.894432994690665617 -0.4472019879301609713 0 0.4472019879301609713 0.894432994690665617 0 forward_v I I I I #
color-adesk-attrib $-1 -1 $-1 $-1 $1431 256 #
straight-curve $-1 -1 $-1 0.3000000000000023204 17.85446236559139876 0.5 0.4472019879301609158 0.894432994690665506 0 I I #
point $-1 -1 $-1 0.4965802347046180953 18.24763559104517796 0.5 #
point $-1 -1 $-1 0.4965802347046180953 18.24763559104517796 -0.5 #
color-adesk-attrib $-1 -1 $-1 $-1 $1440 256 #
face $1703 -1 $-1 $1704 $1705 $8 $-1 $1706 forward single #
loop $-1 -1 $-1 $-1 $1707 $1440 #
plane-surface $-1 -1 $-1 0.496580234704616208 -12.28999881755697388 -0.5 0.1841338727311042645 0.9829011735230788194 0 -0.9829011735230788194 0.1841338727311042645 0 forward_v I I I I #
coedge $-1 -1 $-1 $1708 $1709 $1710 $1711 forward $1441 $-1 #
coedge $-1 -1 $-1 $1712 $1443 $1713 $1714 reversed $1316 $-1 #
coedge $-1 -1 $-1 $1443 $1712 $1444 $1579 reversed $1316 $-1 #
coedge $-1 -1 $-1 $1446 $1715 $1443 $1577 reversed $102 $-1 #
edge $1716 -1 $-1 $1585 0 $1717 0.2000000000000000111 $1443 $1718 forward @7 unknown #
coedge $-1 -1 $-1 $1445 $1444 $1719 $1720 reversed $1198 $-1 #
edge $1721 -1 $-1 $1585 0 $1722 1 $1575 $1723 forward @7 unknown #
coedge $-1 -1 $-1 $1724 $1725 $1445 $1581 forward $1726 $-1 #
edge $1727 -1 $-1 $1584 -0.25 $1728 0.75 $1580 $1729 forward @7 unknown #
coedge $-1 -1 $-1 $1730 $1446 $1725 $1731 forward $102 $-1 #
color-adesk-attrib $-1 -1 $-1 $-1 $1447 256 #
vertex $-1 -1 $-1 $1731 $1732 #
vertex $-1 -1 $-1 $1577 $1733 #
straight-curve $-1 -1 $-1 0.3000000000000003775 -13.54338709677419317 -0.5 0.4472019879301609158 0.894432994690665506 0 F 0 F 0.4395781772224937045 #
coedge $-1 -1 $-1 $1734 $1455 $1448 $1588 forward $264 $-1 #
edge $1735 -1 $-1 $1458 0 $1593 0.2000000000000000111 $1448 $1736 forward @7 unknown #
coedge $-1 -1 $-1 $1737 $1449 $1451 $1596 reversed $1591 $-1 #
coedge $-1 -1 $-1 $1449 $1737 $1734 $1738 reversed $1591 $-1 #
loop $-1 -1 $-1 $-1 $1449 $1739 #
color-adesk-attrib $-1 -1 $-1 $-1 $1450 256 #
vertex $-1 -1 $-1 $1738 $1740 #
straight-curve $-1 -1 $-1 0.2999999999999999334 -13.97360215053763355 -0.25 0 0 -1 I I #
coedge $-1 -1 $-1 $1451 $1730 $1741 $1742 reversed $102 $-1 #
edge $1743 -1 $-1 $1744 13.97349462365591322 $1453 13.97360215053763355 $1589 $277 forward @7 unknown #
point $-1 -1 $-1 0.300000000000000322 -13.97360215053763355 -0.5 #
coedge $-1 -1 $-1 $1455 $1745 $1460 $1603 forward $264 $-1 #
color-adesk-attrib $-1 -1 $-1 $-1 $1456 256 #
straight-curve $-1 -1 $-1 0.300000000000000322 -14.40360215053763326 0.5 0.4472019879301609158 0.894432994690665506 0 I I #
point $-1 -1 $-1 0.4965802347046160969 -14.01042892508385407 0.5 #
coedge $-1 -1 $-1 $1461 $1460 $1746 $1747 forward $1462 $-1 #
edge $1748 -1 $-1 $1749 -14.4037096774193536 $1464 -14.40360215053763326 $1460 $352 forward @7 unknown #
face $1750 -1 $-1 $1739 $1462 $8 $-1 $354 reversed single #
point $-1 -1 $-1 0.300000000000000322 -14.40360215053763326 0.5 #
coedge $-1 -1 $-1 $1746 $1751 $1466 $1607 forward $1752 $-1 #
edge $1753 -1 $-1 $1619 0 $1609 0.2000000000000000111 $1606 $1754 forward @7 unknown #
color-adesk-attrib $-1 -1 $-1 $-1 $1467 256 #
vertex $-1 -1 $-1 $1607 $1755 #
coedge $-1 -1 $-1 $1745 $1470 $1756 $1757 forward $264 $-1 #
coedge $-1 -1 $-1 $1477 $1756 $1473 $1612 reversed $1617 $-1 #
edge $1758 -1 $-1 $1480 -0.25 $1614 0.75 $1473 $1759 forward @7 unknown #
color-adesk-attrib $-1 -1 $-1 $-1 $1474 256 #
vertex $-1 -1 $-1 $1757 $1760 #
color-adesk-attrib $-1 -1 $-1 $-1 $1475 256 #
coedge $-1 -1 $-1 $1756 $1477 $1751 $1761 forward $1617 $-1 #
loop $-1 -1 $-1 $-1 $1477 $1762 #
color-adesk-attrib $-1 -1 $-1 $-1 $1478 256 #
vertex $-1 -1 $-1 $1607 $1763 #
straight-curve $-1 -1 $-1 0.300000000000000322 -14.83370967741935331 -0.5 0.4472019879301609158 0.894432994690665506 0 F 0 F 0.4395781772224937045 #
point $-1 -1 $-1 0.300000000000000322 -14.83370967741935331 -0.5 #
coedge $-1 -1 $-1 $1487 $1482 $1481 $1623 reversed $1488 $-1 #
edge $1764 -1 $-1 $1629 0 $1485 0.2000000000000000111 $1622 $1765 forward @7 unknown #
color-adesk-attrib $-1 -1 $-1 $-1 $1483 256 #
straight-curve $-1 -1 $-1 0.2999999999999999334 -15.2639247311828008 -0.25 0 0 -1 I I #
point $-1 -1 $-1 0.3000000000000002665 -15.2639247311828008 0.5 #
face $1766 -1 $-1 $1255 $1488 $8 $-1 $1767 forward single #
color-adesk-attrib $-1 -1 $-1 $-1 $1493 256 #
vertex $-1 -1 $-1 $1497 $1768 #
straight-curve $-1 -1 $-1 0.3000000000000002665 -15.69392473118280051 0.5 0.4472019879301609158 0.894432994690665506 0 I I #
color-adesk-attrib $-1 -1 $-1 $-1 $1497 256 #
straight-curve $-1 -1 $-1 0.4965802347046160414 -15.30075150572902132 -0.5 0 0 1 I I #
color-adesk-attrib $-1 -1 $-1 $-1 $1498 256 #
plane-surface $-1 -1 $-1 0.3000000000000002665 -15.69392473118280051 -0.5 0.894432994690665617 -0.4472019879301609713 0 0.4472019879301609713 0.894432994690665617 0 forward_v I I I I #
color-adesk-attrib $-1 -1 $-1 $-1 $1506 256 #
face $1769 -1 $-1 $1770 $1771 $8 $-1 $1772 forward single #
loop $-1 -1 $-1 $-1 $1773 $1506 #
plane-surface $-1 -1 $-1 0.3000000000000022093 16.13403225806451857 -0.5 0.894432994690665617 -0.4472019879301609713 0 0.4472019879301609713 0.894432994690665617 0 forward_v I I I I #
coedge $-1 -1 $-1 $1691 $1509 $1690 $1774 forward $1386 $-1 #
coedge $-1 -1 $-1 $1509 $1691 $1655 $1775 reversed $1386 $-1 #
edge $1776 -1 $-1 $1777 0 $1697 0.4395781772224937045 $1509 $1778 forward @7 unknown #
color-adesk-attrib $-1 -1 $-1 $-1 $1510 256 #
straight-curve $-1 -1 $-1 0.4965802347046180953 18.24763559104517796 -0.5 0 0 1 I I #
color-adesk-attrib $-1 -1 $-1 $-1 $1511 256 #
straight-curve $-1 -1 $-1 0.2999999999999998224 17.85446236559139521 -0.25 0 0 1 I I #
point $-1 -1 $-1 0.3000000000000023204 17.85446236559139876 -0.5 #
color-adesk-attrib $-1 -1 $-1 $-1 $1516 256 #
face $1779 -1 $-1 $1780 $1781 $8 $-1 $354 reversed single #
loop $-1 -1 $-1 $-1 $1782 $1516 #
coedge $-1 -1 $-1 $1783 $1784 $1785 $1786 forward $1517 $-1 #
coedge $-1 -1 $-1 $1787 $1518 $1788 $1789 reversed $1393 $-1 #
coedge $-1 -1 $-1 $1518 $1787 $1790 $1791 reversed $1393 $-1 #
coedge $-1 -1 $-1 $1792 $1793 $1518 $1654 reversed $1794 $-1 #
edge $1795 -1 $-1 $1796 -0.25 $1797 0.75 $1518 $1798 forward @7 unknown #
coedge $-1 -1 $-1 $1520 $1519 $1640 $1775 forward $1277 $-1 #
coedge $-1 -1 $-1 $1799 $1553 $1519 $1657 forward $102 $-1 #
edge $1800 -1 $-1 $1777 -16.99424731182795867 $1665 -16.99413978494623834 $1519 $277 forward @7 unknown #
coedge $-1 -1 $-1 $1550 $1801 $1520 $1659 forward $264 $-1 #
edge $1802 -1 $-1 $1664 16.99413978494623834 $1803 16.99424731182795867 $1520 $352 forward @7 unknown #
coedge $-1 -1 $-1 $1804 $1521 $1801 $1805 reversed $1662 $-1 #
coedge $-1 -1 $-1 $1521 $1804 $1799 $1806 forward $1662 $-1 #
loop $-1 -1 $-1 $-1 $1661 $1807 #
color-adesk-attrib $-1 -1 $-1 $-1 $1522 256 #
vertex $-1 -1 $-1 $1659 $1808 #
vertex $-1 -1 $-1 $1806 $1809 #
straight-curve $-1 -1 $-1 0.3000000000000000444 16.99413978494624189 -0.25 0 0 -1 I I #
coedge $-1 -1 $-1 $1810 $1811 $1523 $1668 reversed $1771 $-1 #
edge $1812 -1 $-1 $1672 -0.75 $1676 0.25 $1523 $1813 forward @7 unknown #
coedge $-1 -1 $-1 $1801 $1524 $1529 $1679 forward $264 $-1 #
coedge $-1 -1 $-1 $1524 $1814 $1810 $1815 forward $264 $-1 #
color-adesk-attrib $-1 -1 $-1 $-1 $1525 256 #
vertex $-1 -1 $-1 $1525 $1816 #
coedge $-1 -1 $-1 $1817 $1526 $1811 $1818 reversed $102 $-1 #
coedge $-1 -1 $-1 $1526 $1799 $1528 $1678 reversed $102 $-1 #
color-adesk-attrib $-1 -1 $-1 $-1 $1527 256 #
vertex $-1 -1 $-1 $1818 $1819 #
coedge $-1 -1 $-1 $1529 $1528 $1804 $1820 forward $1530 $-1 #
edge $1821 -1 $-1 $1532 0 $1822 0.4395781772224937045 $1528 $1823 forward @7 unknown #
edge $1824 -1 $-1 $1533 0 $1825 0.4395781772224937045 $1529 $1826 forward @7 unknown #
face $1827 -1 $-1 $1807 $1530 $8 $-1 $1828 forward single #
point $-1 -1 $-1 0.3000000000000022093 16.56413978494623862 -0.5 #
point $-1 -1 $-1 0.3000000000000022093 16.56413978494623862 0.5 #
point $-1 -1 $-1 0.3000000000000023204 17.85446236559139876 0.5 #
color-adesk-attrib $-1 -1 $-1 $-1 $1541 256 #
straight-curve $-1 -1 $-1 0.4965802347046180398 17.81752806416345791 0.5 -0.9829011735230788194 0.1841338727311042645 0 I I #
color-adesk-attrib $-1 -1 $-1 $-1 $1542 256 #
straight-curve $-1 -1 $-1 0.4965802347046180398 17.81752806416345791 -0.5 -0.9829011735230788194 0.1841338727311042645 0 F 0 F 0.2000000000000000111 #
color-adesk-attrib $-1 -1 $-1 $-1 $1543 256 #
plane-surface $-1 -1 $-1 0.4965802347046180398 17.81752806416345791 -0.5 0.1841338727311042645 0.9829011735230788194 0 -0.9829011735230788194 0.1841338727311042645 0 forward_v I I I I #
coedge $-1 -1 $-1 $1547 $1546 $1639 $1774 reversed $1507 $-1 #
coedge $-1 -1 $-1 $1640 $1639 $1550 $1692 reversed $1386 $-1 #
edge $1829 -1 $-1 $1803 0 $1694 0.4395781772224937045 $1691 $1830 forward @7 unknown #
color-adesk-attrib $-1 -1 $-1 $-1 $1551 256 #
vertex $-1 -1 $-1 $1774 $1831 #
straight-curve $-1 -1 $-1 0.4965802347046180398 17.38742053728173786 0.5 -0.9829011735230788194 0.1841338727311042645 0 I I #
color-adesk-attrib $-1 -1 $-1 $-1 $1554 256 #
vertex $-1 -1 $-1 $1554 $1832 #
straight-curve $-1 -1 $-1 0.4965802347046180398 17.38742053728173786 -0.5 -0.9829011735230788194 0.1841338727311042645 0 F 0 F 0.2000000000000000111 #
color-adesk-attrib $-1 -1 $-1 $-1 $1556 256 #
straight-curve $-1 -1 $-1 0.4965802347046180398 17.81752806416345791 -0.5 0 0 1 I I #
point $-1 -1 $-1 0.4965802347046180398 17.81752806416345791 -0.5 #
point $-1 -1 $-1 0.4965802347046180398 17.81752806416345791 0.5 #
color-adesk-attrib $-1 -1 $-1 $-1 $1570 256 #
face $1833 -1 $-1 $1834 $1835 $8 $-1 $1836 forward single #
loop $-1 -1 $-1 $-1 $1837 $1570 #
plane-surface $-1 -1 $-1 0.3000000000000004885 -11.82295698924731298 -0.5 0.894432994690665617 -0.4472019879301609713 0 0.4472019879301609713 0.894432994690665617 0 forward_v I I I I #
coedge $-1 -1 $-1 $1838 $1839 $1840 $1841 forward $1571 $-1 #
coedge $-1 -1 $-1 $1842 $1573 $1839 $1843 forward $1441 $-1 #
coedge $-1 -1 $-1 $1573 $1842 $1844 $1845 reversed $1441 $-1 #
coedge $-1 -1 $-1 $1846 $1840 $1573 $1711 reversed $102 $-1 #
edge $1847 -1 $-1 $1848 0 $1849 0.4395781772224937045 $1573 $1850 forward @7 unknown #
coedge $-1 -1 $-1 $1575 $1574 $1851 $1852 reversed $1316 $-1 #
coedge $-1 -1 $-1 $1853 $1854 $1574 $1714 forward $1855 $-1 #
edge $1856 -1 $-1 $1857 -0.75 $1717 0.25 $1713 $1858 forward @7 unknown #
coedge $-1 -1 $-1 $1576 $1859 $1853 $1860 forward $102 $-1 #
color-adesk-attrib $-1 -1 $-1 $-1 $1577 256 #
vertex $-1 -1 $-1 $1577 $1861 #
straight-curve $-1 -1 $-1 0.4965802347046161525 -13.15021387132041397 -0.5 -0.9829011735230788194 0.1841338727311042645 0 F 0 F 0.2000000000000000111 #
coedge $-1 -1 $-1 $1851 $1862 $1578 $1720 forward $264 $-1 #
edge $1863 -1 $-1 $1728 0 $1722 0.4395781772224937045 $1578 $1864 forward @7 unknown #
color-adesk-attrib $-1 -1 $-1 $-1 $1579 256 #
vertex $-1 -1 $-1 $1579 $1865 #
straight-curve $-1 -1 $-1 0.4965802347046161525 -13.15021387132041397 -0.5 0 0 1 I I #
coedge $-1 -1 $-1 $1866 $1580 $1862 $1867 reversed $1726 $-1 #
coedge $-1 -1 $-1 $1580 $1866 $1582 $1731 reversed $1726 $-1 #
loop $-1 -1 $-1 $-1 $1580 $1868 #
color-adesk-attrib $-1 -1 $-1 $-1 $1581 256 #
vertex $-1 -1 $-1 $1720 $1869 #
straight-curve $-1 -1 $-1 0.2999999999999998224 -13.54338709677419494 -0.25 0 0 1 I I #
coedge $-1 -1 $-1 $1595 $1582 $1870 $1871 reversed $102 $-1 #
edge $1872 -1 $-1 $1584 13.54338709677419317 $1873 13.5434946236559135 $1725 $277 forward @7 unknown #
point $-1 -1 $-1 0.3000000000000003775 -13.54338709677419317 -0.5 #
point $-1 -1 $-1 0.4965802347046161525 -13.15021387132041397 -0.5 #
coedge $-1 -1 $-1 $1874 $1587 $1590 $1738 forward $264 $-1 #
color-adesk-attrib $-1 -1 $-1 $-1 $1588 256 #
straight-curve $-1 -1 $-1 0.4965802347046160969 -14.01042892508385407 0.5 -0.9829011735230788194 0.1841338727311042645 0 I I #
coedge $-1 -1 $-1 $1590 $1589 $1875 $1876 forward $1591 $-1 #
edge $1877 -1 $-1 $1593 -13.97360215053763355 $1878 -13.97349462365591322 $1590 $352 forward @7 unknown #
face $1879 -1 $-1 $1349 $1591 $8 $-1 $354 reversed single #
point $-1 -1 $-1 0.300000000000000322 -13.97360215053763355 0.5 #
coedge $-1 -1 $-1 $1880 $1875 $1595 $1742 forward $1881 $-1 #
edge $1882 -1 $-1 $1744 0 $1883 0.4395781772224937045 $1741 $1884 forward @7 unknown #
color-adesk-attrib $-1 -1 $-1 $-1 $1596 256 #
vertex $-1 -1 $-1 $1596 $1885 #
coedge $-1 -1 $-1 $1598 $1610 $1886 $1887 forward $264 $-1 #
coedge $-1 -1 $-1 $1886 $1606 $1602 $1747 reversed $1752 $-1 #
edge $1888 -1 $-1 $1749 -0.75 $1609 0.25 $1602 $1889 forward @7 unknown #
color-adesk-attrib $-1 -1 $-1 $-1 $1603 256 #
vertex $-1 -1 $-1 $1603 $1890 #
color-adesk-attrib $-1 -1 $-1 $-1 $1604 256 #
coedge $-1 -1 $-1 $1606 $1886 $1616 $1761 reversed $1752 $-1 #
loop $-1 -1 $-1 $-1 $1606 $1891 #
color-adesk-attrib $-1 -1 $-1 $-1 $1607 256 #
straight-curve $-1 -1 $-1 0.4965802347046160969 -14.44053645196557412 -0.5 -0.9829011735230788194 0.1841338727311042645 0 F 0 F 0.2000000000000000111 #
point $-1 -1 $-1 0.300000000000000322 -14.4037096774193536 -0.5 #
coedge $-1 -1 $-1 $1611 $1616 $1610 $1757 reversed $1617 $-1 #
edge $1892 -1 $-1 $1614 0 $1893 0.4395781772224937045 $1756 $1894 forward @7 unknown #
color-adesk-attrib $-1 -1 $-1 $-1 $1612 256 #
straight-curve $-1 -1 $-1 0.2999999999999998224 -14.83370967741935509 -0.25 0 0 1 I I #
point $-1 -1 $-1 0.300000000000000322 -14.83370967741935331 0.5 #
edge $1895 -1 $-1 $1619 0 $1893 1 $1751 $1896 forward @7 unknown #
face $1897 -1 $-1 $1891 $1617 $8 $-1 $1898 forward single #
point $-1 -1 $-1 0.4965802347046160969 -14.44053645196557412 -0.5 #
color-adesk-attrib $-1 -1 $-1 $-1 $1623 256 #
straight-curve $-1 -1 $-1 0.4965802347046160414 -15.30075150572902132 0.5 -0.9829011735230788194 0.1841338727311042645 0 I I #
color-adesk-attrib $-1 -1 $-1 $-1 $1627 256 #
plane-surface $-1 -1 $-1 0.4965802347046160414 -15.30075150572902132 -0.5 0.1841338727311042645 0.9829011735230788194 0 -0.9829011735230788194 0.1841338727311042645 0 forward_v I I I I #
point $-1 -1 $-1 0.4965802347046160414 -15.30075150572902132 0.5 #
color-adesk-attrib $-1 -1 $-1 $-1 $1636 256 #
face $1899 -1 $-1 $1900 $1901 $8 $-1 $1902 forward single #
loop $-1 -1 $-1 $-1 $1811 $1636 #
plane-surface $-1 -1 $-1 0.4965802347046179843 16.52720548351829777 -0.5 0.1841338727311042645 0.9829011735230788194 0 -0.9829011735230788194 0.1841338727311042645 0 forward_v I I I I #
coedge $-1 -1 $-1 $1903 $1904 $1817 $1905 forward $1637 $-1 #
edge $1906 -1 $-1 $1697 0 $1694 1 $1690 $1907 forward @7 unknown #
edge $1908 -1 $-1 $1777 -0.25 $1803 0.75 $1655 $1909 forward @7 unknown #
color-adesk-attrib $-1 -1 $-1 $-1 $1641 256 #
vertex $-1 -1 $-1 $1657 $1910 #
straight-curve $-1 -1 $-1 0.3000000000000022649 16.99424731182795867 -0.5 0.4472019879301609158 0.894432994690665506 0 F 0 F 0.4395781772224937045 #
color-adesk-attrib $-1 -1 $-1 $-1 $1648 256 #
face $1911 -1 $-1 $1912 $1913 $8 $-1 $354 reversed single #
loop $-1 -1 $-1 $-1 $1914 $1648 #
coedge $-1 -1 $-1 $1915 $1916 $1917 $1918 forward $1649 $-1 #
coedge $-1 -1 $-1 $1919 $1650 $1920 $1921 reversed $1517 $-1 #
coedge $-1 -1 $-1 $1650 $1919 $1922 $1923 reversed $1517 $-1 #
coedge $-1 -1 $-1 $1924 $1925 $1650 $1786 reversed $1926 $-1 #
edge $1927 -1 $-1 $1928 -0.75 $1929 0.25 $1650 $1930 forward @7 unknown #
coedge $-1 -1 $-1 $1652 $1651 $1931 $1932 forward $1393 $-1 #
coedge $-1 -1 $-1 $1933 $1934 $1651 $1789 forward $264 $-1 #
edge $1935 -1 $-1 $1936 15.70381720430107109 $1797 15.70392473118279852 $1651 $352 forward @7 unknown #
coedge $-1 -1 $-1 $1937 $1938 $1652 $1791 forward $102 $-1 #
edge $1939 -1 $-1 $1796 -15.70392473118279852 $1940 -15.70381720430107109 $1652 $277 forward @7 unknown #
coedge $-1 -1 $-1 $1941 $1653 $1938 $1942 forward $1794 $-1 #
coedge $-1 -1 $-1 $1653 $1941 $1933 $1943 reversed $1794 $-1 #
loop $-1 -1 $-1 $-1 $1792 $1944 #
color-adesk-attrib $-1 -1 $-1 $-1 $1654 256 #
vertex $-1 -1 $-1 $1791 $1945 #
vertex $-1 -1 $-1 $1943 $1946 #
straight-curve $-1 -1 $-1 0.2999999999999993783 15.7039247311827932 -0.25 0 0 1 I I #
coedge $-1 -1 $-1 $1674 $1656 $1661 $1806 reversed $102 $-1 #
color-adesk-attrib $-1 -1 $-1 $-1 $1657 256 #
coedge $-1 -1 $-1 $1658 $1669 $1660 $1805 forward $264 $-1 #
color-adesk-attrib $-1 -1 $-1 $-1 $1659 256 #
vertex $-1 -1 $-1 $1692 $1947 #
coedge $-1 -1 $-1 $1661 $1660 $1677 $1820 reversed $1662 $-1 #
edge $1948 -1 $-1 $1825 0 $1664 0.2000000000000000111 $1660 $1949 forward @7 unknown #
edge $1950 -1 $-1 $1822 0 $1665 0.2000000000000000111 $1661 $1951 forward @7 unknown #
face $1952 -1 $-1 $1424 $1662 $8 $-1 $1953 forward single #
point $-1 -1 $-1 0.3000000000000022093 16.99413978494623834 0.5 #
point $-1 -1 $-1 0.3000000000000022093 16.99413978494623834 -0.5 #
coedge $-1 -1 $-1 $1954 $1667 $1670 $1815 reversed $1771 $-1 #
coedge $-1 -1 $-1 $1667 $1954 $1673 $1818 forward $1771 $-1 #
color-adesk-attrib $-1 -1 $-1 $-1 $1668 256 #
straight-curve $-1 -1 $-1 0.3000000000000000444 16.56403225806451829 -0.25 0 0 -1 I I #
coedge $-1 -1 $-1 $1670 $1922 $1955 $1956 forward $264 $-1 #
edge $1957 -1 $-1 $1958 0 $1672 0.2000000000000000111 $1810 $1959 forward @7 unknown #
point $-1 -1 $-1 0.3000000000000022093 16.56403225806451829 0.5 #
coedge $-1 -1 $-1 $1920 $1673 $1773 $1905 reversed $102 $-1 #
edge $1960 -1 $-1 $1961 0 $1676 0.2000000000000000111 $1811 $1962 forward @7 unknown #
point $-1 -1 $-1 0.3000000000000022093 16.56403225806451829 -0.5 #
edge $1963 -1 $-1 $1822 0 $1825 1 $1804 $1964 forward @7 unknown #
color-adesk-attrib $-1 -1 $-1 $-1 $1678 256 #
vertex $-1 -1 $-1 $1806 $1965 #
straight-curve $-1 -1 $-1 0.3000000000000022093 16.56413978494623862 -0.5 0.4472019879301609158 0.894432994690665506 0 F 0 F 0.4395781772224937045 #
color-adesk-attrib $-1 -1 $-1 $-1 $1679 256 #
vertex $-1 -1 $-1 $1820 $1966 #
straight-curve $-1 -1 $-1 0.3000000000000022093 16.56413978494623862 0.5 0.4472019879301609158 0.894432994690665506 0 I I #
color-adesk-attrib $-1 -1 $-1 $-1 $1680 256 #
plane-surface $-1 -1 $-1 0.3000000000000022093 16.56413978494623862 -0.5 0.894432994690665617 -0.4472019879301609713 0 0.4472019879301609713 0.894432994690665617 0 forward_v I I I I #
color-adesk-attrib $-1 -1 $-1 $-1 $1692 256 #
straight-curve $-1 -1 $-1 0.3000000000000022649 16.99424731182795867 0.5 0.4472019879301609158 0.894432994690665506 0 I I #
point $-1 -1 $-1 0.4965802347046180398 17.38742053728173786 0.5 #
point $-1 -1 $-1 0.4965802347046180398 17.38742053728173786 -0.5 #
color-adesk-attrib $-1 -1 $-1 $-1 $1704 256 #
face $1967 -1 $-1 $1968 $1969 $8 $-1 $1970 forward single #
loop $-1 -1 $-1 $-1 $1971 $1704 #
plane-surface $-1 -1 $-1 0.4965802347046162635 -11.42978376379353378 -0.5 0.1841338727311042645 0.9829011735230788194 0 -0.9829011735230788194 0.1841338727311042645 0 forward_v I I I I #
coedge $-1 -1 $-1 $1972 $1973 $1974 $1975 forward $1705 $-1 #
coedge $-1 -1 $-1 $1976 $1707 $1977 $1978 reversed $1571 $-1 #
coedge $-1 -1 $-1 $1707 $1976 $1708 $1843 reversed $1571 $-1 #
coedge $-1 -1 $-1 $1710 $1979 $1707 $1841 reversed $102 $-1 #
edge $1980 -1 $-1 $1849 0 $1981 0.2000000000000000111 $1707 $1982 forward @7 unknown #
coedge $-1 -1 $-1 $1709 $1708 $1983 $1984 reversed $1441 $-1 #
edge $1985 -1 $-1 $1849 0 $1986 1 $1839 $1987 forward @7 unknown #
coedge $-1 -1 $-1 $1988 $1989 $1709 $1845 forward $1990 $-1 #
edge $1991 -1 $-1 $1848 -0.25 $1992 0.75 $1844 $1993 forward @7 unknown #
coedge $-1 -1 $-1 $1994 $1710 $1989 $1995 forward $102 $-1 #
color-adesk-attrib $-1 -1 $-1 $-1 $1711 256 #
vertex $-1 -1 $-1 $1995 $1996 #
vertex $-1 -1 $-1 $1841 $1997 #
straight-curve $-1 -1 $-1 0.300000000000000433 -12.68317204301075307 -0.5 0.4472019879301609158 0.894432994690665506 0 F 0 F 0.4395781772224937045 #
coedge $-1 -1 $-1 $1998 $1719 $1712 $1852 forward $264 $-1 #
edge $1999 -1 $-1 $1722 0 $1857 0.2000000000000000111 $1712 $2000 forward @7 unknown #
coedge $-1 -1 $-1 $2001 $1713 $1715 $1860 reversed $1855 $-1 #
coedge $-1 -1 $-1 $1713 $2001 $1998 $2002 reversed $1855 $-1 #
loop $-1 -1 $-1 $-1 $1713 $2003 #
color-adesk-attrib $-1 -1 $-1 $-1 $1714 256 #
vertex $-1 -1 $-1 $2002 $2004 #
straight-curve $-1 -1 $-1 0.3000000000000000444 -13.11338709677419345 -0.25 0 0 -1 I I #
coedge $-1 -1 $-1 $1715 $1994 $2005 $2006 reversed $102 $-1 #
edge $2007 -1 $-1 $2008 13.11327956989247312 $1717 13.11338709677419345 $1853 $277 forward @7 unknown #
point $-1 -1 $-1 0.3000000000000003775 -13.11338709677419345 -0.5 #
coedge $-1 -1 $-1 $1719 $2009 $1724 $1867 forward $264 $-1 #
color-adesk-attrib $-1 -1 $-1 $-1 $1720 256 #
straight-curve $-1 -1 $-1 0.3000000000000003775 -13.54338709677419317 0.5 0.4472019879301609158 0.894432994690665506 0 I I #
point $-1 -1 $-1 0.4965802347046161525 -13.15021387132041397 0.5 #
coedge $-1 -1 $-1 $1725 $1724 $2010 $2011 forward $1726 $-1 #
edge $2012 -1 $-1 $2013 -13.5434946236559135 $1728 -13.54338709677419317 $1724 $352 forward @7 unknown #
face $2014 -1 $-1 $2003 $1726 $8 $-1 $354 reversed single #
point $-1 -1 $-1 0.3000000000000003775 -13.54338709677419317 0.5 #
coedge $-1 -1 $-1 $2010 $2015 $1730 $1871 forward $2016 $-1 #
edge $2017 -1 $-1 $1883 0 $1873 0.2000000000000000111 $1870 $2018 forward @7 unknown #
color-adesk-attrib $-1 -1 $-1 $-1 $1731 256 #
vertex $-1 -1 $-1 $1871 $2019 #
coedge $-1 -1 $-1 $2009 $1734 $2020 $2021 forward $264 $-1 #
coedge $-1 -1 $-1 $1741 $2020 $1737 $1876 reversed $1881 $-1 #
edge $2022 -1 $-1 $1744 -0.25 $1878 0.75 $1737 $2023 forward @7 unknown #
color-adesk-attrib $-1 -1 $-1 $-1 $1738 256 #
vertex $-1 -1 $-1 $2021 $2024 #
color-adesk-attrib $-1 -1 $-1 $-1 $1739 256 #
coedge $-1 -1 $-1 $2020 $1741 $2015 $2025 forward $1881 $-1 #
loop $-1 -1 $-1 $-1 $1741 $2026 #
color-adesk-attrib $-1 -1 $-1 $-1 $1742 256 #
vertex $-1 -1 $-1 $1871 $2027 #
straight-curve $-1 -1 $-1 0.3000000000000003775 -13.97349462365591322 -0.5 0.4472019879301609158 0.894432994690665506 0 F 0 F 0.4395781772224937045 #
point $-1 -1 $-1 0.3000000000000003775 -13.97349462365591322 -0.5 #
coedge $-1 -1 $-1 $1751 $1746 $1745 $1887 reversed $1752 $-1 #
edge $2028 -1 $-1 $1893 0 $1749 0.2000000000000000111 $1886 $2029 forward @7 unknown #
color-adesk-attrib $-1 -1 $-1 $-1 $1747 256 #
straight-curve $-1 -1 $-1 0.2999999999999999334 -14.4037096774193536 -0.25 0 0 -1 I I #
point $-1 -1 $-1 0.300000000000000322 -14.4037096774193536 0.5 #
face $2030 -1 $-1 $1498 $1752 $8 $-1 $2031 forward single #
color-adesk-attrib $-1 -1 $-1 $-1 $1757 256 #
vertex $-1 -1 $-1 $1761 $2032 #
straight-curve $-1 -1 $-1 0.300000000000000322 -14.83370967741935331 0.5 0.4472019879301609158 0.894432994690665506 0 I I #
color-adesk-attrib $-1 -1 $-1 $-1 $1761 256 #
straight-curve $-1 -1 $-1 0.4965802347046160969 -14.44053645196557412 -0.5 0 0 1 I I #
color-adesk-attrib $-1 -1 $-1 $-1 $1762 256 #
plane-surface $-1 -1 $-1 0.300000000000000322 -14.83370967741935331 -0.5 0.894432994690665617 -0.4472019879301609713 0 0.4472019879301609713 0.894432994690665617 0 forward_v I I I I #
color-adesk-attrib $-1 -1 $-1 $-1 $1770 256 #
face $2033 -1 $-1 $2034 $2035 $8 $-1 $2036 forward single #
loop $-1 -1 $-1 $-1 $2037 $1770 #
plane-surface $-1 -1 $-1 0.3000000000000021538 15.27381720430107137 -0.5 0.894432994690665617 -0.4472019879301609713 0 0.4472019879301609713 0.894432994690665617 0 forward_v I I I I #
coedge $-1 -1 $-1 $1955 $1773 $1954 $2038 forward $1637 $-1 #
coedge $-1 -1 $-1 $1773 $1955 $1919 $2039 reversed $1637 $-1 #
edge $2040 -1 $-1 $2041 0 $1961 0.4395781772224937045 $1773 $2042 forward @7 unknown #
color-adesk-attrib $-1 -1 $-1 $-1 $1774 256 #
straight-curve $-1 -1 $-1 0.4965802347046180398 17.38742053728173786 -0.5 0 0 1 I I #
color-adesk-attrib $-1 -1 $-1 $-1 $1775 256 #
straight-curve $-1 -1 $-1 0.2999999999999993783 16.99424731182795512 -0.25 0 0 1 I I #
point $-1 -1 $-1 0.3000000000000022649 16.99424731182795867 -0.5 #
color-adesk-attrib $-1 -1 $-1 $-1 $1780 256 #
face $2043 -1 $-1 $2044 $2045 $8 $-1 $354 reversed single #
loop $-1 -1 $-1 $-1 $2046 $1780 #
coedge $-1 -1 $-1 $2047 $2048 $2049 $2050 forward $1781 $-1 #
coedge $-1 -1 $-1 $2051 $1782 $2052 $2053 reversed $1649 $-1 #
coedge $-1 -1 $-1 $1782 $2051 $2054 $2055 reversed $1649 $-1 #
coedge $-1 -1 $-1 $2056 $2057 $1782 $1918 reversed $2058 $-1 #
edge $2059 -1 $-1 $2060 -0.25 $2061 0.75 $1782 $2062 forward @7 unknown #
coedge $-1 -1 $-1 $1784 $1783 $1904 $2039 forward $1517 $-1 #
coedge $-1 -1 $-1 $2063 $1817 $1783 $1921 forward $102 $-1 #
edge $2064 -1 $-1 $2041 -16.13403225806451857 $1929 -16.13392473118279824 $1783 $277 forward @7 unknown #
coedge $-1 -1 $-1 $1814 $2065 $1784 $1923 forward $264 $-1 #
edge $2066 -1 $-1 $1928 16.13392473118279824 $2067 16.13403225806451857 $1784 $352 forward @7 unknown #
coedge $-1 -1 $-1 $2068 $1785 $2065 $2069 reversed $1926 $-1 #
coedge $-1 -1 $-1 $1785 $2068 $2063 $2070 forward $1926 $-1 #
loop $-1 -1 $-1 $-1 $1925 $2071 #
color-adesk-attrib $-1 -1 $-1 $-1 $1786 256 #
vertex $-1 -1 $-1 $1923 $2072 #
vertex $-1 -1 $-1 $2070 $2073 #
straight-curve $-1 -1 $-1 0.3000000000000002665 16.13392473118279824 -0.25 0 0 -1 I I #
coedge $-1 -1 $-1 $2074 $2075 $1787 $1932 reversed $2035 $-1 #
edge $2076 -1 $-1 $1936 -0.75 $1940 0.25 $1787 $2077 forward @7 unknown #
coedge $-1 -1 $-1 $2065 $1788 $1793 $1943 forward $264 $-1 #
coedge $-1 -1 $-1 $1788 $2078 $2074 $2079 forward $264 $-1 #
color-adesk-attrib $-1 -1 $-1 $-1 $1789 256 #
vertex $-1 -1 $-1 $1789 $2080 #
coedge $-1 -1 $-1 $2081 $1790 $2075 $2082 reversed $102 $-1 #
coedge $-1 -1 $-1 $1790 $2063 $1792 $1942 reversed $102 $-1 #
color-adesk-attrib $-1 -1 $-1 $-1 $1791 256 #
vertex $-1 -1 $-1 $2082 $2083 #
coedge $-1 -1 $-1 $1793 $1792 $2068 $2084 forward $1794 $-1 #
edge $2085 -1 $-1 $1796 0 $2086 0.4395781772224937045 $1792 $2087 forward @7 unknown #
edge $2088 -1 $-1 $1797 0 $2089 0.4395781772224937045 $1793 $2090 forward @7 unknown #
face $2091 -1 $-1 $2071 $1794 $8 $-1 $2092 forward single #
point $-1 -1 $-1 0.3000000000000021538 15.70392473118279852 -0.5 #
point $-1 -1 $-1 0.3000000000000021538 15.70392473118279852 0.5 #
point $-1 -1 $-1 0.3000000000000022649 16.99424731182795867 0.5 #
color-adesk-attrib $-1 -1 $-1 $-1 $1805 256 #
straight-curve $-1 -1 $-1 0.4965802347046179843 16.95731301040001782 0.5 -0.9829011735230788194 0.1841338727311042645 0 I I #
color-adesk-attrib $-1 -1 $-1 $-1 $1806 256 #
straight-curve $-1 -1 $-1 0.4965802347046179843 16.95731301040001782 -0.5 -0.9829011735230788194 0.1841338727311042645 0 F 0 F 0.2000000000000000111 #
color-adesk-attrib $-1 -1 $-1 $-1 $1807 256 #
plane-surface $-1 -1 $-1 0.4965802347046179843 16.95731301040001782 -0.5 0.1841338727311042645 0.9829011735230788194 0 -0.9829011735230788194 0.1841338727311042645 0 forward_v I I I I #
coedge $-1 -1 $-1 $1811 $1810 $1903 $2038 reversed $1771 $-1 #
coedge $-1 -1 $-1 $1904 $1903 $1814 $1956 reversed $1637 $-1 #
edge $2093 -1 $-1 $2067 0 $1958 0.4395781772224937045 $1955 $2094 forward @7 unknown #
color-adesk-attrib $-1 -1 $-1 $-1 $1815 256 #
vertex $-1 -1 $-1 $2038 $2095 #
straight-curve $-1 -1 $-1 0.4965802347046179843 16.52720548351829777 0.5 -0.9829011735230788194 0.1841338727311042645 0 I I #
color-adesk-attrib $-1 -1 $-1 $-1 $1818 256 #
vertex $-1 -1 $-1 $1818 $2096 #
straight-curve $-1 -1 $-1 0.4965802347046179843 16.52720548351829777 -0.5 -0.9829011735230788194 0.1841338727311042645 0 F 0 F 0.2000000000000000111 #
color-adesk-attrib $-1 -1 $-1 $-1 $1820 256 #
straight-curve $-1 -1 $-1 0.4965802347046179843 16.95731301040001782 -0.5 0 0 1 I I #
point $-1 -1 $-1 0.4965802347046179843 16.95731301040001782 -0.5 #
point $-1 -1 $-1 0.4965802347046179843 16.95731301040001782 0.5 #
color-adesk-attrib $-1 -1 $-1 $-1 $1834 256 #
face $2097 -1 $-1 $2098 $2099 $8 $-1 $2100 forward single #
loop $-1 -1 $-1 $-1 $2101 $1834 #
plane-surface $-1 -1 $-1 0.300000000000000544 -10.96274193548387288 -0.5 0.894432994690665617 -0.4472019879301609713 0 0.4472019879301609713 0.894432994690665617 0 forward_v I I I I #
coedge $-1 -1 $-1 $2102 $2103 $2104 $2105 forward $1835 $-1 #
coedge $-1 -1 $-1 $2106 $1837 $2103 $2107 forward $1705 $-1 #
coedge $-1 -1 $-1 $1837 $2106 $2108 $2109 reversed $1705 $-1 #
coedge $-1 -1 $-1 $2110 $2104 $1837 $1975 reversed $102 $-1 #
edge $2111 -1 $-1 $2112 0 $2113 0.4395781772224937045 $1837 $2114 forward @7 unknown #
coedge $-1 -1 $-1 $1839 $1838 $2115 $2116 reversed $1571 $-1 #
coedge $-1 -1 $-1 $2117 $2118 $1838 $1978 forward $2119 $-1 #
edge $2120 -1 $-1 $2121 -0.75 $1981 0.25 $1977 $2122 forward @7 unknown #
coedge $-1 -1 $-1 $1840 $2123 $2117 $2124 forward $102 $-1 #
color-adesk-attrib $-1 -1 $-1 $-1 $1841 256 #
vertex $-1 -1 $-1 $1841 $2125 #
straight-curve $-1 -1 $-1 0.496580234704616208 -12.28999881755697388 -0.5 -0.9829011735230788194 0.1841338727311042645 0 F 0 F 0.2000000000000000111 #
coedge $-1 -1 $-1 $2115 $2126 $1842 $1984 forward $264 $-1 #
edge $2127 -1 $-1 $1992 0 $1986 0.4395781772224937045 $1842 $2128 forward @7 unknown #
color-adesk-attrib $-1 -1 $-1 $-1 $1843 256 #
vertex $-1 -1 $-1 $1843 $2129 #
straight-curve $-1 -1 $-1 0.496580234704616208 -12.28999881755697388 -0.5 0 0 1 I I #
coedge $-1 -1 $-1 $2130 $1844 $2126 $2131 reversed $1990 $-1 #
coedge $-1 -1 $-1 $1844 $2130 $1846 $1995 reversed $1990 $-1 #
loop $-1 -1 $-1 $-1 $1844 $2132 #
color-adesk-attrib $-1 -1 $-1 $-1 $1845 256 #
vertex $-1 -1 $-1 $1984 $2133 #
straight-curve $-1 -1 $-1 0.2999999999999998224 -12.68317204301075307 -0.25 0 0 1 I I #
coedge $-1 -1 $-1 $1859 $1846 $2134 $2135 reversed $102 $-1 #
edge $2136 -1 $-1 $1848 12.68317204301075307 $2137 12.6832795698924734 $1989 $277 forward @7 unknown #
point $-1 -1 $-1 0.300000000000000433 -12.68317204301075307 -0.5 #
point $-1 -1 $-1 0.496580234704616208 -12.28999881755697388 -0.5 #
coedge $-1 -1 $-1 $2138 $1851 $1854 $2002 forward $264 $-1 #
color-adesk-attrib $-1 -1 $-1 $-1 $1852 256 #
straight-curve $-1 -1 $-1 0.4965802347046161525 -13.15021387132041397 0.5 -0.9829011735230788194 0.1841338727311042645 0 I I #
coedge $-1 -1 $-1 $1854 $1853 $2139 $2140 forward $1855 $-1 #
edge $2141 -1 $-1 $1857 -13.11338709677419345 $2142 -13.11327956989247312 $1854 $352 forward @7 unknown #
face $2143 -1 $-1 $1604 $1855 $8 $-1 $354 reversed single #
point $-1 -1 $-1 0.3000000000000003775 -13.11338709677419345 0.5 #
coedge $-1 -1 $-1 $2144 $2139 $1859 $2006 forward $2145 $-1 #
edge $2146 -1 $-1 $2008 0 $2147 0.4395781772224937045 $2005 $2148 forward @7 unknown #
color-adesk-attrib $-1 -1 $-1 $-1 $1860 256 #
vertex $-1 -1 $-1 $1860 $2149 #
coedge $-1 -1 $-1 $1862 $1874 $2150 $2151 forward $264 $-1 #
coedge $-1 -1 $-1 $2150 $1870 $1866 $2011 reversed $2016 $-1 #
edge $2152 -1 $-1 $2013 -0.75 $1873 0.25 $1866 $2153 forward @7 unknown #
color-adesk-attrib $-1 -1 $-1 $-1 $1867 256 #
vertex $-1 -1 $-1 $1867 $2154 #
color-adesk-attrib $-1 -1 $-1 $-1 $1868 256 #
coedge $-1 -1 $-1 $1870 $2150 $1880 $2025 reversed $2016 $-1 #
loop $-1 -1 $-1 $-1 $1870 $2155 #
color-adesk-attrib $-1 -1 $-1 $-1 $1871 256 #
straight-curve $-1 -1 $-1 0.4965802347046161525 -13.58032139820213402 -0.5 -0.9829011735230788194 0.1841338727311042645 0 F 0 F 0.2000000000000000111 #
point $-1 -1 $-1 0.3000000000000003775 -13.5434946236559135 -0.5 #
coedge $-1 -1 $-1 $1875 $1880 $1874 $2021 reversed $1881 $-1 #
edge $2156 -1 $-1 $1878 0 $2157 0.4395781772224937045 $2020 $2158 forward @7 unknown #
color-adesk-attrib $-1 -1 $-1 $-1 $1876 256 #
straight-curve $-1 -1 $-1 0.2999999999999998224 -13.97349462365591322 -0.25 0 0 1 I I #
point $-1 -1 $-1 0.3000000000000003775 -13.97349462365591322 0.5 #
edge $2159 -1 $-1 $1883 0 $2157 1 $2015 $2160 forward @7 unknown #
face $2161 -1 $-1 $2155 $1881 $8 $-1 $2162 forward single #
point $-1 -1 $-1 0.4965802347046161525 -13.58032139820213402 -0.5 #
color-adesk-attrib $-1 -1 $-1 $-1 $1887 256 #
straight-curve $-1 -1 $-1 0.4965802347046160969 -14.44053645196557412 0.5 -0.9829011735230788194 0.1841338727311042645 0 I I #
color-adesk-attrib $-1 -1 $-1 $-1 $1891 256 #
plane-surface $-1 -1 $-1 0.4965802347046160969 -14.44053645196557412 -0.5 0.1841338727311042645 0.9829011735230788194 0 -0.9829011735230788194 0.1841338727311042645 0 forward_v I I I I #
point $-1 -1 $-1 0.4965802347046160969 -14.44053645196557412 0.5 #
color-adesk-attrib $-1 -1 $-1 $-1 $1900 256 #
face $2163 -1 $-1 $2164 $2165 $8 $-1 $2166 forward single #
loop $-1 -1 $-1 $-1 $2075 $1900 #
plane-surface $-1 -1 $-1 0.4965802347046179288 15.66699042975485057 -0.5 0.1841338727311042645 0.9829011735230788194 0 -0.9829011735230788194 0.1841338727311042645 0 forward_v I I I I #
coedge $-1 -1 $-1 $2167 $2168 $2081 $2169 forward $1901 $-1 #
edge $2170 -1 $-1 $1961 0 $1958 1 $1954 $2171 forward @7 unknown #
edge $2172 -1 $-1 $2041 -0.25 $2067 0.75 $1919 $2173 forward @7 unknown #
color-adesk-attrib $-1 -1 $-1 $-1 $1905 256 #
vertex $-1 -1 $-1 $1921 $2174 #
straight-curve $-1 -1 $-1 0.3000000000000022093 16.13403225806451857 -0.5 0.4472019879301609158 0.894432994690665506 0 F 0 F 0.4395781772224937045 #
color-adesk-attrib $-1 -1 $-1 $-1 $1912 256 #
face $2175 -1 $-1 $2176 $2177 $8 $-1 $354 reversed single #
loop $-1 -1 $-1 $-1 $2178 $1912 #
coedge $-1 -1 $-1 $2179 $2180 $2181 $2182 forward $1913 $-1 #
coedge $-1 -1 $-1 $2183 $1914 $2184 $2185 reversed $1781 $-1 #
coedge $-1 -1 $-1 $1914 $2183 $2186 $2187 reversed $1781 $-1 #
coedge $-1 -1 $-1 $2188 $2189 $1914 $2050 reversed $2190 $-1 #
edge $2191 -1 $-1 $2192 -0.75 $2193 0.25 $1914 $2194 forward @7 unknown #
coedge $-1 -1 $-1 $1916 $1915 $2195 $2196 forward $1649 $-1 #
coedge $-1 -1 $-1 $2197 $2198 $1915 $2053 forward $264 $-1 #
edge $2199 -1 $-1 $2200 14.84360215053763099 $2061 14.84370967741935132 $1915 $352 forward @7 unknown #
coedge $-1 -1 $-1 $2201 $2202 $1916 $2055 forward $102 $-1 #
edge $2203 -1 $-1 $2060 -14.84370967741935132 $2204 -14.84360215053763099 $1916 $277 forward @7 unknown #
coedge $-1 -1 $-1 $2205 $1917 $2202 $2206 forward $2058 $-1 #
coedge $-1 -1 $-1 $1917 $2205 $2197 $2207 reversed $2058 $-1 #
loop $-1 -1 $-1 $-1 $2056 $2208 #
color-adesk-attrib $-1 -1 $-1 $-1 $1918 256 #
vertex $-1 -1 $-1 $2055 $2209 #
vertex $-1 -1 $-1 $2207 $2210 #
straight-curve $-1 -1 $-1 0.2999999999999998224 14.84370967741934777 -0.25 0 0 1 I I #
coedge $-1 -1 $-1 $1938 $1920 $1925 $2070 reversed $102 $-1 #
color-adesk-attrib $-1 -1 $-1 $-1 $1921 256 #
coedge $-1 -1 $-1 $1922 $1933 $1924 $2069 forward $264 $-1 #
color-adesk-attrib $-1 -1 $-1 $-1 $1923 256 #
vertex $-1 -1 $-1 $1956 $2211 #
coedge $-1 -1 $-1 $1925 $1924 $1941 $2084 reversed $1926 $-1 #
edge $2212 -1 $-1 $2089 0 $1928 0.2000000000000000111 $1924 $2213 forward @7 unknown #
edge $2214 -1 $-1 $2086 0 $1929 0.2000000000000000111 $1925 $2215 forward @7 unknown #
face $2216 -1 $-1 $1680 $1926 $8 $-1 $2217 forward single #
point $-1 -1 $-1 0.3000000000000021538 16.13392473118279824 0.5 #
point $-1 -1 $-1 0.3000000000000021538 16.13392473118279824 -0.5 #
coedge $-1 -1 $-1 $2218 $1931 $1934 $2079 reversed $2035 $-1 #
coedge $-1 -1 $-1 $1931 $2218 $1937 $2082 forward $2035 $-1 #
color-adesk-attrib $-1 -1 $-1 $-1 $1932 256 #
straight-curve $-1 -1 $-1 0.3000000000000000444 15.70381720430107286 -0.25 0 0 -1 I I #
coedge $-1 -1 $-1 $1934 $2186 $2219 $2220 forward $264 $-1 #
edge $2221 -1 $-1 $2222 0 $1936 0.2000000000000000111 $2074 $2223 forward @7 unknown #
point $-1 -1 $-1 0.3000000000000021538 15.70381720430107109 0.5 #
coedge $-1 -1 $-1 $2184 $1937 $2037 $2169 reversed $102 $-1 #
edge $2224 -1 $-1 $2225 0 $1940 0.2000000000000000111 $2075 $2226 forward @7 unknown #
point $-1 -1 $-1 0.3000000000000021538 15.70381720430107109 -0.5 #
edge $2227 -1 $-1 $2086 0 $2089 1 $2068 $2228 forward @7 unknown #
color-adesk-attrib $-1 -1 $-1 $-1 $1942 256 #
vertex $-1 -1 $-1 $2070 $2229 #
straight-curve $-1 -1 $-1 0.3000000000000021538 15.70392473118279852 -0.5 0.4472019879301609158 0.894432994690665506 0 F 0 F 0.4395781772224937045 #
color-adesk-attrib $-1 -1 $-1 $-1 $1943 256 #
vertex $-1 -1 $-1 $2084 $2230 #
straight-curve $-1 -1 $-1 0.3000000000000021538 15.70392473118279852 0.5 0.4472019879301609158 0.894432994690665506 0 I I #
color-adesk-attrib $-1 -1 $-1 $-1 $1944 256 #
plane-surface $-1 -1 $-1 0.3000000000000021538 15.70392473118279852 -0.5 0.894432994690665617 -0.4472019879301609713 0 0.4472019879301609713 0.894432994690665617 0 forward_v I I I I #
color-adesk-attrib $-1 -1 $-1 $-1 $1956 256 #
straight-curve $-1 -1 $-1 0.3000000000000022093 16.13403225806451857 0.5 0.4472019879301609158 0.894432994690665506 0 I I #
point $-1 -1 $-1 0.4965802347046179843 16.52720548351829777 0.5 #
point $-1 -1 $-1 0.4965802347046179843 16.52720548351829777 -0.5 #
color-adesk-attrib $-1 -1 $-1 $-1 $1968 256 #
face $2231 -1 $-1 $2232 $2233 $8 $-1 $2234 forward single #
loop $-1 -1 $-1 $-1 $2235 $1968 #
plane-surface $-1 -1 $-1 0.496580234704616319 -10.56956871003009368 -0.5 0.1841338727311042645 0.9829011735230788194 0 -0.9829011735230788194 0.1841338727311042645 0 forward_v I I I I #
coedge $-1 -1 $-1 $2236 $2237 $2238 $2239 forward $1969 $-1 #
coedge $-1 -1 $-1 $2240 $1971 $2241 $2242 reversed $1835 $-1 #
coedge $-1 -1 $-1 $1971 $2240 $1972 $2107 reversed $1835 $-1 #
coedge $-1 -1 $-1 $1974 $2243 $1971 $2105 reversed $102 $-1 #
edge $2244 -1 $-1 $2113 0 $2245 0.2000000000000000111 $1971 $2246 forward @7 unknown #
coedge $-1 -1 $-1 $1973 $1972 $2247 $2248 reversed $1705 $-1 #
edge $2249 -1 $-1 $2113 0 $2250 1 $2103 $2251 forward @7 unknown #
coedge $-1 -1 $-1 $2252 $2253 $1973 $2109 forward $2254 $-1 #
edge $2255 -1 $-1 $2112 -0.25 $2256 0.75 $2108 $2257 forward @7 unknown #
coedge $-1 -1 $-1 $2258 $1974 $2253 $2259 forward $102 $-1 #
color-adesk-attrib $-1 -1 $-1 $-1 $1975 256 #
vertex $-1 -1 $-1 $2259 $2260 #
vertex $-1 -1 $-1 $2105 $2261 #
straight-curve $-1 -1 $-1 0.3000000000000004885 -11.82295698924731298 -0.5 0.4472019879301609158 0.894432994690665506 0 F 0 F 0.4395781772224937045 #
coedge $-1 -1 $-1 $2262 $1983 $1976 $2116 forward $264 $-1 #
edge $2263 -1 $-1 $1986 0 $2121 0.2000000000000000111 $1976 $2264 forward @7 unknown #
coedge $-1 -1 $-1 $2265 $1977 $1979 $2124 reversed $2119 $-1 #
coedge $-1 -1 $-1 $1977 $2265 $2262 $2266 reversed $2119 $-1 #
loop $-1 -1 $-1 $-1 $1977 $2267 #
color-adesk-attrib $-1 -1 $-1 $-1 $1978 256 #
vertex $-1 -1 $-1 $2266 $2268 #
straight-curve $-1 -1 $-1 0.3000000000000000444 -12.25317204301075336 -0.25 0 0 -1 I I #
coedge $-1 -1 $-1 $1979 $2258 $2269 $2270 reversed $102 $-1 #
edge $2271 -1 $-1 $2272 12.25306451612903302 $1981 12.25317204301075336 $2117 $277 forward @7 unknown #
point $-1 -1 $-1 0.300000000000000433 -12.25317204301075336 -0.5 #
coedge $-1 -1 $-1 $1983 $2273 $1988 $2131 forward $264 $-1 #
color-adesk-attrib $-1 -1 $-1 $-1 $1984 256 #
straight-curve $-1 -1 $-1 0.300000000000000433 -12.68317204301075307 0.5 0.4472019879301609158 0.894432994690665506 0 I I #
point $-1 -1 $-1 0.496580234704616208 -12.28999881755697388 0.5 #
coedge $-1 -1 $-1 $1989 $1988 $2274 $2275 forward $1990 $-1 #
edge $2276 -1 $-1 $2277 -12.6832795698924734 $1992 -12.68317204301075307 $1988 $352 forward @7 unknown #
face $2278 -1 $-1 $2267 $1990 $8 $-1 $354 reversed single #
point $-1 -1 $-1 0.300000000000000433 -12.68317204301075307 0.5 #
coedge $-1 -1 $-1 $2274 $2279 $1994 $2135 forward $2280 $-1 #
edge $2281 -1 $-1 $2147 0 $2137 0.2000000000000000111 $2134 $2282 forward @7 unknown #
color-adesk-attrib $-1 -1 $-1 $-1 $1995 256 #
vertex $-1 -1 $-1 $2135 $2283 #
coedge $-1 -1 $-1 $2273 $1998 $2284 $2285 forward $264 $-1 #
coedge $-1 -1 $-1 $2005 $2284 $2001 $2140 reversed $2145 $-1 #
edge $2286 -1 $-1 $2008 -0.25 $2142 0.75 $2001 $2287 forward @7 unknown #
color-adesk-attrib $-1 -1 $-1 $-1 $2002 256 #
vertex $-1 -1 $-1 $2285 $2288 #
color-adesk-attrib $-1 -1 $-1 $-1 $2003 256 #
coedge $-1 -1 $-1 $2284 $2005 $2279 $2289 forward $2145 $-1 #
loop $-1 -1 $-1 $-1 $2005 $2290 #
color-adesk-attrib $-1 -1 $-1 $-1 $2006 256 #
vertex $-1 -1 $-1 $2135 $2291 #
straight-curve $-1 -1 $-1 0.3000000000000003775 -13.11327956989247312 -0.5 0.4472019879301609158 0.894432994690665506 0 F 0 F 0.4395781772224937045 #
point $-1 -1 $-1 0.3000000000000003775 -13.11327956989247312 -0.5 #
coedge $-1 -1 $-1 $2015 $2010 $2009 $2151 reversed $2016 $-1 #
edge $2292 -1 $-1 $2157 0 $2013 0.2000000000000000111 $2150 $2293 forward @7 unknown #
color-adesk-attrib $-1 -1 $-1 $-1 $2011 256 #
straight-curve $-1 -1 $-1 0.3000000000000000444 -13.5434946236559135 -0.25 0 0 -1 I I #
point $-1 -1 $-1 0.3000000000000003775 -13.5434946236559135 0.5 #
face $2294 -1 $-1 $1762 $2016 $8 $-1 $2295 forward single #
color-adesk-attrib $-1 -1 $-1 $-1 $2021 256 #
vertex $-1 -1 $-1 $2025 $2296 #
straight-curve $-1 -1 $-1 0.3000000000000003775 -13.97349462365591322 0.5 0.4472019879301609158 0.894432994690665506 0 I I #
color-adesk-attrib $-1 -1 $-1 $-1 $2025 256 #
straight-curve $-1 -1 $-1 0.4965802347046161525 -13.58032139820213402 -0.5 0 0 1 I I #
color-adesk-attrib $-1 -1 $-1 $-1 $2026 256 #
plane-surface $-1 -1 $-1 0.3000000000000003775 -13.97349462365591322 -0.5 0.894432994690665617 -0.4472019879301609713 0 0.4472019879301609713 0.894432994690665617 0 forward_v I I I I #
color-adesk-attrib $-1 -1 $-1 $-1 $2034 256 #
face $2297 -1 $-1 $2298 $2299 $8 $-1 $2300 forward single #
loop $-1 -1 $-1 $-1 $2301 $2034 #
plane-surface $-1 -1 $-1 0.3000000000000020983 14.41360215053763127 -0.5 0.894432994690665617 -0.4472019879301609713 0 0.4472019879301609713 0.894432994690665617 0 forward_v I I I I #
coedge $-1 -1 $-1 $2219 $2037 $2218 $2302 forward $1901 $-1 #
coedge $-1 -1 $-1 $2037 $2219 $2183 $2303 reversed $1901 $-1 #
edge $2304 -1 $-1 $2305 0 $2225 0.4395781772224937045 $2037 $2306 forward @7 unknown #
color-adesk-attrib $-1 -1 $-1 $-1 $2038 256 #
straight-curve $-1 -1 $-1 0.4965802347046179843 16.52720548351829777 -0.5 0 0 1 I I #
color-adesk-attrib $-1 -1 $-1 $-1 $2039 256 #
straight-curve $-1 -1 $-1 0.2999999999999993783 16.13403225806451502 -0.25 0 0 1 I I #
point $-1 -1 $-1 0.3000000000000022093 16.13403225806451857 -0.5 #
color-adesk-attrib $-1 -1 $-1 $-1 $2044 256 #
face $2307 -1 $-1 $2308 $2309 $8 $-1 $354 reversed single #
loop $-1 -1 $-1 $-1 $2310 $2044 #
coedge $-1 -1 $-1 $2311 $2312 $2313 $2314 forward $2045 $-1 #
coedge $-1 -1 $-1 $2315 $2046 $2316 $2317 reversed $1913 $-1 #
coedge $-1 -1 $-1 $2046 $2315 $2318 $2319 reversed $1913 $-1 #
coedge $-1 -1 $-1 $2320 $2321 $2046 $2182 reversed $2322 $-1 #
edge $2323 -1 $-1 $2324 -0.25 $2325 0.75 $2046 $2326 forward @7 unknown #
coedge $-1 -1 $-1 $2048 $2047 $2168 $2303 forward $1781 $-1 #
coedge $-1 -1 $-1 $2327 $2081 $2047 $2185 forward $102 $-1 #
edge $2328 -1 $-1 $2305 -15.27381720430107137 $2193 -15.27370967741935104 $2047 $277 forward @7 unknown #
coedge $-1 -1 $-1 $2078 $2329 $2048 $2187 forward $264 $-1 #
edge $2330 -1 $-1 $2192 15.27370967741935104 $2331 15.27381720430107137 $2048 $352 forward @7 unknown #
coedge $-1 -1 $-1 $2332 $2049 $2329 $2333 reversed $2190 $-1 #
coedge $-1 -1 $-1 $2049 $2332 $2327 $2334 forward $2190 $-1 #
loop $-1 -1 $-1 $-1 $2189 $2335 #
color-adesk-attrib $-1 -1 $-1 $-1 $2050 256 #
vertex $-1 -1 $-1 $2187 $2336 #
vertex $-1 -1 $-1 $2334 $2337 #
straight-curve $-1 -1 $-1 0.3000000000000002665 15.27370967741935281 -0.25 0 0 -1 I I #
coedge $-1 -1 $-1 $2338 $2339 $2051 $2196 reversed $2299 $-1 #
edge $2340 -1 $-1 $2200 -0.75 $2204 0.25 $2051 $2341 forward @7 unknown #
coedge $-1 -1 $-1 $2329 $2052 $2057 $2207 forward $264 $-1 #
coedge $-1 -1 $-1 $2052 $2342 $2338 $2343 forward $264 $-1 #
color-adesk-attrib $-1 -1 $-1 $-1 $2053 256 #
vertex $-1 -1 $-1 $2053 $2344 #
coedge $-1 -1 $-1 $2345 $2054 $2339 $2346 reversed $102 $-1 #
coedge $-1 -1 $-1 $2054 $2327 $2056 $2206 reversed $102 $-1 #
color-adesk-attrib $-1 -1 $-1 $-1 $2055 256 #
vertex $-1 -1 $-1 $2346 $2347 #
coedge $-1 -1 $-1 $2057 $2056 $2332 $2348 forward $2058 $-1 #
edge $2349 -1 $-1 $2060 0 $2350 0.4395781772224937045 $2056 $2351 forward @7 unknown #
edge $2352 -1 $-1 $2061 0 $2353 0.4395781772224937045 $2057 $2354 forward @7 unknown #
face $2355 -1 $-1 $2335 $2058 $8 $-1 $2356 forward single #
point $-1 -1 $-1 0.3000000000000021538 14.84370967741935132 -0.5 #
point $-1 -1 $-1 0.3000000000000021538 14.84370967741935132 0.5 #
point $-1 -1 $-1 0.3000000000000022093 16.13403225806451857 0.5 #
color-adesk-attrib $-1 -1 $-1 $-1 $2069 256 #
straight-curve $-1 -1 $-1 0.4965802347046179843 16.09709795663657772 0.5 -0.9829011735230788194 0.1841338727311042645 0 I I #
color-adesk-attrib $-1 -1 $-1 $-1 $2070 256 #
straight-curve $-1 -1 $-1 0.4965802347046179843 16.09709795663657772 -0.5 -0.9829011735230788194 0.1841338727311042645 0 F 0 F 0.2000000000000000111 #
color-adesk-attrib $-1 -1 $-1 $-1 $2071 256 #
plane-surface $-1 -1 $-1 0.4965802347046179843 16.09709795663657772 -0.5 0.1841338727311042645 0.9829011735230788194 0 -0.9829011735230788194 0.1841338727311042645 0 forward_v I I I I #
coedge $-1 -1 $-1 $2075 $2074 $2167 $2302 reversed $2035 $-1 #
coedge $-1 -1 $-1 $2168 $2167 $2078 $2220 reversed $1901 $-1 #
edge $2357 -1 $-1 $2331 0 $2222 0.4395781772224937045 $2219 $2358 forward @7 unknown #
color-adesk-attrib $-1 -1 $-1 $-1 $2079 256 #
vertex $-1 -1 $-1 $2302 $2359 #
straight-curve $-1 -1 $-1 0.4965802347046179288 15.66699042975485057 0.5 -0.9829011735230788194 0.1841338727311042645 0 I I #
color-adesk-attrib $-1 -1 $-1 $-1 $2082 256 #
vertex $-1 -1 $-1 $2082 $2360 #
straight-curve $-1 -1 $-1 0.4965802347046179288 15.66699042975485057 -0.5 -0.9829011735230788194 0.1841338727311042645 0 F 0 F 0.2000000000000000111 #
color-adesk-attrib $-1 -1 $-1 $-1 $2084 256 #
straight-curve $-1 -1 $-1 0.4965802347046179843 16.09709795663657772 -0.5 0 0 1 I I #
point $-1 -1 $-1 0.4965802347046179843 16.09709795663657772 -0.5 #
point $-1 -1 $-1 0.4965802347046179843 16.09709795663657772 0.5 #
color-adesk-attrib $-1 -1 $-1 $-1 $2098 256 #
face $2361 -1 $-1 $2362 $2363 $8 $-1 $2364 forward single #
loop $-1 -1 $-1 $-1 $2365 $2098 #
plane-surface $-1 -1 $-1 0.3000000000000005995 -10.10252688172043278 -0.5 0.894432994690665617 -0.4472019879301609713 0 0.4472019879301609713 0.894432994690665617 0 forward_v I I I I #
coedge $-1 -1 $-1 $2366 $2367 $2368 $2369 forward $2099 $-1 #
coedge $-1 -1 $-1 $2370 $2101 $2367 $2371 forward $1969 $-1 #
coedge $-1 -1 $-1 $2101 $2370 $2372 $2373 reversed $1969 $-1 #
coedge $-1 -1 $-1 $2374 $2368 $2101 $2239 reversed $102 $-1 #
edge $2375 -1 $-1 $2376 0 $2377 0.4395781772224937045 $2101 $2378 forward @7 unknown #
coedge $-1 -1 $-1 $2103 $2102 $2379 $2380 reversed $1835 $-1 #
coedge $-1 -1 $-1 $2381 $2382 $2102 $2242 forward $2383 $-1 #
edge $2384 -1 $-1 $2385 -0.75 $2245 0.25 $2241 $2386 forward @7 unknown #
coedge $-1 -1 $-1 $2104 $2387 $2381 $2388 forward $102 $-1 #
color-adesk-attrib $-1 -1 $-1 $-1 $2105 256 #
vertex $-1 -1 $-1 $2105 $2389 #
straight-curve $-1 -1 $-1 0.4965802347046162635 -11.42978376379353378 -0.5 -0.9829011735230788194 0.1841338727311042645 0 F 0 F 0.2000000000000000111 #
coedge $-1 -1 $-1 $2379 $2390 $2106 $2248 forward $264 $-1 #
edge $2391 -1 $-1 $2256 0 $2250 0.4395781772224937045 $2106 $2392 forward @7 unknown #
color-adesk-attrib $-1 -1 $-1 $-1 $2107 256 #
vertex $-1 -1 $-1 $2107 $2393 #
straight-curve $-1 -1 $-1 0.4965802347046162635 -11.42978376379353378 -0.5 0 0 1 I I #
coedge $-1 -1 $-1 $2394 $2108 $2390 $2395 reversed $2254 $-1 #
coedge $-1 -1 $-1 $2108 $2394 $2110 $2259 reversed $2254 $-1 #
loop $-1 -1 $-1 $-1 $2108 $2396 #
color-adesk-attrib $-1 -1 $-1 $-1 $2109 256 #
vertex $-1 -1 $-1 $2248 $2397 #
straight-curve $-1 -1 $-1 0.3000000000000002665 -11.82295698924731653 -0.25 0 0 1 I I #
coedge $-1 -1 $-1 $2123 $2110 $2398 $2399 reversed $102 $-1 #
edge $2400 -1 $-1 $2112 11.82295698924731298 $2401 11.82306451612903331 $2253 $277 forward @7 unknown #
point $-1 -1 $-1 0.3000000000000004885 -11.82295698924731298 -0.5 #
point $-1 -1 $-1 0.4965802347046162635 -11.42978376379353378 -0.5 #
coedge $-1 -1 $-1 $2402 $2115 $2118 $2266 forward $264 $-1 #
color-adesk-attrib $-1 -1 $-1 $-1 $2116 256 #
straight-curve $-1 -1 $-1 0.496580234704616208 -12.28999881755697388 0.5 -0.9829011735230788194 0.1841338727311042645 0 I I #
coedge $-1 -1 $-1 $2118 $2117 $2403 $2404 forward $2119 $-1 #
edge $2405 -1 $-1 $2121 -12.25317204301075336 $2406 -12.25306451612903302 $2118 $352 forward @7 unknown #
face $2407 -1 $-1 $1868 $2119 $8 $-1 $354 reversed single #
point $-1 -1 $-1 0.300000000000000433 -12.25317204301075336 0.5 #
coedge $-1 -1 $-1 $2408 $2403 $2123 $2270 forward $2409 $-1 #
edge $2410 -1 $-1 $2272 0 $2411 0.4395781772224937045 $2269 $2412 forward @7 unknown #
color-adesk-attrib $-1 -1 $-1 $-1 $2124 256 #
vertex $-1 -1 $-1 $2124 $2413 #
coedge $-1 -1 $-1 $2126 $2138 $2414 $2415 forward $264 $-1 #
coedge $-1 -1 $-1 $2414 $2134 $2130 $2275 reversed $2280 $-1 #
edge $2416 -1 $-1 $2277 -0.75 $2137 0.25 $2130 $2417 forward @7 unknown #
color-adesk-attrib $-1 -1 $-1 $-1 $2131 256 #
vertex $-1 -1 $-1 $2131 $2418 #
color-adesk-attrib $-1 -1 $-1 $-1 $2132 256 #
coedge $-1 -1 $-1 $2134 $2414 $2144 $2289 reversed $2280 $-1 #
loop $-1 -1 $-1 $-1 $2134 $2419 #
color-adesk-attrib $-1 -1 $-1 $-1 $2135 256 #
straight-curve $-1 -1 $-1 0.496580234704616208 -12.72010634443869392 -0.5 -0.9829011735230788194 0.1841338727311042645 0 F 0 F 0.2000000000000000111 #
point $-1 -1 $-1 0.3000000000000003775 -12.6832795698924734 -0.5 #
coedge $-1 -1 $-1 $2139 $2144 $2138 $2285 reversed $2145 $-1 #
edge $2420 -1 $-1 $2142 0 $2421 0.4395781772224937045 $2284 $2422 forward @7 unknown #
color-adesk-attrib $-1 -1 $-1 $-1 $2140 256 #
straight-curve $-1 -1 $-1 0.2999999999999998224 -13.11327956989247312 -0.25 0 0 1 I I #
point $-1 -1 $-1 0.3000000000000003775 -13.11327956989247312 0.5 #
edge $2423 -1 $-1 $2147 0 $2421 1 $2279 $2424 forward @7 unknown #
face $2425 -1 $-1 $2419 $2145 $8 $-1 $2426 forward single #
point $-1 -1 $-1 0.496580234704616208 -12.72010634443869392 -0.5 #
color-adesk-attrib $-1 -1 $-1 $-1 $2151 256 #
straight-curve $-1 -1 $-1 0.4965802347046161525 -13.58032139820213402 0.5 -0.9829011735230788194 0.1841338727311042645 0 I I #
color-adesk-attrib $-1 -1 $-1 $-1 $2155 256 #
plane-surface $-1 -1 $-1 0.4965802347046161525 -13.58032139820213402 -0.5 0.1841338727311042645 0.9829011735230788194 0 -0.9829011735230788194 0.1841338727311042645 0 forward_v I I I I #
point $-1 -1 $-1 0.4965802347046161525 -13.58032139820213402 0.5 #
color-adesk-attrib $-1 -1 $-1 $-1 $2164 256 #
face $2427 -1 $-1 $2428 $2429 $8 $-1 $2430 forward single #
loop $-1 -1 $-1 $-1 $2339 $2164 #
plane-surface $-1 -1 $-1 0.4965802347046178733 14.80677537599141047 -0.5 0.1841338727311042645 0.9829011735230788194 0 -0.9829011735230788194 0.1841338727311042645 0 forward_v I I I I #
coedge $-1 -1 $-1 $2431 $2432 $2345 $2433 forward $2165 $-1 #
edge $2434 -1 $-1 $2225 0 $2222 1 $2218 $2435 forward @7 unknown #
edge $2436 -1 $-1 $2305 -0.25 $2331 0.75 $2183 $2437 forward @7 unknown #
color-adesk-attrib $-1 -1 $-1 $-1 $2169 256 #
vertex $-1 -1 $-1 $2185 $2438 #
straight-curve $-1 -1 $-1 0.3000000000000021538 15.27381720430107137 -0.5 0.4472019879301609158 0.894432994690665506 0 F 0 F 0.4395781772224937045 #
color-adesk-attrib $-1 -1 $-1 $-1 $2176 256 #
face $2439 -1 $-1 $2440 $2441 $8 $-1 $354 reversed single #
loop $-1 -1 $-1 $-1 $2442 $2176 #
coedge $-1 -1 $-1 $2443 $2444 $2445 $2446 forward $2177 $-1 #
coedge $-1 -1 $-1 $2447 $2178 $2448 $2449 reversed $2045 $-1 #
coedge $-1 -1 $-1 $2178 $2447 $2450 $2451 reversed $2045 $-1 #
coedge $-1 -1 $-1 $2452 $2453 $2178 $2314 reversed $2454 $-1 #
edge $2455 -1 $-1 $2456 -0.75 $2457 0.25 $2178 $2458 forward @7 unknown #
coedge $-1 -1 $-1 $2180 $2179 $2459 $2460 forward $1913 $-1 #
coedge $-1 -1 $-1 $2461 $2462 $2179 $2317 forward $264 $-1 #
edge $2463 -1 $-1 $2464 13.98338709677419089 $2325 13.98349462365591123 $2179 $352 forward @7 unknown #
coedge $-1 -1 $-1 $2465 $2466 $2180 $2319 forward $102 $-1 #
edge $2467 -1 $-1 $2324 -13.98349462365591123 $2468 -13.98338709677419089 $2180 $277 forward @7 unknown #
coedge $-1 -1 $-1 $2469 $2181 $2466 $2470 forward $2322 $-1 #
coedge $-1 -1 $-1 $2181 $2469 $2461 $2471 reversed $2322 $-1 #
loop $-1 -1 $-1 $-1 $2320 $2472 #
color-adesk-attrib $-1 -1 $-1 $-1 $2182 256 #
vertex $-1 -1 $-1 $2319 $2473 #
vertex $-1 -1 $-1 $2471 $2474 #
straight-curve $-1 -1 $-1 0.2999999999999993783 13.98349462365590767 -0.25 0 0 1 I I #
coedge $-1 -1 $-1 $2202 $2184 $2189 $2334 reversed $102 $-1 #
color-adesk-attrib $-1 -1 $-1 $-1 $2185 256 #
coedge $-1 -1 $-1 $2186 $2197 $2188 $2333 forward $264 $-1 #
color-adesk-attrib $-1 -1 $-1 $-1 $2187 256 #
vertex $-1 -1 $-1 $2220 $2475 #
coedge $-1 -1 $-1 $2189 $2188 $2205 $2348 reversed $2190 $-1 #
edge $2476 -1 $-1 $2353 0 $2192 0.2000000000000000111 $2188 $2477 forward @7 unknown #
edge $2478 -1 $-1 $2350 0 $2193 0.2000000000000000111 $2189 $2479 forward @7 unknown #
face $2480 -1 $-1 $1944 $2190 $8 $-1 $2481 forward single #
point $-1 -1 $-1 0.3000000000000021538 15.27370967741935104 0.5 #
point $-1 -1 $-1 0.3000000000000021538 15.27370967741935104 -0.5 #
coedge $-1 -1 $-1 $2482 $2195 $2198 $2343 reversed $2299 $-1 #
coedge $-1 -1 $-1 $2195 $2482 $2201 $2346 forward $2299 $-1 #
color-adesk-attrib $-1 -1 $-1 $-1 $2196 256 #
straight-curve $-1 -1 $-1 0.3000000000000000444 14.84360215053763099 -0.25 0 0 -1 I I #
coedge $-1 -1 $-1 $2198 $2450 $2483 $2484 forward $264 $-1 #
edge $2485 -1 $-1 $2486 0 $2200 0.2000000000000000111 $2338 $2487 forward @7 unknown #
point $-1 -1 $-1 0.3000000000000020983 14.84360215053763099 0.5 #
coedge $-1 -1 $-1 $2448 $2201 $2301 $2433 reversed $102 $-1 #
edge $2488 -1 $-1 $2489 0 $2204 0.2000000000000000111 $2339 $2490 forward @7 unknown #
point $-1 -1 $-1 0.3000000000000020983 14.84360215053763099 -0.5 #
edge $2491 -1 $-1 $2350 0 $2353 1 $2332 $2492 forward @7 unknown #
color-adesk-attrib $-1 -1 $-1 $-1 $2206 256 #
vertex $-1 -1 $-1 $2334 $2493 #
straight-curve $-1 -1 $-1 0.3000000000000021538 14.84370967741935132 -0.5 0.4472019879301609158 0.894432994690665506 0 F 0 F 0.4395781772224937045 #
color-adesk-attrib $-1 -1 $-1 $-1 $2207 256 #
vertex $-1 -1 $-1 $2348 $2494 #
straight-curve $-1 -1 $-1 0.3000000000000021538 14.84370967741935132 0.5 0.4472019879301609158 0.894432994690665506 0 I I #
color-adesk-attrib $-1 -1 $-1 $-1 $2208 256 #
plane-surface $-1 -1 $-1 0.3000000000000021538 14.84370967741935132 -0.5 0.894432994690665617 -0.4472019879301609713 0 0.4472019879301609713 0.894432994690665617 0 forward_v I I I I #
color-adesk-attrib $-1 -1 $-1 $-1 $2220 256 #
straight-curve $-1 -1 $-1 0.3000000000000021538 15.27381720430107137 0.5 0.4472019879301609158 0.894432994690665506 0 I I #
point $-1 -1 $-1 0.4965802347046179288 15.66699042975485057 0.5 #
point $-1 -1 $-1 0.4965802347046179288 15.66699042975485057 -0.5 #
color-adesk-attrib $-1 -1 $-1 $-1 $2232 256 #
face $2495 -1 $-1 $2496 $2497 $8 $-1 $2498 forward single #
loop $-1 -1 $-1 $-1 $2499 $2232 #
plane-surface $-1 -1 $-1 0.4965802347046163745 -9.709353656266653587 -0.5 0.1841338727311042645 0.9829011735230788194 0 -0.9829011735230788194 0.1841338727311042645 0 forward_v I I I I #
coedge $-1 -1 $-1 $2500 $2501 $2502 $2503 forward $2233 $-1 #
coedge $-1 -1 $-1 $2504 $2235 $2505 $2506 reversed $2099 $-1 #
coedge $-1 -1 $-1 $2235 $2504 $2236 $2371 reversed $2099 $-1 #
coedge $-1 -1 $-1 $2238 $2507 $2235 $2369 reversed $102 $-1 #
edge $2508 -1 $-1 $2377 0 $2509 0.2000000000000000111 $2235 $2510 forward @7 unknown #
coedge $-1 -1 $-1 $2237 $2236 $2511 $2512 reversed $1969 $-1 #
edge $2513 -1 $-1 $2377 0 $2514 1 $2367 $2515 forward @7 unknown #
coedge $-1 -1 $-1 $2516 $2517 $2237 $2373 forward $2518 $-1 #
edge $2519 -1 $-1 $2376 -0.25 $2520 0.75 $2372 $2521 forward @7 unknown #
coedge $-1 -1 $-1 $2522 $2238 $2517 $2523 forward $102 $-1 #
color-adesk-attrib $-1 -1 $-1 $-1 $2239 256 #
vertex $-1 -1 $-1 $2523 $2524 #
vertex $-1 -1 $-1 $2369 $2525 #
straight-curve $-1 -1 $-1 0.300000000000000544 -10.96274193548387288 -0.5 0.4472019879301609158 0.894432994690665506 0 F 0 F 0.4395781772224937045 #
coedge $-1 -1 $-1 $2526 $2247 $2240 $2380 forward $264 $-1 #
edge $2527 -1 $-1 $2250 0 $2385 0.2000000000000000111 $2240 $2528 forward @7 unknown #
coedge $-1 -1 $-1 $2529 $2241 $2243 $2388 reversed $2383 $-1 #
coedge $-1 -1 $-1 $2241 $2529 $2526 $2530 reversed $2383 $-1 #
loop $-1 -1 $-1 $-1 $2241 $2531 #
color-adesk-attrib $-1 -1 $-1 $-1 $2242 256 #
vertex $-1 -1 $-1 $2530 $2532 #
straight-curve $-1 -1 $-1 0.3000000000000000444 -11.39295698924731326 -0.25 0 0 -1 I I #
coedge $-1 -1 $-1 $2243 $2522 $2533 $2534 reversed $102 $-1 #
edge $2535 -1 $-1 $2536 11.39284946236559293 $2245 11.39295698924731326 $2381 $277 forward @7 unknown #
point $-1 -1 $-1 0.3000000000000004885 -11.39295698924731326 -0.5 #
coedge $-1 -1 $-1 $2247 $2537 $2252 $2395 forward $264 $-1 #
color-adesk-attrib $-1 -1 $-1 $-1 $2248 256 #
straight-curve $-1 -1 $-1 0.3000000000000004885 -11.82295698924731298 0.5 0.4472019879301609158 0.894432994690665506 0 I I #
point $-1 -1 $-1 0.4965802347046162635 -11.42978376379353378 0.5 #
coedge $-1 -1 $-1 $2253 $2252 $2538 $2539 forward $2254 $-1 #
edge $2540 -1 $-1 $2541 -11.82306451612903331 $2256 -11.82295698924731298 $2252 $352 forward @7 unknown #
face $2542 -1 $-1 $2531 $2254 $8 $-1 $354 reversed single #
point $-1 -1 $-1 0.3000000000000004885 -11.82295698924731298 0.5 #
coedge $-1 -1 $-1 $2538 $2543 $2258 $2399 forward $2544 $-1 #
edge $2545 -1 $-1 $2411 0 $2401 0.2000000000000000111 $2398 $2546 forward @7 unknown #
color-adesk-attrib $-1 -1 $-1 $-1 $2259 256 #
vertex $-1 -1 $-1 $2399 $2547 #
coedge $-1 -1 $-1 $2537 $2262 $2548 $2549 forward $264 $-1 #
coedge $-1 -1 $-1 $2269 $2548 $2265 $2404 reversed $2409 $-1 #
edge $2550 -1 $-1 $2272 -0.25 $2406 0.75 $2265 $2551 forward @7 unknown #
color-adesk-attrib $-1 -1 $-1 $-1 $2266 256 #
vertex $-1 -1 $-1 $2549 $2552 #
color-adesk-attrib $-1 -1 $-1 $-1 $2267 256 #
coedge $-1 -1 $-1 $2548 $2269 $2543 $2553 forward $2409 $-1 #
loop $-1 -1 $-1 $-1 $2269 $2554 #
color-adesk-attrib $-1 -1 $-1 $-1 $2270 256 #
vertex $-1 -1 $-1 $2399 $2555 #
straight-curve $-1 -1 $-1 0.3000000000000004885 -12.25306451612903302 -0.5 0.4472019879301609158 0.894432994690665506 0 F 0 F 0.4395781772224937045 #
point $-1 -1 $-1 0.3000000000000004885 -12.25306451612903302 -0.5 #
coedge $-1 -1 $-1 $2279 $2274 $2273 $2415 reversed $2280 $-1 #
edge $2556 -1 $-1 $2421 0 $2277 0.2000000000000000111 $2414 $2557 forward @7 unknown #
color-adesk-attrib $-1 -1 $-1 $-1 $2275 256 #
straight-curve $-1 -1 $-1 0.2999999999999998224 -12.6832795698924734 -0.25 0 0 -1 I I #
point $-1 -1 $-1 0.3000000000000003775 -12.6832795698924734 0.5 #
face $2558 -1 $-1 $2026 $2280 $8 $-1 $2559 forward single #
color-adesk-attrib $-1 -1 $-1 $-1 $2285 256 #
vertex $-1 -1 $-1 $2289 $2560 #
straight-curve $-1 -1 $-1 0.3000000000000003775 -13.11327956989247312 0.5 0.4472019879301609158 0.894432994690665506 0 I I #
color-adesk-attrib $-1 -1 $-1 $-1 $2289 256 #
straight-curve $-1 -1 $-1 0.496580234704616208 -12.72010634443869392 -0.5 0 0 1 I I #
color-adesk-attrib $-1 -1 $-1 $-1 $2290 256 #
plane-surface $-1 -1 $-1 0.3000000000000003775 -13.11327956989247312 -0.5 0.894432994690665617 -0.4472019879301609713 0 0.4472019879301609713 0.894432994690665617 0 forward_v I I I I #
color-adesk-attrib $-1 -1 $-1 $-1 $2298 256 #
face $2561 -1 $-1 $2562 $2563 $8 $-1 $2564 forward single #
loop $-1 -1 $-1 $-1 $2565 $2298 #
plane-surface $-1 -1 $-1 0.3000000000000020428 13.55338709677419118 -0.5 0.894432994690665617 -0.4472019879301609713 0 0.4472019879301609713 0.894432994690665617 0 forward_v I I I I #
coedge $-1 -1 $-1 $2483 $2301 $2482 $2566 forward $2165 $-1 #
coedge $-1 -1 $-1 $2301 $2483 $2447 $2567 reversed $2165 $-1 #
edge $2568 -1 $-1 $2569 0 $2489 0.4395781772224937045 $2301 $2570 forward @7 unknown #
color-adesk-attrib $-1 -1 $-1 $-1 $2302 256 #
straight-curve $-1 -1 $-1 0.4965802347046179288 15.66699042975485057 -0.5 0 0 1 I I #
color-adesk-attrib $-1 -1 $-1 $-1 $2303 256 #
straight-curve $-1 -1 $-1 0.2999999999999998224 15.27381720430106604 -0.25 0 0 1 I I #
point $-1 -1 $-1 0.3000000000000021538 15.27381720430107137 -0.5 #
color-adesk-attrib $-1 -1 $-1 $-1 $2308 256 #
face $2571 -1 $-1 $2572 $2573 $8 $-1 $354 reversed single #
loop $-1 -1 $-1 $-1 $2574 $2308 #
coedge $-1 -1 $-1 $2575 $2576 $2577 $2578 forward $2309 $-1 #
coedge $-1 -1 $-1 $2579 $2310 $2580 $2581 reversed $2177 $-1 #
coedge $-1 -1 $-1 $2310 $2579 $2582 $2583 reversed $2177 $-1 #
coedge $-1 -1 $-1 $2584 $2585 $2310 $2446 reversed $2586 $-1 #
edge $2587 -1 $-1 $2588 -0.25 $2589 0.75 $2310 $2590 forward @7 unknown #
coedge $-1 -1 $-1 $2312 $2311 $2432 $2567 forward $2045 $-1 #
coedge $-1 -1 $-1 $2591 $2345 $2311 $2449 forward $102 $-1 #
edge $2592 -1 $-1 $2569 -14.41360215053763127 $2457 -14.41349462365591094 $2311 $277 forward @7 unknown #
coedge $-1 -1 $-1 $2342 $2593 $2312 $2451 forward $264 $-1 #
edge $2594 -1 $-1 $2456 14.41349462365591094 $2595 14.41360215053763127 $2312 $352 forward @7 unknown #
coedge $-1 -1 $-1 $2596 $2313 $2593 $2597 reversed $2454 $-1 #
coedge $-1 -1 $-1 $2313 $2596 $2591 $2598 forward $2454 $-1 #
loop $-1 -1 $-1 $-1 $2453 $2599 #
color-adesk-attrib $-1 -1 $-1 $-1 $2314 256 #
vertex $-1 -1 $-1 $2451 $2600 #
vertex $-1 -1 $-1 $2598 $2601 #
straight-curve $-1 -1 $-1 0.3000000000000000444 14.41349462365591094 -0.25 0 0 -1 I I #
coedge $-1 -1 $-1 $2602 $2603 $2315 $2460 reversed $2563 $-1 #
edge $2604 -1 $-1 $2464 -0.75 $2468 0.25 $2315 $2605 forward @7 unknown #
coedge $-1 -1 $-1 $2593 $2316 $2321 $2471 forward $264 $-1 #
coedge $-1 -1 $-1 $2316 $2606 $2602 $2607 forward $264 $-1 #
color-adesk-attrib $-1 -1 $-1 $-1 $2317 256 #
vertex $-1 -1 $-1 $2317 $2608 #
coedge $-1 -1 $-1 $2609 $2318 $2603 $2610 reversed $102 $-1 #
coedge $-1 -1 $-1 $2318 $2591 $2320 $2470 reversed $102 $-1 #
color-adesk-attrib $-1 -1 $-1 $-1 $2319 256 #
vertex $-1 -1 $-1 $2610 $2611 #
coedge $-1 -1 $-1 $2321 $2320 $2596 $2612 forward $2322 $-1 #
edge $2613 -1 $-1 $2324 0 $2614 0.4395781772224937045 $2320 $2615 forward @7 unknown #
edge $2616 -1 $-1 $2325 0 $2617 0.4395781772224937045 $2321 $2618 forward @7 unknown #
face $2619 -1 $-1 $2599 $2322 $8 $-1 $2620 forward single #
point $-1 -1 $-1 0.3000000000000020428 13.98349462365591123 -0.5 #
point $-1 -1 $-1 0.3000000000000020428 13.98349462365591123 0.5 #
point $-1 -1 $-1 0.3000000000000021538 15.27381720430107137 0.5 #
color-adesk-attrib $-1 -1 $-1 $-1 $2333 256 #
straight-curve $-1 -1 $-1 0.4965802347046178733 15.23688290287313052 0.5 -0.9829011735230788194 0.1841338727311042645 0 I I #
color-adesk-attrib $-1 -1 $-1 $-1 $2334 256 #
straight-curve $-1 -1 $-1 0.4965802347046178733 15.23688290287313052 -0.5 -0.9829011735230788194 0.1841338727311042645 0 F 0 F 0.2000000000000000111 #
color-adesk-attrib $-1 -1 $-1 $-1 $2335 256 #
plane-surface $-1 -1 $-1 0.4965802347046178733 15.23688290287313052 -0.5 0.1841338727311042645 0.9829011735230788194 0 -0.9829011735230788194 0.1841338727311042645 0 forward_v I I I I #
coedge $-1 -1 $-1 $2339 $2338 $2431 $2566 reversed $2299 $-1 #
coedge $-1 -1 $-1 $2432 $2431 $2342 $2484 reversed $2165 $-1 #
edge $2621 -1 $-1 $2595 0 $2486 0.4395781772224937045 $2483 $2622 forward @7 unknown #
color-adesk-attrib $-1 -1 $-1 $-1 $2343 256 #
vertex $-1 -1 $-1 $2566 $2623 #
straight-curve $-1 -1 $-1 0.4965802347046178733 14.80677537599141047 0.5 -0.9829011735230788194 0.1841338727311042645 0 I I #
color-adesk-attrib $-1 -1 $-1 $-1 $2346 256 #
vertex $-1 -1 $-1 $2346 $2624 #
straight-curve $-1 -1 $-1 0.4965802347046178733 14.80677537599141047 -0.5 -0.9829011735230788194 0.1841338727311042645 0 F 0 F 0.2000000000000000111 #
color-adesk-attrib $-1 -1 $-1 $-1 $2348 256 #
straight-curve $-1 -1 $-1 0.4965802347046178733 15.23688290287313052 -0.5 0 0 1 I I #
point $-1 -1 $-1 0.4965802347046178733 15.23688290287313052 -0.5 #
point $-1 -1 $-1 0.4965802347046178733 15.23688290287313052 0.5 #
color-adesk-attrib $-1 -1 $-1 $-1 $2362 256 #
face $2625 -1 $-1 $2626 $2627 $8 $-1 $2628 forward single #
loop $-1 -1 $-1 $-1 $2629 $2362 #
plane-surface $-1 -1 $-1 0.300000000000000655 -9.242311827956992687 -0.5 0.894432994690665617 -0.4472019879301609713 0 0.4472019879301609713 0.894432994690665617 0 forward_v I I I I #
coedge $-1 -1 $-1 $2630 $2631 $2632 $2633 forward $2363 $-1 #
coedge $-1 -1 $-1 $2634 $2365 $2631 $2635 forward $2233 $-1 #
coedge $-1 -1 $-1 $2365 $2634 $2636 $2637 reversed $2233 $-1 #
coedge $-1 -1 $-1 $2638 $2632 $2365 $2503 reversed $102 $-1 #
edge $2639 -1 $-1 $2640 0 $2641 0.4395781772224937045 $2365 $2642 forward @7 unknown #
coedge $-1 -1 $-1 $2367 $2366 $2643 $2644 reversed $2099 $-1 #
coedge $-1 -1 $-1 $2645 $2646 $2366 $2506 forward $2647 $-1 #
edge $2648 -1 $-1 $2649 -0.75 $2509 0.25 $2505 $2650 forward @7 unknown #
coedge $-1 -1 $-1 $2368 $2651 $2645 $2652 forward $102 $-1 #
color-adesk-attrib $-1 -1 $-1 $-1 $2369 256 #
vertex $-1 -1 $-1 $2369 $2653 #
straight-curve $-1 -1 $-1 0.496580234704616319 -10.56956871003009368 -0.5 -0.9829011735230788194 0.1841338727311042645 0 F 0 F 0.2000000000000000111 #
coedge $-1 -1 $-1 $2643 $2654 $2370 $2512 forward $264 $-1 #
edge $2655 -1 $-1 $2520 0 $2514 0.4395781772224937045 $2370 $2656 forward @7 unknown #
color-adesk-attrib $-1 -1 $-1 $-1 $2371 256 #
vertex $-1 -1 $-1 $2371 $2657 #
straight-curve $-1 -1 $-1 0.496580234704616319 -10.56956871003009368 -0.5 0 0 1 I I #
coedge $-1 -1 $-1 $2658 $2372 $2654 $2659 reversed $2518 $-1 #
coedge $-1 -1 $-1 $2372 $2658 $2374 $2523 reversed $2518 $-1 #
loop $-1 -1 $-1 $-1 $2372 $2660 #
color-adesk-attrib $-1 -1 $-1 $-1 $2373 256 #
vertex $-1 -1 $-1 $2512 $2661 #
straight-curve $-1 -1 $-1 0.2999999999999998224 -10.96274193548387643 -0.25 0 0 1 I I #
coedge $-1 -1 $-1 $2387 $2374 $2662 $2663 reversed $102 $-1 #
edge $2664 -1 $-1 $2376 10.96274193548387288 $2665 10.96284946236559321 $2517 $277 forward @7 unknown #
point $-1 -1 $-1 0.300000000000000544 -10.96274193548387288 -0.5 #
point $-1 -1 $-1 0.496580234704616319 -10.56956871003009368 -0.5 #
coedge $-1 -1 $-1 $2666 $2379 $2382 $2530 forward $264 $-1 #
color-adesk-attrib $-1 -1 $-1 $-1 $2380 256 #
straight-curve $-1 -1 $-1 0.4965802347046162635 -11.42978376379353378 0.5 -0.9829011735230788194 0.1841338727311042645 0 I I #
coedge $-1 -1 $-1 $2382 $2381 $2667 $2668 forward $2383 $-1 #
edge $2669 -1 $-1 $2385 -11.39295698924731326 $2670 -11.39284946236559293 $2382 $352 forward @7 unknown #
face $2671 -1 $-1 $2132 $2383 $8 $-1 $354 reversed single #
point $-1 -1 $-1 0.3000000000000004885 -11.39295698924731326 0.5 #
coedge $-1 -1 $-1 $2672 $2667 $2387 $2534 forward $2673 $-1 #
edge $2674 -1 $-1 $2536 0 $2675 0.4395781772224937045 $2533 $2676 forward @7 unknown #
color-adesk-attrib $-1 -1 $-1 $-1 $2388 256 #
vertex $-1 -1 $-1 $2388 $2677 #
coedge $-1 -1 $-1 $2390 $2402 $2678 $2679 forward $264 $-1 #
coedge $-1 -1 $-1 $2678 $2398 $2394 $2539 reversed $2544 $-1 #
edge $2680 -1 $-1 $2541 -0.75 $2401 0.25 $2394 $2681 forward @7 unknown #
color-adesk-attrib $-1 -1 $-1 $-1 $2395 256 #
vertex $-1 -1 $-1 $2395 $2682 #
color-adesk-attrib $-1 -1 $-1 $-1 $2396 256 #
coedge $-1 -1 $-1 $2398 $2678 $2408 $2553 reversed $2544 $-1 #
loop $-1 -1 $-1 $-1 $2398 $2683 #
color-adesk-attrib $-1 -1 $-1 $-1 $2399 256 #
straight-curve $-1 -1 $-1 0.496580234704616208 -11.85989129067525383 -0.5 -0.9829011735230788194 0.1841338727311042645 0 F 0 F 0.2000000000000000111 #
point $-1 -1 $-1 0.3000000000000004885 -11.82306451612903331 -0.5 #
coedge $-1 -1 $-1 $2403 $2408 $2402 $2549 reversed $2409 $-1 #
edge $2684 -1 $-1 $2406 0 $2685 0.4395781772224937045 $2548 $2686 forward @7 unknown #
color-adesk-attrib $-1 -1 $-1 $-1 $2404 256 #
straight-curve $-1 -1 $-1 0.2999999999999998224 -12.2530645161290348 -0.25 0 0 1 I I #
point $-1 -1 $-1 0.3000000000000004885 -12.25306451612903302 0.5 #
edge $2687 -1 $-1 $2411 0 $2685 1 $2543 $2688 forward @7 unknown #
face $2689 -1 $-1 $2683 $2409 $8 $-1 $2690 forward single #
point $-1 -1 $-1 0.496580234704616208 -11.85989129067525383 -0.5 #
color-adesk-attrib $-1 -1 $-1 $-1 $2415 256 #
straight-curve $-1 -1 $-1 0.496580234704616208 -12.72010634443869392 0.5 -0.9829011735230788194 0.1841338727311042645 0 I I #
color-adesk-attrib $-1 -1 $-1 $-1 $2419 256 #
plane-surface $-1 -1 $-1 0.496580234704616208 -12.72010634443869392 -0.5 0.1841338727311042645 0.9829011735230788194 0 -0.9829011735230788194 0.1841338727311042645 0 forward_v I I I I #
point $-1 -1 $-1 0.496580234704616208 -12.72010634443869392 0.5 #
color-adesk-attrib $-1 -1 $-1 $-1 $2428 256 #
face $2691 -1 $-1 $2692 $2693 $8 $-1 $2694 forward single #
loop $-1 -1 $-1 $-1 $2603 $2428 #
plane-surface $-1 -1 $-1 0.4965802347046178178 13.94656032222797037 -0.5 0.1841338727311042645 0.9829011735230788194 0 -0.9829011735230788194 0.1841338727311042645 0 forward_v I I I I #
coedge $-1 -1 $-1 $2695 $2696 $2609 $2697 forward $2429 $-1 #
edge $2698 -1 $-1 $2489 0 $2486 1 $2482 $2699 forward @7 unknown #
edge $2700 -1 $-1 $2569 -0.25 $2595 0.75 $2447 $2701 forward @7 unknown #
color-adesk-attrib $-1 -1 $-1 $-1 $2433 256 #
vertex $-1 -1 $-1 $2449 $2702 #
straight-curve $-1 -1 $-1 0.3000000000000020983 14.41360215053763127 -0.5 0.4472019879301609158 0.894432994690665506 0 F 0 F 0.4395781772224937045 #
color-adesk-attrib $-1 -1 $-1 $-1 $2440 256 #
face $2703 -1 $-1 $2704 $2705 $8 $-1 $354 reversed single #
loop $-1 -1 $-1 $-1 $2706 $2440 #
coedge $-1 -1 $-1 $2707 $2708 $2709 $2710 forward $2441 $-1 #
coedge $-1 -1 $-1 $2711 $2442 $2712 $2713 reversed $2309 $-1 #
coedge $-1 -1 $-1 $2442 $2711 $2714 $2715 reversed $2309 $-1 #
coedge $-1 -1 $-1 $2716 $2717 $2442 $2578 reversed $2718 $-1 #
edge $2719 -1 $-1 $2720 -0.75 $2721 0.25 $2442 $2722 forward @7 unknown #
coedge $-1 -1 $-1 $2444 $2443 $2723 $2724 forward $2177 $-1 #
coedge $-1 -1 $-1 $2725 $2726 $2443 $2581 forward $264 $-1 #
edge $2727 -1 $-1 $2728 13.1231720430107508 $2589 13.12327956989247113 $2443 $352 forward @7 unknown #
coedge $-1 -1 $-1 $2729 $2730 $2444 $2583 forward $102 $-1 #
edge $2731 -1 $-1 $2588 -13.12327956989247113 $2732 -13.1231720430107508 $2444 $277 forward @7 unknown #
coedge $-1 -1 $-1 $2733 $2445 $2730 $2734 forward $2586 $-1 #
coedge $-1 -1 $-1 $2445 $2733 $2725 $2735 reversed $2586 $-1 #
loop $-1 -1 $-1 $-1 $2584 $2736 #
color-adesk-attrib $-1 -1 $-1 $-1 $2446 256 #
vertex $-1 -1 $-1 $2583 $2737 #
vertex $-1 -1 $-1 $2735 $2738 #
straight-curve $-1 -1 $-1 0.2999999999999998224 13.12327956989246758 -0.25 0 0 1 I I #
coedge $-1 -1 $-1 $2466 $2448 $2453 $2598 reversed $102 $-1 #
color-adesk-attrib $-1 -1 $-1 $-1 $2449 256 #
coedge $-1 -1 $-1 $2450 $2461 $2452 $2597 forward $264 $-1 #
color-adesk-attrib $-1 -1 $-1 $-1 $2451 256 #
vertex $-1 -1 $-1 $2484 $2739 #
coedge $-1 -1 $-1 $2453 $2452 $2469 $2612 reversed $2454 $-1 #
edge $2740 -1 $-1 $2617 0 $2456 0.2000000000000000111 $2452 $2741 forward @7 unknown #
edge $2742 -1 $-1 $2614 0 $2457 0.2000000000000000111 $2453 $2743 forward @7 unknown #
face $2744 -1 $-1 $2208 $2454 $8 $-1 $2745 forward single #
point $-1 -1 $-1 0.3000000000000020428 14.41349462365591094 0.5 #
point $-1 -1 $-1 0.3000000000000020428 14.41349462365591094 -0.5 #
coedge $-1 -1 $-1 $2746 $2459 $2462 $2607 reversed $2563 $-1 #
coedge $-1 -1 $-1 $2459 $2746 $2465 $2610 forward $2563 $-1 #
color-adesk-attrib $-1 -1 $-1 $-1 $2460 256 #
straight-curve $-1 -1 $-1 0.3000000000000000444 13.98338709677419267 -0.25 0 0 -1 I I #
coedge $-1 -1 $-1 $2462 $2714 $2747 $2748 forward $264 $-1 #
edge $2749 -1 $-1 $2750 0 $2464 0.2000000000000000111 $2602 $2751 forward @7 unknown #
point $-1 -1 $-1 0.3000000000000020428 13.98338709677419089 0.5 #
coedge $-1 -1 $-1 $2712 $2465 $2565 $2697 reversed $102 $-1 #
edge $2752 -1 $-1 $2753 0 $2468 0.2000000000000000111 $2603 $2754 forward @7 unknown #
point $-1 -1 $-1 0.3000000000000020428 13.98338709677419089 -0.5 #
edge $2755 -1 $-1 $2614 0 $2617 1 $2596 $2756 forward @7 unknown #
color-adesk-attrib $-1 -1 $-1 $-1 $2470 256 #
vertex $-1 -1 $-1 $2598 $2757 #
straight-curve $-1 -1 $-1 0.3000000000000020428 13.98349462365591123 -0.5 0.4472019879301609158 0.894432994690665506 0 F 0 F 0.4395781772224937045 #
color-adesk-attrib $-1 -1 $-1 $-1 $2471 256 #
vertex $-1 -1 $-1 $2612 $2758 #
straight-curve $-1 -1 $-1 0.3000000000000020428 13.98349462365591123 0.5 0.4472019879301609158 0.894432994690665506 0 I I #
color-adesk-attrib $-1 -1 $-1 $-1 $2472 256 #
plane-surface $-1 -1 $-1 0.3000000000000020428 13.98349462365591123 -0.5 0.894432994690665617 -0.4472019879301609713 0 0.4472019879301609713 0.894432994690665617 0 forward_v I I I I #
color-adesk-attrib $-1 -1 $-1 $-1 $2484 256 #
straight-curve $-1 -1 $-1 0.3000000000000020983 14.41360215053763127 0.5 0.4472019879301609158 0.894432994690665506 0 I I #
point $-1 -1 $-1 0.4965802347046178733 14.80677537599141047 0.5 #
point $-1 -1 $-1 0.4965802347046178733 14.80677537599141047 -0.5 #
color-adesk-attrib $-1 -1 $-1 $-1 $2496 256 #
face $2759 -1 $-1 $2760 $2761 $8 $-1 $2762 forward single #
loop $-1 -1 $-1 $-1 $2763 $2496 #
plane-surface $-1 -1 $-1 0.49658023470461643 -8.849138602503213491 -0.5 0.1841338727311042645 0.9829011735230788194 0 -0.9829011735230788194 0.1841338727311042645 0 forward_v I I I I #
coedge $-1 -1 $-1 $2764 $2765 $2766 $2767 forward $2497 $-1 #
coedge $-1 -1 $-1 $2768 $2499 $2769 $2770 reversed $2363 $-1 #
coedge $-1 -1 $-1 $2499 $2768 $2500 $2635 reversed $2363 $-1 #
coedge $-1 -1 $-1 $2502 $2771 $2499 $2633 reversed $102 $-1 #
edge $2772 -1 $-1 $2641 0 $2773 0.2000000000000000111 $2499 $2774 forward @7 unknown #
coedge $-1 -1 $-1 $2501 $2500 $2775 $2776 reversed $2233 $-1 #
edge $2777 -1 $-1 $2641 0 $2778 1 $2631 $2779 forward @7 unknown #
coedge $-1 -1 $-1 $2780 $2781 $2501 $2637 forward $2782 $-1 #
edge $2783 -1 $-1 $2640 -0.25 $2784 0.75 $2636 $2785 forward @7 unknown #
coedge $-1 -1 $-1 $2786 $2502 $2781 $2787 forward $102 $-1 #
color-adesk-attrib $-1 -1 $-1 $-1 $2503 256 #
vertex $-1 -1 $-1 $2787 $2788 #
vertex $-1 -1 $-1 $2633 $2789 #
straight-curve $-1 -1 $-1 0.3000000000000005995 -10.10252688172043278 -0.5 0.4472019879301609158 0.894432994690665506 0 F 0 F 0.4395781772224937045 #
coedge $-1 -1 $-1 $2790 $2511 $2504 $2644 forward $264 $-1 #
edge $2791 -1 $-1 $2514 0 $2649 0.2000000000000000111 $2504 $2792 forward @7 unknown #
coedge $-1 -1 $-1 $2793 $2505 $2507 $2652 reversed $2647 $-1 #
coedge $-1 -1 $-1 $2505 $2793 $2790 $2794 reversed $2647 $-1 #
loop $-1 -1 $-1 $-1 $2505 $2795 #
color-adesk-attrib $-1 -1 $-1 $-1 $2506 256 #
vertex $-1 -1 $-1 $2794 $2796 #
straight-curve $-1 -1 $-1 0.3000000000000000444 -10.53274193548387316 -0.25 0 0 -1 I I #
coedge $-1 -1 $-1 $2507 $2786 $2797 $2798 reversed $102 $-1 #
edge $2799 -1 $-1 $2800 10.53263440860215283 $2509 10.53274193548387316 $2645 $277 forward @7 unknown #
point $-1 -1 $-1 0.300000000000000544 -10.53274193548387316 -0.5 #
coedge $-1 -1 $-1 $2511 $2801 $2516 $2659 forward $264 $-1 #
color-adesk-attrib $-1 -1 $-1 $-1 $2512 256 #
straight-curve $-1 -1 $-1 0.300000000000000544 -10.96274193548387288 0.5 0.4472019879301609158 0.894432994690665506 0 I I #
point $-1 -1 $-1 0.496580234704616319 -10.56956871003009368 0.5 #
coedge $-1 -1 $-1 $2517 $2516 $2802 $2803 forward $2518 $-1 #
edge $2804 -1 $-1 $2805 -10.96284946236559321 $2520 -10.96274193548387288 $2516 $352 forward @7 unknown #
face $2806 -1 $-1 $2795 $2518 $8 $-1 $354 reversed single #
point $-1 -1 $-1 0.300000000000000544 -10.96274193548387288 0.5 #
coedge $-1 -1 $-1 $2802 $2807 $2522 $2663 forward $2808 $-1 #
edge $2809 -1 $-1 $2675 0 $2665 0.2000000000000000111 $2662 $2810 forward @7 unknown #
color-adesk-attrib $-1 -1 $-1 $-1 $2523 256 #
vertex $-1 -1 $-1 $2663 $2811 #
coedge $-1 -1 $-1 $2801 $2526 $2812 $2813 forward $264 $-1 #
coedge $-1 -1 $-1 $2533 $2812 $2529 $2668 reversed $2673 $-1 #
edge $2814 -1 $-1 $2536 -0.25 $2670 0.75 $2529 $2815 forward @7 unknown #
color-adesk-attrib $-1 -1 $-1 $-1 $2530 256 #
vertex $-1 -1 $-1 $2813 $2816 #
color-adesk-attrib $-1 -1 $-1 $-1 $2531 256 #
coedge $-1 -1 $-1 $2812 $2533 $2807 $2817 forward $2673 $-1 #
loop $-1 -1 $-1 $-1 $2533 $2818 #
color-adesk-attrib $-1 -1 $-1 $-1 $2534 256 #
vertex $-1 -1 $-1 $2663 $2819 #
straight-curve $-1 -1 $-1 0.3000000000000004885 -11.39284946236559293 -0.5 0.4472019879301609158 0.894432994690665506 0 F 0 F 0.4395781772224937045 #
point $-1 -1 $-1 0.3000000000000004885 -11.39284946236559293 -0.5 #
coedge $-1 -1 $-1 $2543 $2538 $2537 $2679 reversed $2544 $-1 #
edge $2820 -1 $-1 $2685 0 $2541 0.2000000000000000111 $2678 $2821 forward @7 unknown #
color-adesk-attrib $-1 -1 $-1 $-1 $2539 256 #
straight-curve $-1 -1 $-1 0.3000000000000001554 -11.82306451612903331 -0.25 0 0 -1 I I #
point $-1 -1 $-1 0.3000000000000004885 -11.82306451612903331 0.5 #
face $2822 -1 $-1 $2290 $2544 $8 $-1 $2823 forward single #
color-adesk-attrib $-1 -1 $-1 $-1 $2549 256 #
vertex $-1 -1 $-1 $2553 $2824 #
straight-curve $-1 -1 $-1 0.3000000000000004885 -12.25306451612903302 0.5 0.4472019879301609158 0.894432994690665506 0 I I #
color-adesk-attrib $-1 -1 $-1 $-1 $2553 256 #
straight-curve $-1 -1 $-1 0.496580234704616208 -11.85989129067525383 -0.5 0 0 1 I I #
color-adesk-attrib $-1 -1 $-1 $-1 $2554 256 #
plane-surface $-1 -1 $-1 0.3000000000000004885 -12.25306451612903302 -0.5 0.894432994690665617 -0.4472019879301609713 0 0.4472019879301609713 0.894432994690665617 0 forward_v I I I I #
color-adesk-attrib $-1 -1 $-1 $-1 $2562 256 #
face $2825 -1 $-1 $2826 $2827 $8 $-1 $2828 forward single #
loop $-1 -1 $-1 $-1 $2829 $2562 #
plane-surface $-1 -1 $-1 0.3000000000000019873 12.69317204301075108 -0.5 0.894432994690665617 -0.4472019879301609713 0 0.4472019879301609713 0.894432994690665617 0 forward_v I I I I #
coedge $-1 -1 $-1 $2747 $2565 $2746 $2830 forward $2429 $-1 #
coedge $-1 -1 $-1 $2565 $2747 $2711 $2831 reversed $2429 $-1 #
edge $2832 -1 $-1 $2833 0 $2753 0.4395781772224937045 $2565 $2834 forward @7 unknown #
color-adesk-attrib $-1 -1 $-1 $-1 $2566 256 #
straight-curve $-1 -1 $-1 0.4965802347046178733 14.80677537599141047 -0.5 0 0 1 I I #
color-adesk-attrib $-1 -1 $-1 $-1 $2567 256 #
straight-curve $-1 -1 $-1 0.2999999999999998224 14.41360215053762772 -0.25 0 0 1 I I #
point $-1 -1 $-1 0.3000000000000020983 14.41360215053763127 -0.5 #
color-adesk-attrib $-1 -1 $-1 $-1 $2572 256 #
face $2835 -1 $-1 $2836 $2837 $8 $-1 $354 reversed single #
loop $-1 -1 $-1 $-1 $2838 $2572 #
coedge $-1 -1 $-1 $2839 $2840 $2841 $2842 forward $2573 $-1 #
coedge $-1 -1 $-1 $2843 $2574 $2844 $2845 reversed $2441 $-1 #
coedge $-1 -1 $-1 $2574 $2843 $2846 $2847 reversed $2441 $-1 #
coedge $-1 -1 $-1 $2848 $2849 $2574 $2710 reversed $2850 $-1 #
edge $2851 -1 $-1 $2852 -0.25 $2853 0.75 $2574 $2854 forward @7 unknown #
coedge $-1 -1 $-1 $2576 $2575 $2696 $2831 forward $2309 $-1 #
coedge $-1 -1 $-1 $2855 $2609 $2575 $2713 forward $102 $-1 #
edge $2856 -1 $-1 $2833 -13.55338709677419118 $2721 -13.55327956989247085 $2575 $277 forward @7 unknown #
coedge $-1 -1 $-1 $2606 $2857 $2576 $2715 forward $264 $-1 #
edge $2858 -1 $-1 $2720 13.55327956989247085 $2859 13.55338709677419118 $2576 $352 forward @7 unknown #
coedge $-1 -1 $-1 $2860 $2577 $2857 $2861 reversed $2718 $-1 #
coedge $-1 -1 $-1 $2577 $2860 $2855 $2862 forward $2718 $-1 #
loop $-1 -1 $-1 $-1 $2717 $2863 #
color-adesk-attrib $-1 -1 $-1 $-1 $2578 256 #
vertex $-1 -1 $-1 $2715 $2864 #
vertex $-1 -1 $-1 $2862 $2865 #
straight-curve $-1 -1 $-1 0.2999999999999998224 13.55327956989247262 -0.25 0 0 -1 I I #
coedge $-1 -1 $-1 $2866 $2867 $2579 $2724 reversed $2827 $-1 #
edge $2868 -1 $-1 $2728 -0.75 $2732 0.25 $2579 $2869 forward @7 unknown #
coedge $-1 -1 $-1 $2857 $2580 $2585 $2735 forward $264 $-1 #
coedge $-1 -1 $-1 $2580 $2870 $2866 $2871 forward $264 $-1 #
color-adesk-attrib $-1 -1 $-1 $-1 $2581 256 #
vertex $-1 -1 $-1 $2581 $2872 #
coedge $-1 -1 $-1 $2873 $2582 $2867 $2874 reversed $102 $-1 #
coedge $-1 -1 $-1 $2582 $2855 $2584 $2734 reversed $102 $-1 #
color-adesk-attrib $-1 -1 $-1 $-1 $2583 256 #
vertex $-1 -1 $-1 $2874 $2875 #
coedge $-1 -1 $-1 $2585 $2584 $2860 $2876 forward $2586 $-1 #
edge $2877 -1 $-1 $2588 0 $2878 0.4395781772224937045 $2584 $2879 forward @7 unknown #
edge $2880 -1 $-1 $2589 0 $2881 0.4395781772224937045 $2585 $2882 forward @7 unknown #
face $2883 -1 $-1 $2863 $2586 $8 $-1 $2884 forward single #
point $-1 -1 $-1 0.3000000000000020428 13.12327956989247113 -0.5 #
point $-1 -1 $-1 0.3000000000000020428 13.12327956989247113 0.5 #
point $-1 -1 $-1 0.3000000000000020983 14.41360215053763127 0.5 #
color-adesk-attrib $-1 -1 $-1 $-1 $2597 256 #
straight-curve $-1 -1 $-1 0.4965802347046178733 14.37666784910969042 0.5 -0.9829011735230788194 0.1841338727311042645 0 I I #
color-adesk-attrib $-1 -1 $-1 $-1 $2598 256 #
straight-curve $-1 -1 $-1 0.4965802347046178733 14.37666784910969042 -0.5 -0.9829011735230788194 0.1841338727311042645 0 F 0 F 0.2000000000000000111 #
color-adesk-attrib $-1 -1 $-1 $-1 $2599 256 #
plane-surface $-1 -1 $-1 0.4965802347046178733 14.37666784910969042 -0.5 0.1841338727311042645 0.9829011735230788194 0 -0.9829011735230788194 0.1841338727311042645 0 forward_v I I I I #
coedge $-1 -1 $-1 $2603 $2602 $2695 $2830 reversed $2563 $-1 #
coedge $-1 -1 $-1 $2696 $2695 $2606 $2748 reversed $2429 $-1 #
edge $2885 -1 $-1 $2859 0 $2750 0.4395781772224937045 $2747 $2886 forward @7 unknown #
color-adesk-attrib $-1 -1 $-1 $-1 $2607 256 #
vertex $-1 -1 $-1 $2830 $2887 #
straight-curve $-1 -1 $-1 0.4965802347046178178 13.94656032222797037 0.5 -0.9829011735230788194 0.1841338727311042645 0 I I #
color-adesk-attrib $-1 -1 $-1 $-1 $2610 256 #
vertex $-1 -1 $-1 $2610 $2888 #
straight-curve $-1 -1 $-1 0.4965802347046178178 13.94656032222797037 -0.5 -0.9829011735230788194 0.1841338727311042645 0 F 0 F 0.2000000000000000111 #
color-adesk-attrib $-1 -1 $-1 $-1 $2612 256 #
straight-curve $-1 -1 $-1 0.4965802347046178733 14.37666784910969042 -0.5 0 0 1 I I #
point $-1 -1 $-1 0.4965802347046178733 14.37666784910969042 -0.5 #
point $-1 -1 $-1 0.4965802347046178733 14.37666784910969042 0.5 #
color-adesk-attrib $-1 -1 $-1 $-1 $2626 256 #
face $2889 -1 $-1 $2890 $2891 $8 $-1 $2892 forward single #
loop $-1 -1 $-1 $-1 $2893 $2626 #
plane-surface $-1 -1 $-1 0.3000000000000007105 -8.382096774193549038 -0.5 0.894432994690665617 -0.4472019879301609713 0 0.4472019879301609713 0.894432994690665617 0 forward_v I I I I #
coedge $-1 -1 $-1 $2894 $2895 $2896 $2897 forward $2627 $-1 #
coedge $-1 -1 $-1 $2898 $2629 $2895 $2899 forward $2497 $-1 #
coedge $-1 -1 $-1 $2629 $2898 $2900 $2901 reversed $2497 $-1 #
coedge $-1 -1 $-1 $2902 $2896 $2629 $2767 reversed $102 $-1 #
edge $2903 -1 $-1 $2904 0 $2905 0.4395781772224937045 $2629 $2906 forward @7 unknown #
coedge $-1 -1 $-1 $2631 $2630 $2907 $2908 reversed $2363 $-1 #
coedge $-1 -1 $-1 $2909 $2910 $2630 $2770 forward $2911 $-1 #
edge $2912 -1 $-1 $2913 -0.75 $2773 0.25 $2769 $2914 forward @7 unknown #
coedge $-1 -1 $-1 $2632 $2915 $2909 $2916 forward $102 $-1 #
color-adesk-attrib $-1 -1 $-1 $-1 $2633 256 #
vertex $-1 -1 $-1 $2633 $2917 #
straight-curve $-1 -1 $-1 0.4965802347046163745 -9.709353656266653587 -0.5 -0.9829011735230788194 0.1841338727311042645 0 F 0 F 0.2000000000000000111 #
coedge $-1 -1 $-1 $2907 $2918 $2634 $2776 forward $264 $-1 #
edge $2919 -1 $-1 $2784 0 $2778 0.4395781772224937045 $2634 $2920 forward @7 unknown #
color-adesk-attrib $-1 -1 $-1 $-1 $2635 256 #
vertex $-1 -1 $-1 $2635 $2921 #
straight-curve $-1 -1 $-1 0.4965802347046163745 -9.709353656266653587 -0.5 0 0 1 I I #
coedge $-1 -1 $-1 $2922 $2636 $2918 $2923 reversed $2782 $-1 #
coedge $-1 -1 $-1 $2636 $2922 $2638 $2787 reversed $2782 $-1 #
loop $-1 -1 $-1 $-1 $2636 $2924 #
color-adesk-attrib $-1 -1 $-1 $-1 $2637 256 #
vertex $-1 -1 $-1 $2776 $2925 #
straight-curve $-1 -1 $-1 0.2999999999999998224 -10.10252688172043456 -0.25 0 0 1 I I #
coedge $-1 -1 $-1 $2651 $2638 $2926 $2927 reversed $102 $-1 #
edge $2928 -1 $-1 $2640 10.10252688172043278 $2929 10.10263440860215312 $2781 $277 forward @7 unknown #
point $-1 -1 $-1 0.3000000000000005995 -10.10252688172043278 -0.5 #
point $-1 -1 $-1 0.4965802347046163745 -9.709353656266653587 -0.5 #
coedge $-1 -1 $-1 $2930 $2643 $2646 $2794 forward $264 $-1 #
color-adesk-attrib $-1 -1 $-1 $-1 $2644 256 #
straight-curve $-1 -1 $-1 0.496580234704616319 -10.56956871003009368 0.5 -0.9829011735230788194 0.1841338727311042645 0 I I #
coedge $-1 -1 $-1 $2646 $2645 $2931 $2932 forward $2647 $-1 #
edge $2933 -1 $-1 $2649 -10.53274193548387316 $2934 -10.53263440860215283 $2646 $352 forward @7 unknown #
face $2935 -1 $-1 $2396 $2647 $8 $-1 $354 reversed single #
point $-1 -1 $-1 0.300000000000000544 -10.53274193548387316 0.5 #
coedge $-1 -1 $-1 $2936 $2931 $2651 $2798 forward $2937 $-1 #
edge $2938 -1 $-1 $2800 0 $2939 0.4395781772224937045 $2797 $2940 forward @7 unknown #
color-adesk-attrib $-1 -1 $-1 $-1 $2652 256 #
vertex $-1 -1 $-1 $2652 $2941 #
coedge $-1 -1 $-1 $2654 $2666 $2942 $2943 forward $264 $-1 #
coedge $-1 -1 $-1 $2942 $2662 $2658 $2803 reversed $2808 $-1 #
edge $2944 -1 $-1 $2805 -0.75 $2665 0.25 $2658 $2945 forward @7 unknown #
color-adesk-attrib $-1 -1 $-1 $-1 $2659 256 #
vertex $-1 -1 $-1 $2659 $2946 #
color-adesk-attrib $-1 -1 $-1 $-1 $2660 256 #
coedge $-1 -1 $-1 $2662 $2942 $2672 $2817 reversed $2808 $-1 #
loop $-1 -1 $-1 $-1 $2662 $2947 #
color-adesk-attrib $-1 -1 $-1 $-1 $2663 256 #
straight-curve $-1 -1 $-1 0.496580234704616319 -10.99967623691181373 -0.5 -0.9829011735230788194 0.1841338727311042645 0 F 0 F 0.2000000000000000111 #
point $-1 -1 $-1 0.3000000000000004885 -10.96284946236559321 -0.5 #
coedge $-1 -1 $-1 $2667 $2672 $2666 $2813 reversed $2673 $-1 #
edge $2948 -1 $-1 $2670 0 $2949 0.4395781772224937045 $2812 $2950 forward @7 unknown #
color-adesk-attrib $-1 -1 $-1 $-1 $2668 256 #
straight-curve $-1 -1 $-1 0.2999999999999998224 -11.39284946236559648 -0.25 0 0 1 I I #
point $-1 -1 $-1 0.3000000000000004885 -11.39284946236559293 0.5 #
edge $2951 -1 $-1 $2675 0 $2949 1 $2807 $2952 forward @7 unknown #
face $2953 -1 $-1 $2947 $2673 $8 $-1 $2954 forward single #
point $-1 -1 $-1 0.496580234704616319 -10.99967623691181373 -0.5 #
color-adesk-attrib $-1 -1 $-1 $-1 $2679 256 #
straight-curve $-1 -1 $-1 0.496580234704616208 -11.85989129067525383 0.5 -0.9829011735230788194 0.1841338727311042645 0 I I #
color-adesk-attrib $-1 -1 $-1 $-1 $2683 256 #
plane-surface $-1 -1 $-1 0.496580234704616208 -11.85989129067525383 -0.5 0.1841338727311042645 0.9829011735230788194 0 -0.9829011735230788194 0.1841338727311042645 0 forward_v I I I I #
point $-1 -1 $-1 0.496580234704616208 -11.85989129067525383 0.5 #
color-adesk-attrib $-1 -1 $-1 $-1 $2692 256 #
face $2955 -1 $-1 $2956 $2957 $8 $-1 $2958 forward single #
loop $-1 -1 $-1 $-1 $2867 $2692 #
plane-surface $-1 -1 $-1 0.4965802347046177623 13.08634526846453028 -0.5 0.1841338727311042645 0.9829011735230788194 0 -0.9829011735230788194 0.1841338727311042645 0 forward_v I I I I #
coedge $-1 -1 $-1 $2959 $2960 $2873 $2961 forward $2693 $-1 #
edge $2962 -1 $-1 $2753 0 $2750 1 $2746 $2963 forward @7 unknown #
edge $2964 -1 $-1 $2833 -0.25 $2859 0.75 $2711 $2965 forward @7 unknown #
color-adesk-attrib $-1 -1 $-1 $-1 $2697 256 #
vertex $-1 -1 $-1 $2713 $2966 #
straight-curve $-1 -1 $-1 0.3000000000000020428 13.55338709677419118 -0.5 0.4472019879301609158 0.894432994690665506 0 F 0 F 0.4395781772224937045 #
color-adesk-attrib $-1 -1 $-1 $-1 $2704 256 #
face $2967 -1 $-1 $2968 $2969 $8 $-1 $354 reversed single #
loop $-1 -1 $-1 $-1 $2970 $2704 #
coedge $-1 -1 $-1 $2971 $2972 $2973 $2974 forward $2705 $-1 #
coedge $-1 -1 $-1 $2975 $2706 $2976 $2977 reversed $2573 $-1 #
coedge $-1 -1 $-1 $2706 $2975 $2978 $2979 reversed $2573 $-1 #
coedge $-1 -1 $-1 $2980 $2981 $2706 $2842 reversed $2982 $-1 #
edge $2983 -1 $-1 $2984 -0.75 $2985 0.25 $2706 $2986 forward @7 unknown #
coedge $-1 -1 $-1 $2708 $2707 $2987 $2988 forward $2441 $-1 #
coedge $-1 -1 $-1 $2989 $2990 $2707 $2845 forward $264 $-1 #
edge $2991 -1 $-1 $2992 12.26295698924731425 $2853 12.26306451612903103 $2707 $352 forward @7 unknown #
coedge $-1 -1 $-1 $2993 $2994 $2708 $2847 forward $102 $-1 #
edge $2995 -1 $-1 $2852 -12.26306451612903103 $2996 -12.26295698924731425 $2708 $277 forward @7 unknown #
coedge $-1 -1 $-1 $2997 $2709 $2994 $2998 forward $2850 $-1 #
coedge $-1 -1 $-1 $2709 $2997 $2989 $2999 reversed $2850 $-1 #
loop $-1 -1 $-1 $-1 $2848 $3000 #
color-adesk-attrib $-1 -1 $-1 $-1 $2710 256 #
vertex $-1 -1 $-1 $2847 $3001 #
vertex $-1 -1 $-1 $2999 $3002 #
straight-curve $-1 -1 $-1 0.2999999999999998224 12.26306451612902571 -0.25 0 0 1 I I #
coedge $-1 -1 $-1 $2730 $2712 $2717 $2862 reversed $102 $-1 #
color-adesk-attrib $-1 -1 $-1 $-1 $2713 256 #
coedge $-1 -1 $-1 $2714 $2725 $2716 $2861 forward $264 $-1 #
color-adesk-attrib $-1 -1 $-1 $-1 $2715 256 #
vertex $-1 -1 $-1 $2748 $3003 #
coedge $-1 -1 $-1 $2717 $2716 $2733 $2876 reversed $2718 $-1 #
edge $3004 -1 $-1 $2881 0 $2720 0.2000000000000000111 $2716 $3005 forward @7 unknown #
edge $3006 -1 $-1 $2878 0 $2721 0.2000000000000000111 $2717 $3007 forward @7 unknown #
face $3008 -1 $-1 $2472 $2718 $8 $-1 $3009 forward single #
point $-1 -1 $-1 0.3000000000000020428 13.55327956989247085 0.5 #
point $-1 -1 $-1 0.3000000000000020428 13.55327956989247085 -0.5 #
coedge $-1 -1 $-1 $3010 $2723 $2726 $2871 reversed $2827 $-1 #
coedge $-1 -1 $-1 $2723 $3010 $2729 $2874 forward $2827 $-1 #
color-adesk-attrib $-1 -1 $-1 $-1 $2724 256 #
straight-curve $-1 -1 $-1 0.3000000000000000444 13.1231720430107508 -0.25 0 0 -1 I I #
coedge $-1 -1 $-1 $2726 $2978 $3011 $3012 forward $264 $-1 #
edge $3013 -1 $-1 $3014 0 $2728 0.2000000000000000111 $2866 $3015 forward @7 unknown #
point $-1 -1 $-1 0.3000000000000019873 13.1231720430107508 0.5 #
coedge $-1 -1 $-1 $2976 $2729 $2829 $2961 reversed $102 $-1 #
edge $3016 -1 $-1 $3017 0 $2732 0.2000000000000000111 $2867 $3018 forward @7 unknown #
point $-1 -1 $-1 0.3000000000000019873 13.1231720430107508 -0.5 #
edge $3019 -1 $-1 $2878 0 $2881 1 $2860 $3020 forward @7 unknown #
color-adesk-attrib $-1 -1 $-1 $-1 $2734 256 #
vertex $-1 -1 $-1 $2862 $3021 #
straight-curve $-1 -1 $-1 0.3000000000000020428 13.12327956989247113 -0.5 0.4472019879301609158 0.894432994690665506 0 F 0 F 0.4395781772224937045 #
color-adesk-attrib $-1 -1 $-1 $-1 $2735 256 #
vertex $-1 -1 $-1 $2876 $3022 #
straight-curve $-1 -1 $-1 0.3000000000000020428 13.12327956989247113 0.5 0.4472019879301609158 0.894432994690665506 0 I I #
color-adesk-attrib $-1 -1 $-1 $-1 $2736 256 #
plane-surface $-1 -1 $-1 0.3000000000000020428 13.12327956989247113 -0.5 0.894432994690665617 -0.4472019879301609713 0 0.4472019879301609713 0.894432994690665617 0 forward_v I I I I #
color-adesk-attrib $-1 -1 $-1 $-1 $2748 256 #
straight-curve $-1 -1 $-1 0.3000000000000020428 13.55338709677419118 0.5 0.4472019879301609158 0.894432994690665506 0 I I #
point $-1 -1 $-1 0.4965802347046178178 13.94656032222797037 0.5 #
point $-1 -1 $-1 0.4965802347046178178 13.94656032222797037 -0.5 #
color-adesk-attrib $-1 -1 $-1 $-1 $2760 256 #
face $3023 -1 $-1 $3024 $3025 $8 $-1 $3026 forward single #
loop $-1 -1 $-1 $-1 $3027 $2760 #
plane-surface $-1 -1 $-1 0.4965802347046164855 -7.988923548739769842 -0.5 0.1841338727311042645 0.9829011735230788194 0 -0.9829011735230788194 0.1841338727311042645 0 forward_v I I I I #
coedge $-1 -1 $-1 $3028 $3029 $3030 $3031 forward $2761 $-1 #
coedge $-1 -1 $-1 $3032 $2763 $3033 $3034 reversed $2627 $-1 #
coedge $-1 -1 $-1 $2763 $3032 $2764 $2899 reversed $2627 $-1 #
coedge $-1 -1 $-1 $2766 $3035 $2763 $2897 reversed $102 $-1 #
edge $3036 -1 $-1 $2905 0 $3037 0.2000000000000000111 $2763 $3038 forward @7 unknown #
coedge $-1 -1 $-1 $2765 $2764 $3039 $3040 reversed $2497 $-1 #
edge $3041 -1 $-1 $2905 0 $3042 1 $2895 $3043 forward @7 unknown #
coedge $-1 -1 $-1 $3044 $3045 $2765 $2901 forward $3046 $-1 #
edge $3047 -1 $-1 $2904 -0.25 $3048 0.75 $2900 $3049 forward @7 unknown #
coedge $-1 -1 $-1 $3050 $2766 $3045 $3051 forward $102 $-1 #
color-adesk-attrib $-1 -1 $-1 $-1 $2767 256 #
vertex $-1 -1 $-1 $3051 $3052 #
vertex $-1 -1 $-1 $2897 $3053 #
straight-curve $-1 -1 $-1 0.300000000000000655 -9.242311827956992687 -0.5 0.4472019879301609158 0.894432994690665506 0 F 0 F 0.4395781772224937045 #
coedge $-1 -1 $-1 $3054 $2775 $2768 $2908 forward $264 $-1 #
edge $3055 -1 $-1 $2778 0 $2913 0.2000000000000000111 $2768 $3056 forward @7 unknown #
coedge $-1 -1 $-1 $3057 $2769 $2771 $2916 reversed $2911 $-1 #
coedge $-1 -1 $-1 $2769 $3057 $3054 $3058 reversed $2911 $-1 #
loop $-1 -1 $-1 $-1 $2769 $3059 #
color-adesk-attrib $-1 -1 $-1 $-1 $2770 256 #
vertex $-1 -1 $-1 $3058 $3060 #
straight-curve $-1 -1 $-1 0.3000000000000000999 -9.672526881720433067 -0.25 0 0 -1 I I #
coedge $-1 -1 $-1 $2771 $3050 $3061 $3062 reversed $102 $-1 #
edge $3063 -1 $-1 $3064 9.672419354838712735 $2773 9.672526881720433067 $2909 $277 forward @7 unknown #
point $-1 -1 $-1 0.3000000000000005995 -9.672526881720433067 -0.5 #
coedge $-1 -1 $-1 $2775 $3065 $2780 $2923 forward $264 $-1 #
color-adesk-attrib $-1 -1 $-1 $-1 $2776 256 #
straight-curve $-1 -1 $-1 0.3000000000000005995 -10.10252688172043278 0.5 0.4472019879301609158 0.894432994690665506 0 I I #
point $-1 -1 $-1 0.4965802347046163745 -9.709353656266653587 0.5 #
coedge $-1 -1 $-1 $2781 $2780 $3066 $3067 forward $2782 $-1 #
edge $3068 -1 $-1 $3069 -10.10263440860215312 $2784 -10.10252688172043278 $2780 $352 forward @7 unknown #
face $3070 -1 $-1 $3059 $2782 $8 $-1 $354 reversed single #
point $-1 -1 $-1 0.3000000000000005995 -10.10252688172043278 0.5 #
coedge $-1 -1 $-1 $3066 $3071 $2786 $2927 forward $3072 $-1 #
edge $3073 -1 $-1 $2939 0 $2929 0.2000000000000000111 $2926 $3074 forward @7 unknown #
color-adesk-attrib $-1 -1 $-1 $-1 $2787 256 #
vertex $-1 -1 $-1 $2927 $3075 #
coedge $-1 -1 $-1 $3065 $2790 $3076 $3077 forward $264 $-1 #
coedge $-1 -1 $-1 $2797 $3076 $2793 $2932 reversed $2937 $-1 #
edge $3078 -1 $-1 $2800 -0.25 $2934 0.75 $2793 $3079 forward @7 unknown #
color-adesk-attrib $-1 -1 $-1 $-1 $2794 256 #
vertex $-1 -1 $-1 $3077 $3080 #
color-adesk-attrib $-1 -1 $-1 $-1 $2795 256 #
coedge $-1 -1 $-1 $3076 $2797 $3071 $3081 forward $2937 $-1 #
loop $-1 -1 $-1 $-1 $2797 $3082 #
color-adesk-attrib $-1 -1 $-1 $-1 $2798 256 #
vertex $-1 -1 $-1 $2927 $3083 #
straight-curve $-1 -1 $-1 0.3000000000000005995 -10.53263440860215283 -0.5 0.4472019879301609158 0.894432994690665506 0 F 0 F 0.4395781772224937045 #
point $-1 -1 $-1 0.3000000000000005995 -10.53263440860215283 -0.5 #
coedge $-1 -1 $-1 $2807 $2802 $2801 $2943 reversed $2808 $-1 #
edge $3084 -1 $-1 $2949 0 $2805 0.2000000000000000111 $2942 $3085 forward @7 unknown #
color-adesk-attrib $-1 -1 $-1 $-1 $2803 256 #
straight-curve $-1 -1 $-1 0.3000000000000000444 -10.96284946236559321 -0.25 0 0 -1 I I #
point $-1 -1 $-1 0.3000000000000004885 -10.96284946236559321 0.5 #
face $3086 -1 $-1 $2554 $2808 $8 $-1 $3087 forward single #
color-adesk-attrib $-1 -1 $-1 $-1 $2813 256 #
vertex $-1 -1 $-1 $2817 $3088 #
straight-curve $-1 -1 $-1 0.3000000000000004885 -11.39284946236559293 0.5 0.4472019879301609158 0.894432994690665506 0 I I #
color-adesk-attrib $-1 -1 $-1 $-1 $2817 256 #
straight-curve $-1 -1 $-1 0.496580234704616319 -10.99967623691181373 -0.5 0 0 1 I I #
color-adesk-attrib $-1 -1 $-1 $-1 $2818 256 #
plane-surface $-1 -1 $-1 0.3000000000000004885 -11.39284946236559293 -0.5 0.894432994690665617 -0.4472019879301609713 0 0.4472019879301609713 0.894432994690665617 0 forward_v I I I I #
color-adesk-attrib $-1 -1 $-1 $-1 $2826 256 #
face $3089 -1 $-1 $3090 $3091 $8 $-1 $3092 forward single #
loop $-1 -1 $-1 $-1 $3093 $2826 #
plane-surface $-1 -1 $-1 0.3000000000000019318 11.83295698924731454 -0.5 0.894432994690665617 -0.4472019879301609713 0 0.4472019879301609713 0.894432994690665617 0 forward_v I I I I #
coedge $-1 -1 $-1 $3011 $2829 $3010 $3094 forward $2693 $-1 #
coedge $-1 -1 $-1 $2829 $3011 $2975 $3095 reversed $2693 $-1 #
edge $3096 -1 $-1 $3097 0 $3017 0.4395781772224937045 $2829 $3098 forward @7 unknown #
color-adesk-attrib $-1 -1 $-1 $-1 $2830 256 #
straight-curve $-1 -1 $-1 0.4965802347046178178 13.94656032222797037 -0.5 0 0 1 I I #
color-adesk-attrib $-1 -1 $-1 $-1 $2831 256 #
straight-curve $-1 -1 $-1 0.2999999999999998224 13.55338709677418763 -0.25 0 0 1 I I #
point $-1 -1 $-1 0.3000000000000020428 13.55338709677419118 -0.5 #
color-adesk-attrib $-1 -1 $-1 $-1 $2836 256 #
face $3099 -1 $-1 $3100 $3101 $8 $-1 $354 reversed single #
loop $-1 -1 $-1 $-1 $3102 $2836 #
coedge $-1 -1 $-1 $3103 $3104 $3105 $3106 forward $2837 $-1 #
coedge $-1 -1 $-1 $3107 $2838 $3108 $3109 reversed $2705 $-1 #
coedge $-1 -1 $-1 $2838 $3107 $3110 $3111 reversed $2705 $-1 #
coedge $-1 -1 $-1 $3112 $3113 $2838 $2974 reversed $3114 $-1 #
edge $3115 -1 $-1 $3116 -0.25 $3117 0.75 $2838 $3118 forward @7 unknown #
coedge $-1 -1 $-1 $2840 $2839 $2960 $3095 forward $2573 $-1 #
coedge $-1 -1 $-1 $3119 $2873 $2839 $2977 forward $102 $-1 #
edge $3120 -1 $-1 $3097 -12.69317204301075108 $2985 -12.69306451612903075 $2839 $277 forward @7 unknown #
coedge $-1 -1 $-1 $2870 $3121 $2840 $2979 forward $264 $-1 #
edge $3122 -1 $-1 $2984 12.69306451612903075 $3123 12.69317204301075108 $2840 $352 forward @7 unknown #
coedge $-1 -1 $-1 $3124 $2841 $3121 $3125 reversed $2982 $-1 #
coedge $-1 -1 $-1 $2841 $3124 $3119 $3126 forward $2982 $-1 #
loop $-1 -1 $-1 $-1 $2981 $3127 #
color-adesk-attrib $-1 -1 $-1 $-1 $2842 256 #
vertex $-1 -1 $-1 $2979 $3128 #
vertex $-1 -1 $-1 $3126 $3129 #
straight-curve $-1 -1 $-1 0.2999999999999998224 12.69306451612903253 -0.25 0 0 -1 I I #
coedge $-1 -1 $-1 $3130 $3131 $2843 $2988 reversed $3091 $-1 #
edge $3132 -1 $-1 $2992 -0.75 $2996 0.25 $2843 $3133 forward @7 unknown #
coedge $-1 -1 $-1 $3121 $2844 $2849 $2999 forward $264 $-1 #
coedge $-1 -1 $-1 $2844 $3134 $3130 $3135 forward $264 $-1 #
color-adesk-attrib $-1 -1 $-1 $-1 $2845 256 #
vertex $-1 -1 $-1 $2845 $3136 #
coedge $-1 -1 $-1 $3137 $2846 $3131 $3138 reversed $102 $-1 #
coedge $-1 -1 $-1 $2846 $3119 $2848 $2998 reversed $102 $-1 #
color-adesk-attrib $-1 -1 $-1 $-1 $2847 256 #
vertex $-1 -1 $-1 $3138 $3139 #
coedge $-1 -1 $-1 $2849 $2848 $3124 $3140 forward $2850 $-1 #
edge $3141 -1 $-1 $2852 0 $3142 0.4395781772224937045 $2848 $3143 forward @7 unknown #
edge $3144 -1 $-1 $2853 0 $3145 0.4395781772224937045 $2849 $3146 forward @7 unknown #
face $3147 -1 $-1 $3127 $2850 $8 $-1 $3148 forward single #
point $-1 -1 $-1 0.3000000000000019318 12.26306451612903103 -0.5 #
point $-1 -1 $-1 0.3000000000000019318 12.26306451612903103 0.5 #
point $-1 -1 $-1 0.3000000000000020428 13.55338709677419118 0.5 #
color-adesk-attrib $-1 -1 $-1 $-1 $2861 256 #
straight-curve $-1 -1 $-1 0.4965802347046177623 13.51645279534625033 0.5 -0.9829011735230788194 0.1841338727311042645 0 I I #
color-adesk-attrib $-1 -1 $-1 $-1 $2862 256 #
straight-curve $-1 -1 $-1 0.4965802347046177623 13.51645279534625033 -0.5 -0.9829011735230788194 0.1841338727311042645 0 F 0 F 0.2000000000000000111 #
color-adesk-attrib $-1 -1 $-1 $-1 $2863 256 #
plane-surface $-1 -1 $-1 0.4965802347046177623 13.51645279534625033 -0.5 0.1841338727311042645 0.9829011735230788194 0 -0.9829011735230788194 0.1841338727311042645 0 forward_v I I I I #
coedge $-1 -1 $-1 $2867 $2866 $2959 $3094 reversed $2827 $-1 #
coedge $-1 -1 $-1 $2960 $2959 $2870 $3012 reversed $2693 $-1 #
edge $3149 -1 $-1 $3123 0 $3014 0.4395781772224937045 $3011 $3150 forward @7 unknown #
color-adesk-attrib $-1 -1 $-1 $-1 $2871 256 #
vertex $-1 -1 $-1 $3094 $3151 #
straight-curve $-1 -1 $-1 0.4965802347046177623 13.08634526846453028 0.5 -0.9829011735230788194 0.1841338727311042645 0 I I #
color-adesk-attrib $-1 -1 $-1 $-1 $2874 256 #
vertex $-1 -1 $-1 $2874 $3152 #
straight-curve $-1 -1 $-1 0.4965802347046177623 13.08634526846453028 -0.5 -0.9829011735230788194 0.1841338727311042645 0 F 0 F 0.2000000000000000111 #
color-adesk-attrib $-1 -1 $-1 $-1 $2876 256 #
straight-curve $-1 -1 $-1 0.4965802347046177623 13.51645279534625033 -0.5 0 0 1 I I #
point $-1 -1 $-1 0.4965802347046177623 13.51645279534625033 -0.5 #
point $-1 -1 $-1 0.4965802347046177623 13.51645279534625033 0.5 #
color-adesk-attrib $-1 -1 $-1 $-1 $2890 256 #
face $3153 -1 $-1 $3154 $3155 $8 $-1 $3156 forward single #
loop $-1 -1 $-1 $-1 $3157 $2890 #
plane-surface $-1 -1 $-1 0.3000000000000007661 -7.521881720430108942 -0.5 0.894432994690665617 -0.4472019879301609713 0 0.4472019879301609713 0.894432994690665617 0 forward_v I I I I #
coedge $-1 -1 $-1 $3158 $3159 $3160 $3161 forward $2891 $-1 #
coedge $-1 -1 $-1 $3162 $2893 $3159 $3163 forward $2761 $-1 #
coedge $-1 -1 $-1 $2893 $3162 $3164 $3165 reversed $2761 $-1 #
coedge $-1 -1 $-1 $3166 $3160 $2893 $3031 reversed $102 $-1 #
edge $3167 -1 $-1 $3168 0 $3169 0.4395781772224937045 $2893 $3170 forward @7 unknown #
coedge $-1 -1 $-1 $2895 $2894 $3171 $3172 reversed $2627 $-1 #
coedge $-1 -1 $-1 $3173 $3174 $2894 $3034 forward $3175 $-1 #
edge $3176 -1 $-1 $3177 -0.75 $3037 0.25 $3033 $3178 forward @7 unknown #
coedge $-1 -1 $-1 $2896 $3179 $3173 $3180 forward $102 $-1 #
color-adesk-attrib $-1 -1 $-1 $-1 $2897 256 #
vertex $-1 -1 $-1 $2897 $3181 #
straight-curve $-1 -1 $-1 0.49658023470461643 -8.849138602503213491 -0.5 -0.9829011735230788194 0.1841338727311042645 0 F 0 F 0.2000000000000000111 #
coedge $-1 -1 $-1 $3171 $3182 $2898 $3040 forward $264 $-1 #
edge $3183 -1 $-1 $3048 0 $3042 0.4395781772224937045 $2898 $3184 forward @7 unknown #
color-adesk-attrib $-1 -1 $-1 $-1 $2899 256 #
vertex $-1 -1 $-1 $2899 $3185 #
straight-curve $-1 -1 $-1 0.49658023470461643 -8.849138602503213491 -0.5 0 0 1 I I #
coedge $-1 -1 $-1 $3186 $2900 $3182 $3187 reversed $3046 $-1 #
coedge $-1 -1 $-1 $2900 $3186 $2902 $3051 reversed $3046 $-1 #
loop $-1 -1 $-1 $-1 $2900 $3188 #
color-adesk-attrib $-1 -1 $-1 $-1 $2901 256 #
vertex $-1 -1 $-1 $3040 $3189 #
straight-curve $-1 -1 $-1 0.3000000000000004885 -9.242311827956992687 -0.25 0 0 1 I I #
coedge $-1 -1 $-1 $2915 $2902 $3190 $3191 reversed $102 $-1 #
edge $3192 -1 $-1 $2904 9.242311827956992687 $3193 9.242419354838713019 $3045 $277 forward @7 unknown #
point $-1 -1 $-1 0.300000000000000655 -9.242311827956992687 -0.5 #
point $-1 -1 $-1 0.49658023470461643 -8.849138602503213491 -0.5 #
coedge $-1 -1 $-1 $3194 $2907 $2910 $3058 forward $264 $-1 #
color-adesk-attrib $-1 -1 $-1 $-1 $2908 256 #
straight-curve $-1 -1 $-1 0.4965802347046163745 -9.709353656266653587 0.5 -0.9829011735230788194 0.1841338727311042645 0 I I #
coedge $-1 -1 $-1 $2910 $2909 $3195 $3196 forward $2911 $-1 #
edge $3197 -1 $-1 $2913 -9.672526881720433067 $3198 -9.672419354838712735 $2910 $352 forward @7 unknown #
face $3199 -1 $-1 $2660 $2911 $8 $-1 $354 reversed single #
point $-1 -1 $-1 0.3000000000000005995 -9.672526881720433067 0.5 #
coedge $-1 -1 $-1 $3200 $3195 $2915 $3062 forward $3201 $-1 #
edge $3202 -1 $-1 $3064 0 $3203 0.4395781772224937045 $3061 $3204 forward @7 unknown #
color-adesk-attrib $-1 -1 $-1 $-1 $2916 256 #
vertex $-1 -1 $-1 $2916 $3205 #
coedge $-1 -1 $-1 $2918 $2930 $3206 $3207 forward $264 $-1 #
coedge $-1 -1 $-1 $3206 $2926 $2922 $3067 reversed $3072 $-1 #
edge $3208 -1 $-1 $3069 -0.75 $2929 0.25 $2922 $3209 forward @7 unknown #
color-adesk-attrib $-1 -1 $-1 $-1 $2923 256 #
vertex $-1 -1 $-1 $2923 $3210 #
color-adesk-attrib $-1 -1 $-1 $-1 $2924 256 #
coedge $-1 -1 $-1 $2926 $3206 $2936 $3081 reversed $3072 $-1 #
loop $-1 -1 $-1 $-1 $2926 $3211 #
color-adesk-attrib $-1 -1 $-1 $-1 $2927 256 #
straight-curve $-1 -1 $-1 0.496580234704616319 -10.13946118314837364 -0.5 -0.9829011735230788194 0.1841338727311042645 0 F 0 F 0.2000000000000000111 #
point $-1 -1 $-1 0.3000000000000005995 -10.10263440860215312 -0.5 #
coedge $-1 -1 $-1 $2931 $2936 $2930 $3077 reversed $2937 $-1 #
edge $3212 -1 $-1 $2934 0 $3213 0.4395781772224937045 $3076 $3214 forward @7 unknown #
color-adesk-attrib $-1 -1 $-1 $-1 $2932 256 #
straight-curve $-1 -1 $-1 0.2999999999999998224 -10.53263440860215638 -0.25 0 0 1 I I #
point $-1 -1 $-1 0.3000000000000005995 -10.53263440860215283 0.5 #
edge $3215 -1 $-1 $2939 0 $3213 1 $3071 $3216 forward @7 unknown #
face $3217 -1 $-1 $3211 $2937 $8 $-1 $3218 forward single #
point $-1 -1 $-1 0.496580234704616319 -10.13946118314837364 -0.5 #
color-adesk-attrib $-1 -1 $-1 $-1 $2943 256 #
straight-curve $-1 -1 $-1 0.496580234704616319 -10.99967623691181373 0.5 -0.9829011735230788194 0.1841338727311042645 0 I I #
color-adesk-attrib $-1 -1 $-1 $-1 $2947 256 #
plane-surface $-1 -1 $-1 0.496580234704616319 -10.99967623691181373 -0.5 0.1841338727311042645 0.9829011735230788194 0 -0.9829011735230788194 0.1841338727311042645 0 forward_v I I I I #
point $-1 -1 $-1 0.496580234704616319 -10.99967623691181373 0.5 #
color-adesk-attrib $-1 -1 $-1 $-1 $2956 256 #
face $3219 -1 $-1 $3220 $3221 $8 $-1 $3222 forward single #
loop $-1 -1 $-1 $-1 $3131 $2956 #
plane-surface $-1 -1 $-1 0.4965802347046177068 12.22613021470109373 -0.5 0.1841338727311042645 0.9829011735230788194 0 -0.9829011735230788194 0.1841338727311042645 0 forward_v I I I I #
coedge $-1 -1 $-1 $3223 $3224 $3137 $3225 forward $2957 $-1 #
edge $3226 -1 $-1 $3017 0 $3014 1 $3010 $3227 forward @7 unknown #
edge $3228 -1 $-1 $3097 -0.25 $3123 0.75 $2975 $3229 forward @7 unknown #
color-adesk-attrib $-1 -1 $-1 $-1 $2961 256 #
vertex $-1 -1 $-1 $2977 $3230 #
straight-curve $-1 -1 $-1 0.3000000000000019873 12.69317204301075108 -0.5 0.4472019879301609158 0.894432994690665506 0 F 0 F 0.4395781772224937045 #
color-adesk-attrib $-1 -1 $-1 $-1 $2968 256 #
face $3231 -1 $-1 $3232 $3233 $8 $-1 $354 reversed single #
loop $-1 -1 $-1 $-1 $3234 $2968 #
coedge $-1 -1 $-1 $3235 $3236 $3237 $3238 forward $2969 $-1 #
coedge $-1 -1 $-1 $3239 $2970 $3240 $3241 reversed $2837 $-1 #
coedge $-1 -1 $-1 $2970 $3239 $3242 $3243 reversed $2837 $-1 #
coedge $-1 -1 $-1 $3244 $3245 $2970 $3106 reversed $3246 $-1 #
edge $3247 -1 $-1 $3248 -0.75 $3249 0.25 $2970 $3250 forward @7 unknown #
coedge $-1 -1 $-1 $2972 $2971 $3251 $3252 forward $2705 $-1 #
coedge $-1 -1 $-1 $3253 $3254 $2971 $3109 forward $264 $-1 #
edge $3255 -1 $-1 $3256 11.40274193548387061 $3117 11.40284946236559094 $2971 $352 forward @7 unknown #
coedge $-1 -1 $-1 $3257 $3258 $2972 $3111 forward $102 $-1 #
edge $3259 -1 $-1 $3116 -11.40284946236559094 $3260 -11.40274193548387061 $2972 $277 forward @7 unknown #
coedge $-1 -1 $-1 $3261 $2973 $3258 $3262 forward $3114 $-1 #
coedge $-1 -1 $-1 $2973 $3261 $3253 $3263 reversed $3114 $-1 #
loop $-1 -1 $-1 $-1 $3112 $3264 #
color-adesk-attrib $-1 -1 $-1 $-1 $2974 256 #
vertex $-1 -1 $-1 $3111 $3265 #
vertex $-1 -1 $-1 $3263 $3266 #
straight-curve $-1 -1 $-1 0.3000000000000000444 11.40284946236558739 -0.25 0 0 1 I I #
coedge $-1 -1 $-1 $2994 $2976 $2981 $3126 reversed $102 $-1 #
color-adesk-attrib $-1 -1 $-1 $-1 $2977 256 #
coedge $-1 -1 $-1 $2978 $2989 $2980 $3125 forward $264 $-1 #
color-adesk-attrib $-1 -1 $-1 $-1 $2979 256 #
vertex $-1 -1 $-1 $3012 $3267 #
coedge $-1 -1 $-1 $2981 $2980 $2997 $3140 reversed $2982 $-1 #
edge $3268 -1 $-1 $3145 0 $2984 0.2000000000000000111 $2980 $3269 forward @7 unknown #
edge $3270 -1 $-1 $3142 0 $2985 0.2000000000000000111 $2981 $3271 forward @7 unknown #
face $3272 -1 $-1 $2736 $2982 $8 $-1 $3273 forward single #
point $-1 -1 $-1 0.3000000000000019318 12.69306451612903075 0.5 #
point $-1 -1 $-1 0.3000000000000019318 12.69306451612903075 -0.5 #
coedge $-1 -1 $-1 $3274 $2987 $2990 $3135 reversed $3091 $-1 #
coedge $-1 -1 $-1 $2987 $3274 $2993 $3138 forward $3091 $-1 #
color-adesk-attrib $-1 -1 $-1 $-1 $2988 256 #
straight-curve $-1 -1 $-1 0.3000000000000000444 12.26295698924731603 -0.25 0 0 -1 I I #
coedge $-1 -1 $-1 $2990 $3242 $3275 $3276 forward $264 $-1 #
edge $3277 -1 $-1 $3278 0 $2992 0.2000000000000000111 $3130 $3279 forward @7 unknown #
point $-1 -1 $-1 0.3000000000000019318 12.26295698924731425 0.5 #
coedge $-1 -1 $-1 $3240 $2993 $3093 $3225 reversed $102 $-1 #
edge $3280 -1 $-1 $3281 0 $2996 0.2000000000000000111 $3131 $3282 forward @7 unknown #
point $-1 -1 $-1 0.3000000000000019318 12.26295698924731425 -0.5 #
edge $3283 -1 $-1 $3142 0 $3145 1 $3124 $3284 forward @7 unknown #
color-adesk-attrib $-1 -1 $-1 $-1 $2998 256 #
vertex $-1 -1 $-1 $3126 $3285 #
straight-curve $-1 -1 $-1 0.3000000000000019318 12.26306451612903103 -0.5 0.4472019879301609158 0.894432994690665506 0 F 0 F 0.4395781772224937045 #
color-adesk-attrib $-1 -1 $-1 $-1 $2999 256 #
vertex $-1 -1 $-1 $3140 $3286 #
straight-curve $-1 -1 $-1 0.3000000000000019318 12.26306451612903103 0.5 0.4472019879301609158 0.894432994690665506 0 I I #
color-adesk-attrib $-1 -1 $-1 $-1 $3000 256 #
plane-surface $-1 -1 $-1 0.3000000000000019318 12.26306451612903103 -0.5 0.894432994690665617 -0.4472019879301609713 0 0.4472019879301609713 0.894432994690665617 0 forward_v I I I I #
color-adesk-attrib $-1 -1 $-1 $-1 $3012 256 #
straight-curve $-1 -1 $-1 0.3000000000000019873 12.69317204301075108 0.5 0.4472019879301609158 0.894432994690665506 0 I I #
point $-1 -1 $-1 0.4965802347046177623 13.08634526846453028 0.5 #
point $-1 -1 $-1 0.4965802347046177623 13.08634526846453028 -0.5 #
color-adesk-attrib $-1 -1 $-1 $-1 $3024 256 #
face $3287 -1 $-1 $3288 $3289 $8 $-1 $3290 forward single #
loop $-1 -1 $-1 $-1 $3291 $3024 #
plane-surface $-1 -1 $-1 0.496580234704616541 -7.128708494976329746 -0.5 0.1841338727311042645 0.9829011735230788194 0 -0.9829011735230788194 0.1841338727311042645 0 forward_v I I I I #
coedge $-1 -1 $-1 $3292 $3293 $3294 $3295 forward $3025 $-1 #
coedge $-1 -1 $-1 $3296 $3027 $3297 $3298 reversed $2891 $-1 #
coedge $-1 -1 $-1 $3027 $3296 $3028 $3163 reversed $2891 $-1 #
coedge $-1 -1 $-1 $3030 $3299 $3027 $3161 reversed $102 $-1 #
edge $3300 -1 $-1 $3169 0 $3301 0.2000000000000000111 $3027 $3302 forward @7 unknown #
coedge $-1 -1 $-1 $3029 $3028 $3303 $3304 reversed $2761 $-1 #
edge $3305 -1 $-1 $3169 0 $3306 1 $3159 $3307 forward @7 unknown #
coedge $-1 -1 $-1 $3308 $3309 $3029 $3165 forward $3310 $-1 #
edge $3311 -1 $-1 $3168 -0.25 $3312 0.75 $3164 $3313 forward @7 unknown #
coedge $-1 -1 $-1 $3314 $3030 $3309 $3315 forward $102 $-1 #
color-adesk-attrib $-1 -1 $-1 $-1 $3031 256 #
vertex $-1 -1 $-1 $3315 $3316 #
vertex $-1 -1 $-1 $3161 $3317 #
straight-curve $-1 -1 $-1 0.3000000000000007105 -8.382096774193549038 -0.5 0.4472019879301609158 0.894432994690665506 0 F 0 F 0.4395781772224937045 #
coedge $-1 -1 $-1 $3318 $3039 $3032 $3172 forward $264 $-1 #
edge $3319 -1 $-1 $3042 0 $3177 0.2000000000000000111 $3032 $3320 forward @7 unknown #
coedge $-1 -1 $-1 $3321 $3033 $3035 $3180 reversed $3175 $-1 #
coedge $-1 -1 $-1 $3033 $3321 $3318 $3322 reversed $3175 $-1 #
loop $-1 -1 $-1 $-1 $3033 $3323 #
color-adesk-attrib $-1 -1 $-1 $-1 $3034 256 #
vertex $-1 -1 $-1 $3322 $3324 #
straight-curve $-1 -1 $-1 0.2999999999999999334 -8.812311827956992971 -0.25 0 0 -1 I I #
coedge $-1 -1 $-1 $3035 $3314 $3325 $3326 reversed $102 $-1 #
edge $3327 -1 $-1 $3328 8.812204301075269086 $3037 8.812311827956992971 $3173 $277 forward @7 unknown #
point $-1 -1 $-1 0.300000000000000655 -8.812311827956992971 -0.5 #
coedge $-1 -1 $-1 $3039 $3329 $3044 $3187 forward $264 $-1 #
color-adesk-attrib $-1 -1 $-1 $-1 $3040 256 #
straight-curve $-1 -1 $-1 0.300000000000000655 -9.242311827956992687 0.5 0.4472019879301609158 0.894432994690665506 0 I I #
point $-1 -1 $-1 0.49658023470461643 -8.849138602503213491 0.5 #
coedge $-1 -1 $-1 $3045 $3044 $3330 $3331 forward $3046 $-1 #
edge $3332 -1 $-1 $3333 -9.242419354838713019 $3048 -9.242311827956992687 $3044 $352 forward @7 unknown #
face $3334 -1 $-1 $3323 $3046 $8 $-1 $354 reversed single #
point $-1 -1 $-1 0.300000000000000655 -9.242311827956992687 0.5 #
coedge $-1 -1 $-1 $3330 $3335 $3050 $3191 forward $3336 $-1 #
edge $3337 -1 $-1 $3203 0 $3193 0.2000000000000000111 $3190 $3338 forward @7 unknown #
color-adesk-attrib $-1 -1 $-1 $-1 $3051 256 #
vertex $-1 -1 $-1 $3191 $3339 #
coedge $-1 -1 $-1 $3329 $3054 $3340 $3341 forward $264 $-1 #
coedge $-1 -1 $-1 $3061 $3340 $3057 $3196 reversed $3201 $-1 #
edge $3342 -1 $-1 $3064 -0.25 $3198 0.75 $3057 $3343 forward @7 unknown #
color-adesk-attrib $-1 -1 $-1 $-1 $3058 256 #
vertex $-1 -1 $-1 $3341 $3344 #
color-adesk-attrib $-1 -1 $-1 $-1 $3059 256 #
coedge $-1 -1 $-1 $3340 $3061 $3335 $3345 forward $3201 $-1 #
loop $-1 -1 $-1 $-1 $3061 $3346 #
color-adesk-attrib $-1 -1 $-1 $-1 $3062 256 #
vertex $-1 -1 $-1 $3191 $3347 #
straight-curve $-1 -1 $-1 0.3000000000000005995 -9.672419354838712735 -0.5 0.4472019879301609158 0.894432994690665506 0 F 0 F 0.4395781772224937045 #
point $-1 -1 $-1 0.3000000000000005995 -9.672419354838712735 -0.5 #
coedge $-1 -1 $-1 $3071 $3066 $3065 $3207 reversed $3072 $-1 #
edge $3348 -1 $-1 $3213 0 $3069 0.2000000000000000111 $3206 $3349 forward @7 unknown #
color-adesk-attrib $-1 -1 $-1 $-1 $3067 256 #
straight-curve $-1 -1 $-1 0.3000000000000000444 -10.10263440860215312 -0.25 0 0 -1 I I #
point $-1 -1 $-1 0.3000000000000005995 -10.10263440860215312 0.5 #
face $3350 -1 $-1 $2818 $3072 $8 $-1 $3351 forward single #
color-adesk-attrib $-1 -1 $-1 $-1 $3077 256 #
vertex $-1 -1 $-1 $3081 $3352 #
straight-curve $-1 -1 $-1 0.3000000000000005995 -10.53263440860215283 0.5 0.4472019879301609158 0.894432994690665506 0 I I #
color-adesk-attrib $-1 -1 $-1 $-1 $3081 256 #
straight-curve $-1 -1 $-1 0.496580234704616319 -10.13946118314837364 -0.5 0 0 1 I I #
color-adesk-attrib $-1 -1 $-1 $-1 $3082 256 #
plane-surface $-1 -1 $-1 0.3000000000000005995 -10.53263440860215283 -0.5 0.894432994690665617 -0.4472019879301609713 0 0.4472019879301609713 0.894432994690665617 0 forward_v I I I I #
color-adesk-attrib $-1 -1 $-1 $-1 $3090 256 #
face $3353 -1 $-1 $3354 $3355 $8 $-1 $3356 forward single #
loop $-1 -1 $-1 $-1 $3357 $3090 #
plane-surface $-1 -1 $-1 0.3000000000000018763 10.97274193548387089 -0.5 0.894432994690665617 -0.4472019879301609713 0 0.4472019879301609713 0.894432994690665617 0 forward_v I I I I #
coedge $-1 -1 $-1 $3275 $3093 $3274 $3358 forward $2957 $-1 #
coedge $-1 -1 $-1 $3093 $3275 $3239 $3359 reversed $2957 $-1 #
edge $3360 -1 $-1 $3361 0 $3281 0.4395781772224937045 $3093 $3362 forward @7 unknown #
color-adesk-attrib $-1 -1 $-1 $-1 $3094 256 #
straight-curve $-1 -1 $-1 0.4965802347046177623 13.08634526846453028 -0.5 0 0 1 I I #
color-adesk-attrib $-1 -1 $-1 $-1 $3095 256 #
straight-curve $-1 -1 $-1 0.2999999999999998224 12.69317204301074753 -0.25 0 0 1 I I #
point $-1 -1 $-1 0.3000000000000019873 12.69317204301075108 -0.5 #
color-adesk-attrib $-1 -1 $-1 $-1 $3100 256 #
face $3363 -1 $-1 $3364 $3365 $8 $-1 $354 reversed single #
loop $-1 -1 $-1 $-1 $3366 $3100 #
coedge $-1 -1 $-1 $3367 $3368 $3369 $3370 forward $3101 $-1 #
coedge $-1 -1 $-1 $3371 $3102 $3372 $3373 reversed $2969 $-1 #
coedge $-1 -1 $-1 $3102 $3371 $3374 $3375 reversed $2969 $-1 #
coedge $-1 -1 $-1 $3376 $3377 $3102 $3238 reversed $3378 $-1 #
edge $3379 -1 $-1 $3380 -0.25 $3381 0.75 $3102 $3382 forward @7 unknown #
coedge $-1 -1 $-1 $3104 $3103 $3224 $3359 forward $2837 $-1 #
coedge $-1 -1 $-1 $3383 $3137 $3103 $3241 forward $102 $-1 #
edge $3384 -1 $-1 $3361 -11.83295698924731454 $3249 -11.83284946236559065 $3103 $277 forward @7 unknown #
coedge $-1 -1 $-1 $3134 $3385 $3104 $3243 forward $264 $-1 #
edge $3386 -1 $-1 $3248 11.83284946236559065 $3387 11.83295698924731454 $3104 $352 forward @7 unknown #
coedge $-1 -1 $-1 $3388 $3105 $3385 $3389 reversed $3246 $-1 #
coedge $-1 -1 $-1 $3105 $3388 $3383 $3390 forward $3246 $-1 #
loop $-1 -1 $-1 $-1 $3245 $3391 #
color-adesk-attrib $-1 -1 $-1 $-1 $3106 256 #
vertex $-1 -1 $-1 $3243 $3392 #
vertex $-1 -1 $-1 $3390 $3393 #
straight-curve $-1 -1 $-1 0.3000000000000000444 11.83284946236559065 -0.25 0 0 -1 I I #
coedge $-1 -1 $-1 $3394 $3395 $3107 $3252 reversed $3355 $-1 #
edge $3396 -1 $-1 $3256 -0.75 $3260 0.25 $3107 $3397 forward @7 unknown #
coedge $-1 -1 $-1 $3385 $3108 $3113 $3263 forward $264 $-1 #
coedge $-1 -1 $-1 $3108 $3398 $3394 $3399 forward $264 $-1 #
color-adesk-attrib $-1 -1 $-1 $-1 $3109 256 #
vertex $-1 -1 $-1 $3109 $3400 #
coedge $-1 -1 $-1 $3401 $3110 $3395 $3402 reversed $102 $-1 #
coedge $-1 -1 $-1 $3110 $3383 $3112 $3262 reversed $102 $-1 #
color-adesk-attrib $-1 -1 $-1 $-1 $3111 256 #
vertex $-1 -1 $-1 $3402 $3403 #
coedge $-1 -1 $-1 $3113 $3112 $3388 $3404 forward $3114 $-1 #
edge $3405 -1 $-1 $3116 0 $3406 0.4395781772224937045 $3112 $3407 forward @7 unknown #
edge $3408 -1 $-1 $3117 0 $3409 0.4395781772224937045 $3113 $3410 forward @7 unknown #
face $3411 -1 $-1 $3391 $3114 $8 $-1 $3412 forward single #
point $-1 -1 $-1 0.3000000000000019318 11.40284946236559094 -0.5 #
point $-1 -1 $-1 0.3000000000000019318 11.40284946236559094 0.5 #
point $-1 -1 $-1 0.3000000000000019873 12.69317204301075108 0.5 #
color-adesk-attrib $-1 -1 $-1 $-1 $3125 256 #
straight-curve $-1 -1 $-1 0.4965802347046177623 12.65623774158281023 0.5 -0.9829011735230788194 0.1841338727311042645 0 I I #
color-adesk-attrib $-1 -1 $-1 $-1 $3126 256 #
straight-curve $-1 -1 $-1 0.4965802347046177623 12.65623774158281023 -0.5 -0.9829011735230788194 0.1841338727311042645 0 F 0 F 0.2000000000000000111 #
color-adesk-attrib $-1 -1 $-1 $-1 $3127 256 #
plane-surface $-1 -1 $-1 0.4965802347046177623 12.65623774158281023 -0.5 0.1841338727311042645 0.9829011735230788194 0 -0.9829011735230788194 0.1841338727311042645 0 forward_v I I I I #
coedge $-1 -1 $-1 $3131 $3130 $3223 $3358 reversed $3091 $-1 #
coedge $-1 -1 $-1 $3224 $3223 $3134 $3276 reversed $2957 $-1 #
edge $3413 -1 $-1 $3387 0 $3278 0.4395781772224937045 $3275 $3414 forward @7 unknown #
color-adesk-attrib $-1 -1 $-1 $-1 $3135 256 #
vertex $-1 -1 $-1 $3358 $3415 #
straight-curve $-1 -1 $-1 0.4965802347046177068 12.22613021470109373 0.5 -0.9829011735230788194 0.1841338727311042645 0 I I #
color-adesk-attrib $-1 -1 $-1 $-1 $3138 256 #
vertex $-1 -1 $-1 $3138 $3416 #
straight-curve $-1 -1 $-1 0.4965802347046177068 12.22613021470109373 -0.5 -0.9829011735230788194 0.1841338727311042645 0 F 0 F 0.2000000000000000111 #
color-adesk-attrib $-1 -1 $-1 $-1 $3140 256 #
straight-curve $-1 -1 $-1 0.4965802347046177623 12.65623774158281023 -0.5 0 0 1 I I #
point $-1 -1 $-1 0.4965802347046177623 12.65623774158281023 -0.5 #
point $-1 -1 $-1 0.4965802347046177623 12.65623774158281023 0.5 #
color-adesk-attrib $-1 -1 $-1 $-1 $3154 256 #
face $3417 -1 $-1 $3418 $3419 $8 $-1 $3420 forward single #
loop $-1 -1 $-1 $-1 $3421 $3154 #
plane-surface $-1 -1 $-1 0.3000000000000008216 -6.661666666666665293 -0.5 0.894432994690665617 -0.4472019879301609713 0 0.4472019879301609713 0.894432994690665617 0 forward_v I I I I #
coedge $-1 -1 $-1 $3422 $3423 $3424 $3425 forward $3155 $-1 #
coedge $-1 -1 $-1 $3426 $3157 $3423 $3427 forward $3025 $-1 #
coedge $-1 -1 $-1 $3157 $3426 $3428 $3429 reversed $3025 $-1 #
coedge $-1 -1 $-1 $3430 $3424 $3157 $3295 reversed $102 $-1 #
edge $3431 -1 $-1 $3432 0 $3433 0.4395781772224937045 $3157 $3434 forward @7 unknown #
coedge $-1 -1 $-1 $3159 $3158 $3435 $3436 reversed $2891 $-1 #
coedge $-1 -1 $-1 $3437 $3438 $3158 $3298 forward $3439 $-1 #
edge $3440 -1 $-1 $3441 -0.75 $3301 0.25 $3297 $3442 forward @7 unknown #
coedge $-1 -1 $-1 $3160 $3443 $3437 $3444 forward $102 $-1 #
color-adesk-attrib $-1 -1 $-1 $-1 $3161 256 #
vertex $-1 -1 $-1 $3161 $3445 #
straight-curve $-1 -1 $-1 0.4965802347046164855 -7.988923548739769842 -0.5 -0.9829011735230788194 0.1841338727311042645 0 F 0 F 0.2000000000000000111 #
coedge $-1 -1 $-1 $3435 $3446 $3162 $3304 forward $264 $-1 #
edge $3447 -1 $-1 $3312 0 $3306 0.4395781772224937045 $3162 $3448 forward @7 unknown #
color-adesk-attrib $-1 -1 $-1 $-1 $3163 256 #
vertex $-1 -1 $-1 $3163 $3449 #
straight-curve $-1 -1 $-1 0.4965802347046164855 -7.988923548739769842 -0.5 0 0 1 I I #
coedge $-1 -1 $-1 $3450 $3164 $3446 $3451 reversed $3310 $-1 #
coedge $-1 -1 $-1 $3164 $3450 $3166 $3315 reversed $3310 $-1 #
loop $-1 -1 $-1 $-1 $3164 $3452 #
color-adesk-attrib $-1 -1 $-1 $-1 $3165 256 #
vertex $-1 -1 $-1 $3304 $3453 #
straight-curve $-1 -1 $-1 0.3000000000000002665 -8.382096774193550814 -0.25 0 0 1 I I #
coedge $-1 -1 $-1 $3179 $3166 $3454 $3455 reversed $102 $-1 #
edge $3456 -1 $-1 $3168 8.382096774193549038 $3457 8.38220430107526937 $3309 $277 forward @7 unknown #
point $-1 -1 $-1 0.3000000000000007105 -8.382096774193549038 -0.5 #
point $-1 -1 $-1 0.4965802347046164855 -7.988923548739769842 -0.5 #
coedge $-1 -1 $-1 $3458 $3171 $3174 $3322 forward $264 $-1 #
color-adesk-attrib $-1 -1 $-1 $-1 $3172 256 #
straight-curve $-1 -1 $-1 0.49658023470461643 -8.849138602503213491 0.5 -0.9829011735230788194 0.1841338727311042645 0 I I #
coedge $-1 -1 $-1 $3174 $3173 $3459 $3460 forward $3175 $-1 #
edge $3461 -1 $-1 $3177 -8.812311827956992971 $3462 -8.812204301075269086 $3174 $352 forward @7 unknown #
face $3463 -1 $-1 $2924 $3175 $8 $-1 $354 reversed single #
point $-1 -1 $-1 0.300000000000000655 -8.812311827956992971 0.5 #
coedge $-1 -1 $-1 $3464 $3459 $3179 $3326 forward $3465 $-1 #
edge $3466 -1 $-1 $3328 0 $3467 0.4395781772224937045 $3325 $3468 forward @7 unknown #
color-adesk-attrib $-1 -1 $-1 $-1 $3180 256 #
vertex $-1 -1 $-1 $3180 $3469 #
coedge $-1 -1 $-1 $3182 $3194 $3470 $3471 forward $264 $-1 #
coedge $-1 -1 $-1 $3470 $3190 $3186 $3331 reversed $3336 $-1 #
edge $3472 -1 $-1 $3333 -0.75 $3193 0.25 $3186 $3473 forward @7 unknown #
color-adesk-attrib $-1 -1 $-1 $-1 $3187 256 #
vertex $-1 -1 $-1 $3187 $3474 #
color-adesk-attrib $-1 -1 $-1 $-1 $3188 256 #
coedge $-1 -1 $-1 $3190 $3470 $3200 $3345 reversed $3336 $-1 #
loop $-1 -1 $-1 $-1 $3190 $3475 #
color-adesk-attrib $-1 -1 $-1 $-1 $3191 256 #
straight-curve $-1 -1 $-1 0.49658023470461643 -9.279246129384933539 -0.5 -0.9829011735230788194 0.1841338727311042645 0 F 0 F 0.2000000000000000111 #
point $-1 -1 $-1 0.3000000000000005995 -9.242419354838713019 -0.5 #
coedge $-1 -1 $-1 $3195 $3200 $3194 $3341 reversed $3201 $-1 #
edge $3476 -1 $-1 $3198 0 $3477 0.4395781772224937045 $3340 $3478 forward @7 unknown #
color-adesk-attrib $-1 -1 $-1 $-1 $3196 256 #
straight-curve $-1 -1 $-1 0.3000000000000000444 -9.672419354838716288 -0.25 0 0 1 I I #
point $-1 -1 $-1 0.3000000000000005995 -9.672419354838712735 0.5 #
edge $3479 -1 $-1 $3203 0 $3477 1 $3335 $3480 forward @7 unknown #
face $3481 -1 $-1 $3475 $3201 $8 $-1 $3482 forward single #
point $-1 -1 $-1 0.49658023470461643 -9.279246129384933539 -0.5 #
color-adesk-attrib $-1 -1 $-1 $-1 $3207 256 #
straight-curve $-1 -1 $-1 0.496580234704616319 -10.13946118314837364 0.5 -0.9829011735230788194 0.1841338727311042645 0 I I #
color-adesk-attrib $-1 -1 $-1 $-1 $3211 256 #
plane-surface $-1 -1 $-1 0.496580234704616319 -10.13946118314837364 -0.5 0.1841338727311042645 0.9829011735230788194 0 -0.9829011735230788194 0.1841338727311042645 0 forward_v I I I I #
point $-1 -1 $-1 0.496580234704616319 -10.13946118314837364 0.5 #
color-adesk-attrib $-1 -1 $-1 $-1 $3220 256 #
face $3483 -1 $-1 $3484 $3485 $8 $-1 $3486 forward single #
loop $-1 -1 $-1 $-1 $3395 $3220 #
plane-surface $-1 -1 $-1 0.4965802347046176513 11.36591516093765009 -0.5 0.1841338727311042645 0.9829011735230788194 0 -0.9829011735230788194 0.1841338727311042645 0 forward_v I I I I #
coedge $-1 -1 $-1 $3487 $3488 $3401 $3489 forward $3221 $-1 #
edge $3490 -1 $-1 $3281 0 $3278 1 $3274 $3491 forward @7 unknown #
edge $3492 -1 $-1 $3361 -0.25 $3387 0.75 $3239 $3493 forward @7 unknown #
color-adesk-attrib $-1 -1 $-1 $-1 $3225 256 #
vertex $-1 -1 $-1 $3241 $3494 #
straight-curve $-1 -1 $-1 0.3000000000000019318 11.83295698924731454 -0.5 0.4472019879301609158 0.894432994690665506 0 F 0 F 0.4395781772224937045 #
color-adesk-attrib $-1 -1 $-1 $-1 $3232 256 #
face $3495 -1 $-1 $3496 $3497 $8 $-1 $354 reversed single #
loop $-1 -1 $-1 $-1 $3498 $3232 #
coedge $-1 -1 $-1 $3499 $3500 $3501 $3502 forward $3233 $-1 #
coedge $-1 -1 $-1 $3503 $3234 $3504 $3505 reversed $3101 $-1 #
coedge $-1 -1 $-1 $3234 $3503 $3506 $3507 reversed $3101 $-1 #
coedge $-1 -1 $-1 $3508 $3509 $3234 $3370 reversed $3510 $-1 #
edge $3511 -1 $-1 $3512 -0.75 $3513 0.25 $3234 $3514 forward @7 unknown #
coedge $-1 -1 $-1 $3236 $3235 $3515 $3516 forward $2969 $-1 #
coedge $-1 -1 $-1 $3517 $3518 $3235 $3373 forward $264 $-1 #
edge $3519 -1 $-1 $3520 10.54252688172043051 $3381 10.54263440860215084 $3235 $352 forward @7 unknown #
coedge $-1 -1 $-1 $3521 $3522 $3236 $3375 forward $102 $-1 #
edge $3523 -1 $-1 $3380 -10.54263440860215084 $3524 -10.54252688172043051 $3236 $277 forward @7 unknown #
coedge $-1 -1 $-1 $3525 $3237 $3522 $3526 forward $3378 $-1 #
coedge $-1 -1 $-1 $3237 $3525 $3517 $3527 reversed $3378 $-1 #
loop $-1 -1 $-1 $-1 $3376 $3528 #
color-adesk-attrib $-1 -1 $-1 $-1 $3238 256 #
vertex $-1 -1 $-1 $3375 $3529 #
vertex $-1 -1 $-1 $3527 $3530 #
straight-curve $-1 -1 $-1 0.2999999999999996003 10.54263440860214729 -0.25 0 0 1 I I #
coedge $-1 -1 $-1 $3258 $3240 $3245 $3390 reversed $102 $-1 #
color-adesk-attrib $-1 -1 $-1 $-1 $3241 256 #
coedge $-1 -1 $-1 $3242 $3253 $3244 $3389 forward $264 $-1 #
color-adesk-attrib $-1 -1 $-1 $-1 $3243 256 #
vertex $-1 -1 $-1 $3276 $3531 #
coedge $-1 -1 $-1 $3245 $3244 $3261 $3404 reversed $3246 $-1 #
edge $3532 -1 $-1 $3409 0 $3248 0.2000000000000000111 $3244 $3533 forward @7 unknown #
edge $3534 -1 $-1 $3406 0 $3249 0.2000000000000000111 $3245 $3535 forward @7 unknown #
face $3536 -1 $-1 $3000 $3246 $8 $-1 $3537 forward single #
point $-1 -1 $-1 0.3000000000000019318 11.83284946236559065 0.5 #
point $-1 -1 $-1 0.3000000000000019318 11.83284946236559065 -0.5 #
coedge $-1 -1 $-1 $3538 $3251 $3254 $3399 reversed $3355 $-1 #
coedge $-1 -1 $-1 $3251 $3538 $3257 $3402 forward $3355 $-1 #
color-adesk-attrib $-1 -1 $-1 $-1 $3252 256 #
straight-curve $-1 -1 $-1 0.3000000000000000444 11.40274193548387061 -0.25 0 0 -1 I I #
coedge $-1 -1 $-1 $3254 $3506 $3539 $3540 forward $264 $-1 #
edge $3541 -1 $-1 $3542 0 $3256 0.2000000000000000111 $3394 $3543 forward @7 unknown #
point $-1 -1 $-1 0.3000000000000018763 11.40274193548387061 0.5 #
coedge $-1 -1 $-1 $3504 $3257 $3357 $3489 reversed $102 $-1 #
edge $3544 -1 $-1 $3545 0 $3260 0.2000000000000000111 $3395 $3546 forward @7 unknown #
point $-1 -1 $-1 0.3000000000000018763 11.40274193548387061 -0.5 #
edge $3547 -1 $-1 $3406 0 $3409 1 $3388 $3548 forward @7 unknown #
color-adesk-attrib $-1 -1 $-1 $-1 $3262 256 #
vertex $-1 -1 $-1 $3390 $3549 #
straight-curve $-1 -1 $-1 0.3000000000000019318 11.40284946236559094 -0.5 0.4472019879301609158 0.894432994690665506 0 F 0 F 0.4395781772224937045 #
color-adesk-attrib $-1 -1 $-1 $-1 $3263 256 #
vertex $-1 -1 $-1 $3404 $3550 #
straight-curve $-1 -1 $-1 0.3000000000000019318 11.40284946236559094 0.5 0.4472019879301609158 0.894432994690665506 0 I I #
color-adesk-attrib $-1 -1 $-1 $-1 $3264 256 #
plane-surface $-1 -1 $-1 0.3000000000000019318 11.40284946236559094 -0.5 0.894432994690665617 -0.4472019879301609713 0 0.4472019879301609713 0.894432994690665617 0 forward_v I I I I #
color-adesk-attrib $-1 -1 $-1 $-1 $3276 256 #
straight-curve $-1 -1 $-1 0.3000000000000019318 11.83295698924731454 0.5 0.4472019879301609158 0.894432994690665506 0 I I #
point $-1 -1 $-1 0.4965802347046177068 12.22613021470109373 0.5 #
point $-1 -1 $-1 0.4965802347046177068 12.22613021470109373 -0.5 #
color-adesk-attrib $-1 -1 $-1 $-1 $3288 256 #
face $3551 -1 $-1 $3552 $3553 $8 $-1 $3554 forward single #
loop $-1 -1 $-1 $-1 $3555 $3288 #
plane-surface $-1 -1 $-1 0.4965802347046165965 -6.268493441212886097 -0.5 0.1841338727311042645 0.9829011735230788194 0 -0.9829011735230788194 0.1841338727311042645 0 forward_v I I I I #
coedge $-1 -1 $-1 $3556 $3557 $3558 $3559 forward $3289 $-1 #
coedge $-1 -1 $-1 $3560 $3291 $3561 $3562 reversed $3155 $-1 #
coedge $-1 -1 $-1 $3291 $3560 $3292 $3427 reversed $3155 $-1 #
coedge $-1 -1 $-1 $3294 $3563 $3291 $3425 reversed $102 $-1 #
edge $3564 -1 $-1 $3433 0 $3565 0.2000000000000000111 $3291 $3566 forward @7 unknown #
coedge $-1 -1 $-1 $3293 $3292 $3567 $3568 reversed $3025 $-1 #
edge $3569 -1 $-1 $3433 0 $3570 1 $3423 $3571 forward @7 unknown #
coedge $-1 -1 $-1 $3572 $3573 $3293 $3429 forward $3574 $-1 #
edge $3575 -1 $-1 $3432 -0.25 $3576 0.75 $3428 $3577 forward @7 unknown #
coedge $-1 -1 $-1 $3578 $3294 $3573 $3579 forward $102 $-1 #
color-adesk-attrib $-1 -1 $-1 $-1 $3295 256 #
vertex $-1 -1 $-1 $3579 $3580 #
vertex $-1 -1 $-1 $3425 $3581 #
straight-curve $-1 -1 $-1 0.3000000000000007661 -7.521881720430108942 -0.5 0.4472019879301609158 0.894432994690665506 0 F 0 F 0.4395781772224937045 #
coedge $-1 -1 $-1 $3582 $3303 $3296 $3436 forward $264 $-1 #
edge $3583 -1 $-1 $3306 0 $3441 0.2000000000000000111 $3296 $3584 forward @7 unknown #
coedge $-1 -1 $-1 $3585 $3297 $3299 $3444 reversed $3439 $-1 #
coedge $-1 -1 $-1 $3297 $3585 $3582 $3586 reversed $3439 $-1 #
loop $-1 -1 $-1 $-1 $3297 $3587 #
color-adesk-attrib $-1 -1 $-1 $-1 $3298 256 #
vertex $-1 -1 $-1 $3586 $3588 #
straight-curve $-1 -1 $-1 0.3000000000000000444 -7.952096774193549322 -0.25 0 0 -1 I I #
coedge $-1 -1 $-1 $3299 $3578 $3589 $3590 reversed $102 $-1 #
edge $3591 -1 $-1 $3592 7.95198924731182899 $3301 7.952096774193549322 $3437 $277 forward @7 unknown #
point $-1 -1 $-1 0.3000000000000007105 -7.952096774193549322 -0.5 #
coedge $-1 -1 $-1 $3303 $3593 $3308 $3451 forward $264 $-1 #
color-adesk-attrib $-1 -1 $-1 $-1 $3304 256 #
straight-curve $-1 -1 $-1 0.3000000000000007105 -8.382096774193549038 0.5 0.4472019879301609158 0.894432994690665506 0 I I #
point $-1 -1 $-1 0.4965802347046164855 -7.988923548739769842 0.5 #
coedge $-1 -1 $-1 $3309 $3308 $3594 $3595 forward $3310 $-1 #
edge $3596 -1 $-1 $3597 -8.38220430107526937 $3312 -8.382096774193549038 $3308 $352 forward @7 unknown #
face $3598 -1 $-1 $3587 $3310 $8 $-1 $354 reversed single #
point $-1 -1 $-1 0.3000000000000007105 -8.382096774193549038 0.5 #
coedge $-1 -1 $-1 $3594 $3599 $3314 $3455 forward $3600 $-1 #
edge $3601 -1 $-1 $3467 0 $3457 0.2000000000000000111 $3454 $3602 forward @7 unknown #
color-adesk-attrib $-1 -1 $-1 $-1 $3315 256 #
vertex $-1 -1 $-1 $3455 $3603 #
coedge $-1 -1 $-1 $3593 $3318 $3604 $3605 forward $264 $-1 #
coedge $-1 -1 $-1 $3325 $3604 $3321 $3460 reversed $3465 $-1 #
edge $3606 -1 $-1 $3328 -0.25 $3462 0.75 $3321 $3607 forward @7 unknown #
color-adesk-attrib $-1 -1 $-1 $-1 $3322 256 #
vertex $-1 -1 $-1 $3605 $3608 #
color-adesk-attrib $-1 -1 $-1 $-1 $3323 256 #
coedge $-1 -1 $-1 $3604 $3325 $3599 $3609 forward $3465 $-1 #
loop $-1 -1 $-1 $-1 $3325 $3610 #
color-adesk-attrib $-1 -1 $-1 $-1 $3326 256 #
vertex $-1 -1 $-1 $3455 $3611 #
straight-curve $-1 -1 $-1 0.300000000000000655 -8.812204301075269086 -0.5 0.4472019879301609158 0.894432994690665506 0 F 0 F 0.4395781772224937045 #
point $-1 -1 $-1 0.300000000000000655 -8.812204301075269086 -0.5 #
coedge $-1 -1 $-1 $3335 $3330 $3329 $3471 reversed $3336 $-1 #
edge $3612 -1 $-1 $3477 0 $3333 0.2000000000000000111 $3470 $3613 forward @7 unknown #
color-adesk-attrib $-1 -1 $-1 $-1 $3331 256 #
straight-curve $-1 -1 $-1 0.2999999999999999334 -9.242419354838713019 -0.25 0 0 -1 I I #
point $-1 -1 $-1 0.3000000000000005995 -9.242419354838713019 0.5 #
face $3614 -1 $-1 $3082 $3336 $8 $-1 $3615 forward single #
color-adesk-attrib $-1 -1 $-1 $-1 $3341 256 #
vertex $-1 -1 $-1 $3345 $3616 #
straight-curve $-1 -1 $-1 0.3000000000000005995 -9.672419354838712735 0.5 0.4472019879301609158 0.894432994690665506 0 I I #
color-adesk-attrib $-1 -1 $-1 $-1 $3345 256 #
straight-curve $-1 -1 $-1 0.49658023470461643 -9.279246129384933539 -0.5 0 0 1 I I #
color-adesk-attrib $-1 -1 $-1 $-1 $3346 256 #
plane-surface $-1 -1 $-1 0.3000000000000005995 -9.672419354838712735 -0.5 0.894432994690665617 -0.4472019879301609713 0 0.4472019879301609713 0.894432994690665617 0 forward_v I I I I #
color-adesk-attrib $-1 -1 $-1 $-1 $3354 256 #
face $3617 -1 $-1 $3618 $3619 $8 $-1 $3620 forward single #
loop $-1 -1 $-1 $-1 $3621 $3354 #
plane-surface $-1 -1 $-1 0.3000000000000018208 10.11252688172043079 -0.5 0.894432994690665617 -0.4472019879301609713 0 0.4472019879301609713 0.894432994690665617 0 forward_v I I I I #
coedge $-1 -1 $-1 $3539 $3357 $3538 $3622 forward $3221 $-1 #
coedge $-1 -1 $-1 $3357 $3539 $3503 $3623 reversed $3221 $-1 #
edge $3624 -1 $-1 $3625 0 $3545 0.4395781772224937045 $3357 $3626 forward @7 unknown #
color-adesk-attrib $-1 -1 $-1 $-1 $3358 256 #
straight-curve $-1 -1 $-1 0.4965802347046177068 12.22613021470109373 -0.5 0 0 1 I I #
color-adesk-attrib $-1 -1 $-1 $-1 $3359 256 #
straight-curve $-1 -1 $-1 0.2999999999999998224 11.83295698924731099 -0.25 0 0 1 I I #
point $-1 -1 $-1 0.3000000000000019318 11.83295698924731454 -0.5 #
color-adesk-attrib $-1 -1 $-1 $-1 $3364 256 #
face $3627 -1 $-1 $3628 $3629 $8 $-1 $354 reversed single #
loop $-1 -1 $-1 $-1 $3630 $3364 #
coedge $-1 -1 $-1 $3631 $3632 $3633 $3634 forward $3365 $-1 #
coedge $-1 -1 $-1 $3635 $3366 $3636 $3637 reversed $3233 $-1 #
coedge $-1 -1 $-1 $3366 $3635 $3638 $3639 reversed $3233 $-1 #
coedge $-1 -1 $-1 $3640 $3641 $3366 $3502 reversed $3642 $-1 #
edge $3643 -1 $-1 $3644 -0.25 $3645 0.75 $3366 $3646 forward @7 unknown #
coedge $-1 -1 $-1 $3368 $3367 $3488 $3623 forward $3101 $-1 #
coedge $-1 -1 $-1 $3647 $3401 $3367 $3505 forward $102 $-1 #
edge $3648 -1 $-1 $3625 -10.97274193548387089 $3513 -10.97263440860215056 $3367 $277 forward @7 unknown #
coedge $-1 -1 $-1 $3398 $3649 $3368 $3507 forward $264 $-1 #
edge $3650 -1 $-1 $3512 10.97263440860215056 $3651 10.97274193548387089 $3368 $352 forward @7 unknown #
coedge $-1 -1 $-1 $3652 $3369 $3649 $3653 reversed $3510 $-1 #
coedge $-1 -1 $-1 $3369 $3652 $3647 $3654 forward $3510 $-1 #
loop $-1 -1 $-1 $-1 $3509 $3655 #
color-adesk-attrib $-1 -1 $-1 $-1 $3370 256 #
vertex $-1 -1 $-1 $3507 $3656 #
vertex $-1 -1 $-1 $3654 $3657 #
straight-curve $-1 -1 $-1 0.3000000000000000444 10.97263440860215233 -0.25 0 0 -1 I I #
coedge $-1 -1 $-1 $3658 $3659 $3371 $3516 reversed $3619 $-1 #
edge $3660 -1 $-1 $3520 -0.75 $3524 0.25 $3371 $3661 forward @7 unknown #
coedge $-1 -1 $-1 $3649 $3372 $3377 $3527 forward $264 $-1 #
coedge $-1 -1 $-1 $3372 $3662 $3658 $3663 forward $264 $-1 #
color-adesk-attrib $-1 -1 $-1 $-1 $3373 256 #
vertex $-1 -1 $-1 $3373 $3664 #
coedge $-1 -1 $-1 $3665 $3374 $3659 $3666 reversed $102 $-1 #
coedge $-1 -1 $-1 $3374 $3647 $3376 $3526 reversed $102 $-1 #
color-adesk-attrib $-1 -1 $-1 $-1 $3375 256 #
vertex $-1 -1 $-1 $3666 $3667 #
coedge $-1 -1 $-1 $3377 $3376 $3652 $3668 forward $3378 $-1 #
edge $3669 -1 $-1 $3380 0 $3670 0.4395781772224937045 $3376 $3671 forward @7 unknown #
edge $3672 -1 $-1 $3381 0 $3673 0.4395781772224937045 $3377 $3674 forward @7 unknown #
face $3675 -1 $-1 $3655 $3378 $8 $-1 $3676 forward single #
point $-1 -1 $-1 0.3000000000000018763 10.54263440860215084 -0.5 #
point $-1 -1 $-1 0.3000000000000018763 10.54263440860215084 0.5 #
point $-1 -1 $-1 0.3000000000000019318 11.83295698924731454 0.5 #
color-adesk-attrib $-1 -1 $-1 $-1 $3389 256 #
straight-curve $-1 -1 $-1 0.4965802347046177068 11.79602268781937013 0.5 -0.9829011735230788194 0.1841338727311042645 0 I I #
color-adesk-attrib $-1 -1 $-1 $-1 $3390 256 #
straight-curve $-1 -1 $-1 0.4965802347046177068 11.79602268781937013 -0.5 -0.9829011735230788194 0.1841338727311042645 0 F 0 F 0.2000000000000000111 #
color-adesk-attrib $-1 -1 $-1 $-1 $3391 256 #
plane-surface $-1 -1 $-1 0.4965802347046177068 11.79602268781937013 -0.5 0.1841338727311042645 0.9829011735230788194 0 -0.9829011735230788194 0.1841338727311042645 0 forward_v I I I I #
coedge $-1 -1 $-1 $3395 $3394 $3487 $3622 reversed $3355 $-1 #
coedge $-1 -1 $-1 $3488 $3487 $3398 $3540 reversed $3221 $-1 #
edge $3677 -1 $-1 $3651 0 $3542 0.4395781772224937045 $3539 $3678 forward @7 unknown #
color-adesk-attrib $-1 -1 $-1 $-1 $3399 256 #
vertex $-1 -1 $-1 $3622 $3679 #
straight-curve $-1 -1 $-1 0.4965802347046176513 11.36591516093765009 0.5 -0.9829011735230788194 0.1841338727311042645 0 I I #
color-adesk-attrib $-1 -1 $-1 $-1 $3402 256 #
vertex $-1 -1 $-1 $3402 $3680 #
straight-curve $-1 -1 $-1 0.4965802347046176513 11.36591516093765009 -0.5 -0.9829011735230788194 0.1841338727311042645 0 F 0 F 0.2000000000000000111 #
color-adesk-attrib $-1 -1 $-1 $-1 $3404 256 #
straight-curve $-1 -1 $-1 0.4965802347046177068 11.79602268781937013 -0.5 0 0 1 I I #
point $-1 -1 $-1 0.4965802347046177068 11.79602268781937013 -0.5 #
point $-1 -1 $-1 0.4965802347046177068 11.79602268781937013 0.5 #
color-adesk-attrib $-1 -1 $-1 $-1 $3418 256 #
face $3681 -1 $-1 $3682 $3683 $8 $-1 $3684 forward single #
loop $-1 -1 $-1 $-1 $3685 $3418 #
plane-surface $-1 -1 $-1 0.3000000000000008771 -5.801451612903225197 -0.5 0.894432994690665617 -0.4472019879301609713 0 0.4472019879301609713 0.894432994690665617 0 forward_v I I I I #
coedge $-1 -1 $-1 $3686 $3687 $3688 $3689 forward $3419 $-1 #
coedge $-1 -1 $-1 $3690 $3421 $3687 $3691 forward $3289 $-1 #
coedge $-1 -1 $-1 $3421 $3690 $3692 $3693 reversed $3289 $-1 #
coedge $-1 -1 $-1 $3694 $3688 $3421 $3559 reversed $102 $-1 #
edge $3695 -1 $-1 $3696 0 $3697 0.4395781772224937045 $3421 $3698 forward @7 unknown #
coedge $-1 -1 $-1 $3423 $3422 $3699 $3700 reversed $3155 $-1 #
coedge $-1 -1 $-1 $3701 $3702 $3422 $3562 forward $3703 $-1 #
edge $3704 -1 $-1 $3705 -0.75 $3565 0.25 $3561 $3706 forward @7 unknown #
coedge $-1 -1 $-1 $3424 $3707 $3701 $3708 forward $102 $-1 #
color-adesk-attrib $-1 -1 $-1 $-1 $3425 256 #
vertex $-1 -1 $-1 $3425 $3709 #
straight-curve $-1 -1 $-1 0.496580234704616541 -7.128708494976329746 -0.5 -0.9829011735230788194 0.1841338727311042645 0 F 0 F 0.2000000000000000111 #
coedge $-1 -1 $-1 $3699 $3710 $3426 $3568 forward $264 $-1 #
edge $3711 -1 $-1 $3576 0 $3570 0.4395781772224937045 $3426 $3712 forward @7 unknown #
color-adesk-attrib $-1 -1 $-1 $-1 $3427 256 #
vertex $-1 -1 $-1 $3427 $3713 #
straight-curve $-1 -1 $-1 0.496580234704616541 -7.128708494976329746 -0.5 0 0 1 I I #
coedge $-1 -1 $-1 $3714 $3428 $3710 $3715 reversed $3574 $-1 #
coedge $-1 -1 $-1 $3428 $3714 $3430 $3579 reversed $3574 $-1 #
loop $-1 -1 $-1 $-1 $3428 $3716 #
color-adesk-attrib $-1 -1 $-1 $-1 $3429 256 #
vertex $-1 -1 $-1 $3568 $3717 #
straight-curve $-1 -1 $-1 0.3000000000000002665 -7.521881720430110718 -0.25 0 0 1 I I #
coedge $-1 -1 $-1 $3443 $3430 $3718 $3719 reversed $102 $-1 #
edge $3720 -1 $-1 $3432 7.521881720430108942 $3721 7.521989247311829274 $3573 $277 forward @7 unknown #
point $-1 -1 $-1 0.3000000000000007661 -7.521881720430108942 -0.5 #
point $-1 -1 $-1 0.496580234704616541 -7.128708494976329746 -0.5 #
coedge $-1 -1 $-1 $3722 $3435 $3438 $3586 forward $264 $-1 #
color-adesk-attrib $-1 -1 $-1 $-1 $3436 256 #
straight-curve $-1 -1 $-1 0.4965802347046164855 -7.988923548739769842 0.5 -0.9829011735230788194 0.1841338727311042645 0 I I #
coedge $-1 -1 $-1 $3438 $3437 $3723 $3724 forward $3439 $-1 #
edge $3725 -1 $-1 $3441 -7.952096774193549322 $3726 -7.95198924731182899 $3438 $352 forward @7 unknown #
face $3727 -1 $-1 $3188 $3439 $8 $-1 $354 reversed single #
point $-1 -1 $-1 0.3000000000000007105 -7.952096774193549322 0.5 #
coedge $-1 -1 $-1 $3728 $3723 $3443 $3590 forward $3729 $-1 #
edge $3730 -1 $-1 $3592 0 $3731 0.4395781772224937045 $3589 $3732 forward @7 unknown #
color-adesk-attrib $-1 -1 $-1 $-1 $3444 256 #
vertex $-1 -1 $-1 $3444 $3733 #
coedge $-1 -1 $-1 $3446 $3458 $3734 $3735 forward $264 $-1 #
coedge $-1 -1 $-1 $3734 $3454 $3450 $3595 reversed $3600 $-1 #
edge $3736 -1 $-1 $3597 -0.75 $3457 0.25 $3450 $3737 forward @7 unknown #
color-adesk-attrib $-1 -1 $-1 $-1 $3451 256 #
vertex $-1 -1 $-1 $3451 $3738 #
color-adesk-attrib $-1 -1 $-1 $-1 $3452 256 #
coedge $-1 -1 $-1 $3454 $3734 $3464 $3609 reversed $3600 $-1 #
loop $-1 -1 $-1 $-1 $3454 $3739 #
color-adesk-attrib $-1 -1 $-1 $-1 $3455 256 #
straight-curve $-1 -1 $-1 0.49658023470461643 -8.41903107562148989 -0.5 -0.9829011735230788194 0.1841338727311042645 0 F 0 F 0.2000000000000000111 #
point $-1 -1 $-1 0.300000000000000655 -8.38220430107526937 -0.5 #
coedge $-1 -1 $-1 $3459 $3464 $3458 $3605 reversed $3465 $-1 #
edge $3740 -1 $-1 $3462 0 $3741 0.4395781772224937045 $3604 $3742 forward @7 unknown #
color-adesk-attrib $-1 -1 $-1 $-1 $3460 256 #
straight-curve $-1 -1 $-1 0.3000000000000000444 -8.812204301075270862 -0.25 0 0 1 I I #
point $-1 -1 $-1 0.300000000000000655 -8.812204301075269086 0.5 #
edge $3743 -1 $-1 $3467 0 $3741 1 $3599 $3744 forward @7 unknown #
face $3745 -1 $-1 $3739 $3465 $8 $-1 $3746 forward single #
point $-1 -1 $-1 0.49658023470461643 -8.41903107562148989 -0.5 #
color-adesk-attrib $-1 -1 $-1 $-1 $3471 256 #
straight-curve $-1 -1 $-1 0.49658023470461643 -9.279246129384933539 0.5 -0.9829011735230788194 0.1841338727311042645 0 I I #
color-adesk-attrib $-1 -1 $-1 $-1 $3475 256 #
plane-surface $-1 -1 $-1 0.49658023470461643 -9.279246129384933539 -0.5 0.1841338727311042645 0.9829011735230788194 0 -0.9829011735230788194 0.1841338727311042645 0 forward_v I I I I #
point $-1 -1 $-1 0.49658023470461643 -9.279246129384933539 0.5 #
color-adesk-attrib $-1 -1 $-1 $-1 $3484 256 #
face $3747 -1 $-1 $3748 $3749 $8 $-1 $3750 forward single #
loop $-1 -1 $-1 $-1 $3659 $3484 #
plane-surface $-1 -1 $-1 0.4965802347046175957 10.50570010717420999 -0.5 0.1841338727311042645 0.9829011735230788194 0 -0.9829011735230788194 0.1841338727311042645 0 forward_v I I I I #
coedge $-1 -1 $-1 $3751 $3752 $3665 $3753 forward $3485 $-1 #
edge $3754 -1 $-1 $3545 0 $3542 1 $3538 $3755 forward @7 unknown #
edge $3756 -1 $-1 $3625 -0.25 $3651 0.75 $3503 $3757 forward @7 unknown #
color-adesk-attrib $-1 -1 $-1 $-1 $3489 256 #
vertex $-1 -1 $-1 $3505 $3758 #
straight-curve $-1 -1 $-1 0.3000000000000018763 10.97274193548387089 -0.5 0.4472019879301609158 0.894432994690665506 0 F 0 F 0.4395781772224937045 #
color-adesk-attrib $-1 -1 $-1 $-1 $3496 256 #
face $3759 -1 $-1 $3760 $3761 $8 $-1 $354 reversed single #
loop $-1 -1 $-1 $-1 $3762 $3496 #
coedge $-1 -1 $-1 $3763 $3764 $3765 $3766 forward $3497 $-1 #
coedge $-1 -1 $-1 $3767 $3498 $3768 $3769 reversed $3365 $-1 #
coedge $-1 -1 $-1 $3498 $3767 $3770 $3771 reversed $3365 $-1 #
coedge $-1 -1 $-1 $3772 $3773 $3498 $3634 reversed $3774 $-1 #
edge $3775 -1 $-1 $3776 -0.75 $3777 0.25 $3498 $3778 forward @7 unknown #
coedge $-1 -1 $-1 $3500 $3499 $3779 $3780 forward $3233 $-1 #
coedge $-1 -1 $-1 $3781 $3782 $3499 $3637 forward $264 $-1 #
edge $3783 -1 $-1 $3784 9.68231182795698686 $3645 9.682419354838710746 $3499 $352 forward @7 unknown #
coedge $-1 -1 $-1 $3785 $3786 $3500 $3639 forward $102 $-1 #
edge $3787 -1 $-1 $3644 -9.682419354838710746 $3788 -9.68231182795698686 $3500 $277 forward @7 unknown #
coedge $-1 -1 $-1 $3789 $3501 $3786 $3790 forward $3642 $-1 #
coedge $-1 -1 $-1 $3501 $3789 $3781 $3791 reversed $3642 $-1 #
loop $-1 -1 $-1 $-1 $3640 $3792 #
color-adesk-attrib $-1 -1 $-1 $-1 $3502 256 #
vertex $-1 -1 $-1 $3639 $3793 #
vertex $-1 -1 $-1 $3791 $3794 #
straight-curve $-1 -1 $-1 0.3000000000000000444 9.682419354838707193 -0.25 0 0 1 I I #
coedge $-1 -1 $-1 $3522 $3504 $3509 $3654 reversed $102 $-1 #
color-adesk-attrib $-1 -1 $-1 $-1 $3505 256 #
coedge $-1 -1 $-1 $3506 $3517 $3508 $3653 forward $264 $-1 #
color-adesk-attrib $-1 -1 $-1 $-1 $3507 256 #
vertex $-1 -1 $-1 $3540 $3795 #
coedge $-1 -1 $-1 $3509 $3508 $3525 $3668 reversed $3510 $-1 #
edge $3796 -1 $-1 $3673 0 $3512 0.2000000000000000111 $3508 $3797 forward @7 unknown #
edge $3798 -1 $-1 $3670 0 $3513 0.2000000000000000111 $3509 $3799 forward @7 unknown #
face $3800 -1 $-1 $3264 $3510 $8 $-1 $3801 forward single #
point $-1 -1 $-1 0.3000000000000018763 10.97263440860215056 0.5 #
point $-1 -1 $-1 0.3000000000000018763 10.97263440860215056 -0.5 #
coedge $-1 -1 $-1 $3802 $3515 $3518 $3663 reversed $3619 $-1 #
coedge $-1 -1 $-1 $3515 $3802 $3521 $3666 forward $3619 $-1 #
color-adesk-attrib $-1 -1 $-1 $-1 $3516 256 #
straight-curve $-1 -1 $-1 0.2999999999999998224 10.54252688172043229 -0.25 0 0 -1 I I #
coedge $-1 -1 $-1 $3518 $3770 $3803 $3804 forward $264 $-1 #
edge $3805 -1 $-1 $3806 0 $3520 0.2000000000000000111 $3658 $3807 forward @7 unknown #
point $-1 -1 $-1 0.3000000000000018208 10.54252688172043051 0.5 #
coedge $-1 -1 $-1 $3768 $3521 $3621 $3753 reversed $102 $-1 #
edge $3808 -1 $-1 $3809 0 $3524 0.2000000000000000111 $3659 $3810 forward @7 unknown #
point $-1 -1 $-1 0.3000000000000018208 10.54252688172043051 -0.5 #
edge $3811 -1 $-1 $3670 0 $3673 1 $3652 $3812 forward @7 unknown #
color-adesk-attrib $-1 -1 $-1 $-1 $3526 256 #
vertex $-1 -1 $-1 $3654 $3813 #
straight-curve $-1 -1 $-1 0.3000000000000018763 10.54263440860215084 -0.5 0.4472019879301609158 0.894432994690665506 0 F 0 F 0.4395781772224937045 #
color-adesk-attrib $-1 -1 $-1 $-1 $3527 256 #
vertex $-1 -1 $-1 $3668 $3814 #
straight-curve $-1 -1 $-1 0.3000000000000018763 10.54263440860215084 0.5 0.4472019879301609158 0.894432994690665506 0 I I #
color-adesk-attrib $-1 -1 $-1 $-1 $3528 256 #
plane-surface $-1 -1 $-1 0.3000000000000018763 10.54263440860215084 -0.5 0.894432994690665617 -0.4472019879301609713 0 0.4472019879301609713 0.894432994690665617 0 forward_v I I I I #
color-adesk-attrib $-1 -1 $-1 $-1 $3540 256 #
straight-curve $-1 -1 $-1 0.3000000000000018763 10.97274193548387089 0.5 0.4472019879301609158 0.894432994690665506 0 I I #
point $-1 -1 $-1 0.4965802347046176513 11.36591516093765009 0.5 #
point $-1 -1 $-1 0.4965802347046176513 11.36591516093765009 -0.5 #
color-adesk-attrib $-1 -1 $-1 $-1 $3552 256 #
face $3815 -1 $-1 $3816 $3817 $8 $-1 $3818 forward single #
loop $-1 -1 $-1 $-1 $3819 $3552 #
plane-surface $-1 -1 $-1 0.4965802347046166521 -5.408278387449446001 -0.5 0.1841338727311042645 0.9829011735230788194 0 -0.9829011735230788194 0.1841338727311042645 0 forward_v I I I I #
coedge $-1 -1 $-1 $3820 $3821 $3822 $3823 forward $3553 $-1 #
coedge $-1 -1 $-1 $3824 $3555 $3825 $3826 reversed $3419 $-1 #
coedge $-1 -1 $-1 $3555 $3824 $3556 $3691 reversed $3419 $-1 #
coedge $-1 -1 $-1 $3558 $3827 $3555 $3689 reversed $102 $-1 #
edge $3828 -1 $-1 $3697 0 $3829 0.2000000000000000111 $3555 $3830 forward @7 unknown #
coedge $-1 -1 $-1 $3557 $3556 $3831 $3832 reversed $3289 $-1 #
edge $3833 -1 $-1 $3697 0 $3834 1 $3687 $3835 forward @7 unknown #
coedge $-1 -1 $-1 $3836 $3837 $3557 $3693 forward $3838 $-1 #
edge $3839 -1 $-1 $3696 -0.25 $3840 0.75 $3692 $3841 forward @7 unknown #
coedge $-1 -1 $-1 $3842 $3558 $3837 $3843 forward $102 $-1 #
color-adesk-attrib $-1 -1 $-1 $-1 $3559 256 #
vertex $-1 -1 $-1 $3843 $3844 #
vertex $-1 -1 $-1 $3689 $3845 #
straight-curve $-1 -1 $-1 0.3000000000000008216 -6.661666666666665293 -0.5 0.4472019879301609158 0.894432994690665506 0 F 0 F 0.4395781772224937045 #
coedge $-1 -1 $-1 $3846 $3567 $3560 $3700 forward $264 $-1 #
edge $3847 -1 $-1 $3570 0 $3705 0.2000000000000000111 $3560 $3848 forward @7 unknown #
coedge $-1 -1 $-1 $3849 $3561 $3563 $3708 reversed $3703 $-1 #
coedge $-1 -1 $-1 $3561 $3849 $3846 $3850 reversed $3703 $-1 #
loop $-1 -1 $-1 $-1 $3561 $3851 #
color-adesk-attrib $-1 -1 $-1 $-1 $3562 256 #
vertex $-1 -1 $-1 $3850 $3852 #
straight-curve $-1 -1 $-1 0.2999999999999998224 -7.091881720430109226 -0.25 0 0 -1 I I #
coedge $-1 -1 $-1 $3563 $3842 $3853 $3854 reversed $102 $-1 #
edge $3855 -1 $-1 $3856 7.091774193548385341 $3565 7.091881720430109226 $3701 $277 forward @7 unknown #
point $-1 -1 $-1 0.3000000000000007661 -7.091881720430109226 -0.5 #
coedge $-1 -1 $-1 $3567 $3857 $3572 $3715 forward $264 $-1 #
color-adesk-attrib $-1 -1 $-1 $-1 $3568 256 #
straight-curve $-1 -1 $-1 0.3000000000000007661 -7.521881720430108942 0.5 0.4472019879301609158 0.894432994690665506 0 I I #
point $-1 -1 $-1 0.496580234704616541 -7.128708494976329746 0.5 #
coedge $-1 -1 $-1 $3573 $3572 $3858 $3859 forward $3574 $-1 #
edge $3860 -1 $-1 $3861 -7.521989247311829274 $3576 -7.521881720430108942 $3572 $352 forward @7 unknown #
face $3862 -1 $-1 $3851 $3574 $8 $-1 $354 reversed single #
point $-1 -1 $-1 0.3000000000000007661 -7.521881720430108942 0.5 #
coedge $-1 -1 $-1 $3858 $3863 $3578 $3719 forward $3864 $-1 #
edge $3865 -1 $-1 $3731 0 $3721 0.2000000000000000111 $3718 $3866 forward @7 unknown #
color-adesk-attrib $-1 -1 $-1 $-1 $3579 256 #
vertex $-1 -1 $-1 $3719 $3867 #
coedge $-1 -1 $-1 $3857 $3582 $3868 $3869 forward $264 $-1 #
coedge $-1 -1 $-1 $3589 $3868 $3585 $3724 reversed $3729 $-1 #
edge $3870 -1 $-1 $3592 -0.25 $3726 0.75 $3585 $3871 forward @7 unknown #
color-adesk-attrib $-1 -1 $-1 $-1 $3586 256 #
vertex $-1 -1 $-1 $3869 $3872 #
color-adesk-attrib $-1 -1 $-1 $-1 $3587 256 #
coedge $-1 -1 $-1 $3868 $3589 $3863 $3873 forward $3729 $-1 #
loop $-1 -1 $-1 $-1 $3589 $3874 #
color-adesk-attrib $-1 -1 $-1 $-1 $3590 256 #
vertex $-1 -1 $-1 $3719 $3875 #
straight-curve $-1 -1 $-1 0.3000000000000007105 -7.95198924731182899 -0.5 0.4472019879301609158 0.894432994690665506 0 F 0 F 0.4395781772224937045 #
point $-1 -1 $-1 0.3000000000000007105 -7.95198924731182899 -0.5 #
coedge $-1 -1 $-1 $3599 $3594 $3593 $3735 reversed $3600 $-1 #
edge $3876 -1 $-1 $3741 0 $3597 0.2000000000000000111 $3734 $3877 forward @7 unknown #
color-adesk-attrib $-1 -1 $-1 $-1 $3595 256 #
straight-curve $-1 -1 $-1 0.3000000000000000444 -8.382204301075267594 -0.25 0 0 -1 I I #
point $-1 -1 $-1 0.300000000000000655 -8.38220430107526937 0.5 #
face $3878 -1 $-1 $3346 $3600 $8 $-1 $3879 forward single #
color-adesk-attrib $-1 -1 $-1 $-1 $3605 256 #
vertex $-1 -1 $-1 $3609 $3880 #
straight-curve $-1 -1 $-1 0.300000000000000655 -8.812204301075269086 0.5 0.4472019879301609158 0.894432994690665506 0 I I #
color-adesk-attrib $-1 -1 $-1 $-1 $3609 256 #
straight-curve $-1 -1 $-1 0.49658023470461643 -8.41903107562148989 -0.5 0 0 1 I I #
color-adesk-attrib $-1 -1 $-1 $-1 $3610 256 #
plane-surface $-1 -1 $-1 0.300000000000000655 -8.812204301075269086 -0.5 0.894432994690665617 -0.4472019879301609713 0 0.4472019879301609713 0.894432994690665617 0 forward_v I I I I #
color-adesk-attrib $-1 -1 $-1 $-1 $3618 256 #
face $3881 -1 $-1 $3882 $3883 $8 $-1 $3884 forward single #
loop $-1 -1 $-1 $-1 $3885 $3618 #
plane-surface $-1 -1 $-1 0.3000000000000017653 9.252311827956987145 -0.5 0.894432994690665617 -0.4472019879301609713 0 0.4472019879301609713 0.894432994690665617 0 forward_v I I I I #
coedge $-1 -1 $-1 $3803 $3621 $3802 $3886 forward $3485 $-1 #
coedge $-1 -1 $-1 $3621 $3803 $3767 $3887 reversed $3485 $-1 #
edge $3888 -1 $-1 $3889 0 $3809 0.4395781772224937045 $3621 $3890 forward @7 unknown #
color-adesk-attrib $-1 -1 $-1 $-1 $3622 256 #
straight-curve $-1 -1 $-1 0.4965802347046176513 11.36591516093765009 -0.5 0 0 1 I I #
color-adesk-attrib $-1 -1 $-1 $-1 $3623 256 #
straight-curve $-1 -1 $-1 0.3000000000000000444 10.97274193548386734 -0.25 0 0 1 I I #
point $-1 -1 $-1 0.3000000000000018763 10.97274193548387089 -0.5 #
color-adesk-attrib $-1 -1 $-1 $-1 $3628 256 #
face $3891 -1 $-1 $3892 $3893 $8 $-1 $354 reversed single #
loop $-1 -1 $-1 $-1 $3894 $3628 #
coedge $-1 -1 $-1 $3895 $3896 $3897 $3898 forward $3629 $-1 #
coedge $-1 -1 $-1 $3899 $3630 $3900 $3901 reversed $3497 $-1 #
coedge $-1 -1 $-1 $3630 $3899 $3902 $3903 reversed $3497 $-1 #
coedge $-1 -1 $-1 $3904 $3905 $3630 $3766 reversed $3906 $-1 #
edge $3907 -1 $-1 $3908 -0.25 $3909 0.75 $3630 $3910 forward @7 unknown #
coedge $-1 -1 $-1 $3632 $3631 $3752 $3887 forward $3365 $-1 #
coedge $-1 -1 $-1 $3911 $3665 $3631 $3769 forward $102 $-1 #
edge $3912 -1 $-1 $3889 -10.11252688172043079 $3777 -10.11241935483871046 $3631 $277 forward @7 unknown #
coedge $-1 -1 $-1 $3662 $3913 $3632 $3771 forward $264 $-1 #
edge $3914 -1 $-1 $3776 10.11241935483871046 $3915 10.11252688172043079 $3632 $352 forward @7 unknown #
coedge $-1 -1 $-1 $3916 $3633 $3913 $3917 reversed $3774 $-1 #
coedge $-1 -1 $-1 $3633 $3916 $3911 $3918 forward $3774 $-1 #
loop $-1 -1 $-1 $-1 $3773 $3919 #
color-adesk-attrib $-1 -1 $-1 $-1 $3634 256 #
vertex $-1 -1 $-1 $3771 $3920 #
vertex $-1 -1 $-1 $3918 $3921 #
straight-curve $-1 -1 $-1 0.3000000000000000444 10.11241935483871046 -0.25 0 0 -1 I I #
coedge $-1 -1 $-1 $3922 $3923 $3635 $3780 reversed $3883 $-1 #
edge $3924 -1 $-1 $3784 -0.75 $3788 0.25 $3635 $3925 forward @7 unknown #
coedge $-1 -1 $-1 $3913 $3636 $3641 $3791 forward $264 $-1 #
coedge $-1 -1 $-1 $3636 $3926 $3922 $3927 forward $264 $-1 #
color-adesk-attrib $-1 -1 $-1 $-1 $3637 256 #
vertex $-1 -1 $-1 $3637 $3928 #
coedge $-1 -1 $-1 $3929 $3638 $3923 $3930 reversed $102 $-1 #
coedge $-1 -1 $-1 $3638 $3911 $3640 $3790 reversed $102 $-1 #
color-adesk-attrib $-1 -1 $-1 $-1 $3639 256 #
vertex $-1 -1 $-1 $3930 $3931 #
coedge $-1 -1 $-1 $3641 $3640 $3916 $3932 forward $3642 $-1 #
edge $3933 -1 $-1 $3644 0 $3934 0.4395781772224937045 $3640 $3935 forward @7 unknown #
edge $3936 -1 $-1 $3645 0 $3937 0.4395781772224937045 $3641 $3938 forward @7 unknown #
face $3939 -1 $-1 $3919 $3642 $8 $-1 $3940 forward single #
point $-1 -1 $-1 0.3000000000000018208 9.682419354838710746 -0.5 #
point $-1 -1 $-1 0.3000000000000018208 9.682419354838710746 0.5 #
point $-1 -1 $-1 0.3000000000000018763 10.97274193548387089 0.5 #
color-adesk-attrib $-1 -1 $-1 $-1 $3653 256 #
straight-curve $-1 -1 $-1 0.4965802347046176513 10.93580763405593004 0.5 -0.9829011735230788194 0.1841338727311042645 0 I I #
color-adesk-attrib $-1 -1 $-1 $-1 $3654 256 #
straight-curve $-1 -1 $-1 0.4965802347046176513 10.93580763405593004 -0.5 -0.9829011735230788194 0.1841338727311042645 0 F 0 F 0.2000000000000000111 #
color-adesk-attrib $-1 -1 $-1 $-1 $3655 256 #
plane-surface $-1 -1 $-1 0.4965802347046176513 10.93580763405593004 -0.5 0.1841338727311042645 0.9829011735230788194 0 -0.9829011735230788194 0.1841338727311042645 0 forward_v I I I I #
coedge $-1 -1 $-1 $3659 $3658 $3751 $3886 reversed $3619 $-1 #
coedge $-1 -1 $-1 $3752 $3751 $3662 $3804 reversed $3485 $-1 #
edge $3941 -1 $-1 $3915 0 $3806 0.4395781772224937045 $3803 $3942 forward @7 unknown #
color-adesk-attrib $-1 -1 $-1 $-1 $3663 256 #
vertex $-1 -1 $-1 $3886 $3943 #
straight-curve $-1 -1 $-1 0.4965802347046175957 10.50570010717420999 0.5 -0.9829011735230788194 0.1841338727311042645 0 I I #
color-adesk-attrib $-1 -1 $-1 $-1 $3666 256 #
vertex $-1 -1 $-1 $3666 $3944 #
straight-curve $-1 -1 $-1 0.4965802347046175957 10.50570010717420999 -0.5 -0.9829011735230788194 0.1841338727311042645 0 F 0 F 0.2000000000000000111 #
color-adesk-attrib $-1 -1 $-1 $-1 $3668 256 #
straight-curve $-1 -1 $-1 0.4965802347046176513 10.93580763405593004 -0.5 0 0 1 I I #
point $-1 -1 $-1 0.4965802347046176513 10.93580763405593004 -0.5 #
point $-1 -1 $-1 0.4965802347046176513 10.93580763405593004 0.5 #
color-adesk-attrib $-1 -1 $-1 $-1 $3682 256 #
face $3945 -1 $-1 $3946 $3947 $8 $-1 $3948 forward single #
loop $-1 -1 $-1 $-1 $3949 $3682 #
plane-surface $-1 -1 $-1 0.3000000000000009326 -4.941236559139785101 -0.5 0.894432994690665617 -0.4472019879301609713 0 0.4472019879301609713 0.894432994690665617 0 forward_v I I I I #
coedge $-1 -1 $-1 $3950 $3951 $3952 $3953 forward $3683 $-1 #
coedge $-1 -1 $-1 $3954 $3685 $3951 $3955 forward $3553 $-1 #
coedge $-1 -1 $-1 $3685 $3954 $3956 $3957 reversed $3553 $-1 #
coedge $-1 -1 $-1 $3958 $3952 $3685 $3823 reversed $102 $-1 #
edge $3959 -1 $-1 $3960 0 $3961 0.4395781772224937045 $3685 $3962 forward @7 unknown #
coedge $-1 -1 $-1 $3687 $3686 $3963 $3964 reversed $3419 $-1 #
coedge $-1 -1 $-1 $3965 $3966 $3686 $3826 forward $3967 $-1 #
edge $3968 -1 $-1 $3969 -0.75 $3829 0.25 $3825 $3970 forward @7 unknown #
coedge $-1 -1 $-1 $3688 $3971 $3965 $3972 forward $102 $-1 #
color-adesk-attrib $-1 -1 $-1 $-1 $3689 256 #
vertex $-1 -1 $-1 $3689 $3973 #
straight-curve $-1 -1 $-1 0.4965802347046165965 -6.268493441212886097 -0.5 -0.9829011735230788194 0.1841338727311042645 0 F 0 F 0.2000000000000000111 #
coedge $-1 -1 $-1 $3963 $3974 $3690 $3832 forward $264 $-1 #
edge $3975 -1 $-1 $3840 0 $3834 0.4395781772224937045 $3690 $3976 forward @7 unknown #
color-adesk-attrib $-1 -1 $-1 $-1 $3691 256 #
vertex $-1 -1 $-1 $3691 $3977 #
straight-curve $-1 -1 $-1 0.4965802347046165965 -6.268493441212886097 -0.5 0 0 1 I I #
coedge $-1 -1 $-1 $3978 $3692 $3974 $3979 reversed $3838 $-1 #
coedge $-1 -1 $-1 $3692 $3978 $3694 $3843 reversed $3838 $-1 #
loop $-1 -1 $-1 $-1 $3692 $3980 #
color-adesk-attrib $-1 -1 $-1 $-1 $3693 256 #
vertex $-1 -1 $-1 $3832 $3981 #
straight-curve $-1 -1 $-1 0.3000000000000002665 -6.661666666666667069 -0.25 0 0 1 I I #
coedge $-1 -1 $-1 $3707 $3694 $3982 $3983 reversed $102 $-1 #
edge $3984 -1 $-1 $3696 6.661666666666665293 $3985 6.661774193548385625 $3837 $277 forward @7 unknown #
point $-1 -1 $-1 0.3000000000000008216 -6.661666666666665293 -0.5 #
point $-1 -1 $-1 0.4965802347046165965 -6.268493441212886097 -0.5 #
coedge $-1 -1 $-1 $3986 $3699 $3702 $3850 forward $264 $-1 #
color-adesk-attrib $-1 -1 $-1 $-1 $3700 256 #
straight-curve $-1 -1 $-1 0.496580234704616541 -7.128708494976329746 0.5 -0.9829011735230788194 0.1841338727311042645 0 I I #
coedge $-1 -1 $-1 $3702 $3701 $3987 $3988 forward $3703 $-1 #
edge $3989 -1 $-1 $3705 -7.091881720430109226 $3990 -7.091774193548385341 $3702 $352 forward @7 unknown #
face $3991 -1 $-1 $3452 $3703 $8 $-1 $354 reversed single #
point $-1 -1 $-1 0.3000000000000007661 -7.091881720430109226 0.5 #
coedge $-1 -1 $-1 $3992 $3987 $3707 $3854 forward $3993 $-1 #
edge $3994 -1 $-1 $3856 0 $3995 0.4395781772224937045 $3853 $3996 forward @7 unknown #
color-adesk-attrib $-1 -1 $-1 $-1 $3708 256 #
vertex $-1 -1 $-1 $3708 $3997 #
coedge $-1 -1 $-1 $3710 $3722 $3998 $3999 forward $264 $-1 #
coedge $-1 -1 $-1 $3998 $3718 $3714 $3859 reversed $3864 $-1 #
edge $4000 -1 $-1 $3861 -0.75 $3721 0.25 $3714 $4001 forward @7 unknown #
color-adesk-attrib $-1 -1 $-1 $-1 $3715 256 #
vertex $-1 -1 $-1 $3715 $4002 #
color-adesk-attrib $-1 -1 $-1 $-1 $3716 256 #
coedge $-1 -1 $-1 $3718 $3998 $3728 $3873 reversed $3864 $-1 #
loop $-1 -1 $-1 $-1 $3718 $4003 #
color-adesk-attrib $-1 -1 $-1 $-1 $3719 256 #
straight-curve $-1 -1 $-1 0.4965802347046164855 -7.558816021858049794 -0.5 -0.9829011735230788194 0.1841338727311042645 0 F 0 F 0.2000000000000000111 #
point $-1 -1 $-1 0.3000000000000007105 -7.521989247311829274 -0.5 #
coedge $-1 -1 $-1 $3723 $3728 $3722 $3869 reversed $3729 $-1 #
edge $4004 -1 $-1 $3726 0 $4005 0.4395781772224937045 $3868 $4006 forward @7 unknown #
color-adesk-attrib $-1 -1 $-1 $-1 $3724 256 #
straight-curve $-1 -1 $-1 0.3000000000000002665 -7.951989247311830766 -0.25 0 0 1 I I #
point $-1 -1 $-1 0.3000000000000007105 -7.95198924731182899 0.5 #
edge $4007 -1 $-1 $3731 0 $4005 1 $3863 $4008 forward @7 unknown #
face $4009 -1 $-1 $4003 $3729 $8 $-1 $4010 forward single #
point $-1 -1 $-1 0.4965802347046164855 -7.558816021858049794 -0.5 #
color-adesk-attrib $-1 -1 $-1 $-1 $3735 256 #
straight-curve $-1 -1 $-1 0.49658023470461643 -8.41903107562148989 0.5 -0.9829011735230788194 0.1841338727311042645 0 I I #
color-adesk-attrib $-1 -1 $-1 $-1 $3739 256 #
plane-surface $-1 -1 $-1 0.49658023470461643 -8.41903107562148989 -0.5 0.1841338727311042645 0.9829011735230788194 0 -0.9829011735230788194 0.1841338727311042645 0 forward_v I I I I #
point $-1 -1 $-1 0.49658023470461643 -8.41903107562148989 0.5 #
color-adesk-attrib $-1 -1 $-1 $-1 $3748 256 #
face $4011 -1 $-1 $4012 $4013 $8 $-1 $4014 forward single #
loop $-1 -1 $-1 $-1 $3923 $3748 #
plane-surface $-1 -1 $-1 0.4965802347046175402 9.645485053410766341 -0.5 0.1841338727311042645 0.9829011735230788194 0 -0.9829011735230788194 0.1841338727311042645 0 forward_v I I I I #
coedge $-1 -1 $-1 $4015 $4016 $3929 $4017 forward $3749 $-1 #
edge $4018 -1 $-1 $3809 0 $3806 1 $3802 $4019 forward @7 unknown #
edge $4020 -1 $-1 $3889 -0.25 $3915 0.75 $3767 $4021 forward @7 unknown #
color-adesk-attrib $-1 -1 $-1 $-1 $3753 256 #
vertex $-1 -1 $-1 $3769 $4022 #
straight-curve $-1 -1 $-1 0.3000000000000018208 10.11252688172043079 -0.5 0.4472019879301609158 0.894432994690665506 0 F 0 F 0.4395781772224937045 #
color-adesk-attrib $-1 -1 $-1 $-1 $3760 256 #
face $4023 -1 $-1 $4024 $4025 $8 $-1 $354 reversed single #
loop $-1 -1 $-1 $-1 $4026 $3760 #
coedge $-1 -1 $-1 $4027 $4028 $4029 $4030 forward $3761 $-1 #
coedge $-1 -1 $-1 $4031 $3762 $4032 $4033 reversed $3629 $-1 #
coedge $-1 -1 $-1 $3762 $4031 $4034 $4035 reversed $3629 $-1 #
coedge $-1 -1 $-1 $4036 $4037 $3762 $3898 reversed $4038 $-1 #
edge $4039 -1 $-1 $4040 -0.75 $4041 0.25 $3762 $4042 forward @7 unknown #
coedge $-1 -1 $-1 $3764 $3763 $4043 $4044 forward $3497 $-1 #
coedge $-1 -1 $-1 $4045 $4046 $3763 $3901 forward $264 $-1 #
edge $4047 -1 $-1 $4048 8.822096774193546764 $3909 8.822204301075267097 $3763 $352 forward @7 unknown #
coedge $-1 -1 $-1 $4049 $4050 $3764 $3903 forward $102 $-1 #
edge $4051 -1 $-1 $3908 -8.822204301075267097 $4052 -8.822096774193546764 $3764 $277 forward @7 unknown #
coedge $-1 -1 $-1 $4053 $3765 $4050 $4054 forward $3906 $-1 #
coedge $-1 -1 $-1 $3765 $4053 $4045 $4055 reversed $3906 $-1 #
loop $-1 -1 $-1 $-1 $3904 $4056 #
color-adesk-attrib $-1 -1 $-1 $-1 $3766 256 #
vertex $-1 -1 $-1 $3903 $4057 #
vertex $-1 -1 $-1 $4055 $4058 #
straight-curve $-1 -1 $-1 0.3000000000000000444 8.822204301075263544 -0.25 0 0 1 I I #
coedge $-1 -1 $-1 $3786 $3768 $3773 $3918 reversed $102 $-1 #
color-adesk-attrib $-1 -1 $-1 $-1 $3769 256 #
coedge $-1 -1 $-1 $3770 $3781 $3772 $3917 forward $264 $-1 #
color-adesk-attrib $-1 -1 $-1 $-1 $3771 256 #
vertex $-1 -1 $-1 $3804 $4059 #
coedge $-1 -1 $-1 $3773 $3772 $3789 $3932 reversed $3774 $-1 #
edge $4060 -1 $-1 $3937 0 $3776 0.2000000000000000111 $3772 $4061 forward @7 unknown #
edge $4062 -1 $-1 $3934 0 $3777 0.2000000000000000111 $3773 $4063 forward @7 unknown #
face $4064 -1 $-1 $3528 $3774 $8 $-1 $4065 forward single #
point $-1 -1 $-1 0.3000000000000018208 10.11241935483871046 0.5 #
point $-1 -1 $-1 0.3000000000000018208 10.11241935483871046 -0.5 #
coedge $-1 -1 $-1 $4066 $3779 $3782 $3927 reversed $3883 $-1 #
coedge $-1 -1 $-1 $3779 $4066 $3785 $3930 forward $3883 $-1 #
color-adesk-attrib $-1 -1 $-1 $-1 $3780 256 #
straight-curve $-1 -1 $-1 0.3000000000000000444 9.682311827956988637 -0.25 0 0 -1 I I #
coedge $-1 -1 $-1 $3782 $4034 $4067 $4068 forward $264 $-1 #
edge $4069 -1 $-1 $4070 0 $3784 0.2000000000000000111 $3922 $4071 forward @7 unknown #
point $-1 -1 $-1 0.3000000000000017653 9.68231182795698686 0.5 #
coedge $-1 -1 $-1 $4032 $3785 $3885 $4017 reversed $102 $-1 #
edge $4072 -1 $-1 $4073 0 $3788 0.2000000000000000111 $3923 $4074 forward @7 unknown #
point $-1 -1 $-1 0.3000000000000017653 9.68231182795698686 -0.5 #
edge $4075 -1 $-1 $3934 0 $3937 1 $3916 $4076 forward @7 unknown #
color-adesk-attrib $-1 -1 $-1 $-1 $3790 256 #
vertex $-1 -1 $-1 $3918 $4077 #
straight-curve $-1 -1 $-1 0.3000000000000018208 9.682419354838710746 -0.5 0.4472019879301609158 0.894432994690665506 0 F 0 F 0.4395781772224937045 #
color-adesk-attrib $-1 -1 $-1 $-1 $3791 256 #
vertex $-1 -1 $-1 $3932 $4078 #
straight-curve $-1 -1 $-1 0.3000000000000018208 9.682419354838710746 0.5 0.4472019879301609158 0.894432994690665506 0 I I #
color-adesk-attrib $-1 -1 $-1 $-1 $3792 256 #
plane-surface $-1 -1 $-1 0.3000000000000018208 9.682419354838710746 -0.5 0.894432994690665617 -0.4472019879301609713 0 0.4472019879301609713 0.894432994690665617 0 forward_v I I I I #
color-adesk-attrib $-1 -1 $-1 $-1 $3804 256 #
straight-curve $-1 -1 $-1 0.3000000000000018208 10.11252688172043079 0.5 0.4472019879301609158 0.894432994690665506 0 I I #
point $-1 -1 $-1 0.4965802347046175957 10.50570010717420999 0.5 #
point $-1 -1 $-1 0.4965802347046175957 10.50570010717420999 -0.5 #
color-adesk-attrib $-1 -1 $-1 $-1 $3816 256 #
face $4079 -1 $-1 $4080 $4081 $8 $-1 $4082 forward single #
loop $-1 -1 $-1 $-1 $4083 $3816 #
plane-surface $-1 -1 $-1 0.4965802347046166521 -4.548063333686005905 -0.5 0.1841338727311042645 0.9829011735230788194 0 -0.9829011735230788194 0.1841338727311042645 0 forward_v I I I I #
coedge $-1 -1 $-1 $4084 $4085 $4086 $4087 forward $3817 $-1 #
coedge $-1 -1 $-1 $4088 $3819 $4089 $4090 reversed $3683 $-1 #
coedge $-1 -1 $-1 $3819 $4088 $3820 $3955 reversed $3683 $-1 #
coedge $-1 -1 $-1 $3822 $4091 $3819 $3953 reversed $102 $-1 #
edge $4092 -1 $-1 $3961 0 $4093 0.2000000000000000111 $3819 $4094 forward @7 unknown #
coedge $-1 -1 $-1 $3821 $3820 $4095 $4096 reversed $3553 $-1 #
edge $4097 -1 $-1 $3961 0 $4098 1 $3951 $4099 forward @7 unknown #
coedge $-1 -1 $-1 $4100 $4101 $3821 $3957 forward $4102 $-1 #
edge $4103 -1 $-1 $3960 -0.25 $4104 0.75 $3956 $4105 forward @7 unknown #
coedge $-1 -1 $-1 $4106 $3822 $4101 $4107 forward $102 $-1 #
color-adesk-attrib $-1 -1 $-1 $-1 $3823 256 #
vertex $-1 -1 $-1 $4107 $4108 #
vertex $-1 -1 $-1 $3953 $4109 #
straight-curve $-1 -1 $-1 0.3000000000000008771 -5.801451612903225197 -0.5 0.4472019879301609158 0.894432994690665506 0 F 0 F 0.4395781772224937045 #
coedge $-1 -1 $-1 $4110 $3831 $3824 $3964 forward $264 $-1 #
edge $4111 -1 $-1 $3834 0 $3969 0.2000000000000000111 $3824 $4112 forward @7 unknown #
coedge $-1 -1 $-1 $4113 $3825 $3827 $3972 reversed $3967 $-1 #
coedge $-1 -1 $-1 $3825 $4113 $4110 $4114 reversed $3967 $-1 #
loop $-1 -1 $-1 $-1 $3825 $4115 #
color-adesk-attrib $-1 -1 $-1 $-1 $3826 256 #
vertex $-1 -1 $-1 $4114 $4116 #
straight-curve $-1 -1 $-1 0.2999999999999999889 -6.231666666666665577 -0.25 0 0 -1 I I #
coedge $-1 -1 $-1 $3827 $4106 $4117 $4118 reversed $102 $-1 #
edge $4119 -1 $-1 $4120 6.231559139784945245 $3829 6.231666666666665577 $3965 $277 forward @7 unknown #
point $-1 -1 $-1 0.3000000000000008216 -6.231666666666665577 -0.5 #
coedge $-1 -1 $-1 $3831 $4121 $3836 $3979 forward $264 $-1 #
color-adesk-attrib $-1 -1 $-1 $-1 $3832 256 #
straight-curve $-1 -1 $-1 0.3000000000000008216 -6.661666666666665293 0.5 0.4472019879301609158 0.894432994690665506 0 I I #
point $-1 -1 $-1 0.4965802347046165965 -6.268493441212886097 0.5 #
coedge $-1 -1 $-1 $3837 $3836 $4122 $4123 forward $3838 $-1 #
edge $4124 -1 $-1 $4125 -6.661774193548385625 $3840 -6.661666666666665293 $3836 $352 forward @7 unknown #
face $4126 -1 $-1 $4115 $3838 $8 $-1 $354 reversed single #
point $-1 -1 $-1 0.3000000000000008216 -6.661666666666665293 0.5 #
coedge $-1 -1 $-1 $4122 $4127 $3842 $3983 forward $4128 $-1 #
edge $4129 -1 $-1 $3995 0 $3985 0.2000000000000000111 $3982 $4130 forward @7 unknown #
color-adesk-attrib $-1 -1 $-1 $-1 $3843 256 #
vertex $-1 -1 $-1 $3983 $4131 #
coedge $-1 -1 $-1 $4121 $3846 $4132 $4133 forward $264 $-1 #
coedge $-1 -1 $-1 $3853 $4132 $3849 $3988 reversed $3993 $-1 #
edge $4134 -1 $-1 $3856 -0.25 $3990 0.75 $3849 $4135 forward @7 unknown #
color-adesk-attrib $-1 -1 $-1 $-1 $3850 256 #
vertex $-1 -1 $-1 $4133 $4136 #
color-adesk-attrib $-1 -1 $-1 $-1 $3851 256 #
coedge $-1 -1 $-1 $4132 $3853 $4127 $4137 forward $3993 $-1 #
loop $-1 -1 $-1 $-1 $3853 $4138 #
color-adesk-attrib $-1 -1 $-1 $-1 $3854 256 #
vertex $-1 -1 $-1 $3983 $4139 #
straight-curve $-1 -1 $-1 0.3000000000000007661 -7.091774193548385341 -0.5 0.4472019879301609158 0.894432994690665506 0 F 0 F 0.4395781772224937045 #
point $-1 -1 $-1 0.3000000000000007661 -7.091774193548385341 -0.5 #
coedge $-1 -1 $-1 $3863 $3858 $3857 $3999 reversed $3864 $-1 #
edge $4140 -1 $-1 $4005 0 $3861 0.2000000000000000111 $3998 $4141 forward @7 unknown #
color-adesk-attrib $-1 -1 $-1 $-1 $3859 256 #
straight-curve $-1 -1 $-1 0.2999999999999999334 -7.521989247311828386 -0.25 0 0 -1 I I #
point $-1 -1 $-1 0.3000000000000007105 -7.521989247311829274 0.5 #
face $4142 -1 $-1 $3610 $3864 $8 $-1 $4143 forward single #
color-adesk-attrib $-1 -1 $-1 $-1 $3869 256 #
vertex $-1 -1 $-1 $3873 $4144 #
straight-curve $-1 -1 $-1 0.3000000000000007105 -7.95198924731182899 0.5 0.4472019879301609158 0.894432994690665506 0 I I #
color-adesk-attrib $-1 -1 $-1 $-1 $3873 256 #
straight-curve $-1 -1 $-1 0.4965802347046164855 -7.558816021858049794 -0.5 0 0 1 I I #
color-adesk-attrib $-1 -1 $-1 $-1 $3874 256 #
plane-surface $-1 -1 $-1 0.3000000000000007105 -7.95198924731182899 -0.5 0.894432994690665617 -0.4472019879301609713 0 0.4472019879301609713 0.894432994690665617 0 forward_v I I I I #
color-adesk-attrib $-1 -1 $-1 $-1 $3882 256 #
face $4145 -1 $-1 $4146 $4147 $8 $-1 $4148 forward single #
loop $-1 -1 $-1 $-1 $4149 $3882 #
plane-surface $-1 -1 $-1 0.3000000000000017097 8.392096774193547049 -0.5 0.894432994690665617 -0.4472019879301609713 0 0.4472019879301609713 0.894432994690665617 0 forward_v I I I I #
coedge $-1 -1 $-1 $4067 $3885 $4066 $4150 forward $3749 $-1 #
coedge $-1 -1 $-1 $3885 $4067 $4031 $4151 reversed $3749 $-1 #
edge $4152 -1 $-1 $4153 0 $4073 0.4395781772224937045 $3885 $4154 forward @7 unknown #
color-adesk-attrib $-1 -1 $-1 $-1 $3886 256 #
straight-curve $-1 -1 $-1 0.4965802347046175957 10.50570010717420999 -0.5 0 0 1 I I #
color-adesk-attrib $-1 -1 $-1 $-1 $3887 256 #
straight-curve $-1 -1 $-1 0.3000000000000000444 10.11252688172042724 -0.25 0 0 1 I I #
point $-1 -1 $-1 0.3000000000000018208 10.11252688172043079 -0.5 #
color-adesk-attrib $-1 -1 $-1 $-1 $3892 256 #
face $4155 -1 $-1 $4156 $4157 $8 $-1 $354 reversed single #
loop $-1 -1 $-1 $-1 $4158 $3892 #
coedge $-1 -1 $-1 $4159 $4160 $4161 $4162 forward $3893 $-1 #
coedge $-1 -1 $-1 $4163 $3894 $4164 $4165 reversed $3761 $-1 #
coedge $-1 -1 $-1 $3894 $4163 $4166 $4167 reversed $3761 $-1 #
coedge $-1 -1 $-1 $4168 $4169 $3894 $4030 reversed $4170 $-1 #
edge $4171 -1 $-1 $4172 -0.25 $4173 0.75 $3894 $4174 forward @7 unknown #
coedge $-1 -1 $-1 $3896 $3895 $4016 $4151 forward $3629 $-1 #
coedge $-1 -1 $-1 $4175 $3929 $3895 $4033 forward $102 $-1 #
edge $4176 -1 $-1 $4153 -9.252311827956987145 $4041 -9.252204301075266812 $3895 $277 forward @7 unknown #
coedge $-1 -1 $-1 $3926 $4177 $3896 $4035 forward $264 $-1 #
edge $4178 -1 $-1 $4040 9.252204301075266812 $4179 9.252311827956987145 $3896 $352 forward @7 unknown #
coedge $-1 -1 $-1 $4180 $3897 $4177 $4181 reversed $4038 $-1 #
coedge $-1 -1 $-1 $3897 $4180 $4175 $4182 forward $4038 $-1 #
loop $-1 -1 $-1 $-1 $4037 $4183 #
color-adesk-attrib $-1 -1 $-1 $-1 $3898 256 #
vertex $-1 -1 $-1 $4035 $4184 #
vertex $-1 -1 $-1 $4182 $4185 #
straight-curve $-1 -1 $-1 0.3000000000000000444 9.252204301075268589 -0.25 0 0 -1 I I #
coedge $-1 -1 $-1 $4186 $4187 $3899 $4044 reversed $4147 $-1 #
edge $4188 -1 $-1 $4048 -0.75 $4052 0.25 $3899 $4189 forward @7 unknown #
coedge $-1 -1 $-1 $4177 $3900 $3905 $4055 forward $264 $-1 #
coedge $-1 -1 $-1 $3900 $4190 $4186 $4191 forward $264 $-1 #
color-adesk-attrib $-1 -1 $-1 $-1 $3901 256 #
vertex $-1 -1 $-1 $3901 $4192 #
coedge $-1 -1 $-1 $4193 $3902 $4187 $4194 reversed $102 $-1 #
coedge $-1 -1 $-1 $3902 $4175 $3904 $4054 reversed $102 $-1 #
color-adesk-attrib $-1 -1 $-1 $-1 $3903 256 #
vertex $-1 -1 $-1 $4194 $4195 #
coedge $-1 -1 $-1 $3905 $3904 $4180 $4196 forward $3906 $-1 #
edge $4197 -1 $-1 $3908 0 $4198 0.4395781772224937045 $3904 $4199 forward @7 unknown #
edge $4200 -1 $-1 $3909 0 $4201 0.4395781772224937045 $3905 $4202 forward @7 unknown #
face $4203 -1 $-1 $4183 $3906 $8 $-1 $4204 forward single #
point $-1 -1 $-1 0.3000000000000017653 8.822204301075267097 -0.5 #
point $-1 -1 $-1 0.3000000000000017653 8.822204301075267097 0.5 #
point $-1 -1 $-1 0.3000000000000018208 10.11252688172043079 0.5 #
color-adesk-attrib $-1 -1 $-1 $-1 $3917 256 #
straight-curve $-1 -1 $-1 0.4965802347046175957 10.07559258029248994 0.5 -0.9829011735230788194 0.1841338727311042645 0 I I #
color-adesk-attrib $-1 -1 $-1 $-1 $3918 256 #
straight-curve $-1 -1 $-1 0.4965802347046175957 10.07559258029248994 -0.5 -0.9829011735230788194 0.1841338727311042645 0 F 0 F 0.2000000000000000111 #
color-adesk-attrib $-1 -1 $-1 $-1 $3919 256 #
plane-surface $-1 -1 $-1 0.4965802347046175957 10.07559258029248994 -0.5 0.1841338727311042645 0.9829011735230788194 0 -0.9829011735230788194 0.1841338727311042645 0 forward_v I I I I #
coedge $-1 -1 $-1 $3923 $3922 $4015 $4150 reversed $3883 $-1 #
coedge $-1 -1 $-1 $4016 $4015 $3926 $4068 reversed $3749 $-1 #
edge $4205 -1 $-1 $4179 0 $4070 0.4395781772224937045 $4067 $4206 forward @7 unknown #
color-adesk-attrib $-1 -1 $-1 $-1 $3927 256 #
vertex $-1 -1 $-1 $4150 $4207 #
straight-curve $-1 -1 $-1 0.4965802347046175402 9.645485053410766341 0.5 -0.9829011735230788194 0.1841338727311042645 0 I I #
color-adesk-attrib $-1 -1 $-1 $-1 $3930 256 #
vertex $-1 -1 $-1 $3930 $4208 #
straight-curve $-1 -1 $-1 0.4965802347046175402 9.645485053410766341 -0.5 -0.9829011735230788194 0.1841338727311042645 0 F 0 F 0.2000000000000000111 #
color-adesk-attrib $-1 -1 $-1 $-1 $3932 256 #
straight-curve $-1 -1 $-1 0.4965802347046175957 10.07559258029248994 -0.5 0 0 1 I I #
point $-1 -1 $-1 0.4965802347046175957 10.07559258029248994 -0.5 #
point $-1 -1 $-1 0.4965802347046175957 10.07559258029248994 0.5 #
color-adesk-attrib $-1 -1 $-1 $-1 $3946 256 #
face $4209 -1 $-1 $4210 $4211 $8 $-1 $4212 forward single #
loop $-1 -1 $-1 $-1 $4213 $3946 #
plane-surface $-1 -1 $-1 0.3000000000000009326 -4.081021505376345004 -0.5 0.894432994690665617 -0.4472019879301609713 0 0.4472019879301609713 0.894432994690665617 0 forward_v I I I I #
coedge $-1 -1 $-1 $4214 $4215 $4216 $4217 forward $3947 $-1 #
coedge $-1 -1 $-1 $4218 $3949 $4215 $4219 forward $3817 $-1 #
coedge $-1 -1 $-1 $3949 $4218 $4220 $4221 reversed $3817 $-1 #
coedge $-1 -1 $-1 $4222 $4216 $3949 $4087 reversed $102 $-1 #
edge $4223 -1 $-1 $4224 0 $4225 0.4395781772224937045 $3949 $4226 forward @7 unknown #
coedge $-1 -1 $-1 $3951 $3950 $4227 $4228 reversed $3683 $-1 #
coedge $-1 -1 $-1 $4229 $4230 $3950 $4090 forward $4231 $-1 #
edge $4232 -1 $-1 $4233 -0.75 $4093 0.25 $4089 $4234 forward @7 unknown #
coedge $-1 -1 $-1 $3952 $4235 $4229 $4236 forward $102 $-1 #
color-adesk-attrib $-1 -1 $-1 $-1 $3953 256 #
vertex $-1 -1 $-1 $3953 $4237 #
straight-curve $-1 -1 $-1 0.4965802347046166521 -5.408278387449446001 -0.5 -0.9829011735230788194 0.1841338727311042645 0 F 0 F 0.2000000000000000111 #
coedge $-1 -1 $-1 $4227 $4238 $3954 $4096 forward $264 $-1 #
edge $4239 -1 $-1 $4104 0 $4098 0.4395781772224937045 $3954 $4240 forward @7 unknown #
color-adesk-attrib $-1 -1 $-1 $-1 $3955 256 #
vertex $-1 -1 $-1 $3955 $4241 #
straight-curve $-1 -1 $-1 0.4965802347046166521 -5.408278387449446001 -0.5 0 0 1 I I #
coedge $-1 -1 $-1 $4242 $3956 $4238 $4243 reversed $4102 $-1 #
coedge $-1 -1 $-1 $3956 $4242 $3958 $4107 reversed $4102 $-1 #
loop $-1 -1 $-1 $-1 $3956 $4244 #
color-adesk-attrib $-1 -1 $-1 $-1 $3957 256 #
vertex $-1 -1 $-1 $4096 $4245 #
straight-curve $-1 -1 $-1 0.3000000000000002665 -5.801451612903226973 -0.25 0 0 1 I I #
coedge $-1 -1 $-1 $3971 $3958 $4246 $4247 reversed $102 $-1 #
edge $4248 -1 $-1 $3960 5.801451612903225197 $4249 5.801559139784945529 $4101 $277 forward @7 unknown #
point $-1 -1 $-1 0.3000000000000008771 -5.801451612903225197 -0.5 #
point $-1 -1 $-1 0.4965802347046166521 -5.408278387449446001 -0.5 #
coedge $-1 -1 $-1 $4250 $3963 $3966 $4114 forward $264 $-1 #
color-adesk-attrib $-1 -1 $-1 $-1 $3964 256 #
straight-curve $-1 -1 $-1 0.4965802347046165965 -6.268493441212886097 0.5 -0.9829011735230788194 0.1841338727311042645 0 I I #
coedge $-1 -1 $-1 $3966 $3965 $4251 $4252 forward $3967 $-1 #
edge $4253 -1 $-1 $3969 -6.231666666666665577 $4254 -6.231559139784945245 $3966 $352 forward @7 unknown #
face $4255 -1 $-1 $3716 $3967 $8 $-1 $354 reversed single #
point $-1 -1 $-1 0.3000000000000008216 -6.231666666666665577 0.5 #
coedge $-1 -1 $-1 $4256 $4251 $3971 $4118 forward $4257 $-1 #
edge $4258 -1 $-1 $4120 0 $4259 0.4395781772224937045 $4117 $4260 forward @7 unknown #
color-adesk-attrib $-1 -1 $-1 $-1 $3972 256 #
vertex $-1 -1 $-1 $3972 $4261 #
coedge $-1 -1 $-1 $3974 $3986 $4262 $4263 forward $264 $-1 #
coedge $-1 -1 $-1 $4262 $3982 $3978 $4123 reversed $4128 $-1 #
edge $4264 -1 $-1 $4125 -0.75 $3985 0.25 $3978 $4265 forward @7 unknown #
color-adesk-attrib $-1 -1 $-1 $-1 $3979 256 #
vertex $-1 -1 $-1 $3979 $4266 #
color-adesk-attrib $-1 -1 $-1 $-1 $3980 256 #
coedge $-1 -1 $-1 $3982 $4262 $3992 $4137 reversed $4128 $-1 #
loop $-1 -1 $-1 $-1 $3982 $4267 #
color-adesk-attrib $-1 -1 $-1 $-1 $3983 256 #
straight-curve $-1 -1 $-1 0.496580234704616541 -6.698600968094606145 -0.5 -0.9829011735230788194 0.1841338727311042645 0 F 0 F 0.2000000000000000111 #
point $-1 -1 $-1 0.3000000000000007661 -6.661774193548385625 -0.5 #
coedge $-1 -1 $-1 $3987 $3992 $3986 $4133 reversed $3993 $-1 #
edge $4268 -1 $-1 $3990 0 $4269 0.4395781772224937045 $4132 $4270 forward @7 unknown #
color-adesk-attrib $-1 -1 $-1 $-1 $3988 256 #
straight-curve $-1 -1 $-1 0.3000000000000000444 -7.091774193548387117 -0.25 0 0 1 I I #
point $-1 -1 $-1 0.3000000000000007661 -7.091774193548385341 0.5 #
edge $4271 -1 $-1 $3995 0 $4269 1 $4127 $4272 forward @7 unknown #
face $4273 -1 $-1 $4267 $3993 $8 $-1 $4274 forward single #
point $-1 -1 $-1 0.496580234704616541 -6.698600968094606145 -0.5 #
color-adesk-attrib $-1 -1 $-1 $-1 $3999 256 #
straight-curve $-1 -1 $-1 0.4965802347046164855 -7.558816021858049794 0.5 -0.9829011735230788194 0.1841338727311042645 0 I I #
color-adesk-attrib $-1 -1 $-1 $-1 $4003 256 #
plane-surface $-1 -1 $-1 0.4965802347046164855 -7.558816021858049794 -0.5 0.1841338727311042645 0.9829011735230788194 0 -0.9829011735230788194 0.1841338727311042645 0 forward_v I I I I #
point $-1 -1 $-1 0.4965802347046164855 -7.558816021858049794 0.5 #
color-adesk-attrib $-1 -1 $-1 $-1 $4012 256 #
face $4275 -1 $-1 $4276 $4277 $8 $-1 $4278 forward single #
loop $-1 -1 $-1 $-1 $4187 $4012 #
plane-surface $-1 -1 $-1 0.4965802347046174847 8.785269999647326244 -0.5 0.1841338727311042645 0.9829011735230788194 0 -0.9829011735230788194 0.1841338727311042645 0 forward_v I I I I #
coedge $-1 -1 $-1 $4279 $4280 $4193 $4281 forward $4013 $-1 #
edge $4282 -1 $-1 $4073 0 $4070 1 $4066 $4283 forward @7 unknown #
edge $4284 -1 $-1 $4153 -0.25 $4179 0.75 $4031 $4285 forward @7 unknown #
color-adesk-attrib $-1 -1 $-1 $-1 $4017 256 #
vertex $-1 -1 $-1 $4033 $4286 #
straight-curve $-1 -1 $-1 0.3000000000000017653 9.252311827956987145 -0.5 0.4472019879301609158 0.894432994690665506 0 F 0 F 0.4395781772224937045 #
color-adesk-attrib $-1 -1 $-1 $-1 $4024 256 #
face $4287 -1 $-1 $4288 $4289 $8 $-1 $354 reversed single #
loop $-1 -1 $-1 $-1 $4290 $4024 #
coedge $-1 -1 $-1 $4291 $4292 $4293 $4294 forward $4025 $-1 #
coedge $-1 -1 $-1 $4295 $4026 $4296 $4297 reversed $3893 $-1 #
coedge $-1 -1 $-1 $4026 $4295 $4298 $4299 reversed $3893 $-1 #
coedge $-1 -1 $-1 $4300 $4301 $4026 $4162 reversed $4302 $-1 #
edge $4303 -1 $-1 $4304 -0.75 $4305 0.25 $4026 $4306 forward @7 unknown #
coedge $-1 -1 $-1 $4028 $4027 $4307 $4308 forward $3761 $-1 #
coedge $-1 -1 $-1 $4309 $4310 $4027 $4165 forward $264 $-1 #
edge $4311 -1 $-1 $4312 7.961881720430106668 $4173 7.961989247311827 $4027 $352 forward @7 unknown #
coedge $-1 -1 $-1 $4313 $4314 $4028 $4167 forward $102 $-1 #
edge $4315 -1 $-1 $4172 -7.961989247311827 $4316 -7.961881720430106668 $4028 $277 forward @7 unknown #
coedge $-1 -1 $-1 $4317 $4029 $4314 $4318 forward $4170 $-1 #
coedge $-1 -1 $-1 $4029 $4317 $4309 $4319 reversed $4170 $-1 #
loop $-1 -1 $-1 $-1 $4168 $4320 #
color-adesk-attrib $-1 -1 $-1 $-1 $4030 256 #
vertex $-1 -1 $-1 $4167 $4321 #
vertex $-1 -1 $-1 $4319 $4322 #
straight-curve $-1 -1 $-1 0.3000000000000000444 7.961989247311823448 -0.25 0 0 1 I I #
coedge $-1 -1 $-1 $4050 $4032 $4037 $4182 reversed $102 $-1 #
color-adesk-attrib $-1 -1 $-1 $-1 $4033 256 #
coedge $-1 -1 $-1 $4034 $4045 $4036 $4181 forward $264 $-1 #
color-adesk-attrib $-1 -1 $-1 $-1 $4035 256 #
vertex $-1 -1 $-1 $4068 $4323 #
coedge $-1 -1 $-1 $4037 $4036 $4053 $4196 reversed $4038 $-1 #
edge $4324 -1 $-1 $4201 0 $4040 0.2000000000000000111 $4036 $4325 forward @7 unknown #
edge $4326 -1 $-1 $4198 0 $4041 0.2000000000000000111 $4037 $4327 forward @7 unknown #
face $4328 -1 $-1 $3792 $4038 $8 $-1 $4329 forward single #
point $-1 -1 $-1 0.3000000000000017653 9.252204301075266812 0.5 #
point $-1 -1 $-1 0.3000000000000017653 9.252204301075266812 -0.5 #
coedge $-1 -1 $-1 $4330 $4043 $4046 $4191 reversed $4147 $-1 #
coedge $-1 -1 $-1 $4043 $4330 $4049 $4194 forward $4147 $-1 #
color-adesk-attrib $-1 -1 $-1 $-1 $4044 256 #
straight-curve $-1 -1 $-1 0.3000000000000000444 8.822096774193548541 -0.25 0 0 -1 I I #
coedge $-1 -1 $-1 $4046 $4298 $4331 $4332 forward $264 $-1 #
edge $4333 -1 $-1 $4334 0 $4048 0.2000000000000000111 $4186 $4335 forward @7 unknown #
point $-1 -1 $-1 0.3000000000000017097 8.822096774193546764 0.5 #
coedge $-1 -1 $-1 $4296 $4049 $4149 $4281 reversed $102 $-1 #
edge $4336 -1 $-1 $4337 0 $4052 0.2000000000000000111 $4187 $4338 forward @7 unknown #
point $-1 -1 $-1 0.3000000000000017097 8.822096774193546764 -0.5 #
edge $4339 -1 $-1 $4198 0 $4201 1 $4180 $4340 forward @7 unknown #
color-adesk-attrib $-1 -1 $-1 $-1 $4054 256 #
vertex $-1 -1 $-1 $4182 $4341 #
straight-curve $-1 -1 $-1 0.3000000000000017653 8.822204301075267097 -0.5 0.4472019879301609158 0.894432994690665506 0 F 0 F 0.4395781772224937045 #
color-adesk-attrib $-1 -1 $-1 $-1 $4055 256 #
vertex $-1 -1 $-1 $4196 $4342 #
straight-curve $-1 -1 $-1 0.3000000000000017653 8.822204301075267097 0.5 0.4472019879301609158 0.894432994690665506 0 I I #
color-adesk-attrib $-1 -1 $-1 $-1 $4056 256 #
plane-surface $-1 -1 $-1 0.3000000000000017653 8.822204301075267097 -0.5 0.894432994690665617 -0.4472019879301609713 0 0.4472019879301609713 0.894432994690665617 0 forward_v I I I I #
color-adesk-attrib $-1 -1 $-1 $-1 $4068 256 #
straight-curve $-1 -1 $-1 0.3000000000000017653 9.252311827956987145 0.5 0.4472019879301609158 0.894432994690665506 0 I I #
point $-1 -1 $-1 0.4965802347046175402 9.645485053410766341 0.5 #
point $-1 -1 $-1 0.4965802347046175402 9.645485053410766341 -0.5 #
color-adesk-attrib $-1 -1 $-1 $-1 $4080 256 #
face $4343 -1 $-1 $4344 $4345 $8 $-1 $4346 forward single #
loop $-1 -1 $-1 $-1 $4347 $4080 #
plane-surface $-1 -1 $-1 0.4965802347046167631 -3.687848279922565808 -0.5 0.1841338727311042645 0.9829011735230788194 0 -0.9829011735230788194 0.1841338727311042645 0 forward_v I I I I #
coedge $-1 -1 $-1 $4348 $4349 $4350 $4351 forward $4081 $-1 #
coedge $-1 -1 $-1 $4352 $4083 $4353 $4354 reversed $3947 $-1 #
coedge $-1 -1 $-1 $4083 $4352 $4084 $4219 reversed $3947 $-1 #
coedge $-1 -1 $-1 $4086 $4355 $4083 $4217 reversed $102 $-1 #
edge $4356 -1 $-1 $4225 0 $4357 0.2000000000000000111 $4083 $4358 forward @7 unknown #
coedge $-1 -1 $-1 $4085 $4084 $4359 $4360 reversed $3817 $-1 #
edge $4361 -1 $-1 $4225 0 $4362 1 $4215 $4363 forward @7 unknown #
coedge $-1 -1 $-1 $4364 $4365 $4085 $4221 forward $4366 $-1 #
edge $4367 -1 $-1 $4224 -0.25 $4368 0.75 $4220 $4369 forward @7 unknown #
coedge $-1 -1 $-1 $4370 $4086 $4365 $4371 forward $102 $-1 #
color-adesk-attrib $-1 -1 $-1 $-1 $4087 256 #
vertex $-1 -1 $-1 $4371 $4372 #
vertex $-1 -1 $-1 $4217 $4373 #
straight-curve $-1 -1 $-1 0.3000000000000009326 -4.941236559139785101 -0.5 0.4472019879301609158 0.894432994690665506 0 F 0 F 0.4395781772224937045 #
coedge $-1 -1 $-1 $4374 $4095 $4088 $4228 forward $264 $-1 #
edge $4375 -1 $-1 $4098 0 $4233 0.2000000000000000111 $4088 $4376 forward @7 unknown #
coedge $-1 -1 $-1 $4377 $4089 $4091 $4236 reversed $4231 $-1 #
coedge $-1 -1 $-1 $4089 $4377 $4374 $4378 reversed $4231 $-1 #
loop $-1 -1 $-1 $-1 $4089 $4379 #
color-adesk-attrib $-1 -1 $-1 $-1 $4090 256 #
vertex $-1 -1 $-1 $4378 $4380 #
straight-curve $-1 -1 $-1 0.2999999999999999334 -5.371451612903224593 -0.25 0 0 -1 I I #
coedge $-1 -1 $-1 $4091 $4370 $4381 $4382 reversed $102 $-1 #
edge $4383 -1 $-1 $4384 5.371344086021505149 $4093 5.371451612903225481 $4229 $277 forward @7 unknown #
point $-1 -1 $-1 0.3000000000000008771 -5.371451612903225481 -0.5 #
coedge $-1 -1 $-1 $4095 $4385 $4100 $4243 forward $264 $-1 #
color-adesk-attrib $-1 -1 $-1 $-1 $4096 256 #
straight-curve $-1 -1 $-1 0.3000000000000008771 -5.801451612903225197 0.5 0.4472019879301609158 0.894432994690665506 0 I I #
point $-1 -1 $-1 0.4965802347046166521 -5.408278387449446001 0.5 #
coedge $-1 -1 $-1 $4101 $4100 $4386 $4387 forward $4102 $-1 #
edge $4388 -1 $-1 $4389 -5.801559139784945529 $4104 -5.801451612903225197 $4100 $352 forward @7 unknown #
face $4390 -1 $-1 $4379 $4102 $8 $-1 $354 reversed single #
point $-1 -1 $-1 0.3000000000000008771 -5.801451612903225197 0.5 #
coedge $-1 -1 $-1 $4386 $4391 $4106 $4247 forward $4392 $-1 #
edge $4393 -1 $-1 $4259 0 $4249 0.2000000000000000111 $4246 $4394 forward @7 unknown #
color-adesk-attrib $-1 -1 $-1 $-1 $4107 256 #
vertex $-1 -1 $-1 $4247 $4395 #
coedge $-1 -1 $-1 $4385 $4110 $4396 $4397 forward $264 $-1 #
coedge $-1 -1 $-1 $4117 $4396 $4113 $4252 reversed $4257 $-1 #
edge $4398 -1 $-1 $4120 -0.25 $4254 0.75 $4113 $4399 forward @7 unknown #
color-adesk-attrib $-1 -1 $-1 $-1 $4114 256 #
vertex $-1 -1 $-1 $4397 $4400 #
color-adesk-attrib $-1 -1 $-1 $-1 $4115 256 #
coedge $-1 -1 $-1 $4396 $4117 $4391 $4401 forward $4257 $-1 #
loop $-1 -1 $-1 $-1 $4117 $4402 #
color-adesk-attrib $-1 -1 $-1 $-1 $4118 256 #
vertex $-1 -1 $-1 $4247 $4403 #
straight-curve $-1 -1 $-1 0.3000000000000008216 -6.231559139784945245 -0.5 0.4472019879301609158 0.894432994690665506 0 F 0 F 0.4395781772224937045 #
point $-1 -1 $-1 0.3000000000000008216 -6.231559139784945245 -0.5 #
coedge $-1 -1 $-1 $4127 $4122 $4121 $4263 reversed $4128 $-1 #
edge $4404 -1 $-1 $4269 0 $4125 0.2000000000000000111 $4262 $4405 forward @7 unknown #
color-adesk-attrib $-1 -1 $-1 $-1 $4123 256 #
straight-curve $-1 -1 $-1 0.2999999999999999334 -6.661774193548384737 -0.25 0 0 -1 I I #
point $-1 -1 $-1 0.3000000000000007661 -6.661774193548385625 0.5 #
face $4406 -1 $-1 $3874 $4128 $8 $-1 $4407 forward single #
color-adesk-attrib $-1 -1 $-1 $-1 $4133 256 #
vertex $-1 -1 $-1 $4137 $4408 #
straight-curve $-1 -1 $-1 0.3000000000000007661 -7.091774193548385341 0.5 0.4472019879301609158 0.894432994690665506 0 I I #
color-adesk-attrib $-1 -1 $-1 $-1 $4137 256 #
straight-curve $-1 -1 $-1 0.496580234704616541 -6.698600968094606145 -0.5 0 0 1 I I #
color-adesk-attrib $-1 -1 $-1 $-1 $4138 256 #
plane-surface $-1 -1 $-1 0.3000000000000007661 -7.091774193548385341 -0.5 0.894432994690665617 -0.4472019879301609713 0 0.4472019879301609713 0.894432994690665617 0 forward_v I I I I #
color-adesk-attrib $-1 -1 $-1 $-1 $4146 256 #
face $4409 -1 $-1 $4410 $4411 $8 $-1 $4412 forward single #
loop $-1 -1 $-1 $-1 $4413 $4146 #
plane-surface $-1 -1 $-1 0.3000000000000016542 7.531881720430106952 -0.5 0.894432994690665617 -0.4472019879301609713 0 0.4472019879301609713 0.894432994690665617 0 forward_v I I I I #
coedge $-1 -1 $-1 $4331 $4149 $4330 $4414 forward $4013 $-1 #
coedge $-1 -1 $-1 $4149 $4331 $4295 $4415 reversed $4013 $-1 #
edge $4416 -1 $-1 $4417 0 $4337 0.4395781772224937045 $4149 $4418 forward @7 unknown #
color-adesk-attrib $-1 -1 $-1 $-1 $4150 256 #
straight-curve $-1 -1 $-1 0.4965802347046175402 9.645485053410766341 -0.5 0 0 1 I I #
color-adesk-attrib $-1 -1 $-1 $-1 $4151 256 #
straight-curve $-1 -1 $-1 0.3000000000000000444 9.252311827956983592 -0.25 0 0 1 I I #
point $-1 -1 $-1 0.3000000000000017653 9.252311827956987145 -0.5 #
color-adesk-attrib $-1 -1 $-1 $-1 $4156 256 #
face $4419 -1 $-1 $4420 $4421 $8 $-1 $354 reversed single #
loop $-1 -1 $-1 $-1 $4422 $4156 #
coedge $-1 -1 $-1 $4423 $4424 $4425 $4426 forward $4157 $-1 #
coedge $-1 -1 $-1 $4427 $4158 $4428 $4429 reversed $4025 $-1 #
coedge $-1 -1 $-1 $4158 $4427 $4430 $4431 reversed $4025 $-1 #
coedge $-1 -1 $-1 $4432 $4433 $4158 $4294 reversed $4434 $-1 #
edge $4435 -1 $-1 $4436 -0.25 $4437 0.75 $4158 $4438 forward @7 unknown #
coedge $-1 -1 $-1 $4160 $4159 $4280 $4415 forward $3893 $-1 #
coedge $-1 -1 $-1 $4439 $4193 $4159 $4297 forward $102 $-1 #
edge $4440 -1 $-1 $4417 -8.392096774193547049 $4305 -8.391989247311826716 $4159 $277 forward @7 unknown #
coedge $-1 -1 $-1 $4190 $4441 $4160 $4299 forward $264 $-1 #
edge $4442 -1 $-1 $4304 8.391989247311826716 $4443 8.392096774193547049 $4160 $352 forward @7 unknown #
coedge $-1 -1 $-1 $4444 $4161 $4441 $4445 reversed $4302 $-1 #
coedge $-1 -1 $-1 $4161 $4444 $4439 $4446 forward $4302 $-1 #
loop $-1 -1 $-1 $-1 $4301 $4447 #
color-adesk-attrib $-1 -1 $-1 $-1 $4162 256 #
vertex $-1 -1 $-1 $4299 $4448 #
vertex $-1 -1 $-1 $4446 $4449 #
straight-curve $-1 -1 $-1 0.3000000000000000444 8.391989247311826716 -0.25 0 0 -1 I I #
coedge $-1 -1 $-1 $4450 $4451 $4163 $4308 reversed $4411 $-1 #
edge $4452 -1 $-1 $4312 -0.75 $4316 0.25 $4163 $4453 forward @7 unknown #
coedge $-1 -1 $-1 $4441 $4164 $4169 $4319 forward $264 $-1 #
coedge $-1 -1 $-1 $4164 $4454 $4450 $4455 forward $264 $-1 #
color-adesk-attrib $-1 -1 $-1 $-1 $4165 256 #
vertex $-1 -1 $-1 $4165 $4456 #
coedge $-1 -1 $-1 $4457 $4166 $4451 $4458 reversed $102 $-1 #
coedge $-1 -1 $-1 $4166 $4439 $4168 $4318 reversed $102 $-1 #
color-adesk-attrib $-1 -1 $-1 $-1 $4167 256 #
vertex $-1 -1 $-1 $4458 $4459 #
coedge $-1 -1 $-1 $4169 $4168 $4444 $4460 forward $4170 $-1 #
edge $4461 -1 $-1 $4172 0 $4462 0.4395781772224937045 $4168 $4463 forward @7 unknown #
edge $4464 -1 $-1 $4173 0 $4465 0.4395781772224937045 $4169 $4466 forward @7 unknown #
face $4467 -1 $-1 $4447 $4170 $8 $-1 $4468 forward single #
point $-1 -1 $-1 0.3000000000000017097 7.961989247311827 -0.5 #
point $-1 -1 $-1 0.3000000000000017097 7.961989247311827 0.5 #
point $-1 -1 $-1 0.3000000000000017653 9.252311827956987145 0.5 #
color-adesk-attrib $-1 -1 $-1 $-1 $4181 256 #
straight-curve $-1 -1 $-1 0.4965802347046175402 9.215377526529046293 0.5 -0.9829011735230788194 0.1841338727311042645 0 I I #
color-adesk-attrib $-1 -1 $-1 $-1 $4182 256 #
straight-curve $-1 -1 $-1 0.4965802347046175402 9.215377526529046293 -0.5 -0.9829011735230788194 0.1841338727311042645 0 F 0 F 0.2000000000000000111 #
color-adesk-attrib $-1 -1 $-1 $-1 $4183 256 #
plane-surface $-1 -1 $-1 0.4965802347046175402 9.215377526529046293 -0.5 0.1841338727311042645 0.9829011735230788194 0 -0.9829011735230788194 0.1841338727311042645 0 forward_v I I I I #
coedge $-1 -1 $-1 $4187 $4186 $4279 $4414 reversed $4147 $-1 #
coedge $-1 -1 $-1 $4280 $4279 $4190 $4332 reversed $4013 $-1 #
edge $4469 -1 $-1 $4443 0 $4334 0.4395781772224937045 $4331 $4470 forward @7 unknown #
color-adesk-attrib $-1 -1 $-1 $-1 $4191 256 #
vertex $-1 -1 $-1 $4414 $4471 #
straight-curve $-1 -1 $-1 0.4965802347046174847 8.785269999647326244 0.5 -0.9829011735230788194 0.1841338727311042645 0 I I #
color-adesk-attrib $-1 -1 $-1 $-1 $4194 256 #
vertex $-1 -1 $-1 $4194 $4472 #
straight-curve $-1 -1 $-1 0.4965802347046174847 8.785269999647326244 -0.5 -0.9829011735230788194 0.1841338727311042645 0 F 0 F 0.2000000000000000111 #
color-adesk-attrib $-1 -1 $-1 $-1 $4196 256 #
straight-curve $-1 -1 $-1 0.4965802347046175402 9.215377526529046293 -0.5 0 0 1 I I #
point $-1 -1 $-1 0.4965802347046175402 9.215377526529046293 -0.5 #
point $-1 -1 $-1 0.4965802347046175402 9.215377526529046293 0.5 #
color-adesk-attrib $-1 -1 $-1 $-1 $4210 256 #
face $4473 -1 $-1 $4474 $4475 $8 $-1 $4476 forward single #
loop $-1 -1 $-1 $-1 $4477 $4210 #
plane-surface $-1 -1 $-1 0.3000000000000010436 -3.220806451612904908 -0.5 0.894432994690665617 -0.4472019879301609713 0 0.4472019879301609713 0.894432994690665617 0 forward_v I I I I #
coedge $-1 -1 $-1 $4478 $4479 $4480 $4481 forward $4211 $-1 #
coedge $-1 -1 $-1 $4482 $4213 $4479 $4483 forward $4081 $-1 #
coedge $-1 -1 $-1 $4213 $4482 $4484 $4485 reversed $4081 $-1 #
coedge $-1 -1 $-1 $4486 $4480 $4213 $4351 reversed $102 $-1 #
edge $4487 -1 $-1 $4488 0 $4489 0.4395781772224937045 $4213 $4490 forward @7 unknown #
coedge $-1 -1 $-1 $4215 $4214 $4491 $4492 reversed $3947 $-1 #
coedge $-1 -1 $-1 $4493 $4494 $4214 $4354 forward $4495 $-1 #
edge $4496 -1 $-1 $4497 -0.75 $4357 0.25 $4353 $4498 forward @7 unknown #
coedge $-1 -1 $-1 $4216 $4499 $4493 $4500 forward $102 $-1 #
color-adesk-attrib $-1 -1 $-1 $-1 $4217 256 #
vertex $-1 -1 $-1 $4217 $4501 #
straight-curve $-1 -1 $-1 0.4965802347046166521 -4.548063333686005905 -0.5 -0.9829011735230788194 0.1841338727311042645 0 F 0 F 0.2000000000000000111 #
coedge $-1 -1 $-1 $4491 $4502 $4218 $4360 forward $264 $-1 #
edge $4503 -1 $-1 $4368 0 $4362 0.4395781772224937045 $4218 $4504 forward @7 unknown #
color-adesk-attrib $-1 -1 $-1 $-1 $4219 256 #
vertex $-1 -1 $-1 $4219 $4505 #
straight-curve $-1 -1 $-1 0.4965802347046166521 -4.548063333686005905 -0.5 0 0 1 I I #
coedge $-1 -1 $-1 $4506 $4220 $4502 $4507 reversed $4366 $-1 #
coedge $-1 -1 $-1 $4220 $4506 $4222 $4371 reversed $4366 $-1 #
loop $-1 -1 $-1 $-1 $4220 $4508 #
color-adesk-attrib $-1 -1 $-1 $-1 $4221 256 #
vertex $-1 -1 $-1 $4360 $4509 #
straight-curve $-1 -1 $-1 0.3000000000000001554 -4.941236559139786877 -0.25 0 0 1 I I #
coedge $-1 -1 $-1 $4235 $4222 $4510 $4511 reversed $102 $-1 #
edge $4512 -1 $-1 $4224 4.941236559139785101 $4513 4.941344086021505433 $4365 $277 forward @7 unknown #
point $-1 -1 $-1 0.3000000000000009326 -4.941236559139785101 -0.5 #
point $-1 -1 $-1 0.4965802347046166521 -4.548063333686005905 -0.5 #
coedge $-1 -1 $-1 $4514 $4227 $4230 $4378 forward $264 $-1 #
color-adesk-attrib $-1 -1 $-1 $-1 $4228 256 #
straight-curve $-1 -1 $-1 0.4965802347046166521 -5.408278387449446001 0.5 -0.9829011735230788194 0.1841338727311042645 0 I I #
coedge $-1 -1 $-1 $4230 $4229 $4515 $4516 forward $4231 $-1 #
edge $4517 -1 $-1 $4233 -5.371451612903225481 $4518 -5.371344086021505149 $4230 $352 forward @7 unknown #
face $4519 -1 $-1 $3980 $4231 $8 $-1 $354 reversed single #
point $-1 -1 $-1 0.3000000000000008771 -5.371451612903225481 0.5 #
coedge $-1 -1 $-1 $4520 $4515 $4235 $4382 forward $4521 $-1 #
edge $4522 -1 $-1 $4384 0 $4523 0.4395781772224937045 $4381 $4524 forward @7 unknown #
color-adesk-attrib $-1 -1 $-1 $-1 $4236 256 #
vertex $-1 -1 $-1 $4236 $4525 #
coedge $-1 -1 $-1 $4238 $4250 $4526 $4527 forward $264 $-1 #
coedge $-1 -1 $-1 $4526 $4246 $4242 $4387 reversed $4392 $-1 #
edge $4528 -1 $-1 $4389 -0.75 $4249 0.25 $4242 $4529 forward @7 unknown #
color-adesk-attrib $-1 -1 $-1 $-1 $4243 256 #
vertex $-1 -1 $-1 $4243 $4530 #
color-adesk-attrib $-1 -1 $-1 $-1 $4244 256 #
coedge $-1 -1 $-1 $4246 $4526 $4256 $4401 reversed $4392 $-1 #
loop $-1 -1 $-1 $-1 $4246 $4531 #
color-adesk-attrib $-1 -1 $-1 $-1 $4247 256 #
straight-curve $-1 -1 $-1 0.4965802347046165965 -5.838385914331166049 -0.5 -0.9829011735230788194 0.1841338727311042645 0 F 0 F 0.2000000000000000111 #
point $-1 -1 $-1 0.3000000000000008216 -5.801559139784945529 -0.5 #
coedge $-1 -1 $-1 $4251 $4256 $4250 $4397 reversed $4257 $-1 #
edge $4532 -1 $-1 $4254 0 $4533 0.4395781772224937045 $4396 $4534 forward @7 unknown #
color-adesk-attrib $-1 -1 $-1 $-1 $4252 256 #
straight-curve $-1 -1 $-1 0.3000000000000002665 -6.231559139784947021 -0.25 0 0 1 I I #
point $-1 -1 $-1 0.3000000000000008216 -6.231559139784945245 0.5 #
edge $4535 -1 $-1 $4259 0 $4533 1 $4391 $4536 forward @7 unknown #
face $4537 -1 $-1 $4531 $4257 $8 $-1 $4538 forward single #
point $-1 -1 $-1 0.4965802347046165965 -5.838385914331166049 -0.5 #
color-adesk-attrib $-1 -1 $-1 $-1 $4263 256 #
straight-curve $-1 -1 $-1 0.496580234704616541 -6.698600968094606145 0.5 -0.9829011735230788194 0.1841338727311042645 0 I I #
color-adesk-attrib $-1 -1 $-1 $-1 $4267 256 #
plane-surface $-1 -1 $-1 0.496580234704616541 -6.698600968094606145 -0.5 0.1841338727311042645 0.9829011735230788194 0 -0.9829011735230788194 0.1841338727311042645 0 forward_v I I I I #
point $-1 -1 $-1 0.496580234704616541 -6.698600968094606145 0.5 #
color-adesk-attrib $-1 -1 $-1 $-1 $4276 256 #
face $4539 -1 $-1 $4540 $4541 $8 $-1 $4542 forward single #
loop $-1 -1 $-1 $-1 $4451 $4276 #
plane-surface $-1 -1 $-1 0.4965802347046174292 7.925054945883886148 -0.5 0.1841338727311042645 0.9829011735230788194 0 -0.9829011735230788194 0.1841338727311042645 0 forward_v I I I I #
coedge $-1 -1 $-1 $4543 $4544 $4457 $4545 forward $4277 $-1 #
edge $4546 -1 $-1 $4337 0 $4334 1 $4330 $4547 forward @7 unknown #
edge $4548 -1 $-1 $4417 -0.25 $4443 0.75 $4295 $4549 forward @7 unknown #
color-adesk-attrib $-1 -1 $-1 $-1 $4281 256 #
vertex $-1 -1 $-1 $4297 $4550 #
straight-curve $-1 -1 $-1 0.3000000000000017097 8.392096774193547049 -0.5 0.4472019879301609158 0.894432994690665506 0 F 0 F 0.4395781772224937045 #
color-adesk-attrib $-1 -1 $-1 $-1 $4288 256 #
face $4551 -1 $-1 $4552 $4553 $8 $-1 $354 reversed single #
loop $-1 -1 $-1 $-1 $4554 $4288 #
coedge $-1 -1 $-1 $4555 $4556 $4557 $4558 forward $4289 $-1 #
coedge $-1 -1 $-1 $4559 $4290 $4560 $4561 reversed $4157 $-1 #
coedge $-1 -1 $-1 $4290 $4559 $4562 $4563 reversed $4157 $-1 #
coedge $-1 -1 $-1 $4564 $4565 $4290 $4426 reversed $4566 $-1 #
edge $4567 -1 $-1 $4568 -0.75 $4569 0.25 $4290 $4570 forward @7 unknown #
coedge $-1 -1 $-1 $4292 $4291 $4571 $4572 forward $4025 $-1 #
coedge $-1 -1 $-1 $4573 $4574 $4291 $4429 forward $264 $-1 #
edge $4575 -1 $-1 $4576 7.101666666666666572 $4437 7.101774193548386904 $4291 $352 forward @7 unknown #
coedge $-1 -1 $-1 $4577 $4578 $4292 $4431 forward $102 $-1 #
edge $4579 -1 $-1 $4436 -7.101774193548386904 $4580 -7.101666666666666572 $4292 $277 forward @7 unknown #
coedge $-1 -1 $-1 $4581 $4293 $4578 $4582 forward $4434 $-1 #
coedge $-1 -1 $-1 $4293 $4581 $4573 $4583 reversed $4434 $-1 #
loop $-1 -1 $-1 $-1 $4432 $4584 #
color-adesk-attrib $-1 -1 $-1 $-1 $4294 256 #
vertex $-1 -1 $-1 $4431 $4585 #
vertex $-1 -1 $-1 $4583 $4586 #
straight-curve $-1 -1 $-1 0.2999999999999998224 7.101774193548383352 -0.25 0 0 1 I I #
coedge $-1 -1 $-1 $4314 $4296 $4301 $4446 reversed $102 $-1 #
color-adesk-attrib $-1 -1 $-1 $-1 $4297 256 #
coedge $-1 -1 $-1 $4298 $4309 $4300 $4445 forward $264 $-1 #
color-adesk-attrib $-1 -1 $-1 $-1 $4299 256 #
vertex $-1 -1 $-1 $4332 $4587 #
coedge $-1 -1 $-1 $4301 $4300 $4317 $4460 reversed $4302 $-1 #
edge $4588 -1 $-1 $4465 0 $4304 0.2000000000000000111 $4300 $4589 forward @7 unknown #
edge $4590 -1 $-1 $4462 0 $4305 0.2000000000000000111 $4301 $4591 forward @7 unknown #
face $4592 -1 $-1 $4056 $4302 $8 $-1 $4593 forward single #
point $-1 -1 $-1 0.3000000000000017097 8.391989247311826716 0.5 #
point $-1 -1 $-1 0.3000000000000017097 8.391989247311826716 -0.5 #
coedge $-1 -1 $-1 $4594 $4307 $4310 $4455 reversed $4411 $-1 #
coedge $-1 -1 $-1 $4307 $4594 $4313 $4458 forward $4411 $-1 #
color-adesk-attrib $-1 -1 $-1 $-1 $4308 256 #
straight-curve $-1 -1 $-1 0.3000000000000000444 7.961881720430106668 -0.25 0 0 -1 I I #
coedge $-1 -1 $-1 $4310 $4562 $4595 $4596 forward $264 $-1 #
edge $4597 -1 $-1 $4598 0 $4312 0.2000000000000000111 $4450 $4599 forward @7 unknown #
point $-1 -1 $-1 0.3000000000000016542 7.961881720430106668 0.5 #
coedge $-1 -1 $-1 $4560 $4313 $4413 $4545 reversed $102 $-1 #
edge $4600 -1 $-1 $4601 0 $4316 0.2000000000000000111 $4451 $4602 forward @7 unknown #
point $-1 -1 $-1 0.3000000000000016542 7.961881720430106668 -0.5 #
edge $4603 -1 $-1 $4462 0 $4465 1 $4444 $4604 forward @7 unknown #
color-adesk-attrib $-1 -1 $-1 $-1 $4318 256 #
vertex $-1 -1 $-1 $4446 $4605 #
straight-curve $-1 -1 $-1 0.3000000000000017097 7.961989247311827 -0.5 0.4472019879301609158 0.894432994690665506 0 F 0 F 0.4395781772224937045 #
color-adesk-attrib $-1 -1 $-1 $-1 $4319 256 #
vertex $-1 -1 $-1 $4460 $4606 #
straight-curve $-1 -1 $-1 0.3000000000000017097 7.961989247311827 0.5 0.4472019879301609158 0.894432994690665506 0 I I #
color-adesk-attrib $-1 -1 $-1 $-1 $4320 256 #
plane-surface $-1 -1 $-1 0.3000000000000017097 7.961989247311827 -0.5 0.894432994690665617 -0.4472019879301609713 0 0.4472019879301609713 0.894432994690665617 0 forward_v I I I I #
color-adesk-attrib $-1 -1 $-1 $-1 $4332 256 #
straight-curve $-1 -1 $-1 0.3000000000000017097 8.392096774193547049 0.5 0.4472019879301609158 0.894432994690665506 0 I I #
point $-1 -1 $-1 0.4965802347046174847 8.785269999647326244 0.5 #
point $-1 -1 $-1 0.4965802347046174847 8.785269999647326244 -0.5 #
color-adesk-attrib $-1 -1 $-1 $-1 $4344 256 #
face $4607 -1 $-1 $4608 $4609 $8 $-1 $4610 forward single #
loop $-1 -1 $-1 $-1 $4611 $4344 #
plane-surface $-1 -1 $-1 0.4965802347046167631 -2.827633226159125712 -0.5 0.1841338727311042645 0.9829011735230788194 0 -0.9829011735230788194 0.1841338727311042645 0 forward_v I I I I #
coedge $-1 -1 $-1 $4612 $4613 $4614 $4615 forward $4345 $-1 #
coedge $-1 -1 $-1 $4616 $4347 $4617 $4618 reversed $4211 $-1 #
coedge $-1 -1 $-1 $4347 $4616 $4348 $4483 reversed $4211 $-1 #
coedge $-1 -1 $-1 $4350 $4619 $4347 $4481 reversed $102 $-1 #
edge $4620 -1 $-1 $4489 0 $4621 0.2000000000000000111 $4347 $4622 forward @7 unknown #
coedge $-1 -1 $-1 $4349 $4348 $4623 $4624 reversed $4081 $-1 #
edge $4625 -1 $-1 $4489 0 $4626 1 $4479 $4627 forward @7 unknown #
coedge $-1 -1 $-1 $4628 $4629 $4349 $4485 forward $4630 $-1 #
edge $4631 -1 $-1 $4488 -0.25 $4632 0.75 $4484 $4633 forward @7 unknown #
coedge $-1 -1 $-1 $4634 $4350 $4629 $4635 forward $102 $-1 #
color-adesk-attrib $-1 -1 $-1 $-1 $4351 256 #
vertex $-1 -1 $-1 $4635 $4636 #
vertex $-1 -1 $-1 $4481 $4637 #
straight-curve $-1 -1 $-1 0.3000000000000009326 -4.081021505376345004 -0.5 0.4472019879301609158 0.894432994690665506 0 F 0 F 0.4395781772224937045 #
coedge $-1 -1 $-1 $4638 $4359 $4352 $4492 forward $264 $-1 #
edge $4639 -1 $-1 $4362 0 $4497 0.2000000000000000111 $4352 $4640 forward @7 unknown #
coedge $-1 -1 $-1 $4641 $4353 $4355 $4500 reversed $4495 $-1 #
coedge $-1 -1 $-1 $4353 $4641 $4638 $4642 reversed $4495 $-1 #
loop $-1 -1 $-1 $-1 $4353 $4643 #
color-adesk-attrib $-1 -1 $-1 $-1 $4354 256 #
vertex $-1 -1 $-1 $4642 $4644 #
straight-curve $-1 -1 $-1 0.3000000000000000444 -4.511236559139785385 -0.25 0 0 -1 I I #
coedge $-1 -1 $-1 $4355 $4634 $4645 $4646 reversed $102 $-1 #
edge $4647 -1 $-1 $4648 4.511129032258065052 $4357 4.511236559139785385 $4493 $277 forward @7 unknown #
point $-1 -1 $-1 0.3000000000000009326 -4.511236559139785385 -0.5 #
coedge $-1 -1 $-1 $4359 $4649 $4364 $4507 forward $264 $-1 #
color-adesk-attrib $-1 -1 $-1 $-1 $4360 256 #
straight-curve $-1 -1 $-1 0.3000000000000009326 -4.941236559139785101 0.5 0.4472019879301609158 0.894432994690665506 0 I I #
point $-1 -1 $-1 0.4965802347046166521 -4.548063333686005905 0.5 #
coedge $-1 -1 $-1 $4365 $4364 $4650 $4651 forward $4366 $-1 #
edge $4652 -1 $-1 $4653 -4.941344086021505433 $4368 -4.941236559139785101 $4364 $352 forward @7 unknown #
face $4654 -1 $-1 $4643 $4366 $8 $-1 $354 reversed single #
point $-1 -1 $-1 0.3000000000000009326 -4.941236559139785101 0.5 #
coedge $-1 -1 $-1 $4650 $4655 $4370 $4511 forward $4656 $-1 #
edge $4657 -1 $-1 $4523 0 $4513 0.2000000000000000111 $4510 $4658 forward @7 unknown #
color-adesk-attrib $-1 -1 $-1 $-1 $4371 256 #
vertex $-1 -1 $-1 $4511 $4659 #
coedge $-1 -1 $-1 $4649 $4374 $4660 $4661 forward $264 $-1 #
coedge $-1 -1 $-1 $4381 $4660 $4377 $4516 reversed $4521 $-1 #
edge $4662 -1 $-1 $4384 -0.25 $4518 0.75 $4377 $4663 forward @7 unknown #
color-adesk-attrib $-1 -1 $-1 $-1 $4378 256 #
vertex $-1 -1 $-1 $4661 $4664 #
color-adesk-attrib $-1 -1 $-1 $-1 $4379 256 #
coedge $-1 -1 $-1 $4660 $4381 $4655 $4665 forward $4521 $-1 #
loop $-1 -1 $-1 $-1 $4381 $4666 #
color-adesk-attrib $-1 -1 $-1 $-1 $4382 256 #
vertex $-1 -1 $-1 $4511 $4667 #
straight-curve $-1 -1 $-1 0.3000000000000008771 -5.371344086021505149 -0.5 0.4472019879301609158 0.894432994690665506 0 F 0 F 0.4395781772224937045 #
point $-1 -1 $-1 0.3000000000000008771 -5.371344086021505149 -0.5 #
coedge $-1 -1 $-1 $4391 $4386 $4385 $4527 reversed $4392 $-1 #
edge $4668 -1 $-1 $4533 0 $4389 0.2000000000000000111 $4526 $4669 forward @7 unknown #
color-adesk-attrib $-1 -1 $-1 $-1 $4387 256 #
straight-curve $-1 -1 $-1 0.2999999999999999889 -5.801559139784944641 -0.25 0 0 -1 I I #
point $-1 -1 $-1 0.3000000000000008216 -5.801559139784945529 0.5 #
face $4670 -1 $-1 $4138 $4392 $8 $-1 $4671 forward single #
color-adesk-attrib $-1 -1 $-1 $-1 $4397 256 #
vertex $-1 -1 $-1 $4401 $4672 #
straight-curve $-1 -1 $-1 0.3000000000000008216 -6.231559139784945245 0.5 0.4472019879301609158 0.894432994690665506 0 I I #
color-adesk-attrib $-1 -1 $-1 $-1 $4401 256 #
straight-curve $-1 -1 $-1 0.4965802347046165965 -5.838385914331166049 -0.5 0 0 1 I I #
color-adesk-attrib $-1 -1 $-1 $-1 $4402 256 #
plane-surface $-1 -1 $-1 0.3000000000000008216 -6.231559139784945245 -0.5 0.894432994690665617 -0.4472019879301609713 0 0.4472019879301609713 0.894432994690665617 0 forward_v I I I I #
color-adesk-attrib $-1 -1 $-1 $-1 $4410 256 #
face $4673 -1 $-1 $4674 $4675 $8 $-1 $4676 forward single #
loop $-1 -1 $-1 $-1 $4677 $4410 #
plane-surface $-1 -1 $-1 0.3000000000000015987 6.671666666666666856 -0.5 0.894432994690665617 -0.4472019879301609713 0 0.4472019879301609713 0.894432994690665617 0 forward_v I I I I #
coedge $-1 -1 $-1 $4595 $4413 $4594 $4678 forward $4277 $-1 #
coedge $-1 -1 $-1 $4413 $4595 $4559 $4679 reversed $4277 $-1 #
edge $4680 -1 $-1 $4681 0 $4601 0.4395781772224937045 $4413 $4682 forward @7 unknown #
color-adesk-attrib $-1 -1 $-1 $-1 $4414 256 #
straight-curve $-1 -1 $-1 0.4965802347046174847 8.785269999647326244 -0.5 0 0 1 I I #
color-adesk-attrib $-1 -1 $-1 $-1 $4415 256 #
straight-curve $-1 -1 $-1 0.3000000000000000444 8.392096774193543496 -0.25 0 0 1 I I #
point $-1 -1 $-1 0.3000000000000017097 8.392096774193547049 -0.5 #
color-adesk-attrib $-1 -1 $-1 $-1 $4420 256 #
face $4683 -1 $-1 $4684 $4685 $8 $-1 $354 reversed single #
loop $-1 -1 $-1 $-1 $4686 $4420 #
coedge $-1 -1 $-1 $4687 $4688 $4689 $4690 forward $4421 $-1 #
coedge $-1 -1 $-1 $4691 $4422 $4692 $4693 reversed $4289 $-1 #
coedge $-1 -1 $-1 $4422 $4691 $4694 $4695 reversed $4289 $-1 #
coedge $-1 -1 $-1 $4696 $4697 $4422 $4558 reversed $4698 $-1 #
edge $4699 -1 $-1 $4700 -0.25 $4701 0.75 $4422 $4702 forward @7 unknown #
coedge $-1 -1 $-1 $4424 $4423 $4544 $4679 forward $4157 $-1 #
coedge $-1 -1 $-1 $4703 $4457 $4423 $4561 forward $102 $-1 #
edge $4704 -1 $-1 $4681 -7.531881720430106952 $4569 -7.53177419354838662 $4423 $277 forward @7 unknown #
coedge $-1 -1 $-1 $4454 $4705 $4424 $4563 forward $264 $-1 #
edge $4706 -1 $-1 $4568 7.53177419354838662 $4707 7.531881720430106952 $4424 $352 forward @7 unknown #
coedge $-1 -1 $-1 $4708 $4425 $4705 $4709 reversed $4566 $-1 #
coedge $-1 -1 $-1 $4425 $4708 $4703 $4710 forward $4566 $-1 #
loop $-1 -1 $-1 $-1 $4565 $4711 #
color-adesk-attrib $-1 -1 $-1 $-1 $4426 256 #
vertex $-1 -1 $-1 $4563 $4712 #
vertex $-1 -1 $-1 $4710 $4713 #
straight-curve $-1 -1 $-1 0.3000000000000000444 7.531774193548387508 -0.25 0 0 -1 I I #
coedge $-1 -1 $-1 $4714 $4715 $4427 $4572 reversed $4675 $-1 #
edge $4716 -1 $-1 $4576 -0.75 $4580 0.25 $4427 $4717 forward @7 unknown #
coedge $-1 -1 $-1 $4705 $4428 $4433 $4583 forward $264 $-1 #
coedge $-1 -1 $-1 $4428 $4718 $4714 $4719 forward $264 $-1 #
color-adesk-attrib $-1 -1 $-1 $-1 $4429 256 #
vertex $-1 -1 $-1 $4429 $4720 #
coedge $-1 -1 $-1 $4721 $4430 $4715 $4722 reversed $102 $-1 #
coedge $-1 -1 $-1 $4430 $4703 $4432 $4582 reversed $102 $-1 #
color-adesk-attrib $-1 -1 $-1 $-1 $4431 256 #
vertex $-1 -1 $-1 $4722 $4723 #
coedge $-1 -1 $-1 $4433 $4432 $4708 $4724 forward $4434 $-1 #
edge $4725 -1 $-1 $4436 0 $4726 0.4395781772224937045 $4432 $4727 forward @7 unknown #
edge $4728 -1 $-1 $4437 0 $4729 0.4395781772224937045 $4433 $4730 forward @7 unknown #
face $4731 -1 $-1 $4711 $4434 $8 $-1 $4732 forward single #
point $-1 -1 $-1 0.3000000000000016542 7.101774193548386904 -0.5 #
point $-1 -1 $-1 0.3000000000000016542 7.101774193548386904 0.5 #
point $-1 -1 $-1 0.3000000000000017097 8.392096774193547049 0.5 #
color-adesk-attrib $-1 -1 $-1 $-1 $4445 256 #
straight-curve $-1 -1 $-1 0.4965802347046174847 8.355162472765606196 0.5 -0.9829011735230788194 0.1841338727311042645 0 I I #
color-adesk-attrib $-1 -1 $-1 $-1 $4446 256 #
straight-curve $-1 -1 $-1 0.4965802347046174847 8.355162472765606196 -0.5 -0.9829011735230788194 0.1841338727311042645 0 F 0 F 0.2000000000000000111 #
color-adesk-attrib $-1 -1 $-1 $-1 $4447 256 #
plane-surface $-1 -1 $-1 0.4965802347046174847 8.355162472765606196 -0.5 0.1841338727311042645 0.9829011735230788194 0 -0.9829011735230788194 0.1841338727311042645 0 forward_v I I I I #
coedge $-1 -1 $-1 $4451 $4450 $4543 $4678 reversed $4411 $-1 #
coedge $-1 -1 $-1 $4544 $4543 $4454 $4596 reversed $4277 $-1 #
edge $4733 -1 $-1 $4707 0 $4598 0.4395781772224937045 $4595 $4734 forward @7 unknown #
color-adesk-attrib $-1 -1 $-1 $-1 $4455 256 #
vertex $-1 -1 $-1 $4678 $4735 #
straight-curve $-1 -1 $-1 0.4965802347046174292 7.925054945883886148 0.5 -0.9829011735230788194 0.1841338727311042645 0 I I #
color-adesk-attrib $-1 -1 $-1 $-1 $4458 256 #
vertex $-1 -1 $-1 $4458 $4736 #
straight-curve $-1 -1 $-1 0.4965802347046174292 7.925054945883886148 -0.5 -0.9829011735230788194 0.1841338727311042645 0 F 0 F 0.2000000000000000111 #
color-adesk-attrib $-1 -1 $-1 $-1 $4460 256 #
straight-curve $-1 -1 $-1 0.4965802347046174847 8.355162472765606196 -0.5 0 0 1 I I #
point $-1 -1 $-1 0.4965802347046174847 8.355162472765606196 -0.5 #
point $-1 -1 $-1 0.4965802347046174847 8.355162472765606196 0.5 #
color-adesk-attrib $-1 -1 $-1 $-1 $4474 256 #
face $4737 -1 $-1 $4738 $4739 $8 $-1 $4740 forward single #
loop $-1 -1 $-1 $-1 $4741 $4474 #
plane-surface $-1 -1 $-1 0.3000000000000010436 -2.360591397849464812 -0.5 0.894432994690665617 -0.4472019879301609713 0 0.4472019879301609713 0.894432994690665617 0 forward_v I I I I #
coedge $-1 -1 $-1 $4742 $4743 $4744 $4745 forward $4475 $-1 #
coedge $-1 -1 $-1 $4746 $4477 $4743 $4747 forward $4345 $-1 #
coedge $-1 -1 $-1 $4477 $4746 $4748 $4749 reversed $4345 $-1 #
coedge $-1 -1 $-1 $4750 $4744 $4477 $4615 reversed $102 $-1 #
edge $4751 -1 $-1 $4752 0 $4753 0.4395781772224937045 $4477 $4754 forward @7 unknown #
coedge $-1 -1 $-1 $4479 $4478 $4755 $4756 reversed $4211 $-1 #
coedge $-1 -1 $-1 $4757 $4758 $4478 $4618 forward $4759 $-1 #
edge $4760 -1 $-1 $4761 -0.75 $4621 0.25 $4617 $4762 forward @7 unknown #
coedge $-1 -1 $-1 $4480 $4763 $4757 $4764 forward $102 $-1 #
color-adesk-attrib $-1 -1 $-1 $-1 $4481 256 #
vertex $-1 -1 $-1 $4481 $4765 #
straight-curve $-1 -1 $-1 0.4965802347046167631 -3.687848279922565808 -0.5 -0.9829011735230788194 0.1841338727311042645 0 F 0 F 0.2000000000000000111 #
coedge $-1 -1 $-1 $4755 $4766 $4482 $4624 forward $264 $-1 #
edge $4767 -1 $-1 $4632 0 $4626 0.4395781772224937045 $4482 $4768 forward @7 unknown #
color-adesk-attrib $-1 -1 $-1 $-1 $4483 256 #
vertex $-1 -1 $-1 $4483 $4769 #
straight-curve $-1 -1 $-1 0.4965802347046167631 -3.687848279922565808 -0.5 0 0 1 I I #
coedge $-1 -1 $-1 $4770 $4484 $4766 $4771 reversed $4630 $-1 #
coedge $-1 -1 $-1 $4484 $4770 $4486 $4635 reversed $4630 $-1 #
loop $-1 -1 $-1 $-1 $4484 $4772 #
color-adesk-attrib $-1 -1 $-1 $-1 $4485 256 #
vertex $-1 -1 $-1 $4624 $4773 #
straight-curve $-1 -1 $-1 0.3000000000000000444 -4.081021505376346781 -0.25 0 0 1 I I #
coedge $-1 -1 $-1 $4499 $4486 $4774 $4775 reversed $102 $-1 #
edge $4776 -1 $-1 $4488 4.081021505376345004 $4777 4.081129032258065337 $4629 $277 forward @7 unknown #
point $-1 -1 $-1 0.3000000000000009326 -4.081021505376345004 -0.5 #
point $-1 -1 $-1 0.4965802347046167631 -3.687848279922565808 -0.5 #
coedge $-1 -1 $-1 $4778 $4491 $4494 $4642 forward $264 $-1 #
color-adesk-attrib $-1 -1 $-1 $-1 $4492 256 #
straight-curve $-1 -1 $-1 0.4965802347046166521 -4.548063333686005905 0.5 -0.9829011735230788194 0.1841338727311042645 0 I I #
coedge $-1 -1 $-1 $4494 $4493 $4779 $4780 forward $4495 $-1 #
edge $4781 -1 $-1 $4497 -4.511236559139785385 $4782 -4.511129032258065052 $4494 $352 forward @7 unknown #
face $4783 -1 $-1 $4244 $4495 $8 $-1 $354 reversed single #
point $-1 -1 $-1 0.3000000000000009326 -4.511236559139785385 0.5 #
coedge $-1 -1 $-1 $4784 $4779 $4499 $4646 forward $4785 $-1 #
edge $4786 -1 $-1 $4648 0 $4787 0.4395781772224937045 $4645 $4788 forward @7 unknown #
color-adesk-attrib $-1 -1 $-1 $-1 $4500 256 #
vertex $-1 -1 $-1 $4500 $4789 #
coedge $-1 -1 $-1 $4502 $4514 $4790 $4791 forward $264 $-1 #
coedge $-1 -1 $-1 $4790 $4510 $4506 $4651 reversed $4656 $-1 #
edge $4792 -1 $-1 $4653 -0.75 $4513 0.25 $4506 $4793 forward @7 unknown #
color-adesk-attrib $-1 -1 $-1 $-1 $4507 256 #
vertex $-1 -1 $-1 $4507 $4794 #
color-adesk-attrib $-1 -1 $-1 $-1 $4508 256 #
coedge $-1 -1 $-1 $4510 $4790 $4520 $4665 reversed $4656 $-1 #
loop $-1 -1 $-1 $-1 $4510 $4795 #
color-adesk-attrib $-1 -1 $-1 $-1 $4511 256 #
straight-curve $-1 -1 $-1 0.4965802347046166521 -4.978170860567725953 -0.5 -0.9829011735230788194 0.1841338727311042645 0 F 0 F 0.2000000000000000111 #
point $-1 -1 $-1 0.3000000000000008771 -4.941344086021505433 -0.5 #
coedge $-1 -1 $-1 $4515 $4520 $4514 $4661 reversed $4521 $-1 #
edge $4796 -1 $-1 $4518 0 $4797 0.4395781772224937045 $4660 $4798 forward @7 unknown #
color-adesk-attrib $-1 -1 $-1 $-1 $4516 256 #
straight-curve $-1 -1 $-1 0.3000000000000000444 -5.371344086021506925 -0.25 0 0 1 I I #
point $-1 -1 $-1 0.3000000000000008771 -5.371344086021505149 0.5 #
edge $4799 -1 $-1 $4523 0 $4797 1 $4655 $4800 forward @7 unknown #
face $4801 -1 $-1 $4795 $4521 $8 $-1 $4802 forward single #
point $-1 -1 $-1 0.4965802347046166521 -4.978170860567725953 -0.5 #
color-adesk-attrib $-1 -1 $-1 $-1 $4527 256 #
straight-curve $-1 -1 $-1 0.4965802347046165965 -5.838385914331166049 0.5 -0.9829011735230788194 0.1841338727311042645 0 I I #
color-adesk-attrib $-1 -1 $-1 $-1 $4531 256 #
plane-surface $-1 -1 $-1 0.4965802347046165965 -5.838385914331166049 -0.5 0.1841338727311042645 0.9829011735230788194 0 -0.9829011735230788194 0.1841338727311042645 0 forward_v I I I I #
point $-1 -1 $-1 0.4965802347046165965 -5.838385914331166049 0.5 #
color-adesk-attrib $-1 -1 $-1 $-1 $4540 256 #
face $4803 -1 $-1 $4804 $4805 $8 $-1 $4806 forward single #
loop $-1 -1 $-1 $-1 $4715 $4540 #
plane-surface $-1 -1 $-1 0.4965802347046174292 7.064839892120446052 -0.5 0.1841338727311042645 0.9829011735230788194 0 -0.9829011735230788194 0.1841338727311042645 0 forward_v I I I I #
coedge $-1 -1 $-1 $4807 $4808 $4721 $4809 forward $4541 $-1 #
edge $4810 -1 $-1 $4601 0 $4598 1 $4594 $4811 forward @7 unknown #
edge $4812 -1 $-1 $4681 -0.25 $4707 0.75 $4559 $4813 forward @7 unknown #
color-adesk-attrib $-1 -1 $-1 $-1 $4545 256 #
vertex $-1 -1 $-1 $4561 $4814 #
straight-curve $-1 -1 $-1 0.3000000000000016542 7.531881720430106952 -0.5 0.4472019879301609158 0.894432994690665506 0 F 0 F 0.4395781772224937045 #
color-adesk-attrib $-1 -1 $-1 $-1 $4552 256 #
face $4815 -1 $-1 $4816 $4817 $8 $-1 $354 reversed single #
loop $-1 -1 $-1 $-1 $4818 $4552 #
coedge $-1 -1 $-1 $4819 $4820 $4821 $4822 forward $4553 $-1 #
coedge $-1 -1 $-1 $4823 $4554 $4824 $4825 reversed $4421 $-1 #
coedge $-1 -1 $-1 $4554 $4823 $4826 $4827 reversed $4421 $-1 #
coedge $-1 -1 $-1 $4828 $4829 $4554 $4690 reversed $4830 $-1 #
edge $4831 -1 $-1 $4832 -0.75 $4833 0.25 $4554 $4834 forward @7 unknown #
coedge $-1 -1 $-1 $4556 $4555 $4835 $4836 forward $4289 $-1 #
coedge $-1 -1 $-1 $4837 $4838 $4555 $4693 forward $264 $-1 #
edge $4839 -1 $-1 $4840 6.241451612903226476 $4701 6.241559139784946808 $4555 $352 forward @7 unknown #
coedge $-1 -1 $-1 $4841 $4842 $4556 $4695 forward $102 $-1 #
edge $4843 -1 $-1 $4700 -6.241559139784946808 $4844 -6.241451612903226476 $4556 $277 forward @7 unknown #
coedge $-1 -1 $-1 $4845 $4557 $4842 $4846 forward $4698 $-1 #
coedge $-1 -1 $-1 $4557 $4845 $4837 $4847 reversed $4698 $-1 #
loop $-1 -1 $-1 $-1 $4696 $4848 #
color-adesk-attrib $-1 -1 $-1 $-1 $4558 256 #
vertex $-1 -1 $-1 $4695 $4849 #
vertex $-1 -1 $-1 $4847 $4850 #
straight-curve $-1 -1 $-1 0.2999999999999999334 6.241559139784943255 -0.25 0 0 1 I I #
coedge $-1 -1 $-1 $4578 $4560 $4565 $4710 reversed $102 $-1 #
color-adesk-attrib $-1 -1 $-1 $-1 $4561 256 #
coedge $-1 -1 $-1 $4562 $4573 $4564 $4709 forward $264 $-1 #
color-adesk-attrib $-1 -1 $-1 $-1 $4563 256 #
vertex $-1 -1 $-1 $4596 $4851 #
coedge $-1 -1 $-1 $4565 $4564 $4581 $4724 reversed $4566 $-1 #
edge $4852 -1 $-1 $4729 0 $4568 0.2000000000000000111 $4564 $4853 forward @7 unknown #
edge $4854 -1 $-1 $4726 0 $4569 0.2000000000000000111 $4565 $4855 forward @7 unknown #
face $4856 -1 $-1 $4320 $4566 $8 $-1 $4857 forward single #
point $-1 -1 $-1 0.3000000000000016542 7.53177419354838662 0.5 #
point $-1 -1 $-1 0.3000000000000016542 7.53177419354838662 -0.5 #
coedge $-1 -1 $-1 $4858 $4571 $4574 $4719 reversed $4675 $-1 #
coedge $-1 -1 $-1 $4571 $4858 $4577 $4722 forward $4675 $-1 #
color-adesk-attrib $-1 -1 $-1 $-1 $4572 256 #
straight-curve $-1 -1 $-1 0.3000000000000000444 7.101666666666666572 -0.25 0 0 -1 I I #
coedge $-1 -1 $-1 $4574 $4826 $4859 $4860 forward $264 $-1 #
edge $4861 -1 $-1 $4862 0 $4576 0.2000000000000000111 $4714 $4863 forward @7 unknown #
point $-1 -1 $-1 0.3000000000000015987 7.101666666666666572 0.5 #
coedge $-1 -1 $-1 $4824 $4577 $4677 $4809 reversed $102 $-1 #
edge $4864 -1 $-1 $4865 0 $4580 0.2000000000000000111 $4715 $4866 forward @7 unknown #
point $-1 -1 $-1 0.3000000000000015987 7.101666666666666572 -0.5 #
edge $4867 -1 $-1 $4726 0 $4729 1 $4708 $4868 forward @7 unknown #
color-adesk-attrib $-1 -1 $-1 $-1 $4582 256 #
vertex $-1 -1 $-1 $4710 $4869 #
straight-curve $-1 -1 $-1 0.3000000000000016542 7.101774193548386904 -0.5 0.4472019879301609158 0.894432994690665506 0 F 0 F 0.4395781772224937045 #
color-adesk-attrib $-1 -1 $-1 $-1 $4583 256 #
vertex $-1 -1 $-1 $4724 $4870 #
straight-curve $-1 -1 $-1 0.3000000000000016542 7.101774193548386904 0.5 0.4472019879301609158 0.894432994690665506 0 I I #
color-adesk-attrib $-1 -1 $-1 $-1 $4584 256 #
plane-surface $-1 -1 $-1 0.3000000000000016542 7.101774193548386904 -0.5 0.894432994690665617 -0.4472019879301609713 0 0.4472019879301609713 0.894432994690665617 0 forward_v I I I I #
color-adesk-attrib $-1 -1 $-1 $-1 $4596 256 #
straight-curve $-1 -1 $-1 0.3000000000000016542 7.531881720430106952 0.5 0.4472019879301609158 0.894432994690665506 0 I I #
point $-1 -1 $-1 0.4965802347046174292 7.925054945883886148 0.5 #
point $-1 -1 $-1 0.4965802347046174292 7.925054945883886148 -0.5 #
color-adesk-attrib $-1 -1 $-1 $-1 $4608 256 #
face $4871 -1 $-1 $4872 $4873 $8 $-1 $4874 forward single #
loop $-1 -1 $-1 $-1 $4875 $4608 #
plane-surface $-1 -1 $-1 0.4965802347046168741 -1.967418172395685616 -0.5 0.1841338727311042645 0.9829011735230788194 0 -0.9829011735230788194 0.1841338727311042645 0 forward_v I I I I #
coedge $-1 -1 $-1 $4876 $4877 $4878 $4879 forward $4609 $-1 #
coedge $-1 -1 $-1 $4880 $4611 $4881 $4882 reversed $4475 $-1 #
coedge $-1 -1 $-1 $4611 $4880 $4612 $4747 reversed $4475 $-1 #
coedge $-1 -1 $-1 $4614 $4883 $4611 $4745 reversed $102 $-1 #
edge $4884 -1 $-1 $4753 0 $4885 0.2000000000000000111 $4611 $4886 forward @7 unknown #
coedge $-1 -1 $-1 $4613 $4612 $4887 $4888 reversed $4345 $-1 #
edge $4889 -1 $-1 $4753 0 $4890 1 $4743 $4891 forward @7 unknown #
coedge $-1 -1 $-1 $4892 $4893 $4613 $4749 forward $4894 $-1 #
edge $4895 -1 $-1 $4752 -0.25 $4896 0.75 $4748 $4897 forward @7 unknown #
coedge $-1 -1 $-1 $4898 $4614 $4893 $4899 forward $102 $-1 #
color-adesk-attrib $-1 -1 $-1 $-1 $4615 256 #
vertex $-1 -1 $-1 $4899 $4900 #
vertex $-1 -1 $-1 $4745 $4901 #
straight-curve $-1 -1 $-1 0.3000000000000010436 -3.220806451612904908 -0.5 0.4472019879301609158 0.894432994690665506 0 F 0 F 0.4395781772224937045 #
coedge $-1 -1 $-1 $4902 $4623 $4616 $4756 forward $264 $-1 #
edge $4903 -1 $-1 $4626 0 $4761 0.2000000000000000111 $4616 $4904 forward @7 unknown #
coedge $-1 -1 $-1 $4905 $4617 $4619 $4764 reversed $4759 $-1 #
coedge $-1 -1 $-1 $4617 $4905 $4902 $4906 reversed $4759 $-1 #
loop $-1 -1 $-1 $-1 $4617 $4907 #
color-adesk-attrib $-1 -1 $-1 $-1 $4618 256 #
vertex $-1 -1 $-1 $4906 $4908 #
straight-curve $-1 -1 $-1 0.2999999999999999889 -3.651021505376344845 -0.25 0 0 -1 I I #
coedge $-1 -1 $-1 $4619 $4898 $4909 $4910 reversed $102 $-1 #
edge $4911 -1 $-1 $4912 3.650913978494624956 $4621 3.651021505376345289 $4757 $277 forward @7 unknown #
point $-1 -1 $-1 0.3000000000000009326 -3.651021505376345289 -0.5 #
coedge $-1 -1 $-1 $4623 $4913 $4628 $4771 forward $264 $-1 #
color-adesk-attrib $-1 -1 $-1 $-1 $4624 256 #
straight-curve $-1 -1 $-1 0.3000000000000009326 -4.081021505376345004 0.5 0.4472019879301609158 0.894432994690665506 0 I I #
point $-1 -1 $-1 0.4965802347046167631 -3.687848279922565808 0.5 #
coedge $-1 -1 $-1 $4629 $4628 $4914 $4915 forward $4630 $-1 #
edge $4916 -1 $-1 $4917 -4.081129032258065337 $4632 -4.081021505376345004 $4628 $352 forward @7 unknown #
face $4918 -1 $-1 $4907 $4630 $8 $-1 $354 reversed single #
point $-1 -1 $-1 0.3000000000000009326 -4.081021505376345004 0.5 #
coedge $-1 -1 $-1 $4914 $4919 $4634 $4775 forward $4920 $-1 #
edge $4921 -1 $-1 $4787 0 $4777 0.2000000000000000111 $4774 $4922 forward @7 unknown #
color-adesk-attrib $-1 -1 $-1 $-1 $4635 256 #
vertex $-1 -1 $-1 $4775 $4923 #
coedge $-1 -1 $-1 $4913 $4638 $4924 $4925 forward $264 $-1 #
coedge $-1 -1 $-1 $4645 $4924 $4641 $4780 reversed $4785 $-1 #
edge $4926 -1 $-1 $4648 -0.25 $4782 0.75 $4641 $4927 forward @7 unknown #
color-adesk-attrib $-1 -1 $-1 $-1 $4642 256 #
vertex $-1 -1 $-1 $4925 $4928 #
color-adesk-attrib $-1 -1 $-1 $-1 $4643 256 #
coedge $-1 -1 $-1 $4924 $4645 $4919 $4929 forward $4785 $-1 #
loop $-1 -1 $-1 $-1 $4645 $4930 #
color-adesk-attrib $-1 -1 $-1 $-1 $4646 256 #
vertex $-1 -1 $-1 $4775 $4931 #
straight-curve $-1 -1 $-1 0.3000000000000009326 -4.511129032258065052 -0.5 0.4472019879301609158 0.894432994690665506 0 F 0 F 0.4395781772224937045 #
point $-1 -1 $-1 0.3000000000000009326 -4.511129032258065052 -0.5 #
coedge $-1 -1 $-1 $4655 $4650 $4649 $4791 reversed $4656 $-1 #
edge $4932 -1 $-1 $4797 0 $4653 0.2000000000000000111 $4790 $4933 forward @7 unknown #
color-adesk-attrib $-1 -1 $-1 $-1 $4651 256 #
straight-curve $-1 -1 $-1 0.2999999999999999334 -4.941344086021505433 -0.25 0 0 -1 I I #
point $-1 -1 $-1 0.3000000000000008771 -4.941344086021505433 0.5 #
face $4934 -1 $-1 $4402 $4656 $8 $-1 $4935 forward single #
color-adesk-attrib $-1 -1 $-1 $-1 $4661 256 #
vertex $-1 -1 $-1 $4665 $4936 #
straight-curve $-1 -1 $-1 0.3000000000000008771 -5.371344086021505149 0.5 0.4472019879301609158 0.894432994690665506 0 I I #
color-adesk-attrib $-1 -1 $-1 $-1 $4665 256 #
straight-curve $-1 -1 $-1 0.4965802347046166521 -4.978170860567725953 -0.5 0 0 1 I I #
color-adesk-attrib $-1 -1 $-1 $-1 $4666 256 #
plane-surface $-1 -1 $-1 0.3000000000000008771 -5.371344086021505149 -0.5 0.894432994690665617 -0.4472019879301609713 0 0.4472019879301609713 0.894432994690665617 0 forward_v I I I I #
color-adesk-attrib $-1 -1 $-1 $-1 $4674 256 #
face $4937 -1 $-1 $4938 $4939 $8 $-1 $4940 forward single #
loop $-1 -1 $-1 $-1 $4941 $4674 #
plane-surface $-1 -1 $-1 0.3000000000000015987 5.81145161290322676 -0.5 0.894432994690665617 -0.4472019879301609713 0 0.4472019879301609713 0.894432994690665617 0 forward_v I I I I #
coedge $-1 -1 $-1 $4859 $4677 $4858 $4942 forward $4541 $-1 #
coedge $-1 -1 $-1 $4677 $4859 $4823 $4943 reversed $4541 $-1 #
edge $4944 -1 $-1 $4945 0 $4865 0.4395781772224937045 $4677 $4946 forward @7 unknown #
color-adesk-attrib $-1 -1 $-1 $-1 $4678 256 #
straight-curve $-1 -1 $-1 0.4965802347046174292 7.925054945883886148 -0.5 0 0 1 I I #
color-adesk-attrib $-1 -1 $-1 $-1 $4679 256 #
straight-curve $-1 -1 $-1 0.3000000000000000444 7.5318817204301034 -0.25 0 0 1 I I #
point $-1 -1 $-1 0.3000000000000016542 7.531881720430106952 -0.5 #
color-adesk-attrib $-1 -1 $-1 $-1 $4684 256 #
face $4947 -1 $-1 $4948 $4949 $8 $-1 $354 reversed single #
loop $-1 -1 $-1 $-1 $4950 $4684 #
coedge $-1 -1 $-1 $4951 $4952 $4953 $4954 forward $4685 $-1 #
coedge $-1 -1 $-1 $4955 $4686 $4956 $4957 reversed $4553 $-1 #
coedge $-1 -1 $-1 $4686 $4955 $4958 $4959 reversed $4553 $-1 #
coedge $-1 -1 $-1 $4960 $4961 $4686 $4822 reversed $4962 $-1 #
edge $4963 -1 $-1 $4964 -0.25 $4965 0.75 $4686 $4966 forward @7 unknown #
coedge $-1 -1 $-1 $4688 $4687 $4808 $4943 forward $4421 $-1 #
coedge $-1 -1 $-1 $4967 $4721 $4687 $4825 forward $102 $-1 #
edge $4968 -1 $-1 $4945 -6.671666666666666856 $4833 -6.671559139784946524 $4687 $277 forward @7 unknown #
coedge $-1 -1 $-1 $4718 $4969 $4688 $4827 forward $264 $-1 #
edge $4970 -1 $-1 $4832 6.671559139784946524 $4971 6.671666666666666856 $4688 $352 forward @7 unknown #
coedge $-1 -1 $-1 $4972 $4689 $4969 $4973 reversed $4830 $-1 #
coedge $-1 -1 $-1 $4689 $4972 $4967 $4974 forward $4830 $-1 #
loop $-1 -1 $-1 $-1 $4829 $4975 #
color-adesk-attrib $-1 -1 $-1 $-1 $4690 256 #
vertex $-1 -1 $-1 $4827 $4976 #
vertex $-1 -1 $-1 $4974 $4977 #
straight-curve $-1 -1 $-1 0.3000000000000000444 6.671559139784947412 -0.25 0 0 -1 I I #
coedge $-1 -1 $-1 $4978 $4979 $4691 $4836 reversed $4939 $-1 #
edge $4980 -1 $-1 $4840 -0.75 $4844 0.25 $4691 $4981 forward @7 unknown #
coedge $-1 -1 $-1 $4969 $4692 $4697 $4847 forward $264 $-1 #
coedge $-1 -1 $-1 $4692 $4982 $4978 $4983 forward $264 $-1 #
color-adesk-attrib $-1 -1 $-1 $-1 $4693 256 #
vertex $-1 -1 $-1 $4693 $4984 #
coedge $-1 -1 $-1 $4985 $4694 $4979 $4986 reversed $102 $-1 #
coedge $-1 -1 $-1 $4694 $4967 $4696 $4846 reversed $102 $-1 #
color-adesk-attrib $-1 -1 $-1 $-1 $4695 256 #
vertex $-1 -1 $-1 $4986 $4987 #
coedge $-1 -1 $-1 $4697 $4696 $4972 $4988 forward $4698 $-1 #
edge $4989 -1 $-1 $4700 0 $4990 0.4395781772224937045 $4696 $4991 forward @7 unknown #
edge $4992 -1 $-1 $4701 0 $4993 0.4395781772224937045 $4697 $4994 forward @7 unknown #
face $4995 -1 $-1 $4975 $4698 $8 $-1 $4996 forward single #
point $-1 -1 $-1 0.3000000000000015987 6.241559139784946808 -0.5 #
point $-1 -1 $-1 0.3000000000000015987 6.241559139784946808 0.5 #
point $-1 -1 $-1 0.3000000000000016542 7.531881720430106952 0.5 #
color-adesk-attrib $-1 -1 $-1 $-1 $4709 256 #
straight-curve $-1 -1 $-1 0.4965802347046174292 7.4949474190021661 0.5 -0.9829011735230788194 0.1841338727311042645 0 I I #
color-adesk-attrib $-1 -1 $-1 $-1 $4710 256 #
straight-curve $-1 -1 $-1 0.4965802347046174292 7.4949474190021661 -0.5 -0.9829011735230788194 0.1841338727311042645 0 F 0 F 0.2000000000000000111 #
color-adesk-attrib $-1 -1 $-1 $-1 $4711 256 #
plane-surface $-1 -1 $-1 0.4965802347046174292 7.4949474190021661 -0.5 0.1841338727311042645 0.9829011735230788194 0 -0.9829011735230788194 0.1841338727311042645 0 forward_v I I I I #
coedge $-1 -1 $-1 $4715 $4714 $4807 $4942 reversed $4675 $-1 #
coedge $-1 -1 $-1 $4808 $4807 $4718 $4860 reversed $4541 $-1 #
edge $4997 -1 $-1 $4971 0 $4862 0.4395781772224937045 $4859 $4998 forward @7 unknown #
color-adesk-attrib $-1 -1 $-1 $-1 $4719 256 #
vertex $-1 -1 $-1 $4942 $4999 #
straight-curve $-1 -1 $-1 0.4965802347046174292 7.064839892120446052 0.5 -0.9829011735230788194 0.1841338727311042645 0 I I #
color-adesk-attrib $-1 -1 $-1 $-1 $4722 256 #
vertex $-1 -1 $-1 $4722 $5000 #
straight-curve $-1 -1 $-1 0.4965802347046174292 7.064839892120446052 -0.5 -0.9829011735230788194 0.1841338727311042645 0 F 0 F 0.2000000000000000111 #
color-adesk-attrib $-1 -1 $-1 $-1 $4724 256 #
straight-curve $-1 -1 $-1 0.4965802347046174292 7.4949474190021661 -0.5 0 0 1 I I #
point $-1 -1 $-1 0.4965802347046174292 7.4949474190021661 -0.5 #
point $-1 -1 $-1 0.4965802347046174292 7.4949474190021661 0.5 #
color-adesk-attrib $-1 -1 $-1 $-1 $4738 256 #
face $5001 -1 $-1 $5002 $5003 $8 $-1 $5004 forward single #
loop $-1 -1 $-1 $-1 $5005 $4738 #
plane-surface $-1 -1 $-1 0.3000000000000011546 -1.500376344086021163 -0.5 0.894432994690665617 -0.4472019879301609713 0 0.4472019879301609713 0.894432994690665617 0 forward_v I I I I #
coedge $-1 -1 $-1 $5006 $5007 $5008 $5009 forward $4739 $-1 #
coedge $-1 -1 $-1 $5010 $4741 $5007 $5011 forward $4609 $-1 #
coedge $-1 -1 $-1 $4741 $5010 $5012 $5013 reversed $4609 $-1 #
coedge $-1 -1 $-1 $5014 $5008 $4741 $4879 reversed $102 $-1 #
edge $5015 -1 $-1 $5016 0 $5017 0.4395781772224937045 $4741 $5018 forward @7 unknown #
coedge $-1 -1 $-1 $4743 $4742 $5019 $5020 reversed $4475 $-1 #
coedge $-1 -1 $-1 $5021 $5022 $4742 $4882 forward $5023 $-1 #
edge $5024 -1 $-1 $5025 -0.75 $4885 0.25 $4881 $5026 forward @7 unknown #
coedge $-1 -1 $-1 $4744 $5027 $5021 $5028 forward $102 $-1 #
color-adesk-attrib $-1 -1 $-1 $-1 $4745 256 #
vertex $-1 -1 $-1 $4745 $5029 #
straight-curve $-1 -1 $-1 0.4965802347046167631 -2.827633226159125712 -0.5 -0.9829011735230788194 0.1841338727311042645 0 F 0 F 0.2000000000000000111 #
coedge $-1 -1 $-1 $5019 $5030 $4746 $4888 forward $264 $-1 #
edge $5031 -1 $-1 $4896 0 $4890 0.4395781772224937045 $4746 $5032 forward @7 unknown #
color-adesk-attrib $-1 -1 $-1 $-1 $4747 256 #
vertex $-1 -1 $-1 $4747 $5033 #
straight-curve $-1 -1 $-1 0.4965802347046167631 -2.827633226159125712 -0.5 0 0 1 I I #
coedge $-1 -1 $-1 $5034 $4748 $5030 $5035 reversed $4894 $-1 #
coedge $-1 -1 $-1 $4748 $5034 $4750 $4899 reversed $4894 $-1 #
loop $-1 -1 $-1 $-1 $4748 $5036 #
color-adesk-attrib $-1 -1 $-1 $-1 $4749 256 #
vertex $-1 -1 $-1 $4888 $5037 #
straight-curve $-1 -1 $-1 0.3000000000000000444 -3.220806451612906685 -0.25 0 0 1 I I #
coedge $-1 -1 $-1 $4763 $4750 $5038 $5039 reversed $102 $-1 #
edge $5040 -1 $-1 $4752 3.220806451612904908 $5041 3.220913978494625241 $4893 $277 forward @7 unknown #
point $-1 -1 $-1 0.3000000000000010436 -3.220806451612904908 -0.5 #
point $-1 -1 $-1 0.4965802347046167631 -2.827633226159125712 -0.5 #
coedge $-1 -1 $-1 $5042 $4755 $4758 $4906 forward $264 $-1 #
color-adesk-attrib $-1 -1 $-1 $-1 $4756 256 #
straight-curve $-1 -1 $-1 0.4965802347046167631 -3.687848279922565808 0.5 -0.9829011735230788194 0.1841338727311042645 0 I I #
coedge $-1 -1 $-1 $4758 $4757 $5043 $5044 forward $4759 $-1 #
edge $5045 -1 $-1 $4761 -3.651021505376345289 $5046 -3.650913978494624956 $4758 $352 forward @7 unknown #
face $5047 -1 $-1 $4508 $4759 $8 $-1 $354 reversed single #
point $-1 -1 $-1 0.3000000000000009326 -3.651021505376345289 0.5 #
coedge $-1 -1 $-1 $5048 $5043 $4763 $4910 forward $5049 $-1 #
edge $5050 -1 $-1 $4912 0 $5051 0.4395781772224937045 $4909 $5052 forward @7 unknown #
color-adesk-attrib $-1 -1 $-1 $-1 $4764 256 #
vertex $-1 -1 $-1 $4764 $5053 #
coedge $-1 -1 $-1 $4766 $4778 $5054 $5055 forward $264 $-1 #
coedge $-1 -1 $-1 $5054 $4774 $4770 $4915 reversed $4920 $-1 #
edge $5056 -1 $-1 $4917 -0.75 $4777 0.25 $4770 $5057 forward @7 unknown #
color-adesk-attrib $-1 -1 $-1 $-1 $4771 256 #
vertex $-1 -1 $-1 $4771 $5058 #
color-adesk-attrib $-1 -1 $-1 $-1 $4772 256 #
coedge $-1 -1 $-1 $4774 $5054 $4784 $4929 reversed $4920 $-1 #
loop $-1 -1 $-1 $-1 $4774 $5059 #
color-adesk-attrib $-1 -1 $-1 $-1 $4775 256 #
straight-curve $-1 -1 $-1 0.4965802347046167076 -4.117955806804285857 -0.5 -0.9829011735230788194 0.1841338727311042645 0 F 0 F 0.2000000000000000111 #
point $-1 -1 $-1 0.3000000000000009326 -4.081129032258065337 -0.5 #
coedge $-1 -1 $-1 $4779 $4784 $4778 $4925 reversed $4785 $-1 #
edge $5060 -1 $-1 $4782 0 $5061 0.4395781772224937045 $4924 $5062 forward @7 unknown #
color-adesk-attrib $-1 -1 $-1 $-1 $4780 256 #
straight-curve $-1 -1 $-1 0.3000000000000000444 -4.511129032258066829 -0.25 0 0 1 I I #
point $-1 -1 $-1 0.3000000000000009326 -4.511129032258065052 0.5 #
edge $5063 -1 $-1 $4787 0 $5061 1 $4919 $5064 forward @7 unknown #
face $5065 -1 $-1 $5059 $4785 $8 $-1 $5066 forward single #
point $-1 -1 $-1 0.4965802347046167076 -4.117955806804285857 -0.5 #
color-adesk-attrib $-1 -1 $-1 $-1 $4791 256 #
straight-curve $-1 -1 $-1 0.4965802347046166521 -4.978170860567725953 0.5 -0.9829011735230788194 0.1841338727311042645 0 I I #
color-adesk-attrib $-1 -1 $-1 $-1 $4795 256 #
plane-surface $-1 -1 $-1 0.4965802347046166521 -4.978170860567725953 -0.5 0.1841338727311042645 0.9829011735230788194 0 -0.9829011735230788194 0.1841338727311042645 0 forward_v I I I I #
point $-1 -1 $-1 0.4965802347046166521 -4.978170860567725953 0.5 #
color-adesk-attrib $-1 -1 $-1 $-1 $4804 256 #
face $5067 -1 $-1 $5068 $5069 $8 $-1 $5070 forward single #
loop $-1 -1 $-1 $-1 $4979 $4804 #
plane-surface $-1 -1 $-1 0.4965802347046173182 6.204624838357005956 -0.5 0.1841338727311042645 0.9829011735230788194 0 -0.9829011735230788194 0.1841338727311042645 0 forward_v I I I I #
coedge $-1 -1 $-1 $5071 $5072 $4985 $5073 forward $4805 $-1 #
edge $5074 -1 $-1 $4865 0 $4862 1 $4858 $5075 forward @7 unknown #
edge $5076 -1 $-1 $4945 -0.25 $4971 0.75 $4823 $5077 forward @7 unknown #
color-adesk-attrib $-1 -1 $-1 $-1 $4809 256 #
vertex $-1 -1 $-1 $4825 $5078 #
straight-curve $-1 -1 $-1 0.3000000000000015987 6.671666666666666856 -0.5 0.4472019879301609158 0.894432994690665506 0 F 0 F 0.4395781772224937045 #
color-adesk-attrib $-1 -1 $-1 $-1 $4816 256 #
face $5079 -1 $-1 $5080 $5081 $8 $-1 $354 reversed single #
loop $-1 -1 $-1 $-1 $5082 $4816 #
coedge $-1 -1 $-1 $5083 $5084 $5085 $5086 forward $4817 $-1 #
coedge $-1 -1 $-1 $5087 $4818 $5088 $5089 reversed $4685 $-1 #
coedge $-1 -1 $-1 $4818 $5087 $5090 $5091 reversed $4685 $-1 #
coedge $-1 -1 $-1 $5092 $5093 $4818 $4954 reversed $5094 $-1 #
edge $5095 -1 $-1 $5096 -0.75 $5097 0.25 $4818 $5098 forward @7 unknown #
coedge $-1 -1 $-1 $4820 $4819 $5099 $5100 forward $4553 $-1 #
coedge $-1 -1 $-1 $5101 $5102 $4819 $4957 forward $264 $-1 #
edge $5103 -1 $-1 $5104 5.381236559139782827 $4965 5.381344086021503159 $4819 $352 forward @7 unknown #
coedge $-1 -1 $-1 $5105 $5106 $4820 $4959 forward $102 $-1 #
edge $5107 -1 $-1 $4964 -5.381344086021503159 $5108 -5.381236559139782827 $4820 $277 forward @7 unknown #
coedge $-1 -1 $-1 $5109 $4821 $5106 $5110 forward $4962 $-1 #
coedge $-1 -1 $-1 $4821 $5109 $5101 $5111 reversed $4962 $-1 #
loop $-1 -1 $-1 $-1 $4960 $5112 #
color-adesk-attrib $-1 -1 $-1 $-1 $4822 256 #
vertex $-1 -1 $-1 $4959 $5113 #
vertex $-1 -1 $-1 $5111 $5114 #
straight-curve $-1 -1 $-1 0.3000000000000000444 5.381344086021500495 -0.25 0 0 1 I I #
coedge $-1 -1 $-1 $4842 $4824 $4829 $4974 reversed $102 $-1 #
color-adesk-attrib $-1 -1 $-1 $-1 $4825 256 #
coedge $-1 -1 $-1 $4826 $4837 $4828 $4973 forward $264 $-1 #
color-adesk-attrib $-1 -1 $-1 $-1 $4827 256 #
vertex $-1 -1 $-1 $4860 $5115 #
coedge $-1 -1 $-1 $4829 $4828 $4845 $4988 reversed $4830 $-1 #
edge $5116 -1 $-1 $4993 0 $4832 0.2000000000000000111 $4828 $5117 forward @7 unknown #
edge $5118 -1 $-1 $4990 0 $4833 0.2000000000000000111 $4829 $5119 forward @7 unknown #
face $5120 -1 $-1 $4584 $4830 $8 $-1 $5121 forward single #
point $-1 -1 $-1 0.3000000000000015987 6.671559139784946524 0.5 #
point $-1 -1 $-1 0.3000000000000015987 6.671559139784946524 -0.5 #
coedge $-1 -1 $-1 $5122 $4835 $4838 $4983 reversed $4939 $-1 #
coedge $-1 -1 $-1 $4835 $5122 $4841 $4986 forward $4939 $-1 #
color-adesk-attrib $-1 -1 $-1 $-1 $4836 256 #
straight-curve $-1 -1 $-1 0.3000000000000001554 6.241451612903227364 -0.25 0 0 -1 I I #
coedge $-1 -1 $-1 $4838 $5090 $5123 $5124 forward $264 $-1 #
edge $5125 -1 $-1 $5126 0 $4840 0.2000000000000000111 $4978 $5127 forward @7 unknown #
point $-1 -1 $-1 0.3000000000000015987 6.241451612903226476 0.5 #
coedge $-1 -1 $-1 $5088 $4841 $4941 $5073 reversed $102 $-1 #
edge $5128 -1 $-1 $5129 0 $4844 0.2000000000000000111 $4979 $5130 forward @7 unknown #
point $-1 -1 $-1 0.3000000000000015987 6.241451612903226476 -0.5 #
edge $5131 -1 $-1 $4990 0 $4993 1 $4972 $5132 forward @7 unknown #
color-adesk-attrib $-1 -1 $-1 $-1 $4846 256 #
vertex $-1 -1 $-1 $4974 $5133 #
straight-curve $-1 -1 $-1 0.3000000000000015987 6.241559139784946808 -0.5 0.4472019879301609158 0.894432994690665506 0 F 0 F 0.4395781772224937045 #
color-adesk-attrib $-1 -1 $-1 $-1 $4847 256 #
vertex $-1 -1 $-1 $4988 $5134 #
straight-curve $-1 -1 $-1 0.3000000000000015987 6.241559139784946808 0.5 0.4472019879301609158 0.894432994690665506 0 I I #
color-adesk-attrib $-1 -1 $-1 $-1 $4848 256 #
plane-surface $-1 -1 $-1 0.3000000000000015987 6.241559139784946808 -0.5 0.894432994690665617 -0.4472019879301609713 0 0.4472019879301609713 0.894432994690665617 0 forward_v I I I I #
color-adesk-attrib $-1 -1 $-1 $-1 $4860 256 #
straight-curve $-1 -1 $-1 0.3000000000000015987 6.671666666666666856 0.5 0.4472019879301609158 0.894432994690665506 0 I I #
point $-1 -1 $-1 0.4965802347046174292 7.064839892120446052 0.5 #
point $-1 -1 $-1 0.4965802347046174292 7.064839892120446052 -0.5 #
color-adesk-attrib $-1 -1 $-1 $-1 $4872 256 #
face $5135 -1 $-1 $5136 $5137 $8 $-1 $5138 forward single #
loop $-1 -1 $-1 $-1 $5139 $4872 #
plane-surface $-1 -1 $-1 0.4965802347046168741 -1.107203118632241967 -0.5 0.1841338727311042645 0.9829011735230788194 0 -0.9829011735230788194 0.1841338727311042645 0 forward_v I I I I #
coedge $-1 -1 $-1 $5140 $5141 $5142 $5143 forward $4873 $-1 #
coedge $-1 -1 $-1 $5144 $4875 $5145 $5146 reversed $4739 $-1 #
coedge $-1 -1 $-1 $4875 $5144 $4876 $5011 reversed $4739 $-1 #
coedge $-1 -1 $-1 $4878 $5147 $4875 $5009 reversed $102 $-1 #
edge $5148 -1 $-1 $5017 0 $5149 0.2000000000000000111 $4875 $5150 forward @7 unknown #
coedge $-1 -1 $-1 $4877 $4876 $5151 $5152 reversed $4609 $-1 #
edge $5153 -1 $-1 $5017 0 $5154 1 $5007 $5155 forward @7 unknown #
coedge $-1 -1 $-1 $5156 $5157 $4877 $5013 forward $5158 $-1 #
edge $5159 -1 $-1 $5016 -0.25 $5160 0.75 $5012 $5161 forward @7 unknown #
coedge $-1 -1 $-1 $5162 $4878 $5157 $5163 forward $102 $-1 #
color-adesk-attrib $-1 -1 $-1 $-1 $4879 256 #
vertex $-1 -1 $-1 $5163 $5164 #
vertex $-1 -1 $-1 $5009 $5165 #
straight-curve $-1 -1 $-1 0.3000000000000010436 -2.360591397849464812 -0.5 0.4472019879301609158 0.894432994690665506 0 F 0 F 0.4395781772224937045 #
coedge $-1 -1 $-1 $5166 $4887 $4880 $5020 forward $264 $-1 #
edge $5167 -1 $-1 $4890 0 $5025 0.2000000000000000111 $4880 $5168 forward @7 unknown #
coedge $-1 -1 $-1 $5169 $4881 $4883 $5028 reversed $5023 $-1 #
coedge $-1 -1 $-1 $4881 $5169 $5166 $5170 reversed $5023 $-1 #
loop $-1 -1 $-1 $-1 $4881 $5171 #
color-adesk-attrib $-1 -1 $-1 $-1 $4882 256 #
vertex $-1 -1 $-1 $5170 $5172 #
straight-curve $-1 -1 $-1 0.2999999999999999889 -2.790806451612904748 -0.25 0 0 -1 I I #
coedge $-1 -1 $-1 $4883 $5162 $5173 $5174 reversed $102 $-1 #
edge $5175 -1 $-1 $5176 2.79069892473118486 $4885 2.790806451612905192 $5021 $277 forward @7 unknown #
point $-1 -1 $-1 0.3000000000000010436 -2.790806451612905192 -0.5 #
coedge $-1 -1 $-1 $4887 $5177 $4892 $5035 forward $264 $-1 #
color-adesk-attrib $-1 -1 $-1 $-1 $4888 256 #
straight-curve $-1 -1 $-1 0.3000000000000010436 -3.220806451612904908 0.5 0.4472019879301609158 0.894432994690665506 0 I I #
point $-1 -1 $-1 0.4965802347046167631 -2.827633226159125712 0.5 #
coedge $-1 -1 $-1 $4893 $4892 $5178 $5179 forward $4894 $-1 #
edge $5180 -1 $-1 $5181 -3.220913978494625241 $4896 -3.220806451612904908 $4892 $352 forward @7 unknown #
face $5182 -1 $-1 $5171 $4894 $8 $-1 $354 reversed single #
point $-1 -1 $-1 0.3000000000000010436 -3.220806451612904908 0.5 #
coedge $-1 -1 $-1 $5178 $5183 $4898 $5039 forward $5184 $-1 #
edge $5185 -1 $-1 $5051 0 $5041 0.2000000000000000111 $5038 $5186 forward @7 unknown #
color-adesk-attrib $-1 -1 $-1 $-1 $4899 256 #
vertex $-1 -1 $-1 $5039 $5187 #
coedge $-1 -1 $-1 $5177 $4902 $5188 $5189 forward $264 $-1 #
coedge $-1 -1 $-1 $4909 $5188 $4905 $5044 reversed $5049 $-1 #
edge $5190 -1 $-1 $4912 -0.25 $5046 0.75 $4905 $5191 forward @7 unknown #
color-adesk-attrib $-1 -1 $-1 $-1 $4906 256 #
vertex $-1 -1 $-1 $5189 $5192 #
color-adesk-attrib $-1 -1 $-1 $-1 $4907 256 #
coedge $-1 -1 $-1 $5188 $4909 $5183 $5193 forward $5049 $-1 #
loop $-1 -1 $-1 $-1 $4909 $5194 #
color-adesk-attrib $-1 -1 $-1 $-1 $4910 256 #
vertex $-1 -1 $-1 $5039 $5195 #
straight-curve $-1 -1 $-1 0.3000000000000009881 -3.650913978494624956 -0.5 0.4472019879301609158 0.894432994690665506 0 F 0 F 0.4395781772224937045 #
point $-1 -1 $-1 0.3000000000000009881 -3.650913978494624956 -0.5 #
coedge $-1 -1 $-1 $4919 $4914 $4913 $5055 reversed $4920 $-1 #
edge $5196 -1 $-1 $5061 0 $4917 0.2000000000000000111 $5054 $5197 forward @7 unknown #
color-adesk-attrib $-1 -1 $-1 $-1 $4915 256 #
straight-curve $-1 -1 $-1 0.2999999999999999889 -4.081129032258065337 -0.25 0 0 -1 I I #
point $-1 -1 $-1 0.3000000000000009326 -4.081129032258065337 0.5 #
face $5198 -1 $-1 $4666 $4920 $8 $-1 $5199 forward single #
color-adesk-attrib $-1 -1 $-1 $-1 $4925 256 #
vertex $-1 -1 $-1 $4929 $5200 #
straight-curve $-1 -1 $-1 0.3000000000000009326 -4.511129032258065052 0.5 0.4472019879301609158 0.894432994690665506 0 I I #
color-adesk-attrib $-1 -1 $-1 $-1 $4929 256 #
straight-curve $-1 -1 $-1 0.4965802347046167076 -4.117955806804285857 -0.5 0 0 1 I I #
color-adesk-attrib $-1 -1 $-1 $-1 $4930 256 #
plane-surface $-1 -1 $-1 0.3000000000000009326 -4.511129032258065052 -0.5 0.894432994690665617 -0.4472019879301609713 0 0.4472019879301609713 0.894432994690665617 0 forward_v I I I I #
color-adesk-attrib $-1 -1 $-1 $-1 $4938 256 #
face $5201 -1 $-1 $5202 $5203 $8 $-1 $5204 forward single #
loop $-1 -1 $-1 $-1 $5205 $4938 #
plane-surface $-1 -1 $-1 0.3000000000000014877 4.951236559139783111 -0.5 0.894432994690665617 -0.4472019879301609713 0 0.4472019879301609713 0.894432994690665617 0 forward_v I I I I #
coedge $-1 -1 $-1 $5123 $4941 $5122 $5206 forward $4805 $-1 #
coedge $-1 -1 $-1 $4941 $5123 $5087 $5207 reversed $4805 $-1 #
edge $5208 -1 $-1 $5209 0 $5129 0.4395781772224937045 $4941 $5210 forward @7 unknown #
color-adesk-attrib $-1 -1 $-1 $-1 $4942 256 #
straight-curve $-1 -1 $-1 0.4965802347046174292 7.064839892120446052 -0.5 0 0 1 I I #
color-adesk-attrib $-1 -1 $-1 $-1 $4943 256 #
straight-curve $-1 -1 $-1 0.2999999999999998224 6.671666666666664192 -0.25 0 0 1 I I #
point $-1 -1 $-1 0.3000000000000015987 6.671666666666666856 -0.5 #
color-adesk-attrib $-1 -1 $-1 $-1 $4948 256 #
face $5211 -1 $-1 $5212 $5213 $8 $-1 $354 reversed single #
loop $-1 -1 $-1 $-1 $5214 $4948 #
coedge $-1 -1 $-1 $5215 $5216 $5217 $5218 forward $4949 $-1 #
coedge $-1 -1 $-1 $5219 $4950 $5220 $5221 reversed $4817 $-1 #
coedge $-1 -1 $-1 $4950 $5219 $5222 $5223 reversed $4817 $-1 #
coedge $-1 -1 $-1 $5224 $5225 $4950 $5086 reversed $5226 $-1 #
edge $5227 -1 $-1 $5228 -0.25 $5229 0.75 $4950 $5230 forward @7 unknown #
coedge $-1 -1 $-1 $4952 $4951 $5072 $5207 forward $4685 $-1 #
coedge $-1 -1 $-1 $5231 $4985 $4951 $5089 forward $102 $-1 #
edge $5232 -1 $-1 $5209 -5.81145161290322676 $5097 -5.811344086021502875 $4951 $277 forward @7 unknown #
coedge $-1 -1 $-1 $4982 $5233 $4952 $5091 forward $264 $-1 #
edge $5234 -1 $-1 $5096 5.811344086021502875 $5235 5.81145161290322676 $4952 $352 forward @7 unknown #
coedge $-1 -1 $-1 $5236 $4953 $5233 $5237 reversed $5094 $-1 #
coedge $-1 -1 $-1 $4953 $5236 $5231 $5238 forward $5094 $-1 #
loop $-1 -1 $-1 $-1 $5093 $5239 #
color-adesk-attrib $-1 -1 $-1 $-1 $4954 256 #
vertex $-1 -1 $-1 $5091 $5240 #
vertex $-1 -1 $-1 $5238 $5241 #
straight-curve $-1 -1 $-1 0.3000000000000000444 5.811344086021502875 -0.25 0 0 -1 I I #
coedge $-1 -1 $-1 $5242 $5243 $4955 $5100 reversed $5203 $-1 #
edge $5244 -1 $-1 $5104 -0.75 $5108 0.25 $4955 $5245 forward @7 unknown #
coedge $-1 -1 $-1 $5233 $4956 $4961 $5111 forward $264 $-1 #
coedge $-1 -1 $-1 $4956 $5246 $5242 $5247 forward $264 $-1 #
color-adesk-attrib $-1 -1 $-1 $-1 $4957 256 #
vertex $-1 -1 $-1 $4957 $5248 #
coedge $-1 -1 $-1 $5249 $4958 $5243 $5250 reversed $102 $-1 #
coedge $-1 -1 $-1 $4958 $5231 $4960 $5110 reversed $102 $-1 #
color-adesk-attrib $-1 -1 $-1 $-1 $4959 256 #
vertex $-1 -1 $-1 $5250 $5251 #
coedge $-1 -1 $-1 $4961 $4960 $5236 $5252 forward $4962 $-1 #
edge $5253 -1 $-1 $4964 0 $5254 0.4395781772224937045 $4960 $5255 forward @7 unknown #
edge $5256 -1 $-1 $4965 0 $5257 0.4395781772224937045 $4961 $5258 forward @7 unknown #
face $5259 -1 $-1 $5239 $4962 $8 $-1 $5260 forward single #
point $-1 -1 $-1 0.3000000000000015432 5.381344086021503159 -0.5 #
point $-1 -1 $-1 0.3000000000000015432 5.381344086021503159 0.5 #
point $-1 -1 $-1 0.3000000000000015987 6.671666666666666856 0.5 #
color-adesk-attrib $-1 -1 $-1 $-1 $4973 256 #
straight-curve $-1 -1 $-1 0.4965802347046173737 6.634732365238726004 0.5 -0.9829011735230788194 0.1841338727311042645 0 I I #
color-adesk-attrib $-1 -1 $-1 $-1 $4974 256 #
straight-curve $-1 -1 $-1 0.4965802347046173737 6.634732365238726004 -0.5 -0.9829011735230788194 0.1841338727311042645 0 F 0 F 0.2000000000000000111 #
color-adesk-attrib $-1 -1 $-1 $-1 $4975 256 #
plane-surface $-1 -1 $-1 0.4965802347046173737 6.634732365238726004 -0.5 0.1841338727311042645 0.9829011735230788194 0 -0.9829011735230788194 0.1841338727311042645 0 forward_v I I I I #
coedge $-1 -1 $-1 $4979 $4978 $5071 $5206 reversed $4939 $-1 #
coedge $-1 -1 $-1 $5072 $5071 $4982 $5124 reversed $4805 $-1 #
edge $5261 -1 $-1 $5235 0 $5126 0.4395781772224937045 $5123 $5262 forward @7 unknown #
color-adesk-attrib $-1 -1 $-1 $-1 $4983 256 #
vertex $-1 -1 $-1 $5206 $5263 #
straight-curve $-1 -1 $-1 0.4965802347046173182 6.204624838357005956 0.5 -0.9829011735230788194 0.1841338727311042645 0 I I #
color-adesk-attrib $-1 -1 $-1 $-1 $4986 256 #
vertex $-1 -1 $-1 $4986 $5264 #
straight-curve $-1 -1 $-1 0.4965802347046173182 6.204624838357005956 -0.5 -0.9829011735230788194 0.1841338727311042645 0 F 0 F 0.2000000000000000111 #
color-adesk-attrib $-1 -1 $-1 $-1 $4988 256 #
straight-curve $-1 -1 $-1 0.4965802347046173737 6.634732365238726004 -0.5 0 0 1 I I #
point $-1 -1 $-1 0.4965802347046173737 6.634732365238726004 -0.5 #
point $-1 -1 $-1 0.4965802347046173737 6.634732365238726004 0.5 #
color-adesk-attrib $-1 -1 $-1 $-1 $5002 256 #
face $5265 -1 $-1 $5266 $5267 $8 $-1 $5268 forward single #
loop $-1 -1 $-1 $-1 $5269 $5002 #
plane-surface $-1 -1 $-1 0.3000000000000011546 -0.6401612903225810669 -0.5 0.894432994690665617 -0.4472019879301609713 0 0.4472019879301609713 0.894432994690665617 0 forward_v I I I I #
coedge $-1 -1 $-1 $5270 $5271 $5272 $5273 forward $5003 $-1 #
coedge $-1 -1 $-1 $5274 $5005 $5271 $5275 forward $4873 $-1 #
coedge $-1 -1 $-1 $5005 $5274 $5276 $5277 reversed $4873 $-1 #
coedge $-1 -1 $-1 $5278 $5272 $5005 $5143 reversed $102 $-1 #
edge $5279 -1 $-1 $5280 0 $5281 0.4395781772224937045 $5005 $5282 forward @7 unknown #
coedge $-1 -1 $-1 $5007 $5006 $5283 $5284 reversed $4739 $-1 #
coedge $-1 -1 $-1 $5285 $5286 $5006 $5146 forward $5287 $-1 #
edge $5288 -1 $-1 $5289 -0.75 $5149 0.25 $5145 $5290 forward @7 unknown #
coedge $-1 -1 $-1 $5008 $5291 $5285 $5292 forward $102 $-1 #
color-adesk-attrib $-1 -1 $-1 $-1 $5009 256 #
vertex $-1 -1 $-1 $5009 $5293 #
straight-curve $-1 -1 $-1 0.4965802347046168741 -1.967418172395685616 -0.5 -0.9829011735230788194 0.1841338727311042645 0 F 0 F 0.2000000000000000111 #
coedge $-1 -1 $-1 $5283 $5294 $5010 $5152 forward $264 $-1 #
edge $5295 -1 $-1 $5160 0 $5154 0.4395781772224937045 $5010 $5296 forward @7 unknown #
color-adesk-attrib $-1 -1 $-1 $-1 $5011 256 #
vertex $-1 -1 $-1 $5011 $5297 #
straight-curve $-1 -1 $-1 0.4965802347046168741 -1.967418172395685616 -0.5 0 0 1 I I #
coedge $-1 -1 $-1 $5298 $5012 $5294 $5299 reversed $5158 $-1 #
coedge $-1 -1 $-1 $5012 $5298 $5014 $5163 reversed $5158 $-1 #
loop $-1 -1 $-1 $-1 $5012 $5300 #
color-adesk-attrib $-1 -1 $-1 $-1 $5013 256 #
vertex $-1 -1 $-1 $5152 $5301 #
straight-curve $-1 -1 $-1 0.3000000000000000444 -2.360591397849467032 -0.25 0 0 1 I I #
coedge $-1 -1 $-1 $5027 $5014 $5302 $5303 reversed $102 $-1 #
edge $5304 -1 $-1 $5016 2.360591397849464812 $5305 2.360698924731185144 $5157 $277 forward @7 unknown #
point $-1 -1 $-1 0.3000000000000010436 -2.360591397849464812 -0.5 #
point $-1 -1 $-1 0.4965802347046168741 -1.967418172395685616 -0.5 #
coedge $-1 -1 $-1 $5306 $5019 $5022 $5170 forward $264 $-1 #
color-adesk-attrib $-1 -1 $-1 $-1 $5020 256 #
straight-curve $-1 -1 $-1 0.4965802347046167631 -2.827633226159125712 0.5 -0.9829011735230788194 0.1841338727311042645 0 I I #
coedge $-1 -1 $-1 $5022 $5021 $5307 $5308 forward $5023 $-1 #
edge $5309 -1 $-1 $5025 -2.790806451612905192 $5310 -2.79069892473118486 $5022 $352 forward @7 unknown #
face $5311 -1 $-1 $4772 $5023 $8 $-1 $354 reversed single #
point $-1 -1 $-1 0.3000000000000010436 -2.790806451612905192 0.5 #
coedge $-1 -1 $-1 $5312 $5307 $5027 $5174 forward $5313 $-1 #
edge $5314 -1 $-1 $5176 0 $5315 0.4395781772224937045 $5173 $5316 forward @7 unknown #
color-adesk-attrib $-1 -1 $-1 $-1 $5028 256 #
vertex $-1 -1 $-1 $5028 $5317 #
coedge $-1 -1 $-1 $5030 $5042 $5318 $5319 forward $264 $-1 #
coedge $-1 -1 $-1 $5318 $5038 $5034 $5179 reversed $5184 $-1 #
edge $5320 -1 $-1 $5181 -0.75 $5041 0.25 $5034 $5321 forward @7 unknown #
color-adesk-attrib $-1 -1 $-1 $-1 $5035 256 #
vertex $-1 -1 $-1 $5035 $5322 #
color-adesk-attrib $-1 -1 $-1 $-1 $5036 256 #
coedge $-1 -1 $-1 $5038 $5318 $5048 $5193 reversed $5184 $-1 #
loop $-1 -1 $-1 $-1 $5038 $5323 #
color-adesk-attrib $-1 -1 $-1 $-1 $5039 256 #
straight-curve $-1 -1 $-1 0.4965802347046167631 -3.25774075304084576 -0.5 -0.9829011735230788194 0.1841338727311042645 0 F 0 F 0.2000000000000000111 #
point $-1 -1 $-1 0.3000000000000009881 -3.220913978494625241 -0.5 #
coedge $-1 -1 $-1 $5043 $5048 $5042 $5189 reversed $5049 $-1 #
edge $5324 -1 $-1 $5046 0 $5325 0.4395781772224937045 $5188 $5326 forward @7 unknown #
color-adesk-attrib $-1 -1 $-1 $-1 $5044 256 #
straight-curve $-1 -1 $-1 0.3000000000000002665 -3.650913978494626733 -0.25 0 0 1 I I #
point $-1 -1 $-1 0.3000000000000009881 -3.650913978494624956 0.5 #
edge $5327 -1 $-1 $5051 0 $5325 1 $5183 $5328 forward @7 unknown #
face $5329 -1 $-1 $5323 $5049 $8 $-1 $5330 forward single #
point $-1 -1 $-1 0.4965802347046167631 -3.25774075304084576 -0.5 #
color-adesk-attrib $-1 -1 $-1 $-1 $5055 256 #
straight-curve $-1 -1 $-1 0.4965802347046167076 -4.117955806804285857 0.5 -0.9829011735230788194 0.1841338727311042645 0 I I #
color-adesk-attrib $-1 -1 $-1 $-1 $5059 256 #
plane-surface $-1 -1 $-1 0.4965802347046167076 -4.117955806804285857 -0.5 0.1841338727311042645 0.9829011735230788194 0 -0.9829011735230788194 0.1841338727311042645 0 forward_v I I I I #
point $-1 -1 $-1 0.4965802347046167076 -4.117955806804285857 0.5 #
color-adesk-attrib $-1 -1 $-1 $-1 $5068 256 #
face $5331 -1 $-1 $5332 $5333 $8 $-1 $5334 forward single #
loop $-1 -1 $-1 $-1 $5243 $5068 #
plane-surface $-1 -1 $-1 0.4965802347046173182 5.344409784593562307 -0.5 0.1841338727311042645 0.9829011735230788194 0 -0.9829011735230788194 0.1841338727311042645 0 forward_v I I I I #
coedge $-1 -1 $-1 $5335 $5336 $5249 $5337 forward $5069 $-1 #
edge $5338 -1 $-1 $5129 0 $5126 1 $5122 $5339 forward @7 unknown #
edge $5340 -1 $-1 $5209 -0.25 $5235 0.75 $5087 $5341 forward @7 unknown #
color-adesk-attrib $-1 -1 $-1 $-1 $5073 256 #
vertex $-1 -1 $-1 $5089 $5342 #
straight-curve $-1 -1 $-1 0.3000000000000015987 5.81145161290322676 -0.5 0.4472019879301609158 0.894432994690665506 0 F 0 F 0.4395781772224937045 #
color-adesk-attrib $-1 -1 $-1 $-1 $5080 256 #
face $5343 -1 $-1 $5344 $5345 $8 $-1 $354 reversed single #
loop $-1 -1 $-1 $-1 $5346 $5080 #
coedge $-1 -1 $-1 $5347 $5348 $5349 $5350 forward $5081 $-1 #
coedge $-1 -1 $-1 $5351 $5082 $5352 $5353 reversed $4949 $-1 #
coedge $-1 -1 $-1 $5082 $5351 $5354 $5355 reversed $4949 $-1 #
coedge $-1 -1 $-1 $5356 $5357 $5082 $5218 reversed $5358 $-1 #
edge $5359 -1 $-1 $5360 -0.75 $5361 0.25 $5082 $5362 forward @7 unknown #
coedge $-1 -1 $-1 $5084 $5083 $5363 $5364 forward $4817 $-1 #
coedge $-1 -1 $-1 $5365 $5366 $5083 $5221 forward $264 $-1 #
edge $5367 -1 $-1 $5368 4.521021505376342731 $5229 4.521129032258063063 $5083 $352 forward @7 unknown #
coedge $-1 -1 $-1 $5369 $5370 $5084 $5223 forward $102 $-1 #
edge $5371 -1 $-1 $5228 -4.521129032258063063 $5372 -4.521021505376342731 $5084 $277 forward @7 unknown #
coedge $-1 -1 $-1 $5373 $5085 $5370 $5374 forward $5226 $-1 #
coedge $-1 -1 $-1 $5085 $5373 $5365 $5375 reversed $5226 $-1 #
loop $-1 -1 $-1 $-1 $5224 $5376 #
color-adesk-attrib $-1 -1 $-1 $-1 $5086 256 #
vertex $-1 -1 $-1 $5223 $5377 #
vertex $-1 -1 $-1 $5375 $5378 #
straight-curve $-1 -1 $-1 0.2999999999999999334 4.521129032258060398 -0.25 0 0 1 I I #
coedge $-1 -1 $-1 $5106 $5088 $5093 $5238 reversed $102 $-1 #
color-adesk-attrib $-1 -1 $-1 $-1 $5089 256 #
coedge $-1 -1 $-1 $5090 $5101 $5092 $5237 forward $264 $-1 #
color-adesk-attrib $-1 -1 $-1 $-1 $5091 256 #
vertex $-1 -1 $-1 $5124 $5379 #
coedge $-1 -1 $-1 $5093 $5092 $5109 $5252 reversed $5094 $-1 #
edge $5380 -1 $-1 $5257 0 $5096 0.2000000000000000111 $5092 $5381 forward @7 unknown #
edge $5382 -1 $-1 $5254 0 $5097 0.2000000000000000111 $5093 $5383 forward @7 unknown #
face $5384 -1 $-1 $4848 $5094 $8 $-1 $5385 forward single #
point $-1 -1 $-1 0.3000000000000015432 5.811344086021502875 0.5 #
point $-1 -1 $-1 0.3000000000000015432 5.811344086021502875 -0.5 #
coedge $-1 -1 $-1 $5386 $5099 $5102 $5247 reversed $5203 $-1 #
coedge $-1 -1 $-1 $5099 $5386 $5105 $5250 forward $5203 $-1 #
color-adesk-attrib $-1 -1 $-1 $-1 $5100 256 #
straight-curve $-1 -1 $-1 0.3000000000000000444 5.381236559139783715 -0.25 0 0 -1 I I #
coedge $-1 -1 $-1 $5102 $5354 $5387 $5388 forward $264 $-1 #
edge $5389 -1 $-1 $5390 0 $5104 0.2000000000000000111 $5242 $5391 forward @7 unknown #
point $-1 -1 $-1 0.3000000000000014877 5.381236559139782827 0.5 #
coedge $-1 -1 $-1 $5352 $5105 $5205 $5337 reversed $102 $-1 #
edge $5392 -1 $-1 $5393 0 $5108 0.2000000000000000111 $5243 $5394 forward @7 unknown #
point $-1 -1 $-1 0.3000000000000014877 5.381236559139782827 -0.5 #
edge $5395 -1 $-1 $5254 0 $5257 1 $5236 $5396 forward @7 unknown #
color-adesk-attrib $-1 -1 $-1 $-1 $5110 256 #
vertex $-1 -1 $-1 $5238 $5397 #
straight-curve $-1 -1 $-1 0.3000000000000015432 5.381344086021503159 -0.5 0.4472019879301609158 0.894432994690665506 0 F 0 F 0.4395781772224937045 #
color-adesk-attrib $-1 -1 $-1 $-1 $5111 256 #
vertex $-1 -1 $-1 $5252 $5398 #
straight-curve $-1 -1 $-1 0.3000000000000015432 5.381344086021503159 0.5 0.4472019879301609158 0.894432994690665506 0 I I #
color-adesk-attrib $-1 -1 $-1 $-1 $5112 256 #
plane-surface $-1 -1 $-1 0.3000000000000015432 5.381344086021503159 -0.5 0.894432994690665617 -0.4472019879301609713 0 0.4472019879301609713 0.894432994690665617 0 forward_v I I I I #
color-adesk-attrib $-1 -1 $-1 $-1 $5124 256 #
straight-curve $-1 -1 $-1 0.3000000000000015987 5.81145161290322676 0.5 0.4472019879301609158 0.894432994690665506 0 I I #
point $-1 -1 $-1 0.4965802347046173182 6.204624838357005956 0.5 #
point $-1 -1 $-1 0.4965802347046173182 6.204624838357005956 -0.5 #
color-adesk-attrib $-1 -1 $-1 $-1 $5136 256 #
face $5399 -1 $-1 $5400 $5401 $8 $-1 $5402 forward single #
loop $-1 -1 $-1 $-1 $5403 $5136 #
plane-surface $-1 -1 $-1 0.4965802347046169296 -0.2469880648688018709 -0.5 0.1841338727311042645 0.9829011735230788194 0 -0.9829011735230788194 0.1841338727311042645 0 forward_v I I I I #
coedge $-1 -1 $-1 $5404 $5405 $5406 $5407 forward $5137 $-1 #
coedge $-1 -1 $-1 $5408 $5139 $5409 $5410 reversed $5003 $-1 #
coedge $-1 -1 $-1 $5139 $5408 $5140 $5275 reversed $5003 $-1 #
coedge $-1 -1 $-1 $5142 $5411 $5139 $5273 reversed $102 $-1 #
edge $5412 -1 $-1 $5281 0 $5413 0.2000000000000000111 $5139 $5414 forward @7 unknown #
coedge $-1 -1 $-1 $5141 $5140 $5415 $5416 reversed $4873 $-1 #
edge $5417 -1 $-1 $5281 0 $5418 1 $5271 $5419 forward @7 unknown #
coedge $-1 -1 $-1 $5420 $5421 $5141 $5277 forward $5422 $-1 #
edge $5423 -1 $-1 $5280 -0.25 $5424 0.75 $5276 $5425 forward @7 unknown #
coedge $-1 -1 $-1 $5426 $5142 $5421 $5427 forward $102 $-1 #
color-adesk-attrib $-1 -1 $-1 $-1 $5143 256 #
vertex $-1 -1 $-1 $5427 $5428 #
vertex $-1 -1 $-1 $5273 $5429 #
straight-curve $-1 -1 $-1 0.3000000000000011546 -1.500376344086021163 -0.5 0.4472019879301609158 0.894432994690665506 0 F 0 F 0.4395781772224937045 #
coedge $-1 -1 $-1 $5430 $5151 $5144 $5284 forward $264 $-1 #
edge $5431 -1 $-1 $5154 0 $5289 0.2000000000000000111 $5144 $5432 forward @7 unknown #
coedge $-1 -1 $-1 $5433 $5145 $5147 $5292 reversed $5287 $-1 #
coedge $-1 -1 $-1 $5145 $5433 $5430 $5434 reversed $5287 $-1 #
loop $-1 -1 $-1 $-1 $5145 $5435 #
color-adesk-attrib $-1 -1 $-1 $-1 $5146 256 #
vertex $-1 -1 $-1 $5434 $5436 #
straight-curve $-1 -1 $-1 0.2999999999999999889 -1.930591397849464874 -0.25 0 0 -1 I I #
coedge $-1 -1 $-1 $5147 $5426 $5437 $5438 reversed $102 $-1 #
edge $5439 -1 $-1 $5440 1.930483870967741211 $5149 1.930591397849465096 $5285 $277 forward @7 unknown #
point $-1 -1 $-1 0.3000000000000010436 -1.930591397849465096 -0.5 #
coedge $-1 -1 $-1 $5151 $5441 $5156 $5299 forward $264 $-1 #
color-adesk-attrib $-1 -1 $-1 $-1 $5152 256 #
straight-curve $-1 -1 $-1 0.3000000000000010436 -2.360591397849464812 0.5 0.4472019879301609158 0.894432994690665506 0 I I #
point $-1 -1 $-1 0.4965802347046168741 -1.967418172395685616 0.5 #
coedge $-1 -1 $-1 $5157 $5156 $5442 $5443 forward $5158 $-1 #
edge $5444 -1 $-1 $5445 -2.360698924731185144 $5160 -2.360591397849464812 $5156 $352 forward @7 unknown #
face $5446 -1 $-1 $5435 $5158 $8 $-1 $354 reversed single #
point $-1 -1 $-1 0.3000000000000010436 -2.360591397849464812 0.5 #
coedge $-1 -1 $-1 $5442 $5447 $5162 $5303 forward $5448 $-1 #
edge $5449 -1 $-1 $5315 0 $5305 0.2000000000000000111 $5302 $5450 forward @7 unknown #
color-adesk-attrib $-1 -1 $-1 $-1 $5163 256 #
vertex $-1 -1 $-1 $5303 $5451 #
coedge $-1 -1 $-1 $5441 $5166 $5452 $5453 forward $264 $-1 #
coedge $-1 -1 $-1 $5173 $5452 $5169 $5308 reversed $5313 $-1 #
edge $5454 -1 $-1 $5176 -0.25 $5310 0.75 $5169 $5455 forward @7 unknown #
color-adesk-attrib $-1 -1 $-1 $-1 $5170 256 #
vertex $-1 -1 $-1 $5453 $5456 #
color-adesk-attrib $-1 -1 $-1 $-1 $5171 256 #
coedge $-1 -1 $-1 $5452 $5173 $5447 $5457 forward $5313 $-1 #
loop $-1 -1 $-1 $-1 $5173 $5458 #
color-adesk-attrib $-1 -1 $-1 $-1 $5174 256 #
vertex $-1 -1 $-1 $5303 $5459 #
straight-curve $-1 -1 $-1 0.3000000000000010436 -2.79069892473118486 -0.5 0.4472019879301609158 0.894432994690665506 0 F 0 F 0.4395781772224937045 #
point $-1 -1 $-1 0.3000000000000010436 -2.79069892473118486 -0.5 #
coedge $-1 -1 $-1 $5183 $5178 $5177 $5319 reversed $5184 $-1 #
edge $5460 -1 $-1 $5325 0 $5181 0.2000000000000000111 $5318 $5461 forward @7 unknown #
color-adesk-attrib $-1 -1 $-1 $-1 $5179 256 #
straight-curve $-1 -1 $-1 0.2999999999999999889 -3.220913978494624352 -0.25 0 0 -1 I I #
point $-1 -1 $-1 0.3000000000000009881 -3.220913978494625241 0.5 #
face $5462 -1 $-1 $4930 $5184 $8 $-1 $5463 forward single #
color-adesk-attrib $-1 -1 $-1 $-1 $5189 256 #
vertex $-1 -1 $-1 $5193 $5464 #
straight-curve $-1 -1 $-1 0.3000000000000009881 -3.650913978494624956 0.5 0.4472019879301609158 0.894432994690665506 0 I I #
color-adesk-attrib $-1 -1 $-1 $-1 $5193 256 #
straight-curve $-1 -1 $-1 0.4965802347046167631 -3.25774075304084576 -0.5 0 0 1 I I #
color-adesk-attrib $-1 -1 $-1 $-1 $5194 256 #
plane-surface $-1 -1 $-1 0.3000000000000009881 -3.650913978494624956 -0.5 0.894432994690665617 -0.4472019879301609713 0 0.4472019879301609713 0.894432994690665617 0 forward_v I I I I #
color-adesk-attrib $-1 -1 $-1 $-1 $5202 256 #
face $5465 -1 $-1 $5466 $5467 $8 $-1 $5468 forward single #
loop $-1 -1 $-1 $-1 $5469 $5202 #
plane-surface $-1 -1 $-1 0.3000000000000014877 4.091021505376343015 -0.5 0.894432994690665617 -0.4472019879301609713 0 0.4472019879301609713 0.894432994690665617 0 forward_v I I I I #
coedge $-1 -1 $-1 $5387 $5205 $5386 $5470 forward $5069 $-1 #
coedge $-1 -1 $-1 $5205 $5387 $5351 $5471 reversed $5069 $-1 #
edge $5472 -1 $-1 $5473 0 $5393 0.4395781772224937045 $5205 $5474 forward @7 unknown #
color-adesk-attrib $-1 -1 $-1 $-1 $5206 256 #
straight-curve $-1 -1 $-1 0.4965802347046173182 6.204624838357005956 -0.5 0 0 1 I I #
color-adesk-attrib $-1 -1 $-1 $-1 $5207 256 #
straight-curve $-1 -1 $-1 0.2999999999999999334 5.811451612903223207 -0.25 0 0 1 I I #
point $-1 -1 $-1 0.3000000000000015987 5.81145161290322676 -0.5 #
color-adesk-attrib $-1 -1 $-1 $-1 $5212 256 #
face $5475 -1 $-1 $5476 $5477 $8 $-1 $354 reversed single #
loop $-1 -1 $-1 $-1 $5478 $5212 #
coedge $-1 -1 $-1 $5479 $5480 $5481 $5482 forward $5213 $-1 #
coedge $-1 -1 $-1 $5483 $5214 $5484 $5485 reversed $5081 $-1 #
coedge $-1 -1 $-1 $5214 $5483 $5486 $5487 reversed $5081 $-1 #
coedge $-1 -1 $-1 $5488 $5489 $5214 $5350 reversed $5490 $-1 #
edge $5491 -1 $-1 $5492 -0.25 $5493 0.75 $5214 $5494 forward @7 unknown #
coedge $-1 -1 $-1 $5216 $5215 $5336 $5471 forward $4949 $-1 #
coedge $-1 -1 $-1 $5495 $5249 $5215 $5353 forward $102 $-1 #
edge $5496 -1 $-1 $5473 -4.951236559139783111 $5361 -4.951129032258062779 $5215 $277 forward @7 unknown #
coedge $-1 -1 $-1 $5246 $5497 $5216 $5355 forward $264 $-1 #
edge $5498 -1 $-1 $5360 4.951129032258062779 $5499 4.951236559139783111 $5216 $352 forward @7 unknown #
coedge $-1 -1 $-1 $5500 $5217 $5497 $5501 reversed $5358 $-1 #
coedge $-1 -1 $-1 $5217 $5500 $5495 $5502 forward $5358 $-1 #
loop $-1 -1 $-1 $-1 $5357 $5503 #
color-adesk-attrib $-1 -1 $-1 $-1 $5218 256 #
vertex $-1 -1 $-1 $5355 $5504 #
vertex $-1 -1 $-1 $5502 $5505 #
straight-curve $-1 -1 $-1 0.2999999999999999334 4.951129032258062779 -0.25 0 0 -1 I I #
coedge $-1 -1 $-1 $5506 $5507 $5219 $5364 reversed $5467 $-1 #
edge $5508 -1 $-1 $5368 -0.75 $5372 0.25 $5219 $5509 forward @7 unknown #
coedge $-1 -1 $-1 $5497 $5220 $5225 $5375 forward $264 $-1 #
coedge $-1 -1 $-1 $5220 $5510 $5506 $5511 forward $264 $-1 #
color-adesk-attrib $-1 -1 $-1 $-1 $5221 256 #
vertex $-1 -1 $-1 $5221 $5512 #
coedge $-1 -1 $-1 $5513 $5222 $5507 $5514 reversed $102 $-1 #
coedge $-1 -1 $-1 $5222 $5495 $5224 $5374 reversed $102 $-1 #
color-adesk-attrib $-1 -1 $-1 $-1 $5223 256 #
vertex $-1 -1 $-1 $5514 $5515 #
coedge $-1 -1 $-1 $5225 $5224 $5500 $5516 forward $5226 $-1 #
edge $5517 -1 $-1 $5228 0 $5518 0.4395781772224937045 $5224 $5519 forward @7 unknown #
edge $5520 -1 $-1 $5229 0 $5521 0.4395781772224937045 $5225 $5522 forward @7 unknown #
face $5523 -1 $-1 $5503 $5226 $8 $-1 $5524 forward single #
point $-1 -1 $-1 0.3000000000000014877 4.521129032258063063 -0.5 #
point $-1 -1 $-1 0.3000000000000014877 4.521129032258063063 0.5 #
point $-1 -1 $-1 0.3000000000000015987 5.81145161290322676 0.5 #
color-adesk-attrib $-1 -1 $-1 $-1 $5237 256 #
straight-curve $-1 -1 $-1 0.4965802347046173182 5.774517311475282355 0.5 -0.9829011735230788194 0.1841338727311042645 0 I I #
color-adesk-attrib $-1 -1 $-1 $-1 $5238 256 #
straight-curve $-1 -1 $-1 0.4965802347046173182 5.774517311475282355 -0.5 -0.9829011735230788194 0.1841338727311042645 0 F 0 F 0.2000000000000000111 #
color-adesk-attrib $-1 -1 $-1 $-1 $5239 256 #
plane-surface $-1 -1 $-1 0.4965802347046173182 5.774517311475282355 -0.5 0.1841338727311042645 0.9829011735230788194 0 -0.9829011735230788194 0.1841338727311042645 0 forward_v I I I I #
coedge $-1 -1 $-1 $5243 $5242 $5335 $5470 reversed $5203 $-1 #
coedge $-1 -1 $-1 $5336 $5335 $5246 $5388 reversed $5069 $-1 #
edge $5525 -1 $-1 $5499 0 $5390 0.4395781772224937045 $5387 $5526 forward @7 unknown #
color-adesk-attrib $-1 -1 $-1 $-1 $5247 256 #
vertex $-1 -1 $-1 $5470 $5527 #
straight-curve $-1 -1 $-1 0.4965802347046173182 5.344409784593562307 0.5 -0.9829011735230788194 0.1841338727311042645 0 I I #
color-adesk-attrib $-1 -1 $-1 $-1 $5250 256 #
vertex $-1 -1 $-1 $5250 $5528 #
straight-curve $-1 -1 $-1 0.4965802347046173182 5.344409784593562307 -0.5 -0.9829011735230788194 0.1841338727311042645 0 F 0 F 0.2000000000000000111 #
color-adesk-attrib $-1 -1 $-1 $-1 $5252 256 #
straight-curve $-1 -1 $-1 0.4965802347046173182 5.774517311475282355 -0.5 0 0 1 I I #
point $-1 -1 $-1 0.4965802347046173182 5.774517311475282355 -0.5 #
point $-1 -1 $-1 0.4965802347046173182 5.774517311475282355 0.5 #
color-adesk-attrib $-1 -1 $-1 $-1 $5266 256 #
face $5529 -1 $-1 $5530 $5531 $8 $-1 $5532 forward single #
loop $-1 -1 $-1 $-1 $5533 $5266 #
plane-surface $-1 -1 $-1 0.3000000000000012101 0.2200537634408590293 -0.5 0.894432994690665617 -0.4472019879301609713 0 0.4472019879301609713 0.894432994690665617 0 forward_v I I I I #
coedge $-1 -1 $-1 $5534 $5535 $5536 $5537 forward $5267 $-1 #
coedge $-1 -1 $-1 $5538 $5269 $5535 $5539 forward $5137 $-1 #
coedge $-1 -1 $-1 $5269 $5538 $5540 $5541 reversed $5137 $-1 #
coedge $-1 -1 $-1 $5542 $5536 $5269 $5407 reversed $102 $-1 #
edge $5543 -1 $-1 $5544 0 $5545 0.4395781772224937045 $5269 $5546 forward @7 unknown #
coedge $-1 -1 $-1 $5271 $5270 $5547 $5548 reversed $5003 $-1 #
coedge $-1 -1 $-1 $5549 $5550 $5270 $5410 forward $5551 $-1 #
edge $5552 -1 $-1 $5553 -0.75 $5413 0.25 $5409 $5554 forward @7 unknown #
coedge $-1 -1 $-1 $5272 $5555 $5549 $5556 forward $102 $-1 #
color-adesk-attrib $-1 -1 $-1 $-1 $5273 256 #
vertex $-1 -1 $-1 $5273 $5557 #
straight-curve $-1 -1 $-1 0.4965802347046168741 -1.107203118632241967 -0.5 -0.9829011735230788194 0.1841338727311042645 0 F 0 F 0.2000000000000000111 #
coedge $-1 -1 $-1 $5547 $5558 $5274 $5416 forward $264 $-1 #
edge $5559 -1 $-1 $5424 0 $5418 0.4395781772224937045 $5274 $5560 forward @7 unknown #
color-adesk-attrib $-1 -1 $-1 $-1 $5275 256 #
vertex $-1 -1 $-1 $5275 $5561 #
straight-curve $-1 -1 $-1 0.4965802347046168741 -1.107203118632241967 -0.5 0 0 1 I I #
coedge $-1 -1 $-1 $5562 $5276 $5558 $5563 reversed $5422 $-1 #
coedge $-1 -1 $-1 $5276 $5562 $5278 $5427 reversed $5422 $-1 #
loop $-1 -1 $-1 $-1 $5276 $5564 #
color-adesk-attrib $-1 -1 $-1 $-1 $5277 256 #
vertex $-1 -1 $-1 $5416 $5565 #
straight-curve $-1 -1 $-1 0.2999999999999999889 -1.500376344086023384 -0.25 0 0 1 I I #
coedge $-1 -1 $-1 $5291 $5278 $5566 $5567 reversed $102 $-1 #
edge $5568 -1 $-1 $5280 1.500376344086021163 $5569 1.500483870967741495 $5421 $277 forward @7 unknown #
point $-1 -1 $-1 0.3000000000000011546 -1.500376344086021163 -0.5 #
point $-1 -1 $-1 0.4965802347046168741 -1.107203118632241967 -0.5 #
coedge $-1 -1 $-1 $5570 $5283 $5286 $5434 forward $264 $-1 #
color-adesk-attrib $-1 -1 $-1 $-1 $5284 256 #
straight-curve $-1 -1 $-1 0.4965802347046168741 -1.967418172395685616 0.5 -0.9829011735230788194 0.1841338727311042645 0 I I #
coedge $-1 -1 $-1 $5286 $5285 $5571 $5572 forward $5287 $-1 #
edge $5573 -1 $-1 $5289 -1.930591397849465096 $5574 -1.930483870967741211 $5286 $352 forward @7 unknown #
face $5575 -1 $-1 $5036 $5287 $8 $-1 $354 reversed single #
point $-1 -1 $-1 0.3000000000000010436 -1.930591397849465096 0.5 #
coedge $-1 -1 $-1 $5576 $5571 $5291 $5438 forward $5577 $-1 #
edge $5578 -1 $-1 $5440 0 $5579 0.4395781772224937045 $5437 $5580 forward @7 unknown #
color-adesk-attrib $-1 -1 $-1 $-1 $5292 256 #
vertex $-1 -1 $-1 $5292 $5581 #
coedge $-1 -1 $-1 $5294 $5306 $5582 $5583 forward $264 $-1 #
coedge $-1 -1 $-1 $5582 $5302 $5298 $5443 reversed $5448 $-1 #
edge $5584 -1 $-1 $5445 -0.75 $5305 0.25 $5298 $5585 forward @7 unknown #
color-adesk-attrib $-1 -1 $-1 $-1 $5299 256 #
vertex $-1 -1 $-1 $5299 $5586 #
color-adesk-attrib $-1 -1 $-1 $-1 $5300 256 #
coedge $-1 -1 $-1 $5302 $5582 $5312 $5457 reversed $5448 $-1 #
loop $-1 -1 $-1 $-1 $5302 $5587 #
color-adesk-attrib $-1 -1 $-1 $-1 $5303 256 #
straight-curve $-1 -1 $-1 0.4965802347046168186 -2.397525699277405664 -0.5 -0.9829011735230788194 0.1841338727311042645 0 F 0 F 0.2000000000000000111 #
point $-1 -1 $-1 0.3000000000000010436 -2.360698924731185144 -0.5 #
coedge $-1 -1 $-1 $5307 $5312 $5306 $5453 reversed $5313 $-1 #
edge $5588 -1 $-1 $5310 0 $5589 0.4395781772224937045 $5452 $5590 forward @7 unknown #
color-adesk-attrib $-1 -1 $-1 $-1 $5308 256 #
straight-curve $-1 -1 $-1 0.3000000000000000444 -2.790698924731186636 -0.25 0 0 1 I I #
point $-1 -1 $-1 0.3000000000000010436 -2.79069892473118486 0.5 #
edge $5591 -1 $-1 $5315 0 $5589 1 $5447 $5592 forward @7 unknown #
face $5593 -1 $-1 $5587 $5313 $8 $-1 $5594 forward single #
point $-1 -1 $-1 0.4965802347046168186 -2.397525699277405664 -0.5 #
color-adesk-attrib $-1 -1 $-1 $-1 $5319 256 #
straight-curve $-1 -1 $-1 0.4965802347046167631 -3.25774075304084576 0.5 -0.9829011735230788194 0.1841338727311042645 0 I I #
color-adesk-attrib $-1 -1 $-1 $-1 $5323 256 #
plane-surface $-1 -1 $-1 0.4965802347046167631 -3.25774075304084576 -0.5 0.1841338727311042645 0.9829011735230788194 0 -0.9829011735230788194 0.1841338727311042645 0 forward_v I I I I #
point $-1 -1 $-1 0.4965802347046167631 -3.25774075304084576 0.5 #
color-adesk-attrib $-1 -1 $-1 $-1 $5332 256 #
face $5595 -1 $-1 $5596 $5597 $8 $-1 $5598 forward single #
loop $-1 -1 $-1 $-1 $5507 $5332 #
plane-surface $-1 -1 $-1 0.4965802347046172072 4.484194730830122211 -0.5 0.1841338727311042645 0.9829011735230788194 0 -0.9829011735230788194 0.1841338727311042645 0 forward_v I I I I #
coedge $-1 -1 $-1 $5599 $5600 $5513 $5601 forward $5333 $-1 #
edge $5602 -1 $-1 $5393 0 $5390 1 $5386 $5603 forward @7 unknown #
edge $5604 -1 $-1 $5473 -0.25 $5499 0.75 $5351 $5605 forward @7 unknown #
color-adesk-attrib $-1 -1 $-1 $-1 $5337 256 #
vertex $-1 -1 $-1 $5353 $5606 #
straight-curve $-1 -1 $-1 0.3000000000000014877 4.951236559139783111 -0.5 0.4472019879301609158 0.894432994690665506 0 F 0 F 0.4395781772224937045 #
color-adesk-attrib $-1 -1 $-1 $-1 $5344 256 #
face $5607 -1 $-1 $5608 $5609 $8 $-1 $354 reversed single #
loop $-1 -1 $-1 $-1 $5610 $5344 #
coedge $-1 -1 $-1 $5611 $5612 $5613 $5614 forward $5345 $-1 #
coedge $-1 -1 $-1 $5615 $5346 $5616 $5617 reversed $5213 $-1 #
coedge $-1 -1 $-1 $5346 $5615 $5618 $5619 reversed $5213 $-1 #
coedge $-1 -1 $-1 $5620 $5621 $5346 $5482 reversed $5622 $-1 #
edge $5623 -1 $-1 $5624 -0.75 $5625 0.25 $5346 $5626 forward @7 unknown #
coedge $-1 -1 $-1 $5348 $5347 $5627 $5628 forward $5081 $-1 #
coedge $-1 -1 $-1 $5629 $5630 $5347 $5485 forward $264 $-1 #
edge $5631 -1 $-1 $5632 3.660806451612902634 $5493 3.660913978494622967 $5347 $352 forward @7 unknown #
coedge $-1 -1 $-1 $5633 $5634 $5348 $5487 forward $102 $-1 #
edge $5635 -1 $-1 $5492 -3.660913978494622967 $5636 -3.660806451612902634 $5348 $277 forward @7 unknown #
coedge $-1 -1 $-1 $5637 $5349 $5634 $5638 forward $5490 $-1 #
coedge $-1 -1 $-1 $5349 $5637 $5629 $5639 reversed $5490 $-1 #
loop $-1 -1 $-1 $-1 $5488 $5640 #
color-adesk-attrib $-1 -1 $-1 $-1 $5350 256 #
vertex $-1 -1 $-1 $5487 $5641 #
vertex $-1 -1 $-1 $5639 $5642 #
straight-curve $-1 -1 $-1 0.2999999999999999334 3.660913978494620302 -0.25 0 0 1 I I #
coedge $-1 -1 $-1 $5370 $5352 $5357 $5502 reversed $102 $-1 #
color-adesk-attrib $-1 -1 $-1 $-1 $5353 256 #
coedge $-1 -1 $-1 $5354 $5365 $5356 $5501 forward $264 $-1 #
color-adesk-attrib $-1 -1 $-1 $-1 $5355 256 #
vertex $-1 -1 $-1 $5388 $5643 #
coedge $-1 -1 $-1 $5357 $5356 $5373 $5516 reversed $5358 $-1 #
edge $5644 -1 $-1 $5521 0 $5360 0.2000000000000000111 $5356 $5645 forward @7 unknown #
edge $5646 -1 $-1 $5518 0 $5361 0.2000000000000000111 $5357 $5647 forward @7 unknown #
face $5648 -1 $-1 $5112 $5358 $8 $-1 $5649 forward single #
point $-1 -1 $-1 0.3000000000000014877 4.951129032258062779 0.5 #
point $-1 -1 $-1 0.3000000000000014877 4.951129032258062779 -0.5 #
coedge $-1 -1 $-1 $5650 $5363 $5366 $5511 reversed $5467 $-1 #
coedge $-1 -1 $-1 $5363 $5650 $5369 $5514 forward $5467 $-1 #
color-adesk-attrib $-1 -1 $-1 $-1 $5364 256 #
straight-curve $-1 -1 $-1 0.3000000000000000444 4.521021505376343619 -0.25 0 0 -1 I I #
coedge $-1 -1 $-1 $5366 $5618 $5651 $5652 forward $264 $-1 #
edge $5653 -1 $-1 $5654 0 $5368 0.2000000000000000111 $5506 $5655 forward @7 unknown #
point $-1 -1 $-1 0.3000000000000014877 4.521021505376342731 0.5 #
coedge $-1 -1 $-1 $5616 $5369 $5469 $5601 reversed $102 $-1 #
edge $5656 -1 $-1 $5657 0 $5372 0.2000000000000000111 $5507 $5658 forward @7 unknown #
point $-1 -1 $-1 0.3000000000000014877 4.521021505376342731 -0.5 #
edge $5659 -1 $-1 $5518 0 $5521 1 $5500 $5660 forward @7 unknown #
color-adesk-attrib $-1 -1 $-1 $-1 $5374 256 #
vertex $-1 -1 $-1 $5502 $5661 #
straight-curve $-1 -1 $-1 0.3000000000000014877 4.521129032258063063 -0.5 0.4472019879301609158 0.894432994690665506 0 F 0 F 0.4395781772224937045 #
color-adesk-attrib $-1 -1 $-1 $-1 $5375 256 #
vertex $-1 -1 $-1 $5516 $5662 #
straight-curve $-1 -1 $-1 0.3000000000000014877 4.521129032258063063 0.5 0.4472019879301609158 0.894432994690665506 0 I I #
color-adesk-attrib $-1 -1 $-1 $-1 $5376 256 #
plane-surface $-1 -1 $-1 0.3000000000000014877 4.521129032258063063 -0.5 0.894432994690665617 -0.4472019879301609713 0 0.4472019879301609713 0.894432994690665617 0 forward_v I I I I #
color-adesk-attrib $-1 -1 $-1 $-1 $5388 256 #
straight-curve $-1 -1 $-1 0.3000000000000014877 4.951236559139783111 0.5 0.4472019879301609158 0.894432994690665506 0 I I #
point $-1 -1 $-1 0.4965802347046173182 5.344409784593562307 0.5 #
point $-1 -1 $-1 0.4965802347046173182 5.344409784593562307 -0.5 #
color-adesk-attrib $-1 -1 $-1 $-1 $5400 256 #
face $5663 -1 $-1 $5664 $5665 $8 $-1 $5666 forward single #
loop $-1 -1 $-1 $-1 $5667 $5400 #
plane-surface $-1 -1 $-1 0.4965802347046169851 0.6132269888946382252 -0.5 0.1841338727311042645 0.9829011735230788194 0 -0.9829011735230788194 0.1841338727311042645 0 forward_v I I I I #
coedge $-1 -1 $-1 $5668 $5669 $5670 $5671 forward $5401 $-1 #
coedge $-1 -1 $-1 $5672 $5403 $5673 $5674 reversed $5267 $-1 #
coedge $-1 -1 $-1 $5403 $5672 $5404 $5539 reversed $5267 $-1 #
coedge $-1 -1 $-1 $5406 $5675 $5403 $5537 reversed $102 $-1 #
edge $5676 -1 $-1 $5545 0 $5677 0.2000000000000000111 $5403 $5678 forward @7 unknown #
coedge $-1 -1 $-1 $5405 $5404 $5679 $5680 reversed $5137 $-1 #
edge $5681 -1 $-1 $5545 0 $5682 1 $5535 $5683 forward @7 unknown #
coedge $-1 -1 $-1 $5684 $5685 $5405 $5541 forward $5686 $-1 #
edge $5687 -1 $-1 $5544 -0.25 $5688 0.75 $5540 $5689 forward @7 unknown #
coedge $-1 -1 $-1 $5690 $5406 $5685 $5691 forward $102 $-1 #
color-adesk-attrib $-1 -1 $-1 $-1 $5407 256 #
vertex $-1 -1 $-1 $5691 $5692 #
vertex $-1 -1 $-1 $5537 $5693 #
straight-curve $-1 -1 $-1 0.3000000000000011546 -0.6401612903225810669 -0.5 0.4472019879301609158 0.894432994690665506 0 F 0 F 0.4395781772224937045 #
coedge $-1 -1 $-1 $5694 $5415 $5408 $5548 forward $264 $-1 #
edge $5695 -1 $-1 $5418 0 $5553 0.2000000000000000111 $5408 $5696 forward @7 unknown #
coedge $-1 -1 $-1 $5697 $5409 $5411 $5556 reversed $5551 $-1 #
coedge $-1 -1 $-1 $5409 $5697 $5694 $5698 reversed $5551 $-1 #
loop $-1 -1 $-1 $-1 $5409 $5699 #
color-adesk-attrib $-1 -1 $-1 $-1 $5410 256 #
vertex $-1 -1 $-1 $5698 $5700 #
straight-curve $-1 -1 $-1 0.2999999999999999889 -1.070376344086021003 -0.25 0 0 -1 I I #
coedge $-1 -1 $-1 $5411 $5690 $5701 $5702 reversed $102 $-1 #
edge $5703 -1 $-1 $5704 1.070268817204301115 $5413 1.070376344086021447 $5549 $277 forward @7 unknown #
point $-1 -1 $-1 0.3000000000000011546 -1.070376344086021447 -0.5 #
coedge $-1 -1 $-1 $5415 $5705 $5420 $5563 forward $264 $-1 #
color-adesk-attrib $-1 -1 $-1 $-1 $5416 256 #
straight-curve $-1 -1 $-1 0.3000000000000011546 -1.500376344086021163 0.5 0.4472019879301609158 0.894432994690665506 0 I I #
point $-1 -1 $-1 0.4965802347046168741 -1.107203118632241967 0.5 #
coedge $-1 -1 $-1 $5421 $5420 $5706 $5707 forward $5422 $-1 #
edge $5708 -1 $-1 $5709 -1.500483870967741495 $5424 -1.500376344086021163 $5420 $352 forward @7 unknown #
face $5710 -1 $-1 $5699 $5422 $8 $-1 $354 reversed single #
point $-1 -1 $-1 0.3000000000000011546 -1.500376344086021163 0.5 #
coedge $-1 -1 $-1 $5706 $5711 $5426 $5567 forward $5712 $-1 #
edge $5713 -1 $-1 $5579 0 $5569 0.2000000000000000111 $5566 $5714 forward @7 unknown #
color-adesk-attrib $-1 -1 $-1 $-1 $5427 256 #
vertex $-1 -1 $-1 $5567 $5715 #
coedge $-1 -1 $-1 $5705 $5430 $5716 $5717 forward $264 $-1 #
coedge $-1 -1 $-1 $5437 $5716 $5433 $5572 reversed $5577 $-1 #
edge $5718 -1 $-1 $5440 -0.25 $5574 0.75 $5433 $5719 forward @7 unknown #
color-adesk-attrib $-1 -1 $-1 $-1 $5434 256 #
vertex $-1 -1 $-1 $5717 $5720 #
color-adesk-attrib $-1 -1 $-1 $-1 $5435 256 #
coedge $-1 -1 $-1 $5716 $5437 $5711 $5721 forward $5577 $-1 #
loop $-1 -1 $-1 $-1 $5437 $5722 #
color-adesk-attrib $-1 -1 $-1 $-1 $5438 256 #
vertex $-1 -1 $-1 $5567 $5723 #
straight-curve $-1 -1 $-1 0.3000000000000010991 -1.930483870967741211 -0.5 0.4472019879301609158 0.894432994690665506 0 F 0 F 0.4395781772224937045 #
point $-1 -1 $-1 0.3000000000000010991 -1.930483870967741211 -0.5 #
coedge $-1 -1 $-1 $5447 $5442 $5441 $5583 reversed $5448 $-1 #
edge $5724 -1 $-1 $5589 0 $5445 0.2000000000000000111 $5582 $5725 forward @7 unknown #
color-adesk-attrib $-1 -1 $-1 $-1 $5443 256 #
straight-curve $-1 -1 $-1 0.2999999999999999889 -2.3606989247311847 -0.25 0 0 -1 I I #
point $-1 -1 $-1 0.3000000000000010436 -2.360698924731185144 0.5 #
face $5726 -1 $-1 $5194 $5448 $8 $-1 $5727 forward single #
color-adesk-attrib $-1 -1 $-1 $-1 $5453 256 #
vertex $-1 -1 $-1 $5457 $5728 #
straight-curve $-1 -1 $-1 0.3000000000000010436 -2.79069892473118486 0.5 0.4472019879301609158 0.894432994690665506 0 I I #
color-adesk-attrib $-1 -1 $-1 $-1 $5457 256 #
straight-curve $-1 -1 $-1 0.4965802347046168186 -2.397525699277405664 -0.5 0 0 1 I I #
color-adesk-attrib $-1 -1 $-1 $-1 $5458 256 #
plane-surface $-1 -1 $-1 0.3000000000000010436 -2.79069892473118486 -0.5 0.894432994690665617 -0.4472019879301609713 0 0.4472019879301609713 0.894432994690665617 0 forward_v I I I I #
color-adesk-attrib $-1 -1 $-1 $-1 $5466 256 #
face $5729 -1 $-1 $5730 $5731 $8 $-1 $5732 forward single #
loop $-1 -1 $-1 $-1 $5733 $5466 #
plane-surface $-1 -1 $-1 0.3000000000000013767 3.230806451612902919 -0.5 0.894432994690665617 -0.4472019879301609713 0 0.4472019879301609713 0.894432994690665617 0 forward_v I I I I #
coedge $-1 -1 $-1 $5651 $5469 $5650 $5734 forward $5333 $-1 #
coedge $-1 -1 $-1 $5469 $5651 $5615 $5735 reversed $5333 $-1 #
edge $5736 -1 $-1 $5737 0 $5657 0.4395781772224937045 $5469 $5738 forward @7 unknown #
color-adesk-attrib $-1 -1 $-1 $-1 $5470 256 #
straight-curve $-1 -1 $-1 0.4965802347046173182 5.344409784593562307 -0.5 0 0 1 I I #
color-adesk-attrib $-1 -1 $-1 $-1 $5471 256 #
straight-curve $-1 -1 $-1 0.2999999999999999334 4.951236559139779558 -0.25 0 0 1 I I #
point $-1 -1 $-1 0.3000000000000014877 4.951236559139783111 -0.5 #
color-adesk-attrib $-1 -1 $-1 $-1 $5476 256 #
face $5739 -1 $-1 $5740 $5741 $8 $-1 $354 reversed single #
loop $-1 -1 $-1 $-1 $5742 $5476 #
coedge $-1 -1 $-1 $5743 $5744 $5745 $5746 forward $5477 $-1 #
coedge $-1 -1 $-1 $5747 $5478 $5748 $5749 reversed $5345 $-1 #
coedge $-1 -1 $-1 $5478 $5747 $5750 $5751 reversed $5345 $-1 #
coedge $-1 -1 $-1 $5752 $5753 $5478 $5614 reversed $5754 $-1 #
edge $5755 -1 $-1 $5756 -0.25 $5757 0.75 $5478 $5758 forward @7 unknown #
coedge $-1 -1 $-1 $5480 $5479 $5600 $5735 forward $5213 $-1 #
coedge $-1 -1 $-1 $5759 $5513 $5479 $5617 forward $102 $-1 #
edge $5760 -1 $-1 $5737 -4.091021505376343015 $5625 -4.090913978494622683 $5479 $277 forward @7 unknown #
coedge $-1 -1 $-1 $5510 $5761 $5480 $5619 forward $264 $-1 #
edge $5762 -1 $-1 $5624 4.090913978494622683 $5763 4.091021505376343015 $5480 $352 forward @7 unknown #
coedge $-1 -1 $-1 $5764 $5481 $5761 $5765 reversed $5622 $-1 #
coedge $-1 -1 $-1 $5481 $5764 $5759 $5766 forward $5622 $-1 #
loop $-1 -1 $-1 $-1 $5621 $5767 #
color-adesk-attrib $-1 -1 $-1 $-1 $5482 256 #
vertex $-1 -1 $-1 $5619 $5768 #
vertex $-1 -1 $-1 $5766 $5769 #
straight-curve $-1 -1 $-1 0.2999999999999999889 4.090913978494622683 -0.25 0 0 -1 I I #
coedge $-1 -1 $-1 $5770 $5771 $5483 $5628 reversed $5731 $-1 #
edge $5772 -1 $-1 $5632 -0.75 $5636 0.25 $5483 $5773 forward @7 unknown #
coedge $-1 -1 $-1 $5761 $5484 $5489 $5639 forward $264 $-1 #
coedge $-1 -1 $-1 $5484 $5774 $5770 $5775 forward $264 $-1 #
color-adesk-attrib $-1 -1 $-1 $-1 $5485 256 #
vertex $-1 -1 $-1 $5485 $5776 #
coedge $-1 -1 $-1 $5777 $5486 $5771 $5778 reversed $102 $-1 #
coedge $-1 -1 $-1 $5486 $5759 $5488 $5638 reversed $102 $-1 #
color-adesk-attrib $-1 -1 $-1 $-1 $5487 256 #
vertex $-1 -1 $-1 $5778 $5779 #
coedge $-1 -1 $-1 $5489 $5488 $5764 $5780 forward $5490 $-1 #
edge $5781 -1 $-1 $5492 0 $5782 0.4395781772224937045 $5488 $5783 forward @7 unknown #
edge $5784 -1 $-1 $5493 0 $5785 0.4395781772224937045 $5489 $5786 forward @7 unknown #
face $5787 -1 $-1 $5767 $5490 $8 $-1 $5788 forward single #
point $-1 -1 $-1 0.3000000000000014322 3.660913978494622967 -0.5 #
point $-1 -1 $-1 0.3000000000000014322 3.660913978494622967 0.5 #
point $-1 -1 $-1 0.3000000000000014877 4.951236559139783111 0.5 #
color-adesk-attrib $-1 -1 $-1 $-1 $5501 256 #
straight-curve $-1 -1 $-1 0.4965802347046172627 4.914302257711842259 0.5 -0.9829011735230788194 0.1841338727311042645 0 I I #
color-adesk-attrib $-1 -1 $-1 $-1 $5502 256 #
straight-curve $-1 -1 $-1 0.4965802347046172627 4.914302257711842259 -0.5 -0.9829011735230788194 0.1841338727311042645 0 F 0 F 0.2000000000000000111 #
color-adesk-attrib $-1 -1 $-1 $-1 $5503 256 #
plane-surface $-1 -1 $-1 0.4965802347046172627 4.914302257711842259 -0.5 0.1841338727311042645 0.9829011735230788194 0 -0.9829011735230788194 0.1841338727311042645 0 forward_v I I I I #
coedge $-1 -1 $-1 $5507 $5506 $5599 $5734 reversed $5467 $-1 #
coedge $-1 -1 $-1 $5600 $5599 $5510 $5652 reversed $5333 $-1 #
edge $5789 -1 $-1 $5763 0 $5654 0.4395781772224937045 $5651 $5790 forward @7 unknown #
color-adesk-attrib $-1 -1 $-1 $-1 $5511 256 #
vertex $-1 -1 $-1 $5734 $5791 #
straight-curve $-1 -1 $-1 0.4965802347046172072 4.484194730830122211 0.5 -0.9829011735230788194 0.1841338727311042645 0 I I #
color-adesk-attrib $-1 -1 $-1 $-1 $5514 256 #
vertex $-1 -1 $-1 $5514 $5792 #
straight-curve $-1 -1 $-1 0.4965802347046172072 4.484194730830122211 -0.5 -0.9829011735230788194 0.1841338727311042645 0 F 0 F 0.2000000000000000111 #
color-adesk-attrib $-1 -1 $-1 $-1 $5516 256 #
straight-curve $-1 -1 $-1 0.4965802347046172627 4.914302257711842259 -0.5 0 0 1 I I #
point $-1 -1 $-1 0.4965802347046172627 4.914302257711842259 -0.5 #
point $-1 -1 $-1 0.4965802347046172627 4.914302257711842259 0.5 #
color-adesk-attrib $-1 -1 $-1 $-1 $5530 256 #
face $5793 -1 $-1 $5794 $5795 $8 $-1 $5796 forward single #
loop $-1 -1 $-1 $-1 $5797 $5530 #
plane-surface $-1 -1 $-1 0.3000000000000012657 1.080268817204299125 -0.5 0.894432994690665617 -0.4472019879301609713 0 0.4472019879301609713 0.894432994690665617 0 forward_v I I I I #
coedge $-1 -1 $-1 $5798 $5799 $5800 $5801 forward $5531 $-1 #
coedge $-1 -1 $-1 $5802 $5533 $5799 $5803 forward $5401 $-1 #
coedge $-1 -1 $-1 $5533 $5802 $5804 $5805 reversed $5401 $-1 #
coedge $-1 -1 $-1 $5806 $5800 $5533 $5671 reversed $102 $-1 #
edge $5807 -1 $-1 $5808 0 $5809 0.4395781772224937045 $5533 $5810 forward @7 unknown #
coedge $-1 -1 $-1 $5535 $5534 $5811 $5812 reversed $5267 $-1 #
coedge $-1 -1 $-1 $5813 $5814 $5534 $5674 forward $5815 $-1 #
edge $5816 -1 $-1 $5817 -0.75 $5677 0.25 $5673 $5818 forward @7 unknown #
coedge $-1 -1 $-1 $5536 $5819 $5813 $5820 forward $102 $-1 #
color-adesk-attrib $-1 -1 $-1 $-1 $5537 256 #
vertex $-1 -1 $-1 $5537 $5821 #
straight-curve $-1 -1 $-1 0.4965802347046169296 -0.2469880648688018709 -0.5 -0.9829011735230788194 0.1841338727311042645 0 F 0 F 0.2000000000000000111 #
coedge $-1 -1 $-1 $5811 $5822 $5538 $5680 forward $264 $-1 #
edge $5823 -1 $-1 $5688 0 $5682 0.4395781772224937045 $5538 $5824 forward @7 unknown #
color-adesk-attrib $-1 -1 $-1 $-1 $5539 256 #
vertex $-1 -1 $-1 $5539 $5825 #
straight-curve $-1 -1 $-1 0.4965802347046169296 -0.2469880648688018709 -0.5 0 0 1 I I #
coedge $-1 -1 $-1 $5826 $5540 $5822 $5827 reversed $5686 $-1 #
coedge $-1 -1 $-1 $5540 $5826 $5542 $5691 reversed $5686 $-1 #
loop $-1 -1 $-1 $-1 $5540 $5828 #
color-adesk-attrib $-1 -1 $-1 $-1 $5541 256 #
vertex $-1 -1 $-1 $5680 $5829 #
straight-curve $-1 -1 $-1 0.2999999999999999889 -0.6401612903225833984 -0.25 0 0 1 I I #
coedge $-1 -1 $-1 $5555 $5542 $5830 $5831 reversed $102 $-1 #
edge $5832 -1 $-1 $5544 0.6401612903225810669 $5833 0.6402688172043013992 $5685 $277 forward @7 unknown #
point $-1 -1 $-1 0.3000000000000011546 -0.6401612903225810669 -0.5 #
point $-1 -1 $-1 0.4965802347046169296 -0.2469880648688018709 -0.5 #
coedge $-1 -1 $-1 $5834 $5547 $5550 $5698 forward $264 $-1 #
color-adesk-attrib $-1 -1 $-1 $-1 $5548 256 #
straight-curve $-1 -1 $-1 0.4965802347046168741 -1.107203118632241967 0.5 -0.9829011735230788194 0.1841338727311042645 0 I I #
coedge $-1 -1 $-1 $5550 $5549 $5835 $5836 forward $5551 $-1 #
edge $5837 -1 $-1 $5553 -1.070376344086021447 $5838 -1.070268817204301115 $5550 $352 forward @7 unknown #
face $5839 -1 $-1 $5300 $5551 $8 $-1 $354 reversed single #
point $-1 -1 $-1 0.3000000000000011546 -1.070376344086021447 0.5 #
coedge $-1 -1 $-1 $5840 $5835 $5555 $5702 forward $5841 $-1 #
edge $5842 -1 $-1 $5704 0 $5843 0.4395781772224937045 $5701 $5844 forward @7 unknown #
color-adesk-attrib $-1 -1 $-1 $-1 $5556 256 #
vertex $-1 -1 $-1 $5556 $5845 #
coedge $-1 -1 $-1 $5558 $5570 $5846 $5847 forward $264 $-1 #
coedge $-1 -1 $-1 $5846 $5566 $5562 $5707 reversed $5712 $-1 #
edge $5848 -1 $-1 $5709 -0.75 $5569 0.25 $5562 $5849 forward @7 unknown #
color-adesk-attrib $-1 -1 $-1 $-1 $5563 256 #
vertex $-1 -1 $-1 $5563 $5850 #
color-adesk-attrib $-1 -1 $-1 $-1 $5564 256 #
coedge $-1 -1 $-1 $5566 $5846 $5576 $5721 reversed $5712 $-1 #
loop $-1 -1 $-1 $-1 $5566 $5851 #
color-adesk-attrib $-1 -1 $-1 $-1 $5567 256 #
straight-curve $-1 -1 $-1 0.4965802347046168741 -1.537310645513962015 -0.5 -0.9829011735230788194 0.1841338727311042645 0 F 0 F 0.2000000000000000111 #
point $-1 -1 $-1 0.3000000000000010991 -1.500483870967741495 -0.5 #
coedge $-1 -1 $-1 $5571 $5576 $5570 $5717 reversed $5577 $-1 #
edge $5852 -1 $-1 $5574 0 $5853 0.4395781772224937045 $5716 $5854 forward @7 unknown #
color-adesk-attrib $-1 -1 $-1 $-1 $5572 256 #
straight-curve $-1 -1 $-1 0.2999999999999999889 -1.930483870967743432 -0.25 0 0 1 I I #
point $-1 -1 $-1 0.3000000000000010991 -1.930483870967741211 0.5 #
edge $5855 -1 $-1 $5579 0 $5853 1 $5711 $5856 forward @7 unknown #
face $5857 -1 $-1 $5851 $5577 $8 $-1 $5858 forward single #
point $-1 -1 $-1 0.4965802347046168741 -1.537310645513962015 -0.5 #
color-adesk-attrib $-1 -1 $-1 $-1 $5583 256 #
straight-curve $-1 -1 $-1 0.4965802347046168186 -2.397525699277405664 0.5 -0.9829011735230788194 0.1841338727311042645 0 I I #
color-adesk-attrib $-1 -1 $-1 $-1 $5587 256 #
plane-surface $-1 -1 $-1 0.4965802347046168186 -2.397525699277405664 -0.5 0.1841338727311042645 0.9829011735230788194 0 -0.9829011735230788194 0.1841338727311042645 0 forward_v I I I I #
point $-1 -1 $-1 0.4965802347046168186 -2.397525699277405664 0.5 #
color-adesk-attrib $-1 -1 $-1 $-1 $5596 256 #
face $5859 -1 $-1 $5860 $5861 $8 $-1 $5862 forward single #
loop $-1 -1 $-1 $-1 $5771 $5596 #
plane-surface $-1 -1 $-1 0.4965802347046172072 3.623979677066682115 -0.5 0.1841338727311042645 0.9829011735230788194 0 -0.9829011735230788194 0.1841338727311042645 0 forward_v I I I I #
coedge $-1 -1 $-1 $5863 $5864 $5777 $5865 forward $5597 $-1 #
edge $5866 -1 $-1 $5657 0 $5654 1 $5650 $5867 forward @7 unknown #
edge $5868 -1 $-1 $5737 -0.25 $5763 0.75 $5615 $5869 forward @7 unknown #
color-adesk-attrib $-1 -1 $-1 $-1 $5601 256 #
vertex $-1 -1 $-1 $5617 $5870 #
straight-curve $-1 -1 $-1 0.3000000000000014877 4.091021505376343015 -0.5 0.4472019879301609158 0.894432994690665506 0 F 0 F 0.4395781772224937045 #
color-adesk-attrib $-1 -1 $-1 $-1 $5608 256 #
face $5871 -1 $-1 $5872 $5873 $8 $-1 $354 reversed single #
loop $-1 -1 $-1 $-1 $5874 $5608 #
coedge $-1 -1 $-1 $5875 $5876 $5877 $5878 forward $5609 $-1 #
coedge $-1 -1 $-1 $5879 $5610 $5880 $5881 reversed $5477 $-1 #
coedge $-1 -1 $-1 $5610 $5879 $5882 $5883 reversed $5477 $-1 #
coedge $-1 -1 $-1 $5884 $5885 $5610 $5746 reversed $5886 $-1 #
edge $5887 -1 $-1 $5888 -0.75 $5889 0.25 $5610 $5890 forward @7 unknown #
coedge $-1 -1 $-1 $5612 $5611 $5891 $5892 forward $5345 $-1 #
coedge $-1 -1 $-1 $5893 $5894 $5611 $5749 forward $264 $-1 #
edge $5895 -1 $-1 $5896 2.800591397849462538 $5757 2.800698924731182871 $5611 $352 forward @7 unknown #
coedge $-1 -1 $-1 $5897 $5898 $5612 $5751 forward $102 $-1 #
edge $5899 -1 $-1 $5756 -2.800698924731182871 $5900 -2.800591397849462538 $5612 $277 forward @7 unknown #
coedge $-1 -1 $-1 $5901 $5613 $5898 $5902 forward $5754 $-1 #
coedge $-1 -1 $-1 $5613 $5901 $5893 $5903 reversed $5754 $-1 #
loop $-1 -1 $-1 $-1 $5752 $5904 #
color-adesk-attrib $-1 -1 $-1 $-1 $5614 256 #
vertex $-1 -1 $-1 $5751 $5905 #
vertex $-1 -1 $-1 $5903 $5906 #
straight-curve $-1 -1 $-1 0.2999999999999999334 2.800698924731180206 -0.25 0 0 1 I I #
coedge $-1 -1 $-1 $5634 $5616 $5621 $5766 reversed $102 $-1 #
color-adesk-attrib $-1 -1 $-1 $-1 $5617 256 #
coedge $-1 -1 $-1 $5618 $5629 $5620 $5765 forward $264 $-1 #
color-adesk-attrib $-1 -1 $-1 $-1 $5619 256 #
vertex $-1 -1 $-1 $5652 $5907 #
coedge $-1 -1 $-1 $5621 $5620 $5637 $5780 reversed $5622 $-1 #
edge $5908 -1 $-1 $5785 0 $5624 0.2000000000000000111 $5620 $5909 forward @7 unknown #
edge $5910 -1 $-1 $5782 0 $5625 0.2000000000000000111 $5621 $5911 forward @7 unknown #
face $5912 -1 $-1 $5376 $5622 $8 $-1 $5913 forward single #
point $-1 -1 $-1 0.3000000000000014322 4.090913978494622683 0.5 #
point $-1 -1 $-1 0.3000000000000014322 4.090913978494622683 -0.5 #
coedge $-1 -1 $-1 $5914 $5627 $5630 $5775 reversed $5731 $-1 #
coedge $-1 -1 $-1 $5627 $5914 $5633 $5778 forward $5731 $-1 #
color-adesk-attrib $-1 -1 $-1 $-1 $5628 256 #
straight-curve $-1 -1 $-1 0.2999999999999999334 3.660806451612903079 -0.25 0 0 -1 I I #
coedge $-1 -1 $-1 $5630 $5882 $5915 $5916 forward $264 $-1 #
edge $5917 -1 $-1 $5918 0 $5632 0.2000000000000000111 $5770 $5919 forward @7 unknown #
point $-1 -1 $-1 0.3000000000000013767 3.660806451612902634 0.5 #
coedge $-1 -1 $-1 $5880 $5633 $5733 $5865 reversed $102 $-1 #
edge $5920 -1 $-1 $5921 0 $5636 0.2000000000000000111 $5771 $5922 forward @7 unknown #
point $-1 -1 $-1 0.3000000000000013767 3.660806451612902634 -0.5 #
edge $5923 -1 $-1 $5782 0 $5785 1 $5764 $5924 forward @7 unknown #
color-adesk-attrib $-1 -1 $-1 $-1 $5638 256 #
vertex $-1 -1 $-1 $5766 $5925 #
straight-curve $-1 -1 $-1 0.3000000000000014322 3.660913978494622967 -0.5 0.4472019879301609158 0.894432994690665506 0 F 0 F 0.4395781772224937045 #
color-adesk-attrib $-1 -1 $-1 $-1 $5639 256 #
vertex $-1 -1 $-1 $5780 $5926 #
straight-curve $-1 -1 $-1 0.3000000000000014322 3.660913978494622967 0.5 0.4472019879301609158 0.894432994690665506 0 I I #
color-adesk-attrib $-1 -1 $-1 $-1 $5640 256 #
plane-surface $-1 -1 $-1 0.3000000000000014322 3.660913978494622967 -0.5 0.894432994690665617 -0.4472019879301609713 0 0.4472019879301609713 0.894432994690665617 0 forward_v I I I I #
color-adesk-attrib $-1 -1 $-1 $-1 $5652 256 #
straight-curve $-1 -1 $-1 0.3000000000000014877 4.091021505376343015 0.5 0.4472019879301609158 0.894432994690665506 0 I I #
point $-1 -1 $-1 0.4965802347046172072 4.484194730830122211 0.5 #
point $-1 -1 $-1 0.4965802347046172072 4.484194730830122211 -0.5 #
color-adesk-attrib $-1 -1 $-1 $-1 $5664 256 #
face $5927 -1 $-1 $5928 $5929 $8 $-1 $5930 forward single #
loop $-1 -1 $-1 $-1 $5931 $5664 #
plane-surface $-1 -1 $-1 0.4965802347046170406 1.473442042658078321 -0.5 0.1841338727311042645 0.9829011735230788194 0 -0.9829011735230788194 0.1841338727311042645 0 forward_v I I I I #
coedge $-1 -1 $-1 $5932 $5933 $5934 $5935 forward $5665 $-1 #
coedge $-1 -1 $-1 $5936 $5667 $5937 $5938 reversed $5531 $-1 #
coedge $-1 -1 $-1 $5667 $5936 $5668 $5803 reversed $5531 $-1 #
coedge $-1 -1 $-1 $5670 $5939 $5667 $5801 reversed $102 $-1 #
edge $5940 -1 $-1 $5809 0 $5941 0.2000000000000000111 $5667 $5942 forward @7 unknown #
coedge $-1 -1 $-1 $5669 $5668 $5943 $5944 reversed $5401 $-1 #
edge $5945 -1 $-1 $5809 0 $5946 1 $5799 $5947 forward @7 unknown #
coedge $-1 -1 $-1 $5948 $5949 $5669 $5805 forward $5950 $-1 #
edge $5951 -1 $-1 $5808 -0.25 $5952 0.75 $5804 $5953 forward @7 unknown #
coedge $-1 -1 $-1 $5954 $5670 $5949 $5955 forward $102 $-1 #
color-adesk-attrib $-1 -1 $-1 $-1 $5671 256 #
vertex $-1 -1 $-1 $5955 $5956 #
vertex $-1 -1 $-1 $5801 $5957 #
straight-curve $-1 -1 $-1 0.3000000000000012101 0.2200537634408590293 -0.5 0.4472019879301609158 0.894432994690665506 0 F 0 F 0.4395781772224937045 #
coedge $-1 -1 $-1 $5958 $5679 $5672 $5812 forward $264 $-1 #
edge $5959 -1 $-1 $5682 0 $5817 0.2000000000000000111 $5672 $5960 forward @7 unknown #
coedge $-1 -1 $-1 $5961 $5673 $5675 $5820 reversed $5815 $-1 #
coedge $-1 -1 $-1 $5673 $5961 $5958 $5962 reversed $5815 $-1 #
loop $-1 -1 $-1 $-1 $5673 $5963 #
color-adesk-attrib $-1 -1 $-1 $-1 $5674 256 #
vertex $-1 -1 $-1 $5962 $5964 #
straight-curve $-1 -1 $-1 0.2999999999999999889 -0.210161290322580796 -0.25 0 0 -1 I I #
coedge $-1 -1 $-1 $5675 $5954 $5965 $5966 reversed $102 $-1 #
edge $5967 -1 $-1 $5968 0.2100537634408610188 $5677 0.2101612903225813511 $5813 $277 forward @7 unknown #
point $-1 -1 $-1 0.3000000000000011546 -0.2101612903225813511 -0.5 #
coedge $-1 -1 $-1 $5679 $5969 $5684 $5827 forward $264 $-1 #
color-adesk-attrib $-1 -1 $-1 $-1 $5680 256 #
straight-curve $-1 -1 $-1 0.3000000000000011546 -0.6401612903225810669 0.5 0.4472019879301609158 0.894432994690665506 0 I I #
point $-1 -1 $-1 0.4965802347046169296 -0.2469880648688018709 0.5 #
coedge $-1 -1 $-1 $5685 $5684 $5970 $5971 forward $5686 $-1 #
edge $5972 -1 $-1 $5973 -0.6402688172043013992 $5688 -0.6401612903225810669 $5684 $352 forward @7 unknown #
face $5974 -1 $-1 $5963 $5686 $8 $-1 $354 reversed single #
point $-1 -1 $-1 0.3000000000000011546 -0.6401612903225810669 0.5 #
coedge $-1 -1 $-1 $5970 $5975 $5690 $5831 forward $5976 $-1 #
edge $5977 -1 $-1 $5843 0 $5833 0.2000000000000000111 $5830 $5978 forward @7 unknown #
color-adesk-attrib $-1 -1 $-1 $-1 $5691 256 #
vertex $-1 -1 $-1 $5831 $5979 #
coedge $-1 -1 $-1 $5969 $5694 $5980 $5981 forward $264 $-1 #
coedge $-1 -1 $-1 $5701 $5980 $5697 $5836 reversed $5841 $-1 #
edge $5982 -1 $-1 $5704 -0.25 $5838 0.75 $5697 $5983 forward @7 unknown #
color-adesk-attrib $-1 -1 $-1 $-1 $5698 256 #
vertex $-1 -1 $-1 $5981 $5984 #
color-adesk-attrib $-1 -1 $-1 $-1 $5699 256 #
coedge $-1 -1 $-1 $5980 $5701 $5975 $5985 forward $5841 $-1 #
loop $-1 -1 $-1 $-1 $5701 $5986 #
color-adesk-attrib $-1 -1 $-1 $-1 $5702 256 #
vertex $-1 -1 $-1 $5831 $5987 #
straight-curve $-1 -1 $-1 0.3000000000000011546 -1.070268817204301115 -0.5 0.4472019879301609158 0.894432994690665506 0 F 0 F 0.4395781772224937045 #
point $-1 -1 $-1 0.3000000000000011546 -1.070268817204301115 -0.5 #
coedge $-1 -1 $-1 $5711 $5706 $5705 $5847 reversed $5712 $-1 #
edge $5988 -1 $-1 $5853 0 $5709 0.2000000000000000111 $5846 $5989 forward @7 unknown #
color-adesk-attrib $-1 -1 $-1 $-1 $5707 256 #
straight-curve $-1 -1 $-1 0.2999999999999999889 -1.500483870967741051 -0.25 0 0 -1 I I #
point $-1 -1 $-1 0.3000000000000010991 -1.500483870967741495 0.5 #
face $5990 -1 $-1 $5458 $5712 $8 $-1 $5991 forward single #
color-adesk-attrib $-1 -1 $-1 $-1 $5717 256 #
vertex $-1 -1 $-1 $5721 $5992 #
straight-curve $-1 -1 $-1 0.3000000000000010991 -1.930483870967741211 0.5 0.4472019879301609158 0.894432994690665506 0 I I #
color-adesk-attrib $-1 -1 $-1 $-1 $5721 256 #
straight-curve $-1 -1 $-1 0.4965802347046168741 -1.537310645513962015 -0.5 0 0 1 I I #
color-adesk-attrib $-1 -1 $-1 $-1 $5722 256 #
plane-surface $-1 -1 $-1 0.3000000000000010991 -1.930483870967741211 -0.5 0.894432994690665617 -0.4472019879301609713 0 0.4472019879301609713 0.894432994690665617 0 forward_v I I I I #
color-adesk-attrib $-1 -1 $-1 $-1 $5730 256 #
face $5993 -1 $-1 $5994 $5995 $8 $-1 $5996 forward single #
loop $-1 -1 $-1 $-1 $5997 $5730 #
plane-surface $-1 -1 $-1 0.3000000000000013767 2.370591397849462822 -0.5 0.894432994690665617 -0.4472019879301609713 0 0.4472019879301609713 0.894432994690665617 0 forward_v I I I I #
coedge $-1 -1 $-1 $5915 $5733 $5914 $5998 forward $5597 $-1 #
coedge $-1 -1 $-1 $5733 $5915 $5879 $5999 reversed $5597 $-1 #
edge $6000 -1 $-1 $6001 0 $5921 0.4395781772224937045 $5733 $6002 forward @7 unknown #
color-adesk-attrib $-1 -1 $-1 $-1 $5734 256 #
straight-curve $-1 -1 $-1 0.4965802347046172072 4.484194730830122211 -0.5 0 0 1 I I #
color-adesk-attrib $-1 -1 $-1 $-1 $5735 256 #
straight-curve $-1 -1 $-1 0.2999999999999998224 4.09102150537634035 -0.25 0 0 1 I I #
point $-1 -1 $-1 0.3000000000000014877 4.091021505376343015 -0.5 #
color-adesk-attrib $-1 -1 $-1 $-1 $5740 256 #
face $6003 -1 $-1 $6004 $6005 $8 $-1 $354 reversed single #
loop $-1 -1 $-1 $-1 $6006 $5740 #
coedge $-1 -1 $-1 $6007 $6008 $6009 $6010 forward $5741 $-1 #
coedge $-1 -1 $-1 $6011 $5742 $6012 $6013 reversed $5609 $-1 #
coedge $-1 -1 $-1 $5742 $6011 $6014 $6015 reversed $5609 $-1 #
coedge $-1 -1 $-1 $6016 $6017 $5742 $5878 reversed $5929 $-1 #
edge $6018 -1 $-1 $6019 -0.25 $6020 0.75 $5742 $6021 forward @7 unknown #
coedge $-1 -1 $-1 $5744 $5743 $5864 $5999 forward $5477 $-1 #
coedge $-1 -1 $-1 $6022 $5777 $5743 $5881 forward $102 $-1 #
edge $6023 -1 $-1 $6001 -3.230806451612902919 $5889 -3.230698924731182586 $5743 $277 forward @7 unknown #
coedge $-1 -1 $-1 $5774 $6024 $5744 $5883 forward $264 $-1 #
edge $6025 -1 $-1 $5888 3.230698924731182586 $6026 3.230806451612902919 $5744 $352 forward @7 unknown #
coedge $-1 -1 $-1 $6027 $5745 $6024 $6028 reversed $5886 $-1 #
coedge $-1 -1 $-1 $5745 $6027 $6022 $6029 forward $5886 $-1 #
loop $-1 -1 $-1 $-1 $5885 $6030 #
color-adesk-attrib $-1 -1 $-1 $-1 $5746 256 #
vertex $-1 -1 $-1 $5883 $6031 #
vertex $-1 -1 $-1 $6029 $6032 #
straight-curve $-1 -1 $-1 0.2999999999999999889 3.23069892473118303 -0.25 0 0 -1 I I #
coedge $-1 -1 $-1 $6033 $6034 $5747 $5892 reversed $5995 $-1 #
edge $6035 -1 $-1 $5896 -0.75 $5900 0.25 $5747 $6036 forward @7 unknown #
coedge $-1 -1 $-1 $6024 $5748 $5753 $5903 forward $264 $-1 #
coedge $-1 -1 $-1 $5748 $6037 $6033 $6038 forward $264 $-1 #
color-adesk-attrib $-1 -1 $-1 $-1 $5749 256 #
vertex $-1 -1 $-1 $5749 $6039 #
coedge $-1 -1 $-1 $6040 $5750 $6034 $6041 reversed $102 $-1 #
coedge $-1 -1 $-1 $5750 $6022 $5752 $5902 reversed $102 $-1 #
color-adesk-attrib $-1 -1 $-1 $-1 $5751 256 #
vertex $-1 -1 $-1 $6041 $6042 #
coedge $-1 -1 $-1 $5753 $5752 $6027 $6043 forward $5754 $-1 #
edge $6044 -1 $-1 $5756 0 $6045 0.4395781772224937045 $5752 $6046 forward @7 unknown #
edge $6047 -1 $-1 $5757 0 $6048 0.4395781772224937045 $5753 $6049 forward @7 unknown #
face $6050 -1 $-1 $6030 $5754 $8 $-1 $6051 forward single #
point $-1 -1 $-1 0.3000000000000013767 2.800698924731182871 -0.5 #
point $-1 -1 $-1 0.3000000000000013767 2.800698924731182871 0.5 #
point $-1 -1 $-1 0.3000000000000014877 4.091021505376343015 0.5 #
color-adesk-attrib $-1 -1 $-1 $-1 $5765 256 #
straight-curve $-1 -1 $-1 0.4965802347046172072 4.054087203948402163 0.5 -0.9829011735230788194 0.1841338727311042645 0 I I #
color-adesk-attrib $-1 -1 $-1 $-1 $5766 256 #
straight-curve $-1 -1 $-1 0.4965802347046172072 4.054087203948402163 -0.5 -0.9829011735230788194 0.1841338727311042645 0 F 0 F 0.2000000000000000111 #
color-adesk-attrib $-1 -1 $-1 $-1 $5767 256 #
plane-surface $-1 -1 $-1 0.4965802347046172072 4.054087203948402163 -0.5 0.1841338727311042645 0.9829011735230788194 0 -0.9829011735230788194 0.1841338727311042645 0 forward_v I I I I #
coedge $-1 -1 $-1 $5771 $5770 $5863 $5998 reversed $5731 $-1 #
coedge $-1 -1 $-1 $5864 $5863 $5774 $5916 reversed $5597 $-1 #
edge $6052 -1 $-1 $6026 0 $5918 0.4395781772224937045 $5915 $6053 forward @7 unknown #
color-adesk-attrib $-1 -1 $-1 $-1 $5775 256 #
vertex $-1 -1 $-1 $5998 $6054 #
straight-curve $-1 -1 $-1 0.4965802347046172072 3.623979677066682115 0.5 -0.9829011735230788194 0.1841338727311042645 0 I I #
color-adesk-attrib $-1 -1 $-1 $-1 $5778 256 #
vertex $-1 -1 $-1 $5778 $6055 #
straight-curve $-1 -1 $-1 0.4965802347046172072 3.623979677066682115 -0.5 -0.9829011735230788194 0.1841338727311042645 0 F 0 F 0.2000000000000000111 #
color-adesk-attrib $-1 -1 $-1 $-1 $5780 256 #
straight-curve $-1 -1 $-1 0.4965802347046172072 4.054087203948402163 -0.5 0 0 1 I I #
point $-1 -1 $-1 0.4965802347046172072 4.054087203948402163 -0.5 #
point $-1 -1 $-1 0.4965802347046172072 4.054087203948402163 0.5 #
color-adesk-attrib $-1 -1 $-1 $-1 $5794 256 #
face $6056 -1 $-1 $5904 $6057 $8 $-1 $6058 forward single #
loop $-1 -1 $-1 $-1 $6016 $5794 #
plane-surface $-1 -1 $-1 0.3000000000000013212 1.940483870967742774 -0.5 0.894432994690665617 -0.4472019879301609713 0 0.4472019879301609713 0.894432994690665617 0 forward_v I I I I #
coedge $-1 -1 $-1 $6059 $6060 $6061 $6062 forward $5795 $-1 #
coedge $-1 -1 $-1 $6063 $5797 $6060 $6064 forward $5665 $-1 #
coedge $-1 -1 $-1 $5797 $6063 $6006 $6065 reversed $5665 $-1 #
coedge $-1 -1 $-1 $6066 $6061 $5797 $5935 reversed $102 $-1 #
edge $6067 -1 $-1 $6068 0 $6069 0.4395781772224937045 $5797 $6070 forward @7 unknown #
coedge $-1 -1 $-1 $5799 $5798 $6071 $6072 reversed $5531 $-1 #
coedge $-1 -1 $-1 $6073 $6074 $5798 $5938 forward $6075 $-1 #
edge $6076 -1 $-1 $6077 -0.75 $5941 0.25 $5937 $6078 forward @7 unknown #
coedge $-1 -1 $-1 $5800 $6079 $6073 $6080 forward $102 $-1 #
color-adesk-attrib $-1 -1 $-1 $-1 $5801 256 #
vertex $-1 -1 $-1 $5801 $6081 #
straight-curve $-1 -1 $-1 0.4965802347046169851 0.6132269888946382252 -0.5 -0.9829011735230788194 0.1841338727311042645 0 F 0 F 0.2000000000000000111 #
coedge $-1 -1 $-1 $6071 $6082 $5802 $5944 forward $264 $-1 #
edge $6083 -1 $-1 $5952 0 $5946 0.4395781772224937045 $5802 $6084 forward @7 unknown #
color-adesk-attrib $-1 -1 $-1 $-1 $5803 256 #
vertex $-1 -1 $-1 $5803 $6085 #
straight-curve $-1 -1 $-1 0.4965802347046169851 0.6132269888946382252 -0.5 0 0 1 I I #
coedge $-1 -1 $-1 $6086 $5804 $6082 $6087 reversed $5950 $-1 #
coedge $-1 -1 $-1 $5804 $6086 $5806 $5955 reversed $5950 $-1 #
loop $-1 -1 $-1 $-1 $5804 $6004 #
color-adesk-attrib $-1 -1 $-1 $-1 $5805 256 #
vertex $-1 -1 $-1 $5944 $6088 #
straight-curve $-1 -1 $-1 0.2999999999999999889 0.2200537634408565868 -0.25 0 0 1 I I #
coedge $-1 -1 $-1 $5819 $5806 $6089 $6090 reversed $102 $-1 #
edge $6091 -1 $-1 $5808 -0.2200537634408590293 $6092 -0.219946236559138697 $5949 $277 forward @7 unknown #
point $-1 -1 $-1 0.3000000000000012101 0.2200537634408590293 -0.5 #
point $-1 -1 $-1 0.4965802347046169851 0.6132269888946382252 -0.5 #
coedge $-1 -1 $-1 $6093 $5811 $5814 $5962 forward $264 $-1 #
color-adesk-attrib $-1 -1 $-1 $-1 $5812 256 #
straight-curve $-1 -1 $-1 0.4965802347046169296 -0.2469880648688018709 0.5 -0.9829011735230788194 0.1841338727311042645 0 I I #
coedge $-1 -1 $-1 $5814 $5813 $6094 $6095 forward $5815 $-1 #
edge $6096 -1 $-1 $5817 -0.2101612903225813511 $6097 -0.2100537634408610188 $5814 $352 forward @7 unknown #
face $6098 -1 $-1 $5564 $5815 $8 $-1 $354 reversed single #
point $-1 -1 $-1 0.3000000000000011546 -0.2101612903225813511 0.5 #
coedge $-1 -1 $-1 $6099 $6094 $5819 $5966 forward $6100 $-1 #
edge $6101 -1 $-1 $5968 0 $6102 0.4395781772224937045 $5965 $6103 forward @7 unknown #
color-adesk-attrib $-1 -1 $-1 $-1 $5820 256 #
vertex $-1 -1 $-1 $5820 $6104 #
coedge $-1 -1 $-1 $5822 $5834 $6105 $6106 forward $264 $-1 #
coedge $-1 -1 $-1 $6105 $5830 $5826 $5971 reversed $5976 $-1 #
edge $6107 -1 $-1 $5973 -0.75 $5833 0.25 $5826 $6108 forward @7 unknown #
color-adesk-attrib $-1 -1 $-1 $-1 $5827 256 #
vertex $-1 -1 $-1 $5827 $6109 #
color-adesk-attrib $-1 -1 $-1 $-1 $5828 256 #
coedge $-1 -1 $-1 $5830 $6105 $5840 $5985 reversed $5976 $-1 #
loop $-1 -1 $-1 $-1 $5830 $6110 #
color-adesk-attrib $-1 -1 $-1 $-1 $5831 256 #
straight-curve $-1 -1 $-1 0.4965802347046169296 -0.677095591750521919 -0.5 -0.9829011735230788194 0.1841338727311042645 0 F 0 F 0.2000000000000000111 #
point $-1 -1 $-1 0.3000000000000011546 -0.6402688172043013992 -0.5 #
coedge $-1 -1 $-1 $5835 $5840 $5834 $5981 reversed $5841 $-1 #
edge $6111 -1 $-1 $5838 0 $6112 0.4395781772224937045 $5980 $6113 forward @7 unknown #
color-adesk-attrib $-1 -1 $-1 $-1 $5836 256 #
straight-curve $-1 -1 $-1 0.2999999999999999334 -1.070268817204303557 -0.25 0 0 1 I I #
point $-1 -1 $-1 0.3000000000000011546 -1.070268817204301115 0.5 #
edge $6114 -1 $-1 $5843 0 $6112 1 $5975 $6115 forward @7 unknown #
face $6116 -1 $-1 $6110 $5841 $8 $-1 $6117 forward single #
point $-1 -1 $-1 0.4965802347046169296 -0.677095591750521919 -0.5 #
color-adesk-attrib $-1 -1 $-1 $-1 $5847 256 #
straight-curve $-1 -1 $-1 0.4965802347046168741 -1.537310645513962015 0.5 -0.9829011735230788194 0.1841338727311042645 0 I I #
color-adesk-attrib $-1 -1 $-1 $-1 $5851 256 #
plane-surface $-1 -1 $-1 0.4965802347046168741 -1.537310645513962015 -0.5 0.1841338727311042645 0.9829011735230788194 0 -0.9829011735230788194 0.1841338727311042645 0 forward_v I I I I #
point $-1 -1 $-1 0.4965802347046168741 -1.537310645513962015 0.5 #
color-adesk-attrib $-1 -1 $-1 $-1 $5860 256 #
face $6118 -1 $-1 $6119 $6120 $8 $-1 $6121 forward single #
loop $-1 -1 $-1 $-1 $6034 $5860 #
plane-surface $-1 -1 $-1 0.4965802347046171517 2.763764623303242018 -0.5 0.1841338727311042645 0.9829011735230788194 0 -0.9829011735230788194 0.1841338727311042645 0 forward_v I I I I #
coedge $-1 -1 $-1 $6122 $6123 $6040 $6124 forward $5861 $-1 #
edge $6125 -1 $-1 $5921 0 $5918 1 $5914 $6126 forward @7 unknown #
edge $6127 -1 $-1 $6001 -0.25 $6026 0.75 $5879 $6128 forward @7 unknown #
color-adesk-attrib $-1 -1 $-1 $-1 $5865 256 #
vertex $-1 -1 $-1 $5881 $6129 #
straight-curve $-1 -1 $-1 0.3000000000000013767 3.230806451612902919 -0.5 0.4472019879301609158 0.894432994690665506 0 F 0 F 0.4395781772224937045 #
color-adesk-attrib $-1 -1 $-1 $-1 $5872 256 #
face $6130 -1 $-1 $6131 $5950 $8 $-1 $354 reversed single #
loop $-1 -1 $-1 $-1 $6132 $5872 #
coedge $-1 -1 $-1 $6133 $6134 $5933 $6065 forward $5873 $-1 #
coedge $-1 -1 $-1 $6135 $5874 $6136 $6137 reversed $5741 $-1 #
coedge $-1 -1 $-1 $5874 $6135 $6138 $6139 reversed $5741 $-1 #
coedge $-1 -1 $-1 $6140 $6141 $5874 $6010 reversed $6057 $-1 #
edge $6142 -1 $-1 $6143 -0.75 $6144 0.25 $5874 $6145 forward @7 unknown #
coedge $-1 -1 $-1 $5876 $5875 $6146 $6147 forward $5609 $-1 #
coedge $-1 -1 $-1 $6148 $6149 $5875 $6013 forward $264 $-1 #
edge $6150 -1 $-1 $6151 1.940376344086018889 $6020 1.940483870967742774 $5875 $352 forward @7 unknown #
coedge $-1 -1 $-1 $6152 $6153 $5876 $6015 forward $102 $-1 #
edge $6154 -1 $-1 $6019 -1.940483870967742774 $6155 -1.940376344086018889 $5876 $277 forward @7 unknown #
coedge $-1 -1 $-1 $6156 $5877 $6153 $6157 forward $5929 $-1 #
coedge $-1 -1 $-1 $5877 $6156 $6148 $6158 reversed $5929 $-1 #
color-adesk-attrib $-1 -1 $-1 $-1 $5878 256 #
vertex $-1 -1 $-1 $6015 $6159 #
vertex $-1 -1 $-1 $6158 $6160 #
straight-curve $-1 -1 $-1 0.2999999999999999334 1.94048387096774011 -0.25 0 0 1 I I #
coedge $-1 -1 $-1 $5898 $5880 $5885 $6029 reversed $102 $-1 #
color-adesk-attrib $-1 -1 $-1 $-1 $5881 256 #
coedge $-1 -1 $-1 $5882 $5893 $5884 $6028 forward $264 $-1 #
color-adesk-attrib $-1 -1 $-1 $-1 $5883 256 #
vertex $-1 -1 $-1 $5916 $6161 #
coedge $-1 -1 $-1 $5885 $5884 $5901 $6043 reversed $5886 $-1 #
edge $6162 -1 $-1 $6048 0 $5888 0.2000000000000000111 $5884 $6163 forward @7 unknown #
edge $6164 -1 $-1 $6045 0 $5889 0.2000000000000000111 $5885 $6165 forward @7 unknown #
face $6166 -1 $-1 $5640 $5886 $8 $-1 $6167 forward single #
point $-1 -1 $-1 0.3000000000000013767 3.230698924731182586 0.5 #
point $-1 -1 $-1 0.3000000000000013767 3.230698924731182586 -0.5 #
coedge $-1 -1 $-1 $6168 $5891 $5894 $6038 reversed $5995 $-1 #
coedge $-1 -1 $-1 $5891 $6168 $5897 $6041 forward $5995 $-1 #
color-adesk-attrib $-1 -1 $-1 $-1 $5892 256 #
straight-curve $-1 -1 $-1 0.2999999999999999889 2.800591397849463426 -0.25 0 0 -1 I I #
coedge $-1 -1 $-1 $5894 $6138 $6169 $6170 forward $264 $-1 #
edge $6171 -1 $-1 $6172 0 $5896 0.2000000000000000111 $6033 $6173 forward @7 unknown #
point $-1 -1 $-1 0.3000000000000013767 2.800591397849462538 0.5 #
coedge $-1 -1 $-1 $6136 $5897 $5997 $6124 reversed $102 $-1 #
edge $6174 -1 $-1 $6175 0 $5900 0.2000000000000000111 $6034 $6176 forward @7 unknown #
point $-1 -1 $-1 0.3000000000000013767 2.800591397849462538 -0.5 #
edge $6177 -1 $-1 $6045 0 $6048 1 $6027 $6178 forward @7 unknown #
color-adesk-attrib $-1 -1 $-1 $-1 $5902 256 #
vertex $-1 -1 $-1 $6029 $6179 #
straight-curve $-1 -1 $-1 0.3000000000000013767 2.800698924731182871 -0.5 0.4472019879301609158 0.894432994690665506 0 F 0 F 0.4395781772224937045 #
color-adesk-attrib $-1 -1 $-1 $-1 $5903 256 #
vertex $-1 -1 $-1 $6043 $6180 #
straight-curve $-1 -1 $-1 0.3000000000000013767 2.800698924731182871 0.5 0.4472019879301609158 0.894432994690665506 0 I I #
color-adesk-attrib $-1 -1 $-1 $-1 $5904 256 #
plane-surface $-1 -1 $-1 0.3000000000000013767 2.800698924731182871 -0.5 0.894432994690665617 -0.4472019879301609713 0 0.4472019879301609713 0.894432994690665617 0 forward_v I I I I #
color-adesk-attrib $-1 -1 $-1 $-1 $5916 256 #
straight-curve $-1 -1 $-1 0.3000000000000013767 3.230806451612902919 0.5 0.4472019879301609158 0.894432994690665506 0 I I #
point $-1 -1 $-1 0.4965802347046172072 3.623979677066682115 0.5 #
point $-1 -1 $-1 0.4965802347046172072 3.623979677066682115 -0.5 #
color-adesk-attrib $-1 -1 $-1 $-1 $5928 256 #
loop $-1 -1 $-1 $-1 $6141 $5928 #
plane-surface $-1 -1 $-1 0.4965802347046170961 2.33365709642152197 -0.5 0.1841338727311042645 0.9829011735230788194 0 -0.9829011735230788194 0.1841338727311042645 0 forward_v I I I I #
coedge $-1 -1 $-1 $6181 $5931 $6132 $6182 reversed $5795 $-1 #
coedge $-1 -1 $-1 $5931 $6181 $5932 $6064 reversed $5795 $-1 #
coedge $-1 -1 $-1 $5934 $6183 $5931 $6062 reversed $102 $-1 #
edge $6184 -1 $-1 $6069 0 $6185 0.2000000000000000111 $5931 $6186 forward @7 unknown #
coedge $-1 -1 $-1 $5933 $5932 $6187 $6188 reversed $5665 $-1 #
edge $6189 -1 $-1 $6069 0 $6190 1 $6060 $6191 forward @7 unknown #
edge $6192 -1 $-1 $6068 -0.25 $6193 0.75 $6006 $6194 forward @7 unknown #
coedge $-1 -1 $-1 $6195 $5934 $6134 $6196 forward $102 $-1 #
color-adesk-attrib $-1 -1 $-1 $-1 $5935 256 #
vertex $-1 -1 $-1 $6196 $6197 #
vertex $-1 -1 $-1 $6062 $6198 #
straight-curve $-1 -1 $-1 0.3000000000000012657 1.080268817204299125 -0.5 0.4472019879301609158 0.894432994690665506 0 F 0 F 0.4395781772224937045 #
coedge $-1 -1 $-1 $6199 $5943 $5936 $6072 forward $264 $-1 #
edge $6200 -1 $-1 $5946 0 $6077 0.2000000000000000111 $5936 $6201 forward @7 unknown #
coedge $-1 -1 $-1 $6202 $5937 $5939 $6080 reversed $6075 $-1 #
coedge $-1 -1 $-1 $5937 $6202 $6199 $6203 reversed $6075 $-1 #
loop $-1 -1 $-1 $-1 $5937 $6131 #
color-adesk-attrib $-1 -1 $-1 $-1 $5938 256 #
vertex $-1 -1 $-1 $6203 $6204 #
straight-curve $-1 -1 $-1 0.2999999999999999889 0.6500537634408593002 -0.25 0 0 -1 I I #
coedge $-1 -1 $-1 $5939 $6195 $6205 $6206 reversed $102 $-1 #
edge $6207 -1 $-1 $6208 -0.6501612903225790774 $5941 -0.6500537634408587451 $6073 $277 forward @7 unknown #
point $-1 -1 $-1 0.3000000000000012101 0.6500537634408587451 -0.5 #
coedge $-1 -1 $-1 $5943 $6209 $5948 $6087 forward $264 $-1 #
color-adesk-attrib $-1 -1 $-1 $-1 $5944 256 #
straight-curve $-1 -1 $-1 0.3000000000000012101 0.2200537634408590293 0.5 0.4472019879301609158 0.894432994690665506 0 I I #
point $-1 -1 $-1 0.4965802347046169851 0.6132269888946382252 0.5 #
coedge $-1 -1 $-1 $5949 $5948 $6210 $6211 forward $5950 $-1 #
edge $6212 -1 $-1 $6213 0.219946236559138697 $5952 0.2200537634408590293 $5948 $352 forward @7 unknown #
point $-1 -1 $-1 0.3000000000000012101 0.2200537634408590293 0.5 #
coedge $-1 -1 $-1 $6210 $6214 $5954 $6090 forward $6215 $-1 #
edge $6216 -1 $-1 $6102 0 $6092 0.2000000000000000111 $6089 $6217 forward @7 unknown #
color-adesk-attrib $-1 -1 $-1 $-1 $5955 256 #
vertex $-1 -1 $-1 $6090 $6218 #
coedge $-1 -1 $-1 $6209 $5958 $6219 $6220 forward $264 $-1 #
coedge $-1 -1 $-1 $5965 $6219 $5961 $6095 reversed $6100 $-1 #
edge $6221 -1 $-1 $5968 -0.25 $6097 0.75 $5961 $6222 forward @7 unknown #
color-adesk-attrib $-1 -1 $-1 $-1 $5962 256 #
vertex $-1 -1 $-1 $6220 $6223 #
color-adesk-attrib $-1 -1 $-1 $-1 $5963 256 #
coedge $-1 -1 $-1 $6219 $5965 $6214 $6224 forward $6100 $-1 #
loop $-1 -1 $-1 $-1 $5965 $6225 #
color-adesk-attrib $-1 -1 $-1 $-1 $5966 256 #
vertex $-1 -1 $-1 $6090 $6226 #
straight-curve $-1 -1 $-1 0.3000000000000012101 -0.2100537634408610188 -0.5 0.4472019879301609158 0.894432994690665506 0 F 0 F 0.4395781772224937045 #
point $-1 -1 $-1 0.3000000000000012101 -0.2100537634408610188 -0.5 #
coedge $-1 -1 $-1 $5975 $5970 $5969 $6106 reversed $5976 $-1 #
edge $6227 -1 $-1 $6112 0 $5973 0.2000000000000000111 $6105 $6228 forward @7 unknown #
color-adesk-attrib $-1 -1 $-1 $-1 $5971 256 #
straight-curve $-1 -1 $-1 0.2999999999999999889 -0.6402688172043007331 -0.25 0 0 -1 I I #
point $-1 -1 $-1 0.3000000000000011546 -0.6402688172043013992 0.5 #
face $6229 -1 $-1 $5722 $5976 $8 $-1 $6230 forward single #
color-adesk-attrib $-1 -1 $-1 $-1 $5981 256 #
vertex $-1 -1 $-1 $5985 $6231 #
straight-curve $-1 -1 $-1 0.3000000000000011546 -1.070268817204301115 0.5 0.4472019879301609158 0.894432994690665506 0 I I #
color-adesk-attrib $-1 -1 $-1 $-1 $5985 256 #
straight-curve $-1 -1 $-1 0.4965802347046169296 -0.677095591750521919 -0.5 0 0 1 I I #
color-adesk-attrib $-1 -1 $-1 $-1 $5986 256 #
plane-surface $-1 -1 $-1 0.3000000000000011546 -1.070268817204301115 -0.5 0.894432994690665617 -0.4472019879301609713 0 0.4472019879301609713 0.894432994690665617 0 forward_v I I I I #
color-adesk-attrib $-1 -1 $-1 $-1 $5994 256 #
face $6232 -1 $-1 $6233 $6234 $8 $-1 $6235 forward single #
loop $-1 -1 $-1 $-1 $6236 $5994 #
plane-surface $-1 -1 $-1 0.3000000000000013212 1.510376344086019174 -0.5 0.894432994690665617 -0.4472019879301609713 0 0.4472019879301609713 0.894432994690665617 0 forward_v I I I I #
coedge $-1 -1 $-1 $6169 $5997 $6168 $6237 forward $5861 $-1 #
coedge $-1 -1 $-1 $5997 $6169 $6135 $6238 reversed $5861 $-1 #
edge $6239 -1 $-1 $6240 0 $6175 0.4395781772224937045 $5997 $6241 forward @7 unknown #
color-adesk-attrib $-1 -1 $-1 $-1 $5998 256 #
straight-curve $-1 -1 $-1 0.4965802347046172072 3.623979677066682115 -0.5 0 0 1 I I #
color-adesk-attrib $-1 -1 $-1 $-1 $5999 256 #
straight-curve $-1 -1 $-1 0.2999999999999998224 3.23080645161289981 -0.25 0 0 1 I I #
point $-1 -1 $-1 0.3000000000000013767 3.230806451612902919 -0.5 #
color-adesk-attrib $-1 -1 $-1 $-1 $6004 256 #
face $6242 -1 $-1 $5828 $6075 $8 $-1 $354 reversed single #
coedge $-1 -1 $-1 $6243 $6244 $6059 $6182 forward $6005 $-1 #
coedge $-1 -1 $-1 $6245 $6006 $6246 $6247 reversed $5873 $-1 #
coedge $-1 -1 $-1 $6006 $6245 $6066 $6196 reversed $5873 $-1 #
coedge $-1 -1 $-1 $6008 $6007 $6123 $6238 forward $5741 $-1 #
coedge $-1 -1 $-1 $6248 $6040 $6007 $6137 forward $102 $-1 #
edge $6249 -1 $-1 $6240 -2.370591397849462822 $6144 -2.37048387096774249 $6007 $277 forward @7 unknown #
coedge $-1 -1 $-1 $6037 $6250 $6008 $6139 forward $264 $-1 #
edge $6251 -1 $-1 $6143 2.37048387096774249 $6252 2.370591397849462822 $6008 $352 forward @7 unknown #
coedge $-1 -1 $-1 $6253 $6009 $6250 $6254 reversed $6057 $-1 #
coedge $-1 -1 $-1 $6009 $6253 $6248 $6255 forward $6057 $-1 #
color-adesk-attrib $-1 -1 $-1 $-1 $6010 256 #
vertex $-1 -1 $-1 $6139 $6256 #
vertex $-1 -1 $-1 $6255 $6257 #
straight-curve $-1 -1 $-1 0.2999999999999999889 2.370483870967742934 -0.25 0 0 -1 I I #
coedge $-1 -1 $-1 $6258 $6259 $6011 $6147 reversed $6234 $-1 #
edge $6260 -1 $-1 $6151 -0.75 $6155 0.25 $6011 $6261 forward @7 unknown #
coedge $-1 -1 $-1 $6250 $6012 $6017 $6158 forward $264 $-1 #
coedge $-1 -1 $-1 $6012 $6262 $6258 $6263 forward $264 $-1 #
color-adesk-attrib $-1 -1 $-1 $-1 $6013 256 #
vertex $-1 -1 $-1 $6013 $6264 #
coedge $-1 -1 $-1 $6265 $6014 $6259 $6266 reversed $102 $-1 #
coedge $-1 -1 $-1 $6014 $6248 $6016 $6157 reversed $102 $-1 #
color-adesk-attrib $-1 -1 $-1 $-1 $6015 256 #
vertex $-1 -1 $-1 $6266 $6267 #
coedge $-1 -1 $-1 $6017 $6016 $6253 $6268 forward $5929 $-1 #
edge $6269 -1 $-1 $6019 0 $6270 0.4395781772224937045 $6016 $6271 forward @7 unknown #
edge $6272 -1 $-1 $6020 0 $6273 0.4395781772224937045 $6017 $6274 forward @7 unknown #
point $-1 -1 $-1 0.3000000000000013212 1.940483870967742774 -0.5 #
point $-1 -1 $-1 0.3000000000000013212 1.940483870967742774 0.5 #
point $-1 -1 $-1 0.3000000000000013767 3.230806451612902919 0.5 #
color-adesk-attrib $-1 -1 $-1 $-1 $6028 256 #
straight-curve $-1 -1 $-1 0.4965802347046171517 3.193872150184962067 0.5 -0.9829011735230788194 0.1841338727311042645 0 I I #
color-adesk-attrib $-1 -1 $-1 $-1 $6029 256 #
straight-curve $-1 -1 $-1 0.4965802347046171517 3.193872150184962067 -0.5 -0.9829011735230788194 0.1841338727311042645 0 F 0 F 0.2000000000000000111 #
color-adesk-attrib $-1 -1 $-1 $-1 $6030 256 #
plane-surface $-1 -1 $-1 0.4965802347046171517 3.193872150184962067 -0.5 0.1841338727311042645 0.9829011735230788194 0 -0.9829011735230788194 0.1841338727311042645 0 forward_v I I I I #
coedge $-1 -1 $-1 $6034 $6033 $6122 $6237 reversed $5995 $-1 #
coedge $-1 -1 $-1 $6123 $6122 $6037 $6170 reversed $5861 $-1 #
edge $6275 -1 $-1 $6252 0 $6172 0.4395781772224937045 $6169 $6276 forward @7 unknown #
color-adesk-attrib $-1 -1 $-1 $-1 $6038 256 #
vertex $-1 -1 $-1 $6237 $6277 #
straight-curve $-1 -1 $-1 0.4965802347046171517 2.763764623303242018 0.5 -0.9829011735230788194 0.1841338727311042645 0 I I #
color-adesk-attrib $-1 -1 $-1 $-1 $6041 256 #
vertex $-1 -1 $-1 $6041 $6278 #
straight-curve $-1 -1 $-1 0.4965802347046171517 2.763764623303242018 -0.5 -0.9829011735230788194 0.1841338727311042645 0 F 0 F 0.2000000000000000111 #
color-adesk-attrib $-1 -1 $-1 $-1 $6043 256 #
straight-curve $-1 -1 $-1 0.4965802347046171517 3.193872150184962067 -0.5 0 0 1 I I #
point $-1 -1 $-1 0.4965802347046171517 3.193872150184962067 -0.5 #
point $-1 -1 $-1 0.4965802347046171517 3.193872150184962067 0.5 #
coedge $-1 -1 $-1 $6060 $6059 $6279 $6280 reversed $5795 $-1 #
edge $6281 -1 $-1 $6282 -0.75 $6185 0.25 $6132 $6283 forward @7 unknown #
coedge $-1 -1 $-1 $6061 $6265 $6243 $6284 forward $102 $-1 #
color-adesk-attrib $-1 -1 $-1 $-1 $6062 256 #
vertex $-1 -1 $-1 $6062 $6285 #
straight-curve $-1 -1 $-1 0.4965802347046170406 1.473442042658078321 -0.5 -0.9829011735230788194 0.1841338727311042645 0 F 0 F 0.2000000000000000111 #
coedge $-1 -1 $-1 $6279 $6246 $6063 $6188 forward $264 $-1 #
edge $6286 -1 $-1 $6193 0 $6190 0.4395781772224937045 $6063 $6287 forward @7 unknown #
color-adesk-attrib $-1 -1 $-1 $-1 $6064 256 #
vertex $-1 -1 $-1 $6064 $6288 #
straight-curve $-1 -1 $-1 0.4965802347046170406 1.473442042658078321 -0.5 0 0 1 I I #
color-adesk-attrib $-1 -1 $-1 $-1 $6065 256 #
vertex $-1 -1 $-1 $6188 $6289 #
straight-curve $-1 -1 $-1 0.2999999999999999334 1.080268817204296683 -0.25 0 0 1 I I #
coedge $-1 -1 $-1 $6079 $6066 $6290 $6291 reversed $102 $-1 #
edge $6292 -1 $-1 $6068 -1.080268817204299125 $6293 -1.080161290322578793 $6134 $277 forward @7 unknown #
point $-1 -1 $-1 0.3000000000000012657 1.080268817204299125 -0.5 #
point $-1 -1 $-1 0.4965802347046170406 1.473442042658078321 -0.5 #
coedge $-1 -1 $-1 $6294 $6071 $6074 $6203 forward $264 $-1 #
color-adesk-attrib $-1 -1 $-1 $-1 $6072 256 #
straight-curve $-1 -1 $-1 0.4965802347046169851 0.6132269888946382252 0.5 -0.9829011735230788194 0.1841338727311042645 0 I I #
coedge $-1 -1 $-1 $6074 $6073 $6295 $6296 forward $6075 $-1 #
edge $6297 -1 $-1 $6077 0.6500537634408587451 $6298 0.6501612903225790774 $6074 $352 forward @7 unknown #
point $-1 -1 $-1 0.3000000000000012101 0.6500537634408587451 0.5 #
coedge $-1 -1 $-1 $6299 $6295 $6079 $6206 forward $6300 $-1 #
edge $6301 -1 $-1 $6208 0 $6302 0.4395781772224937045 $6205 $6303 forward @7 unknown #
color-adesk-attrib $-1 -1 $-1 $-1 $6080 256 #
vertex $-1 -1 $-1 $6080 $6304 #
coedge $-1 -1 $-1 $6082 $6093 $6305 $6306 forward $264 $-1 #
coedge $-1 -1 $-1 $6305 $6089 $6086 $6211 reversed $6215 $-1 #
edge $6307 -1 $-1 $6213 -0.75 $6092 0.25 $6086 $6308 forward @7 unknown #
color-adesk-attrib $-1 -1 $-1 $-1 $6087 256 #
vertex $-1 -1 $-1 $6087 $6309 #
coedge $-1 -1 $-1 $6089 $6305 $6099 $6224 reversed $6215 $-1 #
loop $-1 -1 $-1 $-1 $6089 $6310 #
color-adesk-attrib $-1 -1 $-1 $-1 $6090 256 #
straight-curve $-1 -1 $-1 0.4965802347046169851 0.1831194620129181772 -0.5 -0.9829011735230788194 0.1841338727311042645 0 F 0 F 0.2000000000000000111 #
point $-1 -1 $-1 0.3000000000000012101 0.219946236559138697 -0.5 #
coedge $-1 -1 $-1 $6094 $6099 $6093 $6220 reversed $6100 $-1 #
edge $6311 -1 $-1 $6097 0 $6312 0.4395781772224937045 $6219 $6313 forward @7 unknown #
color-adesk-attrib $-1 -1 $-1 $-1 $6095 256 #
straight-curve $-1 -1 $-1 0.2999999999999999889 -0.2100537634408634613 -0.25 0 0 1 I I #
point $-1 -1 $-1 0.3000000000000012101 -0.2100537634408610188 0.5 #
edge $6314 -1 $-1 $6102 0 $6312 1 $6214 $6315 forward @7 unknown #
face $6316 -1 $-1 $6310 $6100 $8 $-1 $6317 forward single #
point $-1 -1 $-1 0.4965802347046169851 0.1831194620129181772 -0.5 #
color-adesk-attrib $-1 -1 $-1 $-1 $6106 256 #
straight-curve $-1 -1 $-1 0.4965802347046169296 -0.677095591750521919 0.5 -0.9829011735230788194 0.1841338727311042645 0 I I #
color-adesk-attrib $-1 -1 $-1 $-1 $6110 256 #
plane-surface $-1 -1 $-1 0.4965802347046169296 -0.677095591750521919 -0.5 0.1841338727311042645 0.9829011735230788194 0 -0.9829011735230788194 0.1841338727311042645 0 forward_v I I I I #
point $-1 -1 $-1 0.4965802347046169296 -0.677095591750521919 0.5 #
color-adesk-attrib $-1 -1 $-1 $-1 $6119 256 #
face $6318 -1 $-1 $6319 $6300 $8 $-1 $6320 forward single #
loop $-1 -1 $-1 $-1 $6259 $6119 #
plane-surface $-1 -1 $-1 0.4965802347046170961 1.90354956953979837 -0.5 0.1841338727311042645 0.9829011735230788194 0 -0.9829011735230788194 0.1841338727311042645 0 forward_v I I I I #
coedge $-1 -1 $-1 $6321 $6322 $6265 $6323 forward $6120 $-1 #
edge $6324 -1 $-1 $6175 0 $6172 1 $6168 $6325 forward @7 unknown #
edge $6326 -1 $-1 $6240 -0.25 $6252 0.75 $6135 $6327 forward @7 unknown #
color-adesk-attrib $-1 -1 $-1 $-1 $6124 256 #
vertex $-1 -1 $-1 $6137 $6328 #
straight-curve $-1 -1 $-1 0.3000000000000013767 2.370591397849462822 -0.5 0.4472019879301609158 0.894432994690665506 0 F 0 F 0.4395781772224937045 #
color-adesk-attrib $-1 -1 $-1 $-1 $6131 256 #
coedge $-1 -1 $-1 $6329 $6132 $6183 $6284 reversed $6005 $-1 #
coedge $-1 -1 $-1 $6132 $6329 $6330 $6331 reversed $6005 $-1 #
coedge $-1 -1 $-1 $6134 $6133 $6332 $6333 forward $5873 $-1 #
coedge $-1 -1 $-1 $6187 $6334 $6133 $6247 forward $264 $-1 #
edge $6335 -1 $-1 $6336 1.080161290322578793 $6193 1.080268817204299125 $6133 $352 forward @7 unknown #
coedge $-1 -1 $-1 $6153 $6136 $6141 $6255 reversed $102 $-1 #
color-adesk-attrib $-1 -1 $-1 $-1 $6137 256 #
coedge $-1 -1 $-1 $6138 $6148 $6140 $6254 forward $264 $-1 #
color-adesk-attrib $-1 -1 $-1 $-1 $6139 256 #
vertex $-1 -1 $-1 $6170 $6337 #
coedge $-1 -1 $-1 $6141 $6140 $6156 $6268 reversed $6057 $-1 #
edge $6338 -1 $-1 $6273 0 $6143 0.2000000000000000111 $6140 $6339 forward @7 unknown #
edge $6340 -1 $-1 $6270 0 $6144 0.2000000000000000111 $6141 $6341 forward @7 unknown #
point $-1 -1 $-1 0.3000000000000013212 2.37048387096774249 0.5 #
point $-1 -1 $-1 0.3000000000000013212 2.37048387096774249 -0.5 #
coedge $-1 -1 $-1 $6342 $6146 $6149 $6263 reversed $6234 $-1 #
coedge $-1 -1 $-1 $6146 $6342 $6152 $6266 forward $6234 $-1 #
color-adesk-attrib $-1 -1 $-1 $-1 $6147 256 #
straight-curve $-1 -1 $-1 0.2999999999999999889 1.940376344086019333 -0.25 0 0 -1 I I #
coedge $-1 -1 $-1 $6149 $6330 $6343 $6344 forward $264 $-1 #
edge $6345 -1 $-1 $6346 0 $6151 0.2000000000000000111 $6258 $6347 forward @7 unknown #
point $-1 -1 $-1 0.3000000000000013212 1.940376344086018889 0.5 #
coedge $-1 -1 $-1 $6183 $6152 $6236 $6323 reversed $102 $-1 #
edge $6348 -1 $-1 $6349 0 $6155 0.2000000000000000111 $6259 $6350 forward @7 unknown #
point $-1 -1 $-1 0.3000000000000013212 1.940376344086018889 -0.5 #
edge $6351 -1 $-1 $6270 0 $6273 1 $6253 $6352 forward @7 unknown #
color-adesk-attrib $-1 -1 $-1 $-1 $6157 256 #
vertex $-1 -1 $-1 $6255 $6353 #
straight-curve $-1 -1 $-1 0.3000000000000013212 1.940483870967742774 -0.5 0.4472019879301609158 0.894432994690665506 0 F 0 F 0.4395781772224937045 #
color-adesk-attrib $-1 -1 $-1 $-1 $6158 256 #
vertex $-1 -1 $-1 $6268 $6354 #
straight-curve $-1 -1 $-1 0.3000000000000013212 1.940483870967742774 0.5 0.4472019879301609158 0.894432994690665506 0 I I #
color-adesk-attrib $-1 -1 $-1 $-1 $6170 256 #
straight-curve $-1 -1 $-1 0.3000000000000013767 2.370591397849462822 0.5 0.4472019879301609158 0.894432994690665506 0 I I #
point $-1 -1 $-1 0.4965802347046171517 2.763764623303242018 0.5 #
point $-1 -1 $-1 0.4965802347046171517 2.763764623303242018 -0.5 #
coedge $-1 -1 $-1 $6330 $6187 $6181 $6280 forward $264 $-1 #
edge $6355 -1 $-1 $6190 0 $6282 0.2000000000000000111 $6181 $6356 forward @7 unknown #
color-adesk-attrib $-1 -1 $-1 $-1 $6182 256 #
vertex $-1 -1 $-1 $6331 $6357 #
straight-curve $-1 -1 $-1 0.2999999999999999889 1.510268817204299507 -0.25 0 0 -1 I I #
edge $6358 -1 $-1 $6359 -1.510376344086019174 $6185 -1.510268817204298841 $6243 $277 forward @7 unknown #
point $-1 -1 $-1 0.3000000000000012657 1.510268817204298841 -0.5 #
color-adesk-attrib $-1 -1 $-1 $-1 $6188 256 #
straight-curve $-1 -1 $-1 0.3000000000000012657 1.080268817204299125 0.5 0.4472019879301609158 0.894432994690665506 0 I I #
point $-1 -1 $-1 0.4965802347046170406 1.473442042658078321 0.5 #
point $-1 -1 $-1 0.3000000000000012657 1.080268817204299125 0.5 #
coedge $-1 -1 $-1 $6332 $6360 $6195 $6291 forward $6361 $-1 #
edge $6362 -1 $-1 $6302 0 $6293 0.2000000000000000111 $6290 $6363 forward @7 unknown #
color-adesk-attrib $-1 -1 $-1 $-1 $6196 256 #
vertex $-1 -1 $-1 $6291 $6364 #
coedge $-1 -1 $-1 $6334 $6199 $6365 $6366 forward $264 $-1 #
coedge $-1 -1 $-1 $6205 $6365 $6202 $6296 reversed $6300 $-1 #
edge $6367 -1 $-1 $6208 -0.25 $6298 0.75 $6202 $6368 forward @7 unknown #
color-adesk-attrib $-1 -1 $-1 $-1 $6203 256 #
vertex $-1 -1 $-1 $6366 $6369 #
coedge $-1 -1 $-1 $6365 $6205 $6360 $6370 forward $6300 $-1 #
loop $-1 -1 $-1 $-1 $6205 $6233 #
color-adesk-attrib $-1 -1 $-1 $-1 $6206 256 #
vertex $-1 -1 $-1 $6291 $6371 #
straight-curve $-1 -1 $-1 0.3000000000000012657 0.6501612903225790774 -0.5 0.4472019879301609158 0.894432994690665506 0 F 0 F 0.4395781772224937045 #
point $-1 -1 $-1 0.3000000000000012657 0.6501612903225790774 -0.5 #
coedge $-1 -1 $-1 $6214 $6210 $6209 $6306 reversed $6215 $-1 #
edge $6372 -1 $-1 $6312 0 $6213 0.2000000000000000111 $6305 $6373 forward @7 unknown #
color-adesk-attrib $-1 -1 $-1 $-1 $6211 256 #
straight-curve $-1 -1 $-1 0.2999999999999999889 0.2199462365591392798 -0.25 0 0 -1 I I #
point $-1 -1 $-1 0.3000000000000012101 0.219946236559138697 0.5 #
face $6374 -1 $-1 $5986 $6215 $8 $-1 $6375 forward single #
color-adesk-attrib $-1 -1 $-1 $-1 $6220 256 #
vertex $-1 -1 $-1 $6224 $6376 #
straight-curve $-1 -1 $-1 0.3000000000000012101 -0.2100537634408610188 0.5 0.4472019879301609158 0.894432994690665506 0 I I #
color-adesk-attrib $-1 -1 $-1 $-1 $6224 256 #
straight-curve $-1 -1 $-1 0.4965802347046169851 0.1831194620129181772 -0.5 0 0 1 I I #
color-adesk-attrib $-1 -1 $-1 $-1 $6225 256 #
plane-surface $-1 -1 $-1 0.3000000000000012101 -0.2100537634408610188 -0.5 0.894432994690665617 -0.4472019879301609713 0 0.4472019879301609713 0.894432994690665617 0 forward_v I I I I #
color-adesk-attrib $-1 -1 $-1 $-1 $6233 256 #
face $6377 -1 $-1 $6225 $6361 $8 $-1 $6378 forward single #
plane-surface $-1 -1 $-1 0.3000000000000012657 0.6501612903225790774 -0.5 0.894432994690665617 -0.4472019879301609713 0 0.4472019879301609713 0.894432994690665617 0 forward_v I I I I #
coedge $-1 -1 $-1 $6343 $6236 $6342 $6379 forward $6120 $-1 #
coedge $-1 -1 $-1 $6236 $6343 $6329 $6380 reversed $6120 $-1 #
edge $6381 -1 $-1 $6359 0 $6349 0.4395781772224937045 $6236 $6382 forward @7 unknown #
color-adesk-attrib $-1 -1 $-1 $-1 $6237 256 #
straight-curve $-1 -1 $-1 0.4965802347046171517 2.763764623303242018 -0.5 0 0 1 I I #
color-adesk-attrib $-1 -1 $-1 $-1 $6238 256 #
straight-curve $-1 -1 $-1 0.2999999999999999334 2.370591397849459714 -0.25 0 0 1 I I #
point $-1 -1 $-1 0.3000000000000013767 2.370591397849462822 -0.5 #
coedge $-1 -1 $-1 $6244 $6243 $6322 $6380 forward $6005 $-1 #
coedge $-1 -1 $-1 $6262 $6279 $6244 $6331 forward $264 $-1 #
edge $6383 -1 $-1 $6282 1.510268817204298841 $6384 1.510376344086019174 $6244 $352 forward @7 unknown #
coedge $-1 -1 $-1 $6385 $6290 $6245 $6333 reversed $6361 $-1 #
edge $6386 -1 $-1 $6336 -0.75 $6293 0.25 $6245 $6387 forward @7 unknown #
coedge $-1 -1 $-1 $6246 $6294 $6385 $6388 forward $264 $-1 #
color-adesk-attrib $-1 -1 $-1 $-1 $6247 256 #
vertex $-1 -1 $-1 $6247 $6389 #
point $-1 -1 $-1 0.3000000000000013767 2.370591397849462822 0.5 #
color-adesk-attrib $-1 -1 $-1 $-1 $6254 256 #
straight-curve $-1 -1 $-1 0.4965802347046170961 2.33365709642152197 0.5 -0.9829011735230788194 0.1841338727311042645 0 I I #
color-adesk-attrib $-1 -1 $-1 $-1 $6255 256 #
straight-curve $-1 -1 $-1 0.4965802347046170961 2.33365709642152197 -0.5 -0.9829011735230788194 0.1841338727311042645 0 F 0 F 0.2000000000000000111 #
coedge $-1 -1 $-1 $6259 $6258 $6321 $6379 reversed $6234 $-1 #
coedge $-1 -1 $-1 $6322 $6321 $6262 $6344 reversed $6120 $-1 #
edge $6390 -1 $-1 $6384 0 $6346 0.4395781772224937045 $6343 $6391 forward @7 unknown #
color-adesk-attrib $-1 -1 $-1 $-1 $6263 256 #
vertex $-1 -1 $-1 $6379 $6392 #
straight-curve $-1 -1 $-1 0.4965802347046170961 1.90354956953979837 0.5 -0.9829011735230788194 0.1841338727311042645 0 I I #
color-adesk-attrib $-1 -1 $-1 $-1 $6266 256 #
vertex $-1 -1 $-1 $6266 $6393 #
straight-curve $-1 -1 $-1 0.4965802347046170961 1.90354956953979837 -0.5 -0.9829011735230788194 0.1841338727311042645 0 F 0 F 0.2000000000000000111 #
color-adesk-attrib $-1 -1 $-1 $-1 $6268 256 #
straight-curve $-1 -1 $-1 0.4965802347046170961 2.33365709642152197 -0.5 0 0 1 I I #
point $-1 -1 $-1 0.4965802347046170961 2.33365709642152197 -0.5 #
point $-1 -1 $-1 0.4965802347046170961 2.33365709642152197 0.5 #
color-adesk-attrib $-1 -1 $-1 $-1 $6280 256 #
straight-curve $-1 -1 $-1 0.4965802347046170406 1.473442042658078321 0.5 -0.9829011735230788194 0.1841338727311042645 0 I I #
point $-1 -1 $-1 0.3000000000000012657 1.510268817204298841 0.5 #
color-adesk-attrib $-1 -1 $-1 $-1 $6284 256 #
vertex $-1 -1 $-1 $6284 $6394 #
coedge $-1 -1 $-1 $6290 $6385 $6299 $6370 reversed $6361 $-1 #
loop $-1 -1 $-1 $-1 $6290 $6319 #
color-adesk-attrib $-1 -1 $-1 $-1 $6291 256 #
straight-curve $-1 -1 $-1 0.4965802347046170406 1.043334515776358273 -0.5 -0.9829011735230788194 0.1841338727311042645 0 F 0 F 0.2000000000000000111 #
point $-1 -1 $-1 0.3000000000000012657 1.080161290322578793 -0.5 #
coedge $-1 -1 $-1 $6295 $6299 $6294 $6366 reversed $6300 $-1 #
edge $6395 -1 $-1 $6298 0 $6396 0.4395781772224937045 $6365 $6397 forward @7 unknown #
color-adesk-attrib $-1 -1 $-1 $-1 $6296 256 #
straight-curve $-1 -1 $-1 0.2999999999999999889 0.6501612903225765239 -0.25 0 0 1 I I #
point $-1 -1 $-1 0.3000000000000012657 0.6501612903225790774 0.5 #
edge $6398 -1 $-1 $6302 0 $6396 1 $6360 $6399 forward @7 unknown #
point $-1 -1 $-1 0.4965802347046170406 1.043334515776358273 -0.5 #
color-adesk-attrib $-1 -1 $-1 $-1 $6306 256 #
straight-curve $-1 -1 $-1 0.4965802347046169851 0.1831194620129181772 0.5 -0.9829011735230788194 0.1841338727311042645 0 I I #
color-adesk-attrib $-1 -1 $-1 $-1 $6310 256 #
plane-surface $-1 -1 $-1 0.4965802347046169851 0.1831194620129181772 -0.5 0.1841338727311042645 0.9829011735230788194 0 -0.9829011735230788194 0.1841338727311042645 0 forward_v I I I I #
point $-1 -1 $-1 0.4965802347046169851 0.1831194620129181772 0.5 #
color-adesk-attrib $-1 -1 $-1 $-1 $6319 256 #
plane-surface $-1 -1 $-1 0.4965802347046170406 1.043334515776358273 -0.5 0.1841338727311042645 0.9829011735230788194 0 -0.9829011735230788194 0.1841338727311042645 0 forward_v I I I I #
edge $6400 -1 $-1 $6349 0 $6346 1 $6342 $6401 forward @7 unknown #
edge $6402 -1 $-1 $6359 -0.25 $6384 0.75 $6329 $6403 forward @7 unknown #
color-adesk-attrib $-1 -1 $-1 $-1 $6323 256 #
straight-curve $-1 -1 $-1 0.3000000000000013212 1.510376344086019174 -0.5 0.4472019879301609158 0.894432994690665506 0 F 0 F 0.4395781772224937045 #
color-adesk-attrib $-1 -1 $-1 $-1 $6331 256 #
vertex $-1 -1 $-1 $6344 $6404 #
coedge $-1 -1 $-1 $6360 $6332 $6334 $6388 reversed $6361 $-1 #
color-adesk-attrib $-1 -1 $-1 $-1 $6333 256 #
straight-curve $-1 -1 $-1 0.2999999999999999889 1.080161290322579237 -0.25 0 0 -1 I I #
edge $6405 -1 $-1 $6396 0 $6336 0.2000000000000000111 $6385 $6406 forward @7 unknown #
point $-1 -1 $-1 0.3000000000000012657 1.080161290322578793 0.5 #
color-adesk-attrib $-1 -1 $-1 $-1 $6344 256 #
straight-curve $-1 -1 $-1 0.3000000000000013212 1.510376344086019174 0.5 0.4472019879301609158 0.894432994690665506 0 I I #
point $-1 -1 $-1 0.4965802347046170961 1.90354956953979837 0.5 #
point $-1 -1 $-1 0.4965802347046170961 1.90354956953979837 -0.5 #
point $-1 -1 $-1 0.3000000000000013212 1.510376344086019174 -0.5 #
color-adesk-attrib $-1 -1 $-1 $-1 $6366 256 #
vertex $-1 -1 $-1 $6370 $6407 #
straight-curve $-1 -1 $-1 0.3000000000000012657 0.6501612903225790774 0.5 0.4472019879301609158 0.894432994690665506 0 I I #
color-adesk-attrib $-1 -1 $-1 $-1 $6370 256 #
straight-curve $-1 -1 $-1 0.4965802347046170406 1.043334515776358273 -0.5 0 0 1 I I #
color-adesk-attrib $-1 -1 $-1 $-1 $6379 256 #
straight-curve $-1 -1 $-1 0.4965802347046170961 1.90354956953979837 -0.5 0 0 1 I I #
color-adesk-attrib $-1 -1 $-1 $-1 $6380 256 #
straight-curve $-1 -1 $-1 0.2999999999999999889 1.510376344086016509 -0.25 0 0 1 I I #
point $-1 -1 $-1 0.3000000000000013212 1.510376344086019174 0.5 #
color-adesk-attrib $-1 -1 $-1 $-1 $6388 256 #
straight-curve $-1 -1 $-1 0.4965802347046170406 1.043334515776358273 0.5 -0.9829011735230788194 0.1841338727311042645 0 I I #
point $-1 -1 $-1 0.4965802347046170406 1.043334515776358273 0.5 #
