a,b,A,fitness,generation
796,825,60,0.4641811927149262,1
627,552,93,0.2115684915130573,1
739,709,148,0.0,1
604,466,139,0.0,1
424,770,157,0.0,1
796,825,60,0.4641811927149262,2
627,552,93,0.2115684915130573,2
796,825,60,0.4641811927149262,2
796,825,60,0.4641811927149262,2
796,825,60,0.4641811927149262,2
796,825,60,0.4641811927149262,3
796,825,60,0.4641811927149262,3
796,825,60,0.4641811927149262,3
796,825,60,0.4641811927149262,3
796,825,60,0.4641811927149262,3
