700 2279 2 0        
16 Autodesk AutoCAD 20 ASM 230.7.0.65535 NT 24 Tue Sep  2 09:16:16 2025 
1 9.999999999999999547e-07 1.000000000000000036e-10 
body $-1 -1 $-1 $2 $-1 $3 #
body $-1 -1 $-1 $4 $-1 $5 #
lump $-1 -1 $-1 $-1 $6 $0 #
transform $-1 -1 1 0 0 0 1 0 0 0 1 190.25 8.949999999999999289 0.5 1 no_rotate no_reflect no_shear #
lump $-1 -1 $-1 $-1 $7 $1 #
transform $-1 -1 1 0 0 0 1 0 0 0 1 -0.2999999999999999889 8.699999999999999289 0.5 1 no_rotate no_reflect no_shear #
shell $-1 -1 $-1 $-1 $-1 $8 $-1 $2 #
shell $-1 -1 $-1 $-1 $-1 $9 $-1 $4 #
face $10 -1 $-1 $11 $12 $6 $-1 $13 forward single #
face $14 -1 $-1 $15 $16 $7 $-1 $17 forward single #
color-adesk-attrib $-1 -1 $-1 $-1 $8 256 #
face $18 -1 $-1 $19 $20 $6 $-1 $21 reversed single #
loop $-1 -1 $-1 $-1 $22 $8 #
plane-surface $-1 -1 $-1 0 0 0.5 0 0 1 1 0 0 forward_v I I I I #
color-adesk-attrib $-1 -1 $-1 $-1 $9 256 #
face $23 -1 $-1 $24 $25 $7 $-1 $26 forward single #
loop $-1 -1 $-1 $-1 $27 $9 #
plane-surface $-1 -1 $-1 0.6975978516294409904 -8.46318227085660979 -0.5 0.6744295076178229431 0.738339244016177787 0 -0.738339244016177787 0.6744295076178229431 0 forward_v I I I I #
color-adesk-attrib $-1 -1 $-1 $-1 $11 256 #
face $28 -1 $-1 $29 $30 $6 $-1 $31 reversed single #
loop $-1 -1 $-1 $-1 $32 $11 #
plane-surface $-1 -1 $-1 0 0 -0.5 0 0 1 1 0 0 forward_v I I I I #
coedge $-1 -1 $-1 $33 $34 $35 $36 forward $12 $-1 #
color-adesk-attrib $-1 -1 $-1 $-1 $15 256 #
face $37 -1 $-1 $38 $39 $7 $-1 $40 forward single #
loop $-1 -1 $-1 $-1 $41 $15 #
cone-surface $-1 -1 $-1 0.6632019467409320246 -8.50083757230143533 -0.5 0 0 1 0.03439590488850902128 0.03765530144482512331 0 1 I I 0 1 0.05100000000000007999 forward I I I I #
coedge $-1 -1 $-1 $42 $43 $44 $45 reversed $16 $-1 #
color-adesk-attrib $-1 -1 $-1 $-1 $19 256 #
face $46 -1 $-1 $47 $48 $6 $-1 $49 reversed single #
loop $-1 -1 $-1 $-1 $50 $19 #
plane-surface $-1 -1 $-1 0 -0.25 0 0 1 -0 -0 0 1 forward_v I I I I #
coedge $-1 -1 $-1 $51 $52 $53 $54 forward $20 $-1 #
coedge $-1 -1 $-1 $55 $22 $56 $57 forward $12 $-1 #
coedge $-1 -1 $-1 $22 $55 $58 $59 forward $12 $-1 #
coedge $-1 -1 $-1 $60 $61 $22 $36 reversed $62 $-1 #
edge $63 -1 $-1 $64 -0.25 $65 0.25 $35 $66 forward @7 unknown #
color-adesk-attrib $-1 -1 $-1 $-1 $24 256 #
face $67 -1 $-1 $68 $69 $7 $-1 $70 forward single #
loop $-1 -1 $-1 $-1 $71 $24 #
plane-surface $-1 -1 $-1 0.2999999999999999889 -8.699999999999999289 -0.5 0.3691942050072176684 -0.9293522685123701832 0 0.9293522685123700722 0.3691942050072176129 0 forward_v I I I I #
coedge $-1 -1 $-1 $72 $73 $74 $75 reversed $25 $-1 #
coedge $-1 -1 $-1 $76 $27 $77 $78 reversed $16 $-1 #
coedge $-1 -1 $-1 $27 $76 $72 $79 reversed $16 $-1 #
coedge $-1 -1 $-1 $74 $80 $27 $45 forward $81 $-1 #
edge $82 -1 $-1 $83 0 $84 0.5385029373038842104 $44 $85 forward @7 unknown #
color-adesk-attrib $-1 -1 $-1 $-1 $29 256 #
face $86 -1 $-1 $87 $88 $6 $-1 $89 reversed single #
loop $-1 -1 $-1 $-1 $90 $29 #
plane-surface $-1 -1 $-1 -0.25 0 0 1 0 0 0 0 -1 forward_v I I I I #
coedge $-1 -1 $-1 $91 $58 $92 $93 forward $30 $-1 #
coedge $-1 -1 $-1 $94 $32 $91 $95 forward $20 $-1 #
coedge $-1 -1 $-1 $32 $94 $96 $97 forward $20 $-1 #
coedge $-1 -1 $-1 $61 $60 $32 $54 reversed $62 $-1 #
edge $98 -1 $-1 $99 -0.25 $100 0.25 $53 $101 forward @7 unknown #
coedge $-1 -1 $-1 $34 $33 $102 $103 forward $12 $-1 #
coedge $-1 -1 $-1 $104 $105 $33 $57 reversed $88 $-1 #
edge $106 -1 $-1 $65 -0.25 $107 0.25 $56 $108 forward @7 unknown #
coedge $-1 -1 $-1 $50 $109 $34 $59 reversed $30 $-1 #
edge $110 -1 $-1 $111 -0.25 $64 0.25 $58 $112 forward @7 unknown #
coedge $-1 -1 $-1 $53 $35 $109 $113 forward $62 $-1 #
coedge $-1 -1 $-1 $35 $53 $104 $114 reversed $62 $-1 #
loop $-1 -1 $-1 $-1 $60 $87 #
color-adesk-attrib $-1 -1 $-1 $-1 $36 256 #
vertex $-1 -1 $-1 $36 $115 #
vertex $-1 -1 $-1 $36 $116 #
straight-curve $-1 -1 $-1 0.25 0 0.5 0 1 0 I I #
color-adesk-attrib $-1 -1 $-1 $-1 $38 256 #
face $117 -1 $-1 $118 $119 $7 $-1 $120 forward single #
loop $-1 -1 $-1 $-1 $121 $38 #
plane-surface $-1 -1 $-1 0.6975978516294411014 -7.863182270856608369 -0.5 0.6744295076178229431 0.738339244016177787 0 -0.738339244016177787 0.6744295076178229431 0 forward_v I I I I #
coedge $-1 -1 $-1 $122 $123 $124 $125 reversed $39 $-1 #
coedge $-1 -1 $-1 $126 $41 $43 $79 forward $25 $-1 #
coedge $-1 -1 $-1 $41 $126 $122 $127 reversed $25 $-1 #
coedge $-1 -1 $-1 $124 $44 $41 $75 forward $81 $-1 #
edge $128 -1 $-1 $84 0 $129 2.023259072960119642 $74 $130 forward @7 unknown #
coedge $-1 -1 $-1 $43 $42 $131 $132 reversed $16 $-1 #
coedge $-1 -1 $-1 $133 $134 $42 $78 forward $135 $-1 #
edge $136 -1 $-1 $137 -0.75 $83 0.25 $77 $138 forward @7 unknown #
edge $139 -1 $-1 $84 0 $140 1 $72 $141 forward @7 tangent #
coedge $-1 -1 $-1 $44 $142 $133 $143 forward $81 $-1 #
loop $-1 -1 $-1 $-1 $144 $145 #
color-adesk-attrib $-1 -1 $-1 $-1 $45 256 #
vertex $-1 -1 $-1 $45 $146 #
vertex $-1 -1 $-1 $45 $147 #
straight-curve $-1 -1 $-1 0.2999999999999999334 -8.099999999999997868 -0.5 0.738339244016177787 -0.6744295076178229431 0 F 0 F 0.5385029373038842104 #
color-adesk-attrib $-1 -1 $-1 $-1 $47 256 #
face $148 -1 $-1 $-1 $62 $6 $-1 $149 reversed single #
loop $-1 -1 $-1 $-1 $104 $47 #
plane-surface $-1 -1 $-1 0 0.25 0 0 -1 0 0 0 -1 forward_v I I I I #
coedge $-1 -1 $-1 $150 $102 $105 $151 forward $48 $-1 #
coedge $-1 -1 $-1 $109 $50 $51 $95 reversed $30 $-1 #
coedge $-1 -1 $-1 $102 $150 $50 $93 reversed $48 $-1 #
edge $152 -1 $-1 $111 -0.5 $153 0.5 $92 $154 forward @7 unknown #
coedge $-1 -1 $-1 $52 $51 $150 $155 forward $20 $-1 #
edge $156 -1 $-1 $100 -0.25 $153 0.25 $91 $157 forward @7 unknown #
coedge $-1 -1 $-1 $105 $104 $52 $97 reversed $88 $-1 #
edge $158 -1 $-1 $159 -0.25 $99 0.25 $96 $160 forward @7 unknown #
color-adesk-attrib $-1 -1 $-1 $-1 $54 256 #
vertex $-1 -1 $-1 $54 $161 #
vertex $-1 -1 $-1 $113 $162 #
straight-curve $-1 -1 $-1 0.25 0 -0.5 0 -1 0 I I #
coedge $-1 -1 $-1 $90 $92 $55 $103 reversed $48 $-1 #
edge $163 -1 $-1 $107 -0.25 $111 0.25 $102 $164 forward @7 unknown #
coedge $-1 -1 $-1 $96 $56 $61 $114 forward $88 $-1 #
coedge $-1 -1 $-1 $56 $96 $90 $151 reversed $88 $-1 #
color-adesk-attrib $-1 -1 $-1 $-1 $57 256 #
vertex $-1 -1 $-1 $57 $165 #
straight-curve $-1 -1 $-1 0 0.25 0.5 -1 0 0 I I #
coedge $-1 -1 $-1 $58 $91 $60 $113 reversed $30 $-1 #
color-adesk-attrib $-1 -1 $-1 $-1 $59 256 #
vertex $-1 -1 $-1 $103 $166 #
straight-curve $-1 -1 $-1 0 -0.25 0.5 1 0 0 I I #
edge $167 -1 $-1 $64 -0.5 $100 0.5 $60 $168 forward @7 unknown #
edge $169 -1 $-1 $65 -0.5 $99 0.5 $61 $170 forward @7 unknown #
point $-1 -1 $-1 0.25 -0.25 0.5 #
point $-1 -1 $-1 0.25 0.25 0.5 #
color-adesk-attrib $-1 -1 $-1 $-1 $68 256 #
face $171 -1 $-1 $172 $135 $7 $-1 $173 forward single #
loop $-1 -1 $-1 $-1 $174 $68 #
cone-surface $-1 -1 $-1 0.6632019467409320246 -7.900837572301433909 -0.5 0 0 1 0.03439590488850902128 0.03765530144482512331 0 1 I I 0 1 0.05100000000000007999 forward I I I I #
coedge $-1 -1 $-1 $175 $176 $177 $178 reversed $69 $-1 #
coedge $-1 -1 $-1 $179 $71 $73 $127 forward $39 $-1 #
coedge $-1 -1 $-1 $71 $179 $180 $181 forward $39 $-1 #
coedge $-1 -1 $-1 $182 $74 $71 $125 forward $81 $-1 #
edge $183 -1 $-1 $129 0 $184 0.4110721672932733939 $124 $185 forward @7 unknown #
coedge $-1 -1 $-1 $73 $72 $186 $187 reversed $25 $-1 #
edge $188 -1 $-1 $129 0 $189 1 $122 $190 forward @7 tangent #
color-adesk-attrib $-1 -1 $-1 $-1 $75 256 #
vertex $-1 -1 $-1 $125 $191 #
ellipse-curve $-1 -1 $-1 0.6632019467409320246 -8.50083757230143533 -0.5 0 0 -1 0.03439590488850902128 0.03765530144482512331 0 1 F 0 F 2.023259072960119642 #
coedge $-1 -1 $-1 $192 $186 $76 $132 forward $193 $-1 #
edge $194 -1 $-1 $140 -0.5385029373038842104 $137 -0 $76 $195 forward @7 unknown #
coedge $-1 -1 $-1 $196 $77 $80 $143 reversed $135 $-1 #
coedge $-1 -1 $-1 $77 $196 $192 $197 reversed $135 $-1 #
loop $-1 -1 $-1 $-1 $133 $118 #
color-adesk-attrib $-1 -1 $-1 $-1 $78 256 #
vertex $-1 -1 $-1 $197 $198 #
straight-curve $-1 -1 $-1 0.2999999999999998224 -8.099999999999999645 -0.25 0 0 -1 I I #
color-adesk-attrib $-1 -1 $-1 $-1 $79 256 #
vertex $-1 -1 $-1 $79 $199 #
straight-curve $-1 -1 $-1 0.6975978516294409904 -8.46318227085660979 -0.5 0 0 1 I I #
coedge $-1 -1 $-1 $80 $177 $174 $200 forward $81 $-1 #
edge $201 -1 $-1 $202 0 $83 0.4110721672932733939 $80 $203 forward @7 unknown #
coedge $-1 -1 $-1 $204 $205 $206 $207 forward $81 $-1 #
face $208 -1 $-1 $209 $81 $7 $-1 $210 reversed single #
point $-1 -1 $-1 0.3000000000000000444 -8.099999999999997868 -0.5 #
point $-1 -1 $-1 0.6975978516294409904 -8.46318227085660979 -0.5 #
color-adesk-attrib $-1 -1 $-1 $-1 $87 256 #
plane-surface $-1 -1 $-1 0.25 0 0 -1 0 0 0 -0 1 forward_v I I I I #
coedge $-1 -1 $-1 $92 $90 $94 $155 reversed $48 $-1 #
edge $211 -1 $-1 $107 -0.5 $159 0.5 $105 $212 forward @7 unknown #
color-adesk-attrib $-1 -1 $-1 $-1 $93 256 #
vertex $-1 -1 $-1 $155 $213 #
straight-curve $-1 -1 $-1 -0.25 -0.25 0 0 0 -1 I I #
edge $214 -1 $-1 $153 -0.25 $159 0.25 $150 $215 forward @7 unknown #
color-adesk-attrib $-1 -1 $-1 $-1 $95 256 #
straight-curve $-1 -1 $-1 0 -0.25 -0.5 -1 0 0 I I #
color-adesk-attrib $-1 -1 $-1 $-1 $97 256 #
vertex $-1 -1 $-1 $97 $216 #
straight-curve $-1 -1 $-1 0 0.25 -0.5 1 0 0 I I #
point $-1 -1 $-1 0.25 0.25 -0.5 #
point $-1 -1 $-1 0.25 -0.25 -0.5 #
color-adesk-attrib $-1 -1 $-1 $-1 $103 256 #
straight-curve $-1 -1 $-1 -0.25 0 0.5 0 -1 0 I I #
point $-1 -1 $-1 -0.25 0.25 0.5 #
point $-1 -1 $-1 -0.25 -0.25 0.5 #
color-adesk-attrib $-1 -1 $-1 $-1 $113 256 #
straight-curve $-1 -1 $-1 0.25 -0.25 0 0 0 -1 I I #
color-adesk-attrib $-1 -1 $-1 $-1 $114 256 #
straight-curve $-1 -1 $-1 0.25 0.25 0 0 0 -1 I I #
color-adesk-attrib $-1 -1 $-1 $-1 $118 256 #
face $217 -1 $-1 $218 $219 $7 $-1 $220 forward single #
plane-surface $-1 -1 $-1 0.3000000000000000444 -8.099999999999997868 -0.5 0.3691942050072176684 -0.9293522685123701832 0 0.9293522685123700722 0.3691942050072176129 0 forward_v I I I I #
coedge $-1 -1 $-1 $221 $222 $142 $200 reversed $119 $-1 #
coedge $-1 -1 $-1 $223 $121 $224 $225 reversed $69 $-1 #
coedge $-1 -1 $-1 $121 $223 $221 $226 reversed $69 $-1 #
coedge $-1 -1 $-1 $142 $227 $121 $178 forward $81 $-1 #
edge $228 -1 $-1 $229 0 $230 0.5385029373038842104 $177 $231 forward @7 unknown #
coedge $-1 -1 $-1 $123 $122 $232 $233 reversed $39 $-1 #
coedge $-1 -1 $-1 $234 $235 $123 $181 reversed $236 $-1 #
edge $237 -1 $-1 $238 -0.5 $184 0.5 $180 $239 forward @7 unknown #
coedge $-1 -1 $-1 $240 $124 $235 $241 forward $81 $-1 #
color-adesk-attrib $-1 -1 $-1 $-1 $125 256 #
vertex $-1 -1 $-1 $181 $242 #
straight-curve $-1 -1 $-1 0.6820308511963002474 -8.548234537995565319 -0.5 -0.9293522685123702942 -0.3691942050072176684 0 F 0 F 0.4110721672932733939 #
coedge $-1 -1 $-1 $131 $232 $126 $187 forward $193 $-1 #
edge $243 -1 $-1 $189 -2.023259072960119642 $140 -0 $126 $244 forward @7 unknown #
color-adesk-attrib $-1 -1 $-1 $-1 $127 256 #
vertex $-1 -1 $-1 $127 $245 #
straight-curve $-1 -1 $-1 0.6820308511963002474 -8.548234537995565319 -0.5 0 0 1 I I #
point $-1 -1 $-1 0.6820308511963002474 -8.548234537995565319 -0.5 #
coedge $-1 -1 $-1 $246 $131 $134 $197 forward $193 $-1 #
loop $-1 -1 $-1 $-1 $247 $248 #
color-adesk-attrib $-1 -1 $-1 $-1 $132 256 #
straight-curve $-1 -1 $-1 0.2999999999999999334 -8.099999999999997868 0.5 -0.738339244016177787 0.6744295076178229431 0 I I #
coedge $-1 -1 $-1 $134 $133 $222 $249 forward $135 $-1 #
edge $250 -1 $-1 $137 -0.4110721672932733939 $251 -0 $134 $252 forward @7 unknown #
point $-1 -1 $-1 0.3000000000000000444 -8.099999999999997868 0.5 #
point $-1 -1 $-1 0.6975978516294409904 -8.46318227085660979 0.5 #
edge $253 -1 $-1 $230 0 $202 2.023259072960119642 $142 $254 forward @7 unknown #
color-adesk-attrib $-1 -1 $-1 $-1 $143 256 #
vertex $-1 -1 $-1 $143 $255 #
straight-curve $-1 -1 $-1 0.6820308511963002474 -7.948234537995563898 -0.5 -0.9293522685123702942 -0.3691942050072176684 0 F 0 F 0.4110721672932733939 #
coedge $-1 -1 $-1 $256 $144 $257 $258 forward $81 $-1 #
coedge $-1 -1 $-1 $144 $259 $260 $261 forward $81 $-1 #
coedge $-1 -1 $-1 $262 $263 $144 $207 reversed $264 $-1 #
edge $265 -1 $-1 $266 0 $267 0.5385029373038842104 $144 $268 forward @7 unknown #
color-adesk-attrib $-1 -1 $-1 $-1 $145 256 #
face $269 -1 $-1 $270 $236 $7 $-1 $271 reversed single #
plane-surface $-1 -1 $-1 0 0 -0.5 0 0 1 1 0 0 forward_v I I I I #
color-adesk-attrib $-1 -1 $-1 $-1 $151 256 #
straight-curve $-1 -1 $-1 -0.25 0.25 0 0 0 -1 I I #
point $-1 -1 $-1 -0.25 -0.25 -0.5 #
color-adesk-attrib $-1 -1 $-1 $-1 $155 256 #
straight-curve $-1 -1 $-1 -0.25 0 -0.5 0 1 0 I I #
point $-1 -1 $-1 -0.25 0.25 -0.5 #
color-adesk-attrib $-1 -1 $-1 $-1 $172 256 #
face $272 -1 $-1 $273 $274 $7 $-1 $275 forward single #
loop $-1 -1 $-1 $-1 $276 $172 #
plane-surface $-1 -1 $-1 0.6975978516294411014 -7.263182270856610501 -0.5 0.6744295076178229431 0.738339244016177787 0 -0.738339244016177787 0.6744295076178229431 0 forward_v I I I I #
coedge $-1 -1 $-1 $277 $174 $176 $226 forward $119 $-1 #
coedge $-1 -1 $-1 $174 $277 $196 $249 reversed $119 $-1 #
coedge $-1 -1 $-1 $176 $175 $278 $279 reversed $69 $-1 #
coedge $-1 -1 $-1 $280 $281 $175 $225 forward $282 $-1 #
edge $283 -1 $-1 $284 -0.75 $229 0.25 $224 $285 forward @7 unknown #
edge $286 -1 $-1 $230 0 $287 1 $221 $288 forward @7 tangent #
coedge $-1 -1 $-1 $177 $289 $280 $290 forward $81 $-1 #
color-adesk-attrib $-1 -1 $-1 $-1 $178 256 #
vertex $-1 -1 $-1 $178 $291 #
vertex $-1 -1 $-1 $178 $292 #
straight-curve $-1 -1 $-1 0.2999999999999999889 -7.499999999999996447 -0.5 0.738339244016177787 -0.6744295076178229431 0 F 0 F 0.5385029373038842104 #
coedge $-1 -1 $-1 $186 $293 $179 $233 forward $193 $-1 #
edge $294 -1 $-1 $238 -0.4110721672932733939 $189 -0 $179 $295 forward @7 unknown #
coedge $-1 -1 $-1 $296 $180 $293 $297 reversed $236 $-1 #
coedge $-1 -1 $-1 $180 $296 $182 $241 reversed $236 $-1 #
loop $-1 -1 $-1 $-1 $296 $209 #
color-adesk-attrib $-1 -1 $-1 $-1 $181 256 #
vertex $-1 -1 $-1 $233 $298 #
straight-curve $-1 -1 $-1 0.2999999999999999889 -8.699999999999999289 0 0 0 -1 I I #
coedge $-1 -1 $-1 $299 $182 $300 $301 forward $81 $-1 #
edge $302 -1 $-1 $184 -0.2999999999999999889 $303 0.2999999999999999889 $235 $304 forward @7 unknown #
point $-1 -1 $-1 0.2999999999999999889 -8.699999999999999289 -0.5 #
color-adesk-attrib $-1 -1 $-1 $-1 $187 256 #
ellipse-curve $-1 -1 $-1 0.6632019467409320246 -8.50083757230143533 0.5 0 0 1 0.03439590488850902128 0.03765530144482512331 0 1 I I #
point $-1 -1 $-1 0.6820308511963002474 -8.548234537995565319 0.5 #
coedge $-1 -1 $-1 $278 $192 $277 $305 forward $193 $-1 #
coedge $-1 -1 $-1 $306 $307 $308 $309 forward $193 $-1 #
face $310 -1 $-1 $145 $193 $7 $-1 $311 forward single #
edge $312 -1 $-1 $202 0 $251 1 $196 $313 forward @7 tangent #
color-adesk-attrib $-1 -1 $-1 $-1 $197 256 #
vertex $-1 -1 $-1 $249 $314 #
straight-curve $-1 -1 $-1 0.6820308511963002474 -7.948234537995563898 0.5 0.9293522685123702942 0.3691942050072176684 0 I I #
color-adesk-attrib $-1 -1 $-1 $-1 $200 256 #
ellipse-curve $-1 -1 $-1 0.6632019467409320246 -7.900837572301433909 -0.5 0 0 -1 0.03439590488850902128 0.03765530144482512331 0 1 F 0 F 2.023259072960119642 #
point $-1 -1 $-1 0.6820308511963002474 -7.948234537995563898 -0.5 #
coedge $-1 -1 $-1 $315 $204 $316 $317 forward $81 $-1 #
coedge $-1 -1 $-1 $318 $319 $204 $258 reversed $320 $-1 #
edge $321 -1 $-1 $267 0 $322 2.023259072960119642 $204 $323 forward @7 unknown #
coedge $-1 -1 $-1 $205 $324 $325 $326 forward $81 $-1 #
coedge $-1 -1 $-1 $327 $328 $205 $261 reversed $329 $-1 #
edge $330 -1 $-1 $331 0 $266 0.4110721672932733939 $205 $332 forward @7 unknown #
coedge $-1 -1 $-1 $333 $206 $328 $334 reversed $264 $-1 #
coedge $-1 -1 $-1 $206 $333 $318 $335 reversed $264 $-1 #
loop $-1 -1 $-1 $-1 $206 $336 #
color-adesk-attrib $-1 -1 $-1 $-1 $207 256 #
vertex $-1 -1 $-1 $207 $337 #
vertex $-1 -1 $-1 $207 $338 #
straight-curve $-1 -1 $-1 0.3000000000000009326 8.099999999999999645 -0.5 0.738339244016177787 -0.6744295076178229431 0 F 0 F 0.5385029373038842104 #
color-adesk-attrib $-1 -1 $-1 $-1 $209 256 #
face $339 -1 $-1 $340 $341 $7 $-1 $342 reversed single #
plane-surface $-1 -1 $-1 0 -8.699999999999999289 0 0 1 -0 -0 0 1 forward_v I I I I #
color-adesk-attrib $-1 -1 $-1 $-1 $218 256 #
face $343 -1 $-1 $344 $282 $7 $-1 $345 forward single #
loop $-1 -1 $-1 $-1 $346 $218 #
cone-surface $-1 -1 $-1 0.6632019467409321356 -7.30083757230143604 -0.5 0 0 1 0.03439590488850902128 0.03765530144482512331 0 1 I I 0 1 0.05100000000000007999 forward I I I I #
coedge $-1 -1 $-1 $347 $348 $349 $350 reversed $219 $-1 #
coedge $-1 -1 $-1 $222 $221 $246 $305 reversed $119 $-1 #
coedge $-1 -1 $-1 $351 $246 $223 $279 forward $193 $-1 #
edge $352 -1 $-1 $287 -0.5385029373038842104 $284 -0 $223 $353 forward @7 unknown #
coedge $-1 -1 $-1 $354 $224 $227 $290 reversed $282 $-1 #
coedge $-1 -1 $-1 $224 $354 $351 $355 reversed $282 $-1 #
loop $-1 -1 $-1 $-1 $280 $273 #
color-adesk-attrib $-1 -1 $-1 $-1 $225 256 #
vertex $-1 -1 $-1 $355 $356 #
straight-curve $-1 -1 $-1 0.2999999999999998224 -7.499999999999998224 -0.25 0 0 -1 I I #
color-adesk-attrib $-1 -1 $-1 $-1 $226 256 #
vertex $-1 -1 $-1 $226 $357 #
straight-curve $-1 -1 $-1 0.6975978516294411014 -7.863182270856608369 -0.5 0 0 1 I I #
coedge $-1 -1 $-1 $227 $349 $346 $358 forward $81 $-1 #
edge $359 -1 $-1 $360 0 $229 0.4110721672932733939 $227 $361 forward @7 unknown #
point $-1 -1 $-1 0.3000000000000000444 -7.5 -0.5 #
point $-1 -1 $-1 0.6975978516294411014 -7.863182270856608369 -0.5 #
coedge $-1 -1 $-1 $232 $306 $234 $297 forward $193 $-1 #
color-adesk-attrib $-1 -1 $-1 $-1 $233 256 #
straight-curve $-1 -1 $-1 0.6820308511963002474 -8.548234537995565319 0.5 0.9293522685123702942 0.3691942050072176684 0 I I #
coedge $-1 -1 $-1 $235 $234 $362 $363 forward $236 $-1 #
edge $364 -1 $-1 $365 -0.2999999999999999889 $238 0.2999999999999999889 $234 $366 forward @7 unknown #
point $-1 -1 $-1 0.2999999999999999889 -8.699999999999999289 0.5 #
coedge $-1 -1 $-1 $324 $240 $367 $368 forward $81 $-1 #
coedge $-1 -1 $-1 $362 $369 $240 $301 reversed $341 $-1 #
edge $370 -1 $-1 $303 -8.699999999999999289 $371 8.699999999999999289 $300 $372 forward @7 unknown #
color-adesk-attrib $-1 -1 $-1 $-1 $241 256 #
vertex $-1 -1 $-1 $301 $373 #
straight-curve $-1 -1 $-1 0 -8.699999999999999289 -0.5 -1 0 0 I I #
edge $374 -1 $-1 $251 -2.023259072960119642 $287 -0 $277 $375 forward @7 unknown #
coedge $-1 -1 $-1 $293 $247 $376 $377 forward $193 $-1 #
coedge $-1 -1 $-1 $247 $378 $379 $380 forward $193 $-1 #
coedge $-1 -1 $-1 $381 $382 $247 $309 reversed $383 $-1 #
edge $384 -1 $-1 $385 -0.2999999999999999889 $386 0.2999999999999999889 $308 $387 forward @7 unknown #
color-adesk-attrib $-1 -1 $-1 $-1 $248 256 #
plane-surface $-1 -1 $-1 0 0 0.5 0 0 1 1 0 0 forward_v I I I I #
color-adesk-attrib $-1 -1 $-1 $-1 $249 256 #
straight-curve $-1 -1 $-1 0.6820308511963002474 -7.948234537995563898 -0.5 0 0 1 I I #
point $-1 -1 $-1 0.6820308511963002474 -7.948234537995563898 0.5 #
coedge $-1 -1 $-1 $388 $256 $389 $390 forward $81 $-1 #
coedge $-1 -1 $-1 $391 $392 $256 $317 reversed $393 $-1 #
edge $394 -1 $-1 $322 0 $395 0.4110721672932733939 $256 $396 forward @7 unknown #
coedge $-1 -1 $-1 $397 $257 $263 $335 forward $320 $-1 #
coedge $-1 -1 $-1 $257 $397 $391 $398 reversed $320 $-1 #
loop $-1 -1 $-1 $-1 $257 $399 #
color-adesk-attrib $-1 -1 $-1 $-1 $258 256 #
vertex $-1 -1 $-1 $317 $400 #
ellipse-curve $-1 -1 $-1 0.6632019467409330238 7.699162427698564848 -0.5 0 0 -1 0.03439590488850902128 0.03765530144482512331 0 1 F 0 F 2.023259072960119642 #
coedge $-1 -1 $-1 $259 $299 $401 $402 forward $81 $-1 #
coedge $-1 -1 $-1 $403 $404 $259 $326 reversed $405 $-1 #
edge $406 -1 $-1 $407 0 $331 2.023259072960119642 $259 $408 forward @7 unknown #
coedge $-1 -1 $-1 $409 $260 $404 $410 forward $329 $-1 #
coedge $-1 -1 $-1 $260 $409 $262 $334 forward $329 $-1 #
loop $-1 -1 $-1 $-1 $260 $411 #
color-adesk-attrib $-1 -1 $-1 $-1 $261 256 #
vertex $-1 -1 $-1 $261 $412 #
straight-curve $-1 -1 $-1 0.6820308511963012466 8.251765462004435392 -0.5 -0.9293522685123702942 -0.3691942050072176684 0 F 0 F 0.4110721672932733939 #
coedge $-1 -1 $-1 $263 $262 $413 $414 reversed $264 $-1 #
edge $415 -1 $-1 $416 -0.75 $266 0.25 $328 $417 forward @7 unknown #
edge $418 -1 $-1 $267 0 $419 1 $318 $420 forward @7 tangent #
face $421 -1 $-1 $399 $264 $7 $-1 $422 forward single #
point $-1 -1 $-1 0.3000000000000010436 8.100000000000001421 -0.5 #
point $-1 -1 $-1 0.6975978516294421006 7.736817729143389499 -0.5 #
color-adesk-attrib $-1 -1 $-1 $-1 $270 256 #
face $423 -1 $-1 $-1 $383 $7 $-1 $424 reversed single #
loop $-1 -1 $-1 $-1 $369 $270 #
plane-surface $-1 -1 $-1 -0.2999999999999999889 0 0 1 0 0 0 0 -1 forward_v I I I I #
color-adesk-attrib $-1 -1 $-1 $-1 $273 256 #
face $425 -1 $-1 $426 $427 $7 $-1 $428 forward single #
plane-surface $-1 -1 $-1 0.3000000000000000444 -7.5 -0.5 0.3691942050072176684 -0.9293522685123701832 0 0.9293522685123700722 0.3691942050072176129 0 forward_v I I I I #
coedge $-1 -1 $-1 $429 $430 $289 $358 reversed $274 $-1 #
coedge $-1 -1 $-1 $431 $276 $432 $433 reversed $219 $-1 #
coedge $-1 -1 $-1 $276 $431 $429 $434 reversed $219 $-1 #
coedge $-1 -1 $-1 $289 $435 $276 $350 forward $81 $-1 #
edge $436 -1 $-1 $437 0 $438 0.5385029373038842104 $349 $439 forward @7 unknown #
coedge $-1 -1 $-1 $440 $278 $281 $355 forward $193 $-1 #
color-adesk-attrib $-1 -1 $-1 $-1 $279 256 #
straight-curve $-1 -1 $-1 0.2999999999999999889 -7.499999999999996447 0.5 -0.738339244016177787 0.6744295076178229431 0 I I #
coedge $-1 -1 $-1 $281 $280 $430 $441 forward $282 $-1 #
edge $442 -1 $-1 $284 -0.4110721672932733939 $443 -0 $281 $444 forward @7 unknown #
point $-1 -1 $-1 0.3000000000000000444 -7.5 0.5 #
point $-1 -1 $-1 0.6975978516294411014 -7.863182270856608369 0.5 #
edge $445 -1 $-1 $438 0 $360 2.023259072960119642 $289 $446 forward @7 unknown #
color-adesk-attrib $-1 -1 $-1 $-1 $290 256 #
vertex $-1 -1 $-1 $290 $447 #
straight-curve $-1 -1 $-1 0.6820308511963002474 -7.348234537995566029 -0.5 -0.9293522685123702942 -0.3691942050072176684 0 F 0 F 0.4110721672932733939 #
coedge $-1 -1 $-1 $376 $300 $296 $363 reversed $341 $-1 #
edge $448 -1 $-1 $365 -0.5 $303 0.5 $362 $449 forward @7 unknown #
color-adesk-attrib $-1 -1 $-1 $-1 $297 256 #
vertex $-1 -1 $-1 $377 $450 #
straight-curve $-1 -1 $-1 0 -8.699999999999999289 0.5 1 0 0 I I #
coedge $-1 -1 $-1 $382 $381 $299 $368 reversed $383 $-1 #
edge $451 -1 $-1 $371 -0.2999999999999999889 $452 0.2999999999999999889 $367 $453 forward @7 unknown #
coedge $-1 -1 $-1 $300 $376 $382 $454 forward $341 $-1 #
color-adesk-attrib $-1 -1 $-1 $-1 $301 256 #
vertex $-1 -1 $-1 $368 $455 #
straight-curve $-1 -1 $-1 -0.2999999999999999889 0 -0.5 0 1 0 I I #
point $-1 -1 $-1 -0.2999999999999999889 -8.699999999999999289 -0.5 #
color-adesk-attrib $-1 -1 $-1 $-1 $305 256 #
ellipse-curve $-1 -1 $-1 0.6632019467409320246 -7.900837572301433909 0.5 0 0 1 0.03439590488850902128 0.03765530144482512331 0 1 I I #
coedge $-1 -1 $-1 $369 $362 $306 $377 reversed $341 $-1 #
edge $456 -1 $-1 $386 -8.699999999999999289 $365 8.699999999999999289 $376 $457 forward @7 unknown #
coedge $-1 -1 $-1 $307 $458 $459 $460 forward $193 $-1 #
coedge $-1 -1 $-1 $461 $462 $307 $380 reversed $463 $-1 #
edge $464 -1 $-1 $465 -0.5385029373038842104 $385 -0 $379 $466 forward @7 unknown #
coedge $-1 -1 $-1 $367 $308 $467 $468 forward $383 $-1 #
coedge $-1 -1 $-1 $308 $367 $369 $454 reversed $383 $-1 #
loop $-1 -1 $-1 $-1 $381 $340 #
color-adesk-attrib $-1 -1 $-1 $-1 $309 256 #
vertex $-1 -1 $-1 $309 $469 #
vertex $-1 -1 $-1 $309 $470 #
straight-curve $-1 -1 $-1 0 8.699999999999999289 0.5 -1 0 0 I I #
coedge $-1 -1 $-1 $471 $315 $472 $473 forward $81 $-1 #
coedge $-1 -1 $-1 $474 $475 $315 $390 reversed $476 $-1 #
edge $477 -1 $-1 $395 0 $478 0.5385029373038842104 $315 $479 forward @7 unknown #
coedge $-1 -1 $-1 $480 $316 $319 $398 forward $393 $-1 #
coedge $-1 -1 $-1 $316 $480 $474 $481 forward $393 $-1 #
loop $-1 -1 $-1 $-1 $316 $482 #
color-adesk-attrib $-1 -1 $-1 $-1 $317 256 #
vertex $-1 -1 $-1 $390 $483 #
straight-curve $-1 -1 $-1 0.6820308511963011355 7.651765462004433971 -0.5 -0.9293522685123702942 -0.3691942050072176684 0 F 0 F 0.4110721672932733939 #
coedge $-1 -1 $-1 $319 $318 $484 $485 reversed $320 $-1 #
edge $486 -1 $-1 $322 0 $487 1 $391 $488 forward @7 tangent #
face $489 -1 $-1 $482 $320 $7 $-1 $490 forward single #
point $-1 -1 $-1 0.6820308511963011355 7.651765462004433971 -0.5 #
coedge $-1 -1 $-1 $462 $461 $324 $402 reversed $463 $-1 #
edge $491 -1 $-1 $452 0 $407 0.5385029373038842104 $324 $492 forward @7 unknown #
coedge $-1 -1 $-1 $459 $325 $461 $493 forward $405 $-1 #
coedge $-1 -1 $-1 $325 $459 $327 $410 reversed $405 $-1 #
loop $-1 -1 $-1 $-1 $325 $494 #
color-adesk-attrib $-1 -1 $-1 $-1 $326 256 #
vertex $-1 -1 $-1 $402 $495 #
ellipse-curve $-1 -1 $-1 0.6632019467409330238 8.299162427698567157 -0.5 0 0 -1 0.03439590488850902128 0.03765530144482512331 0 1 F 0 F 2.023259072960119642 #
coedge $-1 -1 $-1 $328 $327 $458 $496 reversed $329 $-1 #
edge $497 -1 $-1 $331 0 $498 1 $327 $499 forward @7 tangent #
face $500 -1 $-1 $501 $329 $7 $-1 $502 forward single #
point $-1 -1 $-1 0.6820308511963012466 8.251765462004435392 -0.5 #
coedge $-1 -1 $-1 $458 $484 $333 $414 forward $193 $-1 #
edge $503 -1 $-1 $419 -0.5385029373038842104 $416 -0 $333 $504 forward @7 unknown #
color-adesk-attrib $-1 -1 $-1 $-1 $334 256 #
vertex $-1 -1 $-1 $496 $505 #
straight-curve $-1 -1 $-1 0.2999999999999998224 8.100000000000001421 -0.25 0 0 -1 I I #
color-adesk-attrib $-1 -1 $-1 $-1 $335 256 #
vertex $-1 -1 $-1 $335 $506 #
straight-curve $-1 -1 $-1 0.6975978516294421006 7.736817729143389499 -0.5 0 0 1 I I #
color-adesk-attrib $-1 -1 $-1 $-1 $336 256 #
plane-surface $-1 -1 $-1 0.6975978516294421006 7.736817729143389499 -0.5 0.6744295076178229431 0.738339244016177787 0 -0.738339244016177787 0.6744295076178229431 0 forward_v I I I I #
color-adesk-attrib $-1 -1 $-1 $-1 $340 256 #
plane-surface $-1 -1 $-1 0 8.699999999999999289 0 0 -1 0 0 0 -1 forward_v I I I I #
color-adesk-attrib $-1 -1 $-1 $-1 $344 256 #
face $507 -1 $-1 $508 $509 $7 $-1 $510 forward single #
loop $-1 -1 $-1 $-1 $511 $344 #
plane-surface $-1 -1 $-1 0.6975978516294412124 -6.663182270856610856 -0.5 0.6744295076178229431 0.738339244016177787 0 -0.738339244016177787 0.6744295076178229431 0 forward_v I I I I #
coedge $-1 -1 $-1 $512 $346 $348 $434 forward $274 $-1 #
coedge $-1 -1 $-1 $346 $512 $354 $441 reversed $274 $-1 #
coedge $-1 -1 $-1 $348 $347 $513 $514 reversed $219 $-1 #
coedge $-1 -1 $-1 $515 $516 $347 $433 forward $517 $-1 #
edge $518 -1 $-1 $519 -0.75 $437 0.25 $432 $520 forward @7 unknown #
edge $521 -1 $-1 $438 0 $522 1 $429 $523 forward @7 tangent #
coedge $-1 -1 $-1 $349 $524 $515 $525 forward $81 $-1 #
color-adesk-attrib $-1 -1 $-1 $-1 $350 256 #
vertex $-1 -1 $-1 $350 $526 #
vertex $-1 -1 $-1 $350 $527 #
straight-curve $-1 -1 $-1 0.3000000000000000444 -6.900000000000000355 -0.5 0.738339244016177787 -0.6744295076178229431 0 F 0 F 0.5385029373038842104 #
coedge $-1 -1 $-1 $513 $351 $512 $528 forward $193 $-1 #
edge $529 -1 $-1 $360 0 $443 1 $354 $530 forward @7 tangent #
color-adesk-attrib $-1 -1 $-1 $-1 $355 256 #
vertex $-1 -1 $-1 $441 $531 #
straight-curve $-1 -1 $-1 0.6820308511963002474 -7.348234537995566029 0.5 0.9293522685123702942 0.3691942050072176684 0 I I #
color-adesk-attrib $-1 -1 $-1 $-1 $358 256 #
ellipse-curve $-1 -1 $-1 0.6632019467409321356 -7.30083757230143604 -0.5 0 0 -1 0.03439590488850902128 0.03765530144482512331 0 1 F 0 F 2.023259072960119642 #
point $-1 -1 $-1 0.6820308511963002474 -7.348234537995566029 -0.5 #
color-adesk-attrib $-1 -1 $-1 $-1 $363 256 #
straight-curve $-1 -1 $-1 -0.2999999999999999889 -8.699999999999999289 0 0 0 -1 I I #
point $-1 -1 $-1 -0.2999999999999999889 -8.699999999999999289 0.5 #
color-adesk-attrib $-1 -1 $-1 $-1 $368 256 #
vertex $-1 -1 $-1 $402 $532 #
straight-curve $-1 -1 $-1 0 8.699999999999999289 -0.5 1 0 0 I I #
edge $533 -1 $-1 $386 -0.5 $371 0.5 $382 $534 forward @7 unknown #
point $-1 -1 $-1 -0.2999999999999999889 8.699999999999999289 -0.5 #
color-adesk-attrib $-1 -1 $-1 $-1 $377 256 #
straight-curve $-1 -1 $-1 -0.2999999999999999889 0 0.5 0 -1 0 I I #
coedge $-1 -1 $-1 $378 $413 $409 $496 forward $193 $-1 #
coedge $-1 -1 $-1 $404 $403 $378 $460 reversed $405 $-1 #
edge $535 -1 $-1 $498 -2.023259072960119642 $465 -0 $459 $536 forward @7 unknown #
coedge $-1 -1 $-1 $401 $379 $403 $493 reversed $463 $-1 #
coedge $-1 -1 $-1 $379 $401 $381 $468 reversed $463 $-1 #
loop $-1 -1 $-1 $-1 $401 $537 #
color-adesk-attrib $-1 -1 $-1 $-1 $380 256 #
vertex $-1 -1 $-1 $493 $538 #
straight-curve $-1 -1 $-1 0.3000000000000009881 8.700000000000001066 0.5 -0.738339244016177787 0.6744295076178229431 0 I I #
coedge $-1 -1 $-1 $539 $540 $541 $468 reversed $542 $-1 #
edge $543 -1 $-1 $385 -0.5 $452 0.5 $381 $544 forward @7 unknown #
point $-1 -1 $-1 0.2999999999999999889 8.699999999999999289 0.5 #
point $-1 -1 $-1 -0.2999999999999999889 8.699999999999999289 0.5 #
coedge $-1 -1 $-1 $545 $388 $546 $547 forward $81 $-1 #
coedge $-1 -1 $-1 $548 $549 $388 $473 reversed $550 $-1 #
edge $551 -1 $-1 $478 0 $552 2.023259072960119642 $388 $553 forward @7 unknown #
coedge $-1 -1 $-1 $554 $389 $392 $481 reversed $476 $-1 #
coedge $-1 -1 $-1 $389 $554 $548 $555 reversed $476 $-1 #
loop $-1 -1 $-1 $-1 $389 $556 #
color-adesk-attrib $-1 -1 $-1 $-1 $390 256 #
vertex $-1 -1 $-1 $390 $557 #
straight-curve $-1 -1 $-1 0.3000000000000009326 7.5 -0.5 0.738339244016177787 -0.6744295076178229431 0 F 0 F 0.5385029373038842104 #
coedge $-1 -1 $-1 $392 $391 $558 $559 reversed $393 $-1 #
edge $560 -1 $-1 $561 -0.75 $395 0.25 $392 $562 forward @7 unknown #
face $563 -1 $-1 $537 $393 $7 $-1 $564 forward single #
point $-1 -1 $-1 0.3000000000000009881 7.5 -0.5 #
coedge $-1 -1 $-1 $413 $558 $397 $485 forward $193 $-1 #
edge $565 -1 $-1 $487 -2.023259072960119642 $419 -0 $397 $566 forward @7 unknown #
color-adesk-attrib $-1 -1 $-1 $-1 $398 256 #
vertex $-1 -1 $-1 $398 $567 #
straight-curve $-1 -1 $-1 0.6820308511963011355 7.651765462004433971 -0.5 0 0 1 I I #
color-adesk-attrib $-1 -1 $-1 $-1 $399 256 #
cone-surface $-1 -1 $-1 0.6632019467409330238 7.699162427698564848 -0.5 0 0 1 0.03439590488850902128 0.03765530144482512331 0 1 I I 0 1 0.05100000000000007999 forward I I I I #
color-adesk-attrib $-1 -1 $-1 $-1 $402 256 #
straight-curve $-1 -1 $-1 0.3000000000000009881 8.700000000000001066 -0.5 0.738339244016177787 -0.6744295076178229431 0 F 0 F 0.5385029373038842104 #
edge $568 -1 $-1 $407 0 $465 1 $403 $569 forward @7 tangent #
face $570 -1 $-1 $411 $405 $7 $-1 $571 forward single #
point $-1 -1 $-1 0.6975978516294421006 8.33681772914339092 -0.5 #
edge $572 -1 $-1 $416 -0.4110721672932733939 $498 -0 $409 $573 forward @7 unknown #
color-adesk-attrib $-1 -1 $-1 $-1 $410 256 #
vertex $-1 -1 $-1 $410 $574 #
straight-curve $-1 -1 $-1 0.6820308511963012466 8.251765462004435392 -0.5 0 0 1 I I #
color-adesk-attrib $-1 -1 $-1 $-1 $411 256 #
face $575 -1 $-1 $576 $542 $7 $-1 $577 forward single #
plane-surface $-1 -1 $-1 0.3000000000000010436 8.100000000000001421 -0.5 0.3691942050072176684 -0.9293522685123701832 0 0.9293522685123700722 0.3691942050072176129 0 forward_v I I I I #
color-adesk-attrib $-1 -1 $-1 $-1 $414 256 #
straight-curve $-1 -1 $-1 0.3000000000000009326 8.099999999999999645 0.5 -0.738339244016177787 0.6744295076178229431 0 I I #
point $-1 -1 $-1 0.3000000000000010436 8.100000000000001421 0.5 #
point $-1 -1 $-1 0.6975978516294421006 7.736817729143389499 0.5 #
color-adesk-attrib $-1 -1 $-1 $-1 $426 256 #
face $578 -1 $-1 $579 $517 $7 $-1 $580 forward single #
loop $-1 -1 $-1 $-1 $581 $426 #
cone-surface $-1 -1 $-1 0.6632019467409321356 -6.700837572301434619 -0.5 0 0 1 0.03439590488850902128 0.03765530144482512331 0 1 I I 0 1 0.05100000000000007999 forward I I I I #
coedge $-1 -1 $-1 $582 $583 $584 $585 reversed $427 $-1 #
coedge $-1 -1 $-1 $430 $429 $440 $528 reversed $274 $-1 #
coedge $-1 -1 $-1 $586 $440 $431 $514 forward $193 $-1 #
edge $587 -1 $-1 $522 -0.5385029373038842104 $519 -0 $431 $588 forward @7 unknown #
coedge $-1 -1 $-1 $589 $432 $435 $525 reversed $517 $-1 #
coedge $-1 -1 $-1 $432 $589 $586 $590 reversed $517 $-1 #
loop $-1 -1 $-1 $-1 $515 $508 #
color-adesk-attrib $-1 -1 $-1 $-1 $433 256 #
vertex $-1 -1 $-1 $590 $591 #
straight-curve $-1 -1 $-1 0.3000000000000000444 -6.900000000000000355 -0.25 0 0 -1 I I #
color-adesk-attrib $-1 -1 $-1 $-1 $434 256 #
vertex $-1 -1 $-1 $434 $592 #
straight-curve $-1 -1 $-1 0.6975978516294411014 -7.263182270856610501 -0.5 0 0 1 I I #
coedge $-1 -1 $-1 $435 $584 $581 $593 forward $81 $-1 #
edge $594 -1 $-1 $595 0 $437 0.4110721672932733939 $435 $596 forward @7 unknown #
point $-1 -1 $-1 0.3000000000000000999 -6.900000000000000355 -0.5 #
point $-1 -1 $-1 0.6975978516294411014 -7.263182270856610501 -0.5 #
edge $597 -1 $-1 $443 -2.023259072960119642 $522 -0 $512 $598 forward @7 unknown #
color-adesk-attrib $-1 -1 $-1 $-1 $441 256 #
straight-curve $-1 -1 $-1 0.6820308511963002474 -7.348234537995566029 -0.5 0 0 1 I I #
point $-1 -1 $-1 0.6820308511963002474 -7.348234537995566029 0.5 #
point $-1 -1 $-1 0.2999999999999999889 8.699999999999999289 -0.5 #
color-adesk-attrib $-1 -1 $-1 $-1 $454 256 #
straight-curve $-1 -1 $-1 -0.2999999999999999889 8.699999999999999289 0 0 0 -1 I I #
color-adesk-attrib $-1 -1 $-1 $-1 $460 256 #
ellipse-curve $-1 -1 $-1 0.6632019467409330238 8.299162427698567157 0.5 0 0 1 0.03439590488850902128 0.03765530144482512331 0 1 I I #
face $599 -1 $-1 $494 $463 $7 $-1 $600 forward single #
point $-1 -1 $-1 0.6975978516294421006 8.33681772914339092 0.5 #
coedge $-1 -1 $-1 $601 $467 $602 $603 reversed $542 $-1 #
coedge $-1 -1 $-1 $467 $601 $604 $605 reversed $542 $-1 #
coedge $-1 -1 $-1 $606 $607 $462 $468 forward $608 $-1 #
loop $-1 -1 $-1 $-1 $540 $501 #
color-adesk-attrib $-1 -1 $-1 $-1 $468 256 #
straight-curve $-1 -1 $-1 0.2999999999999999889 8.699999999999999289 0 0 0 -1 I I #
coedge $-1 -1 $-1 $609 $471 $610 $611 forward $81 $-1 #
coedge $-1 -1 $-1 $612 $613 $471 $547 reversed $614 $-1 #
edge $615 -1 $-1 $552 0 $616 0.4110721672932733939 $471 $617 forward @7 unknown #
coedge $-1 -1 $-1 $618 $472 $475 $555 forward $550 $-1 #
coedge $-1 -1 $-1 $472 $618 $612 $619 reversed $550 $-1 #
loop $-1 -1 $-1 $-1 $472 $620 #
color-adesk-attrib $-1 -1 $-1 $-1 $473 256 #
vertex $-1 -1 $-1 $547 $621 #
ellipse-curve $-1 -1 $-1 0.6632019467409329128 7.099162427698565203 -0.5 0 0 -1 0.03439590488850902128 0.03765530144482512331 0 1 F 0 F 2.023259072960119642 #
coedge $-1 -1 $-1 $475 $474 $622 $623 reversed $476 $-1 #
edge $624 -1 $-1 $478 0 $625 1 $548 $626 forward @7 tangent #
face $627 -1 $-1 $620 $476 $7 $-1 $628 forward single #
point $-1 -1 $-1 0.6975978516294419896 7.136817729143389855 -0.5 #
coedge $-1 -1 $-1 $484 $622 $480 $559 forward $193 $-1 #
edge $629 -1 $-1 $561 -0.4110721672932733939 $487 -0 $480 $630 forward @7 unknown #
color-adesk-attrib $-1 -1 $-1 $-1 $481 256 #
vertex $-1 -1 $-1 $559 $631 #
straight-curve $-1 -1 $-1 0.2999999999999998224 7.5 -0.25 0 0 -1 I I #
color-adesk-attrib $-1 -1 $-1 $-1 $482 256 #
plane-surface $-1 -1 $-1 0.3000000000000009881 7.5 -0.5 0.3691942050072176684 -0.9293522685123701832 0 0.9293522685123700722 0.3691942050072176129 0 forward_v I I I I #
color-adesk-attrib $-1 -1 $-1 $-1 $485 256 #
ellipse-curve $-1 -1 $-1 0.6632019467409330238 7.699162427698564848 0.5 0 0 1 0.03439590488850902128 0.03765530144482512331 0 1 I I #
point $-1 -1 $-1 0.6820308511963011355 7.651765462004433971 0.5 #
color-adesk-attrib $-1 -1 $-1 $-1 $493 256 #
straight-curve $-1 -1 $-1 0.6975978516294421006 8.33681772914339092 -0.5 0 0 1 I I #
color-adesk-attrib $-1 -1 $-1 $-1 $494 256 #
cone-surface $-1 -1 $-1 0.6632019467409330238 8.299162427698567157 -0.5 0 0 1 0.03439590488850902128 0.03765530144482512331 0 1 I I 0 1 0.05100000000000007999 forward I I I I #
color-adesk-attrib $-1 -1 $-1 $-1 $496 256 #
straight-curve $-1 -1 $-1 0.6820308511963012466 8.251765462004435392 0.5 0.9293522685123702942 0.3691942050072176684 0 I I #
point $-1 -1 $-1 0.6820308511963012466 8.251765462004435392 0.5 #
color-adesk-attrib $-1 -1 $-1 $-1 $501 256 #
face $632 -1 $-1 $633 $634 $7 $-1 $635 forward single #
plane-surface $-1 -1 $-1 0.3000000000000010436 9.299999999999998934 -0.5 -1 0 0 -0 -1 -0 forward_v I I I I #
color-adesk-attrib $-1 -1 $-1 $-1 $508 256 #
face $636 -1 $-1 $637 $638 $7 $-1 $639 forward single #
plane-surface $-1 -1 $-1 0.3000000000000000999 -6.900000000000000355 -0.5 0.3691942050072176684 -0.9293522685123701832 0 0.9293522685123700722 0.3691942050072176129 0 forward_v I I I I #
coedge $-1 -1 $-1 $640 $641 $524 $593 reversed $509 $-1 #
coedge $-1 -1 $-1 $642 $511 $643 $644 reversed $427 $-1 #
coedge $-1 -1 $-1 $511 $642 $640 $645 reversed $427 $-1 #
coedge $-1 -1 $-1 $524 $646 $511 $585 forward $81 $-1 #
edge $647 -1 $-1 $648 0 $649 0.5385029373038842104 $584 $650 forward @7 unknown #
coedge $-1 -1 $-1 $651 $513 $516 $590 forward $193 $-1 #
color-adesk-attrib $-1 -1 $-1 $-1 $514 256 #
straight-curve $-1 -1 $-1 0.3000000000000000444 -6.900000000000000355 0.5 -0.738339244016177787 0.6744295076178229431 0 I I #
coedge $-1 -1 $-1 $516 $515 $641 $652 forward $517 $-1 #
edge $653 -1 $-1 $519 -0.4110721672932733939 $654 -0 $516 $655 forward @7 unknown #
point $-1 -1 $-1 0.3000000000000000999 -6.900000000000000355 0.5 #
point $-1 -1 $-1 0.6975978516294411014 -7.263182270856610501 0.5 #
edge $656 -1 $-1 $649 0 $595 2.023259072960119642 $524 $657 forward @7 unknown #
color-adesk-attrib $-1 -1 $-1 $-1 $525 256 #
vertex $-1 -1 $-1 $525 $658 #
straight-curve $-1 -1 $-1 0.6820308511963002474 -6.748234537995566384 -0.5 -0.9293522685123702942 -0.3691942050072176684 0 F 0 F 0.4110721672932733939 #
color-adesk-attrib $-1 -1 $-1 $-1 $528 256 #
ellipse-curve $-1 -1 $-1 0.6632019467409321356 -7.30083757230143604 0.5 0 0 1 0.03439590488850902128 0.03765530144482512331 0 1 I I #
color-adesk-attrib $-1 -1 $-1 $-1 $537 256 #
plane-surface $-1 -1 $-1 0.6975978516294421006 8.33681772914339092 -0.5 0.6744295076178229431 0.738339244016177787 0 -0.738339244016177787 0.6744295076178229431 0 forward_v I I I I #
coedge $-1 -1 $-1 $540 $539 $659 $660 reversed $542 $-1 #
coedge $-1 -1 $-1 $661 $662 $539 $603 forward $663 $-1 #
edge $664 -1 $-1 $665 -0.5999999999999999778 $385 -0 $539 $666 forward @7 unknown #
coedge $-1 -1 $-1 $667 $668 $540 $605 forward $669 $-1 #
edge $670 -1 $-1 $452 0 $671 0.5999999999999999778 $604 $672 forward @7 unknown #
coedge $-1 -1 $-1 $673 $541 $668 $674 reversed $608 $-1 #
coedge $-1 -1 $-1 $541 $673 $661 $675 reversed $608 $-1 #
loop $-1 -1 $-1 $-1 $606 $676 #
coedge $-1 -1 $-1 $677 $545 $678 $679 forward $81 $-1 #
coedge $-1 -1 $-1 $680 $681 $545 $611 reversed $682 $-1 #
edge $683 -1 $-1 $616 0 $684 0.5385029373038842104 $545 $685 forward @7 unknown #
coedge $-1 -1 $-1 $686 $546 $549 $619 forward $614 $-1 #
coedge $-1 -1 $-1 $546 $686 $680 $687 forward $614 $-1 #
loop $-1 -1 $-1 $-1 $546 $688 #
color-adesk-attrib $-1 -1 $-1 $-1 $547 256 #
vertex $-1 -1 $-1 $611 $689 #
straight-curve $-1 -1 $-1 0.6820308511963011355 7.051765462004434326 -0.5 -0.9293522685123702942 -0.3691942050072176684 0 F 0 F 0.4110721672932733939 #
coedge $-1 -1 $-1 $549 $548 $690 $691 reversed $550 $-1 #
edge $692 -1 $-1 $552 0 $693 1 $612 $694 forward @7 tangent #
face $695 -1 $-1 $688 $550 $7 $-1 $696 forward single #
point $-1 -1 $-1 0.6820308511963011355 7.051765462004434326 -0.5 #
coedge $-1 -1 $-1 $558 $690 $554 $623 forward $193 $-1 #
edge $697 -1 $-1 $625 -0.5385029373038842104 $561 -0 $554 $698 forward @7 unknown #
color-adesk-attrib $-1 -1 $-1 $-1 $555 256 #
vertex $-1 -1 $-1 $555 $699 #
straight-curve $-1 -1 $-1 0.6975978516294419896 7.136817729143389855 -0.5 0 0 1 I I #
color-adesk-attrib $-1 -1 $-1 $-1 $556 256 #
plane-surface $-1 -1 $-1 0.6975978516294419896 7.136817729143389855 -0.5 0.6744295076178229431 0.738339244016177787 0 -0.738339244016177787 0.6744295076178229431 0 forward_v I I I I #
color-adesk-attrib $-1 -1 $-1 $-1 $559 256 #
straight-curve $-1 -1 $-1 0.6820308511963011355 7.651765462004433971 0.5 0.9293522685123702942 0.3691942050072176684 0 I I #
point $-1 -1 $-1 0.3000000000000009881 7.5 0.5 #
color-adesk-attrib $-1 -1 $-1 $-1 $576 256 #
face $700 -1 $-1 $676 $701 $7 $-1 $702 forward single #
loop $-1 -1 $-1 $-1 $703 $576 #
plane-surface $-1 -1 $-1 0.6975978516294421006 8.936817729143388789 -0.5 0.6744295076178229431 0.738339244016177787 0 -0.738339244016177787 0.6744295076178229431 0 forward_v I I I I #
color-adesk-attrib $-1 -1 $-1 $-1 $579 256 #
face $704 -1 $-1 $705 $706 $7 $-1 $707 forward single #
loop $-1 -1 $-1 $-1 $708 $579 #
plane-surface $-1 -1 $-1 0.6975978516294412124 -6.063182270856609435 -0.5 0.6744295076178229431 0.738339244016177787 0 -0.738339244016177787 0.6744295076178229431 0 forward_v I I I I #
coedge $-1 -1 $-1 $709 $581 $583 $645 forward $509 $-1 #
coedge $-1 -1 $-1 $581 $709 $589 $652 reversed $509 $-1 #
coedge $-1 -1 $-1 $583 $582 $710 $711 reversed $427 $-1 #
coedge $-1 -1 $-1 $712 $713 $582 $644 forward $714 $-1 #
edge $715 -1 $-1 $716 -0.75 $648 0.25 $643 $717 forward @7 unknown #
edge $718 -1 $-1 $649 0 $719 1 $640 $720 forward @7 tangent #
coedge $-1 -1 $-1 $584 $721 $712 $722 forward $81 $-1 #
color-adesk-attrib $-1 -1 $-1 $-1 $585 256 #
vertex $-1 -1 $-1 $585 $723 #
vertex $-1 -1 $-1 $585 $724 #
straight-curve $-1 -1 $-1 0.3000000000000000444 -6.300000000000000711 -0.5 0.738339244016177787 -0.6744295076178229431 0 F 0 F 0.5385029373038842104 #
coedge $-1 -1 $-1 $710 $586 $709 $725 forward $193 $-1 #
edge $726 -1 $-1 $595 0 $654 1 $589 $727 forward @7 tangent #
color-adesk-attrib $-1 -1 $-1 $-1 $590 256 #
vertex $-1 -1 $-1 $652 $728 #
straight-curve $-1 -1 $-1 0.6820308511963002474 -6.748234537995566384 0.5 0.9293522685123702942 0.3691942050072176684 0 I I #
color-adesk-attrib $-1 -1 $-1 $-1 $593 256 #
ellipse-curve $-1 -1 $-1 0.6632019467409321356 -6.700837572301434619 -0.5 0 0 -1 0.03439590488850902128 0.03765530144482512331 0 1 F 0 F 2.023259072960119642 #
point $-1 -1 $-1 0.6820308511963002474 -6.748234537995566384 -0.5 #
coedge $-1 -1 $-1 $729 $703 $601 $660 forward $634 $-1 #
edge $730 -1 $-1 $671 0 $665 1 $659 $731 forward @7 unknown #
coedge $-1 -1 $-1 $732 $602 $607 $675 forward $663 $-1 #
coedge $-1 -1 $-1 $602 $732 $729 $733 forward $663 $-1 #
loop $-1 -1 $-1 $-1 $661 $734 #
color-adesk-attrib $-1 -1 $-1 $-1 $603 256 #
vertex $-1 -1 $-1 $660 $735 #
straight-curve $-1 -1 $-1 0.3000000000000010436 8.699999999999999289 0.5 -0 -1 -0 I I #
coedge $-1 -1 $-1 $736 $604 $703 $737 forward $669 $-1 #
coedge $-1 -1 $-1 $604 $736 $606 $674 forward $669 $-1 #
loop $-1 -1 $-1 $-1 $668 $738 #
color-adesk-attrib $-1 -1 $-1 $-1 $605 256 #
vertex $-1 -1 $-1 $605 $739 #
straight-curve $-1 -1 $-1 0.3000000000000010436 8.699999999999999289 -0.5 0 1 0 F 0 F 0.5999999999999999778 #
coedge $-1 -1 $-1 $607 $606 $740 $741 forward $608 $-1 #
edge $742 -1 $-1 $743 0 $452 0.4110721672932733939 $668 $744 forward @7 unknown #
edge $745 -1 $-1 $385 -0.4110721672932733939 $746 -0 $607 $747 forward @7 unknown #
face $748 -1 $-1 $738 $608 $7 $-1 $749 forward single #
coedge $-1 -1 $-1 $750 $609 $751 $752 forward $81 $-1 #
coedge $-1 -1 $-1 $753 $754 $609 $679 reversed $755 $-1 #
edge $756 -1 $-1 $684 0 $757 2.023259072960119642 $609 $758 forward @7 unknown #
coedge $-1 -1 $-1 $759 $610 $613 $687 reversed $682 $-1 #
coedge $-1 -1 $-1 $610 $759 $753 $760 reversed $682 $-1 #
loop $-1 -1 $-1 $-1 $610 $761 #
color-adesk-attrib $-1 -1 $-1 $-1 $611 256 #
vertex $-1 -1 $-1 $611 $762 #
straight-curve $-1 -1 $-1 0.3000000000000008771 6.900000000000000355 -0.5 0.738339244016177787 -0.6744295076178229431 0 F 0 F 0.5385029373038842104 #
coedge $-1 -1 $-1 $613 $612 $763 $764 reversed $614 $-1 #
edge $765 -1 $-1 $766 -0.75 $616 0.25 $613 $767 forward @7 unknown #
face $768 -1 $-1 $336 $614 $7 $-1 $769 forward single #
point $-1 -1 $-1 0.3000000000000009326 6.900000000000000355 -0.5 #
coedge $-1 -1 $-1 $622 $763 $618 $691 forward $193 $-1 #
edge $770 -1 $-1 $693 -2.023259072960119642 $625 -0 $618 $771 forward @7 unknown #
color-adesk-attrib $-1 -1 $-1 $-1 $619 256 #
vertex $-1 -1 $-1 $619 $772 #
straight-curve $-1 -1 $-1 0.6820308511963011355 7.051765462004434326 -0.5 0 0 1 I I #
color-adesk-attrib $-1 -1 $-1 $-1 $620 256 #
cone-surface $-1 -1 $-1 0.6632019467409329128 7.099162427698565203 -0.5 0 0 1 0.03439590488850902128 0.03765530144482512331 0 1 I I 0 1 0.05100000000000007999 forward I I I I #
color-adesk-attrib $-1 -1 $-1 $-1 $623 256 #
straight-curve $-1 -1 $-1 0.3000000000000009326 7.5 0.5 -0.738339244016177787 0.6744295076178229431 0 I I #
point $-1 -1 $-1 0.6975978516294419896 7.136817729143389855 0.5 #
color-adesk-attrib $-1 -1 $-1 $-1 $633 256 #
loop $-1 -1 $-1 $-1 $773 $633 #
cone-surface $-1 -1 $-1 0.6632019467409331348 8.899162427698565025 -0.5 0 0 1 0.03439590488850902128 0.03765530144482512331 0 1 I I 0 1 0.05100000000000007999 forward I I I I #
coedge $-1 -1 $-1 $659 $774 $667 $737 reversed $634 $-1 #
color-adesk-attrib $-1 -1 $-1 $-1 $637 256 #
face $775 -1 $-1 $776 $714 $7 $-1 $777 forward single #
loop $-1 -1 $-1 $-1 $778 $637 #
cone-surface $-1 -1 $-1 0.6632019467409321356 -6.100837572301433198 -0.5 0 0 1 0.03439590488850902128 0.03765530144482512331 0 1 I I 0 1 0.05100000000000007999 forward I I I I #
coedge $-1 -1 $-1 $779 $780 $781 $782 reversed $638 $-1 #
coedge $-1 -1 $-1 $641 $640 $651 $725 reversed $509 $-1 #
coedge $-1 -1 $-1 $783 $651 $642 $711 forward $193 $-1 #
edge $784 -1 $-1 $719 -0.5385029373038842104 $716 -0 $642 $785 forward @7 unknown #
coedge $-1 -1 $-1 $786 $643 $646 $722 reversed $714 $-1 #
coedge $-1 -1 $-1 $643 $786 $783 $787 reversed $714 $-1 #
loop $-1 -1 $-1 $-1 $712 $705 #
color-adesk-attrib $-1 -1 $-1 $-1 $644 256 #
vertex $-1 -1 $-1 $787 $788 #
straight-curve $-1 -1 $-1 0.3000000000000000444 -6.300000000000000711 -0.25 0 0 -1 I I #
color-adesk-attrib $-1 -1 $-1 $-1 $645 256 #
vertex $-1 -1 $-1 $645 $789 #
straight-curve $-1 -1 $-1 0.6975978516294412124 -6.663182270856610856 -0.5 0 0 1 I I #
coedge $-1 -1 $-1 $646 $781 $778 $790 forward $81 $-1 #
edge $791 -1 $-1 $792 0 $648 0.4110721672932733939 $646 $793 forward @7 unknown #
point $-1 -1 $-1 0.3000000000000001554 -6.299999999999998934 -0.5 #
point $-1 -1 $-1 0.6975978516294412124 -6.663182270856610856 -0.5 #
edge $794 -1 $-1 $654 -2.023259072960119642 $719 -0 $709 $795 forward @7 unknown #
color-adesk-attrib $-1 -1 $-1 $-1 $652 256 #
straight-curve $-1 -1 $-1 0.6820308511963002474 -6.748234537995566384 -0.5 0 0 1 I I #
point $-1 -1 $-1 0.6820308511963002474 -6.748234537995566384 0.5 #
coedge $-1 -1 $-1 $774 $659 $662 $733 reversed $634 $-1 #
color-adesk-attrib $-1 -1 $-1 $-1 $660 256 #
straight-curve $-1 -1 $-1 0.3000000000000010436 9.299999999999998934 -0.5 0 0 1 I I #
coedge $-1 -1 $-1 $662 $661 $796 $797 forward $663 $-1 #
edge $798 -1 $-1 $799 -0.5385029373038842104 $665 -0 $729 $800 forward @7 unknown #
face $801 -1 $-1 $248 $663 $7 $-1 $802 forward single #
point $-1 -1 $-1 0.3000000000000010436 9.299999999999998934 0.5 #
coedge $-1 -1 $-1 $668 $667 $773 $803 forward $669 $-1 #
edge $804 -1 $-1 $671 0 $805 0.5385029373038842104 $667 $806 forward @7 unknown #
face $807 -1 $-1 $734 $669 $7 $-1 $808 reversed single #
point $-1 -1 $-1 0.3000000000000010436 9.299999999999998934 -0.5 #
coedge $-1 -1 $-1 $773 $796 $673 $741 reversed $701 $-1 #
edge $809 -1 $-1 $743 0 $746 1 $673 $810 forward @7 tangent #
color-adesk-attrib $-1 -1 $-1 $-1 $674 256 #
vertex $-1 -1 $-1 $674 $811 #
straight-curve $-1 -1 $-1 0.6820308511963012466 8.85176546200443326 -0.5 -0.9293522685123702942 -0.3691942050072176684 0 F 0 F 0.4110721672932733939 #
color-adesk-attrib $-1 -1 $-1 $-1 $675 256 #
vertex $-1 -1 $-1 $741 $812 #
straight-curve $-1 -1 $-1 0.6820308511963012466 8.85176546200443326 0.5 0.9293522685123702942 0.3691942050072176684 0 I I #
color-adesk-attrib $-1 -1 $-1 $-1 $676 256 #
plane-surface $-1 -1 $-1 0.3000000000000010436 8.699999999999999289 -0.5 0.3691942050072176684 -0.9293522685123701832 0 0.9293522685123700722 0.3691942050072176129 0 forward_v I I I I #
coedge $-1 -1 $-1 $813 $677 $814 $815 forward $81 $-1 #
coedge $-1 -1 $-1 $816 $817 $677 $752 reversed $818 $-1 #
edge $819 -1 $-1 $757 0 $820 0.4110721672932733939 $677 $821 forward @7 unknown #
coedge $-1 -1 $-1 $822 $678 $681 $760 forward $755 $-1 #
coedge $-1 -1 $-1 $678 $822 $816 $823 reversed $755 $-1 #
loop $-1 -1 $-1 $-1 $678 $824 #
color-adesk-attrib $-1 -1 $-1 $-1 $679 256 #
vertex $-1 -1 $-1 $752 $825 #
ellipse-curve $-1 -1 $-1 0.6632019467409329128 6.499162427698565558 -0.5 0 0 -1 0.03439590488850902128 0.03765530144482512331 0 1 F 0 F 2.023259072960119642 #
coedge $-1 -1 $-1 $681 $680 $826 $827 reversed $682 $-1 #
edge $828 -1 $-1 $684 0 $829 1 $753 $830 forward @7 tangent #
face $831 -1 $-1 $824 $682 $7 $-1 $832 forward single #
point $-1 -1 $-1 0.6975978516294419896 6.53681772914339021 -0.5 #
coedge $-1 -1 $-1 $690 $826 $686 $764 forward $193 $-1 #
edge $833 -1 $-1 $766 -0.4110721672932733939 $693 -0 $686 $834 forward @7 unknown #
color-adesk-attrib $-1 -1 $-1 $-1 $687 256 #
vertex $-1 -1 $-1 $764 $835 #
straight-curve $-1 -1 $-1 0.3000000000000000444 6.900000000000000355 -0.25 0 0 -1 I I #
color-adesk-attrib $-1 -1 $-1 $-1 $688 256 #
plane-surface $-1 -1 $-1 0.3000000000000009326 6.900000000000000355 -0.5 0.3691942050072176684 -0.9293522685123701832 0 0.9293522685123700722 0.3691942050072176129 0 forward_v I I I I #
color-adesk-attrib $-1 -1 $-1 $-1 $691 256 #
ellipse-curve $-1 -1 $-1 0.6632019467409329128 7.099162427698565203 0.5 0 0 1 0.03439590488850902128 0.03765530144482512331 0 1 I I #
point $-1 -1 $-1 0.6820308511963011355 7.051765462004434326 0.5 #
coedge $-1 -1 $-1 $836 $740 $736 $803 reversed $701 $-1 #
coedge $-1 -1 $-1 $703 $729 $836 $837 reversed $634 $-1 #
color-adesk-attrib $-1 -1 $-1 $-1 $705 256 #
face $838 -1 $-1 $839 $840 $7 $-1 $841 forward single #
plane-surface $-1 -1 $-1 0.3000000000000001554 -6.299999999999998934 -0.5 0.3691942050072176684 -0.9293522685123701832 0 0.9293522685123700722 0.3691942050072176129 0 forward_v I I I I #
coedge $-1 -1 $-1 $842 $843 $721 $790 reversed $706 $-1 #
coedge $-1 -1 $-1 $844 $708 $845 $846 reversed $638 $-1 #
coedge $-1 -1 $-1 $708 $844 $842 $847 reversed $638 $-1 #
coedge $-1 -1 $-1 $721 $848 $708 $782 forward $81 $-1 #
edge $849 -1 $-1 $850 0 $851 0.5385029373038842104 $781 $852 forward @7 unknown #
coedge $-1 -1 $-1 $853 $710 $713 $787 forward $193 $-1 #
color-adesk-attrib $-1 -1 $-1 $-1 $711 256 #
straight-curve $-1 -1 $-1 0.3000000000000000444 -6.300000000000000711 0.5 -0.738339244016177787 0.6744295076178229431 0 I I #
coedge $-1 -1 $-1 $713 $712 $843 $854 forward $714 $-1 #
edge $855 -1 $-1 $716 -0.4110721672932733939 $856 -0 $713 $857 forward @7 unknown #
point $-1 -1 $-1 0.3000000000000001554 -6.299999999999998934 0.5 #
point $-1 -1 $-1 0.6975978516294412124 -6.663182270856610856 0.5 #
edge $858 -1 $-1 $851 0 $792 2.023259072960119642 $721 $859 forward @7 unknown #
color-adesk-attrib $-1 -1 $-1 $-1 $722 256 #
vertex $-1 -1 $-1 $722 $860 #
straight-curve $-1 -1 $-1 0.6820308511963003584 -6.148234537995564963 -0.5 -0.9293522685123702942 -0.3691942050072176684 0 F 0 F 0.4110721672932733939 #
color-adesk-attrib $-1 -1 $-1 $-1 $725 256 #
ellipse-curve $-1 -1 $-1 0.6632019467409321356 -6.700837572301434619 0.5 0 0 1 0.03439590488850902128 0.03765530144482512331 0 1 I I #
coedge $-1 -1 $-1 $740 $836 $732 $797 reversed $701 $-1 #
edge $861 -1 $-1 $746 -2.023259072960119642 $799 -0 $796 $862 forward @7 unknown #
color-adesk-attrib $-1 -1 $-1 $-1 $733 256 #
vertex $-1 -1 $-1 $837 $863 #
straight-curve $-1 -1 $-1 0.3000000000000010436 9.299999999999998934 0.5 -0.738339244016177787 0.6744295076178229431 0 I I #
color-adesk-attrib $-1 -1 $-1 $-1 $734 256 #
plane-surface $-1 -1 $-1 0.4333380167553688711 8.977403276248361763 0.5 0 0 1 1 0 0 forward_v I I I I #
edge $864 -1 $-1 $805 0 $743 2.023259072960119642 $736 $865 forward @7 unknown #
color-adesk-attrib $-1 -1 $-1 $-1 $737 256 #
vertex $-1 -1 $-1 $737 $866 #
straight-curve $-1 -1 $-1 0.3000000000000010436 9.299999999999998934 -0.5 0.738339244016177787 -0.6744295076178229431 0 F 0 F 0.5385029373038842104 #
color-adesk-attrib $-1 -1 $-1 $-1 $738 256 #
plane-surface $-1 -1 $-1 0.4333380167553688711 8.977403276248361763 -0.5 0 0 1 1 0 0 forward_v I I I I #
color-adesk-attrib $-1 -1 $-1 $-1 $741 256 #
straight-curve $-1 -1 $-1 0.6820308511963012466 8.85176546200443326 -0.5 0 0 1 I I #
point $-1 -1 $-1 0.6820308511963012466 8.85176546200443326 -0.5 #
point $-1 -1 $-1 0.6820308511963012466 8.85176546200443326 0.5 #
coedge $-1 -1 $-1 $867 $750 $868 $869 forward $81 $-1 #
coedge $-1 -1 $-1 $870 $871 $750 $815 reversed $872 $-1 #
edge $873 -1 $-1 $820 0 $874 0.5385029373038842104 $750 $875 forward @7 unknown #
coedge $-1 -1 $-1 $876 $751 $754 $823 forward $818 $-1 #
coedge $-1 -1 $-1 $751 $876 $870 $877 forward $818 $-1 #
loop $-1 -1 $-1 $-1 $751 $878 #
color-adesk-attrib $-1 -1 $-1 $-1 $752 256 #
vertex $-1 -1 $-1 $815 $879 #
straight-curve $-1 -1 $-1 0.6820308511963011355 6.451765462004434681 -0.5 -0.9293522685123702942 -0.3691942050072176684 0 F 0 F 0.4110721672932733939 #
coedge $-1 -1 $-1 $754 $753 $880 $881 reversed $755 $-1 #
edge $882 -1 $-1 $757 0 $883 1 $816 $884 forward @7 tangent #
face $885 -1 $-1 $878 $755 $7 $-1 $886 forward single #
point $-1 -1 $-1 0.6820308511963011355 6.451765462004434681 -0.5 #
coedge $-1 -1 $-1 $763 $880 $759 $827 forward $193 $-1 #
edge $887 -1 $-1 $829 -0.5385029373038842104 $766 -0 $759 $888 forward @7 unknown #
color-adesk-attrib $-1 -1 $-1 $-1 $760 256 #
vertex $-1 -1 $-1 $760 $889 #
straight-curve $-1 -1 $-1 0.6975978516294419896 6.53681772914339021 -0.5 0 0 1 I I #
color-adesk-attrib $-1 -1 $-1 $-1 $761 256 #
plane-surface $-1 -1 $-1 0.6975978516294419896 6.53681772914339021 -0.5 0.6744295076178229431 0.738339244016177787 0 -0.738339244016177787 0.6744295076178229431 0 forward_v I I I I #
color-adesk-attrib $-1 -1 $-1 $-1 $764 256 #
straight-curve $-1 -1 $-1 0.6820308511963011355 7.051765462004434326 0.5 0.9293522685123702942 0.3691942050072176684 0 I I #
point $-1 -1 $-1 0.3000000000000009326 6.900000000000000355 0.5 #
coedge $-1 -1 $-1 $796 $773 $774 $837 forward $701 $-1 #
edge $890 -1 $-1 $805 0 $799 1 $836 $891 forward @7 tangent #
color-adesk-attrib $-1 -1 $-1 $-1 $776 256 #
face $892 -1 $-1 $893 $894 $7 $-1 $895 forward single #
loop $-1 -1 $-1 $-1 $896 $776 #
plane-surface $-1 -1 $-1 0.6975978516294412124 -5.46318227085660979 -0.5 0.6744295076178229431 0.738339244016177787 0 -0.738339244016177787 0.6744295076178229431 0 forward_v I I I I #
coedge $-1 -1 $-1 $897 $778 $780 $847 forward $706 $-1 #
coedge $-1 -1 $-1 $778 $897 $786 $854 reversed $706 $-1 #
coedge $-1 -1 $-1 $780 $779 $898 $899 reversed $638 $-1 #
coedge $-1 -1 $-1 $900 $901 $779 $846 forward $902 $-1 #
edge $903 -1 $-1 $904 -0.75 $850 0.25 $845 $905 forward @7 unknown #
edge $906 -1 $-1 $851 0 $907 1 $842 $908 forward @7 tangent #
coedge $-1 -1 $-1 $781 $909 $900 $910 forward $81 $-1 #
color-adesk-attrib $-1 -1 $-1 $-1 $782 256 #
vertex $-1 -1 $-1 $782 $911 #
vertex $-1 -1 $-1 $782 $912 #
straight-curve $-1 -1 $-1 0.3000000000000000999 -5.699999999999999289 -0.5 0.738339244016177787 -0.6744295076178229431 0 F 0 F 0.5385029373038842104 #
coedge $-1 -1 $-1 $898 $783 $897 $913 forward $193 $-1 #
edge $914 -1 $-1 $792 0 $856 1 $786 $915 forward @7 tangent #
color-adesk-attrib $-1 -1 $-1 $-1 $787 256 #
vertex $-1 -1 $-1 $854 $916 #
straight-curve $-1 -1 $-1 0.6820308511963003584 -6.148234537995564963 0.5 0.9293522685123702942 0.3691942050072176684 0 I I #
color-adesk-attrib $-1 -1 $-1 $-1 $790 256 #
ellipse-curve $-1 -1 $-1 0.6632019467409321356 -6.100837572301433198 -0.5 0 0 -1 0.03439590488850902128 0.03765530144482512331 0 1 F 0 F 2.023259072960119642 #
point $-1 -1 $-1 0.6820308511963003584 -6.148234537995564963 -0.5 #
color-adesk-attrib $-1 -1 $-1 $-1 $797 256 #
ellipse-curve $-1 -1 $-1 0.6632019467409331348 8.899162427698565025 0.5 0 0 1 0.03439590488850902128 0.03765530144482512331 0 1 I I #
point $-1 -1 $-1 0.6975978516294421006 8.936817729143388789 0.5 #
color-adesk-attrib $-1 -1 $-1 $-1 $803 256 #
ellipse-curve $-1 -1 $-1 0.6632019467409331348 8.899162427698565025 -0.5 0 0 -1 0.03439590488850902128 0.03765530144482512331 0 1 F 0 F 2.023259072960119642 #
point $-1 -1 $-1 0.6975978516294421006 8.936817729143388789 -0.5 #
coedge $-1 -1 $-1 $917 $813 $918 $919 forward $81 $-1 #
coedge $-1 -1 $-1 $920 $921 $813 $869 reversed $922 $-1 #
edge $923 -1 $-1 $874 0 $924 2.023259072960119642 $813 $925 forward @7 unknown #
coedge $-1 -1 $-1 $926 $814 $817 $877 reversed $872 $-1 #
coedge $-1 -1 $-1 $814 $926 $920 $927 reversed $872 $-1 #
loop $-1 -1 $-1 $-1 $814 $928 #
color-adesk-attrib $-1 -1 $-1 $-1 $815 256 #
vertex $-1 -1 $-1 $815 $929 #
straight-curve $-1 -1 $-1 0.3000000000000008216 6.299999999999998934 -0.5 0.738339244016177787 -0.6744295076178229431 0 F 0 F 0.5385029373038842104 #
coedge $-1 -1 $-1 $817 $816 $930 $931 reversed $818 $-1 #
edge $932 -1 $-1 $933 -0.75 $820 0.25 $817 $934 forward @7 unknown #
face $935 -1 $-1 $556 $818 $7 $-1 $936 forward single #
point $-1 -1 $-1 0.3000000000000009326 6.300000000000000711 -0.5 #
coedge $-1 -1 $-1 $826 $930 $822 $881 forward $193 $-1 #
edge $937 -1 $-1 $883 -2.023259072960119642 $829 -0 $822 $938 forward @7 unknown #
color-adesk-attrib $-1 -1 $-1 $-1 $823 256 #
vertex $-1 -1 $-1 $823 $939 #
straight-curve $-1 -1 $-1 0.6820308511963011355 6.451765462004434681 -0.5 0 0 1 I I #
color-adesk-attrib $-1 -1 $-1 $-1 $824 256 #
cone-surface $-1 -1 $-1 0.6632019467409329128 6.499162427698565558 -0.5 0 0 1 0.03439590488850902128 0.03765530144482512331 0 1 I I 0 1 0.05100000000000007999 forward I I I I #
color-adesk-attrib $-1 -1 $-1 $-1 $827 256 #
straight-curve $-1 -1 $-1 0.3000000000000008771 6.900000000000000355 0.5 -0.738339244016177787 0.6744295076178229431 0 I I #
point $-1 -1 $-1 0.6975978516294419896 6.53681772914339021 0.5 #
color-adesk-attrib $-1 -1 $-1 $-1 $837 256 #
straight-curve $-1 -1 $-1 0.6975978516294421006 8.936817729143388789 -0.5 0 0 1 I I #
color-adesk-attrib $-1 -1 $-1 $-1 $839 256 #
face $940 -1 $-1 $941 $902 $7 $-1 $942 forward single #
loop $-1 -1 $-1 $-1 $943 $839 #
cone-surface $-1 -1 $-1 0.6632019467409322466 -5.500837572301433553 -0.5 0 0 1 0.03439590488850902128 0.03765530144482512331 0 1 I I 0 1 0.05100000000000007999 forward I I I I #
coedge $-1 -1 $-1 $944 $945 $946 $947 reversed $840 $-1 #
coedge $-1 -1 $-1 $843 $842 $853 $913 reversed $706 $-1 #
coedge $-1 -1 $-1 $948 $853 $844 $899 forward $193 $-1 #
edge $949 -1 $-1 $907 -0.5385029373038842104 $904 -0 $844 $950 forward @7 unknown #
coedge $-1 -1 $-1 $951 $845 $848 $910 reversed $902 $-1 #
coedge $-1 -1 $-1 $845 $951 $948 $952 reversed $902 $-1 #
loop $-1 -1 $-1 $-1 $900 $893 #
color-adesk-attrib $-1 -1 $-1 $-1 $846 256 #
vertex $-1 -1 $-1 $952 $953 #
straight-curve $-1 -1 $-1 0.2999999999999999334 -5.699999999999999289 -0.25 0 0 -1 I I #
color-adesk-attrib $-1 -1 $-1 $-1 $847 256 #
vertex $-1 -1 $-1 $847 $954 #
straight-curve $-1 -1 $-1 0.6975978516294412124 -6.063182270856609435 -0.5 0 0 1 I I #
coedge $-1 -1 $-1 $848 $946 $943 $955 forward $81 $-1 #
edge $956 -1 $-1 $957 0 $850 0.4110721672932733939 $848 $958 forward @7 unknown #
point $-1 -1 $-1 0.3000000000000001554 -5.699999999999999289 -0.5 #
point $-1 -1 $-1 0.6975978516294412124 -6.063182270856609435 -0.5 #
edge $959 -1 $-1 $856 -2.023259072960119642 $907 -0 $897 $960 forward @7 unknown #
color-adesk-attrib $-1 -1 $-1 $-1 $854 256 #
straight-curve $-1 -1 $-1 0.6820308511963003584 -6.148234537995564963 -0.5 0 0 1 I I #
point $-1 -1 $-1 0.6820308511963003584 -6.148234537995564963 0.5 #
coedge $-1 -1 $-1 $961 $867 $962 $963 forward $81 $-1 #
coedge $-1 -1 $-1 $964 $965 $867 $919 reversed $966 $-1 #
edge $967 -1 $-1 $924 0 $968 0.4110721672932733939 $867 $969 forward @7 unknown #
coedge $-1 -1 $-1 $970 $868 $871 $927 forward $922 $-1 #
coedge $-1 -1 $-1 $868 $970 $964 $971 reversed $922 $-1 #
loop $-1 -1 $-1 $-1 $868 $972 #
color-adesk-attrib $-1 -1 $-1 $-1 $869 256 #
vertex $-1 -1 $-1 $919 $973 #
ellipse-curve $-1 -1 $-1 0.6632019467409329128 5.899162427698564137 -0.5 0 0 -1 0.03439590488850902128 0.03765530144482512331 0 1 F 0 F 2.023259072960119642 #
coedge $-1 -1 $-1 $871 $870 $974 $975 reversed $872 $-1 #
edge $976 -1 $-1 $874 0 $977 1 $920 $978 forward @7 tangent #
face $979 -1 $-1 $972 $872 $7 $-1 $980 forward single #
point $-1 -1 $-1 0.6975978516294418785 5.936817729143388789 -0.5 #
coedge $-1 -1 $-1 $880 $974 $876 $931 forward $193 $-1 #
edge $981 -1 $-1 $933 -0.4110721672932733939 $883 -0 $876 $982 forward @7 unknown #
color-adesk-attrib $-1 -1 $-1 $-1 $877 256 #
vertex $-1 -1 $-1 $931 $983 #
straight-curve $-1 -1 $-1 0.3000000000000000444 6.299999999999999822 -0.25 0 0 -1 I I #
color-adesk-attrib $-1 -1 $-1 $-1 $878 256 #
plane-surface $-1 -1 $-1 0.3000000000000009326 6.300000000000000711 -0.5 0.3691942050072176684 -0.9293522685123701832 0 0.9293522685123700722 0.3691942050072176129 0 forward_v I I I I #
color-adesk-attrib $-1 -1 $-1 $-1 $881 256 #
ellipse-curve $-1 -1 $-1 0.6632019467409329128 6.499162427698565558 0.5 0 0 1 0.03439590488850902128 0.03765530144482512331 0 1 I I #
point $-1 -1 $-1 0.6820308511963011355 6.451765462004434681 0.5 #
color-adesk-attrib $-1 -1 $-1 $-1 $893 256 #
face $984 -1 $-1 $985 $986 $7 $-1 $987 forward single #
plane-surface $-1 -1 $-1 0.3000000000000001554 -5.699999999999999289 -0.5 0.3691942050072176684 -0.9293522685123701832 0 0.9293522685123700722 0.3691942050072176129 0 forward_v I I I I #
coedge $-1 -1 $-1 $988 $989 $909 $955 reversed $894 $-1 #
coedge $-1 -1 $-1 $990 $896 $991 $992 reversed $840 $-1 #
coedge $-1 -1 $-1 $896 $990 $988 $993 reversed $840 $-1 #
coedge $-1 -1 $-1 $909 $994 $896 $947 forward $81 $-1 #
edge $995 -1 $-1 $996 0 $997 0.5385029373038842104 $946 $998 forward @7 unknown #
coedge $-1 -1 $-1 $999 $898 $901 $952 forward $193 $-1 #
color-adesk-attrib $-1 -1 $-1 $-1 $899 256 #
straight-curve $-1 -1 $-1 0.3000000000000000999 -5.699999999999999289 0.5 -0.738339244016177787 0.6744295076178229431 0 I I #
coedge $-1 -1 $-1 $901 $900 $989 $1000 forward $902 $-1 #
edge $1001 -1 $-1 $904 -0.4110721672932733939 $1002 -0 $901 $1003 forward @7 unknown #
point $-1 -1 $-1 0.3000000000000001554 -5.699999999999999289 0.5 #
point $-1 -1 $-1 0.6975978516294412124 -6.063182270856609435 0.5 #
edge $1004 -1 $-1 $997 0 $957 2.023259072960119642 $909 $1005 forward @7 unknown #
color-adesk-attrib $-1 -1 $-1 $-1 $910 256 #
vertex $-1 -1 $-1 $910 $1006 #
straight-curve $-1 -1 $-1 0.6820308511963003584 -5.548234537995565319 -0.5 -0.9293522685123702942 -0.3691942050072176684 0 F 0 F 0.4110721672932733939 #
color-adesk-attrib $-1 -1 $-1 $-1 $913 256 #
ellipse-curve $-1 -1 $-1 0.6632019467409321356 -6.100837572301433198 0.5 0 0 1 0.03439590488850902128 0.03765530144482512331 0 1 I I #
coedge $-1 -1 $-1 $1007 $917 $1008 $1009 forward $81 $-1 #
coedge $-1 -1 $-1 $1010 $1011 $917 $963 reversed $1012 $-1 #
edge $1013 -1 $-1 $968 0 $1014 0.5385029373038842104 $917 $1015 forward @7 unknown #
coedge $-1 -1 $-1 $1016 $918 $921 $971 forward $966 $-1 #
coedge $-1 -1 $-1 $918 $1016 $1010 $1017 forward $966 $-1 #
loop $-1 -1 $-1 $-1 $918 $1018 #
color-adesk-attrib $-1 -1 $-1 $-1 $919 256 #
vertex $-1 -1 $-1 $963 $1019 #
straight-curve $-1 -1 $-1 0.6820308511963011355 5.85176546200443326 -0.5 -0.9293522685123702942 -0.3691942050072176684 0 F 0 F 0.4110721672932733939 #
coedge $-1 -1 $-1 $921 $920 $1020 $1021 reversed $922 $-1 #
edge $1022 -1 $-1 $924 0 $1023 1 $964 $1024 forward @7 tangent #
face $1025 -1 $-1 $1018 $922 $7 $-1 $1026 forward single #
point $-1 -1 $-1 0.6820308511963011355 5.85176546200443326 -0.5 #
coedge $-1 -1 $-1 $930 $1020 $926 $975 forward $193 $-1 #
edge $1027 -1 $-1 $977 -0.5385029373038842104 $933 -0 $926 $1028 forward @7 unknown #
color-adesk-attrib $-1 -1 $-1 $-1 $927 256 #
vertex $-1 -1 $-1 $927 $1029 #
straight-curve $-1 -1 $-1 0.6975978516294418785 5.936817729143388789 -0.5 0 0 1 I I #
color-adesk-attrib $-1 -1 $-1 $-1 $928 256 #
plane-surface $-1 -1 $-1 0.6975978516294418785 5.936817729143388789 -0.5 0.6744295076178229431 0.738339244016177787 0 -0.738339244016177787 0.6744295076178229431 0 forward_v I I I I #
color-adesk-attrib $-1 -1 $-1 $-1 $931 256 #
straight-curve $-1 -1 $-1 0.6820308511963011355 6.451765462004434681 0.5 0.9293522685123702942 0.3691942050072176684 0 I I #
point $-1 -1 $-1 0.3000000000000009326 6.300000000000000711 0.5 #
color-adesk-attrib $-1 -1 $-1 $-1 $941 256 #
face $1030 -1 $-1 $1031 $1032 $7 $-1 $1033 forward single #
loop $-1 -1 $-1 $-1 $1034 $941 #
plane-surface $-1 -1 $-1 0.6975978516294412124 -4.863182270856610145 -0.5 0.6744295076178229431 0.738339244016177787 0 -0.738339244016177787 0.6744295076178229431 0 forward_v I I I I #
coedge $-1 -1 $-1 $1035 $943 $945 $993 forward $894 $-1 #
coedge $-1 -1 $-1 $943 $1035 $951 $1000 reversed $894 $-1 #
coedge $-1 -1 $-1 $945 $944 $1036 $1037 reversed $840 $-1 #
coedge $-1 -1 $-1 $1038 $1039 $944 $992 forward $1040 $-1 #
edge $1041 -1 $-1 $1042 -0.75 $996 0.25 $991 $1043 forward @7 unknown #
edge $1044 -1 $-1 $997 0 $1045 1 $988 $1046 forward @7 tangent #
coedge $-1 -1 $-1 $946 $1047 $1038 $1048 forward $81 $-1 #
color-adesk-attrib $-1 -1 $-1 $-1 $947 256 #
vertex $-1 -1 $-1 $947 $1049 #
vertex $-1 -1 $-1 $947 $1050 #
straight-curve $-1 -1 $-1 0.3000000000000001554 -5.099999999999999645 -0.5 0.738339244016177787 -0.6744295076178229431 0 F 0 F 0.5385029373038842104 #
coedge $-1 -1 $-1 $1036 $948 $1035 $1051 forward $193 $-1 #
edge $1052 -1 $-1 $957 0 $1002 1 $951 $1053 forward @7 tangent #
color-adesk-attrib $-1 -1 $-1 $-1 $952 256 #
vertex $-1 -1 $-1 $1000 $1054 #
straight-curve $-1 -1 $-1 0.6820308511963003584 -5.548234537995565319 0.5 0.9293522685123702942 0.3691942050072176684 0 I I #
color-adesk-attrib $-1 -1 $-1 $-1 $955 256 #
ellipse-curve $-1 -1 $-1 0.6632019467409322466 -5.500837572301433553 -0.5 0 0 -1 0.03439590488850902128 0.03765530144482512331 0 1 F 0 F 2.023259072960119642 #
point $-1 -1 $-1 0.6820308511963003584 -5.548234537995565319 -0.5 #
coedge $-1 -1 $-1 $1055 $961 $1056 $1057 forward $81 $-1 #
coedge $-1 -1 $-1 $1058 $1059 $961 $1009 reversed $1060 $-1 #
edge $1061 -1 $-1 $1014 0 $1062 2.023259072960119642 $961 $1063 forward @7 unknown #
coedge $-1 -1 $-1 $1064 $962 $965 $1017 reversed $1012 $-1 #
coedge $-1 -1 $-1 $962 $1064 $1058 $1065 reversed $1012 $-1 #
loop $-1 -1 $-1 $-1 $962 $1066 #
color-adesk-attrib $-1 -1 $-1 $-1 $963 256 #
vertex $-1 -1 $-1 $963 $1067 #
straight-curve $-1 -1 $-1 0.3000000000000008216 5.699999999999999289 -0.5 0.738339244016177787 -0.6744295076178229431 0 F 0 F 0.5385029373038842104 #
coedge $-1 -1 $-1 $965 $964 $1068 $1069 reversed $966 $-1 #
edge $1070 -1 $-1 $1071 -0.75 $968 0.25 $965 $1072 forward @7 unknown #
face $1073 -1 $-1 $761 $966 $7 $-1 $1074 forward single #
point $-1 -1 $-1 0.3000000000000008771 5.699999999999999289 -0.5 #
coedge $-1 -1 $-1 $974 $1068 $970 $1021 forward $193 $-1 #
edge $1075 -1 $-1 $1023 -2.023259072960119642 $977 -0 $970 $1076 forward @7 unknown #
color-adesk-attrib $-1 -1 $-1 $-1 $971 256 #
vertex $-1 -1 $-1 $971 $1077 #
straight-curve $-1 -1 $-1 0.6820308511963011355 5.85176546200443326 -0.5 0 0 1 I I #
color-adesk-attrib $-1 -1 $-1 $-1 $972 256 #
cone-surface $-1 -1 $-1 0.6632019467409329128 5.899162427698564137 -0.5 0 0 1 0.03439590488850902128 0.03765530144482512331 0 1 I I 0 1 0.05100000000000007999 forward I I I I #
color-adesk-attrib $-1 -1 $-1 $-1 $975 256 #
straight-curve $-1 -1 $-1 0.3000000000000008216 6.299999999999998934 0.5 -0.738339244016177787 0.6744295076178229431 0 I I #
point $-1 -1 $-1 0.6975978516294418785 5.936817729143388789 0.5 #
color-adesk-attrib $-1 -1 $-1 $-1 $985 256 #
face $1078 -1 $-1 $1079 $1040 $7 $-1 $1080 forward single #
loop $-1 -1 $-1 $-1 $1081 $985 #
cone-surface $-1 -1 $-1 0.6632019467409322466 -4.900837572301433909 -0.5 0 0 1 0.03439590488850902128 0.03765530144482512331 0 1 I I 0 1 0.05100000000000007999 forward I I I I #
coedge $-1 -1 $-1 $1082 $1083 $1084 $1085 reversed $986 $-1 #
coedge $-1 -1 $-1 $989 $988 $999 $1051 reversed $894 $-1 #
coedge $-1 -1 $-1 $1086 $999 $990 $1037 forward $193 $-1 #
edge $1087 -1 $-1 $1045 -0.5385029373038842104 $1042 -0 $990 $1088 forward @7 unknown #
coedge $-1 -1 $-1 $1089 $991 $994 $1048 reversed $1040 $-1 #
coedge $-1 -1 $-1 $991 $1089 $1086 $1090 reversed $1040 $-1 #
loop $-1 -1 $-1 $-1 $1038 $1031 #
color-adesk-attrib $-1 -1 $-1 $-1 $992 256 #
vertex $-1 -1 $-1 $1090 $1091 #
straight-curve $-1 -1 $-1 0.2999999999999999334 -5.099999999999999645 -0.25 0 0 -1 I I #
color-adesk-attrib $-1 -1 $-1 $-1 $993 256 #
vertex $-1 -1 $-1 $993 $1092 #
straight-curve $-1 -1 $-1 0.6975978516294412124 -5.46318227085660979 -0.5 0 0 1 I I #
coedge $-1 -1 $-1 $994 $1084 $1081 $1093 forward $81 $-1 #
edge $1094 -1 $-1 $1095 0 $996 0.4110721672932733939 $994 $1096 forward @7 unknown #
point $-1 -1 $-1 0.3000000000000002109 -5.099999999999999645 -0.5 #
point $-1 -1 $-1 0.6975978516294412124 -5.46318227085660979 -0.5 #
edge $1097 -1 $-1 $1002 -2.023259072960119642 $1045 -0 $1035 $1098 forward @7 unknown #
color-adesk-attrib $-1 -1 $-1 $-1 $1000 256 #
straight-curve $-1 -1 $-1 0.6820308511963003584 -5.548234537995565319 -0.5 0 0 1 I I #
point $-1 -1 $-1 0.6820308511963003584 -5.548234537995565319 0.5 #
coedge $-1 -1 $-1 $1099 $1007 $1100 $1101 forward $81 $-1 #
coedge $-1 -1 $-1 $1102 $1103 $1007 $1057 reversed $1104 $-1 #
edge $1105 -1 $-1 $1062 0 $1106 0.4110721672932733939 $1007 $1107 forward @7 unknown #
coedge $-1 -1 $-1 $1108 $1008 $1011 $1065 forward $1060 $-1 #
coedge $-1 -1 $-1 $1008 $1108 $1102 $1109 reversed $1060 $-1 #
loop $-1 -1 $-1 $-1 $1008 $1110 #
color-adesk-attrib $-1 -1 $-1 $-1 $1009 256 #
vertex $-1 -1 $-1 $1057 $1111 #
ellipse-curve $-1 -1 $-1 0.6632019467409329128 5.299162427698564493 -0.5 0 0 -1 0.03439590488850902128 0.03765530144482512331 0 1 F 0 F 2.023259072960119642 #
coedge $-1 -1 $-1 $1011 $1010 $1112 $1113 reversed $1012 $-1 #
edge $1114 -1 $-1 $1014 0 $1115 1 $1058 $1116 forward @7 tangent #
face $1117 -1 $-1 $1110 $1012 $7 $-1 $1118 forward single #
point $-1 -1 $-1 0.6975978516294418785 5.336817729143389144 -0.5 #
coedge $-1 -1 $-1 $1020 $1112 $1016 $1069 forward $193 $-1 #
edge $1119 -1 $-1 $1071 -0.4110721672932733939 $1023 -0 $1016 $1120 forward @7 unknown #
color-adesk-attrib $-1 -1 $-1 $-1 $1017 256 #
vertex $-1 -1 $-1 $1069 $1121 #
straight-curve $-1 -1 $-1 0.3000000000000000444 5.699999999999999289 -0.25 0 0 -1 I I #
color-adesk-attrib $-1 -1 $-1 $-1 $1018 256 #
plane-surface $-1 -1 $-1 0.3000000000000008771 5.699999999999999289 -0.5 0.3691942050072176684 -0.9293522685123701832 0 0.9293522685123700722 0.3691942050072176129 0 forward_v I I I I #
color-adesk-attrib $-1 -1 $-1 $-1 $1021 256 #
ellipse-curve $-1 -1 $-1 0.6632019467409329128 5.899162427698564137 0.5 0 0 1 0.03439590488850902128 0.03765530144482512331 0 1 I I #
point $-1 -1 $-1 0.6820308511963011355 5.85176546200443326 0.5 #
color-adesk-attrib $-1 -1 $-1 $-1 $1031 256 #
face $1122 -1 $-1 $1123 $1124 $7 $-1 $1125 forward single #
plane-surface $-1 -1 $-1 0.3000000000000002109 -5.099999999999999645 -0.5 0.3691942050072176684 -0.9293522685123701832 0 0.9293522685123700722 0.3691942050072176129 0 forward_v I I I I #
coedge $-1 -1 $-1 $1126 $1127 $1047 $1093 reversed $1032 $-1 #
coedge $-1 -1 $-1 $1128 $1034 $1129 $1130 reversed $986 $-1 #
coedge $-1 -1 $-1 $1034 $1128 $1126 $1131 reversed $986 $-1 #
coedge $-1 -1 $-1 $1047 $1132 $1034 $1085 forward $81 $-1 #
edge $1133 -1 $-1 $1134 0 $1135 0.5385029373038842104 $1084 $1136 forward @7 unknown #
coedge $-1 -1 $-1 $1137 $1036 $1039 $1090 forward $193 $-1 #
color-adesk-attrib $-1 -1 $-1 $-1 $1037 256 #
straight-curve $-1 -1 $-1 0.3000000000000001554 -5.099999999999999645 0.5 -0.738339244016177787 0.6744295076178229431 0 I I #
coedge $-1 -1 $-1 $1039 $1038 $1127 $1138 forward $1040 $-1 #
edge $1139 -1 $-1 $1042 -0.4110721672932733939 $1140 -0 $1039 $1141 forward @7 unknown #
point $-1 -1 $-1 0.3000000000000002109 -5.099999999999999645 0.5 #
point $-1 -1 $-1 0.6975978516294412124 -5.46318227085660979 0.5 #
edge $1142 -1 $-1 $1135 0 $1095 2.023259072960119642 $1047 $1143 forward @7 unknown #
color-adesk-attrib $-1 -1 $-1 $-1 $1048 256 #
vertex $-1 -1 $-1 $1048 $1144 #
straight-curve $-1 -1 $-1 0.6820308511963004694 -4.948234537995565674 -0.5 -0.9293522685123702942 -0.3691942050072176684 0 F 0 F 0.4110721672932733939 #
color-adesk-attrib $-1 -1 $-1 $-1 $1051 256 #
ellipse-curve $-1 -1 $-1 0.6632019467409322466 -5.500837572301433553 0.5 0 0 1 0.03439590488850902128 0.03765530144482512331 0 1 I I #
coedge $-1 -1 $-1 $1145 $1055 $1146 $1147 forward $81 $-1 #
coedge $-1 -1 $-1 $1148 $1149 $1055 $1101 reversed $1150 $-1 #
edge $1151 -1 $-1 $1106 0 $1152 0.5385029373038842104 $1055 $1153 forward @7 unknown #
coedge $-1 -1 $-1 $1154 $1056 $1059 $1109 forward $1104 $-1 #
coedge $-1 -1 $-1 $1056 $1154 $1148 $1155 forward $1104 $-1 #
loop $-1 -1 $-1 $-1 $1056 $1156 #
color-adesk-attrib $-1 -1 $-1 $-1 $1057 256 #
vertex $-1 -1 $-1 $1101 $1157 #
straight-curve $-1 -1 $-1 0.6820308511963010245 5.251765462004433616 -0.5 -0.9293522685123702942 -0.3691942050072176684 0 F 0 F 0.4110721672932733939 #
coedge $-1 -1 $-1 $1059 $1058 $1158 $1159 reversed $1060 $-1 #
edge $1160 -1 $-1 $1062 0 $1161 1 $1102 $1162 forward @7 tangent #
face $1163 -1 $-1 $1156 $1060 $7 $-1 $1164 forward single #
point $-1 -1 $-1 0.6820308511963010245 5.251765462004433616 -0.5 #
coedge $-1 -1 $-1 $1068 $1158 $1064 $1113 forward $193 $-1 #
edge $1165 -1 $-1 $1115 -0.5385029373038842104 $1071 -0 $1064 $1166 forward @7 unknown #
color-adesk-attrib $-1 -1 $-1 $-1 $1065 256 #
vertex $-1 -1 $-1 $1065 $1167 #
straight-curve $-1 -1 $-1 0.6975978516294418785 5.336817729143389144 -0.5 0 0 1 I I #
color-adesk-attrib $-1 -1 $-1 $-1 $1066 256 #
plane-surface $-1 -1 $-1 0.6975978516294418785 5.336817729143389144 -0.5 0.6744295076178229431 0.738339244016177787 0 -0.738339244016177787 0.6744295076178229431 0 forward_v I I I I #
color-adesk-attrib $-1 -1 $-1 $-1 $1069 256 #
straight-curve $-1 -1 $-1 0.6820308511963011355 5.85176546200443326 0.5 0.9293522685123702942 0.3691942050072176684 0 I I #
point $-1 -1 $-1 0.3000000000000008771 5.699999999999999289 0.5 #
color-adesk-attrib $-1 -1 $-1 $-1 $1079 256 #
face $1168 -1 $-1 $1169 $1170 $7 $-1 $1171 forward single #
loop $-1 -1 $-1 $-1 $1172 $1079 #
plane-surface $-1 -1 $-1 0.6975978516294413234 -4.263182270856610501 -0.5 0.6744295076178229431 0.738339244016177787 0 -0.738339244016177787 0.6744295076178229431 0 forward_v I I I I #
coedge $-1 -1 $-1 $1173 $1081 $1083 $1131 forward $1032 $-1 #
coedge $-1 -1 $-1 $1081 $1173 $1089 $1138 reversed $1032 $-1 #
coedge $-1 -1 $-1 $1083 $1082 $1174 $1175 reversed $986 $-1 #
coedge $-1 -1 $-1 $1176 $1177 $1082 $1130 forward $1178 $-1 #
edge $1179 -1 $-1 $1180 -0.75 $1134 0.25 $1129 $1181 forward @7 unknown #
edge $1182 -1 $-1 $1135 0 $1183 1 $1126 $1184 forward @7 tangent #
coedge $-1 -1 $-1 $1084 $1185 $1176 $1186 forward $81 $-1 #
color-adesk-attrib $-1 -1 $-1 $-1 $1085 256 #
vertex $-1 -1 $-1 $1085 $1187 #
vertex $-1 -1 $-1 $1085 $1188 #
straight-curve $-1 -1 $-1 0.3000000000000001554 -4.5 -0.5 0.738339244016177787 -0.6744295076178229431 0 F 0 F 0.5385029373038842104 #
coedge $-1 -1 $-1 $1174 $1086 $1173 $1189 forward $193 $-1 #
edge $1190 -1 $-1 $1095 0 $1140 1 $1089 $1191 forward @7 tangent #
color-adesk-attrib $-1 -1 $-1 $-1 $1090 256 #
vertex $-1 -1 $-1 $1138 $1192 #
straight-curve $-1 -1 $-1 0.6820308511963004694 -4.948234537995565674 0.5 0.9293522685123702942 0.3691942050072176684 0 I I #
color-adesk-attrib $-1 -1 $-1 $-1 $1093 256 #
ellipse-curve $-1 -1 $-1 0.6632019467409322466 -4.900837572301433909 -0.5 0 0 -1 0.03439590488850902128 0.03765530144482512331 0 1 F 0 F 2.023259072960119642 #
point $-1 -1 $-1 0.6820308511963004694 -4.948234537995565674 -0.5 #
coedge $-1 -1 $-1 $1193 $1099 $1194 $1195 forward $81 $-1 #
coedge $-1 -1 $-1 $1196 $1197 $1099 $1147 reversed $1198 $-1 #
edge $1199 -1 $-1 $1152 0 $1200 2.023259072960119642 $1099 $1201 forward @7 unknown #
coedge $-1 -1 $-1 $1202 $1100 $1103 $1155 reversed $1150 $-1 #
coedge $-1 -1 $-1 $1100 $1202 $1196 $1203 reversed $1150 $-1 #
loop $-1 -1 $-1 $-1 $1100 $1204 #
color-adesk-attrib $-1 -1 $-1 $-1 $1101 256 #
vertex $-1 -1 $-1 $1101 $1205 #
straight-curve $-1 -1 $-1 0.3000000000000007661 5.099999999999999645 -0.5 0.738339244016177787 -0.6744295076178229431 0 F 0 F 0.5385029373038842104 #
coedge $-1 -1 $-1 $1103 $1102 $1206 $1207 reversed $1104 $-1 #
edge $1208 -1 $-1 $1209 -0.75 $1106 0.25 $1103 $1210 forward @7 unknown #
face $1211 -1 $-1 $928 $1104 $7 $-1 $1212 forward single #
point $-1 -1 $-1 0.3000000000000008216 5.099999999999999645 -0.5 #
coedge $-1 -1 $-1 $1112 $1206 $1108 $1159 forward $193 $-1 #
edge $1213 -1 $-1 $1161 -2.023259072960119642 $1115 -0 $1108 $1214 forward @7 unknown #
color-adesk-attrib $-1 -1 $-1 $-1 $1109 256 #
vertex $-1 -1 $-1 $1109 $1215 #
straight-curve $-1 -1 $-1 0.6820308511963010245 5.251765462004433616 -0.5 0 0 1 I I #
color-adesk-attrib $-1 -1 $-1 $-1 $1110 256 #
cone-surface $-1 -1 $-1 0.6632019467409329128 5.299162427698564493 -0.5 0 0 1 0.03439590488850902128 0.03765530144482512331 0 1 I I 0 1 0.05100000000000007999 forward I I I I #
color-adesk-attrib $-1 -1 $-1 $-1 $1113 256 #
straight-curve $-1 -1 $-1 0.3000000000000008216 5.699999999999999289 0.5 -0.738339244016177787 0.6744295076178229431 0 I I #
point $-1 -1 $-1 0.6975978516294418785 5.336817729143389144 0.5 #
color-adesk-attrib $-1 -1 $-1 $-1 $1123 256 #
face $1216 -1 $-1 $1217 $1178 $7 $-1 $1218 forward single #
loop $-1 -1 $-1 $-1 $1219 $1123 #
cone-surface $-1 -1 $-1 0.6632019467409322466 -4.300837572301434264 -0.5 0 0 1 0.03439590488850902128 0.03765530144482512331 0 1 I I 0 1 0.05100000000000007999 forward I I I I #
coedge $-1 -1 $-1 $1220 $1221 $1222 $1223 reversed $1124 $-1 #
coedge $-1 -1 $-1 $1127 $1126 $1137 $1189 reversed $1032 $-1 #
coedge $-1 -1 $-1 $1224 $1137 $1128 $1175 forward $193 $-1 #
edge $1225 -1 $-1 $1183 -0.5385029373038842104 $1180 -0 $1128 $1226 forward @7 unknown #
coedge $-1 -1 $-1 $1227 $1129 $1132 $1186 reversed $1178 $-1 #
coedge $-1 -1 $-1 $1129 $1227 $1224 $1228 reversed $1178 $-1 #
loop $-1 -1 $-1 $-1 $1176 $1169 #
color-adesk-attrib $-1 -1 $-1 $-1 $1130 256 #
vertex $-1 -1 $-1 $1228 $1229 #
straight-curve $-1 -1 $-1 0.2999999999999999334 -4.5 -0.25 0 0 -1 I I #
color-adesk-attrib $-1 -1 $-1 $-1 $1131 256 #
vertex $-1 -1 $-1 $1131 $1230 #
straight-curve $-1 -1 $-1 0.6975978516294412124 -4.863182270856610145 -0.5 0 0 1 I I #
coedge $-1 -1 $-1 $1132 $1222 $1219 $1231 forward $81 $-1 #
edge $1232 -1 $-1 $1233 0 $1134 0.4110721672932733939 $1132 $1234 forward @7 unknown #
point $-1 -1 $-1 0.3000000000000002665 -4.5 -0.5 #
point $-1 -1 $-1 0.6975978516294412124 -4.863182270856610145 -0.5 #
edge $1235 -1 $-1 $1140 -2.023259072960119642 $1183 -0 $1173 $1236 forward @7 unknown #
color-adesk-attrib $-1 -1 $-1 $-1 $1138 256 #
straight-curve $-1 -1 $-1 0.6820308511963004694 -4.948234537995565674 -0.5 0 0 1 I I #
point $-1 -1 $-1 0.6820308511963004694 -4.948234537995565674 0.5 #
coedge $-1 -1 $-1 $1237 $1145 $1238 $1239 forward $81 $-1 #
coedge $-1 -1 $-1 $1240 $1241 $1145 $1195 reversed $1242 $-1 #
edge $1243 -1 $-1 $1200 0 $1244 0.4110721672932733939 $1145 $1245 forward @7 unknown #
coedge $-1 -1 $-1 $1246 $1146 $1149 $1203 forward $1198 $-1 #
coedge $-1 -1 $-1 $1146 $1246 $1240 $1247 reversed $1198 $-1 #
loop $-1 -1 $-1 $-1 $1146 $1248 #
color-adesk-attrib $-1 -1 $-1 $-1 $1147 256 #
vertex $-1 -1 $-1 $1195 $1249 #
ellipse-curve $-1 -1 $-1 0.6632019467409328017 4.699162427698564848 -0.5 0 0 -1 0.03439590488850902128 0.03765530144482512331 0 1 F 0 F 2.023259072960119642 #
coedge $-1 -1 $-1 $1149 $1148 $1250 $1251 reversed $1150 $-1 #
edge $1252 -1 $-1 $1152 0 $1253 1 $1196 $1254 forward @7 tangent #
face $1255 -1 $-1 $1248 $1150 $7 $-1 $1256 forward single #
point $-1 -1 $-1 0.6975978516294418785 4.736817729143389499 -0.5 #
coedge $-1 -1 $-1 $1158 $1250 $1154 $1207 forward $193 $-1 #
edge $1257 -1 $-1 $1209 -0.4110721672932733939 $1161 -0 $1154 $1258 forward @7 unknown #
color-adesk-attrib $-1 -1 $-1 $-1 $1155 256 #
vertex $-1 -1 $-1 $1207 $1259 #
straight-curve $-1 -1 $-1 0.3000000000000000444 5.100000000000000533 -0.25 0 0 -1 I I #
color-adesk-attrib $-1 -1 $-1 $-1 $1156 256 #
plane-surface $-1 -1 $-1 0.3000000000000008216 5.099999999999999645 -0.5 0.3691942050072176684 -0.9293522685123701832 0 0.9293522685123700722 0.3691942050072176129 0 forward_v I I I I #
color-adesk-attrib $-1 -1 $-1 $-1 $1159 256 #
ellipse-curve $-1 -1 $-1 0.6632019467409329128 5.299162427698564493 0.5 0 0 1 0.03439590488850902128 0.03765530144482512331 0 1 I I #
point $-1 -1 $-1 0.6820308511963010245 5.251765462004433616 0.5 #
color-adesk-attrib $-1 -1 $-1 $-1 $1169 256 #
face $1260 -1 $-1 $1261 $1262 $7 $-1 $1263 forward single #
plane-surface $-1 -1 $-1 0.3000000000000002665 -4.5 -0.5 0.3691942050072176684 -0.9293522685123701832 0 0.9293522685123700722 0.3691942050072176129 0 forward_v I I I I #
coedge $-1 -1 $-1 $1264 $1265 $1185 $1231 reversed $1170 $-1 #
coedge $-1 -1 $-1 $1266 $1172 $1267 $1268 reversed $1124 $-1 #
coedge $-1 -1 $-1 $1172 $1266 $1264 $1269 reversed $1124 $-1 #
coedge $-1 -1 $-1 $1185 $1270 $1172 $1223 forward $81 $-1 #
edge $1271 -1 $-1 $1272 0 $1273 0.5385029373038842104 $1222 $1274 forward @7 unknown #
coedge $-1 -1 $-1 $1275 $1174 $1177 $1228 forward $193 $-1 #
color-adesk-attrib $-1 -1 $-1 $-1 $1175 256 #
straight-curve $-1 -1 $-1 0.3000000000000001554 -4.5 0.5 -0.738339244016177787 0.6744295076178229431 0 I I #
coedge $-1 -1 $-1 $1177 $1176 $1265 $1276 forward $1178 $-1 #
edge $1277 -1 $-1 $1180 -0.4110721672932733939 $1278 -0 $1177 $1279 forward @7 unknown #
point $-1 -1 $-1 0.3000000000000002665 -4.5 0.5 #
point $-1 -1 $-1 0.6975978516294412124 -4.863182270856610145 0.5 #
edge $1280 -1 $-1 $1273 0 $1233 2.023259072960119642 $1185 $1281 forward @7 unknown #
color-adesk-attrib $-1 -1 $-1 $-1 $1186 256 #
vertex $-1 -1 $-1 $1186 $1282 #
straight-curve $-1 -1 $-1 0.6820308511963004694 -4.348234537995566029 -0.5 -0.9293522685123702942 -0.3691942050072176684 0 F 0 F 0.4110721672932733939 #
color-adesk-attrib $-1 -1 $-1 $-1 $1189 256 #
ellipse-curve $-1 -1 $-1 0.6632019467409322466 -4.900837572301433909 0.5 0 0 1 0.03439590488850902128 0.03765530144482512331 0 1 I I #
coedge $-1 -1 $-1 $1283 $1193 $1284 $1285 forward $81 $-1 #
coedge $-1 -1 $-1 $1286 $1287 $1193 $1239 reversed $1288 $-1 #
edge $1289 -1 $-1 $1244 0 $1290 0.5385029373038842104 $1193 $1291 forward @7 unknown #
coedge $-1 -1 $-1 $1292 $1194 $1197 $1247 forward $1242 $-1 #
coedge $-1 -1 $-1 $1194 $1292 $1286 $1293 forward $1242 $-1 #
loop $-1 -1 $-1 $-1 $1194 $1294 #
color-adesk-attrib $-1 -1 $-1 $-1 $1195 256 #
vertex $-1 -1 $-1 $1239 $1295 #
straight-curve $-1 -1 $-1 0.6820308511963010245 4.651765462004433971 -0.5 -0.9293522685123702942 -0.3691942050072176684 0 F 0 F 0.4110721672932733939 #
coedge $-1 -1 $-1 $1197 $1196 $1296 $1297 reversed $1198 $-1 #
edge $1298 -1 $-1 $1200 0 $1299 1 $1240 $1300 forward @7 tangent #
face $1301 -1 $-1 $1294 $1198 $7 $-1 $1302 forward single #
point $-1 -1 $-1 0.6820308511963010245 4.651765462004433971 -0.5 #
coedge $-1 -1 $-1 $1206 $1296 $1202 $1251 forward $193 $-1 #
edge $1303 -1 $-1 $1253 -0.5385029373038842104 $1209 -0 $1202 $1304 forward @7 unknown #
color-adesk-attrib $-1 -1 $-1 $-1 $1203 256 #
vertex $-1 -1 $-1 $1203 $1305 #
straight-curve $-1 -1 $-1 0.6975978516294418785 4.736817729143389499 -0.5 0 0 1 I I #
color-adesk-attrib $-1 -1 $-1 $-1 $1204 256 #
plane-surface $-1 -1 $-1 0.6975978516294418785 4.736817729143389499 -0.5 0.6744295076178229431 0.738339244016177787 0 -0.738339244016177787 0.6744295076178229431 0 forward_v I I I I #
color-adesk-attrib $-1 -1 $-1 $-1 $1207 256 #
straight-curve $-1 -1 $-1 0.6820308511963010245 5.251765462004433616 0.5 0.9293522685123702942 0.3691942050072176684 0 I I #
point $-1 -1 $-1 0.3000000000000008216 5.099999999999999645 0.5 #
color-adesk-attrib $-1 -1 $-1 $-1 $1217 256 #
face $1306 -1 $-1 $1307 $1308 $7 $-1 $1309 forward single #
loop $-1 -1 $-1 $-1 $1310 $1217 #
plane-surface $-1 -1 $-1 0.6975978516294413234 -3.66318227085660908 -0.5 0.6744295076178229431 0.738339244016177787 0 -0.738339244016177787 0.6744295076178229431 0 forward_v I I I I #
coedge $-1 -1 $-1 $1311 $1219 $1221 $1269 forward $1170 $-1 #
coedge $-1 -1 $-1 $1219 $1311 $1227 $1276 reversed $1170 $-1 #
coedge $-1 -1 $-1 $1221 $1220 $1312 $1313 reversed $1124 $-1 #
coedge $-1 -1 $-1 $1314 $1315 $1220 $1268 forward $1316 $-1 #
edge $1317 -1 $-1 $1318 -0.75 $1272 0.25 $1267 $1319 forward @7 unknown #
edge $1320 -1 $-1 $1273 0 $1321 1 $1264 $1322 forward @7 tangent #
coedge $-1 -1 $-1 $1222 $1323 $1314 $1324 forward $81 $-1 #
color-adesk-attrib $-1 -1 $-1 $-1 $1223 256 #
vertex $-1 -1 $-1 $1223 $1325 #
vertex $-1 -1 $-1 $1223 $1326 #
straight-curve $-1 -1 $-1 0.3000000000000002109 -3.900000000000000355 -0.5 0.738339244016177787 -0.6744295076178229431 0 F 0 F 0.5385029373038842104 #
coedge $-1 -1 $-1 $1312 $1224 $1311 $1327 forward $193 $-1 #
edge $1328 -1 $-1 $1233 0 $1278 1 $1227 $1329 forward @7 tangent #
color-adesk-attrib $-1 -1 $-1 $-1 $1228 256 #
vertex $-1 -1 $-1 $1276 $1330 #
straight-curve $-1 -1 $-1 0.6820308511963004694 -4.348234537995566029 0.5 0.9293522685123702942 0.3691942050072176684 0 I I #
color-adesk-attrib $-1 -1 $-1 $-1 $1231 256 #
ellipse-curve $-1 -1 $-1 0.6632019467409322466 -4.300837572301434264 -0.5 0 0 -1 0.03439590488850902128 0.03765530144482512331 0 1 F 0 F 2.023259072960119642 #
point $-1 -1 $-1 0.6820308511963004694 -4.348234537995566029 -0.5 #
coedge $-1 -1 $-1 $1331 $1237 $1332 $1333 forward $81 $-1 #
coedge $-1 -1 $-1 $1334 $1335 $1237 $1285 reversed $1336 $-1 #
edge $1337 -1 $-1 $1290 0 $1338 2.023259072960119642 $1237 $1339 forward @7 unknown #
coedge $-1 -1 $-1 $1340 $1238 $1241 $1293 reversed $1288 $-1 #
coedge $-1 -1 $-1 $1238 $1340 $1334 $1341 reversed $1288 $-1 #
loop $-1 -1 $-1 $-1 $1238 $1342 #
color-adesk-attrib $-1 -1 $-1 $-1 $1239 256 #
vertex $-1 -1 $-1 $1239 $1343 #
straight-curve $-1 -1 $-1 0.3000000000000007105 4.5 -0.5 0.738339244016177787 -0.6744295076178229431 0 F 0 F 0.5385029373038842104 #
coedge $-1 -1 $-1 $1241 $1240 $1344 $1345 reversed $1242 $-1 #
edge $1346 -1 $-1 $1347 -0.75 $1244 0.25 $1241 $1348 forward @7 unknown #
face $1349 -1 $-1 $1066 $1242 $7 $-1 $1350 forward single #
point $-1 -1 $-1 0.3000000000000008216 4.5 -0.5 #
coedge $-1 -1 $-1 $1250 $1344 $1246 $1297 forward $193 $-1 #
edge $1351 -1 $-1 $1299 -2.023259072960119642 $1253 -0 $1246 $1352 forward @7 unknown #
color-adesk-attrib $-1 -1 $-1 $-1 $1247 256 #
vertex $-1 -1 $-1 $1247 $1353 #
straight-curve $-1 -1 $-1 0.6820308511963010245 4.651765462004433971 -0.5 0 0 1 I I #
color-adesk-attrib $-1 -1 $-1 $-1 $1248 256 #
cone-surface $-1 -1 $-1 0.6632019467409328017 4.699162427698564848 -0.5 0 0 1 0.03439590488850902128 0.03765530144482512331 0 1 I I 0 1 0.05100000000000007999 forward I I I I #
color-adesk-attrib $-1 -1 $-1 $-1 $1251 256 #
straight-curve $-1 -1 $-1 0.3000000000000007661 5.099999999999999645 0.5 -0.738339244016177787 0.6744295076178229431 0 I I #
point $-1 -1 $-1 0.6975978516294418785 4.736817729143389499 0.5 #
color-adesk-attrib $-1 -1 $-1 $-1 $1261 256 #
face $1354 -1 $-1 $1355 $1316 $7 $-1 $1356 forward single #
loop $-1 -1 $-1 $-1 $1357 $1261 #
cone-surface $-1 -1 $-1 0.6632019467409323576 -3.700837572301432843 -0.5 0 0 1 0.03439590488850902128 0.03765530144482512331 0 1 I I 0 1 0.05100000000000007999 forward I I I I #
coedge $-1 -1 $-1 $1358 $1359 $1360 $1361 reversed $1262 $-1 #
coedge $-1 -1 $-1 $1265 $1264 $1275 $1327 reversed $1170 $-1 #
coedge $-1 -1 $-1 $1362 $1275 $1266 $1313 forward $193 $-1 #
edge $1363 -1 $-1 $1321 -0.5385029373038842104 $1318 -0 $1266 $1364 forward @7 unknown #
coedge $-1 -1 $-1 $1365 $1267 $1270 $1324 reversed $1316 $-1 #
coedge $-1 -1 $-1 $1267 $1365 $1362 $1366 reversed $1316 $-1 #
loop $-1 -1 $-1 $-1 $1314 $1307 #
color-adesk-attrib $-1 -1 $-1 $-1 $1268 256 #
vertex $-1 -1 $-1 $1366 $1367 #
straight-curve $-1 -1 $-1 0.3000000000000000444 -3.899999999999999911 -0.25 0 0 -1 I I #
color-adesk-attrib $-1 -1 $-1 $-1 $1269 256 #
vertex $-1 -1 $-1 $1269 $1368 #
straight-curve $-1 -1 $-1 0.6975978516294413234 -4.263182270856610501 -0.5 0 0 1 I I #
coedge $-1 -1 $-1 $1270 $1360 $1357 $1369 forward $81 $-1 #
edge $1370 -1 $-1 $1371 0 $1272 0.4110721672932733939 $1270 $1372 forward @7 unknown #
point $-1 -1 $-1 0.3000000000000002665 -3.899999999999998579 -0.5 #
point $-1 -1 $-1 0.6975978516294413234 -4.263182270856610501 -0.5 #
edge $1373 -1 $-1 $1278 -2.023259072960119642 $1321 -0 $1311 $1374 forward @7 unknown #
color-adesk-attrib $-1 -1 $-1 $-1 $1276 256 #
straight-curve $-1 -1 $-1 0.6820308511963004694 -4.348234537995566029 -0.5 0 0 1 I I #
point $-1 -1 $-1 0.6820308511963004694 -4.348234537995566029 0.5 #
coedge $-1 -1 $-1 $1375 $1283 $1376 $1377 forward $81 $-1 #
coedge $-1 -1 $-1 $1378 $1379 $1283 $1333 reversed $1380 $-1 #
edge $1381 -1 $-1 $1338 0 $1382 0.4110721672932733939 $1283 $1383 forward @7 unknown #
coedge $-1 -1 $-1 $1384 $1284 $1287 $1341 forward $1336 $-1 #
coedge $-1 -1 $-1 $1284 $1384 $1378 $1385 reversed $1336 $-1 #
loop $-1 -1 $-1 $-1 $1284 $1386 #
color-adesk-attrib $-1 -1 $-1 $-1 $1285 256 #
vertex $-1 -1 $-1 $1333 $1387 #
ellipse-curve $-1 -1 $-1 0.6632019467409328017 4.099162427698565203 -0.5 0 0 -1 0.03439590488850902128 0.03765530144482512331 0 1 F 0 F 2.023259072960119642 #
coedge $-1 -1 $-1 $1287 $1286 $1388 $1389 reversed $1288 $-1 #
edge $1390 -1 $-1 $1290 0 $1391 1 $1334 $1392 forward @7 tangent #
face $1393 -1 $-1 $1386 $1288 $7 $-1 $1394 forward single #
point $-1 -1 $-1 0.6975978516294418785 4.136817729143389855 -0.5 #
coedge $-1 -1 $-1 $1296 $1388 $1292 $1345 forward $193 $-1 #
edge $1395 -1 $-1 $1347 -0.4110721672932733939 $1299 -0 $1292 $1396 forward @7 unknown #
color-adesk-attrib $-1 -1 $-1 $-1 $1293 256 #
vertex $-1 -1 $-1 $1345 $1397 #
straight-curve $-1 -1 $-1 0.3000000000000002665 4.5 -0.25 0 0 -1 I I #
color-adesk-attrib $-1 -1 $-1 $-1 $1294 256 #
plane-surface $-1 -1 $-1 0.3000000000000008216 4.5 -0.5 0.3691942050072176684 -0.9293522685123701832 0 0.9293522685123700722 0.3691942050072176129 0 forward_v I I I I #
color-adesk-attrib $-1 -1 $-1 $-1 $1297 256 #
ellipse-curve $-1 -1 $-1 0.6632019467409328017 4.699162427698564848 0.5 0 0 1 0.03439590488850902128 0.03765530144482512331 0 1 I I #
point $-1 -1 $-1 0.6820308511963010245 4.651765462004433971 0.5 #
color-adesk-attrib $-1 -1 $-1 $-1 $1307 256 #
face $1398 -1 $-1 $1399 $1400 $7 $-1 $1401 forward single #
plane-surface $-1 -1 $-1 0.3000000000000002665 -3.899999999999998579 -0.5 0.3691942050072176684 -0.9293522685123701832 0 0.9293522685123700722 0.3691942050072176129 0 forward_v I I I I #
coedge $-1 -1 $-1 $1402 $1403 $1323 $1369 reversed $1308 $-1 #
coedge $-1 -1 $-1 $1404 $1310 $1405 $1406 reversed $1262 $-1 #
coedge $-1 -1 $-1 $1310 $1404 $1402 $1407 reversed $1262 $-1 #
coedge $-1 -1 $-1 $1323 $1408 $1310 $1361 forward $81 $-1 #
edge $1409 -1 $-1 $1410 0 $1411 0.5385029373038842104 $1360 $1412 forward @7 unknown #
coedge $-1 -1 $-1 $1413 $1312 $1315 $1366 forward $193 $-1 #
color-adesk-attrib $-1 -1 $-1 $-1 $1313 256 #
straight-curve $-1 -1 $-1 0.3000000000000002109 -3.900000000000000355 0.5 -0.738339244016177787 0.6744295076178229431 0 I I #
coedge $-1 -1 $-1 $1315 $1314 $1403 $1414 forward $1316 $-1 #
edge $1415 -1 $-1 $1318 -0.4110721672932733939 $1416 -0 $1315 $1417 forward @7 unknown #
point $-1 -1 $-1 0.3000000000000002665 -3.899999999999998579 0.5 #
point $-1 -1 $-1 0.6975978516294413234 -4.263182270856610501 0.5 #
edge $1418 -1 $-1 $1411 0 $1371 2.023259072960119642 $1323 $1419 forward @7 unknown #
color-adesk-attrib $-1 -1 $-1 $-1 $1324 256 #
vertex $-1 -1 $-1 $1324 $1420 #
straight-curve $-1 -1 $-1 0.6820308511963004694 -3.748234537995564608 -0.5 -0.9293522685123702942 -0.3691942050072176684 0 F 0 F 0.4110721672932733939 #
color-adesk-attrib $-1 -1 $-1 $-1 $1327 256 #
ellipse-curve $-1 -1 $-1 0.6632019467409322466 -4.300837572301434264 0.5 0 0 1 0.03439590488850902128 0.03765530144482512331 0 1 I I #
coedge $-1 -1 $-1 $1421 $1331 $1422 $1423 forward $81 $-1 #
coedge $-1 -1 $-1 $1424 $1425 $1331 $1377 reversed $1426 $-1 #
edge $1427 -1 $-1 $1382 0 $1428 0.5385029373038842104 $1331 $1429 forward @7 unknown #
coedge $-1 -1 $-1 $1430 $1332 $1335 $1385 forward $1380 $-1 #
coedge $-1 -1 $-1 $1332 $1430 $1424 $1431 forward $1380 $-1 #
loop $-1 -1 $-1 $-1 $1332 $1432 #
color-adesk-attrib $-1 -1 $-1 $-1 $1333 256 #
vertex $-1 -1 $-1 $1377 $1433 #
straight-curve $-1 -1 $-1 0.6820308511963009135 4.051765462004434326 -0.5 -0.9293522685123702942 -0.3691942050072176684 0 F 0 F 0.4110721672932733939 #
coedge $-1 -1 $-1 $1335 $1334 $1434 $1435 reversed $1336 $-1 #
edge $1436 -1 $-1 $1338 0 $1437 1 $1378 $1438 forward @7 tangent #
face $1439 -1 $-1 $1432 $1336 $7 $-1 $1440 forward single #
point $-1 -1 $-1 0.6820308511963009135 4.051765462004434326 -0.5 #
coedge $-1 -1 $-1 $1344 $1434 $1340 $1389 forward $193 $-1 #
edge $1441 -1 $-1 $1391 -0.5385029373038842104 $1347 -0 $1340 $1442 forward @7 unknown #
color-adesk-attrib $-1 -1 $-1 $-1 $1341 256 #
vertex $-1 -1 $-1 $1341 $1443 #
straight-curve $-1 -1 $-1 0.6975978516294418785 4.136817729143389855 -0.5 0 0 1 I I #
color-adesk-attrib $-1 -1 $-1 $-1 $1342 256 #
plane-surface $-1 -1 $-1 0.6975978516294418785 4.136817729143389855 -0.5 0.6744295076178229431 0.738339244016177787 0 -0.738339244016177787 0.6744295076178229431 0 forward_v I I I I #
color-adesk-attrib $-1 -1 $-1 $-1 $1345 256 #
straight-curve $-1 -1 $-1 0.6820308511963010245 4.651765462004433971 0.5 0.9293522685123702942 0.3691942050072176684 0 I I #
point $-1 -1 $-1 0.3000000000000008216 4.5 0.5 #
color-adesk-attrib $-1 -1 $-1 $-1 $1355 256 #
face $1444 -1 $-1 $1445 $1446 $7 $-1 $1447 forward single #
loop $-1 -1 $-1 $-1 $1448 $1355 #
plane-surface $-1 -1 $-1 0.6975978516294414344 -3.063182270856611211 -0.5 0.6744295076178229431 0.738339244016177787 0 -0.738339244016177787 0.6744295076178229431 0 forward_v I I I I #
coedge $-1 -1 $-1 $1449 $1357 $1359 $1407 forward $1308 $-1 #
coedge $-1 -1 $-1 $1357 $1449 $1365 $1414 reversed $1308 $-1 #
coedge $-1 -1 $-1 $1359 $1358 $1450 $1451 reversed $1262 $-1 #
coedge $-1 -1 $-1 $1452 $1453 $1358 $1406 forward $1454 $-1 #
edge $1455 -1 $-1 $1456 -0.75 $1410 0.25 $1405 $1457 forward @7 unknown #
edge $1458 -1 $-1 $1411 0 $1459 1 $1402 $1460 forward @7 tangent #
coedge $-1 -1 $-1 $1360 $1461 $1452 $1462 forward $81 $-1 #
color-adesk-attrib $-1 -1 $-1 $-1 $1361 256 #
vertex $-1 -1 $-1 $1361 $1463 #
vertex $-1 -1 $-1 $1361 $1464 #
straight-curve $-1 -1 $-1 0.3000000000000002665 -3.299999999999998934 -0.5 0.738339244016177787 -0.6744295076178229431 0 F 0 F 0.5385029373038842104 #
coedge $-1 -1 $-1 $1450 $1362 $1449 $1465 forward $193 $-1 #
edge $1466 -1 $-1 $1371 0 $1416 1 $1365 $1467 forward @7 tangent #
color-adesk-attrib $-1 -1 $-1 $-1 $1366 256 #
vertex $-1 -1 $-1 $1414 $1468 #
straight-curve $-1 -1 $-1 0.6820308511963004694 -3.748234537995564608 0.5 0.9293522685123702942 0.3691942050072176684 0 I I #
color-adesk-attrib $-1 -1 $-1 $-1 $1369 256 #
ellipse-curve $-1 -1 $-1 0.6632019467409323576 -3.700837572301432843 -0.5 0 0 -1 0.03439590488850902128 0.03765530144482512331 0 1 F 0 F 2.023259072960119642 #
point $-1 -1 $-1 0.6820308511963004694 -3.748234537995564608 -0.5 #
coedge $-1 -1 $-1 $1469 $1375 $1470 $1471 forward $81 $-1 #
coedge $-1 -1 $-1 $1472 $1473 $1375 $1423 reversed $1474 $-1 #
edge $1475 -1 $-1 $1428 0 $1476 2.023259072960119642 $1375 $1477 forward @7 unknown #
coedge $-1 -1 $-1 $1478 $1376 $1379 $1431 reversed $1426 $-1 #
coedge $-1 -1 $-1 $1376 $1478 $1472 $1479 reversed $1426 $-1 #
loop $-1 -1 $-1 $-1 $1376 $1480 #
color-adesk-attrib $-1 -1 $-1 $-1 $1377 256 #
vertex $-1 -1 $-1 $1377 $1481 #
straight-curve $-1 -1 $-1 0.3000000000000007105 3.900000000000000355 -0.5 0.738339244016177787 -0.6744295076178229431 0 F 0 F 0.5385029373038842104 #
coedge $-1 -1 $-1 $1379 $1378 $1482 $1483 reversed $1380 $-1 #
edge $1484 -1 $-1 $1485 -0.75 $1382 0.25 $1379 $1486 forward @7 unknown #
face $1487 -1 $-1 $1204 $1380 $7 $-1 $1488 forward single #
point $-1 -1 $-1 0.3000000000000007661 3.900000000000000355 -0.5 #
coedge $-1 -1 $-1 $1388 $1482 $1384 $1435 forward $193 $-1 #
edge $1489 -1 $-1 $1437 -2.023259072960119642 $1391 -0 $1384 $1490 forward @7 unknown #
color-adesk-attrib $-1 -1 $-1 $-1 $1385 256 #
vertex $-1 -1 $-1 $1385 $1491 #
straight-curve $-1 -1 $-1 0.6820308511963009135 4.051765462004434326 -0.5 0 0 1 I I #
color-adesk-attrib $-1 -1 $-1 $-1 $1386 256 #
cone-surface $-1 -1 $-1 0.6632019467409328017 4.099162427698565203 -0.5 0 0 1 0.03439590488850902128 0.03765530144482512331 0 1 I I 0 1 0.05100000000000007999 forward I I I I #
color-adesk-attrib $-1 -1 $-1 $-1 $1389 256 #
straight-curve $-1 -1 $-1 0.3000000000000007105 4.5 0.5 -0.738339244016177787 0.6744295076178229431 0 I I #
point $-1 -1 $-1 0.6975978516294418785 4.136817729143389855 0.5 #
color-adesk-attrib $-1 -1 $-1 $-1 $1399 256 #
face $1492 -1 $-1 $1493 $1454 $7 $-1 $1494 forward single #
loop $-1 -1 $-1 $-1 $1495 $1399 #
cone-surface $-1 -1 $-1 0.6632019467409323576 -3.100837572301434975 -0.5 0 0 1 0.03439590488850902128 0.03765530144482512331 0 1 I I 0 1 0.05100000000000007999 forward I I I I #
coedge $-1 -1 $-1 $1496 $1497 $1498 $1499 reversed $1400 $-1 #
coedge $-1 -1 $-1 $1403 $1402 $1413 $1465 reversed $1308 $-1 #
coedge $-1 -1 $-1 $1500 $1413 $1404 $1451 forward $193 $-1 #
edge $1501 -1 $-1 $1459 -0.5385029373038842104 $1456 -0 $1404 $1502 forward @7 unknown #
coedge $-1 -1 $-1 $1503 $1405 $1408 $1462 reversed $1454 $-1 #
coedge $-1 -1 $-1 $1405 $1503 $1500 $1504 reversed $1454 $-1 #
loop $-1 -1 $-1 $-1 $1452 $1445 #
color-adesk-attrib $-1 -1 $-1 $-1 $1406 256 #
vertex $-1 -1 $-1 $1504 $1505 #
straight-curve $-1 -1 $-1 0.2999999999999999334 -3.299999999999998934 -0.25 0 0 -1 I I #
color-adesk-attrib $-1 -1 $-1 $-1 $1407 256 #
vertex $-1 -1 $-1 $1407 $1506 #
straight-curve $-1 -1 $-1 0.6975978516294413234 -3.66318227085660908 -0.5 0 0 1 I I #
coedge $-1 -1 $-1 $1408 $1498 $1495 $1507 forward $81 $-1 #
edge $1508 -1 $-1 $1509 0 $1410 0.4110721672932733939 $1408 $1510 forward @7 unknown #
point $-1 -1 $-1 0.300000000000000322 -3.300000000000000711 -0.5 #
point $-1 -1 $-1 0.6975978516294413234 -3.66318227085660908 -0.5 #
edge $1511 -1 $-1 $1416 -2.023259072960119642 $1459 -0 $1449 $1512 forward @7 unknown #
color-adesk-attrib $-1 -1 $-1 $-1 $1414 256 #
straight-curve $-1 -1 $-1 0.6820308511963004694 -3.748234537995564608 -0.5 0 0 1 I I #
point $-1 -1 $-1 0.6820308511963004694 -3.748234537995564608 0.5 #
coedge $-1 -1 $-1 $1513 $1421 $1514 $1515 forward $81 $-1 #
coedge $-1 -1 $-1 $1516 $1517 $1421 $1471 reversed $1518 $-1 #
edge $1519 -1 $-1 $1476 0 $1520 0.4110721672932733939 $1421 $1521 forward @7 unknown #
coedge $-1 -1 $-1 $1522 $1422 $1425 $1479 forward $1474 $-1 #
coedge $-1 -1 $-1 $1422 $1522 $1516 $1523 reversed $1474 $-1 #
loop $-1 -1 $-1 $-1 $1422 $1524 #
color-adesk-attrib $-1 -1 $-1 $-1 $1423 256 #
vertex $-1 -1 $-1 $1471 $1525 #
ellipse-curve $-1 -1 $-1 0.6632019467409326907 3.499162427698565558 -0.5 0 0 -1 0.03439590488850902128 0.03765530144482512331 0 1 F 0 F 2.023259072960119642 #
coedge $-1 -1 $-1 $1425 $1424 $1526 $1527 reversed $1426 $-1 #
edge $1528 -1 $-1 $1428 0 $1529 1 $1472 $1530 forward @7 tangent #
face $1531 -1 $-1 $1524 $1426 $7 $-1 $1532 forward single #
point $-1 -1 $-1 0.6975978516294417675 3.53681772914339021 -0.5 #
coedge $-1 -1 $-1 $1434 $1526 $1430 $1483 forward $193 $-1 #
edge $1533 -1 $-1 $1485 -0.4110721672932733939 $1437 -0 $1430 $1534 forward @7 unknown #
color-adesk-attrib $-1 -1 $-1 $-1 $1431 256 #
vertex $-1 -1 $-1 $1483 $1535 #
straight-curve $-1 -1 $-1 0.3000000000000000444 3.900000000000000799 -0.25 0 0 -1 I I #
color-adesk-attrib $-1 -1 $-1 $-1 $1432 256 #
plane-surface $-1 -1 $-1 0.3000000000000007661 3.900000000000000355 -0.5 0.3691942050072176684 -0.9293522685123701832 0 0.9293522685123700722 0.3691942050072176129 0 forward_v I I I I #
color-adesk-attrib $-1 -1 $-1 $-1 $1435 256 #
ellipse-curve $-1 -1 $-1 0.6632019467409328017 4.099162427698565203 0.5 0 0 1 0.03439590488850902128 0.03765530144482512331 0 1 I I #
point $-1 -1 $-1 0.6820308511963009135 4.051765462004434326 0.5 #
color-adesk-attrib $-1 -1 $-1 $-1 $1445 256 #
face $1536 -1 $-1 $1537 $1538 $7 $-1 $1539 forward single #
plane-surface $-1 -1 $-1 0.300000000000000322 -3.300000000000000711 -0.5 0.3691942050072176684 -0.9293522685123701832 0 0.9293522685123700722 0.3691942050072176129 0 forward_v I I I I #
coedge $-1 -1 $-1 $1540 $1541 $1461 $1507 reversed $1446 $-1 #
coedge $-1 -1 $-1 $1542 $1448 $1543 $1544 reversed $1400 $-1 #
coedge $-1 -1 $-1 $1448 $1542 $1540 $1545 reversed $1400 $-1 #
coedge $-1 -1 $-1 $1461 $1546 $1448 $1499 forward $81 $-1 #
edge $1547 -1 $-1 $1548 0 $1549 0.5385029373038842104 $1498 $1550 forward @7 unknown #
coedge $-1 -1 $-1 $1551 $1450 $1453 $1504 forward $193 $-1 #
color-adesk-attrib $-1 -1 $-1 $-1 $1451 256 #
straight-curve $-1 -1 $-1 0.3000000000000002665 -3.299999999999998934 0.5 -0.738339244016177787 0.6744295076178229431 0 I I #
coedge $-1 -1 $-1 $1453 $1452 $1541 $1552 forward $1454 $-1 #
edge $1553 -1 $-1 $1456 -0.4110721672932733939 $1554 -0 $1453 $1555 forward @7 unknown #
point $-1 -1 $-1 0.300000000000000322 -3.300000000000000711 0.5 #
point $-1 -1 $-1 0.6975978516294413234 -3.66318227085660908 0.5 #
edge $1556 -1 $-1 $1549 0 $1509 2.023259072960119642 $1461 $1557 forward @7 unknown #
color-adesk-attrib $-1 -1 $-1 $-1 $1462 256 #
vertex $-1 -1 $-1 $1462 $1558 #
straight-curve $-1 -1 $-1 0.6820308511963004694 -3.14823453799556674 -0.5 -0.9293522685123702942 -0.3691942050072176684 0 F 0 F 0.4110721672932733939 #
color-adesk-attrib $-1 -1 $-1 $-1 $1465 256 #
ellipse-curve $-1 -1 $-1 0.6632019467409323576 -3.700837572301432843 0.5 0 0 1 0.03439590488850902128 0.03765530144482512331 0 1 I I #
coedge $-1 -1 $-1 $1559 $1469 $1560 $1561 forward $81 $-1 #
coedge $-1 -1 $-1 $1562 $1563 $1469 $1515 reversed $1564 $-1 #
edge $1565 -1 $-1 $1520 0 $1566 0.5385029373038842104 $1469 $1567 forward @7 unknown #
coedge $-1 -1 $-1 $1568 $1470 $1473 $1523 forward $1518 $-1 #
coedge $-1 -1 $-1 $1470 $1568 $1562 $1569 forward $1518 $-1 #
loop $-1 -1 $-1 $-1 $1470 $1570 #
color-adesk-attrib $-1 -1 $-1 $-1 $1471 256 #
vertex $-1 -1 $-1 $1515 $1571 #
straight-curve $-1 -1 $-1 0.6820308511963009135 3.451765462004434681 -0.5 -0.9293522685123702942 -0.3691942050072176684 0 F 0 F 0.4110721672932733939 #
coedge $-1 -1 $-1 $1473 $1472 $1572 $1573 reversed $1474 $-1 #
edge $1574 -1 $-1 $1476 0 $1575 1 $1516 $1576 forward @7 tangent #
face $1577 -1 $-1 $1570 $1474 $7 $-1 $1578 forward single #
point $-1 -1 $-1 0.6820308511963009135 3.451765462004434681 -0.5 #
coedge $-1 -1 $-1 $1482 $1572 $1478 $1527 forward $193 $-1 #
edge $1579 -1 $-1 $1529 -0.5385029373038842104 $1485 -0 $1478 $1580 forward @7 unknown #
color-adesk-attrib $-1 -1 $-1 $-1 $1479 256 #
vertex $-1 -1 $-1 $1479 $1581 #
straight-curve $-1 -1 $-1 0.6975978516294417675 3.53681772914339021 -0.5 0 0 1 I I #
color-adesk-attrib $-1 -1 $-1 $-1 $1480 256 #
plane-surface $-1 -1 $-1 0.6975978516294417675 3.53681772914339021 -0.5 0.6744295076178229431 0.738339244016177787 0 -0.738339244016177787 0.6744295076178229431 0 forward_v I I I I #
color-adesk-attrib $-1 -1 $-1 $-1 $1483 256 #
straight-curve $-1 -1 $-1 0.6820308511963009135 4.051765462004434326 0.5 0.9293522685123702942 0.3691942050072176684 0 I I #
point $-1 -1 $-1 0.3000000000000007661 3.900000000000000355 0.5 #
color-adesk-attrib $-1 -1 $-1 $-1 $1493 256 #
face $1582 -1 $-1 $1583 $1584 $7 $-1 $1585 forward single #
loop $-1 -1 $-1 $-1 $1586 $1493 #
plane-surface $-1 -1 $-1 0.6975978516294414344 -2.46318227085660979 -0.5 0.6744295076178229431 0.738339244016177787 0 -0.738339244016177787 0.6744295076178229431 0 forward_v I I I I #
coedge $-1 -1 $-1 $1587 $1495 $1497 $1545 forward $1446 $-1 #
coedge $-1 -1 $-1 $1495 $1587 $1503 $1552 reversed $1446 $-1 #
coedge $-1 -1 $-1 $1497 $1496 $1588 $1589 reversed $1400 $-1 #
coedge $-1 -1 $-1 $1590 $1591 $1496 $1544 forward $1592 $-1 #
edge $1593 -1 $-1 $1594 -0.75 $1548 0.25 $1543 $1595 forward @7 unknown #
edge $1596 -1 $-1 $1549 0 $1597 1 $1540 $1598 forward @7 tangent #
coedge $-1 -1 $-1 $1498 $1599 $1590 $1600 forward $81 $-1 #
color-adesk-attrib $-1 -1 $-1 $-1 $1499 256 #
vertex $-1 -1 $-1 $1499 $1601 #
vertex $-1 -1 $-1 $1499 $1602 #
straight-curve $-1 -1 $-1 0.3000000000000002665 -2.700000000000001066 -0.5 0.738339244016177787 -0.6744295076178229431 0 F 0 F 0.5385029373038842104 #
coedge $-1 -1 $-1 $1588 $1500 $1587 $1603 forward $193 $-1 #
edge $1604 -1 $-1 $1509 0 $1554 1 $1503 $1605 forward @7 tangent #
color-adesk-attrib $-1 -1 $-1 $-1 $1504 256 #
vertex $-1 -1 $-1 $1552 $1606 #
straight-curve $-1 -1 $-1 0.6820308511963004694 -3.14823453799556674 0.5 0.9293522685123702942 0.3691942050072176684 0 I I #
color-adesk-attrib $-1 -1 $-1 $-1 $1507 256 #
ellipse-curve $-1 -1 $-1 0.6632019467409323576 -3.100837572301434975 -0.5 0 0 -1 0.03439590488850902128 0.03765530144482512331 0 1 F 0 F 2.023259072960119642 #
point $-1 -1 $-1 0.6820308511963004694 -3.14823453799556674 -0.5 #
coedge $-1 -1 $-1 $1607 $1513 $1608 $1609 forward $81 $-1 #
coedge $-1 -1 $-1 $1610 $1611 $1513 $1561 reversed $1612 $-1 #
edge $1613 -1 $-1 $1566 0 $1614 2.023259072960119642 $1513 $1615 forward @7 unknown #
coedge $-1 -1 $-1 $1616 $1514 $1517 $1569 reversed $1564 $-1 #
coedge $-1 -1 $-1 $1514 $1616 $1610 $1617 reversed $1564 $-1 #
loop $-1 -1 $-1 $-1 $1514 $1618 #
color-adesk-attrib $-1 -1 $-1 $-1 $1515 256 #
vertex $-1 -1 $-1 $1515 $1619 #
straight-curve $-1 -1 $-1 0.300000000000000655 3.300000000000000711 -0.5 0.738339244016177787 -0.6744295076178229431 0 F 0 F 0.5385029373038842104 #
coedge $-1 -1 $-1 $1517 $1516 $1620 $1621 reversed $1518 $-1 #
edge $1622 -1 $-1 $1623 -0.75 $1520 0.25 $1517 $1624 forward @7 unknown #
face $1625 -1 $-1 $1342 $1518 $7 $-1 $1626 forward single #
point $-1 -1 $-1 0.3000000000000007105 3.300000000000000711 -0.5 #
coedge $-1 -1 $-1 $1526 $1620 $1522 $1573 forward $193 $-1 #
edge $1627 -1 $-1 $1575 -2.023259072960119642 $1529 -0 $1522 $1628 forward @7 unknown #
color-adesk-attrib $-1 -1 $-1 $-1 $1523 256 #
vertex $-1 -1 $-1 $1523 $1629 #
straight-curve $-1 -1 $-1 0.6820308511963009135 3.451765462004434681 -0.5 0 0 1 I I #
color-adesk-attrib $-1 -1 $-1 $-1 $1524 256 #
cone-surface $-1 -1 $-1 0.6632019467409326907 3.499162427698565558 -0.5 0 0 1 0.03439590488850902128 0.03765530144482512331 0 1 I I 0 1 0.05100000000000007999 forward I I I I #
color-adesk-attrib $-1 -1 $-1 $-1 $1527 256 #
straight-curve $-1 -1 $-1 0.3000000000000007105 3.900000000000000355 0.5 -0.738339244016177787 0.6744295076178229431 0 I I #
point $-1 -1 $-1 0.6975978516294417675 3.53681772914339021 0.5 #
color-adesk-attrib $-1 -1 $-1 $-1 $1537 256 #
face $1630 -1 $-1 $1631 $1592 $7 $-1 $1632 forward single #
loop $-1 -1 $-1 $-1 $1633 $1537 #
cone-surface $-1 -1 $-1 0.6632019467409323576 -2.500837572301433553 -0.5 0 0 1 0.03439590488850902128 0.03765530144482512331 0 1 I I 0 1 0.05100000000000007999 forward I I I I #
coedge $-1 -1 $-1 $1634 $1635 $1636 $1637 reversed $1538 $-1 #
coedge $-1 -1 $-1 $1541 $1540 $1551 $1603 reversed $1446 $-1 #
coedge $-1 -1 $-1 $1638 $1551 $1542 $1589 forward $193 $-1 #
edge $1639 -1 $-1 $1597 -0.5385029373038842104 $1594 -0 $1542 $1640 forward @7 unknown #
coedge $-1 -1 $-1 $1641 $1543 $1546 $1600 reversed $1592 $-1 #
coedge $-1 -1 $-1 $1543 $1641 $1638 $1642 reversed $1592 $-1 #
loop $-1 -1 $-1 $-1 $1590 $1583 #
color-adesk-attrib $-1 -1 $-1 $-1 $1544 256 #
vertex $-1 -1 $-1 $1642 $1643 #
straight-curve $-1 -1 $-1 0.2999999999999999334 -2.700000000000001066 -0.25 0 0 -1 I I #
color-adesk-attrib $-1 -1 $-1 $-1 $1545 256 #
vertex $-1 -1 $-1 $1545 $1644 #
straight-curve $-1 -1 $-1 0.6975978516294414344 -3.063182270856611211 -0.5 0 0 1 I I #
coedge $-1 -1 $-1 $1546 $1636 $1633 $1645 forward $81 $-1 #
edge $1646 -1 $-1 $1647 0 $1548 0.4110721672932733939 $1546 $1648 forward @7 unknown #
point $-1 -1 $-1 0.3000000000000003775 -2.699999999999999289 -0.5 #
point $-1 -1 $-1 0.6975978516294414344 -3.063182270856611211 -0.5 #
edge $1649 -1 $-1 $1554 -2.023259072960119642 $1597 -0 $1587 $1650 forward @7 unknown #
color-adesk-attrib $-1 -1 $-1 $-1 $1552 256 #
straight-curve $-1 -1 $-1 0.6820308511963004694 -3.14823453799556674 -0.5 0 0 1 I I #
point $-1 -1 $-1 0.6820308511963004694 -3.14823453799556674 0.5 #
coedge $-1 -1 $-1 $1651 $1559 $1652 $1653 forward $81 $-1 #
coedge $-1 -1 $-1 $1654 $1655 $1559 $1609 reversed $1656 $-1 #
edge $1657 -1 $-1 $1614 0 $1658 0.4110721672932733939 $1559 $1659 forward @7 unknown #
coedge $-1 -1 $-1 $1660 $1560 $1563 $1617 forward $1612 $-1 #
coedge $-1 -1 $-1 $1560 $1660 $1654 $1661 reversed $1612 $-1 #
loop $-1 -1 $-1 $-1 $1560 $1662 #
color-adesk-attrib $-1 -1 $-1 $-1 $1561 256 #
vertex $-1 -1 $-1 $1609 $1663 #
ellipse-curve $-1 -1 $-1 0.6632019467409326907 2.899162427698565914 -0.5 0 0 -1 0.03439590488850902128 0.03765530144482512331 0 1 F 0 F 2.023259072960119642 #
coedge $-1 -1 $-1 $1563 $1562 $1664 $1665 reversed $1564 $-1 #
edge $1666 -1 $-1 $1566 0 $1667 1 $1610 $1668 forward @7 tangent #
face $1669 -1 $-1 $1662 $1564 $7 $-1 $1670 forward single #
point $-1 -1 $-1 0.6975978516294417675 2.936817729143390565 -0.5 #
coedge $-1 -1 $-1 $1572 $1664 $1568 $1621 forward $193 $-1 #
edge $1671 -1 $-1 $1623 -0.4110721672932733939 $1575 -0 $1568 $1672 forward @7 unknown #
color-adesk-attrib $-1 -1 $-1 $-1 $1569 256 #
vertex $-1 -1 $-1 $1621 $1673 #
straight-curve $-1 -1 $-1 0.3000000000000000444 3.300000000000000711 -0.25 0 0 -1 I I #
color-adesk-attrib $-1 -1 $-1 $-1 $1570 256 #
plane-surface $-1 -1 $-1 0.3000000000000007105 3.300000000000000711 -0.5 0.3691942050072176684 -0.9293522685123701832 0 0.9293522685123700722 0.3691942050072176129 0 forward_v I I I I #
color-adesk-attrib $-1 -1 $-1 $-1 $1573 256 #
ellipse-curve $-1 -1 $-1 0.6632019467409326907 3.499162427698565558 0.5 0 0 1 0.03439590488850902128 0.03765530144482512331 0 1 I I #
point $-1 -1 $-1 0.6820308511963009135 3.451765462004434681 0.5 #
color-adesk-attrib $-1 -1 $-1 $-1 $1583 256 #
face $1674 -1 $-1 $1675 $1676 $7 $-1 $1677 forward single #
plane-surface $-1 -1 $-1 0.3000000000000003775 -2.699999999999999289 -0.5 0.3691942050072176684 -0.9293522685123701832 0 0.9293522685123700722 0.3691942050072176129 0 forward_v I I I I #
coedge $-1 -1 $-1 $1678 $1679 $1599 $1645 reversed $1584 $-1 #
coedge $-1 -1 $-1 $1680 $1586 $1681 $1682 reversed $1538 $-1 #
coedge $-1 -1 $-1 $1586 $1680 $1678 $1683 reversed $1538 $-1 #
coedge $-1 -1 $-1 $1599 $1684 $1586 $1637 forward $81 $-1 #
edge $1685 -1 $-1 $1686 0 $1687 0.5385029373038842104 $1636 $1688 forward @7 unknown #
coedge $-1 -1 $-1 $1689 $1588 $1591 $1642 forward $193 $-1 #
color-adesk-attrib $-1 -1 $-1 $-1 $1589 256 #
straight-curve $-1 -1 $-1 0.3000000000000002665 -2.700000000000001066 0.5 -0.738339244016177787 0.6744295076178229431 0 I I #
coedge $-1 -1 $-1 $1591 $1590 $1679 $1690 forward $1592 $-1 #
edge $1691 -1 $-1 $1594 -0.4110721672932733939 $1692 -0 $1591 $1693 forward @7 unknown #
point $-1 -1 $-1 0.3000000000000003775 -2.699999999999999289 0.5 #
point $-1 -1 $-1 0.6975978516294414344 -3.063182270856611211 0.5 #
edge $1694 -1 $-1 $1687 0 $1647 2.023259072960119642 $1599 $1695 forward @7 unknown #
color-adesk-attrib $-1 -1 $-1 $-1 $1600 256 #
vertex $-1 -1 $-1 $1600 $1696 #
straight-curve $-1 -1 $-1 0.6820308511963005804 -2.548234537995565319 -0.5 -0.9293522685123702942 -0.3691942050072176684 0 F 0 F 0.4110721672932733939 #
color-adesk-attrib $-1 -1 $-1 $-1 $1603 256 #
ellipse-curve $-1 -1 $-1 0.6632019467409323576 -3.100837572301434975 0.5 0 0 1 0.03439590488850902128 0.03765530144482512331 0 1 I I #
coedge $-1 -1 $-1 $1697 $1607 $1698 $1699 forward $81 $-1 #
coedge $-1 -1 $-1 $1700 $1701 $1607 $1653 reversed $1702 $-1 #
edge $1703 -1 $-1 $1658 0 $1704 0.5385029373038842104 $1607 $1705 forward @7 unknown #
coedge $-1 -1 $-1 $1706 $1608 $1611 $1661 forward $1656 $-1 #
coedge $-1 -1 $-1 $1608 $1706 $1700 $1707 forward $1656 $-1 #
loop $-1 -1 $-1 $-1 $1608 $1708 #
color-adesk-attrib $-1 -1 $-1 $-1 $1609 256 #
vertex $-1 -1 $-1 $1653 $1709 #
straight-curve $-1 -1 $-1 0.6820308511963009135 2.851765462004435037 -0.5 -0.9293522685123702942 -0.3691942050072176684 0 F 0 F 0.4110721672932733939 #
coedge $-1 -1 $-1 $1611 $1610 $1710 $1711 reversed $1612 $-1 #
edge $1712 -1 $-1 $1614 0 $1713 1 $1654 $1714 forward @7 tangent #
face $1715 -1 $-1 $1708 $1612 $7 $-1 $1716 forward single #
point $-1 -1 $-1 0.6820308511963009135 2.851765462004435037 -0.5 #
coedge $-1 -1 $-1 $1620 $1710 $1616 $1665 forward $193 $-1 #
edge $1717 -1 $-1 $1667 -0.5385029373038842104 $1623 -0 $1616 $1718 forward @7 unknown #
color-adesk-attrib $-1 -1 $-1 $-1 $1617 256 #
vertex $-1 -1 $-1 $1617 $1719 #
straight-curve $-1 -1 $-1 0.6975978516294417675 2.936817729143390565 -0.5 0 0 1 I I #
color-adesk-attrib $-1 -1 $-1 $-1 $1618 256 #
plane-surface $-1 -1 $-1 0.6975978516294417675 2.936817729143390565 -0.5 0.6744295076178229431 0.738339244016177787 0 -0.738339244016177787 0.6744295076178229431 0 forward_v I I I I #
color-adesk-attrib $-1 -1 $-1 $-1 $1621 256 #
straight-curve $-1 -1 $-1 0.6820308511963009135 3.451765462004434681 0.5 0.9293522685123702942 0.3691942050072176684 0 I I #
point $-1 -1 $-1 0.3000000000000007105 3.300000000000000711 0.5 #
color-adesk-attrib $-1 -1 $-1 $-1 $1631 256 #
face $1720 -1 $-1 $1721 $1722 $7 $-1 $1723 forward single #
loop $-1 -1 $-1 $-1 $1724 $1631 #
plane-surface $-1 -1 $-1 0.6975978516294414344 -1.863182270856610145 -0.5 0.6744295076178229431 0.738339244016177787 0 -0.738339244016177787 0.6744295076178229431 0 forward_v I I I I #
coedge $-1 -1 $-1 $1725 $1633 $1635 $1683 forward $1584 $-1 #
coedge $-1 -1 $-1 $1633 $1725 $1641 $1690 reversed $1584 $-1 #
coedge $-1 -1 $-1 $1635 $1634 $1726 $1727 reversed $1538 $-1 #
coedge $-1 -1 $-1 $1728 $1729 $1634 $1682 forward $1730 $-1 #
edge $1731 -1 $-1 $1732 -0.75 $1686 0.25 $1681 $1733 forward @7 unknown #
edge $1734 -1 $-1 $1687 0 $1735 1 $1678 $1736 forward @7 tangent #
coedge $-1 -1 $-1 $1636 $1737 $1728 $1738 forward $81 $-1 #
color-adesk-attrib $-1 -1 $-1 $-1 $1637 256 #
vertex $-1 -1 $-1 $1637 $1739 #
vertex $-1 -1 $-1 $1637 $1740 #
straight-curve $-1 -1 $-1 0.300000000000000322 -2.099999999999999645 -0.5 0.738339244016177787 -0.6744295076178229431 0 F 0 F 0.5385029373038842104 #
coedge $-1 -1 $-1 $1726 $1638 $1725 $1741 forward $193 $-1 #
edge $1742 -1 $-1 $1647 0 $1692 1 $1641 $1743 forward @7 tangent #
color-adesk-attrib $-1 -1 $-1 $-1 $1642 256 #
vertex $-1 -1 $-1 $1690 $1744 #
straight-curve $-1 -1 $-1 0.6820308511963005804 -2.548234537995565319 0.5 0.9293522685123702942 0.3691942050072176684 0 I I #
color-adesk-attrib $-1 -1 $-1 $-1 $1645 256 #
ellipse-curve $-1 -1 $-1 0.6632019467409323576 -2.500837572301433553 -0.5 0 0 -1 0.03439590488850902128 0.03765530144482512331 0 1 F 0 F 2.023259072960119642 #
point $-1 -1 $-1 0.6820308511963005804 -2.548234537995565319 -0.5 #
coedge $-1 -1 $-1 $1745 $1651 $1746 $1747 forward $81 $-1 #
coedge $-1 -1 $-1 $1748 $1749 $1651 $1699 reversed $1750 $-1 #
edge $1751 -1 $-1 $1704 0 $1752 2.023259072960119642 $1651 $1753 forward @7 unknown #
coedge $-1 -1 $-1 $1754 $1652 $1655 $1707 reversed $1702 $-1 #
coedge $-1 -1 $-1 $1652 $1754 $1748 $1755 reversed $1702 $-1 #
loop $-1 -1 $-1 $-1 $1652 $1756 #
color-adesk-attrib $-1 -1 $-1 $-1 $1653 256 #
vertex $-1 -1 $-1 $1653 $1757 #
straight-curve $-1 -1 $-1 0.3000000000000005995 2.699999999999999289 -0.5 0.738339244016177787 -0.6744295076178229431 0 F 0 F 0.5385029373038842104 #
coedge $-1 -1 $-1 $1655 $1654 $1758 $1759 reversed $1656 $-1 #
edge $1760 -1 $-1 $1761 -0.75 $1658 0.25 $1655 $1762 forward @7 unknown #
face $1763 -1 $-1 $1480 $1656 $7 $-1 $1764 forward single #
point $-1 -1 $-1 0.3000000000000007105 2.700000000000001066 -0.5 #
coedge $-1 -1 $-1 $1664 $1758 $1660 $1711 forward $193 $-1 #
edge $1765 -1 $-1 $1713 -2.023259072960119642 $1667 -0 $1660 $1766 forward @7 unknown #
color-adesk-attrib $-1 -1 $-1 $-1 $1661 256 #
vertex $-1 -1 $-1 $1661 $1767 #
straight-curve $-1 -1 $-1 0.6820308511963009135 2.851765462004435037 -0.5 0 0 1 I I #
color-adesk-attrib $-1 -1 $-1 $-1 $1662 256 #
cone-surface $-1 -1 $-1 0.6632019467409326907 2.899162427698565914 -0.5 0 0 1 0.03439590488850902128 0.03765530144482512331 0 1 I I 0 1 0.05100000000000007999 forward I I I I #
color-adesk-attrib $-1 -1 $-1 $-1 $1665 256 #
straight-curve $-1 -1 $-1 0.300000000000000655 3.300000000000000711 0.5 -0.738339244016177787 0.6744295076178229431 0 I I #
point $-1 -1 $-1 0.6975978516294417675 2.936817729143390565 0.5 #
color-adesk-attrib $-1 -1 $-1 $-1 $1675 256 #
face $1768 -1 $-1 $1769 $1730 $7 $-1 $1770 forward single #
loop $-1 -1 $-1 $-1 $1771 $1675 #
cone-surface $-1 -1 $-1 0.6632019467409324687 -1.900837572301433909 -0.5 0 0 1 0.03439590488850902128 0.03765530144482512331 0 1 I I 0 1 0.05100000000000007999 forward I I I I #
coedge $-1 -1 $-1 $1772 $1773 $1774 $1775 reversed $1676 $-1 #
coedge $-1 -1 $-1 $1679 $1678 $1689 $1741 reversed $1584 $-1 #
coedge $-1 -1 $-1 $1776 $1689 $1680 $1727 forward $193 $-1 #
edge $1777 -1 $-1 $1735 -0.5385029373038842104 $1732 -0 $1680 $1778 forward @7 unknown #
coedge $-1 -1 $-1 $1779 $1681 $1684 $1738 reversed $1730 $-1 #
coedge $-1 -1 $-1 $1681 $1779 $1776 $1780 reversed $1730 $-1 #
loop $-1 -1 $-1 $-1 $1728 $1721 #
color-adesk-attrib $-1 -1 $-1 $-1 $1682 256 #
vertex $-1 -1 $-1 $1780 $1781 #
straight-curve $-1 -1 $-1 0.2999999999999999334 -2.099999999999999201 -0.25 0 0 -1 I I #
color-adesk-attrib $-1 -1 $-1 $-1 $1683 256 #
vertex $-1 -1 $-1 $1683 $1782 #
straight-curve $-1 -1 $-1 0.6975978516294414344 -2.46318227085660979 -0.5 0 0 1 I I #
coedge $-1 -1 $-1 $1684 $1774 $1771 $1783 forward $81 $-1 #
edge $1784 -1 $-1 $1785 0 $1686 0.4110721672932733939 $1684 $1786 forward @7 unknown #
point $-1 -1 $-1 0.3000000000000003775 -2.099999999999999645 -0.5 #
point $-1 -1 $-1 0.6975978516294414344 -2.46318227085660979 -0.5 #
edge $1787 -1 $-1 $1692 -2.023259072960119642 $1735 -0 $1725 $1788 forward @7 unknown #
color-adesk-attrib $-1 -1 $-1 $-1 $1690 256 #
straight-curve $-1 -1 $-1 0.6820308511963005804 -2.548234537995565319 -0.5 0 0 1 I I #
point $-1 -1 $-1 0.6820308511963005804 -2.548234537995565319 0.5 #
coedge $-1 -1 $-1 $1789 $1697 $1790 $1791 forward $81 $-1 #
coedge $-1 -1 $-1 $1792 $1793 $1697 $1747 reversed $1794 $-1 #
edge $1795 -1 $-1 $1752 0 $1796 0.4110721672932733939 $1697 $1797 forward @7 unknown #
coedge $-1 -1 $-1 $1798 $1698 $1701 $1755 forward $1750 $-1 #
coedge $-1 -1 $-1 $1698 $1798 $1792 $1799 reversed $1750 $-1 #
loop $-1 -1 $-1 $-1 $1698 $1800 #
color-adesk-attrib $-1 -1 $-1 $-1 $1699 256 #
vertex $-1 -1 $-1 $1747 $1801 #
ellipse-curve $-1 -1 $-1 0.6632019467409326907 2.299162427698564493 -0.5 0 0 -1 0.03439590488850902128 0.03765530144482512331 0 1 F 0 F 2.023259072960119642 #
coedge $-1 -1 $-1 $1701 $1700 $1802 $1803 reversed $1702 $-1 #
edge $1804 -1 $-1 $1704 0 $1805 1 $1748 $1806 forward @7 tangent #
face $1807 -1 $-1 $1800 $1702 $7 $-1 $1808 forward single #
point $-1 -1 $-1 0.6975978516294416565 2.336817729143389144 -0.5 #
coedge $-1 -1 $-1 $1710 $1802 $1706 $1759 forward $193 $-1 #
edge $1809 -1 $-1 $1761 -0.4110721672932733939 $1713 -0 $1706 $1810 forward @7 unknown #
color-adesk-attrib $-1 -1 $-1 $-1 $1707 256 #
vertex $-1 -1 $-1 $1759 $1811 #
straight-curve $-1 -1 $-1 0.3000000000000001554 2.699999999999999734 -0.25 0 0 -1 I I #
color-adesk-attrib $-1 -1 $-1 $-1 $1708 256 #
plane-surface $-1 -1 $-1 0.3000000000000007105 2.700000000000001066 -0.5 0.3691942050072176684 -0.9293522685123701832 0 0.9293522685123700722 0.3691942050072176129 0 forward_v I I I I #
color-adesk-attrib $-1 -1 $-1 $-1 $1711 256 #
ellipse-curve $-1 -1 $-1 0.6632019467409326907 2.899162427698565914 0.5 0 0 1 0.03439590488850902128 0.03765530144482512331 0 1 I I #
point $-1 -1 $-1 0.6820308511963009135 2.851765462004435037 0.5 #
color-adesk-attrib $-1 -1 $-1 $-1 $1721 256 #
face $1812 -1 $-1 $1813 $1814 $7 $-1 $1815 forward single #
plane-surface $-1 -1 $-1 0.3000000000000003775 -2.099999999999999645 -0.5 0.3691942050072176684 -0.9293522685123701832 0 0.9293522685123700722 0.3691942050072176129 0 forward_v I I I I #
coedge $-1 -1 $-1 $1816 $1817 $1737 $1783 reversed $1722 $-1 #
coedge $-1 -1 $-1 $1818 $1724 $1819 $1820 reversed $1676 $-1 #
coedge $-1 -1 $-1 $1724 $1818 $1816 $1821 reversed $1676 $-1 #
coedge $-1 -1 $-1 $1737 $1822 $1724 $1775 forward $81 $-1 #
edge $1823 -1 $-1 $1824 0 $1825 0.5385029373038842104 $1774 $1826 forward @7 unknown #
coedge $-1 -1 $-1 $1827 $1726 $1729 $1780 forward $193 $-1 #
color-adesk-attrib $-1 -1 $-1 $-1 $1727 256 #
straight-curve $-1 -1 $-1 0.300000000000000322 -2.099999999999999645 0.5 -0.738339244016177787 0.6744295076178229431 0 I I #
coedge $-1 -1 $-1 $1729 $1728 $1817 $1828 forward $1730 $-1 #
edge $1829 -1 $-1 $1732 -0.4110721672932733939 $1830 -0 $1729 $1831 forward @7 unknown #
point $-1 -1 $-1 0.3000000000000003775 -2.099999999999999645 0.5 #
point $-1 -1 $-1 0.6975978516294414344 -2.46318227085660979 0.5 #
edge $1832 -1 $-1 $1825 0 $1785 2.023259072960119642 $1737 $1833 forward @7 unknown #
color-adesk-attrib $-1 -1 $-1 $-1 $1738 256 #
vertex $-1 -1 $-1 $1738 $1834 #
straight-curve $-1 -1 $-1 0.6820308511963005804 -1.948234537995565674 -0.5 -0.9293522685123702942 -0.3691942050072176684 0 F 0 F 0.4110721672932733939 #
color-adesk-attrib $-1 -1 $-1 $-1 $1741 256 #
ellipse-curve $-1 -1 $-1 0.6632019467409323576 -2.500837572301433553 0.5 0 0 1 0.03439590488850902128 0.03765530144482512331 0 1 I I #
coedge $-1 -1 $-1 $1835 $1745 $1836 $1837 forward $81 $-1 #
coedge $-1 -1 $-1 $1838 $1839 $1745 $1791 reversed $1840 $-1 #
edge $1841 -1 $-1 $1796 0 $1842 0.5385029373038842104 $1745 $1843 forward @7 unknown #
coedge $-1 -1 $-1 $1844 $1746 $1749 $1799 forward $1794 $-1 #
coedge $-1 -1 $-1 $1746 $1844 $1838 $1845 forward $1794 $-1 #
loop $-1 -1 $-1 $-1 $1746 $1846 #
color-adesk-attrib $-1 -1 $-1 $-1 $1747 256 #
vertex $-1 -1 $-1 $1791 $1847 #
straight-curve $-1 -1 $-1 0.6820308511963009135 2.251765462004433616 -0.5 -0.9293522685123702942 -0.3691942050072176684 0 F 0 F 0.4110721672932733939 #
coedge $-1 -1 $-1 $1749 $1748 $1848 $1849 reversed $1750 $-1 #
edge $1850 -1 $-1 $1752 0 $1851 1 $1792 $1852 forward @7 tangent #
face $1853 -1 $-1 $1846 $1750 $7 $-1 $1854 forward single #
point $-1 -1 $-1 0.6820308511963009135 2.251765462004433616 -0.5 #
coedge $-1 -1 $-1 $1758 $1848 $1754 $1803 forward $193 $-1 #
edge $1855 -1 $-1 $1805 -0.5385029373038842104 $1761 -0 $1754 $1856 forward @7 unknown #
color-adesk-attrib $-1 -1 $-1 $-1 $1755 256 #
vertex $-1 -1 $-1 $1755 $1857 #
straight-curve $-1 -1 $-1 0.6975978516294416565 2.336817729143389144 -0.5 0 0 1 I I #
color-adesk-attrib $-1 -1 $-1 $-1 $1756 256 #
plane-surface $-1 -1 $-1 0.6975978516294416565 2.336817729143389144 -0.5 0.6744295076178229431 0.738339244016177787 0 -0.738339244016177787 0.6744295076178229431 0 forward_v I I I I #
color-adesk-attrib $-1 -1 $-1 $-1 $1759 256 #
straight-curve $-1 -1 $-1 0.6820308511963009135 2.851765462004435037 0.5 0.9293522685123702942 0.3691942050072176684 0 I I #
point $-1 -1 $-1 0.3000000000000007105 2.700000000000001066 0.5 #
color-adesk-attrib $-1 -1 $-1 $-1 $1769 256 #
face $1858 -1 $-1 $1859 $1860 $7 $-1 $1861 forward single #
loop $-1 -1 $-1 $-1 $1862 $1769 #
plane-surface $-1 -1 $-1 0.6975978516294414344 -1.263182270856610501 -0.5 0.6744295076178229431 0.738339244016177787 0 -0.738339244016177787 0.6744295076178229431 0 forward_v I I I I #
coedge $-1 -1 $-1 $1863 $1771 $1773 $1821 forward $1722 $-1 #
coedge $-1 -1 $-1 $1771 $1863 $1779 $1828 reversed $1722 $-1 #
coedge $-1 -1 $-1 $1773 $1772 $1864 $1865 reversed $1676 $-1 #
coedge $-1 -1 $-1 $1866 $1867 $1772 $1820 forward $1868 $-1 #
edge $1869 -1 $-1 $1870 -0.75 $1824 0.25 $1819 $1871 forward @7 unknown #
edge $1872 -1 $-1 $1825 0 $1873 1 $1816 $1874 forward @7 tangent #
coedge $-1 -1 $-1 $1774 $1875 $1866 $1876 forward $81 $-1 #
color-adesk-attrib $-1 -1 $-1 $-1 $1775 256 #
vertex $-1 -1 $-1 $1775 $1877 #
vertex $-1 -1 $-1 $1775 $1878 #
straight-curve $-1 -1 $-1 0.3000000000000003775 -1.5 -0.5 0.738339244016177787 -0.6744295076178229431 0 F 0 F 0.5385029373038842104 #
coedge $-1 -1 $-1 $1864 $1776 $1863 $1879 forward $193 $-1 #
edge $1880 -1 $-1 $1785 0 $1830 1 $1779 $1881 forward @7 tangent #
color-adesk-attrib $-1 -1 $-1 $-1 $1780 256 #
vertex $-1 -1 $-1 $1828 $1882 #
straight-curve $-1 -1 $-1 0.6820308511963005804 -1.948234537995565674 0.5 0.9293522685123702942 0.3691942050072176684 0 I I #
color-adesk-attrib $-1 -1 $-1 $-1 $1783 256 #
ellipse-curve $-1 -1 $-1 0.6632019467409324687 -1.900837572301433909 -0.5 0 0 -1 0.03439590488850902128 0.03765530144482512331 0 1 F 0 F 2.023259072960119642 #
point $-1 -1 $-1 0.6820308511963005804 -1.948234537995565674 -0.5 #
coedge $-1 -1 $-1 $1883 $1789 $1884 $1885 forward $81 $-1 #
coedge $-1 -1 $-1 $1886 $1887 $1789 $1837 reversed $1888 $-1 #
edge $1889 -1 $-1 $1842 0 $1890 2.023259072960119642 $1789 $1891 forward @7 unknown #
coedge $-1 -1 $-1 $1892 $1790 $1793 $1845 reversed $1840 $-1 #
coedge $-1 -1 $-1 $1790 $1892 $1886 $1893 reversed $1840 $-1 #
loop $-1 -1 $-1 $-1 $1790 $1894 #
color-adesk-attrib $-1 -1 $-1 $-1 $1791 256 #
vertex $-1 -1 $-1 $1791 $1895 #
straight-curve $-1 -1 $-1 0.3000000000000005995 2.099999999999999645 -0.5 0.738339244016177787 -0.6744295076178229431 0 F 0 F 0.5385029373038842104 #
coedge $-1 -1 $-1 $1793 $1792 $1896 $1897 reversed $1794 $-1 #
edge $1898 -1 $-1 $1899 -0.75 $1796 0.25 $1793 $1900 forward @7 unknown #
face $1901 -1 $-1 $1618 $1794 $7 $-1 $1902 forward single #
point $-1 -1 $-1 0.300000000000000655 2.099999999999999645 -0.5 #
coedge $-1 -1 $-1 $1802 $1896 $1798 $1849 forward $193 $-1 #
edge $1903 -1 $-1 $1851 -2.023259072960119642 $1805 -0 $1798 $1904 forward @7 unknown #
color-adesk-attrib $-1 -1 $-1 $-1 $1799 256 #
vertex $-1 -1 $-1 $1799 $1905 #
straight-curve $-1 -1 $-1 0.6820308511963009135 2.251765462004433616 -0.5 0 0 1 I I #
color-adesk-attrib $-1 -1 $-1 $-1 $1800 256 #
cone-surface $-1 -1 $-1 0.6632019467409326907 2.299162427698564493 -0.5 0 0 1 0.03439590488850902128 0.03765530144482512331 0 1 I I 0 1 0.05100000000000007999 forward I I I I #
color-adesk-attrib $-1 -1 $-1 $-1 $1803 256 #
straight-curve $-1 -1 $-1 0.3000000000000005995 2.699999999999999289 0.5 -0.738339244016177787 0.6744295076178229431 0 I I #
point $-1 -1 $-1 0.6975978516294416565 2.336817729143389144 0.5 #
color-adesk-attrib $-1 -1 $-1 $-1 $1813 256 #
face $1906 -1 $-1 $1907 $1868 $7 $-1 $1908 forward single #
loop $-1 -1 $-1 $-1 $1909 $1813 #
cone-surface $-1 -1 $-1 0.6632019467409324687 -1.300837572301434264 -0.5 0 0 1 0.03439590488850902128 0.03765530144482512331 0 1 I I 0 1 0.05100000000000007999 forward I I I I #
coedge $-1 -1 $-1 $1910 $1911 $1912 $1913 reversed $1814 $-1 #
coedge $-1 -1 $-1 $1817 $1816 $1827 $1879 reversed $1722 $-1 #
coedge $-1 -1 $-1 $1914 $1827 $1818 $1865 forward $193 $-1 #
edge $1915 -1 $-1 $1873 -0.5385029373038842104 $1870 -0 $1818 $1916 forward @7 unknown #
coedge $-1 -1 $-1 $1917 $1819 $1822 $1876 reversed $1868 $-1 #
coedge $-1 -1 $-1 $1819 $1917 $1914 $1918 reversed $1868 $-1 #
loop $-1 -1 $-1 $-1 $1866 $1859 #
color-adesk-attrib $-1 -1 $-1 $-1 $1820 256 #
vertex $-1 -1 $-1 $1918 $1919 #
straight-curve $-1 -1 $-1 0.2999999999999999889 -1.499999999999999778 -0.25 0 0 -1 I I #
color-adesk-attrib $-1 -1 $-1 $-1 $1821 256 #
vertex $-1 -1 $-1 $1821 $1920 #
straight-curve $-1 -1 $-1 0.6975978516294414344 -1.863182270856610145 -0.5 0 0 1 I I #
coedge $-1 -1 $-1 $1822 $1912 $1909 $1921 forward $81 $-1 #
edge $1922 -1 $-1 $1923 0 $1824 0.4110721672932733939 $1822 $1924 forward @7 unknown #
point $-1 -1 $-1 0.300000000000000433 -1.5 -0.5 #
point $-1 -1 $-1 0.6975978516294414344 -1.863182270856610145 -0.5 #
edge $1925 -1 $-1 $1830 -2.023259072960119642 $1873 -0 $1863 $1926 forward @7 unknown #
color-adesk-attrib $-1 -1 $-1 $-1 $1828 256 #
straight-curve $-1 -1 $-1 0.6820308511963005804 -1.948234537995565674 -0.5 0 0 1 I I #
point $-1 -1 $-1 0.6820308511963005804 -1.948234537995565674 0.5 #
coedge $-1 -1 $-1 $1927 $1835 $1928 $1929 forward $81 $-1 #
coedge $-1 -1 $-1 $1930 $1931 $1835 $1885 reversed $1932 $-1 #
edge $1933 -1 $-1 $1890 0 $1934 0.4110721672932733939 $1835 $1935 forward @7 unknown #
coedge $-1 -1 $-1 $1936 $1836 $1839 $1893 forward $1888 $-1 #
coedge $-1 -1 $-1 $1836 $1936 $1930 $1937 reversed $1888 $-1 #
loop $-1 -1 $-1 $-1 $1836 $1938 #
color-adesk-attrib $-1 -1 $-1 $-1 $1837 256 #
vertex $-1 -1 $-1 $1885 $1939 #
ellipse-curve $-1 -1 $-1 0.6632019467409326907 1.699162427698564848 -0.5 0 0 -1 0.03439590488850902128 0.03765530144482512331 0 1 F 0 F 2.023259072960119642 #
coedge $-1 -1 $-1 $1839 $1838 $1940 $1941 reversed $1840 $-1 #
edge $1942 -1 $-1 $1842 0 $1943 1 $1886 $1944 forward @7 tangent #
face $1945 -1 $-1 $1938 $1840 $7 $-1 $1946 forward single #
point $-1 -1 $-1 0.6975978516294416565 1.736817729143389499 -0.5 #
coedge $-1 -1 $-1 $1848 $1940 $1844 $1897 forward $193 $-1 #
edge $1947 -1 $-1 $1899 -0.4110721672932733939 $1851 -0 $1844 $1948 forward @7 unknown #
color-adesk-attrib $-1 -1 $-1 $-1 $1845 256 #
vertex $-1 -1 $-1 $1897 $1949 #
straight-curve $-1 -1 $-1 0.3000000000000000444 2.100000000000000089 -0.25 0 0 -1 I I #
color-adesk-attrib $-1 -1 $-1 $-1 $1846 256 #
plane-surface $-1 -1 $-1 0.300000000000000655 2.099999999999999645 -0.5 0.3691942050072176684 -0.9293522685123701832 0 0.9293522685123700722 0.3691942050072176129 0 forward_v I I I I #
color-adesk-attrib $-1 -1 $-1 $-1 $1849 256 #
ellipse-curve $-1 -1 $-1 0.6632019467409326907 2.299162427698564493 0.5 0 0 1 0.03439590488850902128 0.03765530144482512331 0 1 I I #
point $-1 -1 $-1 0.6820308511963009135 2.251765462004433616 0.5 #
color-adesk-attrib $-1 -1 $-1 $-1 $1859 256 #
face $1950 -1 $-1 $1951 $1952 $7 $-1 $1953 forward single #
plane-surface $-1 -1 $-1 0.300000000000000433 -1.5 -0.5 0.3691942050072176684 -0.9293522685123701832 0 0.9293522685123700722 0.3691942050072176129 0 forward_v I I I I #
coedge $-1 -1 $-1 $1954 $1955 $1875 $1921 reversed $1860 $-1 #
coedge $-1 -1 $-1 $1956 $1862 $1957 $1958 reversed $1814 $-1 #
coedge $-1 -1 $-1 $1862 $1956 $1954 $1959 reversed $1814 $-1 #
coedge $-1 -1 $-1 $1875 $1960 $1862 $1913 forward $81 $-1 #
edge $1961 -1 $-1 $1962 0 $1963 0.5385029373038842104 $1912 $1964 forward @7 unknown #
coedge $-1 -1 $-1 $1965 $1864 $1867 $1918 forward $193 $-1 #
color-adesk-attrib $-1 -1 $-1 $-1 $1865 256 #
straight-curve $-1 -1 $-1 0.3000000000000003775 -1.5 0.5 -0.738339244016177787 0.6744295076178229431 0 I I #
coedge $-1 -1 $-1 $1867 $1866 $1955 $1966 forward $1868 $-1 #
edge $1967 -1 $-1 $1870 -0.4110721672932733939 $1968 -0 $1867 $1969 forward @7 unknown #
point $-1 -1 $-1 0.300000000000000433 -1.5 0.5 #
point $-1 -1 $-1 0.6975978516294414344 -1.863182270856610145 0.5 #
edge $1970 -1 $-1 $1963 0 $1923 2.023259072960119642 $1875 $1971 forward @7 unknown #
color-adesk-attrib $-1 -1 $-1 $-1 $1876 256 #
vertex $-1 -1 $-1 $1876 $1972 #
straight-curve $-1 -1 $-1 0.6820308511963006914 -1.348234537995566029 -0.5 -0.9293522685123702942 -0.3691942050072176684 0 F 0 F 0.4110721672932733939 #
color-adesk-attrib $-1 -1 $-1 $-1 $1879 256 #
ellipse-curve $-1 -1 $-1 0.6632019467409324687 -1.900837572301433909 0.5 0 0 1 0.03439590488850902128 0.03765530144482512331 0 1 I I #
coedge $-1 -1 $-1 $1973 $1883 $1974 $1975 forward $81 $-1 #
coedge $-1 -1 $-1 $1976 $1977 $1883 $1929 reversed $1978 $-1 #
edge $1979 -1 $-1 $1934 0 $1980 0.5385029373038842104 $1883 $1981 forward @7 unknown #
coedge $-1 -1 $-1 $1982 $1884 $1887 $1937 forward $1932 $-1 #
coedge $-1 -1 $-1 $1884 $1982 $1976 $1983 forward $1932 $-1 #
loop $-1 -1 $-1 $-1 $1884 $1984 #
color-adesk-attrib $-1 -1 $-1 $-1 $1885 256 #
vertex $-1 -1 $-1 $1929 $1985 #
straight-curve $-1 -1 $-1 0.6820308511963008025 1.651765462004433971 -0.5 -0.9293522685123702942 -0.3691942050072176684 0 F 0 F 0.4110721672932733939 #
coedge $-1 -1 $-1 $1887 $1886 $1986 $1987 reversed $1888 $-1 #
edge $1988 -1 $-1 $1890 0 $1989 1 $1930 $1990 forward @7 tangent #
face $1991 -1 $-1 $1984 $1888 $7 $-1 $1992 forward single #
point $-1 -1 $-1 0.6820308511963008025 1.651765462004433971 -0.5 #
coedge $-1 -1 $-1 $1896 $1986 $1892 $1941 forward $193 $-1 #
edge $1993 -1 $-1 $1943 -0.5385029373038842104 $1899 -0 $1892 $1994 forward @7 unknown #
color-adesk-attrib $-1 -1 $-1 $-1 $1893 256 #
vertex $-1 -1 $-1 $1893 $1995 #
straight-curve $-1 -1 $-1 0.6975978516294416565 1.736817729143389499 -0.5 0 0 1 I I #
color-adesk-attrib $-1 -1 $-1 $-1 $1894 256 #
plane-surface $-1 -1 $-1 0.6975978516294416565 1.736817729143389499 -0.5 0.6744295076178229431 0.738339244016177787 0 -0.738339244016177787 0.6744295076178229431 0 forward_v I I I I #
color-adesk-attrib $-1 -1 $-1 $-1 $1897 256 #
straight-curve $-1 -1 $-1 0.6820308511963009135 2.251765462004433616 0.5 0.9293522685123702942 0.3691942050072176684 0 I I #
point $-1 -1 $-1 0.300000000000000655 2.099999999999999645 0.5 #
color-adesk-attrib $-1 -1 $-1 $-1 $1907 256 #
face $1996 -1 $-1 $1997 $1998 $7 $-1 $1999 forward single #
loop $-1 -1 $-1 $-1 $2000 $1907 #
plane-surface $-1 -1 $-1 0.6975978516294415455 -0.6631822708566090796 -0.5 0.6744295076178229431 0.738339244016177787 0 -0.738339244016177787 0.6744295076178229431 0 forward_v I I I I #
coedge $-1 -1 $-1 $2001 $1909 $1911 $1959 forward $1860 $-1 #
coedge $-1 -1 $-1 $1909 $2001 $1917 $1966 reversed $1860 $-1 #
coedge $-1 -1 $-1 $1911 $1910 $2002 $2003 reversed $1814 $-1 #
coedge $-1 -1 $-1 $2004 $2005 $1910 $1958 forward $2006 $-1 #
edge $2007 -1 $-1 $2008 -0.75 $1962 0.25 $1957 $2009 forward @7 unknown #
edge $2010 -1 $-1 $1963 0 $2011 1 $1954 $2012 forward @7 tangent #
coedge $-1 -1 $-1 $1912 $2013 $2004 $2014 forward $81 $-1 #
color-adesk-attrib $-1 -1 $-1 $-1 $1913 256 #
vertex $-1 -1 $-1 $1913 $2015 #
vertex $-1 -1 $-1 $1913 $2016 #
straight-curve $-1 -1 $-1 0.3000000000000003775 -0.9000000000000003553 -0.5 0.738339244016177787 -0.6744295076178229431 0 F 0 F 0.5385029373038842104 #
coedge $-1 -1 $-1 $2002 $1914 $2001 $2017 forward $193 $-1 #
edge $2018 -1 $-1 $1923 0 $1968 1 $1917 $2019 forward @7 tangent #
color-adesk-attrib $-1 -1 $-1 $-1 $1918 256 #
vertex $-1 -1 $-1 $1966 $2020 #
straight-curve $-1 -1 $-1 0.6820308511963006914 -1.348234537995566029 0.5 0.9293522685123702942 0.3691942050072176684 0 I I #
color-adesk-attrib $-1 -1 $-1 $-1 $1921 256 #
ellipse-curve $-1 -1 $-1 0.6632019467409324687 -1.300837572301434264 -0.5 0 0 -1 0.03439590488850902128 0.03765530144482512331 0 1 F 0 F 2.023259072960119642 #
point $-1 -1 $-1 0.6820308511963006914 -1.348234537995566029 -0.5 #
coedge $-1 -1 $-1 $2021 $1927 $2022 $2023 forward $81 $-1 #
coedge $-1 -1 $-1 $2024 $2025 $1927 $1975 reversed $2026 $-1 #
edge $2027 -1 $-1 $1980 0 $2028 2.023259072960119642 $1927 $2029 forward @7 unknown #
coedge $-1 -1 $-1 $2030 $1928 $1931 $1983 reversed $1978 $-1 #
coedge $-1 -1 $-1 $1928 $2030 $2024 $2031 reversed $1978 $-1 #
loop $-1 -1 $-1 $-1 $1928 $2032 #
color-adesk-attrib $-1 -1 $-1 $-1 $1929 256 #
vertex $-1 -1 $-1 $1929 $2033 #
straight-curve $-1 -1 $-1 0.300000000000000544 1.5 -0.5 0.738339244016177787 -0.6744295076178229431 0 F 0 F 0.5385029373038842104 #
coedge $-1 -1 $-1 $1931 $1930 $2034 $2035 reversed $1932 $-1 #
edge $2036 -1 $-1 $2037 -0.75 $1934 0.25 $1931 $2038 forward @7 unknown #
face $2039 -1 $-1 $1756 $1932 $7 $-1 $2040 forward single #
point $-1 -1 $-1 0.3000000000000005995 1.5 -0.5 #
coedge $-1 -1 $-1 $1940 $2034 $1936 $1987 forward $193 $-1 #
edge $2041 -1 $-1 $1989 -2.023259072960119642 $1943 -0 $1936 $2042 forward @7 unknown #
color-adesk-attrib $-1 -1 $-1 $-1 $1937 256 #
vertex $-1 -1 $-1 $1937 $2043 #
straight-curve $-1 -1 $-1 0.6820308511963008025 1.651765462004433971 -0.5 0 0 1 I I #
color-adesk-attrib $-1 -1 $-1 $-1 $1938 256 #
cone-surface $-1 -1 $-1 0.6632019467409326907 1.699162427698564848 -0.5 0 0 1 0.03439590488850902128 0.03765530144482512331 0 1 I I 0 1 0.05100000000000007999 forward I I I I #
color-adesk-attrib $-1 -1 $-1 $-1 $1941 256 #
straight-curve $-1 -1 $-1 0.3000000000000005995 2.099999999999999645 0.5 -0.738339244016177787 0.6744295076178229431 0 I I #
point $-1 -1 $-1 0.6975978516294416565 1.736817729143389499 0.5 #
color-adesk-attrib $-1 -1 $-1 $-1 $1951 256 #
face $2044 -1 $-1 $2045 $2006 $7 $-1 $2046 forward single #
loop $-1 -1 $-1 $-1 $2047 $1951 #
cone-surface $-1 -1 $-1 0.6632019467409324687 -0.7008375723014328429 -0.5 0 0 1 0.03439590488850902128 0.03765530144482512331 0 1 I I 0 1 0.05100000000000007999 forward I I I I #
coedge $-1 -1 $-1 $2048 $2049 $2050 $2051 reversed $1952 $-1 #
coedge $-1 -1 $-1 $1955 $1954 $1965 $2017 reversed $1860 $-1 #
coedge $-1 -1 $-1 $2052 $1965 $1956 $2003 forward $193 $-1 #
edge $2053 -1 $-1 $2011 -0.5385029373038842104 $2008 -0 $1956 $2054 forward @7 unknown #
coedge $-1 -1 $-1 $2055 $1957 $1960 $2014 reversed $2006 $-1 #
coedge $-1 -1 $-1 $1957 $2055 $2052 $2056 reversed $2006 $-1 #
loop $-1 -1 $-1 $-1 $2004 $1997 #
color-adesk-attrib $-1 -1 $-1 $-1 $1958 256 #
vertex $-1 -1 $-1 $2056 $2057 #
straight-curve $-1 -1 $-1 0.2999999999999999889 -0.9000000000000000222 -0.25 0 0 -1 I I #
color-adesk-attrib $-1 -1 $-1 $-1 $1959 256 #
vertex $-1 -1 $-1 $1959 $2058 #
straight-curve $-1 -1 $-1 0.6975978516294414344 -1.263182270856610501 -0.5 0 0 1 I I #
coedge $-1 -1 $-1 $1960 $2050 $2047 $2059 forward $81 $-1 #
edge $2060 -1 $-1 $2061 0 $1962 0.4110721672932733939 $1960 $2062 forward @7 unknown #
point $-1 -1 $-1 0.3000000000000004885 -0.8999999999999985789 -0.5 #
point $-1 -1 $-1 0.6975978516294414344 -1.263182270856610501 -0.5 #
edge $2063 -1 $-1 $1968 -2.023259072960119642 $2011 -0 $2001 $2064 forward @7 unknown #
color-adesk-attrib $-1 -1 $-1 $-1 $1966 256 #
straight-curve $-1 -1 $-1 0.6820308511963006914 -1.348234537995566029 -0.5 0 0 1 I I #
point $-1 -1 $-1 0.6820308511963006914 -1.348234537995566029 0.5 #
coedge $-1 -1 $-1 $2065 $1973 $2066 $2067 forward $81 $-1 #
coedge $-1 -1 $-1 $2068 $2069 $1973 $2023 reversed $2070 $-1 #
edge $2071 -1 $-1 $2028 0 $2072 0.4110721672932733939 $1973 $2073 forward @7 unknown #
coedge $-1 -1 $-1 $2074 $1974 $1977 $2031 forward $2026 $-1 #
coedge $-1 -1 $-1 $1974 $2074 $2068 $2075 reversed $2026 $-1 #
loop $-1 -1 $-1 $-1 $1974 $2076 #
color-adesk-attrib $-1 -1 $-1 $-1 $1975 256 #
vertex $-1 -1 $-1 $2023 $2077 #
ellipse-curve $-1 -1 $-1 0.6632019467409325797 1.099162427698565203 -0.5 0 0 -1 0.03439590488850902128 0.03765530144482512331 0 1 F 0 F 2.023259072960119642 #
coedge $-1 -1 $-1 $1977 $1976 $2078 $2079 reversed $1978 $-1 #
edge $2080 -1 $-1 $1980 0 $2081 1 $2024 $2082 forward @7 tangent #
face $2083 -1 $-1 $2076 $1978 $7 $-1 $2084 forward single #
point $-1 -1 $-1 0.6975978516294416565 1.136817729143389855 -0.5 #
coedge $-1 -1 $-1 $1986 $2078 $1982 $2035 forward $193 $-1 #
edge $2085 -1 $-1 $2037 -0.4110721672932733939 $1989 -0 $1982 $2086 forward @7 unknown #
color-adesk-attrib $-1 -1 $-1 $-1 $1983 256 #
vertex $-1 -1 $-1 $2035 $2087 #
straight-curve $-1 -1 $-1 0.3000000000000000444 1.500000000000000444 -0.25 0 0 -1 I I #
color-adesk-attrib $-1 -1 $-1 $-1 $1984 256 #
plane-surface $-1 -1 $-1 0.3000000000000005995 1.5 -0.5 0.3691942050072176684 -0.9293522685123701832 0 0.9293522685123700722 0.3691942050072176129 0 forward_v I I I I #
color-adesk-attrib $-1 -1 $-1 $-1 $1987 256 #
ellipse-curve $-1 -1 $-1 0.6632019467409326907 1.699162427698564848 0.5 0 0 1 0.03439590488850902128 0.03765530144482512331 0 1 I I #
point $-1 -1 $-1 0.6820308511963008025 1.651765462004433971 0.5 #
color-adesk-attrib $-1 -1 $-1 $-1 $1997 256 #
face $2088 -1 $-1 $2089 $2090 $7 $-1 $2091 forward single #
plane-surface $-1 -1 $-1 0.3000000000000004885 -0.8999999999999985789 -0.5 0.3691942050072176684 -0.9293522685123701832 0 0.9293522685123700722 0.3691942050072176129 0 forward_v I I I I #
coedge $-1 -1 $-1 $2092 $2093 $2013 $2059 reversed $1998 $-1 #
coedge $-1 -1 $-1 $2094 $2000 $2095 $2096 reversed $1952 $-1 #
coedge $-1 -1 $-1 $2000 $2094 $2092 $2097 reversed $1952 $-1 #
coedge $-1 -1 $-1 $2013 $2098 $2000 $2051 forward $81 $-1 #
edge $2099 -1 $-1 $2100 0 $2101 0.5385029373038842104 $2050 $2102 forward @7 unknown #
coedge $-1 -1 $-1 $2103 $2002 $2005 $2056 forward $193 $-1 #
color-adesk-attrib $-1 -1 $-1 $-1 $2003 256 #
straight-curve $-1 -1 $-1 0.3000000000000003775 -0.9000000000000003553 0.5 -0.738339244016177787 0.6744295076178229431 0 I I #
coedge $-1 -1 $-1 $2005 $2004 $2093 $2104 forward $2006 $-1 #
edge $2105 -1 $-1 $2008 -0.4110721672932733939 $2106 -0 $2005 $2107 forward @7 unknown #
point $-1 -1 $-1 0.3000000000000004885 -0.8999999999999985789 0.5 #
point $-1 -1 $-1 0.6975978516294414344 -1.263182270856610501 0.5 #
edge $2108 -1 $-1 $2101 0 $2061 2.023259072960119642 $2013 $2109 forward @7 unknown #
color-adesk-attrib $-1 -1 $-1 $-1 $2014 256 #
vertex $-1 -1 $-1 $2014 $2110 #
straight-curve $-1 -1 $-1 0.6820308511963006914 -0.7482345379955646081 -0.5 -0.9293522685123702942 -0.3691942050072176684 0 F 0 F 0.4110721672932733939 #
color-adesk-attrib $-1 -1 $-1 $-1 $2017 256 #
ellipse-curve $-1 -1 $-1 0.6632019467409324687 -1.300837572301434264 0.5 0 0 1 0.03439590488850902128 0.03765530144482512331 0 1 I I #
coedge $-1 -1 $-1 $2111 $2021 $2112 $2113 forward $81 $-1 #
coedge $-1 -1 $-1 $2114 $2115 $2021 $2067 reversed $2116 $-1 #
edge $2117 -1 $-1 $2072 0 $2118 0.5385029373038842104 $2021 $2119 forward @7 unknown #
coedge $-1 -1 $-1 $2120 $2022 $2025 $2075 forward $2070 $-1 #
coedge $-1 -1 $-1 $2022 $2120 $2114 $2121 forward $2070 $-1 #
loop $-1 -1 $-1 $-1 $2022 $2122 #
color-adesk-attrib $-1 -1 $-1 $-1 $2023 256 #
vertex $-1 -1 $-1 $2067 $2123 #
straight-curve $-1 -1 $-1 0.6820308511963008025 1.051765462004434326 -0.5 -0.9293522685123702942 -0.3691942050072176684 0 F 0 F 0.4110721672932733939 #
coedge $-1 -1 $-1 $2025 $2024 $2124 $2125 reversed $2026 $-1 #
edge $2126 -1 $-1 $2028 0 $2127 1 $2068 $2128 forward @7 tangent #
face $2129 -1 $-1 $2122 $2026 $7 $-1 $2130 forward single #
point $-1 -1 $-1 0.6820308511963008025 1.051765462004434326 -0.5 #
coedge $-1 -1 $-1 $2034 $2124 $2030 $2079 forward $193 $-1 #
edge $2131 -1 $-1 $2081 -0.5385029373038842104 $2037 -0 $2030 $2132 forward @7 unknown #
color-adesk-attrib $-1 -1 $-1 $-1 $2031 256 #
vertex $-1 -1 $-1 $2031 $2133 #
straight-curve $-1 -1 $-1 0.6975978516294416565 1.136817729143389855 -0.5 0 0 1 I I #
color-adesk-attrib $-1 -1 $-1 $-1 $2032 256 #
plane-surface $-1 -1 $-1 0.6975978516294416565 1.136817729143389855 -0.5 0.6744295076178229431 0.738339244016177787 0 -0.738339244016177787 0.6744295076178229431 0 forward_v I I I I #
color-adesk-attrib $-1 -1 $-1 $-1 $2035 256 #
straight-curve $-1 -1 $-1 0.6820308511963008025 1.651765462004433971 0.5 0.9293522685123702942 0.3691942050072176684 0 I I #
point $-1 -1 $-1 0.3000000000000005995 1.5 0.5 #
color-adesk-attrib $-1 -1 $-1 $-1 $2045 256 #
face $2134 -1 $-1 $2135 $2136 $7 $-1 $2137 forward single #
loop $-1 -1 $-1 $-1 $2138 $2045 #
plane-surface $-1 -1 $-1 0.6975978516294415455 -0.06318227085660943487 -0.5 0.6744295076178229431 0.738339244016177787 0 -0.738339244016177787 0.6744295076178229431 0 forward_v I I I I #
coedge $-1 -1 $-1 $2139 $2047 $2049 $2097 forward $1998 $-1 #
coedge $-1 -1 $-1 $2047 $2139 $2055 $2104 reversed $1998 $-1 #
coedge $-1 -1 $-1 $2049 $2048 $2140 $2141 reversed $1952 $-1 #
coedge $-1 -1 $-1 $2142 $2143 $2048 $2096 forward $2144 $-1 #
edge $2145 -1 $-1 $2146 -0.75 $2100 0.25 $2095 $2147 forward @7 unknown #
edge $2148 -1 $-1 $2101 0 $2149 1 $2092 $2150 forward @7 tangent #
coedge $-1 -1 $-1 $2050 $2151 $2142 $2152 forward $81 $-1 #
color-adesk-attrib $-1 -1 $-1 $-1 $2051 256 #
vertex $-1 -1 $-1 $2051 $2153 #
vertex $-1 -1 $-1 $2051 $2154 #
straight-curve $-1 -1 $-1 0.300000000000000433 -0.2999999999999989342 -0.5 0.738339244016177787 -0.6744295076178229431 0 F 0 F 0.5385029373038842104 #
coedge $-1 -1 $-1 $2140 $2052 $2139 $2155 forward $193 $-1 #
edge $2156 -1 $-1 $2061 0 $2106 1 $2055 $2157 forward @7 tangent #
color-adesk-attrib $-1 -1 $-1 $-1 $2056 256 #
vertex $-1 -1 $-1 $2104 $2158 #
straight-curve $-1 -1 $-1 0.6820308511963006914 -0.7482345379955646081 0.5 0.9293522685123702942 0.3691942050072176684 0 I I #
color-adesk-attrib $-1 -1 $-1 $-1 $2059 256 #
ellipse-curve $-1 -1 $-1 0.6632019467409324687 -0.7008375723014328429 -0.5 0 0 -1 0.03439590488850902128 0.03765530144482512331 0 1 F 0 F 2.023259072960119642 #
point $-1 -1 $-1 0.6820308511963006914 -0.7482345379955646081 -0.5 #
coedge $-1 -1 $-1 $2159 $2065 $2160 $2161 forward $81 $-1 #
coedge $-1 -1 $-1 $2162 $2163 $2065 $2113 reversed $2164 $-1 #
edge $2165 -1 $-1 $2118 0 $2166 2.023259072960119642 $2065 $2167 forward @7 unknown #
coedge $-1 -1 $-1 $2168 $2066 $2069 $2121 reversed $2116 $-1 #
coedge $-1 -1 $-1 $2066 $2168 $2162 $2169 reversed $2116 $-1 #
loop $-1 -1 $-1 $-1 $2066 $2170 #
color-adesk-attrib $-1 -1 $-1 $-1 $2067 256 #
vertex $-1 -1 $-1 $2067 $2171 #
straight-curve $-1 -1 $-1 0.3000000000000004885 0.9000000000000003553 -0.5 0.738339244016177787 -0.6744295076178229431 0 F 0 F 0.5385029373038842104 #
coedge $-1 -1 $-1 $2069 $2068 $2172 $2173 reversed $2070 $-1 #
edge $2174 -1 $-1 $2175 -0.75 $2072 0.25 $2069 $2176 forward @7 unknown #
face $2177 -1 $-1 $1894 $2070 $7 $-1 $2178 forward single #
point $-1 -1 $-1 0.3000000000000005995 0.9000000000000003553 -0.5 #
coedge $-1 -1 $-1 $2078 $2172 $2074 $2125 forward $193 $-1 #
edge $2179 -1 $-1 $2127 -2.023259072960119642 $2081 -0 $2074 $2180 forward @7 unknown #
color-adesk-attrib $-1 -1 $-1 $-1 $2075 256 #
vertex $-1 -1 $-1 $2075 $2181 #
straight-curve $-1 -1 $-1 0.6820308511963008025 1.051765462004434326 -0.5 0 0 1 I I #
color-adesk-attrib $-1 -1 $-1 $-1 $2076 256 #
cone-surface $-1 -1 $-1 0.6632019467409325797 1.099162427698565203 -0.5 0 0 1 0.03439590488850902128 0.03765530144482512331 0 1 I I 0 1 0.05100000000000007999 forward I I I I #
color-adesk-attrib $-1 -1 $-1 $-1 $2079 256 #
straight-curve $-1 -1 $-1 0.300000000000000544 1.5 0.5 -0.738339244016177787 0.6744295076178229431 0 I I #
point $-1 -1 $-1 0.6975978516294416565 1.136817729143389855 0.5 #
color-adesk-attrib $-1 -1 $-1 $-1 $2089 256 #
face $2182 -1 $-1 $2170 $2144 $7 $-1 $2183 forward single #
loop $-1 -1 $-1 $-1 $2184 $2089 #
cone-surface $-1 -1 $-1 0.6632019467409325797 -0.1008375723014331982 -0.5 0 0 1 0.03439590488850902128 0.03765530144482512331 0 1 I I 0 1 0.05100000000000007999 forward I I I I #
coedge $-1 -1 $-1 $2185 $2186 $2159 $2187 reversed $2090 $-1 #
coedge $-1 -1 $-1 $2093 $2092 $2103 $2155 reversed $1998 $-1 #
coedge $-1 -1 $-1 $2188 $2103 $2094 $2141 forward $193 $-1 #
edge $2189 -1 $-1 $2149 -0.5385029373038842104 $2146 -0 $2094 $2190 forward @7 unknown #
coedge $-1 -1 $-1 $2191 $2095 $2098 $2152 reversed $2144 $-1 #
coedge $-1 -1 $-1 $2095 $2191 $2188 $2192 reversed $2144 $-1 #
loop $-1 -1 $-1 $-1 $2142 $2135 #
color-adesk-attrib $-1 -1 $-1 $-1 $2096 256 #
vertex $-1 -1 $-1 $2192 $2193 #
straight-curve $-1 -1 $-1 0.2999999999999999889 -0.2999999999999986011 -0.25 0 0 -1 I I #
color-adesk-attrib $-1 -1 $-1 $-1 $2097 256 #
vertex $-1 -1 $-1 $2097 $2194 #
straight-curve $-1 -1 $-1 0.6975978516294415455 -0.6631822708566090796 -0.5 0 0 1 I I #
coedge $-1 -1 $-1 $2098 $2159 $2184 $2195 forward $81 $-1 #
edge $2196 -1 $-1 $2197 0 $2100 0.4110721672932733939 $2098 $2198 forward @7 unknown #
point $-1 -1 $-1 0.3000000000000004885 -0.2999999999999989342 -0.5 #
point $-1 -1 $-1 0.6975978516294415455 -0.6631822708566090796 -0.5 #
edge $2199 -1 $-1 $2106 -2.023259072960119642 $2149 -0 $2139 $2200 forward @7 unknown #
color-adesk-attrib $-1 -1 $-1 $-1 $2104 256 #
straight-curve $-1 -1 $-1 0.6820308511963006914 -0.7482345379955646081 -0.5 0 0 1 I I #
point $-1 -1 $-1 0.6820308511963006914 -0.7482345379955646081 0.5 #
coedge $-1 -1 $-1 $2151 $2111 $2138 $2187 forward $81 $-1 #
coedge $-1 -1 $-1 $2201 $2202 $2111 $2161 reversed $2203 $-1 #
edge $2204 -1 $-1 $2166 0 $2205 0.4110721672932733939 $2111 $2206 forward @7 unknown #
coedge $-1 -1 $-1 $2207 $2112 $2115 $2169 forward $2164 $-1 #
coedge $-1 -1 $-1 $2112 $2207 $2201 $2208 reversed $2164 $-1 #
loop $-1 -1 $-1 $-1 $2112 $2209 #
color-adesk-attrib $-1 -1 $-1 $-1 $2113 256 #
vertex $-1 -1 $-1 $2161 $2210 #
ellipse-curve $-1 -1 $-1 0.6632019467409325797 0.4991624276985664466 -0.5 0 0 -1 0.03439590488850902128 0.03765530144482512331 0 1 F 0 F 2.023259072960119642 #
coedge $-1 -1 $-1 $2115 $2114 $2211 $2212 reversed $2116 $-1 #
edge $2213 -1 $-1 $2118 0 $2214 1 $2162 $2215 forward @7 tangent #
face $2216 -1 $-1 $2209 $2116 $7 $-1 $2217 forward single #
point $-1 -1 $-1 0.6975978516294416565 0.5368177291433902099 -0.5 #
coedge $-1 -1 $-1 $2124 $2211 $2120 $2173 forward $193 $-1 #
edge $2218 -1 $-1 $2175 -0.4110721672932733939 $2127 -0 $2120 $2219 forward @7 unknown #
color-adesk-attrib $-1 -1 $-1 $-1 $2121 256 #
vertex $-1 -1 $-1 $2173 $2220 #
straight-curve $-1 -1 $-1 0.3000000000000000444 0.9000000000000005773 -0.25 0 0 -1 I I #
color-adesk-attrib $-1 -1 $-1 $-1 $2122 256 #
plane-surface $-1 -1 $-1 0.3000000000000005995 0.9000000000000003553 -0.5 0.3691942050072176684 -0.9293522685123701832 0 0.9293522685123700722 0.3691942050072176129 0 forward_v I I I I #
color-adesk-attrib $-1 -1 $-1 $-1 $2125 256 #
ellipse-curve $-1 -1 $-1 0.6632019467409325797 1.099162427698565203 0.5 0 0 1 0.03439590488850902128 0.03765530144482512331 0 1 I I #
point $-1 -1 $-1 0.6820308511963008025 1.051765462004434326 0.5 #
color-adesk-attrib $-1 -1 $-1 $-1 $2135 256 #
plane-surface $-1 -1 $-1 0.3000000000000004885 -0.2999999999999989342 -0.5 0.3691942050072176684 -0.9293522685123701832 0 0.9293522685123700722 0.3691942050072176129 0 forward_v I I I I #
coedge $-1 -1 $-1 $2221 $2222 $2151 $2195 reversed $2136 $-1 #
coedge $-1 -1 $-1 $2223 $2138 $2202 $2224 reversed $2090 $-1 #
coedge $-1 -1 $-1 $2138 $2223 $2221 $2225 reversed $2090 $-1 #
edge $2226 -1 $-1 $2205 0 $2227 0.5385029373038842104 $2159 $2228 forward @7 unknown #
coedge $-1 -1 $-1 $2229 $2140 $2143 $2192 forward $193 $-1 #
color-adesk-attrib $-1 -1 $-1 $-1 $2141 256 #
straight-curve $-1 -1 $-1 0.300000000000000433 -0.2999999999999989342 0.5 -0.738339244016177787 0.6744295076178229431 0 I I #
coedge $-1 -1 $-1 $2143 $2142 $2222 $2230 forward $2144 $-1 #
edge $2231 -1 $-1 $2146 -0.4110721672932733939 $2232 -0 $2143 $2233 forward @7 unknown #
point $-1 -1 $-1 0.3000000000000004885 -0.2999999999999989342 0.5 #
point $-1 -1 $-1 0.6975978516294415455 -0.6631822708566090796 0.5 #
edge $2234 -1 $-1 $2227 0 $2197 2.023259072960119642 $2151 $2235 forward @7 unknown #
color-adesk-attrib $-1 -1 $-1 $-1 $2152 256 #
vertex $-1 -1 $-1 $2152 $2236 #
straight-curve $-1 -1 $-1 0.6820308511963006914 -0.1482345379955649634 -0.5 -0.9293522685123702942 -0.3691942050072176684 0 F 0 F 0.4110721672932733939 #
color-adesk-attrib $-1 -1 $-1 $-1 $2155 256 #
ellipse-curve $-1 -1 $-1 0.6632019467409324687 -0.7008375723014328429 0.5 0 0 1 0.03439590488850902128 0.03765530144482512331 0 1 I I #
coedge $-1 -1 $-1 $2237 $2160 $2163 $2208 forward $2203 $-1 #
coedge $-1 -1 $-1 $2160 $2237 $2185 $2224 forward $2203 $-1 #
loop $-1 -1 $-1 $-1 $2160 $2238 #
color-adesk-attrib $-1 -1 $-1 $-1 $2161 256 #
vertex $-1 -1 $-1 $2187 $2239 #
straight-curve $-1 -1 $-1 0.6820308511963006914 0.4517654620044346814 -0.5 -0.9293522685123702942 -0.3691942050072176684 0 F 0 F 0.4110721672932733939 #
coedge $-1 -1 $-1 $2163 $2162 $2240 $2241 reversed $2164 $-1 #
edge $2242 -1 $-1 $2166 0 $2243 1 $2201 $2244 forward @7 tangent #
face $2245 -1 $-1 $2238 $2164 $7 $-1 $2246 forward single #
point $-1 -1 $-1 0.6820308511963006914 0.4517654620044346814 -0.5 #
coedge $-1 -1 $-1 $2172 $2240 $2168 $2212 forward $193 $-1 #
edge $2247 -1 $-1 $2214 -0.5385029373038842104 $2175 -0 $2168 $2248 forward @7 unknown #
color-adesk-attrib $-1 -1 $-1 $-1 $2169 256 #
vertex $-1 -1 $-1 $2169 $2249 #
straight-curve $-1 -1 $-1 0.6975978516294416565 0.5368177291433902099 -0.5 0 0 1 I I #
color-adesk-attrib $-1 -1 $-1 $-1 $2170 256 #
plane-surface $-1 -1 $-1 0.6975978516294416565 0.5368177291433902099 -0.5 0.6744295076178229431 0.738339244016177787 0 -0.738339244016177787 0.6744295076178229431 0 forward_v I I I I #
color-adesk-attrib $-1 -1 $-1 $-1 $2173 256 #
straight-curve $-1 -1 $-1 0.6820308511963008025 1.051765462004434326 0.5 0.9293522685123702942 0.3691942050072176684 0 I I #
point $-1 -1 $-1 0.3000000000000005995 0.9000000000000003553 0.5 #
coedge $-1 -1 $-1 $2250 $2184 $2186 $2225 forward $2136 $-1 #
coedge $-1 -1 $-1 $2184 $2250 $2191 $2230 reversed $2136 $-1 #
coedge $-1 -1 $-1 $2186 $2185 $2251 $2252 reversed $2090 $-1 #
edge $2253 -1 $-1 $2254 -0.75 $2205 0.25 $2202 $2255 forward @7 unknown #
edge $2256 -1 $-1 $2227 0 $2257 1 $2221 $2258 forward @7 tangent #
color-adesk-attrib $-1 -1 $-1 $-1 $2187 256 #
vertex $-1 -1 $-1 $2187 $2259 #
straight-curve $-1 -1 $-1 0.3000000000000004885 0.3000000000000007105 -0.5 0.738339244016177787 -0.6744295076178229431 0 F 0 F 0.5385029373038842104 #
coedge $-1 -1 $-1 $2251 $2188 $2250 $2260 forward $193 $-1 #
edge $2261 -1 $-1 $2197 0 $2232 1 $2191 $2262 forward @7 tangent #
color-adesk-attrib $-1 -1 $-1 $-1 $2192 256 #
vertex $-1 -1 $-1 $2230 $2263 #
straight-curve $-1 -1 $-1 0.6820308511963006914 -0.1482345379955649634 0.5 0.9293522685123702942 0.3691942050072176684 0 I I #
color-adesk-attrib $-1 -1 $-1 $-1 $2195 256 #
ellipse-curve $-1 -1 $-1 0.6632019467409325797 -0.1008375723014331982 -0.5 0 0 -1 0.03439590488850902128 0.03765530144482512331 0 1 F 0 F 2.023259072960119642 #
point $-1 -1 $-1 0.6820308511963006914 -0.1482345379955649634 -0.5 #
coedge $-1 -1 $-1 $2202 $2201 $2264 $2265 reversed $2203 $-1 #
face $2266 -1 $-1 $2032 $2203 $7 $-1 $2267 forward single #
point $-1 -1 $-1 0.300000000000000544 0.3000000000000007105 -0.5 #
coedge $-1 -1 $-1 $2211 $2264 $2207 $2241 forward $193 $-1 #
edge $2268 -1 $-1 $2243 -2.023259072960119642 $2214 -0 $2207 $2269 forward @7 unknown #
color-adesk-attrib $-1 -1 $-1 $-1 $2208 256 #
vertex $-1 -1 $-1 $2208 $2270 #
straight-curve $-1 -1 $-1 0.6820308511963006914 0.4517654620044346814 -0.5 0 0 1 I I #
color-adesk-attrib $-1 -1 $-1 $-1 $2209 256 #
cone-surface $-1 -1 $-1 0.6632019467409325797 0.4991624276985664466 -0.5 0 0 1 0.03439590488850902128 0.03765530144482512331 0 1 I I 0 1 0.05100000000000007999 forward I I I I #
color-adesk-attrib $-1 -1 $-1 $-1 $2212 256 #
straight-curve $-1 -1 $-1 0.3000000000000004885 0.9000000000000003553 0.5 -0.738339244016177787 0.6744295076178229431 0 I I #
point $-1 -1 $-1 0.6975978516294416565 0.5368177291433902099 0.5 #
coedge $-1 -1 $-1 $2222 $2221 $2229 $2260 reversed $2136 $-1 #
coedge $-1 -1 $-1 $2264 $2229 $2223 $2252 forward $193 $-1 #
edge $2271 -1 $-1 $2257 -0.5385029373038842104 $2254 -0 $2223 $2272 forward @7 unknown #
color-adesk-attrib $-1 -1 $-1 $-1 $2224 256 #
vertex $-1 -1 $-1 $2265 $2273 #
straight-curve $-1 -1 $-1 0.2999999999999999889 0.3000000000000009881 -0.25 0 0 -1 I I #
color-adesk-attrib $-1 -1 $-1 $-1 $2225 256 #
vertex $-1 -1 $-1 $2225 $2274 #
straight-curve $-1 -1 $-1 0.6975978516294415455 -0.06318227085660943487 -0.5 0 0 1 I I #
point $-1 -1 $-1 0.6975978516294415455 -0.06318227085660943487 -0.5 #
edge $2275 -1 $-1 $2232 -2.023259072960119642 $2257 -0 $2250 $2276 forward @7 unknown #
color-adesk-attrib $-1 -1 $-1 $-1 $2230 256 #
straight-curve $-1 -1 $-1 0.6820308511963006914 -0.1482345379955649634 -0.5 0 0 1 I I #
point $-1 -1 $-1 0.6820308511963006914 -0.1482345379955649634 0.5 #
coedge $-1 -1 $-1 $2240 $2251 $2237 $2265 forward $193 $-1 #
edge $2277 -1 $-1 $2254 -0.4110721672932733939 $2243 -0 $2237 $2278 forward @7 unknown #
color-adesk-attrib $-1 -1 $-1 $-1 $2238 256 #
plane-surface $-1 -1 $-1 0.300000000000000544 0.3000000000000007105 -0.5 0.3691942050072176684 -0.9293522685123701832 0 0.9293522685123700722 0.3691942050072176129 0 forward_v I I I I #
color-adesk-attrib $-1 -1 $-1 $-1 $2241 256 #
ellipse-curve $-1 -1 $-1 0.6632019467409325797 0.4991624276985664466 0.5 0 0 1 0.03439590488850902128 0.03765530144482512331 0 1 I I #
point $-1 -1 $-1 0.6820308511963006914 0.4517654620044346814 0.5 #
color-adesk-attrib $-1 -1 $-1 $-1 $2252 256 #
straight-curve $-1 -1 $-1 0.3000000000000004885 0.3000000000000007105 0.5 -0.738339244016177787 0.6744295076178229431 0 I I #
point $-1 -1 $-1 0.300000000000000544 0.3000000000000007105 0.5 #
point $-1 -1 $-1 0.6975978516294415455 -0.06318227085660943487 0.5 #
color-adesk-attrib $-1 -1 $-1 $-1 $2260 256 #
ellipse-curve $-1 -1 $-1 0.6632019467409325797 -0.1008375723014331982 0.5 0 0 1 0.03439590488850902128 0.03765530144482512331 0 1 I I #
color-adesk-attrib $-1 -1 $-1 $-1 $2265 256 #
straight-curve $-1 -1 $-1 0.6820308511963006914 0.4517654620044346814 0.5 0.9293522685123702942 0.3691942050072176684 0 I I #
