700 4032 2 0        
16 Autodesk AutoCAD 20 ASM 230.7.0.65535 NT 24 Tue Sep  2 11:16:00 2025 
1 9.999999999999999547e-07 1.000000000000000036e-10 
body $-1 -1 $-1 $2 $-1 $3 #
body $-1 -1 $-1 $4 $-1 $5 #
lump $-1 -1 $-1 $-1 $6 $0 #
transform $-1 -1 1 0 0 0 1 0 0 0 1 190.5 20.44999999999999929 0.5 1 no_rotate no_reflect no_shear #
lump $-1 -1 $-1 $7 $8 $1 #
transform $-1 -1 1 0 0 0 1 0 0 0 1 -0.2999999999999999889 19.94999999999999929 0.5 1 no_rotate no_reflect no_shear #
shell $-1 -1 $-1 $-1 $-1 $9 $-1 $2 #
lump $-1 -1 $-1 $-1 $10 $1 #
shell $-1 -1 $-1 $-1 $-1 $11 $-1 $4 #
face $12 -1 $-1 $13 $14 $6 $-1 $15 forward single #
shell $-1 -1 $-1 $-1 $-1 $16 $-1 $7 #
face $17 -1 $-1 $18 $19 $8 $-1 $20 forward single #
color-adesk-attrib $-1 -1 $-1 $-1 $9 256 #
face $21 -1 $-1 $22 $23 $6 $-1 $24 reversed single #
loop $-1 -1 $-1 $-1 $25 $9 #
plane-surface $-1 -1 $-1 0 0 0.5 0 0 1 1 0 0 forward_v I I I I #
face $26 -1 $-1 $27 $28 $10 $-1 $29 forward single #
color-adesk-attrib $-1 -1 $-1 $-1 $11 256 #
face $30 -1 $-1 $31 $32 $8 $-1 $33 forward single #
loop $-1 -1 $-1 $-1 $34 $11 #
plane-surface $-1 -1 $-1 0.3000000000000000444 -19.24824561403508838 -0.5 0.5756064361146089325 -0.8177268680332319128 0 0.8177268680332319128 0.5756064361146089325 0 forward_v I I I I #
color-adesk-attrib $-1 -1 $-1 $-1 $13 256 #
face $35 -1 $-1 $36 $37 $6 $-1 $38 reversed single #
loop $-1 -1 $-1 $-1 $39 $13 #
plane-surface $-1 -1 $-1 0 0 -0.5 0 0 1 1 0 0 forward_v I I I I #
coedge $-1 -1 $-1 $40 $41 $42 $43 forward $14 $-1 #
color-adesk-attrib $-1 -1 $-1 $-1 $16 256 #
face $44 -1 $-1 $45 $46 $10 $-1 $47 forward single #
loop $-1 -1 $-1 $-1 $48 $16 #
plane-surface $-1 -1 $-1 0.3000000000000024314 20.05000000000000071 -0.5 0.5756064361146089325 -0.8177268680332319128 0 0.8177268680332319128 0.5756064361146089325 0 forward_v I I I I #
color-adesk-attrib $-1 -1 $-1 $-1 $18 256 #
face $49 -1 $-1 $50 $51 $8 $-1 $52 forward single #
loop $-1 -1 $-1 $-1 $53 $18 #
plane-surface $-1 -1 $-1 0.8813210369286270662 -18.83904769797574019 -0.5 0.447387821447156997 0.8943400568132721107 0 -0.8943400568132721107 0.447387821447156997 0 forward_v I I I I #
coedge $-1 -1 $-1 $54 $55 $56 $57 forward $19 $-1 #
color-adesk-attrib $-1 -1 $-1 $-1 $22 256 #
face $58 -1 $-1 $59 $60 $6 $-1 $61 reversed single #
loop $-1 -1 $-1 $-1 $62 $22 #
plane-surface $-1 -1 $-1 0 -0.5 0 0 1 -0 -0 0 1 forward_v I I I I #
coedge $-1 -1 $-1 $63 $64 $65 $66 forward $23 $-1 #
coedge $-1 -1 $-1 $67 $25 $68 $69 forward $14 $-1 #
coedge $-1 -1 $-1 $25 $67 $70 $71 forward $14 $-1 #
coedge $-1 -1 $-1 $72 $73 $25 $43 reversed $74 $-1 #
edge $75 -1 $-1 $76 -0.5 $77 0.5 $42 $78 forward @7 unknown #
color-adesk-attrib $-1 -1 $-1 $-1 $27 256 #
face $79 -1 $-1 $80 $81 $10 $-1 $82 forward single #
loop $-1 -1 $-1 $-1 $83 $27 #
plane-surface $-1 -1 $-1 0.3000000000000024314 20.75 -0.5 -1 0 0 0 -1 0 forward_v I I I I #
coedge $-1 -1 $-1 $84 $85 $86 $87 forward $28 $-1 #
color-adesk-attrib $-1 -1 $-1 $-1 $31 256 #
face $88 -1 $-1 $89 $90 $8 $-1 $91 forward single #
loop $-1 -1 $-1 $-1 $92 $31 #
plane-surface $-1 -1 $-1 0.3000000000000000999 -17.84473684210525946 -0.5 0.5756064361146089325 -0.8177268680332319128 0 0.8177268680332319128 0.5756064361146089325 0 forward_v I I I I #
coedge $-1 -1 $-1 $93 $94 $95 $96 forward $32 $-1 #
coedge $-1 -1 $-1 $97 $34 $94 $98 forward $19 $-1 #
coedge $-1 -1 $-1 $34 $97 $99 $100 reversed $19 $-1 #
coedge $-1 -1 $-1 $101 $95 $34 $57 reversed $102 $-1 #
edge $103 -1 $-1 $104 0 $105 0.7108987849779230261 $34 $106 forward @7 unknown #
color-adesk-attrib $-1 -1 $-1 $-1 $36 256 #
face $107 -1 $-1 $108 $109 $6 $-1 $110 reversed single #
loop $-1 -1 $-1 $-1 $111 $36 #
plane-surface $-1 -1 $-1 -0.5 0 0 1 0 0 0 0 -1 forward_v I I I I #
coedge $-1 -1 $-1 $112 $70 $113 $114 forward $37 $-1 #
coedge $-1 -1 $-1 $115 $39 $112 $116 forward $23 $-1 #
coedge $-1 -1 $-1 $39 $115 $117 $118 forward $23 $-1 #
coedge $-1 -1 $-1 $73 $72 $39 $66 reversed $74 $-1 #
edge $119 -1 $-1 $120 -0.5 $121 0.5 $65 $122 forward @7 unknown #
coedge $-1 -1 $-1 $41 $40 $123 $124 forward $14 $-1 #
coedge $-1 -1 $-1 $125 $126 $40 $69 reversed $109 $-1 #
edge $127 -1 $-1 $77 -0.5 $128 0.5 $68 $129 forward @7 unknown #
coedge $-1 -1 $-1 $62 $130 $41 $71 reversed $37 $-1 #
edge $131 -1 $-1 $132 -0.5 $76 0.5 $70 $133 forward @7 unknown #
coedge $-1 -1 $-1 $65 $42 $130 $134 forward $74 $-1 #
coedge $-1 -1 $-1 $42 $65 $125 $135 reversed $74 $-1 #
loop $-1 -1 $-1 $-1 $72 $108 #
color-adesk-attrib $-1 -1 $-1 $-1 $43 256 #
vertex $-1 -1 $-1 $43 $136 #
vertex $-1 -1 $-1 $43 $137 #
straight-curve $-1 -1 $-1 0.5 0 0.5 0 1 0 I I #
color-adesk-attrib $-1 -1 $-1 $-1 $45 256 #
face $138 -1 $-1 $139 $140 $10 $-1 $141 forward single #
loop $-1 -1 $-1 $-1 $142 $45 #
plane-surface $-1 -1 $-1 0.8813210369286292867 20.4591979160593489 -0.5 0.447387821447156997 0.8943400568132721107 0 -0.8943400568132721107 0.447387821447156997 0 forward_v I I I I #
coedge $-1 -1 $-1 $143 $144 $145 $146 forward $46 $-1 #
coedge $-1 -1 $-1 $147 $48 $148 $149 forward $28 $-1 #
coedge $-1 -1 $-1 $48 $147 $143 $150 reversed $28 $-1 #
coedge $-1 -1 $-1 $145 $151 $48 $87 reversed $152 $-1 #
edge $153 -1 $-1 $154 0 $155 0.7108987849779230261 $48 $156 forward @7 unknown #
color-adesk-attrib $-1 -1 $-1 $-1 $50 256 #
face $157 -1 $-1 $158 $159 $8 $-1 $160 forward single #
loop $-1 -1 $-1 $-1 $161 $50 #
plane-surface $-1 -1 $-1 0.8813210369286270662 -17.43553892604591127 -0.5 0.447387821447156997 0.8943400568132721107 0 -0.8943400568132721107 0.447387821447156997 0 forward_v I I I I #
coedge $-1 -1 $-1 $162 $163 $164 $165 forward $51 $-1 #
coedge $-1 -1 $-1 $166 $53 $167 $168 reversed $32 $-1 #
coedge $-1 -1 $-1 $53 $166 $54 $98 reversed $32 $-1 #
coedge $-1 -1 $-1 $56 $169 $53 $96 reversed $102 $-1 #
edge $170 -1 $-1 $105 0 $171 0.6500000000000000222 $53 $172 forward @7 unknown #
coedge $-1 -1 $-1 $55 $54 $173 $174 reversed $19 $-1 #
edge $175 -1 $-1 $105 0 $176 1 $94 $177 forward @7 unknown #
coedge $-1 -1 $-1 $178 $179 $55 $100 forward $180 $-1 #
edge $181 -1 $-1 $104 -0.25 $182 0.75 $99 $183 forward @7 unknown #
coedge $-1 -1 $-1 $184 $56 $179 $185 forward $102 $-1 #
loop $-1 -1 $-1 $-1 $186 $187 #
color-adesk-attrib $-1 -1 $-1 $-1 $57 256 #
vertex $-1 -1 $-1 $185 $188 #
vertex $-1 -1 $-1 $96 $189 #
straight-curve $-1 -1 $-1 0.3000000000000000444 -19.24824561403508838 -0.5 0.8177268680332318018 0.5756064361146088215 0 F 0 F 0.7108987849779230261 #
color-adesk-attrib $-1 -1 $-1 $-1 $59 256 #
face $190 -1 $-1 $-1 $74 $6 $-1 $191 reversed single #
loop $-1 -1 $-1 $-1 $125 $59 #
plane-surface $-1 -1 $-1 0 0.5 0 0 -1 0 0 0 -1 forward_v I I I I #
coedge $-1 -1 $-1 $192 $123 $126 $193 forward $60 $-1 #
coedge $-1 -1 $-1 $130 $62 $63 $116 reversed $37 $-1 #
coedge $-1 -1 $-1 $123 $192 $62 $114 reversed $60 $-1 #
edge $194 -1 $-1 $132 -0.5 $195 0.5 $113 $196 forward @7 unknown #
coedge $-1 -1 $-1 $64 $63 $192 $197 forward $23 $-1 #
edge $198 -1 $-1 $121 -0.5 $195 0.5 $112 $199 forward @7 unknown #
coedge $-1 -1 $-1 $126 $125 $64 $118 reversed $109 $-1 #
edge $200 -1 $-1 $201 -0.5 $120 0.5 $117 $202 forward @7 unknown #
color-adesk-attrib $-1 -1 $-1 $-1 $66 256 #
vertex $-1 -1 $-1 $66 $203 #
vertex $-1 -1 $-1 $134 $204 #
straight-curve $-1 -1 $-1 0.5 0 -0.5 0 -1 0 I I #
coedge $-1 -1 $-1 $111 $113 $67 $124 reversed $60 $-1 #
edge $205 -1 $-1 $128 -0.5 $132 0.5 $123 $206 forward @7 unknown #
coedge $-1 -1 $-1 $117 $68 $73 $135 forward $109 $-1 #
coedge $-1 -1 $-1 $68 $117 $111 $193 reversed $109 $-1 #
color-adesk-attrib $-1 -1 $-1 $-1 $69 256 #
vertex $-1 -1 $-1 $69 $207 #
straight-curve $-1 -1 $-1 0 0.5 0.5 -1 0 0 I I #
coedge $-1 -1 $-1 $70 $112 $72 $134 reversed $37 $-1 #
color-adesk-attrib $-1 -1 $-1 $-1 $71 256 #
vertex $-1 -1 $-1 $124 $208 #
straight-curve $-1 -1 $-1 0 -0.5 0.5 1 0 0 I I #
edge $209 -1 $-1 $76 -0.5 $121 0.5 $72 $210 forward @7 unknown #
edge $211 -1 $-1 $77 -0.5 $120 0.5 $73 $212 forward @7 unknown #
point $-1 -1 $-1 0.5 -0.5 0.5 #
point $-1 -1 $-1 0.5 0.5 0.5 #
color-adesk-attrib $-1 -1 $-1 $-1 $80 256 #
face $213 -1 $-1 $-1 $152 $10 $-1 $214 reversed single #
loop $-1 -1 $-1 $-1 $215 $80 #
plane-surface $-1 -1 $-1 0.4919354552015904325 20.41437426178519488 0.5 0 0 1 1 0 0 forward_v I I I I #
coedge $-1 -1 $-1 $216 $148 $151 $217 forward $81 $-1 #
coedge $-1 -1 $-1 $218 $83 $85 $150 forward $46 $-1 #
coedge $-1 -1 $-1 $83 $218 $216 $219 reversed $46 $-1 #
coedge $-1 -1 $-1 $151 $86 $83 $146 reversed $152 $-1 #
edge $220 -1 $-1 $221 0 $154 0.6999999999999999556 $83 $222 forward @7 unknown #
coedge $-1 -1 $-1 $85 $84 $223 $224 reversed $28 $-1 #
coedge $-1 -1 $-1 $142 $225 $84 $149 reversed $81 $-1 #
edge $226 -1 $-1 $155 0 $227 1 $148 $228 forward @7 unknown #
edge $229 -1 $-1 $154 0 $230 1 $143 $231 forward @7 unknown #
coedge $-1 -1 $-1 $86 $145 $142 $217 reversed $152 $-1 #
loop $-1 -1 $-1 $-1 $151 $139 #
color-adesk-attrib $-1 -1 $-1 $-1 $87 256 #
vertex $-1 -1 $-1 $146 $232 #
vertex $-1 -1 $-1 $217 $233 #
straight-curve $-1 -1 $-1 0.3000000000000024314 20.05000000000000071 -0.5 0.8177268680332318018 0.5756064361146088215 0 F 0 F 0.7108987849779230261 #
color-adesk-attrib $-1 -1 $-1 $-1 $89 256 #
face $234 -1 $-1 $235 $236 $8 $-1 $237 forward single #
loop $-1 -1 $-1 $-1 $238 $89 #
plane-surface $-1 -1 $-1 0.3000000000000002109 -16.44122807017543764 -0.5 0.5756064361146089325 -0.8177268680332319128 0 0.8177268680332319128 0.5756064361146089325 0 forward_v I I I I #
coedge $-1 -1 $-1 $239 $240 $241 $242 forward $90 $-1 #
coedge $-1 -1 $-1 $243 $92 $240 $244 forward $51 $-1 #
coedge $-1 -1 $-1 $92 $243 $245 $246 reversed $51 $-1 #
coedge $-1 -1 $-1 $247 $241 $92 $165 reversed $102 $-1 #
edge $248 -1 $-1 $249 0 $250 0.7108987849779230261 $92 $251 forward @7 unknown #
coedge $-1 -1 $-1 $94 $93 $252 $253 reversed $32 $-1 #
coedge $-1 -1 $-1 $254 $255 $93 $168 forward $256 $-1 #
edge $257 -1 $-1 $258 -0.75 $171 0.25 $167 $259 forward @7 unknown #
coedge $-1 -1 $-1 $95 $260 $254 $261 forward $102 $-1 #
color-adesk-attrib $-1 -1 $-1 $-1 $96 256 #
vertex $-1 -1 $-1 $96 $262 #
straight-curve $-1 -1 $-1 0.8813210369286270662 -18.83904769797574019 -0.5 -0.8943400568132721107 0.447387821447156997 0 F 0 F 0.6500000000000000222 #
coedge $-1 -1 $-1 $252 $263 $97 $174 forward $264 $-1 #
edge $265 -1 $-1 $182 0 $176 0.7108987849779230261 $97 $266 forward @7 unknown #
color-adesk-attrib $-1 -1 $-1 $-1 $98 256 #
vertex $-1 -1 $-1 $98 $267 #
straight-curve $-1 -1 $-1 0.8813210369286270662 -18.83904769797574019 -0.5 0 0 1 I I #
coedge $-1 -1 $-1 $268 $99 $263 $269 reversed $180 $-1 #
coedge $-1 -1 $-1 $99 $268 $101 $185 reversed $180 $-1 #
loop $-1 -1 $-1 $-1 $99 $270 #
color-adesk-attrib $-1 -1 $-1 $-1 $100 256 #
vertex $-1 -1 $-1 $174 $271 #
straight-curve $-1 -1 $-1 0.2999999999999989342 -19.24824561403509193 -0.25 0 0 1 I I #
coedge $-1 -1 $-1 $272 $101 $273 $274 reversed $102 $-1 #
edge $275 -1 $-1 $104 19.24824561403508838 $276 19.24999999999999645 $179 $277 forward @7 unknown #
coedge $-1 -1 $-1 $278 $279 $280 $281 forward $102 $-1 #
face $282 -1 $-1 $283 $102 $8 $-1 $284 reversed single #
point $-1 -1 $-1 0.3000000000000000444 -19.24824561403508838 -0.5 #
point $-1 -1 $-1 0.8813210369286270662 -18.83904769797574019 -0.5 #
color-adesk-attrib $-1 -1 $-1 $-1 $108 256 #
plane-surface $-1 -1 $-1 0.5 0 0 -1 0 0 0 -0 1 forward_v I I I I #
coedge $-1 -1 $-1 $113 $111 $115 $197 reversed $60 $-1 #
edge $285 -1 $-1 $128 -0.5 $201 0.5 $126 $286 forward @7 unknown #
color-adesk-attrib $-1 -1 $-1 $-1 $114 256 #
vertex $-1 -1 $-1 $197 $287 #
straight-curve $-1 -1 $-1 -0.5 -0.5 0 0 0 -1 I I #
edge $288 -1 $-1 $195 -0.5 $201 0.5 $192 $289 forward @7 unknown #
color-adesk-attrib $-1 -1 $-1 $-1 $116 256 #
straight-curve $-1 -1 $-1 0 -0.5 -0.5 -1 0 0 I I #
color-adesk-attrib $-1 -1 $-1 $-1 $118 256 #
vertex $-1 -1 $-1 $118 $290 #
straight-curve $-1 -1 $-1 0 0.5 -0.5 1 0 0 I I #
point $-1 -1 $-1 0.5 0.5 -0.5 #
point $-1 -1 $-1 0.5 -0.5 -0.5 #
color-adesk-attrib $-1 -1 $-1 $-1 $124 256 #
straight-curve $-1 -1 $-1 -0.5 0 0.5 0 -1 0 I I #
point $-1 -1 $-1 -0.5 0.5 0.5 #
point $-1 -1 $-1 -0.5 -0.5 0.5 #
color-adesk-attrib $-1 -1 $-1 $-1 $134 256 #
straight-curve $-1 -1 $-1 0.5 -0.5 0 0 0 -1 I I #
color-adesk-attrib $-1 -1 $-1 $-1 $135 256 #
straight-curve $-1 -1 $-1 0.5 0.5 0 0 0 -1 I I #
color-adesk-attrib $-1 -1 $-1 $-1 $139 256 #
plane-surface $-1 -1 $-1 0.4919354552015904325 20.41437426178519488 -0.5 0 0 1 1 0 0 forward_v I I I I #
coedge $-1 -1 $-1 $291 $223 $225 $292 forward $140 $-1 #
coedge $-1 -1 $-1 $225 $142 $144 $219 forward $81 $-1 #
edge $293 -1 $-1 $155 0 $221 0.6500000000000000222 $142 $294 forward @7 unknown #
coedge $-1 -1 $-1 $144 $143 $291 $295 reversed $46 $-1 #
edge $296 -1 $-1 $221 0 $297 1 $216 $298 forward @7 unknown #
color-adesk-attrib $-1 -1 $-1 $-1 $146 256 #
vertex $-1 -1 $-1 $217 $299 #
straight-curve $-1 -1 $-1 0.3000000000000024314 20.75 -0.5 0 -1 0 F 0 F 0.6999999999999999556 #
coedge $-1 -1 $-1 $215 $291 $147 $224 forward $140 $-1 #
edge $300 -1 $-1 $230 0 $227 0.7108987849779230261 $147 $301 forward @7 unknown #
coedge $-1 -1 $-1 $148 $216 $215 $292 reversed $81 $-1 #
color-adesk-attrib $-1 -1 $-1 $-1 $149 256 #
vertex $-1 -1 $-1 $149 $302 #
straight-curve $-1 -1 $-1 0.8813210369286292867 20.4591979160593489 -0.5 0 0 1 I I #
color-adesk-attrib $-1 -1 $-1 $-1 $150 256 #
vertex $-1 -1 $-1 $150 $303 #
straight-curve $-1 -1 $-1 0.3000000000000024314 20.05000000000000071 -0.5 0 0 1 I I #
point $-1 -1 $-1 0.3000000000000024314 20.05000000000000071 -0.5 #
point $-1 -1 $-1 0.8813210369286292867 20.4591979160593489 -0.5 #
color-adesk-attrib $-1 -1 $-1 $-1 $158 256 #
face $304 -1 $-1 $305 $306 $8 $-1 $307 forward single #
loop $-1 -1 $-1 $-1 $308 $158 #
plane-surface $-1 -1 $-1 0.8813210369286270662 -16.03203015411608945 -0.5 0.447387821447156997 0.8943400568132721107 0 -0.8943400568132721107 0.447387821447156997 0 forward_v I I I I #
coedge $-1 -1 $-1 $309 $310 $311 $312 forward $159 $-1 #
coedge $-1 -1 $-1 $313 $161 $314 $315 reversed $90 $-1 #
coedge $-1 -1 $-1 $161 $313 $162 $244 reversed $90 $-1 #
coedge $-1 -1 $-1 $164 $316 $161 $242 reversed $102 $-1 #
edge $317 -1 $-1 $250 0 $318 0.6500000000000000222 $161 $319 forward @7 unknown #
coedge $-1 -1 $-1 $163 $162 $320 $321 reversed $51 $-1 #
edge $322 -1 $-1 $250 0 $323 1 $240 $324 forward @7 unknown #
coedge $-1 -1 $-1 $325 $326 $163 $246 forward $327 $-1 #
edge $328 -1 $-1 $249 -0.25 $329 0.75 $245 $330 forward @7 unknown #
coedge $-1 -1 $-1 $331 $164 $326 $332 forward $102 $-1 #
color-adesk-attrib $-1 -1 $-1 $-1 $165 256 #
vertex $-1 -1 $-1 $332 $333 #
vertex $-1 -1 $-1 $242 $334 #
straight-curve $-1 -1 $-1 0.3000000000000000999 -17.84473684210525946 -0.5 0.8177268680332318018 0.5756064361146088215 0 F 0 F 0.7108987849779230261 #
coedge $-1 -1 $-1 $335 $173 $166 $253 forward $264 $-1 #
edge $336 -1 $-1 $176 0 $258 0.6500000000000000222 $166 $337 forward @7 unknown #
coedge $-1 -1 $-1 $338 $167 $169 $261 reversed $256 $-1 #
coedge $-1 -1 $-1 $167 $338 $335 $339 reversed $256 $-1 #
loop $-1 -1 $-1 $-1 $167 $340 #
color-adesk-attrib $-1 -1 $-1 $-1 $168 256 #
vertex $-1 -1 $-1 $339 $341 #
straight-curve $-1 -1 $-1 0.3000000000000002665 -18.54824561403508909 -0.25 0 0 -1 I I #
coedge $-1 -1 $-1 $169 $331 $342 $343 reversed $102 $-1 #
edge $344 -1 $-1 $345 18.54649122807017747 $171 18.54824561403508554 $254 $277 forward @7 unknown #
point $-1 -1 $-1 0.3000000000000000444 -18.54824561403508554 -0.5 #
coedge $-1 -1 $-1 $173 $346 $178 $269 forward $264 $-1 #
loop $-1 -1 $-1 $-1 $263 $347 #
color-adesk-attrib $-1 -1 $-1 $-1 $174 256 #
straight-curve $-1 -1 $-1 0.3000000000000000444 -19.24824561403508838 0.5 0.8177268680332318018 0.5756064361146088215 0 I I #
point $-1 -1 $-1 0.8813210369286270662 -18.83904769797574019 0.5 #
coedge $-1 -1 $-1 $179 $178 $348 $349 forward $180 $-1 #
edge $350 -1 $-1 $351 -19.24999999999999645 $182 -19.24824561403508838 $178 $352 forward @7 unknown #
face $353 -1 $-1 $340 $180 $8 $-1 $354 reversed single #
point $-1 -1 $-1 0.3000000000000000444 -19.24824561403508838 0.5 #
coedge $-1 -1 $-1 $355 $184 $356 $357 reversed $102 $-1 #
coedge $-1 -1 $-1 $348 $358 $184 $274 forward $359 $-1 #
edge $360 -1 $-1 $361 0 $276 0.6500000000000000222 $273 $362 forward @7 unknown #
color-adesk-attrib $-1 -1 $-1 $-1 $185 256 #
vertex $-1 -1 $-1 $274 $363 #
straight-curve $-1 -1 $-1 0.2999999999999999889 0 -0.5 0 -1 0 I I #
coedge $-1 -1 $-1 $364 $186 $365 $366 reversed $102 $-1 #
coedge $-1 -1 $-1 $186 $367 $368 $369 reversed $102 $-1 #
coedge $-1 -1 $-1 $370 $371 $186 $281 reversed $372 $-1 #
edge $373 -1 $-1 $374 -19.3482456140350827 $375 -19.34649122807017108 $280 $277 forward @7 unknown #
color-adesk-attrib $-1 -1 $-1 $-1 $187 256 #
face $376 -1 $-1 $377 $378 $8 $-1 $379 reversed single #
plane-surface $-1 -1 $-1 0 0 -0.5 0 0 1 1 0 0 forward_v I I I I #
color-adesk-attrib $-1 -1 $-1 $-1 $193 256 #
straight-curve $-1 -1 $-1 -0.5 0.5 0 0 0 -1 I I #
point $-1 -1 $-1 -0.5 -0.5 -0.5 #
color-adesk-attrib $-1 -1 $-1 $-1 $197 256 #
straight-curve $-1 -1 $-1 -0.5 0 -0.5 0 1 0 I I #
point $-1 -1 $-1 -0.5 0.5 -0.5 #
coedge $-1 -1 $-1 $223 $215 $218 $295 forward $140 $-1 #
edge $380 -1 $-1 $227 0 $297 0.6500000000000000222 $225 $381 forward @7 unknown #
color-adesk-attrib $-1 -1 $-1 $-1 $217 256 #
straight-curve $-1 -1 $-1 0.8813210369286292867 20.4591979160593489 -0.5 -0.8943400568132721107 0.447387821447156997 0 F 0 F 0.6500000000000000222 #
edge $382 -1 $-1 $297 0 $230 0.6999999999999999556 $218 $383 forward @7 unknown #
color-adesk-attrib $-1 -1 $-1 $-1 $219 256 #
vertex $-1 -1 $-1 $219 $384 #
straight-curve $-1 -1 $-1 0.3000000000000024314 20.75 -0.5 0 0 1 I I #
point $-1 -1 $-1 0.3000000000000024314 20.75 -0.5 #
color-adesk-attrib $-1 -1 $-1 $-1 $224 256 #
straight-curve $-1 -1 $-1 0.3000000000000024314 20.05000000000000071 0.5 0.8177268680332318018 0.5756064361146088215 0 I I #
point $-1 -1 $-1 0.8813210369286292867 20.4591979160593489 0.5 #
point $-1 -1 $-1 0.3000000000000024314 20.05000000000000071 0.5 #
color-adesk-attrib $-1 -1 $-1 $-1 $235 256 #
face $385 -1 $-1 $386 $387 $8 $-1 $388 forward single #
loop $-1 -1 $-1 $-1 $389 $235 #
plane-surface $-1 -1 $-1 0.3000000000000002665 -15.03771929824561582 -0.5 0.5756064361146089325 -0.8177268680332319128 0 0.8177268680332319128 0.5756064361146089325 0 forward_v I I I I #
coedge $-1 -1 $-1 $390 $391 $392 $393 forward $236 $-1 #
coedge $-1 -1 $-1 $394 $238 $391 $395 forward $159 $-1 #
coedge $-1 -1 $-1 $238 $394 $396 $397 reversed $159 $-1 #
coedge $-1 -1 $-1 $398 $392 $238 $312 reversed $102 $-1 #
edge $399 -1 $-1 $400 0 $401 0.7108987849779230261 $238 $402 forward @7 unknown #
coedge $-1 -1 $-1 $240 $239 $403 $404 reversed $90 $-1 #
coedge $-1 -1 $-1 $405 $406 $239 $315 forward $407 $-1 #
edge $408 -1 $-1 $409 -0.75 $318 0.25 $314 $410 forward @7 unknown #
coedge $-1 -1 $-1 $241 $411 $405 $412 forward $102 $-1 #
color-adesk-attrib $-1 -1 $-1 $-1 $242 256 #
vertex $-1 -1 $-1 $242 $413 #
straight-curve $-1 -1 $-1 0.8813210369286270662 -17.43553892604591127 -0.5 -0.8943400568132721107 0.447387821447156997 0 F 0 F 0.6500000000000000222 #
coedge $-1 -1 $-1 $403 $414 $243 $321 forward $264 $-1 #
edge $415 -1 $-1 $329 0 $323 0.7108987849779230261 $243 $416 forward @7 unknown #
color-adesk-attrib $-1 -1 $-1 $-1 $244 256 #
vertex $-1 -1 $-1 $244 $417 #
straight-curve $-1 -1 $-1 0.8813210369286270662 -17.43553892604591127 -0.5 0 0 1 I I #
coedge $-1 -1 $-1 $418 $245 $414 $419 reversed $327 $-1 #
coedge $-1 -1 $-1 $245 $418 $247 $332 reversed $327 $-1 #
loop $-1 -1 $-1 $-1 $245 $420 #
color-adesk-attrib $-1 -1 $-1 $-1 $246 256 #
vertex $-1 -1 $-1 $321 $421 #
straight-curve $-1 -1 $-1 0.2999999999999998224 -17.84473684210525946 -0.25 0 0 1 I I #
coedge $-1 -1 $-1 $260 $247 $422 $423 reversed $102 $-1 #
edge $424 -1 $-1 $249 17.84473684210525946 $425 17.84649122807017463 $326 $277 forward @7 unknown #
point $-1 -1 $-1 0.3000000000000000999 -17.84473684210525946 -0.5 #
point $-1 -1 $-1 0.8813210369286270662 -17.43553892604591127 -0.5 #
coedge $-1 -1 $-1 $426 $252 $255 $339 forward $264 $-1 #
color-adesk-attrib $-1 -1 $-1 $-1 $253 256 #
straight-curve $-1 -1 $-1 0.8813210369286270662 -18.83904769797574019 0.5 -0.8943400568132721107 0.447387821447156997 0 I I #
coedge $-1 -1 $-1 $255 $254 $427 $428 forward $256 $-1 #
edge $429 -1 $-1 $258 -18.54824561403508554 $430 -18.54649122807017747 $255 $352 forward @7 unknown #
face $431 -1 $-1 $347 $256 $8 $-1 $354 reversed single #
point $-1 -1 $-1 0.3000000000000000444 -18.54824561403508554 0.5 #
coedge $-1 -1 $-1 $432 $427 $260 $343 forward $433 $-1 #
edge $434 -1 $-1 $345 0 $435 0.7108987849779230261 $342 $436 forward @7 unknown #
color-adesk-attrib $-1 -1 $-1 $-1 $261 256 #
vertex $-1 -1 $-1 $261 $437 #
coedge $-1 -1 $-1 $263 $438 $439 $440 forward $264 $-1 #
face $441 -1 $-1 $187 $264 $8 $-1 $442 forward single #
coedge $-1 -1 $-1 $439 $273 $268 $349 reversed $359 $-1 #
edge $443 -1 $-1 $351 -0.75 $276 0.25 $268 $444 forward @7 unknown #
color-adesk-attrib $-1 -1 $-1 $-1 $269 256 #
vertex $-1 -1 $-1 $269 $445 #
straight-curve $-1 -1 $-1 0.2999999999999999889 0 0.5 0 1 0 I I #
color-adesk-attrib $-1 -1 $-1 $-1 $270 256 #
plane-surface $-1 -1 $-1 0.2999999999999999889 0 0 -1 0 0 0 -0 1 forward_v I I I I #
coedge $-1 -1 $-1 $446 $272 $447 $448 forward $102 $-1 #
coedge $-1 -1 $-1 $449 $450 $272 $357 forward $451 $-1 #
edge $452 -1 $-1 $453 0 $361 0.7108987849779230261 $356 $454 forward @7 unknown #
coedge $-1 -1 $-1 $273 $439 $449 $455 reversed $359 $-1 #
loop $-1 -1 $-1 $-1 $273 $456 #
color-adesk-attrib $-1 -1 $-1 $-1 $274 256 #
vertex $-1 -1 $-1 $274 $457 #
straight-curve $-1 -1 $-1 0.8813210369286268442 -19.5408020839406511 -0.5 -0.8943400568132721107 0.447387821447156997 0 F 0 F 0.6500000000000000222 #
point $-1 -1 $-1 0.2999999999999999889 -19.24999999999999645 -0.5 #
coedge $-1 -1 $-1 $458 $278 $459 $460 reversed $102 $-1 #
coedge $-1 -1 $-1 $461 $462 $278 $366 forward $463 $-1 #
edge $464 -1 $-1 $465 0 $375 0.6500000000000000222 $365 $466 forward @7 unknown #
coedge $-1 -1 $-1 $279 $467 $468 $469 reversed $102 $-1 #
coedge $-1 -1 $-1 $470 $471 $279 $369 forward $472 $-1 #
edge $473 -1 $-1 $374 0 $474 0.7108987849779230261 $368 $475 forward @7 unknown #
coedge $-1 -1 $-1 $476 $280 $471 $477 forward $372 $-1 #
coedge $-1 -1 $-1 $280 $476 $461 $478 forward $372 $-1 #
loop $-1 -1 $-1 $-1 $371 $479 #
color-adesk-attrib $-1 -1 $-1 $-1 $281 256 #
vertex $-1 -1 $-1 $281 $480 #
vertex $-1 -1 $-1 $366 $481 #
color-adesk-attrib $-1 -1 $-1 $-1 $283 256 #
face $482 -1 $-1 $483 $484 $8 $-1 $485 reversed single #
loop $-1 -1 $-1 $-1 $486 $283 #
plane-surface $-1 -1 $-1 0 -19.94999999999999929 0 0 1 -0 -0 0 1 forward_v I I I I #
color-adesk-attrib $-1 -1 $-1 $-1 $292 256 #
straight-curve $-1 -1 $-1 0.8813210369286292867 20.4591979160593489 0.5 -0.8943400568132721107 0.447387821447156997 0 I I #
color-adesk-attrib $-1 -1 $-1 $-1 $295 256 #
straight-curve $-1 -1 $-1 0.3000000000000024314 20.75 0.5 0 -1 0 I I #
point $-1 -1 $-1 0.3000000000000024314 20.75 0.5 #
color-adesk-attrib $-1 -1 $-1 $-1 $305 256 #
face $487 -1 $-1 $488 $489 $8 $-1 $490 forward single #
loop $-1 -1 $-1 $-1 $491 $305 #
plane-surface $-1 -1 $-1 0.8813210369286272883 -14.62852138218626763 -0.5 0.447387821447156997 0.8943400568132721107 0 -0.8943400568132721107 0.447387821447156997 0 forward_v I I I I #
coedge $-1 -1 $-1 $492 $493 $494 $495 forward $306 $-1 #
coedge $-1 -1 $-1 $496 $308 $497 $498 reversed $236 $-1 #
coedge $-1 -1 $-1 $308 $496 $309 $395 reversed $236 $-1 #
coedge $-1 -1 $-1 $311 $499 $308 $393 reversed $102 $-1 #
edge $500 -1 $-1 $401 0 $501 0.6500000000000000222 $308 $502 forward @7 unknown #
coedge $-1 -1 $-1 $310 $309 $503 $504 reversed $159 $-1 #
edge $505 -1 $-1 $401 0 $506 1 $391 $507 forward @7 unknown #
coedge $-1 -1 $-1 $508 $509 $310 $397 forward $510 $-1 #
edge $511 -1 $-1 $400 -0.25 $512 0.75 $396 $513 forward @7 unknown #
coedge $-1 -1 $-1 $514 $311 $509 $515 forward $102 $-1 #
color-adesk-attrib $-1 -1 $-1 $-1 $312 256 #
vertex $-1 -1 $-1 $515 $516 #
vertex $-1 -1 $-1 $393 $517 #
straight-curve $-1 -1 $-1 0.3000000000000002109 -16.44122807017543764 -0.5 0.8177268680332318018 0.5756064361146088215 0 F 0 F 0.7108987849779230261 #
coedge $-1 -1 $-1 $518 $320 $313 $404 forward $264 $-1 #
edge $519 -1 $-1 $323 0 $409 0.6500000000000000222 $313 $520 forward @7 unknown #
coedge $-1 -1 $-1 $521 $314 $316 $412 reversed $407 $-1 #
coedge $-1 -1 $-1 $314 $521 $518 $522 reversed $407 $-1 #
loop $-1 -1 $-1 $-1 $314 $523 #
color-adesk-attrib $-1 -1 $-1 $-1 $315 256 #
vertex $-1 -1 $-1 $522 $524 #
straight-curve $-1 -1 $-1 0.3000000000000002665 -17.14473684210526017 -0.25 0 0 -1 I I #
coedge $-1 -1 $-1 $316 $514 $525 $526 reversed $102 $-1 #
edge $527 -1 $-1 $528 17.14298245614034855 $318 17.14473684210525661 $405 $277 forward @7 unknown #
point $-1 -1 $-1 0.3000000000000000999 -17.14473684210525661 -0.5 #
coedge $-1 -1 $-1 $320 $529 $325 $419 forward $264 $-1 #
color-adesk-attrib $-1 -1 $-1 $-1 $321 256 #
straight-curve $-1 -1 $-1 0.3000000000000000999 -17.84473684210525946 0.5 0.8177268680332318018 0.5756064361146088215 0 I I #
point $-1 -1 $-1 0.8813210369286270662 -17.43553892604591127 0.5 #
coedge $-1 -1 $-1 $326 $325 $530 $531 forward $327 $-1 #
edge $532 -1 $-1 $533 -17.84649122807017463 $329 -17.84473684210525946 $325 $352 forward @7 unknown #
face $534 -1 $-1 $523 $327 $8 $-1 $354 reversed single #
point $-1 -1 $-1 0.3000000000000000999 -17.84473684210525946 0.5 #
coedge $-1 -1 $-1 $530 $535 $331 $423 forward $536 $-1 #
edge $537 -1 $-1 $435 0 $425 0.6500000000000000222 $422 $538 forward @7 unknown #
color-adesk-attrib $-1 -1 $-1 $-1 $332 256 #
vertex $-1 -1 $-1 $423 $539 #
coedge $-1 -1 $-1 $529 $335 $540 $541 forward $264 $-1 #
coedge $-1 -1 $-1 $342 $540 $338 $428 reversed $433 $-1 #
edge $542 -1 $-1 $345 -0.25 $430 0.75 $338 $543 forward @7 unknown #
color-adesk-attrib $-1 -1 $-1 $-1 $339 256 #
vertex $-1 -1 $-1 $541 $544 #
color-adesk-attrib $-1 -1 $-1 $-1 $340 256 #
coedge $-1 -1 $-1 $540 $342 $535 $545 forward $433 $-1 #
loop $-1 -1 $-1 $-1 $342 $546 #
color-adesk-attrib $-1 -1 $-1 $-1 $343 256 #
vertex $-1 -1 $-1 $423 $547 #
straight-curve $-1 -1 $-1 0.3000000000000000999 -18.54649122807017747 -0.5 0.8177268680332318018 0.5756064361146088215 0 F 0 F 0.7108987849779230261 #
point $-1 -1 $-1 0.3000000000000000999 -18.54649122807017747 -0.5 #
coedge $-1 -1 $-1 $346 $548 $549 $550 forward $264 $-1 #
coedge $-1 -1 $-1 $358 $348 $346 $440 reversed $359 $-1 #
edge $551 -1 $-1 $552 0 $351 0.6500000000000000222 $439 $553 forward @7 unknown #
color-adesk-attrib $-1 -1 $-1 $-1 $347 256 #
plane-surface $-1 -1 $-1 0 0 0.5 0 0 1 1 0 0 forward_v I I I I #
color-adesk-attrib $-1 -1 $-1 $-1 $349 256 #
straight-curve $-1 -1 $-1 0.3000000000000002665 -19.24999999999999645 -0.25 0 0 -1 I I #
point $-1 -1 $-1 0.2999999999999999889 -19.24999999999999645 0.5 #
coedge $-1 -1 $-1 $554 $355 $555 $556 forward $102 $-1 #
coedge $-1 -1 $-1 $557 $486 $355 $448 reversed $378 $-1 #
edge $558 -1 $-1 $453 -0.2999999999999999889 $559 0.2999999999999999889 $447 $560 forward @7 unknown #
coedge $-1 -1 $-1 $549 $356 $358 $455 forward $451 $-1 #
coedge $-1 -1 $-1 $356 $549 $557 $561 forward $451 $-1 #
loop $-1 -1 $-1 $-1 $356 $562 #
color-adesk-attrib $-1 -1 $-1 $-1 $357 256 #
vertex $-1 -1 $-1 $561 $563 #
straight-curve $-1 -1 $-1 0.2999999999999999889 -19.94999999999999929 -0.5 0.8177268680332318018 0.5756064361146088215 0 F 0 F 0.7108987849779230261 #
edge $564 -1 $-1 $361 0 $552 1 $358 $565 forward @7 unknown #
face $566 -1 $-1 $567 $359 $8 $-1 $568 forward single #
point $-1 -1 $-1 0.8813210369286268442 -19.5408020839406511 -0.5 #
coedge $-1 -1 $-1 $569 $364 $570 $571 forward $102 $-1 #
coedge $-1 -1 $-1 $572 $573 $364 $460 forward $574 $-1 #
edge $575 -1 $-1 $576 0 $465 0.7108987849779230261 $459 $577 forward @7 unknown #
coedge $-1 -1 $-1 $578 $365 $371 $478 reversed $463 $-1 #
coedge $-1 -1 $-1 $365 $578 $572 $579 reversed $463 $-1 #
loop $-1 -1 $-1 $-1 $365 $580 #
color-adesk-attrib $-1 -1 $-1 $-1 $366 256 #
vertex $-1 -1 $-1 $366 $581 #
straight-curve $-1 -1 $-1 0.8813210369286292867 19.05568914412951997 -0.5 -0.8943400568132721107 0.447387821447156997 0 F 0 F 0.6500000000000000222 #
coedge $-1 -1 $-1 $367 $554 $582 $583 reversed $102 $-1 #
coedge $-1 -1 $-1 $584 $585 $367 $469 forward $586 $-1 #
edge $587 -1 $-1 $474 0 $588 0.6500000000000000222 $468 $589 forward @7 unknown #
coedge $-1 -1 $-1 $590 $368 $585 $591 forward $472 $-1 #
coedge $-1 -1 $-1 $368 $590 $370 $477 reversed $472 $-1 #
loop $-1 -1 $-1 $-1 $368 $592 #
color-adesk-attrib $-1 -1 $-1 $-1 $369 256 #
vertex $-1 -1 $-1 $469 $593 #
straight-curve $-1 -1 $-1 0.3000000000000023759 19.3482456140350827 -0.5 0.8177268680332318018 0.5756064361146088215 0 F 0 F 0.7108987849779230261 #
coedge $-1 -1 $-1 $371 $370 $594 $595 reversed $372 $-1 #
edge $596 -1 $-1 $374 -0.25 $597 0.75 $370 $598 forward @7 unknown #
edge $599 -1 $-1 $600 -0.75 $375 0.25 $371 $601 forward @7 unknown #
face $602 -1 $-1 $603 $372 $8 $-1 $354 reversed single #
point $-1 -1 $-1 0.3000000000000023759 19.3482456140350827 -0.5 #
point $-1 -1 $-1 0.3000000000000023759 19.34649122807017108 -0.5 #
color-adesk-attrib $-1 -1 $-1 $-1 $377 256 #
face $604 -1 $-1 $-1 $605 $8 $-1 $606 reversed single #
loop $-1 -1 $-1 $-1 $607 $377 #
plane-surface $-1 -1 $-1 -0.2999999999999999889 0 0 1 0 0 0 0 -1 forward_v I I I I #
coedge $-1 -1 $-1 $447 $608 $609 $610 forward $378 $-1 #
color-adesk-attrib $-1 -1 $-1 $-1 $386 256 #
face $611 -1 $-1 $612 $613 $8 $-1 $614 forward single #
loop $-1 -1 $-1 $-1 $615 $386 #
plane-surface $-1 -1 $-1 0.3000000000000003775 -13.63421052631578689 -0.5 0.5756064361146089325 -0.8177268680332319128 0 0.8177268680332319128 0.5756064361146089325 0 forward_v I I I I #
coedge $-1 -1 $-1 $616 $617 $618 $619 forward $387 $-1 #
coedge $-1 -1 $-1 $620 $389 $617 $621 forward $306 $-1 #
coedge $-1 -1 $-1 $389 $620 $622 $623 reversed $306 $-1 #
coedge $-1 -1 $-1 $624 $618 $389 $495 reversed $102 $-1 #
edge $625 -1 $-1 $626 0 $627 0.7108987849779230261 $389 $628 forward @7 unknown #
coedge $-1 -1 $-1 $391 $390 $629 $630 reversed $236 $-1 #
coedge $-1 -1 $-1 $631 $632 $390 $498 forward $633 $-1 #
edge $634 -1 $-1 $635 -0.75 $501 0.25 $497 $636 forward @7 unknown #
coedge $-1 -1 $-1 $392 $637 $631 $638 forward $102 $-1 #
color-adesk-attrib $-1 -1 $-1 $-1 $393 256 #
vertex $-1 -1 $-1 $393 $639 #
straight-curve $-1 -1 $-1 0.8813210369286270662 -16.03203015411608945 -0.5 -0.8943400568132721107 0.447387821447156997 0 F 0 F 0.6500000000000000222 #
coedge $-1 -1 $-1 $629 $640 $394 $504 forward $264 $-1 #
edge $641 -1 $-1 $512 0 $506 0.7108987849779230261 $394 $642 forward @7 unknown #
color-adesk-attrib $-1 -1 $-1 $-1 $395 256 #
vertex $-1 -1 $-1 $395 $643 #
straight-curve $-1 -1 $-1 0.8813210369286270662 -16.03203015411608945 -0.5 0 0 1 I I #
coedge $-1 -1 $-1 $644 $396 $640 $645 reversed $510 $-1 #
coedge $-1 -1 $-1 $396 $644 $398 $515 reversed $510 $-1 #
loop $-1 -1 $-1 $-1 $396 $646 #
color-adesk-attrib $-1 -1 $-1 $-1 $397 256 #
vertex $-1 -1 $-1 $504 $647 #
straight-curve $-1 -1 $-1 0.2999999999999998224 -16.44122807017543764 -0.25 0 0 1 I I #
coedge $-1 -1 $-1 $411 $398 $648 $649 reversed $102 $-1 #
edge $650 -1 $-1 $400 16.44122807017543764 $651 16.4429824561403457 $509 $277 forward @7 unknown #
point $-1 -1 $-1 0.3000000000000002109 -16.44122807017543764 -0.5 #
point $-1 -1 $-1 0.8813210369286270662 -16.03203015411608945 -0.5 #
coedge $-1 -1 $-1 $652 $403 $406 $522 forward $264 $-1 #
color-adesk-attrib $-1 -1 $-1 $-1 $404 256 #
straight-curve $-1 -1 $-1 0.8813210369286270662 -17.43553892604591127 0.5 -0.8943400568132721107 0.447387821447156997 0 I I #
coedge $-1 -1 $-1 $406 $405 $653 $654 forward $407 $-1 #
edge $655 -1 $-1 $409 -17.14473684210525661 $656 -17.14298245614034855 $406 $352 forward @7 unknown #
face $657 -1 $-1 $270 $407 $8 $-1 $354 reversed single #
point $-1 -1 $-1 0.3000000000000000999 -17.14473684210525661 0.5 #
coedge $-1 -1 $-1 $658 $653 $411 $526 forward $659 $-1 #
edge $660 -1 $-1 $528 0 $661 0.7108987849779230261 $525 $662 forward @7 unknown #
color-adesk-attrib $-1 -1 $-1 $-1 $412 256 #
vertex $-1 -1 $-1 $412 $663 #
coedge $-1 -1 $-1 $414 $426 $664 $665 forward $264 $-1 #
coedge $-1 -1 $-1 $664 $422 $418 $531 reversed $536 $-1 #
edge $666 -1 $-1 $533 -0.75 $425 0.25 $418 $667 forward @7 unknown #
color-adesk-attrib $-1 -1 $-1 $-1 $419 256 #
vertex $-1 -1 $-1 $419 $668 #
color-adesk-attrib $-1 -1 $-1 $-1 $420 256 #
coedge $-1 -1 $-1 $422 $664 $432 $545 reversed $536 $-1 #
loop $-1 -1 $-1 $-1 $422 $669 #
color-adesk-attrib $-1 -1 $-1 $-1 $423 256 #
straight-curve $-1 -1 $-1 0.8813210369286270662 -18.13729331201082928 -0.5 -0.8943400568132721107 0.447387821447156997 0 F 0 F 0.6500000000000000222 #
point $-1 -1 $-1 0.3000000000000000999 -17.84649122807017463 -0.5 #
coedge $-1 -1 $-1 $427 $432 $426 $541 reversed $433 $-1 #
edge $670 -1 $-1 $430 0 $671 0.7108987849779230261 $540 $672 forward @7 unknown #
color-adesk-attrib $-1 -1 $-1 $-1 $428 256 #
straight-curve $-1 -1 $-1 0.2999999999999998224 -18.54649122807017747 -0.25 0 0 1 I I #
point $-1 -1 $-1 0.3000000000000000999 -18.54649122807017747 0.5 #
edge $673 -1 $-1 $435 0 $671 1 $535 $674 forward @7 unknown #
face $675 -1 $-1 $669 $433 $8 $-1 $676 forward single #
point $-1 -1 $-1 0.8813210369286270662 -18.13729331201082928 -0.5 #
coedge $-1 -1 $-1 $438 $677 $608 $678 forward $264 $-1 #
coedge $-1 -1 $-1 $450 $449 $438 $550 reversed $451 $-1 #
edge $679 -1 $-1 $680 0 $552 0.7108987849779230261 $549 $681 forward @7 unknown #
color-adesk-attrib $-1 -1 $-1 $-1 $440 256 #
vertex $-1 -1 $-1 $455 $682 #
straight-curve $-1 -1 $-1 0.8813210369286268442 -19.5408020839406511 0.5 -0.8943400568132721107 0.447387821447156997 0 I I #
coedge $-1 -1 $-1 $467 $446 $683 $684 forward $102 $-1 #
coedge $-1 -1 $-1 $609 $607 $446 $556 reversed $484 $-1 #
edge $685 -1 $-1 $559 -19.94999999999999929 $686 19.94999999999999929 $555 $687 forward @7 unknown #
coedge $-1 -1 $-1 $608 $447 $450 $561 reversed $378 $-1 #
color-adesk-attrib $-1 -1 $-1 $-1 $448 256 #
vertex $-1 -1 $-1 $556 $688 #
straight-curve $-1 -1 $-1 0 -19.94999999999999929 -0.5 -1 0 0 I I #
edge $689 -1 $-1 $680 -0.5 $453 0.5 $557 $690 forward @7 unknown #
face $691 -1 $-1 $456 $451 $8 $-1 $692 forward single #
point $-1 -1 $-1 0.2999999999999999889 -19.94999999999999929 -0.5 #
color-adesk-attrib $-1 -1 $-1 $-1 $455 256 #
straight-curve $-1 -1 $-1 0.8813210369286268442 -19.5408020839406511 -0.5 0 0 1 I I #
color-adesk-attrib $-1 -1 $-1 $-1 $456 256 #
face $693 -1 $-1 $479 $694 $8 $-1 $354 reversed single #
plane-surface $-1 -1 $-1 0.8813210369286268442 -19.5408020839406511 -0.5 0.447387821447156997 0.8943400568132721107 0 -0.8943400568132721107 0.447387821447156997 0 forward_v I I I I #
coedge $-1 -1 $-1 $695 $458 $696 $697 reversed $102 $-1 #
coedge $-1 -1 $-1 $698 $699 $458 $571 reversed $694 $-1 #
edge $700 -1 $-1 $576 -18.64649122807017179 $701 -18.64473684210526017 $570 $277 forward @7 unknown #
coedge $-1 -1 $-1 $702 $459 $462 $579 forward $574 $-1 #
coedge $-1 -1 $-1 $459 $702 $698 $703 reversed $574 $-1 #
loop $-1 -1 $-1 $-1 $459 $704 #
color-adesk-attrib $-1 -1 $-1 $-1 $460 256 #
vertex $-1 -1 $-1 $571 $705 #
straight-curve $-1 -1 $-1 0.3000000000000023759 18.64649122807017179 -0.5 0.8177268680332318018 0.5756064361146088215 0 F 0 F 0.7108987849779230261 #
coedge $-1 -1 $-1 $462 $461 $706 $707 reversed $463 $-1 #
edge $708 -1 $-1 $465 0 $709 1 $462 $710 forward @7 unknown #
face $711 -1 $-1 $592 $463 $8 $-1 $712 forward single #
point $-1 -1 $-1 0.8813210369286292867 19.05568914412951997 -0.5 #
coedge $-1 -1 $-1 $713 $714 $467 $583 forward $715 $-1 #
edge $716 -1 $-1 $588 0 $717 0.09824561403508336177 $582 $718 forward @7 unknown #
coedge $-1 -1 $-1 $719 $468 $714 $720 forward $586 $-1 #
coedge $-1 -1 $-1 $468 $719 $470 $591 reversed $586 $-1 #
loop $-1 -1 $-1 $-1 $468 $721 #
color-adesk-attrib $-1 -1 $-1 $-1 $469 256 #
vertex $-1 -1 $-1 $469 $722 #
straight-curve $-1 -1 $-1 0.8813210369286292867 19.75744353009443088 -0.5 -0.8943400568132721107 0.447387821447156997 0 F 0 F 0.6500000000000000222 #
coedge $-1 -1 $-1 $471 $470 $723 $724 reversed $472 $-1 #
edge $725 -1 $-1 $474 0 $726 1 $585 $727 forward @7 unknown #
face $728 -1 $-1 $729 $472 $8 $-1 $730 forward single #
point $-1 -1 $-1 0.8813210369286292867 19.75744353009443088 -0.5 #
coedge $-1 -1 $-1 $723 $706 $476 $595 forward $264 $-1 #
edge $731 -1 $-1 $600 19.34649122807017108 $597 19.3482456140350827 $476 $352 forward @7 unknown #
color-adesk-attrib $-1 -1 $-1 $-1 $477 256 #
vertex $-1 -1 $-1 $724 $732 #
straight-curve $-1 -1 $-1 0.2999999999999998224 19.3482456140350827 -0.25 0 0 1 I I #
color-adesk-attrib $-1 -1 $-1 $-1 $478 256 #
vertex $-1 -1 $-1 $595 $733 #
straight-curve $-1 -1 $-1 0.2999999999999998224 19.34649122807017463 -0.25 0 0 -1 I I #
color-adesk-attrib $-1 -1 $-1 $-1 $479 256 #
face $734 -1 $-1 $735 $736 $8 $-1 $354 reversed single #
color-adesk-attrib $-1 -1 $-1 $-1 $483 256 #
loop $-1 -1 $-1 $-1 $737 $483 #
plane-surface $-1 -1 $-1 0 19.94999999999999929 0 0 -1 0 0 0 -1 forward_v I I I I #
coedge $-1 -1 $-1 $555 $738 $739 $740 forward $484 $-1 #
coedge $-1 -1 $-1 $486 $557 $548 $678 reversed $378 $-1 #
coedge $-1 -1 $-1 $738 $555 $486 $610 reversed $484 $-1 #
edge $741 -1 $-1 $742 -0.5 $559 0.5 $609 $743 forward @7 unknown #
color-adesk-attrib $-1 -1 $-1 $-1 $488 256 #
face $744 -1 $-1 $745 $746 $8 $-1 $747 forward single #
loop $-1 -1 $-1 $-1 $748 $488 #
plane-surface $-1 -1 $-1 0.8813210369286272883 -13.22501261025643871 -0.5 0.447387821447156997 0.8943400568132721107 0 -0.8943400568132721107 0.447387821447156997 0 forward_v I I I I #
coedge $-1 -1 $-1 $749 $750 $751 $752 forward $489 $-1 #
coedge $-1 -1 $-1 $753 $491 $754 $755 reversed $387 $-1 #
coedge $-1 -1 $-1 $491 $753 $492 $621 reversed $387 $-1 #
coedge $-1 -1 $-1 $494 $756 $491 $619 reversed $102 $-1 #
edge $757 -1 $-1 $627 0 $758 0.6500000000000000222 $491 $759 forward @7 unknown #
coedge $-1 -1 $-1 $493 $492 $760 $761 reversed $306 $-1 #
edge $762 -1 $-1 $627 0 $763 1 $617 $764 forward @7 unknown #
coedge $-1 -1 $-1 $765 $766 $493 $623 forward $767 $-1 #
edge $768 -1 $-1 $626 -0.25 $769 0.75 $622 $770 forward @7 unknown #
coedge $-1 -1 $-1 $771 $494 $766 $772 forward $102 $-1 #
color-adesk-attrib $-1 -1 $-1 $-1 $495 256 #
vertex $-1 -1 $-1 $772 $773 #
vertex $-1 -1 $-1 $619 $774 #
straight-curve $-1 -1 $-1 0.3000000000000002665 -15.03771929824561582 -0.5 0.8177268680332318018 0.5756064361146088215 0 F 0 F 0.7108987849779230261 #
coedge $-1 -1 $-1 $775 $503 $496 $630 forward $264 $-1 #
edge $776 -1 $-1 $506 0 $635 0.6500000000000000222 $496 $777 forward @7 unknown #
coedge $-1 -1 $-1 $778 $497 $499 $638 reversed $633 $-1 #
coedge $-1 -1 $-1 $497 $778 $775 $779 reversed $633 $-1 #
loop $-1 -1 $-1 $-1 $497 $780 #
color-adesk-attrib $-1 -1 $-1 $-1 $498 256 #
vertex $-1 -1 $-1 $779 $781 #
straight-curve $-1 -1 $-1 0.3000000000000002665 -15.74122807017543835 -0.25 0 0 -1 I I #
coedge $-1 -1 $-1 $499 $771 $782 $783 reversed $102 $-1 #
edge $784 -1 $-1 $785 15.73947368421052673 $501 15.74122807017543479 $631 $277 forward @7 unknown #
point $-1 -1 $-1 0.3000000000000002109 -15.74122807017543479 -0.5 #
coedge $-1 -1 $-1 $503 $786 $508 $645 forward $264 $-1 #
color-adesk-attrib $-1 -1 $-1 $-1 $504 256 #
straight-curve $-1 -1 $-1 0.3000000000000002109 -16.44122807017543764 0.5 0.8177268680332318018 0.5756064361146088215 0 I I #
point $-1 -1 $-1 0.8813210369286270662 -16.03203015411608945 0.5 #
coedge $-1 -1 $-1 $509 $508 $787 $788 forward $510 $-1 #
edge $789 -1 $-1 $790 -16.4429824561403457 $512 -16.44122807017543764 $508 $352 forward @7 unknown #
face $791 -1 $-1 $780 $510 $8 $-1 $354 reversed single #
point $-1 -1 $-1 0.3000000000000002109 -16.44122807017543764 0.5 #
coedge $-1 -1 $-1 $787 $792 $514 $649 forward $793 $-1 #
edge $794 -1 $-1 $661 0 $651 0.6500000000000000222 $648 $795 forward @7 unknown #
color-adesk-attrib $-1 -1 $-1 $-1 $515 256 #
vertex $-1 -1 $-1 $649 $796 #
coedge $-1 -1 $-1 $786 $518 $797 $798 forward $264 $-1 #
coedge $-1 -1 $-1 $525 $797 $521 $654 reversed $659 $-1 #
edge $799 -1 $-1 $528 -0.25 $656 0.75 $521 $800 forward @7 unknown #
color-adesk-attrib $-1 -1 $-1 $-1 $522 256 #
vertex $-1 -1 $-1 $798 $801 #
color-adesk-attrib $-1 -1 $-1 $-1 $523 256 #
coedge $-1 -1 $-1 $797 $525 $792 $802 forward $659 $-1 #
loop $-1 -1 $-1 $-1 $525 $803 #
color-adesk-attrib $-1 -1 $-1 $-1 $526 256 #
vertex $-1 -1 $-1 $649 $804 #
straight-curve $-1 -1 $-1 0.3000000000000001554 -17.14298245614034855 -0.5 0.8177268680332318018 0.5756064361146088215 0 F 0 F 0.7108987849779230261 #
point $-1 -1 $-1 0.3000000000000001554 -17.14298245614034855 -0.5 #
coedge $-1 -1 $-1 $535 $530 $529 $665 reversed $536 $-1 #
edge $805 -1 $-1 $671 0 $533 0.6500000000000000222 $664 $806 forward @7 unknown #
color-adesk-attrib $-1 -1 $-1 $-1 $531 256 #
straight-curve $-1 -1 $-1 0.2999999999999998224 -17.84649122807017463 -0.25 0 0 -1 I I #
point $-1 -1 $-1 0.3000000000000000999 -17.84649122807017463 0.5 #
face $807 -1 $-1 $562 $536 $8 $-1 $808 forward single #
color-adesk-attrib $-1 -1 $-1 $-1 $541 256 #
vertex $-1 -1 $-1 $545 $809 #
straight-curve $-1 -1 $-1 0.3000000000000000999 -18.54649122807017747 0.5 0.8177268680332318018 0.5756064361146088215 0 I I #
color-adesk-attrib $-1 -1 $-1 $-1 $545 256 #
straight-curve $-1 -1 $-1 0.8813210369286270662 -18.13729331201082928 -0.5 0 0 1 I I #
color-adesk-attrib $-1 -1 $-1 $-1 $546 256 #
plane-surface $-1 -1 $-1 0.3000000000000000999 -18.54649122807017747 -0.5 0.5756064361146089325 -0.8177268680332319128 0 0.8177268680332319128 0.5756064361146089325 0 forward_v I I I I #
coedge $-1 -1 $-1 $548 $810 $738 $811 forward $264 $-1 #
edge $812 -1 $-1 $742 -0.2999999999999999889 $680 0.2999999999999999889 $608 $813 forward @7 unknown #
color-adesk-attrib $-1 -1 $-1 $-1 $550 256 #
vertex $-1 -1 $-1 $550 $814 #
straight-curve $-1 -1 $-1 0.2999999999999999889 -19.94999999999999929 0.5 0.8177268680332318018 0.5756064361146088215 0 I I #
point $-1 -1 $-1 0.8813210369286268442 -19.5408020839406511 0.5 #
coedge $-1 -1 $-1 $739 $737 $554 $684 reversed $605 $-1 #
edge $815 -1 $-1 $686 -0.2999999999999999889 $717 0.2999999999999999889 $683 $816 forward @7 unknown #
color-adesk-attrib $-1 -1 $-1 $-1 $556 256 #
vertex $-1 -1 $-1 $684 $817 #
straight-curve $-1 -1 $-1 -0.2999999999999999889 0 -0.5 0 1 0 I I #
point $-1 -1 $-1 -0.2999999999999999889 -19.94999999999999929 -0.5 #
color-adesk-attrib $-1 -1 $-1 $-1 $561 256 #
straight-curve $-1 -1 $-1 0.2999999999999999889 -19.94999999999999929 0 0 0 -1 I I #
color-adesk-attrib $-1 -1 $-1 $-1 $562 256 #
plane-surface $-1 -1 $-1 0.2999999999999999889 -19.94999999999999929 -0.5 0.5756064361146089325 -0.8177268680332319128 0 0.8177268680332319128 0.5756064361146089325 0 forward_v I I I I #
color-adesk-attrib $-1 -1 $-1 $-1 $567 256 #
loop $-1 -1 $-1 $-1 $698 $567 #
coedge $-1 -1 $-1 $818 $569 $819 $820 reversed $102 $-1 #
coedge $-1 -1 $-1 $821 $822 $569 $697 forward $823 $-1 #
edge $824 -1 $-1 $825 0 $701 0.6500000000000000222 $696 $826 forward @7 unknown #
coedge $-1 -1 $-1 $827 $570 $573 $703 forward $694 $-1 #
coedge $-1 -1 $-1 $570 $827 $821 $828 forward $694 $-1 #
color-adesk-attrib $-1 -1 $-1 $-1 $571 256 #
vertex $-1 -1 $-1 $697 $829 #
coedge $-1 -1 $-1 $573 $572 $830 $831 reversed $574 $-1 #
edge $832 -1 $-1 $576 -0.25 $833 0.75 $698 $834 forward @7 unknown #
face $835 -1 $-1 $580 $574 $8 $-1 $836 forward single #
point $-1 -1 $-1 0.3000000000000023759 18.64649122807017179 -0.5 #
coedge $-1 -1 $-1 $594 $830 $578 $707 forward $264 $-1 #
edge $837 -1 $-1 $709 0 $600 0.6500000000000000222 $578 $838 forward @7 unknown #
color-adesk-attrib $-1 -1 $-1 $-1 $579 256 #
vertex $-1 -1 $-1 $579 $839 #
straight-curve $-1 -1 $-1 0.8813210369286292867 19.05568914412951997 -0.5 0 0 1 I I #
color-adesk-attrib $-1 -1 $-1 $-1 $580 256 #
plane-surface $-1 -1 $-1 0.8813210369286292867 19.05568914412951997 -0.5 0.447387821447156997 0.8943400568132721107 0 -0.8943400568132721107 0.447387821447156997 0 forward_v I I I I #
coedge $-1 -1 $-1 $840 $582 $737 $841 reversed $715 $-1 #
coedge $-1 -1 $-1 $582 $840 $584 $720 reversed $715 $-1 #
loop $-1 -1 $-1 $-1 $713 $729 #
color-adesk-attrib $-1 -1 $-1 $-1 $583 256 #
vertex $-1 -1 $-1 $583 $842 #
straight-curve $-1 -1 $-1 0.3000000000000023759 20.04824561403508199 -0.5 0 -1 0 F 0 F 0.6999999999999999556 #
coedge $-1 -1 $-1 $585 $584 $843 $844 reversed $586 $-1 #
edge $845 -1 $-1 $588 0 $846 1 $584 $847 forward @7 unknown #
face $848 -1 $-1 $849 $586 $8 $-1 $850 forward single #
point $-1 -1 $-1 0.3000000000000023759 20.04824561403508199 -0.5 #
coedge $-1 -1 $-1 $843 $594 $590 $724 forward $264 $-1 #
edge $851 -1 $-1 $597 0 $726 0.7108987849779230261 $590 $852 forward @7 unknown #
color-adesk-attrib $-1 -1 $-1 $-1 $591 256 #
vertex $-1 -1 $-1 $591 $853 #
straight-curve $-1 -1 $-1 0.8813210369286292867 19.75744353009443088 -0.5 0 0 1 I I #
color-adesk-attrib $-1 -1 $-1 $-1 $592 256 #
face $854 -1 $-1 $721 $715 $8 $-1 $855 forward single #
plane-surface $-1 -1 $-1 0.3000000000000023759 19.3482456140350827 -0.5 0.5756064361146089325 -0.8177268680332319128 0 0.8177268680332319128 0.5756064361146089325 0 forward_v I I I I #
color-adesk-attrib $-1 -1 $-1 $-1 $595 256 #
point $-1 -1 $-1 0.3000000000000023759 19.3482456140350827 0.5 #
point $-1 -1 $-1 0.3000000000000023759 19.34649122807017108 0.5 #
color-adesk-attrib $-1 -1 $-1 $-1 $603 256 #
face $856 -1 $-1 $857 $858 $8 $-1 $354 reversed single #
loop $-1 -1 $-1 $-1 $859 $603 #
coedge $-1 -1 $-1 $683 $860 $713 $841 forward $605 $-1 #
coedge $-1 -1 $-1 $607 $609 $677 $811 reversed $484 $-1 #
coedge $-1 -1 $-1 $860 $683 $607 $740 reversed $605 $-1 #
edge $861 -1 $-1 $862 -0.5 $686 0.5 $739 $863 forward @7 unknown #
color-adesk-attrib $-1 -1 $-1 $-1 $610 256 #
vertex $-1 -1 $-1 $811 $864 #
straight-curve $-1 -1 $-1 -0.2999999999999999889 -19.94999999999999929 0 0 0 -1 I I #
color-adesk-attrib $-1 -1 $-1 $-1 $612 256 #
face $865 -1 $-1 $866 $867 $8 $-1 $868 forward single #
loop $-1 -1 $-1 $-1 $869 $612 #
plane-surface $-1 -1 $-1 0.3000000000000004885 -12.23070175438596507 -0.5 0.5756064361146089325 -0.8177268680332319128 0 0.8177268680332319128 0.5756064361146089325 0 forward_v I I I I #
coedge $-1 -1 $-1 $870 $871 $872 $873 forward $613 $-1 #
coedge $-1 -1 $-1 $874 $615 $871 $875 forward $489 $-1 #
coedge $-1 -1 $-1 $615 $874 $876 $877 reversed $489 $-1 #
coedge $-1 -1 $-1 $878 $872 $615 $752 reversed $102 $-1 #
edge $879 -1 $-1 $880 0 $881 0.7108987849779230261 $615 $882 forward @7 unknown #
coedge $-1 -1 $-1 $617 $616 $883 $884 reversed $387 $-1 #
coedge $-1 -1 $-1 $885 $886 $616 $755 forward $887 $-1 #
edge $888 -1 $-1 $889 -0.75 $758 0.25 $754 $890 forward @7 unknown #
coedge $-1 -1 $-1 $618 $891 $885 $892 forward $102 $-1 #
color-adesk-attrib $-1 -1 $-1 $-1 $619 256 #
vertex $-1 -1 $-1 $619 $893 #
straight-curve $-1 -1 $-1 0.8813210369286272883 -14.62852138218626763 -0.5 -0.8943400568132721107 0.447387821447156997 0 F 0 F 0.6500000000000000222 #
coedge $-1 -1 $-1 $883 $894 $620 $761 forward $264 $-1 #
edge $895 -1 $-1 $769 0 $763 0.7108987849779230261 $620 $896 forward @7 unknown #
color-adesk-attrib $-1 -1 $-1 $-1 $621 256 #
vertex $-1 -1 $-1 $621 $897 #
straight-curve $-1 -1 $-1 0.8813210369286272883 -14.62852138218626763 -0.5 0 0 1 I I #
coedge $-1 -1 $-1 $898 $622 $894 $899 reversed $767 $-1 #
coedge $-1 -1 $-1 $622 $898 $624 $772 reversed $767 $-1 #
loop $-1 -1 $-1 $-1 $622 $900 #
color-adesk-attrib $-1 -1 $-1 $-1 $623 256 #
vertex $-1 -1 $-1 $761 $901 #
straight-curve $-1 -1 $-1 0.2999999999999998224 -15.03771929824561582 -0.25 0 0 1 I I #
coedge $-1 -1 $-1 $637 $624 $902 $903 reversed $102 $-1 #
edge $904 -1 $-1 $626 15.03771929824561582 $905 15.03947368421052388 $766 $277 forward @7 unknown #
point $-1 -1 $-1 0.3000000000000002665 -15.03771929824561582 -0.5 #
point $-1 -1 $-1 0.8813210369286272883 -14.62852138218626763 -0.5 #
coedge $-1 -1 $-1 $906 $629 $632 $779 forward $264 $-1 #
color-adesk-attrib $-1 -1 $-1 $-1 $630 256 #
straight-curve $-1 -1 $-1 0.8813210369286270662 -16.03203015411608945 0.5 -0.8943400568132721107 0.447387821447156997 0 I I #
coedge $-1 -1 $-1 $632 $631 $907 $908 forward $633 $-1 #
edge $909 -1 $-1 $635 -15.74122807017543479 $910 -15.73947368421052673 $632 $352 forward @7 unknown #
face $911 -1 $-1 $420 $633 $8 $-1 $354 reversed single #
point $-1 -1 $-1 0.3000000000000002109 -15.74122807017543479 0.5 #
coedge $-1 -1 $-1 $912 $907 $637 $783 forward $913 $-1 #
edge $914 -1 $-1 $785 0 $915 0.7108987849779230261 $782 $916 forward @7 unknown #
color-adesk-attrib $-1 -1 $-1 $-1 $638 256 #
vertex $-1 -1 $-1 $638 $917 #
coedge $-1 -1 $-1 $640 $652 $918 $919 forward $264 $-1 #
coedge $-1 -1 $-1 $918 $648 $644 $788 reversed $793 $-1 #
edge $920 -1 $-1 $790 -0.75 $651 0.25 $644 $921 forward @7 unknown #
color-adesk-attrib $-1 -1 $-1 $-1 $645 256 #
vertex $-1 -1 $-1 $645 $922 #
color-adesk-attrib $-1 -1 $-1 $-1 $646 256 #
coedge $-1 -1 $-1 $648 $918 $658 $802 reversed $793 $-1 #
loop $-1 -1 $-1 $-1 $648 $923 #
color-adesk-attrib $-1 -1 $-1 $-1 $649 256 #
straight-curve $-1 -1 $-1 0.8813210369286270662 -16.73378454008100036 -0.5 -0.8943400568132721107 0.447387821447156997 0 F 0 F 0.6500000000000000222 #
point $-1 -1 $-1 0.3000000000000001554 -16.4429824561403457 -0.5 #
coedge $-1 -1 $-1 $653 $658 $652 $798 reversed $659 $-1 #
edge $924 -1 $-1 $656 0 $925 0.7108987849779230261 $797 $926 forward @7 unknown #
color-adesk-attrib $-1 -1 $-1 $-1 $654 256 #
straight-curve $-1 -1 $-1 0.2999999999999989342 -17.14298245614034855 -0.25 0 0 1 I I #
point $-1 -1 $-1 0.3000000000000001554 -17.14298245614034855 0.5 #
edge $927 -1 $-1 $661 0 $925 1 $792 $928 forward @7 unknown #
face $929 -1 $-1 $923 $659 $8 $-1 $930 forward single #
point $-1 -1 $-1 0.8813210369286270662 -16.73378454008100036 -0.5 #
color-adesk-attrib $-1 -1 $-1 $-1 $665 256 #
straight-curve $-1 -1 $-1 0.8813210369286270662 -18.13729331201082928 0.5 -0.8943400568132721107 0.447387821447156997 0 I I #
color-adesk-attrib $-1 -1 $-1 $-1 $669 256 #
plane-surface $-1 -1 $-1 0.8813210369286270662 -18.13729331201082928 -0.5 0.447387821447156997 0.8943400568132721107 0 -0.8943400568132721107 0.447387821447156997 0 forward_v I I I I #
point $-1 -1 $-1 0.8813210369286270662 -18.13729331201082928 0.5 #
coedge $-1 -1 $-1 $677 $931 $860 $932 forward $264 $-1 #
edge $933 -1 $-1 $862 -19.94999999999999929 $742 19.94999999999999929 $738 $934 forward @7 unknown #
color-adesk-attrib $-1 -1 $-1 $-1 $678 256 #
straight-curve $-1 -1 $-1 0 -19.94999999999999929 0.5 1 0 0 I I #
point $-1 -1 $-1 0.2999999999999999889 -19.94999999999999929 0.5 #
color-adesk-attrib $-1 -1 $-1 $-1 $684 256 #
straight-curve $-1 -1 $-1 0 19.94999999999999929 -0.5 1 0 0 I I #
point $-1 -1 $-1 -0.2999999999999999889 19.94999999999999929 -0.5 #
coedge $-1 -1 $-1 $935 $695 $936 $937 forward $102 $-1 #
coedge $-1 -1 $-1 $938 $939 $695 $820 forward $940 $-1 #
edge $941 -1 $-1 $942 0 $825 0.7108987849779230261 $819 $943 forward @7 unknown #
coedge $-1 -1 $-1 $944 $696 $699 $828 reversed $823 $-1 #
coedge $-1 -1 $-1 $696 $944 $938 $945 reversed $823 $-1 #
loop $-1 -1 $-1 $-1 $696 $946 #
color-adesk-attrib $-1 -1 $-1 $-1 $697 256 #
vertex $-1 -1 $-1 $697 $947 #
straight-curve $-1 -1 $-1 0.8813210369286292867 18.35393475816460906 -0.5 -0.8943400568132721107 0.447387821447156997 0 F 0 F 0.6500000000000000222 #
coedge $-1 -1 $-1 $699 $698 $948 $949 reversed $694 $-1 #
edge $950 -1 $-1 $951 -0.75 $701 0.25 $699 $952 forward @7 unknown #
point $-1 -1 $-1 0.3000000000000023204 18.64473684210526017 -0.5 #
coedge $-1 -1 $-1 $706 $948 $702 $831 forward $264 $-1 #
edge $953 -1 $-1 $833 0 $709 0.7108987849779230261 $702 $954 forward @7 unknown #
color-adesk-attrib $-1 -1 $-1 $-1 $703 256 #
vertex $-1 -1 $-1 $831 $955 #
straight-curve $-1 -1 $-1 0.3000000000000007105 18.64649122807016823 -0.25 0 0 1 I I #
color-adesk-attrib $-1 -1 $-1 $-1 $704 256 #
plane-surface $-1 -1 $-1 0.3000000000000023759 18.64649122807017179 -0.5 0.5756064361146089325 -0.8177268680332319128 0 0.8177268680332319128 0.5756064361146089325 0 forward_v I I I I #
color-adesk-attrib $-1 -1 $-1 $-1 $707 256 #
straight-curve $-1 -1 $-1 0.8813210369286292867 19.05568914412951997 0.5 -0.8943400568132721107 0.447387821447156997 0 I I #
point $-1 -1 $-1 0.8813210369286292867 19.05568914412951997 0.5 #
coedge $-1 -1 $-1 $714 $713 $931 $956 reversed $715 $-1 #
edge $957 -1 $-1 $958 -0.5 $717 0.5 $737 $959 forward @7 unknown #
point $-1 -1 $-1 0.2999999999999999889 19.94999999999999929 -0.5 #
coedge $-1 -1 $-1 $931 $723 $719 $844 forward $264 $-1 #
edge $960 -1 $-1 $726 0 $846 0.6500000000000000222 $719 $961 forward @7 unknown #
color-adesk-attrib $-1 -1 $-1 $-1 $720 256 #
vertex $-1 -1 $-1 $720 $962 #
straight-curve $-1 -1 $-1 0.3000000000000023759 20.04824561403508199 -0.5 0 0 1 I I #
color-adesk-attrib $-1 -1 $-1 $-1 $721 256 #
face $963 -1 $-1 $946 $940 $8 $-1 $964 forward single #
plane-surface $-1 -1 $-1 0.8813210369286292867 19.75744353009443088 -0.5 0.447387821447156997 0.8943400568132721107 0 -0.8943400568132721107 0.447387821447156997 0 forward_v I I I I #
color-adesk-attrib $-1 -1 $-1 $-1 $724 256 #
straight-curve $-1 -1 $-1 0.3000000000000023759 19.3482456140350827 0.5 0.8177268680332318018 0.5756064361146088215 0 I I #
point $-1 -1 $-1 0.8813210369286292867 19.75744353009443088 0.5 #
color-adesk-attrib $-1 -1 $-1 $-1 $729 256 #
plane-surface $-1 -1 $-1 0.3000000000000023759 20.04824561403508199 -0.5 -1 0 0 0 -1 0 forward_v I I I I #
color-adesk-attrib $-1 -1 $-1 $-1 $735 256 #
face $965 -1 $-1 $966 $967 $8 $-1 $354 reversed single #
loop $-1 -1 $-1 $-1 $968 $735 #
coedge $-1 -1 $-1 $969 $970 $971 $972 forward $736 $-1 #
coedge $-1 -1 $-1 $737 $739 $810 $932 reversed $605 $-1 #
color-adesk-attrib $-1 -1 $-1 $-1 $740 256 #
vertex $-1 -1 $-1 $932 $973 #
straight-curve $-1 -1 $-1 -0.2999999999999999889 19.94999999999999929 0 0 0 -1 I I #
point $-1 -1 $-1 -0.2999999999999999889 -19.94999999999999929 0.5 #
color-adesk-attrib $-1 -1 $-1 $-1 $745 256 #
face $974 -1 $-1 $975 $976 $8 $-1 $977 forward single #
loop $-1 -1 $-1 $-1 $978 $745 #
plane-surface $-1 -1 $-1 0.8813210369286275103 -11.82150383832661689 -0.5 0.447387821447156997 0.8943400568132721107 0 -0.8943400568132721107 0.447387821447156997 0 forward_v I I I I #
coedge $-1 -1 $-1 $979 $980 $981 $982 forward $746 $-1 #
coedge $-1 -1 $-1 $983 $748 $984 $985 reversed $613 $-1 #
coedge $-1 -1 $-1 $748 $983 $749 $875 reversed $613 $-1 #
coedge $-1 -1 $-1 $751 $986 $748 $873 reversed $102 $-1 #
edge $987 -1 $-1 $881 0 $988 0.6500000000000000222 $748 $989 forward @7 unknown #
coedge $-1 -1 $-1 $750 $749 $990 $991 reversed $489 $-1 #
edge $992 -1 $-1 $881 0 $993 1 $871 $994 forward @7 unknown #
coedge $-1 -1 $-1 $995 $996 $750 $877 forward $997 $-1 #
edge $998 -1 $-1 $880 -0.25 $999 0.75 $876 $1000 forward @7 unknown #
coedge $-1 -1 $-1 $1001 $751 $996 $1002 forward $102 $-1 #
color-adesk-attrib $-1 -1 $-1 $-1 $752 256 #
vertex $-1 -1 $-1 $1002 $1003 #
vertex $-1 -1 $-1 $873 $1004 #
straight-curve $-1 -1 $-1 0.3000000000000003775 -13.63421052631578689 -0.5 0.8177268680332318018 0.5756064361146088215 0 F 0 F 0.7108987849779230261 #
coedge $-1 -1 $-1 $1005 $760 $753 $884 forward $264 $-1 #
edge $1006 -1 $-1 $763 0 $889 0.6500000000000000222 $753 $1007 forward @7 unknown #
coedge $-1 -1 $-1 $1008 $754 $756 $892 reversed $887 $-1 #
coedge $-1 -1 $-1 $754 $1008 $1005 $1009 reversed $887 $-1 #
loop $-1 -1 $-1 $-1 $754 $1010 #
color-adesk-attrib $-1 -1 $-1 $-1 $755 256 #
vertex $-1 -1 $-1 $1009 $1011 #
straight-curve $-1 -1 $-1 0.2999999999999998224 -14.33771929824561653 -0.25 0 0 -1 I I #
coedge $-1 -1 $-1 $756 $1001 $1012 $1013 reversed $102 $-1 #
edge $1014 -1 $-1 $1015 14.3359649122806978 $758 14.33771929824561298 $885 $277 forward @7 unknown #
point $-1 -1 $-1 0.3000000000000002665 -14.33771929824561298 -0.5 #
coedge $-1 -1 $-1 $760 $1016 $765 $899 forward $264 $-1 #
color-adesk-attrib $-1 -1 $-1 $-1 $761 256 #
straight-curve $-1 -1 $-1 0.3000000000000002665 -15.03771929824561582 0.5 0.8177268680332318018 0.5756064361146088215 0 I I #
point $-1 -1 $-1 0.8813210369286272883 -14.62852138218626763 0.5 #
coedge $-1 -1 $-1 $766 $765 $1017 $1018 forward $767 $-1 #
edge $1019 -1 $-1 $1020 -15.03947368421052388 $769 -15.03771929824561582 $765 $352 forward @7 unknown #
face $1021 -1 $-1 $1010 $767 $8 $-1 $354 reversed single #
point $-1 -1 $-1 0.3000000000000002665 -15.03771929824561582 0.5 #
coedge $-1 -1 $-1 $1017 $1022 $771 $903 forward $1023 $-1 #
edge $1024 -1 $-1 $915 0 $905 0.6500000000000000222 $902 $1025 forward @7 unknown #
color-adesk-attrib $-1 -1 $-1 $-1 $772 256 #
vertex $-1 -1 $-1 $903 $1026 #
coedge $-1 -1 $-1 $1016 $775 $1027 $1028 forward $264 $-1 #
coedge $-1 -1 $-1 $782 $1027 $778 $908 reversed $913 $-1 #
edge $1029 -1 $-1 $785 -0.25 $910 0.75 $778 $1030 forward @7 unknown #
color-adesk-attrib $-1 -1 $-1 $-1 $779 256 #
vertex $-1 -1 $-1 $1028 $1031 #
color-adesk-attrib $-1 -1 $-1 $-1 $780 256 #
coedge $-1 -1 $-1 $1027 $782 $1022 $1032 forward $913 $-1 #
loop $-1 -1 $-1 $-1 $782 $1033 #
color-adesk-attrib $-1 -1 $-1 $-1 $783 256 #
vertex $-1 -1 $-1 $903 $1034 #
straight-curve $-1 -1 $-1 0.3000000000000002665 -15.73947368421052673 -0.5 0.8177268680332318018 0.5756064361146088215 0 F 0 F 0.7108987849779230261 #
point $-1 -1 $-1 0.3000000000000002665 -15.73947368421052673 -0.5 #
coedge $-1 -1 $-1 $792 $787 $786 $919 reversed $793 $-1 #
edge $1035 -1 $-1 $925 0 $790 0.6500000000000000222 $918 $1036 forward @7 unknown #
color-adesk-attrib $-1 -1 $-1 $-1 $788 256 #
straight-curve $-1 -1 $-1 0.3000000000000002665 -16.44298245614034926 -0.25 0 0 -1 I I #
point $-1 -1 $-1 0.3000000000000001554 -16.4429824561403457 0.5 #
face $1037 -1 $-1 $546 $793 $8 $-1 $1038 forward single #
color-adesk-attrib $-1 -1 $-1 $-1 $798 256 #
vertex $-1 -1 $-1 $802 $1039 #
straight-curve $-1 -1 $-1 0.3000000000000001554 -17.14298245614034855 0.5 0.8177268680332318018 0.5756064361146088215 0 I I #
color-adesk-attrib $-1 -1 $-1 $-1 $802 256 #
straight-curve $-1 -1 $-1 0.8813210369286270662 -16.73378454008100036 -0.5 0 0 1 I I #
color-adesk-attrib $-1 -1 $-1 $-1 $803 256 #
plane-surface $-1 -1 $-1 0.3000000000000001554 -17.14298245614034855 -0.5 0.5756064361146089325 -0.8177268680332319128 0 0.8177268680332319128 0.5756064361146089325 0 forward_v I I I I #
coedge $-1 -1 $-1 $810 $843 $840 $956 forward $264 $-1 #
edge $1040 -1 $-1 $958 -0.2999999999999999889 $862 0.2999999999999999889 $860 $1041 forward @7 unknown #
color-adesk-attrib $-1 -1 $-1 $-1 $811 256 #
straight-curve $-1 -1 $-1 -0.2999999999999999889 0 0.5 0 -1 0 I I #
coedge $-1 -1 $-1 $1042 $818 $1043 $1044 reversed $102 $-1 #
coedge $-1 -1 $-1 $1045 $968 $818 $937 reversed $858 $-1 #
edge $1046 -1 $-1 $942 -17.94473684210526088 $1047 -17.94298245614034926 $936 $277 forward @7 unknown #
coedge $-1 -1 $-1 $1048 $819 $822 $945 forward $940 $-1 #
coedge $-1 -1 $-1 $819 $1048 $1045 $1049 reversed $940 $-1 #
loop $-1 -1 $-1 $-1 $819 $849 #
color-adesk-attrib $-1 -1 $-1 $-1 $820 256 #
vertex $-1 -1 $-1 $937 $1050 #
straight-curve $-1 -1 $-1 0.3000000000000023204 17.94473684210526088 -0.5 0.8177268680332318018 0.5756064361146088215 0 F 0 F 0.7108987849779230261 #
coedge $-1 -1 $-1 $822 $821 $1051 $1052 reversed $823 $-1 #
edge $1053 -1 $-1 $825 0 $1054 1 $822 $1055 forward @7 unknown #
face $1056 -1 $-1 $1057 $823 $8 $-1 $1058 forward single #
point $-1 -1 $-1 0.8813210369286292867 18.35393475816460906 -0.5 #
coedge $-1 -1 $-1 $830 $1051 $827 $949 forward $264 $-1 #
edge $1059 -1 $-1 $951 18.64473684210526017 $833 18.64649122807017179 $827 $352 forward @7 unknown #
color-adesk-attrib $-1 -1 $-1 $-1 $828 256 #
vertex $-1 -1 $-1 $949 $1060 #
straight-curve $-1 -1 $-1 0.2999999999999998224 18.64473684210526372 -0.25 0 0 -1 I I #
color-adesk-attrib $-1 -1 $-1 $-1 $831 256 #
straight-curve $-1 -1 $-1 0.3000000000000023759 18.64649122807017179 0.5 0.8177268680332318018 0.5756064361146088215 0 I I #
point $-1 -1 $-1 0.3000000000000023759 18.64649122807017179 0.5 #
edge $1061 -1 $-1 $846 0 $958 0.09824561403508336177 $840 $1062 forward @7 unknown #
color-adesk-attrib $-1 -1 $-1 $-1 $841 256 #
vertex $-1 -1 $-1 $932 $1063 #
straight-curve $-1 -1 $-1 0.2999999999999999889 19.94999999999999929 0 0 0 -1 I I #
color-adesk-attrib $-1 -1 $-1 $-1 $844 256 #
straight-curve $-1 -1 $-1 0.8813210369286292867 19.75744353009443088 0.5 -0.8943400568132721107 0.447387821447156997 0 I I #
point $-1 -1 $-1 0.3000000000000023759 20.04824561403508199 0.5 #
color-adesk-attrib $-1 -1 $-1 $-1 $849 256 #
plane-surface $-1 -1 $-1 0.3000000000000023204 17.94473684210526088 -0.5 0.5756064361146089325 -0.8177268680332319128 0 0.8177268680332319128 0.5756064361146089325 0 forward_v I I I I #
color-adesk-attrib $-1 -1 $-1 $-1 $857 256 #
face $1064 -1 $-1 $1065 $1066 $8 $-1 $354 reversed single #
loop $-1 -1 $-1 $-1 $1067 $857 #
coedge $-1 -1 $-1 $936 $1068 $1069 $1070 forward $858 $-1 #
coedge $-1 -1 $-1 $1071 $859 $1072 $1073 reversed $736 $-1 #
coedge $-1 -1 $-1 $859 $1071 $1074 $1075 reversed $736 $-1 #
coedge $-1 -1 $-1 $1076 $1077 $859 $972 reversed $1078 $-1 #
edge $1079 -1 $-1 $1080 -0.25 $1081 0.75 $859 $1082 forward @7 unknown #
point $-1 -1 $-1 -0.2999999999999999889 19.94999999999999929 0.5 #
color-adesk-attrib $-1 -1 $-1 $-1 $866 256 #
face $1083 -1 $-1 $1084 $1085 $8 $-1 $1086 forward single #
loop $-1 -1 $-1 $-1 $1087 $866 #
plane-surface $-1 -1 $-1 0.300000000000000544 -10.8271929824561397 -0.5 0.5756064361146089325 -0.8177268680332319128 0 0.8177268680332319128 0.5756064361146089325 0 forward_v I I I I #
coedge $-1 -1 $-1 $1088 $1089 $1090 $1091 forward $867 $-1 #
coedge $-1 -1 $-1 $1092 $869 $1089 $1093 forward $746 $-1 #
coedge $-1 -1 $-1 $869 $1092 $1094 $1095 reversed $746 $-1 #
coedge $-1 -1 $-1 $1096 $1090 $869 $982 reversed $102 $-1 #
edge $1097 -1 $-1 $1098 0 $1099 0.7108987849779230261 $869 $1100 forward @7 unknown #
coedge $-1 -1 $-1 $871 $870 $1101 $1102 reversed $613 $-1 #
coedge $-1 -1 $-1 $1103 $1104 $870 $985 forward $1105 $-1 #
edge $1106 -1 $-1 $1107 -0.75 $988 0.25 $984 $1108 forward @7 unknown #
coedge $-1 -1 $-1 $872 $1109 $1103 $1110 forward $102 $-1 #
color-adesk-attrib $-1 -1 $-1 $-1 $873 256 #
vertex $-1 -1 $-1 $873 $1111 #
straight-curve $-1 -1 $-1 0.8813210369286272883 -13.22501261025643871 -0.5 -0.8943400568132721107 0.447387821447156997 0 F 0 F 0.6500000000000000222 #
coedge $-1 -1 $-1 $1101 $1112 $874 $991 forward $264 $-1 #
edge $1113 -1 $-1 $999 0 $993 0.7108987849779230261 $874 $1114 forward @7 unknown #
color-adesk-attrib $-1 -1 $-1 $-1 $875 256 #
vertex $-1 -1 $-1 $875 $1115 #
straight-curve $-1 -1 $-1 0.8813210369286272883 -13.22501261025643871 -0.5 0 0 1 I I #
coedge $-1 -1 $-1 $1116 $876 $1112 $1117 reversed $997 $-1 #
coedge $-1 -1 $-1 $876 $1116 $878 $1002 reversed $997 $-1 #
loop $-1 -1 $-1 $-1 $876 $1118 #
color-adesk-attrib $-1 -1 $-1 $-1 $877 256 #
vertex $-1 -1 $-1 $991 $1119 #
straight-curve $-1 -1 $-1 0.3000000000000002665 -13.63421052631578689 -0.25 0 0 1 I I #
coedge $-1 -1 $-1 $891 $878 $1120 $1121 reversed $102 $-1 #
edge $1122 -1 $-1 $880 13.63421052631578689 $1123 13.63596491228069496 $996 $277 forward @7 unknown #
point $-1 -1 $-1 0.3000000000000003775 -13.63421052631578689 -0.5 #
point $-1 -1 $-1 0.8813210369286272883 -13.22501261025643871 -0.5 #
coedge $-1 -1 $-1 $1124 $883 $886 $1009 forward $264 $-1 #
color-adesk-attrib $-1 -1 $-1 $-1 $884 256 #
straight-curve $-1 -1 $-1 0.8813210369286272883 -14.62852138218626763 0.5 -0.8943400568132721107 0.447387821447156997 0 I I #
coedge $-1 -1 $-1 $886 $885 $1125 $1126 forward $887 $-1 #
edge $1127 -1 $-1 $889 -14.33771929824561298 $1128 -14.3359649122806978 $886 $352 forward @7 unknown #
face $1129 -1 $-1 $646 $887 $8 $-1 $354 reversed single #
point $-1 -1 $-1 0.3000000000000002665 -14.33771929824561298 0.5 #
coedge $-1 -1 $-1 $1130 $1125 $891 $1013 forward $1131 $-1 #
edge $1132 -1 $-1 $1015 0 $1133 0.7108987849779230261 $1012 $1134 forward @7 unknown #
color-adesk-attrib $-1 -1 $-1 $-1 $892 256 #
vertex $-1 -1 $-1 $892 $1135 #
coedge $-1 -1 $-1 $894 $906 $1136 $1137 forward $264 $-1 #
coedge $-1 -1 $-1 $1136 $902 $898 $1018 reversed $1023 $-1 #
edge $1138 -1 $-1 $1020 -0.75 $905 0.25 $898 $1139 forward @7 unknown #
color-adesk-attrib $-1 -1 $-1 $-1 $899 256 #
vertex $-1 -1 $-1 $899 $1140 #
color-adesk-attrib $-1 -1 $-1 $-1 $900 256 #
coedge $-1 -1 $-1 $902 $1136 $912 $1032 reversed $1023 $-1 #
loop $-1 -1 $-1 $-1 $902 $1141 #
color-adesk-attrib $-1 -1 $-1 $-1 $903 256 #
straight-curve $-1 -1 $-1 0.8813210369286272883 -15.33027576815117854 -0.5 -0.8943400568132721107 0.447387821447156997 0 F 0 F 0.6500000000000000222 #
point $-1 -1 $-1 0.3000000000000002665 -15.03947368421052388 -0.5 #
coedge $-1 -1 $-1 $907 $912 $906 $1028 reversed $913 $-1 #
edge $1142 -1 $-1 $910 0 $1143 0.7108987849779230261 $1027 $1144 forward @7 unknown #
color-adesk-attrib $-1 -1 $-1 $-1 $908 256 #
straight-curve $-1 -1 $-1 0.2999999999999993783 -15.73947368421052673 -0.25 0 0 1 I I #
point $-1 -1 $-1 0.3000000000000002665 -15.73947368421052673 0.5 #
edge $1145 -1 $-1 $915 0 $1143 1 $1022 $1146 forward @7 unknown #
face $1147 -1 $-1 $1141 $913 $8 $-1 $1148 forward single #
point $-1 -1 $-1 0.8813210369286272883 -15.33027576815117854 -0.5 #
color-adesk-attrib $-1 -1 $-1 $-1 $919 256 #
straight-curve $-1 -1 $-1 0.8813210369286270662 -16.73378454008100036 0.5 -0.8943400568132721107 0.447387821447156997 0 I I #
color-adesk-attrib $-1 -1 $-1 $-1 $923 256 #
plane-surface $-1 -1 $-1 0.8813210369286270662 -16.73378454008100036 -0.5 0.447387821447156997 0.8943400568132721107 0 -0.8943400568132721107 0.447387821447156997 0 forward_v I I I I #
point $-1 -1 $-1 0.8813210369286270662 -16.73378454008100036 0.5 #
color-adesk-attrib $-1 -1 $-1 $-1 $932 256 #
straight-curve $-1 -1 $-1 0 19.94999999999999929 0.5 -1 0 0 I I #
coedge $-1 -1 $-1 $1074 $935 $1076 $1149 reversed $102 $-1 #
coedge $-1 -1 $-1 $1069 $1150 $935 $1044 forward $1151 $-1 #
edge $1152 -1 $-1 $1153 0 $1047 0.6500000000000000222 $1043 $1154 forward @7 unknown #
coedge $-1 -1 $-1 $1068 $936 $939 $1049 forward $858 $-1 #
color-adesk-attrib $-1 -1 $-1 $-1 $937 256 #
vertex $-1 -1 $-1 $1044 $1155 #
coedge $-1 -1 $-1 $939 $938 $1156 $1157 reversed $940 $-1 #
edge $1158 -1 $-1 $942 -0.25 $1159 0.75 $1045 $1160 forward @7 unknown #
point $-1 -1 $-1 0.3000000000000023204 17.94473684210526088 -0.5 #
coedge $-1 -1 $-1 $948 $1156 $944 $1052 forward $264 $-1 #
edge $1161 -1 $-1 $1054 0 $951 0.6500000000000000222 $944 $1162 forward @7 unknown #
color-adesk-attrib $-1 -1 $-1 $-1 $945 256 #
vertex $-1 -1 $-1 $945 $1163 #
straight-curve $-1 -1 $-1 0.8813210369286292867 18.35393475816460906 -0.5 0 0 1 I I #
color-adesk-attrib $-1 -1 $-1 $-1 $946 256 #
face $1164 -1 $-1 $1165 $1166 $8 $-1 $1167 forward single #
plane-surface $-1 -1 $-1 0.8813210369286292867 18.35393475816460906 -0.5 0.447387821447156997 0.8943400568132721107 0 -0.8943400568132721107 0.447387821447156997 0 forward_v I I I I #
color-adesk-attrib $-1 -1 $-1 $-1 $949 256 #
point $-1 -1 $-1 0.3000000000000023204 18.64473684210526017 0.5 #
color-adesk-attrib $-1 -1 $-1 $-1 $956 256 #
straight-curve $-1 -1 $-1 0.3000000000000023759 20.04824561403508199 0.5 0 -1 0 I I #
point $-1 -1 $-1 0.2999999999999999889 19.94999999999999929 0.5 #
color-adesk-attrib $-1 -1 $-1 $-1 $966 256 #
face $1168 -1 $-1 $1169 $1170 $8 $-1 $354 reversed single #
loop $-1 -1 $-1 $-1 $1171 $966 #
coedge $-1 -1 $-1 $1172 $1173 $1174 $1175 forward $967 $-1 #
coedge $-1 -1 $-1 $968 $1045 $1176 $1177 reversed $858 $-1 #
coedge $-1 -1 $-1 $1178 $1043 $968 $1070 reversed $1151 $-1 #
edge $1179 -1 $-1 $1180 -0.75 $1047 0.25 $968 $1181 forward @7 unknown #
coedge $-1 -1 $-1 $970 $969 $1182 $1183 forward $736 $-1 #
coedge $-1 -1 $-1 $1184 $1185 $969 $1073 forward $264 $-1 #
edge $1186 -1 $-1 $1187 17.24122807017543835 $1081 17.24298245614034997 $969 $352 forward @7 unknown #
coedge $-1 -1 $-1 $1188 $1042 $970 $1075 forward $102 $-1 #
edge $1189 -1 $-1 $1080 -17.24298245614034997 $1190 -17.24122807017543835 $970 $277 forward @7 unknown #
coedge $-1 -1 $-1 $1191 $971 $1042 $1149 forward $1078 $-1 #
coedge $-1 -1 $-1 $971 $1191 $1184 $1192 reversed $1078 $-1 #
loop $-1 -1 $-1 $-1 $1076 $1193 #
color-adesk-attrib $-1 -1 $-1 $-1 $972 256 #
vertex $-1 -1 $-1 $1075 $1194 #
vertex $-1 -1 $-1 $1192 $1195 #
straight-curve $-1 -1 $-1 0.3000000000000002665 17.24298245614034641 -0.25 0 0 1 I I #
color-adesk-attrib $-1 -1 $-1 $-1 $975 256 #
face $1196 -1 $-1 $1197 $1198 $8 $-1 $1199 forward single #
loop $-1 -1 $-1 $-1 $1200 $975 #
plane-surface $-1 -1 $-1 0.8813210369286275103 -10.41799506639679151 -0.5 0.447387821447156997 0.8943400568132721107 0 -0.8943400568132721107 0.447387821447156997 0 forward_v I I I I #
coedge $-1 -1 $-1 $1201 $1202 $1203 $1204 forward $976 $-1 #
coedge $-1 -1 $-1 $1205 $978 $1206 $1207 reversed $867 $-1 #
coedge $-1 -1 $-1 $978 $1205 $979 $1093 reversed $867 $-1 #
coedge $-1 -1 $-1 $981 $1208 $978 $1091 reversed $102 $-1 #
edge $1209 -1 $-1 $1099 0 $1210 0.6500000000000000222 $978 $1211 forward @7 unknown #
coedge $-1 -1 $-1 $980 $979 $1212 $1213 reversed $746 $-1 #
edge $1214 -1 $-1 $1099 0 $1215 1 $1089 $1216 forward @7 unknown #
coedge $-1 -1 $-1 $1217 $1218 $980 $1095 forward $1219 $-1 #
edge $1220 -1 $-1 $1098 -0.25 $1221 0.75 $1094 $1222 forward @7 unknown #
coedge $-1 -1 $-1 $1223 $981 $1218 $1224 forward $102 $-1 #
color-adesk-attrib $-1 -1 $-1 $-1 $982 256 #
vertex $-1 -1 $-1 $1224 $1225 #
vertex $-1 -1 $-1 $1091 $1226 #
straight-curve $-1 -1 $-1 0.3000000000000004885 -12.23070175438596507 -0.5 0.8177268680332318018 0.5756064361146088215 0 F 0 F 0.7108987849779230261 #
coedge $-1 -1 $-1 $1227 $990 $983 $1102 forward $264 $-1 #
edge $1228 -1 $-1 $993 0 $1107 0.6500000000000000222 $983 $1229 forward @7 unknown #
coedge $-1 -1 $-1 $1230 $984 $986 $1110 reversed $1105 $-1 #
coedge $-1 -1 $-1 $984 $1230 $1227 $1231 reversed $1105 $-1 #
loop $-1 -1 $-1 $-1 $984 $1232 #
color-adesk-attrib $-1 -1 $-1 $-1 $985 256 #
vertex $-1 -1 $-1 $1231 $1233 #
straight-curve $-1 -1 $-1 0.3000000000000004885 -12.93421052631578583 -0.25 0 0 -1 I I #
coedge $-1 -1 $-1 $986 $1223 $1234 $1235 reversed $102 $-1 #
edge $1236 -1 $-1 $1237 12.93245614035087598 $988 12.93421052631578405 $1103 $277 forward @7 unknown #
point $-1 -1 $-1 0.3000000000000003775 -12.93421052631578405 -0.5 #
coedge $-1 -1 $-1 $990 $1238 $995 $1117 forward $264 $-1 #
color-adesk-attrib $-1 -1 $-1 $-1 $991 256 #
straight-curve $-1 -1 $-1 0.3000000000000003775 -13.63421052631578689 0.5 0.8177268680332318018 0.5756064361146088215 0 I I #
point $-1 -1 $-1 0.8813210369286272883 -13.22501261025643871 0.5 #
coedge $-1 -1 $-1 $996 $995 $1239 $1240 forward $997 $-1 #
edge $1241 -1 $-1 $1242 -13.63596491228069496 $999 -13.63421052631578689 $995 $352 forward @7 unknown #
face $1243 -1 $-1 $1232 $997 $8 $-1 $354 reversed single #
point $-1 -1 $-1 0.3000000000000003775 -13.63421052631578689 0.5 #
coedge $-1 -1 $-1 $1239 $1244 $1001 $1121 forward $1245 $-1 #
edge $1246 -1 $-1 $1133 0 $1123 0.6500000000000000222 $1120 $1247 forward @7 unknown #
color-adesk-attrib $-1 -1 $-1 $-1 $1002 256 #
vertex $-1 -1 $-1 $1121 $1248 #
coedge $-1 -1 $-1 $1238 $1005 $1249 $1250 forward $264 $-1 #
coedge $-1 -1 $-1 $1012 $1249 $1008 $1126 reversed $1131 $-1 #
edge $1251 -1 $-1 $1015 -0.25 $1128 0.75 $1008 $1252 forward @7 unknown #
color-adesk-attrib $-1 -1 $-1 $-1 $1009 256 #
vertex $-1 -1 $-1 $1250 $1253 #
color-adesk-attrib $-1 -1 $-1 $-1 $1010 256 #
coedge $-1 -1 $-1 $1249 $1012 $1244 $1254 forward $1131 $-1 #
loop $-1 -1 $-1 $-1 $1012 $1255 #
color-adesk-attrib $-1 -1 $-1 $-1 $1013 256 #
vertex $-1 -1 $-1 $1121 $1256 #
straight-curve $-1 -1 $-1 0.300000000000000322 -14.3359649122806978 -0.5 0.8177268680332318018 0.5756064361146088215 0 F 0 F 0.7108987849779230261 #
point $-1 -1 $-1 0.300000000000000322 -14.3359649122806978 -0.5 #
coedge $-1 -1 $-1 $1022 $1017 $1016 $1137 reversed $1023 $-1 #
edge $1257 -1 $-1 $1143 0 $1020 0.6500000000000000222 $1136 $1258 forward @7 unknown #
color-adesk-attrib $-1 -1 $-1 $-1 $1018 256 #
straight-curve $-1 -1 $-1 0.2999999999999998224 -15.03947368421052744 -0.25 0 0 -1 I I #
point $-1 -1 $-1 0.3000000000000002665 -15.03947368421052388 0.5 #
face $1259 -1 $-1 $803 $1023 $8 $-1 $1260 forward single #
color-adesk-attrib $-1 -1 $-1 $-1 $1028 256 #
vertex $-1 -1 $-1 $1032 $1261 #
straight-curve $-1 -1 $-1 0.3000000000000002665 -15.73947368421052673 0.5 0.8177268680332318018 0.5756064361146088215 0 I I #
color-adesk-attrib $-1 -1 $-1 $-1 $1032 256 #
straight-curve $-1 -1 $-1 0.8813210369286272883 -15.33027576815117854 -0.5 0 0 1 I I #
color-adesk-attrib $-1 -1 $-1 $-1 $1033 256 #
plane-surface $-1 -1 $-1 0.3000000000000002665 -15.73947368421052673 -0.5 0.5756064361146089325 -0.8177268680332319128 0 0.8177268680332319128 0.5756064361146089325 0 forward_v I I I I #
edge $1262 -1 $-1 $1080 0 $1153 0.7108987849779230261 $1076 $1263 forward @7 unknown #
coedge $-1 -1 $-1 $1043 $1178 $1191 $1264 reversed $1151 $-1 #
loop $-1 -1 $-1 $-1 $1043 $1265 #
color-adesk-attrib $-1 -1 $-1 $-1 $1044 256 #
vertex $-1 -1 $-1 $1044 $1266 #
straight-curve $-1 -1 $-1 0.8813210369286292867 17.65218037219969816 -0.5 -0.8943400568132721107 0.447387821447156997 0 F 0 F 0.6500000000000000222 #
point $-1 -1 $-1 0.3000000000000022649 17.94298245614034926 -0.5 #
coedge $-1 -1 $-1 $1051 $1176 $1048 $1157 forward $264 $-1 #
edge $1267 -1 $-1 $1159 0 $1054 0.7108987849779230261 $1048 $1268 forward @7 unknown #
color-adesk-attrib $-1 -1 $-1 $-1 $1049 256 #
vertex $-1 -1 $-1 $1157 $1269 #
straight-curve $-1 -1 $-1 0.3000000000000002665 17.94473684210526088 -0.25 0 0 1 I I #
color-adesk-attrib $-1 -1 $-1 $-1 $1052 256 #
straight-curve $-1 -1 $-1 0.8813210369286292867 18.35393475816460906 0.5 -0.8943400568132721107 0.447387821447156997 0 I I #
point $-1 -1 $-1 0.8813210369286292867 18.35393475816460906 0.5 #
color-adesk-attrib $-1 -1 $-1 $-1 $1057 256 #
face $1270 -1 $-1 $1271 $1272 $8 $-1 $1273 forward single #
loop $-1 -1 $-1 $-1 $1274 $1057 #
plane-surface $-1 -1 $-1 0.3000000000000022093 16.54122807017543906 -0.5 0.5756064361146089325 -0.8177268680332319128 0 0.8177268680332319128 0.5756064361146089325 0 forward_v I I I I #
color-adesk-attrib $-1 -1 $-1 $-1 $1065 256 #
face $1275 -1 $-1 $1276 $1277 $8 $-1 $354 reversed single #
loop $-1 -1 $-1 $-1 $1278 $1065 #
coedge $-1 -1 $-1 $1279 $1280 $1281 $1282 forward $1066 $-1 #
coedge $-1 -1 $-1 $1283 $1067 $1284 $1285 reversed $967 $-1 #
coedge $-1 -1 $-1 $1067 $1283 $1286 $1287 reversed $967 $-1 #
coedge $-1 -1 $-1 $1288 $1289 $1067 $1175 reversed $1290 $-1 #
edge $1291 -1 $-1 $1292 -0.25 $1293 0.75 $1067 $1294 forward @7 unknown #
coedge $-1 -1 $-1 $1156 $1295 $1068 $1177 forward $264 $-1 #
edge $1296 -1 $-1 $1180 17.94298245614034926 $1159 17.94473684210526088 $1068 $352 forward @7 unknown #
coedge $-1 -1 $-1 $1150 $1069 $1295 $1297 reversed $1151 $-1 #
color-adesk-attrib $-1 -1 $-1 $-1 $1070 256 #
vertex $-1 -1 $-1 $1177 $1298 #
straight-curve $-1 -1 $-1 0.2999999999999998224 17.94298245614035281 -0.25 0 0 -1 I I #
coedge $-1 -1 $-1 $1299 $1300 $1071 $1183 reversed $1272 $-1 #
edge $1301 -1 $-1 $1187 -0.75 $1190 0.25 $1071 $1302 forward @7 unknown #
coedge $-1 -1 $-1 $1295 $1072 $1077 $1192 forward $264 $-1 #
coedge $-1 -1 $-1 $1072 $1303 $1299 $1304 forward $264 $-1 #
color-adesk-attrib $-1 -1 $-1 $-1 $1073 256 #
vertex $-1 -1 $-1 $1073 $1305 #
coedge $-1 -1 $-1 $1306 $1074 $1300 $1307 reversed $102 $-1 #
color-adesk-attrib $-1 -1 $-1 $-1 $1075 256 #
vertex $-1 -1 $-1 $1307 $1308 #
coedge $-1 -1 $-1 $1077 $1076 $1150 $1264 forward $1078 $-1 #
edge $1309 -1 $-1 $1081 0 $1310 0.7108987849779230261 $1077 $1311 forward @7 unknown #
face $1312 -1 $-1 $1265 $1078 $8 $-1 $1313 forward single #
point $-1 -1 $-1 0.3000000000000022649 17.24298245614034997 -0.5 #
point $-1 -1 $-1 0.3000000000000022649 17.24298245614034997 0.5 #
color-adesk-attrib $-1 -1 $-1 $-1 $1084 256 #
face $1314 -1 $-1 $1315 $1316 $8 $-1 $1317 forward single #
loop $-1 -1 $-1 $-1 $1318 $1084 #
plane-surface $-1 -1 $-1 0.300000000000000655 -9.423684210526314331 -0.5 0.5756064361146089325 -0.8177268680332319128 0 0.8177268680332319128 0.5756064361146089325 0 forward_v I I I I #
coedge $-1 -1 $-1 $1319 $1320 $1321 $1322 forward $1085 $-1 #
coedge $-1 -1 $-1 $1323 $1087 $1320 $1324 forward $976 $-1 #
coedge $-1 -1 $-1 $1087 $1323 $1325 $1326 reversed $976 $-1 #
coedge $-1 -1 $-1 $1327 $1321 $1087 $1204 reversed $102 $-1 #
edge $1328 -1 $-1 $1329 0 $1330 0.7108987849779230261 $1087 $1331 forward @7 unknown #
coedge $-1 -1 $-1 $1089 $1088 $1332 $1333 reversed $867 $-1 #
coedge $-1 -1 $-1 $1334 $1335 $1088 $1207 forward $1336 $-1 #
edge $1337 -1 $-1 $1338 -0.75 $1210 0.25 $1206 $1339 forward @7 unknown #
coedge $-1 -1 $-1 $1090 $1340 $1334 $1341 forward $102 $-1 #
color-adesk-attrib $-1 -1 $-1 $-1 $1091 256 #
vertex $-1 -1 $-1 $1091 $1342 #
straight-curve $-1 -1 $-1 0.8813210369286275103 -11.82150383832661689 -0.5 -0.8943400568132721107 0.447387821447156997 0 F 0 F 0.6500000000000000222 #
coedge $-1 -1 $-1 $1332 $1343 $1092 $1213 forward $264 $-1 #
edge $1344 -1 $-1 $1221 0 $1215 0.7108987849779230261 $1092 $1345 forward @7 unknown #
color-adesk-attrib $-1 -1 $-1 $-1 $1093 256 #
vertex $-1 -1 $-1 $1093 $1346 #
straight-curve $-1 -1 $-1 0.8813210369286275103 -11.82150383832661689 -0.5 0 0 1 I I #
coedge $-1 -1 $-1 $1347 $1094 $1343 $1348 reversed $1219 $-1 #
coedge $-1 -1 $-1 $1094 $1347 $1096 $1224 reversed $1219 $-1 #
loop $-1 -1 $-1 $-1 $1094 $1349 #
color-adesk-attrib $-1 -1 $-1 $-1 $1095 256 #
vertex $-1 -1 $-1 $1213 $1350 #
straight-curve $-1 -1 $-1 0.2999999999999998224 -12.23070175438596507 -0.25 0 0 1 I I #
coedge $-1 -1 $-1 $1109 $1096 $1351 $1352 reversed $102 $-1 #
edge $1353 -1 $-1 $1098 12.23070175438596507 $1354 12.23245614035087314 $1218 $277 forward @7 unknown #
point $-1 -1 $-1 0.3000000000000004885 -12.23070175438596507 -0.5 #
point $-1 -1 $-1 0.8813210369286275103 -11.82150383832661689 -0.5 #
coedge $-1 -1 $-1 $1355 $1101 $1104 $1231 forward $264 $-1 #
color-adesk-attrib $-1 -1 $-1 $-1 $1102 256 #
straight-curve $-1 -1 $-1 0.8813210369286272883 -13.22501261025643871 0.5 -0.8943400568132721107 0.447387821447156997 0 I I #
coedge $-1 -1 $-1 $1104 $1103 $1356 $1357 forward $1105 $-1 #
edge $1358 -1 $-1 $1107 -12.93421052631578405 $1359 -12.93245614035087598 $1104 $352 forward @7 unknown #
face $1360 -1 $-1 $900 $1105 $8 $-1 $354 reversed single #
point $-1 -1 $-1 0.3000000000000003775 -12.93421052631578405 0.5 #
coedge $-1 -1 $-1 $1361 $1356 $1109 $1235 forward $1362 $-1 #
edge $1363 -1 $-1 $1237 0 $1364 0.7108987849779230261 $1234 $1365 forward @7 unknown #
color-adesk-attrib $-1 -1 $-1 $-1 $1110 256 #
vertex $-1 -1 $-1 $1110 $1366 #
coedge $-1 -1 $-1 $1112 $1124 $1367 $1368 forward $264 $-1 #
coedge $-1 -1 $-1 $1367 $1120 $1116 $1240 reversed $1245 $-1 #
edge $1369 -1 $-1 $1242 -0.75 $1123 0.25 $1116 $1370 forward @7 unknown #
color-adesk-attrib $-1 -1 $-1 $-1 $1117 256 #
vertex $-1 -1 $-1 $1117 $1371 #
color-adesk-attrib $-1 -1 $-1 $-1 $1118 256 #
coedge $-1 -1 $-1 $1120 $1367 $1130 $1254 reversed $1245 $-1 #
loop $-1 -1 $-1 $-1 $1120 $1372 #
color-adesk-attrib $-1 -1 $-1 $-1 $1121 256 #
straight-curve $-1 -1 $-1 0.8813210369286272883 -13.92676699622134961 -0.5 -0.8943400568132721107 0.447387821447156997 0 F 0 F 0.6500000000000000222 #
point $-1 -1 $-1 0.300000000000000322 -13.63596491228069496 -0.5 #
coedge $-1 -1 $-1 $1125 $1130 $1124 $1250 reversed $1131 $-1 #
edge $1373 -1 $-1 $1128 0 $1374 0.7108987849779230261 $1249 $1375 forward @7 unknown #
color-adesk-attrib $-1 -1 $-1 $-1 $1126 256 #
straight-curve $-1 -1 $-1 0.2999999999999998224 -14.33596491228069958 -0.25 0 0 1 I I #
point $-1 -1 $-1 0.300000000000000322 -14.3359649122806978 0.5 #
edge $1376 -1 $-1 $1133 0 $1374 1 $1244 $1377 forward @7 unknown #
face $1378 -1 $-1 $1372 $1131 $8 $-1 $1379 forward single #
point $-1 -1 $-1 0.8813210369286272883 -13.92676699622134961 -0.5 #
color-adesk-attrib $-1 -1 $-1 $-1 $1137 256 #
straight-curve $-1 -1 $-1 0.8813210369286272883 -15.33027576815117854 0.5 -0.8943400568132721107 0.447387821447156997 0 I I #
color-adesk-attrib $-1 -1 $-1 $-1 $1141 256 #
plane-surface $-1 -1 $-1 0.8813210369286272883 -15.33027576815117854 -0.5 0.447387821447156997 0.8943400568132721107 0 -0.8943400568132721107 0.447387821447156997 0 forward_v I I I I #
point $-1 -1 $-1 0.8813210369286272883 -15.33027576815117854 0.5 #
color-adesk-attrib $-1 -1 $-1 $-1 $1149 256 #
straight-curve $-1 -1 $-1 0.3000000000000022649 17.24298245614034997 -0.5 0.8177268680332318018 0.5756064361146088215 0 F 0 F 0.7108987849779230261 #
edge $1380 -1 $-1 $1153 0 $1310 1 $1150 $1381 forward @7 unknown #
face $1382 -1 $-1 $704 $1151 $8 $-1 $1383 forward single #
point $-1 -1 $-1 0.8813210369286292867 17.65218037219969816 -0.5 #
color-adesk-attrib $-1 -1 $-1 $-1 $1157 256 #
straight-curve $-1 -1 $-1 0.3000000000000023204 17.94473684210526088 0.5 0.8177268680332318018 0.5756064361146088215 0 I I #
point $-1 -1 $-1 0.3000000000000023204 17.94473684210526088 0.5 #
color-adesk-attrib $-1 -1 $-1 $-1 $1165 256 #
face $1384 -1 $-1 $1385 $1386 $8 $-1 $1387 forward single #
loop $-1 -1 $-1 $-1 $1300 $1165 #
plane-surface $-1 -1 $-1 0.8813210369286290646 16.95042598623478725 -0.5 0.447387821447156997 0.8943400568132721107 0 -0.8943400568132721107 0.447387821447156997 0 forward_v I I I I #
coedge $-1 -1 $-1 $1388 $1389 $1306 $1390 forward $1166 $-1 #
color-adesk-attrib $-1 -1 $-1 $-1 $1169 256 #
face $1391 -1 $-1 $1392 $1393 $8 $-1 $354 reversed single #
loop $-1 -1 $-1 $-1 $1394 $1169 #
coedge $-1 -1 $-1 $1395 $1396 $1397 $1398 forward $1170 $-1 #
coedge $-1 -1 $-1 $1399 $1171 $1400 $1401 reversed $1066 $-1 #
coedge $-1 -1 $-1 $1171 $1399 $1402 $1403 reversed $1066 $-1 #
coedge $-1 -1 $-1 $1404 $1405 $1171 $1282 reversed $1406 $-1 #
edge $1407 -1 $-1 $1408 -0.75 $1409 0.25 $1171 $1410 forward @7 unknown #
coedge $-1 -1 $-1 $1173 $1172 $1411 $1412 forward $967 $-1 #
coedge $-1 -1 $-1 $1413 $1414 $1172 $1285 forward $264 $-1 #
edge $1415 -1 $-1 $1416 15.83771929824560942 $1293 15.83947368421052815 $1172 $352 forward @7 unknown #
coedge $-1 -1 $-1 $1417 $1418 $1173 $1287 forward $102 $-1 #
edge $1419 -1 $-1 $1292 -15.83947368421052815 $1420 -15.83771929824560942 $1173 $277 forward @7 unknown #
coedge $-1 -1 $-1 $1421 $1174 $1418 $1422 forward $1290 $-1 #
coedge $-1 -1 $-1 $1174 $1421 $1413 $1423 reversed $1290 $-1 #
loop $-1 -1 $-1 $-1 $1288 $1424 #
color-adesk-attrib $-1 -1 $-1 $-1 $1175 256 #
vertex $-1 -1 $-1 $1287 $1425 #
vertex $-1 -1 $-1 $1423 $1426 #
straight-curve $-1 -1 $-1 0.3000000000000002665 15.8394736842105246 -0.25 0 0 1 I I #
coedge $-1 -1 $-1 $1176 $1184 $1178 $1297 forward $264 $-1 #
color-adesk-attrib $-1 -1 $-1 $-1 $1177 256 #
edge $1427 -1 $-1 $1310 0 $1180 0.6500000000000000222 $1178 $1428 forward @7 unknown #
point $-1 -1 $-1 0.3000000000000022649 17.94298245614034926 0.5 #
coedge $-1 -1 $-1 $1429 $1182 $1185 $1304 reversed $1272 $-1 #
coedge $-1 -1 $-1 $1182 $1429 $1188 $1307 forward $1272 $-1 #
color-adesk-attrib $-1 -1 $-1 $-1 $1183 256 #
straight-curve $-1 -1 $-1 0.2999999999999998224 17.2412280701754419 -0.25 0 0 -1 I I #
coedge $-1 -1 $-1 $1185 $1402 $1430 $1431 forward $264 $-1 #
edge $1432 -1 $-1 $1433 0 $1187 0.6500000000000000222 $1299 $1434 forward @7 unknown #
point $-1 -1 $-1 0.3000000000000022093 17.24122807017543835 0.5 #
coedge $-1 -1 $-1 $1400 $1188 $1274 $1390 reversed $102 $-1 #
edge $1435 -1 $-1 $1436 0 $1190 0.6500000000000000222 $1300 $1437 forward @7 unknown #
point $-1 -1 $-1 0.3000000000000022093 17.24122807017543835 -0.5 #
color-adesk-attrib $-1 -1 $-1 $-1 $1192 256 #
vertex $-1 -1 $-1 $1264 $1438 #
straight-curve $-1 -1 $-1 0.3000000000000022649 17.24298245614034997 0.5 0.8177268680332318018 0.5756064361146088215 0 I I #
color-adesk-attrib $-1 -1 $-1 $-1 $1193 256 #
plane-surface $-1 -1 $-1 0.3000000000000022649 17.24298245614034997 -0.5 0.5756064361146089325 -0.8177268680332319128 0 0.8177268680332319128 0.5756064361146089325 0 forward_v I I I I #
color-adesk-attrib $-1 -1 $-1 $-1 $1197 256 #
face $1439 -1 $-1 $1440 $1441 $8 $-1 $1442 forward single #
loop $-1 -1 $-1 $-1 $1443 $1197 #
plane-surface $-1 -1 $-1 0.8813210369286275103 -9.014486294466966143 -0.5 0.447387821447156997 0.8943400568132721107 0 -0.8943400568132721107 0.447387821447156997 0 forward_v I I I I #
coedge $-1 -1 $-1 $1444 $1445 $1446 $1447 forward $1198 $-1 #
coedge $-1 -1 $-1 $1448 $1200 $1449 $1450 reversed $1085 $-1 #
coedge $-1 -1 $-1 $1200 $1448 $1201 $1324 reversed $1085 $-1 #
coedge $-1 -1 $-1 $1203 $1451 $1200 $1322 reversed $102 $-1 #
edge $1452 -1 $-1 $1330 0 $1453 0.6500000000000000222 $1200 $1454 forward @7 unknown #
coedge $-1 -1 $-1 $1202 $1201 $1455 $1456 reversed $976 $-1 #
edge $1457 -1 $-1 $1330 0 $1458 1 $1320 $1459 forward @7 unknown #
coedge $-1 -1 $-1 $1460 $1461 $1202 $1326 forward $1462 $-1 #
edge $1463 -1 $-1 $1329 -0.25 $1464 0.75 $1325 $1465 forward @7 unknown #
coedge $-1 -1 $-1 $1466 $1203 $1461 $1467 forward $102 $-1 #
color-adesk-attrib $-1 -1 $-1 $-1 $1204 256 #
vertex $-1 -1 $-1 $1467 $1468 #
vertex $-1 -1 $-1 $1322 $1469 #
straight-curve $-1 -1 $-1 0.300000000000000544 -10.8271929824561397 -0.5 0.8177268680332318018 0.5756064361146088215 0 F 0 F 0.7108987849779230261 #
coedge $-1 -1 $-1 $1470 $1212 $1205 $1333 forward $264 $-1 #
edge $1471 -1 $-1 $1215 0 $1338 0.6500000000000000222 $1205 $1472 forward @7 unknown #
coedge $-1 -1 $-1 $1473 $1206 $1208 $1341 reversed $1336 $-1 #
coedge $-1 -1 $-1 $1206 $1473 $1470 $1474 reversed $1336 $-1 #
loop $-1 -1 $-1 $-1 $1206 $1475 #
color-adesk-attrib $-1 -1 $-1 $-1 $1207 256 #
vertex $-1 -1 $-1 $1474 $1476 #
straight-curve $-1 -1 $-1 0.3000000000000002665 -11.53070175438596578 -0.25 0 0 -1 I I #
coedge $-1 -1 $-1 $1208 $1466 $1477 $1478 reversed $102 $-1 #
edge $1479 -1 $-1 $1480 11.52894736842105416 $1210 11.53070175438596578 $1334 $277 forward @7 unknown #
point $-1 -1 $-1 0.3000000000000004885 -11.53070175438596578 -0.5 #
coedge $-1 -1 $-1 $1212 $1481 $1217 $1348 forward $264 $-1 #
color-adesk-attrib $-1 -1 $-1 $-1 $1213 256 #
straight-curve $-1 -1 $-1 0.3000000000000004885 -12.23070175438596507 0.5 0.8177268680332318018 0.5756064361146088215 0 I I #
point $-1 -1 $-1 0.8813210369286275103 -11.82150383832661689 0.5 #
coedge $-1 -1 $-1 $1218 $1217 $1482 $1483 forward $1219 $-1 #
edge $1484 -1 $-1 $1485 -12.23245614035087314 $1221 -12.23070175438596507 $1217 $352 forward @7 unknown #
face $1486 -1 $-1 $1475 $1219 $8 $-1 $354 reversed single #
point $-1 -1 $-1 0.3000000000000004885 -12.23070175438596507 0.5 #
coedge $-1 -1 $-1 $1482 $1487 $1223 $1352 forward $1488 $-1 #
edge $1489 -1 $-1 $1364 0 $1354 0.6500000000000000222 $1351 $1490 forward @7 unknown #
color-adesk-attrib $-1 -1 $-1 $-1 $1224 256 #
vertex $-1 -1 $-1 $1352 $1491 #
coedge $-1 -1 $-1 $1481 $1227 $1492 $1493 forward $264 $-1 #
coedge $-1 -1 $-1 $1234 $1492 $1230 $1357 reversed $1362 $-1 #
edge $1494 -1 $-1 $1237 -0.25 $1359 0.75 $1230 $1495 forward @7 unknown #
color-adesk-attrib $-1 -1 $-1 $-1 $1231 256 #
vertex $-1 -1 $-1 $1493 $1496 #
color-adesk-attrib $-1 -1 $-1 $-1 $1232 256 #
coedge $-1 -1 $-1 $1492 $1234 $1487 $1497 forward $1362 $-1 #
loop $-1 -1 $-1 $-1 $1234 $1498 #
color-adesk-attrib $-1 -1 $-1 $-1 $1235 256 #
vertex $-1 -1 $-1 $1352 $1499 #
straight-curve $-1 -1 $-1 0.300000000000000433 -12.93245614035087598 -0.5 0.8177268680332318018 0.5756064361146088215 0 F 0 F 0.7108987849779230261 #
point $-1 -1 $-1 0.300000000000000433 -12.93245614035087598 -0.5 #
coedge $-1 -1 $-1 $1244 $1239 $1238 $1368 reversed $1245 $-1 #
edge $1500 -1 $-1 $1374 0 $1242 0.6500000000000000222 $1367 $1501 forward @7 unknown #
color-adesk-attrib $-1 -1 $-1 $-1 $1240 256 #
straight-curve $-1 -1 $-1 0.2999999999999998224 -13.63596491228069674 -0.25 0 0 -1 I I #
point $-1 -1 $-1 0.300000000000000322 -13.63596491228069496 0.5 #
face $1502 -1 $-1 $1033 $1245 $8 $-1 $1503 forward single #
color-adesk-attrib $-1 -1 $-1 $-1 $1250 256 #
vertex $-1 -1 $-1 $1254 $1504 #
straight-curve $-1 -1 $-1 0.300000000000000322 -14.3359649122806978 0.5 0.8177268680332318018 0.5756064361146088215 0 I I #
color-adesk-attrib $-1 -1 $-1 $-1 $1254 256 #
straight-curve $-1 -1 $-1 0.8813210369286272883 -13.92676699622134961 -0.5 0 0 1 I I #
color-adesk-attrib $-1 -1 $-1 $-1 $1255 256 #
plane-surface $-1 -1 $-1 0.300000000000000322 -14.3359649122806978 -0.5 0.5756064361146089325 -0.8177268680332319128 0 0.8177268680332319128 0.5756064361146089325 0 forward_v I I I I #
color-adesk-attrib $-1 -1 $-1 $-1 $1264 256 #
straight-curve $-1 -1 $-1 0.8813210369286292867 17.65218037219969816 -0.5 0 0 1 I I #
color-adesk-attrib $-1 -1 $-1 $-1 $1265 256 #
plane-surface $-1 -1 $-1 0.8813210369286292867 17.65218037219969816 -0.5 0.447387821447156997 0.8943400568132721107 0 -0.8943400568132721107 0.447387821447156997 0 forward_v I I I I #
color-adesk-attrib $-1 -1 $-1 $-1 $1271 256 #
face $1505 -1 $-1 $1506 $1507 $8 $-1 $1508 forward single #
loop $-1 -1 $-1 $-1 $1509 $1271 #
plane-surface $-1 -1 $-1 0.3000000000000021538 15.13771929824561013 -0.5 0.5756064361146089325 -0.8177268680332319128 0 0.8177268680332319128 0.5756064361146089325 0 forward_v I I I I #
coedge $-1 -1 $-1 $1430 $1274 $1429 $1510 forward $1166 $-1 #
coedge $-1 -1 $-1 $1274 $1430 $1399 $1511 reversed $1166 $-1 #
edge $1512 -1 $-1 $1513 0 $1436 0.7108987849779230261 $1274 $1514 forward @7 unknown #
color-adesk-attrib $-1 -1 $-1 $-1 $1276 256 #
face $1515 -1 $-1 $1516 $1517 $8 $-1 $354 reversed single #
loop $-1 -1 $-1 $-1 $1518 $1276 #
coedge $-1 -1 $-1 $1519 $1520 $1521 $1522 forward $1277 $-1 #
coedge $-1 -1 $-1 $1523 $1278 $1524 $1525 reversed $1170 $-1 #
coedge $-1 -1 $-1 $1278 $1523 $1526 $1527 reversed $1170 $-1 #
coedge $-1 -1 $-1 $1528 $1529 $1278 $1398 reversed $1530 $-1 #
edge $1531 -1 $-1 $1532 -0.25 $1533 0.75 $1278 $1534 forward @7 unknown #
coedge $-1 -1 $-1 $1280 $1279 $1389 $1511 forward $1066 $-1 #
coedge $-1 -1 $-1 $1535 $1306 $1279 $1401 forward $102 $-1 #
edge $1536 -1 $-1 $1513 -16.54122807017543906 $1409 -16.53947368421052744 $1279 $277 forward @7 unknown #
coedge $-1 -1 $-1 $1303 $1537 $1280 $1403 forward $264 $-1 #
edge $1538 -1 $-1 $1408 16.53947368421052744 $1539 16.54122807017543906 $1280 $352 forward @7 unknown #
coedge $-1 -1 $-1 $1540 $1281 $1537 $1541 reversed $1406 $-1 #
coedge $-1 -1 $-1 $1281 $1540 $1535 $1542 forward $1406 $-1 #
loop $-1 -1 $-1 $-1 $1405 $1543 #
color-adesk-attrib $-1 -1 $-1 $-1 $1282 256 #
vertex $-1 -1 $-1 $1403 $1544 #
vertex $-1 -1 $-1 $1542 $1545 #
straight-curve $-1 -1 $-1 0.2999999999999998224 16.53947368421052744 -0.25 0 0 -1 I I #
coedge $-1 -1 $-1 $1546 $1547 $1283 $1412 reversed $1507 $-1 #
edge $1548 -1 $-1 $1416 -0.75 $1420 0.25 $1283 $1549 forward @7 unknown #
coedge $-1 -1 $-1 $1537 $1284 $1289 $1423 forward $264 $-1 #
coedge $-1 -1 $-1 $1284 $1550 $1546 $1551 forward $264 $-1 #
color-adesk-attrib $-1 -1 $-1 $-1 $1285 256 #
vertex $-1 -1 $-1 $1285 $1552 #
coedge $-1 -1 $-1 $1553 $1286 $1547 $1554 reversed $102 $-1 #
coedge $-1 -1 $-1 $1286 $1535 $1288 $1422 reversed $102 $-1 #
color-adesk-attrib $-1 -1 $-1 $-1 $1287 256 #
vertex $-1 -1 $-1 $1554 $1555 #
coedge $-1 -1 $-1 $1289 $1288 $1540 $1556 forward $1290 $-1 #
edge $1557 -1 $-1 $1292 0 $1558 0.7108987849779230261 $1288 $1559 forward @7 unknown #
edge $1560 -1 $-1 $1293 0 $1561 0.7108987849779230261 $1289 $1562 forward @7 unknown #
face $1563 -1 $-1 $1543 $1290 $8 $-1 $1564 forward single #
point $-1 -1 $-1 0.3000000000000021538 15.83947368421052815 -0.5 #
point $-1 -1 $-1 0.3000000000000021538 15.83947368421052815 0.5 #
color-adesk-attrib $-1 -1 $-1 $-1 $1297 256 #
straight-curve $-1 -1 $-1 0.8813210369286292867 17.65218037219969816 0.5 -0.8943400568132721107 0.447387821447156997 0 I I #
coedge $-1 -1 $-1 $1300 $1299 $1388 $1510 reversed $1272 $-1 #
coedge $-1 -1 $-1 $1389 $1388 $1303 $1431 reversed $1166 $-1 #
edge $1565 -1 $-1 $1539 0 $1433 0.7108987849779230261 $1430 $1566 forward @7 unknown #
color-adesk-attrib $-1 -1 $-1 $-1 $1304 256 #
vertex $-1 -1 $-1 $1510 $1567 #
straight-curve $-1 -1 $-1 0.8813210369286290646 16.95042598623478725 0.5 -0.8943400568132721107 0.447387821447156997 0 I I #
color-adesk-attrib $-1 -1 $-1 $-1 $1307 256 #
vertex $-1 -1 $-1 $1307 $1568 #
straight-curve $-1 -1 $-1 0.8813210369286290646 16.95042598623478725 -0.5 -0.8943400568132721107 0.447387821447156997 0 F 0 F 0.6500000000000000222 #
point $-1 -1 $-1 0.8813210369286292867 17.65218037219969816 0.5 #
color-adesk-attrib $-1 -1 $-1 $-1 $1315 256 #
face $1569 -1 $-1 $1570 $1571 $8 $-1 $1572 forward single #
loop $-1 -1 $-1 $-1 $1573 $1315 #
plane-surface $-1 -1 $-1 0.3000000000000007105 -8.020175438596492512 -0.5 0.5756064361146089325 -0.8177268680332319128 0 0.8177268680332319128 0.5756064361146089325 0 forward_v I I I I #
coedge $-1 -1 $-1 $1574 $1575 $1576 $1577 forward $1316 $-1 #
coedge $-1 -1 $-1 $1578 $1318 $1575 $1579 forward $1198 $-1 #
coedge $-1 -1 $-1 $1318 $1578 $1580 $1581 reversed $1198 $-1 #
coedge $-1 -1 $-1 $1582 $1576 $1318 $1447 reversed $102 $-1 #
edge $1583 -1 $-1 $1584 0 $1585 0.7108987849779230261 $1318 $1586 forward @7 unknown #
coedge $-1 -1 $-1 $1320 $1319 $1587 $1588 reversed $1085 $-1 #
coedge $-1 -1 $-1 $1589 $1590 $1319 $1450 forward $1591 $-1 #
edge $1592 -1 $-1 $1593 -0.75 $1453 0.25 $1449 $1594 forward @7 unknown #
coedge $-1 -1 $-1 $1321 $1595 $1589 $1596 forward $102 $-1 #
color-adesk-attrib $-1 -1 $-1 $-1 $1322 256 #
vertex $-1 -1 $-1 $1322 $1597 #
straight-curve $-1 -1 $-1 0.8813210369286275103 -10.41799506639679151 -0.5 -0.8943400568132721107 0.447387821447156997 0 F 0 F 0.6500000000000000222 #
coedge $-1 -1 $-1 $1587 $1598 $1323 $1456 forward $264 $-1 #
edge $1599 -1 $-1 $1464 0 $1458 0.7108987849779230261 $1323 $1600 forward @7 unknown #
color-adesk-attrib $-1 -1 $-1 $-1 $1324 256 #
vertex $-1 -1 $-1 $1324 $1601 #
straight-curve $-1 -1 $-1 0.8813210369286275103 -10.41799506639679151 -0.5 0 0 1 I I #
coedge $-1 -1 $-1 $1602 $1325 $1598 $1603 reversed $1462 $-1 #
coedge $-1 -1 $-1 $1325 $1602 $1327 $1467 reversed $1462 $-1 #
loop $-1 -1 $-1 $-1 $1325 $1604 #
color-adesk-attrib $-1 -1 $-1 $-1 $1326 256 #
vertex $-1 -1 $-1 $1456 $1605 #
straight-curve $-1 -1 $-1 0.2999999999999998224 -10.82719298245614148 -0.25 0 0 1 I I #
coedge $-1 -1 $-1 $1340 $1327 $1606 $1607 reversed $102 $-1 #
edge $1608 -1 $-1 $1329 10.8271929824561397 $1609 10.82894736842105488 $1461 $277 forward @7 unknown #
point $-1 -1 $-1 0.300000000000000544 -10.8271929824561397 -0.5 #
point $-1 -1 $-1 0.8813210369286275103 -10.41799506639679151 -0.5 #
coedge $-1 -1 $-1 $1610 $1332 $1335 $1474 forward $264 $-1 #
color-adesk-attrib $-1 -1 $-1 $-1 $1333 256 #
straight-curve $-1 -1 $-1 0.8813210369286275103 -11.82150383832661689 0.5 -0.8943400568132721107 0.447387821447156997 0 I I #
coedge $-1 -1 $-1 $1335 $1334 $1611 $1612 forward $1336 $-1 #
edge $1613 -1 $-1 $1338 -11.53070175438596578 $1614 -11.52894736842105416 $1335 $352 forward @7 unknown #
face $1615 -1 $-1 $1118 $1336 $8 $-1 $354 reversed single #
point $-1 -1 $-1 0.3000000000000004885 -11.53070175438596578 0.5 #
coedge $-1 -1 $-1 $1616 $1611 $1340 $1478 forward $1617 $-1 #
edge $1618 -1 $-1 $1480 0 $1619 0.7108987849779230261 $1477 $1620 forward @7 unknown #
color-adesk-attrib $-1 -1 $-1 $-1 $1341 256 #
vertex $-1 -1 $-1 $1341 $1621 #
coedge $-1 -1 $-1 $1343 $1355 $1622 $1623 forward $264 $-1 #
coedge $-1 -1 $-1 $1622 $1351 $1347 $1483 reversed $1488 $-1 #
edge $1624 -1 $-1 $1485 -0.75 $1354 0.25 $1347 $1625 forward @7 unknown #
color-adesk-attrib $-1 -1 $-1 $-1 $1348 256 #
vertex $-1 -1 $-1 $1348 $1626 #
color-adesk-attrib $-1 -1 $-1 $-1 $1349 256 #
coedge $-1 -1 $-1 $1351 $1622 $1361 $1497 reversed $1488 $-1 #
loop $-1 -1 $-1 $-1 $1351 $1627 #
color-adesk-attrib $-1 -1 $-1 $-1 $1352 256 #
straight-curve $-1 -1 $-1 0.8813210369286272883 -12.5232582242915278 -0.5 -0.8943400568132721107 0.447387821447156997 0 F 0 F 0.6500000000000000222 #
point $-1 -1 $-1 0.300000000000000433 -12.23245614035087314 -0.5 #
coedge $-1 -1 $-1 $1356 $1361 $1355 $1493 reversed $1362 $-1 #
edge $1628 -1 $-1 $1359 0 $1629 0.7108987849779230261 $1492 $1630 forward @7 unknown #
color-adesk-attrib $-1 -1 $-1 $-1 $1357 256 #
straight-curve $-1 -1 $-1 0.3000000000000002665 -12.93245614035087598 -0.25 0 0 1 I I #
point $-1 -1 $-1 0.300000000000000433 -12.93245614035087598 0.5 #
edge $1631 -1 $-1 $1364 0 $1629 1 $1487 $1632 forward @7 unknown #
face $1633 -1 $-1 $1627 $1362 $8 $-1 $1634 forward single #
point $-1 -1 $-1 0.8813210369286272883 -12.5232582242915278 -0.5 #
color-adesk-attrib $-1 -1 $-1 $-1 $1368 256 #
straight-curve $-1 -1 $-1 0.8813210369286272883 -13.92676699622134961 0.5 -0.8943400568132721107 0.447387821447156997 0 I I #
color-adesk-attrib $-1 -1 $-1 $-1 $1372 256 #
plane-surface $-1 -1 $-1 0.8813210369286272883 -13.92676699622134961 -0.5 0.447387821447156997 0.8943400568132721107 0 -0.8943400568132721107 0.447387821447156997 0 forward_v I I I I #
point $-1 -1 $-1 0.8813210369286272883 -13.92676699622134961 0.5 #
color-adesk-attrib $-1 -1 $-1 $-1 $1385 256 #
face $1635 -1 $-1 $1636 $1637 $8 $-1 $1638 forward single #
loop $-1 -1 $-1 $-1 $1547 $1385 #
plane-surface $-1 -1 $-1 0.8813210369286290646 15.54691721430495832 -0.5 0.447387821447156997 0.8943400568132721107 0 -0.8943400568132721107 0.447387821447156997 0 forward_v I I I I #
coedge $-1 -1 $-1 $1639 $1640 $1553 $1641 forward $1386 $-1 #
edge $1642 -1 $-1 $1436 0 $1433 1 $1429 $1643 forward @7 unknown #
edge $1644 -1 $-1 $1513 -0.25 $1539 0.75 $1399 $1645 forward @7 unknown #
color-adesk-attrib $-1 -1 $-1 $-1 $1390 256 #
vertex $-1 -1 $-1 $1401 $1646 #
straight-curve $-1 -1 $-1 0.3000000000000022093 16.54122807017543906 -0.5 0.8177268680332318018 0.5756064361146088215 0 F 0 F 0.7108987849779230261 #
color-adesk-attrib $-1 -1 $-1 $-1 $1392 256 #
face $1647 -1 $-1 $1648 $1649 $8 $-1 $354 reversed single #
loop $-1 -1 $-1 $-1 $1650 $1392 #
coedge $-1 -1 $-1 $1651 $1652 $1653 $1654 forward $1393 $-1 #
coedge $-1 -1 $-1 $1655 $1394 $1656 $1657 reversed $1277 $-1 #
coedge $-1 -1 $-1 $1394 $1655 $1658 $1659 reversed $1277 $-1 #
coedge $-1 -1 $-1 $1660 $1661 $1394 $1522 reversed $1662 $-1 #
edge $1663 -1 $-1 $1664 -0.75 $1665 0.25 $1394 $1666 forward @7 unknown #
coedge $-1 -1 $-1 $1396 $1395 $1667 $1668 forward $1170 $-1 #
coedge $-1 -1 $-1 $1669 $1670 $1395 $1525 forward $264 $-1 #
edge $1671 -1 $-1 $1672 14.4342105263157876 $1533 14.43596491228069922 $1395 $352 forward @7 unknown #
coedge $-1 -1 $-1 $1673 $1674 $1396 $1527 forward $102 $-1 #
edge $1675 -1 $-1 $1532 -14.43596491228069922 $1676 -14.4342105263157876 $1396 $277 forward @7 unknown #
coedge $-1 -1 $-1 $1677 $1397 $1674 $1678 forward $1530 $-1 #
coedge $-1 -1 $-1 $1397 $1677 $1669 $1679 reversed $1530 $-1 #
loop $-1 -1 $-1 $-1 $1528 $1680 #
color-adesk-attrib $-1 -1 $-1 $-1 $1398 256 #
vertex $-1 -1 $-1 $1527 $1681 #
vertex $-1 -1 $-1 $1679 $1682 #
straight-curve $-1 -1 $-1 0.2999999999999998224 14.43596491228069745 -0.25 0 0 1 I I #
coedge $-1 -1 $-1 $1418 $1400 $1405 $1542 reversed $102 $-1 #
color-adesk-attrib $-1 -1 $-1 $-1 $1401 256 #
coedge $-1 -1 $-1 $1402 $1413 $1404 $1541 forward $264 $-1 #
color-adesk-attrib $-1 -1 $-1 $-1 $1403 256 #
vertex $-1 -1 $-1 $1431 $1683 #
coedge $-1 -1 $-1 $1405 $1404 $1421 $1556 reversed $1406 $-1 #
edge $1684 -1 $-1 $1561 0 $1408 0.6500000000000000222 $1404 $1685 forward @7 unknown #
edge $1686 -1 $-1 $1558 0 $1409 0.6500000000000000222 $1405 $1687 forward @7 unknown #
face $1688 -1 $-1 $1193 $1406 $8 $-1 $1689 forward single #
point $-1 -1 $-1 0.3000000000000021538 16.53947368421052744 0.5 #
point $-1 -1 $-1 0.3000000000000021538 16.53947368421052744 -0.5 #
coedge $-1 -1 $-1 $1690 $1411 $1414 $1551 reversed $1507 $-1 #
coedge $-1 -1 $-1 $1411 $1690 $1417 $1554 forward $1507 $-1 #
color-adesk-attrib $-1 -1 $-1 $-1 $1412 256 #
straight-curve $-1 -1 $-1 0.2999999999999993783 15.8377192982456112 -0.25 0 0 -1 I I #
coedge $-1 -1 $-1 $1414 $1658 $1691 $1692 forward $264 $-1 #
edge $1693 -1 $-1 $1694 0 $1416 0.6500000000000000222 $1546 $1695 forward @7 unknown #
point $-1 -1 $-1 0.3000000000000021538 15.83771929824560942 0.5 #
coedge $-1 -1 $-1 $1656 $1417 $1509 $1641 reversed $102 $-1 #
edge $1696 -1 $-1 $1697 0 $1420 0.6500000000000000222 $1547 $1698 forward @7 unknown #
point $-1 -1 $-1 0.3000000000000021538 15.83771929824560942 -0.5 #
edge $1699 -1 $-1 $1558 0 $1561 1 $1540 $1700 forward @7 unknown #
color-adesk-attrib $-1 -1 $-1 $-1 $1422 256 #
vertex $-1 -1 $-1 $1542 $1701 #
straight-curve $-1 -1 $-1 0.3000000000000021538 15.83947368421052815 -0.5 0.8177268680332318018 0.5756064361146088215 0 F 0 F 0.7108987849779230261 #
color-adesk-attrib $-1 -1 $-1 $-1 $1423 256 #
vertex $-1 -1 $-1 $1556 $1702 #
straight-curve $-1 -1 $-1 0.3000000000000021538 15.83947368421052815 0.5 0.8177268680332318018 0.5756064361146088215 0 I I #
color-adesk-attrib $-1 -1 $-1 $-1 $1424 256 #
plane-surface $-1 -1 $-1 0.3000000000000021538 15.83947368421052815 -0.5 0.5756064361146089325 -0.8177268680332319128 0 0.8177268680332319128 0.5756064361146089325 0 forward_v I I I I #
color-adesk-attrib $-1 -1 $-1 $-1 $1431 256 #
straight-curve $-1 -1 $-1 0.3000000000000022093 16.54122807017543906 0.5 0.8177268680332318018 0.5756064361146088215 0 I I #
point $-1 -1 $-1 0.8813210369286290646 16.95042598623478725 0.5 #
point $-1 -1 $-1 0.8813210369286290646 16.95042598623478725 -0.5 #
color-adesk-attrib $-1 -1 $-1 $-1 $1440 256 #
face $1703 -1 $-1 $1704 $1705 $8 $-1 $1706 forward single #
loop $-1 -1 $-1 $-1 $1707 $1440 #
plane-surface $-1 -1 $-1 0.8813210369286277324 -7.610977522537144324 -0.5 0.447387821447156997 0.8943400568132721107 0 -0.8943400568132721107 0.447387821447156997 0 forward_v I I I I #
coedge $-1 -1 $-1 $1708 $1709 $1710 $1711 forward $1441 $-1 #
coedge $-1 -1 $-1 $1712 $1443 $1713 $1714 reversed $1316 $-1 #
coedge $-1 -1 $-1 $1443 $1712 $1444 $1579 reversed $1316 $-1 #
coedge $-1 -1 $-1 $1446 $1715 $1443 $1577 reversed $102 $-1 #
edge $1716 -1 $-1 $1585 0 $1717 0.6500000000000000222 $1443 $1718 forward @7 unknown #
coedge $-1 -1 $-1 $1445 $1444 $1719 $1720 reversed $1198 $-1 #
edge $1721 -1 $-1 $1585 0 $1722 1 $1575 $1723 forward @7 unknown #
coedge $-1 -1 $-1 $1724 $1725 $1445 $1581 forward $1726 $-1 #
edge $1727 -1 $-1 $1584 -0.25 $1728 0.75 $1580 $1729 forward @7 unknown #
coedge $-1 -1 $-1 $1730 $1446 $1725 $1731 forward $102 $-1 #
color-adesk-attrib $-1 -1 $-1 $-1 $1447 256 #
vertex $-1 -1 $-1 $1731 $1732 #
vertex $-1 -1 $-1 $1577 $1733 #
straight-curve $-1 -1 $-1 0.300000000000000655 -9.423684210526314331 -0.5 0.8177268680332318018 0.5756064361146088215 0 F 0 F 0.7108987849779230261 #
coedge $-1 -1 $-1 $1734 $1455 $1448 $1588 forward $264 $-1 #
edge $1735 -1 $-1 $1458 0 $1593 0.6500000000000000222 $1448 $1736 forward @7 unknown #
coedge $-1 -1 $-1 $1737 $1449 $1451 $1596 reversed $1591 $-1 #
coedge $-1 -1 $-1 $1449 $1737 $1734 $1738 reversed $1591 $-1 #
loop $-1 -1 $-1 $-1 $1449 $1739 #
color-adesk-attrib $-1 -1 $-1 $-1 $1450 256 #
vertex $-1 -1 $-1 $1738 $1740 #
straight-curve $-1 -1 $-1 0.3000000000000000444 -10.12719298245613864 -0.25 0 0 -1 I I #
coedge $-1 -1 $-1 $1451 $1730 $1741 $1742 reversed $102 $-1 #
edge $1743 -1 $-1 $1744 10.12543859649122879 $1453 10.12719298245614041 $1589 $277 forward @7 unknown #
point $-1 -1 $-1 0.300000000000000544 -10.12719298245614041 -0.5 #
coedge $-1 -1 $-1 $1455 $1745 $1460 $1603 forward $264 $-1 #
color-adesk-attrib $-1 -1 $-1 $-1 $1456 256 #
straight-curve $-1 -1 $-1 0.300000000000000544 -10.8271929824561397 0.5 0.8177268680332318018 0.5756064361146088215 0 I I #
point $-1 -1 $-1 0.8813210369286275103 -10.41799506639679151 0.5 #
coedge $-1 -1 $-1 $1461 $1460 $1746 $1747 forward $1462 $-1 #
edge $1748 -1 $-1 $1749 -10.82894736842105488 $1464 -10.8271929824561397 $1460 $352 forward @7 unknown #
face $1750 -1 $-1 $1739 $1462 $8 $-1 $354 reversed single #
point $-1 -1 $-1 0.300000000000000544 -10.8271929824561397 0.5 #
coedge $-1 -1 $-1 $1746 $1751 $1466 $1607 forward $1752 $-1 #
edge $1753 -1 $-1 $1619 0 $1609 0.6500000000000000222 $1606 $1754 forward @7 unknown #
color-adesk-attrib $-1 -1 $-1 $-1 $1467 256 #
vertex $-1 -1 $-1 $1607 $1755 #
coedge $-1 -1 $-1 $1745 $1470 $1756 $1757 forward $264 $-1 #
coedge $-1 -1 $-1 $1477 $1756 $1473 $1612 reversed $1617 $-1 #
edge $1758 -1 $-1 $1480 -0.25 $1614 0.75 $1473 $1759 forward @7 unknown #
color-adesk-attrib $-1 -1 $-1 $-1 $1474 256 #
vertex $-1 -1 $-1 $1757 $1760 #
color-adesk-attrib $-1 -1 $-1 $-1 $1475 256 #
coedge $-1 -1 $-1 $1756 $1477 $1751 $1761 forward $1617 $-1 #
loop $-1 -1 $-1 $-1 $1477 $1762 #
color-adesk-attrib $-1 -1 $-1 $-1 $1478 256 #
vertex $-1 -1 $-1 $1607 $1763 #
straight-curve $-1 -1 $-1 0.3000000000000004885 -11.52894736842105416 -0.5 0.8177268680332318018 0.5756064361146088215 0 F 0 F 0.7108987849779230261 #
point $-1 -1 $-1 0.3000000000000004885 -11.52894736842105416 -0.5 #
coedge $-1 -1 $-1 $1487 $1482 $1481 $1623 reversed $1488 $-1 #
edge $1764 -1 $-1 $1629 0 $1485 0.6500000000000000222 $1622 $1765 forward @7 unknown #
color-adesk-attrib $-1 -1 $-1 $-1 $1483 256 #
straight-curve $-1 -1 $-1 0.3000000000000000444 -12.23245614035087492 -0.25 0 0 -1 I I #
point $-1 -1 $-1 0.300000000000000433 -12.23245614035087314 0.5 #
face $1766 -1 $-1 $1255 $1488 $8 $-1 $1767 forward single #
color-adesk-attrib $-1 -1 $-1 $-1 $1493 256 #
vertex $-1 -1 $-1 $1497 $1768 #
straight-curve $-1 -1 $-1 0.300000000000000433 -12.93245614035087598 0.5 0.8177268680332318018 0.5756064361146088215 0 I I #
color-adesk-attrib $-1 -1 $-1 $-1 $1497 256 #
straight-curve $-1 -1 $-1 0.8813210369286272883 -12.5232582242915278 -0.5 0 0 1 I I #
color-adesk-attrib $-1 -1 $-1 $-1 $1498 256 #
plane-surface $-1 -1 $-1 0.300000000000000433 -12.93245614035087598 -0.5 0.5756064361146089325 -0.8177268680332319128 0 0.8177268680332319128 0.5756064361146089325 0 forward_v I I I I #
color-adesk-attrib $-1 -1 $-1 $-1 $1506 256 #
face $1769 -1 $-1 $1770 $1771 $8 $-1 $1772 forward single #
loop $-1 -1 $-1 $-1 $1773 $1506 #
plane-surface $-1 -1 $-1 0.3000000000000020428 13.73421052631578831 -0.5 0.5756064361146089325 -0.8177268680332319128 0 0.8177268680332319128 0.5756064361146089325 0 forward_v I I I I #
coedge $-1 -1 $-1 $1691 $1509 $1690 $1774 forward $1386 $-1 #
coedge $-1 -1 $-1 $1509 $1691 $1655 $1775 reversed $1386 $-1 #
edge $1776 -1 $-1 $1777 0 $1697 0.7108987849779230261 $1509 $1778 forward @7 unknown #
color-adesk-attrib $-1 -1 $-1 $-1 $1510 256 #
straight-curve $-1 -1 $-1 0.8813210369286290646 16.95042598623478725 -0.5 0 0 1 I I #
color-adesk-attrib $-1 -1 $-1 $-1 $1511 256 #
straight-curve $-1 -1 $-1 0.2999999999999998224 16.54122807017543906 -0.25 0 0 1 I I #
point $-1 -1 $-1 0.3000000000000022093 16.54122807017543906 -0.5 #
color-adesk-attrib $-1 -1 $-1 $-1 $1516 256 #
face $1779 -1 $-1 $1780 $1781 $8 $-1 $354 reversed single #
loop $-1 -1 $-1 $-1 $1782 $1516 #
coedge $-1 -1 $-1 $1783 $1784 $1785 $1786 forward $1517 $-1 #
coedge $-1 -1 $-1 $1787 $1518 $1788 $1789 reversed $1393 $-1 #
coedge $-1 -1 $-1 $1518 $1787 $1790 $1791 reversed $1393 $-1 #
coedge $-1 -1 $-1 $1792 $1793 $1518 $1654 reversed $1794 $-1 #
edge $1795 -1 $-1 $1796 -0.25 $1797 0.75 $1518 $1798 forward @7 unknown #
coedge $-1 -1 $-1 $1520 $1519 $1640 $1775 forward $1277 $-1 #
coedge $-1 -1 $-1 $1799 $1553 $1519 $1657 forward $102 $-1 #
edge $1800 -1 $-1 $1777 -15.13771929824561013 $1665 -15.13596491228069851 $1519 $277 forward @7 unknown #
coedge $-1 -1 $-1 $1550 $1801 $1520 $1659 forward $264 $-1 #
edge $1802 -1 $-1 $1664 15.13596491228069851 $1803 15.13771929824561013 $1520 $352 forward @7 unknown #
coedge $-1 -1 $-1 $1804 $1521 $1801 $1805 reversed $1662 $-1 #
coedge $-1 -1 $-1 $1521 $1804 $1799 $1806 forward $1662 $-1 #
loop $-1 -1 $-1 $-1 $1661 $1807 #
color-adesk-attrib $-1 -1 $-1 $-1 $1522 256 #
vertex $-1 -1 $-1 $1659 $1808 #
vertex $-1 -1 $-1 $1806 $1809 #
straight-curve $-1 -1 $-1 0.2999999999999993783 15.13596491228070029 -0.25 0 0 -1 I I #
coedge $-1 -1 $-1 $1810 $1811 $1523 $1668 reversed $1771 $-1 #
edge $1812 -1 $-1 $1672 -0.75 $1676 0.25 $1523 $1813 forward @7 unknown #
coedge $-1 -1 $-1 $1801 $1524 $1529 $1679 forward $264 $-1 #
coedge $-1 -1 $-1 $1524 $1814 $1810 $1815 forward $264 $-1 #
color-adesk-attrib $-1 -1 $-1 $-1 $1525 256 #
vertex $-1 -1 $-1 $1525 $1816 #
coedge $-1 -1 $-1 $1817 $1526 $1811 $1818 reversed $102 $-1 #
coedge $-1 -1 $-1 $1526 $1799 $1528 $1678 reversed $102 $-1 #
color-adesk-attrib $-1 -1 $-1 $-1 $1527 256 #
vertex $-1 -1 $-1 $1818 $1819 #
coedge $-1 -1 $-1 $1529 $1528 $1804 $1820 forward $1530 $-1 #
edge $1821 -1 $-1 $1532 0 $1822 0.7108987849779230261 $1528 $1823 forward @7 unknown #
edge $1824 -1 $-1 $1533 0 $1825 0.7108987849779230261 $1529 $1826 forward @7 unknown #
face $1827 -1 $-1 $1807 $1530 $8 $-1 $1828 forward single #
point $-1 -1 $-1 0.3000000000000020983 14.43596491228069922 -0.5 #
point $-1 -1 $-1 0.3000000000000020983 14.43596491228069922 0.5 #
point $-1 -1 $-1 0.3000000000000022093 16.54122807017543906 0.5 #
color-adesk-attrib $-1 -1 $-1 $-1 $1541 256 #
straight-curve $-1 -1 $-1 0.8813210369286290646 16.24867160026987634 0.5 -0.8943400568132721107 0.447387821447156997 0 I I #
color-adesk-attrib $-1 -1 $-1 $-1 $1542 256 #
straight-curve $-1 -1 $-1 0.8813210369286290646 16.24867160026987634 -0.5 -0.8943400568132721107 0.447387821447156997 0 F 0 F 0.6500000000000000222 #
color-adesk-attrib $-1 -1 $-1 $-1 $1543 256 #
plane-surface $-1 -1 $-1 0.8813210369286290646 16.24867160026987634 -0.5 0.447387821447156997 0.8943400568132721107 0 -0.8943400568132721107 0.447387821447156997 0 forward_v I I I I #
coedge $-1 -1 $-1 $1547 $1546 $1639 $1774 reversed $1507 $-1 #
coedge $-1 -1 $-1 $1640 $1639 $1550 $1692 reversed $1386 $-1 #
edge $1829 -1 $-1 $1803 0 $1694 0.7108987849779230261 $1691 $1830 forward @7 unknown #
color-adesk-attrib $-1 -1 $-1 $-1 $1551 256 #
vertex $-1 -1 $-1 $1774 $1831 #
straight-curve $-1 -1 $-1 0.8813210369286290646 15.54691721430495832 0.5 -0.8943400568132721107 0.447387821447156997 0 I I #
color-adesk-attrib $-1 -1 $-1 $-1 $1554 256 #
vertex $-1 -1 $-1 $1554 $1832 #
straight-curve $-1 -1 $-1 0.8813210369286290646 15.54691721430495832 -0.5 -0.8943400568132721107 0.447387821447156997 0 F 0 F 0.6500000000000000222 #
color-adesk-attrib $-1 -1 $-1 $-1 $1556 256 #
straight-curve $-1 -1 $-1 0.8813210369286290646 16.24867160026987634 -0.5 0 0 1 I I #
point $-1 -1 $-1 0.8813210369286290646 16.24867160026987634 -0.5 #
point $-1 -1 $-1 0.8813210369286290646 16.24867160026987634 0.5 #
color-adesk-attrib $-1 -1 $-1 $-1 $1570 256 #
face $1833 -1 $-1 $1834 $1835 $8 $-1 $1836 forward single #
loop $-1 -1 $-1 $-1 $1837 $1570 #
plane-surface $-1 -1 $-1 0.3000000000000008216 -6.61666666666666714 -0.5 0.5756064361146089325 -0.8177268680332319128 0 0.8177268680332319128 0.5756064361146089325 0 forward_v I I I I #
coedge $-1 -1 $-1 $1838 $1839 $1840 $1841 forward $1571 $-1 #
coedge $-1 -1 $-1 $1842 $1573 $1839 $1843 forward $1441 $-1 #
coedge $-1 -1 $-1 $1573 $1842 $1844 $1845 reversed $1441 $-1 #
coedge $-1 -1 $-1 $1846 $1840 $1573 $1711 reversed $102 $-1 #
edge $1847 -1 $-1 $1848 0 $1849 0.7108987849779230261 $1573 $1850 forward @7 unknown #
coedge $-1 -1 $-1 $1575 $1574 $1851 $1852 reversed $1316 $-1 #
coedge $-1 -1 $-1 $1853 $1854 $1574 $1714 forward $1855 $-1 #
edge $1856 -1 $-1 $1857 -0.75 $1717 0.25 $1713 $1858 forward @7 unknown #
coedge $-1 -1 $-1 $1576 $1859 $1853 $1860 forward $102 $-1 #
color-adesk-attrib $-1 -1 $-1 $-1 $1577 256 #
vertex $-1 -1 $-1 $1577 $1861 #
straight-curve $-1 -1 $-1 0.8813210369286275103 -9.014486294466966143 -0.5 -0.8943400568132721107 0.447387821447156997 0 F 0 F 0.6500000000000000222 #
coedge $-1 -1 $-1 $1851 $1862 $1578 $1720 forward $264 $-1 #
edge $1863 -1 $-1 $1728 0 $1722 0.7108987849779230261 $1578 $1864 forward @7 unknown #
color-adesk-attrib $-1 -1 $-1 $-1 $1579 256 #
vertex $-1 -1 $-1 $1579 $1865 #
straight-curve $-1 -1 $-1 0.8813210369286275103 -9.014486294466966143 -0.5 0 0 1 I I #
coedge $-1 -1 $-1 $1866 $1580 $1862 $1867 reversed $1726 $-1 #
coedge $-1 -1 $-1 $1580 $1866 $1582 $1731 reversed $1726 $-1 #
loop $-1 -1 $-1 $-1 $1580 $1868 #
color-adesk-attrib $-1 -1 $-1 $-1 $1581 256 #
vertex $-1 -1 $-1 $1720 $1869 #
straight-curve $-1 -1 $-1 0.2999999999999998224 -9.423684210526314331 -0.25 0 0 1 I I #
coedge $-1 -1 $-1 $1595 $1582 $1870 $1871 reversed $102 $-1 #
edge $1872 -1 $-1 $1584 9.423684210526314331 $1873 9.425438596491229504 $1725 $277 forward @7 unknown #
point $-1 -1 $-1 0.300000000000000655 -9.423684210526314331 -0.5 #
point $-1 -1 $-1 0.8813210369286275103 -9.014486294466966143 -0.5 #
coedge $-1 -1 $-1 $1874 $1587 $1590 $1738 forward $264 $-1 #
color-adesk-attrib $-1 -1 $-1 $-1 $1588 256 #
straight-curve $-1 -1 $-1 0.8813210369286275103 -10.41799506639679151 0.5 -0.8943400568132721107 0.447387821447156997 0 I I #
coedge $-1 -1 $-1 $1590 $1589 $1875 $1876 forward $1591 $-1 #
edge $1877 -1 $-1 $1593 -10.12719298245614041 $1878 -10.12543859649122879 $1590 $352 forward @7 unknown #
face $1879 -1 $-1 $1349 $1591 $8 $-1 $354 reversed single #
point $-1 -1 $-1 0.300000000000000544 -10.12719298245614041 0.5 #
coedge $-1 -1 $-1 $1880 $1875 $1595 $1742 forward $1881 $-1 #
edge $1882 -1 $-1 $1744 0 $1883 0.7108987849779230261 $1741 $1884 forward @7 unknown #
color-adesk-attrib $-1 -1 $-1 $-1 $1596 256 #
vertex $-1 -1 $-1 $1596 $1885 #
coedge $-1 -1 $-1 $1598 $1610 $1886 $1887 forward $264 $-1 #
coedge $-1 -1 $-1 $1886 $1606 $1602 $1747 reversed $1752 $-1 #
edge $1888 -1 $-1 $1749 -0.75 $1609 0.25 $1602 $1889 forward @7 unknown #
color-adesk-attrib $-1 -1 $-1 $-1 $1603 256 #
vertex $-1 -1 $-1 $1603 $1890 #
color-adesk-attrib $-1 -1 $-1 $-1 $1604 256 #
coedge $-1 -1 $-1 $1606 $1886 $1616 $1761 reversed $1752 $-1 #
loop $-1 -1 $-1 $-1 $1606 $1891 #
color-adesk-attrib $-1 -1 $-1 $-1 $1607 256 #
straight-curve $-1 -1 $-1 0.8813210369286275103 -11.11974945236170598 -0.5 -0.8943400568132721107 0.447387821447156997 0 F 0 F 0.6500000000000000222 #
point $-1 -1 $-1 0.3000000000000004885 -10.82894736842105488 -0.5 #
coedge $-1 -1 $-1 $1611 $1616 $1610 $1757 reversed $1617 $-1 #
edge $1892 -1 $-1 $1614 0 $1893 0.7108987849779230261 $1756 $1894 forward @7 unknown #
color-adesk-attrib $-1 -1 $-1 $-1 $1612 256 #
straight-curve $-1 -1 $-1 0.2999999999999993783 -11.52894736842105416 -0.25 0 0 1 I I #
point $-1 -1 $-1 0.3000000000000004885 -11.52894736842105416 0.5 #
edge $1895 -1 $-1 $1619 0 $1893 1 $1751 $1896 forward @7 unknown #
face $1897 -1 $-1 $1891 $1617 $8 $-1 $1898 forward single #
point $-1 -1 $-1 0.8813210369286275103 -11.11974945236170598 -0.5 #
color-adesk-attrib $-1 -1 $-1 $-1 $1623 256 #
straight-curve $-1 -1 $-1 0.8813210369286272883 -12.5232582242915278 0.5 -0.8943400568132721107 0.447387821447156997 0 I I #
color-adesk-attrib $-1 -1 $-1 $-1 $1627 256 #
plane-surface $-1 -1 $-1 0.8813210369286272883 -12.5232582242915278 -0.5 0.447387821447156997 0.8943400568132721107 0 -0.8943400568132721107 0.447387821447156997 0 forward_v I I I I #
point $-1 -1 $-1 0.8813210369286272883 -12.5232582242915278 0.5 #
color-adesk-attrib $-1 -1 $-1 $-1 $1636 256 #
face $1899 -1 $-1 $1900 $1901 $8 $-1 $1902 forward single #
loop $-1 -1 $-1 $-1 $1811 $1636 #
plane-surface $-1 -1 $-1 0.8813210369286290646 14.1434084423751365 -0.5 0.447387821447156997 0.8943400568132721107 0 -0.8943400568132721107 0.447387821447156997 0 forward_v I I I I #
coedge $-1 -1 $-1 $1903 $1904 $1817 $1905 forward $1637 $-1 #
edge $1906 -1 $-1 $1697 0 $1694 1 $1690 $1907 forward @7 unknown #
edge $1908 -1 $-1 $1777 -0.25 $1803 0.75 $1655 $1909 forward @7 unknown #
color-adesk-attrib $-1 -1 $-1 $-1 $1641 256 #
vertex $-1 -1 $-1 $1657 $1910 #
straight-curve $-1 -1 $-1 0.3000000000000021538 15.13771929824561013 -0.5 0.8177268680332318018 0.5756064361146088215 0 F 0 F 0.7108987849779230261 #
color-adesk-attrib $-1 -1 $-1 $-1 $1648 256 #
face $1911 -1 $-1 $1912 $1913 $8 $-1 $354 reversed single #
loop $-1 -1 $-1 $-1 $1914 $1648 #
coedge $-1 -1 $-1 $1915 $1916 $1917 $1918 forward $1649 $-1 #
coedge $-1 -1 $-1 $1919 $1650 $1920 $1921 reversed $1517 $-1 #
coedge $-1 -1 $-1 $1650 $1919 $1922 $1923 reversed $1517 $-1 #
coedge $-1 -1 $-1 $1924 $1925 $1650 $1786 reversed $1926 $-1 #
edge $1927 -1 $-1 $1928 -0.75 $1929 0.25 $1650 $1930 forward @7 unknown #
coedge $-1 -1 $-1 $1652 $1651 $1931 $1932 forward $1393 $-1 #
coedge $-1 -1 $-1 $1933 $1934 $1651 $1789 forward $264 $-1 #
edge $1935 -1 $-1 $1936 13.03070175438596578 $1797 13.0324561403508774 $1651 $352 forward @7 unknown #
coedge $-1 -1 $-1 $1937 $1938 $1652 $1791 forward $102 $-1 #
edge $1939 -1 $-1 $1796 -13.0324561403508774 $1940 -13.03070175438596578 $1652 $277 forward @7 unknown #
coedge $-1 -1 $-1 $1941 $1653 $1938 $1942 forward $1794 $-1 #
coedge $-1 -1 $-1 $1653 $1941 $1933 $1943 reversed $1794 $-1 #
loop $-1 -1 $-1 $-1 $1792 $1944 #
color-adesk-attrib $-1 -1 $-1 $-1 $1654 256 #
vertex $-1 -1 $-1 $1791 $1945 #
vertex $-1 -1 $-1 $1943 $1946 #
straight-curve $-1 -1 $-1 0.2999999999999998224 13.0324561403508774 -0.25 0 0 1 I I #
coedge $-1 -1 $-1 $1674 $1656 $1661 $1806 reversed $102 $-1 #
color-adesk-attrib $-1 -1 $-1 $-1 $1657 256 #
coedge $-1 -1 $-1 $1658 $1669 $1660 $1805 forward $264 $-1 #
color-adesk-attrib $-1 -1 $-1 $-1 $1659 256 #
vertex $-1 -1 $-1 $1692 $1947 #
coedge $-1 -1 $-1 $1661 $1660 $1677 $1820 reversed $1662 $-1 #
edge $1948 -1 $-1 $1825 0 $1664 0.6500000000000000222 $1660 $1949 forward @7 unknown #
edge $1950 -1 $-1 $1822 0 $1665 0.6500000000000000222 $1661 $1951 forward @7 unknown #
face $1952 -1 $-1 $1424 $1662 $8 $-1 $1953 forward single #
point $-1 -1 $-1 0.3000000000000020983 15.13596491228069851 0.5 #
point $-1 -1 $-1 0.3000000000000020983 15.13596491228069851 -0.5 #
coedge $-1 -1 $-1 $1954 $1667 $1670 $1815 reversed $1771 $-1 #
coedge $-1 -1 $-1 $1667 $1954 $1673 $1818 forward $1771 $-1 #
color-adesk-attrib $-1 -1 $-1 $-1 $1668 256 #
straight-curve $-1 -1 $-1 0.2999999999999993783 14.43421052631578938 -0.25 0 0 -1 I I #
coedge $-1 -1 $-1 $1670 $1922 $1955 $1956 forward $264 $-1 #
edge $1957 -1 $-1 $1958 0 $1672 0.6500000000000000222 $1810 $1959 forward @7 unknown #
point $-1 -1 $-1 0.3000000000000020428 14.4342105263157876 0.5 #
coedge $-1 -1 $-1 $1920 $1673 $1773 $1905 reversed $102 $-1 #
edge $1960 -1 $-1 $1961 0 $1676 0.6500000000000000222 $1811 $1962 forward @7 unknown #
point $-1 -1 $-1 0.3000000000000020428 14.4342105263157876 -0.5 #
edge $1963 -1 $-1 $1822 0 $1825 1 $1804 $1964 forward @7 unknown #
color-adesk-attrib $-1 -1 $-1 $-1 $1678 256 #
vertex $-1 -1 $-1 $1806 $1965 #
straight-curve $-1 -1 $-1 0.3000000000000020983 14.43596491228069922 -0.5 0.8177268680332318018 0.5756064361146088215 0 F 0 F 0.7108987849779230261 #
color-adesk-attrib $-1 -1 $-1 $-1 $1679 256 #
vertex $-1 -1 $-1 $1820 $1966 #
straight-curve $-1 -1 $-1 0.3000000000000020983 14.43596491228069922 0.5 0.8177268680332318018 0.5756064361146088215 0 I I #
color-adesk-attrib $-1 -1 $-1 $-1 $1680 256 #
plane-surface $-1 -1 $-1 0.3000000000000020983 14.43596491228069922 -0.5 0.5756064361146089325 -0.8177268680332319128 0 0.8177268680332319128 0.5756064361146089325 0 forward_v I I I I #
color-adesk-attrib $-1 -1 $-1 $-1 $1692 256 #
straight-curve $-1 -1 $-1 0.3000000000000021538 15.13771929824561013 0.5 0.8177268680332318018 0.5756064361146088215 0 I I #
point $-1 -1 $-1 0.8813210369286290646 15.54691721430495832 0.5 #
point $-1 -1 $-1 0.8813210369286290646 15.54691721430495832 -0.5 #
color-adesk-attrib $-1 -1 $-1 $-1 $1704 256 #
face $1967 -1 $-1 $1968 $1969 $8 $-1 $1970 forward single #
loop $-1 -1 $-1 $-1 $1971 $1704 #
plane-surface $-1 -1 $-1 0.8813210369286277324 -6.207468750607318952 -0.5 0.447387821447156997 0.8943400568132721107 0 -0.8943400568132721107 0.447387821447156997 0 forward_v I I I I #
coedge $-1 -1 $-1 $1972 $1973 $1974 $1975 forward $1705 $-1 #
coedge $-1 -1 $-1 $1976 $1707 $1977 $1978 reversed $1571 $-1 #
coedge $-1 -1 $-1 $1707 $1976 $1708 $1843 reversed $1571 $-1 #
coedge $-1 -1 $-1 $1710 $1979 $1707 $1841 reversed $102 $-1 #
edge $1980 -1 $-1 $1849 0 $1981 0.6500000000000000222 $1707 $1982 forward @7 unknown #
coedge $-1 -1 $-1 $1709 $1708 $1983 $1984 reversed $1441 $-1 #
edge $1985 -1 $-1 $1849 0 $1986 1 $1839 $1987 forward @7 unknown #
coedge $-1 -1 $-1 $1988 $1989 $1709 $1845 forward $1990 $-1 #
edge $1991 -1 $-1 $1848 -0.25 $1992 0.75 $1844 $1993 forward @7 unknown #
coedge $-1 -1 $-1 $1994 $1710 $1989 $1995 forward $102 $-1 #
color-adesk-attrib $-1 -1 $-1 $-1 $1711 256 #
vertex $-1 -1 $-1 $1995 $1996 #
vertex $-1 -1 $-1 $1841 $1997 #
straight-curve $-1 -1 $-1 0.3000000000000007105 -8.020175438596492512 -0.5 0.8177268680332318018 0.5756064361146088215 0 F 0 F 0.7108987849779230261 #
coedge $-1 -1 $-1 $1998 $1719 $1712 $1852 forward $264 $-1 #
edge $1999 -1 $-1 $1722 0 $1857 0.6500000000000000222 $1712 $2000 forward @7 unknown #
coedge $-1 -1 $-1 $2001 $1713 $1715 $1860 reversed $1855 $-1 #
coedge $-1 -1 $-1 $1713 $2001 $1998 $2002 reversed $1855 $-1 #
loop $-1 -1 $-1 $-1 $1713 $2003 #
color-adesk-attrib $-1 -1 $-1 $-1 $1714 256 #
vertex $-1 -1 $-1 $2002 $2004 #
straight-curve $-1 -1 $-1 0.3000000000000000444 -8.723684210526313265 -0.25 0 0 -1 I I #
coedge $-1 -1 $-1 $1715 $1994 $2005 $2006 reversed $102 $-1 #
edge $2007 -1 $-1 $2008 8.721929824561403422 $1717 8.723684210526315042 $1853 $277 forward @7 unknown #
point $-1 -1 $-1 0.300000000000000655 -8.723684210526315042 -0.5 #
coedge $-1 -1 $-1 $1719 $2009 $1724 $1867 forward $264 $-1 #
color-adesk-attrib $-1 -1 $-1 $-1 $1720 256 #
straight-curve $-1 -1 $-1 0.300000000000000655 -9.423684210526314331 0.5 0.8177268680332318018 0.5756064361146088215 0 I I #
point $-1 -1 $-1 0.8813210369286275103 -9.014486294466966143 0.5 #
coedge $-1 -1 $-1 $1725 $1724 $2010 $2011 forward $1726 $-1 #
edge $2012 -1 $-1 $2013 -9.425438596491229504 $1728 -9.423684210526314331 $1724 $352 forward @7 unknown #
face $2014 -1 $-1 $2003 $1726 $8 $-1 $354 reversed single #
point $-1 -1 $-1 0.300000000000000655 -9.423684210526314331 0.5 #
coedge $-1 -1 $-1 $2010 $2015 $1730 $1871 forward $2016 $-1 #
edge $2017 -1 $-1 $1883 0 $1873 0.6500000000000000222 $1870 $2018 forward @7 unknown #
color-adesk-attrib $-1 -1 $-1 $-1 $1731 256 #
vertex $-1 -1 $-1 $1871 $2019 #
coedge $-1 -1 $-1 $2009 $1734 $2020 $2021 forward $264 $-1 #
coedge $-1 -1 $-1 $1741 $2020 $1737 $1876 reversed $1881 $-1 #
edge $2022 -1 $-1 $1744 -0.25 $1878 0.75 $1737 $2023 forward @7 unknown #
color-adesk-attrib $-1 -1 $-1 $-1 $1738 256 #
vertex $-1 -1 $-1 $2021 $2024 #
color-adesk-attrib $-1 -1 $-1 $-1 $1739 256 #
coedge $-1 -1 $-1 $2020 $1741 $2015 $2025 forward $1881 $-1 #
loop $-1 -1 $-1 $-1 $1741 $2026 #
color-adesk-attrib $-1 -1 $-1 $-1 $1742 256 #
vertex $-1 -1 $-1 $1871 $2027 #
straight-curve $-1 -1 $-1 0.3000000000000005995 -10.12543859649122879 -0.5 0.8177268680332318018 0.5756064361146088215 0 F 0 F 0.7108987849779230261 #
point $-1 -1 $-1 0.3000000000000005995 -10.12543859649122879 -0.5 #
coedge $-1 -1 $-1 $1751 $1746 $1745 $1887 reversed $1752 $-1 #
edge $2028 -1 $-1 $1893 0 $1749 0.6500000000000000222 $1886 $2029 forward @7 unknown #
color-adesk-attrib $-1 -1 $-1 $-1 $1747 256 #
straight-curve $-1 -1 $-1 0.3000000000000002665 -10.82894736842105132 -0.25 0 0 -1 I I #
point $-1 -1 $-1 0.3000000000000004885 -10.82894736842105488 0.5 #
face $2030 -1 $-1 $1498 $1752 $8 $-1 $2031 forward single #
color-adesk-attrib $-1 -1 $-1 $-1 $1757 256 #
vertex $-1 -1 $-1 $1761 $2032 #
straight-curve $-1 -1 $-1 0.3000000000000004885 -11.52894736842105416 0.5 0.8177268680332318018 0.5756064361146088215 0 I I #
color-adesk-attrib $-1 -1 $-1 $-1 $1761 256 #
straight-curve $-1 -1 $-1 0.8813210369286275103 -11.11974945236170598 -0.5 0 0 1 I I #
color-adesk-attrib $-1 -1 $-1 $-1 $1762 256 #
plane-surface $-1 -1 $-1 0.3000000000000004885 -11.52894736842105416 -0.5 0.5756064361146089325 -0.8177268680332319128 0 0.8177268680332319128 0.5756064361146089325 0 forward_v I I I I #
color-adesk-attrib $-1 -1 $-1 $-1 $1770 256 #
face $2033 -1 $-1 $2034 $2035 $8 $-1 $2036 forward single #
loop $-1 -1 $-1 $-1 $2037 $1770 #
plane-surface $-1 -1 $-1 0.3000000000000019873 12.3307017543859665 -0.5 0.5756064361146089325 -0.8177268680332319128 0 0.8177268680332319128 0.5756064361146089325 0 forward_v I I I I #
coedge $-1 -1 $-1 $1955 $1773 $1954 $2038 forward $1637 $-1 #
coedge $-1 -1 $-1 $1773 $1955 $1919 $2039 reversed $1637 $-1 #
edge $2040 -1 $-1 $2041 0 $1961 0.7108987849779230261 $1773 $2042 forward @7 unknown #
color-adesk-attrib $-1 -1 $-1 $-1 $1774 256 #
straight-curve $-1 -1 $-1 0.8813210369286290646 15.54691721430495832 -0.5 0 0 1 I I #
color-adesk-attrib $-1 -1 $-1 $-1 $1775 256 #
straight-curve $-1 -1 $-1 0.3000000000000002665 15.13771929824560836 -0.25 0 0 1 I I #
point $-1 -1 $-1 0.3000000000000021538 15.13771929824561013 -0.5 #
color-adesk-attrib $-1 -1 $-1 $-1 $1780 256 #
face $2043 -1 $-1 $2044 $2045 $8 $-1 $354 reversed single #
loop $-1 -1 $-1 $-1 $2046 $1780 #
coedge $-1 -1 $-1 $2047 $2048 $2049 $2050 forward $1781 $-1 #
coedge $-1 -1 $-1 $2051 $1782 $2052 $2053 reversed $1649 $-1 #
coedge $-1 -1 $-1 $1782 $2051 $2054 $2055 reversed $1649 $-1 #
coedge $-1 -1 $-1 $2056 $2057 $1782 $1918 reversed $2058 $-1 #
edge $2059 -1 $-1 $2060 -0.25 $2061 0.75 $1782 $2062 forward @7 unknown #
coedge $-1 -1 $-1 $1784 $1783 $1904 $2039 forward $1517 $-1 #
coedge $-1 -1 $-1 $2063 $1817 $1783 $1921 forward $102 $-1 #
edge $2064 -1 $-1 $2041 -13.73421052631578831 $1929 -13.73245614035087669 $1783 $277 forward @7 unknown #
coedge $-1 -1 $-1 $1814 $2065 $1784 $1923 forward $264 $-1 #
edge $2066 -1 $-1 $1928 13.73245614035087669 $2067 13.73421052631578831 $1784 $352 forward @7 unknown #
coedge $-1 -1 $-1 $2068 $1785 $2065 $2069 reversed $1926 $-1 #
coedge $-1 -1 $-1 $1785 $2068 $2063 $2070 forward $1926 $-1 #
loop $-1 -1 $-1 $-1 $1925 $2071 #
color-adesk-attrib $-1 -1 $-1 $-1 $1786 256 #
vertex $-1 -1 $-1 $1923 $2072 #
vertex $-1 -1 $-1 $2070 $2073 #
straight-curve $-1 -1 $-1 0.2999999999999993783 13.73245614035087847 -0.25 0 0 -1 I I #
coedge $-1 -1 $-1 $2074 $2075 $1787 $1932 reversed $2035 $-1 #
edge $2076 -1 $-1 $1936 -0.75 $1940 0.25 $1787 $2077 forward @7 unknown #
coedge $-1 -1 $-1 $2065 $1788 $1793 $1943 forward $264 $-1 #
coedge $-1 -1 $-1 $1788 $2078 $2074 $2079 forward $264 $-1 #
color-adesk-attrib $-1 -1 $-1 $-1 $1789 256 #
vertex $-1 -1 $-1 $1789 $2080 #
coedge $-1 -1 $-1 $2081 $1790 $2075 $2082 reversed $102 $-1 #
coedge $-1 -1 $-1 $1790 $2063 $1792 $1942 reversed $102 $-1 #
color-adesk-attrib $-1 -1 $-1 $-1 $1791 256 #
vertex $-1 -1 $-1 $2082 $2083 #
coedge $-1 -1 $-1 $1793 $1792 $2068 $2084 forward $1794 $-1 #
edge $2085 -1 $-1 $1796 0 $2086 0.7108987849779230261 $1792 $2087 forward @7 unknown #
edge $2088 -1 $-1 $1797 0 $2089 0.7108987849779230261 $1793 $2090 forward @7 unknown #
face $2091 -1 $-1 $2071 $1794 $8 $-1 $2092 forward single #
point $-1 -1 $-1 0.3000000000000019873 13.0324561403508774 -0.5 #
point $-1 -1 $-1 0.3000000000000019873 13.0324561403508774 0.5 #
point $-1 -1 $-1 0.3000000000000021538 15.13771929824561013 0.5 #
color-adesk-attrib $-1 -1 $-1 $-1 $1805 256 #
straight-curve $-1 -1 $-1 0.8813210369286290646 14.84516282834004741 0.5 -0.8943400568132721107 0.447387821447156997 0 I I #
color-adesk-attrib $-1 -1 $-1 $-1 $1806 256 #
straight-curve $-1 -1 $-1 0.8813210369286290646 14.84516282834004741 -0.5 -0.8943400568132721107 0.447387821447156997 0 F 0 F 0.6500000000000000222 #
color-adesk-attrib $-1 -1 $-1 $-1 $1807 256 #
plane-surface $-1 -1 $-1 0.8813210369286290646 14.84516282834004741 -0.5 0.447387821447156997 0.8943400568132721107 0 -0.8943400568132721107 0.447387821447156997 0 forward_v I I I I #
coedge $-1 -1 $-1 $1811 $1810 $1903 $2038 reversed $1771 $-1 #
coedge $-1 -1 $-1 $1904 $1903 $1814 $1956 reversed $1637 $-1 #
edge $2093 -1 $-1 $2067 0 $1958 0.7108987849779230261 $1955 $2094 forward @7 unknown #
color-adesk-attrib $-1 -1 $-1 $-1 $1815 256 #
vertex $-1 -1 $-1 $2038 $2095 #
straight-curve $-1 -1 $-1 0.8813210369286290646 14.1434084423751365 0.5 -0.8943400568132721107 0.447387821447156997 0 I I #
color-adesk-attrib $-1 -1 $-1 $-1 $1818 256 #
vertex $-1 -1 $-1 $1818 $2096 #
straight-curve $-1 -1 $-1 0.8813210369286290646 14.1434084423751365 -0.5 -0.8943400568132721107 0.447387821447156997 0 F 0 F 0.6500000000000000222 #
color-adesk-attrib $-1 -1 $-1 $-1 $1820 256 #
straight-curve $-1 -1 $-1 0.8813210369286290646 14.84516282834004741 -0.5 0 0 1 I I #
point $-1 -1 $-1 0.8813210369286290646 14.84516282834004741 -0.5 #
point $-1 -1 $-1 0.8813210369286290646 14.84516282834004741 0.5 #
color-adesk-attrib $-1 -1 $-1 $-1 $1834 256 #
face $2097 -1 $-1 $2098 $2099 $8 $-1 $2100 forward single #
loop $-1 -1 $-1 $-1 $2101 $1834 #
plane-surface $-1 -1 $-1 0.3000000000000008771 -5.213157894736841769 -0.5 0.5756064361146089325 -0.8177268680332319128 0 0.8177268680332319128 0.5756064361146089325 0 forward_v I I I I #
coedge $-1 -1 $-1 $2102 $2103 $2104 $2105 forward $1835 $-1 #
coedge $-1 -1 $-1 $2106 $1837 $2103 $2107 forward $1705 $-1 #
coedge $-1 -1 $-1 $1837 $2106 $2108 $2109 reversed $1705 $-1 #
coedge $-1 -1 $-1 $2110 $2104 $1837 $1975 reversed $102 $-1 #
edge $2111 -1 $-1 $2112 0 $2113 0.7108987849779230261 $1837 $2114 forward @7 unknown #
coedge $-1 -1 $-1 $1839 $1838 $2115 $2116 reversed $1571 $-1 #
coedge $-1 -1 $-1 $2117 $2118 $1838 $1978 forward $2119 $-1 #
edge $2120 -1 $-1 $2121 -0.75 $1981 0.25 $1977 $2122 forward @7 unknown #
coedge $-1 -1 $-1 $1840 $2123 $2117 $2124 forward $102 $-1 #
color-adesk-attrib $-1 -1 $-1 $-1 $1841 256 #
vertex $-1 -1 $-1 $1841 $2125 #
straight-curve $-1 -1 $-1 0.8813210369286277324 -7.610977522537144324 -0.5 -0.8943400568132721107 0.447387821447156997 0 F 0 F 0.6500000000000000222 #
coedge $-1 -1 $-1 $2115 $2126 $1842 $1984 forward $264 $-1 #
edge $2127 -1 $-1 $1992 0 $1986 0.7108987849779230261 $1842 $2128 forward @7 unknown #
color-adesk-attrib $-1 -1 $-1 $-1 $1843 256 #
vertex $-1 -1 $-1 $1843 $2129 #
straight-curve $-1 -1 $-1 0.8813210369286277324 -7.610977522537144324 -0.5 0 0 1 I I #
coedge $-1 -1 $-1 $2130 $1844 $2126 $2131 reversed $1990 $-1 #
coedge $-1 -1 $-1 $1844 $2130 $1846 $1995 reversed $1990 $-1 #
loop $-1 -1 $-1 $-1 $1844 $2132 #
color-adesk-attrib $-1 -1 $-1 $-1 $1845 256 #
vertex $-1 -1 $-1 $1984 $2133 #
straight-curve $-1 -1 $-1 0.2999999999999998224 -8.020175438596492512 -0.25 0 0 1 I I #
coedge $-1 -1 $-1 $1859 $1846 $2134 $2135 reversed $102 $-1 #
edge $2136 -1 $-1 $1848 8.020175438596492512 $2137 8.021929824561404132 $1989 $277 forward @7 unknown #
point $-1 -1 $-1 0.3000000000000007105 -8.020175438596492512 -0.5 #
point $-1 -1 $-1 0.8813210369286277324 -7.610977522537144324 -0.5 #
coedge $-1 -1 $-1 $2138 $1851 $1854 $2002 forward $264 $-1 #
color-adesk-attrib $-1 -1 $-1 $-1 $1852 256 #
straight-curve $-1 -1 $-1 0.8813210369286275103 -9.014486294466966143 0.5 -0.8943400568132721107 0.447387821447156997 0 I I #
coedge $-1 -1 $-1 $1854 $1853 $2139 $2140 forward $1855 $-1 #
edge $2141 -1 $-1 $1857 -8.723684210526315042 $2142 -8.721929824561403422 $1854 $352 forward @7 unknown #
face $2143 -1 $-1 $1604 $1855 $8 $-1 $354 reversed single #
point $-1 -1 $-1 0.300000000000000655 -8.723684210526315042 0.5 #
coedge $-1 -1 $-1 $2144 $2139 $1859 $2006 forward $2145 $-1 #
edge $2146 -1 $-1 $2008 0 $2147 0.7108987849779230261 $2005 $2148 forward @7 unknown #
color-adesk-attrib $-1 -1 $-1 $-1 $1860 256 #
vertex $-1 -1 $-1 $1860 $2149 #
coedge $-1 -1 $-1 $1862 $1874 $2150 $2151 forward $264 $-1 #
coedge $-1 -1 $-1 $2150 $1870 $1866 $2011 reversed $2016 $-1 #
edge $2152 -1 $-1 $2013 -0.75 $1873 0.25 $1866 $2153 forward @7 unknown #
color-adesk-attrib $-1 -1 $-1 $-1 $1867 256 #
vertex $-1 -1 $-1 $1867 $2154 #
color-adesk-attrib $-1 -1 $-1 $-1 $1868 256 #
coedge $-1 -1 $-1 $1870 $2150 $1880 $2025 reversed $2016 $-1 #
loop $-1 -1 $-1 $-1 $1870 $2155 #
color-adesk-attrib $-1 -1 $-1 $-1 $1871 256 #
straight-curve $-1 -1 $-1 0.8813210369286275103 -9.716240680431880605 -0.5 -0.8943400568132721107 0.447387821447156997 0 F 0 F 0.6500000000000000222 #
point $-1 -1 $-1 0.3000000000000005995 -9.425438596491229504 -0.5 #
coedge $-1 -1 $-1 $1875 $1880 $1874 $2021 reversed $1881 $-1 #
edge $2156 -1 $-1 $1878 0 $2157 0.7108987849779230261 $2020 $2158 forward @7 unknown #
color-adesk-attrib $-1 -1 $-1 $-1 $1876 256 #
straight-curve $-1 -1 $-1 0.2999999999999998224 -10.12543859649122879 -0.25 0 0 1 I I #
point $-1 -1 $-1 0.3000000000000005995 -10.12543859649122879 0.5 #
edge $2159 -1 $-1 $1883 0 $2157 1 $2015 $2160 forward @7 unknown #
face $2161 -1 $-1 $2155 $1881 $8 $-1 $2162 forward single #
point $-1 -1 $-1 0.8813210369286275103 -9.716240680431880605 -0.5 #
color-adesk-attrib $-1 -1 $-1 $-1 $1887 256 #
straight-curve $-1 -1 $-1 0.8813210369286275103 -11.11974945236170598 0.5 -0.8943400568132721107 0.447387821447156997 0 I I #
color-adesk-attrib $-1 -1 $-1 $-1 $1891 256 #
plane-surface $-1 -1 $-1 0.8813210369286275103 -11.11974945236170598 -0.5 0.447387821447156997 0.8943400568132721107 0 -0.8943400568132721107 0.447387821447156997 0 forward_v I I I I #
point $-1 -1 $-1 0.8813210369286275103 -11.11974945236170598 0.5 #
color-adesk-attrib $-1 -1 $-1 $-1 $1900 256 #
face $2163 -1 $-1 $2164 $2165 $8 $-1 $2166 forward single #
loop $-1 -1 $-1 $-1 $2075 $1900 #
plane-surface $-1 -1 $-1 0.8813210369286288426 12.73989967044531468 -0.5 0.447387821447156997 0.8943400568132721107 0 -0.8943400568132721107 0.447387821447156997 0 forward_v I I I I #
coedge $-1 -1 $-1 $2167 $2168 $2081 $2169 forward $1901 $-1 #
edge $2170 -1 $-1 $1961 0 $1958 1 $1954 $2171 forward @7 unknown #
edge $2172 -1 $-1 $2041 -0.25 $2067 0.75 $1919 $2173 forward @7 unknown #
color-adesk-attrib $-1 -1 $-1 $-1 $1905 256 #
vertex $-1 -1 $-1 $1921 $2174 #
straight-curve $-1 -1 $-1 0.3000000000000020428 13.73421052631578831 -0.5 0.8177268680332318018 0.5756064361146088215 0 F 0 F 0.7108987849779230261 #
color-adesk-attrib $-1 -1 $-1 $-1 $1912 256 #
face $2175 -1 $-1 $2176 $2177 $8 $-1 $354 reversed single #
loop $-1 -1 $-1 $-1 $2178 $1912 #
coedge $-1 -1 $-1 $2179 $2180 $2181 $2182 forward $1913 $-1 #
coedge $-1 -1 $-1 $2183 $1914 $2184 $2185 reversed $1781 $-1 #
coedge $-1 -1 $-1 $1914 $2183 $2186 $2187 reversed $1781 $-1 #
coedge $-1 -1 $-1 $2188 $2189 $1914 $2050 reversed $2190 $-1 #
edge $2191 -1 $-1 $2192 -0.75 $2193 0.25 $1914 $2194 forward @7 unknown #
coedge $-1 -1 $-1 $1916 $1915 $2195 $2196 forward $1649 $-1 #
coedge $-1 -1 $-1 $2197 $2198 $1915 $2053 forward $264 $-1 #
edge $2199 -1 $-1 $2200 11.62719298245613686 $2061 11.62894736842105203 $1915 $352 forward @7 unknown #
coedge $-1 -1 $-1 $2201 $2202 $1916 $2055 forward $102 $-1 #
edge $2203 -1 $-1 $2060 -11.62894736842105203 $2204 -11.62719298245613686 $1916 $277 forward @7 unknown #
coedge $-1 -1 $-1 $2205 $1917 $2202 $2206 forward $2058 $-1 #
coedge $-1 -1 $-1 $1917 $2205 $2197 $2207 reversed $2058 $-1 #
loop $-1 -1 $-1 $-1 $2056 $2208 #
color-adesk-attrib $-1 -1 $-1 $-1 $1918 256 #
vertex $-1 -1 $-1 $2055 $2209 #
vertex $-1 -1 $-1 $2207 $2210 #
straight-curve $-1 -1 $-1 0.3000000000000002665 11.62894736842105026 -0.25 0 0 1 I I #
coedge $-1 -1 $-1 $1938 $1920 $1925 $2070 reversed $102 $-1 #
color-adesk-attrib $-1 -1 $-1 $-1 $1921 256 #
coedge $-1 -1 $-1 $1922 $1933 $1924 $2069 forward $264 $-1 #
color-adesk-attrib $-1 -1 $-1 $-1 $1923 256 #
vertex $-1 -1 $-1 $1956 $2211 #
coedge $-1 -1 $-1 $1925 $1924 $1941 $2084 reversed $1926 $-1 #
edge $2212 -1 $-1 $2089 0 $1928 0.6500000000000000222 $1924 $2213 forward @7 unknown #
edge $2214 -1 $-1 $2086 0 $1929 0.6500000000000000222 $1925 $2215 forward @7 unknown #
face $2216 -1 $-1 $1680 $1926 $8 $-1 $2217 forward single #
point $-1 -1 $-1 0.3000000000000019873 13.73245614035087669 0.5 #
point $-1 -1 $-1 0.3000000000000019873 13.73245614035087669 -0.5 #
coedge $-1 -1 $-1 $2218 $1931 $1934 $2079 reversed $2035 $-1 #
coedge $-1 -1 $-1 $1931 $2218 $1937 $2082 forward $2035 $-1 #
color-adesk-attrib $-1 -1 $-1 $-1 $1932 256 #
straight-curve $-1 -1 $-1 0.2999999999999993783 13.03070175438596756 -0.25 0 0 -1 I I #
coedge $-1 -1 $-1 $1934 $2186 $2219 $2220 forward $264 $-1 #
edge $2221 -1 $-1 $2222 0 $1936 0.6500000000000000222 $2074 $2223 forward @7 unknown #
point $-1 -1 $-1 0.3000000000000019873 13.03070175438596578 0.5 #
coedge $-1 -1 $-1 $2184 $1937 $2037 $2169 reversed $102 $-1 #
edge $2224 -1 $-1 $2225 0 $1940 0.6500000000000000222 $2075 $2226 forward @7 unknown #
point $-1 -1 $-1 0.3000000000000019873 13.03070175438596578 -0.5 #
edge $2227 -1 $-1 $2086 0 $2089 1 $2068 $2228 forward @7 unknown #
color-adesk-attrib $-1 -1 $-1 $-1 $1942 256 #
vertex $-1 -1 $-1 $2070 $2229 #
straight-curve $-1 -1 $-1 0.3000000000000019873 13.0324561403508774 -0.5 0.8177268680332318018 0.5756064361146088215 0 F 0 F 0.7108987849779230261 #
color-adesk-attrib $-1 -1 $-1 $-1 $1943 256 #
vertex $-1 -1 $-1 $2084 $2230 #
straight-curve $-1 -1 $-1 0.3000000000000019873 13.0324561403508774 0.5 0.8177268680332318018 0.5756064361146088215 0 I I #
color-adesk-attrib $-1 -1 $-1 $-1 $1944 256 #
plane-surface $-1 -1 $-1 0.3000000000000019873 13.0324561403508774 -0.5 0.5756064361146089325 -0.8177268680332319128 0 0.8177268680332319128 0.5756064361146089325 0 forward_v I I I I #
color-adesk-attrib $-1 -1 $-1 $-1 $1956 256 #
straight-curve $-1 -1 $-1 0.3000000000000020428 13.73421052631578831 0.5 0.8177268680332318018 0.5756064361146088215 0 I I #
point $-1 -1 $-1 0.8813210369286290646 14.1434084423751365 0.5 #
point $-1 -1 $-1 0.8813210369286290646 14.1434084423751365 -0.5 #
color-adesk-attrib $-1 -1 $-1 $-1 $1968 256 #
face $2231 -1 $-1 $2232 $2233 $8 $-1 $2234 forward single #
loop $-1 -1 $-1 $-1 $2235 $1968 #
plane-surface $-1 -1 $-1 0.8813210369286277324 -4.803959978677493581 -0.5 0.447387821447156997 0.8943400568132721107 0 -0.8943400568132721107 0.447387821447156997 0 forward_v I I I I #
coedge $-1 -1 $-1 $2236 $2237 $2238 $2239 forward $1969 $-1 #
coedge $-1 -1 $-1 $2240 $1971 $2241 $2242 reversed $1835 $-1 #
coedge $-1 -1 $-1 $1971 $2240 $1972 $2107 reversed $1835 $-1 #
coedge $-1 -1 $-1 $1974 $2243 $1971 $2105 reversed $102 $-1 #
edge $2244 -1 $-1 $2113 0 $2245 0.6500000000000000222 $1971 $2246 forward @7 unknown #
coedge $-1 -1 $-1 $1973 $1972 $2247 $2248 reversed $1705 $-1 #
edge $2249 -1 $-1 $2113 0 $2250 1 $2103 $2251 forward @7 unknown #
coedge $-1 -1 $-1 $2252 $2253 $1973 $2109 forward $2254 $-1 #
edge $2255 -1 $-1 $2112 -0.25 $2256 0.75 $2108 $2257 forward @7 unknown #
coedge $-1 -1 $-1 $2258 $1974 $2253 $2259 forward $102 $-1 #
color-adesk-attrib $-1 -1 $-1 $-1 $1975 256 #
vertex $-1 -1 $-1 $2259 $2260 #
vertex $-1 -1 $-1 $2105 $2261 #
straight-curve $-1 -1 $-1 0.3000000000000008216 -6.61666666666666714 -0.5 0.8177268680332318018 0.5756064361146088215 0 F 0 F 0.7108987849779230261 #
coedge $-1 -1 $-1 $2262 $1983 $1976 $2116 forward $264 $-1 #
edge $2263 -1 $-1 $1986 0 $2121 0.6500000000000000222 $1976 $2264 forward @7 unknown #
coedge $-1 -1 $-1 $2265 $1977 $1979 $2124 reversed $2119 $-1 #
coedge $-1 -1 $-1 $1977 $2265 $2262 $2266 reversed $2119 $-1 #
loop $-1 -1 $-1 $-1 $1977 $2267 #
color-adesk-attrib $-1 -1 $-1 $-1 $1978 256 #
vertex $-1 -1 $-1 $2266 $2268 #
straight-curve $-1 -1 $-1 0.3000000000000002665 -7.320175438596492334 -0.25 0 0 -1 I I #
coedge $-1 -1 $-1 $1979 $2258 $2269 $2270 reversed $102 $-1 #
edge $2271 -1 $-1 $2272 7.31842105263157805 $1981 7.320175438596493223 $2117 $277 forward @7 unknown #
point $-1 -1 $-1 0.3000000000000007105 -7.320175438596493223 -0.5 #
coedge $-1 -1 $-1 $1983 $2273 $1988 $2131 forward $264 $-1 #
color-adesk-attrib $-1 -1 $-1 $-1 $1984 256 #
straight-curve $-1 -1 $-1 0.3000000000000007105 -8.020175438596492512 0.5 0.8177268680332318018 0.5756064361146088215 0 I I #
point $-1 -1 $-1 0.8813210369286277324 -7.610977522537144324 0.5 #
coedge $-1 -1 $-1 $1989 $1988 $2274 $2275 forward $1990 $-1 #
edge $2276 -1 $-1 $2277 -8.021929824561404132 $1992 -8.020175438596492512 $1988 $352 forward @7 unknown #
face $2278 -1 $-1 $2267 $1990 $8 $-1 $354 reversed single #
point $-1 -1 $-1 0.3000000000000007105 -8.020175438596492512 0.5 #
coedge $-1 -1 $-1 $2274 $2279 $1994 $2135 forward $2280 $-1 #
edge $2281 -1 $-1 $2147 0 $2137 0.6500000000000000222 $2134 $2282 forward @7 unknown #
color-adesk-attrib $-1 -1 $-1 $-1 $1995 256 #
vertex $-1 -1 $-1 $2135 $2283 #
coedge $-1 -1 $-1 $2273 $1998 $2284 $2285 forward $264 $-1 #
coedge $-1 -1 $-1 $2005 $2284 $2001 $2140 reversed $2145 $-1 #
edge $2286 -1 $-1 $2008 -0.25 $2142 0.75 $2001 $2287 forward @7 unknown #
color-adesk-attrib $-1 -1 $-1 $-1 $2002 256 #
vertex $-1 -1 $-1 $2285 $2288 #
color-adesk-attrib $-1 -1 $-1 $-1 $2003 256 #
coedge $-1 -1 $-1 $2284 $2005 $2279 $2289 forward $2145 $-1 #
loop $-1 -1 $-1 $-1 $2005 $2290 #
color-adesk-attrib $-1 -1 $-1 $-1 $2006 256 #
vertex $-1 -1 $-1 $2135 $2291 #
straight-curve $-1 -1 $-1 0.300000000000000655 -8.721929824561403422 -0.5 0.8177268680332318018 0.5756064361146088215 0 F 0 F 0.7108987849779230261 #
point $-1 -1 $-1 0.300000000000000655 -8.721929824561403422 -0.5 #
coedge $-1 -1 $-1 $2015 $2010 $2009 $2151 reversed $2016 $-1 #
edge $2292 -1 $-1 $2157 0 $2013 0.6500000000000000222 $2150 $2293 forward @7 unknown #
color-adesk-attrib $-1 -1 $-1 $-1 $2011 256 #
straight-curve $-1 -1 $-1 0.3000000000000000444 -9.425438596491229504 -0.25 0 0 -1 I I #
point $-1 -1 $-1 0.3000000000000005995 -9.425438596491229504 0.5 #
face $2294 -1 $-1 $1762 $2016 $8 $-1 $2295 forward single #
color-adesk-attrib $-1 -1 $-1 $-1 $2021 256 #
vertex $-1 -1 $-1 $2025 $2296 #
straight-curve $-1 -1 $-1 0.3000000000000005995 -10.12543859649122879 0.5 0.8177268680332318018 0.5756064361146088215 0 I I #
color-adesk-attrib $-1 -1 $-1 $-1 $2025 256 #
straight-curve $-1 -1 $-1 0.8813210369286275103 -9.716240680431880605 -0.5 0 0 1 I I #
color-adesk-attrib $-1 -1 $-1 $-1 $2026 256 #
plane-surface $-1 -1 $-1 0.3000000000000005995 -10.12543859649122879 -0.5 0.5756064361146089325 -0.8177268680332319128 0 0.8177268680332319128 0.5756064361146089325 0 forward_v I I I I #
color-adesk-attrib $-1 -1 $-1 $-1 $2034 256 #
face $2297 -1 $-1 $2298 $2299 $8 $-1 $2300 forward single #
loop $-1 -1 $-1 $-1 $2301 $2034 #
plane-surface $-1 -1 $-1 0.3000000000000018763 10.92719298245613757 -0.5 0.5756064361146089325 -0.8177268680332319128 0 0.8177268680332319128 0.5756064361146089325 0 forward_v I I I I #
coedge $-1 -1 $-1 $2219 $2037 $2218 $2302 forward $1901 $-1 #
coedge $-1 -1 $-1 $2037 $2219 $2183 $2303 reversed $1901 $-1 #
edge $2304 -1 $-1 $2305 0 $2225 0.7108987849779230261 $2037 $2306 forward @7 unknown #
color-adesk-attrib $-1 -1 $-1 $-1 $2038 256 #
straight-curve $-1 -1 $-1 0.8813210369286290646 14.1434084423751365 -0.5 0 0 1 I I #
color-adesk-attrib $-1 -1 $-1 $-1 $2039 256 #
straight-curve $-1 -1 $-1 0.2999999999999998224 13.73421052631578654 -0.25 0 0 1 I I #
point $-1 -1 $-1 0.3000000000000020428 13.73421052631578831 -0.5 #
color-adesk-attrib $-1 -1 $-1 $-1 $2044 256 #
face $2307 -1 $-1 $2308 $2309 $8 $-1 $354 reversed single #
loop $-1 -1 $-1 $-1 $2310 $2044 #
coedge $-1 -1 $-1 $2311 $2312 $2313 $2314 forward $2045 $-1 #
coedge $-1 -1 $-1 $2315 $2046 $2316 $2317 reversed $1913 $-1 #
coedge $-1 -1 $-1 $2046 $2315 $2318 $2319 reversed $1913 $-1 #
coedge $-1 -1 $-1 $2320 $2321 $2046 $2182 reversed $2322 $-1 #
edge $2323 -1 $-1 $2324 -0.25 $2325 0.75 $2046 $2326 forward @7 unknown #
coedge $-1 -1 $-1 $2048 $2047 $2168 $2303 forward $1781 $-1 #
coedge $-1 -1 $-1 $2327 $2081 $2047 $2185 forward $102 $-1 #
edge $2328 -1 $-1 $2305 -12.3307017543859665 $2193 -12.32894736842105132 $2047 $277 forward @7 unknown #
coedge $-1 -1 $-1 $2078 $2329 $2048 $2187 forward $264 $-1 #
edge $2330 -1 $-1 $2192 12.32894736842105132 $2331 12.3307017543859665 $2048 $352 forward @7 unknown #
coedge $-1 -1 $-1 $2332 $2049 $2329 $2333 reversed $2190 $-1 #
coedge $-1 -1 $-1 $2049 $2332 $2327 $2334 forward $2190 $-1 #
loop $-1 -1 $-1 $-1 $2189 $2335 #
color-adesk-attrib $-1 -1 $-1 $-1 $2050 256 #
vertex $-1 -1 $-1 $2187 $2336 #
vertex $-1 -1 $-1 $2334 $2337 #
straight-curve $-1 -1 $-1 0.2999999999999998224 12.32894736842105132 -0.25 0 0 -1 I I #
coedge $-1 -1 $-1 $2338 $2339 $2051 $2196 reversed $2299 $-1 #
edge $2340 -1 $-1 $2200 -0.75 $2204 0.25 $2051 $2341 forward @7 unknown #
coedge $-1 -1 $-1 $2329 $2052 $2057 $2207 forward $264 $-1 #
coedge $-1 -1 $-1 $2052 $2342 $2338 $2343 forward $264 $-1 #
color-adesk-attrib $-1 -1 $-1 $-1 $2053 256 #
vertex $-1 -1 $-1 $2053 $2344 #
coedge $-1 -1 $-1 $2345 $2054 $2339 $2346 reversed $102 $-1 #
coedge $-1 -1 $-1 $2054 $2327 $2056 $2206 reversed $102 $-1 #
color-adesk-attrib $-1 -1 $-1 $-1 $2055 256 #
vertex $-1 -1 $-1 $2346 $2347 #
coedge $-1 -1 $-1 $2057 $2056 $2332 $2348 forward $2058 $-1 #
edge $2349 -1 $-1 $2060 0 $2350 0.7108987849779230261 $2056 $2351 forward @7 unknown #
edge $2352 -1 $-1 $2061 0 $2353 0.7108987849779230261 $2057 $2354 forward @7 unknown #
face $2355 -1 $-1 $2335 $2058 $8 $-1 $2356 forward single #
point $-1 -1 $-1 0.3000000000000019318 11.62894736842105203 -0.5 #
point $-1 -1 $-1 0.3000000000000019318 11.62894736842105203 0.5 #
point $-1 -1 $-1 0.3000000000000020428 13.73421052631578831 0.5 #
color-adesk-attrib $-1 -1 $-1 $-1 $2069 256 #
straight-curve $-1 -1 $-1 0.8813210369286288426 13.44165405641022559 0.5 -0.8943400568132721107 0.447387821447156997 0 I I #
color-adesk-attrib $-1 -1 $-1 $-1 $2070 256 #
straight-curve $-1 -1 $-1 0.8813210369286288426 13.44165405641022559 -0.5 -0.8943400568132721107 0.447387821447156997 0 F 0 F 0.6500000000000000222 #
color-adesk-attrib $-1 -1 $-1 $-1 $2071 256 #
plane-surface $-1 -1 $-1 0.8813210369286288426 13.44165405641022559 -0.5 0.447387821447156997 0.8943400568132721107 0 -0.8943400568132721107 0.447387821447156997 0 forward_v I I I I #
coedge $-1 -1 $-1 $2075 $2074 $2167 $2302 reversed $2035 $-1 #
coedge $-1 -1 $-1 $2168 $2167 $2078 $2220 reversed $1901 $-1 #
edge $2357 -1 $-1 $2331 0 $2222 0.7108987849779230261 $2219 $2358 forward @7 unknown #
color-adesk-attrib $-1 -1 $-1 $-1 $2079 256 #
vertex $-1 -1 $-1 $2302 $2359 #
straight-curve $-1 -1 $-1 0.8813210369286288426 12.73989967044531468 0.5 -0.8943400568132721107 0.447387821447156997 0 I I #
color-adesk-attrib $-1 -1 $-1 $-1 $2082 256 #
vertex $-1 -1 $-1 $2082 $2360 #
straight-curve $-1 -1 $-1 0.8813210369286288426 12.73989967044531468 -0.5 -0.8943400568132721107 0.447387821447156997 0 F 0 F 0.6500000000000000222 #
color-adesk-attrib $-1 -1 $-1 $-1 $2084 256 #
straight-curve $-1 -1 $-1 0.8813210369286288426 13.44165405641022559 -0.5 0 0 1 I I #
point $-1 -1 $-1 0.8813210369286288426 13.44165405641022559 -0.5 #
point $-1 -1 $-1 0.8813210369286288426 13.44165405641022559 0.5 #
color-adesk-attrib $-1 -1 $-1 $-1 $2098 256 #
face $2361 -1 $-1 $2362 $2363 $8 $-1 $2364 forward single #
loop $-1 -1 $-1 $-1 $2365 $2098 #
plane-surface $-1 -1 $-1 0.3000000000000009881 -3.809649122807016397 -0.5 0.5756064361146089325 -0.8177268680332319128 0 0.8177268680332319128 0.5756064361146089325 0 forward_v I I I I #
coedge $-1 -1 $-1 $2366 $2367 $2368 $2369 forward $2099 $-1 #
coedge $-1 -1 $-1 $2370 $2101 $2367 $2371 forward $1969 $-1 #
coedge $-1 -1 $-1 $2101 $2370 $2372 $2373 reversed $1969 $-1 #
coedge $-1 -1 $-1 $2374 $2368 $2101 $2239 reversed $102 $-1 #
edge $2375 -1 $-1 $2376 0 $2377 0.7108987849779230261 $2101 $2378 forward @7 unknown #
coedge $-1 -1 $-1 $2103 $2102 $2379 $2380 reversed $1835 $-1 #
coedge $-1 -1 $-1 $2381 $2382 $2102 $2242 forward $2383 $-1 #
edge $2384 -1 $-1 $2385 -0.75 $2245 0.25 $2241 $2386 forward @7 unknown #
coedge $-1 -1 $-1 $2104 $2387 $2381 $2388 forward $102 $-1 #
color-adesk-attrib $-1 -1 $-1 $-1 $2105 256 #
vertex $-1 -1 $-1 $2105 $2389 #
straight-curve $-1 -1 $-1 0.8813210369286277324 -6.207468750607318952 -0.5 -0.8943400568132721107 0.447387821447156997 0 F 0 F 0.6500000000000000222 #
coedge $-1 -1 $-1 $2379 $2390 $2106 $2248 forward $264 $-1 #
edge $2391 -1 $-1 $2256 0 $2250 0.7108987849779230261 $2106 $2392 forward @7 unknown #
color-adesk-attrib $-1 -1 $-1 $-1 $2107 256 #
vertex $-1 -1 $-1 $2107 $2393 #
straight-curve $-1 -1 $-1 0.8813210369286277324 -6.207468750607318952 -0.5 0 0 1 I I #
coedge $-1 -1 $-1 $2394 $2108 $2390 $2395 reversed $2254 $-1 #
coedge $-1 -1 $-1 $2108 $2394 $2110 $2259 reversed $2254 $-1 #
loop $-1 -1 $-1 $-1 $2108 $2396 #
color-adesk-attrib $-1 -1 $-1 $-1 $2109 256 #
vertex $-1 -1 $-1 $2248 $2397 #
straight-curve $-1 -1 $-1 0.3000000000000000444 -6.616666666666668029 -0.25 0 0 1 I I #
coedge $-1 -1 $-1 $2123 $2110 $2398 $2399 reversed $102 $-1 #
edge $2400 -1 $-1 $2112 6.61666666666666714 $2401 6.61842105263157876 $2253 $277 forward @7 unknown #
point $-1 -1 $-1 0.3000000000000008216 -6.61666666666666714 -0.5 #
point $-1 -1 $-1 0.8813210369286277324 -6.207468750607318952 -0.5 #
coedge $-1 -1 $-1 $2402 $2115 $2118 $2266 forward $264 $-1 #
color-adesk-attrib $-1 -1 $-1 $-1 $2116 256 #
straight-curve $-1 -1 $-1 0.8813210369286277324 -7.610977522537144324 0.5 -0.8943400568132721107 0.447387821447156997 0 I I #
coedge $-1 -1 $-1 $2118 $2117 $2403 $2404 forward $2119 $-1 #
edge $2405 -1 $-1 $2121 -7.320175438596493223 $2406 -7.31842105263157805 $2118 $352 forward @7 unknown #
face $2407 -1 $-1 $1868 $2119 $8 $-1 $354 reversed single #
point $-1 -1 $-1 0.3000000000000007105 -7.320175438596493223 0.5 #
coedge $-1 -1 $-1 $2408 $2403 $2123 $2270 forward $2409 $-1 #
edge $2410 -1 $-1 $2272 0 $2411 0.7108987849779230261 $2269 $2412 forward @7 unknown #
color-adesk-attrib $-1 -1 $-1 $-1 $2124 256 #
vertex $-1 -1 $-1 $2124 $2413 #
coedge $-1 -1 $-1 $2126 $2138 $2414 $2415 forward $264 $-1 #
coedge $-1 -1 $-1 $2414 $2134 $2130 $2275 reversed $2280 $-1 #
edge $2416 -1 $-1 $2277 -0.75 $2137 0.25 $2130 $2417 forward @7 unknown #
color-adesk-attrib $-1 -1 $-1 $-1 $2131 256 #
vertex $-1 -1 $-1 $2131 $2418 #
color-adesk-attrib $-1 -1 $-1 $-1 $2132 256 #
coedge $-1 -1 $-1 $2134 $2414 $2144 $2289 reversed $2280 $-1 #
loop $-1 -1 $-1 $-1 $2134 $2419 #
color-adesk-attrib $-1 -1 $-1 $-1 $2135 256 #
straight-curve $-1 -1 $-1 0.8813210369286275103 -8.312731908502055234 -0.5 -0.8943400568132721107 0.447387821447156997 0 F 0 F 0.6500000000000000222 #
point $-1 -1 $-1 0.300000000000000655 -8.021929824561404132 -0.5 #
coedge $-1 -1 $-1 $2139 $2144 $2138 $2285 reversed $2145 $-1 #
edge $2420 -1 $-1 $2142 0 $2421 0.7108987849779230261 $2284 $2422 forward @7 unknown #
color-adesk-attrib $-1 -1 $-1 $-1 $2140 256 #
straight-curve $-1 -1 $-1 0.2999999999999998224 -8.721929824561403422 -0.25 0 0 1 I I #
point $-1 -1 $-1 0.300000000000000655 -8.721929824561403422 0.5 #
edge $2423 -1 $-1 $2147 0 $2421 1 $2279 $2424 forward @7 unknown #
face $2425 -1 $-1 $2419 $2145 $8 $-1 $2426 forward single #
point $-1 -1 $-1 0.8813210369286275103 -8.312731908502055234 -0.5 #
color-adesk-attrib $-1 -1 $-1 $-1 $2151 256 #
straight-curve $-1 -1 $-1 0.8813210369286275103 -9.716240680431880605 0.5 -0.8943400568132721107 0.447387821447156997 0 I I #
color-adesk-attrib $-1 -1 $-1 $-1 $2155 256 #
plane-surface $-1 -1 $-1 0.8813210369286275103 -9.716240680431880605 -0.5 0.447387821447156997 0.8943400568132721107 0 -0.8943400568132721107 0.447387821447156997 0 forward_v I I I I #
point $-1 -1 $-1 0.8813210369286275103 -9.716240680431880605 0.5 #
color-adesk-attrib $-1 -1 $-1 $-1 $2164 256 #
face $2427 -1 $-1 $2428 $2429 $8 $-1 $2430 forward single #
loop $-1 -1 $-1 $-1 $2339 $2164 #
plane-surface $-1 -1 $-1 0.8813210369286288426 11.33639089851548576 -0.5 0.447387821447156997 0.8943400568132721107 0 -0.8943400568132721107 0.447387821447156997 0 forward_v I I I I #
coedge $-1 -1 $-1 $2431 $2432 $2345 $2433 forward $2165 $-1 #
edge $2434 -1 $-1 $2225 0 $2222 1 $2218 $2435 forward @7 unknown #
edge $2436 -1 $-1 $2305 -0.25 $2331 0.75 $2183 $2437 forward @7 unknown #
color-adesk-attrib $-1 -1 $-1 $-1 $2169 256 #
vertex $-1 -1 $-1 $2185 $2438 #
straight-curve $-1 -1 $-1 0.3000000000000019873 12.3307017543859665 -0.5 0.8177268680332318018 0.5756064361146088215 0 F 0 F 0.7108987849779230261 #
color-adesk-attrib $-1 -1 $-1 $-1 $2176 256 #
face $2439 -1 $-1 $2440 $2441 $8 $-1 $354 reversed single #
loop $-1 -1 $-1 $-1 $2442 $2176 #
coedge $-1 -1 $-1 $2443 $2444 $2445 $2446 forward $2177 $-1 #
coedge $-1 -1 $-1 $2447 $2178 $2448 $2449 reversed $2045 $-1 #
coedge $-1 -1 $-1 $2178 $2447 $2450 $2451 reversed $2045 $-1 #
coedge $-1 -1 $-1 $2452 $2453 $2178 $2314 reversed $2454 $-1 #
edge $2455 -1 $-1 $2456 -0.75 $2457 0.25 $2178 $2458 forward @7 unknown #
coedge $-1 -1 $-1 $2180 $2179 $2459 $2460 forward $1913 $-1 #
coedge $-1 -1 $-1 $2461 $2462 $2179 $2317 forward $264 $-1 #
edge $2463 -1 $-1 $2464 10.22368421052631504 $2325 10.22543859649122666 $2179 $352 forward @7 unknown #
coedge $-1 -1 $-1 $2465 $2466 $2180 $2319 forward $102 $-1 #
edge $2467 -1 $-1 $2324 -10.22543859649122666 $2468 -10.22368421052631504 $2180 $277 forward @7 unknown #
coedge $-1 -1 $-1 $2469 $2181 $2466 $2470 forward $2322 $-1 #
coedge $-1 -1 $-1 $2181 $2469 $2461 $2471 reversed $2322 $-1 #
loop $-1 -1 $-1 $-1 $2320 $2472 #
color-adesk-attrib $-1 -1 $-1 $-1 $2182 256 #
vertex $-1 -1 $-1 $2319 $2473 #
vertex $-1 -1 $-1 $2471 $2474 #
straight-curve $-1 -1 $-1 0.2999999999999998224 10.22543859649122489 -0.25 0 0 1 I I #
coedge $-1 -1 $-1 $2202 $2184 $2189 $2334 reversed $102 $-1 #
color-adesk-attrib $-1 -1 $-1 $-1 $2185 256 #
coedge $-1 -1 $-1 $2186 $2197 $2188 $2333 forward $264 $-1 #
color-adesk-attrib $-1 -1 $-1 $-1 $2187 256 #
vertex $-1 -1 $-1 $2220 $2475 #
coedge $-1 -1 $-1 $2189 $2188 $2205 $2348 reversed $2190 $-1 #
edge $2476 -1 $-1 $2353 0 $2192 0.6500000000000000222 $2188 $2477 forward @7 unknown #
edge $2478 -1 $-1 $2350 0 $2193 0.6500000000000000222 $2189 $2479 forward @7 unknown #
face $2480 -1 $-1 $1944 $2190 $8 $-1 $2481 forward single #
point $-1 -1 $-1 0.3000000000000019318 12.32894736842105132 0.5 #
point $-1 -1 $-1 0.3000000000000019318 12.32894736842105132 -0.5 #
coedge $-1 -1 $-1 $2482 $2195 $2198 $2343 reversed $2299 $-1 #
coedge $-1 -1 $-1 $2195 $2482 $2201 $2346 forward $2299 $-1 #
color-adesk-attrib $-1 -1 $-1 $-1 $2196 256 #
straight-curve $-1 -1 $-1 0.2999999999999993783 11.62719298245613864 -0.25 0 0 -1 I I #
coedge $-1 -1 $-1 $2198 $2450 $2483 $2484 forward $264 $-1 #
edge $2485 -1 $-1 $2486 0 $2200 0.6500000000000000222 $2338 $2487 forward @7 unknown #
point $-1 -1 $-1 0.3000000000000018763 11.62719298245613686 0.5 #
coedge $-1 -1 $-1 $2448 $2201 $2301 $2433 reversed $102 $-1 #
edge $2488 -1 $-1 $2489 0 $2204 0.6500000000000000222 $2339 $2490 forward @7 unknown #
point $-1 -1 $-1 0.3000000000000018763 11.62719298245613686 -0.5 #
edge $2491 -1 $-1 $2350 0 $2353 1 $2332 $2492 forward @7 unknown #
color-adesk-attrib $-1 -1 $-1 $-1 $2206 256 #
vertex $-1 -1 $-1 $2334 $2493 #
straight-curve $-1 -1 $-1 0.3000000000000019318 11.62894736842105203 -0.5 0.8177268680332318018 0.5756064361146088215 0 F 0 F 0.7108987849779230261 #
color-adesk-attrib $-1 -1 $-1 $-1 $2207 256 #
vertex $-1 -1 $-1 $2348 $2494 #
straight-curve $-1 -1 $-1 0.3000000000000019318 11.62894736842105203 0.5 0.8177268680332318018 0.5756064361146088215 0 I I #
color-adesk-attrib $-1 -1 $-1 $-1 $2208 256 #
plane-surface $-1 -1 $-1 0.3000000000000019318 11.62894736842105203 -0.5 0.5756064361146089325 -0.8177268680332319128 0 0.8177268680332319128 0.5756064361146089325 0 forward_v I I I I #
color-adesk-attrib $-1 -1 $-1 $-1 $2220 256 #
straight-curve $-1 -1 $-1 0.3000000000000019873 12.3307017543859665 0.5 0.8177268680332318018 0.5756064361146088215 0 I I #
point $-1 -1 $-1 0.8813210369286288426 12.73989967044531468 0.5 #
point $-1 -1 $-1 0.8813210369286288426 12.73989967044531468 -0.5 #
color-adesk-attrib $-1 -1 $-1 $-1 $2232 256 #
face $2495 -1 $-1 $2496 $2497 $8 $-1 $2498 forward single #
loop $-1 -1 $-1 $-1 $2499 $2232 #
plane-surface $-1 -1 $-1 0.8813210369286279544 -3.400451206747668209 -0.5 0.447387821447156997 0.8943400568132721107 0 -0.8943400568132721107 0.447387821447156997 0 forward_v I I I I #
coedge $-1 -1 $-1 $2500 $2501 $2502 $2503 forward $2233 $-1 #
coedge $-1 -1 $-1 $2504 $2235 $2505 $2506 reversed $2099 $-1 #
coedge $-1 -1 $-1 $2235 $2504 $2236 $2371 reversed $2099 $-1 #
coedge $-1 -1 $-1 $2238 $2507 $2235 $2369 reversed $102 $-1 #
edge $2508 -1 $-1 $2377 0 $2509 0.6500000000000000222 $2235 $2510 forward @7 unknown #
coedge $-1 -1 $-1 $2237 $2236 $2511 $2512 reversed $1969 $-1 #
edge $2513 -1 $-1 $2377 0 $2514 1 $2367 $2515 forward @7 unknown #
coedge $-1 -1 $-1 $2516 $2517 $2237 $2373 forward $2518 $-1 #
edge $2519 -1 $-1 $2376 -0.25 $2520 0.75 $2372 $2521 forward @7 unknown #
coedge $-1 -1 $-1 $2522 $2238 $2517 $2523 forward $102 $-1 #
color-adesk-attrib $-1 -1 $-1 $-1 $2239 256 #
vertex $-1 -1 $-1 $2523 $2524 #
vertex $-1 -1 $-1 $2369 $2525 #
straight-curve $-1 -1 $-1 0.3000000000000008771 -5.213157894736841769 -0.5 0.8177268680332318018 0.5756064361146088215 0 F 0 F 0.7108987849779230261 #
coedge $-1 -1 $-1 $2526 $2247 $2240 $2380 forward $264 $-1 #
edge $2527 -1 $-1 $2250 0 $2385 0.6500000000000000222 $2240 $2528 forward @7 unknown #
coedge $-1 -1 $-1 $2529 $2241 $2243 $2388 reversed $2383 $-1 #
coedge $-1 -1 $-1 $2241 $2529 $2526 $2530 reversed $2383 $-1 #
loop $-1 -1 $-1 $-1 $2241 $2531 #
color-adesk-attrib $-1 -1 $-1 $-1 $2242 256 #
vertex $-1 -1 $-1 $2530 $2532 #
straight-curve $-1 -1 $-1 0.3000000000000001554 -5.916666666666666075 -0.25 0 0 -1 I I #
coedge $-1 -1 $-1 $2243 $2522 $2533 $2534 reversed $102 $-1 #
edge $2535 -1 $-1 $2536 5.914912280701752678 $2245 5.916666666666667851 $2381 $277 forward @7 unknown #
point $-1 -1 $-1 0.3000000000000008216 -5.916666666666667851 -0.5 #
coedge $-1 -1 $-1 $2247 $2537 $2252 $2395 forward $264 $-1 #
color-adesk-attrib $-1 -1 $-1 $-1 $2248 256 #
straight-curve $-1 -1 $-1 0.3000000000000008216 -6.61666666666666714 0.5 0.8177268680332318018 0.5756064361146088215 0 I I #
point $-1 -1 $-1 0.8813210369286277324 -6.207468750607318952 0.5 #
coedge $-1 -1 $-1 $2253 $2252 $2538 $2539 forward $2254 $-1 #
edge $2540 -1 $-1 $2541 -6.61842105263157876 $2256 -6.61666666666666714 $2252 $352 forward @7 unknown #
face $2542 -1 $-1 $2531 $2254 $8 $-1 $354 reversed single #
point $-1 -1 $-1 0.3000000000000008216 -6.61666666666666714 0.5 #
coedge $-1 -1 $-1 $2538 $2543 $2258 $2399 forward $2544 $-1 #
edge $2545 -1 $-1 $2411 0 $2401 0.6500000000000000222 $2398 $2546 forward @7 unknown #
color-adesk-attrib $-1 -1 $-1 $-1 $2259 256 #
vertex $-1 -1 $-1 $2399 $2547 #
coedge $-1 -1 $-1 $2537 $2262 $2548 $2549 forward $264 $-1 #
coedge $-1 -1 $-1 $2269 $2548 $2265 $2404 reversed $2409 $-1 #
edge $2550 -1 $-1 $2272 -0.25 $2406 0.75 $2265 $2551 forward @7 unknown #
color-adesk-attrib $-1 -1 $-1 $-1 $2266 256 #
vertex $-1 -1 $-1 $2549 $2552 #
color-adesk-attrib $-1 -1 $-1 $-1 $2267 256 #
coedge $-1 -1 $-1 $2548 $2269 $2543 $2553 forward $2409 $-1 #
loop $-1 -1 $-1 $-1 $2269 $2554 #
color-adesk-attrib $-1 -1 $-1 $-1 $2270 256 #
vertex $-1 -1 $-1 $2399 $2555 #
straight-curve $-1 -1 $-1 0.3000000000000007661 -7.31842105263157805 -0.5 0.8177268680332318018 0.5756064361146088215 0 F 0 F 0.7108987849779230261 #
point $-1 -1 $-1 0.3000000000000007661 -7.31842105263157805 -0.5 #
coedge $-1 -1 $-1 $2279 $2274 $2273 $2415 reversed $2280 $-1 #
edge $2556 -1 $-1 $2421 0 $2277 0.6500000000000000222 $2414 $2557 forward @7 unknown #
color-adesk-attrib $-1 -1 $-1 $-1 $2275 256 #
straight-curve $-1 -1 $-1 0.3000000000000000444 -8.021929824561404132 -0.25 0 0 -1 I I #
point $-1 -1 $-1 0.300000000000000655 -8.021929824561404132 0.5 #
face $2558 -1 $-1 $2026 $2280 $8 $-1 $2559 forward single #
color-adesk-attrib $-1 -1 $-1 $-1 $2285 256 #
vertex $-1 -1 $-1 $2289 $2560 #
straight-curve $-1 -1 $-1 0.300000000000000655 -8.721929824561403422 0.5 0.8177268680332318018 0.5756064361146088215 0 I I #
color-adesk-attrib $-1 -1 $-1 $-1 $2289 256 #
straight-curve $-1 -1 $-1 0.8813210369286275103 -8.312731908502055234 -0.5 0 0 1 I I #
color-adesk-attrib $-1 -1 $-1 $-1 $2290 256 #
plane-surface $-1 -1 $-1 0.300000000000000655 -8.721929824561403422 -0.5 0.5756064361146089325 -0.8177268680332319128 0 0.8177268680332319128 0.5756064361146089325 0 forward_v I I I I #
color-adesk-attrib $-1 -1 $-1 $-1 $2298 256 #
face $2561 -1 $-1 $2562 $2563 $8 $-1 $2564 forward single #
loop $-1 -1 $-1 $-1 $2565 $2298 #
plane-surface $-1 -1 $-1 0.3000000000000018208 9.523684210526315752 -0.5 0.5756064361146089325 -0.8177268680332319128 0 0.8177268680332319128 0.5756064361146089325 0 forward_v I I I I #
coedge $-1 -1 $-1 $2483 $2301 $2482 $2566 forward $2165 $-1 #
coedge $-1 -1 $-1 $2301 $2483 $2447 $2567 reversed $2165 $-1 #
edge $2568 -1 $-1 $2569 0 $2489 0.7108987849779230261 $2301 $2570 forward @7 unknown #
color-adesk-attrib $-1 -1 $-1 $-1 $2302 256 #
straight-curve $-1 -1 $-1 0.8813210369286288426 12.73989967044531468 -0.5 0 0 1 I I #
color-adesk-attrib $-1 -1 $-1 $-1 $2303 256 #
straight-curve $-1 -1 $-1 0.3000000000000002665 12.33070175438596294 -0.25 0 0 1 I I #
point $-1 -1 $-1 0.3000000000000019873 12.3307017543859665 -0.5 #
color-adesk-attrib $-1 -1 $-1 $-1 $2308 256 #
face $2571 -1 $-1 $2572 $2573 $8 $-1 $354 reversed single #
loop $-1 -1 $-1 $-1 $2574 $2308 #
coedge $-1 -1 $-1 $2575 $2576 $2577 $2578 forward $2309 $-1 #
coedge $-1 -1 $-1 $2579 $2310 $2580 $2581 reversed $2177 $-1 #
coedge $-1 -1 $-1 $2310 $2579 $2582 $2583 reversed $2177 $-1 #
coedge $-1 -1 $-1 $2584 $2585 $2310 $2446 reversed $2586 $-1 #
edge $2587 -1 $-1 $2588 -0.25 $2589 0.75 $2310 $2590 forward @7 unknown #
coedge $-1 -1 $-1 $2312 $2311 $2432 $2567 forward $2045 $-1 #
coedge $-1 -1 $-1 $2591 $2345 $2311 $2449 forward $102 $-1 #
edge $2592 -1 $-1 $2569 -10.92719298245613757 $2457 -10.92543859649122595 $2311 $277 forward @7 unknown #
coedge $-1 -1 $-1 $2342 $2593 $2312 $2451 forward $264 $-1 #
edge $2594 -1 $-1 $2456 10.92543859649122595 $2595 10.92719298245613757 $2312 $352 forward @7 unknown #
coedge $-1 -1 $-1 $2596 $2313 $2593 $2597 reversed $2454 $-1 #
coedge $-1 -1 $-1 $2313 $2596 $2591 $2598 forward $2454 $-1 #
loop $-1 -1 $-1 $-1 $2453 $2599 #
color-adesk-attrib $-1 -1 $-1 $-1 $2314 256 #
vertex $-1 -1 $-1 $2451 $2600 #
vertex $-1 -1 $-1 $2598 $2601 #
straight-curve $-1 -1 $-1 0.2999999999999993783 10.92543859649122773 -0.25 0 0 -1 I I #
coedge $-1 -1 $-1 $2602 $2603 $2315 $2460 reversed $2563 $-1 #
edge $2604 -1 $-1 $2464 -0.75 $2468 0.25 $2315 $2605 forward @7 unknown #
coedge $-1 -1 $-1 $2593 $2316 $2321 $2471 forward $264 $-1 #
coedge $-1 -1 $-1 $2316 $2606 $2602 $2607 forward $264 $-1 #
color-adesk-attrib $-1 -1 $-1 $-1 $2317 256 #
vertex $-1 -1 $-1 $2317 $2608 #
coedge $-1 -1 $-1 $2609 $2318 $2603 $2610 reversed $102 $-1 #
coedge $-1 -1 $-1 $2318 $2591 $2320 $2470 reversed $102 $-1 #
color-adesk-attrib $-1 -1 $-1 $-1 $2319 256 #
vertex $-1 -1 $-1 $2610 $2611 #
coedge $-1 -1 $-1 $2321 $2320 $2596 $2612 forward $2322 $-1 #
edge $2613 -1 $-1 $2324 0 $2614 0.7108987849779230261 $2320 $2615 forward @7 unknown #
edge $2616 -1 $-1 $2325 0 $2617 0.7108987849779230261 $2321 $2618 forward @7 unknown #
face $2619 -1 $-1 $2599 $2322 $8 $-1 $2620 forward single #
point $-1 -1 $-1 0.3000000000000018208 10.22543859649122666 -0.5 #
point $-1 -1 $-1 0.3000000000000018208 10.22543859649122666 0.5 #
point $-1 -1 $-1 0.3000000000000019873 12.3307017543859665 0.5 #
color-adesk-attrib $-1 -1 $-1 $-1 $2333 256 #
straight-curve $-1 -1 $-1 0.8813210369286288426 12.03814528448040022 0.5 -0.8943400568132721107 0.447387821447156997 0 I I #
color-adesk-attrib $-1 -1 $-1 $-1 $2334 256 #
straight-curve $-1 -1 $-1 0.8813210369286288426 12.03814528448040022 -0.5 -0.8943400568132721107 0.447387821447156997 0 F 0 F 0.6500000000000000222 #
color-adesk-attrib $-1 -1 $-1 $-1 $2335 256 #
plane-surface $-1 -1 $-1 0.8813210369286288426 12.03814528448040022 -0.5 0.447387821447156997 0.8943400568132721107 0 -0.8943400568132721107 0.447387821447156997 0 forward_v I I I I #
coedge $-1 -1 $-1 $2339 $2338 $2431 $2566 reversed $2299 $-1 #
coedge $-1 -1 $-1 $2432 $2431 $2342 $2484 reversed $2165 $-1 #
edge $2621 -1 $-1 $2595 0 $2486 0.7108987849779230261 $2483 $2622 forward @7 unknown #
color-adesk-attrib $-1 -1 $-1 $-1 $2343 256 #
vertex $-1 -1 $-1 $2566 $2623 #
straight-curve $-1 -1 $-1 0.8813210369286288426 11.33639089851548576 0.5 -0.8943400568132721107 0.447387821447156997 0 I I #
color-adesk-attrib $-1 -1 $-1 $-1 $2346 256 #
vertex $-1 -1 $-1 $2346 $2624 #
straight-curve $-1 -1 $-1 0.8813210369286288426 11.33639089851548576 -0.5 -0.8943400568132721107 0.447387821447156997 0 F 0 F 0.6500000000000000222 #
color-adesk-attrib $-1 -1 $-1 $-1 $2348 256 #
straight-curve $-1 -1 $-1 0.8813210369286288426 12.03814528448040022 -0.5 0 0 1 I I #
point $-1 -1 $-1 0.8813210369286288426 12.03814528448040022 -0.5 #
point $-1 -1 $-1 0.8813210369286288426 12.03814528448040022 0.5 #
color-adesk-attrib $-1 -1 $-1 $-1 $2362 256 #
face $2625 -1 $-1 $2626 $2627 $8 $-1 $2628 forward single #
loop $-1 -1 $-1 $-1 $2629 $2362 #
plane-surface $-1 -1 $-1 0.3000000000000010436 -2.406140350877194578 -0.5 0.5756064361146089325 -0.8177268680332319128 0 0.8177268680332319128 0.5756064361146089325 0 forward_v I I I I #
coedge $-1 -1 $-1 $2630 $2631 $2632 $2633 forward $2363 $-1 #
coedge $-1 -1 $-1 $2634 $2365 $2631 $2635 forward $2233 $-1 #
coedge $-1 -1 $-1 $2365 $2634 $2636 $2637 reversed $2233 $-1 #
coedge $-1 -1 $-1 $2638 $2632 $2365 $2503 reversed $102 $-1 #
edge $2639 -1 $-1 $2640 0 $2641 0.7108987849779230261 $2365 $2642 forward @7 unknown #
coedge $-1 -1 $-1 $2367 $2366 $2643 $2644 reversed $2099 $-1 #
coedge $-1 -1 $-1 $2645 $2646 $2366 $2506 forward $2647 $-1 #
edge $2648 -1 $-1 $2649 -0.75 $2509 0.25 $2505 $2650 forward @7 unknown #
coedge $-1 -1 $-1 $2368 $2651 $2645 $2652 forward $102 $-1 #
color-adesk-attrib $-1 -1 $-1 $-1 $2369 256 #
vertex $-1 -1 $-1 $2369 $2653 #
straight-curve $-1 -1 $-1 0.8813210369286277324 -4.803959978677493581 -0.5 -0.8943400568132721107 0.447387821447156997 0 F 0 F 0.6500000000000000222 #
coedge $-1 -1 $-1 $2643 $2654 $2370 $2512 forward $264 $-1 #
edge $2655 -1 $-1 $2520 0 $2514 0.7108987849779230261 $2370 $2656 forward @7 unknown #
color-adesk-attrib $-1 -1 $-1 $-1 $2371 256 #
vertex $-1 -1 $-1 $2371 $2657 #
straight-curve $-1 -1 $-1 0.8813210369286277324 -4.803959978677493581 -0.5 0 0 1 I I #
coedge $-1 -1 $-1 $2658 $2372 $2654 $2659 reversed $2518 $-1 #
coedge $-1 -1 $-1 $2372 $2658 $2374 $2523 reversed $2518 $-1 #
loop $-1 -1 $-1 $-1 $2372 $2660 #
color-adesk-attrib $-1 -1 $-1 $-1 $2373 256 #
vertex $-1 -1 $-1 $2512 $2661 #
straight-curve $-1 -1 $-1 0.3000000000000000444 -5.213157894736842657 -0.25 0 0 1 I I #
coedge $-1 -1 $-1 $2387 $2374 $2662 $2663 reversed $102 $-1 #
edge $2664 -1 $-1 $2376 5.213157894736841769 $2665 5.214912280701753389 $2517 $277 forward @7 unknown #
point $-1 -1 $-1 0.3000000000000008771 -5.213157894736841769 -0.5 #
point $-1 -1 $-1 0.8813210369286277324 -4.803959978677493581 -0.5 #
coedge $-1 -1 $-1 $2666 $2379 $2382 $2530 forward $264 $-1 #
color-adesk-attrib $-1 -1 $-1 $-1 $2380 256 #
straight-curve $-1 -1 $-1 0.8813210369286277324 -6.207468750607318952 0.5 -0.8943400568132721107 0.447387821447156997 0 I I #
coedge $-1 -1 $-1 $2382 $2381 $2667 $2668 forward $2383 $-1 #
edge $2669 -1 $-1 $2385 -5.916666666666667851 $2670 -5.914912280701752678 $2382 $352 forward @7 unknown #
face $2671 -1 $-1 $2132 $2383 $8 $-1 $354 reversed single #
point $-1 -1 $-1 0.3000000000000008216 -5.916666666666667851 0.5 #
coedge $-1 -1 $-1 $2672 $2667 $2387 $2534 forward $2673 $-1 #
edge $2674 -1 $-1 $2536 0 $2675 0.7108987849779230261 $2533 $2676 forward @7 unknown #
color-adesk-attrib $-1 -1 $-1 $-1 $2388 256 #
vertex $-1 -1 $-1 $2388 $2677 #
coedge $-1 -1 $-1 $2390 $2402 $2678 $2679 forward $264 $-1 #
coedge $-1 -1 $-1 $2678 $2398 $2394 $2539 reversed $2544 $-1 #
edge $2680 -1 $-1 $2541 -0.75 $2401 0.25 $2394 $2681 forward @7 unknown #
color-adesk-attrib $-1 -1 $-1 $-1 $2395 256 #
vertex $-1 -1 $-1 $2395 $2682 #
color-adesk-attrib $-1 -1 $-1 $-1 $2396 256 #
coedge $-1 -1 $-1 $2398 $2678 $2408 $2553 reversed $2544 $-1 #
loop $-1 -1 $-1 $-1 $2398 $2683 #
color-adesk-attrib $-1 -1 $-1 $-1 $2399 256 #
straight-curve $-1 -1 $-1 0.8813210369286277324 -6.909223136572229862 -0.5 -0.8943400568132721107 0.447387821447156997 0 F 0 F 0.6500000000000000222 #
point $-1 -1 $-1 0.3000000000000007661 -6.61842105263157876 -0.5 #
coedge $-1 -1 $-1 $2403 $2408 $2402 $2549 reversed $2409 $-1 #
edge $2684 -1 $-1 $2406 0 $2685 0.7108987849779230261 $2548 $2686 forward @7 unknown #
color-adesk-attrib $-1 -1 $-1 $-1 $2404 256 #
straight-curve $-1 -1 $-1 0.3000000000000000444 -7.318421052631579826 -0.25 0 0 1 I I #
point $-1 -1 $-1 0.3000000000000007661 -7.31842105263157805 0.5 #
edge $2687 -1 $-1 $2411 0 $2685 1 $2543 $2688 forward @7 unknown #
face $2689 -1 $-1 $2683 $2409 $8 $-1 $2690 forward single #
point $-1 -1 $-1 0.8813210369286277324 -6.909223136572229862 -0.5 #
color-adesk-attrib $-1 -1 $-1 $-1 $2415 256 #
straight-curve $-1 -1 $-1 0.8813210369286275103 -8.312731908502055234 0.5 -0.8943400568132721107 0.447387821447156997 0 I I #
color-adesk-attrib $-1 -1 $-1 $-1 $2419 256 #
plane-surface $-1 -1 $-1 0.8813210369286275103 -8.312731908502055234 -0.5 0.447387821447156997 0.8943400568132721107 0 -0.8943400568132721107 0.447387821447156997 0 forward_v I I I I #
point $-1 -1 $-1 0.8813210369286275103 -8.312731908502055234 0.5 #
color-adesk-attrib $-1 -1 $-1 $-1 $2428 256 #
face $2691 -1 $-1 $2692 $2693 $8 $-1 $2694 forward single #
loop $-1 -1 $-1 $-1 $2603 $2428 #
plane-surface $-1 -1 $-1 0.8813210369286288426 9.93288212658566394 -0.5 0.447387821447156997 0.8943400568132721107 0 -0.8943400568132721107 0.447387821447156997 0 forward_v I I I I #
coedge $-1 -1 $-1 $2695 $2696 $2609 $2697 forward $2429 $-1 #
edge $2698 -1 $-1 $2489 0 $2486 1 $2482 $2699 forward @7 unknown #
edge $2700 -1 $-1 $2569 -0.25 $2595 0.75 $2447 $2701 forward @7 unknown #
color-adesk-attrib $-1 -1 $-1 $-1 $2433 256 #
vertex $-1 -1 $-1 $2449 $2702 #
straight-curve $-1 -1 $-1 0.3000000000000018763 10.92719298245613757 -0.5 0.8177268680332318018 0.5756064361146088215 0 F 0 F 0.7108987849779230261 #
color-adesk-attrib $-1 -1 $-1 $-1 $2440 256 #
face $2703 -1 $-1 $2704 $2705 $8 $-1 $354 reversed single #
loop $-1 -1 $-1 $-1 $2706 $2440 #
coedge $-1 -1 $-1 $2707 $2708 $2709 $2710 forward $2441 $-1 #
coedge $-1 -1 $-1 $2711 $2442 $2712 $2713 reversed $2309 $-1 #
coedge $-1 -1 $-1 $2442 $2711 $2714 $2715 reversed $2309 $-1 #
coedge $-1 -1 $-1 $2716 $2717 $2442 $2578 reversed $2718 $-1 #
edge $2719 -1 $-1 $2720 -0.75 $2721 0.25 $2442 $2722 forward @7 unknown #
coedge $-1 -1 $-1 $2444 $2443 $2723 $2724 forward $2177 $-1 #
coedge $-1 -1 $-1 $2725 $2726 $2443 $2581 forward $264 $-1 #
edge $2727 -1 $-1 $2728 8.82017543859648967 $2589 8.82192982456140129 $2443 $352 forward @7 unknown #
coedge $-1 -1 $-1 $2729 $2730 $2444 $2583 forward $102 $-1 #
edge $2731 -1 $-1 $2588 -8.82192982456140129 $2732 -8.82017543859648967 $2444 $277 forward @7 unknown #
coedge $-1 -1 $-1 $2733 $2445 $2730 $2734 forward $2586 $-1 #
coedge $-1 -1 $-1 $2445 $2733 $2725 $2735 reversed $2586 $-1 #
loop $-1 -1 $-1 $-1 $2584 $2736 #
color-adesk-attrib $-1 -1 $-1 $-1 $2446 256 #
vertex $-1 -1 $-1 $2583 $2737 #
vertex $-1 -1 $-1 $2735 $2738 #
straight-curve $-1 -1 $-1 0.3000000000000000444 8.821929824561399514 -0.25 0 0 1 I I #
coedge $-1 -1 $-1 $2466 $2448 $2453 $2598 reversed $102 $-1 #
color-adesk-attrib $-1 -1 $-1 $-1 $2449 256 #
coedge $-1 -1 $-1 $2450 $2461 $2452 $2597 forward $264 $-1 #
color-adesk-attrib $-1 -1 $-1 $-1 $2451 256 #
vertex $-1 -1 $-1 $2484 $2739 #
coedge $-1 -1 $-1 $2453 $2452 $2469 $2612 reversed $2454 $-1 #
edge $2740 -1 $-1 $2617 0 $2456 0.6500000000000000222 $2452 $2741 forward @7 unknown #
edge $2742 -1 $-1 $2614 0 $2457 0.6500000000000000222 $2453 $2743 forward @7 unknown #
face $2744 -1 $-1 $2208 $2454 $8 $-1 $2745 forward single #
point $-1 -1 $-1 0.3000000000000018208 10.92543859649122595 0.5 #
point $-1 -1 $-1 0.3000000000000018208 10.92543859649122595 -0.5 #
coedge $-1 -1 $-1 $2746 $2459 $2462 $2607 reversed $2563 $-1 #
coedge $-1 -1 $-1 $2459 $2746 $2465 $2610 forward $2563 $-1 #
color-adesk-attrib $-1 -1 $-1 $-1 $2460 256 #
straight-curve $-1 -1 $-1 0.2999999999999998224 10.22368421052631682 -0.25 0 0 -1 I I #
coedge $-1 -1 $-1 $2462 $2714 $2747 $2748 forward $264 $-1 #
edge $2749 -1 $-1 $2750 0 $2464 0.6500000000000000222 $2602 $2751 forward @7 unknown #
point $-1 -1 $-1 0.3000000000000018208 10.22368421052631504 0.5 #
coedge $-1 -1 $-1 $2712 $2465 $2565 $2697 reversed $102 $-1 #
edge $2752 -1 $-1 $2753 0 $2468 0.6500000000000000222 $2603 $2754 forward @7 unknown #
point $-1 -1 $-1 0.3000000000000018208 10.22368421052631504 -0.5 #
edge $2755 -1 $-1 $2614 0 $2617 1 $2596 $2756 forward @7 unknown #
color-adesk-attrib $-1 -1 $-1 $-1 $2470 256 #
vertex $-1 -1 $-1 $2598 $2757 #
straight-curve $-1 -1 $-1 0.3000000000000018208 10.22543859649122666 -0.5 0.8177268680332318018 0.5756064361146088215 0 F 0 F 0.7108987849779230261 #
color-adesk-attrib $-1 -1 $-1 $-1 $2471 256 #
vertex $-1 -1 $-1 $2612 $2758 #
straight-curve $-1 -1 $-1 0.3000000000000018208 10.22543859649122666 0.5 0.8177268680332318018 0.5756064361146088215 0 I I #
color-adesk-attrib $-1 -1 $-1 $-1 $2472 256 #
plane-surface $-1 -1 $-1 0.3000000000000018208 10.22543859649122666 -0.5 0.5756064361146089325 -0.8177268680332319128 0 0.8177268680332319128 0.5756064361146089325 0 forward_v I I I I #
color-adesk-attrib $-1 -1 $-1 $-1 $2484 256 #
straight-curve $-1 -1 $-1 0.3000000000000018763 10.92719298245613757 0.5 0.8177268680332318018 0.5756064361146088215 0 I I #
point $-1 -1 $-1 0.8813210369286288426 11.33639089851548576 0.5 #
point $-1 -1 $-1 0.8813210369286288426 11.33639089851548576 -0.5 #
color-adesk-attrib $-1 -1 $-1 $-1 $2496 256 #
face $2759 -1 $-1 $2760 $2761 $8 $-1 $2762 forward single #
loop $-1 -1 $-1 $-1 $2763 $2496 #
plane-surface $-1 -1 $-1 0.8813210369286279544 -1.99694243481784639 -0.5 0.447387821447156997 0.8943400568132721107 0 -0.8943400568132721107 0.447387821447156997 0 forward_v I I I I #
coedge $-1 -1 $-1 $2764 $2765 $2766 $2767 forward $2497 $-1 #
coedge $-1 -1 $-1 $2768 $2499 $2769 $2770 reversed $2363 $-1 #
coedge $-1 -1 $-1 $2499 $2768 $2500 $2635 reversed $2363 $-1 #
coedge $-1 -1 $-1 $2502 $2771 $2499 $2633 reversed $102 $-1 #
edge $2772 -1 $-1 $2641 0 $2773 0.6500000000000000222 $2499 $2774 forward @7 unknown #
coedge $-1 -1 $-1 $2501 $2500 $2775 $2776 reversed $2233 $-1 #
edge $2777 -1 $-1 $2641 0 $2778 1 $2631 $2779 forward @7 unknown #
coedge $-1 -1 $-1 $2780 $2781 $2501 $2637 forward $2782 $-1 #
edge $2783 -1 $-1 $2640 -0.25 $2784 0.75 $2636 $2785 forward @7 unknown #
coedge $-1 -1 $-1 $2786 $2502 $2781 $2787 forward $102 $-1 #
color-adesk-attrib $-1 -1 $-1 $-1 $2503 256 #
vertex $-1 -1 $-1 $2787 $2788 #
vertex $-1 -1 $-1 $2633 $2789 #
straight-curve $-1 -1 $-1 0.3000000000000009881 -3.809649122807016397 -0.5 0.8177268680332318018 0.5756064361146088215 0 F 0 F 0.7108987849779230261 #
coedge $-1 -1 $-1 $2790 $2511 $2504 $2644 forward $264 $-1 #
edge $2791 -1 $-1 $2514 0 $2649 0.6500000000000000222 $2504 $2792 forward @7 unknown #
coedge $-1 -1 $-1 $2793 $2505 $2507 $2652 reversed $2647 $-1 #
coedge $-1 -1 $-1 $2505 $2793 $2790 $2794 reversed $2647 $-1 #
loop $-1 -1 $-1 $-1 $2505 $2795 #
color-adesk-attrib $-1 -1 $-1 $-1 $2506 256 #
vertex $-1 -1 $-1 $2794 $2796 #
straight-curve $-1 -1 $-1 0.3000000000000000444 -4.513157894736840703 -0.25 0 0 -1 I I #
coedge $-1 -1 $-1 $2507 $2786 $2797 $2798 reversed $102 $-1 #
edge $2799 -1 $-1 $2800 4.511403508771930859 $2509 4.513157894736842479 $2645 $277 forward @7 unknown #
point $-1 -1 $-1 0.3000000000000008771 -4.513157894736842479 -0.5 #
coedge $-1 -1 $-1 $2511 $2801 $2516 $2659 forward $264 $-1 #
color-adesk-attrib $-1 -1 $-1 $-1 $2512 256 #
straight-curve $-1 -1 $-1 0.3000000000000008771 -5.213157894736841769 0.5 0.8177268680332318018 0.5756064361146088215 0 I I #
point $-1 -1 $-1 0.8813210369286277324 -4.803959978677493581 0.5 #
coedge $-1 -1 $-1 $2517 $2516 $2802 $2803 forward $2518 $-1 #
edge $2804 -1 $-1 $2805 -5.214912280701753389 $2520 -5.213157894736841769 $2516 $352 forward @7 unknown #
face $2806 -1 $-1 $2795 $2518 $8 $-1 $354 reversed single #
point $-1 -1 $-1 0.3000000000000008771 -5.213157894736841769 0.5 #
coedge $-1 -1 $-1 $2802 $2807 $2522 $2663 forward $2808 $-1 #
edge $2809 -1 $-1 $2675 0 $2665 0.6500000000000000222 $2662 $2810 forward @7 unknown #
color-adesk-attrib $-1 -1 $-1 $-1 $2523 256 #
vertex $-1 -1 $-1 $2663 $2811 #
coedge $-1 -1 $-1 $2801 $2526 $2812 $2813 forward $264 $-1 #
coedge $-1 -1 $-1 $2533 $2812 $2529 $2668 reversed $2673 $-1 #
edge $2814 -1 $-1 $2536 -0.25 $2670 0.75 $2529 $2815 forward @7 unknown #
color-adesk-attrib $-1 -1 $-1 $-1 $2530 256 #
vertex $-1 -1 $-1 $2813 $2816 #
color-adesk-attrib $-1 -1 $-1 $-1 $2531 256 #
coedge $-1 -1 $-1 $2812 $2533 $2807 $2817 forward $2673 $-1 #
loop $-1 -1 $-1 $-1 $2533 $2818 #
color-adesk-attrib $-1 -1 $-1 $-1 $2534 256 #
vertex $-1 -1 $-1 $2663 $2819 #
straight-curve $-1 -1 $-1 0.3000000000000008216 -5.914912280701752678 -0.5 0.8177268680332318018 0.5756064361146088215 0 F 0 F 0.7108987849779230261 #
point $-1 -1 $-1 0.3000000000000008216 -5.914912280701752678 -0.5 #
coedge $-1 -1 $-1 $2543 $2538 $2537 $2679 reversed $2544 $-1 #
edge $2820 -1 $-1 $2685 0 $2541 0.6500000000000000222 $2678 $2821 forward @7 unknown #
color-adesk-attrib $-1 -1 $-1 $-1 $2539 256 #
straight-curve $-1 -1 $-1 0.3000000000000000444 -6.618421052631576984 -0.25 0 0 -1 I I #
point $-1 -1 $-1 0.3000000000000007661 -6.61842105263157876 0.5 #
face $2822 -1 $-1 $2290 $2544 $8 $-1 $2823 forward single #
color-adesk-attrib $-1 -1 $-1 $-1 $2549 256 #
vertex $-1 -1 $-1 $2553 $2824 #
straight-curve $-1 -1 $-1 0.3000000000000007661 -7.31842105263157805 0.5 0.8177268680332318018 0.5756064361146088215 0 I I #
color-adesk-attrib $-1 -1 $-1 $-1 $2553 256 #
straight-curve $-1 -1 $-1 0.8813210369286277324 -6.909223136572229862 -0.5 0 0 1 I I #
color-adesk-attrib $-1 -1 $-1 $-1 $2554 256 #
plane-surface $-1 -1 $-1 0.3000000000000007661 -7.31842105263157805 -0.5 0.5756064361146089325 -0.8177268680332319128 0 0.8177268680332319128 0.5756064361146089325 0 forward_v I I I I #
color-adesk-attrib $-1 -1 $-1 $-1 $2562 256 #
face $2825 -1 $-1 $2826 $2827 $8 $-1 $2828 forward single #
loop $-1 -1 $-1 $-1 $2829 $2562 #
plane-surface $-1 -1 $-1 0.3000000000000017097 8.12017543859649038 -0.5 0.5756064361146089325 -0.8177268680332319128 0 0.8177268680332319128 0.5756064361146089325 0 forward_v I I I I #
coedge $-1 -1 $-1 $2747 $2565 $2746 $2830 forward $2429 $-1 #
coedge $-1 -1 $-1 $2565 $2747 $2711 $2831 reversed $2429 $-1 #
edge $2832 -1 $-1 $2833 0 $2753 0.7108987849779230261 $2565 $2834 forward @7 unknown #
color-adesk-attrib $-1 -1 $-1 $-1 $2566 256 #
straight-curve $-1 -1 $-1 0.8813210369286288426 11.33639089851548576 -0.5 0 0 1 I I #
color-adesk-attrib $-1 -1 $-1 $-1 $2567 256 #
straight-curve $-1 -1 $-1 0.3000000000000002665 10.92719298245613579 -0.25 0 0 1 I I #
point $-1 -1 $-1 0.3000000000000018763 10.92719298245613757 -0.5 #
color-adesk-attrib $-1 -1 $-1 $-1 $2572 256 #
face $2835 -1 $-1 $2836 $2837 $8 $-1 $354 reversed single #
loop $-1 -1 $-1 $-1 $2838 $2572 #
coedge $-1 -1 $-1 $2839 $2840 $2841 $2842 forward $2573 $-1 #
coedge $-1 -1 $-1 $2843 $2574 $2844 $2845 reversed $2441 $-1 #
coedge $-1 -1 $-1 $2574 $2843 $2846 $2847 reversed $2441 $-1 #
coedge $-1 -1 $-1 $2848 $2849 $2574 $2710 reversed $2850 $-1 #
edge $2851 -1 $-1 $2852 -0.25 $2853 0.75 $2574 $2854 forward @7 unknown #
coedge $-1 -1 $-1 $2576 $2575 $2696 $2831 forward $2309 $-1 #
coedge $-1 -1 $-1 $2855 $2609 $2575 $2713 forward $102 $-1 #
edge $2856 -1 $-1 $2833 -9.523684210526315752 $2721 -9.521929824561400579 $2575 $277 forward @7 unknown #
coedge $-1 -1 $-1 $2606 $2857 $2576 $2715 forward $264 $-1 #
edge $2858 -1 $-1 $2720 9.521929824561400579 $2859 9.523684210526315752 $2576 $352 forward @7 unknown #
coedge $-1 -1 $-1 $2860 $2577 $2857 $2861 reversed $2718 $-1 #
coedge $-1 -1 $-1 $2577 $2860 $2855 $2862 forward $2718 $-1 #
loop $-1 -1 $-1 $-1 $2717 $2863 #
color-adesk-attrib $-1 -1 $-1 $-1 $2578 256 #
vertex $-1 -1 $-1 $2715 $2864 #
vertex $-1 -1 $-1 $2862 $2865 #
straight-curve $-1 -1 $-1 0.2999999999999998224 9.521929824561402356 -0.25 0 0 -1 I I #
coedge $-1 -1 $-1 $2866 $2867 $2579 $2724 reversed $2827 $-1 #
edge $2868 -1 $-1 $2728 -0.75 $2732 0.25 $2579 $2869 forward @7 unknown #
coedge $-1 -1 $-1 $2857 $2580 $2585 $2735 forward $264 $-1 #
coedge $-1 -1 $-1 $2580 $2870 $2866 $2871 forward $264 $-1 #
color-adesk-attrib $-1 -1 $-1 $-1 $2581 256 #
vertex $-1 -1 $-1 $2581 $2872 #
coedge $-1 -1 $-1 $2873 $2582 $2867 $2874 reversed $102 $-1 #
coedge $-1 -1 $-1 $2582 $2855 $2584 $2734 reversed $102 $-1 #
color-adesk-attrib $-1 -1 $-1 $-1 $2583 256 #
vertex $-1 -1 $-1 $2874 $2875 #
coedge $-1 -1 $-1 $2585 $2584 $2860 $2876 forward $2586 $-1 #
edge $2877 -1 $-1 $2588 0 $2878 0.7108987849779230261 $2584 $2879 forward @7 unknown #
edge $2880 -1 $-1 $2589 0 $2881 0.7108987849779230261 $2585 $2882 forward @7 unknown #
face $2883 -1 $-1 $2863 $2586 $8 $-1 $2884 forward single #
point $-1 -1 $-1 0.3000000000000017653 8.82192982456140129 -0.5 #
point $-1 -1 $-1 0.3000000000000017653 8.82192982456140129 0.5 #
point $-1 -1 $-1 0.3000000000000018763 10.92719298245613757 0.5 #
color-adesk-attrib $-1 -1 $-1 $-1 $2597 256 #
straight-curve $-1 -1 $-1 0.8813210369286288426 10.63463651255057485 0.5 -0.8943400568132721107 0.447387821447156997 0 I I #
color-adesk-attrib $-1 -1 $-1 $-1 $2598 256 #
straight-curve $-1 -1 $-1 0.8813210369286288426 10.63463651255057485 -0.5 -0.8943400568132721107 0.447387821447156997 0 F 0 F 0.6500000000000000222 #
color-adesk-attrib $-1 -1 $-1 $-1 $2599 256 #
plane-surface $-1 -1 $-1 0.8813210369286288426 10.63463651255057485 -0.5 0.447387821447156997 0.8943400568132721107 0 -0.8943400568132721107 0.447387821447156997 0 forward_v I I I I #
coedge $-1 -1 $-1 $2603 $2602 $2695 $2830 reversed $2563 $-1 #
coedge $-1 -1 $-1 $2696 $2695 $2606 $2748 reversed $2429 $-1 #
edge $2885 -1 $-1 $2859 0 $2750 0.7108987849779230261 $2747 $2886 forward @7 unknown #
color-adesk-attrib $-1 -1 $-1 $-1 $2607 256 #
vertex $-1 -1 $-1 $2830 $2887 #
straight-curve $-1 -1 $-1 0.8813210369286288426 9.93288212658566394 0.5 -0.8943400568132721107 0.447387821447156997 0 I I #
color-adesk-attrib $-1 -1 $-1 $-1 $2610 256 #
vertex $-1 -1 $-1 $2610 $2888 #
straight-curve $-1 -1 $-1 0.8813210369286288426 9.93288212658566394 -0.5 -0.8943400568132721107 0.447387821447156997 0 F 0 F 0.6500000000000000222 #
color-adesk-attrib $-1 -1 $-1 $-1 $2612 256 #
straight-curve $-1 -1 $-1 0.8813210369286288426 10.63463651255057485 -0.5 0 0 1 I I #
point $-1 -1 $-1 0.8813210369286288426 10.63463651255057485 -0.5 #
point $-1 -1 $-1 0.8813210369286288426 10.63463651255057485 0.5 #
color-adesk-attrib $-1 -1 $-1 $-1 $2626 256 #
face $2889 -1 $-1 $2890 $2891 $8 $-1 $2892 forward single #
loop $-1 -1 $-1 $-1 $2893 $2626 #
plane-surface $-1 -1 $-1 0.3000000000000011546 -1.002631578947369206 -0.5 0.5756064361146089325 -0.8177268680332319128 0 0.8177268680332319128 0.5756064361146089325 0 forward_v I I I I #
coedge $-1 -1 $-1 $2894 $2895 $2896 $2897 forward $2627 $-1 #
coedge $-1 -1 $-1 $2898 $2629 $2895 $2899 forward $2497 $-1 #
coedge $-1 -1 $-1 $2629 $2898 $2900 $2901 reversed $2497 $-1 #
coedge $-1 -1 $-1 $2902 $2896 $2629 $2767 reversed $102 $-1 #
edge $2903 -1 $-1 $2904 0 $2905 0.7108987849779230261 $2629 $2906 forward @7 unknown #
coedge $-1 -1 $-1 $2631 $2630 $2907 $2908 reversed $2363 $-1 #
coedge $-1 -1 $-1 $2909 $2910 $2630 $2770 forward $2911 $-1 #
edge $2912 -1 $-1 $2913 -0.75 $2773 0.25 $2769 $2914 forward @7 unknown #
coedge $-1 -1 $-1 $2632 $2915 $2909 $2916 forward $102 $-1 #
color-adesk-attrib $-1 -1 $-1 $-1 $2633 256 #
vertex $-1 -1 $-1 $2633 $2917 #
straight-curve $-1 -1 $-1 0.8813210369286279544 -3.400451206747668209 -0.5 -0.8943400568132721107 0.447387821447156997 0 F 0 F 0.6500000000000000222 #
coedge $-1 -1 $-1 $2907 $2918 $2634 $2776 forward $264 $-1 #
edge $2919 -1 $-1 $2784 0 $2778 0.7108987849779230261 $2634 $2920 forward @7 unknown #
color-adesk-attrib $-1 -1 $-1 $-1 $2635 256 #
vertex $-1 -1 $-1 $2635 $2921 #
straight-curve $-1 -1 $-1 0.8813210369286279544 -3.400451206747668209 -0.5 0 0 1 I I #
coedge $-1 -1 $-1 $2922 $2636 $2918 $2923 reversed $2782 $-1 #
coedge $-1 -1 $-1 $2636 $2922 $2638 $2787 reversed $2782 $-1 #
loop $-1 -1 $-1 $-1 $2636 $2924 #
color-adesk-attrib $-1 -1 $-1 $-1 $2637 256 #
vertex $-1 -1 $-1 $2776 $2925 #
straight-curve $-1 -1 $-1 0.3000000000000000444 -3.809649122807016841 -0.25 0 0 1 I I #
coedge $-1 -1 $-1 $2651 $2638 $2926 $2927 reversed $102 $-1 #
edge $2928 -1 $-1 $2640 3.809649122807016397 $2929 3.81140350877193157 $2781 $277 forward @7 unknown #
point $-1 -1 $-1 0.3000000000000009881 -3.809649122807016397 -0.5 #
point $-1 -1 $-1 0.8813210369286279544 -3.400451206747668209 -0.5 #
coedge $-1 -1 $-1 $2930 $2643 $2646 $2794 forward $264 $-1 #
color-adesk-attrib $-1 -1 $-1 $-1 $2644 256 #
straight-curve $-1 -1 $-1 0.8813210369286277324 -4.803959978677493581 0.5 -0.8943400568132721107 0.447387821447156997 0 I I #
coedge $-1 -1 $-1 $2646 $2645 $2931 $2932 forward $2647 $-1 #
edge $2933 -1 $-1 $2649 -4.513157894736842479 $2934 -4.511403508771930859 $2646 $352 forward @7 unknown #
face $2935 -1 $-1 $2396 $2647 $8 $-1 $354 reversed single #
point $-1 -1 $-1 0.3000000000000008771 -4.513157894736842479 0.5 #
coedge $-1 -1 $-1 $2936 $2931 $2651 $2798 forward $2937 $-1 #
edge $2938 -1 $-1 $2800 0 $2939 0.7108987849779230261 $2797 $2940 forward @7 unknown #
color-adesk-attrib $-1 -1 $-1 $-1 $2652 256 #
vertex $-1 -1 $-1 $2652 $2941 #
coedge $-1 -1 $-1 $2654 $2666 $2942 $2943 forward $264 $-1 #
coedge $-1 -1 $-1 $2942 $2662 $2658 $2803 reversed $2808 $-1 #
edge $2944 -1 $-1 $2805 -0.75 $2665 0.25 $2658 $2945 forward @7 unknown #
color-adesk-attrib $-1 -1 $-1 $-1 $2659 256 #
vertex $-1 -1 $-1 $2659 $2946 #
color-adesk-attrib $-1 -1 $-1 $-1 $2660 256 #
coedge $-1 -1 $-1 $2662 $2942 $2672 $2817 reversed $2808 $-1 #
loop $-1 -1 $-1 $-1 $2662 $2947 #
color-adesk-attrib $-1 -1 $-1 $-1 $2663 256 #
straight-curve $-1 -1 $-1 0.8813210369286277324 -5.50571436464240449 -0.5 -0.8943400568132721107 0.447387821447156997 0 F 0 F 0.6500000000000000222 #
point $-1 -1 $-1 0.3000000000000008216 -5.214912280701753389 -0.5 #
coedge $-1 -1 $-1 $2667 $2672 $2666 $2813 reversed $2673 $-1 #
edge $2948 -1 $-1 $2670 0 $2949 0.7108987849779230261 $2812 $2950 forward @7 unknown #
color-adesk-attrib $-1 -1 $-1 $-1 $2668 256 #
straight-curve $-1 -1 $-1 0.2999999999999998224 -5.914912280701753566 -0.25 0 0 1 I I #
point $-1 -1 $-1 0.3000000000000008216 -5.914912280701752678 0.5 #
edge $2951 -1 $-1 $2675 0 $2949 1 $2807 $2952 forward @7 unknown #
face $2953 -1 $-1 $2947 $2673 $8 $-1 $2954 forward single #
point $-1 -1 $-1 0.8813210369286277324 -5.50571436464240449 -0.5 #
color-adesk-attrib $-1 -1 $-1 $-1 $2679 256 #
straight-curve $-1 -1 $-1 0.8813210369286277324 -6.909223136572229862 0.5 -0.8943400568132721107 0.447387821447156997 0 I I #
color-adesk-attrib $-1 -1 $-1 $-1 $2683 256 #
plane-surface $-1 -1 $-1 0.8813210369286277324 -6.909223136572229862 -0.5 0.447387821447156997 0.8943400568132721107 0 -0.8943400568132721107 0.447387821447156997 0 forward_v I I I I #
point $-1 -1 $-1 0.8813210369286277324 -6.909223136572229862 0.5 #
color-adesk-attrib $-1 -1 $-1 $-1 $2692 256 #
face $2955 -1 $-1 $2956 $2957 $8 $-1 $2958 forward single #
loop $-1 -1 $-1 $-1 $2867 $2692 #
plane-surface $-1 -1 $-1 0.8813210369286286205 8.529373354655838568 -0.5 0.447387821447156997 0.8943400568132721107 0 -0.8943400568132721107 0.447387821447156997 0 forward_v I I I I #
coedge $-1 -1 $-1 $2959 $2960 $2873 $2961 forward $2693 $-1 #
edge $2962 -1 $-1 $2753 0 $2750 1 $2746 $2963 forward @7 unknown #
edge $2964 -1 $-1 $2833 -0.25 $2859 0.75 $2711 $2965 forward @7 unknown #
color-adesk-attrib $-1 -1 $-1 $-1 $2697 256 #
vertex $-1 -1 $-1 $2713 $2966 #
straight-curve $-1 -1 $-1 0.3000000000000018208 9.523684210526315752 -0.5 0.8177268680332318018 0.5756064361146088215 0 F 0 F 0.7108987849779230261 #
color-adesk-attrib $-1 -1 $-1 $-1 $2704 256 #
face $2967 -1 $-1 $2968 $2969 $8 $-1 $354 reversed single #
loop $-1 -1 $-1 $-1 $2970 $2704 #
coedge $-1 -1 $-1 $2971 $2972 $2973 $2974 forward $2705 $-1 #
coedge $-1 -1 $-1 $2975 $2706 $2976 $2977 reversed $2573 $-1 #
coedge $-1 -1 $-1 $2706 $2975 $2978 $2979 reversed $2573 $-1 #
coedge $-1 -1 $-1 $2980 $2981 $2706 $2842 reversed $2982 $-1 #
edge $2983 -1 $-1 $2984 -0.75 $2985 0.25 $2706 $2986 forward @7 unknown #
coedge $-1 -1 $-1 $2708 $2707 $2987 $2988 forward $2441 $-1 #
coedge $-1 -1 $-1 $2989 $2990 $2707 $2845 forward $264 $-1 #
edge $2991 -1 $-1 $2992 7.416666666666664298 $2853 7.418421052631579471 $2707 $352 forward @7 unknown #
coedge $-1 -1 $-1 $2993 $2994 $2708 $2847 forward $102 $-1 #
edge $2995 -1 $-1 $2852 -7.418421052631579471 $2996 -7.416666666666664298 $2708 $277 forward @7 unknown #
coedge $-1 -1 $-1 $2997 $2709 $2994 $2998 forward $2850 $-1 #
coedge $-1 -1 $-1 $2709 $2997 $2989 $2999 reversed $2850 $-1 #
loop $-1 -1 $-1 $-1 $2848 $3000 #
color-adesk-attrib $-1 -1 $-1 $-1 $2710 256 #
vertex $-1 -1 $-1 $2847 $3001 #
vertex $-1 -1 $-1 $2999 $3002 #
straight-curve $-1 -1 $-1 0.3000000000000002665 7.418421052631577695 -0.25 0 0 1 I I #
coedge $-1 -1 $-1 $2730 $2712 $2717 $2862 reversed $102 $-1 #
color-adesk-attrib $-1 -1 $-1 $-1 $2713 256 #
coedge $-1 -1 $-1 $2714 $2725 $2716 $2861 forward $264 $-1 #
color-adesk-attrib $-1 -1 $-1 $-1 $2715 256 #
vertex $-1 -1 $-1 $2748 $3003 #
coedge $-1 -1 $-1 $2717 $2716 $2733 $2876 reversed $2718 $-1 #
edge $3004 -1 $-1 $2881 0 $2720 0.6500000000000000222 $2716 $3005 forward @7 unknown #
edge $3006 -1 $-1 $2878 0 $2721 0.6500000000000000222 $2717 $3007 forward @7 unknown #
face $3008 -1 $-1 $2472 $2718 $8 $-1 $3009 forward single #
point $-1 -1 $-1 0.3000000000000017653 9.521929824561400579 0.5 #
point $-1 -1 $-1 0.3000000000000017653 9.521929824561400579 -0.5 #
coedge $-1 -1 $-1 $3010 $2723 $2726 $2871 reversed $2827 $-1 #
coedge $-1 -1 $-1 $2723 $3010 $2729 $2874 forward $2827 $-1 #
color-adesk-attrib $-1 -1 $-1 $-1 $2724 256 #
straight-curve $-1 -1 $-1 0.2999999999999998224 8.820175438596491446 -0.25 0 0 -1 I I #
coedge $-1 -1 $-1 $2726 $2978 $3011 $3012 forward $264 $-1 #
edge $3013 -1 $-1 $3014 0 $2728 0.6500000000000000222 $2866 $3015 forward @7 unknown #
point $-1 -1 $-1 0.3000000000000017097 8.82017543859648967 0.5 #
coedge $-1 -1 $-1 $2976 $2729 $2829 $2961 reversed $102 $-1 #
edge $3016 -1 $-1 $3017 0 $2732 0.6500000000000000222 $2867 $3018 forward @7 unknown #
point $-1 -1 $-1 0.3000000000000017097 8.82017543859648967 -0.5 #
edge $3019 -1 $-1 $2878 0 $2881 1 $2860 $3020 forward @7 unknown #
color-adesk-attrib $-1 -1 $-1 $-1 $2734 256 #
vertex $-1 -1 $-1 $2862 $3021 #
straight-curve $-1 -1 $-1 0.3000000000000017653 8.82192982456140129 -0.5 0.8177268680332318018 0.5756064361146088215 0 F 0 F 0.7108987849779230261 #
color-adesk-attrib $-1 -1 $-1 $-1 $2735 256 #
vertex $-1 -1 $-1 $2876 $3022 #
straight-curve $-1 -1 $-1 0.3000000000000017653 8.82192982456140129 0.5 0.8177268680332318018 0.5756064361146088215 0 I I #
color-adesk-attrib $-1 -1 $-1 $-1 $2736 256 #
plane-surface $-1 -1 $-1 0.3000000000000017653 8.82192982456140129 -0.5 0.5756064361146089325 -0.8177268680332319128 0 0.8177268680332319128 0.5756064361146089325 0 forward_v I I I I #
color-adesk-attrib $-1 -1 $-1 $-1 $2748 256 #
straight-curve $-1 -1 $-1 0.3000000000000018208 9.523684210526315752 0.5 0.8177268680332318018 0.5756064361146088215 0 I I #
point $-1 -1 $-1 0.8813210369286288426 9.93288212658566394 0.5 #
point $-1 -1 $-1 0.8813210369286288426 9.93288212658566394 -0.5 #
color-adesk-attrib $-1 -1 $-1 $-1 $2760 256 #
face $3023 -1 $-1 $3024 $3025 $8 $-1 $3026 forward single #
loop $-1 -1 $-1 $-1 $3027 $2760 #
plane-surface $-1 -1 $-1 0.8813210369286281765 -0.5934336628880210185 -0.5 0.447387821447156997 0.8943400568132721107 0 -0.8943400568132721107 0.447387821447156997 0 forward_v I I I I #
coedge $-1 -1 $-1 $3028 $3029 $3030 $3031 forward $2761 $-1 #
coedge $-1 -1 $-1 $3032 $2763 $3033 $3034 reversed $2627 $-1 #
coedge $-1 -1 $-1 $2763 $3032 $2764 $2899 reversed $2627 $-1 #
coedge $-1 -1 $-1 $2766 $3035 $2763 $2897 reversed $102 $-1 #
edge $3036 -1 $-1 $2905 0 $3037 0.6500000000000000222 $2763 $3038 forward @7 unknown #
coedge $-1 -1 $-1 $2765 $2764 $3039 $3040 reversed $2497 $-1 #
edge $3041 -1 $-1 $2905 0 $3042 1 $2895 $3043 forward @7 unknown #
coedge $-1 -1 $-1 $3044 $3045 $2765 $2901 forward $3046 $-1 #
edge $3047 -1 $-1 $2904 -0.25 $3048 0.75 $2900 $3049 forward @7 unknown #
coedge $-1 -1 $-1 $3050 $2766 $3045 $3051 forward $102 $-1 #
color-adesk-attrib $-1 -1 $-1 $-1 $2767 256 #
vertex $-1 -1 $-1 $3051 $3052 #
vertex $-1 -1 $-1 $2897 $3053 #
straight-curve $-1 -1 $-1 0.3000000000000010436 -2.406140350877194578 -0.5 0.8177268680332318018 0.5756064361146088215 0 F 0 F 0.7108987849779230261 #
coedge $-1 -1 $-1 $3054 $2775 $2768 $2908 forward $264 $-1 #
edge $3055 -1 $-1 $2778 0 $2913 0.6500000000000000222 $2768 $3056 forward @7 unknown #
coedge $-1 -1 $-1 $3057 $2769 $2771 $2916 reversed $2911 $-1 #
coedge $-1 -1 $-1 $2769 $3057 $3054 $3058 reversed $2911 $-1 #
loop $-1 -1 $-1 $-1 $2769 $3059 #
color-adesk-attrib $-1 -1 $-1 $-1 $2770 256 #
vertex $-1 -1 $-1 $3058 $3060 #
straight-curve $-1 -1 $-1 0.2999999999999999889 -3.109649122807015331 -0.25 0 0 -1 I I #
coedge $-1 -1 $-1 $2771 $3050 $3061 $3062 reversed $102 $-1 #
edge $3063 -1 $-1 $3064 3.107894736842105488 $2773 3.109649122807017108 $2909 $277 forward @7 unknown #
point $-1 -1 $-1 0.3000000000000009881 -3.109649122807017108 -0.5 #
coedge $-1 -1 $-1 $2775 $3065 $2780 $2923 forward $264 $-1 #
color-adesk-attrib $-1 -1 $-1 $-1 $2776 256 #
straight-curve $-1 -1 $-1 0.3000000000000009881 -3.809649122807016397 0.5 0.8177268680332318018 0.5756064361146088215 0 I I #
point $-1 -1 $-1 0.8813210369286279544 -3.400451206747668209 0.5 #
coedge $-1 -1 $-1 $2781 $2780 $3066 $3067 forward $2782 $-1 #
edge $3068 -1 $-1 $3069 -3.81140350877193157 $2784 -3.809649122807016397 $2780 $352 forward @7 unknown #
face $3070 -1 $-1 $3059 $2782 $8 $-1 $354 reversed single #
point $-1 -1 $-1 0.3000000000000009881 -3.809649122807016397 0.5 #
coedge $-1 -1 $-1 $3066 $3071 $2786 $2927 forward $3072 $-1 #
edge $3073 -1 $-1 $2939 0 $2929 0.6500000000000000222 $2926 $3074 forward @7 unknown #
color-adesk-attrib $-1 -1 $-1 $-1 $2787 256 #
vertex $-1 -1 $-1 $2927 $3075 #
coedge $-1 -1 $-1 $3065 $2790 $3076 $3077 forward $264 $-1 #
coedge $-1 -1 $-1 $2797 $3076 $2793 $2932 reversed $2937 $-1 #
edge $3078 -1 $-1 $2800 -0.25 $2934 0.75 $2793 $3079 forward @7 unknown #
color-adesk-attrib $-1 -1 $-1 $-1 $2794 256 #
vertex $-1 -1 $-1 $3077 $3080 #
color-adesk-attrib $-1 -1 $-1 $-1 $2795 256 #
coedge $-1 -1 $-1 $3076 $2797 $3071 $3081 forward $2937 $-1 #
loop $-1 -1 $-1 $-1 $2797 $3082 #
color-adesk-attrib $-1 -1 $-1 $-1 $2798 256 #
vertex $-1 -1 $-1 $2927 $3083 #
straight-curve $-1 -1 $-1 0.3000000000000009326 -4.511403508771930859 -0.5 0.8177268680332318018 0.5756064361146088215 0 F 0 F 0.7108987849779230261 #
point $-1 -1 $-1 0.3000000000000009326 -4.511403508771930859 -0.5 #
coedge $-1 -1 $-1 $2807 $2802 $2801 $2943 reversed $2808 $-1 #
edge $3084 -1 $-1 $2949 0 $2805 0.6500000000000000222 $2942 $3085 forward @7 unknown #
color-adesk-attrib $-1 -1 $-1 $-1 $2803 256 #
straight-curve $-1 -1 $-1 0.3000000000000000444 -5.214912280701751612 -0.25 0 0 -1 I I #
point $-1 -1 $-1 0.3000000000000008216 -5.214912280701753389 0.5 #
face $3086 -1 $-1 $2554 $2808 $8 $-1 $3087 forward single #
color-adesk-attrib $-1 -1 $-1 $-1 $2813 256 #
vertex $-1 -1 $-1 $2817 $3088 #
straight-curve $-1 -1 $-1 0.3000000000000008216 -5.914912280701752678 0.5 0.8177268680332318018 0.5756064361146088215 0 I I #
color-adesk-attrib $-1 -1 $-1 $-1 $2817 256 #
straight-curve $-1 -1 $-1 0.8813210369286277324 -5.50571436464240449 -0.5 0 0 1 I I #
color-adesk-attrib $-1 -1 $-1 $-1 $2818 256 #
plane-surface $-1 -1 $-1 0.3000000000000008216 -5.914912280701752678 -0.5 0.5756064361146089325 -0.8177268680332319128 0 0.8177268680332319128 0.5756064361146089325 0 forward_v I I I I #
color-adesk-attrib $-1 -1 $-1 $-1 $2826 256 #
face $3089 -1 $-1 $3090 $3091 $8 $-1 $3092 forward single #
loop $-1 -1 $-1 $-1 $3093 $2826 #
plane-surface $-1 -1 $-1 0.3000000000000015987 6.716666666666665009 -0.5 0.5756064361146089325 -0.8177268680332319128 0 0.8177268680332319128 0.5756064361146089325 0 forward_v I I I I #
coedge $-1 -1 $-1 $3011 $2829 $3010 $3094 forward $2693 $-1 #
coedge $-1 -1 $-1 $2829 $3011 $2975 $3095 reversed $2693 $-1 #
edge $3096 -1 $-1 $3097 0 $3017 0.7108987849779230261 $2829 $3098 forward @7 unknown #
color-adesk-attrib $-1 -1 $-1 $-1 $2830 256 #
straight-curve $-1 -1 $-1 0.8813210369286288426 9.93288212658566394 -0.5 0 0 1 I I #
color-adesk-attrib $-1 -1 $-1 $-1 $2831 256 #
straight-curve $-1 -1 $-1 0.3000000000000000444 9.523684210526315752 -0.25 0 0 1 I I #
point $-1 -1 $-1 0.3000000000000018208 9.523684210526315752 -0.5 #
color-adesk-attrib $-1 -1 $-1 $-1 $2836 256 #
face $3099 -1 $-1 $3100 $3101 $8 $-1 $354 reversed single #
loop $-1 -1 $-1 $-1 $3102 $2836 #
coedge $-1 -1 $-1 $3103 $3104 $3105 $3106 forward $2837 $-1 #
coedge $-1 -1 $-1 $3107 $2838 $3108 $3109 reversed $2705 $-1 #
coedge $-1 -1 $-1 $2838 $3107 $3110 $3111 reversed $2705 $-1 #
coedge $-1 -1 $-1 $3112 $3113 $2838 $2974 reversed $3114 $-1 #
edge $3115 -1 $-1 $3116 -0.25 $3117 0.75 $2838 $3118 forward @7 unknown #
coedge $-1 -1 $-1 $2840 $2839 $2960 $3095 forward $2573 $-1 #
coedge $-1 -1 $-1 $3119 $2873 $2839 $2977 forward $102 $-1 #
edge $3120 -1 $-1 $3097 -8.12017543859649038 $2985 -8.11842105263157876 $2839 $277 forward @7 unknown #
coedge $-1 -1 $-1 $2870 $3121 $2840 $2979 forward $264 $-1 #
edge $3122 -1 $-1 $2984 8.11842105263157876 $3123 8.12017543859649038 $2840 $352 forward @7 unknown #
coedge $-1 -1 $-1 $3124 $2841 $3121 $3125 reversed $2982 $-1 #
coedge $-1 -1 $-1 $2841 $3124 $3119 $3126 forward $2982 $-1 #
loop $-1 -1 $-1 $-1 $2981 $3127 #
color-adesk-attrib $-1 -1 $-1 $-1 $2842 256 #
vertex $-1 -1 $-1 $2979 $3128 #
vertex $-1 -1 $-1 $3126 $3129 #
straight-curve $-1 -1 $-1 0.2999999999999998224 8.118421052631580537 -0.25 0 0 -1 I I #
coedge $-1 -1 $-1 $3130 $3131 $2843 $2988 reversed $3091 $-1 #
edge $3132 -1 $-1 $2992 -0.75 $2996 0.25 $2843 $3133 forward @7 unknown #
coedge $-1 -1 $-1 $3121 $2844 $2849 $2999 forward $264 $-1 #
coedge $-1 -1 $-1 $2844 $3134 $3130 $3135 forward $264 $-1 #
color-adesk-attrib $-1 -1 $-1 $-1 $2845 256 #
vertex $-1 -1 $-1 $2845 $3136 #
coedge $-1 -1 $-1 $3137 $2846 $3131 $3138 reversed $102 $-1 #
coedge $-1 -1 $-1 $2846 $3119 $2848 $2998 reversed $102 $-1 #
color-adesk-attrib $-1 -1 $-1 $-1 $2847 256 #
vertex $-1 -1 $-1 $3138 $3139 #
coedge $-1 -1 $-1 $2849 $2848 $3124 $3140 forward $2850 $-1 #
edge $3141 -1 $-1 $2852 0 $3142 0.7108987849779230261 $2848 $3143 forward @7 unknown #
edge $3144 -1 $-1 $2853 0 $3145 0.7108987849779230261 $2849 $3146 forward @7 unknown #
face $3147 -1 $-1 $3127 $2850 $8 $-1 $3148 forward single #
point $-1 -1 $-1 0.3000000000000016542 7.418421052631579471 -0.5 #
point $-1 -1 $-1 0.3000000000000016542 7.418421052631579471 0.5 #
point $-1 -1 $-1 0.3000000000000018208 9.523684210526315752 0.5 #
color-adesk-attrib $-1 -1 $-1 $-1 $2861 256 #
straight-curve $-1 -1 $-1 0.8813210369286286205 9.231127740620749478 0.5 -0.8943400568132721107 0.447387821447156997 0 I I #
color-adesk-attrib $-1 -1 $-1 $-1 $2862 256 #
straight-curve $-1 -1 $-1 0.8813210369286286205 9.231127740620749478 -0.5 -0.8943400568132721107 0.447387821447156997 0 F 0 F 0.6500000000000000222 #
color-adesk-attrib $-1 -1 $-1 $-1 $2863 256 #
plane-surface $-1 -1 $-1 0.8813210369286286205 9.231127740620749478 -0.5 0.447387821447156997 0.8943400568132721107 0 -0.8943400568132721107 0.447387821447156997 0 forward_v I I I I #
coedge $-1 -1 $-1 $2867 $2866 $2959 $3094 reversed $2827 $-1 #
coedge $-1 -1 $-1 $2960 $2959 $2870 $3012 reversed $2693 $-1 #
edge $3149 -1 $-1 $3123 0 $3014 0.7108987849779230261 $3011 $3150 forward @7 unknown #
color-adesk-attrib $-1 -1 $-1 $-1 $2871 256 #
vertex $-1 -1 $-1 $3094 $3151 #
straight-curve $-1 -1 $-1 0.8813210369286286205 8.529373354655838568 0.5 -0.8943400568132721107 0.447387821447156997 0 I I #
color-adesk-attrib $-1 -1 $-1 $-1 $2874 256 #
vertex $-1 -1 $-1 $2874 $3152 #
straight-curve $-1 -1 $-1 0.8813210369286286205 8.529373354655838568 -0.5 -0.8943400568132721107 0.447387821447156997 0 F 0 F 0.6500000000000000222 #
color-adesk-attrib $-1 -1 $-1 $-1 $2876 256 #
straight-curve $-1 -1 $-1 0.8813210369286286205 9.231127740620749478 -0.5 0 0 1 I I #
point $-1 -1 $-1 0.8813210369286286205 9.231127740620749478 -0.5 #
point $-1 -1 $-1 0.8813210369286286205 9.231127740620749478 0.5 #
color-adesk-attrib $-1 -1 $-1 $-1 $2890 256 #
face $3153 -1 $-1 $3154 $3155 $8 $-1 $3156 forward single #
loop $-1 -1 $-1 $-1 $3157 $2890 #
plane-surface $-1 -1 $-1 0.3000000000000012101 0.4008771929824561653 -0.5 0.5756064361146089325 -0.8177268680332319128 0 0.8177268680332319128 0.5756064361146089325 0 forward_v I I I I #
coedge $-1 -1 $-1 $3158 $3159 $3160 $3161 forward $2891 $-1 #
coedge $-1 -1 $-1 $3162 $2893 $3159 $3163 forward $2761 $-1 #
coedge $-1 -1 $-1 $2893 $3162 $3164 $3165 reversed $2761 $-1 #
coedge $-1 -1 $-1 $3166 $3160 $2893 $3031 reversed $102 $-1 #
edge $3167 -1 $-1 $3168 0 $3169 0.7108987849779230261 $2893 $3170 forward @7 unknown #
coedge $-1 -1 $-1 $2895 $2894 $3171 $3172 reversed $2627 $-1 #
coedge $-1 -1 $-1 $3173 $3174 $2894 $3034 forward $3175 $-1 #
edge $3176 -1 $-1 $3177 -0.75 $3037 0.25 $3033 $3178 forward @7 unknown #
coedge $-1 -1 $-1 $2896 $3179 $3173 $3180 forward $102 $-1 #
color-adesk-attrib $-1 -1 $-1 $-1 $2897 256 #
vertex $-1 -1 $-1 $2897 $3181 #
straight-curve $-1 -1 $-1 0.8813210369286279544 -1.99694243481784639 -0.5 -0.8943400568132721107 0.447387821447156997 0 F 0 F 0.6500000000000000222 #
coedge $-1 -1 $-1 $3171 $3182 $2898 $3040 forward $264 $-1 #
edge $3183 -1 $-1 $3048 0 $3042 0.7108987849779230261 $2898 $3184 forward @7 unknown #
color-adesk-attrib $-1 -1 $-1 $-1 $2899 256 #
vertex $-1 -1 $-1 $2899 $3185 #
straight-curve $-1 -1 $-1 0.8813210369286279544 -1.99694243481784639 -0.5 0 0 1 I I #
coedge $-1 -1 $-1 $3186 $2900 $3182 $3187 reversed $3046 $-1 #
coedge $-1 -1 $-1 $2900 $3186 $2902 $3051 reversed $3046 $-1 #
loop $-1 -1 $-1 $-1 $2900 $3188 #
color-adesk-attrib $-1 -1 $-1 $-1 $2901 256 #
vertex $-1 -1 $-1 $3040 $3189 #
straight-curve $-1 -1 $-1 0.3000000000000000444 -2.406140350877195466 -0.25 0 0 1 I I #
coedge $-1 -1 $-1 $2915 $2902 $3190 $3191 reversed $102 $-1 #
edge $3192 -1 $-1 $2904 2.406140350877194578 $3193 2.407894736842106198 $3045 $277 forward @7 unknown #
point $-1 -1 $-1 0.3000000000000010436 -2.406140350877194578 -0.5 #
point $-1 -1 $-1 0.8813210369286279544 -1.99694243481784639 -0.5 #
coedge $-1 -1 $-1 $3194 $2907 $2910 $3058 forward $264 $-1 #
color-adesk-attrib $-1 -1 $-1 $-1 $2908 256 #
straight-curve $-1 -1 $-1 0.8813210369286279544 -3.400451206747668209 0.5 -0.8943400568132721107 0.447387821447156997 0 I I #
coedge $-1 -1 $-1 $2910 $2909 $3195 $3196 forward $2911 $-1 #
edge $3197 -1 $-1 $2913 -3.109649122807017108 $3198 -3.107894736842105488 $2910 $352 forward @7 unknown #
face $3199 -1 $-1 $2660 $2911 $8 $-1 $354 reversed single #
point $-1 -1 $-1 0.3000000000000009881 -3.109649122807017108 0.5 #
coedge $-1 -1 $-1 $3200 $3195 $2915 $3062 forward $3201 $-1 #
edge $3202 -1 $-1 $3064 0 $3203 0.7108987849779230261 $3061 $3204 forward @7 unknown #
color-adesk-attrib $-1 -1 $-1 $-1 $2916 256 #
vertex $-1 -1 $-1 $2916 $3205 #
coedge $-1 -1 $-1 $2918 $2930 $3206 $3207 forward $264 $-1 #
coedge $-1 -1 $-1 $3206 $2926 $2922 $3067 reversed $3072 $-1 #
edge $3208 -1 $-1 $3069 -0.75 $2929 0.25 $2922 $3209 forward @7 unknown #
color-adesk-attrib $-1 -1 $-1 $-1 $2923 256 #
vertex $-1 -1 $-1 $2923 $3210 #
color-adesk-attrib $-1 -1 $-1 $-1 $2924 256 #
coedge $-1 -1 $-1 $2926 $3206 $2936 $3081 reversed $3072 $-1 #
loop $-1 -1 $-1 $-1 $2926 $3211 #
color-adesk-attrib $-1 -1 $-1 $-1 $2927 256 #
straight-curve $-1 -1 $-1 0.8813210369286279544 -4.102205592712582671 -0.5 -0.8943400568132721107 0.447387821447156997 0 F 0 F 0.6500000000000000222 #
point $-1 -1 $-1 0.3000000000000009326 -3.81140350877193157 -0.5 #
coedge $-1 -1 $-1 $2931 $2936 $2930 $3077 reversed $2937 $-1 #
edge $3212 -1 $-1 $2934 0 $3213 0.7108987849779230261 $3076 $3214 forward @7 unknown #
color-adesk-attrib $-1 -1 $-1 $-1 $2932 256 #
straight-curve $-1 -1 $-1 0.3000000000000000444 -4.511403508771931747 -0.25 0 0 1 I I #
point $-1 -1 $-1 0.3000000000000009326 -4.511403508771930859 0.5 #
edge $3215 -1 $-1 $2939 0 $3213 1 $3071 $3216 forward @7 unknown #
face $3217 -1 $-1 $3211 $2937 $8 $-1 $3218 forward single #
point $-1 -1 $-1 0.8813210369286279544 -4.102205592712582671 -0.5 #
color-adesk-attrib $-1 -1 $-1 $-1 $2943 256 #
straight-curve $-1 -1 $-1 0.8813210369286277324 -5.50571436464240449 0.5 -0.8943400568132721107 0.447387821447156997 0 I I #
color-adesk-attrib $-1 -1 $-1 $-1 $2947 256 #
plane-surface $-1 -1 $-1 0.8813210369286277324 -5.50571436464240449 -0.5 0.447387821447156997 0.8943400568132721107 0 -0.8943400568132721107 0.447387821447156997 0 forward_v I I I I #
point $-1 -1 $-1 0.8813210369286277324 -5.50571436464240449 0.5 #
color-adesk-attrib $-1 -1 $-1 $-1 $2956 256 #
face $3219 -1 $-1 $3220 $3221 $8 $-1 $3222 forward single #
loop $-1 -1 $-1 $-1 $3131 $2956 #
plane-surface $-1 -1 $-1 0.8813210369286286205 7.125864582726013197 -0.5 0.447387821447156997 0.8943400568132721107 0 -0.8943400568132721107 0.447387821447156997 0 forward_v I I I I #
coedge $-1 -1 $-1 $3223 $3224 $3137 $3225 forward $2957 $-1 #
edge $3226 -1 $-1 $3017 0 $3014 1 $3010 $3227 forward @7 unknown #
edge $3228 -1 $-1 $3097 -0.25 $3123 0.75 $2975 $3229 forward @7 unknown #
color-adesk-attrib $-1 -1 $-1 $-1 $2961 256 #
vertex $-1 -1 $-1 $2977 $3230 #
straight-curve $-1 -1 $-1 0.3000000000000017097 8.12017543859649038 -0.5 0.8177268680332318018 0.5756064361146088215 0 F 0 F 0.7108987849779230261 #
color-adesk-attrib $-1 -1 $-1 $-1 $2968 256 #
face $3231 -1 $-1 $3232 $3233 $8 $-1 $354 reversed single #
loop $-1 -1 $-1 $-1 $3234 $2968 #
coedge $-1 -1 $-1 $3235 $3236 $3237 $3238 forward $2969 $-1 #
coedge $-1 -1 $-1 $3239 $2970 $3240 $3241 reversed $2837 $-1 #
coedge $-1 -1 $-1 $2970 $3239 $3242 $3243 reversed $2837 $-1 #
coedge $-1 -1 $-1 $3244 $3245 $2970 $3106 reversed $3246 $-1 #
edge $3247 -1 $-1 $3248 -0.75 $3249 0.25 $2970 $3250 forward @7 unknown #
coedge $-1 -1 $-1 $2972 $2971 $3251 $3252 forward $2705 $-1 #
coedge $-1 -1 $-1 $3253 $3254 $2971 $3109 forward $264 $-1 #
edge $3255 -1 $-1 $3256 6.013157894736842479 $3117 6.014912280701754099 $2971 $352 forward @7 unknown #
coedge $-1 -1 $-1 $3257 $3258 $2972 $3111 forward $102 $-1 #
edge $3259 -1 $-1 $3116 -6.014912280701754099 $3260 -6.013157894736842479 $2972 $277 forward @7 unknown #
coedge $-1 -1 $-1 $3261 $2973 $3258 $3262 forward $3114 $-1 #
coedge $-1 -1 $-1 $2973 $3261 $3253 $3263 reversed $3114 $-1 #
loop $-1 -1 $-1 $-1 $3112 $3264 #
color-adesk-attrib $-1 -1 $-1 $-1 $2974 256 #
vertex $-1 -1 $-1 $3111 $3265 #
vertex $-1 -1 $-1 $3263 $3266 #
straight-curve $-1 -1 $-1 0.3000000000000002665 6.014912280701754099 -0.25 0 0 1 I I #
coedge $-1 -1 $-1 $2994 $2976 $2981 $3126 reversed $102 $-1 #
color-adesk-attrib $-1 -1 $-1 $-1 $2977 256 #
coedge $-1 -1 $-1 $2978 $2989 $2980 $3125 forward $264 $-1 #
color-adesk-attrib $-1 -1 $-1 $-1 $2979 256 #
vertex $-1 -1 $-1 $3012 $3267 #
coedge $-1 -1 $-1 $2981 $2980 $2997 $3140 reversed $2982 $-1 #
edge $3268 -1 $-1 $3145 0 $2984 0.6500000000000000222 $2980 $3269 forward @7 unknown #
edge $3270 -1 $-1 $3142 0 $2985 0.6500000000000000222 $2981 $3271 forward @7 unknown #
face $3272 -1 $-1 $2736 $2982 $8 $-1 $3273 forward single #
point $-1 -1 $-1 0.3000000000000016542 8.11842105263157876 0.5 #
point $-1 -1 $-1 0.3000000000000016542 8.11842105263157876 -0.5 #
coedge $-1 -1 $-1 $3274 $2987 $2990 $3135 reversed $3091 $-1 #
coedge $-1 -1 $-1 $2987 $3274 $2993 $3138 forward $3091 $-1 #
color-adesk-attrib $-1 -1 $-1 $-1 $2988 256 #
straight-curve $-1 -1 $-1 0.2999999999999998224 7.416666666666666075 -0.25 0 0 -1 I I #
coedge $-1 -1 $-1 $2990 $3242 $3275 $3276 forward $264 $-1 #
edge $3277 -1 $-1 $3278 0 $2992 0.6500000000000000222 $3130 $3279 forward @7 unknown #
point $-1 -1 $-1 0.3000000000000015987 7.416666666666664298 0.5 #
coedge $-1 -1 $-1 $3240 $2993 $3093 $3225 reversed $102 $-1 #
edge $3280 -1 $-1 $3281 0 $2996 0.6500000000000000222 $3131 $3282 forward @7 unknown #
point $-1 -1 $-1 0.3000000000000015987 7.416666666666664298 -0.5 #
edge $3283 -1 $-1 $3142 0 $3145 1 $3124 $3284 forward @7 unknown #
color-adesk-attrib $-1 -1 $-1 $-1 $2998 256 #
vertex $-1 -1 $-1 $3126 $3285 #
straight-curve $-1 -1 $-1 0.3000000000000016542 7.418421052631579471 -0.5 0.8177268680332318018 0.5756064361146088215 0 F 0 F 0.7108987849779230261 #
color-adesk-attrib $-1 -1 $-1 $-1 $2999 256 #
vertex $-1 -1 $-1 $3140 $3286 #
straight-curve $-1 -1 $-1 0.3000000000000016542 7.418421052631579471 0.5 0.8177268680332318018 0.5756064361146088215 0 I I #
color-adesk-attrib $-1 -1 $-1 $-1 $3000 256 #
plane-surface $-1 -1 $-1 0.3000000000000016542 7.418421052631579471 -0.5 0.5756064361146089325 -0.8177268680332319128 0 0.8177268680332319128 0.5756064361146089325 0 forward_v I I I I #
color-adesk-attrib $-1 -1 $-1 $-1 $3012 256 #
straight-curve $-1 -1 $-1 0.3000000000000017097 8.12017543859649038 0.5 0.8177268680332318018 0.5756064361146088215 0 I I #
point $-1 -1 $-1 0.8813210369286286205 8.529373354655838568 0.5 #
point $-1 -1 $-1 0.8813210369286286205 8.529373354655838568 -0.5 #
color-adesk-attrib $-1 -1 $-1 $-1 $3024 256 #
face $3287 -1 $-1 $3288 $3289 $8 $-1 $3290 forward single #
loop $-1 -1 $-1 $-1 $3291 $3024 #
plane-surface $-1 -1 $-1 0.8813210369286281765 0.8100751090418043532 -0.5 0.447387821447156997 0.8943400568132721107 0 -0.8943400568132721107 0.447387821447156997 0 forward_v I I I I #
coedge $-1 -1 $-1 $3292 $3293 $3294 $3295 forward $3025 $-1 #
coedge $-1 -1 $-1 $3296 $3027 $3297 $3298 reversed $2891 $-1 #
coedge $-1 -1 $-1 $3027 $3296 $3028 $3163 reversed $2891 $-1 #
coedge $-1 -1 $-1 $3030 $3299 $3027 $3161 reversed $102 $-1 #
edge $3300 -1 $-1 $3169 0 $3301 0.6500000000000000222 $3027 $3302 forward @7 unknown #
coedge $-1 -1 $-1 $3029 $3028 $3303 $3304 reversed $2761 $-1 #
edge $3305 -1 $-1 $3169 0 $3306 1 $3159 $3307 forward @7 unknown #
coedge $-1 -1 $-1 $3308 $3309 $3029 $3165 forward $3310 $-1 #
edge $3311 -1 $-1 $3168 -0.25 $3312 0.75 $3164 $3313 forward @7 unknown #
coedge $-1 -1 $-1 $3314 $3030 $3309 $3315 forward $102 $-1 #
color-adesk-attrib $-1 -1 $-1 $-1 $3031 256 #
vertex $-1 -1 $-1 $3315 $3316 #
vertex $-1 -1 $-1 $3161 $3317 #
straight-curve $-1 -1 $-1 0.3000000000000011546 -1.002631578947369206 -0.5 0.8177268680332318018 0.5756064361146088215 0 F 0 F 0.7108987849779230261 #
coedge $-1 -1 $-1 $3318 $3039 $3032 $3172 forward $264 $-1 #
edge $3319 -1 $-1 $3042 0 $3177 0.6500000000000000222 $3032 $3320 forward @7 unknown #
coedge $-1 -1 $-1 $3321 $3033 $3035 $3180 reversed $3175 $-1 #
coedge $-1 -1 $-1 $3033 $3321 $3318 $3322 reversed $3175 $-1 #
loop $-1 -1 $-1 $-1 $3033 $3323 #
color-adesk-attrib $-1 -1 $-1 $-1 $3034 256 #
vertex $-1 -1 $-1 $3322 $3324 #
straight-curve $-1 -1 $-1 0.2999999999999999889 -1.706140350877193734 -0.25 0 0 -1 I I #
coedge $-1 -1 $-1 $3035 $3314 $3325 $3326 reversed $102 $-1 #
edge $3327 -1 $-1 $3328 1.704385964912280116 $3037 1.706140350877195289 $3173 $277 forward @7 unknown #
point $-1 -1 $-1 0.3000000000000010436 -1.706140350877195289 -0.5 #
coedge $-1 -1 $-1 $3039 $3329 $3044 $3187 forward $264 $-1 #
color-adesk-attrib $-1 -1 $-1 $-1 $3040 256 #
straight-curve $-1 -1 $-1 0.3000000000000010436 -2.406140350877194578 0.5 0.8177268680332318018 0.5756064361146088215 0 I I #
point $-1 -1 $-1 0.8813210369286279544 -1.99694243481784639 0.5 #
coedge $-1 -1 $-1 $3045 $3044 $3330 $3331 forward $3046 $-1 #
edge $3332 -1 $-1 $3333 -2.407894736842106198 $3048 -2.406140350877194578 $3044 $352 forward @7 unknown #
face $3334 -1 $-1 $3323 $3046 $8 $-1 $354 reversed single #
point $-1 -1 $-1 0.3000000000000010436 -2.406140350877194578 0.5 #
coedge $-1 -1 $-1 $3330 $3335 $3050 $3191 forward $3336 $-1 #
edge $3337 -1 $-1 $3203 0 $3193 0.6500000000000000222 $3190 $3338 forward @7 unknown #
color-adesk-attrib $-1 -1 $-1 $-1 $3051 256 #
vertex $-1 -1 $-1 $3191 $3339 #
coedge $-1 -1 $-1 $3329 $3054 $3340 $3341 forward $264 $-1 #
coedge $-1 -1 $-1 $3061 $3340 $3057 $3196 reversed $3201 $-1 #
edge $3342 -1 $-1 $3064 -0.25 $3198 0.75 $3057 $3343 forward @7 unknown #
color-adesk-attrib $-1 -1 $-1 $-1 $3058 256 #
vertex $-1 -1 $-1 $3341 $3344 #
color-adesk-attrib $-1 -1 $-1 $-1 $3059 256 #
coedge $-1 -1 $-1 $3340 $3061 $3335 $3345 forward $3201 $-1 #
loop $-1 -1 $-1 $-1 $3061 $3346 #
color-adesk-attrib $-1 -1 $-1 $-1 $3062 256 #
vertex $-1 -1 $-1 $3191 $3347 #
straight-curve $-1 -1 $-1 0.3000000000000010436 -3.107894736842105488 -0.5 0.8177268680332318018 0.5756064361146088215 0 F 0 F 0.7108987849779230261 #
point $-1 -1 $-1 0.3000000000000010436 -3.107894736842105488 -0.5 #
coedge $-1 -1 $-1 $3071 $3066 $3065 $3207 reversed $3072 $-1 #
edge $3348 -1 $-1 $3213 0 $3069 0.6500000000000000222 $3206 $3349 forward @7 unknown #
color-adesk-attrib $-1 -1 $-1 $-1 $3067 256 #
straight-curve $-1 -1 $-1 0.2999999999999999889 -3.811403508771930237 -0.25 0 0 -1 I I #
point $-1 -1 $-1 0.3000000000000009326 -3.81140350877193157 0.5 #
face $3350 -1 $-1 $2818 $3072 $8 $-1 $3351 forward single #
color-adesk-attrib $-1 -1 $-1 $-1 $3077 256 #
vertex $-1 -1 $-1 $3081 $3352 #
straight-curve $-1 -1 $-1 0.3000000000000009326 -4.511403508771930859 0.5 0.8177268680332318018 0.5756064361146088215 0 I I #
color-adesk-attrib $-1 -1 $-1 $-1 $3081 256 #
straight-curve $-1 -1 $-1 0.8813210369286279544 -4.102205592712582671 -0.5 0 0 1 I I #
color-adesk-attrib $-1 -1 $-1 $-1 $3082 256 #
plane-surface $-1 -1 $-1 0.3000000000000009326 -4.511403508771930859 -0.5 0.5756064361146089325 -0.8177268680332319128 0 0.8177268680332319128 0.5756064361146089325 0 forward_v I I I I #
color-adesk-attrib $-1 -1 $-1 $-1 $3090 256 #
face $3353 -1 $-1 $3354 $3355 $8 $-1 $3356 forward single #
loop $-1 -1 $-1 $-1 $3357 $3090 #
plane-surface $-1 -1 $-1 0.3000000000000015432 5.31315789473684319 -0.5 0.5756064361146089325 -0.8177268680332319128 0 0.8177268680332319128 0.5756064361146089325 0 forward_v I I I I #
coedge $-1 -1 $-1 $3275 $3093 $3274 $3358 forward $2957 $-1 #
coedge $-1 -1 $-1 $3093 $3275 $3239 $3359 reversed $2957 $-1 #
edge $3360 -1 $-1 $3361 0 $3281 0.7108987849779230261 $3093 $3362 forward @7 unknown #
color-adesk-attrib $-1 -1 $-1 $-1 $3094 256 #
straight-curve $-1 -1 $-1 0.8813210369286286205 8.529373354655838568 -0.5 0 0 1 I I #
color-adesk-attrib $-1 -1 $-1 $-1 $3095 256 #
straight-curve $-1 -1 $-1 0.3000000000000002665 8.120175438596488604 -0.25 0 0 1 I I #
point $-1 -1 $-1 0.3000000000000017097 8.12017543859649038 -0.5 #
color-adesk-attrib $-1 -1 $-1 $-1 $3100 256 #
face $3363 -1 $-1 $3364 $3365 $8 $-1 $354 reversed single #
loop $-1 -1 $-1 $-1 $3366 $3100 #
coedge $-1 -1 $-1 $3367 $3368 $3369 $3370 forward $3101 $-1 #
coedge $-1 -1 $-1 $3371 $3102 $3372 $3373 reversed $2969 $-1 #
coedge $-1 -1 $-1 $3102 $3371 $3374 $3375 reversed $2969 $-1 #
coedge $-1 -1 $-1 $3376 $3377 $3102 $3238 reversed $3378 $-1 #
edge $3379 -1 $-1 $3380 -0.25 $3381 0.75 $3102 $3382 forward @7 unknown #
coedge $-1 -1 $-1 $3104 $3103 $3224 $3359 forward $2837 $-1 #
coedge $-1 -1 $-1 $3383 $3137 $3103 $3241 forward $102 $-1 #
edge $3384 -1 $-1 $3361 -6.716666666666665009 $3249 -6.714912280701753389 $3103 $277 forward @7 unknown #
coedge $-1 -1 $-1 $3134 $3385 $3104 $3243 forward $264 $-1 #
edge $3386 -1 $-1 $3248 6.714912280701753389 $3387 6.716666666666665009 $3104 $352 forward @7 unknown #
coedge $-1 -1 $-1 $3388 $3105 $3385 $3389 reversed $3246 $-1 #
coedge $-1 -1 $-1 $3105 $3388 $3383 $3390 forward $3246 $-1 #
loop $-1 -1 $-1 $-1 $3245 $3391 #
color-adesk-attrib $-1 -1 $-1 $-1 $3106 256 #
vertex $-1 -1 $-1 $3243 $3392 #
vertex $-1 -1 $-1 $3390 $3393 #
straight-curve $-1 -1 $-1 0.2999999999999998224 6.714912280701754277 -0.25 0 0 -1 I I #
coedge $-1 -1 $-1 $3394 $3395 $3107 $3252 reversed $3355 $-1 #
edge $3396 -1 $-1 $3256 -0.75 $3260 0.25 $3107 $3397 forward @7 unknown #
coedge $-1 -1 $-1 $3385 $3108 $3113 $3263 forward $264 $-1 #
coedge $-1 -1 $-1 $3108 $3398 $3394 $3399 forward $264 $-1 #
color-adesk-attrib $-1 -1 $-1 $-1 $3109 256 #
vertex $-1 -1 $-1 $3109 $3400 #
coedge $-1 -1 $-1 $3401 $3110 $3395 $3402 reversed $102 $-1 #
coedge $-1 -1 $-1 $3110 $3383 $3112 $3262 reversed $102 $-1 #
color-adesk-attrib $-1 -1 $-1 $-1 $3111 256 #
vertex $-1 -1 $-1 $3402 $3403 #
coedge $-1 -1 $-1 $3113 $3112 $3388 $3404 forward $3114 $-1 #
edge $3405 -1 $-1 $3116 0 $3406 0.7108987849779230261 $3112 $3407 forward @7 unknown #
edge $3408 -1 $-1 $3117 0 $3409 0.7108987849779230261 $3113 $3410 forward @7 unknown #
face $3411 -1 $-1 $3391 $3114 $8 $-1 $3412 forward single #
point $-1 -1 $-1 0.3000000000000015987 6.014912280701754099 -0.5 #
point $-1 -1 $-1 0.3000000000000015987 6.014912280701754099 0.5 #
point $-1 -1 $-1 0.3000000000000017097 8.12017543859649038 0.5 #
color-adesk-attrib $-1 -1 $-1 $-1 $3125 256 #
straight-curve $-1 -1 $-1 0.8813210369286286205 7.827618968690927659 0.5 -0.8943400568132721107 0.447387821447156997 0 I I #
color-adesk-attrib $-1 -1 $-1 $-1 $3126 256 #
straight-curve $-1 -1 $-1 0.8813210369286286205 7.827618968690927659 -0.5 -0.8943400568132721107 0.447387821447156997 0 F 0 F 0.6500000000000000222 #
color-adesk-attrib $-1 -1 $-1 $-1 $3127 256 #
plane-surface $-1 -1 $-1 0.8813210369286286205 7.827618968690927659 -0.5 0.447387821447156997 0.8943400568132721107 0 -0.8943400568132721107 0.447387821447156997 0 forward_v I I I I #
coedge $-1 -1 $-1 $3131 $3130 $3223 $3358 reversed $3091 $-1 #
coedge $-1 -1 $-1 $3224 $3223 $3134 $3276 reversed $2957 $-1 #
edge $3413 -1 $-1 $3387 0 $3278 0.7108987849779230261 $3275 $3414 forward @7 unknown #
color-adesk-attrib $-1 -1 $-1 $-1 $3135 256 #
vertex $-1 -1 $-1 $3358 $3415 #
straight-curve $-1 -1 $-1 0.8813210369286286205 7.125864582726013197 0.5 -0.8943400568132721107 0.447387821447156997 0 I I #
color-adesk-attrib $-1 -1 $-1 $-1 $3138 256 #
vertex $-1 -1 $-1 $3138 $3416 #
straight-curve $-1 -1 $-1 0.8813210369286286205 7.125864582726013197 -0.5 -0.8943400568132721107 0.447387821447156997 0 F 0 F 0.6500000000000000222 #
color-adesk-attrib $-1 -1 $-1 $-1 $3140 256 #
straight-curve $-1 -1 $-1 0.8813210369286286205 7.827618968690927659 -0.5 0 0 1 I I #
point $-1 -1 $-1 0.8813210369286286205 7.827618968690927659 -0.5 #
point $-1 -1 $-1 0.8813210369286286205 7.827618968690927659 0.5 #
color-adesk-attrib $-1 -1 $-1 $-1 $3154 256 #
face $3417 -1 $-1 $3418 $3419 $8 $-1 $3420 forward single #
loop $-1 -1 $-1 $-1 $3421 $3154 #
plane-surface $-1 -1 $-1 0.3000000000000013212 1.804385964912281537 -0.5 0.5756064361146089325 -0.8177268680332319128 0 0.8177268680332319128 0.5756064361146089325 0 forward_v I I I I #
coedge $-1 -1 $-1 $3422 $3423 $3424 $3425 forward $3155 $-1 #
coedge $-1 -1 $-1 $3426 $3157 $3423 $3427 forward $3025 $-1 #
coedge $-1 -1 $-1 $3157 $3426 $3428 $3429 reversed $3025 $-1 #
coedge $-1 -1 $-1 $3430 $3424 $3157 $3295 reversed $102 $-1 #
edge $3431 -1 $-1 $3432 0 $3433 0.7108987849779230261 $3157 $3434 forward @7 unknown #
coedge $-1 -1 $-1 $3159 $3158 $3435 $3436 reversed $2891 $-1 #
coedge $-1 -1 $-1 $3437 $3438 $3158 $3298 forward $3439 $-1 #
edge $3440 -1 $-1 $3441 -0.75 $3301 0.25 $3297 $3442 forward @7 unknown #
coedge $-1 -1 $-1 $3160 $3443 $3437 $3444 forward $102 $-1 #
color-adesk-attrib $-1 -1 $-1 $-1 $3161 256 #
vertex $-1 -1 $-1 $3161 $3445 #
straight-curve $-1 -1 $-1 0.8813210369286281765 -0.5934336628880210185 -0.5 -0.8943400568132721107 0.447387821447156997 0 F 0 F 0.6500000000000000222 #
coedge $-1 -1 $-1 $3435 $3446 $3162 $3304 forward $264 $-1 #
edge $3447 -1 $-1 $3312 0 $3306 0.7108987849779230261 $3162 $3448 forward @7 unknown #
color-adesk-attrib $-1 -1 $-1 $-1 $3163 256 #
vertex $-1 -1 $-1 $3163 $3449 #
straight-curve $-1 -1 $-1 0.8813210369286281765 -0.5934336628880210185 -0.5 0 0 1 I I #
coedge $-1 -1 $-1 $3450 $3164 $3446 $3451 reversed $3310 $-1 #
coedge $-1 -1 $-1 $3164 $3450 $3166 $3315 reversed $3310 $-1 #
loop $-1 -1 $-1 $-1 $3164 $3452 #
color-adesk-attrib $-1 -1 $-1 $-1 $3165 256 #
vertex $-1 -1 $-1 $3304 $3453 #
straight-curve $-1 -1 $-1 0.2999999999999999334 -1.002631578947370095 -0.25 0 0 1 I I #
coedge $-1 -1 $-1 $3179 $3166 $3454 $3455 reversed $102 $-1 #
edge $3456 -1 $-1 $3168 1.002631578947369206 $3457 1.004385964912280826 $3309 $277 forward @7 unknown #
point $-1 -1 $-1 0.3000000000000011546 -1.002631578947369206 -0.5 #
point $-1 -1 $-1 0.8813210369286281765 -0.5934336628880210185 -0.5 #
coedge $-1 -1 $-1 $3458 $3171 $3174 $3322 forward $264 $-1 #
color-adesk-attrib $-1 -1 $-1 $-1 $3172 256 #
straight-curve $-1 -1 $-1 0.8813210369286279544 -1.99694243481784639 0.5 -0.8943400568132721107 0.447387821447156997 0 I I #
coedge $-1 -1 $-1 $3174 $3173 $3459 $3460 forward $3175 $-1 #
edge $3461 -1 $-1 $3177 -1.706140350877195289 $3462 -1.704385964912280116 $3174 $352 forward @7 unknown #
face $3463 -1 $-1 $2924 $3175 $8 $-1 $354 reversed single #
point $-1 -1 $-1 0.3000000000000010436 -1.706140350877195289 0.5 #
coedge $-1 -1 $-1 $3464 $3459 $3179 $3326 forward $3465 $-1 #
edge $3466 -1 $-1 $3328 0 $3467 0.7108987849779230261 $3325 $3468 forward @7 unknown #
color-adesk-attrib $-1 -1 $-1 $-1 $3180 256 #
vertex $-1 -1 $-1 $3180 $3469 #
coedge $-1 -1 $-1 $3182 $3194 $3470 $3471 forward $264 $-1 #
coedge $-1 -1 $-1 $3470 $3190 $3186 $3331 reversed $3336 $-1 #
edge $3472 -1 $-1 $3333 -0.75 $3193 0.25 $3186 $3473 forward @7 unknown #
color-adesk-attrib $-1 -1 $-1 $-1 $3187 256 #
vertex $-1 -1 $-1 $3187 $3474 #
color-adesk-attrib $-1 -1 $-1 $-1 $3188 256 #
coedge $-1 -1 $-1 $3190 $3470 $3200 $3345 reversed $3336 $-1 #
loop $-1 -1 $-1 $-1 $3190 $3475 #
color-adesk-attrib $-1 -1 $-1 $-1 $3191 256 #
straight-curve $-1 -1 $-1 0.8813210369286279544 -2.6986968207827573 -0.5 -0.8943400568132721107 0.447387821447156997 0 F 0 F 0.6500000000000000222 #
point $-1 -1 $-1 0.3000000000000010436 -2.407894736842106198 -0.5 #
coedge $-1 -1 $-1 $3195 $3200 $3194 $3341 reversed $3201 $-1 #
edge $3476 -1 $-1 $3198 0 $3477 0.7108987849779230261 $3340 $3478 forward @7 unknown #
color-adesk-attrib $-1 -1 $-1 $-1 $3196 256 #
straight-curve $-1 -1 $-1 0.2999999999999999334 -3.107894736842106376 -0.25 0 0 1 I I #
point $-1 -1 $-1 0.3000000000000010436 -3.107894736842105488 0.5 #
edge $3479 -1 $-1 $3203 0 $3477 1 $3335 $3480 forward @7 unknown #
face $3481 -1 $-1 $3475 $3201 $8 $-1 $3482 forward single #
point $-1 -1 $-1 0.8813210369286279544 -2.6986968207827573 -0.5 #
color-adesk-attrib $-1 -1 $-1 $-1 $3207 256 #
straight-curve $-1 -1 $-1 0.8813210369286279544 -4.102205592712582671 0.5 -0.8943400568132721107 0.447387821447156997 0 I I #
color-adesk-attrib $-1 -1 $-1 $-1 $3211 256 #
plane-surface $-1 -1 $-1 0.8813210369286279544 -4.102205592712582671 -0.5 0.447387821447156997 0.8943400568132721107 0 -0.8943400568132721107 0.447387821447156997 0 forward_v I I I I #
point $-1 -1 $-1 0.8813210369286279544 -4.102205592712582671 0.5 #
color-adesk-attrib $-1 -1 $-1 $-1 $3220 256 #
face $3483 -1 $-1 $3484 $3485 $8 $-1 $3486 forward single #
loop $-1 -1 $-1 $-1 $3395 $3220 #
plane-surface $-1 -1 $-1 0.8813210369286283985 5.722355810796191378 -0.5 0.447387821447156997 0.8943400568132721107 0 -0.8943400568132721107 0.447387821447156997 0 forward_v I I I I #
coedge $-1 -1 $-1 $3487 $3488 $3401 $3489 forward $3221 $-1 #
edge $3490 -1 $-1 $3281 0 $3278 1 $3274 $3491 forward @7 unknown #
edge $3492 -1 $-1 $3361 -0.25 $3387 0.75 $3239 $3493 forward @7 unknown #
color-adesk-attrib $-1 -1 $-1 $-1 $3225 256 #
vertex $-1 -1 $-1 $3241 $3494 #
straight-curve $-1 -1 $-1 0.3000000000000015987 6.716666666666665009 -0.5 0.8177268680332318018 0.5756064361146088215 0 F 0 F 0.7108987849779230261 #
color-adesk-attrib $-1 -1 $-1 $-1 $3232 256 #
face $3495 -1 $-1 $3496 $3497 $8 $-1 $354 reversed single #
loop $-1 -1 $-1 $-1 $3498 $3232 #
coedge $-1 -1 $-1 $3499 $3500 $3501 $3502 forward $3233 $-1 #
coedge $-1 -1 $-1 $3503 $3234 $3504 $3505 reversed $3101 $-1 #
coedge $-1 -1 $-1 $3234 $3503 $3506 $3507 reversed $3101 $-1 #
coedge $-1 -1 $-1 $3508 $3509 $3234 $3370 reversed $3510 $-1 #
edge $3511 -1 $-1 $3512 -0.75 $3513 0.25 $3234 $3514 forward @7 unknown #
coedge $-1 -1 $-1 $3236 $3235 $3515 $3516 forward $2969 $-1 #
coedge $-1 -1 $-1 $3517 $3518 $3235 $3373 forward $264 $-1 #
edge $3519 -1 $-1 $3520 4.609649122807017108 $3381 4.611403508771928728 $3235 $352 forward @7 unknown #
coedge $-1 -1 $-1 $3521 $3522 $3236 $3375 forward $102 $-1 #
edge $3523 -1 $-1 $3380 -4.611403508771928728 $3524 -4.609649122807017108 $3236 $277 forward @7 unknown #
coedge $-1 -1 $-1 $3525 $3237 $3522 $3526 forward $3378 $-1 #
coedge $-1 -1 $-1 $3237 $3525 $3517 $3527 reversed $3378 $-1 #
loop $-1 -1 $-1 $-1 $3376 $3528 #
color-adesk-attrib $-1 -1 $-1 $-1 $3238 256 #
vertex $-1 -1 $-1 $3375 $3529 #
vertex $-1 -1 $-1 $3527 $3530 #
straight-curve $-1 -1 $-1 0.3000000000000000444 4.611403508771927839 -0.25 0 0 1 I I #
coedge $-1 -1 $-1 $3258 $3240 $3245 $3390 reversed $102 $-1 #
color-adesk-attrib $-1 -1 $-1 $-1 $3241 256 #
coedge $-1 -1 $-1 $3242 $3253 $3244 $3389 forward $264 $-1 #
color-adesk-attrib $-1 -1 $-1 $-1 $3243 256 #
vertex $-1 -1 $-1 $3276 $3531 #
coedge $-1 -1 $-1 $3245 $3244 $3261 $3404 reversed $3246 $-1 #
edge $3532 -1 $-1 $3409 0 $3248 0.6500000000000000222 $3244 $3533 forward @7 unknown #
edge $3534 -1 $-1 $3406 0 $3249 0.6500000000000000222 $3245 $3535 forward @7 unknown #
face $3536 -1 $-1 $3000 $3246 $8 $-1 $3537 forward single #
point $-1 -1 $-1 0.3000000000000015987 6.714912280701753389 0.5 #
point $-1 -1 $-1 0.3000000000000015987 6.714912280701753389 -0.5 #
coedge $-1 -1 $-1 $3538 $3251 $3254 $3399 reversed $3355 $-1 #
coedge $-1 -1 $-1 $3251 $3538 $3257 $3402 forward $3355 $-1 #
color-adesk-attrib $-1 -1 $-1 $-1 $3252 256 #
straight-curve $-1 -1 $-1 0.2999999999999998224 6.013157894736843367 -0.25 0 0 -1 I I #
coedge $-1 -1 $-1 $3254 $3506 $3539 $3540 forward $264 $-1 #
edge $3541 -1 $-1 $3542 0 $3256 0.6500000000000000222 $3394 $3543 forward @7 unknown #
point $-1 -1 $-1 0.3000000000000015432 6.013157894736842479 0.5 #
coedge $-1 -1 $-1 $3504 $3257 $3357 $3489 reversed $102 $-1 #
edge $3544 -1 $-1 $3545 0 $3260 0.6500000000000000222 $3395 $3546 forward @7 unknown #
point $-1 -1 $-1 0.3000000000000015432 6.013157894736842479 -0.5 #
edge $3547 -1 $-1 $3406 0 $3409 1 $3388 $3548 forward @7 unknown #
color-adesk-attrib $-1 -1 $-1 $-1 $3262 256 #
vertex $-1 -1 $-1 $3390 $3549 #
straight-curve $-1 -1 $-1 0.3000000000000015987 6.014912280701754099 -0.5 0.8177268680332318018 0.5756064361146088215 0 F 0 F 0.7108987849779230261 #
color-adesk-attrib $-1 -1 $-1 $-1 $3263 256 #
vertex $-1 -1 $-1 $3404 $3550 #
straight-curve $-1 -1 $-1 0.3000000000000015987 6.014912280701754099 0.5 0.8177268680332318018 0.5756064361146088215 0 I I #
color-adesk-attrib $-1 -1 $-1 $-1 $3264 256 #
plane-surface $-1 -1 $-1 0.3000000000000015987 6.014912280701754099 -0.5 0.5756064361146089325 -0.8177268680332319128 0 0.8177268680332319128 0.5756064361146089325 0 forward_v I I I I #
color-adesk-attrib $-1 -1 $-1 $-1 $3276 256 #
straight-curve $-1 -1 $-1 0.3000000000000015987 6.716666666666665009 0.5 0.8177268680332318018 0.5756064361146088215 0 I I #
point $-1 -1 $-1 0.8813210369286286205 7.125864582726013197 0.5 #
point $-1 -1 $-1 0.8813210369286286205 7.125864582726013197 -0.5 #
color-adesk-attrib $-1 -1 $-1 $-1 $3288 256 #
face $3551 -1 $-1 $3552 $3553 $8 $-1 $3554 forward single #
loop $-1 -1 $-1 $-1 $3555 $3288 #
plane-surface $-1 -1 $-1 0.8813210369286281765 2.213583880971629725 -0.5 0.447387821447156997 0.8943400568132721107 0 -0.8943400568132721107 0.447387821447156997 0 forward_v I I I I #
coedge $-1 -1 $-1 $3556 $3557 $3558 $3559 forward $3289 $-1 #
coedge $-1 -1 $-1 $3560 $3291 $3561 $3562 reversed $3155 $-1 #
coedge $-1 -1 $-1 $3291 $3560 $3292 $3427 reversed $3155 $-1 #
coedge $-1 -1 $-1 $3294 $3563 $3291 $3425 reversed $102 $-1 #
edge $3564 -1 $-1 $3433 0 $3565 0.6500000000000000222 $3291 $3566 forward @7 unknown #
coedge $-1 -1 $-1 $3293 $3292 $3567 $3568 reversed $3025 $-1 #
edge $3569 -1 $-1 $3433 0 $3570 1 $3423 $3571 forward @7 unknown #
coedge $-1 -1 $-1 $3572 $3573 $3293 $3429 forward $3574 $-1 #
edge $3575 -1 $-1 $3432 -0.25 $3576 0.75 $3428 $3577 forward @7 unknown #
coedge $-1 -1 $-1 $3578 $3294 $3573 $3579 forward $102 $-1 #
color-adesk-attrib $-1 -1 $-1 $-1 $3295 256 #
vertex $-1 -1 $-1 $3579 $3580 #
vertex $-1 -1 $-1 $3425 $3581 #
straight-curve $-1 -1 $-1 0.3000000000000012101 0.4008771929824561653 -0.5 0.8177268680332318018 0.5756064361146088215 0 F 0 F 0.7108987849779230261 #
coedge $-1 -1 $-1 $3582 $3303 $3296 $3436 forward $264 $-1 #
edge $3583 -1 $-1 $3306 0 $3441 0.6500000000000000222 $3296 $3584 forward @7 unknown #
coedge $-1 -1 $-1 $3585 $3297 $3299 $3444 reversed $3439 $-1 #
coedge $-1 -1 $-1 $3297 $3585 $3582 $3586 reversed $3439 $-1 #
loop $-1 -1 $-1 $-1 $3297 $3587 #
color-adesk-attrib $-1 -1 $-1 $-1 $3298 256 #
vertex $-1 -1 $-1 $3586 $3588 #
straight-curve $-1 -1 $-1 0.2999999999999999889 -0.3026315789473683071 -0.25 0 0 -1 I I #
coedge $-1 -1 $-1 $3299 $3578 $3589 $3590 reversed $102 $-1 #
edge $3591 -1 $-1 $3592 0.3008771929824582969 $3301 0.3026315789473699169 $3437 $277 forward @7 unknown #
point $-1 -1 $-1 0.3000000000000011546 -0.3026315789473699169 -0.5 #
coedge $-1 -1 $-1 $3303 $3593 $3308 $3451 forward $264 $-1 #
color-adesk-attrib $-1 -1 $-1 $-1 $3304 256 #
straight-curve $-1 -1 $-1 0.3000000000000011546 -1.002631578947369206 0.5 0.8177268680332318018 0.5756064361146088215 0 I I #
point $-1 -1 $-1 0.8813210369286281765 -0.5934336628880210185 0.5 #
coedge $-1 -1 $-1 $3309 $3308 $3594 $3595 forward $3310 $-1 #
edge $3596 -1 $-1 $3597 -1.004385964912280826 $3312 -1.002631578947369206 $3308 $352 forward @7 unknown #
face $3598 -1 $-1 $3587 $3310 $8 $-1 $354 reversed single #
point $-1 -1 $-1 0.3000000000000011546 -1.002631578947369206 0.5 #
coedge $-1 -1 $-1 $3594 $3599 $3314 $3455 forward $3600 $-1 #
edge $3601 -1 $-1 $3467 0 $3457 0.6500000000000000222 $3454 $3602 forward @7 unknown #
color-adesk-attrib $-1 -1 $-1 $-1 $3315 256 #
vertex $-1 -1 $-1 $3455 $3603 #
coedge $-1 -1 $-1 $3593 $3318 $3604 $3605 forward $264 $-1 #
coedge $-1 -1 $-1 $3325 $3604 $3321 $3460 reversed $3465 $-1 #
edge $3606 -1 $-1 $3328 -0.25 $3462 0.75 $3321 $3607 forward @7 unknown #
color-adesk-attrib $-1 -1 $-1 $-1 $3322 256 #
vertex $-1 -1 $-1 $3605 $3608 #
color-adesk-attrib $-1 -1 $-1 $-1 $3323 256 #
coedge $-1 -1 $-1 $3604 $3325 $3599 $3609 forward $3465 $-1 #
loop $-1 -1 $-1 $-1 $3325 $3610 #
color-adesk-attrib $-1 -1 $-1 $-1 $3326 256 #
vertex $-1 -1 $-1 $3455 $3611 #
straight-curve $-1 -1 $-1 0.3000000000000010991 -1.704385964912280116 -0.5 0.8177268680332318018 0.5756064361146088215 0 F 0 F 0.7108987849779230261 #
point $-1 -1 $-1 0.3000000000000010991 -1.704385964912280116 -0.5 #
coedge $-1 -1 $-1 $3335 $3330 $3329 $3471 reversed $3336 $-1 #
edge $3612 -1 $-1 $3477 0 $3333 0.6500000000000000222 $3470 $3613 forward @7 unknown #
color-adesk-attrib $-1 -1 $-1 $-1 $3331 256 #
straight-curve $-1 -1 $-1 0.2999999999999999889 -2.407894736842104866 -0.25 0 0 -1 I I #
point $-1 -1 $-1 0.3000000000000010436 -2.407894736842106198 0.5 #
face $3614 -1 $-1 $3082 $3336 $8 $-1 $3615 forward single #
color-adesk-attrib $-1 -1 $-1 $-1 $3341 256 #
vertex $-1 -1 $-1 $3345 $3616 #
straight-curve $-1 -1 $-1 0.3000000000000010436 -3.107894736842105488 0.5 0.8177268680332318018 0.5756064361146088215 0 I I #
color-adesk-attrib $-1 -1 $-1 $-1 $3345 256 #
straight-curve $-1 -1 $-1 0.8813210369286279544 -2.6986968207827573 -0.5 0 0 1 I I #
color-adesk-attrib $-1 -1 $-1 $-1 $3346 256 #
plane-surface $-1 -1 $-1 0.3000000000000010436 -3.107894736842105488 -0.5 0.5756064361146089325 -0.8177268680332319128 0 0.8177268680332319128 0.5756064361146089325 0 forward_v I I I I #
color-adesk-attrib $-1 -1 $-1 $-1 $3354 256 #
face $3617 -1 $-1 $3618 $3619 $8 $-1 $3620 forward single #
loop $-1 -1 $-1 $-1 $3621 $3354 #
plane-surface $-1 -1 $-1 0.3000000000000014322 3.909649122807017818 -0.5 0.5756064361146089325 -0.8177268680332319128 0 0.8177268680332319128 0.5756064361146089325 0 forward_v I I I I #
coedge $-1 -1 $-1 $3539 $3357 $3538 $3622 forward $3221 $-1 #
coedge $-1 -1 $-1 $3357 $3539 $3503 $3623 reversed $3221 $-1 #
edge $3624 -1 $-1 $3625 0 $3545 0.7108987849779230261 $3357 $3626 forward @7 unknown #
color-adesk-attrib $-1 -1 $-1 $-1 $3358 256 #
straight-curve $-1 -1 $-1 0.8813210369286286205 7.125864582726013197 -0.5 0 0 1 I I #
color-adesk-attrib $-1 -1 $-1 $-1 $3359 256 #
straight-curve $-1 -1 $-1 0.3000000000000002665 6.716666666666664121 -0.25 0 0 1 I I #
point $-1 -1 $-1 0.3000000000000015987 6.716666666666665009 -0.5 #
color-adesk-attrib $-1 -1 $-1 $-1 $3364 256 #
face $3627 -1 $-1 $3628 $3629 $8 $-1 $354 reversed single #
loop $-1 -1 $-1 $-1 $3630 $3364 #
coedge $-1 -1 $-1 $3631 $3632 $3633 $3634 forward $3365 $-1 #
coedge $-1 -1 $-1 $3635 $3366 $3636 $3637 reversed $3233 $-1 #
coedge $-1 -1 $-1 $3366 $3635 $3638 $3639 reversed $3233 $-1 #
coedge $-1 -1 $-1 $3640 $3641 $3366 $3502 reversed $3553 $-1 #
edge $3642 -1 $-1 $3643 -0.25 $3644 0.75 $3366 $3645 forward @7 unknown #
coedge $-1 -1 $-1 $3368 $3367 $3488 $3623 forward $3101 $-1 #
coedge $-1 -1 $-1 $3646 $3401 $3367 $3505 forward $102 $-1 #
edge $3647 -1 $-1 $3625 -5.31315789473684319 $3513 -5.311403508771928017 $3367 $277 forward @7 unknown #
coedge $-1 -1 $-1 $3398 $3648 $3368 $3507 forward $264 $-1 #
edge $3649 -1 $-1 $3512 5.311403508771928017 $3650 5.31315789473684319 $3368 $352 forward @7 unknown #
coedge $-1 -1 $-1 $3651 $3369 $3648 $3652 reversed $3510 $-1 #
coedge $-1 -1 $-1 $3369 $3651 $3646 $3653 forward $3510 $-1 #
loop $-1 -1 $-1 $-1 $3509 $3654 #
color-adesk-attrib $-1 -1 $-1 $-1 $3370 256 #
vertex $-1 -1 $-1 $3507 $3655 #
vertex $-1 -1 $-1 $3653 $3656 #
straight-curve $-1 -1 $-1 0.3000000000000000444 5.311403508771929793 -0.25 0 0 -1 I I #
coedge $-1 -1 $-1 $3657 $3658 $3371 $3516 reversed $3619 $-1 #
edge $3659 -1 $-1 $3520 -0.75 $3524 0.25 $3371 $3660 forward @7 unknown #
coedge $-1 -1 $-1 $3648 $3372 $3377 $3527 forward $264 $-1 #
coedge $-1 -1 $-1 $3372 $3661 $3657 $3662 forward $264 $-1 #
color-adesk-attrib $-1 -1 $-1 $-1 $3373 256 #
vertex $-1 -1 $-1 $3373 $3663 #
coedge $-1 -1 $-1 $3664 $3374 $3658 $3665 reversed $102 $-1 #
coedge $-1 -1 $-1 $3374 $3646 $3376 $3526 reversed $102 $-1 #
color-adesk-attrib $-1 -1 $-1 $-1 $3375 256 #
vertex $-1 -1 $-1 $3665 $3666 #
coedge $-1 -1 $-1 $3377 $3376 $3651 $3667 forward $3378 $-1 #
edge $3668 -1 $-1 $3380 0 $3669 0.7108987849779230261 $3376 $3670 forward @7 unknown #
edge $3671 -1 $-1 $3381 0 $3672 0.7108987849779230261 $3377 $3673 forward @7 unknown #
face $3674 -1 $-1 $3654 $3378 $8 $-1 $3675 forward single #
point $-1 -1 $-1 0.3000000000000014877 4.611403508771928728 -0.5 #
point $-1 -1 $-1 0.3000000000000014877 4.611403508771928728 0.5 #
point $-1 -1 $-1 0.3000000000000015987 6.716666666666665009 0.5 #
color-adesk-attrib $-1 -1 $-1 $-1 $3389 256 #
straight-curve $-1 -1 $-1 0.8813210369286286205 6.424110196761102287 0.5 -0.8943400568132721107 0.447387821447156997 0 I I #
color-adesk-attrib $-1 -1 $-1 $-1 $3390 256 #
straight-curve $-1 -1 $-1 0.8813210369286286205 6.424110196761102287 -0.5 -0.8943400568132721107 0.447387821447156997 0 F 0 F 0.6500000000000000222 #
color-adesk-attrib $-1 -1 $-1 $-1 $3391 256 #
plane-surface $-1 -1 $-1 0.8813210369286286205 6.424110196761102287 -0.5 0.447387821447156997 0.8943400568132721107 0 -0.8943400568132721107 0.447387821447156997 0 forward_v I I I I #
coedge $-1 -1 $-1 $3395 $3394 $3487 $3622 reversed $3355 $-1 #
coedge $-1 -1 $-1 $3488 $3487 $3398 $3540 reversed $3221 $-1 #
edge $3676 -1 $-1 $3650 0 $3542 0.7108987849779230261 $3539 $3677 forward @7 unknown #
color-adesk-attrib $-1 -1 $-1 $-1 $3399 256 #
vertex $-1 -1 $-1 $3622 $3678 #
straight-curve $-1 -1 $-1 0.8813210369286283985 5.722355810796191378 0.5 -0.8943400568132721107 0.447387821447156997 0 I I #
color-adesk-attrib $-1 -1 $-1 $-1 $3402 256 #
vertex $-1 -1 $-1 $3402 $3679 #
straight-curve $-1 -1 $-1 0.8813210369286283985 5.722355810796191378 -0.5 -0.8943400568132721107 0.447387821447156997 0 F 0 F 0.6500000000000000222 #
color-adesk-attrib $-1 -1 $-1 $-1 $3404 256 #
straight-curve $-1 -1 $-1 0.8813210369286286205 6.424110196761102287 -0.5 0 0 1 I I #
point $-1 -1 $-1 0.8813210369286286205 6.424110196761102287 -0.5 #
point $-1 -1 $-1 0.8813210369286286205 6.424110196761102287 0.5 #
color-adesk-attrib $-1 -1 $-1 $-1 $3418 256 #
face $3680 -1 $-1 $3528 $3681 $8 $-1 $3682 forward single #
loop $-1 -1 $-1 $-1 $3640 $3418 #
plane-surface $-1 -1 $-1 0.3000000000000014322 3.207894736842103356 -0.5 0.5756064361146089325 -0.8177268680332319128 0 0.8177268680332319128 0.5756064361146089325 0 forward_v I I I I #
coedge $-1 -1 $-1 $3683 $3684 $3685 $3686 forward $3419 $-1 #
coedge $-1 -1 $-1 $3687 $3421 $3684 $3688 forward $3289 $-1 #
coedge $-1 -1 $-1 $3421 $3687 $3630 $3689 reversed $3289 $-1 #
coedge $-1 -1 $-1 $3690 $3685 $3421 $3559 reversed $102 $-1 #
edge $3691 -1 $-1 $3692 0 $3693 0.7108987849779230261 $3421 $3694 forward @7 unknown #
coedge $-1 -1 $-1 $3423 $3422 $3695 $3696 reversed $3155 $-1 #
coedge $-1 -1 $-1 $3697 $3698 $3422 $3562 forward $3699 $-1 #
edge $3700 -1 $-1 $3701 -0.75 $3565 0.25 $3561 $3702 forward @7 unknown #
coedge $-1 -1 $-1 $3424 $3703 $3697 $3704 forward $102 $-1 #
color-adesk-attrib $-1 -1 $-1 $-1 $3425 256 #
vertex $-1 -1 $-1 $3425 $3705 #
straight-curve $-1 -1 $-1 0.8813210369286281765 0.8100751090418043532 -0.5 -0.8943400568132721107 0.447387821447156997 0 F 0 F 0.6500000000000000222 #
coedge $-1 -1 $-1 $3695 $3706 $3426 $3568 forward $264 $-1 #
edge $3707 -1 $-1 $3576 0 $3570 0.7108987849779230261 $3426 $3708 forward @7 unknown #
color-adesk-attrib $-1 -1 $-1 $-1 $3427 256 #
vertex $-1 -1 $-1 $3427 $3709 #
straight-curve $-1 -1 $-1 0.8813210369286281765 0.8100751090418043532 -0.5 0 0 1 I I #
coedge $-1 -1 $-1 $3710 $3428 $3706 $3711 reversed $3574 $-1 #
coedge $-1 -1 $-1 $3428 $3710 $3430 $3579 reversed $3574 $-1 #
loop $-1 -1 $-1 $-1 $3428 $3628 #
color-adesk-attrib $-1 -1 $-1 $-1 $3429 256 #
vertex $-1 -1 $-1 $3568 $3712 #
straight-curve $-1 -1 $-1 0.2999999999999999889 0.4008771929824552771 -0.25 0 0 1 I I #
coedge $-1 -1 $-1 $3443 $3430 $3713 $3714 reversed $102 $-1 #
edge $3715 -1 $-1 $3432 -0.4008771929824561653 $3716 -0.3991228070175409925 $3573 $277 forward @7 unknown #
point $-1 -1 $-1 0.3000000000000012101 0.4008771929824561653 -0.5 #
point $-1 -1 $-1 0.8813210369286281765 0.8100751090418043532 -0.5 #
coedge $-1 -1 $-1 $3717 $3435 $3438 $3586 forward $264 $-1 #
color-adesk-attrib $-1 -1 $-1 $-1 $3436 256 #
straight-curve $-1 -1 $-1 0.8813210369286281765 -0.5934336628880210185 0.5 -0.8943400568132721107 0.447387821447156997 0 I I #
coedge $-1 -1 $-1 $3438 $3437 $3718 $3719 forward $3439 $-1 #
edge $3720 -1 $-1 $3441 -0.3026315789473699169 $3721 -0.3008771929824582969 $3438 $352 forward @7 unknown #
face $3722 -1 $-1 $3188 $3439 $8 $-1 $354 reversed single #
point $-1 -1 $-1 0.3000000000000011546 -0.3026315789473699169 0.5 #
coedge $-1 -1 $-1 $3723 $3718 $3443 $3590 forward $3724 $-1 #
edge $3725 -1 $-1 $3592 0 $3726 0.7108987849779230261 $3589 $3727 forward @7 unknown #
color-adesk-attrib $-1 -1 $-1 $-1 $3444 256 #
vertex $-1 -1 $-1 $3444 $3728 #
coedge $-1 -1 $-1 $3446 $3458 $3729 $3730 forward $264 $-1 #
coedge $-1 -1 $-1 $3729 $3454 $3450 $3595 reversed $3600 $-1 #
edge $3731 -1 $-1 $3597 -0.75 $3457 0.25 $3450 $3732 forward @7 unknown #
color-adesk-attrib $-1 -1 $-1 $-1 $3451 256 #
vertex $-1 -1 $-1 $3451 $3733 #
color-adesk-attrib $-1 -1 $-1 $-1 $3452 256 #
coedge $-1 -1 $-1 $3454 $3729 $3464 $3609 reversed $3600 $-1 #
loop $-1 -1 $-1 $-1 $3454 $3734 #
color-adesk-attrib $-1 -1 $-1 $-1 $3455 256 #
straight-curve $-1 -1 $-1 0.8813210369286279544 -1.295188048852931928 -0.5 -0.8943400568132721107 0.447387821447156997 0 F 0 F 0.6500000000000000222 #
point $-1 -1 $-1 0.3000000000000010991 -1.004385964912280826 -0.5 #
coedge $-1 -1 $-1 $3459 $3464 $3458 $3605 reversed $3465 $-1 #
edge $3735 -1 $-1 $3462 0 $3736 0.7108987849779230261 $3604 $3737 forward @7 unknown #
color-adesk-attrib $-1 -1 $-1 $-1 $3460 256 #
straight-curve $-1 -1 $-1 0.2999999999999999889 -1.704385964912281004 -0.25 0 0 1 I I #
point $-1 -1 $-1 0.3000000000000010991 -1.704385964912280116 0.5 #
edge $3738 -1 $-1 $3467 0 $3736 1 $3599 $3739 forward @7 unknown #
face $3740 -1 $-1 $3734 $3465 $8 $-1 $3741 forward single #
point $-1 -1 $-1 0.8813210369286279544 -1.295188048852931928 -0.5 #
color-adesk-attrib $-1 -1 $-1 $-1 $3471 256 #
straight-curve $-1 -1 $-1 0.8813210369286279544 -2.6986968207827573 0.5 -0.8943400568132721107 0.447387821447156997 0 I I #
color-adesk-attrib $-1 -1 $-1 $-1 $3475 256 #
plane-surface $-1 -1 $-1 0.8813210369286279544 -2.6986968207827573 -0.5 0.447387821447156997 0.8943400568132721107 0 -0.8943400568132721107 0.447387821447156997 0 forward_v I I I I #
point $-1 -1 $-1 0.8813210369286279544 -2.6986968207827573 0.5 #
color-adesk-attrib $-1 -1 $-1 $-1 $3484 256 #
face $3742 -1 $-1 $3743 $3744 $8 $-1 $3745 forward single #
loop $-1 -1 $-1 $-1 $3658 $3484 #
plane-surface $-1 -1 $-1 0.8813210369286283985 4.318847038866366006 -0.5 0.447387821447156997 0.8943400568132721107 0 -0.8943400568132721107 0.447387821447156997 0 forward_v I I I I #
coedge $-1 -1 $-1 $3746 $3747 $3664 $3748 forward $3485 $-1 #
edge $3749 -1 $-1 $3545 0 $3542 1 $3538 $3750 forward @7 unknown #
edge $3751 -1 $-1 $3625 -0.25 $3650 0.75 $3503 $3752 forward @7 unknown #
color-adesk-attrib $-1 -1 $-1 $-1 $3489 256 #
vertex $-1 -1 $-1 $3505 $3753 #
straight-curve $-1 -1 $-1 0.3000000000000015432 5.31315789473684319 -0.5 0.8177268680332318018 0.5756064361146088215 0 F 0 F 0.7108987849779230261 #
color-adesk-attrib $-1 -1 $-1 $-1 $3496 256 #
face $3754 -1 $-1 $3755 $3574 $8 $-1 $354 reversed single #
loop $-1 -1 $-1 $-1 $3756 $3496 #
coedge $-1 -1 $-1 $3757 $3758 $3557 $3689 forward $3497 $-1 #
coedge $-1 -1 $-1 $3759 $3498 $3760 $3761 reversed $3365 $-1 #
coedge $-1 -1 $-1 $3498 $3759 $3762 $3763 reversed $3365 $-1 #
coedge $-1 -1 $-1 $3764 $3765 $3498 $3634 reversed $3681 $-1 #
edge $3766 -1 $-1 $3767 -0.75 $3768 0.25 $3498 $3769 forward @7 unknown #
coedge $-1 -1 $-1 $3500 $3499 $3770 $3771 forward $3233 $-1 #
coedge $-1 -1 $-1 $3772 $3773 $3499 $3637 forward $264 $-1 #
edge $3774 -1 $-1 $3775 3.206140350877191736 $3644 3.207894736842103356 $3499 $352 forward @7 unknown #
coedge $-1 -1 $-1 $3776 $3777 $3500 $3639 forward $102 $-1 #
edge $3778 -1 $-1 $3643 -3.207894736842103356 $3779 -3.206140350877191736 $3500 $277 forward @7 unknown #
coedge $-1 -1 $-1 $3780 $3501 $3777 $3781 forward $3553 $-1 #
coedge $-1 -1 $-1 $3501 $3780 $3772 $3782 reversed $3553 $-1 #
color-adesk-attrib $-1 -1 $-1 $-1 $3502 256 #
vertex $-1 -1 $-1 $3639 $3783 #
vertex $-1 -1 $-1 $3782 $3784 #
straight-curve $-1 -1 $-1 0.3000000000000000444 3.207894736842102024 -0.25 0 0 1 I I #
coedge $-1 -1 $-1 $3522 $3504 $3509 $3653 reversed $102 $-1 #
color-adesk-attrib $-1 -1 $-1 $-1 $3505 256 #
coedge $-1 -1 $-1 $3506 $3517 $3508 $3652 forward $264 $-1 #
color-adesk-attrib $-1 -1 $-1 $-1 $3507 256 #
vertex $-1 -1 $-1 $3540 $3785 #
coedge $-1 -1 $-1 $3509 $3508 $3525 $3667 reversed $3510 $-1 #
edge $3786 -1 $-1 $3672 0 $3512 0.6500000000000000222 $3508 $3787 forward @7 unknown #
edge $3788 -1 $-1 $3669 0 $3513 0.6500000000000000222 $3509 $3789 forward @7 unknown #
face $3790 -1 $-1 $3264 $3510 $8 $-1 $3791 forward single #
point $-1 -1 $-1 0.3000000000000014877 5.311403508771928017 0.5 #
point $-1 -1 $-1 0.3000000000000014877 5.311403508771928017 -0.5 #
coedge $-1 -1 $-1 $3792 $3515 $3518 $3662 reversed $3619 $-1 #
coedge $-1 -1 $-1 $3515 $3792 $3521 $3665 forward $3619 $-1 #
color-adesk-attrib $-1 -1 $-1 $-1 $3516 256 #
straight-curve $-1 -1 $-1 0.3000000000000000444 4.609649122807018884 -0.25 0 0 -1 I I #
coedge $-1 -1 $-1 $3518 $3762 $3793 $3794 forward $264 $-1 #
edge $3795 -1 $-1 $3796 0 $3520 0.6500000000000000222 $3657 $3797 forward @7 unknown #
point $-1 -1 $-1 0.3000000000000014322 4.609649122807017108 0.5 #
coedge $-1 -1 $-1 $3760 $3521 $3621 $3748 reversed $102 $-1 #
edge $3798 -1 $-1 $3799 0 $3524 0.6500000000000000222 $3658 $3800 forward @7 unknown #
point $-1 -1 $-1 0.3000000000000014322 4.609649122807017108 -0.5 #
edge $3801 -1 $-1 $3669 0 $3672 1 $3651 $3802 forward @7 unknown #
color-adesk-attrib $-1 -1 $-1 $-1 $3526 256 #
vertex $-1 -1 $-1 $3653 $3803 #
straight-curve $-1 -1 $-1 0.3000000000000014877 4.611403508771928728 -0.5 0.8177268680332318018 0.5756064361146088215 0 F 0 F 0.7108987849779230261 #
color-adesk-attrib $-1 -1 $-1 $-1 $3527 256 #
vertex $-1 -1 $-1 $3667 $3804 #
straight-curve $-1 -1 $-1 0.3000000000000014877 4.611403508771928728 0.5 0.8177268680332318018 0.5756064361146088215 0 I I #
color-adesk-attrib $-1 -1 $-1 $-1 $3528 256 #
plane-surface $-1 -1 $-1 0.3000000000000014877 4.611403508771928728 -0.5 0.5756064361146089325 -0.8177268680332319128 0 0.8177268680332319128 0.5756064361146089325 0 forward_v I I I I #
color-adesk-attrib $-1 -1 $-1 $-1 $3540 256 #
straight-curve $-1 -1 $-1 0.3000000000000015432 5.31315789473684319 0.5 0.8177268680332318018 0.5756064361146088215 0 I I #
point $-1 -1 $-1 0.8813210369286283985 5.722355810796191378 0.5 #
point $-1 -1 $-1 0.8813210369286283985 5.722355810796191378 -0.5 #
color-adesk-attrib $-1 -1 $-1 $-1 $3552 256 #
loop $-1 -1 $-1 $-1 $3765 $3552 #
plane-surface $-1 -1 $-1 0.8813210369286283985 3.617092652901451544 -0.5 0.447387821447156997 0.8943400568132721107 0 -0.8943400568132721107 0.447387821447156997 0 forward_v I I I I #
coedge $-1 -1 $-1 $3805 $3555 $3756 $3806 reversed $3419 $-1 #
coedge $-1 -1 $-1 $3555 $3805 $3556 $3688 reversed $3419 $-1 #
coedge $-1 -1 $-1 $3558 $3807 $3555 $3686 reversed $102 $-1 #
edge $3808 -1 $-1 $3693 0 $3809 0.6500000000000000222 $3555 $3810 forward @7 unknown #
coedge $-1 -1 $-1 $3557 $3556 $3811 $3812 reversed $3289 $-1 #
edge $3813 -1 $-1 $3693 0 $3814 1 $3684 $3815 forward @7 unknown #
edge $3816 -1 $-1 $3692 -0.25 $3817 0.75 $3630 $3818 forward @7 unknown #
coedge $-1 -1 $-1 $3819 $3558 $3758 $3820 forward $102 $-1 #
color-adesk-attrib $-1 -1 $-1 $-1 $3559 256 #
vertex $-1 -1 $-1 $3820 $3821 #
vertex $-1 -1 $-1 $3686 $3822 #
straight-curve $-1 -1 $-1 0.3000000000000013212 1.804385964912281537 -0.5 0.8177268680332318018 0.5756064361146088215 0 F 0 F 0.7108987849779230261 #
coedge $-1 -1 $-1 $3823 $3567 $3560 $3696 forward $264 $-1 #
edge $3824 -1 $-1 $3570 0 $3701 0.6500000000000000222 $3560 $3825 forward @7 unknown #
coedge $-1 -1 $-1 $3826 $3561 $3563 $3704 reversed $3699 $-1 #
coedge $-1 -1 $-1 $3561 $3826 $3823 $3827 reversed $3699 $-1 #
loop $-1 -1 $-1 $-1 $3561 $3755 #
color-adesk-attrib $-1 -1 $-1 $-1 $3562 256 #
vertex $-1 -1 $-1 $3827 $3828 #
straight-curve $-1 -1 $-1 0.3000000000000000444 1.100877192982457231 -0.25 0 0 -1 I I #
coedge $-1 -1 $-1 $3563 $3819 $3829 $3830 reversed $102 $-1 #
edge $3831 -1 $-1 $3832 -1.102631578947367075 $3565 -1.100877192982455455 $3697 $277 forward @7 unknown #
point $-1 -1 $-1 0.3000000000000012101 1.100877192982455455 -0.5 #
coedge $-1 -1 $-1 $3567 $3833 $3572 $3711 forward $264 $-1 #
color-adesk-attrib $-1 -1 $-1 $-1 $3568 256 #
straight-curve $-1 -1 $-1 0.3000000000000012101 0.4008771929824561653 0.5 0.8177268680332318018 0.5756064361146088215 0 I I #
point $-1 -1 $-1 0.8813210369286281765 0.8100751090418043532 0.5 #
coedge $-1 -1 $-1 $3573 $3572 $3834 $3835 forward $3574 $-1 #
edge $3836 -1 $-1 $3837 0.3991228070175409925 $3576 0.4008771929824561653 $3572 $352 forward @7 unknown #
point $-1 -1 $-1 0.3000000000000012101 0.4008771929824561653 0.5 #
coedge $-1 -1 $-1 $3834 $3838 $3578 $3714 forward $3839 $-1 #
edge $3840 -1 $-1 $3726 0 $3716 0.6500000000000000222 $3713 $3841 forward @7 unknown #
color-adesk-attrib $-1 -1 $-1 $-1 $3579 256 #
vertex $-1 -1 $-1 $3714 $3842 #
coedge $-1 -1 $-1 $3833 $3582 $3843 $3844 forward $264 $-1 #
coedge $-1 -1 $-1 $3589 $3843 $3585 $3719 reversed $3724 $-1 #
edge $3845 -1 $-1 $3592 -0.25 $3721 0.75 $3585 $3846 forward @7 unknown #
color-adesk-attrib $-1 -1 $-1 $-1 $3586 256 #
vertex $-1 -1 $-1 $3844 $3847 #
color-adesk-attrib $-1 -1 $-1 $-1 $3587 256 #
coedge $-1 -1 $-1 $3843 $3589 $3838 $3848 forward $3724 $-1 #
loop $-1 -1 $-1 $-1 $3589 $3849 #
color-adesk-attrib $-1 -1 $-1 $-1 $3590 256 #
vertex $-1 -1 $-1 $3714 $3850 #
straight-curve $-1 -1 $-1 0.3000000000000012101 -0.3008771929824582969 -0.5 0.8177268680332318018 0.5756064361146088215 0 F 0 F 0.7108987849779230261 #
point $-1 -1 $-1 0.3000000000000012101 -0.3008771929824582969 -0.5 #
coedge $-1 -1 $-1 $3599 $3594 $3593 $3730 reversed $3600 $-1 #
edge $3851 -1 $-1 $3736 0 $3597 0.6500000000000000222 $3729 $3852 forward @7 unknown #
color-adesk-attrib $-1 -1 $-1 $-1 $3595 256 #
straight-curve $-1 -1 $-1 0.2999999999999999889 -1.004385964912279272 -0.25 0 0 -1 I I #
point $-1 -1 $-1 0.3000000000000010991 -1.004385964912280826 0.5 #
face $3853 -1 $-1 $3346 $3600 $8 $-1 $3854 forward single #
color-adesk-attrib $-1 -1 $-1 $-1 $3605 256 #
vertex $-1 -1 $-1 $3609 $3855 #
straight-curve $-1 -1 $-1 0.3000000000000010991 -1.704385964912280116 0.5 0.8177268680332318018 0.5756064361146088215 0 I I #
color-adesk-attrib $-1 -1 $-1 $-1 $3609 256 #
straight-curve $-1 -1 $-1 0.8813210369286279544 -1.295188048852931928 -0.5 0 0 1 I I #
color-adesk-attrib $-1 -1 $-1 $-1 $3610 256 #
plane-surface $-1 -1 $-1 0.3000000000000010991 -1.704385964912280116 -0.5 0.5756064361146089325 -0.8177268680332319128 0 0.8177268680332319128 0.5756064361146089325 0 forward_v I I I I #
color-adesk-attrib $-1 -1 $-1 $-1 $3618 256 #
face $3856 -1 $-1 $3857 $3858 $8 $-1 $3859 forward single #
loop $-1 -1 $-1 $-1 $3860 $3618 #
plane-surface $-1 -1 $-1 0.3000000000000013767 2.506140350877192446 -0.5 0.5756064361146089325 -0.8177268680332319128 0 0.8177268680332319128 0.5756064361146089325 0 forward_v I I I I #
coedge $-1 -1 $-1 $3793 $3621 $3792 $3861 forward $3485 $-1 #
coedge $-1 -1 $-1 $3621 $3793 $3759 $3862 reversed $3485 $-1 #
edge $3863 -1 $-1 $3864 0 $3799 0.7108987849779230261 $3621 $3865 forward @7 unknown #
color-adesk-attrib $-1 -1 $-1 $-1 $3622 256 #
straight-curve $-1 -1 $-1 0.8813210369286283985 5.722355810796191378 -0.5 0 0 1 I I #
color-adesk-attrib $-1 -1 $-1 $-1 $3623 256 #
straight-curve $-1 -1 $-1 0.3000000000000000444 5.31315789473684319 -0.25 0 0 1 I I #
point $-1 -1 $-1 0.3000000000000015432 5.31315789473684319 -0.5 #
color-adesk-attrib $-1 -1 $-1 $-1 $3628 256 #
face $3866 -1 $-1 $3452 $3699 $8 $-1 $354 reversed single #
coedge $-1 -1 $-1 $3867 $3868 $3683 $3806 forward $3629 $-1 #
coedge $-1 -1 $-1 $3869 $3630 $3870 $3871 reversed $3497 $-1 #
coedge $-1 -1 $-1 $3630 $3869 $3690 $3820 reversed $3497 $-1 #
coedge $-1 -1 $-1 $3632 $3631 $3747 $3862 forward $3365 $-1 #
coedge $-1 -1 $-1 $3872 $3664 $3631 $3761 forward $102 $-1 #
edge $3873 -1 $-1 $3864 -3.909649122807017818 $3768 -3.907894736842102645 $3631 $277 forward @7 unknown #
coedge $-1 -1 $-1 $3661 $3874 $3632 $3763 forward $264 $-1 #
edge $3875 -1 $-1 $3767 3.907894736842102645 $3876 3.909649122807017818 $3632 $352 forward @7 unknown #
coedge $-1 -1 $-1 $3877 $3633 $3874 $3878 reversed $3681 $-1 #
coedge $-1 -1 $-1 $3633 $3877 $3872 $3879 forward $3681 $-1 #
color-adesk-attrib $-1 -1 $-1 $-1 $3634 256 #
vertex $-1 -1 $-1 $3763 $3880 #
vertex $-1 -1 $-1 $3879 $3881 #
straight-curve $-1 -1 $-1 0.3000000000000000444 3.907894736842104422 -0.25 0 0 -1 I I #
coedge $-1 -1 $-1 $3882 $3883 $3635 $3771 reversed $3858 $-1 #
edge $3884 -1 $-1 $3775 -0.75 $3779 0.25 $3635 $3885 forward @7 unknown #
coedge $-1 -1 $-1 $3874 $3636 $3641 $3782 forward $264 $-1 #
coedge $-1 -1 $-1 $3636 $3886 $3882 $3887 forward $264 $-1 #
color-adesk-attrib $-1 -1 $-1 $-1 $3637 256 #
vertex $-1 -1 $-1 $3637 $3888 #
coedge $-1 -1 $-1 $3889 $3638 $3883 $3890 reversed $102 $-1 #
coedge $-1 -1 $-1 $3638 $3872 $3640 $3781 reversed $102 $-1 #
color-adesk-attrib $-1 -1 $-1 $-1 $3639 256 #
vertex $-1 -1 $-1 $3890 $3891 #
coedge $-1 -1 $-1 $3641 $3640 $3877 $3892 forward $3553 $-1 #
edge $3893 -1 $-1 $3643 0 $3894 0.7108987849779230261 $3640 $3895 forward @7 unknown #
edge $3896 -1 $-1 $3644 0 $3897 0.7108987849779230261 $3641 $3898 forward @7 unknown #
point $-1 -1 $-1 0.3000000000000014322 3.207894736842103356 -0.5 #
point $-1 -1 $-1 0.3000000000000014322 3.207894736842103356 0.5 #
point $-1 -1 $-1 0.3000000000000015432 5.31315789473684319 0.5 #
color-adesk-attrib $-1 -1 $-1 $-1 $3652 256 #
straight-curve $-1 -1 $-1 0.8813210369286283985 5.020601424831276915 0.5 -0.8943400568132721107 0.447387821447156997 0 I I #
color-adesk-attrib $-1 -1 $-1 $-1 $3653 256 #
straight-curve $-1 -1 $-1 0.8813210369286283985 5.020601424831276915 -0.5 -0.8943400568132721107 0.447387821447156997 0 F 0 F 0.6500000000000000222 #
color-adesk-attrib $-1 -1 $-1 $-1 $3654 256 #
plane-surface $-1 -1 $-1 0.8813210369286283985 5.020601424831276915 -0.5 0.447387821447156997 0.8943400568132721107 0 -0.8943400568132721107 0.447387821447156997 0 forward_v I I I I #
coedge $-1 -1 $-1 $3658 $3657 $3746 $3861 reversed $3619 $-1 #
coedge $-1 -1 $-1 $3747 $3746 $3661 $3794 reversed $3485 $-1 #
edge $3899 -1 $-1 $3876 0 $3796 0.7108987849779230261 $3793 $3900 forward @7 unknown #
color-adesk-attrib $-1 -1 $-1 $-1 $3662 256 #
vertex $-1 -1 $-1 $3861 $3901 #
straight-curve $-1 -1 $-1 0.8813210369286283985 4.318847038866366006 0.5 -0.8943400568132721107 0.447387821447156997 0 I I #
color-adesk-attrib $-1 -1 $-1 $-1 $3665 256 #
vertex $-1 -1 $-1 $3665 $3902 #
straight-curve $-1 -1 $-1 0.8813210369286283985 4.318847038866366006 -0.5 -0.8943400568132721107 0.447387821447156997 0 F 0 F 0.6500000000000000222 #
color-adesk-attrib $-1 -1 $-1 $-1 $3667 256 #
straight-curve $-1 -1 $-1 0.8813210369286283985 5.020601424831276915 -0.5 0 0 1 I I #
point $-1 -1 $-1 0.8813210369286283985 5.020601424831276915 -0.5 #
point $-1 -1 $-1 0.8813210369286283985 5.020601424831276915 0.5 #
coedge $-1 -1 $-1 $3684 $3683 $3903 $3904 reversed $3419 $-1 #
edge $3905 -1 $-1 $3906 -0.75 $3809 0.25 $3756 $3907 forward @7 unknown #
coedge $-1 -1 $-1 $3685 $3889 $3867 $3908 forward $102 $-1 #
color-adesk-attrib $-1 -1 $-1 $-1 $3686 256 #
vertex $-1 -1 $-1 $3686 $3909 #
straight-curve $-1 -1 $-1 0.8813210369286281765 2.213583880971629725 -0.5 -0.8943400568132721107 0.447387821447156997 0 F 0 F 0.6500000000000000222 #
coedge $-1 -1 $-1 $3903 $3870 $3687 $3812 forward $264 $-1 #
edge $3910 -1 $-1 $3817 0 $3814 0.7108987849779230261 $3687 $3911 forward @7 unknown #
color-adesk-attrib $-1 -1 $-1 $-1 $3688 256 #
vertex $-1 -1 $-1 $3688 $3912 #
straight-curve $-1 -1 $-1 0.8813210369286281765 2.213583880971629725 -0.5 0 0 1 I I #
color-adesk-attrib $-1 -1 $-1 $-1 $3689 256 #
vertex $-1 -1 $-1 $3812 $3913 #
straight-curve $-1 -1 $-1 0.3000000000000000444 1.804385964912280649 -0.25 0 0 1 I I #
coedge $-1 -1 $-1 $3703 $3690 $3914 $3915 reversed $102 $-1 #
edge $3916 -1 $-1 $3692 -1.804385964912281537 $3917 -1.802631578947366364 $3758 $277 forward @7 unknown #
point $-1 -1 $-1 0.3000000000000013212 1.804385964912281537 -0.5 #
point $-1 -1 $-1 0.8813210369286281765 2.213583880971629725 -0.5 #
coedge $-1 -1 $-1 $3918 $3695 $3698 $3827 forward $264 $-1 #
color-adesk-attrib $-1 -1 $-1 $-1 $3696 256 #
straight-curve $-1 -1 $-1 0.8813210369286281765 0.8100751090418043532 0.5 -0.8943400568132721107 0.447387821447156997 0 I I #
coedge $-1 -1 $-1 $3698 $3697 $3919 $3920 forward $3699 $-1 #
edge $3921 -1 $-1 $3701 1.100877192982455455 $3922 1.102631578947367075 $3698 $352 forward @7 unknown #
point $-1 -1 $-1 0.3000000000000012101 1.100877192982455455 0.5 #
coedge $-1 -1 $-1 $3923 $3919 $3703 $3830 forward $3924 $-1 #
edge $3925 -1 $-1 $3832 0 $3926 0.7108987849779230261 $3829 $3927 forward @7 unknown #
color-adesk-attrib $-1 -1 $-1 $-1 $3704 256 #
vertex $-1 -1 $-1 $3704 $3928 #
coedge $-1 -1 $-1 $3706 $3717 $3929 $3930 forward $264 $-1 #
coedge $-1 -1 $-1 $3929 $3713 $3710 $3835 reversed $3839 $-1 #
edge $3931 -1 $-1 $3837 -0.75 $3716 0.25 $3710 $3932 forward @7 unknown #
color-adesk-attrib $-1 -1 $-1 $-1 $3711 256 #
vertex $-1 -1 $-1 $3711 $3933 #
coedge $-1 -1 $-1 $3713 $3929 $3723 $3848 reversed $3839 $-1 #
loop $-1 -1 $-1 $-1 $3713 $3934 #
color-adesk-attrib $-1 -1 $-1 $-1 $3714 256 #
straight-curve $-1 -1 $-1 0.8813210369286281765 0.108320723076889891 -0.5 -0.8943400568132721107 0.447387821447156997 0 F 0 F 0.6500000000000000222 #
point $-1 -1 $-1 0.3000000000000012101 0.3991228070175409925 -0.5 #
coedge $-1 -1 $-1 $3718 $3723 $3717 $3844 reversed $3724 $-1 #
edge $3935 -1 $-1 $3721 0 $3936 0.7108987849779230261 $3843 $3937 forward @7 unknown #
color-adesk-attrib $-1 -1 $-1 $-1 $3719 256 #
straight-curve $-1 -1 $-1 0.2999999999999999889 -0.3008771929824591851 -0.25 0 0 1 I I #
point $-1 -1 $-1 0.3000000000000012101 -0.3008771929824582969 0.5 #
edge $3938 -1 $-1 $3726 0 $3936 1 $3838 $3939 forward @7 unknown #
face $3940 -1 $-1 $3934 $3724 $8 $-1 $3941 forward single #
point $-1 -1 $-1 0.8813210369286281765 0.108320723076889891 -0.5 #
color-adesk-attrib $-1 -1 $-1 $-1 $3730 256 #
straight-curve $-1 -1 $-1 0.8813210369286279544 -1.295188048852931928 0.5 -0.8943400568132721107 0.447387821447156997 0 I I #
color-adesk-attrib $-1 -1 $-1 $-1 $3734 256 #
plane-surface $-1 -1 $-1 0.8813210369286279544 -1.295188048852931928 -0.5 0.447387821447156997 0.8943400568132721107 0 -0.8943400568132721107 0.447387821447156997 0 forward_v I I I I #
point $-1 -1 $-1 0.8813210369286279544 -1.295188048852931928 0.5 #
color-adesk-attrib $-1 -1 $-1 $-1 $3743 256 #
face $3942 -1 $-1 $3943 $3924 $8 $-1 $3944 forward single #
loop $-1 -1 $-1 $-1 $3883 $3743 #
plane-surface $-1 -1 $-1 0.8813210369286283985 2.915338266936540634 -0.5 0.447387821447156997 0.8943400568132721107 0 -0.8943400568132721107 0.447387821447156997 0 forward_v I I I I #
coedge $-1 -1 $-1 $3945 $3946 $3889 $3947 forward $3744 $-1 #
edge $3948 -1 $-1 $3799 0 $3796 1 $3792 $3949 forward @7 unknown #
edge $3950 -1 $-1 $3864 -0.25 $3876 0.75 $3759 $3951 forward @7 unknown #
color-adesk-attrib $-1 -1 $-1 $-1 $3748 256 #
vertex $-1 -1 $-1 $3761 $3952 #
straight-curve $-1 -1 $-1 0.3000000000000014322 3.909649122807017818 -0.5 0.8177268680332318018 0.5756064361146088215 0 F 0 F 0.7108987849779230261 #
color-adesk-attrib $-1 -1 $-1 $-1 $3755 256 #
coedge $-1 -1 $-1 $3953 $3756 $3807 $3908 reversed $3629 $-1 #
coedge $-1 -1 $-1 $3756 $3953 $3954 $3955 reversed $3629 $-1 #
coedge $-1 -1 $-1 $3758 $3757 $3956 $3957 forward $3497 $-1 #
coedge $-1 -1 $-1 $3811 $3958 $3757 $3871 forward $264 $-1 #
edge $3959 -1 $-1 $3960 1.802631578947366364 $3817 1.804385964912281537 $3757 $352 forward @7 unknown #
coedge $-1 -1 $-1 $3777 $3760 $3765 $3879 reversed $102 $-1 #
color-adesk-attrib $-1 -1 $-1 $-1 $3761 256 #
coedge $-1 -1 $-1 $3762 $3772 $3764 $3878 forward $264 $-1 #
color-adesk-attrib $-1 -1 $-1 $-1 $3763 256 #
vertex $-1 -1 $-1 $3794 $3961 #
coedge $-1 -1 $-1 $3765 $3764 $3780 $3892 reversed $3681 $-1 #
edge $3962 -1 $-1 $3897 0 $3767 0.6500000000000000222 $3764 $3963 forward @7 unknown #
edge $3964 -1 $-1 $3894 0 $3768 0.6500000000000000222 $3765 $3965 forward @7 unknown #
point $-1 -1 $-1 0.3000000000000014322 3.907894736842102645 0.5 #
point $-1 -1 $-1 0.3000000000000014322 3.907894736842102645 -0.5 #
coedge $-1 -1 $-1 $3966 $3770 $3773 $3887 reversed $3858 $-1 #
coedge $-1 -1 $-1 $3770 $3966 $3776 $3890 forward $3858 $-1 #
color-adesk-attrib $-1 -1 $-1 $-1 $3771 256 #
straight-curve $-1 -1 $-1 0.3000000000000000444 3.206140350877193512 -0.25 0 0 -1 I I #
coedge $-1 -1 $-1 $3773 $3954 $3967 $3968 forward $264 $-1 #
edge $3969 -1 $-1 $3970 0 $3775 0.6500000000000000222 $3882 $3971 forward @7 unknown #
point $-1 -1 $-1 0.3000000000000013767 3.206140350877191736 0.5 #
coedge $-1 -1 $-1 $3807 $3776 $3860 $3947 reversed $102 $-1 #
edge $3972 -1 $-1 $3973 0 $3779 0.6500000000000000222 $3883 $3974 forward @7 unknown #
point $-1 -1 $-1 0.3000000000000013767 3.206140350877191736 -0.5 #
edge $3975 -1 $-1 $3894 0 $3897 1 $3877 $3976 forward @7 unknown #
color-adesk-attrib $-1 -1 $-1 $-1 $3781 256 #
vertex $-1 -1 $-1 $3879 $3977 #
straight-curve $-1 -1 $-1 0.3000000000000014322 3.207894736842103356 -0.5 0.8177268680332318018 0.5756064361146088215 0 F 0 F 0.7108987849779230261 #
color-adesk-attrib $-1 -1 $-1 $-1 $3782 256 #
vertex $-1 -1 $-1 $3892 $3978 #
straight-curve $-1 -1 $-1 0.3000000000000014322 3.207894736842103356 0.5 0.8177268680332318018 0.5756064361146088215 0 I I #
color-adesk-attrib $-1 -1 $-1 $-1 $3794 256 #
straight-curve $-1 -1 $-1 0.3000000000000014322 3.909649122807017818 0.5 0.8177268680332318018 0.5756064361146088215 0 I I #
point $-1 -1 $-1 0.8813210369286283985 4.318847038866366006 0.5 #
point $-1 -1 $-1 0.8813210369286283985 4.318847038866366006 -0.5 #
coedge $-1 -1 $-1 $3954 $3811 $3805 $3904 forward $264 $-1 #
edge $3979 -1 $-1 $3814 0 $3906 0.6500000000000000222 $3805 $3980 forward @7 unknown #
color-adesk-attrib $-1 -1 $-1 $-1 $3806 256 #
vertex $-1 -1 $-1 $3955 $3981 #
straight-curve $-1 -1 $-1 0.3000000000000000444 2.504385964912282603 -0.25 0 0 -1 I I #
edge $3982 -1 $-1 $3983 -2.506140350877192446 $3809 -2.504385964912280826 $3867 $277 forward @7 unknown #
point $-1 -1 $-1 0.3000000000000013212 2.504385964912280826 -0.5 #
color-adesk-attrib $-1 -1 $-1 $-1 $3812 256 #
straight-curve $-1 -1 $-1 0.3000000000000013212 1.804385964912281537 0.5 0.8177268680332318018 0.5756064361146088215 0 I I #
point $-1 -1 $-1 0.8813210369286281765 2.213583880971629725 0.5 #
point $-1 -1 $-1 0.3000000000000013212 1.804385964912281537 0.5 #
coedge $-1 -1 $-1 $3956 $3984 $3819 $3915 forward $3985 $-1 #
edge $3986 -1 $-1 $3926 0 $3917 0.6500000000000000222 $3914 $3987 forward @7 unknown #
color-adesk-attrib $-1 -1 $-1 $-1 $3820 256 #
vertex $-1 -1 $-1 $3915 $3988 #
coedge $-1 -1 $-1 $3958 $3823 $3989 $3990 forward $264 $-1 #
coedge $-1 -1 $-1 $3829 $3989 $3826 $3920 reversed $3924 $-1 #
edge $3991 -1 $-1 $3832 -0.25 $3922 0.75 $3826 $3992 forward @7 unknown #
color-adesk-attrib $-1 -1 $-1 $-1 $3827 256 #
vertex $-1 -1 $-1 $3990 $3993 #
coedge $-1 -1 $-1 $3989 $3829 $3984 $3994 forward $3924 $-1 #
loop $-1 -1 $-1 $-1 $3829 $3857 #
color-adesk-attrib $-1 -1 $-1 $-1 $3830 256 #
vertex $-1 -1 $-1 $3915 $3995 #
straight-curve $-1 -1 $-1 0.3000000000000012657 1.102631578947367075 -0.5 0.8177268680332318018 0.5756064361146088215 0 F 0 F 0.7108987849779230261 #
point $-1 -1 $-1 0.3000000000000012657 1.102631578947367075 -0.5 #
coedge $-1 -1 $-1 $3838 $3834 $3833 $3930 reversed $3839 $-1 #
edge $3996 -1 $-1 $3936 0 $3837 0.6500000000000000222 $3929 $3997 forward @7 unknown #
color-adesk-attrib $-1 -1 $-1 $-1 $3835 256 #
straight-curve $-1 -1 $-1 0.2999999999999999889 0.3991228070175426579 -0.25 0 0 -1 I I #
point $-1 -1 $-1 0.3000000000000012101 0.3991228070175409925 0.5 #
face $3998 -1 $-1 $3610 $3839 $8 $-1 $3999 forward single #
color-adesk-attrib $-1 -1 $-1 $-1 $3844 256 #
vertex $-1 -1 $-1 $3848 $4000 #
straight-curve $-1 -1 $-1 0.3000000000000012101 -0.3008771929824582969 0.5 0.8177268680332318018 0.5756064361146088215 0 I I #
color-adesk-attrib $-1 -1 $-1 $-1 $3848 256 #
straight-curve $-1 -1 $-1 0.8813210369286281765 0.108320723076889891 -0.5 0 0 1 I I #
color-adesk-attrib $-1 -1 $-1 $-1 $3849 256 #
plane-surface $-1 -1 $-1 0.3000000000000012101 -0.3008771929824582969 -0.5 0.5756064361146089325 -0.8177268680332319128 0 0.8177268680332319128 0.5756064361146089325 0 forward_v I I I I #
color-adesk-attrib $-1 -1 $-1 $-1 $3857 256 #
face $4001 -1 $-1 $3849 $3985 $8 $-1 $4002 forward single #
plane-surface $-1 -1 $-1 0.3000000000000012657 1.102631578947367075 -0.5 0.5756064361146089325 -0.8177268680332319128 0 0.8177268680332319128 0.5756064361146089325 0 forward_v I I I I #
coedge $-1 -1 $-1 $3967 $3860 $3966 $4003 forward $3744 $-1 #
coedge $-1 -1 $-1 $3860 $3967 $3953 $4004 reversed $3744 $-1 #
edge $4005 -1 $-1 $3983 0 $3973 0.7108987849779230261 $3860 $4006 forward @7 unknown #
color-adesk-attrib $-1 -1 $-1 $-1 $3861 256 #
straight-curve $-1 -1 $-1 0.8813210369286283985 4.318847038866366006 -0.5 0 0 1 I I #
color-adesk-attrib $-1 -1 $-1 $-1 $3862 256 #
straight-curve $-1 -1 $-1 0.3000000000000000444 3.90964912280701693 -0.25 0 0 1 I I #
point $-1 -1 $-1 0.3000000000000014322 3.909649122807017818 -0.5 #
coedge $-1 -1 $-1 $3868 $3867 $3946 $4004 forward $3629 $-1 #
coedge $-1 -1 $-1 $3886 $3903 $3868 $3955 forward $264 $-1 #
edge $4007 -1 $-1 $3906 2.504385964912280826 $4008 2.506140350877192446 $3868 $352 forward @7 unknown #
coedge $-1 -1 $-1 $4009 $3914 $3869 $3957 reversed $3985 $-1 #
edge $4010 -1 $-1 $3960 -0.75 $3917 0.25 $3869 $4011 forward @7 unknown #
coedge $-1 -1 $-1 $3870 $3918 $4009 $4012 forward $264 $-1 #
color-adesk-attrib $-1 -1 $-1 $-1 $3871 256 #
vertex $-1 -1 $-1 $3871 $4013 #
point $-1 -1 $-1 0.3000000000000014322 3.909649122807017818 0.5 #
color-adesk-attrib $-1 -1 $-1 $-1 $3878 256 #
straight-curve $-1 -1 $-1 0.8813210369286283985 3.617092652901451544 0.5 -0.8943400568132721107 0.447387821447156997 0 I I #
color-adesk-attrib $-1 -1 $-1 $-1 $3879 256 #
straight-curve $-1 -1 $-1 0.8813210369286283985 3.617092652901451544 -0.5 -0.8943400568132721107 0.447387821447156997 0 F 0 F 0.6500000000000000222 #
coedge $-1 -1 $-1 $3883 $3882 $3945 $4003 reversed $3858 $-1 #
coedge $-1 -1 $-1 $3946 $3945 $3886 $3968 reversed $3744 $-1 #
edge $4014 -1 $-1 $4008 0 $3970 0.7108987849779230261 $3967 $4015 forward @7 unknown #
color-adesk-attrib $-1 -1 $-1 $-1 $3887 256 #
vertex $-1 -1 $-1 $4003 $4016 #
straight-curve $-1 -1 $-1 0.8813210369286283985 2.915338266936540634 0.5 -0.8943400568132721107 0.447387821447156997 0 I I #
color-adesk-attrib $-1 -1 $-1 $-1 $3890 256 #
vertex $-1 -1 $-1 $3890 $4017 #
straight-curve $-1 -1 $-1 0.8813210369286283985 2.915338266936540634 -0.5 -0.8943400568132721107 0.447387821447156997 0 F 0 F 0.6500000000000000222 #
color-adesk-attrib $-1 -1 $-1 $-1 $3892 256 #
straight-curve $-1 -1 $-1 0.8813210369286283985 3.617092652901451544 -0.5 0 0 1 I I #
point $-1 -1 $-1 0.8813210369286283985 3.617092652901451544 -0.5 #
point $-1 -1 $-1 0.8813210369286283985 3.617092652901451544 0.5 #
color-adesk-attrib $-1 -1 $-1 $-1 $3904 256 #
straight-curve $-1 -1 $-1 0.8813210369286281765 2.213583880971629725 0.5 -0.8943400568132721107 0.447387821447156997 0 I I #
point $-1 -1 $-1 0.3000000000000013212 2.504385964912280826 0.5 #
color-adesk-attrib $-1 -1 $-1 $-1 $3908 256 #
vertex $-1 -1 $-1 $3908 $4018 #
coedge $-1 -1 $-1 $3914 $4009 $3923 $3994 reversed $3985 $-1 #
loop $-1 -1 $-1 $-1 $3914 $3943 #
color-adesk-attrib $-1 -1 $-1 $-1 $3915 256 #
straight-curve $-1 -1 $-1 0.8813210369286281765 1.511829495006715263 -0.5 -0.8943400568132721107 0.447387821447156997 0 F 0 F 0.6500000000000000222 #
point $-1 -1 $-1 0.3000000000000012657 1.802631578947366364 -0.5 #
coedge $-1 -1 $-1 $3919 $3923 $3918 $3990 reversed $3924 $-1 #
edge $4019 -1 $-1 $3922 0 $4020 0.7108987849779230261 $3989 $4021 forward @7 unknown #
color-adesk-attrib $-1 -1 $-1 $-1 $3920 256 #
straight-curve $-1 -1 $-1 0.3000000000000000444 1.102631578947366187 -0.25 0 0 1 I I #
point $-1 -1 $-1 0.3000000000000012657 1.102631578947367075 0.5 #
edge $4022 -1 $-1 $3926 0 $4020 1 $3984 $4023 forward @7 unknown #
point $-1 -1 $-1 0.8813210369286281765 1.511829495006715263 -0.5 #
color-adesk-attrib $-1 -1 $-1 $-1 $3930 256 #
straight-curve $-1 -1 $-1 0.8813210369286281765 0.108320723076889891 0.5 -0.8943400568132721107 0.447387821447156997 0 I I #
color-adesk-attrib $-1 -1 $-1 $-1 $3934 256 #
plane-surface $-1 -1 $-1 0.8813210369286281765 0.108320723076889891 -0.5 0.447387821447156997 0.8943400568132721107 0 -0.8943400568132721107 0.447387821447156997 0 forward_v I I I I #
point $-1 -1 $-1 0.8813210369286281765 0.108320723076889891 0.5 #
color-adesk-attrib $-1 -1 $-1 $-1 $3943 256 #
plane-surface $-1 -1 $-1 0.8813210369286281765 1.511829495006715263 -0.5 0.447387821447156997 0.8943400568132721107 0 -0.8943400568132721107 0.447387821447156997 0 forward_v I I I I #
edge $4024 -1 $-1 $3973 0 $3970 1 $3966 $4025 forward @7 unknown #
edge $4026 -1 $-1 $3983 -0.25 $4008 0.75 $3953 $4027 forward @7 unknown #
color-adesk-attrib $-1 -1 $-1 $-1 $3947 256 #
straight-curve $-1 -1 $-1 0.3000000000000013767 2.506140350877192446 -0.5 0.8177268680332318018 0.5756064361146088215 0 F 0 F 0.7108987849779230261 #
color-adesk-attrib $-1 -1 $-1 $-1 $3955 256 #
vertex $-1 -1 $-1 $3968 $4028 #
coedge $-1 -1 $-1 $3984 $3956 $3958 $4012 reversed $3985 $-1 #
color-adesk-attrib $-1 -1 $-1 $-1 $3957 256 #
straight-curve $-1 -1 $-1 0.2999999999999998224 1.802631578947368141 -0.25 0 0 -1 I I #
edge $4029 -1 $-1 $4020 0 $3960 0.6500000000000000222 $4009 $4030 forward @7 unknown #
point $-1 -1 $-1 0.3000000000000012657 1.802631578947366364 0.5 #
color-adesk-attrib $-1 -1 $-1 $-1 $3968 256 #
straight-curve $-1 -1 $-1 0.3000000000000013767 2.506140350877192446 0.5 0.8177268680332318018 0.5756064361146088215 0 I I #
point $-1 -1 $-1 0.8813210369286283985 2.915338266936540634 0.5 #
point $-1 -1 $-1 0.8813210369286283985 2.915338266936540634 -0.5 #
point $-1 -1 $-1 0.3000000000000013767 2.506140350877192446 -0.5 #
color-adesk-attrib $-1 -1 $-1 $-1 $3990 256 #
vertex $-1 -1 $-1 $3994 $4031 #
straight-curve $-1 -1 $-1 0.3000000000000012657 1.102631578947367075 0.5 0.8177268680332318018 0.5756064361146088215 0 I I #
color-adesk-attrib $-1 -1 $-1 $-1 $3994 256 #
straight-curve $-1 -1 $-1 0.8813210369286281765 1.511829495006715263 -0.5 0 0 1 I I #
color-adesk-attrib $-1 -1 $-1 $-1 $4003 256 #
straight-curve $-1 -1 $-1 0.8813210369286283985 2.915338266936540634 -0.5 0 0 1 I I #
color-adesk-attrib $-1 -1 $-1 $-1 $4004 256 #
straight-curve $-1 -1 $-1 0.2999999999999999334 2.506140350877191558 -0.25 0 0 1 I I #
point $-1 -1 $-1 0.3000000000000013767 2.506140350877192446 0.5 #
color-adesk-attrib $-1 -1 $-1 $-1 $4012 256 #
straight-curve $-1 -1 $-1 0.8813210369286281765 1.511829495006715263 0.5 -0.8943400568132721107 0.447387821447156997 0 I I #
point $-1 -1 $-1 0.8813210369286281765 1.511829495006715263 0.5 #
