700 4494 2 0        
16 Autodesk AutoCAD 20 ASM 230.7.0.65535 NT 24 Tue Sep  2 11:21:23 2025 
1 9.999999999999999547e-07 1.000000000000000036e-10 
body $-1 -1 $-1 $2 $-1 $3 #
body $-1 -1 $-1 $4 $-1 $5 #
lump $-1 -1 $-1 $-1 $6 $0 #
transform $-1 -1 1 0 0 0 1 0 0 0 1 190.5 20.33999999999999986 0.5 1 no_rotate no_reflect no_shear #
lump $-1 -1 $-1 $7 $8 $1 #
transform $-1 -1 1 0 0 0 1 0 0 0 1 -0.2999999999999999889 19.83999999999999986 0.5 1 no_rotate no_reflect no_shear #
shell $-1 -1 $-1 $-1 $-1 $9 $-1 $2 #
lump $-1 -1 $-1 $-1 $10 $1 #
shell $-1 -1 $-1 $-1 $-1 $11 $-1 $4 #
face $12 -1 $-1 $13 $14 $6 $-1 $15 forward single #
shell $-1 -1 $-1 $-1 $-1 $16 $-1 $7 #
face $17 -1 $-1 $18 $19 $8 $-1 $20 forward single #
color-adesk-attrib $-1 -1 $-1 $-1 $9 256 #
face $21 -1 $-1 $22 $23 $6 $-1 $24 reversed single #
loop $-1 -1 $-1 $-1 $25 $9 #
plane-surface $-1 -1 $-1 0 0 0.5 0 0 1 1 0 0 forward_v I I I I #
face $26 -1 $-1 $27 $28 $10 $-1 $29 forward single #
color-adesk-attrib $-1 -1 $-1 $-1 $11 256 #
face $30 -1 $-1 $31 $32 $8 $-1 $33 forward single #
loop $-1 -1 $-1 $-1 $34 $11 #
plane-surface $-1 -1 $-1 0.3000000000000000444 -19.21499999999999986 -0.5 0.8646093578672968682 -0.5024446818191041775 0 0.5024446818191041775 0.8646093578672968682 0 forward_v I I I I #
color-adesk-attrib $-1 -1 $-1 $-1 $13 256 #
face $35 -1 $-1 $36 $37 $6 $-1 $38 reversed single #
loop $-1 -1 $-1 $-1 $39 $13 #
plane-surface $-1 -1 $-1 0 0 -0.5 0 0 1 1 0 0 forward_v I I I I #
coedge $-1 -1 $-1 $40 $41 $42 $43 forward $14 $-1 #
color-adesk-attrib $-1 -1 $-1 $-1 $16 256 #
face $44 -1 $-1 $45 $46 $10 $-1 $47 forward single #
loop $-1 -1 $-1 $-1 $48 $16 #
plane-surface $-1 -1 $-1 0.3000000000000024314 20.16000000000000014 -0.5 0.8646093578672968682 -0.5024446818191041775 0 0.5024446818191041775 0.8646093578672968682 0 forward_v I I I I #
color-adesk-attrib $-1 -1 $-1 $-1 $18 256 #
face $49 -1 $-1 $50 $51 $8 $-1 $52 forward single #
loop $-1 -1 $-1 $-1 $53 $18 #
plane-surface $-1 -1 $-1 0.6061174053045916832 -18.68823161571905089 -0.5 0.2913487991220282125 0.9566168915768485936 0 -0.9566168915768485936 0.2913487991220282125 0 forward_v I I I I #
coedge $-1 -1 $-1 $54 $55 $56 $57 forward $19 $-1 #
color-adesk-attrib $-1 -1 $-1 $-1 $22 256 #
face $58 -1 $-1 $59 $60 $6 $-1 $61 reversed single #
loop $-1 -1 $-1 $-1 $62 $22 #
plane-surface $-1 -1 $-1 0 -0.5 0 0 1 -0 -0 0 1 forward_v I I I I #
coedge $-1 -1 $-1 $63 $64 $65 $66 forward $23 $-1 #
coedge $-1 -1 $-1 $67 $25 $68 $69 forward $14 $-1 #
coedge $-1 -1 $-1 $25 $67 $70 $71 forward $14 $-1 #
coedge $-1 -1 $-1 $72 $73 $25 $43 reversed $74 $-1 #
edge $75 -1 $-1 $76 -0.5 $77 0.5 $42 $78 forward @7 unknown #
color-adesk-attrib $-1 -1 $-1 $-1 $27 256 #
face $79 -1 $-1 $80 $81 $10 $-1 $82 forward single #
loop $-1 -1 $-1 $-1 $83 $27 #
plane-surface $-1 -1 $-1 0.3000000000000024314 20.78000000000000114 -0.5 -1 0 0 0 -1 0 forward_v I I I I #
coedge $-1 -1 $-1 $84 $85 $86 $87 forward $28 $-1 #
color-adesk-attrib $-1 -1 $-1 $-1 $31 256 #
face $88 -1 $-1 $89 $90 $8 $-1 $91 forward single #
loop $-1 -1 $-1 $-1 $92 $31 #
plane-surface $-1 -1 $-1 0.3000000000000000999 -17.96499999999999986 -0.5 0.8646093578672968682 -0.5024446818191041775 0 0.5024446818191041775 0.8646093578672968682 0 forward_v I I I I #
coedge $-1 -1 $-1 $93 $94 $95 $96 forward $32 $-1 #
coedge $-1 -1 $-1 $97 $34 $94 $98 forward $19 $-1 #
coedge $-1 -1 $-1 $34 $97 $99 $100 reversed $19 $-1 #
coedge $-1 -1 $-1 $101 $95 $34 $57 reversed $102 $-1 #
edge $103 -1 $-1 $104 0 $105 0.6092559367855017172 $34 $106 forward @7 unknown #
color-adesk-attrib $-1 -1 $-1 $-1 $36 256 #
face $107 -1 $-1 $108 $109 $6 $-1 $110 reversed single #
loop $-1 -1 $-1 $-1 $111 $36 #
plane-surface $-1 -1 $-1 -0.5 0 0 1 0 0 0 0 -1 forward_v I I I I #
coedge $-1 -1 $-1 $112 $70 $113 $114 forward $37 $-1 #
coedge $-1 -1 $-1 $115 $39 $112 $116 forward $23 $-1 #
coedge $-1 -1 $-1 $39 $115 $117 $118 forward $23 $-1 #
coedge $-1 -1 $-1 $73 $72 $39 $66 reversed $74 $-1 #
edge $119 -1 $-1 $120 -0.5 $121 0.5 $65 $122 forward @7 unknown #
coedge $-1 -1 $-1 $41 $40 $123 $124 forward $14 $-1 #
coedge $-1 -1 $-1 $125 $126 $40 $69 reversed $109 $-1 #
edge $127 -1 $-1 $77 -0.5 $128 0.5 $68 $129 forward @7 unknown #
coedge $-1 -1 $-1 $62 $130 $41 $71 reversed $37 $-1 #
edge $131 -1 $-1 $132 -0.5 $76 0.5 $70 $133 forward @7 unknown #
coedge $-1 -1 $-1 $65 $42 $130 $134 forward $74 $-1 #
coedge $-1 -1 $-1 $42 $65 $125 $135 reversed $74 $-1 #
loop $-1 -1 $-1 $-1 $72 $108 #
color-adesk-attrib $-1 -1 $-1 $-1 $43 256 #
vertex $-1 -1 $-1 $43 $136 #
vertex $-1 -1 $-1 $43 $137 #
straight-curve $-1 -1 $-1 0.5 0 0.5 0 1 0 I I #
color-adesk-attrib $-1 -1 $-1 $-1 $45 256 #
face $138 -1 $-1 $139 $140 $10 $-1 $141 forward single #
loop $-1 -1 $-1 $-1 $142 $45 #
plane-surface $-1 -1 $-1 0.6061174053045940147 20.68676838428095266 -0.5 0.2913487991220282125 0.9566168915768485936 0 -0.9566168915768485936 0.2913487991220282125 0 forward_v I I I I #
coedge $-1 -1 $-1 $143 $144 $145 $146 forward $46 $-1 #
coedge $-1 -1 $-1 $147 $48 $148 $149 forward $28 $-1 #
coedge $-1 -1 $-1 $48 $147 $143 $150 reversed $28 $-1 #
coedge $-1 -1 $-1 $145 $151 $48 $87 reversed $152 $-1 #
edge $153 -1 $-1 $154 0 $155 0.6092559367855017172 $48 $156 forward @7 unknown #
color-adesk-attrib $-1 -1 $-1 $-1 $50 256 #
face $157 -1 $-1 $158 $159 $8 $-1 $160 forward single #
loop $-1 -1 $-1 $-1 $161 $50 #
plane-surface $-1 -1 $-1 0.6061174053045916832 -17.43823161571905089 -0.5 0.2913487991220282125 0.9566168915768485936 0 -0.9566168915768485936 0.2913487991220282125 0 forward_v I I I I #
coedge $-1 -1 $-1 $162 $163 $164 $165 forward $51 $-1 #
coedge $-1 -1 $-1 $166 $53 $167 $168 reversed $32 $-1 #
coedge $-1 -1 $-1 $53 $166 $54 $98 reversed $32 $-1 #
coedge $-1 -1 $-1 $56 $169 $53 $96 reversed $102 $-1 #
edge $170 -1 $-1 $105 0 $171 0.3200000000000000622 $53 $172 forward @7 unknown #
coedge $-1 -1 $-1 $55 $54 $173 $174 reversed $19 $-1 #
edge $175 -1 $-1 $105 0 $176 1 $94 $177 forward @7 unknown #
coedge $-1 -1 $-1 $178 $179 $55 $100 forward $180 $-1 #
edge $181 -1 $-1 $104 -0.25 $182 0.75 $99 $183 forward @7 unknown #
coedge $-1 -1 $-1 $184 $56 $179 $185 forward $102 $-1 #
loop $-1 -1 $-1 $-1 $186 $187 #
color-adesk-attrib $-1 -1 $-1 $-1 $57 256 #
vertex $-1 -1 $-1 $185 $188 #
vertex $-1 -1 $-1 $96 $189 #
straight-curve $-1 -1 $-1 0.3000000000000000444 -19.21499999999999986 -0.5 0.5024446818191040665 0.8646093578672967572 0 F 0 F 0.6092559367855017172 #
color-adesk-attrib $-1 -1 $-1 $-1 $59 256 #
face $190 -1 $-1 $-1 $74 $6 $-1 $191 reversed single #
loop $-1 -1 $-1 $-1 $125 $59 #
plane-surface $-1 -1 $-1 0 0.5 0 0 -1 0 0 0 -1 forward_v I I I I #
coedge $-1 -1 $-1 $192 $123 $126 $193 forward $60 $-1 #
coedge $-1 -1 $-1 $130 $62 $63 $116 reversed $37 $-1 #
coedge $-1 -1 $-1 $123 $192 $62 $114 reversed $60 $-1 #
edge $194 -1 $-1 $132 -0.5 $195 0.5 $113 $196 forward @7 unknown #
coedge $-1 -1 $-1 $64 $63 $192 $197 forward $23 $-1 #
edge $198 -1 $-1 $121 -0.5 $195 0.5 $112 $199 forward @7 unknown #
coedge $-1 -1 $-1 $126 $125 $64 $118 reversed $109 $-1 #
edge $200 -1 $-1 $201 -0.5 $120 0.5 $117 $202 forward @7 unknown #
color-adesk-attrib $-1 -1 $-1 $-1 $66 256 #
vertex $-1 -1 $-1 $66 $203 #
vertex $-1 -1 $-1 $134 $204 #
straight-curve $-1 -1 $-1 0.5 0 -0.5 0 -1 0 I I #
coedge $-1 -1 $-1 $111 $113 $67 $124 reversed $60 $-1 #
edge $205 -1 $-1 $128 -0.5 $132 0.5 $123 $206 forward @7 unknown #
coedge $-1 -1 $-1 $117 $68 $73 $135 forward $109 $-1 #
coedge $-1 -1 $-1 $68 $117 $111 $193 reversed $109 $-1 #
color-adesk-attrib $-1 -1 $-1 $-1 $69 256 #
vertex $-1 -1 $-1 $69 $207 #
straight-curve $-1 -1 $-1 0 0.5 0.5 -1 0 0 I I #
coedge $-1 -1 $-1 $70 $112 $72 $134 reversed $37 $-1 #
color-adesk-attrib $-1 -1 $-1 $-1 $71 256 #
vertex $-1 -1 $-1 $124 $208 #
straight-curve $-1 -1 $-1 0 -0.5 0.5 1 0 0 I I #
edge $209 -1 $-1 $76 -0.5 $121 0.5 $72 $210 forward @7 unknown #
edge $211 -1 $-1 $77 -0.5 $120 0.5 $73 $212 forward @7 unknown #
point $-1 -1 $-1 0.5 -0.5 0.5 #
point $-1 -1 $-1 0.5 0.5 0.5 #
color-adesk-attrib $-1 -1 $-1 $-1 $80 256 #
face $213 -1 $-1 $-1 $152 $10 $-1 $214 reversed single #
loop $-1 -1 $-1 $-1 $215 $80 #
plane-surface $-1 -1 $-1 0.3918058177084969285 20.50607020794409863 0.5 0 0 1 1 0 0 forward_v I I I I #
coedge $-1 -1 $-1 $216 $148 $151 $217 forward $81 $-1 #
coedge $-1 -1 $-1 $218 $83 $85 $150 forward $46 $-1 #
coedge $-1 -1 $-1 $83 $218 $216 $219 reversed $46 $-1 #
coedge $-1 -1 $-1 $151 $86 $83 $146 reversed $152 $-1 #
edge $220 -1 $-1 $221 0 $154 0.6199999999999999956 $83 $222 forward @7 unknown #
coedge $-1 -1 $-1 $85 $84 $223 $224 reversed $28 $-1 #
coedge $-1 -1 $-1 $142 $225 $84 $149 reversed $81 $-1 #
edge $226 -1 $-1 $155 0 $227 1 $148 $228 forward @7 unknown #
edge $229 -1 $-1 $154 0 $230 1 $143 $231 forward @7 unknown #
coedge $-1 -1 $-1 $86 $145 $142 $217 reversed $152 $-1 #
loop $-1 -1 $-1 $-1 $151 $139 #
color-adesk-attrib $-1 -1 $-1 $-1 $87 256 #
vertex $-1 -1 $-1 $146 $232 #
vertex $-1 -1 $-1 $217 $233 #
straight-curve $-1 -1 $-1 0.3000000000000024314 20.16000000000000014 -0.5 0.5024446818191040665 0.8646093578672967572 0 F 0 F 0.6092559367855017172 #
color-adesk-attrib $-1 -1 $-1 $-1 $89 256 #
face $234 -1 $-1 $235 $236 $8 $-1 $237 forward single #
loop $-1 -1 $-1 $-1 $238 $89 #
plane-surface $-1 -1 $-1 0.3000000000000001554 -16.71499999999999986 -0.5 0.8646093578672968682 -0.5024446818191041775 0 0.5024446818191041775 0.8646093578672968682 0 forward_v I I I I #
coedge $-1 -1 $-1 $239 $240 $241 $242 forward $90 $-1 #
coedge $-1 -1 $-1 $243 $92 $240 $244 forward $51 $-1 #
coedge $-1 -1 $-1 $92 $243 $245 $246 reversed $51 $-1 #
coedge $-1 -1 $-1 $247 $241 $92 $165 reversed $102 $-1 #
edge $248 -1 $-1 $249 0 $250 0.6092559367855017172 $92 $251 forward @7 unknown #
coedge $-1 -1 $-1 $94 $93 $252 $253 reversed $32 $-1 #
coedge $-1 -1 $-1 $254 $255 $93 $168 forward $256 $-1 #
edge $257 -1 $-1 $258 -0.75 $171 0.25 $167 $259 forward @7 unknown #
coedge $-1 -1 $-1 $95 $260 $254 $261 forward $102 $-1 #
color-adesk-attrib $-1 -1 $-1 $-1 $96 256 #
vertex $-1 -1 $-1 $96 $262 #
straight-curve $-1 -1 $-1 0.6061174053045916832 -18.68823161571905089 -0.5 -0.9566168915768484826 0.291348799122028157 0 F 0 F 0.3200000000000000622 #
coedge $-1 -1 $-1 $252 $263 $97 $174 forward $264 $-1 #
edge $265 -1 $-1 $182 0 $176 0.6092559367855017172 $97 $266 forward @7 unknown #
color-adesk-attrib $-1 -1 $-1 $-1 $98 256 #
vertex $-1 -1 $-1 $98 $267 #
straight-curve $-1 -1 $-1 0.6061174053045916832 -18.68823161571905089 -0.5 0 0 1 I I #
coedge $-1 -1 $-1 $268 $99 $263 $269 reversed $180 $-1 #
coedge $-1 -1 $-1 $99 $268 $101 $185 reversed $180 $-1 #
loop $-1 -1 $-1 $-1 $99 $270 #
color-adesk-attrib $-1 -1 $-1 $-1 $100 256 #
vertex $-1 -1 $-1 $174 $271 #
straight-curve $-1 -1 $-1 0.2999999999999998224 -19.21500000000000341 -0.25 0 0 1 I I #
coedge $-1 -1 $-1 $272 $101 $273 $274 reversed $102 $-1 #
edge $275 -1 $-1 $104 19.21499999999999986 $276 19.22000000000000242 $179 $277 forward @7 unknown #
coedge $-1 -1 $-1 $278 $279 $280 $281 forward $102 $-1 #
face $282 -1 $-1 $283 $102 $8 $-1 $284 reversed single #
point $-1 -1 $-1 0.3000000000000000444 -19.21499999999999986 -0.5 #
point $-1 -1 $-1 0.6061174053045916832 -18.68823161571905089 -0.5 #
color-adesk-attrib $-1 -1 $-1 $-1 $108 256 #
plane-surface $-1 -1 $-1 0.5 0 0 -1 0 0 0 -0 1 forward_v I I I I #
coedge $-1 -1 $-1 $113 $111 $115 $197 reversed $60 $-1 #
edge $285 -1 $-1 $128 -0.5 $201 0.5 $126 $286 forward @7 unknown #
color-adesk-attrib $-1 -1 $-1 $-1 $114 256 #
vertex $-1 -1 $-1 $197 $287 #
straight-curve $-1 -1 $-1 -0.5 -0.5 0 0 0 -1 I I #
edge $288 -1 $-1 $195 -0.5 $201 0.5 $192 $289 forward @7 unknown #
color-adesk-attrib $-1 -1 $-1 $-1 $116 256 #
straight-curve $-1 -1 $-1 0 -0.5 -0.5 -1 0 0 I I #
color-adesk-attrib $-1 -1 $-1 $-1 $118 256 #
vertex $-1 -1 $-1 $118 $290 #
straight-curve $-1 -1 $-1 0 0.5 -0.5 1 0 0 I I #
point $-1 -1 $-1 0.5 0.5 -0.5 #
point $-1 -1 $-1 0.5 -0.5 -0.5 #
color-adesk-attrib $-1 -1 $-1 $-1 $124 256 #
straight-curve $-1 -1 $-1 -0.5 0 0.5 0 -1 0 I I #
point $-1 -1 $-1 -0.5 0.5 0.5 #
point $-1 -1 $-1 -0.5 -0.5 0.5 #
color-adesk-attrib $-1 -1 $-1 $-1 $134 256 #
straight-curve $-1 -1 $-1 0.5 -0.5 0 0 0 -1 I I #
color-adesk-attrib $-1 -1 $-1 $-1 $135 256 #
straight-curve $-1 -1 $-1 0.5 0.5 0 0 0 -1 I I #
color-adesk-attrib $-1 -1 $-1 $-1 $139 256 #
plane-surface $-1 -1 $-1 0.3918058177084969285 20.50607020794409863 -0.5 0 0 1 1 0 0 forward_v I I I I #
coedge $-1 -1 $-1 $291 $223 $225 $292 forward $140 $-1 #
coedge $-1 -1 $-1 $225 $142 $144 $219 forward $81 $-1 #
edge $293 -1 $-1 $155 0 $221 0.3200000000000000622 $142 $294 forward @7 unknown #
coedge $-1 -1 $-1 $144 $143 $291 $295 reversed $46 $-1 #
edge $296 -1 $-1 $221 0 $297 1 $216 $298 forward @7 unknown #
color-adesk-attrib $-1 -1 $-1 $-1 $146 256 #
vertex $-1 -1 $-1 $217 $299 #
straight-curve $-1 -1 $-1 0.3000000000000024314 20.78000000000000114 -0.5 0 -1 0 F 0 F 0.6199999999999999956 #
coedge $-1 -1 $-1 $215 $291 $147 $224 forward $140 $-1 #
edge $300 -1 $-1 $230 0 $227 0.6092559367855017172 $147 $301 forward @7 unknown #
coedge $-1 -1 $-1 $148 $216 $215 $292 reversed $81 $-1 #
color-adesk-attrib $-1 -1 $-1 $-1 $149 256 #
vertex $-1 -1 $-1 $149 $302 #
straight-curve $-1 -1 $-1 0.6061174053045940147 20.68676838428095266 -0.5 0 0 1 I I #
color-adesk-attrib $-1 -1 $-1 $-1 $150 256 #
vertex $-1 -1 $-1 $150 $303 #
straight-curve $-1 -1 $-1 0.3000000000000024314 20.16000000000000014 -0.5 0 0 1 I I #
point $-1 -1 $-1 0.3000000000000024314 20.16000000000000014 -0.5 #
point $-1 -1 $-1 0.6061174053045940147 20.68676838428095266 -0.5 #
color-adesk-attrib $-1 -1 $-1 $-1 $158 256 #
face $304 -1 $-1 $305 $306 $8 $-1 $307 forward single #
loop $-1 -1 $-1 $-1 $308 $158 #
plane-surface $-1 -1 $-1 0.6061174053045916832 -16.18823161571905089 -0.5 0.2913487991220282125 0.9566168915768485936 0 -0.9566168915768485936 0.2913487991220282125 0 forward_v I I I I #
coedge $-1 -1 $-1 $309 $310 $311 $312 forward $159 $-1 #
coedge $-1 -1 $-1 $313 $161 $314 $315 reversed $90 $-1 #
coedge $-1 -1 $-1 $161 $313 $162 $244 reversed $90 $-1 #
coedge $-1 -1 $-1 $164 $316 $161 $242 reversed $102 $-1 #
edge $317 -1 $-1 $250 0 $318 0.3200000000000000622 $161 $319 forward @7 unknown #
coedge $-1 -1 $-1 $163 $162 $320 $321 reversed $51 $-1 #
edge $322 -1 $-1 $250 0 $323 1 $240 $324 forward @7 unknown #
coedge $-1 -1 $-1 $325 $326 $163 $246 forward $327 $-1 #
edge $328 -1 $-1 $249 -0.25 $329 0.75 $245 $330 forward @7 unknown #
coedge $-1 -1 $-1 $331 $164 $326 $332 forward $102 $-1 #
color-adesk-attrib $-1 -1 $-1 $-1 $165 256 #
vertex $-1 -1 $-1 $332 $333 #
vertex $-1 -1 $-1 $242 $334 #
straight-curve $-1 -1 $-1 0.3000000000000000999 -17.96499999999999986 -0.5 0.5024446818191040665 0.8646093578672967572 0 F 0 F 0.6092559367855017172 #
coedge $-1 -1 $-1 $335 $173 $166 $253 forward $264 $-1 #
edge $336 -1 $-1 $176 0 $258 0.3200000000000000622 $166 $337 forward @7 unknown #
coedge $-1 -1 $-1 $338 $167 $169 $261 reversed $256 $-1 #
coedge $-1 -1 $-1 $167 $338 $335 $339 reversed $256 $-1 #
loop $-1 -1 $-1 $-1 $167 $340 #
color-adesk-attrib $-1 -1 $-1 $-1 $168 256 #
vertex $-1 -1 $-1 $339 $341 #
straight-curve $-1 -1 $-1 0.2999999999999998224 -18.59500000000000242 -0.25 0 0 -1 I I #
coedge $-1 -1 $-1 $169 $331 $342 $343 reversed $102 $-1 #
edge $344 -1 $-1 $345 18.58999999999999986 $171 18.59500000000000242 $254 $277 forward @7 unknown #
point $-1 -1 $-1 0.3000000000000000444 -18.59500000000000242 -0.5 #
coedge $-1 -1 $-1 $173 $346 $178 $269 forward $264 $-1 #
loop $-1 -1 $-1 $-1 $263 $347 #
color-adesk-attrib $-1 -1 $-1 $-1 $174 256 #
straight-curve $-1 -1 $-1 0.3000000000000000444 -19.21499999999999986 0.5 0.5024446818191040665 0.8646093578672967572 0 I I #
point $-1 -1 $-1 0.6061174053045916832 -18.68823161571905089 0.5 #
coedge $-1 -1 $-1 $179 $178 $348 $349 forward $180 $-1 #
edge $350 -1 $-1 $351 -19.22000000000000242 $182 -19.21499999999999986 $178 $352 forward @7 unknown #
face $353 -1 $-1 $340 $180 $8 $-1 $354 reversed single #
point $-1 -1 $-1 0.3000000000000000444 -19.21499999999999986 0.5 #
coedge $-1 -1 $-1 $355 $184 $356 $357 reversed $102 $-1 #
coedge $-1 -1 $-1 $348 $358 $184 $274 forward $359 $-1 #
edge $360 -1 $-1 $361 0 $276 0.3200000000000000622 $273 $362 forward @7 unknown #
color-adesk-attrib $-1 -1 $-1 $-1 $185 256 #
vertex $-1 -1 $-1 $274 $363 #
straight-curve $-1 -1 $-1 0.2999999999999999889 0 -0.5 0 -1 0 I I #
coedge $-1 -1 $-1 $364 $186 $365 $366 reversed $102 $-1 #
coedge $-1 -1 $-1 $186 $367 $368 $369 reversed $102 $-1 #
coedge $-1 -1 $-1 $370 $371 $186 $281 reversed $372 $-1 #
edge $373 -1 $-1 $374 -19.53500000000000014 $375 -19.53000000000000114 $280 $277 forward @7 unknown #
color-adesk-attrib $-1 -1 $-1 $-1 $187 256 #
face $376 -1 $-1 $377 $378 $8 $-1 $379 reversed single #
plane-surface $-1 -1 $-1 0 0 -0.5 0 0 1 1 0 0 forward_v I I I I #
color-adesk-attrib $-1 -1 $-1 $-1 $193 256 #
straight-curve $-1 -1 $-1 -0.5 0.5 0 0 0 -1 I I #
point $-1 -1 $-1 -0.5 -0.5 -0.5 #
color-adesk-attrib $-1 -1 $-1 $-1 $197 256 #
straight-curve $-1 -1 $-1 -0.5 0 -0.5 0 1 0 I I #
point $-1 -1 $-1 -0.5 0.5 -0.5 #
coedge $-1 -1 $-1 $223 $215 $218 $295 forward $140 $-1 #
edge $380 -1 $-1 $227 0 $297 0.3200000000000000622 $225 $381 forward @7 unknown #
color-adesk-attrib $-1 -1 $-1 $-1 $217 256 #
straight-curve $-1 -1 $-1 0.6061174053045940147 20.68676838428095266 -0.5 -0.9566168915768484826 0.291348799122028157 0 F 0 F 0.3200000000000000622 #
edge $382 -1 $-1 $297 0 $230 0.6199999999999999956 $218 $383 forward @7 unknown #
color-adesk-attrib $-1 -1 $-1 $-1 $219 256 #
vertex $-1 -1 $-1 $219 $384 #
straight-curve $-1 -1 $-1 0.3000000000000024314 20.78000000000000114 -0.5 0 0 1 I I #
point $-1 -1 $-1 0.3000000000000024314 20.78000000000000114 -0.5 #
color-adesk-attrib $-1 -1 $-1 $-1 $224 256 #
straight-curve $-1 -1 $-1 0.3000000000000024314 20.16000000000000014 0.5 0.5024446818191040665 0.8646093578672967572 0 I I #
point $-1 -1 $-1 0.6061174053045940147 20.68676838428095266 0.5 #
point $-1 -1 $-1 0.3000000000000024314 20.16000000000000014 0.5 #
color-adesk-attrib $-1 -1 $-1 $-1 $235 256 #
face $385 -1 $-1 $386 $387 $8 $-1 $388 forward single #
loop $-1 -1 $-1 $-1 $389 $235 #
plane-surface $-1 -1 $-1 0.3000000000000002665 -15.46499999999999986 -0.5 0.8646093578672968682 -0.5024446818191041775 0 0.5024446818191041775 0.8646093578672968682 0 forward_v I I I I #
coedge $-1 -1 $-1 $390 $391 $392 $393 forward $236 $-1 #
coedge $-1 -1 $-1 $394 $238 $391 $395 forward $159 $-1 #
coedge $-1 -1 $-1 $238 $394 $396 $397 reversed $159 $-1 #
coedge $-1 -1 $-1 $398 $392 $238 $312 reversed $102 $-1 #
edge $399 -1 $-1 $400 0 $401 0.6092559367855017172 $238 $402 forward @7 unknown #
coedge $-1 -1 $-1 $240 $239 $403 $404 reversed $90 $-1 #
coedge $-1 -1 $-1 $405 $406 $239 $315 forward $407 $-1 #
edge $408 -1 $-1 $409 -0.75 $318 0.25 $314 $410 forward @7 unknown #
coedge $-1 -1 $-1 $241 $411 $405 $412 forward $102 $-1 #
color-adesk-attrib $-1 -1 $-1 $-1 $242 256 #
vertex $-1 -1 $-1 $242 $413 #
straight-curve $-1 -1 $-1 0.6061174053045916832 -17.43823161571905089 -0.5 -0.9566168915768484826 0.291348799122028157 0 F 0 F 0.3200000000000000622 #
coedge $-1 -1 $-1 $403 $414 $243 $321 forward $264 $-1 #
edge $415 -1 $-1 $329 0 $323 0.6092559367855017172 $243 $416 forward @7 unknown #
color-adesk-attrib $-1 -1 $-1 $-1 $244 256 #
vertex $-1 -1 $-1 $244 $417 #
straight-curve $-1 -1 $-1 0.6061174053045916832 -17.43823161571905089 -0.5 0 0 1 I I #
coedge $-1 -1 $-1 $418 $245 $414 $419 reversed $327 $-1 #
coedge $-1 -1 $-1 $245 $418 $247 $332 reversed $327 $-1 #
loop $-1 -1 $-1 $-1 $245 $420 #
color-adesk-attrib $-1 -1 $-1 $-1 $246 256 #
vertex $-1 -1 $-1 $321 $421 #
straight-curve $-1 -1 $-1 0.2999999999999993783 -17.96500000000000341 -0.25 0 0 1 I I #
coedge $-1 -1 $-1 $260 $247 $422 $423 reversed $102 $-1 #
edge $424 -1 $-1 $249 17.96499999999999986 $425 17.97000000000000242 $326 $277 forward @7 unknown #
point $-1 -1 $-1 0.3000000000000000999 -17.96499999999999986 -0.5 #
point $-1 -1 $-1 0.6061174053045916832 -17.43823161571905089 -0.5 #
coedge $-1 -1 $-1 $426 $252 $255 $339 forward $264 $-1 #
color-adesk-attrib $-1 -1 $-1 $-1 $253 256 #
straight-curve $-1 -1 $-1 0.6061174053045916832 -18.68823161571905089 0.5 -0.9566168915768484826 0.291348799122028157 0 I I #
coedge $-1 -1 $-1 $255 $254 $427 $428 forward $256 $-1 #
edge $429 -1 $-1 $258 -18.59500000000000242 $430 -18.58999999999999986 $255 $352 forward @7 unknown #
face $431 -1 $-1 $347 $256 $8 $-1 $354 reversed single #
point $-1 -1 $-1 0.3000000000000000444 -18.59500000000000242 0.5 #
coedge $-1 -1 $-1 $432 $427 $260 $343 forward $433 $-1 #
edge $434 -1 $-1 $345 0 $435 0.6092559367855017172 $342 $436 forward @7 unknown #
color-adesk-attrib $-1 -1 $-1 $-1 $261 256 #
vertex $-1 -1 $-1 $261 $437 #
coedge $-1 -1 $-1 $263 $438 $439 $440 forward $264 $-1 #
face $441 -1 $-1 $187 $264 $8 $-1 $442 forward single #
coedge $-1 -1 $-1 $439 $273 $268 $349 reversed $359 $-1 #
edge $443 -1 $-1 $351 -0.75 $276 0.25 $268 $444 forward @7 unknown #
color-adesk-attrib $-1 -1 $-1 $-1 $269 256 #
vertex $-1 -1 $-1 $269 $445 #
straight-curve $-1 -1 $-1 0.2999999999999999889 0 0.5 0 1 0 I I #
color-adesk-attrib $-1 -1 $-1 $-1 $270 256 #
plane-surface $-1 -1 $-1 0.2999999999999999889 0 0 -1 0 0 0 -0 1 forward_v I I I I #
coedge $-1 -1 $-1 $446 $272 $447 $448 forward $102 $-1 #
coedge $-1 -1 $-1 $449 $450 $272 $357 forward $451 $-1 #
edge $452 -1 $-1 $453 0 $361 0.6092559367855017172 $356 $454 forward @7 unknown #
coedge $-1 -1 $-1 $273 $439 $449 $455 reversed $359 $-1 #
loop $-1 -1 $-1 $-1 $273 $456 #
color-adesk-attrib $-1 -1 $-1 $-1 $274 256 #
vertex $-1 -1 $-1 $274 $457 #
straight-curve $-1 -1 $-1 0.6061174053045915722 -19.31323161571905089 -0.5 -0.9566168915768484826 0.291348799122028157 0 F 0 F 0.3200000000000000622 #
point $-1 -1 $-1 0.2999999999999999889 -19.22000000000000242 -0.5 #
coedge $-1 -1 $-1 $458 $278 $459 $460 reversed $102 $-1 #
coedge $-1 -1 $-1 $461 $462 $278 $366 forward $463 $-1 #
edge $464 -1 $-1 $465 0 $375 0.3200000000000000622 $365 $466 forward @7 unknown #
coedge $-1 -1 $-1 $279 $467 $468 $469 reversed $102 $-1 #
coedge $-1 -1 $-1 $470 $471 $279 $369 forward $472 $-1 #
edge $473 -1 $-1 $374 0 $474 0.6092559367855017172 $368 $475 forward @7 unknown #
coedge $-1 -1 $-1 $476 $280 $471 $477 forward $372 $-1 #
coedge $-1 -1 $-1 $280 $476 $461 $478 forward $372 $-1 #
loop $-1 -1 $-1 $-1 $370 $479 #
color-adesk-attrib $-1 -1 $-1 $-1 $281 256 #
vertex $-1 -1 $-1 $281 $480 #
vertex $-1 -1 $-1 $366 $481 #
color-adesk-attrib $-1 -1 $-1 $-1 $283 256 #
face $482 -1 $-1 $483 $484 $8 $-1 $485 reversed single #
loop $-1 -1 $-1 $-1 $486 $283 #
plane-surface $-1 -1 $-1 0 -19.83999999999999986 0 0 1 -0 -0 0 1 forward_v I I I I #
color-adesk-attrib $-1 -1 $-1 $-1 $292 256 #
straight-curve $-1 -1 $-1 0.6061174053045940147 20.68676838428095266 0.5 -0.9566168915768484826 0.291348799122028157 0 I I #
color-adesk-attrib $-1 -1 $-1 $-1 $295 256 #
straight-curve $-1 -1 $-1 0.3000000000000024314 20.78000000000000114 0.5 0 -1 0 I I #
point $-1 -1 $-1 0.3000000000000024314 20.78000000000000114 0.5 #
color-adesk-attrib $-1 -1 $-1 $-1 $305 256 #
face $487 -1 $-1 $488 $489 $8 $-1 $490 forward single #
loop $-1 -1 $-1 $-1 $491 $305 #
plane-surface $-1 -1 $-1 0.6061174053045919052 -14.93823161571905089 -0.5 0.2913487991220282125 0.9566168915768485936 0 -0.9566168915768485936 0.2913487991220282125 0 forward_v I I I I #
coedge $-1 -1 $-1 $492 $493 $494 $495 forward $306 $-1 #
coedge $-1 -1 $-1 $496 $308 $497 $498 reversed $236 $-1 #
coedge $-1 -1 $-1 $308 $496 $309 $395 reversed $236 $-1 #
coedge $-1 -1 $-1 $311 $499 $308 $393 reversed $102 $-1 #
edge $500 -1 $-1 $401 0 $501 0.3200000000000000622 $308 $502 forward @7 unknown #
coedge $-1 -1 $-1 $310 $309 $503 $504 reversed $159 $-1 #
edge $505 -1 $-1 $401 0 $506 1 $391 $507 forward @7 unknown #
coedge $-1 -1 $-1 $508 $509 $310 $397 forward $510 $-1 #
edge $511 -1 $-1 $400 -0.25 $512 0.75 $396 $513 forward @7 unknown #
coedge $-1 -1 $-1 $514 $311 $509 $515 forward $102 $-1 #
color-adesk-attrib $-1 -1 $-1 $-1 $312 256 #
vertex $-1 -1 $-1 $515 $516 #
vertex $-1 -1 $-1 $393 $517 #
straight-curve $-1 -1 $-1 0.3000000000000001554 -16.71499999999999986 -0.5 0.5024446818191040665 0.8646093578672967572 0 F 0 F 0.6092559367855017172 #
coedge $-1 -1 $-1 $518 $320 $313 $404 forward $264 $-1 #
edge $519 -1 $-1 $323 0 $409 0.3200000000000000622 $313 $520 forward @7 unknown #
coedge $-1 -1 $-1 $521 $314 $316 $412 reversed $407 $-1 #
coedge $-1 -1 $-1 $314 $521 $518 $522 reversed $407 $-1 #
loop $-1 -1 $-1 $-1 $314 $523 #
color-adesk-attrib $-1 -1 $-1 $-1 $315 256 #
vertex $-1 -1 $-1 $522 $524 #
straight-curve $-1 -1 $-1 0.2999999999999998224 -17.34500000000000242 -0.25 0 0 -1 I I #
coedge $-1 -1 $-1 $316 $514 $525 $526 reversed $102 $-1 #
edge $527 -1 $-1 $528 17.33999999999999986 $318 17.34500000000000242 $405 $277 forward @7 unknown #
point $-1 -1 $-1 0.3000000000000000999 -17.34500000000000242 -0.5 #
coedge $-1 -1 $-1 $320 $529 $325 $419 forward $264 $-1 #
color-adesk-attrib $-1 -1 $-1 $-1 $321 256 #
straight-curve $-1 -1 $-1 0.3000000000000000999 -17.96499999999999986 0.5 0.5024446818191040665 0.8646093578672967572 0 I I #
point $-1 -1 $-1 0.6061174053045916832 -17.43823161571905089 0.5 #
coedge $-1 -1 $-1 $326 $325 $530 $531 forward $327 $-1 #
edge $532 -1 $-1 $533 -17.97000000000000242 $329 -17.96499999999999986 $325 $352 forward @7 unknown #
face $534 -1 $-1 $523 $327 $8 $-1 $354 reversed single #
point $-1 -1 $-1 0.3000000000000000999 -17.96499999999999986 0.5 #
coedge $-1 -1 $-1 $530 $535 $331 $423 forward $536 $-1 #
edge $537 -1 $-1 $435 0 $425 0.3200000000000000622 $422 $538 forward @7 unknown #
color-adesk-attrib $-1 -1 $-1 $-1 $332 256 #
vertex $-1 -1 $-1 $423 $539 #
coedge $-1 -1 $-1 $529 $335 $540 $541 forward $264 $-1 #
coedge $-1 -1 $-1 $342 $540 $338 $428 reversed $433 $-1 #
edge $542 -1 $-1 $345 -0.25 $430 0.75 $338 $543 forward @7 unknown #
color-adesk-attrib $-1 -1 $-1 $-1 $339 256 #
vertex $-1 -1 $-1 $541 $544 #
color-adesk-attrib $-1 -1 $-1 $-1 $340 256 #
coedge $-1 -1 $-1 $540 $342 $535 $545 forward $433 $-1 #
loop $-1 -1 $-1 $-1 $342 $546 #
color-adesk-attrib $-1 -1 $-1 $-1 $343 256 #
vertex $-1 -1 $-1 $423 $547 #
straight-curve $-1 -1 $-1 0.3000000000000000444 -18.58999999999999986 -0.5 0.5024446818191040665 0.8646093578672967572 0 F 0 F 0.6092559367855017172 #
point $-1 -1 $-1 0.3000000000000000444 -18.58999999999999986 -0.5 #
coedge $-1 -1 $-1 $346 $548 $549 $550 forward $264 $-1 #
coedge $-1 -1 $-1 $358 $348 $346 $440 reversed $359 $-1 #
edge $551 -1 $-1 $552 0 $351 0.3200000000000000622 $439 $553 forward @7 unknown #
color-adesk-attrib $-1 -1 $-1 $-1 $347 256 #
plane-surface $-1 -1 $-1 0 0 0.5 0 0 1 1 0 0 forward_v I I I I #
color-adesk-attrib $-1 -1 $-1 $-1 $349 256 #
straight-curve $-1 -1 $-1 0.2999999999999998224 -19.22000000000000242 -0.25 0 0 -1 I I #
point $-1 -1 $-1 0.2999999999999999889 -19.22000000000000242 0.5 #
coedge $-1 -1 $-1 $554 $355 $555 $556 forward $102 $-1 #
coedge $-1 -1 $-1 $557 $486 $355 $448 reversed $378 $-1 #
edge $558 -1 $-1 $453 -0.2999999999999999889 $559 0.2999999999999999889 $447 $560 forward @7 unknown #
coedge $-1 -1 $-1 $549 $356 $358 $455 forward $451 $-1 #
coedge $-1 -1 $-1 $356 $549 $557 $561 forward $451 $-1 #
loop $-1 -1 $-1 $-1 $356 $562 #
color-adesk-attrib $-1 -1 $-1 $-1 $357 256 #
vertex $-1 -1 $-1 $561 $563 #
straight-curve $-1 -1 $-1 0.2999999999999999889 -19.83999999999999986 -0.5 0.5024446818191040665 0.8646093578672967572 0 F 0 F 0.6092559367855017172 #
edge $564 -1 $-1 $361 0 $552 1 $358 $565 forward @7 unknown #
face $566 -1 $-1 $479 $359 $8 $-1 $567 forward single #
point $-1 -1 $-1 0.6061174053045915722 -19.31323161571905089 -0.5 #
coedge $-1 -1 $-1 $568 $364 $569 $570 forward $102 $-1 #
coedge $-1 -1 $-1 $571 $572 $364 $460 forward $573 $-1 #
edge $574 -1 $-1 $575 0 $465 0.6092559367855017172 $459 $576 forward @7 unknown #
coedge $-1 -1 $-1 $577 $365 $371 $478 reversed $463 $-1 #
coedge $-1 -1 $-1 $365 $577 $571 $578 reversed $463 $-1 #
loop $-1 -1 $-1 $-1 $365 $579 #
color-adesk-attrib $-1 -1 $-1 $-1 $366 256 #
vertex $-1 -1 $-1 $366 $580 #
straight-curve $-1 -1 $-1 0.6061174053045939036 19.43676838428095266 -0.5 -0.9566168915768484826 0.291348799122028157 0 F 0 F 0.3200000000000000622 #
coedge $-1 -1 $-1 $367 $554 $581 $582 reversed $102 $-1 #
coedge $-1 -1 $-1 $583 $584 $367 $469 forward $585 $-1 #
edge $586 -1 $-1 $474 0 $587 0.3200000000000000622 $468 $588 forward @7 unknown #
coedge $-1 -1 $-1 $589 $368 $584 $590 forward $472 $-1 #
coedge $-1 -1 $-1 $368 $589 $370 $477 reversed $472 $-1 #
loop $-1 -1 $-1 $-1 $368 $591 #
color-adesk-attrib $-1 -1 $-1 $-1 $369 256 #
vertex $-1 -1 $-1 $469 $592 #
straight-curve $-1 -1 $-1 0.3000000000000023759 19.53500000000000014 -0.5 0.5024446818191040665 0.8646093578672967572 0 F 0 F 0.6092559367855017172 #
coedge $-1 -1 $-1 $371 $370 $593 $594 reversed $372 $-1 #
edge $595 -1 $-1 $374 -0.25 $596 0.75 $370 $597 forward @7 unknown #
edge $598 -1 $-1 $599 -0.75 $375 0.25 $371 $600 forward @7 unknown #
face $601 -1 $-1 $602 $372 $8 $-1 $354 reversed single #
point $-1 -1 $-1 0.3000000000000023759 19.53500000000000014 -0.5 #
point $-1 -1 $-1 0.3000000000000023759 19.53000000000000114 -0.5 #
color-adesk-attrib $-1 -1 $-1 $-1 $377 256 #
face $603 -1 $-1 $-1 $604 $8 $-1 $605 reversed single #
loop $-1 -1 $-1 $-1 $606 $377 #
plane-surface $-1 -1 $-1 -0.2999999999999999889 0 0 1 0 0 0 0 -1 forward_v I I I I #
coedge $-1 -1 $-1 $447 $607 $608 $609 forward $378 $-1 #
color-adesk-attrib $-1 -1 $-1 $-1 $386 256 #
face $610 -1 $-1 $611 $612 $8 $-1 $613 forward single #
loop $-1 -1 $-1 $-1 $614 $386 #
plane-surface $-1 -1 $-1 0.300000000000000322 -14.21499999999999986 -0.5 0.8646093578672968682 -0.5024446818191041775 0 0.5024446818191041775 0.8646093578672968682 0 forward_v I I I I #
coedge $-1 -1 $-1 $615 $616 $617 $618 forward $387 $-1 #
coedge $-1 -1 $-1 $619 $389 $616 $620 forward $306 $-1 #
coedge $-1 -1 $-1 $389 $619 $621 $622 reversed $306 $-1 #
coedge $-1 -1 $-1 $623 $617 $389 $495 reversed $102 $-1 #
edge $624 -1 $-1 $625 0 $626 0.6092559367855017172 $389 $627 forward @7 unknown #
coedge $-1 -1 $-1 $391 $390 $628 $629 reversed $236 $-1 #
coedge $-1 -1 $-1 $630 $631 $390 $498 forward $632 $-1 #
edge $633 -1 $-1 $634 -0.75 $501 0.25 $497 $635 forward @7 unknown #
coedge $-1 -1 $-1 $392 $636 $630 $637 forward $102 $-1 #
color-adesk-attrib $-1 -1 $-1 $-1 $393 256 #
vertex $-1 -1 $-1 $393 $638 #
straight-curve $-1 -1 $-1 0.6061174053045916832 -16.18823161571905089 -0.5 -0.9566168915768484826 0.291348799122028157 0 F 0 F 0.3200000000000000622 #
coedge $-1 -1 $-1 $628 $639 $394 $504 forward $264 $-1 #
edge $640 -1 $-1 $512 0 $506 0.6092559367855017172 $394 $641 forward @7 unknown #
color-adesk-attrib $-1 -1 $-1 $-1 $395 256 #
vertex $-1 -1 $-1 $395 $642 #
straight-curve $-1 -1 $-1 0.6061174053045916832 -16.18823161571905089 -0.5 0 0 1 I I #
coedge $-1 -1 $-1 $643 $396 $639 $644 reversed $510 $-1 #
coedge $-1 -1 $-1 $396 $643 $398 $515 reversed $510 $-1 #
loop $-1 -1 $-1 $-1 $396 $645 #
color-adesk-attrib $-1 -1 $-1 $-1 $397 256 #
vertex $-1 -1 $-1 $504 $646 #
straight-curve $-1 -1 $-1 0.2999999999999993783 -16.71500000000000341 -0.25 0 0 1 I I #
coedge $-1 -1 $-1 $411 $398 $647 $648 reversed $102 $-1 #
edge $649 -1 $-1 $400 16.71499999999999986 $650 16.72000000000000242 $509 $277 forward @7 unknown #
point $-1 -1 $-1 0.3000000000000001554 -16.71499999999999986 -0.5 #
point $-1 -1 $-1 0.6061174053045916832 -16.18823161571905089 -0.5 #
coedge $-1 -1 $-1 $651 $403 $406 $522 forward $264 $-1 #
color-adesk-attrib $-1 -1 $-1 $-1 $404 256 #
straight-curve $-1 -1 $-1 0.6061174053045916832 -17.43823161571905089 0.5 -0.9566168915768484826 0.291348799122028157 0 I I #
coedge $-1 -1 $-1 $406 $405 $652 $653 forward $407 $-1 #
edge $654 -1 $-1 $409 -17.34500000000000242 $655 -17.33999999999999986 $406 $352 forward @7 unknown #
face $656 -1 $-1 $270 $407 $8 $-1 $354 reversed single #
point $-1 -1 $-1 0.3000000000000000999 -17.34500000000000242 0.5 #
coedge $-1 -1 $-1 $657 $652 $411 $526 forward $658 $-1 #
edge $659 -1 $-1 $528 0 $660 0.6092559367855017172 $525 $661 forward @7 unknown #
color-adesk-attrib $-1 -1 $-1 $-1 $412 256 #
vertex $-1 -1 $-1 $412 $662 #
coedge $-1 -1 $-1 $414 $426 $663 $664 forward $264 $-1 #
coedge $-1 -1 $-1 $663 $422 $418 $531 reversed $536 $-1 #
edge $665 -1 $-1 $533 -0.75 $425 0.25 $418 $666 forward @7 unknown #
color-adesk-attrib $-1 -1 $-1 $-1 $419 256 #
vertex $-1 -1 $-1 $419 $667 #
color-adesk-attrib $-1 -1 $-1 $-1 $420 256 #
coedge $-1 -1 $-1 $422 $663 $432 $545 reversed $536 $-1 #
loop $-1 -1 $-1 $-1 $422 $668 #
color-adesk-attrib $-1 -1 $-1 $-1 $423 256 #
straight-curve $-1 -1 $-1 0.6061174053045916832 -18.06323161571905089 -0.5 -0.9566168915768484826 0.291348799122028157 0 F 0 F 0.3200000000000000622 #
point $-1 -1 $-1 0.3000000000000000444 -17.97000000000000242 -0.5 #
coedge $-1 -1 $-1 $427 $432 $426 $541 reversed $433 $-1 #
edge $669 -1 $-1 $430 0 $670 0.6092559367855017172 $540 $671 forward @7 unknown #
color-adesk-attrib $-1 -1 $-1 $-1 $428 256 #
straight-curve $-1 -1 $-1 0.2999999999999989342 -18.59000000000000341 -0.25 0 0 1 I I #
point $-1 -1 $-1 0.3000000000000000444 -18.58999999999999986 0.5 #
edge $672 -1 $-1 $435 0 $670 1 $535 $673 forward @7 unknown #
face $674 -1 $-1 $668 $433 $8 $-1 $675 forward single #
point $-1 -1 $-1 0.6061174053045916832 -18.06323161571905089 -0.5 #
coedge $-1 -1 $-1 $438 $676 $607 $677 forward $264 $-1 #
coedge $-1 -1 $-1 $450 $449 $438 $550 reversed $451 $-1 #
edge $678 -1 $-1 $679 0 $552 0.6092559367855017172 $549 $680 forward @7 unknown #
color-adesk-attrib $-1 -1 $-1 $-1 $440 256 #
vertex $-1 -1 $-1 $455 $681 #
straight-curve $-1 -1 $-1 0.6061174053045915722 -19.31323161571905089 0.5 -0.9566168915768484826 0.291348799122028157 0 I I #
coedge $-1 -1 $-1 $467 $446 $682 $683 forward $102 $-1 #
coedge $-1 -1 $-1 $608 $606 $446 $556 reversed $484 $-1 #
edge $684 -1 $-1 $559 -19.83999999999999986 $685 19.83999999999999986 $555 $686 forward @7 unknown #
coedge $-1 -1 $-1 $607 $447 $450 $561 reversed $378 $-1 #
color-adesk-attrib $-1 -1 $-1 $-1 $448 256 #
vertex $-1 -1 $-1 $556 $687 #
straight-curve $-1 -1 $-1 0 -19.83999999999999986 -0.5 -1 0 0 I I #
edge $688 -1 $-1 $679 -0.5 $453 0.5 $557 $689 forward @7 unknown #
face $690 -1 $-1 $456 $451 $8 $-1 $691 forward single #
point $-1 -1 $-1 0.2999999999999999889 -19.83999999999999986 -0.5 #
color-adesk-attrib $-1 -1 $-1 $-1 $455 256 #
straight-curve $-1 -1 $-1 0.6061174053045915722 -19.31323161571905089 -0.5 0 0 1 I I #
color-adesk-attrib $-1 -1 $-1 $-1 $456 256 #
plane-surface $-1 -1 $-1 0.6061174053045915722 -19.31323161571905089 -0.5 0.2913487991220282125 0.9566168915768485936 0 -0.9566168915768485936 0.2913487991220282125 0 forward_v I I I I #
coedge $-1 -1 $-1 $692 $458 $693 $694 reversed $102 $-1 #
coedge $-1 -1 $-1 $695 $696 $458 $570 reversed $697 $-1 #
edge $698 -1 $-1 $575 -18.91000000000000014 $699 -18.90500000000000114 $569 $277 forward @7 unknown #
coedge $-1 -1 $-1 $700 $459 $462 $578 forward $573 $-1 #
coedge $-1 -1 $-1 $459 $700 $695 $701 reversed $573 $-1 #
loop $-1 -1 $-1 $-1 $459 $702 #
color-adesk-attrib $-1 -1 $-1 $-1 $460 256 #
vertex $-1 -1 $-1 $570 $703 #
straight-curve $-1 -1 $-1 0.3000000000000023759 18.91000000000000014 -0.5 0.5024446818191040665 0.8646093578672967572 0 F 0 F 0.6092559367855017172 #
coedge $-1 -1 $-1 $462 $461 $704 $705 reversed $463 $-1 #
edge $706 -1 $-1 $465 0 $707 1 $462 $708 forward @7 unknown #
face $709 -1 $-1 $710 $463 $8 $-1 $711 forward single #
point $-1 -1 $-1 0.6061174053045939036 19.43676838428095266 -0.5 #
coedge $-1 -1 $-1 $712 $713 $467 $582 forward $714 $-1 #
edge $715 -1 $-1 $587 0 $716 0.3150000000000002798 $581 $717 forward @7 unknown #
coedge $-1 -1 $-1 $718 $468 $713 $719 forward $585 $-1 #
coedge $-1 -1 $-1 $468 $718 $470 $590 reversed $585 $-1 #
loop $-1 -1 $-1 $-1 $468 $720 #
color-adesk-attrib $-1 -1 $-1 $-1 $469 256 #
vertex $-1 -1 $-1 $469 $721 #
straight-curve $-1 -1 $-1 0.6061174053045939036 20.06176838428095266 -0.5 -0.9566168915768484826 0.291348799122028157 0 F 0 F 0.3200000000000000622 #
coedge $-1 -1 $-1 $471 $470 $722 $723 reversed $472 $-1 #
edge $724 -1 $-1 $474 0 $725 1 $584 $726 forward @7 unknown #
face $727 -1 $-1 $728 $472 $8 $-1 $729 forward single #
point $-1 -1 $-1 0.6061174053045939036 20.06176838428095266 -0.5 #
coedge $-1 -1 $-1 $722 $704 $476 $594 forward $264 $-1 #
edge $730 -1 $-1 $599 19.53000000000000114 $596 19.53500000000000014 $476 $352 forward @7 unknown #
color-adesk-attrib $-1 -1 $-1 $-1 $477 256 #
vertex $-1 -1 $-1 $723 $731 #
straight-curve $-1 -1 $-1 0.3000000000000011546 19.53500000000000014 -0.25 0 0 1 I I #
color-adesk-attrib $-1 -1 $-1 $-1 $478 256 #
vertex $-1 -1 $-1 $594 $732 #
straight-curve $-1 -1 $-1 0.2999999999999998224 19.53000000000000469 -0.25 0 0 -1 I I #
color-adesk-attrib $-1 -1 $-1 $-1 $479 256 #
face $733 -1 $-1 $734 $735 $8 $-1 $354 reversed single #
color-adesk-attrib $-1 -1 $-1 $-1 $483 256 #
loop $-1 -1 $-1 $-1 $736 $483 #
plane-surface $-1 -1 $-1 0 19.83999999999999986 0 0 -1 0 0 0 -1 forward_v I I I I #
coedge $-1 -1 $-1 $555 $737 $738 $739 forward $484 $-1 #
coedge $-1 -1 $-1 $486 $557 $548 $677 reversed $378 $-1 #
coedge $-1 -1 $-1 $737 $555 $486 $609 reversed $484 $-1 #
edge $740 -1 $-1 $741 -0.5 $559 0.5 $608 $742 forward @7 unknown #
color-adesk-attrib $-1 -1 $-1 $-1 $488 256 #
face $743 -1 $-1 $744 $745 $8 $-1 $746 forward single #
loop $-1 -1 $-1 $-1 $747 $488 #
plane-surface $-1 -1 $-1 0.6061174053045919052 -13.68823161571905089 -0.5 0.2913487991220282125 0.9566168915768485936 0 -0.9566168915768485936 0.2913487991220282125 0 forward_v I I I I #
coedge $-1 -1 $-1 $748 $749 $750 $751 forward $489 $-1 #
coedge $-1 -1 $-1 $752 $491 $753 $754 reversed $387 $-1 #
coedge $-1 -1 $-1 $491 $752 $492 $620 reversed $387 $-1 #
coedge $-1 -1 $-1 $494 $755 $491 $618 reversed $102 $-1 #
edge $756 -1 $-1 $626 0 $757 0.3200000000000000622 $491 $758 forward @7 unknown #
coedge $-1 -1 $-1 $493 $492 $759 $760 reversed $306 $-1 #
edge $761 -1 $-1 $626 0 $762 1 $616 $763 forward @7 unknown #
coedge $-1 -1 $-1 $764 $765 $493 $622 forward $766 $-1 #
edge $767 -1 $-1 $625 -0.25 $768 0.75 $621 $769 forward @7 unknown #
coedge $-1 -1 $-1 $770 $494 $765 $771 forward $102 $-1 #
color-adesk-attrib $-1 -1 $-1 $-1 $495 256 #
vertex $-1 -1 $-1 $771 $772 #
vertex $-1 -1 $-1 $618 $773 #
straight-curve $-1 -1 $-1 0.3000000000000002665 -15.46499999999999986 -0.5 0.5024446818191040665 0.8646093578672967572 0 F 0 F 0.6092559367855017172 #
coedge $-1 -1 $-1 $774 $503 $496 $629 forward $264 $-1 #
edge $775 -1 $-1 $506 0 $634 0.3200000000000000622 $496 $776 forward @7 unknown #
coedge $-1 -1 $-1 $777 $497 $499 $637 reversed $632 $-1 #
coedge $-1 -1 $-1 $497 $777 $774 $778 reversed $632 $-1 #
loop $-1 -1 $-1 $-1 $497 $779 #
color-adesk-attrib $-1 -1 $-1 $-1 $498 256 #
vertex $-1 -1 $-1 $778 $780 #
straight-curve $-1 -1 $-1 0.2999999999999998224 -16.09500000000000242 -0.25 0 0 -1 I I #
coedge $-1 -1 $-1 $499 $770 $781 $782 reversed $102 $-1 #
edge $783 -1 $-1 $784 16.08999999999999986 $501 16.09500000000000242 $630 $277 forward @7 unknown #
point $-1 -1 $-1 0.3000000000000001554 -16.09500000000000242 -0.5 #
coedge $-1 -1 $-1 $503 $785 $508 $644 forward $264 $-1 #
color-adesk-attrib $-1 -1 $-1 $-1 $504 256 #
straight-curve $-1 -1 $-1 0.3000000000000001554 -16.71499999999999986 0.5 0.5024446818191040665 0.8646093578672967572 0 I I #
point $-1 -1 $-1 0.6061174053045916832 -16.18823161571905089 0.5 #
coedge $-1 -1 $-1 $509 $508 $786 $787 forward $510 $-1 #
edge $788 -1 $-1 $789 -16.72000000000000242 $512 -16.71499999999999986 $508 $352 forward @7 unknown #
face $790 -1 $-1 $779 $510 $8 $-1 $354 reversed single #
point $-1 -1 $-1 0.3000000000000001554 -16.71499999999999986 0.5 #
coedge $-1 -1 $-1 $786 $791 $514 $648 forward $792 $-1 #
edge $793 -1 $-1 $660 0 $650 0.3200000000000000622 $647 $794 forward @7 unknown #
color-adesk-attrib $-1 -1 $-1 $-1 $515 256 #
vertex $-1 -1 $-1 $648 $795 #
coedge $-1 -1 $-1 $785 $518 $796 $797 forward $264 $-1 #
coedge $-1 -1 $-1 $525 $796 $521 $653 reversed $658 $-1 #
edge $798 -1 $-1 $528 -0.25 $655 0.75 $521 $799 forward @7 unknown #
color-adesk-attrib $-1 -1 $-1 $-1 $522 256 #
vertex $-1 -1 $-1 $797 $800 #
color-adesk-attrib $-1 -1 $-1 $-1 $523 256 #
coedge $-1 -1 $-1 $796 $525 $791 $801 forward $658 $-1 #
loop $-1 -1 $-1 $-1 $525 $802 #
color-adesk-attrib $-1 -1 $-1 $-1 $526 256 #
vertex $-1 -1 $-1 $648 $803 #
straight-curve $-1 -1 $-1 0.3000000000000001554 -17.33999999999999986 -0.5 0.5024446818191040665 0.8646093578672967572 0 F 0 F 0.6092559367855017172 #
point $-1 -1 $-1 0.3000000000000001554 -17.33999999999999986 -0.5 #
coedge $-1 -1 $-1 $535 $530 $529 $664 reversed $536 $-1 #
edge $804 -1 $-1 $670 0 $533 0.3200000000000000622 $663 $805 forward @7 unknown #
color-adesk-attrib $-1 -1 $-1 $-1 $531 256 #
straight-curve $-1 -1 $-1 0.3000000000000002665 -17.97000000000000242 -0.25 0 0 -1 I I #
point $-1 -1 $-1 0.3000000000000000444 -17.97000000000000242 0.5 #
face $806 -1 $-1 $562 $536 $8 $-1 $807 forward single #
color-adesk-attrib $-1 -1 $-1 $-1 $541 256 #
vertex $-1 -1 $-1 $545 $808 #
straight-curve $-1 -1 $-1 0.3000000000000000444 -18.58999999999999986 0.5 0.5024446818191040665 0.8646093578672967572 0 I I #
color-adesk-attrib $-1 -1 $-1 $-1 $545 256 #
straight-curve $-1 -1 $-1 0.6061174053045916832 -18.06323161571905089 -0.5 0 0 1 I I #
color-adesk-attrib $-1 -1 $-1 $-1 $546 256 #
plane-surface $-1 -1 $-1 0.3000000000000000444 -18.58999999999999986 -0.5 0.8646093578672968682 -0.5024446818191041775 0 0.5024446818191041775 0.8646093578672968682 0 forward_v I I I I #
coedge $-1 -1 $-1 $548 $809 $737 $810 forward $264 $-1 #
edge $811 -1 $-1 $741 -0.2999999999999999889 $679 0.2999999999999999889 $607 $812 forward @7 unknown #
color-adesk-attrib $-1 -1 $-1 $-1 $550 256 #
vertex $-1 -1 $-1 $550 $813 #
straight-curve $-1 -1 $-1 0.2999999999999999889 -19.83999999999999986 0.5 0.5024446818191040665 0.8646093578672967572 0 I I #
point $-1 -1 $-1 0.6061174053045915722 -19.31323161571905089 0.5 #
coedge $-1 -1 $-1 $738 $736 $554 $683 reversed $604 $-1 #
edge $814 -1 $-1 $685 -0.2999999999999999889 $716 0.2999999999999999889 $682 $815 forward @7 unknown #
color-adesk-attrib $-1 -1 $-1 $-1 $556 256 #
vertex $-1 -1 $-1 $683 $816 #
straight-curve $-1 -1 $-1 -0.2999999999999999889 0 -0.5 0 1 0 I I #
point $-1 -1 $-1 -0.2999999999999999889 -19.83999999999999986 -0.5 #
color-adesk-attrib $-1 -1 $-1 $-1 $561 256 #
straight-curve $-1 -1 $-1 0.2999999999999999889 -19.83999999999999986 0 0 0 -1 I I #
color-adesk-attrib $-1 -1 $-1 $-1 $562 256 #
plane-surface $-1 -1 $-1 0.2999999999999999889 -19.83999999999999986 -0.5 0.8646093578672968682 -0.5024446818191041775 0 0.5024446818191041775 0.8646093578672968682 0 forward_v I I I I #
coedge $-1 -1 $-1 $817 $568 $818 $819 reversed $102 $-1 #
coedge $-1 -1 $-1 $820 $821 $568 $694 forward $822 $-1 #
edge $823 -1 $-1 $824 0 $699 0.3200000000000000622 $693 $825 forward @7 unknown #
coedge $-1 -1 $-1 $826 $569 $572 $701 forward $697 $-1 #
coedge $-1 -1 $-1 $569 $826 $820 $827 forward $697 $-1 #
loop $-1 -1 $-1 $-1 $696 $734 #
color-adesk-attrib $-1 -1 $-1 $-1 $570 256 #
vertex $-1 -1 $-1 $694 $828 #
coedge $-1 -1 $-1 $572 $571 $829 $830 reversed $573 $-1 #
edge $831 -1 $-1 $575 -0.25 $832 0.75 $695 $833 forward @7 unknown #
face $834 -1 $-1 $579 $573 $8 $-1 $835 forward single #
point $-1 -1 $-1 0.3000000000000023759 18.91000000000000014 -0.5 #
coedge $-1 -1 $-1 $593 $829 $577 $705 forward $264 $-1 #
edge $836 -1 $-1 $707 0 $599 0.3200000000000000622 $577 $837 forward @7 unknown #
color-adesk-attrib $-1 -1 $-1 $-1 $578 256 #
vertex $-1 -1 $-1 $578 $838 #
straight-curve $-1 -1 $-1 0.6061174053045939036 19.43676838428095266 -0.5 0 0 1 I I #
color-adesk-attrib $-1 -1 $-1 $-1 $579 256 #
face $839 -1 $-1 $840 $841 $8 $-1 $842 forward single #
plane-surface $-1 -1 $-1 0.6061174053045939036 19.43676838428095266 -0.5 0.2913487991220282125 0.9566168915768485936 0 -0.9566168915768485936 0.2913487991220282125 0 forward_v I I I I #
coedge $-1 -1 $-1 $843 $581 $736 $844 reversed $714 $-1 #
coedge $-1 -1 $-1 $581 $843 $583 $719 reversed $714 $-1 #
loop $-1 -1 $-1 $-1 $712 $728 #
color-adesk-attrib $-1 -1 $-1 $-1 $582 256 #
vertex $-1 -1 $-1 $582 $845 #
straight-curve $-1 -1 $-1 0.3000000000000023759 20.15500000000000114 -0.5 0 -1 0 F 0 F 0.6199999999999999956 #
coedge $-1 -1 $-1 $584 $583 $846 $847 reversed $585 $-1 #
edge $848 -1 $-1 $587 0 $849 1 $583 $850 forward @7 unknown #
face $851 -1 $-1 $702 $585 $8 $-1 $852 forward single #
point $-1 -1 $-1 0.3000000000000023759 20.15500000000000114 -0.5 #
coedge $-1 -1 $-1 $846 $593 $589 $723 forward $264 $-1 #
edge $853 -1 $-1 $596 0 $725 0.6092559367855017172 $589 $854 forward @7 unknown #
color-adesk-attrib $-1 -1 $-1 $-1 $590 256 #
vertex $-1 -1 $-1 $590 $855 #
straight-curve $-1 -1 $-1 0.6061174053045939036 20.06176838428095266 -0.5 0 0 1 I I #
color-adesk-attrib $-1 -1 $-1 $-1 $591 256 #
face $856 -1 $-1 $720 $714 $8 $-1 $857 forward single #
plane-surface $-1 -1 $-1 0.3000000000000023759 19.53500000000000014 -0.5 0.8646093578672968682 -0.5024446818191041775 0 0.5024446818191041775 0.8646093578672968682 0 forward_v I I I I #
color-adesk-attrib $-1 -1 $-1 $-1 $594 256 #
point $-1 -1 $-1 0.3000000000000023759 19.53500000000000014 0.5 #
point $-1 -1 $-1 0.3000000000000023759 19.53000000000000114 0.5 #
color-adesk-attrib $-1 -1 $-1 $-1 $602 256 #
face $858 -1 $-1 $859 $697 $8 $-1 $354 reversed single #
loop $-1 -1 $-1 $-1 $860 $602 #
coedge $-1 -1 $-1 $682 $861 $712 $844 forward $604 $-1 #
coedge $-1 -1 $-1 $606 $608 $676 $810 reversed $484 $-1 #
coedge $-1 -1 $-1 $861 $682 $606 $739 reversed $604 $-1 #
edge $862 -1 $-1 $863 -0.5 $685 0.5 $738 $864 forward @7 unknown #
color-adesk-attrib $-1 -1 $-1 $-1 $609 256 #
vertex $-1 -1 $-1 $810 $865 #
straight-curve $-1 -1 $-1 -0.2999999999999999889 -19.83999999999999986 0 0 0 -1 I I #
color-adesk-attrib $-1 -1 $-1 $-1 $611 256 #
face $866 -1 $-1 $867 $868 $8 $-1 $869 forward single #
loop $-1 -1 $-1 $-1 $870 $611 #
plane-surface $-1 -1 $-1 0.3000000000000003775 -12.96499999999999986 -0.5 0.8646093578672968682 -0.5024446818191041775 0 0.5024446818191041775 0.8646093578672968682 0 forward_v I I I I #
coedge $-1 -1 $-1 $871 $872 $873 $874 forward $612 $-1 #
coedge $-1 -1 $-1 $875 $614 $872 $876 forward $489 $-1 #
coedge $-1 -1 $-1 $614 $875 $877 $878 reversed $489 $-1 #
coedge $-1 -1 $-1 $879 $873 $614 $751 reversed $102 $-1 #
edge $880 -1 $-1 $881 0 $882 0.6092559367855017172 $614 $883 forward @7 unknown #
coedge $-1 -1 $-1 $616 $615 $884 $885 reversed $387 $-1 #
coedge $-1 -1 $-1 $886 $887 $615 $754 forward $888 $-1 #
edge $889 -1 $-1 $890 -0.75 $757 0.25 $753 $891 forward @7 unknown #
coedge $-1 -1 $-1 $617 $892 $886 $893 forward $102 $-1 #
color-adesk-attrib $-1 -1 $-1 $-1 $618 256 #
vertex $-1 -1 $-1 $618 $894 #
straight-curve $-1 -1 $-1 0.6061174053045919052 -14.93823161571905089 -0.5 -0.9566168915768484826 0.291348799122028157 0 F 0 F 0.3200000000000000622 #
coedge $-1 -1 $-1 $884 $895 $619 $760 forward $264 $-1 #
edge $896 -1 $-1 $768 0 $762 0.6092559367855017172 $619 $897 forward @7 unknown #
color-adesk-attrib $-1 -1 $-1 $-1 $620 256 #
vertex $-1 -1 $-1 $620 $898 #
straight-curve $-1 -1 $-1 0.6061174053045919052 -14.93823161571905089 -0.5 0 0 1 I I #
coedge $-1 -1 $-1 $899 $621 $895 $900 reversed $766 $-1 #
coedge $-1 -1 $-1 $621 $899 $623 $771 reversed $766 $-1 #
loop $-1 -1 $-1 $-1 $621 $901 #
color-adesk-attrib $-1 -1 $-1 $-1 $622 256 #
vertex $-1 -1 $-1 $760 $902 #
straight-curve $-1 -1 $-1 0.2999999999999998224 -15.46500000000000341 -0.25 0 0 1 I I #
coedge $-1 -1 $-1 $636 $623 $903 $904 reversed $102 $-1 #
edge $905 -1 $-1 $625 15.46499999999999986 $906 15.47000000000000242 $765 $277 forward @7 unknown #
point $-1 -1 $-1 0.3000000000000002665 -15.46499999999999986 -0.5 #
point $-1 -1 $-1 0.6061174053045919052 -14.93823161571905089 -0.5 #
coedge $-1 -1 $-1 $907 $628 $631 $778 forward $264 $-1 #
color-adesk-attrib $-1 -1 $-1 $-1 $629 256 #
straight-curve $-1 -1 $-1 0.6061174053045916832 -16.18823161571905089 0.5 -0.9566168915768484826 0.291348799122028157 0 I I #
coedge $-1 -1 $-1 $631 $630 $908 $909 forward $632 $-1 #
edge $910 -1 $-1 $634 -16.09500000000000242 $911 -16.08999999999999986 $631 $352 forward @7 unknown #
face $912 -1 $-1 $420 $632 $8 $-1 $354 reversed single #
point $-1 -1 $-1 0.3000000000000001554 -16.09500000000000242 0.5 #
coedge $-1 -1 $-1 $913 $908 $636 $782 forward $914 $-1 #
edge $915 -1 $-1 $784 0 $916 0.6092559367855017172 $781 $917 forward @7 unknown #
color-adesk-attrib $-1 -1 $-1 $-1 $637 256 #
vertex $-1 -1 $-1 $637 $918 #
coedge $-1 -1 $-1 $639 $651 $919 $920 forward $264 $-1 #
coedge $-1 -1 $-1 $919 $647 $643 $787 reversed $792 $-1 #
edge $921 -1 $-1 $789 -0.75 $650 0.25 $643 $922 forward @7 unknown #
color-adesk-attrib $-1 -1 $-1 $-1 $644 256 #
vertex $-1 -1 $-1 $644 $923 #
color-adesk-attrib $-1 -1 $-1 $-1 $645 256 #
coedge $-1 -1 $-1 $647 $919 $657 $801 reversed $792 $-1 #
loop $-1 -1 $-1 $-1 $647 $924 #
color-adesk-attrib $-1 -1 $-1 $-1 $648 256 #
straight-curve $-1 -1 $-1 0.6061174053045916832 -16.81323161571905089 -0.5 -0.9566168915768484826 0.291348799122028157 0 F 0 F 0.3200000000000000622 #
point $-1 -1 $-1 0.3000000000000001554 -16.72000000000000242 -0.5 #
coedge $-1 -1 $-1 $652 $657 $651 $797 reversed $658 $-1 #
edge $925 -1 $-1 $655 0 $926 0.6092559367855017172 $796 $927 forward @7 unknown #
color-adesk-attrib $-1 -1 $-1 $-1 $653 256 #
straight-curve $-1 -1 $-1 0.2999999999999993783 -17.34000000000000341 -0.25 0 0 1 I I #
point $-1 -1 $-1 0.3000000000000001554 -17.33999999999999986 0.5 #
edge $928 -1 $-1 $660 0 $926 1 $791 $929 forward @7 unknown #
face $930 -1 $-1 $924 $658 $8 $-1 $931 forward single #
point $-1 -1 $-1 0.6061174053045916832 -16.81323161571905089 -0.5 #
color-adesk-attrib $-1 -1 $-1 $-1 $664 256 #
straight-curve $-1 -1 $-1 0.6061174053045916832 -18.06323161571905089 0.5 -0.9566168915768484826 0.291348799122028157 0 I I #
color-adesk-attrib $-1 -1 $-1 $-1 $668 256 #
plane-surface $-1 -1 $-1 0.6061174053045916832 -18.06323161571905089 -0.5 0.2913487991220282125 0.9566168915768485936 0 -0.9566168915768485936 0.2913487991220282125 0 forward_v I I I I #
point $-1 -1 $-1 0.6061174053045916832 -18.06323161571905089 0.5 #
coedge $-1 -1 $-1 $676 $932 $861 $933 forward $264 $-1 #
edge $934 -1 $-1 $863 -19.83999999999999986 $741 19.83999999999999986 $737 $935 forward @7 unknown #
color-adesk-attrib $-1 -1 $-1 $-1 $677 256 #
straight-curve $-1 -1 $-1 0 -19.83999999999999986 0.5 1 0 0 I I #
point $-1 -1 $-1 0.2999999999999999889 -19.83999999999999986 0.5 #
color-adesk-attrib $-1 -1 $-1 $-1 $683 256 #
straight-curve $-1 -1 $-1 0 19.83999999999999986 -0.5 1 0 0 I I #
point $-1 -1 $-1 -0.2999999999999999889 19.83999999999999986 -0.5 #
coedge $-1 -1 $-1 $936 $692 $937 $938 forward $102 $-1 #
coedge $-1 -1 $-1 $939 $940 $692 $819 forward $941 $-1 #
edge $942 -1 $-1 $943 0 $824 0.6092559367855017172 $818 $944 forward @7 unknown #
coedge $-1 -1 $-1 $945 $693 $696 $827 reversed $822 $-1 #
coedge $-1 -1 $-1 $693 $945 $939 $946 reversed $822 $-1 #
loop $-1 -1 $-1 $-1 $693 $947 #
color-adesk-attrib $-1 -1 $-1 $-1 $694 256 #
vertex $-1 -1 $-1 $694 $948 #
straight-curve $-1 -1 $-1 0.6061174053045939036 18.81176838428095266 -0.5 -0.9566168915768484826 0.291348799122028157 0 F 0 F 0.3200000000000000622 #
coedge $-1 -1 $-1 $696 $695 $949 $950 reversed $697 $-1 #
edge $951 -1 $-1 $952 -0.75 $699 0.25 $696 $953 forward @7 unknown #
point $-1 -1 $-1 0.3000000000000023204 18.90500000000000114 -0.5 #
coedge $-1 -1 $-1 $704 $949 $700 $830 forward $264 $-1 #
edge $954 -1 $-1 $832 0 $707 0.6092559367855017172 $700 $955 forward @7 unknown #
color-adesk-attrib $-1 -1 $-1 $-1 $701 256 #
vertex $-1 -1 $-1 $830 $956 #
straight-curve $-1 -1 $-1 0.3000000000000011546 18.90999999999999659 -0.25 0 0 1 I I #
color-adesk-attrib $-1 -1 $-1 $-1 $702 256 #
plane-surface $-1 -1 $-1 0.3000000000000023759 18.91000000000000014 -0.5 0.8646093578672968682 -0.5024446818191041775 0 0.5024446818191041775 0.8646093578672968682 0 forward_v I I I I #
color-adesk-attrib $-1 -1 $-1 $-1 $705 256 #
straight-curve $-1 -1 $-1 0.6061174053045939036 19.43676838428095266 0.5 -0.9566168915768484826 0.291348799122028157 0 I I #
point $-1 -1 $-1 0.6061174053045939036 19.43676838428095266 0.5 #
color-adesk-attrib $-1 -1 $-1 $-1 $710 256 #
face $957 -1 $-1 $958 $959 $8 $-1 $960 forward single #
loop $-1 -1 $-1 $-1 $961 $710 #
plane-surface $-1 -1 $-1 0.3000000000000022649 17.66000000000000014 -0.5 0.8646093578672968682 -0.5024446818191041775 0 0.5024446818191041775 0.8646093578672968682 0 forward_v I I I I #
coedge $-1 -1 $-1 $713 $712 $932 $962 reversed $714 $-1 #
edge $963 -1 $-1 $964 -0.5 $716 0.5 $736 $965 forward @7 unknown #
point $-1 -1 $-1 0.2999999999999999889 19.83999999999999986 -0.5 #
coedge $-1 -1 $-1 $932 $722 $718 $847 forward $264 $-1 #
edge $966 -1 $-1 $725 0 $849 0.3200000000000000622 $718 $967 forward @7 unknown #
color-adesk-attrib $-1 -1 $-1 $-1 $719 256 #
vertex $-1 -1 $-1 $719 $968 #
straight-curve $-1 -1 $-1 0.3000000000000023759 20.15500000000000114 -0.5 0 0 1 I I #
color-adesk-attrib $-1 -1 $-1 $-1 $720 256 #
plane-surface $-1 -1 $-1 0.6061174053045939036 20.06176838428095266 -0.5 0.2913487991220282125 0.9566168915768485936 0 -0.9566168915768485936 0.2913487991220282125 0 forward_v I I I I #
color-adesk-attrib $-1 -1 $-1 $-1 $723 256 #
straight-curve $-1 -1 $-1 0.3000000000000023759 19.53500000000000014 0.5 0.5024446818191040665 0.8646093578672967572 0 I I #
point $-1 -1 $-1 0.6061174053045939036 20.06176838428095266 0.5 #
color-adesk-attrib $-1 -1 $-1 $-1 $728 256 #
plane-surface $-1 -1 $-1 0.3000000000000023759 20.15500000000000114 -0.5 -1 0 0 0 -1 0 forward_v I I I I #
color-adesk-attrib $-1 -1 $-1 $-1 $734 256 #
face $969 -1 $-1 $970 $971 $8 $-1 $354 reversed single #
coedge $-1 -1 $-1 $972 $937 $940 $973 forward $735 $-1 #
coedge $-1 -1 $-1 $736 $738 $809 $933 reversed $604 $-1 #
color-adesk-attrib $-1 -1 $-1 $-1 $739 256 #
vertex $-1 -1 $-1 $933 $974 #
straight-curve $-1 -1 $-1 -0.2999999999999999889 19.83999999999999986 0 0 0 -1 I I #
point $-1 -1 $-1 -0.2999999999999999889 -19.83999999999999986 0.5 #
color-adesk-attrib $-1 -1 $-1 $-1 $744 256 #
face $975 -1 $-1 $976 $977 $8 $-1 $978 forward single #
loop $-1 -1 $-1 $-1 $979 $744 #
plane-surface $-1 -1 $-1 0.6061174053045919052 -12.43823161571905089 -0.5 0.2913487991220282125 0.9566168915768485936 0 -0.9566168915768485936 0.2913487991220282125 0 forward_v I I I I #
coedge $-1 -1 $-1 $980 $981 $982 $983 forward $745 $-1 #
coedge $-1 -1 $-1 $984 $747 $985 $986 reversed $612 $-1 #
coedge $-1 -1 $-1 $747 $984 $748 $876 reversed $612 $-1 #
coedge $-1 -1 $-1 $750 $987 $747 $874 reversed $102 $-1 #
edge $988 -1 $-1 $882 0 $989 0.3200000000000000622 $747 $990 forward @7 unknown #
coedge $-1 -1 $-1 $749 $748 $991 $992 reversed $489 $-1 #
edge $993 -1 $-1 $882 0 $994 1 $872 $995 forward @7 unknown #
coedge $-1 -1 $-1 $996 $997 $749 $878 forward $998 $-1 #
edge $999 -1 $-1 $881 -0.25 $1000 0.75 $877 $1001 forward @7 unknown #
coedge $-1 -1 $-1 $1002 $750 $997 $1003 forward $102 $-1 #
color-adesk-attrib $-1 -1 $-1 $-1 $751 256 #
vertex $-1 -1 $-1 $1003 $1004 #
vertex $-1 -1 $-1 $874 $1005 #
straight-curve $-1 -1 $-1 0.300000000000000322 -14.21499999999999986 -0.5 0.5024446818191040665 0.8646093578672967572 0 F 0 F 0.6092559367855017172 #
coedge $-1 -1 $-1 $1006 $759 $752 $885 forward $264 $-1 #
edge $1007 -1 $-1 $762 0 $890 0.3200000000000000622 $752 $1008 forward @7 unknown #
coedge $-1 -1 $-1 $1009 $753 $755 $893 reversed $888 $-1 #
coedge $-1 -1 $-1 $753 $1009 $1006 $1010 reversed $888 $-1 #
loop $-1 -1 $-1 $-1 $753 $1011 #
color-adesk-attrib $-1 -1 $-1 $-1 $754 256 #
vertex $-1 -1 $-1 $1010 $1012 #
straight-curve $-1 -1 $-1 0.3000000000000002665 -14.84500000000000242 -0.25 0 0 -1 I I #
coedge $-1 -1 $-1 $755 $1002 $1013 $1014 reversed $102 $-1 #
edge $1015 -1 $-1 $1016 14.83999999999999986 $757 14.84500000000000242 $886 $277 forward @7 unknown #
point $-1 -1 $-1 0.3000000000000002665 -14.84500000000000242 -0.5 #
coedge $-1 -1 $-1 $759 $1017 $764 $900 forward $264 $-1 #
color-adesk-attrib $-1 -1 $-1 $-1 $760 256 #
straight-curve $-1 -1 $-1 0.3000000000000002665 -15.46499999999999986 0.5 0.5024446818191040665 0.8646093578672967572 0 I I #
point $-1 -1 $-1 0.6061174053045919052 -14.93823161571905089 0.5 #
coedge $-1 -1 $-1 $765 $764 $1018 $1019 forward $766 $-1 #
edge $1020 -1 $-1 $1021 -15.47000000000000242 $768 -15.46499999999999986 $764 $352 forward @7 unknown #
face $1022 -1 $-1 $1011 $766 $8 $-1 $354 reversed single #
point $-1 -1 $-1 0.3000000000000002665 -15.46499999999999986 0.5 #
coedge $-1 -1 $-1 $1018 $1023 $770 $904 forward $1024 $-1 #
edge $1025 -1 $-1 $916 0 $906 0.3200000000000000622 $903 $1026 forward @7 unknown #
color-adesk-attrib $-1 -1 $-1 $-1 $771 256 #
vertex $-1 -1 $-1 $904 $1027 #
coedge $-1 -1 $-1 $1017 $774 $1028 $1029 forward $264 $-1 #
coedge $-1 -1 $-1 $781 $1028 $777 $909 reversed $914 $-1 #
edge $1030 -1 $-1 $784 -0.25 $911 0.75 $777 $1031 forward @7 unknown #
color-adesk-attrib $-1 -1 $-1 $-1 $778 256 #
vertex $-1 -1 $-1 $1029 $1032 #
color-adesk-attrib $-1 -1 $-1 $-1 $779 256 #
coedge $-1 -1 $-1 $1028 $781 $1023 $1033 forward $914 $-1 #
loop $-1 -1 $-1 $-1 $781 $1034 #
color-adesk-attrib $-1 -1 $-1 $-1 $782 256 #
vertex $-1 -1 $-1 $904 $1035 #
straight-curve $-1 -1 $-1 0.3000000000000002109 -16.08999999999999986 -0.5 0.5024446818191040665 0.8646093578672967572 0 F 0 F 0.6092559367855017172 #
point $-1 -1 $-1 0.3000000000000002109 -16.08999999999999986 -0.5 #
coedge $-1 -1 $-1 $791 $786 $785 $920 reversed $792 $-1 #
edge $1036 -1 $-1 $926 0 $789 0.3200000000000000622 $919 $1037 forward @7 unknown #
color-adesk-attrib $-1 -1 $-1 $-1 $787 256 #
straight-curve $-1 -1 $-1 0.2999999999999998224 -16.72000000000000242 -0.25 0 0 -1 I I #
point $-1 -1 $-1 0.3000000000000001554 -16.72000000000000242 0.5 #
face $1038 -1 $-1 $546 $792 $8 $-1 $1039 forward single #
color-adesk-attrib $-1 -1 $-1 $-1 $797 256 #
vertex $-1 -1 $-1 $801 $1040 #
straight-curve $-1 -1 $-1 0.3000000000000001554 -17.33999999999999986 0.5 0.5024446818191040665 0.8646093578672967572 0 I I #
color-adesk-attrib $-1 -1 $-1 $-1 $801 256 #
straight-curve $-1 -1 $-1 0.6061174053045916832 -16.81323161571905089 -0.5 0 0 1 I I #
color-adesk-attrib $-1 -1 $-1 $-1 $802 256 #
plane-surface $-1 -1 $-1 0.3000000000000001554 -17.33999999999999986 -0.5 0.8646093578672968682 -0.5024446818191041775 0 0.5024446818191041775 0.8646093578672968682 0 forward_v I I I I #
coedge $-1 -1 $-1 $809 $846 $843 $962 forward $264 $-1 #
edge $1041 -1 $-1 $964 -0.2999999999999999889 $863 0.2999999999999999889 $861 $1042 forward @7 unknown #
color-adesk-attrib $-1 -1 $-1 $-1 $810 256 #
straight-curve $-1 -1 $-1 -0.2999999999999999889 0 0.5 0 -1 0 I I #
coedge $-1 -1 $-1 $1043 $817 $1044 $1045 reversed $102 $-1 #
coedge $-1 -1 $-1 $860 $1046 $817 $938 reversed $735 $-1 #
edge $1047 -1 $-1 $943 -18.28500000000000014 $1048 -18.28000000000000114 $937 $277 forward @7 unknown #
coedge $-1 -1 $-1 $1049 $818 $821 $946 forward $941 $-1 #
coedge $-1 -1 $-1 $818 $1049 $860 $973 reversed $941 $-1 #
loop $-1 -1 $-1 $-1 $818 $1050 #
color-adesk-attrib $-1 -1 $-1 $-1 $819 256 #
vertex $-1 -1 $-1 $938 $1051 #
straight-curve $-1 -1 $-1 0.3000000000000023204 18.28500000000000014 -0.5 0.5024446818191040665 0.8646093578672967572 0 F 0 F 0.6092559367855017172 #
coedge $-1 -1 $-1 $821 $820 $1052 $1053 reversed $822 $-1 #
edge $1054 -1 $-1 $824 0 $1055 1 $821 $1056 forward @7 unknown #
face $1057 -1 $-1 $591 $822 $8 $-1 $1058 forward single #
point $-1 -1 $-1 0.6061174053045939036 18.81176838428095266 -0.5 #
coedge $-1 -1 $-1 $829 $1052 $826 $950 forward $264 $-1 #
edge $1059 -1 $-1 $952 18.90500000000000114 $832 18.91000000000000014 $826 $352 forward @7 unknown #
color-adesk-attrib $-1 -1 $-1 $-1 $827 256 #
vertex $-1 -1 $-1 $950 $1060 #
straight-curve $-1 -1 $-1 0.2999999999999998224 18.90500000000000114 -0.25 0 0 -1 I I #
color-adesk-attrib $-1 -1 $-1 $-1 $830 256 #
straight-curve $-1 -1 $-1 0.3000000000000023759 18.91000000000000014 0.5 0.5024446818191040665 0.8646093578672967572 0 I I #
point $-1 -1 $-1 0.3000000000000023759 18.91000000000000014 0.5 #
color-adesk-attrib $-1 -1 $-1 $-1 $840 256 #
face $1061 -1 $-1 $1062 $1063 $8 $-1 $1064 forward single #
loop $-1 -1 $-1 $-1 $1044 $840 #
plane-surface $-1 -1 $-1 0.6061174053045939036 18.18676838428095266 -0.5 0.2913487991220282125 0.9566168915768485936 0 -0.9566168915768485936 0.2913487991220282125 0 forward_v I I I I #
coedge $-1 -1 $-1 $1065 $1066 $1043 $1067 forward $841 $-1 #
edge $1068 -1 $-1 $849 0 $964 0.3150000000000002798 $843 $1069 forward @7 unknown #
color-adesk-attrib $-1 -1 $-1 $-1 $844 256 #
vertex $-1 -1 $-1 $933 $1070 #
straight-curve $-1 -1 $-1 0.2999999999999999889 19.83999999999999986 0 0 0 -1 I I #
color-adesk-attrib $-1 -1 $-1 $-1 $847 256 #
straight-curve $-1 -1 $-1 0.6061174053045939036 20.06176838428095266 0.5 -0.9566168915768484826 0.291348799122028157 0 I I #
point $-1 -1 $-1 0.3000000000000023759 20.15500000000000114 0.5 #
color-adesk-attrib $-1 -1 $-1 $-1 $859 256 #
face $1071 -1 $-1 $1072 $1073 $8 $-1 $354 reversed single #
loop $-1 -1 $-1 $-1 $1074 $859 #
coedge $-1 -1 $-1 $1046 $860 $1075 $1076 reversed $735 $-1 #
edge $1077 -1 $-1 $943 -0.25 $1078 0.75 $860 $1079 forward @7 unknown #
point $-1 -1 $-1 -0.2999999999999999889 19.83999999999999986 0.5 #
color-adesk-attrib $-1 -1 $-1 $-1 $867 256 #
face $1080 -1 $-1 $1081 $1082 $8 $-1 $1083 forward single #
loop $-1 -1 $-1 $-1 $1084 $867 #
plane-surface $-1 -1 $-1 0.3000000000000004885 -11.71499999999999986 -0.5 0.8646093578672968682 -0.5024446818191041775 0 0.5024446818191041775 0.8646093578672968682 0 forward_v I I I I #
coedge $-1 -1 $-1 $1085 $1086 $1087 $1088 forward $868 $-1 #
coedge $-1 -1 $-1 $1089 $870 $1086 $1090 forward $745 $-1 #
coedge $-1 -1 $-1 $870 $1089 $1091 $1092 reversed $745 $-1 #
coedge $-1 -1 $-1 $1093 $1087 $870 $983 reversed $102 $-1 #
edge $1094 -1 $-1 $1095 0 $1096 0.6092559367855017172 $870 $1097 forward @7 unknown #
coedge $-1 -1 $-1 $872 $871 $1098 $1099 reversed $612 $-1 #
coedge $-1 -1 $-1 $1100 $1101 $871 $986 forward $1102 $-1 #
edge $1103 -1 $-1 $1104 -0.75 $989 0.25 $985 $1105 forward @7 unknown #
coedge $-1 -1 $-1 $873 $1106 $1100 $1107 forward $102 $-1 #
color-adesk-attrib $-1 -1 $-1 $-1 $874 256 #
vertex $-1 -1 $-1 $874 $1108 #
straight-curve $-1 -1 $-1 0.6061174053045919052 -13.68823161571905089 -0.5 -0.9566168915768484826 0.291348799122028157 0 F 0 F 0.3200000000000000622 #
coedge $-1 -1 $-1 $1098 $1109 $875 $992 forward $264 $-1 #
edge $1110 -1 $-1 $1000 0 $994 0.6092559367855017172 $875 $1111 forward @7 unknown #
color-adesk-attrib $-1 -1 $-1 $-1 $876 256 #
vertex $-1 -1 $-1 $876 $1112 #
straight-curve $-1 -1 $-1 0.6061174053045919052 -13.68823161571905089 -0.5 0 0 1 I I #
coedge $-1 -1 $-1 $1113 $877 $1109 $1114 reversed $998 $-1 #
coedge $-1 -1 $-1 $877 $1113 $879 $1003 reversed $998 $-1 #
loop $-1 -1 $-1 $-1 $877 $1115 #
color-adesk-attrib $-1 -1 $-1 $-1 $878 256 #
vertex $-1 -1 $-1 $992 $1116 #
straight-curve $-1 -1 $-1 0.2999999999999998224 -14.21500000000000341 -0.25 0 0 1 I I #
coedge $-1 -1 $-1 $892 $879 $1117 $1118 reversed $102 $-1 #
edge $1119 -1 $-1 $881 14.21499999999999986 $1120 14.22000000000000242 $997 $277 forward @7 unknown #
point $-1 -1 $-1 0.300000000000000322 -14.21499999999999986 -0.5 #
point $-1 -1 $-1 0.6061174053045919052 -13.68823161571905089 -0.5 #
coedge $-1 -1 $-1 $1121 $884 $887 $1010 forward $264 $-1 #
color-adesk-attrib $-1 -1 $-1 $-1 $885 256 #
straight-curve $-1 -1 $-1 0.6061174053045919052 -14.93823161571905089 0.5 -0.9566168915768484826 0.291348799122028157 0 I I #
coedge $-1 -1 $-1 $887 $886 $1122 $1123 forward $888 $-1 #
edge $1124 -1 $-1 $890 -14.84500000000000242 $1125 -14.83999999999999986 $887 $352 forward @7 unknown #
face $1126 -1 $-1 $645 $888 $8 $-1 $354 reversed single #
point $-1 -1 $-1 0.3000000000000002665 -14.84500000000000242 0.5 #
coedge $-1 -1 $-1 $1127 $1122 $892 $1014 forward $1128 $-1 #
edge $1129 -1 $-1 $1016 0 $1130 0.6092559367855017172 $1013 $1131 forward @7 unknown #
color-adesk-attrib $-1 -1 $-1 $-1 $893 256 #
vertex $-1 -1 $-1 $893 $1132 #
coedge $-1 -1 $-1 $895 $907 $1133 $1134 forward $264 $-1 #
coedge $-1 -1 $-1 $1133 $903 $899 $1019 reversed $1024 $-1 #
edge $1135 -1 $-1 $1021 -0.75 $906 0.25 $899 $1136 forward @7 unknown #
color-adesk-attrib $-1 -1 $-1 $-1 $900 256 #
vertex $-1 -1 $-1 $900 $1137 #
color-adesk-attrib $-1 -1 $-1 $-1 $901 256 #
coedge $-1 -1 $-1 $903 $1133 $913 $1033 reversed $1024 $-1 #
loop $-1 -1 $-1 $-1 $903 $1138 #
color-adesk-attrib $-1 -1 $-1 $-1 $904 256 #
straight-curve $-1 -1 $-1 0.6061174053045917942 -15.56323161571905089 -0.5 -0.9566168915768484826 0.291348799122028157 0 F 0 F 0.3200000000000000622 #
point $-1 -1 $-1 0.3000000000000002109 -15.47000000000000242 -0.5 #
coedge $-1 -1 $-1 $908 $913 $907 $1029 reversed $914 $-1 #
edge $1139 -1 $-1 $911 0 $1140 0.6092559367855017172 $1028 $1141 forward @7 unknown #
color-adesk-attrib $-1 -1 $-1 $-1 $909 256 #
straight-curve $-1 -1 $-1 0.2999999999999993783 -16.09000000000000341 -0.25 0 0 1 I I #
point $-1 -1 $-1 0.3000000000000002109 -16.08999999999999986 0.5 #
edge $1142 -1 $-1 $916 0 $1140 1 $1023 $1143 forward @7 unknown #
face $1144 -1 $-1 $1138 $914 $8 $-1 $1145 forward single #
point $-1 -1 $-1 0.6061174053045917942 -15.56323161571905089 -0.5 #
color-adesk-attrib $-1 -1 $-1 $-1 $920 256 #
straight-curve $-1 -1 $-1 0.6061174053045916832 -16.81323161571905089 0.5 -0.9566168915768484826 0.291348799122028157 0 I I #
color-adesk-attrib $-1 -1 $-1 $-1 $924 256 #
plane-surface $-1 -1 $-1 0.6061174053045916832 -16.81323161571905089 -0.5 0.2913487991220282125 0.9566168915768485936 0 -0.9566168915768485936 0.2913487991220282125 0 forward_v I I I I #
point $-1 -1 $-1 0.6061174053045916832 -16.81323161571905089 0.5 #
color-adesk-attrib $-1 -1 $-1 $-1 $933 256 #
straight-curve $-1 -1 $-1 0 19.83999999999999986 0.5 -1 0 0 I I #
coedge $-1 -1 $-1 $1146 $936 $961 $1067 reversed $102 $-1 #
coedge $-1 -1 $-1 $1147 $1148 $936 $1045 forward $959 $-1 #
edge $1149 -1 $-1 $1150 0 $1048 0.3200000000000000622 $1044 $1151 forward @7 unknown #
coedge $-1 -1 $-1 $937 $972 $1147 $1152 forward $735 $-1 #
color-adesk-attrib $-1 -1 $-1 $-1 $938 256 #
vertex $-1 -1 $-1 $1045 $1153 #
coedge $-1 -1 $-1 $940 $939 $1154 $1155 reversed $941 $-1 #
face $1156 -1 $-1 $947 $941 $8 $-1 $1157 forward single #
point $-1 -1 $-1 0.3000000000000023204 18.28500000000000014 -0.5 #
coedge $-1 -1 $-1 $949 $1154 $945 $1053 forward $264 $-1 #
edge $1158 -1 $-1 $1055 0 $952 0.3200000000000000622 $945 $1159 forward @7 unknown #
color-adesk-attrib $-1 -1 $-1 $-1 $946 256 #
vertex $-1 -1 $-1 $946 $1160 #
straight-curve $-1 -1 $-1 0.6061174053045939036 18.81176838428095266 -0.5 0 0 1 I I #
color-adesk-attrib $-1 -1 $-1 $-1 $947 256 #
plane-surface $-1 -1 $-1 0.6061174053045939036 18.81176838428095266 -0.5 0.2913487991220282125 0.9566168915768485936 0 -0.9566168915768485936 0.2913487991220282125 0 forward_v I I I I #
color-adesk-attrib $-1 -1 $-1 $-1 $950 256 #
point $-1 -1 $-1 0.3000000000000023204 18.90500000000000114 0.5 #
color-adesk-attrib $-1 -1 $-1 $-1 $958 256 #
face $1161 -1 $-1 $1162 $1163 $8 $-1 $1164 forward single #
loop $-1 -1 $-1 $-1 $1165 $958 #
plane-surface $-1 -1 $-1 0.3000000000000022093 16.41000000000000014 -0.5 0.8646093578672968682 -0.5024446818191041775 0 0.5024446818191041775 0.8646093578672968682 0 forward_v I I I I #
coedge $-1 -1 $-1 $1166 $961 $1148 $1167 forward $841 $-1 #
coedge $-1 -1 $-1 $961 $1166 $1168 $1169 reversed $841 $-1 #
edge $1170 -1 $-1 $1171 0 $1150 0.6092559367855017172 $961 $1172 forward @7 unknown #
color-adesk-attrib $-1 -1 $-1 $-1 $962 256 #
straight-curve $-1 -1 $-1 0.3000000000000023759 20.15500000000000114 0.5 0 -1 0 I I #
point $-1 -1 $-1 0.2999999999999999889 19.83999999999999986 0.5 #
color-adesk-attrib $-1 -1 $-1 $-1 $970 256 #
face $1173 -1 $-1 $1174 $1175 $8 $-1 $354 reversed single #
loop $-1 -1 $-1 $-1 $1176 $970 #
coedge $-1 -1 $-1 $1177 $1178 $1179 $1180 forward $971 $-1 #
coedge $-1 -1 $-1 $1154 $1181 $972 $1076 forward $264 $-1 #
edge $1182 -1 $-1 $1183 18.28000000000000114 $1078 18.28500000000000014 $972 $352 forward @7 unknown #
color-adesk-attrib $-1 -1 $-1 $-1 $973 256 #
vertex $-1 -1 $-1 $1155 $1184 #
straight-curve $-1 -1 $-1 0.2999999999999998224 18.28500000000000014 -0.25 0 0 1 I I #
color-adesk-attrib $-1 -1 $-1 $-1 $976 256 #
face $1185 -1 $-1 $1186 $1187 $8 $-1 $1188 forward single #
loop $-1 -1 $-1 $-1 $1189 $976 #
plane-surface $-1 -1 $-1 0.6061174053045921273 -11.18823161571904734 -0.5 0.2913487991220282125 0.9566168915768485936 0 -0.9566168915768485936 0.2913487991220282125 0 forward_v I I I I #
coedge $-1 -1 $-1 $1190 $1191 $1192 $1193 forward $977 $-1 #
coedge $-1 -1 $-1 $1194 $979 $1195 $1196 reversed $868 $-1 #
coedge $-1 -1 $-1 $979 $1194 $980 $1090 reversed $868 $-1 #
coedge $-1 -1 $-1 $982 $1197 $979 $1088 reversed $102 $-1 #
edge $1198 -1 $-1 $1096 0 $1199 0.3200000000000000622 $979 $1200 forward @7 unknown #
coedge $-1 -1 $-1 $981 $980 $1201 $1202 reversed $745 $-1 #
edge $1203 -1 $-1 $1096 0 $1204 1 $1086 $1205 forward @7 unknown #
coedge $-1 -1 $-1 $1206 $1207 $981 $1092 forward $1208 $-1 #
edge $1209 -1 $-1 $1095 -0.25 $1210 0.75 $1091 $1211 forward @7 unknown #
coedge $-1 -1 $-1 $1212 $982 $1207 $1213 forward $102 $-1 #
color-adesk-attrib $-1 -1 $-1 $-1 $983 256 #
vertex $-1 -1 $-1 $1213 $1214 #
vertex $-1 -1 $-1 $1088 $1215 #
straight-curve $-1 -1 $-1 0.3000000000000003775 -12.96499999999999986 -0.5 0.5024446818191040665 0.8646093578672967572 0 F 0 F 0.6092559367855017172 #
coedge $-1 -1 $-1 $1216 $991 $984 $1099 forward $264 $-1 #
edge $1217 -1 $-1 $994 0 $1104 0.3200000000000000622 $984 $1218 forward @7 unknown #
coedge $-1 -1 $-1 $1219 $985 $987 $1107 reversed $1102 $-1 #
coedge $-1 -1 $-1 $985 $1219 $1216 $1220 reversed $1102 $-1 #
loop $-1 -1 $-1 $-1 $985 $1221 #
color-adesk-attrib $-1 -1 $-1 $-1 $986 256 #
vertex $-1 -1 $-1 $1220 $1222 #
straight-curve $-1 -1 $-1 0.3000000000000002665 -13.59500000000000242 -0.25 0 0 -1 I I #
coedge $-1 -1 $-1 $987 $1212 $1223 $1224 reversed $102 $-1 #
edge $1225 -1 $-1 $1226 13.58999999999999986 $989 13.59500000000000242 $1100 $277 forward @7 unknown #
point $-1 -1 $-1 0.300000000000000322 -13.59500000000000242 -0.5 #
coedge $-1 -1 $-1 $991 $1227 $996 $1114 forward $264 $-1 #
color-adesk-attrib $-1 -1 $-1 $-1 $992 256 #
straight-curve $-1 -1 $-1 0.300000000000000322 -14.21499999999999986 0.5 0.5024446818191040665 0.8646093578672967572 0 I I #
point $-1 -1 $-1 0.6061174053045919052 -13.68823161571905089 0.5 #
coedge $-1 -1 $-1 $997 $996 $1228 $1229 forward $998 $-1 #
edge $1230 -1 $-1 $1231 -14.22000000000000242 $1000 -14.21499999999999986 $996 $352 forward @7 unknown #
face $1232 -1 $-1 $1221 $998 $8 $-1 $354 reversed single #
point $-1 -1 $-1 0.300000000000000322 -14.21499999999999986 0.5 #
coedge $-1 -1 $-1 $1228 $1233 $1002 $1118 forward $1234 $-1 #
edge $1235 -1 $-1 $1130 0 $1120 0.3200000000000000622 $1117 $1236 forward @7 unknown #
color-adesk-attrib $-1 -1 $-1 $-1 $1003 256 #
vertex $-1 -1 $-1 $1118 $1237 #
coedge $-1 -1 $-1 $1227 $1006 $1238 $1239 forward $264 $-1 #
coedge $-1 -1 $-1 $1013 $1238 $1009 $1123 reversed $1128 $-1 #
edge $1240 -1 $-1 $1016 -0.25 $1125 0.75 $1009 $1241 forward @7 unknown #
color-adesk-attrib $-1 -1 $-1 $-1 $1010 256 #
vertex $-1 -1 $-1 $1239 $1242 #
color-adesk-attrib $-1 -1 $-1 $-1 $1011 256 #
coedge $-1 -1 $-1 $1238 $1013 $1233 $1243 forward $1128 $-1 #
loop $-1 -1 $-1 $-1 $1013 $1244 #
color-adesk-attrib $-1 -1 $-1 $-1 $1014 256 #
vertex $-1 -1 $-1 $1118 $1245 #
straight-curve $-1 -1 $-1 0.3000000000000002665 -14.83999999999999986 -0.5 0.5024446818191040665 0.8646093578672967572 0 F 0 F 0.6092559367855017172 #
point $-1 -1 $-1 0.3000000000000002665 -14.83999999999999986 -0.5 #
coedge $-1 -1 $-1 $1023 $1018 $1017 $1134 reversed $1024 $-1 #
edge $1246 -1 $-1 $1140 0 $1021 0.3200000000000000622 $1133 $1247 forward @7 unknown #
color-adesk-attrib $-1 -1 $-1 $-1 $1019 256 #
straight-curve $-1 -1 $-1 0.3000000000000002665 -15.47000000000000242 -0.25 0 0 -1 I I #
point $-1 -1 $-1 0.3000000000000002109 -15.47000000000000242 0.5 #
face $1248 -1 $-1 $802 $1024 $8 $-1 $1249 forward single #
color-adesk-attrib $-1 -1 $-1 $-1 $1029 256 #
vertex $-1 -1 $-1 $1033 $1250 #
straight-curve $-1 -1 $-1 0.3000000000000002109 -16.08999999999999986 0.5 0.5024446818191040665 0.8646093578672967572 0 I I #
color-adesk-attrib $-1 -1 $-1 $-1 $1033 256 #
straight-curve $-1 -1 $-1 0.6061174053045917942 -15.56323161571905089 -0.5 0 0 1 I I #
color-adesk-attrib $-1 -1 $-1 $-1 $1034 256 #
plane-surface $-1 -1 $-1 0.3000000000000002109 -16.08999999999999986 -0.5 0.8646093578672968682 -0.5024446818191041775 0 0.5024446818191041775 0.8646093578672968682 0 forward_v I I I I #
coedge $-1 -1 $-1 $1251 $1043 $1252 $1253 forward $102 $-1 #
coedge $-1 -1 $-1 $1254 $1044 $1046 $1152 reversed $959 $-1 #
coedge $-1 -1 $-1 $1044 $1254 $1065 $1167 reversed $959 $-1 #
color-adesk-attrib $-1 -1 $-1 $-1 $1045 256 #
vertex $-1 -1 $-1 $1045 $1255 #
straight-curve $-1 -1 $-1 0.6061174053045939036 18.18676838428095266 -0.5 -0.9566168915768484826 0.291348799122028157 0 F 0 F 0.3200000000000000622 #
edge $1256 -1 $-1 $1183 -0.75 $1048 0.25 $1046 $1257 forward @7 unknown #
point $-1 -1 $-1 0.3000000000000022649 18.28000000000000114 -0.5 #
coedge $-1 -1 $-1 $1052 $1075 $1049 $1155 forward $264 $-1 #
edge $1258 -1 $-1 $1078 0 $1055 0.6092559367855017172 $1049 $1259 forward @7 unknown #
color-adesk-attrib $-1 -1 $-1 $-1 $1050 256 #
plane-surface $-1 -1 $-1 0.3000000000000023204 18.28500000000000014 -0.5 0.8646093578672968682 -0.5024446818191041775 0 0.5024446818191041775 0.8646093578672968682 0 forward_v I I I I #
color-adesk-attrib $-1 -1 $-1 $-1 $1053 256 #
straight-curve $-1 -1 $-1 0.6061174053045939036 18.81176838428095266 0.5 -0.9566168915768484826 0.291348799122028157 0 I I #
point $-1 -1 $-1 0.6061174053045939036 18.81176838428095266 0.5 #
color-adesk-attrib $-1 -1 $-1 $-1 $1062 256 #
face $1260 -1 $-1 $1261 $1262 $8 $-1 $1263 forward single #
loop $-1 -1 $-1 $-1 $1264 $1062 #
plane-surface $-1 -1 $-1 0.6061174053045937926 16.93676838428095266 -0.5 0.2913487991220282125 0.9566168915768485936 0 -0.9566168915768485936 0.2913487991220282125 0 forward_v I I I I #
coedge $-1 -1 $-1 $1265 $1266 $1267 $1268 forward $1063 $-1 #
coedge $-1 -1 $-1 $1066 $1065 $1269 $1270 reversed $841 $-1 #
edge $1271 -1 $-1 $1150 0 $1272 1 $1148 $1273 forward @7 unknown #
coedge $-1 -1 $-1 $1274 $1252 $1066 $1169 forward $1073 $-1 #
edge $1275 -1 $-1 $1171 -0.25 $1276 0.75 $1168 $1277 forward @7 unknown #
color-adesk-attrib $-1 -1 $-1 $-1 $1067 256 #
vertex $-1 -1 $-1 $1253 $1278 #
straight-curve $-1 -1 $-1 0.3000000000000022649 17.66000000000000014 -0.5 0.5024446818191040665 0.8646093578672967572 0 F 0 F 0.6092559367855017172 #
color-adesk-attrib $-1 -1 $-1 $-1 $1072 256 #
face $1279 -1 $-1 $1280 $1281 $8 $-1 $354 reversed single #
loop $-1 -1 $-1 $-1 $1282 $1072 #
coedge $-1 -1 $-1 $1252 $1274 $1283 $1284 forward $1073 $-1 #
coedge $-1 -1 $-1 $1285 $1074 $1286 $1287 reversed $971 $-1 #
coedge $-1 -1 $-1 $1074 $1285 $1288 $1289 reversed $971 $-1 #
coedge $-1 -1 $-1 $1290 $1291 $1074 $1180 reversed $1292 $-1 #
edge $1293 -1 $-1 $1294 -0.25 $1295 0.75 $1074 $1296 forward @7 unknown #
coedge $-1 -1 $-1 $1075 $1269 $1254 $1297 forward $264 $-1 #
color-adesk-attrib $-1 -1 $-1 $-1 $1076 256 #
vertex $-1 -1 $-1 $1076 $1298 #
point $-1 -1 $-1 0.3000000000000023204 18.28500000000000014 0.5 #
color-adesk-attrib $-1 -1 $-1 $-1 $1081 256 #
face $1299 -1 $-1 $1300 $1301 $8 $-1 $1302 forward single #
loop $-1 -1 $-1 $-1 $1303 $1081 #
plane-surface $-1 -1 $-1 0.3000000000000005995 -10.46499999999999986 -0.5 0.8646093578672968682 -0.5024446818191041775 0 0.5024446818191041775 0.8646093578672968682 0 forward_v I I I I #
coedge $-1 -1 $-1 $1304 $1305 $1306 $1307 forward $1082 $-1 #
coedge $-1 -1 $-1 $1308 $1084 $1305 $1309 forward $977 $-1 #
coedge $-1 -1 $-1 $1084 $1308 $1310 $1311 reversed $977 $-1 #
coedge $-1 -1 $-1 $1312 $1306 $1084 $1193 reversed $102 $-1 #
edge $1313 -1 $-1 $1314 0 $1315 0.6092559367855017172 $1084 $1316 forward @7 unknown #
coedge $-1 -1 $-1 $1086 $1085 $1317 $1318 reversed $868 $-1 #
coedge $-1 -1 $-1 $1319 $1320 $1085 $1196 forward $1321 $-1 #
edge $1322 -1 $-1 $1323 -0.75 $1199 0.25 $1195 $1324 forward @7 unknown #
coedge $-1 -1 $-1 $1087 $1325 $1319 $1326 forward $102 $-1 #
color-adesk-attrib $-1 -1 $-1 $-1 $1088 256 #
vertex $-1 -1 $-1 $1088 $1327 #
straight-curve $-1 -1 $-1 0.6061174053045919052 -12.43823161571905089 -0.5 -0.9566168915768484826 0.291348799122028157 0 F 0 F 0.3200000000000000622 #
coedge $-1 -1 $-1 $1317 $1328 $1089 $1202 forward $264 $-1 #
edge $1329 -1 $-1 $1210 0 $1204 0.6092559367855017172 $1089 $1330 forward @7 unknown #
color-adesk-attrib $-1 -1 $-1 $-1 $1090 256 #
vertex $-1 -1 $-1 $1090 $1331 #
straight-curve $-1 -1 $-1 0.6061174053045919052 -12.43823161571905089 -0.5 0 0 1 I I #
coedge $-1 -1 $-1 $1332 $1091 $1328 $1333 reversed $1208 $-1 #
coedge $-1 -1 $-1 $1091 $1332 $1093 $1213 reversed $1208 $-1 #
loop $-1 -1 $-1 $-1 $1091 $1334 #
color-adesk-attrib $-1 -1 $-1 $-1 $1092 256 #
vertex $-1 -1 $-1 $1202 $1335 #
straight-curve $-1 -1 $-1 0.2999999999999993783 -12.96500000000000341 -0.25 0 0 1 I I #
coedge $-1 -1 $-1 $1106 $1093 $1336 $1337 reversed $102 $-1 #
edge $1338 -1 $-1 $1095 12.96499999999999986 $1339 12.97000000000000242 $1207 $277 forward @7 unknown #
point $-1 -1 $-1 0.3000000000000003775 -12.96499999999999986 -0.5 #
point $-1 -1 $-1 0.6061174053045919052 -12.43823161571905089 -0.5 #
coedge $-1 -1 $-1 $1340 $1098 $1101 $1220 forward $264 $-1 #
color-adesk-attrib $-1 -1 $-1 $-1 $1099 256 #
straight-curve $-1 -1 $-1 0.6061174053045919052 -13.68823161571905089 0.5 -0.9566168915768484826 0.291348799122028157 0 I I #
coedge $-1 -1 $-1 $1101 $1100 $1341 $1342 forward $1102 $-1 #
edge $1343 -1 $-1 $1104 -13.59500000000000242 $1344 -13.58999999999999986 $1101 $352 forward @7 unknown #
face $1345 -1 $-1 $901 $1102 $8 $-1 $354 reversed single #
point $-1 -1 $-1 0.300000000000000322 -13.59500000000000242 0.5 #
coedge $-1 -1 $-1 $1346 $1341 $1106 $1224 forward $1347 $-1 #
edge $1348 -1 $-1 $1226 0 $1349 0.6092559367855017172 $1223 $1350 forward @7 unknown #
color-adesk-attrib $-1 -1 $-1 $-1 $1107 256 #
vertex $-1 -1 $-1 $1107 $1351 #
coedge $-1 -1 $-1 $1109 $1121 $1352 $1353 forward $264 $-1 #
coedge $-1 -1 $-1 $1352 $1117 $1113 $1229 reversed $1234 $-1 #
edge $1354 -1 $-1 $1231 -0.75 $1120 0.25 $1113 $1355 forward @7 unknown #
color-adesk-attrib $-1 -1 $-1 $-1 $1114 256 #
vertex $-1 -1 $-1 $1114 $1356 #
color-adesk-attrib $-1 -1 $-1 $-1 $1115 256 #
coedge $-1 -1 $-1 $1117 $1352 $1127 $1243 reversed $1234 $-1 #
loop $-1 -1 $-1 $-1 $1117 $1357 #
color-adesk-attrib $-1 -1 $-1 $-1 $1118 256 #
straight-curve $-1 -1 $-1 0.6061174053045919052 -14.31323161571905089 -0.5 -0.9566168915768484826 0.291348799122028157 0 F 0 F 0.3200000000000000622 #
point $-1 -1 $-1 0.3000000000000002665 -14.22000000000000242 -0.5 #
coedge $-1 -1 $-1 $1122 $1127 $1121 $1239 reversed $1128 $-1 #
edge $1358 -1 $-1 $1125 0 $1359 0.6092559367855017172 $1238 $1360 forward @7 unknown #
color-adesk-attrib $-1 -1 $-1 $-1 $1123 256 #
straight-curve $-1 -1 $-1 0.2999999999999998224 -14.84000000000000341 -0.25 0 0 1 I I #
point $-1 -1 $-1 0.3000000000000002665 -14.83999999999999986 0.5 #
edge $1361 -1 $-1 $1130 0 $1359 1 $1233 $1362 forward @7 unknown #
face $1363 -1 $-1 $1357 $1128 $8 $-1 $1364 forward single #
point $-1 -1 $-1 0.6061174053045919052 -14.31323161571905089 -0.5 #
color-adesk-attrib $-1 -1 $-1 $-1 $1134 256 #
straight-curve $-1 -1 $-1 0.6061174053045917942 -15.56323161571905089 0.5 -0.9566168915768484826 0.291348799122028157 0 I I #
color-adesk-attrib $-1 -1 $-1 $-1 $1138 256 #
plane-surface $-1 -1 $-1 0.6061174053045917942 -15.56323161571905089 -0.5 0.2913487991220282125 0.9566168915768485936 0 -0.9566168915768485936 0.2913487991220282125 0 forward_v I I I I #
point $-1 -1 $-1 0.6061174053045917942 -15.56323161571905089 0.5 #
coedge $-1 -1 $-1 $1365 $1146 $1366 $1367 reversed $102 $-1 #
coedge $-1 -1 $-1 $1168 $1176 $1146 $1253 reversed $1073 $-1 #
edge $1368 -1 $-1 $1171 -17.66000000000000014 $1369 -17.65500000000000114 $1252 $277 forward @7 unknown #
coedge $-1 -1 $-1 $1148 $1147 $1181 $1297 reversed $959 $-1 #
point $-1 -1 $-1 0.6061174053045939036 18.18676838428095266 -0.5 #
color-adesk-attrib $-1 -1 $-1 $-1 $1152 256 #
straight-curve $-1 -1 $-1 0.2999999999999993783 18.28000000000000114 -0.25 0 0 -1 I I #
color-adesk-attrib $-1 -1 $-1 $-1 $1155 256 #
straight-curve $-1 -1 $-1 0.3000000000000023204 18.28500000000000014 0.5 0.5024446818191040665 0.8646093578672967572 0 I I #
color-adesk-attrib $-1 -1 $-1 $-1 $1162 256 #
face $1370 -1 $-1 $1371 $1372 $8 $-1 $1373 forward single #
loop $-1 -1 $-1 $-1 $1374 $1162 #
plane-surface $-1 -1 $-1 0.3000000000000021538 15.16000000000000014 -0.5 0.8646093578672968682 -0.5024446818191041775 0 0.5024446818191041775 0.8646093578672968682 0 forward_v I I I I #
coedge $-1 -1 $-1 $1375 $1376 $1377 $1378 forward $1163 $-1 #
coedge $-1 -1 $-1 $1379 $1165 $1376 $1380 forward $1063 $-1 #
coedge $-1 -1 $-1 $1165 $1379 $1381 $1382 reversed $1063 $-1 #
coedge $-1 -1 $-1 $1383 $1377 $1165 $1268 reversed $102 $-1 #
edge $1384 -1 $-1 $1385 0 $1386 0.6092559367855017172 $1165 $1387 forward @7 unknown #
coedge $-1 -1 $-1 $1181 $1388 $1166 $1270 forward $264 $-1 #
edge $1389 -1 $-1 $1276 0 $1272 0.6092559367855017172 $1166 $1390 forward @7 unknown #
color-adesk-attrib $-1 -1 $-1 $-1 $1167 256 #
vertex $-1 -1 $-1 $1167 $1391 #
straight-curve $-1 -1 $-1 0.6061174053045939036 18.18676838428095266 -0.5 0 0 1 I I #
coedge $-1 -1 $-1 $1176 $1168 $1388 $1392 reversed $1073 $-1 #
color-adesk-attrib $-1 -1 $-1 $-1 $1169 256 #
vertex $-1 -1 $-1 $1270 $1393 #
straight-curve $-1 -1 $-1 0.3000000000000002665 17.65999999999999659 -0.25 0 0 1 I I #
point $-1 -1 $-1 0.3000000000000022649 17.66000000000000014 -0.5 #
color-adesk-attrib $-1 -1 $-1 $-1 $1174 256 #
face $1394 -1 $-1 $1395 $1396 $8 $-1 $354 reversed single #
loop $-1 -1 $-1 $-1 $1397 $1174 #
coedge $-1 -1 $-1 $1398 $1399 $1400 $1401 forward $1175 $-1 #
coedge $-1 -1 $-1 $1402 $1366 $1176 $1284 reversed $1403 $-1 #
edge $1404 -1 $-1 $1405 -0.75 $1369 0.25 $1176 $1406 forward @7 unknown #
coedge $-1 -1 $-1 $1178 $1177 $1375 $1407 forward $971 $-1 #
coedge $-1 -1 $-1 $1408 $1409 $1177 $1287 forward $264 $-1 #
edge $1410 -1 $-1 $1411 17.03000000000000114 $1295 17.03500000000000014 $1177 $352 forward @7 unknown #
coedge $-1 -1 $-1 $1377 $1365 $1178 $1289 forward $102 $-1 #
edge $1412 -1 $-1 $1294 -17.03500000000000014 $1413 -17.03000000000000114 $1178 $277 forward @7 unknown #
coedge $-1 -1 $-1 $1414 $1179 $1365 $1415 forward $1292 $-1 #
coedge $-1 -1 $-1 $1179 $1414 $1408 $1416 reversed $1292 $-1 #
loop $-1 -1 $-1 $-1 $1290 $1417 #
color-adesk-attrib $-1 -1 $-1 $-1 $1180 256 #
vertex $-1 -1 $-1 $1289 $1418 #
vertex $-1 -1 $-1 $1416 $1419 #
straight-curve $-1 -1 $-1 0.3000000000000002665 17.03499999999999659 -0.25 0 0 1 I I #
edge $1420 -1 $-1 $1272 0 $1183 0.3200000000000000622 $1254 $1421 forward @7 unknown #
point $-1 -1 $-1 0.3000000000000022649 18.28000000000000114 0.5 #
color-adesk-attrib $-1 -1 $-1 $-1 $1186 256 #
face $1422 -1 $-1 $1423 $1424 $8 $-1 $1425 forward single #
loop $-1 -1 $-1 $-1 $1426 $1186 #
plane-surface $-1 -1 $-1 0.6061174053045921273 -9.93823161571904734 -0.5 0.2913487991220282125 0.9566168915768485936 0 -0.9566168915768485936 0.2913487991220282125 0 forward_v I I I I #
coedge $-1 -1 $-1 $1427 $1428 $1429 $1430 forward $1187 $-1 #
coedge $-1 -1 $-1 $1431 $1189 $1432 $1433 reversed $1082 $-1 #
coedge $-1 -1 $-1 $1189 $1431 $1190 $1309 reversed $1082 $-1 #
coedge $-1 -1 $-1 $1192 $1434 $1189 $1307 reversed $102 $-1 #
edge $1435 -1 $-1 $1315 0 $1436 0.3200000000000000622 $1189 $1437 forward @7 unknown #
coedge $-1 -1 $-1 $1191 $1190 $1438 $1439 reversed $977 $-1 #
edge $1440 -1 $-1 $1315 0 $1441 1 $1305 $1442 forward @7 unknown #
coedge $-1 -1 $-1 $1443 $1444 $1191 $1311 forward $1445 $-1 #
edge $1446 -1 $-1 $1314 -0.25 $1447 0.75 $1310 $1448 forward @7 unknown #
coedge $-1 -1 $-1 $1449 $1192 $1444 $1450 forward $102 $-1 #
color-adesk-attrib $-1 -1 $-1 $-1 $1193 256 #
vertex $-1 -1 $-1 $1450 $1451 #
vertex $-1 -1 $-1 $1307 $1452 #
straight-curve $-1 -1 $-1 0.3000000000000004885 -11.71499999999999986 -0.5 0.5024446818191040665 0.8646093578672967572 0 F 0 F 0.6092559367855017172 #
coedge $-1 -1 $-1 $1453 $1201 $1194 $1318 forward $264 $-1 #
edge $1454 -1 $-1 $1204 0 $1323 0.3200000000000000622 $1194 $1455 forward @7 unknown #
coedge $-1 -1 $-1 $1456 $1195 $1197 $1326 reversed $1321 $-1 #
coedge $-1 -1 $-1 $1195 $1456 $1453 $1457 reversed $1321 $-1 #
loop $-1 -1 $-1 $-1 $1195 $1458 #
color-adesk-attrib $-1 -1 $-1 $-1 $1196 256 #
vertex $-1 -1 $-1 $1457 $1459 #
straight-curve $-1 -1 $-1 0.3000000000000002665 -12.34500000000000242 -0.25 0 0 -1 I I #
coedge $-1 -1 $-1 $1197 $1449 $1460 $1461 reversed $102 $-1 #
edge $1462 -1 $-1 $1463 12.33999999999999986 $1199 12.34500000000000242 $1319 $277 forward @7 unknown #
point $-1 -1 $-1 0.3000000000000003775 -12.34500000000000242 -0.5 #
coedge $-1 -1 $-1 $1201 $1464 $1206 $1333 forward $264 $-1 #
color-adesk-attrib $-1 -1 $-1 $-1 $1202 256 #
straight-curve $-1 -1 $-1 0.3000000000000003775 -12.96499999999999986 0.5 0.5024446818191040665 0.8646093578672967572 0 I I #
point $-1 -1 $-1 0.6061174053045919052 -12.43823161571905089 0.5 #
coedge $-1 -1 $-1 $1207 $1206 $1465 $1466 forward $1208 $-1 #
edge $1467 -1 $-1 $1468 -12.97000000000000242 $1210 -12.96499999999999986 $1206 $352 forward @7 unknown #
face $1469 -1 $-1 $1458 $1208 $8 $-1 $354 reversed single #
point $-1 -1 $-1 0.3000000000000003775 -12.96499999999999986 0.5 #
coedge $-1 -1 $-1 $1465 $1470 $1212 $1337 forward $1471 $-1 #
edge $1472 -1 $-1 $1349 0 $1339 0.3200000000000000622 $1336 $1473 forward @7 unknown #
color-adesk-attrib $-1 -1 $-1 $-1 $1213 256 #
vertex $-1 -1 $-1 $1337 $1474 #
coedge $-1 -1 $-1 $1464 $1216 $1475 $1476 forward $264 $-1 #
coedge $-1 -1 $-1 $1223 $1475 $1219 $1342 reversed $1347 $-1 #
edge $1477 -1 $-1 $1226 -0.25 $1344 0.75 $1219 $1478 forward @7 unknown #
color-adesk-attrib $-1 -1 $-1 $-1 $1220 256 #
vertex $-1 -1 $-1 $1476 $1479 #
color-adesk-attrib $-1 -1 $-1 $-1 $1221 256 #
coedge $-1 -1 $-1 $1475 $1223 $1470 $1480 forward $1347 $-1 #
loop $-1 -1 $-1 $-1 $1223 $1481 #
color-adesk-attrib $-1 -1 $-1 $-1 $1224 256 #
vertex $-1 -1 $-1 $1337 $1482 #
straight-curve $-1 -1 $-1 0.3000000000000003775 -13.58999999999999986 -0.5 0.5024446818191040665 0.8646093578672967572 0 F 0 F 0.6092559367855017172 #
point $-1 -1 $-1 0.3000000000000003775 -13.58999999999999986 -0.5 #
coedge $-1 -1 $-1 $1233 $1228 $1227 $1353 reversed $1234 $-1 #
edge $1483 -1 $-1 $1359 0 $1231 0.3200000000000000622 $1352 $1484 forward @7 unknown #
color-adesk-attrib $-1 -1 $-1 $-1 $1229 256 #
straight-curve $-1 -1 $-1 0.3000000000000000444 -14.22000000000000419 -0.25 0 0 -1 I I #
point $-1 -1 $-1 0.3000000000000002665 -14.22000000000000242 0.5 #
face $1485 -1 $-1 $1034 $1234 $8 $-1 $1486 forward single #
color-adesk-attrib $-1 -1 $-1 $-1 $1239 256 #
vertex $-1 -1 $-1 $1243 $1487 #
straight-curve $-1 -1 $-1 0.3000000000000002665 -14.83999999999999986 0.5 0.5024446818191040665 0.8646093578672967572 0 I I #
color-adesk-attrib $-1 -1 $-1 $-1 $1243 256 #
straight-curve $-1 -1 $-1 0.6061174053045919052 -14.31323161571905089 -0.5 0 0 1 I I #
color-adesk-attrib $-1 -1 $-1 $-1 $1244 256 #
plane-surface $-1 -1 $-1 0.3000000000000002665 -14.83999999999999986 -0.5 0.8646093578672968682 -0.5024446818191041775 0 0.5024446818191041775 0.8646093578672968682 0 forward_v I I I I #
coedge $-1 -1 $-1 $1288 $1251 $1290 $1415 reversed $102 $-1 #
coedge $-1 -1 $-1 $1283 $1488 $1251 $1367 forward $1403 $-1 #
edge $1489 -1 $-1 $1490 0 $1369 0.3200000000000000622 $1366 $1491 forward @7 unknown #
color-adesk-attrib $-1 -1 $-1 $-1 $1253 256 #
vertex $-1 -1 $-1 $1367 $1492 #
color-adesk-attrib $-1 -1 $-1 $-1 $1261 256 #
face $1493 -1 $-1 $1494 $1495 $8 $-1 $1496 forward single #
loop $-1 -1 $-1 $-1 $1497 $1261 #
plane-surface $-1 -1 $-1 0.6061174053045936816 15.68676838428095088 -0.5 0.2913487991220282125 0.9566168915768485936 0 -0.9566168915768485936 0.2913487991220282125 0 forward_v I I I I #
coedge $-1 -1 $-1 $1498 $1499 $1500 $1501 forward $1262 $-1 #
coedge $-1 -1 $-1 $1502 $1264 $1285 $1407 reversed $1163 $-1 #
coedge $-1 -1 $-1 $1264 $1502 $1265 $1380 reversed $1163 $-1 #
coedge $-1 -1 $-1 $1267 $1288 $1264 $1378 reversed $102 $-1 #
edge $1503 -1 $-1 $1386 0 $1413 0.3200000000000000622 $1264 $1504 forward @7 unknown #
coedge $-1 -1 $-1 $1266 $1265 $1505 $1506 reversed $1063 $-1 #
edge $1507 -1 $-1 $1386 0 $1508 1 $1376 $1509 forward @7 unknown #
coedge $-1 -1 $-1 $1510 $1511 $1266 $1382 forward $1281 $-1 #
edge $1512 -1 $-1 $1385 -0.25 $1513 0.75 $1381 $1514 forward @7 unknown #
coedge $-1 -1 $-1 $1515 $1267 $1511 $1516 forward $102 $-1 #
color-adesk-attrib $-1 -1 $-1 $-1 $1268 256 #
vertex $-1 -1 $-1 $1516 $1517 #
vertex $-1 -1 $-1 $1378 $1518 #
straight-curve $-1 -1 $-1 0.3000000000000022093 16.41000000000000014 -0.5 0.5024446818191040665 0.8646093578672967572 0 F 0 F 0.6092559367855017172 #
coedge $-1 -1 $-1 $1269 $1519 $1274 $1392 forward $264 $-1 #
color-adesk-attrib $-1 -1 $-1 $-1 $1270 256 #
straight-curve $-1 -1 $-1 0.3000000000000022649 17.66000000000000014 0.5 0.5024446818191040665 0.8646093578672967572 0 I I #
point $-1 -1 $-1 0.6061174053045939036 18.18676838428095266 0.5 #
edge $1520 -1 $-1 $1405 17.65500000000000114 $1276 17.66000000000000014 $1274 $352 forward @7 unknown #
point $-1 -1 $-1 0.3000000000000022649 17.66000000000000014 0.5 #
color-adesk-attrib $-1 -1 $-1 $-1 $1280 256 #
face $1521 -1 $-1 $1522 $1523 $8 $-1 $354 reversed single #
loop $-1 -1 $-1 $-1 $1524 $1280 #
coedge $-1 -1 $-1 $1511 $1510 $1525 $1526 forward $1281 $-1 #
coedge $-1 -1 $-1 $1527 $1282 $1528 $1529 reversed $1175 $-1 #
coedge $-1 -1 $-1 $1282 $1527 $1530 $1531 reversed $1175 $-1 #
coedge $-1 -1 $-1 $1532 $1533 $1282 $1401 reversed $1534 $-1 #
edge $1535 -1 $-1 $1536 -0.25 $1537 0.75 $1282 $1538 forward @7 unknown #
coedge $-1 -1 $-1 $1488 $1283 $1519 $1539 reversed $1403 $-1 #
loop $-1 -1 $-1 $-1 $1366 $1540 #
color-adesk-attrib $-1 -1 $-1 $-1 $1284 256 #
vertex $-1 -1 $-1 $1392 $1541 #
straight-curve $-1 -1 $-1 0.2999999999999998224 17.65500000000000114 -0.25 0 0 -1 I I #
edge $1542 -1 $-1 $1411 -0.75 $1413 0.25 $1285 $1543 forward @7 unknown #
coedge $-1 -1 $-1 $1519 $1286 $1291 $1416 forward $264 $-1 #
coedge $-1 -1 $-1 $1286 $1505 $1502 $1544 forward $264 $-1 #
color-adesk-attrib $-1 -1 $-1 $-1 $1287 256 #
vertex $-1 -1 $-1 $1287 $1545 #
color-adesk-attrib $-1 -1 $-1 $-1 $1289 256 #
vertex $-1 -1 $-1 $1378 $1546 #
coedge $-1 -1 $-1 $1291 $1290 $1488 $1547 forward $1292 $-1 #
edge $1548 -1 $-1 $1294 0 $1490 0.6092559367855017172 $1290 $1549 forward @7 unknown #
edge $1550 -1 $-1 $1295 0 $1551 0.6092559367855017172 $1291 $1552 forward @7 unknown #
face $1553 -1 $-1 $1540 $1292 $8 $-1 $1554 forward single #
point $-1 -1 $-1 0.3000000000000022649 17.03500000000000014 -0.5 #
point $-1 -1 $-1 0.3000000000000022649 17.03500000000000014 0.5 #
color-adesk-attrib $-1 -1 $-1 $-1 $1297 256 #
straight-curve $-1 -1 $-1 0.6061174053045939036 18.18676838428095266 0.5 -0.9566168915768484826 0.291348799122028157 0 I I #
color-adesk-attrib $-1 -1 $-1 $-1 $1300 256 #
face $1555 -1 $-1 $1556 $1557 $8 $-1 $1558 forward single #
loop $-1 -1 $-1 $-1 $1559 $1300 #
plane-surface $-1 -1 $-1 0.3000000000000005995 -9.214999999999999858 -0.5 0.8646093578672968682 -0.5024446818191041775 0 0.5024446818191041775 0.8646093578672968682 0 forward_v I I I I #
coedge $-1 -1 $-1 $1560 $1561 $1562 $1563 forward $1301 $-1 #
coedge $-1 -1 $-1 $1564 $1303 $1561 $1565 forward $1187 $-1 #
coedge $-1 -1 $-1 $1303 $1564 $1566 $1567 reversed $1187 $-1 #
coedge $-1 -1 $-1 $1568 $1562 $1303 $1430 reversed $102 $-1 #
edge $1569 -1 $-1 $1570 0 $1571 0.6092559367855017172 $1303 $1572 forward @7 unknown #
coedge $-1 -1 $-1 $1305 $1304 $1573 $1574 reversed $1082 $-1 #
coedge $-1 -1 $-1 $1575 $1576 $1304 $1433 forward $1577 $-1 #
edge $1578 -1 $-1 $1579 -0.75 $1436 0.25 $1432 $1580 forward @7 unknown #
coedge $-1 -1 $-1 $1306 $1581 $1575 $1582 forward $102 $-1 #
color-adesk-attrib $-1 -1 $-1 $-1 $1307 256 #
vertex $-1 -1 $-1 $1307 $1583 #
straight-curve $-1 -1 $-1 0.6061174053045921273 -11.18823161571904734 -0.5 -0.9566168915768484826 0.291348799122028157 0 F 0 F 0.3200000000000000622 #
coedge $-1 -1 $-1 $1573 $1584 $1308 $1439 forward $264 $-1 #
edge $1585 -1 $-1 $1447 0 $1441 0.6092559367855017172 $1308 $1586 forward @7 unknown #
color-adesk-attrib $-1 -1 $-1 $-1 $1309 256 #
vertex $-1 -1 $-1 $1309 $1587 #
straight-curve $-1 -1 $-1 0.6061174053045921273 -11.18823161571904734 -0.5 0 0 1 I I #
coedge $-1 -1 $-1 $1588 $1310 $1584 $1589 reversed $1445 $-1 #
coedge $-1 -1 $-1 $1310 $1588 $1312 $1450 reversed $1445 $-1 #
loop $-1 -1 $-1 $-1 $1310 $1590 #
color-adesk-attrib $-1 -1 $-1 $-1 $1311 256 #
vertex $-1 -1 $-1 $1439 $1591 #
straight-curve $-1 -1 $-1 0.2999999999999993783 -11.71500000000000341 -0.25 0 0 1 I I #
coedge $-1 -1 $-1 $1325 $1312 $1592 $1593 reversed $102 $-1 #
edge $1594 -1 $-1 $1314 11.71499999999999986 $1595 11.71999999999999886 $1444 $277 forward @7 unknown #
point $-1 -1 $-1 0.3000000000000004885 -11.71499999999999986 -0.5 #
point $-1 -1 $-1 0.6061174053045921273 -11.18823161571904734 -0.5 #
coedge $-1 -1 $-1 $1596 $1317 $1320 $1457 forward $264 $-1 #
color-adesk-attrib $-1 -1 $-1 $-1 $1318 256 #
straight-curve $-1 -1 $-1 0.6061174053045919052 -12.43823161571905089 0.5 -0.9566168915768484826 0.291348799122028157 0 I I #
coedge $-1 -1 $-1 $1320 $1319 $1597 $1598 forward $1321 $-1 #
edge $1599 -1 $-1 $1323 -12.34500000000000242 $1600 -12.33999999999999986 $1320 $352 forward @7 unknown #
face $1601 -1 $-1 $1115 $1321 $8 $-1 $354 reversed single #
point $-1 -1 $-1 0.3000000000000003775 -12.34500000000000242 0.5 #
coedge $-1 -1 $-1 $1602 $1597 $1325 $1461 forward $1603 $-1 #
edge $1604 -1 $-1 $1463 0 $1605 0.6092559367855017172 $1460 $1606 forward @7 unknown #
color-adesk-attrib $-1 -1 $-1 $-1 $1326 256 #
vertex $-1 -1 $-1 $1326 $1607 #
coedge $-1 -1 $-1 $1328 $1340 $1608 $1609 forward $264 $-1 #
coedge $-1 -1 $-1 $1608 $1336 $1332 $1466 reversed $1471 $-1 #
edge $1610 -1 $-1 $1468 -0.75 $1339 0.25 $1332 $1611 forward @7 unknown #
color-adesk-attrib $-1 -1 $-1 $-1 $1333 256 #
vertex $-1 -1 $-1 $1333 $1612 #
color-adesk-attrib $-1 -1 $-1 $-1 $1334 256 #
coedge $-1 -1 $-1 $1336 $1608 $1346 $1480 reversed $1471 $-1 #
loop $-1 -1 $-1 $-1 $1336 $1613 #
color-adesk-attrib $-1 -1 $-1 $-1 $1337 256 #
straight-curve $-1 -1 $-1 0.6061174053045919052 -13.06323161571905089 -0.5 -0.9566168915768484826 0.291348799122028157 0 F 0 F 0.3200000000000000622 #
point $-1 -1 $-1 0.3000000000000003775 -12.97000000000000242 -0.5 #
coedge $-1 -1 $-1 $1341 $1346 $1340 $1476 reversed $1347 $-1 #
edge $1614 -1 $-1 $1344 0 $1615 0.6092559367855017172 $1475 $1616 forward @7 unknown #
color-adesk-attrib $-1 -1 $-1 $-1 $1342 256 #
straight-curve $-1 -1 $-1 0.2999999999999998224 -13.59000000000000341 -0.25 0 0 1 I I #
point $-1 -1 $-1 0.3000000000000003775 -13.58999999999999986 0.5 #
edge $1617 -1 $-1 $1349 0 $1615 1 $1470 $1618 forward @7 unknown #
face $1619 -1 $-1 $1613 $1347 $8 $-1 $1620 forward single #
point $-1 -1 $-1 0.6061174053045919052 -13.06323161571905089 -0.5 #
color-adesk-attrib $-1 -1 $-1 $-1 $1353 256 #
straight-curve $-1 -1 $-1 0.6061174053045919052 -14.31323161571905089 0.5 -0.9566168915768484826 0.291348799122028157 0 I I #
color-adesk-attrib $-1 -1 $-1 $-1 $1357 256 #
plane-surface $-1 -1 $-1 0.6061174053045919052 -14.31323161571905089 -0.5 0.2913487991220282125 0.9566168915768485936 0 -0.9566168915768485936 0.2913487991220282125 0 forward_v I I I I #
point $-1 -1 $-1 0.6061174053045919052 -14.31323161571905089 0.5 #
coedge $-1 -1 $-1 $1366 $1402 $1414 $1547 reversed $1403 $-1 #
color-adesk-attrib $-1 -1 $-1 $-1 $1367 256 #
vertex $-1 -1 $-1 $1367 $1621 #
straight-curve $-1 -1 $-1 0.6061174053045939036 17.56176838428095266 -0.5 -0.9566168915768484826 0.291348799122028157 0 F 0 F 0.3200000000000000622 #
point $-1 -1 $-1 0.3000000000000022649 17.65500000000000114 -0.5 #
color-adesk-attrib $-1 -1 $-1 $-1 $1371 256 #
face $1622 -1 $-1 $1623 $1624 $8 $-1 $1625 forward single #
loop $-1 -1 $-1 $-1 $1626 $1371 #
plane-surface $-1 -1 $-1 0.3000000000000020428 13.91000000000000014 -0.5 0.8646093578672968682 -0.5024446818191041775 0 0.5024446818191041775 0.8646093578672968682 0 forward_v I I I I #
coedge $-1 -1 $-1 $1627 $1628 $1629 $1630 forward $1372 $-1 #
coedge $-1 -1 $-1 $1631 $1374 $1628 $1632 forward $1262 $-1 #
coedge $-1 -1 $-1 $1374 $1631 $1633 $1634 reversed $1262 $-1 #
coedge $-1 -1 $-1 $1635 $1629 $1374 $1501 reversed $102 $-1 #
edge $1636 -1 $-1 $1637 0 $1638 0.6092559367855017172 $1374 $1639 forward @7 unknown #
coedge $-1 -1 $-1 $1376 $1375 $1409 $1544 reversed $1163 $-1 #
color-adesk-attrib $-1 -1 $-1 $-1 $1378 256 #
straight-curve $-1 -1 $-1 0.6061174053045937926 16.93676838428095266 -0.5 -0.9566168915768484826 0.291348799122028157 0 F 0 F 0.3200000000000000622 #
coedge $-1 -1 $-1 $1409 $1640 $1379 $1506 forward $264 $-1 #
edge $1641 -1 $-1 $1513 0 $1508 0.6092559367855017172 $1379 $1642 forward @7 unknown #
color-adesk-attrib $-1 -1 $-1 $-1 $1380 256 #
vertex $-1 -1 $-1 $1380 $1643 #
straight-curve $-1 -1 $-1 0.6061174053045937926 16.93676838428095266 -0.5 0 0 1 I I #
coedge $-1 -1 $-1 $1397 $1381 $1640 $1644 reversed $1281 $-1 #
coedge $-1 -1 $-1 $1381 $1397 $1383 $1516 reversed $1281 $-1 #
color-adesk-attrib $-1 -1 $-1 $-1 $1382 256 #
vertex $-1 -1 $-1 $1506 $1645 #
straight-curve $-1 -1 $-1 0.3000000000000002665 16.41000000000000014 -0.25 0 0 1 I I #
coedge $-1 -1 $-1 $1646 $1383 $1647 $1648 reversed $102 $-1 #
edge $1649 -1 $-1 $1385 -16.41000000000000014 $1650 -16.40500000000000114 $1511 $277 forward @7 unknown #
point $-1 -1 $-1 0.3000000000000022093 16.41000000000000014 -0.5 #
point $-1 -1 $-1 0.6061174053045937926 16.93676838428095266 -0.5 #
coedge $-1 -1 $-1 $1388 $1408 $1402 $1539 forward $264 $-1 #
color-adesk-attrib $-1 -1 $-1 $-1 $1392 256 #
color-adesk-attrib $-1 -1 $-1 $-1 $1395 256 #
face $1651 -1 $-1 $1652 $1653 $8 $-1 $354 reversed single #
loop $-1 -1 $-1 $-1 $1654 $1395 #
coedge $-1 -1 $-1 $1655 $1656 $1657 $1658 forward $1396 $-1 #
coedge $-1 -1 $-1 $1659 $1647 $1397 $1526 reversed $1660 $-1 #
edge $1661 -1 $-1 $1662 -0.75 $1650 0.25 $1397 $1663 forward @7 unknown #
coedge $-1 -1 $-1 $1399 $1398 $1627 $1664 forward $1175 $-1 #
coedge $-1 -1 $-1 $1665 $1666 $1398 $1529 forward $264 $-1 #
edge $1667 -1 $-1 $1668 15.78000000000000114 $1537 15.78500000000000014 $1398 $352 forward @7 unknown #
coedge $-1 -1 $-1 $1629 $1646 $1399 $1531 forward $102 $-1 #
edge $1669 -1 $-1 $1536 -15.78500000000000014 $1670 -15.78000000000000114 $1399 $277 forward @7 unknown #
coedge $-1 -1 $-1 $1671 $1400 $1646 $1672 forward $1534 $-1 #
coedge $-1 -1 $-1 $1400 $1671 $1665 $1673 reversed $1534 $-1 #
loop $-1 -1 $-1 $-1 $1532 $1674 #
color-adesk-attrib $-1 -1 $-1 $-1 $1401 256 #
vertex $-1 -1 $-1 $1531 $1675 #
vertex $-1 -1 $-1 $1673 $1676 #
straight-curve $-1 -1 $-1 0.3000000000000002665 15.78500000000000014 -0.25 0 0 1 I I #
edge $1677 -1 $-1 $1551 0 $1405 0.3200000000000000622 $1402 $1678 forward @7 unknown #
face $1679 -1 $-1 $1050 $1403 $8 $-1 $1680 forward single #
point $-1 -1 $-1 0.3000000000000022649 17.65500000000000114 0.5 #
color-adesk-attrib $-1 -1 $-1 $-1 $1407 256 #
straight-curve $-1 -1 $-1 0.2999999999999998224 17.03000000000000114 -0.25 0 0 -1 I I #
edge $1681 -1 $-1 $1508 0 $1411 0.3200000000000000622 $1502 $1682 forward @7 unknown #
point $-1 -1 $-1 0.3000000000000022093 17.03000000000000114 0.5 #
point $-1 -1 $-1 0.3000000000000022093 17.03000000000000114 -0.5 #
edge $1683 -1 $-1 $1490 0 $1551 1 $1488 $1684 forward @7 unknown #
color-adesk-attrib $-1 -1 $-1 $-1 $1415 256 #
straight-curve $-1 -1 $-1 0.3000000000000022649 17.03500000000000014 -0.5 0.5024446818191040665 0.8646093578672967572 0 F 0 F 0.6092559367855017172 #
color-adesk-attrib $-1 -1 $-1 $-1 $1416 256 #
vertex $-1 -1 $-1 $1547 $1685 #
straight-curve $-1 -1 $-1 0.3000000000000022649 17.03500000000000014 0.5 0.5024446818191040665 0.8646093578672967572 0 I I #
color-adesk-attrib $-1 -1 $-1 $-1 $1417 256 #
plane-surface $-1 -1 $-1 0.3000000000000022649 17.03500000000000014 -0.5 0.8646093578672968682 -0.5024446818191041775 0 0.5024446818191041775 0.8646093578672968682 0 forward_v I I I I #
color-adesk-attrib $-1 -1 $-1 $-1 $1423 256 #
face $1686 -1 $-1 $1687 $1688 $8 $-1 $1689 forward single #
loop $-1 -1 $-1 $-1 $1690 $1423 #
plane-surface $-1 -1 $-1 0.6061174053045921273 -8.68823161571904734 -0.5 0.2913487991220282125 0.9566168915768485936 0 -0.9566168915768485936 0.2913487991220282125 0 forward_v I I I I #
coedge $-1 -1 $-1 $1691 $1692 $1693 $1694 forward $1424 $-1 #
coedge $-1 -1 $-1 $1695 $1426 $1696 $1697 reversed $1301 $-1 #
coedge $-1 -1 $-1 $1426 $1695 $1427 $1565 reversed $1301 $-1 #
coedge $-1 -1 $-1 $1429 $1698 $1426 $1563 reversed $102 $-1 #
edge $1699 -1 $-1 $1571 0 $1700 0.3200000000000000622 $1426 $1701 forward @7 unknown #
coedge $-1 -1 $-1 $1428 $1427 $1702 $1703 reversed $1187 $-1 #
edge $1704 -1 $-1 $1571 0 $1705 1 $1561 $1706 forward @7 unknown #
coedge $-1 -1 $-1 $1707 $1708 $1428 $1567 forward $1709 $-1 #
edge $1710 -1 $-1 $1570 -0.25 $1711 0.75 $1566 $1712 forward @7 unknown #
coedge $-1 -1 $-1 $1713 $1429 $1708 $1714 forward $102 $-1 #
color-adesk-attrib $-1 -1 $-1 $-1 $1430 256 #
vertex $-1 -1 $-1 $1714 $1715 #
vertex $-1 -1 $-1 $1563 $1716 #
straight-curve $-1 -1 $-1 0.3000000000000005995 -10.46499999999999986 -0.5 0.5024446818191040665 0.8646093578672967572 0 F 0 F 0.6092559367855017172 #
coedge $-1 -1 $-1 $1717 $1438 $1431 $1574 forward $264 $-1 #
edge $1718 -1 $-1 $1441 0 $1579 0.3200000000000000622 $1431 $1719 forward @7 unknown #
coedge $-1 -1 $-1 $1720 $1432 $1434 $1582 reversed $1577 $-1 #
coedge $-1 -1 $-1 $1432 $1720 $1717 $1721 reversed $1577 $-1 #
loop $-1 -1 $-1 $-1 $1432 $1722 #
color-adesk-attrib $-1 -1 $-1 $-1 $1433 256 #
vertex $-1 -1 $-1 $1721 $1723 #
straight-curve $-1 -1 $-1 0.3000000000000000444 -11.09499999999999886 -0.25 0 0 -1 I I #
coedge $-1 -1 $-1 $1434 $1713 $1724 $1725 reversed $102 $-1 #
edge $1726 -1 $-1 $1727 11.08999999999999986 $1436 11.09499999999999886 $1575 $277 forward @7 unknown #
point $-1 -1 $-1 0.3000000000000004885 -11.09499999999999886 -0.5 #
coedge $-1 -1 $-1 $1438 $1728 $1443 $1589 forward $264 $-1 #
color-adesk-attrib $-1 -1 $-1 $-1 $1439 256 #
straight-curve $-1 -1 $-1 0.3000000000000004885 -11.71499999999999986 0.5 0.5024446818191040665 0.8646093578672967572 0 I I #
point $-1 -1 $-1 0.6061174053045921273 -11.18823161571904734 0.5 #
coedge $-1 -1 $-1 $1444 $1443 $1729 $1730 forward $1445 $-1 #
edge $1731 -1 $-1 $1732 -11.71999999999999886 $1447 -11.71499999999999986 $1443 $352 forward @7 unknown #
face $1733 -1 $-1 $1722 $1445 $8 $-1 $354 reversed single #
point $-1 -1 $-1 0.3000000000000004885 -11.71499999999999986 0.5 #
coedge $-1 -1 $-1 $1729 $1734 $1449 $1593 forward $1735 $-1 #
edge $1736 -1 $-1 $1605 0 $1595 0.3200000000000000622 $1592 $1737 forward @7 unknown #
color-adesk-attrib $-1 -1 $-1 $-1 $1450 256 #
vertex $-1 -1 $-1 $1593 $1738 #
coedge $-1 -1 $-1 $1728 $1453 $1739 $1740 forward $264 $-1 #
coedge $-1 -1 $-1 $1460 $1739 $1456 $1598 reversed $1603 $-1 #
edge $1741 -1 $-1 $1463 -0.25 $1600 0.75 $1456 $1742 forward @7 unknown #
color-adesk-attrib $-1 -1 $-1 $-1 $1457 256 #
vertex $-1 -1 $-1 $1740 $1743 #
color-adesk-attrib $-1 -1 $-1 $-1 $1458 256 #
coedge $-1 -1 $-1 $1739 $1460 $1734 $1744 forward $1603 $-1 #
loop $-1 -1 $-1 $-1 $1460 $1745 #
color-adesk-attrib $-1 -1 $-1 $-1 $1461 256 #
vertex $-1 -1 $-1 $1593 $1746 #
straight-curve $-1 -1 $-1 0.3000000000000004885 -12.33999999999999986 -0.5 0.5024446818191040665 0.8646093578672967572 0 F 0 F 0.6092559367855017172 #
point $-1 -1 $-1 0.3000000000000004885 -12.33999999999999986 -0.5 #
coedge $-1 -1 $-1 $1470 $1465 $1464 $1609 reversed $1471 $-1 #
edge $1747 -1 $-1 $1615 0 $1468 0.3200000000000000622 $1608 $1748 forward @7 unknown #
color-adesk-attrib $-1 -1 $-1 $-1 $1466 256 #
straight-curve $-1 -1 $-1 0.3000000000000002665 -12.97000000000000242 -0.25 0 0 -1 I I #
point $-1 -1 $-1 0.3000000000000003775 -12.97000000000000242 0.5 #
face $1749 -1 $-1 $1244 $1471 $8 $-1 $1750 forward single #
color-adesk-attrib $-1 -1 $-1 $-1 $1476 256 #
vertex $-1 -1 $-1 $1480 $1751 #
straight-curve $-1 -1 $-1 0.3000000000000003775 -13.58999999999999986 0.5 0.5024446818191040665 0.8646093578672967572 0 I I #
color-adesk-attrib $-1 -1 $-1 $-1 $1480 256 #
straight-curve $-1 -1 $-1 0.6061174053045919052 -13.06323161571905089 -0.5 0 0 1 I I #
color-adesk-attrib $-1 -1 $-1 $-1 $1481 256 #
plane-surface $-1 -1 $-1 0.3000000000000003775 -13.58999999999999986 -0.5 0.8646093578672968682 -0.5024446818191041775 0 0.5024446818191041775 0.8646093578672968682 0 forward_v I I I I #
point $-1 -1 $-1 0.6061174053045939036 17.56176838428095266 -0.5 #
color-adesk-attrib $-1 -1 $-1 $-1 $1494 256 #
face $1752 -1 $-1 $1753 $1754 $8 $-1 $1755 forward single #
loop $-1 -1 $-1 $-1 $1756 $1494 #
plane-surface $-1 -1 $-1 0.6061174053045936816 14.43676838428095088 -0.5 0.2913487991220282125 0.9566168915768485936 0 -0.9566168915768485936 0.2913487991220282125 0 forward_v I I I I #
coedge $-1 -1 $-1 $1757 $1758 $1759 $1760 forward $1495 $-1 #
coedge $-1 -1 $-1 $1761 $1497 $1527 $1664 reversed $1372 $-1 #
coedge $-1 -1 $-1 $1497 $1761 $1498 $1632 reversed $1372 $-1 #
coedge $-1 -1 $-1 $1500 $1530 $1497 $1630 reversed $102 $-1 #
edge $1762 -1 $-1 $1638 0 $1670 0.3200000000000000622 $1497 $1763 forward @7 unknown #
coedge $-1 -1 $-1 $1499 $1498 $1764 $1765 reversed $1262 $-1 #
edge $1766 -1 $-1 $1638 0 $1767 1 $1628 $1768 forward @7 unknown #
coedge $-1 -1 $-1 $1769 $1770 $1499 $1634 forward $1523 $-1 #
edge $1771 -1 $-1 $1637 -0.25 $1772 0.75 $1633 $1773 forward @7 unknown #
coedge $-1 -1 $-1 $1774 $1500 $1770 $1775 forward $102 $-1 #
color-adesk-attrib $-1 -1 $-1 $-1 $1501 256 #
vertex $-1 -1 $-1 $1775 $1776 #
vertex $-1 -1 $-1 $1630 $1777 #
straight-curve $-1 -1 $-1 0.3000000000000021538 15.16000000000000014 -0.5 0.5024446818191040665 0.8646093578672967572 0 F 0 F 0.6092559367855017172 #
coedge $-1 -1 $-1 $1505 $1778 $1510 $1644 forward $264 $-1 #
color-adesk-attrib $-1 -1 $-1 $-1 $1506 256 #
straight-curve $-1 -1 $-1 0.3000000000000022093 16.41000000000000014 0.5 0.5024446818191040665 0.8646093578672967572 0 I I #
point $-1 -1 $-1 0.6061174053045937926 16.93676838428095266 0.5 #
edge $1779 -1 $-1 $1662 16.40500000000000114 $1513 16.41000000000000014 $1510 $352 forward @7 unknown #
point $-1 -1 $-1 0.3000000000000022093 16.41000000000000014 0.5 #
coedge $-1 -1 $-1 $1530 $1515 $1532 $1672 reversed $102 $-1 #
coedge $-1 -1 $-1 $1525 $1780 $1515 $1648 forward $1660 $-1 #
edge $1781 -1 $-1 $1782 0 $1650 0.3200000000000000622 $1647 $1783 forward @7 unknown #
color-adesk-attrib $-1 -1 $-1 $-1 $1516 256 #
vertex $-1 -1 $-1 $1648 $1784 #
color-adesk-attrib $-1 -1 $-1 $-1 $1522 256 #
face $1785 -1 $-1 $1786 $1787 $8 $-1 $354 reversed single #
loop $-1 -1 $-1 $-1 $1788 $1522 #
coedge $-1 -1 $-1 $1770 $1769 $1789 $1790 forward $1523 $-1 #
coedge $-1 -1 $-1 $1791 $1524 $1792 $1793 reversed $1396 $-1 #
coedge $-1 -1 $-1 $1524 $1791 $1794 $1795 reversed $1396 $-1 #
coedge $-1 -1 $-1 $1796 $1797 $1524 $1658 reversed $1798 $-1 #
edge $1799 -1 $-1 $1800 -0.25 $1801 0.75 $1524 $1802 forward @7 unknown #
coedge $-1 -1 $-1 $1780 $1525 $1778 $1803 reversed $1660 $-1 #
loop $-1 -1 $-1 $-1 $1647 $1804 #
color-adesk-attrib $-1 -1 $-1 $-1 $1526 256 #
vertex $-1 -1 $-1 $1644 $1805 #
straight-curve $-1 -1 $-1 0.2999999999999998224 16.40500000000000114 -0.25 0 0 -1 I I #
edge $1806 -1 $-1 $1668 -0.75 $1670 0.25 $1527 $1807 forward @7 unknown #
coedge $-1 -1 $-1 $1778 $1528 $1533 $1673 forward $264 $-1 #
coedge $-1 -1 $-1 $1528 $1764 $1761 $1808 forward $264 $-1 #
color-adesk-attrib $-1 -1 $-1 $-1 $1529 256 #
vertex $-1 -1 $-1 $1529 $1809 #
color-adesk-attrib $-1 -1 $-1 $-1 $1531 256 #
vertex $-1 -1 $-1 $1630 $1810 #
coedge $-1 -1 $-1 $1533 $1532 $1780 $1811 forward $1534 $-1 #
edge $1812 -1 $-1 $1536 0 $1782 0.6092559367855017172 $1532 $1813 forward @7 unknown #
edge $1814 -1 $-1 $1537 0 $1815 0.6092559367855017172 $1533 $1816 forward @7 unknown #
face $1817 -1 $-1 $1804 $1534 $8 $-1 $1818 forward single #
point $-1 -1 $-1 0.3000000000000021538 15.78500000000000014 -0.5 #
point $-1 -1 $-1 0.3000000000000021538 15.78500000000000014 0.5 #
color-adesk-attrib $-1 -1 $-1 $-1 $1539 256 #
straight-curve $-1 -1 $-1 0.6061174053045939036 17.56176838428095266 0.5 -0.9566168915768484826 0.291348799122028157 0 I I #
color-adesk-attrib $-1 -1 $-1 $-1 $1540 256 #
plane-surface $-1 -1 $-1 0.6061174053045939036 17.56176838428095266 -0.5 0.2913487991220282125 0.9566168915768485936 0 -0.9566168915768485936 0.2913487991220282125 0 forward_v I I I I #
color-adesk-attrib $-1 -1 $-1 $-1 $1544 256 #
straight-curve $-1 -1 $-1 0.6061174053045937926 16.93676838428095266 0.5 -0.9566168915768484826 0.291348799122028157 0 I I #
color-adesk-attrib $-1 -1 $-1 $-1 $1547 256 #
straight-curve $-1 -1 $-1 0.6061174053045939036 17.56176838428095266 -0.5 0 0 1 I I #
point $-1 -1 $-1 0.6061174053045939036 17.56176838428095266 0.5 #
color-adesk-attrib $-1 -1 $-1 $-1 $1556 256 #
face $1819 -1 $-1 $1820 $1821 $8 $-1 $1822 forward single #
loop $-1 -1 $-1 $-1 $1823 $1556 #
plane-surface $-1 -1 $-1 0.3000000000000007105 -7.964999999999999858 -0.5 0.8646093578672968682 -0.5024446818191041775 0 0.5024446818191041775 0.8646093578672968682 0 forward_v I I I I #
coedge $-1 -1 $-1 $1824 $1825 $1826 $1827 forward $1557 $-1 #
coedge $-1 -1 $-1 $1828 $1559 $1825 $1829 forward $1424 $-1 #
coedge $-1 -1 $-1 $1559 $1828 $1830 $1831 reversed $1424 $-1 #
coedge $-1 -1 $-1 $1832 $1826 $1559 $1694 reversed $102 $-1 #
edge $1833 -1 $-1 $1834 0 $1835 0.6092559367855017172 $1559 $1836 forward @7 unknown #
coedge $-1 -1 $-1 $1561 $1560 $1837 $1838 reversed $1301 $-1 #
coedge $-1 -1 $-1 $1839 $1840 $1560 $1697 forward $1841 $-1 #
edge $1842 -1 $-1 $1843 -0.75 $1700 0.25 $1696 $1844 forward @7 unknown #
coedge $-1 -1 $-1 $1562 $1845 $1839 $1846 forward $102 $-1 #
color-adesk-attrib $-1 -1 $-1 $-1 $1563 256 #
vertex $-1 -1 $-1 $1563 $1847 #
straight-curve $-1 -1 $-1 0.6061174053045921273 -9.93823161571904734 -0.5 -0.9566168915768484826 0.291348799122028157 0 F 0 F 0.3200000000000000622 #
coedge $-1 -1 $-1 $1837 $1848 $1564 $1703 forward $264 $-1 #
edge $1849 -1 $-1 $1711 0 $1705 0.6092559367855017172 $1564 $1850 forward @7 unknown #
color-adesk-attrib $-1 -1 $-1 $-1 $1565 256 #
vertex $-1 -1 $-1 $1565 $1851 #
straight-curve $-1 -1 $-1 0.6061174053045921273 -9.93823161571904734 -0.5 0 0 1 I I #
coedge $-1 -1 $-1 $1852 $1566 $1848 $1853 reversed $1709 $-1 #
coedge $-1 -1 $-1 $1566 $1852 $1568 $1714 reversed $1709 $-1 #
loop $-1 -1 $-1 $-1 $1566 $1854 #
color-adesk-attrib $-1 -1 $-1 $-1 $1567 256 #
vertex $-1 -1 $-1 $1703 $1855 #
straight-curve $-1 -1 $-1 0.2999999999999998224 -10.46500000000000341 -0.25 0 0 1 I I #
coedge $-1 -1 $-1 $1581 $1568 $1856 $1857 reversed $102 $-1 #
edge $1858 -1 $-1 $1570 10.46499999999999986 $1859 10.46999999999999886 $1708 $277 forward @7 unknown #
point $-1 -1 $-1 0.3000000000000005995 -10.46499999999999986 -0.5 #
point $-1 -1 $-1 0.6061174053045921273 -9.93823161571904734 -0.5 #
coedge $-1 -1 $-1 $1860 $1573 $1576 $1721 forward $264 $-1 #
color-adesk-attrib $-1 -1 $-1 $-1 $1574 256 #
straight-curve $-1 -1 $-1 0.6061174053045921273 -11.18823161571904734 0.5 -0.9566168915768484826 0.291348799122028157 0 I I #
coedge $-1 -1 $-1 $1576 $1575 $1861 $1862 forward $1577 $-1 #
edge $1863 -1 $-1 $1579 -11.09499999999999886 $1864 -11.08999999999999986 $1576 $352 forward @7 unknown #
face $1865 -1 $-1 $1334 $1577 $8 $-1 $354 reversed single #
point $-1 -1 $-1 0.3000000000000004885 -11.09499999999999886 0.5 #
coedge $-1 -1 $-1 $1866 $1861 $1581 $1725 forward $1867 $-1 #
edge $1868 -1 $-1 $1727 0 $1869 0.6092559367855017172 $1724 $1870 forward @7 unknown #
color-adesk-attrib $-1 -1 $-1 $-1 $1582 256 #
vertex $-1 -1 $-1 $1582 $1871 #
coedge $-1 -1 $-1 $1584 $1596 $1872 $1873 forward $264 $-1 #
coedge $-1 -1 $-1 $1872 $1592 $1588 $1730 reversed $1735 $-1 #
edge $1874 -1 $-1 $1732 -0.75 $1595 0.25 $1588 $1875 forward @7 unknown #
color-adesk-attrib $-1 -1 $-1 $-1 $1589 256 #
vertex $-1 -1 $-1 $1589 $1876 #
color-adesk-attrib $-1 -1 $-1 $-1 $1590 256 #
coedge $-1 -1 $-1 $1592 $1872 $1602 $1744 reversed $1735 $-1 #
loop $-1 -1 $-1 $-1 $1592 $1877 #
color-adesk-attrib $-1 -1 $-1 $-1 $1593 256 #
straight-curve $-1 -1 $-1 0.6061174053045921273 -11.81323161571904734 -0.5 -0.9566168915768484826 0.291348799122028157 0 F 0 F 0.3200000000000000622 #
point $-1 -1 $-1 0.3000000000000004885 -11.71999999999999886 -0.5 #
coedge $-1 -1 $-1 $1597 $1602 $1596 $1740 reversed $1603 $-1 #
edge $1878 -1 $-1 $1600 0 $1879 0.6092559367855017172 $1739 $1880 forward @7 unknown #
color-adesk-attrib $-1 -1 $-1 $-1 $1598 256 #
straight-curve $-1 -1 $-1 0.2999999999999993783 -12.34000000000000341 -0.25 0 0 1 I I #
point $-1 -1 $-1 0.3000000000000004885 -12.33999999999999986 0.5 #
edge $1881 -1 $-1 $1605 0 $1879 1 $1734 $1882 forward @7 unknown #
face $1883 -1 $-1 $1877 $1603 $8 $-1 $1884 forward single #
point $-1 -1 $-1 0.6061174053045921273 -11.81323161571904734 -0.5 #
color-adesk-attrib $-1 -1 $-1 $-1 $1609 256 #
straight-curve $-1 -1 $-1 0.6061174053045919052 -13.06323161571905089 0.5 -0.9566168915768484826 0.291348799122028157 0 I I #
color-adesk-attrib $-1 -1 $-1 $-1 $1613 256 #
plane-surface $-1 -1 $-1 0.6061174053045919052 -13.06323161571905089 -0.5 0.2913487991220282125 0.9566168915768485936 0 -0.9566168915768485936 0.2913487991220282125 0 forward_v I I I I #
point $-1 -1 $-1 0.6061174053045919052 -13.06323161571905089 0.5 #
color-adesk-attrib $-1 -1 $-1 $-1 $1623 256 #
face $1885 -1 $-1 $1886 $1887 $8 $-1 $1888 forward single #
loop $-1 -1 $-1 $-1 $1889 $1623 #
plane-surface $-1 -1 $-1 0.3000000000000019873 12.66000000000000014 -0.5 0.8646093578672968682 -0.5024446818191041775 0 0.5024446818191041775 0.8646093578672968682 0 forward_v I I I I #
coedge $-1 -1 $-1 $1890 $1891 $1892 $1893 forward $1624 $-1 #
coedge $-1 -1 $-1 $1894 $1626 $1891 $1895 forward $1495 $-1 #
coedge $-1 -1 $-1 $1626 $1894 $1896 $1897 reversed $1495 $-1 #
coedge $-1 -1 $-1 $1898 $1892 $1626 $1760 reversed $102 $-1 #
edge $1899 -1 $-1 $1900 0 $1901 0.6092559367855017172 $1626 $1902 forward @7 unknown #
coedge $-1 -1 $-1 $1628 $1627 $1666 $1808 reversed $1372 $-1 #
color-adesk-attrib $-1 -1 $-1 $-1 $1630 256 #
straight-curve $-1 -1 $-1 0.6061174053045936816 15.68676838428095088 -0.5 -0.9566168915768484826 0.291348799122028157 0 F 0 F 0.3200000000000000622 #
coedge $-1 -1 $-1 $1666 $1903 $1631 $1765 forward $264 $-1 #
edge $1904 -1 $-1 $1772 0 $1767 0.6092559367855017172 $1631 $1905 forward @7 unknown #
color-adesk-attrib $-1 -1 $-1 $-1 $1632 256 #
vertex $-1 -1 $-1 $1632 $1906 #
straight-curve $-1 -1 $-1 0.6061174053045936816 15.68676838428095088 -0.5 0 0 1 I I #
coedge $-1 -1 $-1 $1654 $1633 $1903 $1907 reversed $1523 $-1 #
coedge $-1 -1 $-1 $1633 $1654 $1635 $1775 reversed $1523 $-1 #
color-adesk-attrib $-1 -1 $-1 $-1 $1634 256 #
vertex $-1 -1 $-1 $1765 $1908 #
straight-curve $-1 -1 $-1 0.2999999999999998224 15.15999999999999837 -0.25 0 0 1 I I #
coedge $-1 -1 $-1 $1909 $1635 $1910 $1911 reversed $102 $-1 #
edge $1912 -1 $-1 $1637 -15.16000000000000014 $1913 -15.15500000000000114 $1770 $277 forward @7 unknown #
point $-1 -1 $-1 0.3000000000000021538 15.16000000000000014 -0.5 #
point $-1 -1 $-1 0.6061174053045936816 15.68676838428095088 -0.5 #
coedge $-1 -1 $-1 $1640 $1665 $1659 $1803 forward $264 $-1 #
color-adesk-attrib $-1 -1 $-1 $-1 $1644 256 #
coedge $-1 -1 $-1 $1647 $1659 $1671 $1811 reversed $1660 $-1 #
color-adesk-attrib $-1 -1 $-1 $-1 $1648 256 #
vertex $-1 -1 $-1 $1648 $1914 #
straight-curve $-1 -1 $-1 0.6061174053045936816 16.31176838428095266 -0.5 -0.9566168915768484826 0.291348799122028157 0 F 0 F 0.3200000000000000622 #
point $-1 -1 $-1 0.3000000000000021538 16.40500000000000114 -0.5 #
color-adesk-attrib $-1 -1 $-1 $-1 $1652 256 #
face $1915 -1 $-1 $1916 $1917 $8 $-1 $354 reversed single #
loop $-1 -1 $-1 $-1 $1918 $1652 #
coedge $-1 -1 $-1 $1919 $1920 $1921 $1922 forward $1653 $-1 #
coedge $-1 -1 $-1 $1923 $1910 $1654 $1790 reversed $1924 $-1 #
edge $1925 -1 $-1 $1926 -0.75 $1913 0.25 $1654 $1927 forward @7 unknown #
coedge $-1 -1 $-1 $1656 $1655 $1890 $1928 forward $1396 $-1 #
coedge $-1 -1 $-1 $1929 $1930 $1655 $1793 forward $264 $-1 #
edge $1931 -1 $-1 $1932 14.53000000000000114 $1801 14.53500000000000014 $1655 $352 forward @7 unknown #
coedge $-1 -1 $-1 $1892 $1909 $1656 $1795 forward $102 $-1 #
edge $1933 -1 $-1 $1800 -14.53500000000000014 $1934 -14.53000000000000114 $1656 $277 forward @7 unknown #
coedge $-1 -1 $-1 $1935 $1657 $1909 $1936 forward $1798 $-1 #
coedge $-1 -1 $-1 $1657 $1935 $1929 $1937 reversed $1798 $-1 #
loop $-1 -1 $-1 $-1 $1796 $1938 #
color-adesk-attrib $-1 -1 $-1 $-1 $1658 256 #
vertex $-1 -1 $-1 $1795 $1939 #
vertex $-1 -1 $-1 $1937 $1940 #
straight-curve $-1 -1 $-1 0.2999999999999998224 14.53499999999999837 -0.25 0 0 1 I I #
edge $1941 -1 $-1 $1815 0 $1662 0.3200000000000000622 $1659 $1942 forward @7 unknown #
face $1943 -1 $-1 $1417 $1660 $8 $-1 $1944 forward single #
point $-1 -1 $-1 0.3000000000000021538 16.40500000000000114 0.5 #
color-adesk-attrib $-1 -1 $-1 $-1 $1664 256 #
straight-curve $-1 -1 $-1 0.2999999999999993783 15.78000000000000114 -0.25 0 0 -1 I I #
edge $1945 -1 $-1 $1767 0 $1668 0.3200000000000000622 $1761 $1946 forward @7 unknown #
point $-1 -1 $-1 0.3000000000000021538 15.78000000000000114 0.5 #
point $-1 -1 $-1 0.3000000000000021538 15.78000000000000114 -0.5 #
edge $1947 -1 $-1 $1782 0 $1815 1 $1780 $1948 forward @7 unknown #
color-adesk-attrib $-1 -1 $-1 $-1 $1672 256 #
straight-curve $-1 -1 $-1 0.3000000000000021538 15.78500000000000014 -0.5 0.5024446818191040665 0.8646093578672967572 0 F 0 F 0.6092559367855017172 #
color-adesk-attrib $-1 -1 $-1 $-1 $1673 256 #
vertex $-1 -1 $-1 $1811 $1949 #
straight-curve $-1 -1 $-1 0.3000000000000021538 15.78500000000000014 0.5 0.5024446818191040665 0.8646093578672967572 0 I I #
color-adesk-attrib $-1 -1 $-1 $-1 $1674 256 #
plane-surface $-1 -1 $-1 0.3000000000000021538 15.78500000000000014 -0.5 0.8646093578672968682 -0.5024446818191041775 0 0.5024446818191041775 0.8646093578672968682 0 forward_v I I I I #
color-adesk-attrib $-1 -1 $-1 $-1 $1687 256 #
face $1950 -1 $-1 $1951 $1952 $8 $-1 $1953 forward single #
loop $-1 -1 $-1 $-1 $1954 $1687 #
plane-surface $-1 -1 $-1 0.6061174053045923493 -7.43823161571904734 -0.5 0.2913487991220282125 0.9566168915768485936 0 -0.9566168915768485936 0.2913487991220282125 0 forward_v I I I I #
coedge $-1 -1 $-1 $1955 $1956 $1957 $1958 forward $1688 $-1 #
coedge $-1 -1 $-1 $1959 $1690 $1960 $1961 reversed $1557 $-1 #
coedge $-1 -1 $-1 $1690 $1959 $1691 $1829 reversed $1557 $-1 #
coedge $-1 -1 $-1 $1693 $1962 $1690 $1827 reversed $102 $-1 #
edge $1963 -1 $-1 $1835 0 $1964 0.3200000000000000622 $1690 $1965 forward @7 unknown #
coedge $-1 -1 $-1 $1692 $1691 $1966 $1967 reversed $1424 $-1 #
edge $1968 -1 $-1 $1835 0 $1969 1 $1825 $1970 forward @7 unknown #
coedge $-1 -1 $-1 $1971 $1972 $1692 $1831 forward $1973 $-1 #
edge $1974 -1 $-1 $1834 -0.25 $1975 0.75 $1830 $1976 forward @7 unknown #
coedge $-1 -1 $-1 $1977 $1693 $1972 $1978 forward $102 $-1 #
color-adesk-attrib $-1 -1 $-1 $-1 $1694 256 #
vertex $-1 -1 $-1 $1978 $1979 #
vertex $-1 -1 $-1 $1827 $1980 #
straight-curve $-1 -1 $-1 0.3000000000000005995 -9.214999999999999858 -0.5 0.5024446818191040665 0.8646093578672967572 0 F 0 F 0.6092559367855017172 #
coedge $-1 -1 $-1 $1981 $1702 $1695 $1838 forward $264 $-1 #
edge $1982 -1 $-1 $1705 0 $1843 0.3200000000000000622 $1695 $1983 forward @7 unknown #
coedge $-1 -1 $-1 $1984 $1696 $1698 $1846 reversed $1841 $-1 #
coedge $-1 -1 $-1 $1696 $1984 $1981 $1985 reversed $1841 $-1 #
loop $-1 -1 $-1 $-1 $1696 $1986 #
color-adesk-attrib $-1 -1 $-1 $-1 $1697 256 #
vertex $-1 -1 $-1 $1985 $1987 #
straight-curve $-1 -1 $-1 0.3000000000000002665 -9.844999999999998863 -0.25 0 0 -1 I I #
coedge $-1 -1 $-1 $1698 $1977 $1988 $1989 reversed $102 $-1 #
edge $1990 -1 $-1 $1991 9.839999999999999858 $1700 9.844999999999998863 $1839 $277 forward @7 unknown #
point $-1 -1 $-1 0.3000000000000005995 -9.844999999999998863 -0.5 #
coedge $-1 -1 $-1 $1702 $1992 $1707 $1853 forward $264 $-1 #
color-adesk-attrib $-1 -1 $-1 $-1 $1703 256 #
straight-curve $-1 -1 $-1 0.3000000000000005995 -10.46499999999999986 0.5 0.5024446818191040665 0.8646093578672967572 0 I I #
point $-1 -1 $-1 0.6061174053045921273 -9.93823161571904734 0.5 #
coedge $-1 -1 $-1 $1708 $1707 $1993 $1994 forward $1709 $-1 #
edge $1995 -1 $-1 $1996 -10.46999999999999886 $1711 -10.46499999999999986 $1707 $352 forward @7 unknown #
face $1997 -1 $-1 $1986 $1709 $8 $-1 $354 reversed single #
point $-1 -1 $-1 0.3000000000000005995 -10.46499999999999986 0.5 #
coedge $-1 -1 $-1 $1993 $1998 $1713 $1857 forward $1999 $-1 #
edge $2000 -1 $-1 $1869 0 $1859 0.3200000000000000622 $1856 $2001 forward @7 unknown #
color-adesk-attrib $-1 -1 $-1 $-1 $1714 256 #
vertex $-1 -1 $-1 $1857 $2002 #
coedge $-1 -1 $-1 $1992 $1717 $2003 $2004 forward $264 $-1 #
coedge $-1 -1 $-1 $1724 $2003 $1720 $1862 reversed $1867 $-1 #
edge $2005 -1 $-1 $1727 -0.25 $1864 0.75 $1720 $2006 forward @7 unknown #
color-adesk-attrib $-1 -1 $-1 $-1 $1721 256 #
vertex $-1 -1 $-1 $2004 $2007 #
color-adesk-attrib $-1 -1 $-1 $-1 $1722 256 #
coedge $-1 -1 $-1 $2003 $1724 $1998 $2008 forward $1867 $-1 #
loop $-1 -1 $-1 $-1 $1724 $2009 #
color-adesk-attrib $-1 -1 $-1 $-1 $1725 256 #
vertex $-1 -1 $-1 $1857 $2010 #
straight-curve $-1 -1 $-1 0.3000000000000004885 -11.08999999999999986 -0.5 0.5024446818191040665 0.8646093578672967572 0 F 0 F 0.6092559367855017172 #
point $-1 -1 $-1 0.3000000000000004885 -11.08999999999999986 -0.5 #
coedge $-1 -1 $-1 $1734 $1729 $1728 $1873 reversed $1735 $-1 #
edge $2011 -1 $-1 $1879 0 $1732 0.3200000000000000622 $1872 $2012 forward @7 unknown #
color-adesk-attrib $-1 -1 $-1 $-1 $1730 256 #
straight-curve $-1 -1 $-1 0.3000000000000000444 -11.71999999999999886 -0.25 0 0 -1 I I #
point $-1 -1 $-1 0.3000000000000004885 -11.71999999999999886 0.5 #
face $2013 -1 $-1 $1481 $1735 $8 $-1 $2014 forward single #
color-adesk-attrib $-1 -1 $-1 $-1 $1740 256 #
vertex $-1 -1 $-1 $1744 $2015 #
straight-curve $-1 -1 $-1 0.3000000000000004885 -12.33999999999999986 0.5 0.5024446818191040665 0.8646093578672967572 0 I I #
color-adesk-attrib $-1 -1 $-1 $-1 $1744 256 #
straight-curve $-1 -1 $-1 0.6061174053045921273 -11.81323161571904734 -0.5 0 0 1 I I #
color-adesk-attrib $-1 -1 $-1 $-1 $1745 256 #
plane-surface $-1 -1 $-1 0.3000000000000004885 -12.33999999999999986 -0.5 0.8646093578672968682 -0.5024446818191041775 0 0.5024446818191041775 0.8646093578672968682 0 forward_v I I I I #
color-adesk-attrib $-1 -1 $-1 $-1 $1753 256 #
face $2016 -1 $-1 $2017 $2018 $8 $-1 $2019 forward single #
loop $-1 -1 $-1 $-1 $2020 $1753 #
plane-surface $-1 -1 $-1 0.6061174053045935706 13.18676838428095088 -0.5 0.2913487991220282125 0.9566168915768485936 0 -0.9566168915768485936 0.2913487991220282125 0 forward_v I I I I #
coedge $-1 -1 $-1 $2021 $2022 $2023 $2024 forward $1754 $-1 #
coedge $-1 -1 $-1 $2025 $1756 $1791 $1928 reversed $1624 $-1 #
coedge $-1 -1 $-1 $1756 $2025 $1757 $1895 reversed $1624 $-1 #
coedge $-1 -1 $-1 $1759 $1794 $1756 $1893 reversed $102 $-1 #
edge $2026 -1 $-1 $1901 0 $1934 0.3200000000000000622 $1756 $2027 forward @7 unknown #
coedge $-1 -1 $-1 $1758 $1757 $2028 $2029 reversed $1495 $-1 #
edge $2030 -1 $-1 $1901 0 $2031 1 $1891 $2032 forward @7 unknown #
coedge $-1 -1 $-1 $2033 $2034 $1758 $1897 forward $1787 $-1 #
edge $2035 -1 $-1 $1900 -0.25 $2036 0.75 $1896 $2037 forward @7 unknown #
coedge $-1 -1 $-1 $2038 $1759 $2034 $2039 forward $102 $-1 #
color-adesk-attrib $-1 -1 $-1 $-1 $1760 256 #
vertex $-1 -1 $-1 $2039 $2040 #
vertex $-1 -1 $-1 $1893 $2041 #
straight-curve $-1 -1 $-1 0.3000000000000020428 13.91000000000000014 -0.5 0.5024446818191040665 0.8646093578672967572 0 F 0 F 0.6092559367855017172 #
coedge $-1 -1 $-1 $1764 $2042 $1769 $1907 forward $264 $-1 #
color-adesk-attrib $-1 -1 $-1 $-1 $1765 256 #
straight-curve $-1 -1 $-1 0.3000000000000021538 15.16000000000000014 0.5 0.5024446818191040665 0.8646093578672967572 0 I I #
point $-1 -1 $-1 0.6061174053045936816 15.68676838428095088 0.5 #
edge $2043 -1 $-1 $1926 15.15500000000000114 $1772 15.16000000000000014 $1769 $352 forward @7 unknown #
point $-1 -1 $-1 0.3000000000000021538 15.16000000000000014 0.5 #
coedge $-1 -1 $-1 $1794 $1774 $1796 $1936 reversed $102 $-1 #
coedge $-1 -1 $-1 $1789 $2044 $1774 $1911 forward $1924 $-1 #
edge $2045 -1 $-1 $2046 0 $1913 0.3200000000000000622 $1910 $2047 forward @7 unknown #
color-adesk-attrib $-1 -1 $-1 $-1 $1775 256 #
vertex $-1 -1 $-1 $1911 $2048 #
point $-1 -1 $-1 0.6061174053045936816 16.31176838428095266 -0.5 #
color-adesk-attrib $-1 -1 $-1 $-1 $1786 256 #
face $2049 -1 $-1 $2050 $2051 $8 $-1 $354 reversed single #
loop $-1 -1 $-1 $-1 $2052 $1786 #
coedge $-1 -1 $-1 $2034 $2033 $2053 $2054 forward $1787 $-1 #
coedge $-1 -1 $-1 $2055 $1788 $2056 $2057 reversed $1653 $-1 #
coedge $-1 -1 $-1 $1788 $2055 $2058 $2059 reversed $1653 $-1 #
coedge $-1 -1 $-1 $2060 $2061 $1788 $1922 reversed $2062 $-1 #
edge $2063 -1 $-1 $2064 -0.25 $2065 0.75 $1788 $2066 forward @7 unknown #
coedge $-1 -1 $-1 $2044 $1789 $2042 $2067 reversed $1924 $-1 #
loop $-1 -1 $-1 $-1 $1910 $2068 #
color-adesk-attrib $-1 -1 $-1 $-1 $1790 256 #
vertex $-1 -1 $-1 $1907 $2069 #
straight-curve $-1 -1 $-1 0.2999999999999993783 15.15500000000000114 -0.25 0 0 -1 I I #
edge $2070 -1 $-1 $1932 -0.75 $1934 0.25 $1791 $2071 forward @7 unknown #
coedge $-1 -1 $-1 $2042 $1792 $1797 $1937 forward $264 $-1 #
coedge $-1 -1 $-1 $1792 $2028 $2025 $2072 forward $264 $-1 #
color-adesk-attrib $-1 -1 $-1 $-1 $1793 256 #
vertex $-1 -1 $-1 $1793 $2073 #
color-adesk-attrib $-1 -1 $-1 $-1 $1795 256 #
vertex $-1 -1 $-1 $1893 $2074 #
coedge $-1 -1 $-1 $1797 $1796 $2044 $2075 forward $1798 $-1 #
edge $2076 -1 $-1 $1800 0 $2046 0.6092559367855017172 $1796 $2077 forward @7 unknown #
edge $2078 -1 $-1 $1801 0 $2079 0.6092559367855017172 $1797 $2080 forward @7 unknown #
face $2081 -1 $-1 $2068 $1798 $8 $-1 $2082 forward single #
point $-1 -1 $-1 0.3000000000000020983 14.53500000000000014 -0.5 #
point $-1 -1 $-1 0.3000000000000020983 14.53500000000000014 0.5 #
color-adesk-attrib $-1 -1 $-1 $-1 $1803 256 #
straight-curve $-1 -1 $-1 0.6061174053045936816 16.31176838428095266 0.5 -0.9566168915768484826 0.291348799122028157 0 I I #
color-adesk-attrib $-1 -1 $-1 $-1 $1804 256 #
plane-surface $-1 -1 $-1 0.6061174053045936816 16.31176838428095266 -0.5 0.2913487991220282125 0.9566168915768485936 0 -0.9566168915768485936 0.2913487991220282125 0 forward_v I I I I #
color-adesk-attrib $-1 -1 $-1 $-1 $1808 256 #
straight-curve $-1 -1 $-1 0.6061174053045936816 15.68676838428095088 0.5 -0.9566168915768484826 0.291348799122028157 0 I I #
color-adesk-attrib $-1 -1 $-1 $-1 $1811 256 #
straight-curve $-1 -1 $-1 0.6061174053045936816 16.31176838428095266 -0.5 0 0 1 I I #
point $-1 -1 $-1 0.6061174053045936816 16.31176838428095266 0.5 #
color-adesk-attrib $-1 -1 $-1 $-1 $1820 256 #
face $2083 -1 $-1 $2084 $2085 $8 $-1 $2086 forward single #
loop $-1 -1 $-1 $-1 $2087 $1820 #
plane-surface $-1 -1 $-1 0.3000000000000008216 -6.714999999999999858 -0.5 0.8646093578672968682 -0.5024446818191041775 0 0.5024446818191041775 0.8646093578672968682 0 forward_v I I I I #
coedge $-1 -1 $-1 $2088 $2089 $2090 $2091 forward $1821 $-1 #
coedge $-1 -1 $-1 $2092 $1823 $2089 $2093 forward $1688 $-1 #
coedge $-1 -1 $-1 $1823 $2092 $2094 $2095 reversed $1688 $-1 #
coedge $-1 -1 $-1 $2096 $2090 $1823 $1958 reversed $102 $-1 #
edge $2097 -1 $-1 $2098 0 $2099 0.6092559367855017172 $1823 $2100 forward @7 unknown #
coedge $-1 -1 $-1 $1825 $1824 $2101 $2102 reversed $1557 $-1 #
coedge $-1 -1 $-1 $2103 $2104 $1824 $1961 forward $2105 $-1 #
edge $2106 -1 $-1 $2107 -0.75 $1964 0.25 $1960 $2108 forward @7 unknown #
coedge $-1 -1 $-1 $1826 $2109 $2103 $2110 forward $102 $-1 #
color-adesk-attrib $-1 -1 $-1 $-1 $1827 256 #
vertex $-1 -1 $-1 $1827 $2111 #
straight-curve $-1 -1 $-1 0.6061174053045921273 -8.68823161571904734 -0.5 -0.9566168915768484826 0.291348799122028157 0 F 0 F 0.3200000000000000622 #
coedge $-1 -1 $-1 $2101 $2112 $1828 $1967 forward $264 $-1 #
edge $2113 -1 $-1 $1975 0 $1969 0.6092559367855017172 $1828 $2114 forward @7 unknown #
color-adesk-attrib $-1 -1 $-1 $-1 $1829 256 #
vertex $-1 -1 $-1 $1829 $2115 #
straight-curve $-1 -1 $-1 0.6061174053045921273 -8.68823161571904734 -0.5 0 0 1 I I #
coedge $-1 -1 $-1 $2116 $1830 $2112 $2117 reversed $1973 $-1 #
coedge $-1 -1 $-1 $1830 $2116 $1832 $1978 reversed $1973 $-1 #
loop $-1 -1 $-1 $-1 $1830 $2118 #
color-adesk-attrib $-1 -1 $-1 $-1 $1831 256 #
vertex $-1 -1 $-1 $1967 $2119 #
straight-curve $-1 -1 $-1 0.2999999999999998224 -9.215000000000003411 -0.25 0 0 1 I I #
coedge $-1 -1 $-1 $1845 $1832 $2120 $2121 reversed $102 $-1 #
edge $2122 -1 $-1 $1834 9.214999999999999858 $2123 9.219999999999998863 $1972 $277 forward @7 unknown #
point $-1 -1 $-1 0.3000000000000005995 -9.214999999999999858 -0.5 #
point $-1 -1 $-1 0.6061174053045921273 -8.68823161571904734 -0.5 #
coedge $-1 -1 $-1 $2124 $1837 $1840 $1985 forward $264 $-1 #
color-adesk-attrib $-1 -1 $-1 $-1 $1838 256 #
straight-curve $-1 -1 $-1 0.6061174053045921273 -9.93823161571904734 0.5 -0.9566168915768484826 0.291348799122028157 0 I I #
coedge $-1 -1 $-1 $1840 $1839 $2125 $2126 forward $1841 $-1 #
edge $2127 -1 $-1 $1843 -9.844999999999998863 $2128 -9.839999999999999858 $1840 $352 forward @7 unknown #
face $2129 -1 $-1 $1590 $1841 $8 $-1 $354 reversed single #
point $-1 -1 $-1 0.3000000000000005995 -9.844999999999998863 0.5 #
coedge $-1 -1 $-1 $2130 $2125 $1845 $1989 forward $2131 $-1 #
edge $2132 -1 $-1 $1991 0 $2133 0.6092559367855017172 $1988 $2134 forward @7 unknown #
color-adesk-attrib $-1 -1 $-1 $-1 $1846 256 #
vertex $-1 -1 $-1 $1846 $2135 #
coedge $-1 -1 $-1 $1848 $1860 $2136 $2137 forward $264 $-1 #
coedge $-1 -1 $-1 $2136 $1856 $1852 $1994 reversed $1999 $-1 #
edge $2138 -1 $-1 $1996 -0.75 $1859 0.25 $1852 $2139 forward @7 unknown #
color-adesk-attrib $-1 -1 $-1 $-1 $1853 256 #
vertex $-1 -1 $-1 $1853 $2140 #
color-adesk-attrib $-1 -1 $-1 $-1 $1854 256 #
coedge $-1 -1 $-1 $1856 $2136 $1866 $2008 reversed $1999 $-1 #
loop $-1 -1 $-1 $-1 $1856 $2141 #
color-adesk-attrib $-1 -1 $-1 $-1 $1857 256 #
straight-curve $-1 -1 $-1 0.6061174053045921273 -10.56323161571904734 -0.5 -0.9566168915768484826 0.291348799122028157 0 F 0 F 0.3200000000000000622 #
point $-1 -1 $-1 0.3000000000000004885 -10.46999999999999886 -0.5 #
coedge $-1 -1 $-1 $1861 $1866 $1860 $2004 reversed $1867 $-1 #
edge $2142 -1 $-1 $1864 0 $2143 0.6092559367855017172 $2003 $2144 forward @7 unknown #
color-adesk-attrib $-1 -1 $-1 $-1 $1862 256 #
straight-curve $-1 -1 $-1 0.2999999999999998224 -11.09000000000000341 -0.25 0 0 1 I I #
point $-1 -1 $-1 0.3000000000000004885 -11.08999999999999986 0.5 #
edge $2145 -1 $-1 $1869 0 $2143 1 $1998 $2146 forward @7 unknown #
face $2147 -1 $-1 $2141 $1867 $8 $-1 $2148 forward single #
point $-1 -1 $-1 0.6061174053045921273 -10.56323161571904734 -0.5 #
color-adesk-attrib $-1 -1 $-1 $-1 $1873 256 #
straight-curve $-1 -1 $-1 0.6061174053045921273 -11.81323161571904734 0.5 -0.9566168915768484826 0.291348799122028157 0 I I #
color-adesk-attrib $-1 -1 $-1 $-1 $1877 256 #
plane-surface $-1 -1 $-1 0.6061174053045921273 -11.81323161571904734 -0.5 0.2913487991220282125 0.9566168915768485936 0 -0.9566168915768485936 0.2913487991220282125 0 forward_v I I I I #
point $-1 -1 $-1 0.6061174053045921273 -11.81323161571904734 0.5 #
color-adesk-attrib $-1 -1 $-1 $-1 $1886 256 #
face $2149 -1 $-1 $2150 $2151 $8 $-1 $2152 forward single #
loop $-1 -1 $-1 $-1 $2153 $1886 #
plane-surface $-1 -1 $-1 0.3000000000000019318 11.41000000000000014 -0.5 0.8646093578672968682 -0.5024446818191041775 0 0.5024446818191041775 0.8646093578672968682 0 forward_v I I I I #
coedge $-1 -1 $-1 $2154 $2155 $2156 $2157 forward $1887 $-1 #
coedge $-1 -1 $-1 $2158 $1889 $2155 $2159 forward $1754 $-1 #
coedge $-1 -1 $-1 $1889 $2158 $2160 $2161 reversed $1754 $-1 #
coedge $-1 -1 $-1 $2162 $2156 $1889 $2024 reversed $102 $-1 #
edge $2163 -1 $-1 $2164 0 $2165 0.6092559367855017172 $1889 $2166 forward @7 unknown #
coedge $-1 -1 $-1 $1891 $1890 $1930 $2072 reversed $1624 $-1 #
color-adesk-attrib $-1 -1 $-1 $-1 $1893 256 #
straight-curve $-1 -1 $-1 0.6061174053045936816 14.43676838428095088 -0.5 -0.9566168915768484826 0.291348799122028157 0 F 0 F 0.3200000000000000622 #
coedge $-1 -1 $-1 $1930 $2167 $1894 $2029 forward $264 $-1 #
edge $2168 -1 $-1 $2036 0 $2031 0.6092559367855017172 $1894 $2169 forward @7 unknown #
color-adesk-attrib $-1 -1 $-1 $-1 $1895 256 #
vertex $-1 -1 $-1 $1895 $2170 #
straight-curve $-1 -1 $-1 0.6061174053045936816 14.43676838428095088 -0.5 0 0 1 I I #
coedge $-1 -1 $-1 $1918 $1896 $2167 $2171 reversed $1787 $-1 #
coedge $-1 -1 $-1 $1896 $1918 $1898 $2039 reversed $1787 $-1 #
color-adesk-attrib $-1 -1 $-1 $-1 $1897 256 #
vertex $-1 -1 $-1 $2029 $2172 #
straight-curve $-1 -1 $-1 0.2999999999999998224 13.90999999999999659 -0.25 0 0 1 I I #
coedge $-1 -1 $-1 $2173 $1898 $2174 $2175 reversed $102 $-1 #
edge $2176 -1 $-1 $1900 -13.91000000000000014 $2177 -13.90500000000000114 $2034 $277 forward @7 unknown #
point $-1 -1 $-1 0.3000000000000020428 13.91000000000000014 -0.5 #
point $-1 -1 $-1 0.6061174053045936816 14.43676838428095088 -0.5 #
coedge $-1 -1 $-1 $1903 $1929 $1923 $2067 forward $264 $-1 #
color-adesk-attrib $-1 -1 $-1 $-1 $1907 256 #
coedge $-1 -1 $-1 $1910 $1923 $1935 $2075 reversed $1924 $-1 #
color-adesk-attrib $-1 -1 $-1 $-1 $1911 256 #
vertex $-1 -1 $-1 $1911 $2178 #
straight-curve $-1 -1 $-1 0.6061174053045936816 15.06176838428095088 -0.5 -0.9566168915768484826 0.291348799122028157 0 F 0 F 0.3200000000000000622 #
point $-1 -1 $-1 0.3000000000000020983 15.15500000000000114 -0.5 #
color-adesk-attrib $-1 -1 $-1 $-1 $1916 256 #
face $2179 -1 $-1 $2180 $2181 $8 $-1 $354 reversed single #
loop $-1 -1 $-1 $-1 $2182 $1916 #
coedge $-1 -1 $-1 $2183 $2184 $2185 $2186 forward $1917 $-1 #
coedge $-1 -1 $-1 $2187 $2174 $1918 $2054 reversed $2188 $-1 #
edge $2189 -1 $-1 $2190 -0.75 $2177 0.25 $1918 $2191 forward @7 unknown #
coedge $-1 -1 $-1 $1920 $1919 $2154 $2192 forward $1653 $-1 #
coedge $-1 -1 $-1 $2193 $2194 $1919 $2057 forward $264 $-1 #
edge $2195 -1 $-1 $2196 13.28000000000000114 $2065 13.28500000000000014 $1919 $352 forward @7 unknown #
coedge $-1 -1 $-1 $2156 $2173 $1920 $2059 forward $102 $-1 #
edge $2197 -1 $-1 $2064 -13.28500000000000014 $2198 -13.28000000000000114 $1920 $277 forward @7 unknown #
coedge $-1 -1 $-1 $2199 $1921 $2173 $2200 forward $2062 $-1 #
coedge $-1 -1 $-1 $1921 $2199 $2193 $2201 reversed $2062 $-1 #
loop $-1 -1 $-1 $-1 $2060 $2202 #
color-adesk-attrib $-1 -1 $-1 $-1 $1922 256 #
vertex $-1 -1 $-1 $2059 $2203 #
vertex $-1 -1 $-1 $2201 $2204 #
straight-curve $-1 -1 $-1 0.2999999999999998224 13.28499999999999837 -0.25 0 0 1 I I #
edge $2205 -1 $-1 $2079 0 $1926 0.3200000000000000622 $1923 $2206 forward @7 unknown #
face $2207 -1 $-1 $1674 $1924 $8 $-1 $2208 forward single #
point $-1 -1 $-1 0.3000000000000020983 15.15500000000000114 0.5 #
color-adesk-attrib $-1 -1 $-1 $-1 $1928 256 #
straight-curve $-1 -1 $-1 0.2999999999999993783 14.53000000000000114 -0.25 0 0 -1 I I #
edge $2209 -1 $-1 $2031 0 $1932 0.3200000000000000622 $2025 $2210 forward @7 unknown #
point $-1 -1 $-1 0.3000000000000020428 14.53000000000000114 0.5 #
point $-1 -1 $-1 0.3000000000000020428 14.53000000000000114 -0.5 #
edge $2211 -1 $-1 $2046 0 $2079 1 $2044 $2212 forward @7 unknown #
color-adesk-attrib $-1 -1 $-1 $-1 $1936 256 #
straight-curve $-1 -1 $-1 0.3000000000000020983 14.53500000000000014 -0.5 0.5024446818191040665 0.8646093578672967572 0 F 0 F 0.6092559367855017172 #
color-adesk-attrib $-1 -1 $-1 $-1 $1937 256 #
vertex $-1 -1 $-1 $2075 $2213 #
straight-curve $-1 -1 $-1 0.3000000000000020983 14.53500000000000014 0.5 0.5024446818191040665 0.8646093578672967572 0 I I #
color-adesk-attrib $-1 -1 $-1 $-1 $1938 256 #
plane-surface $-1 -1 $-1 0.3000000000000020983 14.53500000000000014 -0.5 0.8646093578672968682 -0.5024446818191041775 0 0.5024446818191041775 0.8646093578672968682 0 forward_v I I I I #
color-adesk-attrib $-1 -1 $-1 $-1 $1951 256 #
face $2214 -1 $-1 $2215 $2216 $8 $-1 $2217 forward single #
loop $-1 -1 $-1 $-1 $2218 $1951 #
plane-surface $-1 -1 $-1 0.6061174053045923493 -6.18823161571904734 -0.5 0.2913487991220282125 0.9566168915768485936 0 -0.9566168915768485936 0.2913487991220282125 0 forward_v I I I I #
coedge $-1 -1 $-1 $2219 $2220 $2221 $2222 forward $1952 $-1 #
coedge $-1 -1 $-1 $2223 $1954 $2224 $2225 reversed $1821 $-1 #
coedge $-1 -1 $-1 $1954 $2223 $1955 $2093 reversed $1821 $-1 #
coedge $-1 -1 $-1 $1957 $2226 $1954 $2091 reversed $102 $-1 #
edge $2227 -1 $-1 $2099 0 $2228 0.3200000000000000622 $1954 $2229 forward @7 unknown #
coedge $-1 -1 $-1 $1956 $1955 $2230 $2231 reversed $1688 $-1 #
edge $2232 -1 $-1 $2099 0 $2233 1 $2089 $2234 forward @7 unknown #
coedge $-1 -1 $-1 $2235 $2236 $1956 $2095 forward $2237 $-1 #
edge $2238 -1 $-1 $2098 -0.25 $2239 0.75 $2094 $2240 forward @7 unknown #
coedge $-1 -1 $-1 $2241 $1957 $2236 $2242 forward $102 $-1 #
color-adesk-attrib $-1 -1 $-1 $-1 $1958 256 #
vertex $-1 -1 $-1 $2242 $2243 #
vertex $-1 -1 $-1 $2091 $2244 #
straight-curve $-1 -1 $-1 0.3000000000000007105 -7.964999999999999858 -0.5 0.5024446818191040665 0.8646093578672967572 0 F 0 F 0.6092559367855017172 #
coedge $-1 -1 $-1 $2245 $1966 $1959 $2102 forward $264 $-1 #
edge $2246 -1 $-1 $1969 0 $2107 0.3200000000000000622 $1959 $2247 forward @7 unknown #
coedge $-1 -1 $-1 $2248 $1960 $1962 $2110 reversed $2105 $-1 #
coedge $-1 -1 $-1 $1960 $2248 $2245 $2249 reversed $2105 $-1 #
loop $-1 -1 $-1 $-1 $1960 $2250 #
color-adesk-attrib $-1 -1 $-1 $-1 $1961 256 #
vertex $-1 -1 $-1 $2249 $2251 #
straight-curve $-1 -1 $-1 0.3000000000000002665 -8.594999999999997087 -0.25 0 0 -1 I I #
coedge $-1 -1 $-1 $1962 $2241 $2252 $2253 reversed $102 $-1 #
edge $2254 -1 $-1 $2255 8.589999999999999858 $1964 8.594999999999998863 $2103 $277 forward @7 unknown #
point $-1 -1 $-1 0.3000000000000005995 -8.594999999999998863 -0.5 #
coedge $-1 -1 $-1 $1966 $2256 $1971 $2117 forward $264 $-1 #
color-adesk-attrib $-1 -1 $-1 $-1 $1967 256 #
straight-curve $-1 -1 $-1 0.3000000000000005995 -9.214999999999999858 0.5 0.5024446818191040665 0.8646093578672967572 0 I I #
point $-1 -1 $-1 0.6061174053045921273 -8.68823161571904734 0.5 #
coedge $-1 -1 $-1 $1972 $1971 $2257 $2258 forward $1973 $-1 #
edge $2259 -1 $-1 $2260 -9.219999999999998863 $1975 -9.214999999999999858 $1971 $352 forward @7 unknown #
face $2261 -1 $-1 $2250 $1973 $8 $-1 $354 reversed single #
point $-1 -1 $-1 0.3000000000000005995 -9.214999999999999858 0.5 #
coedge $-1 -1 $-1 $2257 $2262 $1977 $2121 forward $2263 $-1 #
edge $2264 -1 $-1 $2133 0 $2123 0.3200000000000000622 $2120 $2265 forward @7 unknown #
color-adesk-attrib $-1 -1 $-1 $-1 $1978 256 #
vertex $-1 -1 $-1 $2121 $2266 #
coedge $-1 -1 $-1 $2256 $1981 $2267 $2268 forward $264 $-1 #
coedge $-1 -1 $-1 $1988 $2267 $1984 $2126 reversed $2131 $-1 #
edge $2269 -1 $-1 $1991 -0.25 $2128 0.75 $1984 $2270 forward @7 unknown #
color-adesk-attrib $-1 -1 $-1 $-1 $1985 256 #
vertex $-1 -1 $-1 $2268 $2271 #
color-adesk-attrib $-1 -1 $-1 $-1 $1986 256 #
coedge $-1 -1 $-1 $2267 $1988 $2262 $2272 forward $2131 $-1 #
loop $-1 -1 $-1 $-1 $1988 $2273 #
color-adesk-attrib $-1 -1 $-1 $-1 $1989 256 #
vertex $-1 -1 $-1 $2121 $2274 #
straight-curve $-1 -1 $-1 0.3000000000000005995 -9.839999999999999858 -0.5 0.5024446818191040665 0.8646093578672967572 0 F 0 F 0.6092559367855017172 #
point $-1 -1 $-1 0.3000000000000005995 -9.839999999999999858 -0.5 #
coedge $-1 -1 $-1 $1998 $1993 $1992 $2137 reversed $1999 $-1 #
edge $2275 -1 $-1 $2143 0 $1996 0.3200000000000000622 $2136 $2276 forward @7 unknown #
color-adesk-attrib $-1 -1 $-1 $-1 $1994 256 #
straight-curve $-1 -1 $-1 0.3000000000000002665 -10.46999999999999886 -0.25 0 0 -1 I I #
point $-1 -1 $-1 0.3000000000000004885 -10.46999999999999886 0.5 #
face $2277 -1 $-1 $1745 $1999 $8 $-1 $2278 forward single #
color-adesk-attrib $-1 -1 $-1 $-1 $2004 256 #
vertex $-1 -1 $-1 $2008 $2279 #
straight-curve $-1 -1 $-1 0.3000000000000004885 -11.08999999999999986 0.5 0.5024446818191040665 0.8646093578672967572 0 I I #
color-adesk-attrib $-1 -1 $-1 $-1 $2008 256 #
straight-curve $-1 -1 $-1 0.6061174053045921273 -10.56323161571904734 -0.5 0 0 1 I I #
color-adesk-attrib $-1 -1 $-1 $-1 $2009 256 #
plane-surface $-1 -1 $-1 0.3000000000000004885 -11.08999999999999986 -0.5 0.8646093578672968682 -0.5024446818191041775 0 0.5024446818191041775 0.8646093578672968682 0 forward_v I I I I #
color-adesk-attrib $-1 -1 $-1 $-1 $2017 256 #
face $2280 -1 $-1 $2281 $2282 $8 $-1 $2283 forward single #
loop $-1 -1 $-1 $-1 $2284 $2017 #
plane-surface $-1 -1 $-1 0.6061174053045934595 11.93676838428095088 -0.5 0.2913487991220282125 0.9566168915768485936 0 -0.9566168915768485936 0.2913487991220282125 0 forward_v I I I I #
coedge $-1 -1 $-1 $2285 $2286 $2287 $2288 forward $2018 $-1 #
coedge $-1 -1 $-1 $2289 $2020 $2055 $2192 reversed $1887 $-1 #
coedge $-1 -1 $-1 $2020 $2289 $2021 $2159 reversed $1887 $-1 #
coedge $-1 -1 $-1 $2023 $2058 $2020 $2157 reversed $102 $-1 #
edge $2290 -1 $-1 $2165 0 $2198 0.3200000000000000622 $2020 $2291 forward @7 unknown #
coedge $-1 -1 $-1 $2022 $2021 $2292 $2293 reversed $1754 $-1 #
edge $2294 -1 $-1 $2165 0 $2295 1 $2155 $2296 forward @7 unknown #
coedge $-1 -1 $-1 $2297 $2298 $2022 $2161 forward $2051 $-1 #
edge $2299 -1 $-1 $2164 -0.25 $2300 0.75 $2160 $2301 forward @7 unknown #
coedge $-1 -1 $-1 $2302 $2023 $2298 $2303 forward $102 $-1 #
color-adesk-attrib $-1 -1 $-1 $-1 $2024 256 #
vertex $-1 -1 $-1 $2303 $2304 #
vertex $-1 -1 $-1 $2157 $2305 #
straight-curve $-1 -1 $-1 0.3000000000000019873 12.66000000000000014 -0.5 0.5024446818191040665 0.8646093578672967572 0 F 0 F 0.6092559367855017172 #
coedge $-1 -1 $-1 $2028 $2306 $2033 $2171 forward $264 $-1 #
color-adesk-attrib $-1 -1 $-1 $-1 $2029 256 #
straight-curve $-1 -1 $-1 0.3000000000000020428 13.91000000000000014 0.5 0.5024446818191040665 0.8646093578672967572 0 I I #
point $-1 -1 $-1 0.6061174053045936816 14.43676838428095088 0.5 #
edge $2307 -1 $-1 $2190 13.90500000000000114 $2036 13.91000000000000014 $2033 $352 forward @7 unknown #
point $-1 -1 $-1 0.3000000000000020428 13.91000000000000014 0.5 #
coedge $-1 -1 $-1 $2058 $2038 $2060 $2200 reversed $102 $-1 #
coedge $-1 -1 $-1 $2053 $2308 $2038 $2175 forward $2188 $-1 #
edge $2309 -1 $-1 $2310 0 $2177 0.3200000000000000622 $2174 $2311 forward @7 unknown #
color-adesk-attrib $-1 -1 $-1 $-1 $2039 256 #
vertex $-1 -1 $-1 $2175 $2312 #
point $-1 -1 $-1 0.6061174053045936816 15.06176838428095088 -0.5 #
color-adesk-attrib $-1 -1 $-1 $-1 $2050 256 #
face $2313 -1 $-1 $2314 $2315 $8 $-1 $354 reversed single #
loop $-1 -1 $-1 $-1 $2316 $2050 #
coedge $-1 -1 $-1 $2298 $2297 $2317 $2318 forward $2051 $-1 #
coedge $-1 -1 $-1 $2319 $2052 $2320 $2321 reversed $1917 $-1 #
coedge $-1 -1 $-1 $2052 $2319 $2322 $2323 reversed $1917 $-1 #
coedge $-1 -1 $-1 $2324 $2325 $2052 $2186 reversed $2326 $-1 #
edge $2327 -1 $-1 $2328 -0.25 $2329 0.75 $2052 $2330 forward @7 unknown #
coedge $-1 -1 $-1 $2308 $2053 $2306 $2331 reversed $2188 $-1 #
loop $-1 -1 $-1 $-1 $2174 $2332 #
color-adesk-attrib $-1 -1 $-1 $-1 $2054 256 #
vertex $-1 -1 $-1 $2171 $2333 #
straight-curve $-1 -1 $-1 0.2999999999999993783 13.90500000000000114 -0.25 0 0 -1 I I #
edge $2334 -1 $-1 $2196 -0.75 $2198 0.25 $2055 $2335 forward @7 unknown #
coedge $-1 -1 $-1 $2306 $2056 $2061 $2201 forward $264 $-1 #
coedge $-1 -1 $-1 $2056 $2292 $2289 $2336 forward $264 $-1 #
color-adesk-attrib $-1 -1 $-1 $-1 $2057 256 #
vertex $-1 -1 $-1 $2057 $2337 #
color-adesk-attrib $-1 -1 $-1 $-1 $2059 256 #
vertex $-1 -1 $-1 $2157 $2338 #
coedge $-1 -1 $-1 $2061 $2060 $2308 $2339 forward $2062 $-1 #
edge $2340 -1 $-1 $2064 0 $2310 0.6092559367855017172 $2060 $2341 forward @7 unknown #
edge $2342 -1 $-1 $2065 0 $2343 0.6092559367855017172 $2061 $2344 forward @7 unknown #
face $2345 -1 $-1 $2332 $2062 $8 $-1 $2346 forward single #
point $-1 -1 $-1 0.3000000000000020428 13.28500000000000014 -0.5 #
point $-1 -1 $-1 0.3000000000000020428 13.28500000000000014 0.5 #
color-adesk-attrib $-1 -1 $-1 $-1 $2067 256 #
straight-curve $-1 -1 $-1 0.6061174053045936816 15.06176838428095088 0.5 -0.9566168915768484826 0.291348799122028157 0 I I #
color-adesk-attrib $-1 -1 $-1 $-1 $2068 256 #
plane-surface $-1 -1 $-1 0.6061174053045936816 15.06176838428095088 -0.5 0.2913487991220282125 0.9566168915768485936 0 -0.9566168915768485936 0.2913487991220282125 0 forward_v I I I I #
color-adesk-attrib $-1 -1 $-1 $-1 $2072 256 #
straight-curve $-1 -1 $-1 0.6061174053045936816 14.43676838428095088 0.5 -0.9566168915768484826 0.291348799122028157 0 I I #
color-adesk-attrib $-1 -1 $-1 $-1 $2075 256 #
straight-curve $-1 -1 $-1 0.6061174053045936816 15.06176838428095088 -0.5 0 0 1 I I #
point $-1 -1 $-1 0.6061174053045936816 15.06176838428095088 0.5 #
color-adesk-attrib $-1 -1 $-1 $-1 $2084 256 #
face $2347 -1 $-1 $2348 $2349 $8 $-1 $2350 forward single #
loop $-1 -1 $-1 $-1 $2351 $2084 #
plane-surface $-1 -1 $-1 0.3000000000000008771 -5.464999999999999858 -0.5 0.8646093578672968682 -0.5024446818191041775 0 0.5024446818191041775 0.8646093578672968682 0 forward_v I I I I #
coedge $-1 -1 $-1 $2352 $2353 $2354 $2355 forward $2085 $-1 #
coedge $-1 -1 $-1 $2356 $2087 $2353 $2357 forward $1952 $-1 #
coedge $-1 -1 $-1 $2087 $2356 $2358 $2359 reversed $1952 $-1 #
coedge $-1 -1 $-1 $2360 $2354 $2087 $2222 reversed $102 $-1 #
edge $2361 -1 $-1 $2362 0 $2363 0.6092559367855017172 $2087 $2364 forward @7 unknown #
coedge $-1 -1 $-1 $2089 $2088 $2365 $2366 reversed $1821 $-1 #
coedge $-1 -1 $-1 $2367 $2368 $2088 $2225 forward $2369 $-1 #
edge $2370 -1 $-1 $2371 -0.75 $2228 0.25 $2224 $2372 forward @7 unknown #
coedge $-1 -1 $-1 $2090 $2373 $2367 $2374 forward $102 $-1 #
color-adesk-attrib $-1 -1 $-1 $-1 $2091 256 #
vertex $-1 -1 $-1 $2091 $2375 #
straight-curve $-1 -1 $-1 0.6061174053045923493 -7.43823161571904734 -0.5 -0.9566168915768484826 0.291348799122028157 0 F 0 F 0.3200000000000000622 #
coedge $-1 -1 $-1 $2365 $2376 $2092 $2231 forward $264 $-1 #
edge $2377 -1 $-1 $2239 0 $2233 0.6092559367855017172 $2092 $2378 forward @7 unknown #
color-adesk-attrib $-1 -1 $-1 $-1 $2093 256 #
vertex $-1 -1 $-1 $2093 $2379 #
straight-curve $-1 -1 $-1 0.6061174053045923493 -7.43823161571904734 -0.5 0 0 1 I I #
coedge $-1 -1 $-1 $2380 $2094 $2376 $2381 reversed $2237 $-1 #
coedge $-1 -1 $-1 $2094 $2380 $2096 $2242 reversed $2237 $-1 #
loop $-1 -1 $-1 $-1 $2094 $2382 #
color-adesk-attrib $-1 -1 $-1 $-1 $2095 256 #
vertex $-1 -1 $-1 $2231 $2383 #
straight-curve $-1 -1 $-1 0.2999999999999998224 -7.965000000000002522 -0.25 0 0 1 I I #
coedge $-1 -1 $-1 $2109 $2096 $2384 $2385 reversed $102 $-1 #
edge $2386 -1 $-1 $2098 7.964999999999999858 $2387 7.969999999999998863 $2236 $277 forward @7 unknown #
point $-1 -1 $-1 0.3000000000000007105 -7.964999999999999858 -0.5 #
point $-1 -1 $-1 0.6061174053045923493 -7.43823161571904734 -0.5 #
coedge $-1 -1 $-1 $2388 $2101 $2104 $2249 forward $264 $-1 #
color-adesk-attrib $-1 -1 $-1 $-1 $2102 256 #
straight-curve $-1 -1 $-1 0.6061174053045921273 -8.68823161571904734 0.5 -0.9566168915768484826 0.291348799122028157 0 I I #
coedge $-1 -1 $-1 $2104 $2103 $2389 $2390 forward $2105 $-1 #
edge $2391 -1 $-1 $2107 -8.594999999999998863 $2392 -8.589999999999999858 $2104 $352 forward @7 unknown #
face $2393 -1 $-1 $1854 $2105 $8 $-1 $354 reversed single #
point $-1 -1 $-1 0.3000000000000005995 -8.594999999999998863 0.5 #
coedge $-1 -1 $-1 $2394 $2389 $2109 $2253 forward $2395 $-1 #
edge $2396 -1 $-1 $2255 0 $2397 0.6092559367855017172 $2252 $2398 forward @7 unknown #
color-adesk-attrib $-1 -1 $-1 $-1 $2110 256 #
vertex $-1 -1 $-1 $2110 $2399 #
coedge $-1 -1 $-1 $2112 $2124 $2400 $2401 forward $264 $-1 #
coedge $-1 -1 $-1 $2400 $2120 $2116 $2258 reversed $2263 $-1 #
edge $2402 -1 $-1 $2260 -0.75 $2123 0.25 $2116 $2403 forward @7 unknown #
color-adesk-attrib $-1 -1 $-1 $-1 $2117 256 #
vertex $-1 -1 $-1 $2117 $2404 #
color-adesk-attrib $-1 -1 $-1 $-1 $2118 256 #
coedge $-1 -1 $-1 $2120 $2400 $2130 $2272 reversed $2263 $-1 #
loop $-1 -1 $-1 $-1 $2120 $2405 #
color-adesk-attrib $-1 -1 $-1 $-1 $2121 256 #
straight-curve $-1 -1 $-1 0.6061174053045921273 -9.31323161571904734 -0.5 -0.9566168915768484826 0.291348799122028157 0 F 0 F 0.3200000000000000622 #
point $-1 -1 $-1 0.3000000000000005995 -9.219999999999998863 -0.5 #
coedge $-1 -1 $-1 $2125 $2130 $2124 $2268 reversed $2131 $-1 #
edge $2406 -1 $-1 $2128 0 $2407 0.6092559367855017172 $2267 $2408 forward @7 unknown #
color-adesk-attrib $-1 -1 $-1 $-1 $2126 256 #
straight-curve $-1 -1 $-1 0.2999999999999998224 -9.840000000000003411 -0.25 0 0 1 I I #
point $-1 -1 $-1 0.3000000000000005995 -9.839999999999999858 0.5 #
edge $2409 -1 $-1 $2133 0 $2407 1 $2262 $2410 forward @7 unknown #
face $2411 -1 $-1 $2405 $2131 $8 $-1 $2412 forward single #
point $-1 -1 $-1 0.6061174053045921273 -9.31323161571904734 -0.5 #
color-adesk-attrib $-1 -1 $-1 $-1 $2137 256 #
straight-curve $-1 -1 $-1 0.6061174053045921273 -10.56323161571904734 0.5 -0.9566168915768484826 0.291348799122028157 0 I I #
color-adesk-attrib $-1 -1 $-1 $-1 $2141 256 #
plane-surface $-1 -1 $-1 0.6061174053045921273 -10.56323161571904734 -0.5 0.2913487991220282125 0.9566168915768485936 0 -0.9566168915768485936 0.2913487991220282125 0 forward_v I I I I #
point $-1 -1 $-1 0.6061174053045921273 -10.56323161571904734 0.5 #
color-adesk-attrib $-1 -1 $-1 $-1 $2150 256 #
face $2413 -1 $-1 $2414 $2415 $8 $-1 $2416 forward single #
loop $-1 -1 $-1 $-1 $2417 $2150 #
plane-surface $-1 -1 $-1 0.3000000000000018208 10.16000000000000014 -0.5 0.8646093578672968682 -0.5024446818191041775 0 0.5024446818191041775 0.8646093578672968682 0 forward_v I I I I #
coedge $-1 -1 $-1 $2418 $2419 $2420 $2421 forward $2151 $-1 #
coedge $-1 -1 $-1 $2422 $2153 $2419 $2423 forward $2018 $-1 #
coedge $-1 -1 $-1 $2153 $2422 $2424 $2425 reversed $2018 $-1 #
coedge $-1 -1 $-1 $2426 $2420 $2153 $2288 reversed $102 $-1 #
edge $2427 -1 $-1 $2428 0 $2429 0.6092559367855017172 $2153 $2430 forward @7 unknown #
coedge $-1 -1 $-1 $2155 $2154 $2194 $2336 reversed $1887 $-1 #
color-adesk-attrib $-1 -1 $-1 $-1 $2157 256 #
straight-curve $-1 -1 $-1 0.6061174053045935706 13.18676838428095088 -0.5 -0.9566168915768484826 0.291348799122028157 0 F 0 F 0.3200000000000000622 #
coedge $-1 -1 $-1 $2194 $2431 $2158 $2293 forward $264 $-1 #
edge $2432 -1 $-1 $2300 0 $2295 0.6092559367855017172 $2158 $2433 forward @7 unknown #
color-adesk-attrib $-1 -1 $-1 $-1 $2159 256 #
vertex $-1 -1 $-1 $2159 $2434 #
straight-curve $-1 -1 $-1 0.6061174053045935706 13.18676838428095088 -0.5 0 0 1 I I #
coedge $-1 -1 $-1 $2182 $2160 $2431 $2435 reversed $2051 $-1 #
coedge $-1 -1 $-1 $2160 $2182 $2162 $2303 reversed $2051 $-1 #
color-adesk-attrib $-1 -1 $-1 $-1 $2161 256 #
vertex $-1 -1 $-1 $2293 $2436 #
straight-curve $-1 -1 $-1 0.3000000000000002665 12.65999999999999837 -0.25 0 0 1 I I #
coedge $-1 -1 $-1 $2437 $2162 $2438 $2439 reversed $102 $-1 #
edge $2440 -1 $-1 $2164 -12.66000000000000014 $2441 -12.65500000000000469 $2298 $277 forward @7 unknown #
point $-1 -1 $-1 0.3000000000000019873 12.66000000000000014 -0.5 #
point $-1 -1 $-1 0.6061174053045935706 13.18676838428095088 -0.5 #
coedge $-1 -1 $-1 $2167 $2193 $2187 $2331 forward $264 $-1 #
color-adesk-attrib $-1 -1 $-1 $-1 $2171 256 #
coedge $-1 -1 $-1 $2174 $2187 $2199 $2339 reversed $2188 $-1 #
color-adesk-attrib $-1 -1 $-1 $-1 $2175 256 #
vertex $-1 -1 $-1 $2175 $2442 #
straight-curve $-1 -1 $-1 0.6061174053045936816 13.81176838428095088 -0.5 -0.9566168915768484826 0.291348799122028157 0 F 0 F 0.3200000000000000622 #
point $-1 -1 $-1 0.3000000000000020428 13.90500000000000114 -0.5 #
color-adesk-attrib $-1 -1 $-1 $-1 $2180 256 #
face $2443 -1 $-1 $2444 $2445 $8 $-1 $354 reversed single #
loop $-1 -1 $-1 $-1 $2446 $2180 #
coedge $-1 -1 $-1 $2447 $2448 $2449 $2450 forward $2181 $-1 #
coedge $-1 -1 $-1 $2451 $2438 $2182 $2318 reversed $2452 $-1 #
edge $2453 -1 $-1 $2454 -0.75 $2441 0.25 $2182 $2455 forward @7 unknown #
coedge $-1 -1 $-1 $2184 $2183 $2418 $2456 forward $1917 $-1 #
coedge $-1 -1 $-1 $2457 $2458 $2183 $2321 forward $264 $-1 #
edge $2459 -1 $-1 $2460 12.02999999999999936 $2329 12.03500000000000369 $2183 $352 forward @7 unknown #
coedge $-1 -1 $-1 $2420 $2437 $2184 $2323 forward $102 $-1 #
edge $2461 -1 $-1 $2328 -12.03500000000000369 $2462 -12.02999999999999936 $2184 $277 forward @7 unknown #
coedge $-1 -1 $-1 $2463 $2185 $2437 $2464 forward $2326 $-1 #
coedge $-1 -1 $-1 $2185 $2463 $2457 $2465 reversed $2326 $-1 #
loop $-1 -1 $-1 $-1 $2324 $2466 #
color-adesk-attrib $-1 -1 $-1 $-1 $2186 256 #
vertex $-1 -1 $-1 $2323 $2467 #
vertex $-1 -1 $-1 $2465 $2468 #
straight-curve $-1 -1 $-1 0.3000000000000002665 12.03500000000000192 -0.25 0 0 1 I I #
edge $2469 -1 $-1 $2343 0 $2190 0.3200000000000000622 $2187 $2470 forward @7 unknown #
face $2471 -1 $-1 $1938 $2188 $8 $-1 $2472 forward single #
point $-1 -1 $-1 0.3000000000000020428 13.90500000000000114 0.5 #
color-adesk-attrib $-1 -1 $-1 $-1 $2192 256 #
straight-curve $-1 -1 $-1 0.2999999999999998224 13.28000000000000114 -0.25 0 0 -1 I I #
edge $2473 -1 $-1 $2295 0 $2196 0.3200000000000000622 $2289 $2474 forward @7 unknown #
point $-1 -1 $-1 0.3000000000000019873 13.28000000000000114 0.5 #
point $-1 -1 $-1 0.3000000000000019873 13.28000000000000114 -0.5 #
edge $2475 -1 $-1 $2310 0 $2343 1 $2308 $2476 forward @7 unknown #
color-adesk-attrib $-1 -1 $-1 $-1 $2200 256 #
straight-curve $-1 -1 $-1 0.3000000000000020428 13.28500000000000014 -0.5 0.5024446818191040665 0.8646093578672967572 0 F 0 F 0.6092559367855017172 #
color-adesk-attrib $-1 -1 $-1 $-1 $2201 256 #
vertex $-1 -1 $-1 $2339 $2477 #
straight-curve $-1 -1 $-1 0.3000000000000020428 13.28500000000000014 0.5 0.5024446818191040665 0.8646093578672967572 0 I I #
color-adesk-attrib $-1 -1 $-1 $-1 $2202 256 #
plane-surface $-1 -1 $-1 0.3000000000000020428 13.28500000000000014 -0.5 0.8646093578672968682 -0.5024446818191041775 0 0.5024446818191041775 0.8646093578672968682 0 forward_v I I I I #
color-adesk-attrib $-1 -1 $-1 $-1 $2215 256 #
face $2478 -1 $-1 $2479 $2480 $8 $-1 $2481 forward single #
loop $-1 -1 $-1 $-1 $2482 $2215 #
plane-surface $-1 -1 $-1 0.6061174053045924603 -4.93823161571904734 -0.5 0.2913487991220282125 0.9566168915768485936 0 -0.9566168915768485936 0.2913487991220282125 0 forward_v I I I I #
coedge $-1 -1 $-1 $2483 $2484 $2485 $2486 forward $2216 $-1 #
coedge $-1 -1 $-1 $2487 $2218 $2488 $2489 reversed $2085 $-1 #
coedge $-1 -1 $-1 $2218 $2487 $2219 $2357 reversed $2085 $-1 #
coedge $-1 -1 $-1 $2221 $2490 $2218 $2355 reversed $102 $-1 #
edge $2491 -1 $-1 $2363 0 $2492 0.3200000000000000622 $2218 $2493 forward @7 unknown #
coedge $-1 -1 $-1 $2220 $2219 $2494 $2495 reversed $1952 $-1 #
edge $2496 -1 $-1 $2363 0 $2497 1 $2353 $2498 forward @7 unknown #
coedge $-1 -1 $-1 $2499 $2500 $2220 $2359 forward $2501 $-1 #
edge $2502 -1 $-1 $2362 -0.25 $2503 0.75 $2358 $2504 forward @7 unknown #
coedge $-1 -1 $-1 $2505 $2221 $2500 $2506 forward $102 $-1 #
color-adesk-attrib $-1 -1 $-1 $-1 $2222 256 #
vertex $-1 -1 $-1 $2506 $2507 #
vertex $-1 -1 $-1 $2355 $2508 #
straight-curve $-1 -1 $-1 0.3000000000000008216 -6.714999999999999858 -0.5 0.5024446818191040665 0.8646093578672967572 0 F 0 F 0.6092559367855017172 #
coedge $-1 -1 $-1 $2509 $2230 $2223 $2366 forward $264 $-1 #
edge $2510 -1 $-1 $2233 0 $2371 0.3200000000000000622 $2223 $2511 forward @7 unknown #
coedge $-1 -1 $-1 $2512 $2224 $2226 $2374 reversed $2369 $-1 #
coedge $-1 -1 $-1 $2224 $2512 $2509 $2513 reversed $2369 $-1 #
loop $-1 -1 $-1 $-1 $2224 $2514 #
color-adesk-attrib $-1 -1 $-1 $-1 $2225 256 #
vertex $-1 -1 $-1 $2513 $2515 #
straight-curve $-1 -1 $-1 0.2999999999999999334 -7.344999999999998863 -0.25 0 0 -1 I I #
coedge $-1 -1 $-1 $2226 $2505 $2516 $2517 reversed $102 $-1 #
edge $2518 -1 $-1 $2519 7.339999999999999858 $2228 7.344999999999998863 $2367 $277 forward @7 unknown #
point $-1 -1 $-1 0.3000000000000007105 -7.344999999999998863 -0.5 #
coedge $-1 -1 $-1 $2230 $2520 $2235 $2381 forward $264 $-1 #
color-adesk-attrib $-1 -1 $-1 $-1 $2231 256 #
straight-curve $-1 -1 $-1 0.3000000000000007105 -7.964999999999999858 0.5 0.5024446818191040665 0.8646093578672967572 0 I I #
point $-1 -1 $-1 0.6061174053045923493 -7.43823161571904734 0.5 #
coedge $-1 -1 $-1 $2236 $2235 $2521 $2522 forward $2237 $-1 #
edge $2523 -1 $-1 $2524 -7.969999999999998863 $2239 -7.964999999999999858 $2235 $352 forward @7 unknown #
face $2525 -1 $-1 $2514 $2237 $8 $-1 $354 reversed single #
point $-1 -1 $-1 0.3000000000000007105 -7.964999999999999858 0.5 #
coedge $-1 -1 $-1 $2521 $2526 $2241 $2385 forward $2527 $-1 #
edge $2528 -1 $-1 $2397 0 $2387 0.3200000000000000622 $2384 $2529 forward @7 unknown #
color-adesk-attrib $-1 -1 $-1 $-1 $2242 256 #
vertex $-1 -1 $-1 $2385 $2530 #
coedge $-1 -1 $-1 $2520 $2245 $2531 $2532 forward $264 $-1 #
coedge $-1 -1 $-1 $2252 $2531 $2248 $2390 reversed $2395 $-1 #
edge $2533 -1 $-1 $2255 -0.25 $2392 0.75 $2248 $2534 forward @7 unknown #
color-adesk-attrib $-1 -1 $-1 $-1 $2249 256 #
vertex $-1 -1 $-1 $2532 $2535 #
color-adesk-attrib $-1 -1 $-1 $-1 $2250 256 #
coedge $-1 -1 $-1 $2531 $2252 $2526 $2536 forward $2395 $-1 #
loop $-1 -1 $-1 $-1 $2252 $2537 #
color-adesk-attrib $-1 -1 $-1 $-1 $2253 256 #
vertex $-1 -1 $-1 $2385 $2538 #
straight-curve $-1 -1 $-1 0.3000000000000007105 -8.589999999999999858 -0.5 0.5024446818191040665 0.8646093578672967572 0 F 0 F 0.6092559367855017172 #
point $-1 -1 $-1 0.3000000000000007105 -8.589999999999999858 -0.5 #
coedge $-1 -1 $-1 $2262 $2257 $2256 $2401 reversed $2263 $-1 #
edge $2539 -1 $-1 $2407 0 $2260 0.3200000000000000622 $2400 $2540 forward @7 unknown #
color-adesk-attrib $-1 -1 $-1 $-1 $2258 256 #
straight-curve $-1 -1 $-1 0.3000000000000000444 -9.219999999999998863 -0.25 0 0 -1 I I #
point $-1 -1 $-1 0.3000000000000005995 -9.219999999999998863 0.5 #
face $2541 -1 $-1 $2009 $2263 $8 $-1 $2542 forward single #
color-adesk-attrib $-1 -1 $-1 $-1 $2268 256 #
vertex $-1 -1 $-1 $2272 $2543 #
straight-curve $-1 -1 $-1 0.3000000000000005995 -9.839999999999999858 0.5 0.5024446818191040665 0.8646093578672967572 0 I I #
color-adesk-attrib $-1 -1 $-1 $-1 $2272 256 #
straight-curve $-1 -1 $-1 0.6061174053045921273 -9.31323161571904734 -0.5 0 0 1 I I #
color-adesk-attrib $-1 -1 $-1 $-1 $2273 256 #
plane-surface $-1 -1 $-1 0.3000000000000005995 -9.839999999999999858 -0.5 0.8646093578672968682 -0.5024446818191041775 0 0.5024446818191041775 0.8646093578672968682 0 forward_v I I I I #
color-adesk-attrib $-1 -1 $-1 $-1 $2281 256 #
face $2544 -1 $-1 $2545 $2546 $8 $-1 $2547 forward single #
loop $-1 -1 $-1 $-1 $2548 $2281 #
plane-surface $-1 -1 $-1 0.6061174053045934595 10.68676838428095088 -0.5 0.2913487991220282125 0.9566168915768485936 0 -0.9566168915768485936 0.2913487991220282125 0 forward_v I I I I #
coedge $-1 -1 $-1 $2549 $2550 $2551 $2552 forward $2282 $-1 #
coedge $-1 -1 $-1 $2553 $2284 $2319 $2456 reversed $2151 $-1 #
coedge $-1 -1 $-1 $2284 $2553 $2285 $2423 reversed $2151 $-1 #
coedge $-1 -1 $-1 $2287 $2322 $2284 $2421 reversed $102 $-1 #
edge $2554 -1 $-1 $2429 0 $2462 0.3200000000000000622 $2284 $2555 forward @7 unknown #
coedge $-1 -1 $-1 $2286 $2285 $2556 $2557 reversed $2018 $-1 #
edge $2558 -1 $-1 $2429 0 $2559 1 $2419 $2560 forward @7 unknown #
coedge $-1 -1 $-1 $2561 $2562 $2286 $2425 forward $2315 $-1 #
edge $2563 -1 $-1 $2428 -0.25 $2564 0.75 $2424 $2565 forward @7 unknown #
coedge $-1 -1 $-1 $2566 $2287 $2562 $2567 forward $102 $-1 #
color-adesk-attrib $-1 -1 $-1 $-1 $2288 256 #
vertex $-1 -1 $-1 $2567 $2568 #
vertex $-1 -1 $-1 $2421 $2569 #
straight-curve $-1 -1 $-1 0.3000000000000019318 11.41000000000000014 -0.5 0.5024446818191040665 0.8646093578672967572 0 F 0 F 0.6092559367855017172 #
coedge $-1 -1 $-1 $2292 $2570 $2297 $2435 forward $264 $-1 #
color-adesk-attrib $-1 -1 $-1 $-1 $2293 256 #
straight-curve $-1 -1 $-1 0.3000000000000019873 12.66000000000000014 0.5 0.5024446818191040665 0.8646093578672967572 0 I I #
point $-1 -1 $-1 0.6061174053045935706 13.18676838428095088 0.5 #
edge $2571 -1 $-1 $2454 12.65500000000000469 $2300 12.66000000000000014 $2297 $352 forward @7 unknown #
point $-1 -1 $-1 0.3000000000000019873 12.66000000000000014 0.5 #
coedge $-1 -1 $-1 $2322 $2302 $2324 $2464 reversed $102 $-1 #
coedge $-1 -1 $-1 $2317 $2572 $2302 $2439 forward $2452 $-1 #
edge $2573 -1 $-1 $2574 0 $2441 0.3200000000000000622 $2438 $2575 forward @7 unknown #
color-adesk-attrib $-1 -1 $-1 $-1 $2303 256 #
vertex $-1 -1 $-1 $2439 $2576 #
point $-1 -1 $-1 0.6061174053045936816 13.81176838428095088 -0.5 #
color-adesk-attrib $-1 -1 $-1 $-1 $2314 256 #
face $2577 -1 $-1 $2578 $2579 $8 $-1 $354 reversed single #
loop $-1 -1 $-1 $-1 $2580 $2314 #
coedge $-1 -1 $-1 $2562 $2561 $2581 $2582 forward $2315 $-1 #
coedge $-1 -1 $-1 $2583 $2316 $2584 $2585 reversed $2181 $-1 #
coedge $-1 -1 $-1 $2316 $2583 $2586 $2587 reversed $2181 $-1 #
coedge $-1 -1 $-1 $2588 $2589 $2316 $2450 reversed $2590 $-1 #
edge $2591 -1 $-1 $2592 -0.25 $2593 0.75 $2316 $2594 forward @7 unknown #
coedge $-1 -1 $-1 $2572 $2317 $2570 $2595 reversed $2452 $-1 #
loop $-1 -1 $-1 $-1 $2438 $2596 #
color-adesk-attrib $-1 -1 $-1 $-1 $2318 256 #
vertex $-1 -1 $-1 $2435 $2597 #
straight-curve $-1 -1 $-1 0.2999999999999998224 12.65500000000000647 -0.25 0 0 -1 I I #
edge $2598 -1 $-1 $2460 -0.75 $2462 0.25 $2319 $2599 forward @7 unknown #
coedge $-1 -1 $-1 $2570 $2320 $2325 $2465 forward $264 $-1 #
coedge $-1 -1 $-1 $2320 $2556 $2553 $2600 forward $264 $-1 #
color-adesk-attrib $-1 -1 $-1 $-1 $2321 256 #
vertex $-1 -1 $-1 $2321 $2601 #
color-adesk-attrib $-1 -1 $-1 $-1 $2323 256 #
vertex $-1 -1 $-1 $2421 $2602 #
coedge $-1 -1 $-1 $2325 $2324 $2572 $2603 forward $2326 $-1 #
edge $2604 -1 $-1 $2328 0 $2574 0.6092559367855017172 $2324 $2605 forward @7 unknown #
edge $2606 -1 $-1 $2329 0 $2607 0.6092559367855017172 $2325 $2608 forward @7 unknown #
face $2609 -1 $-1 $2596 $2326 $8 $-1 $2610 forward single #
point $-1 -1 $-1 0.3000000000000019318 12.03500000000000369 -0.5 #
point $-1 -1 $-1 0.3000000000000019318 12.03500000000000369 0.5 #
color-adesk-attrib $-1 -1 $-1 $-1 $2331 256 #
straight-curve $-1 -1 $-1 0.6061174053045936816 13.81176838428095088 0.5 -0.9566168915768484826 0.291348799122028157 0 I I #
color-adesk-attrib $-1 -1 $-1 $-1 $2332 256 #
plane-surface $-1 -1 $-1 0.6061174053045936816 13.81176838428095088 -0.5 0.2913487991220282125 0.9566168915768485936 0 -0.9566168915768485936 0.2913487991220282125 0 forward_v I I I I #
color-adesk-attrib $-1 -1 $-1 $-1 $2336 256 #
straight-curve $-1 -1 $-1 0.6061174053045935706 13.18676838428095088 0.5 -0.9566168915768484826 0.291348799122028157 0 I I #
color-adesk-attrib $-1 -1 $-1 $-1 $2339 256 #
straight-curve $-1 -1 $-1 0.6061174053045936816 13.81176838428095088 -0.5 0 0 1 I I #
point $-1 -1 $-1 0.6061174053045936816 13.81176838428095088 0.5 #
color-adesk-attrib $-1 -1 $-1 $-1 $2348 256 #
face $2611 -1 $-1 $2612 $2613 $8 $-1 $2614 forward single #
loop $-1 -1 $-1 $-1 $2615 $2348 #
plane-surface $-1 -1 $-1 0.3000000000000009326 -4.214999999999999858 -0.5 0.8646093578672968682 -0.5024446818191041775 0 0.5024446818191041775 0.8646093578672968682 0 forward_v I I I I #
coedge $-1 -1 $-1 $2616 $2617 $2618 $2619 forward $2349 $-1 #
coedge $-1 -1 $-1 $2620 $2351 $2617 $2621 forward $2216 $-1 #
coedge $-1 -1 $-1 $2351 $2620 $2622 $2623 reversed $2216 $-1 #
coedge $-1 -1 $-1 $2624 $2618 $2351 $2486 reversed $102 $-1 #
edge $2625 -1 $-1 $2626 0 $2627 0.6092559367855017172 $2351 $2628 forward @7 unknown #
coedge $-1 -1 $-1 $2353 $2352 $2629 $2630 reversed $2085 $-1 #
coedge $-1 -1 $-1 $2631 $2632 $2352 $2489 forward $2633 $-1 #
edge $2634 -1 $-1 $2635 -0.75 $2492 0.25 $2488 $2636 forward @7 unknown #
coedge $-1 -1 $-1 $2354 $2637 $2631 $2638 forward $102 $-1 #
color-adesk-attrib $-1 -1 $-1 $-1 $2355 256 #
vertex $-1 -1 $-1 $2355 $2639 #
straight-curve $-1 -1 $-1 0.6061174053045923493 -6.18823161571904734 -0.5 -0.9566168915768484826 0.291348799122028157 0 F 0 F 0.3200000000000000622 #
coedge $-1 -1 $-1 $2629 $2640 $2356 $2495 forward $264 $-1 #
edge $2641 -1 $-1 $2503 0 $2497 0.6092559367855017172 $2356 $2642 forward @7 unknown #
color-adesk-attrib $-1 -1 $-1 $-1 $2357 256 #
vertex $-1 -1 $-1 $2357 $2643 #
straight-curve $-1 -1 $-1 0.6061174053045923493 -6.18823161571904734 -0.5 0 0 1 I I #
coedge $-1 -1 $-1 $2644 $2358 $2640 $2645 reversed $2501 $-1 #
coedge $-1 -1 $-1 $2358 $2644 $2360 $2506 reversed $2501 $-1 #
loop $-1 -1 $-1 $-1 $2358 $2646 #
color-adesk-attrib $-1 -1 $-1 $-1 $2359 256 #
vertex $-1 -1 $-1 $2495 $2647 #
straight-curve $-1 -1 $-1 0.2999999999999998224 -6.715000000000001634 -0.25 0 0 1 I I #
coedge $-1 -1 $-1 $2373 $2360 $2648 $2649 reversed $102 $-1 #
edge $2650 -1 $-1 $2362 6.714999999999999858 $2651 6.719999999999998863 $2500 $277 forward @7 unknown #
point $-1 -1 $-1 0.3000000000000008216 -6.714999999999999858 -0.5 #
point $-1 -1 $-1 0.6061174053045923493 -6.18823161571904734 -0.5 #
coedge $-1 -1 $-1 $2652 $2365 $2368 $2513 forward $264 $-1 #
color-adesk-attrib $-1 -1 $-1 $-1 $2366 256 #
straight-curve $-1 -1 $-1 0.6061174053045923493 -7.43823161571904734 0.5 -0.9566168915768484826 0.291348799122028157 0 I I #
coedge $-1 -1 $-1 $2368 $2367 $2653 $2654 forward $2369 $-1 #
edge $2655 -1 $-1 $2371 -7.344999999999998863 $2656 -7.339999999999999858 $2368 $352 forward @7 unknown #
face $2657 -1 $-1 $2118 $2369 $8 $-1 $354 reversed single #
point $-1 -1 $-1 0.3000000000000007105 -7.344999999999998863 0.5 #
coedge $-1 -1 $-1 $2658 $2653 $2373 $2517 forward $2659 $-1 #
edge $2660 -1 $-1 $2519 0 $2661 0.6092559367855017172 $2516 $2662 forward @7 unknown #
color-adesk-attrib $-1 -1 $-1 $-1 $2374 256 #
vertex $-1 -1 $-1 $2374 $2663 #
coedge $-1 -1 $-1 $2376 $2388 $2664 $2665 forward $264 $-1 #
coedge $-1 -1 $-1 $2664 $2384 $2380 $2522 reversed $2527 $-1 #
edge $2666 -1 $-1 $2524 -0.75 $2387 0.25 $2380 $2667 forward @7 unknown #
color-adesk-attrib $-1 -1 $-1 $-1 $2381 256 #
vertex $-1 -1 $-1 $2381 $2668 #
color-adesk-attrib $-1 -1 $-1 $-1 $2382 256 #
coedge $-1 -1 $-1 $2384 $2664 $2394 $2536 reversed $2527 $-1 #
loop $-1 -1 $-1 $-1 $2384 $2669 #
color-adesk-attrib $-1 -1 $-1 $-1 $2385 256 #
straight-curve $-1 -1 $-1 0.6061174053045923493 -8.06323161571904734 -0.5 -0.9566168915768484826 0.291348799122028157 0 F 0 F 0.3200000000000000622 #
point $-1 -1 $-1 0.3000000000000007105 -7.969999999999998863 -0.5 #
coedge $-1 -1 $-1 $2389 $2394 $2388 $2532 reversed $2395 $-1 #
edge $2670 -1 $-1 $2392 0 $2671 0.6092559367855017172 $2531 $2672 forward @7 unknown #
color-adesk-attrib $-1 -1 $-1 $-1 $2390 256 #
straight-curve $-1 -1 $-1 0.2999999999999998224 -8.590000000000003411 -0.25 0 0 1 I I #
point $-1 -1 $-1 0.3000000000000007105 -8.589999999999999858 0.5 #
edge $2673 -1 $-1 $2397 0 $2671 1 $2526 $2674 forward @7 unknown #
face $2675 -1 $-1 $2669 $2395 $8 $-1 $2676 forward single #
point $-1 -1 $-1 0.6061174053045923493 -8.06323161571904734 -0.5 #
color-adesk-attrib $-1 -1 $-1 $-1 $2401 256 #
straight-curve $-1 -1 $-1 0.6061174053045921273 -9.31323161571904734 0.5 -0.9566168915768484826 0.291348799122028157 0 I I #
color-adesk-attrib $-1 -1 $-1 $-1 $2405 256 #
plane-surface $-1 -1 $-1 0.6061174053045921273 -9.31323161571904734 -0.5 0.2913487991220282125 0.9566168915768485936 0 -0.9566168915768485936 0.2913487991220282125 0 forward_v I I I I #
point $-1 -1 $-1 0.6061174053045921273 -9.31323161571904734 0.5 #
color-adesk-attrib $-1 -1 $-1 $-1 $2414 256 #
face $2677 -1 $-1 $2678 $2679 $8 $-1 $2680 forward single #
loop $-1 -1 $-1 $-1 $2681 $2414 #
plane-surface $-1 -1 $-1 0.3000000000000017097 8.910000000000000142 -0.5 0.8646093578672968682 -0.5024446818191041775 0 0.5024446818191041775 0.8646093578672968682 0 forward_v I I I I #
coedge $-1 -1 $-1 $2682 $2683 $2684 $2685 forward $2415 $-1 #
coedge $-1 -1 $-1 $2686 $2417 $2683 $2687 forward $2282 $-1 #
coedge $-1 -1 $-1 $2417 $2686 $2688 $2689 reversed $2282 $-1 #
coedge $-1 -1 $-1 $2690 $2684 $2417 $2552 reversed $102 $-1 #
edge $2691 -1 $-1 $2692 0 $2693 0.6092559367855017172 $2417 $2694 forward @7 unknown #
coedge $-1 -1 $-1 $2419 $2418 $2458 $2600 reversed $2151 $-1 #
color-adesk-attrib $-1 -1 $-1 $-1 $2421 256 #
straight-curve $-1 -1 $-1 0.6061174053045934595 11.93676838428095088 -0.5 -0.9566168915768484826 0.291348799122028157 0 F 0 F 0.3200000000000000622 #
coedge $-1 -1 $-1 $2458 $2695 $2422 $2557 forward $264 $-1 #
edge $2696 -1 $-1 $2564 0 $2559 0.6092559367855017172 $2422 $2697 forward @7 unknown #
color-adesk-attrib $-1 -1 $-1 $-1 $2423 256 #
vertex $-1 -1 $-1 $2423 $2698 #
straight-curve $-1 -1 $-1 0.6061174053045934595 11.93676838428095088 -0.5 0 0 1 I I #
coedge $-1 -1 $-1 $2446 $2424 $2695 $2699 reversed $2315 $-1 #
coedge $-1 -1 $-1 $2424 $2446 $2426 $2567 reversed $2315 $-1 #
color-adesk-attrib $-1 -1 $-1 $-1 $2425 256 #
vertex $-1 -1 $-1 $2557 $2700 #
straight-curve $-1 -1 $-1 0.2999999999999998224 11.40999999999999659 -0.25 0 0 1 I I #
coedge $-1 -1 $-1 $2701 $2426 $2702 $2703 reversed $102 $-1 #
edge $2704 -1 $-1 $2428 -11.41000000000000014 $2705 -11.40499999999999936 $2562 $277 forward @7 unknown #
point $-1 -1 $-1 0.3000000000000019318 11.41000000000000014 -0.5 #
point $-1 -1 $-1 0.6061174053045934595 11.93676838428095088 -0.5 #
coedge $-1 -1 $-1 $2431 $2457 $2451 $2595 forward $264 $-1 #
color-adesk-attrib $-1 -1 $-1 $-1 $2435 256 #
coedge $-1 -1 $-1 $2438 $2451 $2463 $2603 reversed $2452 $-1 #
color-adesk-attrib $-1 -1 $-1 $-1 $2439 256 #
vertex $-1 -1 $-1 $2439 $2706 #
straight-curve $-1 -1 $-1 0.6061174053045934595 12.56176838428095444 -0.5 -0.9566168915768484826 0.291348799122028157 0 F 0 F 0.3200000000000000622 #
point $-1 -1 $-1 0.3000000000000019318 12.65500000000000469 -0.5 #
color-adesk-attrib $-1 -1 $-1 $-1 $2444 256 #
face $2707 -1 $-1 $2708 $2709 $8 $-1 $354 reversed single #
loop $-1 -1 $-1 $-1 $2710 $2444 #
coedge $-1 -1 $-1 $2711 $2712 $2713 $2714 forward $2445 $-1 #
coedge $-1 -1 $-1 $2715 $2702 $2446 $2582 reversed $2716 $-1 #
edge $2717 -1 $-1 $2718 -0.75 $2705 0.25 $2446 $2719 forward @7 unknown #
coedge $-1 -1 $-1 $2448 $2447 $2682 $2720 forward $2181 $-1 #
coedge $-1 -1 $-1 $2721 $2722 $2447 $2585 forward $264 $-1 #
edge $2723 -1 $-1 $2724 10.77999999999999936 $2593 10.78500000000000014 $2447 $352 forward @7 unknown #
coedge $-1 -1 $-1 $2684 $2701 $2448 $2587 forward $102 $-1 #
edge $2725 -1 $-1 $2592 -10.78500000000000014 $2726 -10.77999999999999936 $2448 $277 forward @7 unknown #
coedge $-1 -1 $-1 $2727 $2449 $2701 $2728 forward $2590 $-1 #
coedge $-1 -1 $-1 $2449 $2727 $2721 $2729 reversed $2590 $-1 #
loop $-1 -1 $-1 $-1 $2588 $2730 #
color-adesk-attrib $-1 -1 $-1 $-1 $2450 256 #
vertex $-1 -1 $-1 $2587 $2731 #
vertex $-1 -1 $-1 $2729 $2732 #
straight-curve $-1 -1 $-1 0.2999999999999998224 10.78499999999999837 -0.25 0 0 1 I I #
edge $2733 -1 $-1 $2607 0 $2454 0.3200000000000000622 $2451 $2734 forward @7 unknown #
face $2735 -1 $-1 $2202 $2452 $8 $-1 $2736 forward single #
point $-1 -1 $-1 0.3000000000000019318 12.65500000000000469 0.5 #
color-adesk-attrib $-1 -1 $-1 $-1 $2456 256 #
straight-curve $-1 -1 $-1 0.2999999999999998224 12.03000000000000114 -0.25 0 0 -1 I I #
edge $2737 -1 $-1 $2559 0 $2460 0.3200000000000000622 $2553 $2738 forward @7 unknown #
point $-1 -1 $-1 0.3000000000000019318 12.02999999999999936 0.5 #
point $-1 -1 $-1 0.3000000000000019318 12.02999999999999936 -0.5 #
edge $2739 -1 $-1 $2574 0 $2607 1 $2572 $2740 forward @7 unknown #
color-adesk-attrib $-1 -1 $-1 $-1 $2464 256 #
straight-curve $-1 -1 $-1 0.3000000000000019318 12.03500000000000369 -0.5 0.5024446818191040665 0.8646093578672967572 0 F 0 F 0.6092559367855017172 #
color-adesk-attrib $-1 -1 $-1 $-1 $2465 256 #
vertex $-1 -1 $-1 $2603 $2741 #
straight-curve $-1 -1 $-1 0.3000000000000019318 12.03500000000000369 0.5 0.5024446818191040665 0.8646093578672967572 0 I I #
color-adesk-attrib $-1 -1 $-1 $-1 $2466 256 #
plane-surface $-1 -1 $-1 0.3000000000000019318 12.03500000000000369 -0.5 0.8646093578672968682 -0.5024446818191041775 0 0.5024446818191041775 0.8646093578672968682 0 forward_v I I I I #
color-adesk-attrib $-1 -1 $-1 $-1 $2479 256 #
face $2742 -1 $-1 $2743 $2744 $8 $-1 $2745 forward single #
loop $-1 -1 $-1 $-1 $2746 $2479 #
plane-surface $-1 -1 $-1 0.6061174053045925714 -3.68823161571904734 -0.5 0.2913487991220282125 0.9566168915768485936 0 -0.9566168915768485936 0.2913487991220282125 0 forward_v I I I I #
coedge $-1 -1 $-1 $2747 $2748 $2749 $2750 forward $2480 $-1 #
coedge $-1 -1 $-1 $2751 $2482 $2752 $2753 reversed $2349 $-1 #
coedge $-1 -1 $-1 $2482 $2751 $2483 $2621 reversed $2349 $-1 #
coedge $-1 -1 $-1 $2485 $2754 $2482 $2619 reversed $102 $-1 #
edge $2755 -1 $-1 $2627 0 $2756 0.3200000000000000622 $2482 $2757 forward @7 unknown #
coedge $-1 -1 $-1 $2484 $2483 $2758 $2759 reversed $2216 $-1 #
edge $2760 -1 $-1 $2627 0 $2761 1 $2617 $2762 forward @7 unknown #
coedge $-1 -1 $-1 $2763 $2764 $2484 $2623 forward $2765 $-1 #
edge $2766 -1 $-1 $2626 -0.25 $2767 0.75 $2622 $2768 forward @7 unknown #
coedge $-1 -1 $-1 $2769 $2485 $2764 $2770 forward $102 $-1 #
color-adesk-attrib $-1 -1 $-1 $-1 $2486 256 #
vertex $-1 -1 $-1 $2770 $2771 #
vertex $-1 -1 $-1 $2619 $2772 #
straight-curve $-1 -1 $-1 0.3000000000000008771 -5.464999999999999858 -0.5 0.5024446818191040665 0.8646093578672967572 0 F 0 F 0.6092559367855017172 #
coedge $-1 -1 $-1 $2773 $2494 $2487 $2630 forward $264 $-1 #
edge $2774 -1 $-1 $2497 0 $2635 0.3200000000000000622 $2487 $2775 forward @7 unknown #
coedge $-1 -1 $-1 $2776 $2488 $2490 $2638 reversed $2633 $-1 #
coedge $-1 -1 $-1 $2488 $2776 $2773 $2777 reversed $2633 $-1 #
loop $-1 -1 $-1 $-1 $2488 $2778 #
color-adesk-attrib $-1 -1 $-1 $-1 $2489 256 #
vertex $-1 -1 $-1 $2777 $2779 #
straight-curve $-1 -1 $-1 0.3000000000000001554 -6.094999999999997975 -0.25 0 0 -1 I I #
coedge $-1 -1 $-1 $2490 $2769 $2780 $2781 reversed $102 $-1 #
edge $2782 -1 $-1 $2783 6.089999999999999858 $2492 6.094999999999998863 $2631 $277 forward @7 unknown #
point $-1 -1 $-1 0.3000000000000008216 -6.094999999999998863 -0.5 #
coedge $-1 -1 $-1 $2494 $2784 $2499 $2645 forward $264 $-1 #
color-adesk-attrib $-1 -1 $-1 $-1 $2495 256 #
straight-curve $-1 -1 $-1 0.3000000000000008216 -6.714999999999999858 0.5 0.5024446818191040665 0.8646093578672967572 0 I I #
point $-1 -1 $-1 0.6061174053045923493 -6.18823161571904734 0.5 #
coedge $-1 -1 $-1 $2500 $2499 $2785 $2786 forward $2501 $-1 #
edge $2787 -1 $-1 $2788 -6.719999999999998863 $2503 -6.714999999999999858 $2499 $352 forward @7 unknown #
face $2789 -1 $-1 $2778 $2501 $8 $-1 $354 reversed single #
point $-1 -1 $-1 0.3000000000000008216 -6.714999999999999858 0.5 #
coedge $-1 -1 $-1 $2785 $2790 $2505 $2649 forward $2791 $-1 #
edge $2792 -1 $-1 $2661 0 $2651 0.3200000000000000622 $2648 $2793 forward @7 unknown #
color-adesk-attrib $-1 -1 $-1 $-1 $2506 256 #
vertex $-1 -1 $-1 $2649 $2794 #
coedge $-1 -1 $-1 $2784 $2509 $2795 $2796 forward $264 $-1 #
coedge $-1 -1 $-1 $2516 $2795 $2512 $2654 reversed $2659 $-1 #
edge $2797 -1 $-1 $2519 -0.25 $2656 0.75 $2512 $2798 forward @7 unknown #
color-adesk-attrib $-1 -1 $-1 $-1 $2513 256 #
vertex $-1 -1 $-1 $2796 $2799 #
color-adesk-attrib $-1 -1 $-1 $-1 $2514 256 #
coedge $-1 -1 $-1 $2795 $2516 $2790 $2800 forward $2659 $-1 #
loop $-1 -1 $-1 $-1 $2516 $2801 #
color-adesk-attrib $-1 -1 $-1 $-1 $2517 256 #
vertex $-1 -1 $-1 $2649 $2802 #
straight-curve $-1 -1 $-1 0.3000000000000007661 -7.339999999999999858 -0.5 0.5024446818191040665 0.8646093578672967572 0 F 0 F 0.6092559367855017172 #
point $-1 -1 $-1 0.3000000000000007661 -7.339999999999999858 -0.5 #
coedge $-1 -1 $-1 $2526 $2521 $2520 $2665 reversed $2527 $-1 #
edge $2803 -1 $-1 $2671 0 $2524 0.3200000000000000622 $2664 $2804 forward @7 unknown #
color-adesk-attrib $-1 -1 $-1 $-1 $2522 256 #
straight-curve $-1 -1 $-1 0.3000000000000000444 -7.969999999999997975 -0.25 0 0 -1 I I #
point $-1 -1 $-1 0.3000000000000007105 -7.969999999999998863 0.5 #
face $2805 -1 $-1 $2273 $2527 $8 $-1 $2806 forward single #
color-adesk-attrib $-1 -1 $-1 $-1 $2532 256 #
vertex $-1 -1 $-1 $2536 $2807 #
straight-curve $-1 -1 $-1 0.3000000000000007105 -8.589999999999999858 0.5 0.5024446818191040665 0.8646093578672967572 0 I I #
color-adesk-attrib $-1 -1 $-1 $-1 $2536 256 #
straight-curve $-1 -1 $-1 0.6061174053045923493 -8.06323161571904734 -0.5 0 0 1 I I #
color-adesk-attrib $-1 -1 $-1 $-1 $2537 256 #
plane-surface $-1 -1 $-1 0.3000000000000007105 -8.589999999999999858 -0.5 0.8646093578672968682 -0.5024446818191041775 0 0.5024446818191041775 0.8646093578672968682 0 forward_v I I I I #
color-adesk-attrib $-1 -1 $-1 $-1 $2545 256 #
face $2808 -1 $-1 $2809 $2810 $8 $-1 $2811 forward single #
loop $-1 -1 $-1 $-1 $2812 $2545 #
plane-surface $-1 -1 $-1 0.6061174053045932375 9.436768384280950883 -0.5 0.2913487991220282125 0.9566168915768485936 0 -0.9566168915768485936 0.2913487991220282125 0 forward_v I I I I #
coedge $-1 -1 $-1 $2813 $2814 $2815 $2816 forward $2546 $-1 #
coedge $-1 -1 $-1 $2817 $2548 $2583 $2720 reversed $2415 $-1 #
coedge $-1 -1 $-1 $2548 $2817 $2549 $2687 reversed $2415 $-1 #
coedge $-1 -1 $-1 $2551 $2586 $2548 $2685 reversed $102 $-1 #
edge $2818 -1 $-1 $2693 0 $2726 0.3200000000000000622 $2548 $2819 forward @7 unknown #
coedge $-1 -1 $-1 $2550 $2549 $2820 $2821 reversed $2282 $-1 #
edge $2822 -1 $-1 $2693 0 $2823 1 $2683 $2824 forward @7 unknown #
coedge $-1 -1 $-1 $2825 $2826 $2550 $2689 forward $2579 $-1 #
edge $2827 -1 $-1 $2692 -0.25 $2828 0.75 $2688 $2829 forward @7 unknown #
coedge $-1 -1 $-1 $2830 $2551 $2826 $2831 forward $102 $-1 #
color-adesk-attrib $-1 -1 $-1 $-1 $2552 256 #
vertex $-1 -1 $-1 $2831 $2832 #
vertex $-1 -1 $-1 $2685 $2833 #
straight-curve $-1 -1 $-1 0.3000000000000018208 10.16000000000000014 -0.5 0.5024446818191040665 0.8646093578672967572 0 F 0 F 0.6092559367855017172 #
coedge $-1 -1 $-1 $2556 $2834 $2561 $2699 forward $264 $-1 #
color-adesk-attrib $-1 -1 $-1 $-1 $2557 256 #
straight-curve $-1 -1 $-1 0.3000000000000019318 11.41000000000000014 0.5 0.5024446818191040665 0.8646093578672967572 0 I I #
point $-1 -1 $-1 0.6061174053045934595 11.93676838428095088 0.5 #
edge $2835 -1 $-1 $2718 11.40499999999999936 $2564 11.41000000000000014 $2561 $352 forward @7 unknown #
point $-1 -1 $-1 0.3000000000000019318 11.41000000000000014 0.5 #
coedge $-1 -1 $-1 $2586 $2566 $2588 $2728 reversed $102 $-1 #
coedge $-1 -1 $-1 $2581 $2836 $2566 $2703 forward $2716 $-1 #
edge $2837 -1 $-1 $2838 0 $2705 0.3200000000000000622 $2702 $2839 forward @7 unknown #
color-adesk-attrib $-1 -1 $-1 $-1 $2567 256 #
vertex $-1 -1 $-1 $2703 $2840 #
point $-1 -1 $-1 0.6061174053045934595 12.56176838428095444 -0.5 #
color-adesk-attrib $-1 -1 $-1 $-1 $2578 256 #
face $2841 -1 $-1 $2842 $2843 $8 $-1 $354 reversed single #
loop $-1 -1 $-1 $-1 $2844 $2578 #
coedge $-1 -1 $-1 $2826 $2825 $2845 $2846 forward $2579 $-1 #
coedge $-1 -1 $-1 $2847 $2580 $2848 $2849 reversed $2445 $-1 #
coedge $-1 -1 $-1 $2580 $2847 $2850 $2851 reversed $2445 $-1 #
coedge $-1 -1 $-1 $2852 $2853 $2580 $2714 reversed $2854 $-1 #
edge $2855 -1 $-1 $2856 -0.25 $2857 0.75 $2580 $2858 forward @7 unknown #
coedge $-1 -1 $-1 $2836 $2581 $2834 $2859 reversed $2716 $-1 #
loop $-1 -1 $-1 $-1 $2702 $2860 #
color-adesk-attrib $-1 -1 $-1 $-1 $2582 256 #
vertex $-1 -1 $-1 $2699 $2861 #
straight-curve $-1 -1 $-1 0.2999999999999998224 11.40500000000000114 -0.25 0 0 -1 I I #
edge $2862 -1 $-1 $2724 -0.75 $2726 0.25 $2583 $2863 forward @7 unknown #
coedge $-1 -1 $-1 $2834 $2584 $2589 $2729 forward $264 $-1 #
coedge $-1 -1 $-1 $2584 $2820 $2817 $2864 forward $264 $-1 #
color-adesk-attrib $-1 -1 $-1 $-1 $2585 256 #
vertex $-1 -1 $-1 $2585 $2865 #
color-adesk-attrib $-1 -1 $-1 $-1 $2587 256 #
vertex $-1 -1 $-1 $2685 $2866 #
coedge $-1 -1 $-1 $2589 $2588 $2836 $2867 forward $2590 $-1 #
edge $2868 -1 $-1 $2592 0 $2838 0.6092559367855017172 $2588 $2869 forward @7 unknown #
edge $2870 -1 $-1 $2593 0 $2871 0.6092559367855017172 $2589 $2872 forward @7 unknown #
face $2873 -1 $-1 $2860 $2590 $8 $-1 $2874 forward single #
point $-1 -1 $-1 0.3000000000000018763 10.78500000000000014 -0.5 #
point $-1 -1 $-1 0.3000000000000018763 10.78500000000000014 0.5 #
color-adesk-attrib $-1 -1 $-1 $-1 $2595 256 #
straight-curve $-1 -1 $-1 0.6061174053045934595 12.56176838428095444 0.5 -0.9566168915768484826 0.291348799122028157 0 I I #
color-adesk-attrib $-1 -1 $-1 $-1 $2596 256 #
plane-surface $-1 -1 $-1 0.6061174053045934595 12.56176838428095444 -0.5 0.2913487991220282125 0.9566168915768485936 0 -0.9566168915768485936 0.2913487991220282125 0 forward_v I I I I #
color-adesk-attrib $-1 -1 $-1 $-1 $2600 256 #
straight-curve $-1 -1 $-1 0.6061174053045934595 11.93676838428095088 0.5 -0.9566168915768484826 0.291348799122028157 0 I I #
color-adesk-attrib $-1 -1 $-1 $-1 $2603 256 #
straight-curve $-1 -1 $-1 0.6061174053045934595 12.56176838428095444 -0.5 0 0 1 I I #
point $-1 -1 $-1 0.6061174053045934595 12.56176838428095444 0.5 #
color-adesk-attrib $-1 -1 $-1 $-1 $2612 256 #
face $2875 -1 $-1 $2876 $2877 $8 $-1 $2878 forward single #
loop $-1 -1 $-1 $-1 $2879 $2612 #
plane-surface $-1 -1 $-1 0.3000000000000010436 -2.964999999999999858 -0.5 0.8646093578672968682 -0.5024446818191041775 0 0.5024446818191041775 0.8646093578672968682 0 forward_v I I I I #
coedge $-1 -1 $-1 $2880 $2881 $2882 $2883 forward $2613 $-1 #
coedge $-1 -1 $-1 $2884 $2615 $2881 $2885 forward $2480 $-1 #
coedge $-1 -1 $-1 $2615 $2884 $2886 $2887 reversed $2480 $-1 #
coedge $-1 -1 $-1 $2888 $2882 $2615 $2750 reversed $102 $-1 #
edge $2889 -1 $-1 $2890 0 $2891 0.6092559367855017172 $2615 $2892 forward @7 unknown #
coedge $-1 -1 $-1 $2617 $2616 $2893 $2894 reversed $2349 $-1 #
coedge $-1 -1 $-1 $2895 $2896 $2616 $2753 forward $2897 $-1 #
edge $2898 -1 $-1 $2899 -0.75 $2756 0.25 $2752 $2900 forward @7 unknown #
coedge $-1 -1 $-1 $2618 $2901 $2895 $2902 forward $102 $-1 #
color-adesk-attrib $-1 -1 $-1 $-1 $2619 256 #
vertex $-1 -1 $-1 $2619 $2903 #
straight-curve $-1 -1 $-1 0.6061174053045924603 -4.93823161571904734 -0.5 -0.9566168915768484826 0.291348799122028157 0 F 0 F 0.3200000000000000622 #
coedge $-1 -1 $-1 $2893 $2904 $2620 $2759 forward $264 $-1 #
edge $2905 -1 $-1 $2767 0 $2761 0.6092559367855017172 $2620 $2906 forward @7 unknown #
color-adesk-attrib $-1 -1 $-1 $-1 $2621 256 #
vertex $-1 -1 $-1 $2621 $2907 #
straight-curve $-1 -1 $-1 0.6061174053045924603 -4.93823161571904734 -0.5 0 0 1 I I #
coedge $-1 -1 $-1 $2908 $2622 $2904 $2909 reversed $2765 $-1 #
coedge $-1 -1 $-1 $2622 $2908 $2624 $2770 reversed $2765 $-1 #
loop $-1 -1 $-1 $-1 $2622 $2910 #
color-adesk-attrib $-1 -1 $-1 $-1 $2623 256 #
vertex $-1 -1 $-1 $2759 $2911 #
straight-curve $-1 -1 $-1 0.2999999999999998224 -5.465000000000003411 -0.25 0 0 1 I I #
coedge $-1 -1 $-1 $2637 $2624 $2912 $2913 reversed $102 $-1 #
edge $2914 -1 $-1 $2626 5.464999999999999858 $2915 5.469999999999998863 $2764 $277 forward @7 unknown #
point $-1 -1 $-1 0.3000000000000008771 -5.464999999999999858 -0.5 #
point $-1 -1 $-1 0.6061174053045924603 -4.93823161571904734 -0.5 #
coedge $-1 -1 $-1 $2916 $2629 $2632 $2777 forward $264 $-1 #
color-adesk-attrib $-1 -1 $-1 $-1 $2630 256 #
straight-curve $-1 -1 $-1 0.6061174053045923493 -6.18823161571904734 0.5 -0.9566168915768484826 0.291348799122028157 0 I I #
coedge $-1 -1 $-1 $2632 $2631 $2917 $2918 forward $2633 $-1 #
edge $2919 -1 $-1 $2635 -6.094999999999998863 $2920 -6.089999999999999858 $2632 $352 forward @7 unknown #
face $2921 -1 $-1 $2382 $2633 $8 $-1 $354 reversed single #
point $-1 -1 $-1 0.3000000000000008216 -6.094999999999998863 0.5 #
coedge $-1 -1 $-1 $2922 $2917 $2637 $2781 forward $2923 $-1 #
edge $2924 -1 $-1 $2783 0 $2925 0.6092559367855017172 $2780 $2926 forward @7 unknown #
color-adesk-attrib $-1 -1 $-1 $-1 $2638 256 #
vertex $-1 -1 $-1 $2638 $2927 #
coedge $-1 -1 $-1 $2640 $2652 $2928 $2929 forward $264 $-1 #
coedge $-1 -1 $-1 $2928 $2648 $2644 $2786 reversed $2791 $-1 #
edge $2930 -1 $-1 $2788 -0.75 $2651 0.25 $2644 $2931 forward @7 unknown #
color-adesk-attrib $-1 -1 $-1 $-1 $2645 256 #
vertex $-1 -1 $-1 $2645 $2932 #
color-adesk-attrib $-1 -1 $-1 $-1 $2646 256 #
coedge $-1 -1 $-1 $2648 $2928 $2658 $2800 reversed $2791 $-1 #
loop $-1 -1 $-1 $-1 $2648 $2933 #
color-adesk-attrib $-1 -1 $-1 $-1 $2649 256 #
straight-curve $-1 -1 $-1 0.6061174053045923493 -6.81323161571904734 -0.5 -0.9566168915768484826 0.291348799122028157 0 F 0 F 0.3200000000000000622 #
point $-1 -1 $-1 0.3000000000000007661 -6.719999999999998863 -0.5 #
coedge $-1 -1 $-1 $2653 $2658 $2652 $2796 reversed $2659 $-1 #
edge $2934 -1 $-1 $2656 0 $2935 0.6092559367855017172 $2795 $2936 forward @7 unknown #
color-adesk-attrib $-1 -1 $-1 $-1 $2654 256 #
straight-curve $-1 -1 $-1 0.2999999999999998224 -7.340000000000002522 -0.25 0 0 1 I I #
point $-1 -1 $-1 0.3000000000000007661 -7.339999999999999858 0.5 #
edge $2937 -1 $-1 $2661 0 $2935 1 $2790 $2938 forward @7 unknown #
face $2939 -1 $-1 $2933 $2659 $8 $-1 $2940 forward single #
point $-1 -1 $-1 0.6061174053045923493 -6.81323161571904734 -0.5 #
color-adesk-attrib $-1 -1 $-1 $-1 $2665 256 #
straight-curve $-1 -1 $-1 0.6061174053045923493 -8.06323161571904734 0.5 -0.9566168915768484826 0.291348799122028157 0 I I #
color-adesk-attrib $-1 -1 $-1 $-1 $2669 256 #
plane-surface $-1 -1 $-1 0.6061174053045923493 -8.06323161571904734 -0.5 0.2913487991220282125 0.9566168915768485936 0 -0.9566168915768485936 0.2913487991220282125 0 forward_v I I I I #
point $-1 -1 $-1 0.6061174053045923493 -8.06323161571904734 0.5 #
color-adesk-attrib $-1 -1 $-1 $-1 $2678 256 #
face $2941 -1 $-1 $2942 $2943 $8 $-1 $2944 forward single #
loop $-1 -1 $-1 $-1 $2945 $2678 #
plane-surface $-1 -1 $-1 0.3000000000000017097 7.660000000000000142 -0.5 0.8646093578672968682 -0.5024446818191041775 0 0.5024446818191041775 0.8646093578672968682 0 forward_v I I I I #
coedge $-1 -1 $-1 $2946 $2947 $2948 $2949 forward $2679 $-1 #
coedge $-1 -1 $-1 $2950 $2681 $2947 $2951 forward $2546 $-1 #
coedge $-1 -1 $-1 $2681 $2950 $2952 $2953 reversed $2546 $-1 #
coedge $-1 -1 $-1 $2954 $2948 $2681 $2816 reversed $102 $-1 #
edge $2955 -1 $-1 $2956 0 $2957 0.6092559367855017172 $2681 $2958 forward @7 unknown #
coedge $-1 -1 $-1 $2683 $2682 $2722 $2864 reversed $2415 $-1 #
color-adesk-attrib $-1 -1 $-1 $-1 $2685 256 #
straight-curve $-1 -1 $-1 0.6061174053045934595 10.68676838428095088 -0.5 -0.9566168915768484826 0.291348799122028157 0 F 0 F 0.3200000000000000622 #
coedge $-1 -1 $-1 $2722 $2959 $2686 $2821 forward $264 $-1 #
edge $2960 -1 $-1 $2828 0 $2823 0.6092559367855017172 $2686 $2961 forward @7 unknown #
color-adesk-attrib $-1 -1 $-1 $-1 $2687 256 #
vertex $-1 -1 $-1 $2687 $2962 #
straight-curve $-1 -1 $-1 0.6061174053045934595 10.68676838428095088 -0.5 0 0 1 I I #
coedge $-1 -1 $-1 $2710 $2688 $2959 $2963 reversed $2579 $-1 #
coedge $-1 -1 $-1 $2688 $2710 $2690 $2831 reversed $2579 $-1 #
color-adesk-attrib $-1 -1 $-1 $-1 $2689 256 #
vertex $-1 -1 $-1 $2821 $2964 #
straight-curve $-1 -1 $-1 0.3000000000000000444 10.15999999999999837 -0.25 0 0 1 I I #
coedge $-1 -1 $-1 $2965 $2690 $2966 $2967 reversed $102 $-1 #
edge $2968 -1 $-1 $2692 -10.16000000000000014 $2969 -10.15499999999999936 $2826 $277 forward @7 unknown #
point $-1 -1 $-1 0.3000000000000018208 10.16000000000000014 -0.5 #
point $-1 -1 $-1 0.6061174053045934595 10.68676838428095088 -0.5 #
coedge $-1 -1 $-1 $2695 $2721 $2715 $2859 forward $264 $-1 #
color-adesk-attrib $-1 -1 $-1 $-1 $2699 256 #
coedge $-1 -1 $-1 $2702 $2715 $2727 $2867 reversed $2716 $-1 #
color-adesk-attrib $-1 -1 $-1 $-1 $2703 256 #
vertex $-1 -1 $-1 $2703 $2970 #
straight-curve $-1 -1 $-1 0.6061174053045934595 11.31176838428095088 -0.5 -0.9566168915768484826 0.291348799122028157 0 F 0 F 0.3200000000000000622 #
point $-1 -1 $-1 0.3000000000000018763 11.40499999999999936 -0.5 #
color-adesk-attrib $-1 -1 $-1 $-1 $2708 256 #
face $2971 -1 $-1 $2972 $2973 $8 $-1 $354 reversed single #
loop $-1 -1 $-1 $-1 $2974 $2708 #
coedge $-1 -1 $-1 $2975 $2976 $2977 $2978 forward $2709 $-1 #
coedge $-1 -1 $-1 $2979 $2966 $2710 $2846 reversed $2980 $-1 #
edge $2981 -1 $-1 $2982 -0.75 $2969 0.25 $2710 $2983 forward @7 unknown #
coedge $-1 -1 $-1 $2712 $2711 $2946 $2984 forward $2445 $-1 #
coedge $-1 -1 $-1 $2985 $2986 $2711 $2849 forward $264 $-1 #
edge $2987 -1 $-1 $2988 9.529999999999999361 $2857 9.535000000000000142 $2711 $352 forward @7 unknown #
coedge $-1 -1 $-1 $2948 $2965 $2712 $2851 forward $102 $-1 #
edge $2989 -1 $-1 $2856 -9.535000000000000142 $2990 -9.529999999999999361 $2712 $277 forward @7 unknown #
coedge $-1 -1 $-1 $2991 $2713 $2965 $2992 forward $2854 $-1 #
coedge $-1 -1 $-1 $2713 $2991 $2985 $2993 reversed $2854 $-1 #
loop $-1 -1 $-1 $-1 $2852 $2994 #
color-adesk-attrib $-1 -1 $-1 $-1 $2714 256 #
vertex $-1 -1 $-1 $2851 $2995 #
vertex $-1 -1 $-1 $2993 $2996 #
straight-curve $-1 -1 $-1 0.3000000000000000444 9.534999999999998366 -0.25 0 0 1 I I #
edge $2997 -1 $-1 $2871 0 $2718 0.3200000000000000622 $2715 $2998 forward @7 unknown #
face $2999 -1 $-1 $2466 $2716 $8 $-1 $3000 forward single #
point $-1 -1 $-1 0.3000000000000018763 11.40499999999999936 0.5 #
color-adesk-attrib $-1 -1 $-1 $-1 $2720 256 #
straight-curve $-1 -1 $-1 0.3000000000000000444 10.78000000000000114 -0.25 0 0 -1 I I #
edge $3001 -1 $-1 $2823 0 $2724 0.3200000000000000622 $2817 $3002 forward @7 unknown #
point $-1 -1 $-1 0.3000000000000018208 10.77999999999999936 0.5 #
point $-1 -1 $-1 0.3000000000000018208 10.77999999999999936 -0.5 #
edge $3003 -1 $-1 $2838 0 $2871 1 $2836 $3004 forward @7 unknown #
color-adesk-attrib $-1 -1 $-1 $-1 $2728 256 #
straight-curve $-1 -1 $-1 0.3000000000000018763 10.78500000000000014 -0.5 0.5024446818191040665 0.8646093578672967572 0 F 0 F 0.6092559367855017172 #
color-adesk-attrib $-1 -1 $-1 $-1 $2729 256 #
vertex $-1 -1 $-1 $2867 $3005 #
straight-curve $-1 -1 $-1 0.3000000000000018763 10.78500000000000014 0.5 0.5024446818191040665 0.8646093578672967572 0 I I #
color-adesk-attrib $-1 -1 $-1 $-1 $2730 256 #
plane-surface $-1 -1 $-1 0.3000000000000018763 10.78500000000000014 -0.5 0.8646093578672968682 -0.5024446818191041775 0 0.5024446818191041775 0.8646093578672968682 0 forward_v I I I I #
color-adesk-attrib $-1 -1 $-1 $-1 $2743 256 #
face $3006 -1 $-1 $3007 $3008 $8 $-1 $3009 forward single #
loop $-1 -1 $-1 $-1 $3010 $2743 #
plane-surface $-1 -1 $-1 0.6061174053045925714 -2.43823161571904734 -0.5 0.2913487991220282125 0.9566168915768485936 0 -0.9566168915768485936 0.2913487991220282125 0 forward_v I I I I #
coedge $-1 -1 $-1 $3011 $3012 $3013 $3014 forward $2744 $-1 #
coedge $-1 -1 $-1 $3015 $2746 $3016 $3017 reversed $2613 $-1 #
coedge $-1 -1 $-1 $2746 $3015 $2747 $2885 reversed $2613 $-1 #
coedge $-1 -1 $-1 $2749 $3018 $2746 $2883 reversed $102 $-1 #
edge $3019 -1 $-1 $2891 0 $3020 0.3200000000000000622 $2746 $3021 forward @7 unknown #
coedge $-1 -1 $-1 $2748 $2747 $3022 $3023 reversed $2480 $-1 #
edge $3024 -1 $-1 $2891 0 $3025 1 $2881 $3026 forward @7 unknown #
coedge $-1 -1 $-1 $3027 $3028 $2748 $2887 forward $3029 $-1 #
edge $3030 -1 $-1 $2890 -0.25 $3031 0.75 $2886 $3032 forward @7 unknown #
coedge $-1 -1 $-1 $3033 $2749 $3028 $3034 forward $102 $-1 #
color-adesk-attrib $-1 -1 $-1 $-1 $2750 256 #
vertex $-1 -1 $-1 $3034 $3035 #
vertex $-1 -1 $-1 $2883 $3036 #
straight-curve $-1 -1 $-1 0.3000000000000009326 -4.214999999999999858 -0.5 0.5024446818191040665 0.8646093578672967572 0 F 0 F 0.6092559367855017172 #
coedge $-1 -1 $-1 $3037 $2758 $2751 $2894 forward $264 $-1 #
edge $3038 -1 $-1 $2761 0 $2899 0.3200000000000000622 $2751 $3039 forward @7 unknown #
coedge $-1 -1 $-1 $3040 $2752 $2754 $2902 reversed $2897 $-1 #
coedge $-1 -1 $-1 $2752 $3040 $3037 $3041 reversed $2897 $-1 #
loop $-1 -1 $-1 $-1 $2752 $3042 #
color-adesk-attrib $-1 -1 $-1 $-1 $2753 256 #
vertex $-1 -1 $-1 $3041 $3043 #
straight-curve $-1 -1 $-1 0.3000000000000001554 -4.844999999999997975 -0.25 0 0 -1 I I #
coedge $-1 -1 $-1 $2754 $3033 $3044 $3045 reversed $102 $-1 #
edge $3046 -1 $-1 $3047 4.839999999999999858 $2756 4.844999999999998863 $2895 $277 forward @7 unknown #
point $-1 -1 $-1 0.3000000000000008771 -4.844999999999998863 -0.5 #
coedge $-1 -1 $-1 $2758 $3048 $2763 $2909 forward $264 $-1 #
color-adesk-attrib $-1 -1 $-1 $-1 $2759 256 #
straight-curve $-1 -1 $-1 0.3000000000000008771 -5.464999999999999858 0.5 0.5024446818191040665 0.8646093578672967572 0 I I #
point $-1 -1 $-1 0.6061174053045924603 -4.93823161571904734 0.5 #
coedge $-1 -1 $-1 $2764 $2763 $3049 $3050 forward $2765 $-1 #
edge $3051 -1 $-1 $3052 -5.469999999999998863 $2767 -5.464999999999999858 $2763 $352 forward @7 unknown #
face $3053 -1 $-1 $3042 $2765 $8 $-1 $354 reversed single #
point $-1 -1 $-1 0.3000000000000008771 -5.464999999999999858 0.5 #
coedge $-1 -1 $-1 $3049 $3054 $2769 $2913 forward $3055 $-1 #
edge $3056 -1 $-1 $2925 0 $2915 0.3200000000000000622 $2912 $3057 forward @7 unknown #
color-adesk-attrib $-1 -1 $-1 $-1 $2770 256 #
vertex $-1 -1 $-1 $2913 $3058 #
coedge $-1 -1 $-1 $3048 $2773 $3059 $3060 forward $264 $-1 #
coedge $-1 -1 $-1 $2780 $3059 $2776 $2918 reversed $2923 $-1 #
edge $3061 -1 $-1 $2783 -0.25 $2920 0.75 $2776 $3062 forward @7 unknown #
color-adesk-attrib $-1 -1 $-1 $-1 $2777 256 #
vertex $-1 -1 $-1 $3060 $3063 #
color-adesk-attrib $-1 -1 $-1 $-1 $2778 256 #
coedge $-1 -1 $-1 $3059 $2780 $3054 $3064 forward $2923 $-1 #
loop $-1 -1 $-1 $-1 $2780 $3065 #
color-adesk-attrib $-1 -1 $-1 $-1 $2781 256 #
vertex $-1 -1 $-1 $2913 $3066 #
straight-curve $-1 -1 $-1 0.3000000000000008216 -6.089999999999999858 -0.5 0.5024446818191040665 0.8646093578672967572 0 F 0 F 0.6092559367855017172 #
point $-1 -1 $-1 0.3000000000000008216 -6.089999999999999858 -0.5 #
coedge $-1 -1 $-1 $2790 $2785 $2784 $2929 reversed $2791 $-1 #
edge $3067 -1 $-1 $2935 0 $2788 0.3200000000000000622 $2928 $3068 forward @7 unknown #
color-adesk-attrib $-1 -1 $-1 $-1 $2786 256 #
straight-curve $-1 -1 $-1 0.3000000000000000444 -6.719999999999997975 -0.25 0 0 -1 I I #
point $-1 -1 $-1 0.3000000000000007661 -6.719999999999998863 0.5 #
face $3069 -1 $-1 $2537 $2791 $8 $-1 $3070 forward single #
color-adesk-attrib $-1 -1 $-1 $-1 $2796 256 #
vertex $-1 -1 $-1 $2800 $3071 #
straight-curve $-1 -1 $-1 0.3000000000000007661 -7.339999999999999858 0.5 0.5024446818191040665 0.8646093578672967572 0 I I #
color-adesk-attrib $-1 -1 $-1 $-1 $2800 256 #
straight-curve $-1 -1 $-1 0.6061174053045923493 -6.81323161571904734 -0.5 0 0 1 I I #
color-adesk-attrib $-1 -1 $-1 $-1 $2801 256 #
plane-surface $-1 -1 $-1 0.3000000000000007661 -7.339999999999999858 -0.5 0.8646093578672968682 -0.5024446818191041775 0 0.5024446818191041775 0.8646093578672968682 0 forward_v I I I I #
color-adesk-attrib $-1 -1 $-1 $-1 $2809 256 #
face $3072 -1 $-1 $3073 $3074 $8 $-1 $3075 forward single #
loop $-1 -1 $-1 $-1 $3076 $2809 #
plane-surface $-1 -1 $-1 0.6061174053045932375 8.186768384280950883 -0.5 0.2913487991220282125 0.9566168915768485936 0 -0.9566168915768485936 0.2913487991220282125 0 forward_v I I I I #
coedge $-1 -1 $-1 $3077 $3078 $3079 $3080 forward $2810 $-1 #
coedge $-1 -1 $-1 $3081 $2812 $2847 $2984 reversed $2679 $-1 #
coedge $-1 -1 $-1 $2812 $3081 $2813 $2951 reversed $2679 $-1 #
coedge $-1 -1 $-1 $2815 $2850 $2812 $2949 reversed $102 $-1 #
edge $3082 -1 $-1 $2957 0 $2990 0.3200000000000000622 $2812 $3083 forward @7 unknown #
coedge $-1 -1 $-1 $2814 $2813 $3084 $3085 reversed $2546 $-1 #
edge $3086 -1 $-1 $2957 0 $3087 1 $2947 $3088 forward @7 unknown #
coedge $-1 -1 $-1 $3089 $3090 $2814 $2953 forward $2843 $-1 #
edge $3091 -1 $-1 $2956 -0.25 $3092 0.75 $2952 $3093 forward @7 unknown #
coedge $-1 -1 $-1 $3094 $2815 $3090 $3095 forward $102 $-1 #
color-adesk-attrib $-1 -1 $-1 $-1 $2816 256 #
vertex $-1 -1 $-1 $3095 $3096 #
vertex $-1 -1 $-1 $2949 $3097 #
straight-curve $-1 -1 $-1 0.3000000000000017097 8.910000000000000142 -0.5 0.5024446818191040665 0.8646093578672967572 0 F 0 F 0.6092559367855017172 #
coedge $-1 -1 $-1 $2820 $3098 $2825 $2963 forward $264 $-1 #
color-adesk-attrib $-1 -1 $-1 $-1 $2821 256 #
straight-curve $-1 -1 $-1 0.3000000000000018208 10.16000000000000014 0.5 0.5024446818191040665 0.8646093578672967572 0 I I #
point $-1 -1 $-1 0.6061174053045934595 10.68676838428095088 0.5 #
edge $3099 -1 $-1 $2982 10.15499999999999936 $2828 10.16000000000000014 $2825 $352 forward @7 unknown #
point $-1 -1 $-1 0.3000000000000018208 10.16000000000000014 0.5 #
coedge $-1 -1 $-1 $2850 $2830 $2852 $2992 reversed $102 $-1 #
coedge $-1 -1 $-1 $2845 $3100 $2830 $2967 forward $2980 $-1 #
edge $3101 -1 $-1 $3102 0 $2969 0.3200000000000000622 $2966 $3103 forward @7 unknown #
color-adesk-attrib $-1 -1 $-1 $-1 $2831 256 #
vertex $-1 -1 $-1 $2967 $3104 #
point $-1 -1 $-1 0.6061174053045934595 11.31176838428095088 -0.5 #
color-adesk-attrib $-1 -1 $-1 $-1 $2842 256 #
face $3105 -1 $-1 $3106 $3107 $8 $-1 $354 reversed single #
loop $-1 -1 $-1 $-1 $3108 $2842 #
coedge $-1 -1 $-1 $3090 $3089 $3109 $3110 forward $2843 $-1 #
coedge $-1 -1 $-1 $3111 $2844 $3112 $3113 reversed $2709 $-1 #
coedge $-1 -1 $-1 $2844 $3111 $3114 $3115 reversed $2709 $-1 #
coedge $-1 -1 $-1 $3116 $3117 $2844 $2978 reversed $3118 $-1 #
edge $3119 -1 $-1 $3120 -0.25 $3121 0.75 $2844 $3122 forward @7 unknown #
coedge $-1 -1 $-1 $3100 $2845 $3098 $3123 reversed $2980 $-1 #
loop $-1 -1 $-1 $-1 $2966 $3124 #
color-adesk-attrib $-1 -1 $-1 $-1 $2846 256 #
vertex $-1 -1 $-1 $2963 $3125 #
straight-curve $-1 -1 $-1 0.3000000000000000444 10.15500000000000114 -0.25 0 0 -1 I I #
edge $3126 -1 $-1 $2988 -0.75 $2990 0.25 $2847 $3127 forward @7 unknown #
coedge $-1 -1 $-1 $3098 $2848 $2853 $2993 forward $264 $-1 #
coedge $-1 -1 $-1 $2848 $3084 $3081 $3128 forward $264 $-1 #
color-adesk-attrib $-1 -1 $-1 $-1 $2849 256 #
vertex $-1 -1 $-1 $2849 $3129 #
color-adesk-attrib $-1 -1 $-1 $-1 $2851 256 #
vertex $-1 -1 $-1 $2949 $3130 #
coedge $-1 -1 $-1 $2853 $2852 $3100 $3131 forward $2854 $-1 #
edge $3132 -1 $-1 $2856 0 $3102 0.6092559367855017172 $2852 $3133 forward @7 unknown #
edge $3134 -1 $-1 $2857 0 $3135 0.6092559367855017172 $2853 $3136 forward @7 unknown #
face $3137 -1 $-1 $3124 $2854 $8 $-1 $3138 forward single #
point $-1 -1 $-1 0.3000000000000018208 9.535000000000000142 -0.5 #
point $-1 -1 $-1 0.3000000000000018208 9.535000000000000142 0.5 #
color-adesk-attrib $-1 -1 $-1 $-1 $2859 256 #
straight-curve $-1 -1 $-1 0.6061174053045934595 11.31176838428095088 0.5 -0.9566168915768484826 0.291348799122028157 0 I I #
color-adesk-attrib $-1 -1 $-1 $-1 $2860 256 #
plane-surface $-1 -1 $-1 0.6061174053045934595 11.31176838428095088 -0.5 0.2913487991220282125 0.9566168915768485936 0 -0.9566168915768485936 0.2913487991220282125 0 forward_v I I I I #
color-adesk-attrib $-1 -1 $-1 $-1 $2864 256 #
straight-curve $-1 -1 $-1 0.6061174053045934595 10.68676838428095088 0.5 -0.9566168915768484826 0.291348799122028157 0 I I #
color-adesk-attrib $-1 -1 $-1 $-1 $2867 256 #
straight-curve $-1 -1 $-1 0.6061174053045934595 11.31176838428095088 -0.5 0 0 1 I I #
point $-1 -1 $-1 0.6061174053045934595 11.31176838428095088 0.5 #
color-adesk-attrib $-1 -1 $-1 $-1 $2876 256 #
face $3139 -1 $-1 $3140 $3141 $8 $-1 $3142 forward single #
loop $-1 -1 $-1 $-1 $3143 $2876 #
plane-surface $-1 -1 $-1 0.3000000000000010991 -1.714999999999999858 -0.5 0.8646093578672968682 -0.5024446818191041775 0 0.5024446818191041775 0.8646093578672968682 0 forward_v I I I I #
coedge $-1 -1 $-1 $3144 $3145 $3146 $3147 forward $2877 $-1 #
coedge $-1 -1 $-1 $3148 $2879 $3145 $3149 forward $2744 $-1 #
coedge $-1 -1 $-1 $2879 $3148 $3150 $3151 reversed $2744 $-1 #
coedge $-1 -1 $-1 $3152 $3146 $2879 $3014 reversed $102 $-1 #
edge $3153 -1 $-1 $3154 0 $3155 0.6092559367855017172 $2879 $3156 forward @7 unknown #
coedge $-1 -1 $-1 $2881 $2880 $3157 $3158 reversed $2613 $-1 #
coedge $-1 -1 $-1 $3159 $3160 $2880 $3017 forward $3161 $-1 #
edge $3162 -1 $-1 $3163 -0.75 $3020 0.25 $3016 $3164 forward @7 unknown #
coedge $-1 -1 $-1 $2882 $3165 $3159 $3166 forward $102 $-1 #
color-adesk-attrib $-1 -1 $-1 $-1 $2883 256 #
vertex $-1 -1 $-1 $2883 $3167 #
straight-curve $-1 -1 $-1 0.6061174053045925714 -3.68823161571904734 -0.5 -0.9566168915768484826 0.291348799122028157 0 F 0 F 0.3200000000000000622 #
coedge $-1 -1 $-1 $3157 $3168 $2884 $3023 forward $264 $-1 #
edge $3169 -1 $-1 $3031 0 $3025 0.6092559367855017172 $2884 $3170 forward @7 unknown #
color-adesk-attrib $-1 -1 $-1 $-1 $2885 256 #
vertex $-1 -1 $-1 $2885 $3171 #
straight-curve $-1 -1 $-1 0.6061174053045925714 -3.68823161571904734 -0.5 0 0 1 I I #
coedge $-1 -1 $-1 $3172 $2886 $3168 $3173 reversed $3029 $-1 #
coedge $-1 -1 $-1 $2886 $3172 $2888 $3034 reversed $3029 $-1 #
loop $-1 -1 $-1 $-1 $2886 $3174 #
color-adesk-attrib $-1 -1 $-1 $-1 $2887 256 #
vertex $-1 -1 $-1 $3023 $3175 #
straight-curve $-1 -1 $-1 0.2999999999999999334 -4.215000000000001634 -0.25 0 0 1 I I #
coedge $-1 -1 $-1 $2901 $2888 $3176 $3177 reversed $102 $-1 #
edge $3178 -1 $-1 $2890 4.214999999999999858 $3179 4.219999999999998863 $3028 $277 forward @7 unknown #
point $-1 -1 $-1 0.3000000000000009326 -4.214999999999999858 -0.5 #
point $-1 -1 $-1 0.6061174053045925714 -3.68823161571904734 -0.5 #
coedge $-1 -1 $-1 $3180 $2893 $2896 $3041 forward $264 $-1 #
color-adesk-attrib $-1 -1 $-1 $-1 $2894 256 #
straight-curve $-1 -1 $-1 0.6061174053045924603 -4.93823161571904734 0.5 -0.9566168915768484826 0.291348799122028157 0 I I #
coedge $-1 -1 $-1 $2896 $2895 $3181 $3182 forward $2897 $-1 #
edge $3183 -1 $-1 $2899 -4.844999999999998863 $3184 -4.839999999999999858 $2896 $352 forward @7 unknown #
face $3185 -1 $-1 $2646 $2897 $8 $-1 $354 reversed single #
point $-1 -1 $-1 0.3000000000000008771 -4.844999999999998863 0.5 #
coedge $-1 -1 $-1 $3186 $3181 $2901 $3045 forward $3187 $-1 #
edge $3188 -1 $-1 $3047 0 $3189 0.6092559367855017172 $3044 $3190 forward @7 unknown #
color-adesk-attrib $-1 -1 $-1 $-1 $2902 256 #
vertex $-1 -1 $-1 $2902 $3191 #
coedge $-1 -1 $-1 $2904 $2916 $3192 $3193 forward $264 $-1 #
coedge $-1 -1 $-1 $3192 $2912 $2908 $3050 reversed $3055 $-1 #
edge $3194 -1 $-1 $3052 -0.75 $2915 0.25 $2908 $3195 forward @7 unknown #
color-adesk-attrib $-1 -1 $-1 $-1 $2909 256 #
vertex $-1 -1 $-1 $2909 $3196 #
color-adesk-attrib $-1 -1 $-1 $-1 $2910 256 #
coedge $-1 -1 $-1 $2912 $3192 $2922 $3064 reversed $3055 $-1 #
loop $-1 -1 $-1 $-1 $2912 $3197 #
color-adesk-attrib $-1 -1 $-1 $-1 $2913 256 #
straight-curve $-1 -1 $-1 0.6061174053045923493 -5.56323161571904734 -0.5 -0.9566168915768484826 0.291348799122028157 0 F 0 F 0.3200000000000000622 #
point $-1 -1 $-1 0.3000000000000008216 -5.469999999999998863 -0.5 #
coedge $-1 -1 $-1 $2917 $2922 $2916 $3060 reversed $2923 $-1 #
edge $3198 -1 $-1 $2920 0 $3199 0.6092559367855017172 $3059 $3200 forward @7 unknown #
color-adesk-attrib $-1 -1 $-1 $-1 $2918 256 #
straight-curve $-1 -1 $-1 0.2999999999999998224 -6.090000000000002522 -0.25 0 0 1 I I #
point $-1 -1 $-1 0.3000000000000008216 -6.089999999999999858 0.5 #
edge $3201 -1 $-1 $2925 0 $3199 1 $3054 $3202 forward @7 unknown #
face $3203 -1 $-1 $3197 $2923 $8 $-1 $3204 forward single #
point $-1 -1 $-1 0.6061174053045923493 -5.56323161571904734 -0.5 #
color-adesk-attrib $-1 -1 $-1 $-1 $2929 256 #
straight-curve $-1 -1 $-1 0.6061174053045923493 -6.81323161571904734 0.5 -0.9566168915768484826 0.291348799122028157 0 I I #
color-adesk-attrib $-1 -1 $-1 $-1 $2933 256 #
plane-surface $-1 -1 $-1 0.6061174053045923493 -6.81323161571904734 -0.5 0.2913487991220282125 0.9566168915768485936 0 -0.9566168915768485936 0.2913487991220282125 0 forward_v I I I I #
point $-1 -1 $-1 0.6061174053045923493 -6.81323161571904734 0.5 #
color-adesk-attrib $-1 -1 $-1 $-1 $2942 256 #
face $3205 -1 $-1 $3206 $3207 $8 $-1 $3208 forward single #
loop $-1 -1 $-1 $-1 $3209 $2942 #
plane-surface $-1 -1 $-1 0.3000000000000015987 6.410000000000000142 -0.5 0.8646093578672968682 -0.5024446818191041775 0 0.5024446818191041775 0.8646093578672968682 0 forward_v I I I I #
coedge $-1 -1 $-1 $3210 $3211 $3212 $3213 forward $2943 $-1 #
coedge $-1 -1 $-1 $3214 $2945 $3211 $3215 forward $2810 $-1 #
coedge $-1 -1 $-1 $2945 $3214 $3216 $3217 reversed $2810 $-1 #
coedge $-1 -1 $-1 $3218 $3212 $2945 $3080 reversed $102 $-1 #
edge $3219 -1 $-1 $3220 0 $3221 0.6092559367855017172 $2945 $3222 forward @7 unknown #
coedge $-1 -1 $-1 $2947 $2946 $2986 $3128 reversed $2679 $-1 #
color-adesk-attrib $-1 -1 $-1 $-1 $2949 256 #
straight-curve $-1 -1 $-1 0.6061174053045932375 9.436768384280950883 -0.5 -0.9566168915768484826 0.291348799122028157 0 F 0 F 0.3200000000000000622 #
coedge $-1 -1 $-1 $2986 $3223 $2950 $3085 forward $264 $-1 #
edge $3224 -1 $-1 $3092 0 $3087 0.6092559367855017172 $2950 $3225 forward @7 unknown #
color-adesk-attrib $-1 -1 $-1 $-1 $2951 256 #
vertex $-1 -1 $-1 $2951 $3226 #
straight-curve $-1 -1 $-1 0.6061174053045932375 9.436768384280950883 -0.5 0 0 1 I I #
coedge $-1 -1 $-1 $2974 $2952 $3223 $3227 reversed $2843 $-1 #
coedge $-1 -1 $-1 $2952 $2974 $2954 $3095 reversed $2843 $-1 #
color-adesk-attrib $-1 -1 $-1 $-1 $2953 256 #
vertex $-1 -1 $-1 $3085 $3228 #
straight-curve $-1 -1 $-1 0.3000000000000002665 8.909999999999998366 -0.25 0 0 1 I I #
coedge $-1 -1 $-1 $3229 $2954 $3230 $3231 reversed $102 $-1 #
edge $3232 -1 $-1 $2956 -8.910000000000000142 $3233 -8.904999999999999361 $3090 $277 forward @7 unknown #
point $-1 -1 $-1 0.3000000000000017097 8.910000000000000142 -0.5 #
point $-1 -1 $-1 0.6061174053045932375 9.436768384280950883 -0.5 #
coedge $-1 -1 $-1 $2959 $2985 $2979 $3123 forward $264 $-1 #
color-adesk-attrib $-1 -1 $-1 $-1 $2963 256 #
coedge $-1 -1 $-1 $2966 $2979 $2991 $3131 reversed $2980 $-1 #
color-adesk-attrib $-1 -1 $-1 $-1 $2967 256 #
vertex $-1 -1 $-1 $2967 $3234 #
straight-curve $-1 -1 $-1 0.6061174053045934595 10.06176838428095088 -0.5 -0.9566168915768484826 0.291348799122028157 0 F 0 F 0.3200000000000000622 #
point $-1 -1 $-1 0.3000000000000018208 10.15499999999999936 -0.5 #
color-adesk-attrib $-1 -1 $-1 $-1 $2972 256 #
face $3235 -1 $-1 $3236 $3237 $8 $-1 $354 reversed single #
loop $-1 -1 $-1 $-1 $3238 $2972 #
coedge $-1 -1 $-1 $3239 $3240 $3241 $3242 forward $2973 $-1 #
coedge $-1 -1 $-1 $3243 $3230 $2974 $3110 reversed $3244 $-1 #
edge $3245 -1 $-1 $3246 -0.75 $3233 0.25 $2974 $3247 forward @7 unknown #
coedge $-1 -1 $-1 $2976 $2975 $3210 $3248 forward $2709 $-1 #
coedge $-1 -1 $-1 $3249 $3250 $2975 $3113 forward $264 $-1 #
edge $3251 -1 $-1 $3252 8.279999999999999361 $3121 8.285000000000000142 $2975 $352 forward @7 unknown #
coedge $-1 -1 $-1 $3212 $3229 $2976 $3115 forward $102 $-1 #
edge $3253 -1 $-1 $3120 -8.285000000000000142 $3254 -8.279999999999999361 $2976 $277 forward @7 unknown #
coedge $-1 -1 $-1 $3255 $2977 $3229 $3256 forward $3118 $-1 #
coedge $-1 -1 $-1 $2977 $3255 $3249 $3257 reversed $3118 $-1 #
loop $-1 -1 $-1 $-1 $3116 $3258 #
color-adesk-attrib $-1 -1 $-1 $-1 $2978 256 #
vertex $-1 -1 $-1 $3115 $3259 #
vertex $-1 -1 $-1 $3257 $3260 #
straight-curve $-1 -1 $-1 0.3000000000000002665 8.284999999999998366 -0.25 0 0 1 I I #
edge $3261 -1 $-1 $3135 0 $2982 0.3200000000000000622 $2979 $3262 forward @7 unknown #
face $3263 -1 $-1 $2730 $2980 $8 $-1 $3264 forward single #
point $-1 -1 $-1 0.3000000000000018208 10.15499999999999936 0.5 #
color-adesk-attrib $-1 -1 $-1 $-1 $2984 256 #
straight-curve $-1 -1 $-1 0.2999999999999998224 9.530000000000001137 -0.25 0 0 -1 I I #
edge $3265 -1 $-1 $3087 0 $2988 0.3200000000000000622 $3081 $3266 forward @7 unknown #
point $-1 -1 $-1 0.3000000000000017097 9.529999999999999361 0.5 #
point $-1 -1 $-1 0.3000000000000017097 9.529999999999999361 -0.5 #
edge $3267 -1 $-1 $3102 0 $3135 1 $3100 $3268 forward @7 unknown #
color-adesk-attrib $-1 -1 $-1 $-1 $2992 256 #
straight-curve $-1 -1 $-1 0.3000000000000018208 9.535000000000000142 -0.5 0.5024446818191040665 0.8646093578672967572 0 F 0 F 0.6092559367855017172 #
color-adesk-attrib $-1 -1 $-1 $-1 $2993 256 #
vertex $-1 -1 $-1 $3131 $3269 #
straight-curve $-1 -1 $-1 0.3000000000000018208 9.535000000000000142 0.5 0.5024446818191040665 0.8646093578672967572 0 I I #
color-adesk-attrib $-1 -1 $-1 $-1 $2994 256 #
plane-surface $-1 -1 $-1 0.3000000000000018208 9.535000000000000142 -0.5 0.8646093578672968682 -0.5024446818191041775 0 0.5024446818191041775 0.8646093578672968682 0 forward_v I I I I #
color-adesk-attrib $-1 -1 $-1 $-1 $3007 256 #
face $3270 -1 $-1 $3271 $3272 $8 $-1 $3273 forward single #
loop $-1 -1 $-1 $-1 $3274 $3007 #
plane-surface $-1 -1 $-1 0.6061174053045926824 -1.18823161571904734 -0.5 0.2913487991220282125 0.9566168915768485936 0 -0.9566168915768485936 0.2913487991220282125 0 forward_v I I I I #
coedge $-1 -1 $-1 $3275 $3276 $3277 $3278 forward $3008 $-1 #
coedge $-1 -1 $-1 $3279 $3010 $3280 $3281 reversed $2877 $-1 #
coedge $-1 -1 $-1 $3010 $3279 $3011 $3149 reversed $2877 $-1 #
coedge $-1 -1 $-1 $3013 $3282 $3010 $3147 reversed $102 $-1 #
edge $3283 -1 $-1 $3155 0 $3284 0.3200000000000000622 $3010 $3285 forward @7 unknown #
coedge $-1 -1 $-1 $3012 $3011 $3286 $3287 reversed $2744 $-1 #
edge $3288 -1 $-1 $3155 0 $3289 1 $3145 $3290 forward @7 unknown #
coedge $-1 -1 $-1 $3291 $3292 $3012 $3151 forward $3293 $-1 #
edge $3294 -1 $-1 $3154 -0.25 $3295 0.75 $3150 $3296 forward @7 unknown #
coedge $-1 -1 $-1 $3297 $3013 $3292 $3298 forward $102 $-1 #
color-adesk-attrib $-1 -1 $-1 $-1 $3014 256 #
vertex $-1 -1 $-1 $3298 $3299 #
vertex $-1 -1 $-1 $3147 $3300 #
straight-curve $-1 -1 $-1 0.3000000000000010436 -2.964999999999999858 -0.5 0.5024446818191040665 0.8646093578672967572 0 F 0 F 0.6092559367855017172 #
coedge $-1 -1 $-1 $3301 $3022 $3015 $3158 forward $264 $-1 #
edge $3302 -1 $-1 $3025 0 $3163 0.3200000000000000622 $3015 $3303 forward @7 unknown #
coedge $-1 -1 $-1 $3304 $3016 $3018 $3166 reversed $3161 $-1 #
coedge $-1 -1 $-1 $3016 $3304 $3301 $3305 reversed $3161 $-1 #
loop $-1 -1 $-1 $-1 $3016 $3306 #
color-adesk-attrib $-1 -1 $-1 $-1 $3017 256 #
vertex $-1 -1 $-1 $3305 $3307 #
straight-curve $-1 -1 $-1 0.3000000000000000444 -3.594999999999997975 -0.25 0 0 -1 I I #
coedge $-1 -1 $-1 $3018 $3297 $3308 $3309 reversed $102 $-1 #
edge $3310 -1 $-1 $3311 3.589999999999999858 $3020 3.594999999999998863 $3159 $277 forward @7 unknown #
point $-1 -1 $-1 0.3000000000000009326 -3.594999999999998863 -0.5 #
coedge $-1 -1 $-1 $3022 $3312 $3027 $3173 forward $264 $-1 #
color-adesk-attrib $-1 -1 $-1 $-1 $3023 256 #
straight-curve $-1 -1 $-1 0.3000000000000009326 -4.214999999999999858 0.5 0.5024446818191040665 0.8646093578672967572 0 I I #
point $-1 -1 $-1 0.6061174053045925714 -3.68823161571904734 0.5 #
coedge $-1 -1 $-1 $3028 $3027 $3313 $3314 forward $3029 $-1 #
edge $3315 -1 $-1 $3316 -4.219999999999998863 $3031 -4.214999999999999858 $3027 $352 forward @7 unknown #
face $3317 -1 $-1 $3306 $3029 $8 $-1 $354 reversed single #
point $-1 -1 $-1 0.3000000000000009326 -4.214999999999999858 0.5 #
coedge $-1 -1 $-1 $3313 $3318 $3033 $3177 forward $3319 $-1 #
edge $3320 -1 $-1 $3189 0 $3179 0.3200000000000000622 $3176 $3321 forward @7 unknown #
color-adesk-attrib $-1 -1 $-1 $-1 $3034 256 #
vertex $-1 -1 $-1 $3177 $3322 #
coedge $-1 -1 $-1 $3312 $3037 $3323 $3324 forward $264 $-1 #
coedge $-1 -1 $-1 $3044 $3323 $3040 $3182 reversed $3187 $-1 #
edge $3325 -1 $-1 $3047 -0.25 $3184 0.75 $3040 $3326 forward @7 unknown #
color-adesk-attrib $-1 -1 $-1 $-1 $3041 256 #
vertex $-1 -1 $-1 $3324 $3327 #
color-adesk-attrib $-1 -1 $-1 $-1 $3042 256 #
coedge $-1 -1 $-1 $3323 $3044 $3318 $3328 forward $3187 $-1 #
loop $-1 -1 $-1 $-1 $3044 $3329 #
color-adesk-attrib $-1 -1 $-1 $-1 $3045 256 #
vertex $-1 -1 $-1 $3177 $3330 #
straight-curve $-1 -1 $-1 0.3000000000000009326 -4.839999999999999858 -0.5 0.5024446818191040665 0.8646093578672967572 0 F 0 F 0.6092559367855017172 #
point $-1 -1 $-1 0.3000000000000009326 -4.839999999999999858 -0.5 #
coedge $-1 -1 $-1 $3054 $3049 $3048 $3193 reversed $3055 $-1 #
edge $3331 -1 $-1 $3199 0 $3052 0.3200000000000000622 $3192 $3332 forward @7 unknown #
color-adesk-attrib $-1 -1 $-1 $-1 $3050 256 #
straight-curve $-1 -1 $-1 0.3000000000000001554 -5.469999999999997975 -0.25 0 0 -1 I I #
point $-1 -1 $-1 0.3000000000000008216 -5.469999999999998863 0.5 #
face $3333 -1 $-1 $2801 $3055 $8 $-1 $3334 forward single #
color-adesk-attrib $-1 -1 $-1 $-1 $3060 256 #
vertex $-1 -1 $-1 $3064 $3335 #
straight-curve $-1 -1 $-1 0.3000000000000008216 -6.089999999999999858 0.5 0.5024446818191040665 0.8646093578672967572 0 I I #
color-adesk-attrib $-1 -1 $-1 $-1 $3064 256 #
straight-curve $-1 -1 $-1 0.6061174053045923493 -5.56323161571904734 -0.5 0 0 1 I I #
color-adesk-attrib $-1 -1 $-1 $-1 $3065 256 #
plane-surface $-1 -1 $-1 0.3000000000000008216 -6.089999999999999858 -0.5 0.8646093578672968682 -0.5024446818191041775 0 0.5024446818191041775 0.8646093578672968682 0 forward_v I I I I #
color-adesk-attrib $-1 -1 $-1 $-1 $3073 256 #
face $3336 -1 $-1 $3337 $3338 $8 $-1 $3339 forward single #
loop $-1 -1 $-1 $-1 $3340 $3073 #
plane-surface $-1 -1 $-1 0.6061174053045932375 6.936768384280950883 -0.5 0.2913487991220282125 0.9566168915768485936 0 -0.9566168915768485936 0.2913487991220282125 0 forward_v I I I I #
coedge $-1 -1 $-1 $3341 $3342 $3343 $3344 forward $3074 $-1 #
coedge $-1 -1 $-1 $3345 $3076 $3111 $3248 reversed $2943 $-1 #
coedge $-1 -1 $-1 $3076 $3345 $3077 $3215 reversed $2943 $-1 #
coedge $-1 -1 $-1 $3079 $3114 $3076 $3213 reversed $102 $-1 #
edge $3346 -1 $-1 $3221 0 $3254 0.3200000000000000622 $3076 $3347 forward @7 unknown #
coedge $-1 -1 $-1 $3078 $3077 $3348 $3349 reversed $2810 $-1 #
edge $3350 -1 $-1 $3221 0 $3351 1 $3211 $3352 forward @7 unknown #
coedge $-1 -1 $-1 $3353 $3354 $3078 $3217 forward $3107 $-1 #
edge $3355 -1 $-1 $3220 -0.25 $3356 0.75 $3216 $3357 forward @7 unknown #
coedge $-1 -1 $-1 $3358 $3079 $3354 $3359 forward $102 $-1 #
color-adesk-attrib $-1 -1 $-1 $-1 $3080 256 #
vertex $-1 -1 $-1 $3359 $3360 #
vertex $-1 -1 $-1 $3213 $3361 #
straight-curve $-1 -1 $-1 0.3000000000000017097 7.660000000000000142 -0.5 0.5024446818191040665 0.8646093578672967572 0 F 0 F 0.6092559367855017172 #
coedge $-1 -1 $-1 $3084 $3362 $3089 $3227 forward $264 $-1 #
color-adesk-attrib $-1 -1 $-1 $-1 $3085 256 #
straight-curve $-1 -1 $-1 0.3000000000000017097 8.910000000000000142 0.5 0.5024446818191040665 0.8646093578672967572 0 I I #
point $-1 -1 $-1 0.6061174053045932375 9.436768384280950883 0.5 #
edge $3363 -1 $-1 $3246 8.904999999999999361 $3092 8.910000000000000142 $3089 $352 forward @7 unknown #
point $-1 -1 $-1 0.3000000000000017097 8.910000000000000142 0.5 #
coedge $-1 -1 $-1 $3114 $3094 $3116 $3256 reversed $102 $-1 #
coedge $-1 -1 $-1 $3109 $3364 $3094 $3231 forward $3244 $-1 #
edge $3365 -1 $-1 $3366 0 $3233 0.3200000000000000622 $3230 $3367 forward @7 unknown #
color-adesk-attrib $-1 -1 $-1 $-1 $3095 256 #
vertex $-1 -1 $-1 $3231 $3368 #
point $-1 -1 $-1 0.6061174053045934595 10.06176838428095088 -0.5 #
color-adesk-attrib $-1 -1 $-1 $-1 $3106 256 #
face $3369 -1 $-1 $3370 $3371 $8 $-1 $354 reversed single #
loop $-1 -1 $-1 $-1 $3372 $3106 #
coedge $-1 -1 $-1 $3354 $3353 $3373 $3374 forward $3107 $-1 #
coedge $-1 -1 $-1 $3375 $3108 $3376 $3377 reversed $2973 $-1 #
coedge $-1 -1 $-1 $3108 $3375 $3378 $3379 reversed $2973 $-1 #
coedge $-1 -1 $-1 $3380 $3381 $3108 $3242 reversed $3382 $-1 #
edge $3383 -1 $-1 $3384 -0.25 $3385 0.75 $3108 $3386 forward @7 unknown #
coedge $-1 -1 $-1 $3364 $3109 $3362 $3387 reversed $3244 $-1 #
loop $-1 -1 $-1 $-1 $3230 $3388 #
color-adesk-attrib $-1 -1 $-1 $-1 $3110 256 #
vertex $-1 -1 $-1 $3227 $3389 #
straight-curve $-1 -1 $-1 0.3000000000000000444 8.905000000000001137 -0.25 0 0 -1 I I #
edge $3390 -1 $-1 $3252 -0.75 $3254 0.25 $3111 $3391 forward @7 unknown #
coedge $-1 -1 $-1 $3362 $3112 $3117 $3257 forward $264 $-1 #
coedge $-1 -1 $-1 $3112 $3348 $3345 $3392 forward $264 $-1 #
color-adesk-attrib $-1 -1 $-1 $-1 $3113 256 #
vertex $-1 -1 $-1 $3113 $3393 #
color-adesk-attrib $-1 -1 $-1 $-1 $3115 256 #
vertex $-1 -1 $-1 $3213 $3394 #
coedge $-1 -1 $-1 $3117 $3116 $3364 $3395 forward $3118 $-1 #
edge $3396 -1 $-1 $3120 0 $3366 0.6092559367855017172 $3116 $3397 forward @7 unknown #
edge $3398 -1 $-1 $3121 0 $3399 0.6092559367855017172 $3117 $3400 forward @7 unknown #
face $3401 -1 $-1 $3388 $3118 $8 $-1 $3402 forward single #
point $-1 -1 $-1 0.3000000000000017097 8.285000000000000142 -0.5 #
point $-1 -1 $-1 0.3000000000000017097 8.285000000000000142 0.5 #
color-adesk-attrib $-1 -1 $-1 $-1 $3123 256 #
straight-curve $-1 -1 $-1 0.6061174053045934595 10.06176838428095088 0.5 -0.9566168915768484826 0.291348799122028157 0 I I #
color-adesk-attrib $-1 -1 $-1 $-1 $3124 256 #
plane-surface $-1 -1 $-1 0.6061174053045934595 10.06176838428095088 -0.5 0.2913487991220282125 0.9566168915768485936 0 -0.9566168915768485936 0.2913487991220282125 0 forward_v I I I I #
color-adesk-attrib $-1 -1 $-1 $-1 $3128 256 #
straight-curve $-1 -1 $-1 0.6061174053045932375 9.436768384280950883 0.5 -0.9566168915768484826 0.291348799122028157 0 I I #
color-adesk-attrib $-1 -1 $-1 $-1 $3131 256 #
straight-curve $-1 -1 $-1 0.6061174053045934595 10.06176838428095088 -0.5 0 0 1 I I #
point $-1 -1 $-1 0.6061174053045934595 10.06176838428095088 0.5 #
color-adesk-attrib $-1 -1 $-1 $-1 $3140 256 #
face $3403 -1 $-1 $3404 $3405 $8 $-1 $3406 forward single #
loop $-1 -1 $-1 $-1 $3407 $3140 #
plane-surface $-1 -1 $-1 0.3000000000000011546 -0.4649999999999998579 -0.5 0.8646093578672968682 -0.5024446818191041775 0 0.5024446818191041775 0.8646093578672968682 0 forward_v I I I I #
coedge $-1 -1 $-1 $3408 $3409 $3410 $3411 forward $3141 $-1 #
coedge $-1 -1 $-1 $3412 $3143 $3409 $3413 forward $3008 $-1 #
coedge $-1 -1 $-1 $3143 $3412 $3414 $3415 reversed $3008 $-1 #
coedge $-1 -1 $-1 $3416 $3410 $3143 $3278 reversed $102 $-1 #
edge $3417 -1 $-1 $3418 0 $3419 0.6092559367855017172 $3143 $3420 forward @7 unknown #
coedge $-1 -1 $-1 $3145 $3144 $3421 $3422 reversed $2877 $-1 #
coedge $-1 -1 $-1 $3423 $3424 $3144 $3281 forward $3425 $-1 #
edge $3426 -1 $-1 $3427 -0.75 $3284 0.25 $3280 $3428 forward @7 unknown #
coedge $-1 -1 $-1 $3146 $3429 $3423 $3430 forward $102 $-1 #
color-adesk-attrib $-1 -1 $-1 $-1 $3147 256 #
vertex $-1 -1 $-1 $3147 $3431 #
straight-curve $-1 -1 $-1 0.6061174053045925714 -2.43823161571904734 -0.5 -0.9566168915768484826 0.291348799122028157 0 F 0 F 0.3200000000000000622 #
coedge $-1 -1 $-1 $3421 $3432 $3148 $3287 forward $264 $-1 #
edge $3433 -1 $-1 $3295 0 $3289 0.6092559367855017172 $3148 $3434 forward @7 unknown #
color-adesk-attrib $-1 -1 $-1 $-1 $3149 256 #
vertex $-1 -1 $-1 $3149 $3435 #
straight-curve $-1 -1 $-1 0.6061174053045925714 -2.43823161571904734 -0.5 0 0 1 I I #
coedge $-1 -1 $-1 $3436 $3150 $3432 $3437 reversed $3293 $-1 #
coedge $-1 -1 $-1 $3150 $3436 $3152 $3298 reversed $3293 $-1 #
loop $-1 -1 $-1 $-1 $3150 $3438 #
color-adesk-attrib $-1 -1 $-1 $-1 $3151 256 #
vertex $-1 -1 $-1 $3287 $3439 #
straight-curve $-1 -1 $-1 0.2999999999999998224 -2.965000000000002522 -0.25 0 0 1 I I #
coedge $-1 -1 $-1 $3165 $3152 $3440 $3441 reversed $102 $-1 #
edge $3442 -1 $-1 $3154 2.964999999999999858 $3443 2.969999999999998863 $3292 $277 forward @7 unknown #
point $-1 -1 $-1 0.3000000000000010436 -2.964999999999999858 -0.5 #
point $-1 -1 $-1 0.6061174053045925714 -2.43823161571904734 -0.5 #
coedge $-1 -1 $-1 $3444 $3157 $3160 $3305 forward $264 $-1 #
color-adesk-attrib $-1 -1 $-1 $-1 $3158 256 #
straight-curve $-1 -1 $-1 0.6061174053045925714 -3.68823161571904734 0.5 -0.9566168915768484826 0.291348799122028157 0 I I #
coedge $-1 -1 $-1 $3160 $3159 $3445 $3446 forward $3161 $-1 #
edge $3447 -1 $-1 $3163 -3.594999999999998863 $3448 -3.589999999999999858 $3160 $352 forward @7 unknown #
face $3449 -1 $-1 $2910 $3161 $8 $-1 $354 reversed single #
point $-1 -1 $-1 0.3000000000000009326 -3.594999999999998863 0.5 #
coedge $-1 -1 $-1 $3450 $3445 $3165 $3309 forward $3451 $-1 #
edge $3452 -1 $-1 $3311 0 $3453 0.6092559367855017172 $3308 $3454 forward @7 unknown #
color-adesk-attrib $-1 -1 $-1 $-1 $3166 256 #
vertex $-1 -1 $-1 $3166 $3455 #
coedge $-1 -1 $-1 $3168 $3180 $3456 $3457 forward $264 $-1 #
coedge $-1 -1 $-1 $3456 $3176 $3172 $3314 reversed $3319 $-1 #
edge $3458 -1 $-1 $3316 -0.75 $3179 0.25 $3172 $3459 forward @7 unknown #
color-adesk-attrib $-1 -1 $-1 $-1 $3173 256 #
vertex $-1 -1 $-1 $3173 $3460 #
color-adesk-attrib $-1 -1 $-1 $-1 $3174 256 #
coedge $-1 -1 $-1 $3176 $3456 $3186 $3328 reversed $3319 $-1 #
loop $-1 -1 $-1 $-1 $3176 $3461 #
color-adesk-attrib $-1 -1 $-1 $-1 $3177 256 #
straight-curve $-1 -1 $-1 0.6061174053045925714 -4.31323161571904734 -0.5 -0.9566168915768484826 0.291348799122028157 0 F 0 F 0.3200000000000000622 #
point $-1 -1 $-1 0.3000000000000009326 -4.219999999999998863 -0.5 #
coedge $-1 -1 $-1 $3181 $3186 $3180 $3324 reversed $3187 $-1 #
edge $3462 -1 $-1 $3184 0 $3463 0.6092559367855017172 $3323 $3464 forward @7 unknown #
color-adesk-attrib $-1 -1 $-1 $-1 $3182 256 #
straight-curve $-1 -1 $-1 0.3000000000000000444 -4.840000000000001634 -0.25 0 0 1 I I #
point $-1 -1 $-1 0.3000000000000009326 -4.839999999999999858 0.5 #
edge $3465 -1 $-1 $3189 0 $3463 1 $3318 $3466 forward @7 unknown #
face $3467 -1 $-1 $3461 $3187 $8 $-1 $3468 forward single #
point $-1 -1 $-1 0.6061174053045925714 -4.31323161571904734 -0.5 #
color-adesk-attrib $-1 -1 $-1 $-1 $3193 256 #
straight-curve $-1 -1 $-1 0.6061174053045923493 -5.56323161571904734 0.5 -0.9566168915768484826 0.291348799122028157 0 I I #
color-adesk-attrib $-1 -1 $-1 $-1 $3197 256 #
plane-surface $-1 -1 $-1 0.6061174053045923493 -5.56323161571904734 -0.5 0.2913487991220282125 0.9566168915768485936 0 -0.9566168915768485936 0.2913487991220282125 0 forward_v I I I I #
point $-1 -1 $-1 0.6061174053045923493 -5.56323161571904734 0.5 #
color-adesk-attrib $-1 -1 $-1 $-1 $3206 256 #
face $3469 -1 $-1 $3470 $3471 $8 $-1 $3472 forward single #
loop $-1 -1 $-1 $-1 $3473 $3206 #
plane-surface $-1 -1 $-1 0.3000000000000014877 5.160000000000000142 -0.5 0.8646093578672968682 -0.5024446818191041775 0 0.5024446818191041775 0.8646093578672968682 0 forward_v I I I I #
coedge $-1 -1 $-1 $3474 $3475 $3476 $3477 forward $3207 $-1 #
coedge $-1 -1 $-1 $3478 $3209 $3475 $3479 forward $3074 $-1 #
coedge $-1 -1 $-1 $3209 $3478 $3480 $3481 reversed $3074 $-1 #
coedge $-1 -1 $-1 $3482 $3476 $3209 $3344 reversed $102 $-1 #
edge $3483 -1 $-1 $3484 0 $3485 0.6092559367855017172 $3209 $3486 forward @7 unknown #
coedge $-1 -1 $-1 $3211 $3210 $3250 $3392 reversed $2943 $-1 #
color-adesk-attrib $-1 -1 $-1 $-1 $3213 256 #
straight-curve $-1 -1 $-1 0.6061174053045932375 8.186768384280950883 -0.5 -0.9566168915768484826 0.291348799122028157 0 F 0 F 0.3200000000000000622 #
coedge $-1 -1 $-1 $3250 $3487 $3214 $3349 forward $264 $-1 #
edge $3488 -1 $-1 $3356 0 $3351 0.6092559367855017172 $3214 $3489 forward @7 unknown #
color-adesk-attrib $-1 -1 $-1 $-1 $3215 256 #
vertex $-1 -1 $-1 $3215 $3490 #
straight-curve $-1 -1 $-1 0.6061174053045932375 8.186768384280950883 -0.5 0 0 1 I I #
coedge $-1 -1 $-1 $3238 $3216 $3487 $3491 reversed $3107 $-1 #
coedge $-1 -1 $-1 $3216 $3238 $3218 $3359 reversed $3107 $-1 #
color-adesk-attrib $-1 -1 $-1 $-1 $3217 256 #
vertex $-1 -1 $-1 $3349 $3492 #
straight-curve $-1 -1 $-1 0.3000000000000002665 7.659999999999998366 -0.25 0 0 1 I I #
coedge $-1 -1 $-1 $3493 $3218 $3494 $3495 reversed $102 $-1 #
edge $3496 -1 $-1 $3220 -7.660000000000000142 $3497 -7.654999999999999361 $3354 $277 forward @7 unknown #
point $-1 -1 $-1 0.3000000000000017097 7.660000000000000142 -0.5 #
point $-1 -1 $-1 0.6061174053045932375 8.186768384280950883 -0.5 #
coedge $-1 -1 $-1 $3223 $3249 $3243 $3387 forward $264 $-1 #
color-adesk-attrib $-1 -1 $-1 $-1 $3227 256 #
coedge $-1 -1 $-1 $3230 $3243 $3255 $3395 reversed $3244 $-1 #
color-adesk-attrib $-1 -1 $-1 $-1 $3231 256 #
vertex $-1 -1 $-1 $3231 $3498 #
straight-curve $-1 -1 $-1 0.6061174053045932375 8.811768384280950883 -0.5 -0.9566168915768484826 0.291348799122028157 0 F 0 F 0.3200000000000000622 #
point $-1 -1 $-1 0.3000000000000017097 8.904999999999999361 -0.5 #
color-adesk-attrib $-1 -1 $-1 $-1 $3236 256 #
face $3499 -1 $-1 $3500 $3501 $8 $-1 $354 reversed single #
loop $-1 -1 $-1 $-1 $3502 $3236 #
coedge $-1 -1 $-1 $3503 $3504 $3505 $3506 forward $3237 $-1 #
coedge $-1 -1 $-1 $3507 $3494 $3238 $3374 reversed $3508 $-1 #
edge $3509 -1 $-1 $3510 -0.75 $3497 0.25 $3238 $3511 forward @7 unknown #
coedge $-1 -1 $-1 $3240 $3239 $3474 $3512 forward $2973 $-1 #
coedge $-1 -1 $-1 $3513 $3514 $3239 $3377 forward $264 $-1 #
edge $3515 -1 $-1 $3516 7.029999999999999361 $3385 7.035000000000000142 $3239 $352 forward @7 unknown #
coedge $-1 -1 $-1 $3476 $3493 $3240 $3379 forward $102 $-1 #
edge $3517 -1 $-1 $3384 -7.035000000000000142 $3518 -7.029999999999999361 $3240 $277 forward @7 unknown #
coedge $-1 -1 $-1 $3519 $3241 $3493 $3520 forward $3382 $-1 #
coedge $-1 -1 $-1 $3241 $3519 $3513 $3521 reversed $3382 $-1 #
loop $-1 -1 $-1 $-1 $3380 $3522 #
color-adesk-attrib $-1 -1 $-1 $-1 $3242 256 #
vertex $-1 -1 $-1 $3379 $3523 #
vertex $-1 -1 $-1 $3521 $3524 #
straight-curve $-1 -1 $-1 0.3000000000000002665 7.035000000000000142 -0.25 0 0 1 I I #
edge $3525 -1 $-1 $3399 0 $3246 0.3200000000000000622 $3243 $3526 forward @7 unknown #
face $3527 -1 $-1 $2994 $3244 $8 $-1 $3528 forward single #
point $-1 -1 $-1 0.3000000000000017097 8.904999999999999361 0.5 #
color-adesk-attrib $-1 -1 $-1 $-1 $3248 256 #
straight-curve $-1 -1 $-1 0.3000000000000000444 8.280000000000001137 -0.25 0 0 -1 I I #
edge $3529 -1 $-1 $3351 0 $3252 0.3200000000000000622 $3345 $3530 forward @7 unknown #
point $-1 -1 $-1 0.3000000000000017097 8.279999999999999361 0.5 #
point $-1 -1 $-1 0.3000000000000017097 8.279999999999999361 -0.5 #
edge $3531 -1 $-1 $3366 0 $3399 1 $3364 $3532 forward @7 unknown #
color-adesk-attrib $-1 -1 $-1 $-1 $3256 256 #
straight-curve $-1 -1 $-1 0.3000000000000017097 8.285000000000000142 -0.5 0.5024446818191040665 0.8646093578672967572 0 F 0 F 0.6092559367855017172 #
color-adesk-attrib $-1 -1 $-1 $-1 $3257 256 #
vertex $-1 -1 $-1 $3395 $3533 #
straight-curve $-1 -1 $-1 0.3000000000000017097 8.285000000000000142 0.5 0.5024446818191040665 0.8646093578672967572 0 I I #
color-adesk-attrib $-1 -1 $-1 $-1 $3258 256 #
plane-surface $-1 -1 $-1 0.3000000000000017097 8.285000000000000142 -0.5 0.8646093578672968682 -0.5024446818191041775 0 0.5024446818191041775 0.8646093578672968682 0 forward_v I I I I #
color-adesk-attrib $-1 -1 $-1 $-1 $3271 256 #
face $3534 -1 $-1 $3535 $3536 $8 $-1 $3537 forward single #
loop $-1 -1 $-1 $-1 $3538 $3271 #
plane-surface $-1 -1 $-1 0.6061174053045927934 0.06176838428095265954 -0.5 0.2913487991220282125 0.9566168915768485936 0 -0.9566168915768485936 0.2913487991220282125 0 forward_v I I I I #
coedge $-1 -1 $-1 $3539 $3540 $3541 $3542 forward $3272 $-1 #
coedge $-1 -1 $-1 $3543 $3274 $3544 $3545 reversed $3141 $-1 #
coedge $-1 -1 $-1 $3274 $3543 $3275 $3413 reversed $3141 $-1 #
coedge $-1 -1 $-1 $3277 $3546 $3274 $3411 reversed $102 $-1 #
edge $3547 -1 $-1 $3419 0 $3548 0.3200000000000000622 $3274 $3549 forward @7 unknown #
coedge $-1 -1 $-1 $3276 $3275 $3550 $3551 reversed $3008 $-1 #
edge $3552 -1 $-1 $3419 0 $3553 1 $3409 $3554 forward @7 unknown #
coedge $-1 -1 $-1 $3555 $3556 $3276 $3415 forward $3557 $-1 #
edge $3558 -1 $-1 $3418 -0.25 $3559 0.75 $3414 $3560 forward @7 unknown #
coedge $-1 -1 $-1 $3561 $3277 $3556 $3562 forward $102 $-1 #
color-adesk-attrib $-1 -1 $-1 $-1 $3278 256 #
vertex $-1 -1 $-1 $3562 $3563 #
vertex $-1 -1 $-1 $3411 $3564 #
straight-curve $-1 -1 $-1 0.3000000000000010991 -1.714999999999999858 -0.5 0.5024446818191040665 0.8646093578672967572 0 F 0 F 0.6092559367855017172 #
coedge $-1 -1 $-1 $3565 $3286 $3279 $3422 forward $264 $-1 #
edge $3566 -1 $-1 $3289 0 $3427 0.3200000000000000622 $3279 $3567 forward @7 unknown #
coedge $-1 -1 $-1 $3568 $3280 $3282 $3430 reversed $3425 $-1 #
coedge $-1 -1 $-1 $3280 $3568 $3565 $3569 reversed $3425 $-1 #
loop $-1 -1 $-1 $-1 $3280 $3570 #
color-adesk-attrib $-1 -1 $-1 $-1 $3281 256 #
vertex $-1 -1 $-1 $3569 $3571 #
straight-curve $-1 -1 $-1 0.3000000000000000444 -2.344999999999997975 -0.25 0 0 -1 I I #
coedge $-1 -1 $-1 $3282 $3561 $3572 $3573 reversed $102 $-1 #
edge $3574 -1 $-1 $3575 2.339999999999999858 $3284 2.344999999999998863 $3423 $277 forward @7 unknown #
point $-1 -1 $-1 0.3000000000000010436 -2.344999999999998863 -0.5 #
coedge $-1 -1 $-1 $3286 $3576 $3291 $3437 forward $264 $-1 #
color-adesk-attrib $-1 -1 $-1 $-1 $3287 256 #
straight-curve $-1 -1 $-1 0.3000000000000010436 -2.964999999999999858 0.5 0.5024446818191040665 0.8646093578672967572 0 I I #
point $-1 -1 $-1 0.6061174053045925714 -2.43823161571904734 0.5 #
coedge $-1 -1 $-1 $3292 $3291 $3577 $3578 forward $3293 $-1 #
edge $3579 -1 $-1 $3580 -2.969999999999998863 $3295 -2.964999999999999858 $3291 $352 forward @7 unknown #
face $3581 -1 $-1 $3570 $3293 $8 $-1 $354 reversed single #
point $-1 -1 $-1 0.3000000000000010436 -2.964999999999999858 0.5 #
coedge $-1 -1 $-1 $3577 $3582 $3297 $3441 forward $3583 $-1 #
edge $3584 -1 $-1 $3453 0 $3443 0.3200000000000000622 $3440 $3585 forward @7 unknown #
color-adesk-attrib $-1 -1 $-1 $-1 $3298 256 #
vertex $-1 -1 $-1 $3441 $3586 #
coedge $-1 -1 $-1 $3576 $3301 $3587 $3588 forward $264 $-1 #
coedge $-1 -1 $-1 $3308 $3587 $3304 $3446 reversed $3451 $-1 #
edge $3589 -1 $-1 $3311 -0.25 $3448 0.75 $3304 $3590 forward @7 unknown #
color-adesk-attrib $-1 -1 $-1 $-1 $3305 256 #
vertex $-1 -1 $-1 $3588 $3591 #
color-adesk-attrib $-1 -1 $-1 $-1 $3306 256 #
coedge $-1 -1 $-1 $3587 $3308 $3582 $3592 forward $3451 $-1 #
loop $-1 -1 $-1 $-1 $3308 $3593 #
color-adesk-attrib $-1 -1 $-1 $-1 $3309 256 #
vertex $-1 -1 $-1 $3441 $3594 #
straight-curve $-1 -1 $-1 0.3000000000000009881 -3.589999999999999858 -0.5 0.5024446818191040665 0.8646093578672967572 0 F 0 F 0.6092559367855017172 #
point $-1 -1 $-1 0.3000000000000009881 -3.589999999999999858 -0.5 #
coedge $-1 -1 $-1 $3318 $3313 $3312 $3457 reversed $3319 $-1 #
edge $3595 -1 $-1 $3463 0 $3316 0.3200000000000000622 $3456 $3596 forward @7 unknown #
color-adesk-attrib $-1 -1 $-1 $-1 $3314 256 #
straight-curve $-1 -1 $-1 0.2999999999999999889 -4.219999999999997975 -0.25 0 0 -1 I I #
point $-1 -1 $-1 0.3000000000000009326 -4.219999999999998863 0.5 #
face $3597 -1 $-1 $3065 $3319 $8 $-1 $3598 forward single #
color-adesk-attrib $-1 -1 $-1 $-1 $3324 256 #
vertex $-1 -1 $-1 $3328 $3599 #
straight-curve $-1 -1 $-1 0.3000000000000009326 -4.839999999999999858 0.5 0.5024446818191040665 0.8646093578672967572 0 I I #
color-adesk-attrib $-1 -1 $-1 $-1 $3328 256 #
straight-curve $-1 -1 $-1 0.6061174053045925714 -4.31323161571904734 -0.5 0 0 1 I I #
color-adesk-attrib $-1 -1 $-1 $-1 $3329 256 #
plane-surface $-1 -1 $-1 0.3000000000000009326 -4.839999999999999858 -0.5 0.8646093578672968682 -0.5024446818191041775 0 0.5024446818191041775 0.8646093578672968682 0 forward_v I I I I #
color-adesk-attrib $-1 -1 $-1 $-1 $3337 256 #
face $3600 -1 $-1 $3601 $3602 $8 $-1 $3603 forward single #
loop $-1 -1 $-1 $-1 $3604 $3337 #
plane-surface $-1 -1 $-1 0.6061174053045930155 5.686768384280950883 -0.5 0.2913487991220282125 0.9566168915768485936 0 -0.9566168915768485936 0.2913487991220282125 0 forward_v I I I I #
coedge $-1 -1 $-1 $3605 $3606 $3607 $3608 forward $3338 $-1 #
coedge $-1 -1 $-1 $3609 $3340 $3375 $3512 reversed $3207 $-1 #
coedge $-1 -1 $-1 $3340 $3609 $3341 $3479 reversed $3207 $-1 #
coedge $-1 -1 $-1 $3343 $3378 $3340 $3477 reversed $102 $-1 #
edge $3610 -1 $-1 $3485 0 $3518 0.3200000000000000622 $3340 $3611 forward @7 unknown #
coedge $-1 -1 $-1 $3342 $3341 $3612 $3613 reversed $3074 $-1 #
edge $3614 -1 $-1 $3485 0 $3615 1 $3475 $3616 forward @7 unknown #
coedge $-1 -1 $-1 $3617 $3618 $3342 $3481 forward $3371 $-1 #
edge $3619 -1 $-1 $3484 -0.25 $3620 0.75 $3480 $3621 forward @7 unknown #
coedge $-1 -1 $-1 $3622 $3343 $3618 $3623 forward $102 $-1 #
color-adesk-attrib $-1 -1 $-1 $-1 $3344 256 #
vertex $-1 -1 $-1 $3623 $3624 #
vertex $-1 -1 $-1 $3477 $3625 #
straight-curve $-1 -1 $-1 0.3000000000000015987 6.410000000000000142 -0.5 0.5024446818191040665 0.8646093578672967572 0 F 0 F 0.6092559367855017172 #
coedge $-1 -1 $-1 $3348 $3626 $3353 $3491 forward $264 $-1 #
color-adesk-attrib $-1 -1 $-1 $-1 $3349 256 #
straight-curve $-1 -1 $-1 0.3000000000000017097 7.660000000000000142 0.5 0.5024446818191040665 0.8646093578672967572 0 I I #
point $-1 -1 $-1 0.6061174053045932375 8.186768384280950883 0.5 #
edge $3627 -1 $-1 $3510 7.654999999999999361 $3356 7.660000000000000142 $3353 $352 forward @7 unknown #
point $-1 -1 $-1 0.3000000000000017097 7.660000000000000142 0.5 #
coedge $-1 -1 $-1 $3378 $3358 $3380 $3520 reversed $102 $-1 #
coedge $-1 -1 $-1 $3373 $3628 $3358 $3495 forward $3508 $-1 #
edge $3629 -1 $-1 $3630 0 $3497 0.3200000000000000622 $3494 $3631 forward @7 unknown #
color-adesk-attrib $-1 -1 $-1 $-1 $3359 256 #
vertex $-1 -1 $-1 $3495 $3632 #
point $-1 -1 $-1 0.6061174053045932375 8.811768384280950883 -0.5 #
color-adesk-attrib $-1 -1 $-1 $-1 $3370 256 #
face $3633 -1 $-1 $3634 $3635 $8 $-1 $354 reversed single #
loop $-1 -1 $-1 $-1 $3636 $3370 #
coedge $-1 -1 $-1 $3618 $3617 $3637 $3638 forward $3371 $-1 #
coedge $-1 -1 $-1 $3639 $3372 $3640 $3641 reversed $3237 $-1 #
coedge $-1 -1 $-1 $3372 $3639 $3642 $3643 reversed $3237 $-1 #
coedge $-1 -1 $-1 $3644 $3645 $3372 $3506 reversed $3646 $-1 #
edge $3647 -1 $-1 $3648 -0.25 $3649 0.75 $3372 $3650 forward @7 unknown #
coedge $-1 -1 $-1 $3628 $3373 $3626 $3651 reversed $3508 $-1 #
loop $-1 -1 $-1 $-1 $3494 $3652 #
color-adesk-attrib $-1 -1 $-1 $-1 $3374 256 #
vertex $-1 -1 $-1 $3491 $3653 #
straight-curve $-1 -1 $-1 0.2999999999999998224 7.655000000000001137 -0.25 0 0 -1 I I #
edge $3654 -1 $-1 $3516 -0.75 $3518 0.25 $3375 $3655 forward @7 unknown #
coedge $-1 -1 $-1 $3626 $3376 $3381 $3521 forward $264 $-1 #
coedge $-1 -1 $-1 $3376 $3612 $3609 $3656 forward $264 $-1 #
color-adesk-attrib $-1 -1 $-1 $-1 $3377 256 #
vertex $-1 -1 $-1 $3377 $3657 #
color-adesk-attrib $-1 -1 $-1 $-1 $3379 256 #
vertex $-1 -1 $-1 $3477 $3658 #
coedge $-1 -1 $-1 $3381 $3380 $3628 $3659 forward $3382 $-1 #
edge $3660 -1 $-1 $3384 0 $3630 0.6092559367855017172 $3380 $3661 forward @7 unknown #
edge $3662 -1 $-1 $3385 0 $3663 0.6092559367855017172 $3381 $3664 forward @7 unknown #
face $3665 -1 $-1 $3652 $3382 $8 $-1 $3666 forward single #
point $-1 -1 $-1 0.3000000000000015987 7.035000000000000142 -0.5 #
point $-1 -1 $-1 0.3000000000000015987 7.035000000000000142 0.5 #
color-adesk-attrib $-1 -1 $-1 $-1 $3387 256 #
straight-curve $-1 -1 $-1 0.6061174053045932375 8.811768384280950883 0.5 -0.9566168915768484826 0.291348799122028157 0 I I #
color-adesk-attrib $-1 -1 $-1 $-1 $3388 256 #
plane-surface $-1 -1 $-1 0.6061174053045932375 8.811768384280950883 -0.5 0.2913487991220282125 0.9566168915768485936 0 -0.9566168915768485936 0.2913487991220282125 0 forward_v I I I I #
color-adesk-attrib $-1 -1 $-1 $-1 $3392 256 #
straight-curve $-1 -1 $-1 0.6061174053045932375 8.186768384280950883 0.5 -0.9566168915768484826 0.291348799122028157 0 I I #
color-adesk-attrib $-1 -1 $-1 $-1 $3395 256 #
straight-curve $-1 -1 $-1 0.6061174053045932375 8.811768384280950883 -0.5 0 0 1 I I #
point $-1 -1 $-1 0.6061174053045932375 8.811768384280950883 0.5 #
color-adesk-attrib $-1 -1 $-1 $-1 $3404 256 #
face $3667 -1 $-1 $3668 $3669 $8 $-1 $3670 forward single #
loop $-1 -1 $-1 $-1 $3671 $3404 #
plane-surface $-1 -1 $-1 0.3000000000000012657 0.7850000000000001421 -0.5 0.8646093578672968682 -0.5024446818191041775 0 0.5024446818191041775 0.8646093578672968682 0 forward_v I I I I #
coedge $-1 -1 $-1 $3672 $3673 $3674 $3675 forward $3405 $-1 #
coedge $-1 -1 $-1 $3676 $3407 $3673 $3677 forward $3272 $-1 #
coedge $-1 -1 $-1 $3407 $3676 $3678 $3679 reversed $3272 $-1 #
coedge $-1 -1 $-1 $3680 $3674 $3407 $3542 reversed $102 $-1 #
edge $3681 -1 $-1 $3682 0 $3683 0.6092559367855017172 $3407 $3684 forward @7 unknown #
coedge $-1 -1 $-1 $3409 $3408 $3685 $3686 reversed $3141 $-1 #
coedge $-1 -1 $-1 $3687 $3688 $3408 $3545 forward $3689 $-1 #
edge $3690 -1 $-1 $3691 -0.75 $3548 0.25 $3544 $3692 forward @7 unknown #
coedge $-1 -1 $-1 $3410 $3693 $3687 $3694 forward $102 $-1 #
color-adesk-attrib $-1 -1 $-1 $-1 $3411 256 #
vertex $-1 -1 $-1 $3411 $3695 #
straight-curve $-1 -1 $-1 0.6061174053045926824 -1.18823161571904734 -0.5 -0.9566168915768484826 0.291348799122028157 0 F 0 F 0.3200000000000000622 #
coedge $-1 -1 $-1 $3685 $3696 $3412 $3551 forward $264 $-1 #
edge $3697 -1 $-1 $3559 0 $3553 0.6092559367855017172 $3412 $3698 forward @7 unknown #
color-adesk-attrib $-1 -1 $-1 $-1 $3413 256 #
vertex $-1 -1 $-1 $3413 $3699 #
straight-curve $-1 -1 $-1 0.6061174053045926824 -1.18823161571904734 -0.5 0 0 1 I I #
coedge $-1 -1 $-1 $3700 $3414 $3696 $3701 reversed $3557 $-1 #
coedge $-1 -1 $-1 $3414 $3700 $3416 $3562 reversed $3557 $-1 #
loop $-1 -1 $-1 $-1 $3414 $3702 #
color-adesk-attrib $-1 -1 $-1 $-1 $3415 256 #
vertex $-1 -1 $-1 $3551 $3703 #
straight-curve $-1 -1 $-1 0.2999999999999999334 -1.715000000000002078 -0.25 0 0 1 I I #
coedge $-1 -1 $-1 $3429 $3416 $3704 $3705 reversed $102 $-1 #
edge $3706 -1 $-1 $3418 1.714999999999999858 $3707 1.719999999999998863 $3556 $277 forward @7 unknown #
point $-1 -1 $-1 0.3000000000000010991 -1.714999999999999858 -0.5 #
point $-1 -1 $-1 0.6061174053045926824 -1.18823161571904734 -0.5 #
coedge $-1 -1 $-1 $3708 $3421 $3424 $3569 forward $264 $-1 #
color-adesk-attrib $-1 -1 $-1 $-1 $3422 256 #
straight-curve $-1 -1 $-1 0.6061174053045925714 -2.43823161571904734 0.5 -0.9566168915768484826 0.291348799122028157 0 I I #
coedge $-1 -1 $-1 $3424 $3423 $3709 $3710 forward $3425 $-1 #
edge $3711 -1 $-1 $3427 -2.344999999999998863 $3712 -2.339999999999999858 $3424 $352 forward @7 unknown #
face $3713 -1 $-1 $3174 $3425 $8 $-1 $354 reversed single #
point $-1 -1 $-1 0.3000000000000010436 -2.344999999999998863 0.5 #
coedge $-1 -1 $-1 $3714 $3709 $3429 $3573 forward $3715 $-1 #
edge $3716 -1 $-1 $3575 0 $3717 0.6092559367855017172 $3572 $3718 forward @7 unknown #
color-adesk-attrib $-1 -1 $-1 $-1 $3430 256 #
vertex $-1 -1 $-1 $3430 $3719 #
coedge $-1 -1 $-1 $3432 $3444 $3720 $3721 forward $264 $-1 #
coedge $-1 -1 $-1 $3720 $3440 $3436 $3578 reversed $3583 $-1 #
edge $3722 -1 $-1 $3580 -0.75 $3443 0.25 $3436 $3723 forward @7 unknown #
color-adesk-attrib $-1 -1 $-1 $-1 $3437 256 #
vertex $-1 -1 $-1 $3437 $3724 #
color-adesk-attrib $-1 -1 $-1 $-1 $3438 256 #
coedge $-1 -1 $-1 $3440 $3720 $3450 $3592 reversed $3583 $-1 #
loop $-1 -1 $-1 $-1 $3440 $3725 #
color-adesk-attrib $-1 -1 $-1 $-1 $3441 256 #
straight-curve $-1 -1 $-1 0.6061174053045925714 -3.06323161571904734 -0.5 -0.9566168915768484826 0.291348799122028157 0 F 0 F 0.3200000000000000622 #
point $-1 -1 $-1 0.3000000000000009881 -2.969999999999998863 -0.5 #
coedge $-1 -1 $-1 $3445 $3450 $3444 $3588 reversed $3451 $-1 #
edge $3726 -1 $-1 $3448 0 $3727 0.6092559367855017172 $3587 $3728 forward @7 unknown #
color-adesk-attrib $-1 -1 $-1 $-1 $3446 256 #
straight-curve $-1 -1 $-1 0.2999999999999999334 -3.590000000000002522 -0.25 0 0 1 I I #
point $-1 -1 $-1 0.3000000000000009881 -3.589999999999999858 0.5 #
edge $3729 -1 $-1 $3453 0 $3727 1 $3582 $3730 forward @7 unknown #
face $3731 -1 $-1 $3725 $3451 $8 $-1 $3732 forward single #
point $-1 -1 $-1 0.6061174053045925714 -3.06323161571904734 -0.5 #
color-adesk-attrib $-1 -1 $-1 $-1 $3457 256 #
straight-curve $-1 -1 $-1 0.6061174053045925714 -4.31323161571904734 0.5 -0.9566168915768484826 0.291348799122028157 0 I I #
color-adesk-attrib $-1 -1 $-1 $-1 $3461 256 #
plane-surface $-1 -1 $-1 0.6061174053045925714 -4.31323161571904734 -0.5 0.2913487991220282125 0.9566168915768485936 0 -0.9566168915768485936 0.2913487991220282125 0 forward_v I I I I #
point $-1 -1 $-1 0.6061174053045925714 -4.31323161571904734 0.5 #
color-adesk-attrib $-1 -1 $-1 $-1 $3470 256 #
face $3733 -1 $-1 $3734 $3735 $8 $-1 $3736 forward single #
loop $-1 -1 $-1 $-1 $3737 $3470 #
plane-surface $-1 -1 $-1 0.3000000000000014322 3.910000000000000142 -0.5 0.8646093578672968682 -0.5024446818191041775 0 0.5024446818191041775 0.8646093578672968682 0 forward_v I I I I #
coedge $-1 -1 $-1 $3738 $3739 $3740 $3741 forward $3471 $-1 #
coedge $-1 -1 $-1 $3742 $3473 $3739 $3743 forward $3338 $-1 #
coedge $-1 -1 $-1 $3473 $3742 $3744 $3745 reversed $3338 $-1 #
coedge $-1 -1 $-1 $3746 $3740 $3473 $3608 reversed $102 $-1 #
edge $3747 -1 $-1 $3748 0 $3749 0.6092559367855017172 $3473 $3750 forward @7 unknown #
coedge $-1 -1 $-1 $3475 $3474 $3514 $3656 reversed $3207 $-1 #
color-adesk-attrib $-1 -1 $-1 $-1 $3477 256 #
straight-curve $-1 -1 $-1 0.6061174053045932375 6.936768384280950883 -0.5 -0.9566168915768484826 0.291348799122028157 0 F 0 F 0.3200000000000000622 #
coedge $-1 -1 $-1 $3514 $3751 $3478 $3613 forward $264 $-1 #
edge $3752 -1 $-1 $3620 0 $3615 0.6092559367855017172 $3478 $3753 forward @7 unknown #
color-adesk-attrib $-1 -1 $-1 $-1 $3479 256 #
vertex $-1 -1 $-1 $3479 $3754 #
straight-curve $-1 -1 $-1 0.6061174053045932375 6.936768384280950883 -0.5 0 0 1 I I #
coedge $-1 -1 $-1 $3502 $3480 $3751 $3755 reversed $3371 $-1 #
coedge $-1 -1 $-1 $3480 $3502 $3482 $3623 reversed $3371 $-1 #
color-adesk-attrib $-1 -1 $-1 $-1 $3481 256 #
vertex $-1 -1 $-1 $3613 $3756 #
straight-curve $-1 -1 $-1 0.3000000000000000444 6.409999999999998366 -0.25 0 0 1 I I #
coedge $-1 -1 $-1 $3757 $3482 $3758 $3759 reversed $102 $-1 #
edge $3760 -1 $-1 $3484 -6.410000000000000142 $3761 -6.404999999999999361 $3618 $277 forward @7 unknown #
point $-1 -1 $-1 0.3000000000000015987 6.410000000000000142 -0.5 #
point $-1 -1 $-1 0.6061174053045932375 6.936768384280950883 -0.5 #
coedge $-1 -1 $-1 $3487 $3513 $3507 $3651 forward $264 $-1 #
color-adesk-attrib $-1 -1 $-1 $-1 $3491 256 #
coedge $-1 -1 $-1 $3494 $3507 $3519 $3659 reversed $3508 $-1 #
color-adesk-attrib $-1 -1 $-1 $-1 $3495 256 #
vertex $-1 -1 $-1 $3495 $3762 #
straight-curve $-1 -1 $-1 0.6061174053045932375 7.561768384280950883 -0.5 -0.9566168915768484826 0.291348799122028157 0 F 0 F 0.3200000000000000622 #
point $-1 -1 $-1 0.3000000000000015987 7.654999999999999361 -0.5 #
color-adesk-attrib $-1 -1 $-1 $-1 $3500 256 #
face $3763 -1 $-1 $3764 $3765 $8 $-1 $354 reversed single #
loop $-1 -1 $-1 $-1 $3766 $3500 #
coedge $-1 -1 $-1 $3767 $3768 $3769 $3770 forward $3501 $-1 #
coedge $-1 -1 $-1 $3771 $3758 $3502 $3638 reversed $3772 $-1 #
edge $3773 -1 $-1 $3774 -0.75 $3761 0.25 $3502 $3775 forward @7 unknown #
coedge $-1 -1 $-1 $3504 $3503 $3738 $3776 forward $3237 $-1 #
coedge $-1 -1 $-1 $3777 $3778 $3503 $3641 forward $264 $-1 #
edge $3779 -1 $-1 $3780 5.779999999999999361 $3649 5.785000000000000142 $3503 $352 forward @7 unknown #
coedge $-1 -1 $-1 $3740 $3757 $3504 $3643 forward $102 $-1 #
edge $3781 -1 $-1 $3648 -5.785000000000000142 $3782 -5.779999999999999361 $3504 $277 forward @7 unknown #
coedge $-1 -1 $-1 $3783 $3505 $3757 $3784 forward $3646 $-1 #
coedge $-1 -1 $-1 $3505 $3783 $3777 $3785 reversed $3646 $-1 #
loop $-1 -1 $-1 $-1 $3644 $3786 #
color-adesk-attrib $-1 -1 $-1 $-1 $3506 256 #
vertex $-1 -1 $-1 $3643 $3787 #
vertex $-1 -1 $-1 $3785 $3788 #
straight-curve $-1 -1 $-1 0.3000000000000001554 5.784999999999998366 -0.25 0 0 1 I I #
edge $3789 -1 $-1 $3663 0 $3510 0.3200000000000000622 $3507 $3790 forward @7 unknown #
face $3791 -1 $-1 $3258 $3508 $8 $-1 $3792 forward single #
point $-1 -1 $-1 0.3000000000000015987 7.654999999999999361 0.5 #
color-adesk-attrib $-1 -1 $-1 $-1 $3512 256 #
straight-curve $-1 -1 $-1 0.2999999999999998224 7.030000000000001137 -0.25 0 0 -1 I I #
edge $3793 -1 $-1 $3615 0 $3516 0.3200000000000000622 $3609 $3794 forward @7 unknown #
point $-1 -1 $-1 0.3000000000000015987 7.029999999999999361 0.5 #
point $-1 -1 $-1 0.3000000000000015987 7.029999999999999361 -0.5 #
edge $3795 -1 $-1 $3630 0 $3663 1 $3628 $3796 forward @7 unknown #
color-adesk-attrib $-1 -1 $-1 $-1 $3520 256 #
straight-curve $-1 -1 $-1 0.3000000000000015987 7.035000000000000142 -0.5 0.5024446818191040665 0.8646093578672967572 0 F 0 F 0.6092559367855017172 #
color-adesk-attrib $-1 -1 $-1 $-1 $3521 256 #
vertex $-1 -1 $-1 $3659 $3797 #
straight-curve $-1 -1 $-1 0.3000000000000015987 7.035000000000000142 0.5 0.5024446818191040665 0.8646093578672967572 0 I I #
color-adesk-attrib $-1 -1 $-1 $-1 $3522 256 #
plane-surface $-1 -1 $-1 0.3000000000000015987 7.035000000000000142 -0.5 0.8646093578672968682 -0.5024446818191041775 0 0.5024446818191041775 0.8646093578672968682 0 forward_v I I I I #
color-adesk-attrib $-1 -1 $-1 $-1 $3535 256 #
face $3798 -1 $-1 $3799 $3800 $8 $-1 $3801 forward single #
loop $-1 -1 $-1 $-1 $3802 $3535 #
plane-surface $-1 -1 $-1 0.6061174053045927934 1.31176838428095266 -0.5 0.2913487991220282125 0.9566168915768485936 0 -0.9566168915768485936 0.2913487991220282125 0 forward_v I I I I #
coedge $-1 -1 $-1 $3803 $3804 $3805 $3806 forward $3536 $-1 #
coedge $-1 -1 $-1 $3807 $3538 $3808 $3809 reversed $3405 $-1 #
coedge $-1 -1 $-1 $3538 $3807 $3539 $3677 reversed $3405 $-1 #
coedge $-1 -1 $-1 $3541 $3810 $3538 $3675 reversed $102 $-1 #
edge $3811 -1 $-1 $3683 0 $3812 0.3200000000000000622 $3538 $3813 forward @7 unknown #
coedge $-1 -1 $-1 $3540 $3539 $3814 $3815 reversed $3272 $-1 #
edge $3816 -1 $-1 $3683 0 $3817 1 $3673 $3818 forward @7 unknown #
coedge $-1 -1 $-1 $3819 $3820 $3540 $3679 forward $3821 $-1 #
edge $3822 -1 $-1 $3682 -0.25 $3823 0.75 $3678 $3824 forward @7 unknown #
coedge $-1 -1 $-1 $3825 $3541 $3820 $3826 forward $102 $-1 #
color-adesk-attrib $-1 -1 $-1 $-1 $3542 256 #
vertex $-1 -1 $-1 $3826 $3827 #
vertex $-1 -1 $-1 $3675 $3828 #
straight-curve $-1 -1 $-1 0.3000000000000011546 -0.4649999999999998579 -0.5 0.5024446818191040665 0.8646093578672967572 0 F 0 F 0.6092559367855017172 #
coedge $-1 -1 $-1 $3829 $3550 $3543 $3686 forward $264 $-1 #
edge $3830 -1 $-1 $3553 0 $3691 0.3200000000000000622 $3543 $3831 forward @7 unknown #
coedge $-1 -1 $-1 $3832 $3544 $3546 $3694 reversed $3689 $-1 #
coedge $-1 -1 $-1 $3544 $3832 $3829 $3833 reversed $3689 $-1 #
loop $-1 -1 $-1 $-1 $3544 $3834 #
color-adesk-attrib $-1 -1 $-1 $-1 $3545 256 #
vertex $-1 -1 $-1 $3833 $3835 #
straight-curve $-1 -1 $-1 0.2999999999999999889 -1.094999999999997975 -0.25 0 0 -1 I I #
coedge $-1 -1 $-1 $3546 $3825 $3836 $3837 reversed $102 $-1 #
edge $3838 -1 $-1 $3839 1.089999999999999858 $3548 1.094999999999998863 $3687 $277 forward @7 unknown #
point $-1 -1 $-1 0.3000000000000010991 -1.094999999999998863 -0.5 #
coedge $-1 -1 $-1 $3550 $3840 $3555 $3701 forward $264 $-1 #
color-adesk-attrib $-1 -1 $-1 $-1 $3551 256 #
straight-curve $-1 -1 $-1 0.3000000000000010991 -1.714999999999999858 0.5 0.5024446818191040665 0.8646093578672967572 0 I I #
point $-1 -1 $-1 0.6061174053045926824 -1.18823161571904734 0.5 #
coedge $-1 -1 $-1 $3556 $3555 $3841 $3842 forward $3557 $-1 #
edge $3843 -1 $-1 $3844 -1.719999999999998863 $3559 -1.714999999999999858 $3555 $352 forward @7 unknown #
face $3845 -1 $-1 $3834 $3557 $8 $-1 $354 reversed single #
point $-1 -1 $-1 0.3000000000000010991 -1.714999999999999858 0.5 #
coedge $-1 -1 $-1 $3841 $3846 $3561 $3705 forward $3847 $-1 #
edge $3848 -1 $-1 $3717 0 $3707 0.3200000000000000622 $3704 $3849 forward @7 unknown #
color-adesk-attrib $-1 -1 $-1 $-1 $3562 256 #
vertex $-1 -1 $-1 $3705 $3850 #
coedge $-1 -1 $-1 $3840 $3565 $3851 $3852 forward $264 $-1 #
coedge $-1 -1 $-1 $3572 $3851 $3568 $3710 reversed $3715 $-1 #
edge $3853 -1 $-1 $3575 -0.25 $3712 0.75 $3568 $3854 forward @7 unknown #
color-adesk-attrib $-1 -1 $-1 $-1 $3569 256 #
vertex $-1 -1 $-1 $3852 $3855 #
color-adesk-attrib $-1 -1 $-1 $-1 $3570 256 #
coedge $-1 -1 $-1 $3851 $3572 $3846 $3856 forward $3715 $-1 #
loop $-1 -1 $-1 $-1 $3572 $3857 #
color-adesk-attrib $-1 -1 $-1 $-1 $3573 256 #
vertex $-1 -1 $-1 $3705 $3858 #
straight-curve $-1 -1 $-1 0.3000000000000010436 -2.339999999999999858 -0.5 0.5024446818191040665 0.8646093578672967572 0 F 0 F 0.6092559367855017172 #
point $-1 -1 $-1 0.3000000000000010436 -2.339999999999999858 -0.5 #
coedge $-1 -1 $-1 $3582 $3577 $3576 $3721 reversed $3583 $-1 #
edge $3859 -1 $-1 $3727 0 $3580 0.3200000000000000622 $3720 $3860 forward @7 unknown #
color-adesk-attrib $-1 -1 $-1 $-1 $3578 256 #
straight-curve $-1 -1 $-1 0.2999999999999999889 -2.969999999999997975 -0.25 0 0 -1 I I #
point $-1 -1 $-1 0.3000000000000009881 -2.969999999999998863 0.5 #
face $3861 -1 $-1 $3329 $3583 $8 $-1 $3862 forward single #
color-adesk-attrib $-1 -1 $-1 $-1 $3588 256 #
vertex $-1 -1 $-1 $3592 $3863 #
straight-curve $-1 -1 $-1 0.3000000000000009881 -3.589999999999999858 0.5 0.5024446818191040665 0.8646093578672967572 0 I I #
color-adesk-attrib $-1 -1 $-1 $-1 $3592 256 #
straight-curve $-1 -1 $-1 0.6061174053045925714 -3.06323161571904734 -0.5 0 0 1 I I #
color-adesk-attrib $-1 -1 $-1 $-1 $3593 256 #
plane-surface $-1 -1 $-1 0.3000000000000009881 -3.589999999999999858 -0.5 0.8646093578672968682 -0.5024446818191041775 0 0.5024446818191041775 0.8646093578672968682 0 forward_v I I I I #
color-adesk-attrib $-1 -1 $-1 $-1 $3601 256 #
face $3864 -1 $-1 $3865 $3866 $8 $-1 $3867 forward single #
loop $-1 -1 $-1 $-1 $3868 $3601 #
plane-surface $-1 -1 $-1 0.6061174053045930155 4.436768384280950883 -0.5 0.2913487991220282125 0.9566168915768485936 0 -0.9566168915768485936 0.2913487991220282125 0 forward_v I I I I #
coedge $-1 -1 $-1 $3869 $3870 $3871 $3872 forward $3602 $-1 #
coedge $-1 -1 $-1 $3873 $3604 $3639 $3776 reversed $3471 $-1 #
coedge $-1 -1 $-1 $3604 $3873 $3605 $3743 reversed $3471 $-1 #
coedge $-1 -1 $-1 $3607 $3642 $3604 $3741 reversed $102 $-1 #
edge $3874 -1 $-1 $3749 0 $3782 0.3200000000000000622 $3604 $3875 forward @7 unknown #
coedge $-1 -1 $-1 $3606 $3605 $3876 $3877 reversed $3338 $-1 #
edge $3878 -1 $-1 $3749 0 $3879 1 $3739 $3880 forward @7 unknown #
coedge $-1 -1 $-1 $3881 $3882 $3606 $3745 forward $3635 $-1 #
edge $3883 -1 $-1 $3748 -0.25 $3884 0.75 $3744 $3885 forward @7 unknown #
coedge $-1 -1 $-1 $3886 $3607 $3882 $3887 forward $102 $-1 #
color-adesk-attrib $-1 -1 $-1 $-1 $3608 256 #
vertex $-1 -1 $-1 $3887 $3888 #
vertex $-1 -1 $-1 $3741 $3889 #
straight-curve $-1 -1 $-1 0.3000000000000014877 5.160000000000000142 -0.5 0.5024446818191040665 0.8646093578672967572 0 F 0 F 0.6092559367855017172 #
coedge $-1 -1 $-1 $3612 $3890 $3617 $3755 forward $264 $-1 #
color-adesk-attrib $-1 -1 $-1 $-1 $3613 256 #
straight-curve $-1 -1 $-1 0.3000000000000015987 6.410000000000000142 0.5 0.5024446818191040665 0.8646093578672967572 0 I I #
point $-1 -1 $-1 0.6061174053045932375 6.936768384280950883 0.5 #
edge $3891 -1 $-1 $3774 6.404999999999999361 $3620 6.410000000000000142 $3617 $352 forward @7 unknown #
point $-1 -1 $-1 0.3000000000000015987 6.410000000000000142 0.5 #
coedge $-1 -1 $-1 $3642 $3622 $3644 $3784 reversed $102 $-1 #
coedge $-1 -1 $-1 $3637 $3892 $3622 $3759 forward $3772 $-1 #
edge $3893 -1 $-1 $3894 0 $3761 0.3200000000000000622 $3758 $3895 forward @7 unknown #
color-adesk-attrib $-1 -1 $-1 $-1 $3623 256 #
vertex $-1 -1 $-1 $3759 $3896 #
point $-1 -1 $-1 0.6061174053045932375 7.561768384280950883 -0.5 #
color-adesk-attrib $-1 -1 $-1 $-1 $3634 256 #
face $3897 -1 $-1 $3898 $3899 $8 $-1 $354 reversed single #
loop $-1 -1 $-1 $-1 $3900 $3634 #
coedge $-1 -1 $-1 $3882 $3881 $3901 $3902 forward $3635 $-1 #
coedge $-1 -1 $-1 $3903 $3636 $3904 $3905 reversed $3501 $-1 #
coedge $-1 -1 $-1 $3636 $3903 $3906 $3907 reversed $3501 $-1 #
coedge $-1 -1 $-1 $3908 $3909 $3636 $3770 reversed $3910 $-1 #
edge $3911 -1 $-1 $3912 -0.25 $3913 0.75 $3636 $3914 forward @7 unknown #
coedge $-1 -1 $-1 $3892 $3637 $3890 $3915 reversed $3772 $-1 #
loop $-1 -1 $-1 $-1 $3758 $3916 #
color-adesk-attrib $-1 -1 $-1 $-1 $3638 256 #
vertex $-1 -1 $-1 $3755 $3917 #
straight-curve $-1 -1 $-1 0.2999999999999998224 6.405000000000000249 -0.25 0 0 -1 I I #
edge $3918 -1 $-1 $3780 -0.75 $3782 0.25 $3639 $3919 forward @7 unknown #
coedge $-1 -1 $-1 $3890 $3640 $3645 $3785 forward $264 $-1 #
coedge $-1 -1 $-1 $3640 $3876 $3873 $3920 forward $264 $-1 #
color-adesk-attrib $-1 -1 $-1 $-1 $3641 256 #
vertex $-1 -1 $-1 $3641 $3921 #
color-adesk-attrib $-1 -1 $-1 $-1 $3643 256 #
vertex $-1 -1 $-1 $3741 $3922 #
coedge $-1 -1 $-1 $3645 $3644 $3892 $3923 forward $3646 $-1 #
edge $3924 -1 $-1 $3648 0 $3894 0.6092559367855017172 $3644 $3925 forward @7 unknown #
edge $3926 -1 $-1 $3649 0 $3927 0.6092559367855017172 $3645 $3928 forward @7 unknown #
face $3929 -1 $-1 $3916 $3646 $8 $-1 $3930 forward single #
point $-1 -1 $-1 0.3000000000000015987 5.785000000000000142 -0.5 #
point $-1 -1 $-1 0.3000000000000015987 5.785000000000000142 0.5 #
color-adesk-attrib $-1 -1 $-1 $-1 $3651 256 #
straight-curve $-1 -1 $-1 0.6061174053045932375 7.561768384280950883 0.5 -0.9566168915768484826 0.291348799122028157 0 I I #
color-adesk-attrib $-1 -1 $-1 $-1 $3652 256 #
plane-surface $-1 -1 $-1 0.6061174053045932375 7.561768384280950883 -0.5 0.2913487991220282125 0.9566168915768485936 0 -0.9566168915768485936 0.2913487991220282125 0 forward_v I I I I #
color-adesk-attrib $-1 -1 $-1 $-1 $3656 256 #
straight-curve $-1 -1 $-1 0.6061174053045932375 6.936768384280950883 0.5 -0.9566168915768484826 0.291348799122028157 0 I I #
color-adesk-attrib $-1 -1 $-1 $-1 $3659 256 #
straight-curve $-1 -1 $-1 0.6061174053045932375 7.561768384280950883 -0.5 0 0 1 I I #
point $-1 -1 $-1 0.6061174053045932375 7.561768384280950883 0.5 #
color-adesk-attrib $-1 -1 $-1 $-1 $3668 256 #
face $3931 -1 $-1 $3932 $3933 $8 $-1 $3934 forward single #
loop $-1 -1 $-1 $-1 $3935 $3668 #
plane-surface $-1 -1 $-1 0.3000000000000013212 2.035000000000000142 -0.5 0.8646093578672968682 -0.5024446818191041775 0 0.5024446818191041775 0.8646093578672968682 0 forward_v I I I I #
coedge $-1 -1 $-1 $3936 $3937 $3938 $3939 forward $3669 $-1 #
coedge $-1 -1 $-1 $3940 $3671 $3937 $3941 forward $3536 $-1 #
coedge $-1 -1 $-1 $3671 $3940 $3942 $3943 reversed $3536 $-1 #
coedge $-1 -1 $-1 $3944 $3938 $3671 $3806 reversed $102 $-1 #
edge $3945 -1 $-1 $3946 0 $3947 0.6092559367855017172 $3671 $3948 forward @7 unknown #
coedge $-1 -1 $-1 $3673 $3672 $3949 $3950 reversed $3405 $-1 #
coedge $-1 -1 $-1 $3951 $3952 $3672 $3809 forward $3953 $-1 #
edge $3954 -1 $-1 $3955 -0.75 $3812 0.25 $3808 $3956 forward @7 unknown #
coedge $-1 -1 $-1 $3674 $3957 $3951 $3958 forward $102 $-1 #
color-adesk-attrib $-1 -1 $-1 $-1 $3675 256 #
vertex $-1 -1 $-1 $3675 $3959 #
straight-curve $-1 -1 $-1 0.6061174053045927934 0.06176838428095265954 -0.5 -0.9566168915768484826 0.291348799122028157 0 F 0 F 0.3200000000000000622 #
coedge $-1 -1 $-1 $3949 $3960 $3676 $3815 forward $264 $-1 #
edge $3961 -1 $-1 $3823 0 $3817 0.6092559367855017172 $3676 $3962 forward @7 unknown #
color-adesk-attrib $-1 -1 $-1 $-1 $3677 256 #
vertex $-1 -1 $-1 $3677 $3963 #
straight-curve $-1 -1 $-1 0.6061174053045927934 0.06176838428095265954 -0.5 0 0 1 I I #
coedge $-1 -1 $-1 $3964 $3678 $3960 $3965 reversed $3821 $-1 #
coedge $-1 -1 $-1 $3678 $3964 $3680 $3826 reversed $3821 $-1 #
loop $-1 -1 $-1 $-1 $3678 $3966 #
color-adesk-attrib $-1 -1 $-1 $-1 $3679 256 #
vertex $-1 -1 $-1 $3815 $3967 #
straight-curve $-1 -1 $-1 0.2999999999999999889 -0.4650000000000019673 -0.25 0 0 1 I I #
coedge $-1 -1 $-1 $3693 $3680 $3968 $3969 reversed $102 $-1 #
edge $3970 -1 $-1 $3682 0.4649999999999998579 $3971 0.4699999999999988631 $3820 $277 forward @7 unknown #
point $-1 -1 $-1 0.3000000000000011546 -0.4649999999999998579 -0.5 #
point $-1 -1 $-1 0.6061174053045927934 0.06176838428095265954 -0.5 #
coedge $-1 -1 $-1 $3972 $3685 $3688 $3833 forward $264 $-1 #
color-adesk-attrib $-1 -1 $-1 $-1 $3686 256 #
straight-curve $-1 -1 $-1 0.6061174053045926824 -1.18823161571904734 0.5 -0.9566168915768484826 0.291348799122028157 0 I I #
coedge $-1 -1 $-1 $3688 $3687 $3973 $3974 forward $3689 $-1 #
edge $3975 -1 $-1 $3691 -1.094999999999998863 $3976 -1.089999999999999858 $3688 $352 forward @7 unknown #
face $3977 -1 $-1 $3438 $3689 $8 $-1 $354 reversed single #
point $-1 -1 $-1 0.3000000000000010991 -1.094999999999998863 0.5 #
coedge $-1 -1 $-1 $3978 $3973 $3693 $3837 forward $3979 $-1 #
edge $3980 -1 $-1 $3839 0 $3981 0.6092559367855017172 $3836 $3982 forward @7 unknown #
color-adesk-attrib $-1 -1 $-1 $-1 $3694 256 #
vertex $-1 -1 $-1 $3694 $3983 #
coedge $-1 -1 $-1 $3696 $3708 $3984 $3985 forward $264 $-1 #
coedge $-1 -1 $-1 $3984 $3704 $3700 $3842 reversed $3847 $-1 #
edge $3986 -1 $-1 $3844 -0.75 $3707 0.25 $3700 $3987 forward @7 unknown #
color-adesk-attrib $-1 -1 $-1 $-1 $3701 256 #
vertex $-1 -1 $-1 $3701 $3988 #
color-adesk-attrib $-1 -1 $-1 $-1 $3702 256 #
coedge $-1 -1 $-1 $3704 $3984 $3714 $3856 reversed $3847 $-1 #
loop $-1 -1 $-1 $-1 $3704 $3989 #
color-adesk-attrib $-1 -1 $-1 $-1 $3705 256 #
straight-curve $-1 -1 $-1 0.6061174053045925714 -1.81323161571904734 -0.5 -0.9566168915768484826 0.291348799122028157 0 F 0 F 0.3200000000000000622 #
point $-1 -1 $-1 0.3000000000000010436 -1.719999999999998863 -0.5 #
coedge $-1 -1 $-1 $3709 $3714 $3708 $3852 reversed $3715 $-1 #
edge $3990 -1 $-1 $3712 0 $3991 0.6092559367855017172 $3851 $3992 forward @7 unknown #
color-adesk-attrib $-1 -1 $-1 $-1 $3710 256 #
straight-curve $-1 -1 $-1 0.2999999999999999334 -2.340000000000002078 -0.25 0 0 1 I I #
point $-1 -1 $-1 0.3000000000000010436 -2.339999999999999858 0.5 #
edge $3993 -1 $-1 $3717 0 $3991 1 $3846 $3994 forward @7 unknown #
face $3995 -1 $-1 $3989 $3715 $8 $-1 $3996 forward single #
point $-1 -1 $-1 0.6061174053045925714 -1.81323161571904734 -0.5 #
color-adesk-attrib $-1 -1 $-1 $-1 $3721 256 #
straight-curve $-1 -1 $-1 0.6061174053045925714 -3.06323161571904734 0.5 -0.9566168915768484826 0.291348799122028157 0 I I #
color-adesk-attrib $-1 -1 $-1 $-1 $3725 256 #
plane-surface $-1 -1 $-1 0.6061174053045925714 -3.06323161571904734 -0.5 0.2913487991220282125 0.9566168915768485936 0 -0.9566168915768485936 0.2913487991220282125 0 forward_v I I I I #
point $-1 -1 $-1 0.6061174053045925714 -3.06323161571904734 0.5 #
color-adesk-attrib $-1 -1 $-1 $-1 $3734 256 #
face $3997 -1 $-1 $3998 $3999 $8 $-1 $4000 forward single #
loop $-1 -1 $-1 $-1 $4001 $3734 #
plane-surface $-1 -1 $-1 0.3000000000000013767 2.660000000000000142 -0.5 0.8646093578672968682 -0.5024446818191041775 0 0.5024446818191041775 0.8646093578672968682 0 forward_v I I I I #
coedge $-1 -1 $-1 $4002 $4003 $4004 $4005 forward $3735 $-1 #
coedge $-1 -1 $-1 $4006 $3737 $4003 $4007 forward $3602 $-1 #
coedge $-1 -1 $-1 $3737 $4006 $4008 $4009 reversed $3602 $-1 #
coedge $-1 -1 $-1 $4010 $4004 $3737 $3872 reversed $102 $-1 #
edge $4011 -1 $-1 $4012 0 $4013 0.6092559367855017172 $3737 $4014 forward @7 unknown #
coedge $-1 -1 $-1 $3739 $3738 $3778 $3920 reversed $3471 $-1 #
color-adesk-attrib $-1 -1 $-1 $-1 $3741 256 #
straight-curve $-1 -1 $-1 0.6061174053045930155 5.686768384280950883 -0.5 -0.9566168915768484826 0.291348799122028157 0 F 0 F 0.3200000000000000622 #
coedge $-1 -1 $-1 $3778 $4015 $3742 $3877 forward $264 $-1 #
edge $4016 -1 $-1 $3884 0 $3879 0.6092559367855017172 $3742 $4017 forward @7 unknown #
color-adesk-attrib $-1 -1 $-1 $-1 $3743 256 #
vertex $-1 -1 $-1 $3743 $4018 #
straight-curve $-1 -1 $-1 0.6061174053045930155 5.686768384280950883 -0.5 0 0 1 I I #
coedge $-1 -1 $-1 $3766 $3744 $4015 $4019 reversed $3635 $-1 #
coedge $-1 -1 $-1 $3744 $3766 $3746 $3887 reversed $3635 $-1 #
color-adesk-attrib $-1 -1 $-1 $-1 $3745 256 #
vertex $-1 -1 $-1 $3877 $4020 #
straight-curve $-1 -1 $-1 0.3000000000000002665 5.159999999999998366 -0.25 0 0 1 I I #
coedge $-1 -1 $-1 $4021 $3746 $4022 $4023 reversed $102 $-1 #
edge $4024 -1 $-1 $3748 -5.160000000000000142 $4025 -5.154999999999999361 $3882 $277 forward @7 unknown #
point $-1 -1 $-1 0.3000000000000014877 5.160000000000000142 -0.5 #
point $-1 -1 $-1 0.6061174053045930155 5.686768384280950883 -0.5 #
coedge $-1 -1 $-1 $3751 $3777 $3771 $3915 forward $264 $-1 #
color-adesk-attrib $-1 -1 $-1 $-1 $3755 256 #
coedge $-1 -1 $-1 $3758 $3771 $3783 $3923 reversed $3772 $-1 #
color-adesk-attrib $-1 -1 $-1 $-1 $3759 256 #
vertex $-1 -1 $-1 $3759 $4026 #
straight-curve $-1 -1 $-1 0.6061174053045932375 6.311768384280950883 -0.5 -0.9566168915768484826 0.291348799122028157 0 F 0 F 0.3200000000000000622 #
point $-1 -1 $-1 0.3000000000000015987 6.404999999999999361 -0.5 #
color-adesk-attrib $-1 -1 $-1 $-1 $3764 256 #
face $4027 -1 $-1 $4028 $4029 $8 $-1 $354 reversed single #
loop $-1 -1 $-1 $-1 $4030 $3764 #
coedge $-1 -1 $-1 $4031 $4032 $4033 $4034 forward $3765 $-1 #
coedge $-1 -1 $-1 $4035 $4022 $3766 $3902 reversed $4036 $-1 #
edge $4037 -1 $-1 $4038 -0.75 $4025 0.25 $3766 $4039 forward @7 unknown #
coedge $-1 -1 $-1 $3768 $3767 $4002 $4040 forward $3501 $-1 #
coedge $-1 -1 $-1 $4041 $4042 $3767 $3905 forward $264 $-1 #
edge $4043 -1 $-1 $4044 4.529999999999999361 $3913 4.535000000000000142 $3767 $352 forward @7 unknown #
coedge $-1 -1 $-1 $4004 $4021 $3768 $3907 forward $102 $-1 #
edge $4045 -1 $-1 $3912 -4.535000000000000142 $4046 -4.529999999999999361 $3768 $277 forward @7 unknown #
coedge $-1 -1 $-1 $4047 $3769 $4021 $4048 forward $3910 $-1 #
coedge $-1 -1 $-1 $3769 $4047 $4041 $4049 reversed $3910 $-1 #
loop $-1 -1 $-1 $-1 $3908 $4050 #
color-adesk-attrib $-1 -1 $-1 $-1 $3770 256 #
vertex $-1 -1 $-1 $3907 $4051 #
vertex $-1 -1 $-1 $4049 $4052 #
straight-curve $-1 -1 $-1 0.3000000000000000444 4.534999999999997478 -0.25 0 0 1 I I #
edge $4053 -1 $-1 $3927 0 $3774 0.3200000000000000622 $3771 $4054 forward @7 unknown #
face $4055 -1 $-1 $3522 $3772 $8 $-1 $4056 forward single #
point $-1 -1 $-1 0.3000000000000015987 6.404999999999999361 0.5 #
color-adesk-attrib $-1 -1 $-1 $-1 $3776 256 #
straight-curve $-1 -1 $-1 0.2999999999999999334 5.780000000000001137 -0.25 0 0 -1 I I #
edge $4057 -1 $-1 $3879 0 $3780 0.3200000000000000622 $3873 $4058 forward @7 unknown #
point $-1 -1 $-1 0.3000000000000014877 5.779999999999999361 0.5 #
point $-1 -1 $-1 0.3000000000000014877 5.779999999999999361 -0.5 #
edge $4059 -1 $-1 $3894 0 $3927 1 $3892 $4060 forward @7 unknown #
color-adesk-attrib $-1 -1 $-1 $-1 $3784 256 #
straight-curve $-1 -1 $-1 0.3000000000000015987 5.785000000000000142 -0.5 0.5024446818191040665 0.8646093578672967572 0 F 0 F 0.6092559367855017172 #
color-adesk-attrib $-1 -1 $-1 $-1 $3785 256 #
vertex $-1 -1 $-1 $3923 $4061 #
straight-curve $-1 -1 $-1 0.3000000000000015987 5.785000000000000142 0.5 0.5024446818191040665 0.8646093578672967572 0 I I #
color-adesk-attrib $-1 -1 $-1 $-1 $3786 256 #
plane-surface $-1 -1 $-1 0.3000000000000015987 5.785000000000000142 -0.5 0.8646093578672968682 -0.5024446818191041775 0 0.5024446818191041775 0.8646093578672968682 0 forward_v I I I I #
color-adesk-attrib $-1 -1 $-1 $-1 $3799 256 #
face $4062 -1 $-1 $4063 $4064 $8 $-1 $4065 forward single #
loop $-1 -1 $-1 $-1 $4066 $3799 #
plane-surface $-1 -1 $-1 0.6061174053045929044 2.56176838428095266 -0.5 0.2913487991220282125 0.9566168915768485936 0 -0.9566168915768485936 0.2913487991220282125 0 forward_v I I I I #
coedge $-1 -1 $-1 $4067 $4068 $4069 $4070 forward $3800 $-1 #
coedge $-1 -1 $-1 $4071 $3802 $4072 $4073 reversed $3669 $-1 #
coedge $-1 -1 $-1 $3802 $4071 $3803 $3941 reversed $3669 $-1 #
coedge $-1 -1 $-1 $3805 $4074 $3802 $3939 reversed $102 $-1 #
edge $4075 -1 $-1 $3947 0 $4076 0.3200000000000000622 $3802 $4077 forward @7 unknown #
coedge $-1 -1 $-1 $3804 $3803 $4078 $4079 reversed $3536 $-1 #
edge $4080 -1 $-1 $3947 0 $4081 1 $3937 $4082 forward @7 unknown #
coedge $-1 -1 $-1 $4083 $4084 $3804 $3943 forward $4085 $-1 #
edge $4086 -1 $-1 $3946 -0.25 $4087 0.75 $3942 $4088 forward @7 unknown #
coedge $-1 -1 $-1 $4089 $3805 $4084 $4090 forward $102 $-1 #
color-adesk-attrib $-1 -1 $-1 $-1 $3806 256 #
vertex $-1 -1 $-1 $4090 $4091 #
vertex $-1 -1 $-1 $3939 $4092 #
straight-curve $-1 -1 $-1 0.3000000000000012657 0.7850000000000001421 -0.5 0.5024446818191040665 0.8646093578672967572 0 F 0 F 0.6092559367855017172 #
coedge $-1 -1 $-1 $4093 $3814 $3807 $3950 forward $264 $-1 #
edge $4094 -1 $-1 $3817 0 $3955 0.3200000000000000622 $3807 $4095 forward @7 unknown #
coedge $-1 -1 $-1 $4096 $3808 $3810 $3958 reversed $3953 $-1 #
coedge $-1 -1 $-1 $3808 $4096 $4093 $4097 reversed $3953 $-1 #
loop $-1 -1 $-1 $-1 $3808 $4098 #
color-adesk-attrib $-1 -1 $-1 $-1 $3809 256 #
vertex $-1 -1 $-1 $4097 $4099 #
straight-curve $-1 -1 $-1 0.2999999999999999889 0.1550000000000020806 -0.25 0 0 -1 I I #
coedge $-1 -1 $-1 $3810 $4089 $4100 $4101 reversed $102 $-1 #
edge $4102 -1 $-1 $4103 -0.1600000000000001421 $3812 -0.1550000000000011369 $3951 $277 forward @7 unknown #
point $-1 -1 $-1 0.3000000000000011546 0.1550000000000011369 -0.5 #
coedge $-1 -1 $-1 $3814 $4104 $3819 $3965 forward $264 $-1 #
color-adesk-attrib $-1 -1 $-1 $-1 $3815 256 #
straight-curve $-1 -1 $-1 0.3000000000000011546 -0.4649999999999998579 0.5 0.5024446818191040665 0.8646093578672967572 0 I I #
point $-1 -1 $-1 0.6061174053045927934 0.06176838428095265954 0.5 #
coedge $-1 -1 $-1 $3820 $3819 $4105 $4106 forward $3821 $-1 #
edge $4107 -1 $-1 $4108 -0.4699999999999988631 $3823 -0.4649999999999998579 $3819 $352 forward @7 unknown #
face $4109 -1 $-1 $4098 $3821 $8 $-1 $354 reversed single #
point $-1 -1 $-1 0.3000000000000011546 -0.4649999999999998579 0.5 #
coedge $-1 -1 $-1 $4105 $4110 $3825 $3969 forward $4111 $-1 #
edge $4112 -1 $-1 $3981 0 $3971 0.3200000000000000622 $3968 $4113 forward @7 unknown #
color-adesk-attrib $-1 -1 $-1 $-1 $3826 256 #
vertex $-1 -1 $-1 $3969 $4114 #
coedge $-1 -1 $-1 $4104 $3829 $4115 $4116 forward $264 $-1 #
coedge $-1 -1 $-1 $3836 $4115 $3832 $3974 reversed $3979 $-1 #
edge $4117 -1 $-1 $3839 -0.25 $3976 0.75 $3832 $4118 forward @7 unknown #
color-adesk-attrib $-1 -1 $-1 $-1 $3833 256 #
vertex $-1 -1 $-1 $4116 $4119 #
color-adesk-attrib $-1 -1 $-1 $-1 $3834 256 #
coedge $-1 -1 $-1 $4115 $3836 $4110 $4120 forward $3979 $-1 #
loop $-1 -1 $-1 $-1 $3836 $4121 #
color-adesk-attrib $-1 -1 $-1 $-1 $3837 256 #
vertex $-1 -1 $-1 $3969 $4122 #
straight-curve $-1 -1 $-1 0.3000000000000011546 -1.089999999999999858 -0.5 0.5024446818191040665 0.8646093578672967572 0 F 0 F 0.6092559367855017172 #
point $-1 -1 $-1 0.3000000000000011546 -1.089999999999999858 -0.5 #
coedge $-1 -1 $-1 $3846 $3841 $3840 $3985 reversed $3847 $-1 #
edge $4123 -1 $-1 $3991 0 $3844 0.3200000000000000622 $3984 $4124 forward @7 unknown #
color-adesk-attrib $-1 -1 $-1 $-1 $3842 256 #
straight-curve $-1 -1 $-1 0.2999999999999999889 -1.719999999999997975 -0.25 0 0 -1 I I #
point $-1 -1 $-1 0.3000000000000010436 -1.719999999999998863 0.5 #
face $4125 -1 $-1 $3593 $3847 $8 $-1 $4126 forward single #
color-adesk-attrib $-1 -1 $-1 $-1 $3852 256 #
vertex $-1 -1 $-1 $3856 $4127 #
straight-curve $-1 -1 $-1 0.3000000000000010436 -2.339999999999999858 0.5 0.5024446818191040665 0.8646093578672967572 0 I I #
color-adesk-attrib $-1 -1 $-1 $-1 $3856 256 #
straight-curve $-1 -1 $-1 0.6061174053045925714 -1.81323161571904734 -0.5 0 0 1 I I #
color-adesk-attrib $-1 -1 $-1 $-1 $3857 256 #
plane-surface $-1 -1 $-1 0.3000000000000010436 -2.339999999999999858 -0.5 0.8646093578672968682 -0.5024446818191041775 0 0.5024446818191041775 0.8646093578672968682 0 forward_v I I I I #
color-adesk-attrib $-1 -1 $-1 $-1 $3865 256 #
face $4128 -1 $-1 $4129 $4130 $8 $-1 $4131 forward single #
loop $-1 -1 $-1 $-1 $4132 $3865 #
plane-surface $-1 -1 $-1 0.6061174053045930155 3.18676838428095266 -0.5 0.2913487991220282125 0.9566168915768485936 0 -0.9566168915768485936 0.2913487991220282125 0 forward_v I I I I #
coedge $-1 -1 $-1 $4133 $4134 $4135 $4136 forward $3866 $-1 #
coedge $-1 -1 $-1 $4137 $3868 $3903 $4040 reversed $3735 $-1 #
coedge $-1 -1 $-1 $3868 $4137 $3869 $4007 reversed $3735 $-1 #
coedge $-1 -1 $-1 $3871 $3906 $3868 $4005 reversed $102 $-1 #
edge $4138 -1 $-1 $4013 0 $4046 0.3200000000000000622 $3868 $4139 forward @7 unknown #
coedge $-1 -1 $-1 $3870 $3869 $4140 $4141 reversed $3602 $-1 #
edge $4142 -1 $-1 $4013 0 $4143 1 $4003 $4144 forward @7 unknown #
coedge $-1 -1 $-1 $4145 $4146 $3870 $4009 forward $3899 $-1 #
edge $4147 -1 $-1 $4012 -0.25 $4148 0.75 $4008 $4149 forward @7 unknown #
coedge $-1 -1 $-1 $4150 $3871 $4146 $4151 forward $102 $-1 #
color-adesk-attrib $-1 -1 $-1 $-1 $3872 256 #
vertex $-1 -1 $-1 $4151 $4152 #
vertex $-1 -1 $-1 $4005 $4153 #
straight-curve $-1 -1 $-1 0.3000000000000014322 3.910000000000000142 -0.5 0.5024446818191040665 0.8646093578672967572 0 F 0 F 0.6092559367855017172 #
coedge $-1 -1 $-1 $3876 $4154 $3881 $4019 forward $264 $-1 #
color-adesk-attrib $-1 -1 $-1 $-1 $3877 256 #
straight-curve $-1 -1 $-1 0.3000000000000014877 5.160000000000000142 0.5 0.5024446818191040665 0.8646093578672967572 0 I I #
point $-1 -1 $-1 0.6061174053045930155 5.686768384280950883 0.5 #
edge $4155 -1 $-1 $4038 5.154999999999999361 $3884 5.160000000000000142 $3881 $352 forward @7 unknown #
point $-1 -1 $-1 0.3000000000000014877 5.160000000000000142 0.5 #
coedge $-1 -1 $-1 $3906 $3886 $3908 $4048 reversed $102 $-1 #
coedge $-1 -1 $-1 $3901 $4156 $3886 $4023 forward $4036 $-1 #
edge $4157 -1 $-1 $4158 0 $4025 0.3200000000000000622 $4022 $4159 forward @7 unknown #
color-adesk-attrib $-1 -1 $-1 $-1 $3887 256 #
vertex $-1 -1 $-1 $4023 $4160 #
point $-1 -1 $-1 0.6061174053045932375 6.311768384280950883 -0.5 #
color-adesk-attrib $-1 -1 $-1 $-1 $3898 256 #
face $4161 -1 $-1 $4162 $4163 $8 $-1 $354 reversed single #
loop $-1 -1 $-1 $-1 $4164 $3898 #
coedge $-1 -1 $-1 $4146 $4145 $4165 $4166 forward $3899 $-1 #
coedge $-1 -1 $-1 $4167 $3900 $4168 $4169 reversed $3765 $-1 #
coedge $-1 -1 $-1 $3900 $4167 $4170 $4171 reversed $3765 $-1 #
coedge $-1 -1 $-1 $4172 $4173 $3900 $4034 reversed $4064 $-1 #
edge $4174 -1 $-1 $4175 -0.25 $4176 0.75 $3900 $4177 forward @7 unknown #
coedge $-1 -1 $-1 $4156 $3901 $4154 $4178 reversed $4036 $-1 #
loop $-1 -1 $-1 $-1 $4022 $4179 #
color-adesk-attrib $-1 -1 $-1 $-1 $3902 256 #
vertex $-1 -1 $-1 $4019 $4180 #
straight-curve $-1 -1 $-1 0.3000000000000000444 5.155000000000000249 -0.25 0 0 -1 I I #
edge $4181 -1 $-1 $4044 -0.75 $4046 0.25 $3903 $4182 forward @7 unknown #
coedge $-1 -1 $-1 $4154 $3904 $3909 $4049 forward $264 $-1 #
coedge $-1 -1 $-1 $3904 $4140 $4137 $4183 forward $264 $-1 #
color-adesk-attrib $-1 -1 $-1 $-1 $3905 256 #
vertex $-1 -1 $-1 $3905 $4184 #
color-adesk-attrib $-1 -1 $-1 $-1 $3907 256 #
vertex $-1 -1 $-1 $4005 $4185 #
coedge $-1 -1 $-1 $3909 $3908 $4156 $4186 forward $3910 $-1 #
edge $4187 -1 $-1 $3912 0 $4158 0.6092559367855017172 $3908 $4188 forward @7 unknown #
edge $4189 -1 $-1 $3913 0 $4190 0.6092559367855017172 $3909 $4191 forward @7 unknown #
face $4192 -1 $-1 $4179 $3910 $8 $-1 $4193 forward single #
point $-1 -1 $-1 0.3000000000000014877 4.535000000000000142 -0.5 #
point $-1 -1 $-1 0.3000000000000014877 4.535000000000000142 0.5 #
color-adesk-attrib $-1 -1 $-1 $-1 $3915 256 #
straight-curve $-1 -1 $-1 0.6061174053045932375 6.311768384280950883 0.5 -0.9566168915768484826 0.291348799122028157 0 I I #
color-adesk-attrib $-1 -1 $-1 $-1 $3916 256 #
plane-surface $-1 -1 $-1 0.6061174053045932375 6.311768384280950883 -0.5 0.2913487991220282125 0.9566168915768485936 0 -0.9566168915768485936 0.2913487991220282125 0 forward_v I I I I #
color-adesk-attrib $-1 -1 $-1 $-1 $3920 256 #
straight-curve $-1 -1 $-1 0.6061174053045930155 5.686768384280950883 0.5 -0.9566168915768484826 0.291348799122028157 0 I I #
color-adesk-attrib $-1 -1 $-1 $-1 $3923 256 #
straight-curve $-1 -1 $-1 0.6061174053045932375 6.311768384280950883 -0.5 0 0 1 I I #
point $-1 -1 $-1 0.6061174053045932375 6.311768384280950883 0.5 #
color-adesk-attrib $-1 -1 $-1 $-1 $3932 256 #
face $4194 -1 $-1 $4050 $4195 $8 $-1 $4196 forward single #
loop $-1 -1 $-1 $-1 $4172 $3932 #
plane-surface $-1 -1 $-1 0.3000000000000013767 3.285000000000000142 -0.5 0.8646093578672968682 -0.5024446818191041775 0 0.5024446818191041775 0.8646093578672968682 0 forward_v I I I I #
coedge $-1 -1 $-1 $4197 $4198 $4199 $4200 forward $3933 $-1 #
coedge $-1 -1 $-1 $4201 $3935 $4198 $4202 forward $3800 $-1 #
coedge $-1 -1 $-1 $3935 $4201 $4164 $4203 reversed $3800 $-1 #
coedge $-1 -1 $-1 $4204 $4199 $3935 $4070 reversed $102 $-1 #
edge $4205 -1 $-1 $4206 0 $4207 0.6092559367855017172 $3935 $4208 forward @7 unknown #
coedge $-1 -1 $-1 $3937 $3936 $4209 $4210 reversed $3669 $-1 #
coedge $-1 -1 $-1 $4211 $4212 $3936 $4073 forward $4213 $-1 #
edge $4214 -1 $-1 $4215 -0.75 $4076 0.25 $4072 $4216 forward @7 unknown #
coedge $-1 -1 $-1 $3938 $4217 $4211 $4218 forward $102 $-1 #
color-adesk-attrib $-1 -1 $-1 $-1 $3939 256 #
vertex $-1 -1 $-1 $3939 $4219 #
straight-curve $-1 -1 $-1 0.6061174053045927934 1.31176838428095266 -0.5 -0.9566168915768484826 0.291348799122028157 0 F 0 F 0.3200000000000000622 #
coedge $-1 -1 $-1 $4209 $4220 $3940 $4079 forward $264 $-1 #
edge $4221 -1 $-1 $4087 0 $4081 0.6092559367855017172 $3940 $4222 forward @7 unknown #
color-adesk-attrib $-1 -1 $-1 $-1 $3941 256 #
vertex $-1 -1 $-1 $3941 $4223 #
straight-curve $-1 -1 $-1 0.6061174053045927934 1.31176838428095266 -0.5 0 0 1 I I #
coedge $-1 -1 $-1 $4224 $3942 $4220 $4225 reversed $4085 $-1 #
coedge $-1 -1 $-1 $3942 $4224 $3944 $4090 reversed $4085 $-1 #
loop $-1 -1 $-1 $-1 $3942 $4162 #
color-adesk-attrib $-1 -1 $-1 $-1 $3943 256 #
vertex $-1 -1 $-1 $4079 $4226 #
straight-curve $-1 -1 $-1 0.3000000000000000444 0.7849999999999981437 -0.25 0 0 1 I I #
coedge $-1 -1 $-1 $3957 $3944 $4227 $4228 reversed $102 $-1 #
edge $4229 -1 $-1 $3946 -0.7850000000000001421 $4230 -0.7800000000000011369 $4084 $277 forward @7 unknown #
point $-1 -1 $-1 0.3000000000000012657 0.7850000000000001421 -0.5 #
point $-1 -1 $-1 0.6061174053045927934 1.31176838428095266 -0.5 #
coedge $-1 -1 $-1 $4231 $3949 $3952 $4097 forward $264 $-1 #
color-adesk-attrib $-1 -1 $-1 $-1 $3950 256 #
straight-curve $-1 -1 $-1 0.6061174053045927934 0.06176838428095265954 0.5 -0.9566168915768484826 0.291348799122028157 0 I I #
coedge $-1 -1 $-1 $3952 $3951 $4232 $4233 forward $3953 $-1 #
edge $4234 -1 $-1 $3955 0.1550000000000011369 $4235 0.1600000000000001421 $3952 $352 forward @7 unknown #
face $4236 -1 $-1 $3702 $3953 $8 $-1 $354 reversed single #
point $-1 -1 $-1 0.3000000000000011546 0.1550000000000011369 0.5 #
coedge $-1 -1 $-1 $4237 $4232 $3957 $4101 forward $4238 $-1 #
edge $4239 -1 $-1 $4103 0 $4240 0.6092559367855017172 $4100 $4241 forward @7 unknown #
color-adesk-attrib $-1 -1 $-1 $-1 $3958 256 #
vertex $-1 -1 $-1 $3958 $4242 #
coedge $-1 -1 $-1 $3960 $3972 $4243 $4244 forward $264 $-1 #
coedge $-1 -1 $-1 $4243 $3968 $3964 $4106 reversed $4111 $-1 #
edge $4245 -1 $-1 $4108 -0.75 $3971 0.25 $3964 $4246 forward @7 unknown #
color-adesk-attrib $-1 -1 $-1 $-1 $3965 256 #
vertex $-1 -1 $-1 $3965 $4247 #
color-adesk-attrib $-1 -1 $-1 $-1 $3966 256 #
coedge $-1 -1 $-1 $3968 $4243 $3978 $4120 reversed $4111 $-1 #
loop $-1 -1 $-1 $-1 $3968 $4248 #
color-adesk-attrib $-1 -1 $-1 $-1 $3969 256 #
straight-curve $-1 -1 $-1 0.6061174053045927934 -0.5632316157190473405 -0.5 -0.9566168915768484826 0.291348799122028157 0 F 0 F 0.3200000000000000622 #
point $-1 -1 $-1 0.3000000000000011546 -0.4699999999999988631 -0.5 #
coedge $-1 -1 $-1 $3973 $3978 $3972 $4116 reversed $3979 $-1 #
edge $4249 -1 $-1 $3976 0 $4250 0.6092559367855017172 $4115 $4251 forward @7 unknown #
color-adesk-attrib $-1 -1 $-1 $-1 $3974 256 #
straight-curve $-1 -1 $-1 0.2999999999999999889 -1.090000000000002078 -0.25 0 0 1 I I #
point $-1 -1 $-1 0.3000000000000011546 -1.089999999999999858 0.5 #
edge $4252 -1 $-1 $3981 0 $4250 1 $4110 $4253 forward @7 unknown #
face $4254 -1 $-1 $4248 $3979 $8 $-1 $4255 forward single #
point $-1 -1 $-1 0.6061174053045927934 -0.5632316157190473405 -0.5 #
color-adesk-attrib $-1 -1 $-1 $-1 $3985 256 #
straight-curve $-1 -1 $-1 0.6061174053045925714 -1.81323161571904734 0.5 -0.9566168915768484826 0.291348799122028157 0 I I #
color-adesk-attrib $-1 -1 $-1 $-1 $3989 256 #
plane-surface $-1 -1 $-1 0.6061174053045925714 -1.81323161571904734 -0.5 0.2913487991220282125 0.9566168915768485936 0 -0.9566168915768485936 0.2913487991220282125 0 forward_v I I I I #
point $-1 -1 $-1 0.6061174053045925714 -1.81323161571904734 0.5 #
color-adesk-attrib $-1 -1 $-1 $-1 $3998 256 #
face $4256 -1 $-1 $4257 $4258 $8 $-1 $4259 forward single #
loop $-1 -1 $-1 $-1 $4260 $3998 #
plane-surface $-1 -1 $-1 0.3000000000000012657 1.410000000000000142 -0.5 0.8646093578672968682 -0.5024446818191041775 0 0.5024446818191041775 0.8646093578672968682 0 forward_v I I I I #
coedge $-1 -1 $-1 $4261 $4262 $4263 $4264 forward $3999 $-1 #
coedge $-1 -1 $-1 $4265 $4001 $4262 $4266 forward $3866 $-1 #
coedge $-1 -1 $-1 $4001 $4265 $4267 $4268 reversed $3866 $-1 #
coedge $-1 -1 $-1 $4269 $4263 $4001 $4136 reversed $102 $-1 #
edge $4270 -1 $-1 $4271 0 $4272 0.6092559367855017172 $4001 $4273 forward @7 unknown #
coedge $-1 -1 $-1 $4003 $4002 $4042 $4183 reversed $3735 $-1 #
color-adesk-attrib $-1 -1 $-1 $-1 $4005 256 #
straight-curve $-1 -1 $-1 0.6061174053045930155 4.436768384280950883 -0.5 -0.9566168915768484826 0.291348799122028157 0 F 0 F 0.3200000000000000622 #
coedge $-1 -1 $-1 $4042 $4274 $4006 $4141 forward $264 $-1 #
edge $4275 -1 $-1 $4148 0 $4143 0.6092559367855017172 $4006 $4276 forward @7 unknown #
color-adesk-attrib $-1 -1 $-1 $-1 $4007 256 #
vertex $-1 -1 $-1 $4007 $4277 #
straight-curve $-1 -1 $-1 0.6061174053045930155 4.436768384280950883 -0.5 0 0 1 I I #
coedge $-1 -1 $-1 $4030 $4008 $4274 $4278 reversed $3899 $-1 #
coedge $-1 -1 $-1 $4008 $4030 $4010 $4151 reversed $3899 $-1 #
color-adesk-attrib $-1 -1 $-1 $-1 $4009 256 #
vertex $-1 -1 $-1 $4141 $4279 #
straight-curve $-1 -1 $-1 0.3000000000000000444 3.909999999999997922 -0.25 0 0 1 I I #
coedge $-1 -1 $-1 $4280 $4010 $4281 $4282 reversed $102 $-1 #
edge $4283 -1 $-1 $4012 -3.910000000000000142 $4284 -3.905000000000001137 $4146 $277 forward @7 unknown #
point $-1 -1 $-1 0.3000000000000014322 3.910000000000000142 -0.5 #
point $-1 -1 $-1 0.6061174053045930155 4.436768384280950883 -0.5 #
coedge $-1 -1 $-1 $4015 $4041 $4035 $4178 forward $264 $-1 #
color-adesk-attrib $-1 -1 $-1 $-1 $4019 256 #
coedge $-1 -1 $-1 $4022 $4035 $4047 $4186 reversed $4036 $-1 #
color-adesk-attrib $-1 -1 $-1 $-1 $4023 256 #
vertex $-1 -1 $-1 $4023 $4285 #
straight-curve $-1 -1 $-1 0.6061174053045930155 5.061768384280950883 -0.5 -0.9566168915768484826 0.291348799122028157 0 F 0 F 0.3200000000000000622 #
point $-1 -1 $-1 0.3000000000000014877 5.154999999999999361 -0.5 #
color-adesk-attrib $-1 -1 $-1 $-1 $4028 256 #
face $4286 -1 $-1 $4287 $4085 $8 $-1 $354 reversed single #
loop $-1 -1 $-1 $-1 $4288 $4028 #
coedge $-1 -1 $-1 $4289 $4290 $4068 $4203 forward $4029 $-1 #
coedge $-1 -1 $-1 $4291 $4281 $4030 $4166 reversed $4195 $-1 #
edge $4292 -1 $-1 $4293 -0.75 $4284 0.25 $4030 $4294 forward @7 unknown #
coedge $-1 -1 $-1 $4032 $4031 $4261 $4295 forward $3765 $-1 #
coedge $-1 -1 $-1 $4296 $4297 $4031 $4169 forward $264 $-1 #
edge $4298 -1 $-1 $4299 3.280000000000001137 $4176 3.285000000000000142 $4031 $352 forward @7 unknown #
coedge $-1 -1 $-1 $4263 $4280 $4032 $4171 forward $102 $-1 #
edge $4300 -1 $-1 $4175 -3.285000000000000142 $4301 -3.280000000000001137 $4032 $277 forward @7 unknown #
coedge $-1 -1 $-1 $4302 $4033 $4280 $4303 forward $4064 $-1 #
coedge $-1 -1 $-1 $4033 $4302 $4296 $4304 reversed $4064 $-1 #
color-adesk-attrib $-1 -1 $-1 $-1 $4034 256 #
vertex $-1 -1 $-1 $4171 $4305 #
vertex $-1 -1 $-1 $4304 $4306 #
straight-curve $-1 -1 $-1 0.3000000000000001554 3.284999999999998366 -0.25 0 0 1 I I #
edge $4307 -1 $-1 $4190 0 $4038 0.3200000000000000622 $4035 $4308 forward @7 unknown #
face $4309 -1 $-1 $3786 $4036 $8 $-1 $4310 forward single #
point $-1 -1 $-1 0.3000000000000014877 5.154999999999999361 0.5 #
color-adesk-attrib $-1 -1 $-1 $-1 $4040 256 #
straight-curve $-1 -1 $-1 0.3000000000000000444 4.530000000000000249 -0.25 0 0 -1 I I #
edge $4311 -1 $-1 $4143 0 $4044 0.3200000000000000622 $4137 $4312 forward @7 unknown #
point $-1 -1 $-1 0.3000000000000014322 4.529999999999999361 0.5 #
point $-1 -1 $-1 0.3000000000000014322 4.529999999999999361 -0.5 #
edge $4313 -1 $-1 $4158 0 $4190 1 $4156 $4314 forward @7 unknown #
color-adesk-attrib $-1 -1 $-1 $-1 $4048 256 #
straight-curve $-1 -1 $-1 0.3000000000000014877 4.535000000000000142 -0.5 0.5024446818191040665 0.8646093578672967572 0 F 0 F 0.6092559367855017172 #
color-adesk-attrib $-1 -1 $-1 $-1 $4049 256 #
vertex $-1 -1 $-1 $4186 $4315 #
straight-curve $-1 -1 $-1 0.3000000000000014877 4.535000000000000142 0.5 0.5024446818191040665 0.8646093578672967572 0 I I #
color-adesk-attrib $-1 -1 $-1 $-1 $4050 256 #
plane-surface $-1 -1 $-1 0.3000000000000014877 4.535000000000000142 -0.5 0.8646093578672968682 -0.5024446818191041775 0 0.5024446818191041775 0.8646093578672968682 0 forward_v I I I I #
color-adesk-attrib $-1 -1 $-1 $-1 $4063 256 #
loop $-1 -1 $-1 $-1 $4281 $4063 #
plane-surface $-1 -1 $-1 0.6061174053045930155 3.81176838428095266 -0.5 0.2913487991220282125 0.9566168915768485936 0 -0.9566168915768485936 0.2913487991220282125 0 forward_v I I I I #
coedge $-1 -1 $-1 $4316 $4066 $4288 $4317 reversed $3933 $-1 #
coedge $-1 -1 $-1 $4066 $4316 $4067 $4202 reversed $3933 $-1 #
coedge $-1 -1 $-1 $4069 $4269 $4066 $4200 reversed $102 $-1 #
edge $4318 -1 $-1 $4207 0 $4319 0.3200000000000000622 $4066 $4320 forward @7 unknown #
coedge $-1 -1 $-1 $4068 $4067 $4321 $4322 reversed $3800 $-1 #
edge $4323 -1 $-1 $4207 0 $4324 1 $4198 $4325 forward @7 unknown #
edge $4326 -1 $-1 $4206 -0.25 $4327 0.75 $4164 $4328 forward @7 unknown #
coedge $-1 -1 $-1 $4329 $4069 $4290 $4330 forward $102 $-1 #
color-adesk-attrib $-1 -1 $-1 $-1 $4070 256 #
vertex $-1 -1 $-1 $4330 $4331 #
vertex $-1 -1 $-1 $4200 $4332 #
straight-curve $-1 -1 $-1 0.3000000000000013212 2.035000000000000142 -0.5 0.5024446818191040665 0.8646093578672967572 0 F 0 F 0.6092559367855017172 #
coedge $-1 -1 $-1 $4333 $4078 $4071 $4210 forward $264 $-1 #
edge $4334 -1 $-1 $4081 0 $4215 0.3200000000000000622 $4071 $4335 forward @7 unknown #
coedge $-1 -1 $-1 $4336 $4072 $4074 $4218 reversed $4213 $-1 #
coedge $-1 -1 $-1 $4072 $4336 $4333 $4337 reversed $4213 $-1 #
loop $-1 -1 $-1 $-1 $4072 $4287 #
color-adesk-attrib $-1 -1 $-1 $-1 $4073 256 #
vertex $-1 -1 $-1 $4337 $4338 #
straight-curve $-1 -1 $-1 0.2999999999999999334 1.405000000000002025 -0.25 0 0 -1 I I #
coedge $-1 -1 $-1 $4074 $4329 $4260 $4339 reversed $102 $-1 #
edge $4340 -1 $-1 $4341 -1.410000000000000142 $4076 -1.405000000000001137 $4211 $277 forward @7 unknown #
point $-1 -1 $-1 0.3000000000000012657 1.405000000000001137 -0.5 #
coedge $-1 -1 $-1 $4078 $4342 $4083 $4225 forward $264 $-1 #
color-adesk-attrib $-1 -1 $-1 $-1 $4079 256 #
straight-curve $-1 -1 $-1 0.3000000000000012657 0.7850000000000001421 0.5 0.5024446818191040665 0.8646093578672967572 0 I I #
point $-1 -1 $-1 0.6061174053045927934 1.31176838428095266 0.5 #
coedge $-1 -1 $-1 $4084 $4083 $4343 $4344 forward $4085 $-1 #
edge $4345 -1 $-1 $4346 0.7800000000000011369 $4087 0.7850000000000001421 $4083 $352 forward @7 unknown #
point $-1 -1 $-1 0.3000000000000012657 0.7850000000000001421 0.5 #
coedge $-1 -1 $-1 $4343 $4347 $4089 $4228 forward $4348 $-1 #
edge $4349 -1 $-1 $4240 0 $4230 0.3200000000000000622 $4227 $4350 forward @7 unknown #
color-adesk-attrib $-1 -1 $-1 $-1 $4090 256 #
vertex $-1 -1 $-1 $4228 $4351 #
coedge $-1 -1 $-1 $4342 $4093 $4352 $4353 forward $264 $-1 #
coedge $-1 -1 $-1 $4100 $4352 $4096 $4233 reversed $4238 $-1 #
edge $4354 -1 $-1 $4103 -0.25 $4235 0.75 $4096 $4355 forward @7 unknown #
color-adesk-attrib $-1 -1 $-1 $-1 $4097 256 #
vertex $-1 -1 $-1 $4353 $4356 #
color-adesk-attrib $-1 -1 $-1 $-1 $4098 256 #
coedge $-1 -1 $-1 $4352 $4100 $4347 $4357 forward $4238 $-1 #
loop $-1 -1 $-1 $-1 $4100 $4257 #
color-adesk-attrib $-1 -1 $-1 $-1 $4101 256 #
vertex $-1 -1 $-1 $4228 $4358 #
straight-curve $-1 -1 $-1 0.3000000000000012101 0.1600000000000001421 -0.5 0.5024446818191040665 0.8646093578672967572 0 F 0 F 0.6092559367855017172 #
point $-1 -1 $-1 0.3000000000000012101 0.1600000000000001421 -0.5 #
coedge $-1 -1 $-1 $4110 $4105 $4104 $4244 reversed $4111 $-1 #
edge $4359 -1 $-1 $4250 0 $4108 0.3200000000000000622 $4243 $4360 forward @7 unknown #
color-adesk-attrib $-1 -1 $-1 $-1 $4106 256 #
straight-curve $-1 -1 $-1 0.2999999999999999889 -0.4699999999999979194 -0.25 0 0 -1 I I #
point $-1 -1 $-1 0.3000000000000011546 -0.4699999999999988631 0.5 #
face $4361 -1 $-1 $3857 $4111 $8 $-1 $4362 forward single #
color-adesk-attrib $-1 -1 $-1 $-1 $4116 256 #
vertex $-1 -1 $-1 $4120 $4363 #
straight-curve $-1 -1 $-1 0.3000000000000011546 -1.089999999999999858 0.5 0.5024446818191040665 0.8646093578672967572 0 I I #
color-adesk-attrib $-1 -1 $-1 $-1 $4120 256 #
straight-curve $-1 -1 $-1 0.6061174053045927934 -0.5632316157190473405 -0.5 0 0 1 I I #
color-adesk-attrib $-1 -1 $-1 $-1 $4121 256 #
plane-surface $-1 -1 $-1 0.3000000000000011546 -1.089999999999999858 -0.5 0.8646093578672968682 -0.5024446818191041775 0 0.5024446818191041775 0.8646093578672968682 0 forward_v I I I I #
color-adesk-attrib $-1 -1 $-1 $-1 $4129 256 #
face $4364 -1 $-1 $4365 $4238 $8 $-1 $4366 forward single #
loop $-1 -1 $-1 $-1 $4367 $4129 #
plane-surface $-1 -1 $-1 0.6061174053045927934 1.93676838428095266 -0.5 0.2913487991220282125 0.9566168915768485936 0 -0.9566168915768485936 0.2913487991220282125 0 forward_v I I I I #
coedge $-1 -1 $-1 $4368 $4369 $4217 $4339 forward $4130 $-1 #
coedge $-1 -1 $-1 $4370 $4132 $4167 $4295 reversed $3999 $-1 #
coedge $-1 -1 $-1 $4132 $4370 $4133 $4266 reversed $3999 $-1 #
coedge $-1 -1 $-1 $4135 $4170 $4132 $4264 reversed $102 $-1 #
edge $4371 -1 $-1 $4272 0 $4301 0.3200000000000000622 $4132 $4372 forward @7 unknown #
coedge $-1 -1 $-1 $4134 $4133 $4373 $4374 reversed $3866 $-1 #
edge $4375 -1 $-1 $4272 0 $4376 1 $4262 $4377 forward @7 unknown #
coedge $-1 -1 $-1 $4378 $4379 $4134 $4268 forward $4163 $-1 #
edge $4380 -1 $-1 $4271 -0.25 $4381 0.75 $4267 $4382 forward @7 unknown #
coedge $-1 -1 $-1 $4199 $4135 $4379 $4383 forward $102 $-1 #
color-adesk-attrib $-1 -1 $-1 $-1 $4136 256 #
vertex $-1 -1 $-1 $4383 $4384 #
vertex $-1 -1 $-1 $4264 $4385 #
straight-curve $-1 -1 $-1 0.3000000000000013767 2.660000000000000142 -0.5 0.5024446818191040665 0.8646093578672967572 0 F 0 F 0.6092559367855017172 #
coedge $-1 -1 $-1 $4140 $4386 $4145 $4278 forward $264 $-1 #
color-adesk-attrib $-1 -1 $-1 $-1 $4141 256 #
straight-curve $-1 -1 $-1 0.3000000000000014322 3.910000000000000142 0.5 0.5024446818191040665 0.8646093578672967572 0 I I #
point $-1 -1 $-1 0.6061174053045930155 4.436768384280950883 0.5 #
edge $4387 -1 $-1 $4293 3.905000000000001137 $4148 3.910000000000000142 $4145 $352 forward @7 unknown #
point $-1 -1 $-1 0.3000000000000014322 3.910000000000000142 0.5 #
coedge $-1 -1 $-1 $4170 $4150 $4172 $4303 reversed $102 $-1 #
coedge $-1 -1 $-1 $4165 $4388 $4150 $4282 forward $4195 $-1 #
edge $4389 -1 $-1 $4390 0 $4284 0.3200000000000000622 $4281 $4391 forward @7 unknown #
color-adesk-attrib $-1 -1 $-1 $-1 $4151 256 #
vertex $-1 -1 $-1 $4282 $4392 #
point $-1 -1 $-1 0.6061174053045930155 5.061768384280950883 -0.5 #
color-adesk-attrib $-1 -1 $-1 $-1 $4162 256 #
face $4393 -1 $-1 $3966 $4213 $8 $-1 $354 reversed single #
coedge $-1 -1 $-1 $4379 $4378 $4197 $4317 forward $4163 $-1 #
coedge $-1 -1 $-1 $4394 $4164 $4395 $4396 reversed $4029 $-1 #
coedge $-1 -1 $-1 $4164 $4394 $4204 $4330 reversed $4029 $-1 #
coedge $-1 -1 $-1 $4388 $4165 $4386 $4397 reversed $4195 $-1 #
color-adesk-attrib $-1 -1 $-1 $-1 $4166 256 #
vertex $-1 -1 $-1 $4278 $4398 #
straight-curve $-1 -1 $-1 0.2999999999999998224 3.905000000000002025 -0.25 0 0 -1 I I #
edge $4399 -1 $-1 $4299 -0.75 $4301 0.25 $4167 $4400 forward @7 unknown #
coedge $-1 -1 $-1 $4386 $4168 $4173 $4304 forward $264 $-1 #
coedge $-1 -1 $-1 $4168 $4373 $4370 $4401 forward $264 $-1 #
color-adesk-attrib $-1 -1 $-1 $-1 $4169 256 #
vertex $-1 -1 $-1 $4169 $4402 #
color-adesk-attrib $-1 -1 $-1 $-1 $4171 256 #
vertex $-1 -1 $-1 $4264 $4403 #
coedge $-1 -1 $-1 $4173 $4172 $4388 $4404 forward $4064 $-1 #
edge $4405 -1 $-1 $4175 0 $4390 0.6092559367855017172 $4172 $4406 forward @7 unknown #
edge $4407 -1 $-1 $4176 0 $4408 0.6092559367855017172 $4173 $4409 forward @7 unknown #
point $-1 -1 $-1 0.3000000000000013767 3.285000000000000142 -0.5 #
point $-1 -1 $-1 0.3000000000000013767 3.285000000000000142 0.5 #
color-adesk-attrib $-1 -1 $-1 $-1 $4178 256 #
straight-curve $-1 -1 $-1 0.6061174053045930155 5.061768384280950883 0.5 -0.9566168915768484826 0.291348799122028157 0 I I #
color-adesk-attrib $-1 -1 $-1 $-1 $4179 256 #
plane-surface $-1 -1 $-1 0.6061174053045930155 5.061768384280950883 -0.5 0.2913487991220282125 0.9566168915768485936 0 -0.9566168915768485936 0.2913487991220282125 0 forward_v I I I I #
color-adesk-attrib $-1 -1 $-1 $-1 $4183 256 #
straight-curve $-1 -1 $-1 0.6061174053045930155 4.436768384280950883 0.5 -0.9566168915768484826 0.291348799122028157 0 I I #
color-adesk-attrib $-1 -1 $-1 $-1 $4186 256 #
straight-curve $-1 -1 $-1 0.6061174053045930155 5.061768384280950883 -0.5 0 0 1 I I #
point $-1 -1 $-1 0.6061174053045930155 5.061768384280950883 0.5 #
coedge $-1 -1 $-1 $4198 $4197 $4410 $4411 reversed $3933 $-1 #
edge $4412 -1 $-1 $4413 -0.75 $4319 0.25 $4288 $4414 forward @7 unknown #
color-adesk-attrib $-1 -1 $-1 $-1 $4200 256 #
vertex $-1 -1 $-1 $4200 $4415 #
straight-curve $-1 -1 $-1 0.6061174053045929044 2.56176838428095266 -0.5 -0.9566168915768484826 0.291348799122028157 0 F 0 F 0.3200000000000000622 #
coedge $-1 -1 $-1 $4410 $4395 $4201 $4322 forward $264 $-1 #
edge $4416 -1 $-1 $4327 0 $4324 0.6092559367855017172 $4201 $4417 forward @7 unknown #
color-adesk-attrib $-1 -1 $-1 $-1 $4202 256 #
vertex $-1 -1 $-1 $4202 $4418 #
straight-curve $-1 -1 $-1 0.6061174053045929044 2.56176838428095266 -0.5 0 0 1 I I #
color-adesk-attrib $-1 -1 $-1 $-1 $4203 256 #
vertex $-1 -1 $-1 $4322 $4419 #
straight-curve $-1 -1 $-1 0.2999999999999999889 2.034999999999998366 -0.25 0 0 1 I I #
coedge $-1 -1 $-1 $4217 $4204 $4367 $4420 reversed $102 $-1 #
edge $4421 -1 $-1 $4206 -2.035000000000000142 $4422 -2.030000000000001137 $4290 $277 forward @7 unknown #
point $-1 -1 $-1 0.3000000000000013212 2.035000000000000142 -0.5 #
point $-1 -1 $-1 0.6061174053045929044 2.56176838428095266 -0.5 #
coedge $-1 -1 $-1 $4423 $4209 $4212 $4337 forward $264 $-1 #
color-adesk-attrib $-1 -1 $-1 $-1 $4210 256 #
straight-curve $-1 -1 $-1 0.6061174053045927934 1.31176838428095266 0.5 -0.9566168915768484826 0.291348799122028157 0 I I #
coedge $-1 -1 $-1 $4212 $4211 $4369 $4424 forward $4213 $-1 #
edge $4425 -1 $-1 $4215 1.405000000000001137 $4426 1.410000000000000142 $4212 $352 forward @7 unknown #
point $-1 -1 $-1 0.3000000000000012657 1.405000000000001137 0.5 #
edge $4427 -1 $-1 $4341 0 $4428 0.6092559367855017172 $4260 $4429 forward @7 unknown #
color-adesk-attrib $-1 -1 $-1 $-1 $4218 256 #
vertex $-1 -1 $-1 $4218 $4430 #
coedge $-1 -1 $-1 $4220 $4231 $4431 $4432 forward $264 $-1 #
coedge $-1 -1 $-1 $4431 $4227 $4224 $4344 reversed $4348 $-1 #
edge $4433 -1 $-1 $4346 -0.75 $4230 0.25 $4224 $4434 forward @7 unknown #
color-adesk-attrib $-1 -1 $-1 $-1 $4225 256 #
vertex $-1 -1 $-1 $4225 $4435 #
coedge $-1 -1 $-1 $4227 $4431 $4237 $4357 reversed $4348 $-1 #
loop $-1 -1 $-1 $-1 $4227 $4365 #
color-adesk-attrib $-1 -1 $-1 $-1 $4228 256 #
straight-curve $-1 -1 $-1 0.6061174053045927934 0.6867683842809526595 -0.5 -0.9566168915768484826 0.291348799122028157 0 F 0 F 0.3200000000000000622 #
point $-1 -1 $-1 0.3000000000000012101 0.7800000000000011369 -0.5 #
coedge $-1 -1 $-1 $4232 $4237 $4231 $4353 reversed $4238 $-1 #
edge $4436 -1 $-1 $4235 0 $4437 0.6092559367855017172 $4352 $4438 forward @7 unknown #
color-adesk-attrib $-1 -1 $-1 $-1 $4233 256 #
straight-curve $-1 -1 $-1 0.2999999999999999889 0.1599999999999980882 -0.25 0 0 1 I I #
point $-1 -1 $-1 0.3000000000000012101 0.1600000000000001421 0.5 #
edge $4439 -1 $-1 $4240 0 $4437 1 $4347 $4440 forward @7 unknown #
point $-1 -1 $-1 0.6061174053045927934 0.6867683842809526595 -0.5 #
color-adesk-attrib $-1 -1 $-1 $-1 $4244 256 #
straight-curve $-1 -1 $-1 0.6061174053045927934 -0.5632316157190473405 0.5 -0.9566168915768484826 0.291348799122028157 0 I I #
color-adesk-attrib $-1 -1 $-1 $-1 $4248 256 #
plane-surface $-1 -1 $-1 0.6061174053045927934 -0.5632316157190473405 -0.5 0.2913487991220282125 0.9566168915768485936 0 -0.9566168915768485936 0.2913487991220282125 0 forward_v I I I I #
point $-1 -1 $-1 0.6061174053045927934 -0.5632316157190473405 0.5 #
color-adesk-attrib $-1 -1 $-1 $-1 $4257 256 #
face $4441 -1 $-1 $4121 $4348 $8 $-1 $4442 forward single #
plane-surface $-1 -1 $-1 0.3000000000000012101 0.1600000000000001421 -0.5 0.8646093578672968682 -0.5024446818191041775 0 0.5024446818191041775 0.8646093578672968682 0 forward_v I I I I #
coedge $-1 -1 $-1 $4443 $4444 $4329 $4420 forward $4258 $-1 #
coedge $-1 -1 $-1 $4445 $4260 $4444 $4446 forward $4130 $-1 #
coedge $-1 -1 $-1 $4260 $4445 $4336 $4424 reversed $4130 $-1 #
coedge $-1 -1 $-1 $4262 $4261 $4297 $4401 reversed $3999 $-1 #
color-adesk-attrib $-1 -1 $-1 $-1 $4264 256 #
straight-curve $-1 -1 $-1 0.6061174053045930155 3.18676838428095266 -0.5 -0.9566168915768484826 0.291348799122028157 0 F 0 F 0.3200000000000000622 #
coedge $-1 -1 $-1 $4297 $4447 $4265 $4374 forward $264 $-1 #
edge $4448 -1 $-1 $4381 0 $4376 0.6092559367855017172 $4265 $4449 forward @7 unknown #
color-adesk-attrib $-1 -1 $-1 $-1 $4266 256 #
vertex $-1 -1 $-1 $4266 $4450 #
straight-curve $-1 -1 $-1 0.6061174053045930155 3.18676838428095266 -0.5 0 0 1 I I #
coedge $-1 -1 $-1 $4288 $4267 $4447 $4451 reversed $4163 $-1 #
coedge $-1 -1 $-1 $4267 $4288 $4269 $4383 reversed $4163 $-1 #
color-adesk-attrib $-1 -1 $-1 $-1 $4268 256 #
vertex $-1 -1 $-1 $4374 $4452 #
straight-curve $-1 -1 $-1 0.3000000000000000444 2.659999999999998366 -0.25 0 0 1 I I #
edge $4453 -1 $-1 $4271 -2.660000000000000142 $4319 -2.655000000000001137 $4379 $277 forward @7 unknown #
point $-1 -1 $-1 0.3000000000000013767 2.660000000000000142 -0.5 #
point $-1 -1 $-1 0.6061174053045930155 3.18676838428095266 -0.5 #
coedge $-1 -1 $-1 $4274 $4296 $4291 $4397 forward $264 $-1 #
color-adesk-attrib $-1 -1 $-1 $-1 $4278 256 #
coedge $-1 -1 $-1 $4281 $4291 $4302 $4404 reversed $4195 $-1 #
color-adesk-attrib $-1 -1 $-1 $-1 $4282 256 #
vertex $-1 -1 $-1 $4282 $4454 #
straight-curve $-1 -1 $-1 0.6061174053045930155 3.81176838428095266 -0.5 -0.9566168915768484826 0.291348799122028157 0 F 0 F 0.3200000000000000622 #
point $-1 -1 $-1 0.3000000000000013767 3.905000000000001137 -0.5 #
color-adesk-attrib $-1 -1 $-1 $-1 $4287 256 #
coedge $-1 -1 $-1 $4290 $4289 $4443 $4455 forward $4029 $-1 #
coedge $-1 -1 $-1 $4321 $4456 $4289 $4396 forward $264 $-1 #
edge $4457 -1 $-1 $4458 2.030000000000001137 $4327 2.035000000000000142 $4289 $352 forward @7 unknown #
edge $4459 -1 $-1 $4408 0 $4293 0.3200000000000000622 $4291 $4460 forward @7 unknown #
point $-1 -1 $-1 0.3000000000000013767 3.905000000000001137 0.5 #
color-adesk-attrib $-1 -1 $-1 $-1 $4295 256 #
straight-curve $-1 -1 $-1 0.2999999999999999334 3.280000000000002025 -0.25 0 0 -1 I I #
edge $4461 -1 $-1 $4376 0 $4299 0.3200000000000000622 $4370 $4462 forward @7 unknown #
point $-1 -1 $-1 0.3000000000000013767 3.280000000000001137 0.5 #
point $-1 -1 $-1 0.3000000000000013767 3.280000000000001137 -0.5 #
edge $4463 -1 $-1 $4390 0 $4408 1 $4388 $4464 forward @7 unknown #
color-adesk-attrib $-1 -1 $-1 $-1 $4303 256 #
straight-curve $-1 -1 $-1 0.3000000000000013767 3.285000000000000142 -0.5 0.5024446818191040665 0.8646093578672967572 0 F 0 F 0.6092559367855017172 #
color-adesk-attrib $-1 -1 $-1 $-1 $4304 256 #
vertex $-1 -1 $-1 $4404 $4465 #
straight-curve $-1 -1 $-1 0.3000000000000013767 3.285000000000000142 0.5 0.5024446818191040665 0.8646093578672967572 0 I I #
coedge $-1 -1 $-1 $4447 $4321 $4316 $4411 forward $264 $-1 #
edge $4466 -1 $-1 $4324 0 $4413 0.3200000000000000622 $4316 $4467 forward @7 unknown #
color-adesk-attrib $-1 -1 $-1 $-1 $4317 256 #
vertex $-1 -1 $-1 $4451 $4468 #
straight-curve $-1 -1 $-1 0.2999999999999999334 2.655000000000002025 -0.25 0 0 -1 I I #
point $-1 -1 $-1 0.3000000000000013212 2.655000000000001137 -0.5 #
color-adesk-attrib $-1 -1 $-1 $-1 $4322 256 #
straight-curve $-1 -1 $-1 0.3000000000000013212 2.035000000000000142 0.5 0.5024446818191040665 0.8646093578672967572 0 I I #
point $-1 -1 $-1 0.6061174053045929044 2.56176838428095266 0.5 #
point $-1 -1 $-1 0.3000000000000013212 2.035000000000000142 0.5 #
edge $4469 -1 $-1 $4428 0 $4422 0.3200000000000000622 $4367 $4470 forward @7 unknown #
color-adesk-attrib $-1 -1 $-1 $-1 $4330 256 #
vertex $-1 -1 $-1 $4420 $4471 #
coedge $-1 -1 $-1 $4456 $4333 $4445 $4472 forward $264 $-1 #
edge $4473 -1 $-1 $4341 -0.25 $4426 0.75 $4336 $4474 forward @7 unknown #
color-adesk-attrib $-1 -1 $-1 $-1 $4337 256 #
vertex $-1 -1 $-1 $4472 $4475 #
color-adesk-attrib $-1 -1 $-1 $-1 $4339 256 #
vertex $-1 -1 $-1 $4420 $4476 #
straight-curve $-1 -1 $-1 0.3000000000000012657 1.410000000000000142 -0.5 0.5024446818191040665 0.8646093578672967572 0 F 0 F 0.6092559367855017172 #
point $-1 -1 $-1 0.3000000000000012657 1.410000000000000142 -0.5 #
coedge $-1 -1 $-1 $4347 $4343 $4342 $4432 reversed $4348 $-1 #
edge $4477 -1 $-1 $4437 0 $4346 0.3200000000000000622 $4431 $4478 forward @7 unknown #
color-adesk-attrib $-1 -1 $-1 $-1 $4344 256 #
straight-curve $-1 -1 $-1 0.2999999999999999889 0.7800000000000021361 -0.25 0 0 -1 I I #
point $-1 -1 $-1 0.3000000000000012101 0.7800000000000011369 0.5 #
color-adesk-attrib $-1 -1 $-1 $-1 $4353 256 #
vertex $-1 -1 $-1 $4357 $4479 #
straight-curve $-1 -1 $-1 0.3000000000000012101 0.1600000000000001421 0.5 0.5024446818191040665 0.8646093578672967572 0 I I #
color-adesk-attrib $-1 -1 $-1 $-1 $4357 256 #
straight-curve $-1 -1 $-1 0.6061174053045927934 0.6867683842809526595 -0.5 0 0 1 I I #
color-adesk-attrib $-1 -1 $-1 $-1 $4365 256 #
plane-surface $-1 -1 $-1 0.6061174053045927934 0.6867683842809526595 -0.5 0.2913487991220282125 0.9566168915768485936 0 -0.9566168915768485936 0.2913487991220282125 0 forward_v I I I I #
coedge $-1 -1 $-1 $4480 $4367 $4394 $4455 reversed $4258 $-1 #
coedge $-1 -1 $-1 $4367 $4480 $4368 $4446 reversed $4258 $-1 #
coedge $-1 -1 $-1 $4369 $4368 $4423 $4472 reversed $4130 $-1 #
edge $4481 -1 $-1 $4428 0 $4482 1 $4444 $4483 forward @7 unknown #
coedge $-1 -1 $-1 $4373 $4410 $4378 $4451 forward $264 $-1 #
color-adesk-attrib $-1 -1 $-1 $-1 $4374 256 #
straight-curve $-1 -1 $-1 0.3000000000000013767 2.660000000000000142 0.5 0.5024446818191040665 0.8646093578672967572 0 I I #
point $-1 -1 $-1 0.6061174053045930155 3.18676838428095266 0.5 #
edge $4484 -1 $-1 $4413 2.655000000000001137 $4381 2.660000000000000142 $4378 $352 forward @7 unknown #
point $-1 -1 $-1 0.3000000000000013767 2.660000000000000142 0.5 #
color-adesk-attrib $-1 -1 $-1 $-1 $4383 256 #
point $-1 -1 $-1 0.6061174053045930155 3.81176838428095266 -0.5 #
edge $4485 -1 $-1 $4458 -0.75 $4422 0.25 $4394 $4486 forward @7 unknown #
coedge $-1 -1 $-1 $4395 $4423 $4480 $4487 forward $264 $-1 #
color-adesk-attrib $-1 -1 $-1 $-1 $4396 256 #
vertex $-1 -1 $-1 $4396 $4488 #
color-adesk-attrib $-1 -1 $-1 $-1 $4397 256 #
straight-curve $-1 -1 $-1 0.6061174053045930155 3.81176838428095266 0.5 -0.9566168915768484826 0.291348799122028157 0 I I #
color-adesk-attrib $-1 -1 $-1 $-1 $4401 256 #
straight-curve $-1 -1 $-1 0.6061174053045930155 3.18676838428095266 0.5 -0.9566168915768484826 0.291348799122028157 0 I I #
color-adesk-attrib $-1 -1 $-1 $-1 $4404 256 #
straight-curve $-1 -1 $-1 0.6061174053045930155 3.81176838428095266 -0.5 0 0 1 I I #
point $-1 -1 $-1 0.6061174053045930155 3.81176838428095266 0.5 #
color-adesk-attrib $-1 -1 $-1 $-1 $4411 256 #
straight-curve $-1 -1 $-1 0.6061174053045929044 2.56176838428095266 0.5 -0.9566168915768484826 0.291348799122028157 0 I I #
point $-1 -1 $-1 0.3000000000000013212 2.655000000000001137 0.5 #
color-adesk-attrib $-1 -1 $-1 $-1 $4420 256 #
straight-curve $-1 -1 $-1 0.6061174053045927934 1.93676838428095266 -0.5 -0.9566168915768484826 0.291348799122028157 0 F 0 F 0.3200000000000000622 #
point $-1 -1 $-1 0.3000000000000012657 2.030000000000001137 -0.5 #
edge $4489 -1 $-1 $4426 0 $4482 0.6092559367855017172 $4445 $4490 forward @7 unknown #
color-adesk-attrib $-1 -1 $-1 $-1 $4424 256 #
straight-curve $-1 -1 $-1 0.2999999999999999889 1.409999999999998366 -0.25 0 0 1 I I #
point $-1 -1 $-1 0.3000000000000012657 1.410000000000000142 0.5 #
point $-1 -1 $-1 0.6061174053045927934 1.93676838428095266 -0.5 #
color-adesk-attrib $-1 -1 $-1 $-1 $4432 256 #
straight-curve $-1 -1 $-1 0.6061174053045927934 0.6867683842809526595 0.5 -0.9566168915768484826 0.291348799122028157 0 I I #
point $-1 -1 $-1 0.6061174053045927934 0.6867683842809526595 0.5 #
coedge $-1 -1 $-1 $4444 $4443 $4456 $4487 reversed $4258 $-1 #
color-adesk-attrib $-1 -1 $-1 $-1 $4446 256 #
vertex $-1 -1 $-1 $4446 $4491 #
straight-curve $-1 -1 $-1 0.6061174053045927934 1.93676838428095266 -0.5 0 0 1 I I #
color-adesk-attrib $-1 -1 $-1 $-1 $4451 256 #
color-adesk-attrib $-1 -1 $-1 $-1 $4455 256 #
straight-curve $-1 -1 $-1 0.2999999999999999334 2.030000000000002025 -0.25 0 0 -1 I I #
edge $4492 -1 $-1 $4482 0 $4458 0.3200000000000000622 $4480 $4493 forward @7 unknown #
point $-1 -1 $-1 0.3000000000000012657 2.030000000000001137 0.5 #
color-adesk-attrib $-1 -1 $-1 $-1 $4472 256 #
straight-curve $-1 -1 $-1 0.3000000000000012657 1.410000000000000142 0.5 0.5024446818191040665 0.8646093578672967572 0 I I #
point $-1 -1 $-1 0.6061174053045927934 1.93676838428095266 0.5 #
color-adesk-attrib $-1 -1 $-1 $-1 $4487 256 #
straight-curve $-1 -1 $-1 0.6061174053045927934 1.93676838428095266 0.5 -0.9566168915768484826 0.291348799122028157 0 I I #
