700 2945 2 0        
16 Autodesk AutoCAD 20 ASM 230.7.0.65535 NT 24 Sat Sep  6 15:45:28 2025 
1 9.999999999999999547e-07 1.000000000000000036e-10 
body $-1 -1 $-1 $2 $-1 $3 #
body $-1 -1 $-1 $4 $-1 $5 #
lump $-1 -1 $-1 $-1 $6 $0 #
transform $-1 -1 1 0 0 0 1 0 0 0 1 190.5 10.9399999999999995 0.5 1 no_rotate no_reflect no_shear #
lump $-1 -1 $-1 $-1 $7 $1 #
transform $-1 -1 1 0 0 0 1 0 0 0 1 -0.2999999999999999889 10.4399999999999995 0.5 1 no_rotate no_reflect no_shear #
shell $-1 -1 $-1 $-1 $-1 $8 $-1 $2 #
shell $-1 -1 $-1 $-1 $-1 $9 $-1 $4 #
face $10 -1 $-1 $11 $12 $6 $-1 $13 forward single #
face $14 -1 $-1 $15 $16 $7 $-1 $17 forward single #
color-adesk-attrib $-1 -1 $-1 $-1 $8 256 #
face $18 -1 $-1 $19 $20 $6 $-1 $21 reversed single #
loop $-1 -1 $-1 $-1 $22 $8 #
plane-surface $-1 -1 $-1 0 0 0.5 0 0 1 1 0 0 forward_v I I I I #
color-adesk-attrib $-1 -1 $-1 $-1 $9 256 #
face $23 -1 $-1 $24 $25 $7 $-1 $26 forward single #
loop $-1 -1 $-1 $-1 $27 $9 #
plane-surface $-1 -1 $-1 0.3000000000000012657 11.15999999999999837 -0.5 -1 7.709882115452488027e-17 0 -7.709882115452488027e-17 -1 -0 forward_v I I I I #
color-adesk-attrib $-1 -1 $-1 $-1 $11 256 #
face $28 -1 $-1 $29 $30 $6 $-1 $31 reversed single #
loop $-1 -1 $-1 $-1 $32 $11 #
plane-surface $-1 -1 $-1 0 0 -0.5 0 0 1 1 0 0 forward_v I I I I #
coedge $-1 -1 $-1 $33 $34 $35 $36 forward $12 $-1 #
color-adesk-attrib $-1 -1 $-1 $-1 $15 256 #
face $37 -1 $-1 $38 $39 $7 $-1 $40 forward single #
loop $-1 -1 $-1 $-1 $41 $15 #
plane-surface $-1 -1 $-1 0.383635352024120635 10.48215865710483108 -0.5 0.4501237210572803793 -0.8929662007834046067 0 0.8929662007834046067 0.4501237210572803793 0 forward_v I I I I #
coedge $-1 -1 $-1 $42 $43 $44 $45 reversed $16 $-1 #
color-adesk-attrib $-1 -1 $-1 $-1 $19 256 #
face $46 -1 $-1 $47 $48 $6 $-1 $49 reversed single #
loop $-1 -1 $-1 $-1 $50 $19 #
plane-surface $-1 -1 $-1 0 -0.5 0 0 1 -0 -0 0 1 forward_v I I I I #
coedge $-1 -1 $-1 $51 $52 $53 $54 forward $20 $-1 #
coedge $-1 -1 $-1 $55 $22 $56 $57 forward $12 $-1 #
coedge $-1 -1 $-1 $22 $55 $58 $59 forward $12 $-1 #
coedge $-1 -1 $-1 $60 $61 $22 $36 reversed $62 $-1 #
edge $63 -1 $-1 $64 -0.5 $65 0.5 $35 $66 forward @7 unknown #
color-adesk-attrib $-1 -1 $-1 $-1 $24 256 #
face $67 -1 $-1 $68 $69 $7 $-1 $70 forward single #
loop $-1 -1 $-1 $-1 $71 $24 #
cone-surface $-1 -1 $-1 0.4074919092401557696 10.43483144846331179 -0.5 0 0 1 -0.02385655721603507917 0.04732720864151929163 0 1 I I 0 -1 0.05299999999999861766 forward I I I I #
coedge $-1 -1 $-1 $72 $73 $74 $75 reversed $25 $-1 #
coedge $-1 -1 $-1 $76 $27 $77 $78 reversed $16 $-1 #
coedge $-1 -1 $-1 $27 $76 $79 $80 reversed $16 $-1 #
coedge $-1 -1 $-1 $81 $82 $27 $45 forward $83 $-1 #
edge $84 -1 $-1 $85 -0.5 $86 0.5 $44 $87 forward @7 unknown #
color-adesk-attrib $-1 -1 $-1 $-1 $29 256 #
face $88 -1 $-1 $89 $90 $6 $-1 $91 reversed single #
loop $-1 -1 $-1 $-1 $92 $29 #
plane-surface $-1 -1 $-1 -0.5 0 0 1 0 0 0 0 -1 forward_v I I I I #
coedge $-1 -1 $-1 $93 $58 $94 $95 forward $30 $-1 #
coedge $-1 -1 $-1 $96 $32 $93 $97 forward $20 $-1 #
coedge $-1 -1 $-1 $32 $96 $98 $99 forward $20 $-1 #
coedge $-1 -1 $-1 $61 $60 $32 $54 reversed $62 $-1 #
edge $100 -1 $-1 $101 -0.5 $102 0.5 $53 $103 forward @7 unknown #
coedge $-1 -1 $-1 $34 $33 $104 $105 forward $12 $-1 #
coedge $-1 -1 $-1 $106 $107 $33 $57 reversed $90 $-1 #
edge $108 -1 $-1 $65 -0.5 $109 0.5 $56 $110 forward @7 unknown #
coedge $-1 -1 $-1 $50 $111 $34 $59 reversed $30 $-1 #
edge $112 -1 $-1 $113 -0.5 $64 0.5 $58 $114 forward @7 unknown #
coedge $-1 -1 $-1 $53 $35 $111 $115 forward $62 $-1 #
coedge $-1 -1 $-1 $35 $53 $106 $116 reversed $62 $-1 #
loop $-1 -1 $-1 $-1 $60 $89 #
color-adesk-attrib $-1 -1 $-1 $-1 $36 256 #
vertex $-1 -1 $-1 $36 $117 #
vertex $-1 -1 $-1 $36 $118 #
straight-curve $-1 -1 $-1 0.5 0 0.5 0 1 0 I I #
color-adesk-attrib $-1 -1 $-1 $-1 $38 256 #
face $119 -1 $-1 $120 $121 $7 $-1 $122 forward single #
loop $-1 -1 $-1 $-1 $123 $38 #
plane-surface $-1 -1 $-1 0.8804454558903826999 10.07366269162356964 -0.5 0.5337223655119652799 0.8456597640613583433 0 -0.8456597640613583433 0.5337223655119652799 0 forward_v I I I I #
coedge $-1 -1 $-1 $124 $125 $126 $127 reversed $39 $-1 #
coedge $-1 -1 $-1 $128 $41 $129 $130 forward $25 $-1 #
coedge $-1 -1 $-1 $41 $128 $124 $131 reversed $25 $-1 #
coedge $-1 -1 $-1 $126 $132 $41 $75 forward $133 $-1 #
edge $134 -1 $-1 $135 0 $136 0.5529890742031211559 $74 $137 forward @7 unknown #
coedge $-1 -1 $-1 $43 $42 $138 $139 reversed $16 $-1 #
coedge $-1 -1 $-1 $140 $141 $42 $78 forward $142 $-1 #
edge $143 -1 $-1 $144 -0.7199999999999988631 $85 9.415657505893167778e-32 $42 $145 forward @7 unknown #
coedge $-1 -1 $-1 $146 $147 $43 $80 forward $133 $-1 #
edge $148 -1 $-1 $86 20.87999999999999901 $149 21.59999999999999787 $79 $150 forward @7 unknown #
coedge $-1 -1 $-1 $151 $44 $147 $152 reversed $83 $-1 #
coedge $-1 -1 $-1 $44 $151 $140 $153 reversed $83 $-1 #
loop $-1 -1 $-1 $-1 $44 $154 #
color-adesk-attrib $-1 -1 $-1 $-1 $45 256 #
vertex $-1 -1 $-1 $153 $155 #
vertex $-1 -1 $-1 $80 $156 #
straight-curve $-1 -1 $-1 0.2999999999999999889 10.4399999999999995 0 0 0 -1 I I #
color-adesk-attrib $-1 -1 $-1 $-1 $47 256 #
face $157 -1 $-1 $-1 $62 $6 $-1 $158 reversed single #
loop $-1 -1 $-1 $-1 $106 $47 #
plane-surface $-1 -1 $-1 0 0.5 0 0 -1 0 0 0 -1 forward_v I I I I #
coedge $-1 -1 $-1 $159 $104 $107 $160 forward $48 $-1 #
coedge $-1 -1 $-1 $111 $50 $51 $97 reversed $30 $-1 #
coedge $-1 -1 $-1 $104 $159 $50 $95 reversed $48 $-1 #
edge $161 -1 $-1 $113 -0.5 $162 0.5 $94 $163 forward @7 unknown #
coedge $-1 -1 $-1 $52 $51 $159 $164 forward $20 $-1 #
edge $165 -1 $-1 $102 -0.5 $162 0.5 $93 $166 forward @7 unknown #
coedge $-1 -1 $-1 $107 $106 $52 $99 reversed $90 $-1 #
edge $167 -1 $-1 $168 -0.5 $101 0.5 $98 $169 forward @7 unknown #
color-adesk-attrib $-1 -1 $-1 $-1 $54 256 #
vertex $-1 -1 $-1 $54 $170 #
vertex $-1 -1 $-1 $115 $171 #
straight-curve $-1 -1 $-1 0.5 0 -0.5 0 -1 0 I I #
coedge $-1 -1 $-1 $92 $94 $55 $105 reversed $48 $-1 #
edge $172 -1 $-1 $109 -0.5 $113 0.5 $104 $173 forward @7 unknown #
coedge $-1 -1 $-1 $98 $56 $61 $116 forward $90 $-1 #
coedge $-1 -1 $-1 $56 $98 $92 $160 reversed $90 $-1 #
color-adesk-attrib $-1 -1 $-1 $-1 $57 256 #
vertex $-1 -1 $-1 $57 $174 #
straight-curve $-1 -1 $-1 0 0.5 0.5 -1 0 0 I I #
coedge $-1 -1 $-1 $58 $93 $60 $115 reversed $30 $-1 #
color-adesk-attrib $-1 -1 $-1 $-1 $59 256 #
vertex $-1 -1 $-1 $105 $175 #
straight-curve $-1 -1 $-1 0 -0.5 0.5 1 0 0 I I #
edge $176 -1 $-1 $64 -0.5 $102 0.5 $60 $177 forward @7 unknown #
edge $178 -1 $-1 $65 -0.5 $101 0.5 $61 $179 forward @7 unknown #
point $-1 -1 $-1 0.5 -0.5 0.5 #
point $-1 -1 $-1 0.5 0.5 0.5 #
color-adesk-attrib $-1 -1 $-1 $-1 $68 256 #
face $180 -1 $-1 $181 $182 $7 $-1 $183 forward single #
loop $-1 -1 $-1 $-1 $184 $68 #
cone-surface $-1 -1 $-1 0.8612314507319527301 10.04321894011736482 -0.5 0 0 1 0.01921400515842974777 0.03044375150620481918 0 1 I I 0 1 0.03599999999999601435 forward I I I I #
coedge $-1 -1 $-1 $185 $186 $187 $188 reversed $69 $-1 #
coedge $-1 -1 $-1 $189 $71 $73 $131 forward $39 $-1 #
coedge $-1 -1 $-1 $71 $189 $185 $190 reversed $39 $-1 #
coedge $-1 -1 $-1 $187 $74 $71 $127 forward $133 $-1 #
edge $191 -1 $-1 $136 0 $192 2.111692557000298454 $126 $193 forward @7 unknown #
coedge $-1 -1 $-1 $73 $72 $194 $195 reversed $25 $-1 #
coedge $-1 -1 $-1 $196 $197 $72 $130 reversed $198 $-1 #
edge $199 -1 $-1 $135 0 $200 1 $129 $201 forward @7 tangent #
edge $202 -1 $-1 $136 0 $203 1 $124 $204 forward @7 tangent #
coedge $-1 -1 $-1 $74 $146 $196 $205 forward $133 $-1 #
loop $-1 -1 $-1 $-1 $206 $207 #
color-adesk-attrib $-1 -1 $-1 $-1 $75 256 #
vertex $-1 -1 $-1 $205 $208 #
vertex $-1 -1 $-1 $75 $209 #
straight-curve $-1 -1 $-1 0.8774359046900139791 10.7310721568891605 -0.5 -0.8929662007834046067 -0.4501237210572803793 0 F 0 F 0.5529890742031211559 #
coedge $-1 -1 $-1 $210 $211 $76 $139 forward $212 $-1 #
edge $213 -1 $-1 $149 0 $144 1 $138 $214 forward @7 unknown #
coedge $-1 -1 $-1 $215 $77 $82 $153 forward $142 $-1 #
coedge $-1 -1 $-1 $77 $216 $210 $217 forward $142 $-1 #
loop $-1 -1 $-1 $-1 $140 $218 #
color-adesk-attrib $-1 -1 $-1 $-1 $78 256 #
vertex $-1 -1 $-1 $139 $219 #
straight-curve $-1 -1 $-1 0.3000000000000012101 10.4399999999999995 0.5 -7.709882115452488027e-17 -1 -0 I I #
coedge $-1 -1 $-1 $132 $79 $211 $220 forward $133 $-1 #
coedge $-1 -1 $-1 $79 $221 $81 $152 forward $133 $-1 #
color-adesk-attrib $-1 -1 $-1 $-1 $80 256 #
vertex $-1 -1 $-1 $80 $222 #
straight-curve $-1 -1 $-1 0.2999999999999999889 -10.4399999999999995 -0.5 0 1 0 F 0 F 21.59999999999999787 #
coedge $-1 -1 $-1 $82 $81 $223 $224 reversed $83 $-1 #
edge $225 -1 $-1 $226 -0.2999999999999999889 $86 0.2999999999999999889 $81 $227 forward @7 unknown #
edge $228 -1 $-1 $85 -0.2999999999999999889 $229 0.2999999999999999889 $82 $230 forward @7 unknown #
face $231 -1 $-1 $-1 $83 $7 $-1 $232 reversed single #
point $-1 -1 $-1 0.2999999999999999889 10.4399999999999995 0.5 #
point $-1 -1 $-1 0.2999999999999999889 10.4399999999999995 -0.5 #
color-adesk-attrib $-1 -1 $-1 $-1 $89 256 #
plane-surface $-1 -1 $-1 0.5 0 0 -1 0 0 0 -0 1 forward_v I I I I #
coedge $-1 -1 $-1 $94 $92 $96 $164 reversed $48 $-1 #
edge $233 -1 $-1 $109 -0.5 $168 0.5 $107 $234 forward @7 unknown #
color-adesk-attrib $-1 -1 $-1 $-1 $95 256 #
vertex $-1 -1 $-1 $164 $235 #
straight-curve $-1 -1 $-1 -0.5 -0.5 0 0 0 -1 I I #
edge $236 -1 $-1 $162 -0.5 $168 0.5 $159 $237 forward @7 unknown #
color-adesk-attrib $-1 -1 $-1 $-1 $97 256 #
straight-curve $-1 -1 $-1 0 -0.5 -0.5 -1 0 0 I I #
color-adesk-attrib $-1 -1 $-1 $-1 $99 256 #
vertex $-1 -1 $-1 $99 $238 #
straight-curve $-1 -1 $-1 0 0.5 -0.5 1 0 0 I I #
point $-1 -1 $-1 0.5 0.5 -0.5 #
point $-1 -1 $-1 0.5 -0.5 -0.5 #
color-adesk-attrib $-1 -1 $-1 $-1 $105 256 #
straight-curve $-1 -1 $-1 -0.5 0 0.5 0 -1 0 I I #
point $-1 -1 $-1 -0.5 0.5 0.5 #
point $-1 -1 $-1 -0.5 -0.5 0.5 #
color-adesk-attrib $-1 -1 $-1 $-1 $115 256 #
straight-curve $-1 -1 $-1 0.5 -0.5 0 0 0 -1 I I #
color-adesk-attrib $-1 -1 $-1 $-1 $116 256 #
straight-curve $-1 -1 $-1 0.5 0.5 0 0 0 -1 I I #
color-adesk-attrib $-1 -1 $-1 $-1 $120 256 #
face $239 -1 $-1 $240 $241 $7 $-1 $242 forward single #
loop $-1 -1 $-1 $-1 $243 $120 #
plane-surface $-1 -1 $-1 0.3836353520241174708 9.762158657104832216 -0.5 0.4501237210572781033 -0.8929662007834058279 0 0.8929662007834058279 0.4501237210572781033 0 forward_v I I I I #
coedge $-1 -1 $-1 $244 $245 $246 $247 reversed $121 $-1 #
coedge $-1 -1 $-1 $248 $123 $125 $190 forward $69 $-1 #
coedge $-1 -1 $-1 $123 $248 $244 $249 reversed $69 $-1 #
coedge $-1 -1 $-1 $246 $126 $123 $188 forward $133 $-1 #
edge $250 -1 $-1 $192 0 $251 0.5927216279217355499 $187 $252 forward @7 unknown #
coedge $-1 -1 $-1 $125 $124 $253 $254 reversed $39 $-1 #
edge $255 -1 $-1 $192 0 $256 1 $185 $257 forward @7 tangent #
color-adesk-attrib $-1 -1 $-1 $-1 $127 256 #
vertex $-1 -1 $-1 $127 $258 #
ellipse-curve $-1 -1 $-1 0.4074919092401557696 10.43483144846331179 -0.5 0 0 1 -0.02385655721603507917 0.04732720864151929163 0 1 F 0 F 2.111692557000298454 #
coedge $-1 -1 $-1 $216 $253 $128 $195 forward $142 $-1 #
edge $259 -1 $-1 $203 -0.5529890742031211559 $200 -0 $128 $260 forward @7 unknown #
coedge $-1 -1 $-1 $261 $129 $132 $205 reversed $198 $-1 #
coedge $-1 -1 $-1 $129 $261 $216 $262 reversed $198 $-1 #
loop $-1 -1 $-1 $-1 $196 $263 #
color-adesk-attrib $-1 -1 $-1 $-1 $130 256 #
vertex $-1 -1 $-1 $130 $264 #
straight-curve $-1 -1 $-1 0.8774359046900122028 10.73107215688916405 -0.5 0 0 1 I I #
color-adesk-attrib $-1 -1 $-1 $-1 $131 256 #
vertex $-1 -1 $-1 $131 $265 #
straight-curve $-1 -1 $-1 0.383635352024120635 10.48215865710483108 -0.5 0 0 1 I I #
edge $266 -1 $-1 $267 0 $135 2.111692557000283799 $132 $268 forward @7 unknown #
coedge $-1 -1 $-1 $221 $269 $270 $271 forward $133 $-1 #
face $272 -1 $-1 $273 $133 $7 $-1 $274 reversed single #
point $-1 -1 $-1 0.8774359046900122028 10.73107215688916405 -0.5 #
point $-1 -1 $-1 0.383635352024120635 10.48215865710483108 -0.5 #
coedge $-1 -1 $-1 $275 $138 $141 $217 reversed $212 $-1 #
coedge $-1 -1 $-1 $138 $275 $146 $220 reversed $212 $-1 #
loop $-1 -1 $-1 $-1 $211 $276 #
color-adesk-attrib $-1 -1 $-1 $-1 $139 256 #
straight-curve $-1 -1 $-1 0.3000000000000012657 11.15999999999999837 -0.5 0 0 1 I I #
coedge $-1 -1 $-1 $277 $140 $278 $279 forward $142 $-1 #
coedge $-1 -1 $-1 $141 $194 $197 $262 forward $142 $-1 #
edge $280 -1 $-1 $281 -0.6863817820807018855 $144 -0 $210 $282 forward @7 unknown #
face $283 -1 $-1 $207 $142 $7 $-1 $284 forward single #
point $-1 -1 $-1 0.3000000000000013212 11.15999999999999837 0.5 #
edge $285 -1 $-1 $149 0 $267 0.6863817820807018855 $146 $286 forward @7 unknown #
coedge $-1 -1 $-1 $147 $206 $287 $288 forward $133 $-1 #
point $-1 -1 $-1 0.3000000000000012657 11.15999999999999837 -0.5 #
coedge $-1 -1 $-1 $287 $278 $151 $224 forward $289 $-1 #
edge $290 -1 $-1 $229 -0.5 $226 0.5 $151 $291 forward @7 unknown #
color-adesk-attrib $-1 -1 $-1 $-1 $152 256 #
vertex $-1 -1 $-1 $152 $292 #
straight-curve $-1 -1 $-1 0 10.4399999999999995 -0.5 1 0 0 I I #
color-adesk-attrib $-1 -1 $-1 $-1 $153 256 #
vertex $-1 -1 $-1 $153 $293 #
straight-curve $-1 -1 $-1 0 10.4399999999999995 0.5 -1 0 0 I I #
color-adesk-attrib $-1 -1 $-1 $-1 $154 256 #
plane-surface $-1 -1 $-1 0 10.4399999999999995 0 0 -1 0 0 0 -1 forward_v I I I I #
color-adesk-attrib $-1 -1 $-1 $-1 $160 256 #
straight-curve $-1 -1 $-1 -0.5 0.5 0 0 0 -1 I I #
point $-1 -1 $-1 -0.5 -0.5 -0.5 #
color-adesk-attrib $-1 -1 $-1 $-1 $164 256 #
straight-curve $-1 -1 $-1 -0.5 0 -0.5 0 1 0 I I #
point $-1 -1 $-1 -0.5 0.5 -0.5 #
color-adesk-attrib $-1 -1 $-1 $-1 $181 256 #
face $294 -1 $-1 $295 $296 $7 $-1 $297 forward single #
loop $-1 -1 $-1 $-1 $298 $181 #
cone-surface $-1 -1 $-1 0.4074919092401521059 9.714831448463312924 -0.5 0 0 1 -0.02385655721603467672 0.04732720864151929163 0 1 I I 0 -1 0.05299999999999843725 forward I I I I #
coedge $-1 -1 $-1 $299 $300 $301 $302 reversed $182 $-1 #
coedge $-1 -1 $-1 $303 $184 $186 $249 forward $121 $-1 #
coedge $-1 -1 $-1 $184 $303 $299 $304 reversed $121 $-1 #
coedge $-1 -1 $-1 $301 $187 $184 $247 forward $133 $-1 #
edge $305 -1 $-1 $251 0 $306 2.111692557000283799 $246 $307 forward @7 unknown #
coedge $-1 -1 $-1 $186 $185 $308 $309 reversed $69 $-1 #
edge $310 -1 $-1 $251 0 $311 1 $244 $312 forward @7 tangent #
color-adesk-attrib $-1 -1 $-1 $-1 $188 256 #
vertex $-1 -1 $-1 $188 $313 #
straight-curve $-1 -1 $-1 0.3792046238680234493 10.39001148096806126 -0.5 0.8456597640613583433 -0.5337223655119652799 0 F 0 F 0.5927216279217355499 #
coedge $-1 -1 $-1 $194 $308 $189 $254 forward $142 $-1 #
edge $314 -1 $-1 $256 -2.111692557000298454 $203 -0 $189 $315 forward @7 unknown #
color-adesk-attrib $-1 -1 $-1 $-1 $190 256 #
vertex $-1 -1 $-1 $190 $316 #
straight-curve $-1 -1 $-1 0.3792046238680226722 10.39001148096806126 -0.5 0 0 1 I I #
point $-1 -1 $-1 0.3792046238680226722 10.39001148096806126 -0.5 #
color-adesk-attrib $-1 -1 $-1 $-1 $195 256 #
straight-curve $-1 -1 $-1 0.8774359046900139791 10.7310721568891605 0.5 0.8929662007834046067 0.4501237210572803793 0 I I #
coedge $-1 -1 $-1 $197 $196 $275 $317 forward $198 $-1 #
edge $318 -1 $-1 $200 -2.111692557000283799 $281 -0 $197 $319 forward @7 unknown #
face $320 -1 $-1 $218 $198 $7 $-1 $321 forward single #
point $-1 -1 $-1 0.8774359046900122028 10.73107215688916405 0.5 #
point $-1 -1 $-1 0.383635352024120635 10.48215865710483108 0.5 #
color-adesk-attrib $-1 -1 $-1 $-1 $205 256 #
vertex $-1 -1 $-1 $205 $322 #
ellipse-curve $-1 -1 $-1 0.8612314507319529522 10.76321894011736369 -0.5 0 0 -1 0.01921400515842974777 0.03044375150620481918 0 1 F 0 F 2.111692557000283799 #
coedge $-1 -1 $-1 $206 $323 $324 $325 forward $133 $-1 #
coedge $-1 -1 $-1 $326 $327 $206 $271 reversed $328 $-1 #
edge $329 -1 $-1 $330 -0.2999999999999999889 $331 0.2999999999999999889 $270 $332 forward @7 unknown #
color-adesk-attrib $-1 -1 $-1 $-1 $207 256 #
face $333 -1 $-1 $334 $328 $7 $-1 $335 reversed single #
plane-surface $-1 -1 $-1 0 0 -0.5 0 0 1 1 0 0 forward_v I I I I #
coedge $-1 -1 $-1 $211 $210 $261 $317 reversed $212 $-1 #
face $336 -1 $-1 $263 $212 $7 $-1 $337 forward single #
coedge $-1 -1 $-1 $338 $215 $339 $340 forward $142 $-1 #
coedge $-1 -1 $-1 $223 $341 $215 $279 reversed $289 $-1 #
edge $342 -1 $-1 $229 -10.4399999999999995 $343 10.4399999999999995 $278 $344 forward @7 unknown #
color-adesk-attrib $-1 -1 $-1 $-1 $217 256 #
vertex $-1 -1 $-1 $317 $345 #
straight-curve $-1 -1 $-1 0.3000000000000012657 11.15999999999999837 0.5 -0.8456597640613587874 0.5337223655119643917 0 I I #
color-adesk-attrib $-1 -1 $-1 $-1 $218 256 #
plane-surface $-1 -1 $-1 0 0 0.5 0 0 1 1 0 0 forward_v I I I I #
color-adesk-attrib $-1 -1 $-1 $-1 $220 256 #
straight-curve $-1 -1 $-1 0.3000000000000012657 11.15999999999999837 -0.5 0.8456597640613587874 -0.5337223655119643917 0 F 0 F 0.6863817820807018855 #
coedge $-1 -1 $-1 $341 $223 $221 $288 reversed $289 $-1 #
edge $346 -1 $-1 $331 -10.4399999999999995 $226 10.4399999999999995 $287 $347 forward @7 unknown #
loop $-1 -1 $-1 $-1 $223 $334 #
color-adesk-attrib $-1 -1 $-1 $-1 $224 256 #
straight-curve $-1 -1 $-1 -0.2999999999999999889 10.4399999999999995 0 0 0 -1 I I #
point $-1 -1 $-1 -0.2999999999999999889 10.4399999999999995 -0.5 #
point $-1 -1 $-1 -0.2999999999999999889 10.4399999999999995 0.5 #
color-adesk-attrib $-1 -1 $-1 $-1 $240 256 #
face $348 -1 $-1 $349 $350 $7 $-1 $351 forward single #
loop $-1 -1 $-1 $-1 $352 $240 #
plane-surface $-1 -1 $-1 0.8804454558903824779 9.353662691623567227 -0.5 0.5337223655119666121 0.8456597640613574551 0 -0.8456597640613574551 0.5337223655119666121 0 forward_v I I I I #
coedge $-1 -1 $-1 $353 $354 $355 $356 reversed $241 $-1 #
coedge $-1 -1 $-1 $357 $243 $245 $304 forward $182 $-1 #
coedge $-1 -1 $-1 $243 $357 $353 $358 reversed $182 $-1 #
coedge $-1 -1 $-1 $355 $246 $243 $302 forward $133 $-1 #
edge $359 -1 $-1 $306 0 $360 0.5529890742031239315 $301 $361 forward @7 unknown #
coedge $-1 -1 $-1 $245 $244 $362 $363 reversed $121 $-1 #
edge $364 -1 $-1 $306 0 $365 1 $299 $366 forward @7 tangent #
color-adesk-attrib $-1 -1 $-1 $-1 $247 256 #
vertex $-1 -1 $-1 $247 $367 #
ellipse-curve $-1 -1 $-1 0.8612314507319527301 10.04321894011736482 -0.5 0 0 -1 0.01921400515842974777 0.03044375150620481918 0 1 F 0 F 2.111692557000283799 #
coedge $-1 -1 $-1 $253 $362 $248 $309 forward $142 $-1 #
edge $368 -1 $-1 $311 -0.5927216279217355499 $256 -0 $248 $369 forward @7 unknown #
color-adesk-attrib $-1 -1 $-1 $-1 $249 256 #
vertex $-1 -1 $-1 $249 $370 #
straight-curve $-1 -1 $-1 0.8804454558903826999 10.07366269162356964 -0.5 0 0 1 I I #
point $-1 -1 $-1 0.8804454558903826999 10.07366269162356964 -0.5 #
color-adesk-attrib $-1 -1 $-1 $-1 $254 256 #
ellipse-curve $-1 -1 $-1 0.4074919092401557696 10.43483144846331179 0.5 0 0 -1 -0.02385655721603507917 0.04732720864151929163 0 1 I I #
point $-1 -1 $-1 0.3792046238680226167 10.39001148096806126 0.5 #
edge $371 -1 $-1 $267 0 $281 1 $261 $372 forward @7 tangent #
color-adesk-attrib $-1 -1 $-1 $-1 $262 256 #
ellipse-curve $-1 -1 $-1 0.8612314507319529522 10.76321894011736369 0.5 0 0 1 0.01921400515842974777 0.03044375150620481918 0 1 I I #
color-adesk-attrib $-1 -1 $-1 $-1 $263 256 #
cone-surface $-1 -1 $-1 0.8612314507319529522 10.76321894011736369 -0.5 0 0 1 0.01921400515842974777 0.03044375150620481918 0 1 I I 0 1 0.03599999999999601435 forward I I I I #
point $-1 -1 $-1 0.8804454558903826999 10.79366269162356851 -0.5 #
coedge $-1 -1 $-1 $269 $373 $374 $375 forward $133 $-1 #
coedge $-1 -1 $-1 $376 $377 $269 $325 reversed $378 $-1 #
edge $379 -1 $-1 $380 0 $330 0.6466492283620861592 $269 $381 forward @7 unknown #
coedge $-1 -1 $-1 $339 $270 $377 $382 reversed $328 $-1 #
coedge $-1 -1 $-1 $270 $339 $341 $383 forward $328 $-1 #
loop $-1 -1 $-1 $-1 $327 $273 #
color-adesk-attrib $-1 -1 $-1 $-1 $271 256 #
vertex $-1 -1 $-1 $382 $384 #
vertex $-1 -1 $-1 $288 $385 #
straight-curve $-1 -1 $-1 0 -10.4399999999999995 -0.5 -1 0 0 I I #
color-adesk-attrib $-1 -1 $-1 $-1 $273 256 #
face $386 -1 $-1 $154 $289 $7 $-1 $387 reversed single #
plane-surface $-1 -1 $-1 0 -10.4399999999999995 0 0 1 -0 -0 0 1 forward_v I I I I #
color-adesk-attrib $-1 -1 $-1 $-1 $276 256 #
plane-surface $-1 -1 $-1 0.8804454558903826999 10.79366269162356851 -0.5 0.5337223655119645027 0.8456597640613588984 0 -0.8456597640613588984 0.5337223655119645027 0 forward_v I I I I #
coedge $-1 -1 $-1 $388 $277 $389 $390 forward $142 $-1 #
coedge $-1 -1 $-1 $327 $326 $277 $340 reversed $328 $-1 #
edge $391 -1 $-1 $343 -0.2999999999999999889 $392 0.2999999999999999889 $339 $393 forward @7 unknown #
coedge $-1 -1 $-1 $278 $287 $327 $383 reversed $289 $-1 #
color-adesk-attrib $-1 -1 $-1 $-1 $279 256 #
vertex $-1 -1 $-1 $279 $394 #
straight-curve $-1 -1 $-1 -0.2999999999999999889 0 0.5 0 -1 0 I I #
point $-1 -1 $-1 0.8804454558903826999 10.79366269162356851 0.5 #
color-adesk-attrib $-1 -1 $-1 $-1 $288 256 #
straight-curve $-1 -1 $-1 -0.2999999999999999889 0 -0.5 0 1 0 I I #
color-adesk-attrib $-1 -1 $-1 $-1 $295 256 #
face $395 -1 $-1 $396 $397 $7 $-1 $398 forward single #
loop $-1 -1 $-1 $-1 $399 $295 #
cone-surface $-1 -1 $-1 0.8612314507319509538 9.323218940117358855 -0.5 0 0 1 0.0192140051584314131 0.03044375150620837189 0 1 I I 0 1 0.03599999999999990707 forward I I I I #
coedge $-1 -1 $-1 $400 $401 $402 $403 reversed $296 $-1 #
coedge $-1 -1 $-1 $404 $298 $300 $358 forward $241 $-1 #
coedge $-1 -1 $-1 $298 $404 $400 $405 reversed $241 $-1 #
coedge $-1 -1 $-1 $402 $301 $298 $356 forward $133 $-1 #
edge $406 -1 $-1 $360 0 $407 2.111692557000302894 $355 $408 forward @7 unknown #
coedge $-1 -1 $-1 $300 $299 $409 $410 reversed $182 $-1 #
edge $411 -1 $-1 $360 0 $412 1 $353 $413 forward @7 tangent #
color-adesk-attrib $-1 -1 $-1 $-1 $302 256 #
vertex $-1 -1 $-1 $302 $414 #
straight-curve $-1 -1 $-1 0.8774359046900139791 10.01107215688916163 -0.5 -0.8929662007834058279 -0.4501237210572781033 0 F 0 F 0.5529890742031239315 #
coedge $-1 -1 $-1 $308 $409 $303 $363 forward $142 $-1 #
edge $415 -1 $-1 $365 -2.111692557000283799 $311 -0 $303 $416 forward @7 unknown #
color-adesk-attrib $-1 -1 $-1 $-1 $304 256 #
vertex $-1 -1 $-1 $304 $417 #
straight-curve $-1 -1 $-1 0.8774359046900119807 10.01107215688916519 -0.5 0 0 1 I I #
point $-1 -1 $-1 0.8774359046900119807 10.01107215688916519 -0.5 #
color-adesk-attrib $-1 -1 $-1 $-1 $309 256 #
straight-curve $-1 -1 $-1 0.3792046238680234493 10.39001148096806126 0.5 -0.8456597640613583433 0.5337223655119652799 0 I I #
point $-1 -1 $-1 0.8804454558903826999 10.07366269162356964 0.5 #
color-adesk-attrib $-1 -1 $-1 $-1 $317 256 #
straight-curve $-1 -1 $-1 0.8804454558903826999 10.79366269162356851 -0.5 0 0 1 I I #
coedge $-1 -1 $-1 $323 $418 $419 $420 forward $133 $-1 #
coedge $-1 -1 $-1 $421 $422 $323 $375 reversed $423 $-1 #
edge $424 -1 $-1 $425 0 $380 2.111692557000291348 $323 $426 forward @7 unknown #
coedge $-1 -1 $-1 $389 $324 $422 $427 forward $378 $-1 #
coedge $-1 -1 $-1 $324 $389 $326 $382 forward $378 $-1 #
loop $-1 -1 $-1 $-1 $324 $428 #
color-adesk-attrib $-1 -1 $-1 $-1 $325 256 #
vertex $-1 -1 $-1 $375 $429 #
straight-curve $-1 -1 $-1 0.8774359046900126469 -10.14892784311083851 -0.5 -0.8929662007834052728 -0.4501237210572787695 0 F 0 F 0.6466492283620861592 #
edge $430 -1 $-1 $392 -0.5 $330 0.5 $326 $431 forward @7 unknown #
edge $432 -1 $-1 $343 -0.5 $331 0.5 $341 $433 forward @7 unknown #
point $-1 -1 $-1 0.2999999999999999889 -10.4399999999999995 -0.5 #
point $-1 -1 $-1 -0.2999999999999999889 -10.4399999999999995 -0.5 #
color-adesk-attrib $-1 -1 $-1 $-1 $334 256 #
plane-surface $-1 -1 $-1 -0.2999999999999999889 0 0 1 0 0 0 0 -1 forward_v I I I I #
coedge $-1 -1 $-1 $434 $338 $435 $436 forward $142 $-1 #
coedge $-1 -1 $-1 $377 $376 $338 $390 reversed $378 $-1 #
edge $437 -1 $-1 $392 -0.6466492283620861592 $438 -0 $389 $439 forward @7 unknown #
color-adesk-attrib $-1 -1 $-1 $-1 $340 256 #
vertex $-1 -1 $-1 $390 $440 #
straight-curve $-1 -1 $-1 0 -10.4399999999999995 0.5 1 0 0 I I #
point $-1 -1 $-1 -0.2999999999999999889 -10.4399999999999995 0.5 #
color-adesk-attrib $-1 -1 $-1 $-1 $349 256 #
face $441 -1 $-1 $442 $443 $7 $-1 $444 forward single #
loop $-1 -1 $-1 $-1 $445 $349 #
plane-surface $-1 -1 $-1 0.3836353520241205239 9.0421586571048298 -0.5 0.4501237210572802683 -0.8929662007834046067 0 0.8929662007834046067 0.4501237210572802683 0 forward_v I I I I #
coedge $-1 -1 $-1 $446 $447 $448 $449 reversed $350 $-1 #
coedge $-1 -1 $-1 $450 $352 $354 $405 forward $296 $-1 #
coedge $-1 -1 $-1 $352 $450 $446 $451 reversed $296 $-1 #
coedge $-1 -1 $-1 $448 $355 $352 $403 forward $133 $-1 #
edge $452 -1 $-1 $407 0 $453 0.5927216279217406569 $402 $454 forward @7 unknown #
coedge $-1 -1 $-1 $354 $353 $455 $456 reversed $241 $-1 #
edge $457 -1 $-1 $407 0 $458 1 $400 $459 forward @7 tangent #
color-adesk-attrib $-1 -1 $-1 $-1 $356 256 #
vertex $-1 -1 $-1 $356 $460 #
ellipse-curve $-1 -1 $-1 0.4074919092401521059 9.714831448463312924 -0.5 0 0 1 -0.02385655721603467672 0.04732720864151929163 0 1 F 0 F 2.111692557000302894 #
coedge $-1 -1 $-1 $362 $455 $357 $410 forward $142 $-1 #
edge $461 -1 $-1 $412 -0.5529890742031239315 $365 -0 $357 $462 forward @7 unknown #
color-adesk-attrib $-1 -1 $-1 $-1 $358 256 #
vertex $-1 -1 $-1 $358 $463 #
straight-curve $-1 -1 $-1 0.3836353520241174708 9.762158657104832216 -0.5 0 0 1 I I #
point $-1 -1 $-1 0.3836353520241174708 9.762158657104832216 -0.5 #
color-adesk-attrib $-1 -1 $-1 $-1 $363 256 #
ellipse-curve $-1 -1 $-1 0.8612314507319527301 10.04321894011736482 0.5 0 0 1 0.01921400515842974777 0.03044375150620481918 0 1 I I #
point $-1 -1 $-1 0.8774359046900119807 10.01107215688916519 0.5 #
coedge $-1 -1 $-1 $373 $464 $465 $466 forward $133 $-1 #
coedge $-1 -1 $-1 $467 $468 $373 $420 reversed $469 $-1 #
edge $470 -1 $-1 $471 0 $425 0.5927216279217331074 $373 $472 forward @7 unknown #
coedge $-1 -1 $-1 $435 $374 $468 $473 forward $423 $-1 #
coedge $-1 -1 $-1 $374 $435 $376 $427 reversed $423 $-1 #
loop $-1 -1 $-1 $-1 $374 $474 #
color-adesk-attrib $-1 -1 $-1 $-1 $375 256 #
vertex $-1 -1 $-1 $420 $475 #
ellipse-curve $-1 -1 $-1 0.8612314507319507317 -10.11678105988263709 -0.5 0 0 -1 0.01921400515843063594 0.030443751506208927 0 1 F 0 F 2.111692557000291348 #
edge $476 -1 $-1 $380 0 $438 1 $376 $477 forward @7 tangent #
face $478 -1 $-1 $276 $378 $7 $-1 $479 forward single #
point $-1 -1 $-1 0.8774359046900126469 -10.14892784311083851 -0.5 #
color-adesk-attrib $-1 -1 $-1 $-1 $382 256 #
straight-curve $-1 -1 $-1 0.2999999999999999889 -10.4399999999999995 0 0 0 -1 I I #
color-adesk-attrib $-1 -1 $-1 $-1 $383 256 #
straight-curve $-1 -1 $-1 -0.2999999999999999889 -10.4399999999999995 0 0 0 -1 I I #
coedge $-1 -1 $-1 $480 $388 $481 $482 forward $142 $-1 #
coedge $-1 -1 $-1 $422 $421 $388 $436 reversed $423 $-1 #
edge $483 -1 $-1 $438 -2.111692557000291348 $484 -0 $435 $485 forward @7 unknown #
color-adesk-attrib $-1 -1 $-1 $-1 $390 256 #
vertex $-1 -1 $-1 $427 $486 #
straight-curve $-1 -1 $-1 0.8774359046900126469 -10.14892784311083851 0.5 0.8929662007834052728 0.4501237210572787695 0 I I #
point $-1 -1 $-1 0.2999999999999999889 -10.4399999999999995 0.5 #
color-adesk-attrib $-1 -1 $-1 $-1 $396 256 #
face $487 -1 $-1 $488 $489 $7 $-1 $490 forward single #
loop $-1 -1 $-1 $-1 $491 $396 #
cone-surface $-1 -1 $-1 0.4074919092401556031 8.994831448463310508 -0.5 0 0 1 -0.02385655721603506529 0.04732720864151929163 0 1 I I 0 -1 0.05299999999999861766 forward I I I I #
coedge $-1 -1 $-1 $492 $493 $494 $495 reversed $397 $-1 #
coedge $-1 -1 $-1 $496 $399 $401 $451 forward $350 $-1 #
coedge $-1 -1 $-1 $399 $496 $492 $497 reversed $350 $-1 #
coedge $-1 -1 $-1 $494 $402 $399 $449 forward $133 $-1 #
edge $498 -1 $-1 $453 0 $499 2.111692557000229176 $448 $500 forward @7 unknown #
coedge $-1 -1 $-1 $401 $400 $501 $502 reversed $296 $-1 #
edge $503 -1 $-1 $453 0 $504 1 $446 $505 forward @7 tangent #
color-adesk-attrib $-1 -1 $-1 $-1 $403 256 #
vertex $-1 -1 $-1 $403 $506 #
straight-curve $-1 -1 $-1 0.379204623868019508 9.670011480968062401 -0.5 0.8456597640613574551 -0.5337223655119666121 0 F 0 F 0.5927216279217406569 #
coedge $-1 -1 $-1 $409 $501 $404 $456 forward $142 $-1 #
edge $507 -1 $-1 $458 -2.111692557000302894 $412 -0 $404 $508 forward @7 unknown #
color-adesk-attrib $-1 -1 $-1 $-1 $405 256 #
vertex $-1 -1 $-1 $405 $509 #
straight-curve $-1 -1 $-1 0.379204623868019064 9.670011480968062401 -0.5 0 0 1 I I #
point $-1 -1 $-1 0.379204623868019064 9.670011480968062401 -0.5 #
color-adesk-attrib $-1 -1 $-1 $-1 $410 256 #
straight-curve $-1 -1 $-1 0.8774359046900139791 10.01107215688916163 0.5 0.8929662007834058279 0.4501237210572781033 0 I I #
point $-1 -1 $-1 0.3836353520241174708 9.762158657104832216 0.5 #
coedge $-1 -1 $-1 $418 $510 $511 $512 forward $133 $-1 #
coedge $-1 -1 $-1 $513 $514 $418 $466 reversed $515 $-1 #
edge $516 -1 $-1 $517 0 $471 2.111692557000290904 $418 $518 forward @7 unknown #
coedge $-1 -1 $-1 $481 $419 $514 $519 forward $469 $-1 #
coedge $-1 -1 $-1 $419 $481 $421 $473 reversed $469 $-1 #
loop $-1 -1 $-1 $-1 $419 $520 #
color-adesk-attrib $-1 -1 $-1 $-1 $420 256 #
vertex $-1 -1 $-1 $466 $521 #
straight-curve $-1 -1 $-1 0.3792046238680233938 -9.769988519031938878 -0.5 0.8456597640613597866 -0.5337223655119628374 0 F 0 F 0.5927216279217331074 #
edge $522 -1 $-1 $425 0 $484 1 $421 $523 forward @7 tangent #
face $524 -1 $-1 $428 $423 $7 $-1 $525 forward single #
point $-1 -1 $-1 0.8804454558903813677 -10.08633730837642872 -0.5 #
color-adesk-attrib $-1 -1 $-1 $-1 $427 256 #
straight-curve $-1 -1 $-1 0.8774359046900126469 -10.14892784311083851 -0.5 0 0 1 I I #
color-adesk-attrib $-1 -1 $-1 $-1 $428 256 #
plane-surface $-1 -1 $-1 0.2999999999999999889 -10.4399999999999995 -0.5 0.450123721057278825 -0.8929662007834053838 0 0.8929662007834053838 0.450123721057278825 0 forward_v I I I I #
coedge $-1 -1 $-1 $526 $434 $527 $528 forward $142 $-1 #
coedge $-1 -1 $-1 $468 $467 $434 $482 reversed $469 $-1 #
edge $529 -1 $-1 $484 -0.5927216279217331074 $530 -0 $481 $531 forward @7 unknown #
color-adesk-attrib $-1 -1 $-1 $-1 $436 256 #
vertex $-1 -1 $-1 $473 $532 #
ellipse-curve $-1 -1 $-1 0.8612314507319507317 -10.11678105988263709 0.5 0 0 1 0.01921400515843063594 0.030443751506208927 0 1 I I #
point $-1 -1 $-1 0.8774359046900126469 -10.14892784311083851 0.5 #
color-adesk-attrib $-1 -1 $-1 $-1 $442 256 #
face $533 -1 $-1 $534 $535 $7 $-1 $536 forward single #
loop $-1 -1 $-1 $-1 $537 $442 #
plane-surface $-1 -1 $-1 0.8804454558903824779 8.633662691623568364 -0.5 0.5337223655119652799 0.8456597640613582323 0 -0.8456597640613582323 0.5337223655119652799 0 forward_v I I I I #
coedge $-1 -1 $-1 $538 $539 $540 $541 reversed $443 $-1 #
coedge $-1 -1 $-1 $542 $445 $447 $497 forward $397 $-1 #
coedge $-1 -1 $-1 $445 $542 $538 $543 reversed $397 $-1 #
coedge $-1 -1 $-1 $540 $448 $445 $495 forward $133 $-1 #
edge $544 -1 $-1 $499 0 $545 0.5529890742031212669 $494 $546 forward @7 unknown #
coedge $-1 -1 $-1 $447 $446 $547 $548 reversed $350 $-1 #
edge $549 -1 $-1 $499 0 $550 1 $492 $551 forward @7 tangent #
color-adesk-attrib $-1 -1 $-1 $-1 $449 256 #
vertex $-1 -1 $-1 $449 $552 #
ellipse-curve $-1 -1 $-1 0.8612314507319509538 9.323218940117358855 -0.5 0 0 -1 0.0192140051584314131 0.03044375150620837189 0 1 F 0 F 2.111692557000229176 #
coedge $-1 -1 $-1 $455 $547 $450 $502 forward $142 $-1 #
edge $553 -1 $-1 $504 -0.5927216279217406569 $458 -0 $450 $554 forward @7 unknown #
color-adesk-attrib $-1 -1 $-1 $-1 $451 256 #
vertex $-1 -1 $-1 $451 $555 #
straight-curve $-1 -1 $-1 0.8804454558903824779 9.353662691623567227 -0.5 0 0 1 I I #
point $-1 -1 $-1 0.8804454558903824779 9.353662691623567227 -0.5 #
color-adesk-attrib $-1 -1 $-1 $-1 $456 256 #
ellipse-curve $-1 -1 $-1 0.4074919092401521059 9.714831448463312924 0.5 0 0 -1 -0.02385655721603467672 0.04732720864151929163 0 1 I I #
point $-1 -1 $-1 0.379204623868019064 9.670011480968062401 0.5 #
coedge $-1 -1 $-1 $464 $556 $557 $558 forward $133 $-1 #
coedge $-1 -1 $-1 $559 $560 $464 $512 reversed $561 $-1 #
edge $562 -1 $-1 $563 0 $517 0.5529890742031181583 $464 $564 forward @7 unknown #
coedge $-1 -1 $-1 $527 $465 $560 $565 forward $515 $-1 #
coedge $-1 -1 $-1 $465 $527 $467 $519 reversed $515 $-1 #
loop $-1 -1 $-1 $-1 $465 $566 #
color-adesk-attrib $-1 -1 $-1 $-1 $466 256 #
vertex $-1 -1 $-1 $512 $567 #
ellipse-curve $-1 -1 $-1 0.407491909240157435 -9.725168551536686579 -0.5 0 0 1 -0.02385655721603577306 0.04732720864152040186 0 1 F 0 F 2.111692557000290904 #
edge $568 -1 $-1 $471 0 $530 1 $467 $569 forward @7 tangent #
face $570 -1 $-1 $474 $469 $7 $-1 $571 forward single #
point $-1 -1 $-1 0.3792046238680234493 -9.769988519031938878 -0.5 #
color-adesk-attrib $-1 -1 $-1 $-1 $473 256 #
straight-curve $-1 -1 $-1 0.8804454558903813677 -10.08633730837642872 -0.5 0 0 1 I I #
color-adesk-attrib $-1 -1 $-1 $-1 $474 256 #
cone-surface $-1 -1 $-1 0.8612314507319507317 -10.11678105988263709 -0.5 0 0 1 0.01921400515843063594 0.030443751506208927 0 1 I I 0 1 0.03599999999999996259 forward I I I I #
coedge $-1 -1 $-1 $572 $480 $573 $574 forward $142 $-1 #
coedge $-1 -1 $-1 $514 $513 $480 $528 reversed $515 $-1 #
edge $575 -1 $-1 $530 -2.111692557000290904 $576 -0 $527 $577 forward @7 unknown #
color-adesk-attrib $-1 -1 $-1 $-1 $482 256 #
vertex $-1 -1 $-1 $519 $578 #
straight-curve $-1 -1 $-1 0.3792046238680233938 -9.769988519031938878 0.5 -0.8456597640613597866 0.5337223655119628374 0 I I #
point $-1 -1 $-1 0.8804454558903813677 -10.08633730837642695 0.5 #
color-adesk-attrib $-1 -1 $-1 $-1 $488 256 #
face $579 -1 $-1 $580 $581 $7 $-1 $582 forward single #
loop $-1 -1 $-1 $-1 $583 $488 #
cone-surface $-1 -1 $-1 0.8612314507319509538 8.603218940117359992 -0.5 0 0 1 0.0192140051584314131 0.03044375150620837189 0 1 I I 0 1 0.03599999999999990707 forward I I I I #
coedge $-1 -1 $-1 $584 $585 $586 $587 reversed $489 $-1 #
coedge $-1 -1 $-1 $588 $491 $493 $543 forward $443 $-1 #
coedge $-1 -1 $-1 $491 $588 $584 $589 reversed $443 $-1 #
coedge $-1 -1 $-1 $586 $494 $491 $541 forward $133 $-1 #
edge $590 -1 $-1 $545 0 $591 2.111692557000298898 $540 $592 forward @7 unknown #
coedge $-1 -1 $-1 $493 $492 $593 $594 reversed $397 $-1 #
edge $595 -1 $-1 $545 0 $596 1 $538 $597 forward @7 tangent #
color-adesk-attrib $-1 -1 $-1 $-1 $495 256 #
vertex $-1 -1 $-1 $495 $598 #
straight-curve $-1 -1 $-1 0.8774359046900139791 9.291072156889159217 -0.5 -0.8929662007834046067 -0.4501237210572802683 0 F 0 F 0.5529890742031212669 #
coedge $-1 -1 $-1 $501 $593 $496 $548 forward $142 $-1 #
edge $599 -1 $-1 $550 -2.111692557000229176 $504 -0 $496 $600 forward @7 unknown #
color-adesk-attrib $-1 -1 $-1 $-1 $497 256 #
vertex $-1 -1 $-1 $497 $601 #
straight-curve $-1 -1 $-1 0.8774359046900142012 9.291072156889155664 -0.5 0 0 1 I I #
point $-1 -1 $-1 0.8774359046900142012 9.291072156889155664 -0.5 #
color-adesk-attrib $-1 -1 $-1 $-1 $502 256 #
straight-curve $-1 -1 $-1 0.379204623868019508 9.670011480968062401 0.5 -0.8456597640613574551 0.5337223655119666121 0 I I #
point $-1 -1 $-1 0.8804454558903824779 9.353662691623567227 0.5 #
coedge $-1 -1 $-1 $510 $602 $603 $604 forward $133 $-1 #
coedge $-1 -1 $-1 $605 $606 $510 $558 reversed $607 $-1 #
edge $608 -1 $-1 $609 0 $563 2.111692557000295789 $510 $610 forward @7 unknown #
coedge $-1 -1 $-1 $573 $511 $606 $611 forward $561 $-1 #
coedge $-1 -1 $-1 $511 $573 $513 $565 reversed $561 $-1 #
loop $-1 -1 $-1 $-1 $511 $612 #
color-adesk-attrib $-1 -1 $-1 $-1 $512 256 #
vertex $-1 -1 $-1 $558 $613 #
straight-curve $-1 -1 $-1 0.8774359046900128689 -9.428927843110839646 -0.5 -0.8929662007834054949 -0.4501237210572787695 0 F 0 F 0.5529890742031181583 #
edge $614 -1 $-1 $517 0 $576 1 $513 $615 forward @7 tangent #
face $616 -1 $-1 $520 $515 $7 $-1 $617 forward single #
point $-1 -1 $-1 0.3836353520241216897 -9.677841342895167287 -0.5 #
color-adesk-attrib $-1 -1 $-1 $-1 $519 256 #
straight-curve $-1 -1 $-1 0.3792046238680234493 -9.769988519031938878 -0.5 0 0 1 I I #
color-adesk-attrib $-1 -1 $-1 $-1 $520 256 #
plane-surface $-1 -1 $-1 0.8804454558903813677 -10.08633730837642872 -0.5 0.5337223655119628374 0.8456597640613597866 0 -0.8456597640613597866 0.5337223655119628374 0 forward_v I I I I #
coedge $-1 -1 $-1 $618 $526 $619 $620 forward $142 $-1 #
coedge $-1 -1 $-1 $560 $559 $526 $574 reversed $561 $-1 #
edge $621 -1 $-1 $576 -0.5529890742031181583 $622 -0 $573 $623 forward @7 unknown #
color-adesk-attrib $-1 -1 $-1 $-1 $528 256 #
vertex $-1 -1 $-1 $565 $624 #
ellipse-curve $-1 -1 $-1 0.407491909240157435 -9.725168551536686579 0.5 0 0 -1 -0.02385655721603577306 0.04732720864152040186 0 1 I I #
point $-1 -1 $-1 0.3792046238680235049 -9.769988519031938878 0.5 #
color-adesk-attrib $-1 -1 $-1 $-1 $534 256 #
face $625 -1 $-1 $626 $627 $7 $-1 $628 forward single #
loop $-1 -1 $-1 $-1 $629 $534 #
plane-surface $-1 -1 $-1 0.3836353520241205239 8.322158657104830937 -0.5 0.4501237210572802683 -0.8929662007834046067 0 0.8929662007834046067 0.4501237210572802683 0 forward_v I I I I #
coedge $-1 -1 $-1 $630 $631 $632 $633 reversed $535 $-1 #
coedge $-1 -1 $-1 $634 $537 $539 $589 forward $489 $-1 #
coedge $-1 -1 $-1 $537 $634 $630 $635 reversed $489 $-1 #
coedge $-1 -1 $-1 $632 $540 $537 $587 forward $133 $-1 #
edge $636 -1 $-1 $591 0 $637 0.5927216279217355499 $586 $638 forward @7 unknown #
coedge $-1 -1 $-1 $539 $538 $639 $640 reversed $443 $-1 #
edge $641 -1 $-1 $591 0 $642 1 $584 $643 forward @7 tangent #
color-adesk-attrib $-1 -1 $-1 $-1 $541 256 #
vertex $-1 -1 $-1 $541 $644 #
ellipse-curve $-1 -1 $-1 0.4074919092401556031 8.994831448463310508 -0.5 0 0 1 -0.02385655721603506529 0.04732720864151929163 0 1 F 0 F 2.111692557000298898 #
coedge $-1 -1 $-1 $547 $639 $542 $594 forward $142 $-1 #
edge $645 -1 $-1 $596 -0.5529890742031212669 $550 -0 $542 $646 forward @7 unknown #
color-adesk-attrib $-1 -1 $-1 $-1 $543 256 #
vertex $-1 -1 $-1 $543 $647 #
straight-curve $-1 -1 $-1 0.3836353520241205239 9.0421586571048298 -0.5 0 0 1 I I #
point $-1 -1 $-1 0.3836353520241205239 9.0421586571048298 -0.5 #
color-adesk-attrib $-1 -1 $-1 $-1 $548 256 #
ellipse-curve $-1 -1 $-1 0.8612314507319509538 9.323218940117358855 0.5 0 0 1 0.0192140051584314131 0.03044375150620837189 0 1 I I #
point $-1 -1 $-1 0.8774359046900142012 9.291072156889155664 0.5 #
coedge $-1 -1 $-1 $556 $648 $649 $650 forward $133 $-1 #
coedge $-1 -1 $-1 $651 $652 $556 $604 reversed $653 $-1 #
edge $654 -1 $-1 $655 0 $609 0.5927216279217328854 $556 $656 forward @7 unknown #
coedge $-1 -1 $-1 $619 $557 $652 $657 forward $607 $-1 #
coedge $-1 -1 $-1 $557 $619 $559 $611 reversed $607 $-1 #
loop $-1 -1 $-1 $-1 $557 $658 #
color-adesk-attrib $-1 -1 $-1 $-1 $558 256 #
vertex $-1 -1 $-1 $604 $659 #
ellipse-curve $-1 -1 $-1 0.8612314507319507317 -9.396781059882636455 -0.5 0 0 -1 0.01921400515843052492 0.03044375150620903803 0 1 F 0 F 2.111692557000295789 #
edge $660 -1 $-1 $563 0 $622 1 $559 $661 forward @7 tangent #
face $662 -1 $-1 $566 $561 $7 $-1 $663 forward single #
point $-1 -1 $-1 0.8774359046900128689 -9.428927843110839646 -0.5 #
color-adesk-attrib $-1 -1 $-1 $-1 $565 256 #
straight-curve $-1 -1 $-1 0.3836353520241216897 -9.677841342895167287 -0.5 0 0 1 I I #
color-adesk-attrib $-1 -1 $-1 $-1 $566 256 #
cone-surface $-1 -1 $-1 0.407491909240157435 -9.725168551536686579 -0.5 0 0 1 -0.02385655721603577306 0.04732720864152040186 0 1 I I 0 -1 0.05299999999999992217 forward I I I I #
coedge $-1 -1 $-1 $664 $572 $665 $666 forward $142 $-1 #
coedge $-1 -1 $-1 $606 $605 $572 $620 reversed $607 $-1 #
edge $667 -1 $-1 $622 -2.111692557000295789 $668 -0 $619 $669 forward @7 unknown #
color-adesk-attrib $-1 -1 $-1 $-1 $574 256 #
vertex $-1 -1 $-1 $611 $670 #
straight-curve $-1 -1 $-1 0.8774359046900128689 -9.428927843110839646 0.5 0.8929662007834054949 0.4501237210572787695 0 I I #
point $-1 -1 $-1 0.3836353520241216897 -9.677841342895165511 0.5 #
color-adesk-attrib $-1 -1 $-1 $-1 $580 256 #
face $671 -1 $-1 $672 $673 $7 $-1 $674 forward single #
loop $-1 -1 $-1 $-1 $675 $580 #
cone-surface $-1 -1 $-1 0.4074919092401555476 8.274831448463311645 -0.5 0 0 1 -0.02385655721603506529 0.04732720864151929163 0 1 I I 0 -1 0.05299999999999861766 forward I I I I #
coedge $-1 -1 $-1 $676 $677 $678 $679 reversed $581 $-1 #
coedge $-1 -1 $-1 $680 $583 $585 $635 forward $535 $-1 #
coedge $-1 -1 $-1 $583 $680 $676 $681 reversed $535 $-1 #
coedge $-1 -1 $-1 $678 $586 $583 $633 forward $133 $-1 #
edge $682 -1 $-1 $637 0 $683 2.111692557000229176 $632 $684 forward @7 unknown #
coedge $-1 -1 $-1 $585 $584 $685 $686 reversed $489 $-1 #
edge $687 -1 $-1 $637 0 $688 1 $630 $689 forward @7 tangent #
color-adesk-attrib $-1 -1 $-1 $-1 $587 256 #
vertex $-1 -1 $-1 $587 $690 #
straight-curve $-1 -1 $-1 0.3792046238680233383 8.950011480968059985 -0.5 0.8456597640613582323 -0.5337223655119652799 0 F 0 F 0.5927216279217355499 #
coedge $-1 -1 $-1 $593 $685 $588 $640 forward $142 $-1 #
edge $691 -1 $-1 $642 -2.111692557000298898 $596 -0 $588 $692 forward @7 unknown #
color-adesk-attrib $-1 -1 $-1 $-1 $589 256 #
vertex $-1 -1 $-1 $589 $693 #
straight-curve $-1 -1 $-1 0.3792046238680225612 8.950011480968059985 -0.5 0 0 1 I I #
point $-1 -1 $-1 0.3792046238680225612 8.950011480968059985 -0.5 #
color-adesk-attrib $-1 -1 $-1 $-1 $594 256 #
straight-curve $-1 -1 $-1 0.8774359046900139791 9.291072156889159217 0.5 0.8929662007834046067 0.4501237210572802683 0 I I #
point $-1 -1 $-1 0.3836353520241205239 9.0421586571048298 0.5 #
coedge $-1 -1 $-1 $602 $694 $695 $696 forward $133 $-1 #
coedge $-1 -1 $-1 $697 $698 $602 $650 reversed $699 $-1 #
edge $700 -1 $-1 $701 0 $655 2.111692557000290016 $602 $702 forward @7 unknown #
coedge $-1 -1 $-1 $665 $603 $698 $703 forward $653 $-1 #
coedge $-1 -1 $-1 $603 $665 $605 $657 reversed $653 $-1 #
loop $-1 -1 $-1 $-1 $603 $704 #
color-adesk-attrib $-1 -1 $-1 $-1 $604 256 #
vertex $-1 -1 $-1 $650 $705 #
straight-curve $-1 -1 $-1 0.3792046238680235604 -9.049988519031938239 -0.5 0.8456597640613598976 -0.5337223655119623933 0 F 0 F 0.5927216279217328854 #
edge $706 -1 $-1 $609 0 $668 1 $605 $707 forward @7 tangent #
face $708 -1 $-1 $612 $607 $7 $-1 $709 forward single #
point $-1 -1 $-1 0.8804454558903813677 -9.366337308376428084 -0.5 #
color-adesk-attrib $-1 -1 $-1 $-1 $611 256 #
straight-curve $-1 -1 $-1 0.8774359046900128689 -9.428927843110839646 -0.5 0 0 1 I I #
color-adesk-attrib $-1 -1 $-1 $-1 $612 256 #
plane-surface $-1 -1 $-1 0.3836353520241216897 -9.677841342895167287 -0.5 0.4501237210572787695 -0.8929662007834054949 0 0.8929662007834054949 0.4501237210572787695 0 forward_v I I I I #
coedge $-1 -1 $-1 $710 $618 $711 $712 forward $142 $-1 #
coedge $-1 -1 $-1 $652 $651 $618 $666 reversed $653 $-1 #
edge $713 -1 $-1 $668 -0.5927216279217328854 $714 -0 $665 $715 forward @7 unknown #
color-adesk-attrib $-1 -1 $-1 $-1 $620 256 #
vertex $-1 -1 $-1 $657 $716 #
ellipse-curve $-1 -1 $-1 0.8612314507319507317 -9.396781059882636455 0.5 0 0 1 0.01921400515843052492 0.03044375150620903803 0 1 I I #
point $-1 -1 $-1 0.8774359046900128689 -9.428927843110839646 0.5 #
color-adesk-attrib $-1 -1 $-1 $-1 $626 256 #
face $717 -1 $-1 $718 $719 $7 $-1 $720 forward single #
loop $-1 -1 $-1 $-1 $721 $626 #
plane-surface $-1 -1 $-1 0.8804454558903824779 7.913662691623569501 -0.5 0.5337223655119652799 0.8456597640613583433 0 -0.8456597640613583433 0.5337223655119652799 0 forward_v I I I I #
coedge $-1 -1 $-1 $722 $723 $724 $725 reversed $627 $-1 #
coedge $-1 -1 $-1 $726 $629 $631 $681 forward $581 $-1 #
coedge $-1 -1 $-1 $629 $726 $722 $727 reversed $581 $-1 #
coedge $-1 -1 $-1 $724 $632 $629 $679 forward $133 $-1 #
edge $728 -1 $-1 $683 0 $729 0.5529890742031212669 $678 $730 forward @7 unknown #
coedge $-1 -1 $-1 $631 $630 $731 $732 reversed $535 $-1 #
edge $733 -1 $-1 $683 0 $734 1 $676 $735 forward @7 tangent #
color-adesk-attrib $-1 -1 $-1 $-1 $633 256 #
vertex $-1 -1 $-1 $633 $736 #
ellipse-curve $-1 -1 $-1 0.8612314507319509538 8.603218940117359992 -0.5 0 0 -1 0.0192140051584314131 0.03044375150620837189 0 1 F 0 F 2.111692557000229176 #
coedge $-1 -1 $-1 $639 $731 $634 $686 forward $142 $-1 #
edge $737 -1 $-1 $688 -0.5927216279217355499 $642 -0 $634 $738 forward @7 unknown #
color-adesk-attrib $-1 -1 $-1 $-1 $635 256 #
vertex $-1 -1 $-1 $635 $739 #
straight-curve $-1 -1 $-1 0.8804454558903824779 8.633662691623568364 -0.5 0 0 1 I I #
point $-1 -1 $-1 0.8804454558903824779 8.633662691623568364 -0.5 #
color-adesk-attrib $-1 -1 $-1 $-1 $640 256 #
ellipse-curve $-1 -1 $-1 0.4074919092401556031 8.994831448463310508 0.5 0 0 -1 -0.02385655721603506529 0.04732720864151929163 0 1 I I #
point $-1 -1 $-1 0.3792046238680226167 8.950011480968059985 0.5 #
coedge $-1 -1 $-1 $648 $740 $741 $742 forward $133 $-1 #
coedge $-1 -1 $-1 $743 $744 $648 $696 reversed $745 $-1 #
edge $746 -1 $-1 $747 0 $701 0.5529890742031181583 $648 $748 forward @7 unknown #
coedge $-1 -1 $-1 $711 $649 $744 $749 forward $699 $-1 #
coedge $-1 -1 $-1 $649 $711 $651 $703 reversed $699 $-1 #
loop $-1 -1 $-1 $-1 $649 $750 #
color-adesk-attrib $-1 -1 $-1 $-1 $650 256 #
vertex $-1 -1 $-1 $696 $751 #
ellipse-curve $-1 -1 $-1 0.4074919092401576015 -9.005168551536687715 -0.5 0 0 1 -0.02385655721603584245 0.04732720864152040186 0 1 F 0 F 2.111692557000290016 #
edge $752 -1 $-1 $655 0 $714 1 $651 $753 forward @7 tangent #
face $754 -1 $-1 $658 $653 $7 $-1 $755 forward single #
point $-1 -1 $-1 0.3792046238680235604 -9.049988519031938239 -0.5 #
color-adesk-attrib $-1 -1 $-1 $-1 $657 256 #
straight-curve $-1 -1 $-1 0.8804454558903813677 -9.366337308376428084 -0.5 0 0 1 I I #
color-adesk-attrib $-1 -1 $-1 $-1 $658 256 #
cone-surface $-1 -1 $-1 0.8612314507319507317 -9.396781059882636455 -0.5 0 0 1 0.01921400515843052492 0.03044375150620903803 0 1 I I 0 1 0.03599999999999999728 forward I I I I #
coedge $-1 -1 $-1 $756 $664 $757 $758 forward $142 $-1 #
coedge $-1 -1 $-1 $698 $697 $664 $712 reversed $699 $-1 #
edge $759 -1 $-1 $714 -2.111692557000290016 $760 -0 $711 $761 forward @7 unknown #
color-adesk-attrib $-1 -1 $-1 $-1 $666 256 #
vertex $-1 -1 $-1 $703 $762 #
straight-curve $-1 -1 $-1 0.3792046238680235604 -9.049988519031938239 0.5 -0.8456597640613598976 0.5337223655119623933 0 I I #
point $-1 -1 $-1 0.8804454558903813677 -9.366337308376428084 0.5 #
color-adesk-attrib $-1 -1 $-1 $-1 $672 256 #
face $763 -1 $-1 $764 $765 $7 $-1 $766 forward single #
loop $-1 -1 $-1 $-1 $767 $672 #
cone-surface $-1 -1 $-1 0.8612314507319511758 7.883218940117361129 -0.5 0 0 1 0.01921400515843130208 0.03044375150620837189 0 1 I I 0 1 0.03599999999999985156 forward I I I I #
coedge $-1 -1 $-1 $768 $769 $770 $771 reversed $673 $-1 #
coedge $-1 -1 $-1 $772 $675 $677 $727 forward $627 $-1 #
coedge $-1 -1 $-1 $675 $772 $768 $773 reversed $627 $-1 #
coedge $-1 -1 $-1 $770 $678 $675 $725 forward $133 $-1 #
edge $774 -1 $-1 $729 0 $775 2.111692557000298898 $724 $776 forward @7 unknown #
coedge $-1 -1 $-1 $677 $676 $777 $778 reversed $581 $-1 #
edge $779 -1 $-1 $729 0 $780 1 $722 $781 forward @7 tangent #
color-adesk-attrib $-1 -1 $-1 $-1 $679 256 #
vertex $-1 -1 $-1 $679 $782 #
straight-curve $-1 -1 $-1 0.8774359046900139791 8.571072156889160354 -0.5 -0.8929662007834046067 -0.4501237210572802683 0 F 0 F 0.5529890742031212669 #
coedge $-1 -1 $-1 $685 $777 $680 $732 forward $142 $-1 #
edge $783 -1 $-1 $734 -2.111692557000229176 $688 -0 $680 $784 forward @7 unknown #
color-adesk-attrib $-1 -1 $-1 $-1 $681 256 #
vertex $-1 -1 $-1 $681 $785 #
straight-curve $-1 -1 $-1 0.8774359046900142012 8.571072156889156801 -0.5 0 0 1 I I #
point $-1 -1 $-1 0.8774359046900142012 8.571072156889156801 -0.5 #
color-adesk-attrib $-1 -1 $-1 $-1 $686 256 #
straight-curve $-1 -1 $-1 0.3792046238680233383 8.950011480968059985 0.5 -0.8456597640613582323 0.5337223655119652799 0 I I #
point $-1 -1 $-1 0.8804454558903824779 8.633662691623568364 0.5 #
coedge $-1 -1 $-1 $694 $786 $787 $788 forward $133 $-1 #
coedge $-1 -1 $-1 $789 $790 $694 $742 reversed $791 $-1 #
edge $792 -1 $-1 $793 0 $747 2.111692557000285131 $694 $794 forward @7 unknown #
coedge $-1 -1 $-1 $757 $695 $790 $795 forward $745 $-1 #
coedge $-1 -1 $-1 $695 $757 $697 $749 reversed $745 $-1 #
loop $-1 -1 $-1 $-1 $695 $796 #
color-adesk-attrib $-1 -1 $-1 $-1 $696 256 #
vertex $-1 -1 $-1 $742 $797 #
straight-curve $-1 -1 $-1 0.8774359046900128689 -8.708927843110839007 -0.5 -0.8929662007834053838 -0.4501237210572787695 0 F 0 F 0.5529890742031181583 #
edge $798 -1 $-1 $701 0 $760 1 $697 $799 forward @7 tangent #
face $800 -1 $-1 $704 $699 $7 $-1 $801 forward single #
point $-1 -1 $-1 0.3836353520241217452 -8.957841342895166648 -0.5 #
color-adesk-attrib $-1 -1 $-1 $-1 $703 256 #
straight-curve $-1 -1 $-1 0.3792046238680235604 -9.049988519031938239 -0.5 0 0 1 I I #
color-adesk-attrib $-1 -1 $-1 $-1 $704 256 #
plane-surface $-1 -1 $-1 0.8804454558903813677 -9.366337308376428084 -0.5 0.5337223655119625043 0.8456597640613601197 0 -0.8456597640613601197 0.5337223655119625043 0 forward_v I I I I #
coedge $-1 -1 $-1 $802 $710 $803 $804 forward $142 $-1 #
coedge $-1 -1 $-1 $744 $743 $710 $758 reversed $745 $-1 #
edge $805 -1 $-1 $760 -0.5529890742031181583 $806 -0 $757 $807 forward @7 unknown #
color-adesk-attrib $-1 -1 $-1 $-1 $712 256 #
vertex $-1 -1 $-1 $749 $808 #
ellipse-curve $-1 -1 $-1 0.4074919092401576015 -9.005168551536687715 0.5 0 0 -1 -0.02385655721603584245 0.04732720864152040186 0 1 I I #
point $-1 -1 $-1 0.3792046238680236159 -9.049988519031940015 0.5 #
color-adesk-attrib $-1 -1 $-1 $-1 $718 256 #
face $809 -1 $-1 $810 $811 $7 $-1 $812 forward single #
loop $-1 -1 $-1 $-1 $813 $718 #
plane-surface $-1 -1 $-1 0.3836353520241204129 7.602158657104832074 -0.5 0.4501237210572802683 -0.8929662007834046067 0 0.8929662007834046067 0.4501237210572802683 0 forward_v I I I I #
coedge $-1 -1 $-1 $814 $815 $816 $817 reversed $719 $-1 #
coedge $-1 -1 $-1 $818 $721 $723 $773 forward $673 $-1 #
coedge $-1 -1 $-1 $721 $818 $814 $819 reversed $673 $-1 #
coedge $-1 -1 $-1 $816 $724 $721 $771 forward $133 $-1 #
edge $820 -1 $-1 $775 0 $821 0.5927216279217355499 $770 $822 forward @7 unknown #
coedge $-1 -1 $-1 $723 $722 $823 $824 reversed $627 $-1 #
edge $825 -1 $-1 $775 0 $826 1 $768 $827 forward @7 tangent #
color-adesk-attrib $-1 -1 $-1 $-1 $725 256 #
vertex $-1 -1 $-1 $725 $828 #
ellipse-curve $-1 -1 $-1 0.4074919092401555476 8.274831448463311645 -0.5 0 0 1 -0.02385655721603506529 0.04732720864151929163 0 1 F 0 F 2.111692557000298898 #
coedge $-1 -1 $-1 $731 $823 $726 $778 forward $142 $-1 #
edge $829 -1 $-1 $780 -0.5529890742031212669 $734 -0 $726 $830 forward @7 unknown #
color-adesk-attrib $-1 -1 $-1 $-1 $727 256 #
vertex $-1 -1 $-1 $727 $831 #
straight-curve $-1 -1 $-1 0.3836353520241205239 8.322158657104830937 -0.5 0 0 1 I I #
point $-1 -1 $-1 0.3836353520241205239 8.322158657104830937 -0.5 #
color-adesk-attrib $-1 -1 $-1 $-1 $732 256 #
ellipse-curve $-1 -1 $-1 0.8612314507319509538 8.603218940117359992 0.5 0 0 1 0.0192140051584314131 0.03044375150620837189 0 1 I I #
point $-1 -1 $-1 0.8774359046900142012 8.571072156889156801 0.5 #
coedge $-1 -1 $-1 $740 $832 $833 $834 forward $133 $-1 #
coedge $-1 -1 $-1 $835 $836 $740 $788 reversed $837 $-1 #
edge $838 -1 $-1 $839 0 $793 0.5927216279217334405 $740 $840 forward @7 unknown #
coedge $-1 -1 $-1 $803 $741 $836 $841 forward $791 $-1 #
coedge $-1 -1 $-1 $741 $803 $743 $795 reversed $791 $-1 #
loop $-1 -1 $-1 $-1 $741 $842 #
color-adesk-attrib $-1 -1 $-1 $-1 $742 256 #
vertex $-1 -1 $-1 $788 $843 #
ellipse-curve $-1 -1 $-1 0.8612314507319505097 -8.676781059882637592 -0.5 0 0 -1 0.01921400515843085799 0.03044375150620903803 0 1 F 0 F 2.111692557000285131 #
edge $844 -1 $-1 $747 0 $806 1 $743 $845 forward @7 tangent #
face $846 -1 $-1 $750 $745 $7 $-1 $847 forward single #
point $-1 -1 $-1 0.8774359046900126469 -8.708927843110839007 -0.5 #
color-adesk-attrib $-1 -1 $-1 $-1 $749 256 #
straight-curve $-1 -1 $-1 0.3836353520241217452 -8.957841342895166648 -0.5 0 0 1 I I #
color-adesk-attrib $-1 -1 $-1 $-1 $750 256 #
cone-surface $-1 -1 $-1 0.4074919092401576015 -9.005168551536687715 -0.5 0 0 1 -0.02385655721603584245 0.04732720864152040186 0 1 I I 0 -1 0.05299999999999995687 forward I I I I #
coedge $-1 -1 $-1 $848 $756 $849 $850 forward $142 $-1 #
coedge $-1 -1 $-1 $790 $789 $756 $804 reversed $791 $-1 #
edge $851 -1 $-1 $806 -2.111692557000285131 $852 -0 $803 $853 forward @7 unknown #
color-adesk-attrib $-1 -1 $-1 $-1 $758 256 #
vertex $-1 -1 $-1 $795 $854 #
straight-curve $-1 -1 $-1 0.8774359046900128689 -8.708927843110839007 0.5 0.8929662007834053838 0.4501237210572787695 0 I I #
point $-1 -1 $-1 0.3836353520241217452 -8.957841342895166648 0.5 #
color-adesk-attrib $-1 -1 $-1 $-1 $764 256 #
face $855 -1 $-1 $856 $857 $7 $-1 $858 forward single #
loop $-1 -1 $-1 $-1 $859 $764 #
cone-surface $-1 -1 $-1 0.4074919092401555476 7.554831448463312782 -0.5 0 0 1 -0.02385655721603506529 0.04732720864151929163 0 1 I I 0 -1 0.05299999999999861766 forward I I I I #
coedge $-1 -1 $-1 $860 $861 $862 $863 reversed $765 $-1 #
coedge $-1 -1 $-1 $864 $767 $769 $819 forward $719 $-1 #
coedge $-1 -1 $-1 $767 $864 $860 $865 reversed $719 $-1 #
coedge $-1 -1 $-1 $862 $770 $767 $817 forward $133 $-1 #
edge $866 -1 $-1 $821 0 $867 2.111692557000237169 $816 $868 forward @7 unknown #
coedge $-1 -1 $-1 $769 $768 $869 $870 reversed $673 $-1 #
edge $871 -1 $-1 $821 0 $872 1 $814 $873 forward @7 tangent #
color-adesk-attrib $-1 -1 $-1 $-1 $771 256 #
vertex $-1 -1 $-1 $771 $874 #
straight-curve $-1 -1 $-1 0.3792046238680233383 8.230011480968061122 -0.5 0.8456597640613583433 -0.5337223655119652799 0 F 0 F 0.5927216279217355499 #
coedge $-1 -1 $-1 $777 $869 $772 $824 forward $142 $-1 #
edge $875 -1 $-1 $826 -2.111692557000298898 $780 -0 $772 $876 forward @7 unknown #
color-adesk-attrib $-1 -1 $-1 $-1 $773 256 #
vertex $-1 -1 $-1 $773 $877 #
straight-curve $-1 -1 $-1 0.3792046238680225057 8.230011480968061122 -0.5 0 0 1 I I #
point $-1 -1 $-1 0.3792046238680225057 8.230011480968061122 -0.5 #
color-adesk-attrib $-1 -1 $-1 $-1 $778 256 #
straight-curve $-1 -1 $-1 0.8774359046900139791 8.571072156889160354 0.5 0.8929662007834046067 0.4501237210572802683 0 I I #
point $-1 -1 $-1 0.3836353520241205239 8.322158657104830937 0.5 #
coedge $-1 -1 $-1 $786 $878 $879 $880 forward $133 $-1 #
coedge $-1 -1 $-1 $881 $882 $786 $834 reversed $883 $-1 #
edge $884 -1 $-1 $885 0 $839 2.111692557000289128 $786 $886 forward @7 unknown #
coedge $-1 -1 $-1 $849 $787 $882 $887 forward $837 $-1 #
coedge $-1 -1 $-1 $787 $849 $789 $841 reversed $837 $-1 #
loop $-1 -1 $-1 $-1 $787 $888 #
color-adesk-attrib $-1 -1 $-1 $-1 $788 256 #
vertex $-1 -1 $-1 $834 $889 #
straight-curve $-1 -1 $-1 0.3792046238680232273 -8.329988519031939376 -0.5 0.8456597640613598976 -0.5337223655119627264 0 F 0 F 0.5927216279217334405 #
edge $890 -1 $-1 $793 0 $852 1 $789 $891 forward @7 tangent #
face $892 -1 $-1 $796 $791 $7 $-1 $893 forward single #
point $-1 -1 $-1 0.8804454558903815897 -8.646337308376427444 -0.5 #
color-adesk-attrib $-1 -1 $-1 $-1 $795 256 #
straight-curve $-1 -1 $-1 0.8774359046900126469 -8.708927843110839007 -0.5 0 0 1 I I #
color-adesk-attrib $-1 -1 $-1 $-1 $796 256 #
plane-surface $-1 -1 $-1 0.3836353520241217452 -8.957841342895166648 -0.5 0.4501237210572787695 -0.8929662007834053838 0 0.8929662007834053838 0.4501237210572787695 0 forward_v I I I I #
coedge $-1 -1 $-1 $894 $802 $895 $896 forward $142 $-1 #
coedge $-1 -1 $-1 $836 $835 $802 $850 reversed $837 $-1 #
edge $897 -1 $-1 $852 -0.5927216279217334405 $898 -0 $849 $899 forward @7 unknown #
color-adesk-attrib $-1 -1 $-1 $-1 $804 256 #
vertex $-1 -1 $-1 $841 $900 #
ellipse-curve $-1 -1 $-1 0.8612314507319505097 -8.676781059882637592 0.5 0 0 1 0.01921400515843085799 0.03044375150620903803 0 1 I I #
point $-1 -1 $-1 0.8774359046900126469 -8.708927843110840783 0.5 #
color-adesk-attrib $-1 -1 $-1 $-1 $810 256 #
face $901 -1 $-1 $902 $903 $7 $-1 $904 forward single #
loop $-1 -1 $-1 $-1 $905 $810 #
plane-surface $-1 -1 $-1 0.8804454558903824779 7.193662691623570637 -0.5 0.5337223655119652799 0.8456597640613583433 0 -0.8456597640613583433 0.5337223655119652799 0 forward_v I I I I #
coedge $-1 -1 $-1 $906 $907 $908 $909 reversed $811 $-1 #
coedge $-1 -1 $-1 $910 $813 $815 $865 forward $765 $-1 #
coedge $-1 -1 $-1 $813 $910 $906 $911 reversed $765 $-1 #
coedge $-1 -1 $-1 $908 $816 $813 $863 forward $133 $-1 #
edge $912 -1 $-1 $867 0 $913 0.5529890742031212669 $862 $914 forward @7 unknown #
coedge $-1 -1 $-1 $815 $814 $915 $916 reversed $719 $-1 #
edge $917 -1 $-1 $867 0 $918 1 $860 $919 forward @7 tangent #
color-adesk-attrib $-1 -1 $-1 $-1 $817 256 #
vertex $-1 -1 $-1 $817 $920 #
ellipse-curve $-1 -1 $-1 0.8612314507319511758 7.883218940117361129 -0.5 0 0 -1 0.01921400515843130208 0.03044375150620837189 0 1 F 0 F 2.111692557000237169 #
coedge $-1 -1 $-1 $823 $915 $818 $870 forward $142 $-1 #
edge $921 -1 $-1 $872 -0.5927216279217355499 $826 -0 $818 $922 forward @7 unknown #
color-adesk-attrib $-1 -1 $-1 $-1 $819 256 #
vertex $-1 -1 $-1 $819 $923 #
straight-curve $-1 -1 $-1 0.8804454558903824779 7.913662691623569501 -0.5 0 0 1 I I #
point $-1 -1 $-1 0.8804454558903824779 7.913662691623569501 -0.5 #
color-adesk-attrib $-1 -1 $-1 $-1 $824 256 #
ellipse-curve $-1 -1 $-1 0.4074919092401555476 8.274831448463311645 0.5 0 0 -1 -0.02385655721603506529 0.04732720864151929163 0 1 I I #
point $-1 -1 $-1 0.3792046238680225057 8.230011480968061122 0.5 #
coedge $-1 -1 $-1 $832 $924 $925 $926 forward $133 $-1 #
coedge $-1 -1 $-1 $927 $928 $832 $880 reversed $929 $-1 #
edge $930 -1 $-1 $931 0 $885 0.5529890742031184914 $832 $932 forward @7 unknown #
coedge $-1 -1 $-1 $895 $833 $928 $933 forward $883 $-1 #
coedge $-1 -1 $-1 $833 $895 $835 $887 reversed $883 $-1 #
loop $-1 -1 $-1 $-1 $833 $934 #
color-adesk-attrib $-1 -1 $-1 $-1 $834 256 #
vertex $-1 -1 $-1 $880 $935 #
ellipse-curve $-1 -1 $-1 0.407491909240157324 -8.285168551536687076 -0.5 0 0 1 -0.02385655721603588408 0.0473272086415206239 0 1 F 0 F 2.111692557000289128 #
edge $936 -1 $-1 $839 0 $898 1 $835 $937 forward @7 tangent #
face $938 -1 $-1 $842 $837 $7 $-1 $939 forward single #
point $-1 -1 $-1 0.3792046238680231163 -8.329988519031939376 -0.5 #
color-adesk-attrib $-1 -1 $-1 $-1 $841 256 #
straight-curve $-1 -1 $-1 0.8804454558903815897 -8.646337308376427444 -0.5 0 0 1 I I #
color-adesk-attrib $-1 -1 $-1 $-1 $842 256 #
cone-surface $-1 -1 $-1 0.8612314507319505097 -8.676781059882637592 -0.5 0 0 1 0.01921400515843085799 0.03044375150620903803 0 1 I I 0 1 0.03600000000000017769 forward I I I I #
coedge $-1 -1 $-1 $940 $848 $941 $942 forward $142 $-1 #
coedge $-1 -1 $-1 $882 $881 $848 $896 reversed $883 $-1 #
edge $943 -1 $-1 $898 -2.111692557000289128 $944 -0 $895 $945 forward @7 unknown #
color-adesk-attrib $-1 -1 $-1 $-1 $850 256 #
vertex $-1 -1 $-1 $887 $946 #
straight-curve $-1 -1 $-1 0.3792046238680232273 -8.329988519031939376 0.5 -0.8456597640613598976 0.5337223655119627264 0 I I #
point $-1 -1 $-1 0.8804454558903815897 -8.64633730837642922 0.5 #
color-adesk-attrib $-1 -1 $-1 $-1 $856 256 #
face $947 -1 $-1 $948 $949 $7 $-1 $950 forward single #
loop $-1 -1 $-1 $-1 $951 $856 #
cone-surface $-1 -1 $-1 0.8612314507319511758 7.163218940117362266 -0.5 0 0 1 0.01921400515843130208 0.03044375150620837189 0 1 I I 0 1 0.03599999999999985156 forward I I I I #
coedge $-1 -1 $-1 $952 $953 $954 $955 reversed $857 $-1 #
coedge $-1 -1 $-1 $956 $859 $861 $911 forward $811 $-1 #
coedge $-1 -1 $-1 $859 $956 $952 $957 reversed $811 $-1 #
coedge $-1 -1 $-1 $954 $862 $859 $909 forward $133 $-1 #
edge $958 -1 $-1 $913 0 $959 2.111692557000298898 $908 $960 forward @7 unknown #
coedge $-1 -1 $-1 $861 $860 $961 $962 reversed $765 $-1 #
edge $963 -1 $-1 $913 0 $964 1 $906 $965 forward @7 tangent #
color-adesk-attrib $-1 -1 $-1 $-1 $863 256 #
vertex $-1 -1 $-1 $863 $966 #
straight-curve $-1 -1 $-1 0.8774359046900137571 7.851072156889161491 -0.5 -0.8929662007834046067 -0.4501237210572802683 0 F 0 F 0.5529890742031212669 #
coedge $-1 -1 $-1 $869 $961 $864 $916 forward $142 $-1 #
edge $967 -1 $-1 $918 -2.111692557000237169 $872 -0 $864 $968 forward @7 unknown #
color-adesk-attrib $-1 -1 $-1 $-1 $865 256 #
vertex $-1 -1 $-1 $865 $969 #
straight-curve $-1 -1 $-1 0.8774359046900139791 7.851072156889157938 -0.5 0 0 1 I I #
point $-1 -1 $-1 0.8774359046900139791 7.851072156889157938 -0.5 #
color-adesk-attrib $-1 -1 $-1 $-1 $870 256 #
straight-curve $-1 -1 $-1 0.3792046238680233383 8.230011480968061122 0.5 -0.8456597640613583433 0.5337223655119652799 0 I I #
point $-1 -1 $-1 0.8804454558903824779 7.913662691623569501 0.5 #
coedge $-1 -1 $-1 $878 $970 $971 $972 forward $133 $-1 #
coedge $-1 -1 $-1 $973 $974 $878 $926 reversed $975 $-1 #
edge $976 -1 $-1 $977 0 $931 2.111692557000288684 $878 $978 forward @7 unknown #
coedge $-1 -1 $-1 $941 $879 $974 $979 forward $929 $-1 #
coedge $-1 -1 $-1 $879 $941 $881 $933 reversed $929 $-1 #
loop $-1 -1 $-1 $-1 $879 $980 #
color-adesk-attrib $-1 -1 $-1 $-1 $880 256 #
vertex $-1 -1 $-1 $926 $981 #
straight-curve $-1 -1 $-1 0.8774359046900128689 -7.988927843110839255 -0.5 -0.8929662007834054949 -0.4501237210572784919 0 F 0 F 0.5529890742031184914 #
edge $982 -1 $-1 $885 0 $944 1 $881 $983 forward @7 tangent #
face $984 -1 $-1 $888 $883 $7 $-1 $985 forward single #
point $-1 -1 $-1 0.3836353520241214121 -8.237841342895166008 -0.5 #
color-adesk-attrib $-1 -1 $-1 $-1 $887 256 #
straight-curve $-1 -1 $-1 0.3792046238680231163 -8.329988519031939376 -0.5 0 0 1 I I #
color-adesk-attrib $-1 -1 $-1 $-1 $888 256 #
plane-surface $-1 -1 $-1 0.8804454558903815897 -8.646337308376427444 -0.5 0.5337223655119627264 0.8456597640613598976 0 -0.8456597640613598976 0.5337223655119627264 0 forward_v I I I I #
coedge $-1 -1 $-1 $986 $894 $987 $988 forward $142 $-1 #
coedge $-1 -1 $-1 $928 $927 $894 $942 reversed $929 $-1 #
edge $989 -1 $-1 $944 -0.5529890742031184914 $990 -0 $941 $991 forward @7 unknown #
color-adesk-attrib $-1 -1 $-1 $-1 $896 256 #
vertex $-1 -1 $-1 $933 $992 #
ellipse-curve $-1 -1 $-1 0.407491909240157324 -8.285168551536687076 0.5 0 0 -1 -0.02385655721603588408 0.0473272086415206239 0 1 I I #
point $-1 -1 $-1 0.3792046238680230608 -8.329988519031941152 0.5 #
color-adesk-attrib $-1 -1 $-1 $-1 $902 256 #
face $993 -1 $-1 $994 $995 $7 $-1 $996 forward single #
loop $-1 -1 $-1 $-1 $997 $902 #
plane-surface $-1 -1 $-1 0.3836353520241173043 6.88215865710483321 -0.5 0.4501237210572781589 -0.8929662007834058279 0 0.8929662007834058279 0.4501237210572781589 0 forward_v I I I I #
coedge $-1 -1 $-1 $998 $999 $1000 $1001 reversed $903 $-1 #
coedge $-1 -1 $-1 $1002 $905 $907 $957 forward $857 $-1 #
coedge $-1 -1 $-1 $905 $1002 $998 $1003 reversed $857 $-1 #
coedge $-1 -1 $-1 $1000 $908 $905 $955 forward $133 $-1 #
edge $1004 -1 $-1 $959 0 $1005 0.5927216279217355499 $954 $1006 forward @7 unknown #
coedge $-1 -1 $-1 $907 $906 $1007 $1008 reversed $811 $-1 #
edge $1009 -1 $-1 $959 0 $1010 1 $952 $1011 forward @7 tangent #
color-adesk-attrib $-1 -1 $-1 $-1 $909 256 #
vertex $-1 -1 $-1 $909 $1012 #
ellipse-curve $-1 -1 $-1 0.4074919092401555476 7.554831448463312782 -0.5 0 0 1 -0.02385655721603506529 0.04732720864151929163 0 1 F 0 F 2.111692557000298898 #
coedge $-1 -1 $-1 $915 $1007 $910 $962 forward $142 $-1 #
edge $1013 -1 $-1 $964 -0.5529890742031212669 $918 -0 $910 $1014 forward @7 unknown #
color-adesk-attrib $-1 -1 $-1 $-1 $911 256 #
vertex $-1 -1 $-1 $911 $1015 #
straight-curve $-1 -1 $-1 0.3836353520241204129 7.602158657104832074 -0.5 0 0 1 I I #
point $-1 -1 $-1 0.3836353520241204129 7.602158657104832074 -0.5 #
color-adesk-attrib $-1 -1 $-1 $-1 $916 256 #
ellipse-curve $-1 -1 $-1 0.8612314507319511758 7.883218940117361129 0.5 0 0 1 0.01921400515843130208 0.03044375150620837189 0 1 I I #
point $-1 -1 $-1 0.8774359046900139791 7.851072156889157938 0.5 #
coedge $-1 -1 $-1 $924 $1016 $1017 $1018 forward $133 $-1 #
coedge $-1 -1 $-1 $1019 $1020 $924 $972 reversed $1021 $-1 #
edge $1022 -1 $-1 $1023 0 $977 0.5927216279217328854 $924 $1024 forward @7 unknown #
coedge $-1 -1 $-1 $987 $925 $1020 $1025 forward $975 $-1 #
coedge $-1 -1 $-1 $925 $987 $927 $979 reversed $975 $-1 #
loop $-1 -1 $-1 $-1 $925 $1026 #
color-adesk-attrib $-1 -1 $-1 $-1 $926 256 #
vertex $-1 -1 $-1 $972 $1027 #
ellipse-curve $-1 -1 $-1 0.8612314507319507317 -7.956781059882636953 -0.5 0 0 -1 0.01921400515843063594 0.03044375150620837189 0 1 F 0 F 2.111692557000288684 #
edge $1028 -1 $-1 $931 0 $990 1 $927 $1029 forward @7 tangent #
face $1030 -1 $-1 $934 $929 $7 $-1 $1031 forward single #
point $-1 -1 $-1 0.8774359046900124248 -7.988927843110838367 -0.5 #
color-adesk-attrib $-1 -1 $-1 $-1 $933 256 #
straight-curve $-1 -1 $-1 0.3836353520241214121 -8.237841342895166008 -0.5 0 0 1 I I #
color-adesk-attrib $-1 -1 $-1 $-1 $934 256 #
cone-surface $-1 -1 $-1 0.407491909240157324 -8.285168551536687076 -0.5 0 0 1 -0.02385655721603588408 0.0473272086415206239 0 1 I I 0 -1 0.05300000000000017197 forward I I I I #
coedge $-1 -1 $-1 $1032 $940 $1033 $1034 forward $142 $-1 #
coedge $-1 -1 $-1 $974 $973 $940 $988 reversed $975 $-1 #
edge $1035 -1 $-1 $990 -2.111692557000288684 $1036 -0 $987 $1037 forward @7 unknown #
color-adesk-attrib $-1 -1 $-1 $-1 $942 256 #
vertex $-1 -1 $-1 $979 $1038 #
straight-curve $-1 -1 $-1 0.8774359046900128689 -7.988927843110839255 0.5 0.8929662007834054949 0.4501237210572784919 0 I I #
point $-1 -1 $-1 0.3836353520241214121 -8.237841342895167784 0.5 #
color-adesk-attrib $-1 -1 $-1 $-1 $948 256 #
face $1039 -1 $-1 $1040 $1041 $7 $-1 $1042 forward single #
loop $-1 -1 $-1 $-1 $1043 $948 #
cone-surface $-1 -1 $-1 0.4074919092401519949 6.834831448463313919 -0.5 0 0 1 -0.02385655721603467672 0.04732720864151929163 0 1 I I 0 -1 0.05299999999999843725 forward I I I I #
coedge $-1 -1 $-1 $1044 $1045 $1046 $1047 reversed $949 $-1 #
coedge $-1 -1 $-1 $1048 $951 $953 $1003 forward $903 $-1 #
coedge $-1 -1 $-1 $951 $1048 $1044 $1049 reversed $903 $-1 #
coedge $-1 -1 $-1 $1046 $954 $951 $1001 forward $133 $-1 #
edge $1050 -1 $-1 $1005 0 $1051 2.111692557000237169 $1000 $1052 forward @7 unknown #
coedge $-1 -1 $-1 $953 $952 $1053 $1054 reversed $857 $-1 #
edge $1055 -1 $-1 $1005 0 $1056 1 $998 $1057 forward @7 tangent #
color-adesk-attrib $-1 -1 $-1 $-1 $955 256 #
vertex $-1 -1 $-1 $955 $1058 #
straight-curve $-1 -1 $-1 0.3792046238680232273 7.510011480968062259 -0.5 0.8456597640613583433 -0.5337223655119652799 0 F 0 F 0.5927216279217355499 #
coedge $-1 -1 $-1 $961 $1053 $956 $1008 forward $142 $-1 #
edge $1059 -1 $-1 $1010 -2.111692557000298898 $964 -0 $956 $1060 forward @7 unknown #
color-adesk-attrib $-1 -1 $-1 $-1 $957 256 #
vertex $-1 -1 $-1 $957 $1061 #
straight-curve $-1 -1 $-1 0.3792046238680224501 7.510011480968062259 -0.5 0 0 1 I I #
point $-1 -1 $-1 0.3792046238680224501 7.510011480968062259 -0.5 #
color-adesk-attrib $-1 -1 $-1 $-1 $962 256 #
straight-curve $-1 -1 $-1 0.8774359046900137571 7.851072156889161491 0.5 0.8929662007834046067 0.4501237210572802683 0 I I #
point $-1 -1 $-1 0.3836353520241204129 7.602158657104832074 0.5 #
coedge $-1 -1 $-1 $970 $1062 $1063 $1064 forward $133 $-1 #
coedge $-1 -1 $-1 $1065 $1066 $970 $1018 reversed $1067 $-1 #
edge $1068 -1 $-1 $1069 0 $1023 2.111692557000293569 $970 $1070 forward @7 unknown #
coedge $-1 -1 $-1 $1033 $971 $1066 $1071 forward $1021 $-1 #
coedge $-1 -1 $-1 $971 $1033 $973 $1025 reversed $1021 $-1 #
loop $-1 -1 $-1 $-1 $971 $1072 #
color-adesk-attrib $-1 -1 $-1 $-1 $972 256 #
vertex $-1 -1 $-1 $1018 $1073 #
straight-curve $-1 -1 $-1 0.3792046238680238379 -7.609988519031938736 -0.5 0.8456597640613595646 -0.5337223655119631704 0 F 0 F 0.5927216279217328854 #
edge $1074 -1 $-1 $977 0 $1036 1 $973 $1075 forward @7 tangent #
face $1076 -1 $-1 $980 $975 $7 $-1 $1077 forward single #
point $-1 -1 $-1 0.8804454558903813677 -7.926337308376428581 -0.5 #
color-adesk-attrib $-1 -1 $-1 $-1 $979 256 #
straight-curve $-1 -1 $-1 0.8774359046900124248 -7.988927843110838367 -0.5 0 0 1 I I #
color-adesk-attrib $-1 -1 $-1 $-1 $980 256 #
plane-surface $-1 -1 $-1 0.3836353520241214121 -8.237841342895166008 -0.5 0.4501237210572784919 -0.8929662007834054949 0 0.8929662007834054949 0.4501237210572784919 0 forward_v I I I I #
coedge $-1 -1 $-1 $1078 $986 $1079 $1080 forward $142 $-1 #
coedge $-1 -1 $-1 $1020 $1019 $986 $1034 reversed $1021 $-1 #
edge $1081 -1 $-1 $1036 -0.5927216279217328854 $1082 -0 $1033 $1083 forward @7 unknown #
color-adesk-attrib $-1 -1 $-1 $-1 $988 256 #
vertex $-1 -1 $-1 $1025 $1084 #
ellipse-curve $-1 -1 $-1 0.8612314507319507317 -7.956781059882636953 0.5 0 0 1 0.01921400515843063594 0.03044375150620837189 0 1 I I #
point $-1 -1 $-1 0.8774359046900124248 -7.988927843110838367 0.5 #
color-adesk-attrib $-1 -1 $-1 $-1 $994 256 #
face $1085 -1 $-1 $1086 $1087 $7 $-1 $1088 forward single #
loop $-1 -1 $-1 $-1 $1089 $994 #
plane-surface $-1 -1 $-1 0.8804454558903822559 6.473662691623568222 -0.5 0.5337223655119666121 0.8456597640613574551 0 -0.8456597640613574551 0.5337223655119666121 0 forward_v I I I I #
coedge $-1 -1 $-1 $1090 $1091 $1092 $1093 reversed $995 $-1 #
coedge $-1 -1 $-1 $1094 $997 $999 $1049 forward $949 $-1 #
coedge $-1 -1 $-1 $997 $1094 $1090 $1095 reversed $949 $-1 #
coedge $-1 -1 $-1 $1092 $1000 $997 $1047 forward $133 $-1 #
edge $1096 -1 $-1 $1051 0 $1097 0.5529890742031239315 $1046 $1098 forward @7 unknown #
coedge $-1 -1 $-1 $999 $998 $1099 $1100 reversed $903 $-1 #
edge $1101 -1 $-1 $1051 0 $1102 1 $1044 $1103 forward @7 tangent #
color-adesk-attrib $-1 -1 $-1 $-1 $1001 256 #
vertex $-1 -1 $-1 $1001 $1104 #
ellipse-curve $-1 -1 $-1 0.8612314507319511758 7.163218940117362266 -0.5 0 0 -1 0.01921400515843130208 0.03044375150620837189 0 1 F 0 F 2.111692557000237169 #
coedge $-1 -1 $-1 $1007 $1099 $1002 $1054 forward $142 $-1 #
edge $1105 -1 $-1 $1056 -0.5927216279217355499 $1010 -0 $1002 $1106 forward @7 unknown #
color-adesk-attrib $-1 -1 $-1 $-1 $1003 256 #
vertex $-1 -1 $-1 $1003 $1107 #
straight-curve $-1 -1 $-1 0.8804454558903824779 7.193662691623570637 -0.5 0 0 1 I I #
point $-1 -1 $-1 0.8804454558903824779 7.193662691623570637 -0.5 #
color-adesk-attrib $-1 -1 $-1 $-1 $1008 256 #
ellipse-curve $-1 -1 $-1 0.4074919092401555476 7.554831448463312782 0.5 0 0 -1 -0.02385655721603506529 0.04732720864151929163 0 1 I I #
point $-1 -1 $-1 0.3792046238680225057 7.510011480968062259 0.5 #
coedge $-1 -1 $-1 $1016 $1108 $1109 $1110 forward $133 $-1 #
coedge $-1 -1 $-1 $1111 $1112 $1016 $1064 reversed $1113 $-1 #
edge $1114 -1 $-1 $1115 0 $1069 0.5529890742031174922 $1016 $1116 forward @7 unknown #
coedge $-1 -1 $-1 $1079 $1017 $1112 $1117 forward $1067 $-1 #
coedge $-1 -1 $-1 $1017 $1079 $1019 $1071 reversed $1067 $-1 #
loop $-1 -1 $-1 $-1 $1017 $1118 #
color-adesk-attrib $-1 -1 $-1 $-1 $1018 256 #
vertex $-1 -1 $-1 $1064 $1119 #
ellipse-curve $-1 -1 $-1 0.4074919092401579901 -7.565168551536687325 -0.5 0 0 1 -0.02385655721603568979 0.04732720864152106799 0 1 F 0 F 2.111692557000293569 #
edge $1120 -1 $-1 $1023 0 $1082 1 $1019 $1121 forward @7 tangent #
face $1122 -1 $-1 $1026 $1021 $7 $-1 $1123 forward single #
point $-1 -1 $-1 0.3792046238680234493 -7.609988519031939624 -0.5 #
color-adesk-attrib $-1 -1 $-1 $-1 $1025 256 #
straight-curve $-1 -1 $-1 0.8804454558903813677 -7.926337308376428581 -0.5 0 0 1 I I #
color-adesk-attrib $-1 -1 $-1 $-1 $1026 256 #
cone-surface $-1 -1 $-1 0.8612314507319507317 -7.956781059882636953 -0.5 0 0 1 0.01921400515843063594 0.03044375150620837189 0 1 I I 0 1 0.03599999999999949768 forward I I I I #
coedge $-1 -1 $-1 $1124 $1032 $1125 $1126 forward $142 $-1 #
coedge $-1 -1 $-1 $1066 $1065 $1032 $1080 reversed $1067 $-1 #
edge $1127 -1 $-1 $1082 -2.111692557000293569 $1128 -0 $1079 $1129 forward @7 unknown #
color-adesk-attrib $-1 -1 $-1 $-1 $1034 256 #
vertex $-1 -1 $-1 $1071 $1130 #
straight-curve $-1 -1 $-1 0.3792046238680238379 -7.609988519031938736 0.5 -0.8456597640613595646 0.5337223655119631704 0 I I #
point $-1 -1 $-1 0.8804454558903813677 -7.926337308376426805 0.5 #
color-adesk-attrib $-1 -1 $-1 $-1 $1040 256 #
face $1131 -1 $-1 $1132 $1133 $7 $-1 $1134 forward single #
loop $-1 -1 $-1 $-1 $1135 $1040 #
cone-surface $-1 -1 $-1 0.8612314507319525081 6.443218940117363402 -0.5 0 0 1 0.01921400515842974777 0.03044375150620481918 0 1 I I 0 1 0.03599999999999601435 forward I I I I #
coedge $-1 -1 $-1 $1136 $1137 $1138 $1139 reversed $1041 $-1 #
coedge $-1 -1 $-1 $1140 $1043 $1045 $1095 forward $995 $-1 #
coedge $-1 -1 $-1 $1043 $1140 $1136 $1141 reversed $995 $-1 #
coedge $-1 -1 $-1 $1138 $1046 $1043 $1093 forward $133 $-1 #
edge $1142 -1 $-1 $1097 0 $1143 2.111692557000303339 $1092 $1144 forward @7 unknown #
coedge $-1 -1 $-1 $1045 $1044 $1145 $1146 reversed $949 $-1 #
edge $1147 -1 $-1 $1097 0 $1148 1 $1090 $1149 forward @7 tangent #
color-adesk-attrib $-1 -1 $-1 $-1 $1047 256 #
vertex $-1 -1 $-1 $1047 $1150 #
straight-curve $-1 -1 $-1 0.8774359046900137571 7.131072156889162628 -0.5 -0.8929662007834057169 -0.4501237210572781033 0 F 0 F 0.5529890742031239315 #
coedge $-1 -1 $-1 $1053 $1145 $1048 $1100 forward $142 $-1 #
edge $1151 -1 $-1 $1102 -2.111692557000237169 $1056 -0 $1048 $1152 forward @7 unknown #
color-adesk-attrib $-1 -1 $-1 $-1 $1049 256 #
vertex $-1 -1 $-1 $1049 $1153 #
straight-curve $-1 -1 $-1 0.8774359046900139791 7.131072156889159075 -0.5 0 0 1 I I #
point $-1 -1 $-1 0.8774359046900139791 7.131072156889159075 -0.5 #
color-adesk-attrib $-1 -1 $-1 $-1 $1054 256 #
straight-curve $-1 -1 $-1 0.3792046238680232273 7.510011480968062259 0.5 -0.8456597640613583433 0.5337223655119652799 0 I I #
point $-1 -1 $-1 0.8804454558903824779 7.193662691623570637 0.5 #
coedge $-1 -1 $-1 $1062 $1154 $1155 $1156 forward $133 $-1 #
coedge $-1 -1 $-1 $1157 $1158 $1062 $1110 reversed $1159 $-1 #
edge $1160 -1 $-1 $1161 0 $1115 2.111692557000288684 $1062 $1162 forward @7 unknown #
coedge $-1 -1 $-1 $1125 $1063 $1158 $1163 forward $1113 $-1 #
coedge $-1 -1 $-1 $1063 $1125 $1065 $1117 reversed $1113 $-1 #
loop $-1 -1 $-1 $-1 $1063 $1164 #
color-adesk-attrib $-1 -1 $-1 $-1 $1064 256 #
vertex $-1 -1 $-1 $1110 $1165 #
straight-curve $-1 -1 $-1 0.8774359046900128689 -7.268927843110839504 -0.5 -0.8929662007834056059 -0.4501237210572785474 0 F 0 F 0.5529890742031174922 #
edge $1166 -1 $-1 $1069 0 $1128 1 $1065 $1167 forward @7 tangent #
face $1168 -1 $-1 $1072 $1067 $7 $-1 $1169 forward single #
point $-1 -1 $-1 0.3836353520241222448 -7.517841342895166257 -0.5 #
color-adesk-attrib $-1 -1 $-1 $-1 $1071 256 #
straight-curve $-1 -1 $-1 0.3792046238680234493 -7.609988519031939624 -0.5 0 0 1 I I #
color-adesk-attrib $-1 -1 $-1 $-1 $1072 256 #
plane-surface $-1 -1 $-1 0.8804454558903813677 -7.926337308376428581 -0.5 0.5337223655119632815 0.8456597640613596756 0 -0.8456597640613596756 0.5337223655119632815 0 forward_v I I I I #
coedge $-1 -1 $-1 $1170 $1078 $1171 $1172 forward $142 $-1 #
coedge $-1 -1 $-1 $1112 $1111 $1078 $1126 reversed $1113 $-1 #
edge $1173 -1 $-1 $1128 -0.5529890742031174922 $1174 -0 $1125 $1175 forward @7 unknown #
color-adesk-attrib $-1 -1 $-1 $-1 $1080 256 #
vertex $-1 -1 $-1 $1117 $1176 #
ellipse-curve $-1 -1 $-1 0.4074919092401579901 -7.565168551536687325 0.5 0 0 -1 -0.02385655721603568979 0.04732720864152106799 0 1 I I #
point $-1 -1 $-1 0.3792046238680235049 -7.609988519031938736 0.5 #
color-adesk-attrib $-1 -1 $-1 $-1 $1086 256 #
face $1177 -1 $-1 $1178 $1179 $7 $-1 $1180 forward single #
loop $-1 -1 $-1 $-1 $1181 $1086 #
plane-surface $-1 -1 $-1 0.3836353520241204129 6.162158657104830795 -0.5 0.4501237210572803793 -0.8929662007834046067 0 0.8929662007834046067 0.4501237210572803793 0 forward_v I I I I #
coedge $-1 -1 $-1 $1182 $1183 $1184 $1185 reversed $1087 $-1 #
coedge $-1 -1 $-1 $1186 $1089 $1091 $1141 forward $1041 $-1 #
coedge $-1 -1 $-1 $1089 $1186 $1182 $1187 reversed $1041 $-1 #
coedge $-1 -1 $-1 $1184 $1092 $1089 $1139 forward $133 $-1 #
edge $1188 -1 $-1 $1143 0 $1189 0.5927216279217406569 $1138 $1190 forward @7 unknown #
coedge $-1 -1 $-1 $1091 $1090 $1191 $1192 reversed $995 $-1 #
edge $1193 -1 $-1 $1143 0 $1194 1 $1136 $1195 forward @7 tangent #
color-adesk-attrib $-1 -1 $-1 $-1 $1093 256 #
vertex $-1 -1 $-1 $1093 $1196 #
ellipse-curve $-1 -1 $-1 0.4074919092401519949 6.834831448463313919 -0.5 0 0 1 -0.02385655721603467672 0.04732720864151929163 0 1 F 0 F 2.111692557000303339 #
coedge $-1 -1 $-1 $1099 $1191 $1094 $1146 forward $142 $-1 #
edge $1197 -1 $-1 $1148 -0.5529890742031239315 $1102 -0 $1094 $1198 forward @7 unknown #
color-adesk-attrib $-1 -1 $-1 $-1 $1095 256 #
vertex $-1 -1 $-1 $1095 $1199 #
straight-curve $-1 -1 $-1 0.3836353520241173043 6.88215865710483321 -0.5 0 0 1 I I #
point $-1 -1 $-1 0.3836353520241173043 6.88215865710483321 -0.5 #
color-adesk-attrib $-1 -1 $-1 $-1 $1100 256 #
ellipse-curve $-1 -1 $-1 0.8612314507319511758 7.163218940117362266 0.5 0 0 1 0.01921400515843130208 0.03044375150620837189 0 1 I I #
point $-1 -1 $-1 0.8774359046900139791 7.131072156889159075 0.5 #
coedge $-1 -1 $-1 $1108 $1200 $1201 $1202 forward $133 $-1 #
coedge $-1 -1 $-1 $1203 $1204 $1108 $1156 reversed $1205 $-1 #
edge $1206 -1 $-1 $1207 0 $1161 0.5927216279217331074 $1108 $1208 forward @7 unknown #
coedge $-1 -1 $-1 $1171 $1109 $1204 $1209 forward $1159 $-1 #
coedge $-1 -1 $-1 $1109 $1171 $1111 $1163 reversed $1159 $-1 #
loop $-1 -1 $-1 $-1 $1109 $1210 #
color-adesk-attrib $-1 -1 $-1 $-1 $1110 256 #
vertex $-1 -1 $-1 $1156 $1211 #
ellipse-curve $-1 -1 $-1 0.8612314507319509538 -7.236781059882636313 -0.5 0 0 -1 0.01921400515843063594 0.03044375150620837189 0 1 F 0 F 2.111692557000288684 #
edge $1212 -1 $-1 $1115 0 $1174 1 $1111 $1213 forward @7 tangent #
face $1214 -1 $-1 $1118 $1113 $7 $-1 $1215 forward single #
point $-1 -1 $-1 0.8774359046900126469 -7.268927843110838616 -0.5 #
color-adesk-attrib $-1 -1 $-1 $-1 $1117 256 #
straight-curve $-1 -1 $-1 0.3836353520241222448 -7.517841342895166257 -0.5 0 0 1 I I #
color-adesk-attrib $-1 -1 $-1 $-1 $1118 256 #
cone-surface $-1 -1 $-1 0.4074919092401579901 -7.565168551536687325 -0.5 0 0 1 -0.02385655721603568979 0.04732720864152106799 0 1 I I 0 -1 0.05300000000000048422 forward I I I I #
coedge $-1 -1 $-1 $1216 $1124 $1217 $1218 forward $142 $-1 #
coedge $-1 -1 $-1 $1158 $1157 $1124 $1172 reversed $1159 $-1 #
edge $1219 -1 $-1 $1174 -2.111692557000288684 $1220 -0 $1171 $1221 forward @7 unknown #
color-adesk-attrib $-1 -1 $-1 $-1 $1126 256 #
vertex $-1 -1 $-1 $1163 $1222 #
straight-curve $-1 -1 $-1 0.8774359046900128689 -7.268927843110839504 0.5 0.8929662007834056059 0.4501237210572785474 0 I I #
point $-1 -1 $-1 0.3836353520241222448 -7.517841342895165369 0.5 #
color-adesk-attrib $-1 -1 $-1 $-1 $1132 256 #
face $1223 -1 $-1 $1224 $1225 $7 $-1 $1226 forward single #
loop $-1 -1 $-1 $-1 $1227 $1132 #
cone-surface $-1 -1 $-1 0.4074919092401554366 6.114831448463311503 -0.5 0 0 1 -0.02385655721603506529 0.04732720864151929163 0 1 I I 0 -1 0.05299999999999861766 forward I I I I #
coedge $-1 -1 $-1 $1228 $1229 $1230 $1231 reversed $1133 $-1 #
coedge $-1 -1 $-1 $1232 $1135 $1137 $1187 forward $1087 $-1 #
coedge $-1 -1 $-1 $1135 $1232 $1228 $1233 reversed $1087 $-1 #
coedge $-1 -1 $-1 $1230 $1138 $1135 $1185 forward $133 $-1 #
edge $1234 -1 $-1 $1189 0 $1235 2.111692557000283799 $1184 $1236 forward @7 unknown #
coedge $-1 -1 $-1 $1137 $1136 $1237 $1238 reversed $1041 $-1 #
edge $1239 -1 $-1 $1189 0 $1240 1 $1182 $1241 forward @7 tangent #
color-adesk-attrib $-1 -1 $-1 $-1 $1139 256 #
vertex $-1 -1 $-1 $1139 $1242 #
straight-curve $-1 -1 $-1 0.379204623868019397 6.790011480968063395 -0.5 0.8456597640613574551 -0.5337223655119666121 0 F 0 F 0.5927216279217406569 #
coedge $-1 -1 $-1 $1145 $1237 $1140 $1192 forward $142 $-1 #
edge $1243 -1 $-1 $1194 -2.111692557000303339 $1148 -0 $1140 $1244 forward @7 unknown #
color-adesk-attrib $-1 -1 $-1 $-1 $1141 256 #
vertex $-1 -1 $-1 $1141 $1245 #
straight-curve $-1 -1 $-1 0.3792046238680188974 6.790011480968063395 -0.5 0 0 1 I I #
point $-1 -1 $-1 0.3792046238680188974 6.790011480968063395 -0.5 #
color-adesk-attrib $-1 -1 $-1 $-1 $1146 256 #
straight-curve $-1 -1 $-1 0.8774359046900137571 7.131072156889162628 0.5 0.8929662007834057169 0.4501237210572781033 0 I I #
point $-1 -1 $-1 0.3836353520241173043 6.88215865710483321 0.5 #
coedge $-1 -1 $-1 $1154 $1246 $1247 $1248 forward $133 $-1 #
coedge $-1 -1 $-1 $1249 $1250 $1154 $1202 reversed $1251 $-1 #
edge $1252 -1 $-1 $1253 0 $1207 2.111692557000289572 $1154 $1254 forward @7 unknown #
coedge $-1 -1 $-1 $1217 $1155 $1250 $1255 forward $1205 $-1 #
coedge $-1 -1 $-1 $1155 $1217 $1157 $1209 reversed $1205 $-1 #
loop $-1 -1 $-1 $-1 $1155 $1256 #
color-adesk-attrib $-1 -1 $-1 $-1 $1156 256 #
vertex $-1 -1 $-1 $1202 $1257 #
straight-curve $-1 -1 $-1 0.3792046238680237269 -6.889988519031939873 -0.5 0.8456597640613596756 -0.5337223655119629484 0 F 0 F 0.5927216279217331074 #
edge $1258 -1 $-1 $1161 0 $1220 1 $1157 $1259 forward @7 tangent #
face $1260 -1 $-1 $1164 $1159 $7 $-1 $1261 forward single #
point $-1 -1 $-1 0.8804454558903815897 -7.206337308376427941 -0.5 #
color-adesk-attrib $-1 -1 $-1 $-1 $1163 256 #
straight-curve $-1 -1 $-1 0.8774359046900126469 -7.268927843110838616 -0.5 0 0 1 I I #
color-adesk-attrib $-1 -1 $-1 $-1 $1164 256 #
plane-surface $-1 -1 $-1 0.3836353520241222448 -7.517841342895166257 -0.5 0.4501237210572785474 -0.8929662007834056059 0 0.8929662007834056059 0.4501237210572785474 0 forward_v I I I I #
coedge $-1 -1 $-1 $1262 $1170 $1263 $1264 forward $142 $-1 #
coedge $-1 -1 $-1 $1204 $1203 $1170 $1218 reversed $1205 $-1 #
edge $1265 -1 $-1 $1220 -0.5927216279217331074 $1266 -0 $1217 $1267 forward @7 unknown #
color-adesk-attrib $-1 -1 $-1 $-1 $1172 256 #
vertex $-1 -1 $-1 $1209 $1268 #
ellipse-curve $-1 -1 $-1 0.8612314507319509538 -7.236781059882636313 0.5 0 0 1 0.01921400515843063594 0.03044375150620837189 0 1 I I #
point $-1 -1 $-1 0.8774359046900126469 -7.268927843110839504 0.5 #
color-adesk-attrib $-1 -1 $-1 $-1 $1178 256 #
face $1269 -1 $-1 $1270 $1271 $7 $-1 $1272 forward single #
loop $-1 -1 $-1 $-1 $1273 $1178 #
plane-surface $-1 -1 $-1 0.8804454558903822559 5.753662691623569359 -0.5 0.5337223655119652799 0.8456597640613582323 0 -0.8456597640613582323 0.5337223655119652799 0 forward_v I I I I #
coedge $-1 -1 $-1 $1274 $1275 $1276 $1277 reversed $1179 $-1 #
coedge $-1 -1 $-1 $1278 $1181 $1183 $1233 forward $1133 $-1 #
coedge $-1 -1 $-1 $1181 $1278 $1274 $1279 reversed $1133 $-1 #
coedge $-1 -1 $-1 $1276 $1184 $1181 $1231 forward $133 $-1 #
edge $1280 -1 $-1 $1235 0 $1281 0.5529890742031211559 $1230 $1282 forward @7 unknown #
coedge $-1 -1 $-1 $1183 $1182 $1283 $1284 reversed $1087 $-1 #
edge $1285 -1 $-1 $1235 0 $1286 1 $1228 $1287 forward @7 tangent #
color-adesk-attrib $-1 -1 $-1 $-1 $1185 256 #
vertex $-1 -1 $-1 $1185 $1288 #
ellipse-curve $-1 -1 $-1 0.8612314507319525081 6.443218940117363402 -0.5 0 0 -1 0.01921400515842974777 0.03044375150620481918 0 1 F 0 F 2.111692557000283799 #
coedge $-1 -1 $-1 $1191 $1283 $1186 $1238 forward $142 $-1 #
edge $1289 -1 $-1 $1240 -0.5927216279217406569 $1194 -0 $1186 $1290 forward @7 unknown #
color-adesk-attrib $-1 -1 $-1 $-1 $1187 256 #
vertex $-1 -1 $-1 $1187 $1291 #
straight-curve $-1 -1 $-1 0.8804454558903822559 6.473662691623568222 -0.5 0 0 1 I I #
point $-1 -1 $-1 0.8804454558903822559 6.473662691623568222 -0.5 #
color-adesk-attrib $-1 -1 $-1 $-1 $1192 256 #
ellipse-curve $-1 -1 $-1 0.4074919092401519949 6.834831448463313919 0.5 0 0 -1 -0.02385655721603467672 0.04732720864151929163 0 1 I I #
point $-1 -1 $-1 0.3792046238680189529 6.790011480968063395 0.5 #
coedge $-1 -1 $-1 $1200 $1292 $1293 $1294 forward $133 $-1 #
coedge $-1 -1 $-1 $1295 $1296 $1200 $1248 reversed $1297 $-1 #
edge $1298 -1 $-1 $1299 0 $1253 0.5529890742031181583 $1200 $1300 forward @7 unknown #
coedge $-1 -1 $-1 $1263 $1201 $1296 $1301 forward $1251 $-1 #
coedge $-1 -1 $-1 $1201 $1263 $1203 $1255 reversed $1251 $-1 #
loop $-1 -1 $-1 $-1 $1201 $1302 #
color-adesk-attrib $-1 -1 $-1 $-1 $1202 256 #
vertex $-1 -1 $-1 $1248 $1303 #
ellipse-curve $-1 -1 $-1 0.407491909240157768 -6.845168551536687573 -0.5 0 0 1 -0.02385655721603591184 0.0473272086415206239 0 1 F 0 F 2.111692557000289572 #
edge $1304 -1 $-1 $1207 0 $1266 1 $1203 $1305 forward @7 tangent #
face $1306 -1 $-1 $1210 $1205 $7 $-1 $1307 forward single #
point $-1 -1 $-1 0.3792046238680235604 -6.889988519031939873 -0.5 #
color-adesk-attrib $-1 -1 $-1 $-1 $1209 256 #
straight-curve $-1 -1 $-1 0.8804454558903815897 -7.206337308376427941 -0.5 0 0 1 I I #
color-adesk-attrib $-1 -1 $-1 $-1 $1210 256 #
cone-surface $-1 -1 $-1 0.8612314507319509538 -7.236781059882636313 -0.5 0 0 1 0.01921400515843063594 0.03044375150620837189 0 1 I I 0 1 0.03599999999999949768 forward I I I I #
coedge $-1 -1 $-1 $1308 $1216 $1309 $1310 forward $142 $-1 #
coedge $-1 -1 $-1 $1250 $1249 $1216 $1264 reversed $1251 $-1 #
edge $1311 -1 $-1 $1266 -2.111692557000289572 $1312 -0 $1263 $1313 forward @7 unknown #
color-adesk-attrib $-1 -1 $-1 $-1 $1218 256 #
vertex $-1 -1 $-1 $1255 $1314 #
straight-curve $-1 -1 $-1 0.3792046238680237269 -6.889988519031939873 0.5 -0.8456597640613596756 0.5337223655119629484 0 I I #
point $-1 -1 $-1 0.8804454558903815897 -7.206337308376427941 0.5 #
color-adesk-attrib $-1 -1 $-1 $-1 $1224 256 #
face $1315 -1 $-1 $1316 $1317 $7 $-1 $1318 forward single #
loop $-1 -1 $-1 $-1 $1319 $1224 #
cone-surface $-1 -1 $-1 0.861231450731952286 5.723218940117364539 -0.5 0 0 1 0.01921400515842985879 0.03044375150620481918 0 1 I I 0 1 0.0359999999999960768 forward I I I I #
coedge $-1 -1 $-1 $1320 $1321 $1322 $1323 reversed $1225 $-1 #
coedge $-1 -1 $-1 $1324 $1227 $1229 $1279 forward $1179 $-1 #
coedge $-1 -1 $-1 $1227 $1324 $1320 $1325 reversed $1179 $-1 #
coedge $-1 -1 $-1 $1322 $1230 $1227 $1277 forward $133 $-1 #
edge $1326 -1 $-1 $1281 0 $1327 2.111692557000298898 $1276 $1328 forward @7 unknown #
coedge $-1 -1 $-1 $1229 $1228 $1329 $1330 reversed $1133 $-1 #
edge $1331 -1 $-1 $1281 0 $1332 1 $1274 $1333 forward @7 tangent #
color-adesk-attrib $-1 -1 $-1 $-1 $1231 256 #
vertex $-1 -1 $-1 $1231 $1334 #
straight-curve $-1 -1 $-1 0.8774359046900137571 6.411072156889160212 -0.5 -0.8929662007834046067 -0.4501237210572803793 0 F 0 F 0.5529890742031211559 #
coedge $-1 -1 $-1 $1237 $1329 $1232 $1284 forward $142 $-1 #
edge $1335 -1 $-1 $1286 -2.111692557000283799 $1240 -0 $1232 $1336 forward @7 unknown #
color-adesk-attrib $-1 -1 $-1 $-1 $1233 256 #
vertex $-1 -1 $-1 $1233 $1337 #
straight-curve $-1 -1 $-1 0.8774359046900117587 6.411072156889163765 -0.5 0 0 1 I I #
point $-1 -1 $-1 0.8774359046900117587 6.411072156889163765 -0.5 #
color-adesk-attrib $-1 -1 $-1 $-1 $1238 256 #
straight-curve $-1 -1 $-1 0.379204623868019397 6.790011480968063395 0.5 -0.8456597640613574551 0.5337223655119666121 0 I I #
point $-1 -1 $-1 0.8804454558903822559 6.473662691623568222 0.5 #
coedge $-1 -1 $-1 $1246 $1338 $1339 $1340 forward $133 $-1 #
coedge $-1 -1 $-1 $1341 $1342 $1246 $1294 reversed $1343 $-1 #
edge $1344 -1 $-1 $1345 0 $1299 2.111692557000299342 $1246 $1346 forward @7 unknown #
coedge $-1 -1 $-1 $1309 $1247 $1342 $1347 forward $1297 $-1 #
coedge $-1 -1 $-1 $1247 $1309 $1249 $1301 reversed $1297 $-1 #
loop $-1 -1 $-1 $-1 $1247 $1348 #
color-adesk-attrib $-1 -1 $-1 $-1 $1248 256 #
vertex $-1 -1 $-1 $1294 $1349 #
straight-curve $-1 -1 $-1 0.8774359046900128689 -6.548927843110839753 -0.5 -0.8929662007834053838 -0.4501237210572787695 0 F 0 F 0.5529890742031181583 #
edge $1350 -1 $-1 $1253 0 $1312 1 $1249 $1351 forward @7 tangent #
face $1352 -1 $-1 $1256 $1251 $7 $-1 $1353 forward single #
point $-1 -1 $-1 0.3836353520241218562 -6.797841342895166505 -0.5 #
color-adesk-attrib $-1 -1 $-1 $-1 $1255 256 #
straight-curve $-1 -1 $-1 0.3792046238680235604 -6.889988519031939873 -0.5 0 0 1 I I #
color-adesk-attrib $-1 -1 $-1 $-1 $1256 256 #
plane-surface $-1 -1 $-1 0.8804454558903815897 -7.206337308376427941 -0.5 0.5337223655119630594 0.8456597640613597866 0 -0.8456597640613597866 0.5337223655119630594 0 forward_v I I I I #
coedge $-1 -1 $-1 $1354 $1262 $1355 $1356 forward $142 $-1 #
coedge $-1 -1 $-1 $1296 $1295 $1262 $1310 reversed $1297 $-1 #
edge $1357 -1 $-1 $1312 -0.5529890742031181583 $1358 -0 $1309 $1359 forward @7 unknown #
color-adesk-attrib $-1 -1 $-1 $-1 $1264 256 #
vertex $-1 -1 $-1 $1301 $1360 #
ellipse-curve $-1 -1 $-1 0.407491909240157768 -6.845168551536687573 0.5 0 0 -1 -0.02385655721603591184 0.0473272086415206239 0 1 I I #
point $-1 -1 $-1 0.3792046238680236159 -6.889988519031939873 0.5 #
color-adesk-attrib $-1 -1 $-1 $-1 $1270 256 #
face $1361 -1 $-1 $1362 $1363 $7 $-1 $1364 forward single #
loop $-1 -1 $-1 $-1 $1365 $1270 #
plane-surface $-1 -1 $-1 0.3836353520241201354 5.442158657104833708 -0.5 0.4501237210572776593 -0.89296620078340605 0 0.89296620078340605 0.4501237210572776593 0 forward_v I I I I #
coedge $-1 -1 $-1 $1366 $1367 $1368 $1369 reversed $1271 $-1 #
coedge $-1 -1 $-1 $1370 $1273 $1275 $1325 forward $1225 $-1 #
coedge $-1 -1 $-1 $1273 $1370 $1366 $1371 reversed $1225 $-1 #
coedge $-1 -1 $-1 $1368 $1276 $1273 $1323 forward $133 $-1 #
edge $1372 -1 $-1 $1327 0 $1373 0.5927216279217355499 $1322 $1374 forward @7 unknown #
coedge $-1 -1 $-1 $1275 $1274 $1375 $1376 reversed $1179 $-1 #
edge $1377 -1 $-1 $1327 0 $1378 1 $1320 $1379 forward @7 tangent #
color-adesk-attrib $-1 -1 $-1 $-1 $1277 256 #
vertex $-1 -1 $-1 $1277 $1380 #
ellipse-curve $-1 -1 $-1 0.4074919092401554366 6.114831448463311503 -0.5 0 0 1 -0.02385655721603506529 0.04732720864151929163 0 1 F 0 F 2.111692557000298898 #
coedge $-1 -1 $-1 $1283 $1375 $1278 $1330 forward $142 $-1 #
edge $1381 -1 $-1 $1332 -0.5529890742031211559 $1286 -0 $1278 $1382 forward @7 unknown #
color-adesk-attrib $-1 -1 $-1 $-1 $1279 256 #
vertex $-1 -1 $-1 $1279 $1383 #
straight-curve $-1 -1 $-1 0.3836353520241204129 6.162158657104830795 -0.5 0 0 1 I I #
point $-1 -1 $-1 0.3836353520241204129 6.162158657104830795 -0.5 #
color-adesk-attrib $-1 -1 $-1 $-1 $1284 256 #
ellipse-curve $-1 -1 $-1 0.8612314507319525081 6.443218940117363402 0.5 0 0 1 0.01921400515842974777 0.03044375150620481918 0 1 I I #
point $-1 -1 $-1 0.8774359046900117587 6.411072156889163765 0.5 #
coedge $-1 -1 $-1 $1292 $1384 $1385 $1386 forward $133 $-1 #
coedge $-1 -1 $-1 $1387 $1388 $1292 $1340 reversed $1389 $-1 #
edge $1390 -1 $-1 $1391 0 $1345 0.5927216279217339956 $1292 $1392 forward @7 unknown #
coedge $-1 -1 $-1 $1355 $1293 $1388 $1393 forward $1343 $-1 #
coedge $-1 -1 $-1 $1293 $1355 $1295 $1347 reversed $1343 $-1 #
loop $-1 -1 $-1 $-1 $1293 $1394 #
color-adesk-attrib $-1 -1 $-1 $-1 $1294 256 #
vertex $-1 -1 $-1 $1340 $1395 #
ellipse-curve $-1 -1 $-1 0.8612314507319511758 -6.51678105988263745 -0.5 0 0 -1 0.0192140051584304139 0.03044375150620837189 0 1 F 0 F 2.111692557000299342 #
edge $1396 -1 $-1 $1299 0 $1358 1 $1295 $1397 forward @7 tangent #
face $1398 -1 $-1 $1302 $1297 $7 $-1 $1399 forward single #
point $-1 -1 $-1 0.8774359046900124248 -6.548927843110838865 -0.5 #
color-adesk-attrib $-1 -1 $-1 $-1 $1301 256 #
straight-curve $-1 -1 $-1 0.3836353520241218562 -6.797841342895166505 -0.5 0 0 1 I I #
color-adesk-attrib $-1 -1 $-1 $-1 $1302 256 #
cone-surface $-1 -1 $-1 0.407491909240157768 -6.845168551536687573 -0.5 0 0 1 -0.02385655721603591184 0.0473272086415206239 0 1 I I 0 -1 0.05300000000000018585 forward I I I I #
coedge $-1 -1 $-1 $1400 $1308 $1401 $1402 forward $142 $-1 #
coedge $-1 -1 $-1 $1342 $1341 $1308 $1356 reversed $1343 $-1 #
edge $1403 -1 $-1 $1358 -2.111692557000299342 $1404 -0 $1355 $1405 forward @7 unknown #
color-adesk-attrib $-1 -1 $-1 $-1 $1310 256 #
vertex $-1 -1 $-1 $1347 $1406 #
straight-curve $-1 -1 $-1 0.8774359046900128689 -6.548927843110839753 0.5 0.8929662007834053838 0.4501237210572787695 0 I I #
point $-1 -1 $-1 0.3836353520241218562 -6.797841342895166505 0.5 #
color-adesk-attrib $-1 -1 $-1 $-1 $1316 256 #
face $1407 -1 $-1 $1408 $1409 $7 $-1 $1410 forward single #
loop $-1 -1 $-1 $-1 $1411 $1316 #
cone-surface $-1 -1 $-1 0.4074919092401559917 5.39483144846331264 -0.5 0 0 1 -0.02385655721603584245 0.04732720864152106799 0 1 I I 0 -1 0.05300000000000055361 forward I I I I #
coedge $-1 -1 $-1 $1412 $1413 $1414 $1415 reversed $1317 $-1 #
coedge $-1 -1 $-1 $1416 $1319 $1321 $1371 forward $1271 $-1 #
coedge $-1 -1 $-1 $1319 $1416 $1412 $1417 reversed $1271 $-1 #
coedge $-1 -1 $-1 $1414 $1322 $1319 $1369 forward $133 $-1 #
edge $1418 -1 $-1 $1373 0 $1419 2.111692557000275805 $1368 $1420 forward @7 unknown #
coedge $-1 -1 $-1 $1321 $1320 $1421 $1422 reversed $1225 $-1 #
edge $1423 -1 $-1 $1373 0 $1424 1 $1366 $1425 forward @7 tangent #
color-adesk-attrib $-1 -1 $-1 $-1 $1323 256 #
vertex $-1 -1 $-1 $1323 $1426 #
straight-curve $-1 -1 $-1 0.3792046238680231163 6.07001148096806098 -0.5 0.8456597640613582323 -0.5337223655119652799 0 F 0 F 0.5927216279217355499 #
coedge $-1 -1 $-1 $1329 $1421 $1324 $1376 forward $142 $-1 #
edge $1427 -1 $-1 $1378 -2.111692557000298898 $1332 -0 $1324 $1428 forward @7 unknown #
color-adesk-attrib $-1 -1 $-1 $-1 $1325 256 #
vertex $-1 -1 $-1 $1325 $1429 #
straight-curve $-1 -1 $-1 0.3792046238680223391 6.07001148096806098 -0.5 0 0 1 I I #
point $-1 -1 $-1 0.3792046238680223391 6.07001148096806098 -0.5 #
color-adesk-attrib $-1 -1 $-1 $-1 $1330 256 #
straight-curve $-1 -1 $-1 0.8774359046900137571 6.411072156889160212 0.5 0.8929662007834046067 0.4501237210572803793 0 I I #
point $-1 -1 $-1 0.3836353520241204129 6.162158657104830795 0.5 #
coedge $-1 -1 $-1 $1338 $1430 $1431 $1432 forward $133 $-1 #
coedge $-1 -1 $-1 $1433 $1434 $1338 $1386 reversed $1435 $-1 #
edge $1436 -1 $-1 $1437 0 $1391 2.111692557000284243 $1338 $1438 forward @7 unknown #
coedge $-1 -1 $-1 $1401 $1339 $1434 $1439 forward $1389 $-1 #
coedge $-1 -1 $-1 $1339 $1401 $1341 $1393 reversed $1389 $-1 #
loop $-1 -1 $-1 $-1 $1339 $1440 #
color-adesk-attrib $-1 -1 $-1 $-1 $1340 256 #
vertex $-1 -1 $-1 $1386 $1441 #
straight-curve $-1 -1 $-1 0.3792046238680228387 -6.169988519031939234 -0.5 0.8456597640613598976 -0.5337223655119629484 0 F 0 F 0.5927216279217339956 #
edge $1442 -1 $-1 $1345 0 $1404 1 $1341 $1443 forward @7 tangent #
face $1444 -1 $-1 $1348 $1343 $7 $-1 $1445 forward single #
point $-1 -1 $-1 0.8804454558903815897 -6.486337308376429078 -0.5 #
color-adesk-attrib $-1 -1 $-1 $-1 $1347 256 #
straight-curve $-1 -1 $-1 0.8774359046900124248 -6.548927843110838865 -0.5 0 0 1 I I #
color-adesk-attrib $-1 -1 $-1 $-1 $1348 256 #
plane-surface $-1 -1 $-1 0.3836353520241218562 -6.797841342895166505 -0.5 0.4501237210572787695 -0.8929662007834053838 0 0.8929662007834053838 0.4501237210572787695 0 forward_v I I I I #
coedge $-1 -1 $-1 $1446 $1354 $1447 $1448 forward $142 $-1 #
coedge $-1 -1 $-1 $1388 $1387 $1354 $1402 reversed $1389 $-1 #
edge $1449 -1 $-1 $1404 -0.5927216279217339956 $1450 -0 $1401 $1451 forward @7 unknown #
color-adesk-attrib $-1 -1 $-1 $-1 $1356 256 #
vertex $-1 -1 $-1 $1393 $1452 #
ellipse-curve $-1 -1 $-1 0.8612314507319511758 -6.51678105988263745 0.5 0 0 1 0.0192140051584304139 0.03044375150620837189 0 1 I I #
point $-1 -1 $-1 0.8774359046900124248 -6.548927843110840641 0.5 #
color-adesk-attrib $-1 -1 $-1 $-1 $1362 256 #
face $1453 -1 $-1 $1454 $1455 $7 $-1 $1456 forward single #
loop $-1 -1 $-1 $-1 $1457 $1362 #
plane-surface $-1 -1 $-1 0.8804454558903822559 5.033662691623570495 -0.5 0.5337223655119622823 0.8456597640613602307 0 -0.8456597640613602307 0.5337223655119622823 0 forward_v I I I I #
coedge $-1 -1 $-1 $1458 $1459 $1460 $1461 reversed $1363 $-1 #
coedge $-1 -1 $-1 $1462 $1365 $1367 $1417 forward $1317 $-1 #
coedge $-1 -1 $-1 $1365 $1462 $1458 $1463 reversed $1317 $-1 #
coedge $-1 -1 $-1 $1460 $1368 $1365 $1415 forward $133 $-1 #
edge $1464 -1 $-1 $1419 0 $1465 0.5529890742031206008 $1414 $1466 forward @7 unknown #
coedge $-1 -1 $-1 $1367 $1366 $1467 $1468 reversed $1271 $-1 #
edge $1469 -1 $-1 $1419 0 $1470 1 $1412 $1471 forward @7 tangent #
color-adesk-attrib $-1 -1 $-1 $-1 $1369 256 #
vertex $-1 -1 $-1 $1369 $1472 #
ellipse-curve $-1 -1 $-1 0.861231450731952286 5.723218940117364539 -0.5 0 0 -1 0.01921400515842985879 0.03044375150620481918 0 1 F 0 F 2.111692557000275805 #
coedge $-1 -1 $-1 $1375 $1467 $1370 $1422 forward $142 $-1 #
edge $1473 -1 $-1 $1424 -0.5927216279217355499 $1378 -0 $1370 $1474 forward @7 unknown #
color-adesk-attrib $-1 -1 $-1 $-1 $1371 256 #
vertex $-1 -1 $-1 $1371 $1475 #
straight-curve $-1 -1 $-1 0.8804454558903822559 5.753662691623569359 -0.5 0 0 1 I I #
point $-1 -1 $-1 0.8804454558903822559 5.753662691623569359 -0.5 #
color-adesk-attrib $-1 -1 $-1 $-1 $1376 256 #
ellipse-curve $-1 -1 $-1 0.4074919092401554366 6.114831448463311503 0.5 0 0 -1 -0.02385655721603506529 0.04732720864151929163 0 1 I I #
point $-1 -1 $-1 0.3792046238680223946 6.07001148096806098 0.5 #
coedge $-1 -1 $-1 $1384 $1476 $1477 $1478 forward $133 $-1 #
coedge $-1 -1 $-1 $1479 $1480 $1384 $1432 reversed $1481 $-1 #
edge $1482 -1 $-1 $1483 0 $1437 0.5529890742031196016 $1384 $1484 forward @7 unknown #
coedge $-1 -1 $-1 $1447 $1385 $1480 $1485 forward $1435 $-1 #
coedge $-1 -1 $-1 $1385 $1447 $1387 $1439 reversed $1435 $-1 #
loop $-1 -1 $-1 $-1 $1385 $1486 #
color-adesk-attrib $-1 -1 $-1 $-1 $1386 256 #
vertex $-1 -1 $-1 $1432 $1487 #
ellipse-curve $-1 -1 $-1 0.4074919092401571574 -6.125168551536686934 -0.5 0 0 1 -0.02385655721603610613 0.04732720864152017981 0 1 F 0 F 2.111692557000284243 #
edge $1488 -1 $-1 $1391 0 $1450 1 $1387 $1489 forward @7 tangent #
face $1490 -1 $-1 $1394 $1389 $7 $-1 $1491 forward single #
point $-1 -1 $-1 0.3792046238680232273 -6.169988519031939234 -0.5 #
color-adesk-attrib $-1 -1 $-1 $-1 $1393 256 #
straight-curve $-1 -1 $-1 0.8804454558903815897 -6.486337308376429078 -0.5 0 0 1 I I #
color-adesk-attrib $-1 -1 $-1 $-1 $1394 256 #
cone-surface $-1 -1 $-1 0.8612314507319511758 -6.51678105988263745 -0.5 0 0 1 0.0192140051584304139 0.03044375150620837189 0 1 I I 0 1 0.03599999999999937278 forward I I I I #
coedge $-1 -1 $-1 $1492 $1400 $1493 $1494 forward $142 $-1 #
coedge $-1 -1 $-1 $1434 $1433 $1400 $1448 reversed $1435 $-1 #
edge $1495 -1 $-1 $1450 -2.111692557000284243 $1496 -0 $1447 $1497 forward @7 unknown #
color-adesk-attrib $-1 -1 $-1 $-1 $1402 256 #
vertex $-1 -1 $-1 $1439 $1498 #
straight-curve $-1 -1 $-1 0.3792046238680228387 -6.169988519031939234 0.5 -0.8456597640613598976 0.5337223655119629484 0 I I #
point $-1 -1 $-1 0.8804454558903815897 -6.486337308376429078 0.5 #
color-adesk-attrib $-1 -1 $-1 $-1 $1408 256 #
face $1499 -1 $-1 $1500 $1501 $7 $-1 $1502 forward single #
loop $-1 -1 $-1 $-1 $1503 $1408 #
cone-surface $-1 -1 $-1 0.861231450731952286 5.003218940117362123 -0.5 0 0 1 0.01921400515842985879 0.03044375150620837189 0 1 I I 0 1 0.03599999999999908135 forward I I I I #
coedge $-1 -1 $-1 $1504 $1505 $1506 $1507 reversed $1409 $-1 #
coedge $-1 -1 $-1 $1508 $1411 $1413 $1463 forward $1363 $-1 #
coedge $-1 -1 $-1 $1411 $1508 $1504 $1509 reversed $1363 $-1 #
coedge $-1 -1 $-1 $1506 $1414 $1411 $1461 forward $133 $-1 #
edge $1510 -1 $-1 $1465 0 $1511 2.111692557000294901 $1460 $1512 forward @7 unknown #
coedge $-1 -1 $-1 $1413 $1412 $1513 $1514 reversed $1317 $-1 #
edge $1515 -1 $-1 $1465 0 $1516 1 $1458 $1517 forward @7 tangent #
color-adesk-attrib $-1 -1 $-1 $-1 $1415 256 #
vertex $-1 -1 $-1 $1415 $1518 #
straight-curve $-1 -1 $-1 0.8774359046900137571 5.691072156889161349 -0.5 -0.892966200783405939 -0.4501237210572776037 0 F 0 F 0.5529890742031206008 #
coedge $-1 -1 $-1 $1421 $1513 $1416 $1468 forward $142 $-1 #
edge $1519 -1 $-1 $1470 -2.111692557000275805 $1424 -0 $1416 $1520 forward @7 unknown #
color-adesk-attrib $-1 -1 $-1 $-1 $1417 256 #
vertex $-1 -1 $-1 $1417 $1521 #
straight-curve $-1 -1 $-1 0.8774359046900117587 5.691072156889164901 -0.5 0 0 1 I I #
point $-1 -1 $-1 0.8774359046900117587 5.691072156889164901 -0.5 #
color-adesk-attrib $-1 -1 $-1 $-1 $1422 256 #
straight-curve $-1 -1 $-1 0.3792046238680231163 6.07001148096806098 0.5 -0.8456597640613582323 0.5337223655119652799 0 I I #
point $-1 -1 $-1 0.8804454558903822559 5.753662691623569359 0.5 #
coedge $-1 -1 $-1 $1430 $1522 $1523 $1524 forward $133 $-1 #
coedge $-1 -1 $-1 $1525 $1526 $1430 $1478 reversed $1527 $-1 #
edge $1528 -1 $-1 $1529 0 $1483 2.111692557000306891 $1430 $1530 forward @7 unknown #
coedge $-1 -1 $-1 $1493 $1431 $1526 $1531 forward $1481 $-1 #
coedge $-1 -1 $-1 $1431 $1493 $1433 $1485 reversed $1481 $-1 #
loop $-1 -1 $-1 $-1 $1431 $1532 #
color-adesk-attrib $-1 -1 $-1 $-1 $1432 256 #
vertex $-1 -1 $-1 $1478 $1533 #
straight-curve $-1 -1 $-1 0.877435904690013091 -5.828927843110838225 -0.5 -0.8929662007834047177 -0.4501237210572799907 0 F 0 F 0.5529890742031196016 #
edge $1534 -1 $-1 $1437 0 $1496 1 $1433 $1535 forward @7 tangent #
face $1536 -1 $-1 $1440 $1435 $7 $-1 $1537 forward single #
point $-1 -1 $-1 0.3836353520241210235 -6.077841342895166754 -0.5 #
color-adesk-attrib $-1 -1 $-1 $-1 $1439 256 #
straight-curve $-1 -1 $-1 0.3792046238680232273 -6.169988519031939234 -0.5 0 0 1 I I #
color-adesk-attrib $-1 -1 $-1 $-1 $1440 256 #
plane-surface $-1 -1 $-1 0.8804454558903815897 -6.486337308376429078 -0.5 0.5337223655119629484 0.8456597640613598976 0 -0.8456597640613598976 0.5337223655119629484 0 forward_v I I I I #
coedge $-1 -1 $-1 $1538 $1446 $1539 $1540 forward $142 $-1 #
coedge $-1 -1 $-1 $1480 $1479 $1446 $1494 reversed $1481 $-1 #
edge $1541 -1 $-1 $1496 -0.5529890742031196016 $1542 -0 $1493 $1543 forward @7 unknown #
color-adesk-attrib $-1 -1 $-1 $-1 $1448 256 #
vertex $-1 -1 $-1 $1485 $1544 #
ellipse-curve $-1 -1 $-1 0.4074919092401571574 -6.125168551536686934 0.5 0 0 -1 -0.02385655721603610613 0.04732720864152017981 0 1 I I #
point $-1 -1 $-1 0.3792046238680232828 -6.169988519031937457 0.5 #
color-adesk-attrib $-1 -1 $-1 $-1 $1454 256 #
face $1545 -1 $-1 $1546 $1547 $7 $-1 $1548 forward single #
loop $-1 -1 $-1 $-1 $1549 $1454 #
plane-surface $-1 -1 $-1 0.3836353520241220227 4.722158657104833068 -0.5 0.450123721057276438 -0.8929662007834067161 0 0.8929662007834067161 0.450123721057276438 0 forward_v I I I I #
coedge $-1 -1 $-1 $1550 $1551 $1552 $1553 reversed $1455 $-1 #
coedge $-1 -1 $-1 $1554 $1457 $1459 $1509 forward $1409 $-1 #
coedge $-1 -1 $-1 $1457 $1554 $1550 $1555 reversed $1409 $-1 #
coedge $-1 -1 $-1 $1552 $1460 $1457 $1507 forward $133 $-1 #
edge $1556 -1 $-1 $1511 0 $1557 0.5927216279217355499 $1506 $1558 forward @7 unknown #
coedge $-1 -1 $-1 $1459 $1458 $1559 $1560 reversed $1363 $-1 #
edge $1561 -1 $-1 $1511 0 $1562 1 $1504 $1563 forward @7 tangent #
color-adesk-attrib $-1 -1 $-1 $-1 $1461 256 #
vertex $-1 -1 $-1 $1461 $1564 #
ellipse-curve $-1 -1 $-1 0.4074919092401559917 5.39483144846331264 -0.5 0 0 1 -0.02385655721603584245 0.04732720864152106799 0 1 F 0 F 2.111692557000294901 #
coedge $-1 -1 $-1 $1467 $1559 $1462 $1514 forward $142 $-1 #
edge $1565 -1 $-1 $1516 -0.5529890742031206008 $1470 -0 $1462 $1566 forward @7 unknown #
color-adesk-attrib $-1 -1 $-1 $-1 $1463 256 #
vertex $-1 -1 $-1 $1463 $1567 #
straight-curve $-1 -1 $-1 0.3836353520241201354 5.442158657104833708 -0.5 0 0 1 I I #
point $-1 -1 $-1 0.3836353520241201354 5.442158657104833708 -0.5 #
color-adesk-attrib $-1 -1 $-1 $-1 $1468 256 #
ellipse-curve $-1 -1 $-1 0.861231450731952286 5.723218940117364539 0.5 0 0 1 0.01921400515842985879 0.03044375150620481918 0 1 I I #
point $-1 -1 $-1 0.8774359046900117587 5.691072156889164901 0.5 #
coedge $-1 -1 $-1 $1476 $1568 $1569 $1570 forward $133 $-1 #
coedge $-1 -1 $-1 $1571 $1572 $1476 $1524 reversed $1573 $-1 #
edge $1574 -1 $-1 $1575 0 $1529 0.5927216279217321082 $1476 $1576 forward @7 unknown #
coedge $-1 -1 $-1 $1539 $1477 $1572 $1577 forward $1527 $-1 #
coedge $-1 -1 $-1 $1477 $1539 $1479 $1531 reversed $1527 $-1 #
loop $-1 -1 $-1 $-1 $1477 $1578 #
color-adesk-attrib $-1 -1 $-1 $-1 $1478 256 #
vertex $-1 -1 $-1 $1524 $1579 #
ellipse-curve $-1 -1 $-1 0.8612314507319513979 -5.796781059882635923 -0.5 0 0 -1 0.01921400515843019186 0.03044375150620926007 0 1 F 0 F 2.111692557000306891 #
edge $1580 -1 $-1 $1483 0 $1542 1 $1479 $1581 forward @7 tangent #
face $1582 -1 $-1 $1486 $1481 $7 $-1 $1583 forward single #
point $-1 -1 $-1 0.877435904690013313 -5.828927843110838225 -0.5 #
color-adesk-attrib $-1 -1 $-1 $-1 $1485 256 #
straight-curve $-1 -1 $-1 0.3836353520241210235 -6.077841342895166754 -0.5 0 0 1 I I #
color-adesk-attrib $-1 -1 $-1 $-1 $1486 256 #
cone-surface $-1 -1 $-1 0.4074919092401571574 -6.125168551536686934 -0.5 0 0 1 -0.02385655721603610613 0.04732720864152017981 0 1 I I 0 -1 0.0529999999999998736 forward I I I I #
coedge $-1 -1 $-1 $1584 $1492 $1585 $1586 forward $142 $-1 #
coedge $-1 -1 $-1 $1526 $1525 $1492 $1540 reversed $1527 $-1 #
edge $1587 -1 $-1 $1542 -2.111692557000306891 $1588 -0 $1539 $1589 forward @7 unknown #
color-adesk-attrib $-1 -1 $-1 $-1 $1494 256 #
vertex $-1 -1 $-1 $1531 $1590 #
straight-curve $-1 -1 $-1 0.877435904690013091 -5.828927843110838225 0.5 0.8929662007834047177 0.4501237210572799907 0 I I #
point $-1 -1 $-1 0.3836353520241210235 -6.077841342895167642 0.5 #
color-adesk-attrib $-1 -1 $-1 $-1 $1500 256 #
face $1591 -1 $-1 $1592 $1593 $7 $-1 $1594 forward single #
loop $-1 -1 $-1 $-1 $1595 $1500 #
cone-surface $-1 -1 $-1 0.4074919092401577125 4.674831448463312 -0.5 0 0 1 -0.02385655721603568979 0.04732720864152106799 0 1 I I 0 -1 0.05300000000000048422 forward I I I I #
coedge $-1 -1 $-1 $1596 $1597 $1598 $1599 reversed $1501 $-1 #
coedge $-1 -1 $-1 $1600 $1503 $1505 $1555 forward $1455 $-1 #
coedge $-1 -1 $-1 $1503 $1600 $1596 $1601 reversed $1455 $-1 #
coedge $-1 -1 $-1 $1598 $1506 $1503 $1553 forward $133 $-1 #
edge $1602 -1 $-1 $1557 0 $1603 2.111692557000314885 $1552 $1604 forward @7 unknown #
coedge $-1 -1 $-1 $1505 $1504 $1605 $1606 reversed $1409 $-1 #
edge $1607 -1 $-1 $1557 0 $1608 1 $1550 $1609 forward @7 tangent #
color-adesk-attrib $-1 -1 $-1 $-1 $1507 256 #
vertex $-1 -1 $-1 $1507 $1610 #
straight-curve $-1 -1 $-1 0.3792046238680220061 5.35001148096806034 -0.5 0.8456597640613602307 -0.5337223655119622823 0 F 0 F 0.5927216279217355499 #
coedge $-1 -1 $-1 $1513 $1605 $1508 $1560 forward $142 $-1 #
edge $1611 -1 $-1 $1562 -2.111692557000294901 $1516 -0 $1508 $1612 forward @7 unknown #
color-adesk-attrib $-1 -1 $-1 $-1 $1509 256 #
vertex $-1 -1 $-1 $1509 $1613 #
straight-curve $-1 -1 $-1 0.3792046238680216175 5.35001148096806034 -0.5 0 0 1 I I #
point $-1 -1 $-1 0.3792046238680216175 5.35001148096806034 -0.5 #
color-adesk-attrib $-1 -1 $-1 $-1 $1514 256 #
straight-curve $-1 -1 $-1 0.8774359046900137571 5.691072156889161349 0.5 0.892966200783405939 0.4501237210572776037 0 I I #
point $-1 -1 $-1 0.3836353520241201354 5.442158657104833708 0.5 #
coedge $-1 -1 $-1 $1522 $1614 $1615 $1616 forward $133 $-1 #
coedge $-1 -1 $-1 $1617 $1618 $1522 $1570 reversed $1619 $-1 #
edge $1620 -1 $-1 $1621 0 $1575 2.111692557000297565 $1522 $1622 forward @7 unknown #
coedge $-1 -1 $-1 $1585 $1523 $1618 $1623 forward $1573 $-1 #
coedge $-1 -1 $-1 $1523 $1585 $1525 $1577 reversed $1573 $-1 #
loop $-1 -1 $-1 $-1 $1523 $1624 #
color-adesk-attrib $-1 -1 $-1 $-1 $1524 256 #
vertex $-1 -1 $-1 $1570 $1625 #
straight-curve $-1 -1 $-1 0.379204623868024282 -5.449988519031938594 -0.5 0.8456597640613601197 -0.5337223655119623933 0 F 0 F 0.5927216279217321082 #
edge $1626 -1 $-1 $1529 0 $1588 1 $1525 $1627 forward @7 tangent #
face $1628 -1 $-1 $1532 $1527 $7 $-1 $1629 forward single #
point $-1 -1 $-1 0.8804454558903815897 -5.766337308376426662 -0.5 #
color-adesk-attrib $-1 -1 $-1 $-1 $1531 256 #
straight-curve $-1 -1 $-1 0.877435904690013313 -5.828927843110838225 -0.5 0 0 1 I I #
color-adesk-attrib $-1 -1 $-1 $-1 $1532 256 #
plane-surface $-1 -1 $-1 0.3836353520241210235 -6.077841342895166754 -0.5 0.4501237210572800462 -0.8929662007834048287 0 0.8929662007834048287 0.4501237210572800462 0 forward_v I I I I #
coedge $-1 -1 $-1 $1630 $1538 $1631 $1632 forward $142 $-1 #
coedge $-1 -1 $-1 $1572 $1571 $1538 $1586 reversed $1573 $-1 #
edge $1633 -1 $-1 $1588 -0.5927216279217321082 $1634 -0 $1585 $1635 forward @7 unknown #
color-adesk-attrib $-1 -1 $-1 $-1 $1540 256 #
vertex $-1 -1 $-1 $1577 $1636 #
ellipse-curve $-1 -1 $-1 0.8612314507319513979 -5.796781059882635923 0.5 0 0 1 0.01921400515843019186 0.03044375150620926007 0 1 I I #
point $-1 -1 $-1 0.877435904690013313 -5.828927843110838225 0.5 #
color-adesk-attrib $-1 -1 $-1 $-1 $1546 256 #
face $1637 -1 $-1 $1638 $1639 $7 $-1 $1640 forward single #
loop $-1 -1 $-1 $-1 $1641 $1546 #
plane-surface $-1 -1 $-1 0.8804454558903822559 4.313662691623569856 -0.5 0.5337223655119631704 0.8456597640613596756 0 -0.8456597640613596756 0.5337223655119631704 0 forward_v I I I I #
coedge $-1 -1 $-1 $1642 $1643 $1644 $1645 reversed $1547 $-1 #
coedge $-1 -1 $-1 $1646 $1549 $1551 $1601 forward $1501 $-1 #
coedge $-1 -1 $-1 $1549 $1646 $1642 $1647 reversed $1501 $-1 #
coedge $-1 -1 $-1 $1644 $1552 $1549 $1599 forward $133 $-1 #
edge $1648 -1 $-1 $1603 0 $1649 0.5529890742031180473 $1598 $1650 forward @7 unknown #
coedge $-1 -1 $-1 $1551 $1550 $1651 $1652 reversed $1455 $-1 #
edge $1653 -1 $-1 $1603 0 $1654 1 $1596 $1655 forward @7 tangent #
color-adesk-attrib $-1 -1 $-1 $-1 $1553 256 #
vertex $-1 -1 $-1 $1553 $1656 #
ellipse-curve $-1 -1 $-1 0.861231450731952286 5.003218940117362123 -0.5 0 0 -1 0.01921400515842985879 0.03044375150620837189 0 1 F 0 F 2.111692557000314885 #
coedge $-1 -1 $-1 $1559 $1651 $1554 $1606 forward $142 $-1 #
edge $1657 -1 $-1 $1608 -0.5927216279217355499 $1562 -0 $1554 $1658 forward @7 unknown #
color-adesk-attrib $-1 -1 $-1 $-1 $1555 256 #
vertex $-1 -1 $-1 $1555 $1659 #
straight-curve $-1 -1 $-1 0.8804454558903822559 5.033662691623570495 -0.5 0 0 1 I I #
point $-1 -1 $-1 0.8804454558903822559 5.033662691623570495 -0.5 #
color-adesk-attrib $-1 -1 $-1 $-1 $1560 256 #
ellipse-curve $-1 -1 $-1 0.4074919092401559917 5.39483144846331264 0.5 0 0 -1 -0.02385655721603584245 0.04732720864152106799 0 1 I I #
point $-1 -1 $-1 0.3792046238680216175 5.35001148096806034 0.5 #
coedge $-1 -1 $-1 $1568 $1660 $1661 $1662 forward $133 $-1 #
coedge $-1 -1 $-1 $1663 $1664 $1568 $1616 reversed $1665 $-1 #
edge $1666 -1 $-1 $1667 0 $1621 0.5529890742031172701 $1568 $1668 forward @7 unknown #
coedge $-1 -1 $-1 $1631 $1569 $1664 $1669 forward $1619 $-1 #
coedge $-1 -1 $-1 $1569 $1631 $1571 $1623 reversed $1619 $-1 #
loop $-1 -1 $-1 $-1 $1569 $1670 #
color-adesk-attrib $-1 -1 $-1 $-1 $1570 256 #
vertex $-1 -1 $-1 $1616 $1671 #
ellipse-curve $-1 -1 $-1 0.4074919092401581011 -5.405168551536686294 -0.5 0 0 1 -0.02385655721603537061 0.04732720864152017981 0 1 F 0 F 2.111692557000297565 #
edge $1672 -1 $-1 $1575 0 $1634 1 $1571 $1673 forward @7 tangent #
face $1674 -1 $-1 $1578 $1573 $7 $-1 $1675 forward single #
point $-1 -1 $-1 0.3792046238680243375 -5.449988519031937706 -0.5 #
color-adesk-attrib $-1 -1 $-1 $-1 $1577 256 #
straight-curve $-1 -1 $-1 0.8804454558903815897 -5.766337308376426662 -0.5 0 0 1 I I #
color-adesk-attrib $-1 -1 $-1 $-1 $1578 256 #
cone-surface $-1 -1 $-1 0.8612314507319513979 -5.796781059882635923 -0.5 0 0 1 0.01921400515843019186 0.03044375150620926007 0 1 I I 0 1 0.03600000000000001116 forward I I I I #
coedge $-1 -1 $-1 $1676 $1584 $1677 $1678 forward $142 $-1 #
coedge $-1 -1 $-1 $1618 $1617 $1584 $1632 reversed $1619 $-1 #
edge $1679 -1 $-1 $1634 -2.111692557000297565 $1680 -0 $1631 $1681 forward @7 unknown #
color-adesk-attrib $-1 -1 $-1 $-1 $1586 256 #
vertex $-1 -1 $-1 $1623 $1682 #
straight-curve $-1 -1 $-1 0.379204623868024282 -5.449988519031938594 0.5 -0.8456597640613601197 0.5337223655119623933 0 I I #
point $-1 -1 $-1 0.8804454558903815897 -5.766337308376426662 0.5 #
color-adesk-attrib $-1 -1 $-1 $-1 $1592 256 #
face $1683 -1 $-1 $1684 $1685 $7 $-1 $1686 forward single #
loop $-1 -1 $-1 $-1 $1687 $1592 #
cone-surface $-1 -1 $-1 0.861231450731952286 4.283218940117361484 -0.5 0 0 1 0.01921400515842985879 0.03044375150620837189 0 1 I I 0 1 0.03599999999999908135 forward I I I I #
coedge $-1 -1 $-1 $1688 $1689 $1690 $1691 reversed $1593 $-1 #
coedge $-1 -1 $-1 $1692 $1595 $1597 $1647 forward $1547 $-1 #
coedge $-1 -1 $-1 $1595 $1692 $1688 $1693 reversed $1547 $-1 #
coedge $-1 -1 $-1 $1690 $1598 $1595 $1645 forward $133 $-1 #
edge $1694 -1 $-1 $1649 0 $1695 2.11169255700029268 $1644 $1696 forward @7 unknown #
coedge $-1 -1 $-1 $1597 $1596 $1697 $1698 reversed $1501 $-1 #
edge $1699 -1 $-1 $1649 0 $1700 1 $1642 $1701 forward @7 tangent #
color-adesk-attrib $-1 -1 $-1 $-1 $1599 256 #
vertex $-1 -1 $-1 $1599 $1702 #
straight-curve $-1 -1 $-1 0.8774359046900137571 4.971072156889158933 -0.5 -0.8929662007834067161 -0.450123721057276438 0 F 0 F 0.5529890742031180473 #
coedge $-1 -1 $-1 $1605 $1697 $1600 $1652 forward $142 $-1 #
edge $1703 -1 $-1 $1654 -2.111692557000314885 $1608 -0 $1600 $1704 forward @7 unknown #
color-adesk-attrib $-1 -1 $-1 $-1 $1601 256 #
vertex $-1 -1 $-1 $1601 $1705 #
straight-curve $-1 -1 $-1 0.877435904690013535 4.971072156889160709 -0.5 0 0 1 I I #
point $-1 -1 $-1 0.877435904690013535 4.971072156889160709 -0.5 #
color-adesk-attrib $-1 -1 $-1 $-1 $1606 256 #
straight-curve $-1 -1 $-1 0.3792046238680220061 5.35001148096806034 0.5 -0.8456597640613602307 0.5337223655119622823 0 I I #
point $-1 -1 $-1 0.8804454558903822559 5.033662691623570495 0.5 #
coedge $-1 -1 $-1 $1614 $1706 $1707 $1708 forward $133 $-1 #
coedge $-1 -1 $-1 $1709 $1710 $1614 $1662 reversed $1711 $-1 #
edge $1712 -1 $-1 $1713 0 $1667 2.111692557000298454 $1614 $1714 forward @7 unknown #
coedge $-1 -1 $-1 $1677 $1615 $1710 $1715 forward $1665 $-1 #
coedge $-1 -1 $-1 $1615 $1677 $1617 $1669 reversed $1665 $-1 #
loop $-1 -1 $-1 $-1 $1615 $1716 #
color-adesk-attrib $-1 -1 $-1 $-1 $1616 256 #
vertex $-1 -1 $-1 $1662 $1717 #
straight-curve $-1 -1 $-1 0.877435904690013091 -5.108927843110839362 -0.5 -0.8929662007834054949 -0.450123721057278714 0 F 0 F 0.5529890742031172701 #
edge $1718 -1 $-1 $1621 0 $1680 1 $1617 $1719 forward @7 tangent #
face $1720 -1 $-1 $1624 $1619 $7 $-1 $1721 forward single #
point $-1 -1 $-1 0.3836353520241226889 -5.357841342895166115 -0.5 #
color-adesk-attrib $-1 -1 $-1 $-1 $1623 256 #
straight-curve $-1 -1 $-1 0.3792046238680243375 -5.449988519031937706 -0.5 0 0 1 I I #
color-adesk-attrib $-1 -1 $-1 $-1 $1624 256 #
plane-surface $-1 -1 $-1 0.8804454558903815897 -5.766337308376426662 -0.5 0.5337223655119623933 0.8456597640613601197 0 -0.8456597640613601197 0.5337223655119623933 0 forward_v I I I I #
coedge $-1 -1 $-1 $1722 $1630 $1723 $1724 forward $142 $-1 #
coedge $-1 -1 $-1 $1664 $1663 $1630 $1678 reversed $1665 $-1 #
edge $1725 -1 $-1 $1680 -0.5529890742031172701 $1726 -0 $1677 $1727 forward @7 unknown #
color-adesk-attrib $-1 -1 $-1 $-1 $1632 256 #
vertex $-1 -1 $-1 $1669 $1728 #
ellipse-curve $-1 -1 $-1 0.4074919092401581011 -5.405168551536686294 0.5 0 0 -1 -0.02385655721603537061 0.04732720864152017981 0 1 I I #
point $-1 -1 $-1 0.379204623868024393 -5.449988519031938594 0.5 #
color-adesk-attrib $-1 -1 $-1 $-1 $1638 256 #
face $1729 -1 $-1 $1730 $1731 $7 $-1 $1732 forward single #
loop $-1 -1 $-1 $-1 $1733 $1638 #
plane-surface $-1 -1 $-1 0.3836353520241235215 4.002158657104832429 -0.5 0.4501237210572776037 -0.89296620078340605 0 0.89296620078340605 0.4501237210572776037 0 forward_v I I I I #
coedge $-1 -1 $-1 $1734 $1735 $1736 $1737 reversed $1639 $-1 #
coedge $-1 -1 $-1 $1738 $1641 $1643 $1693 forward $1593 $-1 #
coedge $-1 -1 $-1 $1641 $1738 $1734 $1739 reversed $1593 $-1 #
coedge $-1 -1 $-1 $1736 $1644 $1641 $1691 forward $133 $-1 #
edge $1740 -1 $-1 $1695 0 $1741 0.5927216279217345507 $1690 $1742 forward @7 unknown #
coedge $-1 -1 $-1 $1643 $1642 $1743 $1744 reversed $1547 $-1 #
edge $1745 -1 $-1 $1695 0 $1746 1 $1688 $1747 forward @7 tangent #
color-adesk-attrib $-1 -1 $-1 $-1 $1645 256 #
vertex $-1 -1 $-1 $1645 $1748 #
ellipse-curve $-1 -1 $-1 0.4074919092401577125 4.674831448463312 -0.5 0 0 1 -0.02385655721603568979 0.04732720864152106799 0 1 F 0 F 2.11169255700029268 #
coedge $-1 -1 $-1 $1651 $1743 $1646 $1698 forward $142 $-1 #
edge $1749 -1 $-1 $1700 -0.5529890742031180473 $1654 -0 $1646 $1750 forward @7 unknown #
color-adesk-attrib $-1 -1 $-1 $-1 $1647 256 #
vertex $-1 -1 $-1 $1647 $1751 #
straight-curve $-1 -1 $-1 0.3836353520241220227 4.722158657104833068 -0.5 0 0 1 I I #
point $-1 -1 $-1 0.3836353520241220227 4.722158657104833068 -0.5 #
color-adesk-attrib $-1 -1 $-1 $-1 $1652 256 #
ellipse-curve $-1 -1 $-1 0.861231450731952286 5.003218940117362123 0.5 0 0 1 0.01921400515842985879 0.03044375150620837189 0 1 I I #
point $-1 -1 $-1 0.877435904690013535 4.971072156889160709 0.5 #
coedge $-1 -1 $-1 $1660 $1752 $1753 $1754 forward $133 $-1 #
coedge $-1 -1 $-1 $1755 $1756 $1660 $1708 reversed $1757 $-1 #
edge $1758 -1 $-1 $1759 0 $1713 0.5927216279217322192 $1660 $1760 forward @7 unknown #
coedge $-1 -1 $-1 $1723 $1661 $1756 $1761 forward $1711 $-1 #
coedge $-1 -1 $-1 $1661 $1723 $1663 $1715 reversed $1711 $-1 #
loop $-1 -1 $-1 $-1 $1661 $1762 #
color-adesk-attrib $-1 -1 $-1 $-1 $1662 256 #
vertex $-1 -1 $-1 $1708 $1763 #
ellipse-curve $-1 -1 $-1 0.8612314507319509538 -5.076781059882637059 -0.5 0 0 -1 0.01921400515843074697 0.03044375150621014825 0 1 F 0 F 2.111692557000298454 #
edge $1764 -1 $-1 $1667 0 $1726 1 $1663 $1765 forward @7 tangent #
face $1766 -1 $-1 $1670 $1665 $7 $-1 $1767 forward single #
point $-1 -1 $-1 0.8774359046900137571 -5.10892784311084025 -0.5 #
color-adesk-attrib $-1 -1 $-1 $-1 $1669 256 #
straight-curve $-1 -1 $-1 0.3836353520241226889 -5.357841342895166115 -0.5 0 0 1 I I #
color-adesk-attrib $-1 -1 $-1 $-1 $1670 256 #
cone-surface $-1 -1 $-1 0.4074919092401581011 -5.405168551536686294 -0.5 0 0 1 -0.02385655721603537061 0.04732720864152017981 0 1 I I 0 -1 0.05299999999999954747 forward I I I I #
coedge $-1 -1 $-1 $1768 $1676 $1769 $1770 forward $142 $-1 #
coedge $-1 -1 $-1 $1710 $1709 $1676 $1724 reversed $1711 $-1 #
edge $1771 -1 $-1 $1726 -2.111692557000298454 $1772 -0 $1723 $1773 forward @7 unknown #
color-adesk-attrib $-1 -1 $-1 $-1 $1678 256 #
vertex $-1 -1 $-1 $1715 $1774 #
straight-curve $-1 -1 $-1 0.877435904690013091 -5.108927843110839362 0.5 0.8929662007834054949 0.450123721057278714 0 I I #
point $-1 -1 $-1 0.3836353520241226889 -5.357841342895165226 0.5 #
color-adesk-attrib $-1 -1 $-1 $-1 $1684 256 #
face $1775 -1 $-1 $1776 $1777 $7 $-1 $1778 forward single #
loop $-1 -1 $-1 $-1 $1779 $1684 #
cone-surface $-1 -1 $-1 0.4074919092401592113 3.954831448463311361 -0.5 0 0 1 -0.02385655721603573143 0.04732720864152106799 0 1 I I 0 -1 0.05300000000000050504 forward I I I I #
coedge $-1 -1 $-1 $1780 $1781 $1782 $1783 reversed $1685 $-1 #
coedge $-1 -1 $-1 $1784 $1687 $1689 $1739 forward $1639 $-1 #
coedge $-1 -1 $-1 $1687 $1784 $1780 $1785 reversed $1639 $-1 #
coedge $-1 -1 $-1 $1782 $1690 $1687 $1737 forward $133 $-1 #
edge $1786 -1 $-1 $1741 0 $1787 2.111692557000317549 $1736 $1788 forward @7 unknown #
coedge $-1 -1 $-1 $1689 $1688 $1789 $1790 reversed $1593 $-1 #
edge $1791 -1 $-1 $1741 0 $1792 1 $1734 $1793 forward @7 tangent #
color-adesk-attrib $-1 -1 $-1 $-1 $1691 256 #
vertex $-1 -1 $-1 $1691 $1794 #
straight-curve $-1 -1 $-1 0.3792046238680232273 4.630011480968059701 -0.5 0.8456597640613596756 -0.5337223655119631704 0 F 0 F 0.5927216279217345507 #
coedge $-1 -1 $-1 $1697 $1789 $1692 $1744 forward $142 $-1 #
edge $1795 -1 $-1 $1746 -2.11169255700029268 $1700 -0 $1692 $1796 forward @7 unknown #
color-adesk-attrib $-1 -1 $-1 $-1 $1693 256 #
vertex $-1 -1 $-1 $1693 $1797 #
straight-curve $-1 -1 $-1 0.3792046238680231718 4.630011480968059701 -0.5 0 0 1 I I #
point $-1 -1 $-1 0.3792046238680231718 4.630011480968059701 -0.5 #
color-adesk-attrib $-1 -1 $-1 $-1 $1698 256 #
straight-curve $-1 -1 $-1 0.8774359046900137571 4.971072156889158933 0.5 0.8929662007834067161 0.450123721057276438 0 I I #
point $-1 -1 $-1 0.3836353520241220227 4.722158657104833068 0.5 #
coedge $-1 -1 $-1 $1706 $1798 $1799 $1800 forward $133 $-1 #
coedge $-1 -1 $-1 $1801 $1802 $1706 $1754 reversed $1803 $-1 #
edge $1804 -1 $-1 $1805 0 $1759 2.111692557000287795 $1706 $1806 forward @7 unknown #
coedge $-1 -1 $-1 $1769 $1707 $1802 $1807 forward $1757 $-1 #
coedge $-1 -1 $-1 $1707 $1769 $1709 $1761 reversed $1757 $-1 #
loop $-1 -1 $-1 $-1 $1707 $1808 #
color-adesk-attrib $-1 -1 $-1 $-1 $1708 256 #
vertex $-1 -1 $-1 $1754 $1809 #
straight-curve $-1 -1 $-1 0.3792046238680242265 -4.729988519031938843 -0.5 0.8456597640613601197 -0.5337223655119622823 0 F 0 F 0.5927216279217322192 #
edge $1810 -1 $-1 $1713 0 $1772 1 $1709 $1811 forward @7 tangent #
face $1812 -1 $-1 $1716 $1711 $7 $-1 $1813 forward single #
point $-1 -1 $-1 0.8804454558903815897 -5.046337308376426911 -0.5 #
color-adesk-attrib $-1 -1 $-1 $-1 $1715 256 #
straight-curve $-1 -1 $-1 0.8774359046900137571 -5.10892784311084025 -0.5 0 0 1 I I #
color-adesk-attrib $-1 -1 $-1 $-1 $1716 256 #
plane-surface $-1 -1 $-1 0.3836353520241226889 -5.357841342895166115 -0.5 0.450123721057278714 -0.8929662007834054949 0 0.8929662007834054949 0.450123721057278714 0 forward_v I I I I #
coedge $-1 -1 $-1 $1814 $1722 $1815 $1816 forward $142 $-1 #
coedge $-1 -1 $-1 $1756 $1755 $1722 $1770 reversed $1757 $-1 #
edge $1817 -1 $-1 $1772 -0.5927216279217322192 $1818 -0 $1769 $1819 forward @7 unknown #
color-adesk-attrib $-1 -1 $-1 $-1 $1724 256 #
vertex $-1 -1 $-1 $1761 $1820 #
ellipse-curve $-1 -1 $-1 0.8612314507319509538 -5.076781059882637059 0.5 0 0 1 0.01921400515843074697 0.03044375150621014825 0 1 I I #
point $-1 -1 $-1 0.8774359046900137571 -5.108927843110839362 0.5 #
color-adesk-attrib $-1 -1 $-1 $-1 $1730 256 #
face $1821 -1 $-1 $1822 $1823 $7 $-1 $1824 forward single #
loop $-1 -1 $-1 $-1 $1825 $1730 #
plane-surface $-1 -1 $-1 0.8804454558903822559 3.593662691623570993 -0.5 0.5337223655119625043 0.8456597640613601197 0 -0.8456597640613601197 0.5337223655119625043 0 forward_v I I I I #
coedge $-1 -1 $-1 $1826 $1827 $1828 $1829 reversed $1731 $-1 #
coedge $-1 -1 $-1 $1830 $1733 $1735 $1785 forward $1685 $-1 #
coedge $-1 -1 $-1 $1733 $1830 $1826 $1831 reversed $1685 $-1 #
coedge $-1 -1 $-1 $1828 $1736 $1733 $1783 forward $133 $-1 #
edge $1832 -1 $-1 $1787 0 $1833 0.552989074203116715 $1782 $1834 forward @7 unknown #
coedge $-1 -1 $-1 $1735 $1734 $1835 $1836 reversed $1639 $-1 #
edge $1837 -1 $-1 $1787 0 $1838 1 $1780 $1839 forward @7 tangent #
color-adesk-attrib $-1 -1 $-1 $-1 $1737 256 #
vertex $-1 -1 $-1 $1737 $1840 #
ellipse-curve $-1 -1 $-1 0.861231450731952286 4.283218940117361484 -0.5 0 0 -1 0.01921400515842985879 0.03044375150620837189 0 1 F 0 F 2.111692557000317549 #
coedge $-1 -1 $-1 $1743 $1835 $1738 $1790 forward $142 $-1 #
edge $1841 -1 $-1 $1792 -0.5927216279217345507 $1746 -0 $1738 $1842 forward @7 unknown #
color-adesk-attrib $-1 -1 $-1 $-1 $1739 256 #
vertex $-1 -1 $-1 $1739 $1843 #
straight-curve $-1 -1 $-1 0.8804454558903822559 4.313662691623569856 -0.5 0 0 1 I I #
point $-1 -1 $-1 0.8804454558903822559 4.313662691623569856 -0.5 #
color-adesk-attrib $-1 -1 $-1 $-1 $1744 256 #
ellipse-curve $-1 -1 $-1 0.4074919092401577125 4.674831448463312 0.5 0 0 -1 -0.02385655721603568979 0.04732720864152106799 0 1 I I #
point $-1 -1 $-1 0.3792046238680231718 4.630011480968059701 0.5 #
coedge $-1 -1 $-1 $1752 $1844 $1845 $1846 forward $133 $-1 #
coedge $-1 -1 $-1 $1847 $1848 $1752 $1800 reversed $1849 $-1 #
edge $1850 -1 $-1 $1851 0 $1805 0.5529890742031178252 $1752 $1852 forward @7 unknown #
coedge $-1 -1 $-1 $1815 $1753 $1848 $1853 forward $1803 $-1 #
coedge $-1 -1 $-1 $1753 $1815 $1755 $1807 reversed $1803 $-1 #
loop $-1 -1 $-1 $-1 $1753 $1854 #
color-adesk-attrib $-1 -1 $-1 $-1 $1754 256 #
vertex $-1 -1 $-1 $1800 $1855 #
ellipse-curve $-1 -1 $-1 0.4074919092401583232 -4.685168551536687431 -0.5 0 0 1 -0.02385655721603578694 0.04732720864152106799 0 1 F 0 F 2.111692557000287795 #
edge $1856 -1 $-1 $1759 0 $1818 1 $1755 $1857 forward @7 tangent #
face $1858 -1 $-1 $1762 $1757 $7 $-1 $1859 forward single #
point $-1 -1 $-1 0.3792046238680236714 -4.729988519031939731 -0.5 #
color-adesk-attrib $-1 -1 $-1 $-1 $1761 256 #
straight-curve $-1 -1 $-1 0.8804454558903815897 -5.046337308376426911 -0.5 0 0 1 I I #
color-adesk-attrib $-1 -1 $-1 $-1 $1762 256 #
cone-surface $-1 -1 $-1 0.8612314507319509538 -5.076781059882637059 -0.5 0 0 1 0.01921400515843074697 0.03044375150621014825 0 1 I I 0 1 0.03600000000000105199 forward I I I I #
coedge $-1 -1 $-1 $1860 $1768 $1861 $1862 forward $142 $-1 #
coedge $-1 -1 $-1 $1802 $1801 $1768 $1816 reversed $1803 $-1 #
edge $1863 -1 $-1 $1818 -2.111692557000287795 $1864 -0 $1815 $1865 forward @7 unknown #
color-adesk-attrib $-1 -1 $-1 $-1 $1770 256 #
vertex $-1 -1 $-1 $1807 $1866 #
straight-curve $-1 -1 $-1 0.3792046238680242265 -4.729988519031938843 0.5 -0.8456597640613601197 0.5337223655119622823 0 I I #
point $-1 -1 $-1 0.8804454558903815897 -5.046337308376427799 0.5 #
color-adesk-attrib $-1 -1 $-1 $-1 $1776 256 #
face $1867 -1 $-1 $1868 $1869 $7 $-1 $1870 forward single #
loop $-1 -1 $-1 $-1 $1871 $1776 #
cone-surface $-1 -1 $-1 0.8612314507319505097 3.563218940117362621 -0.5 0 0 1 0.01921400515843163515 0.03044375150620837189 0 1 I I 0 1 0.03600000000000002504 forward I I I I #
coedge $-1 -1 $-1 $1872 $1873 $1874 $1875 reversed $1777 $-1 #
coedge $-1 -1 $-1 $1876 $1779 $1781 $1831 forward $1731 $-1 #
coedge $-1 -1 $-1 $1779 $1876 $1872 $1877 reversed $1731 $-1 #
coedge $-1 -1 $-1 $1874 $1782 $1779 $1829 forward $133 $-1 #
edge $1878 -1 $-1 $1833 0 $1879 2.111692557000295345 $1828 $1880 forward @7 unknown #
coedge $-1 -1 $-1 $1781 $1780 $1881 $1882 reversed $1685 $-1 #
edge $1883 -1 $-1 $1833 0 $1884 1 $1826 $1885 forward @7 tangent #
color-adesk-attrib $-1 -1 $-1 $-1 $1783 256 #
vertex $-1 -1 $-1 $1783 $1886 #
straight-curve $-1 -1 $-1 0.877435904690013535 4.251072156889158293 -0.5 -0.892966200783405939 -0.4501237210572775482 0 F 0 F 0.552989074203116715 #
coedge $-1 -1 $-1 $1789 $1881 $1784 $1836 forward $142 $-1 #
edge $1887 -1 $-1 $1838 -2.111692557000317549 $1792 -0 $1784 $1888 forward @7 unknown #
color-adesk-attrib $-1 -1 $-1 $-1 $1785 256 #
vertex $-1 -1 $-1 $1785 $1889 #
straight-curve $-1 -1 $-1 0.877435904690013535 4.25107215688916007 -0.5 0 0 1 I I #
point $-1 -1 $-1 0.877435904690013535 4.25107215688916007 -0.5 #
color-adesk-attrib $-1 -1 $-1 $-1 $1790 256 #
straight-curve $-1 -1 $-1 0.3792046238680232273 4.630011480968059701 0.5 -0.8456597640613596756 0.5337223655119631704 0 I I #
point $-1 -1 $-1 0.8804454558903822559 4.313662691623569856 0.5 #
coedge $-1 -1 $-1 $1798 $1890 $1891 $1892 forward $133 $-1 #
coedge $-1 -1 $-1 $1893 $1894 $1798 $1846 reversed $1895 $-1 #
edge $1896 -1 $-1 $1897 0 $1851 2.111692557000277581 $1798 $1898 forward @7 unknown #
coedge $-1 -1 $-1 $1861 $1799 $1894 $1899 forward $1849 $-1 #
coedge $-1 -1 $-1 $1799 $1861 $1801 $1853 reversed $1849 $-1 #
loop $-1 -1 $-1 $-1 $1799 $1900 #
color-adesk-attrib $-1 -1 $-1 $-1 $1800 256 #
vertex $-1 -1 $-1 $1846 $1901 #
straight-curve $-1 -1 $-1 0.877435904690013091 -4.388927843110838722 -0.5 -0.8929662007834048287 -0.4501237210572798797 0 F 0 F 0.5529890742031178252 #
edge $1902 -1 $-1 $1805 0 $1864 1 $1801 $1903 forward @7 tangent #
face $1904 -1 $-1 $1808 $1803 $7 $-1 $1905 forward single #
point $-1 -1 $-1 0.3836353520241225779 -4.637841342895166363 -0.5 #
color-adesk-attrib $-1 -1 $-1 $-1 $1807 256 #
straight-curve $-1 -1 $-1 0.3792046238680236714 -4.729988519031939731 -0.5 0 0 1 I I #
color-adesk-attrib $-1 -1 $-1 $-1 $1808 256 #
plane-surface $-1 -1 $-1 0.8804454558903815897 -5.046337308376426911 -0.5 0.5337223655119622823 0.8456597640613601197 0 -0.8456597640613601197 0.5337223655119622823 0 forward_v I I I I #
coedge $-1 -1 $-1 $1906 $1814 $1907 $1908 forward $142 $-1 #
coedge $-1 -1 $-1 $1848 $1847 $1814 $1862 reversed $1849 $-1 #
edge $1909 -1 $-1 $1864 -0.5529890742031178252 $1910 -0 $1861 $1911 forward @7 unknown #
color-adesk-attrib $-1 -1 $-1 $-1 $1816 256 #
vertex $-1 -1 $-1 $1853 $1912 #
ellipse-curve $-1 -1 $-1 0.4074919092401583232 -4.685168551536687431 0.5 0 0 -1 -0.02385655721603578694 0.04732720864152106799 0 1 I I #
point $-1 -1 $-1 0.3792046238680236159 -4.729988519031939731 0.5 #
color-adesk-attrib $-1 -1 $-1 $-1 $1822 256 #
face $1913 -1 $-1 $1914 $1915 $7 $-1 $1916 forward single #
loop $-1 -1 $-1 $-1 $1917 $1822 #
plane-surface $-1 -1 $-1 0.3836353520241220227 3.282158657104833566 -0.5 0.450123721057276549 -0.8929662007834064941 0 0.8929662007834064941 0.450123721057276549 0 forward_v I I I I #
coedge $-1 -1 $-1 $1918 $1919 $1920 $1921 reversed $1823 $-1 #
coedge $-1 -1 $-1 $1922 $1825 $1827 $1877 forward $1777 $-1 #
coedge $-1 -1 $-1 $1825 $1922 $1918 $1923 reversed $1777 $-1 #
coedge $-1 -1 $-1 $1920 $1828 $1825 $1875 forward $133 $-1 #
edge $1924 -1 $-1 $1879 0 $1925 0.5927216279217319972 $1874 $1926 forward @7 unknown #
coedge $-1 -1 $-1 $1827 $1826 $1927 $1928 reversed $1731 $-1 #
edge $1929 -1 $-1 $1879 0 $1930 1 $1872 $1931 forward @7 tangent #
color-adesk-attrib $-1 -1 $-1 $-1 $1829 256 #
vertex $-1 -1 $-1 $1829 $1932 #
ellipse-curve $-1 -1 $-1 0.4074919092401592113 3.954831448463311361 -0.5 0 0 1 -0.02385655721603573143 0.04732720864152106799 0 1 F 0 F 2.111692557000295345 #
coedge $-1 -1 $-1 $1835 $1927 $1830 $1882 forward $142 $-1 #
edge $1933 -1 $-1 $1884 -0.552989074203116715 $1838 -0 $1830 $1934 forward @7 unknown #
color-adesk-attrib $-1 -1 $-1 $-1 $1831 256 #
vertex $-1 -1 $-1 $1831 $1935 #
straight-curve $-1 -1 $-1 0.3836353520241235215 4.002158657104832429 -0.5 0 0 1 I I #
point $-1 -1 $-1 0.3836353520241235215 4.002158657104832429 -0.5 #
color-adesk-attrib $-1 -1 $-1 $-1 $1836 256 #
ellipse-curve $-1 -1 $-1 0.861231450731952286 4.283218940117361484 0.5 0 0 1 0.01921400515842985879 0.03044375150620837189 0 1 I I #
point $-1 -1 $-1 0.877435904690013535 4.25107215688916007 0.5 #
coedge $-1 -1 $-1 $1844 $1936 $1937 $1938 forward $133 $-1 #
coedge $-1 -1 $-1 $1939 $1940 $1844 $1892 reversed $1941 $-1 #
edge $1942 -1 $-1 $1943 0 $1897 0.5927216279217321082 $1844 $1944 forward @7 unknown #
coedge $-1 -1 $-1 $1907 $1845 $1940 $1945 forward $1895 $-1 #
coedge $-1 -1 $-1 $1845 $1907 $1847 $1899 reversed $1895 $-1 #
loop $-1 -1 $-1 $-1 $1845 $1946 #
color-adesk-attrib $-1 -1 $-1 $-1 $1846 256 #
vertex $-1 -1 $-1 $1892 $1947 #
ellipse-curve $-1 -1 $-1 0.8612314507319505097 -4.35678105988263642 -0.5 0 0 -1 0.01921400515843108003 0.03044375150620926007 0 1 F 0 F 2.111692557000277581 #
edge $1948 -1 $-1 $1851 0 $1910 1 $1847 $1949 forward @7 tangent #
face $1950 -1 $-1 $1854 $1849 $7 $-1 $1951 forward single #
point $-1 -1 $-1 0.877435904690013091 -4.388927843110838722 -0.5 #
color-adesk-attrib $-1 -1 $-1 $-1 $1853 256 #
straight-curve $-1 -1 $-1 0.3836353520241225779 -4.637841342895166363 -0.5 0 0 1 I I #
color-adesk-attrib $-1 -1 $-1 $-1 $1854 256 #
cone-surface $-1 -1 $-1 0.4074919092401583232 -4.685168551536687431 -0.5 0 0 1 -0.02385655721603578694 0.04732720864152106799 0 1 I I 0 -1 0.05300000000000052586 forward I I I I #
coedge $-1 -1 $-1 $1952 $1860 $1953 $1954 forward $142 $-1 #
coedge $-1 -1 $-1 $1894 $1893 $1860 $1908 reversed $1895 $-1 #
edge $1955 -1 $-1 $1910 -2.111692557000277581 $1956 -0 $1907 $1957 forward @7 unknown #
color-adesk-attrib $-1 -1 $-1 $-1 $1862 256 #
vertex $-1 -1 $-1 $1899 $1958 #
straight-curve $-1 -1 $-1 0.877435904690013091 -4.388927843110838722 0.5 0.8929662007834048287 0.4501237210572798797 0 I I #
point $-1 -1 $-1 0.3836353520241225779 -4.637841342895166363 0.5 #
color-adesk-attrib $-1 -1 $-1 $-1 $1868 256 #
face $1959 -1 $-1 $1960 $1961 $7 $-1 $1962 forward single #
loop $-1 -1 $-1 $-1 $1963 $1868 #
cone-surface $-1 -1 $-1 0.4074919092401576015 3.234831448463312498 -0.5 0 0 1 -0.02385655721603566204 0.04732720864152106799 0 1 I I 0 -1 0.05300000000000047035 forward I I I I #
coedge $-1 -1 $-1 $1964 $1965 $1966 $1967 reversed $1869 $-1 #
coedge $-1 -1 $-1 $1968 $1871 $1873 $1923 forward $1823 $-1 #
coedge $-1 -1 $-1 $1871 $1968 $1964 $1969 reversed $1823 $-1 #
coedge $-1 -1 $-1 $1966 $1874 $1871 $1921 forward $133 $-1 #
edge $1970 -1 $-1 $1925 0 $1971 2.111692557000257153 $1920 $1972 forward @7 unknown #
coedge $-1 -1 $-1 $1873 $1872 $1973 $1974 reversed $1777 $-1 #
edge $1975 -1 $-1 $1925 0 $1976 1 $1918 $1977 forward @7 tangent #
color-adesk-attrib $-1 -1 $-1 $-1 $1875 256 #
vertex $-1 -1 $-1 $1875 $1978 #
straight-curve $-1 -1 $-1 0.3792046238680250592 3.910011480968059061 -0.5 0.8456597640613601197 -0.5337223655119625043 0 F 0 F 0.5927216279217319972 #
coedge $-1 -1 $-1 $1881 $1973 $1876 $1928 forward $142 $-1 #
edge $1979 -1 $-1 $1930 -2.111692557000295345 $1884 -0 $1876 $1980 forward @7 unknown #
color-adesk-attrib $-1 -1 $-1 $-1 $1877 256 #
vertex $-1 -1 $-1 $1877 $1981 #
straight-curve $-1 -1 $-1 0.3792046238680248371 3.910011480968059061 -0.5 0 0 1 I I #
point $-1 -1 $-1 0.3792046238680248371 3.910011480968059061 -0.5 #
color-adesk-attrib $-1 -1 $-1 $-1 $1882 256 #
straight-curve $-1 -1 $-1 0.877435904690013535 4.251072156889158293 0.5 0.892966200783405939 0.4501237210572775482 0 I I #
point $-1 -1 $-1 0.3836353520241235215 4.002158657104832429 0.5 #
coedge $-1 -1 $-1 $1890 $1982 $1983 $1984 forward $133 $-1 #
coedge $-1 -1 $-1 $1985 $1986 $1890 $1938 reversed $1987 $-1 #
edge $1988 -1 $-1 $1989 0 $1943 2.111692557000296677 $1890 $1990 forward @7 unknown #
coedge $-1 -1 $-1 $1953 $1891 $1986 $1991 forward $1941 $-1 #
coedge $-1 -1 $-1 $1891 $1953 $1893 $1945 reversed $1941 $-1 #
loop $-1 -1 $-1 $-1 $1891 $1992 #
color-adesk-attrib $-1 -1 $-1 $-1 $1892 256 #
vertex $-1 -1 $-1 $1938 $1993 #
straight-curve $-1 -1 $-1 0.3792046238680243375 -4.009988519031939092 -0.5 0.8456597640613601197 -0.5337223655119623933 0 F 0 F 0.5927216279217321082 #
edge $1994 -1 $-1 $1897 0 $1956 1 $1893 $1995 forward @7 tangent #
face $1996 -1 $-1 $1900 $1895 $7 $-1 $1997 forward single #
point $-1 -1 $-1 0.8804454558903815897 -4.32633730837642716 -0.5 #
color-adesk-attrib $-1 -1 $-1 $-1 $1899 256 #
straight-curve $-1 -1 $-1 0.877435904690013091 -4.388927843110838722 -0.5 0 0 1 I I #
color-adesk-attrib $-1 -1 $-1 $-1 $1900 256 #
plane-surface $-1 -1 $-1 0.3836353520241225779 -4.637841342895166363 -0.5 0.4501237210572798797 -0.8929662007834048287 0 0.8929662007834048287 0.4501237210572798797 0 forward_v I I I I #
coedge $-1 -1 $-1 $1998 $1906 $1999 $2000 forward $142 $-1 #
coedge $-1 -1 $-1 $1940 $1939 $1906 $1954 reversed $1941 $-1 #
edge $2001 -1 $-1 $1956 -0.5927216279217321082 $2002 -0 $1953 $2003 forward @7 unknown #
color-adesk-attrib $-1 -1 $-1 $-1 $1908 256 #
vertex $-1 -1 $-1 $1945 $2004 #
ellipse-curve $-1 -1 $-1 0.8612314507319505097 -4.35678105988263642 0.5 0 0 1 0.01921400515843108003 0.03044375150620926007 0 1 I I #
point $-1 -1 $-1 0.877435904690013091 -4.388927843110838722 0.5 #
color-adesk-attrib $-1 -1 $-1 $-1 $1914 256 #
face $2005 -1 $-1 $2006 $2007 $7 $-1 $2008 forward single #
loop $-1 -1 $-1 $-1 $2009 $1914 #
plane-surface $-1 -1 $-1 0.8804454558903820338 2.873662691623570353 -0.5 0.5337223655119632815 0.8456597640613595646 0 -0.8456597640613595646 0.5337223655119632815 0 forward_v I I I I #
coedge $-1 -1 $-1 $2010 $2011 $2012 $2013 reversed $1915 $-1 #
coedge $-1 -1 $-1 $2014 $1917 $1919 $1969 forward $1869 $-1 #
coedge $-1 -1 $-1 $1917 $2014 $2010 $2015 reversed $1869 $-1 #
coedge $-1 -1 $-1 $2012 $1920 $1917 $1967 forward $133 $-1 #
edge $2016 -1 $-1 $1971 0 $2017 0.5529890742031179363 $1966 $2018 forward @7 unknown #
coedge $-1 -1 $-1 $1919 $1918 $2019 $2020 reversed $1823 $-1 #
edge $2021 -1 $-1 $1971 0 $2022 1 $1964 $2023 forward @7 tangent #
color-adesk-attrib $-1 -1 $-1 $-1 $1921 256 #
vertex $-1 -1 $-1 $1921 $2024 #
ellipse-curve $-1 -1 $-1 0.8612314507319505097 3.563218940117362621 -0.5 0 0 -1 0.01921400515843163515 0.03044375150620837189 0 1 F 0 F 2.111692557000257153 #
coedge $-1 -1 $-1 $1927 $2019 $1922 $1974 forward $142 $-1 #
edge $2025 -1 $-1 $1976 -0.5927216279217319972 $1930 -0 $1922 $2026 forward @7 unknown #
color-adesk-attrib $-1 -1 $-1 $-1 $1923 256 #
vertex $-1 -1 $-1 $1923 $2027 #
straight-curve $-1 -1 $-1 0.8804454558903822559 3.593662691623570993 -0.5 0 0 1 I I #
point $-1 -1 $-1 0.8804454558903822559 3.593662691623570993 -0.5 #
color-adesk-attrib $-1 -1 $-1 $-1 $1928 256 #
ellipse-curve $-1 -1 $-1 0.4074919092401592113 3.954831448463311361 0.5 0 0 -1 -0.02385655721603573143 0.04732720864152106799 0 1 I I #
point $-1 -1 $-1 0.3792046238680248371 3.910011480968059061 0.5 #
coedge $-1 -1 $-1 $1936 $2028 $2029 $2030 forward $133 $-1 #
coedge $-1 -1 $-1 $2031 $2032 $1936 $1984 reversed $2033 $-1 #
edge $2034 -1 $-1 $2035 0 $1989 0.5529890742031172701 $1936 $2036 forward @7 unknown #
coedge $-1 -1 $-1 $1999 $1937 $2032 $2037 forward $1987 $-1 #
coedge $-1 -1 $-1 $1937 $1999 $1939 $1991 reversed $1987 $-1 #
loop $-1 -1 $-1 $-1 $1937 $2038 #
color-adesk-attrib $-1 -1 $-1 $-1 $1938 256 #
vertex $-1 -1 $-1 $1984 $2039 #
ellipse-curve $-1 -1 $-1 0.4074919092401581566 -3.965168551536686792 -0.5 0 0 1 -0.02385655721603539836 0.04732720864152017981 0 1 F 0 F 2.111692557000296677 #
edge $2040 -1 $-1 $1943 0 $2002 1 $1939 $2041 forward @7 tangent #
face $2042 -1 $-1 $1946 $1941 $7 $-1 $2043 forward single #
point $-1 -1 $-1 0.3792046238680244485 -4.009988519031938203 -0.5 #
color-adesk-attrib $-1 -1 $-1 $-1 $1945 256 #
straight-curve $-1 -1 $-1 0.8804454558903815897 -4.32633730837642716 -0.5 0 0 1 I I #
color-adesk-attrib $-1 -1 $-1 $-1 $1946 256 #
cone-surface $-1 -1 $-1 0.8612314507319505097 -4.35678105988263642 -0.5 0 0 1 0.01921400515843108003 0.03044375150620926007 0 1 I I 0 1 0.036000000000000483 forward I I I I #
coedge $-1 -1 $-1 $2044 $1952 $2045 $2046 forward $142 $-1 #
coedge $-1 -1 $-1 $1986 $1985 $1952 $2000 reversed $1987 $-1 #
edge $2047 -1 $-1 $2002 -2.111692557000296677 $2048 -0 $1999 $2049 forward @7 unknown #
color-adesk-attrib $-1 -1 $-1 $-1 $1954 256 #
vertex $-1 -1 $-1 $1991 $2050 #
straight-curve $-1 -1 $-1 0.3792046238680243375 -4.009988519031939092 0.5 -0.8456597640613601197 0.5337223655119623933 0 I I #
point $-1 -1 $-1 0.8804454558903815897 -4.32633730837642716 0.5 #
color-adesk-attrib $-1 -1 $-1 $-1 $1960 256 #
face $2051 -1 $-1 $2052 $2053 $7 $-1 $2054 forward single #
loop $-1 -1 $-1 $-1 $2055 $1960 #
cone-surface $-1 -1 $-1 0.861231450731952064 2.843218940117361981 -0.5 0 0 1 0.01921400515843008083 0.03044375150620837189 0 1 I I 0 1 0.03599999999999919931 forward I I I I #
coedge $-1 -1 $-1 $2056 $2057 $2058 $2059 reversed $1961 $-1 #
coedge $-1 -1 $-1 $2060 $1963 $1965 $2015 forward $1915 $-1 #
coedge $-1 -1 $-1 $1963 $2060 $2056 $2061 reversed $1915 $-1 #
coedge $-1 -1 $-1 $2058 $1966 $1963 $2013 forward $133 $-1 #
edge $2062 -1 $-1 $2017 0 $2063 2.111692557000293125 $2012 $2064 forward @7 unknown #
coedge $-1 -1 $-1 $1965 $1964 $2065 $2066 reversed $1869 $-1 #
edge $2067 -1 $-1 $2017 0 $2068 1 $2010 $2069 forward @7 tangent #
color-adesk-attrib $-1 -1 $-1 $-1 $1967 256 #
vertex $-1 -1 $-1 $1967 $2070 #
straight-curve $-1 -1 $-1 0.877435904690013535 3.53107215688915943 -0.5 -0.8929662007834064941 -0.450123721057276549 0 F 0 F 0.5529890742031179363 #
coedge $-1 -1 $-1 $1973 $2065 $1968 $2020 forward $142 $-1 #
edge $2071 -1 $-1 $2022 -2.111692557000257153 $1976 -0 $1968 $2072 forward @7 unknown #
color-adesk-attrib $-1 -1 $-1 $-1 $1969 256 #
vertex $-1 -1 $-1 $1969 $2073 #
straight-curve $-1 -1 $-1 0.8774359046900126469 3.53107215688915943 -0.5 0 0 1 I I #
point $-1 -1 $-1 0.8774359046900126469 3.53107215688915943 -0.5 #
color-adesk-attrib $-1 -1 $-1 $-1 $1974 256 #
straight-curve $-1 -1 $-1 0.3792046238680250592 3.910011480968059061 0.5 -0.8456597640613601197 0.5337223655119625043 0 I I #
point $-1 -1 $-1 0.8804454558903822559 3.593662691623570993 0.5 #
coedge $-1 -1 $-1 $1982 $2074 $2075 $2076 forward $133 $-1 #
coedge $-1 -1 $-1 $2077 $2078 $1982 $2030 reversed $2079 $-1 #
edge $2080 -1 $-1 $2081 0 $2035 2.111692557000303783 $1982 $2082 forward @7 unknown #
coedge $-1 -1 $-1 $2045 $1983 $2078 $2083 forward $2033 $-1 #
coedge $-1 -1 $-1 $1983 $2045 $1985 $2037 reversed $2033 $-1 #
loop $-1 -1 $-1 $-1 $1983 $2084 #
color-adesk-attrib $-1 -1 $-1 $-1 $1984 256 #
vertex $-1 -1 $-1 $2030 $2085 #
straight-curve $-1 -1 $-1 0.877435904690013091 -3.668927843110839859 -0.5 -0.8929662007834053838 -0.450123721057278714 0 F 0 F 0.5529890742031172701 #
edge $2086 -1 $-1 $1989 0 $2048 1 $1985 $2087 forward @7 tangent #
face $2088 -1 $-1 $1992 $1987 $7 $-1 $2089 forward single #
point $-1 -1 $-1 0.3836353520241227444 -3.917841342895166612 -0.5 #
color-adesk-attrib $-1 -1 $-1 $-1 $1991 256 #
straight-curve $-1 -1 $-1 0.3792046238680244485 -4.009988519031938203 -0.5 0 0 1 I I #
color-adesk-attrib $-1 -1 $-1 $-1 $1992 256 #
plane-surface $-1 -1 $-1 0.8804454558903815897 -4.32633730837642716 -0.5 0.5337223655119623933 0.8456597640613601197 0 -0.8456597640613601197 0.5337223655119623933 0 forward_v I I I I #
coedge $-1 -1 $-1 $2090 $1998 $2091 $2092 forward $142 $-1 #
coedge $-1 -1 $-1 $2032 $2031 $1998 $2046 reversed $2033 $-1 #
edge $2093 -1 $-1 $2048 -0.5529890742031172701 $2094 -0 $2045 $2095 forward @7 unknown #
color-adesk-attrib $-1 -1 $-1 $-1 $2000 256 #
vertex $-1 -1 $-1 $2037 $2096 #
ellipse-curve $-1 -1 $-1 0.4074919092401581566 -3.965168551536686792 0.5 0 0 -1 -0.02385655721603539836 0.04732720864152017981 0 1 I I #
point $-1 -1 $-1 0.379204623868024393 -4.009988519031937315 0.5 #
color-adesk-attrib $-1 -1 $-1 $-1 $2006 256 #
face $2097 -1 $-1 $2098 $2099 $7 $-1 $2100 forward single #
loop $-1 -1 $-1 $-1 $2101 $2006 #
plane-surface $-1 -1 $-1 0.383635352024123466 2.562158657104832926 -0.5 0.4501237210572776593 -0.892966200783405939 0 0.892966200783405939 0.4501237210572776593 0 forward_v I I I I #
coedge $-1 -1 $-1 $2102 $2103 $2104 $2105 reversed $2007 $-1 #
coedge $-1 -1 $-1 $2106 $2009 $2011 $2061 forward $1961 $-1 #
coedge $-1 -1 $-1 $2009 $2106 $2102 $2107 reversed $1961 $-1 #
coedge $-1 -1 $-1 $2104 $2012 $2009 $2059 forward $133 $-1 #
edge $2108 -1 $-1 $2063 0 $2109 0.5927216279217344397 $2058 $2110 forward @7 unknown #
coedge $-1 -1 $-1 $2011 $2010 $2111 $2112 reversed $1915 $-1 #
edge $2113 -1 $-1 $2063 0 $2114 1 $2056 $2115 forward @7 tangent #
color-adesk-attrib $-1 -1 $-1 $-1 $2013 256 #
vertex $-1 -1 $-1 $2013 $2116 #
ellipse-curve $-1 -1 $-1 0.4074919092401576015 3.234831448463312498 -0.5 0 0 1 -0.02385655721603566204 0.04732720864152106799 0 1 F 0 F 2.111692557000293125 #
coedge $-1 -1 $-1 $2019 $2111 $2014 $2066 forward $142 $-1 #
edge $2117 -1 $-1 $2068 -0.5529890742031179363 $2022 -0 $2014 $2118 forward @7 unknown #
color-adesk-attrib $-1 -1 $-1 $-1 $2015 256 #
vertex $-1 -1 $-1 $2015 $2119 #
straight-curve $-1 -1 $-1 0.3836353520241220227 3.282158657104833566 -0.5 0 0 1 I I #
point $-1 -1 $-1 0.3836353520241220227 3.282158657104833566 -0.5 #
color-adesk-attrib $-1 -1 $-1 $-1 $2020 256 #
ellipse-curve $-1 -1 $-1 0.8612314507319505097 3.563218940117362621 0.5 0 0 1 0.01921400515843163515 0.03044375150620837189 0 1 I I #
point $-1 -1 $-1 0.8774359046900126469 3.53107215688915943 0.5 #
coedge $-1 -1 $-1 $2028 $2120 $2121 $2122 forward $133 $-1 #
coedge $-1 -1 $-1 $2123 $2124 $2028 $2076 reversed $2125 $-1 #
edge $2126 -1 $-1 $2127 0 $2081 0.5927216279217323303 $2028 $2128 forward @7 unknown #
coedge $-1 -1 $-1 $2091 $2029 $2124 $2129 forward $2079 $-1 #
coedge $-1 -1 $-1 $2029 $2091 $2031 $2083 reversed $2079 $-1 #
loop $-1 -1 $-1 $-1 $2029 $2130 #
color-adesk-attrib $-1 -1 $-1 $-1 $2030 256 #
vertex $-1 -1 $-1 $2076 $2131 #
ellipse-curve $-1 -1 $-1 0.8612314507319511758 -3.636781059882637557 -0.5 0 0 -1 0.01921400515843063594 0.03044375150621014825 0 1 F 0 F 2.111692557000303783 #
edge $2132 -1 $-1 $2035 0 $2094 1 $2031 $2133 forward @7 tangent #
face $2134 -1 $-1 $2038 $2033 $7 $-1 $2135 forward single #
point $-1 -1 $-1 0.8774359046900137571 -3.668927843110841636 -0.5 #
color-adesk-attrib $-1 -1 $-1 $-1 $2037 256 #
straight-curve $-1 -1 $-1 0.3836353520241227444 -3.917841342895166612 -0.5 0 0 1 I I #
color-adesk-attrib $-1 -1 $-1 $-1 $2038 256 #
cone-surface $-1 -1 $-1 0.4074919092401581566 -3.965168551536686792 -0.5 0 0 1 -0.02385655721603539836 0.04732720864152017981 0 1 I I 0 -1 0.05299999999999955441 forward I I I I #
coedge $-1 -1 $-1 $2136 $2044 $2137 $2138 forward $142 $-1 #
coedge $-1 -1 $-1 $2078 $2077 $2044 $2092 reversed $2079 $-1 #
edge $2139 -1 $-1 $2094 -2.111692557000303783 $2140 -0 $2091 $2141 forward @7 unknown #
color-adesk-attrib $-1 -1 $-1 $-1 $2046 256 #
vertex $-1 -1 $-1 $2083 $2142 #
straight-curve $-1 -1 $-1 0.877435904690013091 -3.668927843110839859 0.5 0.8929662007834053838 0.450123721057278714 0 I I #
point $-1 -1 $-1 0.3836353520241227444 -3.9178413428951675 0.5 #
color-adesk-attrib $-1 -1 $-1 $-1 $2052 256 #
face $2143 -1 $-1 $2144 $2145 $7 $-1 $2146 forward single #
loop $-1 -1 $-1 $-1 $2147 $2052 #
cone-surface $-1 -1 $-1 0.4074919092401592113 2.514831448463311858 -0.5 0 0 1 -0.02385655721603573143 0.04732720864152106799 0 1 I I 0 -1 0.05300000000000050504 forward I I I I #
coedge $-1 -1 $-1 $2148 $2149 $2150 $2151 reversed $2053 $-1 #
coedge $-1 -1 $-1 $2152 $2055 $2057 $2107 forward $2007 $-1 #
coedge $-1 -1 $-1 $2055 $2152 $2148 $2153 reversed $2007 $-1 #
coedge $-1 -1 $-1 $2150 $2058 $2055 $2105 forward $133 $-1 #
edge $2154 -1 $-1 $2109 0 $2155 2.111692557000306891 $2104 $2156 forward @7 unknown #
coedge $-1 -1 $-1 $2057 $2056 $2157 $2158 reversed $1961 $-1 #
edge $2159 -1 $-1 $2109 0 $2160 1 $2102 $2161 forward @7 tangent #
color-adesk-attrib $-1 -1 $-1 $-1 $2059 256 #
vertex $-1 -1 $-1 $2059 $2162 #
straight-curve $-1 -1 $-1 0.3792046238680231163 3.190011480968060198 -0.5 0.8456597640613595646 -0.5337223655119632815 0 F 0 F 0.5927216279217344397 #
coedge $-1 -1 $-1 $2065 $2157 $2060 $2112 forward $142 $-1 #
edge $2163 -1 $-1 $2114 -2.111692557000293125 $2068 -0 $2060 $2164 forward @7 unknown #
color-adesk-attrib $-1 -1 $-1 $-1 $2061 256 #
vertex $-1 -1 $-1 $2061 $2165 #
straight-curve $-1 -1 $-1 0.3792046238680230608 3.190011480968060198 -0.5 0 0 1 I I #
point $-1 -1 $-1 0.3792046238680230608 3.190011480968060198 -0.5 #
color-adesk-attrib $-1 -1 $-1 $-1 $2066 256 #
straight-curve $-1 -1 $-1 0.877435904690013535 3.53107215688915943 0.5 0.8929662007834064941 0.450123721057276549 0 I I #
point $-1 -1 $-1 0.3836353520241220227 3.282158657104833566 0.5 #
coedge $-1 -1 $-1 $2074 $2166 $2167 $2168 forward $133 $-1 #
coedge $-1 -1 $-1 $2169 $2170 $2074 $2122 reversed $2171 $-1 #
edge $2172 -1 $-1 $2173 0 $2127 2.111692557000287795 $2074 $2174 forward @7 unknown #
coedge $-1 -1 $-1 $2137 $2075 $2170 $2175 forward $2125 $-1 #
coedge $-1 -1 $-1 $2075 $2137 $2077 $2129 reversed $2125 $-1 #
loop $-1 -1 $-1 $-1 $2075 $2176 #
color-adesk-attrib $-1 -1 $-1 $-1 $2076 256 #
vertex $-1 -1 $-1 $2122 $2177 #
straight-curve $-1 -1 $-1 0.379204623868024282 -3.28998851903193934 -0.5 0.8456597640613601197 -0.5337223655119621712 0 F 0 F 0.5927216279217323303 #
edge $2178 -1 $-1 $2081 0 $2140 1 $2077 $2179 forward @7 tangent #
face $2180 -1 $-1 $2084 $2079 $7 $-1 $2181 forward single #
point $-1 -1 $-1 0.8804454558903818118 -3.606337308376427409 -0.5 #
color-adesk-attrib $-1 -1 $-1 $-1 $2083 256 #
straight-curve $-1 -1 $-1 0.8774359046900137571 -3.668927843110841636 -0.5 0 0 1 I I #
color-adesk-attrib $-1 -1 $-1 $-1 $2084 256 #
plane-surface $-1 -1 $-1 0.3836353520241227444 -3.917841342895166612 -0.5 0.4501237210572787695 -0.8929662007834054949 0 0.8929662007834054949 0.4501237210572787695 0 forward_v I I I I #
coedge $-1 -1 $-1 $2182 $2090 $2183 $2184 forward $142 $-1 #
coedge $-1 -1 $-1 $2124 $2123 $2090 $2138 reversed $2125 $-1 #
edge $2185 -1 $-1 $2140 -0.5927216279217323303 $2186 -0 $2137 $2187 forward @7 unknown #
color-adesk-attrib $-1 -1 $-1 $-1 $2092 256 #
vertex $-1 -1 $-1 $2129 $2188 #
ellipse-curve $-1 -1 $-1 0.8612314507319511758 -3.636781059882637557 0.5 0 0 1 0.01921400515843063594 0.03044375150621014825 0 1 I I #
point $-1 -1 $-1 0.8774359046900137571 -3.668927843110841636 0.5 #
color-adesk-attrib $-1 -1 $-1 $-1 $2098 256 #
face $2189 -1 $-1 $2190 $2191 $7 $-1 $2192 forward single #
loop $-1 -1 $-1 $-1 $2193 $2098 #
plane-surface $-1 -1 $-1 0.8804454558903820338 2.15366269162357149 -0.5 0.5337223655119626153 0.8456597640613600086 0 -0.8456597640613600086 0.5337223655119626153 0 forward_v I I I I #
coedge $-1 -1 $-1 $2194 $2195 $2196 $2197 reversed $2099 $-1 #
coedge $-1 -1 $-1 $2198 $2101 $2103 $2153 forward $2053 $-1 #
coedge $-1 -1 $-1 $2101 $2198 $2194 $2199 reversed $2053 $-1 #
coedge $-1 -1 $-1 $2196 $2104 $2101 $2151 forward $133 $-1 #
edge $2200 -1 $-1 $2155 0 $2201 0.552989074203116604 $2150 $2202 forward @7 unknown #
coedge $-1 -1 $-1 $2103 $2102 $2203 $2204 reversed $2007 $-1 #
edge $2205 -1 $-1 $2155 0 $2206 1 $2148 $2207 forward @7 tangent #
color-adesk-attrib $-1 -1 $-1 $-1 $2105 256 #
vertex $-1 -1 $-1 $2105 $2208 #
ellipse-curve $-1 -1 $-1 0.861231450731952064 2.843218940117361981 -0.5 0 0 -1 0.01921400515843008083 0.03044375150620837189 0 1 F 0 F 2.111692557000306891 #
coedge $-1 -1 $-1 $2111 $2203 $2106 $2158 forward $142 $-1 #
edge $2209 -1 $-1 $2160 -0.5927216279217344397 $2114 -0 $2106 $2210 forward @7 unknown #
color-adesk-attrib $-1 -1 $-1 $-1 $2107 256 #
vertex $-1 -1 $-1 $2107 $2211 #
straight-curve $-1 -1 $-1 0.8804454558903820338 2.873662691623570353 -0.5 0 0 1 I I #
point $-1 -1 $-1 0.8804454558903820338 2.873662691623570353 -0.5 #
color-adesk-attrib $-1 -1 $-1 $-1 $2112 256 #
ellipse-curve $-1 -1 $-1 0.4074919092401576015 3.234831448463312498 0.5 0 0 -1 -0.02385655721603566204 0.04732720864152106799 0 1 I I #
point $-1 -1 $-1 0.3792046238680230608 3.190011480968060198 0.5 #
coedge $-1 -1 $-1 $2120 $2212 $2213 $2214 forward $133 $-1 #
coedge $-1 -1 $-1 $2215 $2216 $2120 $2168 reversed $2217 $-1 #
edge $2218 -1 $-1 $2219 0 $2173 0.5529890742031178252 $2120 $2220 forward @7 unknown #
coedge $-1 -1 $-1 $2183 $2121 $2216 $2221 forward $2171 $-1 #
coedge $-1 -1 $-1 $2121 $2183 $2123 $2175 reversed $2171 $-1 #
loop $-1 -1 $-1 $-1 $2121 $2222 #
color-adesk-attrib $-1 -1 $-1 $-1 $2122 256 #
vertex $-1 -1 $-1 $2168 $2223 #
ellipse-curve $-1 -1 $-1 0.4074919092401584342 -3.245168551536687929 -0.5 0 0 1 -0.02385655721603578694 0.04732720864152106799 0 1 F 0 F 2.111692557000287795 #
edge $2224 -1 $-1 $2127 0 $2186 1 $2123 $2225 forward @7 tangent #
face $2226 -1 $-1 $2130 $2125 $7 $-1 $2227 forward single #
point $-1 -1 $-1 0.3792046238680237269 -3.289988519031940228 -0.5 #
color-adesk-attrib $-1 -1 $-1 $-1 $2129 256 #
straight-curve $-1 -1 $-1 0.8804454558903818118 -3.606337308376427409 -0.5 0 0 1 I I #
color-adesk-attrib $-1 -1 $-1 $-1 $2130 256 #
cone-surface $-1 -1 $-1 0.8612314507319511758 -3.636781059882637557 -0.5 0 0 1 0.01921400515843063594 0.03044375150621014825 0 1 I I 0 1 0.03600000000000099648 forward I I I I #
coedge $-1 -1 $-1 $2228 $2136 $2229 $2230 forward $142 $-1 #
coedge $-1 -1 $-1 $2170 $2169 $2136 $2184 reversed $2171 $-1 #
edge $2231 -1 $-1 $2186 -2.111692557000287795 $2232 -0 $2183 $2233 forward @7 unknown #
color-adesk-attrib $-1 -1 $-1 $-1 $2138 256 #
vertex $-1 -1 $-1 $2175 $2234 #
straight-curve $-1 -1 $-1 0.379204623868024282 -3.28998851903193934 0.5 -0.8456597640613601197 0.5337223655119621712 0 I I #
point $-1 -1 $-1 0.8804454558903818118 -3.60633730837642652 0.5 #
color-adesk-attrib $-1 -1 $-1 $-1 $2144 256 #
face $2235 -1 $-1 $2236 $2237 $7 $-1 $2238 forward single #
loop $-1 -1 $-1 $-1 $2239 $2144 #
cone-surface $-1 -1 $-1 0.861231450731952064 2.123218940117363118 -0.5 0 0 1 0.01921400515843008083 0.03044375150620837189 0 1 I I 0 1 0.03599999999999919931 forward I I I I #
coedge $-1 -1 $-1 $2240 $2241 $2242 $2243 reversed $2145 $-1 #
coedge $-1 -1 $-1 $2244 $2147 $2149 $2199 forward $2099 $-1 #
coedge $-1 -1 $-1 $2147 $2244 $2240 $2245 reversed $2099 $-1 #
coedge $-1 -1 $-1 $2242 $2150 $2147 $2197 forward $133 $-1 #
edge $2246 -1 $-1 $2201 0 $2247 2.111692557000295345 $2196 $2248 forward @7 unknown #
coedge $-1 -1 $-1 $2149 $2148 $2249 $2250 reversed $2053 $-1 #
edge $2251 -1 $-1 $2201 0 $2252 1 $2194 $2253 forward @7 tangent #
color-adesk-attrib $-1 -1 $-1 $-1 $2151 256 #
vertex $-1 -1 $-1 $2151 $2254 #
straight-curve $-1 -1 $-1 0.877435904690013535 2.811072156889158791 -0.5 -0.892966200783405939 -0.4501237210572776593 0 F 0 F 0.552989074203116604 #
coedge $-1 -1 $-1 $2157 $2249 $2152 $2204 forward $142 $-1 #
edge $2255 -1 $-1 $2206 -2.111692557000306891 $2160 -0 $2152 $2256 forward @7 unknown #
color-adesk-attrib $-1 -1 $-1 $-1 $2153 256 #
vertex $-1 -1 $-1 $2153 $2257 #
straight-curve $-1 -1 $-1 0.877435904690013313 2.811072156889158791 -0.5 0 0 1 I I #
point $-1 -1 $-1 0.877435904690013313 2.811072156889158791 -0.5 #
color-adesk-attrib $-1 -1 $-1 $-1 $2158 256 #
straight-curve $-1 -1 $-1 0.3792046238680231163 3.190011480968060198 0.5 -0.8456597640613595646 0.5337223655119632815 0 I I #
point $-1 -1 $-1 0.8804454558903820338 2.873662691623570353 0.5 #
coedge $-1 -1 $-1 $2166 $2258 $2259 $2260 forward $133 $-1 #
coedge $-1 -1 $-1 $2261 $2262 $2166 $2214 reversed $2263 $-1 #
edge $2264 -1 $-1 $2265 0 $2219 2.11169255700028824 $2166 $2266 forward @7 unknown #
coedge $-1 -1 $-1 $2229 $2167 $2262 $2267 forward $2217 $-1 #
coedge $-1 -1 $-1 $2167 $2229 $2169 $2221 reversed $2217 $-1 #
loop $-1 -1 $-1 $-1 $2167 $2268 #
color-adesk-attrib $-1 -1 $-1 $-1 $2168 256 #
vertex $-1 -1 $-1 $2214 $2269 #
straight-curve $-1 -1 $-1 0.877435904690013091 -2.94892784311083922 -0.5 -0.8929662007834049398 -0.4501237210572798797 0 F 0 F 0.5529890742031178252 #
edge $2270 -1 $-1 $2173 0 $2232 1 $2169 $2271 forward @7 tangent #
face $2272 -1 $-1 $2176 $2171 $7 $-1 $2273 forward single #
point $-1 -1 $-1 0.3836353520241226334 -3.197841342895166861 -0.5 #
color-adesk-attrib $-1 -1 $-1 $-1 $2175 256 #
straight-curve $-1 -1 $-1 0.3792046238680237269 -3.289988519031940228 -0.5 0 0 1 I I #
color-adesk-attrib $-1 -1 $-1 $-1 $2176 256 #
plane-surface $-1 -1 $-1 0.8804454558903818118 -3.606337308376427409 -0.5 0.5337223655119622823 0.8456597640613602307 0 -0.8456597640613602307 0.5337223655119622823 0 forward_v I I I I #
coedge $-1 -1 $-1 $2274 $2182 $2275 $2276 forward $142 $-1 #
coedge $-1 -1 $-1 $2216 $2215 $2182 $2230 reversed $2217 $-1 #
edge $2277 -1 $-1 $2232 -0.5529890742031178252 $2278 -0 $2229 $2279 forward @7 unknown #
color-adesk-attrib $-1 -1 $-1 $-1 $2184 256 #
vertex $-1 -1 $-1 $2221 $2280 #
ellipse-curve $-1 -1 $-1 0.4074919092401584342 -3.245168551536687929 0.5 0 0 -1 -0.02385655721603578694 0.04732720864152106799 0 1 I I #
point $-1 -1 $-1 0.3792046238680237269 -3.289988519031940228 0.5 #
color-adesk-attrib $-1 -1 $-1 $-1 $2190 256 #
face $2281 -1 $-1 $2282 $2283 $7 $-1 $2284 forward single #
loop $-1 -1 $-1 $-1 $2285 $2190 #
plane-surface $-1 -1 $-1 0.3836353520241218562 1.842158657104834063 -0.5 0.450123721057276438 -0.8929662007834066051 0 0.8929662007834066051 0.450123721057276438 0 forward_v I I I I #
coedge $-1 -1 $-1 $2286 $2287 $2288 $2289 reversed $2191 $-1 #
coedge $-1 -1 $-1 $2290 $2193 $2195 $2245 forward $2145 $-1 #
coedge $-1 -1 $-1 $2193 $2290 $2286 $2291 reversed $2145 $-1 #
coedge $-1 -1 $-1 $2288 $2196 $2193 $2243 forward $133 $-1 #
edge $2292 -1 $-1 $2247 0 $2293 0.5927216279217318862 $2242 $2294 forward @7 unknown #
coedge $-1 -1 $-1 $2195 $2194 $2295 $2296 reversed $2099 $-1 #
edge $2297 -1 $-1 $2247 0 $2298 1 $2240 $2299 forward @7 tangent #
color-adesk-attrib $-1 -1 $-1 $-1 $2197 256 #
vertex $-1 -1 $-1 $2197 $2300 #
ellipse-curve $-1 -1 $-1 0.4074919092401592113 2.514831448463311858 -0.5 0 0 1 -0.02385655721603573143 0.04732720864152106799 0 1 F 0 F 2.111692557000295345 #
coedge $-1 -1 $-1 $2203 $2295 $2198 $2250 forward $142 $-1 #
edge $2301 -1 $-1 $2252 -0.552989074203116604 $2206 -0 $2198 $2302 forward @7 unknown #
color-adesk-attrib $-1 -1 $-1 $-1 $2199 256 #
vertex $-1 -1 $-1 $2199 $2303 #
straight-curve $-1 -1 $-1 0.383635352024123466 2.562158657104832926 -0.5 0 0 1 I I #
point $-1 -1 $-1 0.383635352024123466 2.562158657104832926 -0.5 #
color-adesk-attrib $-1 -1 $-1 $-1 $2204 256 #
ellipse-curve $-1 -1 $-1 0.861231450731952064 2.843218940117361981 0.5 0 0 1 0.01921400515843008083 0.03044375150620837189 0 1 I I #
point $-1 -1 $-1 0.877435904690013313 2.811072156889158791 0.5 #
coedge $-1 -1 $-1 $2212 $2304 $2305 $2306 forward $133 $-1 #
coedge $-1 -1 $-1 $2307 $2308 $2212 $2260 reversed $2309 $-1 #
edge $2310 -1 $-1 $2311 0 $2265 0.592721627921730887 $2212 $2312 forward @7 unknown #
coedge $-1 -1 $-1 $2275 $2213 $2308 $2313 forward $2263 $-1 #
coedge $-1 -1 $-1 $2213 $2275 $2215 $2267 reversed $2263 $-1 #
loop $-1 -1 $-1 $-1 $2213 $2314 #
color-adesk-attrib $-1 -1 $-1 $-1 $2214 256 #
vertex $-1 -1 $-1 $2260 $2315 #
ellipse-curve $-1 -1 $-1 0.8612314507319509538 -2.916781059882636917 -0.5 0 0 -1 0.01921400515843085799 0.03044375150620926007 0 1 F 0 F 2.11169255700028824 #
edge $2316 -1 $-1 $2219 0 $2278 1 $2215 $2317 forward @7 tangent #
face $2318 -1 $-1 $2222 $2217 $7 $-1 $2319 forward single #
point $-1 -1 $-1 0.877435904690013313 -2.948927843110840108 -0.5 #
color-adesk-attrib $-1 -1 $-1 $-1 $2221 256 #
straight-curve $-1 -1 $-1 0.3836353520241226334 -3.197841342895166861 -0.5 0 0 1 I I #
color-adesk-attrib $-1 -1 $-1 $-1 $2222 256 #
cone-surface $-1 -1 $-1 0.4074919092401584342 -3.245168551536687929 -0.5 0 0 1 -0.02385655721603578694 0.04732720864152106799 0 1 I I 0 -1 0.05300000000000052586 forward I I I I #
coedge $-1 -1 $-1 $2320 $2228 $2321 $2322 forward $142 $-1 #
coedge $-1 -1 $-1 $2262 $2261 $2228 $2276 reversed $2263 $-1 #
edge $2323 -1 $-1 $2278 -2.11169255700028824 $2324 -0 $2275 $2325 forward @7 unknown #
color-adesk-attrib $-1 -1 $-1 $-1 $2230 256 #
vertex $-1 -1 $-1 $2267 $2326 #
straight-curve $-1 -1 $-1 0.877435904690013091 -2.94892784311083922 0.5 0.8929662007834049398 0.4501237210572798797 0 I I #
point $-1 -1 $-1 0.3836353520241226334 -3.197841342895166861 0.5 #
color-adesk-attrib $-1 -1 $-1 $-1 $2236 256 #
face $2327 -1 $-1 $2328 $2329 $7 $-1 $2330 forward single #
loop $-1 -1 $-1 $-1 $2331 $2236 #
cone-surface $-1 -1 $-1 0.407491909240157546 1.794831448463312995 -0.5 0 0 1 -0.02385655721603568979 0.04732720864152106799 0 1 I I 0 -1 0.05300000000000048422 forward I I I I #
coedge $-1 -1 $-1 $2332 $2333 $2334 $2335 reversed $2237 $-1 #
coedge $-1 -1 $-1 $2336 $2239 $2241 $2291 forward $2191 $-1 #
coedge $-1 -1 $-1 $2239 $2336 $2332 $2337 reversed $2191 $-1 #
coedge $-1 -1 $-1 $2334 $2242 $2239 $2289 forward $133 $-1 #
edge $2338 -1 $-1 $2293 0 $2339 2.111692557000306891 $2288 $2340 forward @7 unknown #
coedge $-1 -1 $-1 $2241 $2240 $2341 $2342 reversed $2145 $-1 #
edge $2343 -1 $-1 $2293 0 $2344 1 $2286 $2345 forward @7 tangent #
color-adesk-attrib $-1 -1 $-1 $-1 $2243 256 #
vertex $-1 -1 $-1 $2243 $2346 #
straight-curve $-1 -1 $-1 0.3792046238680250037 2.470011480968059558 -0.5 0.8456597640613600086 -0.5337223655119626153 0 F 0 F 0.5927216279217318862 #
coedge $-1 -1 $-1 $2249 $2341 $2244 $2296 forward $142 $-1 #
edge $2347 -1 $-1 $2298 -2.111692557000295345 $2252 -0 $2244 $2348 forward @7 unknown #
color-adesk-attrib $-1 -1 $-1 $-1 $2245 256 #
vertex $-1 -1 $-1 $2245 $2349 #
straight-curve $-1 -1 $-1 0.3792046238680247816 2.470011480968059558 -0.5 0 0 1 I I #
point $-1 -1 $-1 0.3792046238680247816 2.470011480968059558 -0.5 #
color-adesk-attrib $-1 -1 $-1 $-1 $2250 256 #
straight-curve $-1 -1 $-1 0.877435904690013535 2.811072156889158791 0.5 0.892966200783405939 0.4501237210572776593 0 I I #
point $-1 -1 $-1 0.383635352024123466 2.562158657104832926 0.5 #
coedge $-1 -1 $-1 $2258 $2350 $2351 $2352 forward $133 $-1 #
coedge $-1 -1 $-1 $2353 $2354 $2258 $2306 reversed $2355 $-1 #
edge $2356 -1 $-1 $2357 0 $2311 2.111692557000289572 $2258 $2358 forward @7 unknown #
coedge $-1 -1 $-1 $2321 $2259 $2354 $2359 forward $2309 $-1 #
coedge $-1 -1 $-1 $2259 $2321 $2261 $2313 reversed $2309 $-1 #
loop $-1 -1 $-1 $-1 $2259 $2360 #
color-adesk-attrib $-1 -1 $-1 $-1 $2260 256 #
vertex $-1 -1 $-1 $2306 $2361 #
straight-curve $-1 -1 $-1 0.3792046238680253922 -2.569988519031940477 -0.5 0.8456597640613603417 -0.5337223655119619492 0 F 0 F 0.592721627921730887 #
edge $2362 -1 $-1 $2265 0 $2324 1 $2261 $2363 forward @7 tangent #
face $2364 -1 $-1 $2268 $2263 $7 $-1 $2365 forward single #
point $-1 -1 $-1 0.8804454558903818118 -2.886337308376427657 -0.5 #
color-adesk-attrib $-1 -1 $-1 $-1 $2267 256 #
straight-curve $-1 -1 $-1 0.877435904690013313 -2.948927843110840108 -0.5 0 0 1 I I #
color-adesk-attrib $-1 -1 $-1 $-1 $2268 256 #
plane-surface $-1 -1 $-1 0.3836353520241226334 -3.197841342895166861 -0.5 0.4501237210572798797 -0.8929662007834049398 0 0.8929662007834049398 0.4501237210572798797 0 forward_v I I I I #
coedge $-1 -1 $-1 $2366 $2274 $2367 $2368 forward $142 $-1 #
coedge $-1 -1 $-1 $2308 $2307 $2274 $2322 reversed $2309 $-1 #
edge $2369 -1 $-1 $2324 -0.592721627921730887 $2370 -0 $2321 $2371 forward @7 unknown #
color-adesk-attrib $-1 -1 $-1 $-1 $2276 256 #
vertex $-1 -1 $-1 $2313 $2372 #
ellipse-curve $-1 -1 $-1 0.8612314507319509538 -2.916781059882636917 0.5 0 0 1 0.01921400515843085799 0.03044375150620926007 0 1 I I #
point $-1 -1 $-1 0.877435904690013313 -2.94892784311083922 0.5 #
color-adesk-attrib $-1 -1 $-1 $-1 $2282 256 #
face $2373 -1 $-1 $2374 $2375 $7 $-1 $2376 forward single #
loop $-1 -1 $-1 $-1 $2377 $2282 #
plane-surface $-1 -1 $-1 0.8804454558903820338 1.433662691623570851 -0.5 0.5337223655119632815 0.8456597640613595646 0 -0.8456597640613595646 0.5337223655119632815 0 forward_v I I I I #
coedge $-1 -1 $-1 $2378 $2379 $2380 $2381 reversed $2283 $-1 #
coedge $-1 -1 $-1 $2382 $2285 $2287 $2337 forward $2237 $-1 #
coedge $-1 -1 $-1 $2285 $2382 $2378 $2383 reversed $2237 $-1 #
coedge $-1 -1 $-1 $2380 $2288 $2285 $2335 forward $133 $-1 #
edge $2384 -1 $-1 $2339 0 $2385 0.5529890742031180473 $2334 $2386 forward @7 unknown #
coedge $-1 -1 $-1 $2287 $2286 $2387 $2388 reversed $2191 $-1 #
edge $2389 -1 $-1 $2339 0 $2390 1 $2332 $2391 forward @7 tangent #
color-adesk-attrib $-1 -1 $-1 $-1 $2289 256 #
vertex $-1 -1 $-1 $2289 $2392 #
ellipse-curve $-1 -1 $-1 0.861231450731952064 2.123218940117363118 -0.5 0 0 -1 0.01921400515843008083 0.03044375150620837189 0 1 F 0 F 2.111692557000306891 #
coedge $-1 -1 $-1 $2295 $2387 $2290 $2342 forward $142 $-1 #
edge $2393 -1 $-1 $2344 -0.5927216279217318862 $2298 -0 $2290 $2394 forward @7 unknown #
color-adesk-attrib $-1 -1 $-1 $-1 $2291 256 #
vertex $-1 -1 $-1 $2291 $2395 #
straight-curve $-1 -1 $-1 0.8804454558903820338 2.15366269162357149 -0.5 0 0 1 I I #
point $-1 -1 $-1 0.8804454558903820338 2.15366269162357149 -0.5 #
color-adesk-attrib $-1 -1 $-1 $-1 $2296 256 #
ellipse-curve $-1 -1 $-1 0.4074919092401592113 2.514831448463311858 0.5 0 0 -1 -0.02385655721603573143 0.04732720864152106799 0 1 I I #
point $-1 -1 $-1 0.3792046238680248371 2.470011480968059558 0.5 #
coedge $-1 -1 $-1 $2304 $2396 $2397 $2398 forward $133 $-1 #
coedge $-1 -1 $-1 $2399 $2400 $2304 $2352 reversed $2401 $-1 #
edge $2402 -1 $-1 $2403 0 $2357 0.5529890742031170481 $2304 $2404 forward @7 unknown #
coedge $-1 -1 $-1 $2367 $2305 $2400 $2405 forward $2355 $-1 #
coedge $-1 -1 $-1 $2305 $2367 $2307 $2359 reversed $2355 $-1 #
loop $-1 -1 $-1 $-1 $2305 $2406 #
color-adesk-attrib $-1 -1 $-1 $-1 $2306 256 #
vertex $-1 -1 $-1 $2352 $2407 #
ellipse-curve $-1 -1 $-1 0.4074919092401594334 -2.525168551536689066 -0.5 0 0 1 -0.02385655721603578694 0.04732720864152106799 0 1 F 0 F 2.111692557000289572 #
edge $2408 -1 $-1 $2311 0 $2370 1 $2307 $2409 forward @7 tangent #
face $2410 -1 $-1 $2314 $2309 $7 $-1 $2411 forward single #
point $-1 -1 $-1 0.3792046238680247816 -2.569988519031941365 -0.5 #
color-adesk-attrib $-1 -1 $-1 $-1 $2313 256 #
straight-curve $-1 -1 $-1 0.8804454558903818118 -2.886337308376427657 -0.5 0 0 1 I I #
color-adesk-attrib $-1 -1 $-1 $-1 $2314 256 #
cone-surface $-1 -1 $-1 0.8612314507319509538 -2.916781059882636917 -0.5 0 0 1 0.01921400515843085799 0.03044375150620926007 0 1 I I 0 1 0.03600000000000036504 forward I I I I #
coedge $-1 -1 $-1 $2412 $2320 $2413 $2414 forward $142 $-1 #
coedge $-1 -1 $-1 $2354 $2353 $2320 $2368 reversed $2355 $-1 #
edge $2415 -1 $-1 $2370 -2.111692557000289572 $2416 -0 $2367 $2417 forward @7 unknown #
color-adesk-attrib $-1 -1 $-1 $-1 $2322 256 #
vertex $-1 -1 $-1 $2359 $2418 #
straight-curve $-1 -1 $-1 0.3792046238680253922 -2.569988519031940477 0.5 -0.8456597640613603417 0.5337223655119619492 0 I I #
point $-1 -1 $-1 0.8804454558903818118 -2.886337308376427657 0.5 #
color-adesk-attrib $-1 -1 $-1 $-1 $2328 256 #
face $2419 -1 $-1 $2420 $2421 $7 $-1 $2422 forward single #
loop $-1 -1 $-1 $-1 $2423 $2328 #
cone-surface $-1 -1 $-1 0.861231450731952064 1.403218940117362479 -0.5 0 0 1 0.01921400515842985879 0.03044375150620837189 0 1 I I 0 1 0.03599999999999908135 forward I I I I #
coedge $-1 -1 $-1 $2424 $2425 $2426 $2427 reversed $2329 $-1 #
coedge $-1 -1 $-1 $2428 $2331 $2333 $2383 forward $2283 $-1 #
coedge $-1 -1 $-1 $2331 $2428 $2424 $2429 reversed $2283 $-1 #
coedge $-1 -1 $-1 $2426 $2334 $2331 $2381 forward $133 $-1 #
edge $2430 -1 $-1 $2385 0 $2431 2.11169255700029268 $2380 $2432 forward @7 unknown #
coedge $-1 -1 $-1 $2333 $2332 $2433 $2434 reversed $2237 $-1 #
edge $2435 -1 $-1 $2385 0 $2436 1 $2378 $2437 forward @7 tangent #
color-adesk-attrib $-1 -1 $-1 $-1 $2335 256 #
vertex $-1 -1 $-1 $2335 $2438 #
straight-curve $-1 -1 $-1 0.877435904690013535 2.091072156889159928 -0.5 -0.8929662007834066051 -0.450123721057276438 0 F 0 F 0.5529890742031180473 #
coedge $-1 -1 $-1 $2341 $2433 $2336 $2388 forward $142 $-1 #
edge $2439 -1 $-1 $2390 -2.111692557000306891 $2344 -0 $2336 $2440 forward @7 unknown #
color-adesk-attrib $-1 -1 $-1 $-1 $2337 256 #
vertex $-1 -1 $-1 $2337 $2441 #
straight-curve $-1 -1 $-1 0.877435904690013313 2.091072156889159928 -0.5 0 0 1 I I #
point $-1 -1 $-1 0.877435904690013313 2.091072156889159928 -0.5 #
color-adesk-attrib $-1 -1 $-1 $-1 $2342 256 #
straight-curve $-1 -1 $-1 0.3792046238680250037 2.470011480968059558 0.5 -0.8456597640613600086 0.5337223655119626153 0 I I #
point $-1 -1 $-1 0.8804454558903820338 2.15366269162357149 0.5 #
coedge $-1 -1 $-1 $2350 $2442 $2443 $2444 forward $133 $-1 #
coedge $-1 -1 $-1 $2445 $2446 $2350 $2398 reversed $2447 $-1 #
edge $2448 -1 $-1 $2449 0 $2403 2.111692557000314885 $2350 $2450 forward @7 unknown #
coedge $-1 -1 $-1 $2413 $2351 $2446 $2451 forward $2401 $-1 #
coedge $-1 -1 $-1 $2351 $2413 $2353 $2405 reversed $2401 $-1 #
loop $-1 -1 $-1 $-1 $2351 $2452 #
color-adesk-attrib $-1 -1 $-1 $-1 $2352 256 #
vertex $-1 -1 $-1 $2398 $2453 #
straight-curve $-1 -1 $-1 0.877435904690013313 -2.228927843110840357 -0.5 -0.8929662007834046067 -0.4501237210572804903 0 F 0 F 0.5529890742031170481 #
edge $2454 -1 $-1 $2357 0 $2416 1 $2353 $2455 forward @7 tangent #
face $2456 -1 $-1 $2360 $2355 $7 $-1 $2457 forward single #
point $-1 -1 $-1 0.3836353520241236326 -2.477841342895167998 -0.5 #
color-adesk-attrib $-1 -1 $-1 $-1 $2359 256 #
straight-curve $-1 -1 $-1 0.3792046238680247816 -2.569988519031941365 -0.5 0 0 1 I I #
color-adesk-attrib $-1 -1 $-1 $-1 $2360 256 #
plane-surface $-1 -1 $-1 0.8804454558903818118 -2.886337308376427657 -0.5 0.5337223655119619492 0.8456597640613603417 0 -0.8456597640613603417 0.5337223655119619492 0 forward_v I I I I #
coedge $-1 -1 $-1 $2458 $2366 $2459 $2460 forward $142 $-1 #
coedge $-1 -1 $-1 $2400 $2399 $2366 $2414 reversed $2401 $-1 #
edge $2461 -1 $-1 $2416 -0.5529890742031170481 $2462 -0 $2413 $2463 forward @7 unknown #
color-adesk-attrib $-1 -1 $-1 $-1 $2368 256 #
vertex $-1 -1 $-1 $2405 $2464 #
ellipse-curve $-1 -1 $-1 0.4074919092401594334 -2.525168551536689066 0.5 0 0 -1 -0.02385655721603578694 0.04732720864152106799 0 1 I I #
point $-1 -1 $-1 0.3792046238680248371 -2.569988519031941365 0.5 #
color-adesk-attrib $-1 -1 $-1 $-1 $2374 256 #
face $2465 -1 $-1 $2466 $2467 $7 $-1 $2468 forward single #
loop $-1 -1 $-1 $-1 $2469 $2374 #
plane-surface $-1 -1 $-1 0.3836353520241218007 1.122158657104833424 -0.5 0.450123721057276438 -0.8929662007834067161 0 0.8929662007834067161 0.450123721057276438 0 forward_v I I I I #
coedge $-1 -1 $-1 $2470 $2471 $2472 $2473 reversed $2375 $-1 #
coedge $-1 -1 $-1 $2474 $2377 $2379 $2429 forward $2329 $-1 #
coedge $-1 -1 $-1 $2377 $2474 $2470 $2475 reversed $2329 $-1 #
coedge $-1 -1 $-1 $2472 $2380 $2377 $2427 forward $133 $-1 #
edge $2476 -1 $-1 $2431 0 $2477 0.5927216279217344397 $2426 $2478 forward @7 unknown #
coedge $-1 -1 $-1 $2379 $2378 $2479 $2480 reversed $2283 $-1 #
edge $2481 -1 $-1 $2431 0 $2482 1 $2424 $2483 forward @7 tangent #
color-adesk-attrib $-1 -1 $-1 $-1 $2381 256 #
vertex $-1 -1 $-1 $2381 $2484 #
ellipse-curve $-1 -1 $-1 0.407491909240157546 1.794831448463312995 -0.5 0 0 1 -0.02385655721603568979 0.04732720864152106799 0 1 F 0 F 2.11169255700029268 #
coedge $-1 -1 $-1 $2387 $2479 $2382 $2434 forward $142 $-1 #
edge $2485 -1 $-1 $2436 -0.5529890742031180473 $2390 -0 $2382 $2486 forward @7 unknown #
color-adesk-attrib $-1 -1 $-1 $-1 $2383 256 #
vertex $-1 -1 $-1 $2383 $2487 #
straight-curve $-1 -1 $-1 0.3836353520241218562 1.842158657104834063 -0.5 0 0 1 I I #
point $-1 -1 $-1 0.3836353520241218562 1.842158657104834063 -0.5 #
color-adesk-attrib $-1 -1 $-1 $-1 $2388 256 #
ellipse-curve $-1 -1 $-1 0.861231450731952064 2.123218940117363118 0.5 0 0 1 0.01921400515843008083 0.03044375150620837189 0 1 I I #
point $-1 -1 $-1 0.877435904690013313 2.091072156889159928 0.5 #
coedge $-1 -1 $-1 $2396 $2488 $2489 $2490 forward $133 $-1 #
coedge $-1 -1 $-1 $2491 $2492 $2396 $2444 reversed $2493 $-1 #
edge $2494 -1 $-1 $2495 0 $2449 0.5927216279217344397 $2396 $2496 forward @7 unknown #
coedge $-1 -1 $-1 $2459 $2397 $2492 $2497 forward $2447 $-1 #
coedge $-1 -1 $-1 $2397 $2459 $2399 $2451 reversed $2447 $-1 #
loop $-1 -1 $-1 $-1 $2397 $2498 #
color-adesk-attrib $-1 -1 $-1 $-1 $2398 256 #
vertex $-1 -1 $-1 $2444 $2499 #
ellipse-curve $-1 -1 $-1 0.861231450731951842 -2.196781059882637166 -0.5 0 0 -1 0.01921400515842985879 0.03044375150620837189 0 1 F 0 F 2.111692557000314885 #
edge $2500 -1 $-1 $2403 0 $2462 1 $2399 $2501 forward @7 tangent #
face $2502 -1 $-1 $2406 $2401 $7 $-1 $2503 forward single #
point $-1 -1 $-1 0.877435904690013091 -2.22892784311083858 -0.5 #
color-adesk-attrib $-1 -1 $-1 $-1 $2405 256 #
straight-curve $-1 -1 $-1 0.3836353520241236326 -2.477841342895167998 -0.5 0 0 1 I I #
color-adesk-attrib $-1 -1 $-1 $-1 $2406 256 #
cone-surface $-1 -1 $-1 0.4074919092401594334 -2.525168551536689066 -0.5 0 0 1 -0.02385655721603578694 0.04732720864152106799 0 1 I I 0 -1 0.05300000000000052586 forward I I I I #
coedge $-1 -1 $-1 $2504 $2412 $2505 $2506 forward $142 $-1 #
coedge $-1 -1 $-1 $2446 $2445 $2412 $2460 reversed $2447 $-1 #
edge $2507 -1 $-1 $2462 -2.111692557000314885 $2508 -0 $2459 $2509 forward @7 unknown #
color-adesk-attrib $-1 -1 $-1 $-1 $2414 256 #
vertex $-1 -1 $-1 $2451 $2510 #
straight-curve $-1 -1 $-1 0.877435904690013313 -2.228927843110840357 0.5 0.8929662007834046067 0.4501237210572804903 0 I I #
point $-1 -1 $-1 0.3836353520241236326 -2.477841342895167998 0.5 #
color-adesk-attrib $-1 -1 $-1 $-1 $2420 256 #
face $2511 -1 $-1 $2512 $2513 $7 $-1 $2514 forward single #
loop $-1 -1 $-1 $-1 $2515 $2420 #
cone-surface $-1 -1 $-1 0.4074919092401574905 1.074831448463312356 -0.5 0 0 1 -0.02385655721603568979 0.04732720864152106799 0 1 I I 0 -1 0.05300000000000048422 forward I I I I #
coedge $-1 -1 $-1 $2516 $2517 $2518 $2519 reversed $2421 $-1 #
coedge $-1 -1 $-1 $2520 $2423 $2425 $2475 forward $2375 $-1 #
coedge $-1 -1 $-1 $2423 $2520 $2516 $2521 reversed $2375 $-1 #
coedge $-1 -1 $-1 $2518 $2426 $2423 $2473 forward $133 $-1 #
edge $2522 -1 $-1 $2477 0 $2523 2.111692557000314885 $2472 $2524 forward @7 unknown #
coedge $-1 -1 $-1 $2425 $2424 $2525 $2526 reversed $2329 $-1 #
edge $2527 -1 $-1 $2477 0 $2528 1 $2470 $2529 forward @7 tangent #
color-adesk-attrib $-1 -1 $-1 $-1 $2427 256 #
vertex $-1 -1 $-1 $2427 $2530 #
straight-curve $-1 -1 $-1 0.3792046238680230053 1.750011480968060695 -0.5 0.8456597640613595646 -0.5337223655119632815 0 F 0 F 0.5927216279217344397 #
coedge $-1 -1 $-1 $2433 $2525 $2428 $2480 forward $142 $-1 #
edge $2531 -1 $-1 $2482 -2.11169255700029268 $2436 -0 $2428 $2532 forward @7 unknown #
color-adesk-attrib $-1 -1 $-1 $-1 $2429 256 #
vertex $-1 -1 $-1 $2429 $2533 #
straight-curve $-1 -1 $-1 0.3792046238680230053 1.750011480968060695 -0.5 0 0 1 I I #
point $-1 -1 $-1 0.3792046238680230053 1.750011480968060695 -0.5 #
color-adesk-attrib $-1 -1 $-1 $-1 $2434 256 #
straight-curve $-1 -1 $-1 0.877435904690013535 2.091072156889159928 0.5 0.8929662007834066051 0.450123721057276438 0 I I #
point $-1 -1 $-1 0.3836353520241218562 1.842158657104834063 0.5 #
coedge $-1 -1 $-1 $2442 $2534 $2535 $2536 forward $133 $-1 #
coedge $-1 -1 $-1 $2537 $2538 $2442 $2490 reversed $2539 $-1 #
edge $2540 -1 $-1 $2541 0 $2495 2.11169255700029268 $2442 $2542 forward @7 unknown #
coedge $-1 -1 $-1 $2505 $2443 $2538 $2543 forward $2493 $-1 #
coedge $-1 -1 $-1 $2443 $2505 $2445 $2497 reversed $2493 $-1 #
loop $-1 -1 $-1 $-1 $2443 $2544 #
color-adesk-attrib $-1 -1 $-1 $-1 $2444 256 #
vertex $-1 -1 $-1 $2490 $2545 #
straight-curve $-1 -1 $-1 0.3792046238680227832 -1.849988519031938949 -0.5 0.8456597640613595646 -0.5337223655119632815 0 F 0 F 0.5927216279217344397 #
edge $2546 -1 $-1 $2449 0 $2508 1 $2445 $2547 forward @7 tangent #
face $2548 -1 $-1 $2452 $2447 $7 $-1 $2549 forward single #
point $-1 -1 $-1 0.8804454558903818118 -2.166337308376428794 -0.5 #
color-adesk-attrib $-1 -1 $-1 $-1 $2451 256 #
straight-curve $-1 -1 $-1 0.877435904690013091 -2.22892784311083858 -0.5 0 0 1 I I #
color-adesk-attrib $-1 -1 $-1 $-1 $2452 256 #
plane-surface $-1 -1 $-1 0.3836353520241236326 -2.477841342895167998 -0.5 0.4501237210572804903 -0.8929662007834046067 0 0.8929662007834046067 0.4501237210572804903 0 forward_v I I I I #
coedge $-1 -1 $-1 $2550 $2458 $2551 $2552 forward $142 $-1 #
coedge $-1 -1 $-1 $2492 $2491 $2458 $2506 reversed $2493 $-1 #
edge $2553 -1 $-1 $2508 -0.5927216279217344397 $2554 -0 $2505 $2555 forward @7 unknown #
color-adesk-attrib $-1 -1 $-1 $-1 $2460 256 #
vertex $-1 -1 $-1 $2497 $2556 #
ellipse-curve $-1 -1 $-1 0.861231450731951842 -2.196781059882637166 0.5 0 0 1 0.01921400515842985879 0.03044375150620837189 0 1 I I #
point $-1 -1 $-1 0.877435904690013091 -2.22892784311083858 0.5 #
color-adesk-attrib $-1 -1 $-1 $-1 $2466 256 #
face $2557 -1 $-1 $2558 $2559 $7 $-1 $2560 forward single #
loop $-1 -1 $-1 $-1 $2561 $2466 #
plane-surface $-1 -1 $-1 0.8804454558903820338 0.7136626916235702112 -0.5 0.5337223655119631704 0.8456597640613596756 0 -0.8456597640613596756 0.5337223655119631704 0 forward_v I I I I #
coedge $-1 -1 $-1 $2562 $2563 $2564 $2565 reversed $2467 $-1 #
coedge $-1 -1 $-1 $2566 $2469 $2471 $2521 forward $2421 $-1 #
coedge $-1 -1 $-1 $2469 $2566 $2562 $2567 reversed $2421 $-1 #
coedge $-1 -1 $-1 $2564 $2472 $2469 $2519 forward $133 $-1 #
edge $2568 -1 $-1 $2523 0 $2569 0.5529890742031180473 $2518 $2570 forward @7 unknown #
coedge $-1 -1 $-1 $2471 $2470 $2571 $2572 reversed $2375 $-1 #
edge $2573 -1 $-1 $2523 0 $2574 1 $2516 $2575 forward @7 tangent #
color-adesk-attrib $-1 -1 $-1 $-1 $2473 256 #
vertex $-1 -1 $-1 $2473 $2576 #
ellipse-curve $-1 -1 $-1 0.861231450731952064 1.403218940117362479 -0.5 0 0 -1 0.01921400515842985879 0.03044375150620837189 0 1 F 0 F 2.111692557000314885 #
coedge $-1 -1 $-1 $2479 $2571 $2474 $2526 forward $142 $-1 #
edge $2577 -1 $-1 $2528 -0.5927216279217344397 $2482 -0 $2474 $2578 forward @7 unknown #
color-adesk-attrib $-1 -1 $-1 $-1 $2475 256 #
vertex $-1 -1 $-1 $2475 $2579 #
straight-curve $-1 -1 $-1 0.8804454558903820338 1.433662691623570851 -0.5 0 0 1 I I #
point $-1 -1 $-1 0.8804454558903820338 1.433662691623570851 -0.5 #
color-adesk-attrib $-1 -1 $-1 $-1 $2480 256 #
ellipse-curve $-1 -1 $-1 0.407491909240157546 1.794831448463312995 0.5 0 0 -1 -0.02385655721603568979 0.04732720864152106799 0 1 I I #
point $-1 -1 $-1 0.3792046238680229497 1.750011480968060695 0.5 #
coedge $-1 -1 $-1 $2488 $2580 $2581 $2582 forward $133 $-1 #
coedge $-1 -1 $-1 $2583 $2584 $2488 $2536 reversed $2585 $-1 #
edge $2586 -1 $-1 $2587 0 $2541 0.5529890742031180473 $2488 $2588 forward @7 unknown #
coedge $-1 -1 $-1 $2551 $2489 $2584 $2589 forward $2539 $-1 #
coedge $-1 -1 $-1 $2489 $2551 $2491 $2543 reversed $2539 $-1 #
loop $-1 -1 $-1 $-1 $2489 $2590 #
color-adesk-attrib $-1 -1 $-1 $-1 $2490 256 #
vertex $-1 -1 $-1 $2536 $2591 #
ellipse-curve $-1 -1 $-1 0.407491909240157324 -1.80516855153668665 -0.5 0 0 1 -0.02385655721603568979 0.04732720864152106799 0 1 F 0 F 2.11169255700029268 #
edge $2592 -1 $-1 $2495 0 $2554 1 $2491 $2593 forward @7 tangent #
face $2594 -1 $-1 $2498 $2493 $7 $-1 $2595 forward single #
point $-1 -1 $-1 0.3792046238680227832 -1.849988519031938949 -0.5 #
color-adesk-attrib $-1 -1 $-1 $-1 $2497 256 #
straight-curve $-1 -1 $-1 0.8804454558903818118 -2.166337308376428794 -0.5 0 0 1 I I #
color-adesk-attrib $-1 -1 $-1 $-1 $2498 256 #
cone-surface $-1 -1 $-1 0.861231450731951842 -2.196781059882637166 -0.5 0 0 1 0.01921400515842985879 0.03044375150620837189 0 1 I I 0 1 0.03599999999999908135 forward I I I I #
coedge $-1 -1 $-1 $2596 $2504 $2597 $2598 forward $142 $-1 #
coedge $-1 -1 $-1 $2538 $2537 $2504 $2552 reversed $2539 $-1 #
edge $2599 -1 $-1 $2554 -2.11169255700029268 $2600 -0 $2551 $2601 forward @7 unknown #
color-adesk-attrib $-1 -1 $-1 $-1 $2506 256 #
vertex $-1 -1 $-1 $2543 $2602 #
straight-curve $-1 -1 $-1 0.3792046238680227832 -1.849988519031938949 0.5 -0.8456597640613595646 0.5337223655119632815 0 I I #
point $-1 -1 $-1 0.8804454558903818118 -2.166337308376428794 0.5 #
color-adesk-attrib $-1 -1 $-1 $-1 $2512 256 #
face $2603 -1 $-1 $2604 $2605 $7 $-1 $2606 forward single #
loop $-1 -1 $-1 $-1 $2607 $2512 #
cone-surface $-1 -1 $-1 0.861231450731952064 0.6832189401173618393 -0.5 0 0 1 0.01921400515842985879 0.03044375150620837189 0 1 I I 0 1 0.03599999999999908135 forward I I I I #
coedge $-1 -1 $-1 $2608 $2609 $2610 $2611 reversed $2513 $-1 #
coedge $-1 -1 $-1 $2612 $2515 $2517 $2567 forward $2467 $-1 #
coedge $-1 -1 $-1 $2515 $2612 $2608 $2613 reversed $2467 $-1 #
coedge $-1 -1 $-1 $2610 $2518 $2515 $2565 forward $133 $-1 #
edge $2614 -1 $-1 $2569 0 $2615 2.11169255700029268 $2564 $2616 forward @7 unknown #
coedge $-1 -1 $-1 $2517 $2516 $2617 $2618 reversed $2421 $-1 #
edge $2619 -1 $-1 $2569 0 $2620 1 $2562 $2621 forward @7 tangent #
color-adesk-attrib $-1 -1 $-1 $-1 $2519 256 #
vertex $-1 -1 $-1 $2519 $2622 #
straight-curve $-1 -1 $-1 0.877435904690013535 1.371072156889159288 -0.5 -0.8929662007834067161 -0.450123721057276438 0 F 0 F 0.5529890742031180473 #
coedge $-1 -1 $-1 $2525 $2617 $2520 $2572 forward $142 $-1 #
edge $2623 -1 $-1 $2574 -2.111692557000314885 $2528 -0 $2520 $2624 forward @7 unknown #
color-adesk-attrib $-1 -1 $-1 $-1 $2521 256 #
vertex $-1 -1 $-1 $2521 $2625 #
straight-curve $-1 -1 $-1 0.877435904690013313 1.371072156889161064 -0.5 0 0 1 I I #
point $-1 -1 $-1 0.877435904690013313 1.371072156889161064 -0.5 #
color-adesk-attrib $-1 -1 $-1 $-1 $2526 256 #
straight-curve $-1 -1 $-1 0.3792046238680230053 1.750011480968060695 0.5 -0.8456597640613595646 0.5337223655119632815 0 I I #
point $-1 -1 $-1 0.8804454558903820338 1.433662691623570851 0.5 #
coedge $-1 -1 $-1 $2534 $2626 $2627 $2628 forward $133 $-1 #
coedge $-1 -1 $-1 $2629 $2630 $2534 $2582 reversed $2631 $-1 #
edge $2632 -1 $-1 $2633 0 $2587 2.111692557000306891 $2534 $2634 forward @7 unknown #
coedge $-1 -1 $-1 $2597 $2535 $2630 $2635 forward $2585 $-1 #
coedge $-1 -1 $-1 $2535 $2597 $2537 $2589 reversed $2585 $-1 #
loop $-1 -1 $-1 $-1 $2535 $2636 #
color-adesk-attrib $-1 -1 $-1 $-1 $2536 256 #
vertex $-1 -1 $-1 $2582 $2637 #
straight-curve $-1 -1 $-1 0.877435904690013313 -1.508927843110839717 -0.5 -0.8929662007834066051 -0.450123721057276438 0 F 0 F 0.5529890742031180473 #
edge $2638 -1 $-1 $2541 0 $2600 1 $2537 $2639 forward @7 tangent #
face $2640 -1 $-1 $2544 $2539 $7 $-1 $2641 forward single #
point $-1 -1 $-1 0.3836353520241216342 -1.757841342895165582 -0.5 #
color-adesk-attrib $-1 -1 $-1 $-1 $2543 256 #
straight-curve $-1 -1 $-1 0.3792046238680227832 -1.849988519031938949 -0.5 0 0 1 I I #
color-adesk-attrib $-1 -1 $-1 $-1 $2544 256 #
plane-surface $-1 -1 $-1 0.8804454558903818118 -2.166337308376428794 -0.5 0.5337223655119632815 0.8456597640613595646 0 -0.8456597640613595646 0.5337223655119632815 0 forward_v I I I I #
coedge $-1 -1 $-1 $2642 $2550 $2643 $2644 forward $142 $-1 #
coedge $-1 -1 $-1 $2584 $2583 $2550 $2598 reversed $2585 $-1 #
edge $2645 -1 $-1 $2600 -0.5529890742031180473 $2646 -0 $2597 $2647 forward @7 unknown #
color-adesk-attrib $-1 -1 $-1 $-1 $2552 256 #
vertex $-1 -1 $-1 $2589 $2648 #
ellipse-curve $-1 -1 $-1 0.407491909240157324 -1.80516855153668665 0.5 0 0 -1 -0.02385655721603568979 0.04732720864152106799 0 1 I I #
point $-1 -1 $-1 0.3792046238680227277 -1.849988519031938949 0.5 #
color-adesk-attrib $-1 -1 $-1 $-1 $2558 256 #
face $2649 -1 $-1 $2650 $2651 $7 $-1 $2652 forward single #
loop $-1 -1 $-1 $-1 $2653 $2558 #
plane-surface $-1 -1 $-1 0.3836353520241232995 0.4021586571048327841 -0.5 0.4501237210572776037 -0.89296620078340605 0 0.89296620078340605 0.4501237210572776037 0 forward_v I I I I #
coedge $-1 -1 $-1 $2654 $2655 $2656 $2657 reversed $2559 $-1 #
coedge $-1 -1 $-1 $2658 $2561 $2563 $2613 forward $2513 $-1 #
coedge $-1 -1 $-1 $2561 $2658 $2654 $2659 reversed $2513 $-1 #
coedge $-1 -1 $-1 $2656 $2564 $2561 $2611 forward $133 $-1 #
edge $2660 -1 $-1 $2615 0 $2661 0.5927216279217345507 $2610 $2662 forward @7 unknown #
coedge $-1 -1 $-1 $2563 $2562 $2663 $2664 reversed $2467 $-1 #
edge $2665 -1 $-1 $2615 0 $2666 1 $2608 $2667 forward @7 tangent #
color-adesk-attrib $-1 -1 $-1 $-1 $2565 256 #
vertex $-1 -1 $-1 $2565 $2668 #
ellipse-curve $-1 -1 $-1 0.4074919092401574905 1.074831448463312356 -0.5 0 0 1 -0.02385655721603568979 0.04732720864152106799 0 1 F 0 F 2.11169255700029268 #
coedge $-1 -1 $-1 $2571 $2663 $2566 $2618 forward $142 $-1 #
edge $2669 -1 $-1 $2620 -0.5529890742031180473 $2574 -0 $2566 $2670 forward @7 unknown #
color-adesk-attrib $-1 -1 $-1 $-1 $2567 256 #
vertex $-1 -1 $-1 $2567 $2671 #
straight-curve $-1 -1 $-1 0.3836353520241218007 1.122158657104833424 -0.5 0 0 1 I I #
point $-1 -1 $-1 0.3836353520241218007 1.122158657104833424 -0.5 #
color-adesk-attrib $-1 -1 $-1 $-1 $2572 256 #
ellipse-curve $-1 -1 $-1 0.861231450731952064 1.403218940117362479 0.5 0 0 1 0.01921400515842985879 0.03044375150620837189 0 1 I I #
point $-1 -1 $-1 0.877435904690013313 1.371072156889161064 0.5 #
coedge $-1 -1 $-1 $2580 $2672 $2673 $2674 forward $133 $-1 #
coedge $-1 -1 $-1 $2675 $2676 $2580 $2628 reversed $2677 $-1 #
edge $2678 -1 $-1 $2679 0 $2633 0.5927216279217318862 $2580 $2680 forward @7 unknown #
coedge $-1 -1 $-1 $2643 $2581 $2676 $2681 forward $2631 $-1 #
coedge $-1 -1 $-1 $2581 $2643 $2583 $2635 reversed $2631 $-1 #
loop $-1 -1 $-1 $-1 $2581 $2682 #
color-adesk-attrib $-1 -1 $-1 $-1 $2582 256 #
vertex $-1 -1 $-1 $2628 $2683 #
ellipse-curve $-1 -1 $-1 0.861231450731951842 -1.476781059882636526 -0.5 0 0 -1 0.01921400515843008083 0.03044375150620837189 0 1 F 0 F 2.111692557000306891 #
edge $2684 -1 $-1 $2587 0 $2646 1 $2583 $2685 forward @7 tangent #
face $2686 -1 $-1 $2590 $2585 $7 $-1 $2687 forward single #
point $-1 -1 $-1 0.877435904690013091 -1.508927843110839717 -0.5 #
color-adesk-attrib $-1 -1 $-1 $-1 $2589 256 #
straight-curve $-1 -1 $-1 0.3836353520241216342 -1.757841342895165582 -0.5 0 0 1 I I #
color-adesk-attrib $-1 -1 $-1 $-1 $2590 256 #
cone-surface $-1 -1 $-1 0.407491909240157324 -1.80516855153668665 -0.5 0 0 1 -0.02385655721603568979 0.04732720864152106799 0 1 I I 0 -1 0.05300000000000048422 forward I I I I #
coedge $-1 -1 $-1 $2688 $2596 $2689 $2690 forward $142 $-1 #
coedge $-1 -1 $-1 $2630 $2629 $2596 $2644 reversed $2631 $-1 #
edge $2691 -1 $-1 $2646 -2.111692557000306891 $2692 -0 $2643 $2693 forward @7 unknown #
color-adesk-attrib $-1 -1 $-1 $-1 $2598 256 #
vertex $-1 -1 $-1 $2635 $2694 #
straight-curve $-1 -1 $-1 0.877435904690013313 -1.508927843110839717 0.5 0.8929662007834066051 0.450123721057276438 0 I I #
point $-1 -1 $-1 0.3836353520241216342 -1.757841342895165582 0.5 #
color-adesk-attrib $-1 -1 $-1 $-1 $2604 256 #
face $2695 -1 $-1 $2696 $2697 $7 $-1 $2698 forward single #
loop $-1 -1 $-1 $-1 $2699 $2604 #
cone-surface $-1 -1 $-1 0.4074919092401589893 0.3548314484633117161 -0.5 0 0 1 -0.02385655721603573143 0.04732720864152106799 0 1 I I 0 -1 0.05300000000000050504 forward I I I I #
coedge $-1 -1 $-1 $2700 $2701 $2702 $2703 reversed $2605 $-1 #
coedge $-1 -1 $-1 $2704 $2607 $2609 $2659 forward $2559 $-1 #
coedge $-1 -1 $-1 $2607 $2704 $2700 $2705 reversed $2559 $-1 #
coedge $-1 -1 $-1 $2702 $2610 $2607 $2657 forward $133 $-1 #
edge $2706 -1 $-1 $2661 0 $2707 2.111692557000317549 $2656 $2708 forward @7 unknown #
coedge $-1 -1 $-1 $2609 $2608 $2709 $2710 reversed $2513 $-1 #
edge $2711 -1 $-1 $2661 0 $2712 1 $2654 $2713 forward @7 tangent #
color-adesk-attrib $-1 -1 $-1 $-1 $2611 256 #
vertex $-1 -1 $-1 $2611 $2714 #
straight-curve $-1 -1 $-1 0.3792046238680230053 1.030011480968060056 -0.5 0.8456597640613596756 -0.5337223655119631704 0 F 0 F 0.5927216279217345507 #
coedge $-1 -1 $-1 $2617 $2709 $2612 $2664 forward $142 $-1 #
edge $2715 -1 $-1 $2666 -2.11169255700029268 $2620 -0 $2612 $2716 forward @7 unknown #
color-adesk-attrib $-1 -1 $-1 $-1 $2613 256 #
vertex $-1 -1 $-1 $2613 $2717 #
straight-curve $-1 -1 $-1 0.3792046238680229497 1.030011480968060056 -0.5 0 0 1 I I #
point $-1 -1 $-1 0.3792046238680229497 1.030011480968060056 -0.5 #
color-adesk-attrib $-1 -1 $-1 $-1 $2618 256 #
straight-curve $-1 -1 $-1 0.877435904690013535 1.371072156889159288 0.5 0.8929662007834067161 0.450123721057276438 0 I I #
point $-1 -1 $-1 0.3836353520241218007 1.122158657104833424 0.5 #
coedge $-1 -1 $-1 $2626 $2718 $2719 $2720 forward $133 $-1 #
coedge $-1 -1 $-1 $2721 $2722 $2626 $2674 reversed $2723 $-1 #
edge $2724 -1 $-1 $2725 0 $2679 2.111692557000295345 $2626 $2726 forward @7 unknown #
coedge $-1 -1 $-1 $2689 $2627 $2722 $2727 forward $2677 $-1 #
coedge $-1 -1 $-1 $2627 $2689 $2629 $2681 reversed $2677 $-1 #
loop $-1 -1 $-1 $-1 $2627 $2728 #
color-adesk-attrib $-1 -1 $-1 $-1 $2628 256 #
vertex $-1 -1 $-1 $2674 $2729 #
straight-curve $-1 -1 $-1 0.3792046238680247816 -1.129988519031940086 -0.5 0.8456597640613600086 -0.5337223655119626153 0 F 0 F 0.5927216279217318862 #
edge $2730 -1 $-1 $2633 0 $2692 1 $2629 $2731 forward @7 tangent #
face $2732 -1 $-1 $2636 $2631 $7 $-1 $2733 forward single #
point $-1 -1 $-1 0.8804454558903818118 -1.446337308376428155 -0.5 #
color-adesk-attrib $-1 -1 $-1 $-1 $2635 256 #
straight-curve $-1 -1 $-1 0.877435904690013091 -1.508927843110839717 -0.5 0 0 1 I I #
color-adesk-attrib $-1 -1 $-1 $-1 $2636 256 #
plane-surface $-1 -1 $-1 0.3836353520241216342 -1.757841342895165582 -0.5 0.450123721057276438 -0.8929662007834066051 0 0.8929662007834066051 0.450123721057276438 0 forward_v I I I I #
coedge $-1 -1 $-1 $2734 $2642 $2735 $2736 forward $142 $-1 #
coedge $-1 -1 $-1 $2676 $2675 $2642 $2690 reversed $2677 $-1 #
edge $2737 -1 $-1 $2692 -0.5927216279217318862 $2738 -0 $2689 $2739 forward @7 unknown #
color-adesk-attrib $-1 -1 $-1 $-1 $2644 256 #
vertex $-1 -1 $-1 $2681 $2740 #
ellipse-curve $-1 -1 $-1 0.861231450731951842 -1.476781059882636526 0.5 0 0 1 0.01921400515843008083 0.03044375150620837189 0 1 I I #
point $-1 -1 $-1 0.877435904690013091 -1.508927843110839717 0.5 #
color-adesk-attrib $-1 -1 $-1 $-1 $2650 256 #
face $2741 -1 $-1 $2742 $2743 $7 $-1 $2744 forward single #
loop $-1 -1 $-1 $-1 $2745 $2650 #
plane-surface $-1 -1 $-1 0.8804454558903820338 -0.006337308376428651968 -0.5 0.5337223655119625043 0.8456597640613601197 0 -0.8456597640613601197 0.5337223655119625043 0 forward_v I I I I #
coedge $-1 -1 $-1 $2746 $2747 $2748 $2749 reversed $2651 $-1 #
coedge $-1 -1 $-1 $2750 $2653 $2655 $2705 forward $2605 $-1 #
coedge $-1 -1 $-1 $2653 $2750 $2746 $2751 reversed $2605 $-1 #
coedge $-1 -1 $-1 $2748 $2656 $2653 $2703 forward $133 $-1 #
edge $2752 -1 $-1 $2707 0 $2753 0.552989074203116715 $2702 $2754 forward @7 unknown #
coedge $-1 -1 $-1 $2655 $2654 $2755 $2756 reversed $2559 $-1 #
edge $2757 -1 $-1 $2707 0 $2758 1 $2700 $2759 forward @7 tangent #
color-adesk-attrib $-1 -1 $-1 $-1 $2657 256 #
vertex $-1 -1 $-1 $2657 $2760 #
ellipse-curve $-1 -1 $-1 0.861231450731952064 0.6832189401173618393 -0.5 0 0 -1 0.01921400515842985879 0.03044375150620837189 0 1 F 0 F 2.111692557000317549 #
coedge $-1 -1 $-1 $2663 $2755 $2658 $2710 forward $142 $-1 #
edge $2761 -1 $-1 $2712 -0.5927216279217345507 $2666 -0 $2658 $2762 forward @7 unknown #
color-adesk-attrib $-1 -1 $-1 $-1 $2659 256 #
vertex $-1 -1 $-1 $2659 $2763 #
straight-curve $-1 -1 $-1 0.8804454558903820338 0.7136626916235702112 -0.5 0 0 1 I I #
point $-1 -1 $-1 0.8804454558903820338 0.7136626916235702112 -0.5 #
color-adesk-attrib $-1 -1 $-1 $-1 $2664 256 #
ellipse-curve $-1 -1 $-1 0.4074919092401574905 1.074831448463312356 0.5 0 0 -1 -0.02385655721603568979 0.04732720864152106799 0 1 I I #
point $-1 -1 $-1 0.3792046238680229497 1.030011480968060056 0.5 #
coedge $-1 -1 $-1 $2672 $2764 $2765 $2766 forward $133 $-1 #
coedge $-1 -1 $-1 $2767 $2768 $2672 $2720 reversed $2769 $-1 #
edge $2770 -1 $-1 $2771 0 $2725 0.552989074203116604 $2672 $2772 forward @7 unknown #
coedge $-1 -1 $-1 $2735 $2673 $2768 $2773 forward $2723 $-1 #
coedge $-1 -1 $-1 $2673 $2735 $2675 $2727 reversed $2723 $-1 #
loop $-1 -1 $-1 $-1 $2673 $2774 #
color-adesk-attrib $-1 -1 $-1 $-1 $2674 256 #
vertex $-1 -1 $-1 $2720 $2775 #
ellipse-curve $-1 -1 $-1 0.4074919092401589893 -1.085168551536687787 -0.5 0 0 1 -0.02385655721603573143 0.04732720864152106799 0 1 F 0 F 2.111692557000295345 #
edge $2776 -1 $-1 $2679 0 $2738 1 $2675 $2777 forward @7 tangent #
face $2778 -1 $-1 $2682 $2677 $7 $-1 $2779 forward single #
point $-1 -1 $-1 0.3792046238680245596 -1.129988519031940086 -0.5 #
color-adesk-attrib $-1 -1 $-1 $-1 $2681 256 #
straight-curve $-1 -1 $-1 0.8804454558903818118 -1.446337308376428155 -0.5 0 0 1 I I #
color-adesk-attrib $-1 -1 $-1 $-1 $2682 256 #
cone-surface $-1 -1 $-1 0.861231450731951842 -1.476781059882636526 -0.5 0 0 1 0.01921400515843008083 0.03044375150620837189 0 1 I I 0 1 0.03599999999999919931 forward I I I I #
coedge $-1 -1 $-1 $2780 $2688 $2781 $2782 forward $142 $-1 #
coedge $-1 -1 $-1 $2722 $2721 $2688 $2736 reversed $2723 $-1 #
edge $2783 -1 $-1 $2738 -2.111692557000295345 $2784 -0 $2735 $2785 forward @7 unknown #
color-adesk-attrib $-1 -1 $-1 $-1 $2690 256 #
vertex $-1 -1 $-1 $2727 $2786 #
straight-curve $-1 -1 $-1 0.3792046238680247816 -1.129988519031940086 0.5 -0.8456597640613600086 0.5337223655119626153 0 I I #
point $-1 -1 $-1 0.8804454558903818118 -1.446337308376428155 0.5 #
color-adesk-attrib $-1 -1 $-1 $-1 $2696 256 #
face $2787 -1 $-1 $2788 $2789 $7 $-1 $2790 forward single #
loop $-1 -1 $-1 $-1 $2791 $2696 #
cone-surface $-1 -1 $-1 0.8612314507319502876 -0.03678105988263702386 -0.5 0 0 1 0.01921400515843163515 0.03044375150620837189 0 1 I I 0 1 0.03600000000000002504 forward I I I I #
coedge $-1 -1 $-1 $2792 $2793 $2794 $2795 reversed $2697 $-1 #
coedge $-1 -1 $-1 $2796 $2699 $2701 $2751 forward $2651 $-1 #
coedge $-1 -1 $-1 $2699 $2796 $2792 $2797 reversed $2651 $-1 #
coedge $-1 -1 $-1 $2794 $2702 $2699 $2749 forward $133 $-1 #
edge $2798 -1 $-1 $2753 0 $2799 2.111692557000295345 $2748 $2800 forward @7 unknown #
coedge $-1 -1 $-1 $2701 $2700 $2801 $2802 reversed $2605 $-1 #
edge $2803 -1 $-1 $2753 0 $2804 1 $2746 $2805 forward @7 tangent #
color-adesk-attrib $-1 -1 $-1 $-1 $2703 256 #
vertex $-1 -1 $-1 $2703 $2806 #
straight-curve $-1 -1 $-1 0.877435904690013313 0.6510721568891586486 -0.5 -0.892966200783405939 -0.4501237210572775482 0 F 0 F 0.552989074203116715 #
coedge $-1 -1 $-1 $2709 $2801 $2704 $2756 forward $142 $-1 #
edge $2807 -1 $-1 $2758 -2.111692557000317549 $2712 -0 $2704 $2808 forward @7 unknown #
color-adesk-attrib $-1 -1 $-1 $-1 $2705 256 #
vertex $-1 -1 $-1 $2705 $2809 #
straight-curve $-1 -1 $-1 0.877435904690013313 0.651072156889160425 -0.5 0 0 1 I I #
point $-1 -1 $-1 0.877435904690013313 0.651072156889160425 -0.5 #
color-adesk-attrib $-1 -1 $-1 $-1 $2710 256 #
straight-curve $-1 -1 $-1 0.3792046238680230053 1.030011480968060056 0.5 -0.8456597640613596756 0.5337223655119631704 0 I I #
point $-1 -1 $-1 0.8804454558903820338 0.7136626916235702112 0.5 #
coedge $-1 -1 $-1 $2718 $2810 $2811 $2812 forward $133 $-1 #
coedge $-1 -1 $-1 $2813 $2814 $2718 $2766 reversed $2815 $-1 #
edge $2816 -1 $-1 $2817 0 $2771 2.111692557000306891 $2718 $2818 forward @7 unknown #
coedge $-1 -1 $-1 $2781 $2719 $2814 $2819 forward $2769 $-1 #
coedge $-1 -1 $-1 $2719 $2781 $2721 $2773 reversed $2769 $-1 #
loop $-1 -1 $-1 $-1 $2719 $2820 #
color-adesk-attrib $-1 -1 $-1 $-1 $2720 256 #
vertex $-1 -1 $-1 $2766 $2821 #
straight-curve $-1 -1 $-1 0.877435904690013313 -0.788927843110840854 -0.5 -0.892966200783405939 -0.4501237210572776593 0 F 0 F 0.552989074203116604 #
edge $2822 -1 $-1 $2725 0 $2784 1 $2721 $2823 forward @7 tangent #
face $2824 -1 $-1 $2728 $2723 $7 $-1 $2825 forward single #
point $-1 -1 $-1 0.383635352024123244 -1.037841342895166719 -0.5 #
color-adesk-attrib $-1 -1 $-1 $-1 $2727 256 #
straight-curve $-1 -1 $-1 0.3792046238680245596 -1.129988519031940086 -0.5 0 0 1 I I #
color-adesk-attrib $-1 -1 $-1 $-1 $2728 256 #
plane-surface $-1 -1 $-1 0.8804454558903818118 -1.446337308376428155 -0.5 0.5337223655119626153 0.8456597640613600086 0 -0.8456597640613600086 0.5337223655119626153 0 forward_v I I I I #
coedge $-1 -1 $-1 $2826 $2734 $2827 $2828 forward $142 $-1 #
coedge $-1 -1 $-1 $2768 $2767 $2734 $2782 reversed $2769 $-1 #
edge $2829 -1 $-1 $2784 -0.552989074203116604 $2830 -0 $2781 $2831 forward @7 unknown #
color-adesk-attrib $-1 -1 $-1 $-1 $2736 256 #
vertex $-1 -1 $-1 $2773 $2832 #
ellipse-curve $-1 -1 $-1 0.4074919092401589893 -1.085168551536687787 0.5 0 0 -1 -0.02385655721603573143 0.04732720864152106799 0 1 I I #
point $-1 -1 $-1 0.3792046238680246151 -1.129988519031940086 0.5 #
color-adesk-attrib $-1 -1 $-1 $-1 $2742 256 #
face $2833 -1 $-1 $2834 $2835 $7 $-1 $2836 forward single #
loop $-1 -1 $-1 $-1 $2837 $2742 #
plane-surface $-1 -1 $-1 0.3836353520241218007 -0.3178413428951660791 -0.5 0.450123721057276549 -0.8929662007834064941 0 0.8929662007834064941 0.450123721057276549 0 forward_v I I I I #
coedge $-1 -1 $-1 $2838 $2839 $2840 $2841 reversed $2743 $-1 #
coedge $-1 -1 $-1 $2842 $2745 $2747 $2797 forward $2697 $-1 #
coedge $-1 -1 $-1 $2745 $2842 $2838 $2843 reversed $2697 $-1 #
coedge $-1 -1 $-1 $2840 $2748 $2745 $2795 forward $133 $-1 #
edge $2844 -1 $-1 $2799 0 $2845 0.5927216279217319972 $2794 $2846 forward @7 unknown #
coedge $-1 -1 $-1 $2747 $2746 $2847 $2848 reversed $2651 $-1 #
edge $2849 -1 $-1 $2799 0 $2850 1 $2792 $2851 forward @7 tangent #
color-adesk-attrib $-1 -1 $-1 $-1 $2749 256 #
vertex $-1 -1 $-1 $2749 $2852 #
ellipse-curve $-1 -1 $-1 0.4074919092401589893 0.3548314484633117161 -0.5 0 0 1 -0.02385655721603573143 0.04732720864152106799 0 1 F 0 F 2.111692557000295345 #
coedge $-1 -1 $-1 $2755 $2847 $2750 $2802 forward $142 $-1 #
edge $2853 -1 $-1 $2804 -0.552989074203116715 $2758 -0 $2750 $2854 forward @7 unknown #
color-adesk-attrib $-1 -1 $-1 $-1 $2751 256 #
vertex $-1 -1 $-1 $2751 $2855 #
straight-curve $-1 -1 $-1 0.3836353520241232995 0.4021586571048327841 -0.5 0 0 1 I I #
point $-1 -1 $-1 0.3836353520241232995 0.4021586571048327841 -0.5 #
color-adesk-attrib $-1 -1 $-1 $-1 $2756 256 #
ellipse-curve $-1 -1 $-1 0.861231450731952064 0.6832189401173618393 0.5 0 0 1 0.01921400515842985879 0.03044375150620837189 0 1 I I #
point $-1 -1 $-1 0.877435904690013313 0.651072156889160425 0.5 #
coedge $-1 -1 $-1 $2764 $2856 $2857 $2858 forward $133 $-1 #
coedge $-1 -1 $-1 $2859 $2860 $2764 $2812 reversed $2861 $-1 #
edge $2862 -1 $-1 $2863 0 $2817 0.5927216279217344397 $2764 $2864 forward @7 unknown #
coedge $-1 -1 $-1 $2827 $2765 $2860 $2865 forward $2815 $-1 #
coedge $-1 -1 $-1 $2765 $2827 $2767 $2819 reversed $2815 $-1 #
loop $-1 -1 $-1 $-1 $2765 $2866 #
color-adesk-attrib $-1 -1 $-1 $-1 $2766 256 #
vertex $-1 -1 $-1 $2812 $2867 #
ellipse-curve $-1 -1 $-1 0.861231450731951842 -0.7567810598826376633 -0.5 0 0 -1 0.01921400515843008083 0.03044375150620837189 0 1 F 0 F 2.111692557000306891 #
edge $2868 -1 $-1 $2771 0 $2830 1 $2767 $2869 forward @7 tangent #
face $2870 -1 $-1 $2774 $2769 $7 $-1 $2871 forward single #
point $-1 -1 $-1 0.877435904690013091 -0.788927843110840854 -0.5 #
color-adesk-attrib $-1 -1 $-1 $-1 $2773 256 #
straight-curve $-1 -1 $-1 0.383635352024123244 -1.037841342895166719 -0.5 0 0 1 I I #
color-adesk-attrib $-1 -1 $-1 $-1 $2774 256 #
cone-surface $-1 -1 $-1 0.4074919092401589893 -1.085168551536687787 -0.5 0 0 1 -0.02385655721603573143 0.04732720864152106799 0 1 I I 0 -1 0.05300000000000050504 forward I I I I #
coedge $-1 -1 $-1 $2872 $2780 $2873 $2874 forward $142 $-1 #
coedge $-1 -1 $-1 $2814 $2813 $2780 $2828 reversed $2815 $-1 #
edge $2875 -1 $-1 $2830 -2.111692557000306891 $2876 -0 $2827 $2877 forward @7 unknown #
color-adesk-attrib $-1 -1 $-1 $-1 $2782 256 #
vertex $-1 -1 $-1 $2819 $2878 #
straight-curve $-1 -1 $-1 0.877435904690013313 -0.788927843110840854 0.5 0.892966200783405939 0.4501237210572776593 0 I I #
point $-1 -1 $-1 0.383635352024123244 -1.037841342895166719 0.5 #
color-adesk-attrib $-1 -1 $-1 $-1 $2788 256 #
face $2879 -1 $-1 $2866 $2861 $7 $-1 $2880 forward single #
loop $-1 -1 $-1 $-1 $2857 $2788 #
cone-surface $-1 -1 $-1 0.4074919092401573795 -0.3651685515366871471 -0.5 0 0 1 -0.02385655721603566204 0.04732720864152106799 0 1 I I 0 -1 0.05300000000000047035 forward I I I I #
coedge $-1 -1 $-1 $2881 $2882 $2856 $2883 reversed $2789 $-1 #
coedge $-1 -1 $-1 $2884 $2791 $2793 $2843 forward $2743 $-1 #
coedge $-1 -1 $-1 $2791 $2884 $2881 $2885 reversed $2743 $-1 #
coedge $-1 -1 $-1 $2856 $2794 $2791 $2841 forward $133 $-1 #
edge $2886 -1 $-1 $2845 0 $2887 2.111692557000257153 $2840 $2888 forward @7 unknown #
coedge $-1 -1 $-1 $2793 $2792 $2889 $2890 reversed $2697 $-1 #
edge $2891 -1 $-1 $2845 0 $2892 1 $2838 $2893 forward @7 tangent #
color-adesk-attrib $-1 -1 $-1 $-1 $2795 256 #
vertex $-1 -1 $-1 $2795 $2894 #
straight-curve $-1 -1 $-1 0.3792046238680248371 0.3100114809680594163 -0.5 0.8456597640613601197 -0.5337223655119625043 0 F 0 F 0.5927216279217319972 #
coedge $-1 -1 $-1 $2801 $2889 $2796 $2848 forward $142 $-1 #
edge $2895 -1 $-1 $2850 -2.111692557000295345 $2804 -0 $2796 $2896 forward @7 unknown #
color-adesk-attrib $-1 -1 $-1 $-1 $2797 256 #
vertex $-1 -1 $-1 $2797 $2897 #
straight-curve $-1 -1 $-1 0.3792046238680246151 0.3100114809680594163 -0.5 0 0 1 I I #
point $-1 -1 $-1 0.3792046238680246151 0.3100114809680594163 -0.5 #
color-adesk-attrib $-1 -1 $-1 $-1 $2802 256 #
straight-curve $-1 -1 $-1 0.877435904690013313 0.6510721568891586486 0.5 0.892966200783405939 0.4501237210572775482 0 I I #
point $-1 -1 $-1 0.3836353520241232995 0.4021586571048327841 0.5 #
coedge $-1 -1 $-1 $2810 $2840 $2837 $2883 forward $133 $-1 #
coedge $-1 -1 $-1 $2898 $2899 $2810 $2858 reversed $2835 $-1 #
edge $2900 -1 $-1 $2901 0 $2863 2.111692557000293125 $2810 $2902 forward @7 unknown #
coedge $-1 -1 $-1 $2873 $2811 $2899 $2903 forward $2861 $-1 #
coedge $-1 -1 $-1 $2811 $2873 $2813 $2865 reversed $2861 $-1 #
loop $-1 -1 $-1 $-1 $2811 $2834 #
color-adesk-attrib $-1 -1 $-1 $-1 $2812 256 #
vertex $-1 -1 $-1 $2858 $2904 #
straight-curve $-1 -1 $-1 0.3792046238680228942 -0.4099885190319394468 -0.5 0.8456597640613595646 -0.5337223655119632815 0 F 0 F 0.5927216279217344397 #
edge $2905 -1 $-1 $2817 0 $2876 1 $2813 $2906 forward @7 tangent #
face $2907 -1 $-1 $2820 $2815 $7 $-1 $2908 forward single #
point $-1 -1 $-1 0.8804454558903818118 -0.7263373083764292915 -0.5 #
color-adesk-attrib $-1 -1 $-1 $-1 $2819 256 #
straight-curve $-1 -1 $-1 0.877435904690013091 -0.788927843110840854 -0.5 0 0 1 I I #
color-adesk-attrib $-1 -1 $-1 $-1 $2820 256 #
plane-surface $-1 -1 $-1 0.383635352024123244 -1.037841342895166719 -0.5 0.4501237210572776593 -0.892966200783405939 0 0.892966200783405939 0.4501237210572776593 0 forward_v I I I I #
coedge $-1 -1 $-1 $2909 $2826 $2910 $2911 forward $142 $-1 #
coedge $-1 -1 $-1 $2860 $2859 $2826 $2874 reversed $2861 $-1 #
edge $2912 -1 $-1 $2876 -0.5927216279217344397 $2913 -0 $2873 $2914 forward @7 unknown #
color-adesk-attrib $-1 -1 $-1 $-1 $2828 256 #
vertex $-1 -1 $-1 $2865 $2915 #
ellipse-curve $-1 -1 $-1 0.861231450731951842 -0.7567810598826376633 0.5 0 0 1 0.01921400515843008083 0.03044375150620837189 0 1 I I #
point $-1 -1 $-1 0.877435904690013091 -0.788927843110840854 0.5 #
color-adesk-attrib $-1 -1 $-1 $-1 $2834 256 #
plane-surface $-1 -1 $-1 0.8804454558903818118 -0.7263373083764292915 -0.5 0.5337223655119632815 0.8456597640613595646 0 -0.8456597640613595646 0.5337223655119632815 0 forward_v I I I I #
coedge $-1 -1 $-1 $2916 $2837 $2839 $2885 forward $2789 $-1 #
coedge $-1 -1 $-1 $2837 $2916 $2898 $2917 reversed $2789 $-1 #
edge $2918 -1 $-1 $2887 0 $2901 0.5529890742031179363 $2856 $2919 forward @7 unknown #
coedge $-1 -1 $-1 $2839 $2838 $2920 $2921 reversed $2743 $-1 #
edge $2922 -1 $-1 $2887 0 $2923 1 $2881 $2924 forward @7 tangent #
color-adesk-attrib $-1 -1 $-1 $-1 $2841 256 #
vertex $-1 -1 $-1 $2841 $2925 #
ellipse-curve $-1 -1 $-1 0.8612314507319502876 -0.03678105988263702386 -0.5 0 0 -1 0.01921400515843163515 0.03044375150620837189 0 1 F 0 F 2.111692557000257153 #
coedge $-1 -1 $-1 $2847 $2920 $2842 $2890 forward $142 $-1 #
edge $2926 -1 $-1 $2892 -0.5927216279217319972 $2850 -0 $2842 $2927 forward @7 unknown #
color-adesk-attrib $-1 -1 $-1 $-1 $2843 256 #
vertex $-1 -1 $-1 $2843 $2928 #
straight-curve $-1 -1 $-1 0.8804454558903820338 -0.006337308376428651968 -0.5 0 0 1 I I #
point $-1 -1 $-1 0.8804454558903820338 -0.006337308376428651968 -0.5 #
color-adesk-attrib $-1 -1 $-1 $-1 $2848 256 #
ellipse-curve $-1 -1 $-1 0.4074919092401589893 0.3548314484633117161 0.5 0 0 -1 -0.02385655721603573143 0.04732720864152106799 0 1 I I #
point $-1 -1 $-1 0.3792046238680246151 0.3100114809680594163 0.5 #
coedge $-1 -1 $-1 $2910 $2857 $2882 $2917 forward $2835 $-1 #
coedge $-1 -1 $-1 $2857 $2910 $2859 $2903 reversed $2835 $-1 #
color-adesk-attrib $-1 -1 $-1 $-1 $2858 256 #
vertex $-1 -1 $-1 $2883 $2929 #
ellipse-curve $-1 -1 $-1 0.4074919092401573795 -0.3651685515366871471 -0.5 0 0 1 -0.02385655721603566204 0.04732720864152106799 0 1 F 0 F 2.111692557000293125 #
edge $2930 -1 $-1 $2863 0 $2913 1 $2859 $2931 forward @7 tangent #
point $-1 -1 $-1 0.3792046238680228387 -0.4099885190319394468 -0.5 #
color-adesk-attrib $-1 -1 $-1 $-1 $2865 256 #
straight-curve $-1 -1 $-1 0.8804454558903818118 -0.7263373083764292915 -0.5 0 0 1 I I #
color-adesk-attrib $-1 -1 $-1 $-1 $2866 256 #
cone-surface $-1 -1 $-1 0.861231450731951842 -0.7567810598826376633 -0.5 0 0 1 0.01921400515843008083 0.03044375150620837189 0 1 I I 0 1 0.03599999999999919931 forward I I I I #
coedge $-1 -1 $-1 $2920 $2872 $2916 $2932 forward $142 $-1 #
coedge $-1 -1 $-1 $2899 $2898 $2872 $2911 reversed $2835 $-1 #
edge $2933 -1 $-1 $2913 -2.111692557000293125 $2934 -0 $2910 $2935 forward @7 unknown #
color-adesk-attrib $-1 -1 $-1 $-1 $2874 256 #
vertex $-1 -1 $-1 $2903 $2936 #
straight-curve $-1 -1 $-1 0.3792046238680228942 -0.4099885190319394468 0.5 -0.8456597640613595646 0.5337223655119632815 0 I I #
point $-1 -1 $-1 0.8804454558903818118 -0.7263373083764292915 0.5 #
coedge $-1 -1 $-1 $2882 $2881 $2909 $2932 reversed $2789 $-1 #
edge $2937 -1 $-1 $2901 0 $2934 1 $2898 $2938 forward @7 tangent #
color-adesk-attrib $-1 -1 $-1 $-1 $2883 256 #
straight-curve $-1 -1 $-1 0.877435904690013313 -0.06892784311084021454 -0.5 -0.8929662007834064941 -0.450123721057276549 0 F 0 F 0.5529890742031179363 #
coedge $-1 -1 $-1 $2889 $2909 $2884 $2921 forward $142 $-1 #
edge $2939 -1 $-1 $2923 -2.111692557000257153 $2892 -0 $2884 $2940 forward @7 unknown #
color-adesk-attrib $-1 -1 $-1 $-1 $2885 256 #
vertex $-1 -1 $-1 $2885 $2941 #
straight-curve $-1 -1 $-1 0.8774359046900124248 -0.06892784311084021454 -0.5 0 0 1 I I #
point $-1 -1 $-1 0.8774359046900124248 -0.06892784311084021454 -0.5 #
color-adesk-attrib $-1 -1 $-1 $-1 $2890 256 #
straight-curve $-1 -1 $-1 0.3792046238680248371 0.3100114809680594163 0.5 -0.8456597640613601197 0.5337223655119625043 0 I I #
point $-1 -1 $-1 0.8804454558903820338 -0.006337308376428651968 0.5 #
point $-1 -1 $-1 0.3836353520241218007 -0.3178413428951660791 -0.5 #
color-adesk-attrib $-1 -1 $-1 $-1 $2903 256 #
straight-curve $-1 -1 $-1 0.3792046238680228387 -0.4099885190319394468 -0.5 0 0 1 I I #
edge $2942 -1 $-1 $2934 -0.5529890742031179363 $2923 -0 $2916 $2943 forward @7 unknown #
color-adesk-attrib $-1 -1 $-1 $-1 $2911 256 #
vertex $-1 -1 $-1 $2917 $2944 #
ellipse-curve $-1 -1 $-1 0.4074919092401573795 -0.3651685515366871471 0.5 0 0 -1 -0.02385655721603566204 0.04732720864152106799 0 1 I I #
point $-1 -1 $-1 0.3792046238680228387 -0.4099885190319394468 0.5 #
color-adesk-attrib $-1 -1 $-1 $-1 $2917 256 #
straight-curve $-1 -1 $-1 0.3836353520241218007 -0.3178413428951660791 -0.5 0 0 1 I I #
color-adesk-attrib $-1 -1 $-1 $-1 $2921 256 #
ellipse-curve $-1 -1 $-1 0.8612314507319502876 -0.03678105988263702386 0.5 0 0 1 0.01921400515843163515 0.03044375150620837189 0 1 I I #
point $-1 -1 $-1 0.8774359046900124248 -0.06892784311084021454 0.5 #
color-adesk-attrib $-1 -1 $-1 $-1 $2932 256 #
straight-curve $-1 -1 $-1 0.877435904690013313 -0.06892784311084021454 0.5 0.8929662007834064941 0.450123721057276549 0 I I #
point $-1 -1 $-1 0.3836353520241218007 -0.3178413428951660791 0.5 #
