700 11226 2 0       
16 Autodesk AutoCAD 20 ASM 230.7.0.65535 NT 24 Tue Sep  2 11:16:59 2025 
1 9.999999999999999547e-07 1.000000000000000036e-10 
body $-1 -1 $-1 $2 $-1 $3 #
body $-1 -1 $-1 $4 $-1 $5 #
lump $-1 -1 $-1 $-1 $6 $0 #
transform $-1 -1 1 0 0 0 1 0 0 0 1 190.5 20.42000000000000171 0.5 1 no_rotate no_reflect no_shear #
lump $-1 -1 $-1 $7 $8 $1 #
transform $-1 -1 1 0 0 0 1 0 0 0 1 -0.2999999999999999889 19.92000000000000171 0.5 1 no_rotate no_reflect no_shear #
shell $-1 -1 $-1 $-1 $-1 $9 $-1 $2 #
lump $-1 -1 $-1 $-1 $10 $1 #
shell $-1 -1 $-1 $-1 $-1 $11 $-1 $4 #
face $12 -1 $-1 $13 $14 $6 $-1 $15 forward single #
shell $-1 -1 $-1 $-1 $-1 $16 $-1 $7 #
face $17 -1 $-1 $18 $19 $8 $-1 $20 forward single #
color-adesk-attrib $-1 -1 $-1 $-1 $9 256 #
face $21 -1 $-1 $22 $23 $6 $-1 $24 reversed single #
loop $-1 -1 $-1 $-1 $25 $9 #
plane-surface $-1 -1 $-1 0 0 0.5 0 0 1 1 0 0 forward_v I I I I #
face $26 -1 $-1 $27 $28 $10 $-1 $29 forward single #
color-adesk-attrib $-1 -1 $-1 $-1 $11 256 #
face $30 -1 $-1 $31 $32 $8 $-1 $33 forward single #
loop $-1 -1 $-1 $-1 $34 $11 #
plane-surface $-1 -1 $-1 0.3000000000000000444 -19.67903614457831196 -0.5 0.8334997309465151938 -0.5525198625498335403 0 0.5525198625498335403 0.8334997309465151938 0 forward_v I I I I #
color-adesk-attrib $-1 -1 $-1 $-1 $13 256 #
face $35 -1 $-1 $36 $37 $6 $-1 $38 reversed single #
loop $-1 -1 $-1 $-1 $39 $13 #
plane-surface $-1 -1 $-1 0 0 -0.5 0 0 1 1 0 0 forward_v I I I I #
coedge $-1 -1 $-1 $40 $41 $42 $43 forward $14 $-1 #
color-adesk-attrib $-1 -1 $-1 $-1 $16 256 #
face $44 -1 $-1 $45 $46 $10 $-1 $47 forward single #
loop $-1 -1 $-1 $-1 $48 $16 #
plane-surface $-1 -1 $-1 0.3000000000000024314 20.07999999999999829 -0.5 0.8334997309465151938 -0.5525198625498335403 0 0.5525198625498335403 0.8334997309465151938 0 forward_v I I I I #
color-adesk-attrib $-1 -1 $-1 $-1 $18 256 #
face $49 -1 $-1 $50 $51 $8 $-1 $52 forward single #
loop $-1 -1 $-1 $-1 $53 $18 #
plane-surface $-1 -1 $-1 0.4599942359067061837 -19.4376780294766931 -0.5 -0.008488219385113101104 0.99996397441691387 0 -0.99996397441691387 -0.008488219385113101104 0 forward_v I I I I #
coedge $-1 -1 $-1 $54 $55 $56 $57 forward $19 $-1 #
color-adesk-attrib $-1 -1 $-1 $-1 $22 256 #
face $58 -1 $-1 $59 $60 $6 $-1 $61 reversed single #
loop $-1 -1 $-1 $-1 $62 $22 #
plane-surface $-1 -1 $-1 0 -0.5 0 0 1 -0 -0 0 1 forward_v I I I I #
coedge $-1 -1 $-1 $63 $64 $65 $66 forward $23 $-1 #
coedge $-1 -1 $-1 $67 $25 $68 $69 forward $14 $-1 #
coedge $-1 -1 $-1 $25 $67 $70 $71 forward $14 $-1 #
coedge $-1 -1 $-1 $72 $73 $25 $43 reversed $74 $-1 #
edge $75 -1 $-1 $76 -0.5 $77 0.5 $42 $78 forward @7 unknown #
color-adesk-attrib $-1 -1 $-1 $-1 $27 256 #
face $79 -1 $-1 $80 $81 $10 $-1 $82 forward single #
loop $-1 -1 $-1 $-1 $83 $27 #
plane-surface $-1 -1 $-1 0.3000000000000024314 20.31999999999999673 -0.5 -1 -2.891205793294678696e-17 0 2.891205793294678696e-17 -1 0 forward_v I I I I #
coedge $-1 -1 $-1 $84 $85 $86 $87 forward $28 $-1 #
color-adesk-attrib $-1 -1 $-1 $-1 $31 256 #
face $88 -1 $-1 $89 $90 $8 $-1 $91 forward single #
loop $-1 -1 $-1 $-1 $92 $31 #
plane-surface $-1 -1 $-1 0.3000000000000000444 -19.19710843373493958 -0.5 0.8334997309465151938 -0.5525198625498335403 0 0.5525198625498335403 0.8334997309465151938 0 forward_v I I I I #
coedge $-1 -1 $-1 $93 $94 $95 $96 forward $32 $-1 #
coedge $-1 -1 $-1 $97 $34 $94 $98 forward $19 $-1 #
coedge $-1 -1 $-1 $34 $97 $99 $100 reversed $19 $-1 #
coedge $-1 -1 $-1 $101 $95 $34 $57 reversed $102 $-1 #
edge $103 -1 $-1 $104 0 $105 0.2895719172308956479 $34 $106 forward @7 unknown #
color-adesk-attrib $-1 -1 $-1 $-1 $36 256 #
face $107 -1 $-1 $108 $109 $6 $-1 $110 reversed single #
loop $-1 -1 $-1 $-1 $111 $36 #
plane-surface $-1 -1 $-1 -0.5 0 0 1 0 0 0 0 -1 forward_v I I I I #
coedge $-1 -1 $-1 $112 $70 $113 $114 forward $37 $-1 #
coedge $-1 -1 $-1 $115 $39 $112 $116 forward $23 $-1 #
coedge $-1 -1 $-1 $39 $115 $117 $118 forward $23 $-1 #
coedge $-1 -1 $-1 $73 $72 $39 $66 reversed $74 $-1 #
edge $119 -1 $-1 $120 -0.5 $121 0.5 $65 $122 forward @7 unknown #
coedge $-1 -1 $-1 $41 $40 $123 $124 forward $14 $-1 #
coedge $-1 -1 $-1 $125 $126 $40 $69 reversed $109 $-1 #
edge $127 -1 $-1 $77 -0.5 $128 0.5 $68 $129 forward @7 unknown #
coedge $-1 -1 $-1 $62 $130 $41 $71 reversed $37 $-1 #
edge $131 -1 $-1 $132 -0.5 $76 0.5 $70 $133 forward @7 unknown #
coedge $-1 -1 $-1 $65 $42 $130 $134 forward $74 $-1 #
coedge $-1 -1 $-1 $42 $65 $125 $135 reversed $74 $-1 #
loop $-1 -1 $-1 $-1 $72 $108 #
color-adesk-attrib $-1 -1 $-1 $-1 $43 256 #
vertex $-1 -1 $-1 $43 $136 #
vertex $-1 -1 $-1 $43 $137 #
straight-curve $-1 -1 $-1 0.5 0 0.5 0 1 0 I I #
color-adesk-attrib $-1 -1 $-1 $-1 $45 256 #
face $138 -1 $-1 $139 $140 $10 $-1 $141 forward single #
loop $-1 -1 $-1 $-1 $142 $45 #
plane-surface $-1 -1 $-1 0.4599942359067086262 20.32135811510161716 -0.5 -0.008488219385113101104 0.99996397441691387 0 -0.99996397441691387 -0.008488219385113101104 0 forward_v I I I I #
coedge $-1 -1 $-1 $143 $144 $145 $146 forward $46 $-1 #
coedge $-1 -1 $-1 $147 $48 $148 $149 forward $28 $-1 #
coedge $-1 -1 $-1 $48 $147 $143 $150 reversed $28 $-1 #
coedge $-1 -1 $-1 $145 $151 $48 $87 reversed $152 $-1 #
edge $153 -1 $-1 $154 0 $155 0.2895719172308956479 $48 $156 forward @7 unknown #
color-adesk-attrib $-1 -1 $-1 $-1 $50 256 #
face $157 -1 $-1 $158 $159 $8 $-1 $160 forward single #
loop $-1 -1 $-1 $-1 $161 $50 #
plane-surface $-1 -1 $-1 0.4599942359067062392 -18.95575031863332072 -0.5 -0.008488219385113101104 0.99996397441691387 0 -0.99996397441691387 -0.008488219385113101104 0 forward_v I I I I #
coedge $-1 -1 $-1 $162 $163 $164 $165 forward $51 $-1 #
coedge $-1 -1 $-1 $166 $53 $167 $168 reversed $32 $-1 #
coedge $-1 -1 $-1 $53 $166 $54 $98 reversed $32 $-1 #
coedge $-1 -1 $-1 $56 $169 $53 $96 reversed $102 $-1 #
edge $170 -1 $-1 $105 0 $171 0.1600000000000000033 $53 $172 forward @7 unknown #
coedge $-1 -1 $-1 $55 $54 $173 $174 reversed $19 $-1 #
edge $175 -1 $-1 $105 0 $176 1 $94 $177 forward @7 unknown #
coedge $-1 -1 $-1 $178 $179 $55 $100 forward $180 $-1 #
edge $181 -1 $-1 $104 -0.25 $182 0.75 $99 $183 forward @7 unknown #
coedge $-1 -1 $-1 $184 $56 $179 $185 forward $102 $-1 #
loop $-1 -1 $-1 $-1 $186 $187 #
color-adesk-attrib $-1 -1 $-1 $-1 $57 256 #
vertex $-1 -1 $-1 $185 $188 #
vertex $-1 -1 $-1 $96 $189 #
straight-curve $-1 -1 $-1 0.3000000000000000444 -19.67903614457831196 -0.5 0.5525198625498334293 0.8334997309465150828 0 F 0 F 0.2895719172308956479 #
color-adesk-attrib $-1 -1 $-1 $-1 $59 256 #
face $190 -1 $-1 $-1 $74 $6 $-1 $191 reversed single #
loop $-1 -1 $-1 $-1 $125 $59 #
plane-surface $-1 -1 $-1 0 0.5 0 0 -1 0 0 0 -1 forward_v I I I I #
coedge $-1 -1 $-1 $192 $123 $126 $193 forward $60 $-1 #
coedge $-1 -1 $-1 $130 $62 $63 $116 reversed $37 $-1 #
coedge $-1 -1 $-1 $123 $192 $62 $114 reversed $60 $-1 #
edge $194 -1 $-1 $132 -0.5 $195 0.5 $113 $196 forward @7 unknown #
coedge $-1 -1 $-1 $64 $63 $192 $197 forward $23 $-1 #
edge $198 -1 $-1 $121 -0.5 $195 0.5 $112 $199 forward @7 unknown #
coedge $-1 -1 $-1 $126 $125 $64 $118 reversed $109 $-1 #
edge $200 -1 $-1 $201 -0.5 $120 0.5 $117 $202 forward @7 unknown #
color-adesk-attrib $-1 -1 $-1 $-1 $66 256 #
vertex $-1 -1 $-1 $66 $203 #
vertex $-1 -1 $-1 $134 $204 #
straight-curve $-1 -1 $-1 0.5 0 -0.5 0 -1 0 I I #
coedge $-1 -1 $-1 $111 $113 $67 $124 reversed $60 $-1 #
edge $205 -1 $-1 $128 -0.5 $132 0.5 $123 $206 forward @7 unknown #
coedge $-1 -1 $-1 $117 $68 $73 $135 forward $109 $-1 #
coedge $-1 -1 $-1 $68 $117 $111 $193 reversed $109 $-1 #
color-adesk-attrib $-1 -1 $-1 $-1 $69 256 #
vertex $-1 -1 $-1 $69 $207 #
straight-curve $-1 -1 $-1 0 0.5 0.5 -1 0 0 I I #
coedge $-1 -1 $-1 $70 $112 $72 $134 reversed $37 $-1 #
color-adesk-attrib $-1 -1 $-1 $-1 $71 256 #
vertex $-1 -1 $-1 $124 $208 #
straight-curve $-1 -1 $-1 0 -0.5 0.5 1 0 0 I I #
edge $209 -1 $-1 $76 -0.5 $121 0.5 $72 $210 forward @7 unknown #
edge $211 -1 $-1 $77 -0.5 $120 0.5 $73 $212 forward @7 unknown #
point $-1 -1 $-1 0.5 -0.5 0.5 #
point $-1 -1 $-1 0.5 0.5 0.5 #
color-adesk-attrib $-1 -1 $-1 $-1 $80 256 #
face $213 -1 $-1 $-1 $152 $10 $-1 $214 reversed single #
loop $-1 -1 $-1 $-1 $215 $80 #
plane-surface $-1 -1 $-1 0.3521547597756862213 20.22828607824308378 0.5 0 0 1 1 0 0 forward_v I I I I #
coedge $-1 -1 $-1 $216 $148 $151 $217 forward $81 $-1 #
coedge $-1 -1 $-1 $218 $83 $85 $150 forward $46 $-1 #
coedge $-1 -1 $-1 $83 $218 $216 $219 reversed $46 $-1 #
coedge $-1 -1 $-1 $151 $86 $83 $146 reversed $152 $-1 #
edge $220 -1 $-1 $221 0 $154 0.2399999999999999634 $83 $222 forward @7 unknown #
coedge $-1 -1 $-1 $85 $84 $223 $224 reversed $28 $-1 #
coedge $-1 -1 $-1 $142 $225 $84 $149 reversed $81 $-1 #
edge $226 -1 $-1 $155 0 $227 1 $148 $228 forward @7 unknown #
edge $229 -1 $-1 $154 0 $230 1 $143 $231 forward @7 unknown #
coedge $-1 -1 $-1 $86 $145 $142 $217 reversed $152 $-1 #
loop $-1 -1 $-1 $-1 $151 $139 #
color-adesk-attrib $-1 -1 $-1 $-1 $87 256 #
vertex $-1 -1 $-1 $146 $232 #
vertex $-1 -1 $-1 $217 $233 #
straight-curve $-1 -1 $-1 0.3000000000000024314 20.07999999999999829 -0.5 0.5525198625498334293 0.8334997309465150828 0 F 0 F 0.2895719172308956479 #
color-adesk-attrib $-1 -1 $-1 $-1 $89 256 #
face $234 -1 $-1 $235 $236 $8 $-1 $237 forward single #
loop $-1 -1 $-1 $-1 $238 $89 #
plane-surface $-1 -1 $-1 0.3000000000000000444 -18.7151807228915672 -0.5 0.8334997309465151938 -0.5525198625498335403 0 0.5525198625498335403 0.8334997309465151938 0 forward_v I I I I #
coedge $-1 -1 $-1 $239 $240 $241 $242 forward $90 $-1 #
coedge $-1 -1 $-1 $243 $92 $240 $244 forward $51 $-1 #
coedge $-1 -1 $-1 $92 $243 $245 $246 reversed $51 $-1 #
coedge $-1 -1 $-1 $247 $241 $92 $165 reversed $102 $-1 #
edge $248 -1 $-1 $249 0 $250 0.2895719172308956479 $92 $251 forward @7 unknown #
coedge $-1 -1 $-1 $94 $93 $252 $253 reversed $32 $-1 #
coedge $-1 -1 $-1 $254 $255 $93 $168 forward $256 $-1 #
edge $257 -1 $-1 $258 -0.75 $171 0.25 $167 $259 forward @7 unknown #
coedge $-1 -1 $-1 $95 $260 $254 $261 forward $102 $-1 #
color-adesk-attrib $-1 -1 $-1 $-1 $96 256 #
vertex $-1 -1 $-1 $96 $262 #
straight-curve $-1 -1 $-1 0.4599942359067061837 -19.4376780294766931 -0.5 -0.9999639744169136479 -0.008488219385113099369 0 F 0 F 0.1600000000000000033 #
coedge $-1 -1 $-1 $252 $263 $97 $174 forward $264 $-1 #
edge $265 -1 $-1 $182 0 $176 0.2895719172308956479 $97 $266 forward @7 unknown #
color-adesk-attrib $-1 -1 $-1 $-1 $98 256 #
vertex $-1 -1 $-1 $98 $267 #
straight-curve $-1 -1 $-1 0.4599942359067061837 -19.4376780294766931 -0.5 0 0 1 I I #
coedge $-1 -1 $-1 $268 $99 $263 $269 reversed $180 $-1 #
coedge $-1 -1 $-1 $99 $268 $101 $185 reversed $180 $-1 #
loop $-1 -1 $-1 $-1 $99 $270 #
color-adesk-attrib $-1 -1 $-1 $-1 $100 256 #
vertex $-1 -1 $-1 $174 $271 #
straight-curve $-1 -1 $-1 0.2999999999999998224 -19.67903614457831551 -0.25 0 0 1 I I #
coedge $-1 -1 $-1 $272 $101 $273 $274 reversed $102 $-1 #
edge $275 -1 $-1 $104 19.67903614457831196 $276 19.67999999999999972 $179 $277 forward @7 unknown #
coedge $-1 -1 $-1 $278 $279 $280 $281 forward $102 $-1 #
face $282 -1 $-1 $283 $102 $8 $-1 $284 reversed single #
point $-1 -1 $-1 0.3000000000000000444 -19.67903614457831196 -0.5 #
point $-1 -1 $-1 0.4599942359067061837 -19.4376780294766931 -0.5 #
color-adesk-attrib $-1 -1 $-1 $-1 $108 256 #
plane-surface $-1 -1 $-1 0.5 0 0 -1 0 0 0 -0 1 forward_v I I I I #
coedge $-1 -1 $-1 $113 $111 $115 $197 reversed $60 $-1 #
edge $285 -1 $-1 $128 -0.5 $201 0.5 $126 $286 forward @7 unknown #
color-adesk-attrib $-1 -1 $-1 $-1 $114 256 #
vertex $-1 -1 $-1 $197 $287 #
straight-curve $-1 -1 $-1 -0.5 -0.5 0 0 0 -1 I I #
edge $288 -1 $-1 $195 -0.5 $201 0.5 $192 $289 forward @7 unknown #
color-adesk-attrib $-1 -1 $-1 $-1 $116 256 #
straight-curve $-1 -1 $-1 0 -0.5 -0.5 -1 0 0 I I #
color-adesk-attrib $-1 -1 $-1 $-1 $118 256 #
vertex $-1 -1 $-1 $118 $290 #
straight-curve $-1 -1 $-1 0 0.5 -0.5 1 0 0 I I #
point $-1 -1 $-1 0.5 0.5 -0.5 #
point $-1 -1 $-1 0.5 -0.5 -0.5 #
color-adesk-attrib $-1 -1 $-1 $-1 $124 256 #
straight-curve $-1 -1 $-1 -0.5 0 0.5 0 -1 0 I I #
point $-1 -1 $-1 -0.5 0.5 0.5 #
point $-1 -1 $-1 -0.5 -0.5 0.5 #
color-adesk-attrib $-1 -1 $-1 $-1 $134 256 #
straight-curve $-1 -1 $-1 0.5 -0.5 0 0 0 -1 I I #
color-adesk-attrib $-1 -1 $-1 $-1 $135 256 #
straight-curve $-1 -1 $-1 0.5 0.5 0 0 0 -1 I I #
color-adesk-attrib $-1 -1 $-1 $-1 $139 256 #
plane-surface $-1 -1 $-1 0.3521547597756862213 20.22828607824308378 -0.5 0 0 1 1 0 0 forward_v I I I I #
coedge $-1 -1 $-1 $291 $223 $225 $292 forward $140 $-1 #
coedge $-1 -1 $-1 $225 $142 $144 $219 forward $81 $-1 #
edge $293 -1 $-1 $155 0 $221 0.1600000000000000033 $142 $294 forward @7 unknown #
coedge $-1 -1 $-1 $144 $143 $291 $295 reversed $46 $-1 #
edge $296 -1 $-1 $221 0 $297 1 $216 $298 forward @7 unknown #
color-adesk-attrib $-1 -1 $-1 $-1 $146 256 #
vertex $-1 -1 $-1 $217 $299 #
straight-curve $-1 -1 $-1 0.3000000000000024314 20.31999999999999673 -0.5 2.891205793294678696e-17 -1 0 F 0 F 0.2399999999999999634 #
coedge $-1 -1 $-1 $215 $291 $147 $224 forward $140 $-1 #
edge $300 -1 $-1 $230 0 $227 0.2895719172308956479 $147 $301 forward @7 unknown #
coedge $-1 -1 $-1 $148 $216 $215 $292 reversed $81 $-1 #
color-adesk-attrib $-1 -1 $-1 $-1 $149 256 #
vertex $-1 -1 $-1 $149 $302 #
straight-curve $-1 -1 $-1 0.4599942359067086262 20.32135811510161716 -0.5 0 0 1 I I #
color-adesk-attrib $-1 -1 $-1 $-1 $150 256 #
vertex $-1 -1 $-1 $150 $303 #
straight-curve $-1 -1 $-1 0.3000000000000024314 20.07999999999999829 -0.5 0 0 1 I I #
point $-1 -1 $-1 0.3000000000000024314 20.07999999999999829 -0.5 #
point $-1 -1 $-1 0.4599942359067086262 20.32135811510161716 -0.5 #
color-adesk-attrib $-1 -1 $-1 $-1 $158 256 #
face $304 -1 $-1 $305 $306 $8 $-1 $307 forward single #
loop $-1 -1 $-1 $-1 $308 $158 #
plane-surface $-1 -1 $-1 0.4599942359067062392 -18.47382260778994834 -0.5 -0.008488219385113101104 0.99996397441691387 0 -0.99996397441691387 -0.008488219385113101104 0 forward_v I I I I #
coedge $-1 -1 $-1 $309 $310 $311 $312 forward $159 $-1 #
coedge $-1 -1 $-1 $313 $161 $314 $315 reversed $90 $-1 #
coedge $-1 -1 $-1 $161 $313 $162 $244 reversed $90 $-1 #
coedge $-1 -1 $-1 $164 $316 $161 $242 reversed $102 $-1 #
edge $317 -1 $-1 $250 0 $318 0.1600000000000000033 $161 $319 forward @7 unknown #
coedge $-1 -1 $-1 $163 $162 $320 $321 reversed $51 $-1 #
edge $322 -1 $-1 $250 0 $323 1 $240 $324 forward @7 unknown #
coedge $-1 -1 $-1 $325 $326 $163 $246 forward $327 $-1 #
edge $328 -1 $-1 $249 -0.25 $329 0.75 $245 $330 forward @7 unknown #
coedge $-1 -1 $-1 $331 $164 $326 $332 forward $102 $-1 #
color-adesk-attrib $-1 -1 $-1 $-1 $165 256 #
vertex $-1 -1 $-1 $332 $333 #
vertex $-1 -1 $-1 $242 $334 #
straight-curve $-1 -1 $-1 0.3000000000000000444 -19.19710843373493958 -0.5 0.5525198625498334293 0.8334997309465150828 0 F 0 F 0.2895719172308956479 #
coedge $-1 -1 $-1 $335 $173 $166 $253 forward $264 $-1 #
edge $336 -1 $-1 $176 0 $258 0.1600000000000000033 $166 $337 forward @7 unknown #
coedge $-1 -1 $-1 $338 $167 $169 $261 reversed $256 $-1 #
coedge $-1 -1 $-1 $167 $338 $335 $339 reversed $256 $-1 #
loop $-1 -1 $-1 $-1 $167 $340 #
color-adesk-attrib $-1 -1 $-1 $-1 $168 256 #
vertex $-1 -1 $-1 $339 $341 #
straight-curve $-1 -1 $-1 0.3000000000000000444 -19.43903614457831353 -0.25 0 0 -1 I I #
coedge $-1 -1 $-1 $169 $331 $342 $343 reversed $102 $-1 #
edge $344 -1 $-1 $345 19.43807228915662932 $171 19.43903614457830997 $254 $277 forward @7 unknown #
point $-1 -1 $-1 0.2999999999999999889 -19.43903614457830997 -0.5 #
coedge $-1 -1 $-1 $173 $346 $178 $269 forward $264 $-1 #
loop $-1 -1 $-1 $-1 $263 $347 #
color-adesk-attrib $-1 -1 $-1 $-1 $174 256 #
straight-curve $-1 -1 $-1 0.3000000000000000444 -19.67903614457831196 0.5 0.5525198625498334293 0.8334997309465150828 0 I I #
point $-1 -1 $-1 0.4599942359067061837 -19.4376780294766931 0.5 #
coedge $-1 -1 $-1 $179 $178 $348 $349 forward $180 $-1 #
edge $350 -1 $-1 $351 -19.67999999999999972 $182 -19.67903614457831196 $178 $352 forward @7 unknown #
face $353 -1 $-1 $340 $180 $8 $-1 $354 reversed single #
point $-1 -1 $-1 0.2999999999999999889 -19.67903614457831196 0.5 #
coedge $-1 -1 $-1 $355 $184 $356 $357 reversed $102 $-1 #
coedge $-1 -1 $-1 $348 $358 $184 $274 forward $359 $-1 #
edge $360 -1 $-1 $361 0 $276 0.1600000000000000033 $273 $362 forward @7 unknown #
color-adesk-attrib $-1 -1 $-1 $-1 $185 256 #
vertex $-1 -1 $-1 $274 $363 #
straight-curve $-1 -1 $-1 0.2999999999999999889 0 -0.5 0 -1 0 I I #
coedge $-1 -1 $-1 $364 $186 $365 $366 reversed $102 $-1 #
coedge $-1 -1 $-1 $186 $367 $368 $369 reversed $102 $-1 #
coedge $-1 -1 $-1 $370 $371 $186 $281 reversed $372 $-1 #
edge $373 -1 $-1 $374 -19.83903614457830855 $375 -19.83807228915662435 $280 $277 forward @7 unknown #
color-adesk-attrib $-1 -1 $-1 $-1 $187 256 #
face $376 -1 $-1 $377 $378 $8 $-1 $379 reversed single #
plane-surface $-1 -1 $-1 0 0 -0.5 0 0 1 1 0 0 forward_v I I I I #
color-adesk-attrib $-1 -1 $-1 $-1 $193 256 #
straight-curve $-1 -1 $-1 -0.5 0.5 0 0 0 -1 I I #
point $-1 -1 $-1 -0.5 -0.5 -0.5 #
color-adesk-attrib $-1 -1 $-1 $-1 $197 256 #
straight-curve $-1 -1 $-1 -0.5 0 -0.5 0 1 0 I I #
point $-1 -1 $-1 -0.5 0.5 -0.5 #
coedge $-1 -1 $-1 $223 $215 $218 $295 forward $140 $-1 #
edge $380 -1 $-1 $227 0 $297 0.1600000000000000033 $225 $381 forward @7 unknown #
color-adesk-attrib $-1 -1 $-1 $-1 $217 256 #
straight-curve $-1 -1 $-1 0.4599942359067086262 20.32135811510161716 -0.5 -0.9999639744169136479 -0.008488219385113099369 0 F 0 F 0.1600000000000000033 #
edge $382 -1 $-1 $297 0 $230 0.2399999999999999634 $218 $383 forward @7 unknown #
color-adesk-attrib $-1 -1 $-1 $-1 $219 256 #
vertex $-1 -1 $-1 $219 $384 #
straight-curve $-1 -1 $-1 0.3000000000000024314 20.31999999999999673 -0.5 0 0 1 I I #
point $-1 -1 $-1 0.3000000000000024314 20.31999999999999673 -0.5 #
color-adesk-attrib $-1 -1 $-1 $-1 $224 256 #
straight-curve $-1 -1 $-1 0.3000000000000024314 20.07999999999999829 0.5 0.5525198625498334293 0.8334997309465150828 0 I I #
point $-1 -1 $-1 0.4599942359067086262 20.32135811510161716 0.5 #
point $-1 -1 $-1 0.3000000000000024314 20.07999999999999829 0.5 #
color-adesk-attrib $-1 -1 $-1 $-1 $235 256 #
face $385 -1 $-1 $386 $387 $8 $-1 $388 forward single #
loop $-1 -1 $-1 $-1 $389 $235 #
plane-surface $-1 -1 $-1 0.3000000000000000999 -18.23325301204819482 -0.5 0.8334997309465151938 -0.5525198625498335403 0 0.5525198625498335403 0.8334997309465151938 0 forward_v I I I I #
coedge $-1 -1 $-1 $390 $391 $392 $393 forward $236 $-1 #
coedge $-1 -1 $-1 $394 $238 $391 $395 forward $159 $-1 #
coedge $-1 -1 $-1 $238 $394 $396 $397 reversed $159 $-1 #
coedge $-1 -1 $-1 $398 $392 $238 $312 reversed $102 $-1 #
edge $399 -1 $-1 $400 0 $401 0.2895719172308956479 $238 $402 forward @7 unknown #
coedge $-1 -1 $-1 $240 $239 $403 $404 reversed $90 $-1 #
coedge $-1 -1 $-1 $405 $406 $239 $315 forward $407 $-1 #
edge $408 -1 $-1 $409 -0.75 $318 0.25 $314 $410 forward @7 unknown #
coedge $-1 -1 $-1 $241 $411 $405 $412 forward $102 $-1 #
color-adesk-attrib $-1 -1 $-1 $-1 $242 256 #
vertex $-1 -1 $-1 $242 $413 #
straight-curve $-1 -1 $-1 0.4599942359067062392 -18.95575031863332072 -0.5 -0.9999639744169136479 -0.008488219385113099369 0 F 0 F 0.1600000000000000033 #
coedge $-1 -1 $-1 $403 $414 $243 $321 forward $264 $-1 #
edge $415 -1 $-1 $329 0 $323 0.2895719172308956479 $243 $416 forward @7 unknown #
color-adesk-attrib $-1 -1 $-1 $-1 $244 256 #
vertex $-1 -1 $-1 $244 $417 #
straight-curve $-1 -1 $-1 0.4599942359067062392 -18.95575031863332072 -0.5 0 0 1 I I #
coedge $-1 -1 $-1 $418 $245 $414 $419 reversed $327 $-1 #
coedge $-1 -1 $-1 $245 $418 $247 $332 reversed $327 $-1 #
loop $-1 -1 $-1 $-1 $245 $420 #
color-adesk-attrib $-1 -1 $-1 $-1 $246 256 #
vertex $-1 -1 $-1 $321 $421 #
straight-curve $-1 -1 $-1 0.2999999999999989342 -19.19710843373493958 -0.25 0 0 1 I I #
coedge $-1 -1 $-1 $260 $247 $422 $423 reversed $102 $-1 #
edge $424 -1 $-1 $249 19.19710843373493958 $425 19.19807228915662733 $326 $277 forward @7 unknown #
point $-1 -1 $-1 0.3000000000000000444 -19.19710843373493958 -0.5 #
point $-1 -1 $-1 0.4599942359067062392 -18.95575031863332072 -0.5 #
coedge $-1 -1 $-1 $426 $252 $255 $339 forward $264 $-1 #
color-adesk-attrib $-1 -1 $-1 $-1 $253 256 #
straight-curve $-1 -1 $-1 0.4599942359067061837 -19.4376780294766931 0.5 -0.9999639744169136479 -0.008488219385113099369 0 I I #
coedge $-1 -1 $-1 $255 $254 $427 $428 forward $256 $-1 #
edge $429 -1 $-1 $258 -19.43903614457830997 $430 -19.43807228915662932 $255 $352 forward @7 unknown #
face $431 -1 $-1 $347 $256 $8 $-1 $354 reversed single #
point $-1 -1 $-1 0.2999999999999999889 -19.43903614457830997 0.5 #
coedge $-1 -1 $-1 $432 $427 $260 $343 forward $433 $-1 #
edge $434 -1 $-1 $345 0 $435 0.2895719172308956479 $342 $436 forward @7 unknown #
color-adesk-attrib $-1 -1 $-1 $-1 $261 256 #
vertex $-1 -1 $-1 $261 $437 #
coedge $-1 -1 $-1 $263 $438 $439 $440 forward $264 $-1 #
face $441 -1 $-1 $187 $264 $8 $-1 $442 forward single #
coedge $-1 -1 $-1 $439 $273 $268 $349 reversed $359 $-1 #
edge $443 -1 $-1 $351 -0.75 $276 0.25 $268 $444 forward @7 unknown #
color-adesk-attrib $-1 -1 $-1 $-1 $269 256 #
vertex $-1 -1 $-1 $269 $445 #
straight-curve $-1 -1 $-1 0.2999999999999999889 0 0.5 0 1 0 I I #
color-adesk-attrib $-1 -1 $-1 $-1 $270 256 #
plane-surface $-1 -1 $-1 0.2999999999999999889 0 0 -1 0 0 0 -0 1 forward_v I I I I #
coedge $-1 -1 $-1 $446 $272 $447 $448 forward $102 $-1 #
coedge $-1 -1 $-1 $449 $450 $272 $357 forward $451 $-1 #
edge $452 -1 $-1 $453 0 $361 0.2895719172308956479 $356 $454 forward @7 unknown #
coedge $-1 -1 $-1 $273 $439 $449 $455 reversed $359 $-1 #
loop $-1 -1 $-1 $-1 $273 $456 #
color-adesk-attrib $-1 -1 $-1 $-1 $274 256 #
vertex $-1 -1 $-1 $274 $457 #
straight-curve $-1 -1 $-1 0.4599942359067061837 -19.67864188489838284 -0.5 -0.9999639744169136479 -0.008488219385113099369 0 F 0 F 0.1600000000000000033 #
point $-1 -1 $-1 0.2999999999999999889 -19.67999999999999972 -0.5 #
coedge $-1 -1 $-1 $458 $278 $459 $460 reversed $102 $-1 #
coedge $-1 -1 $-1 $461 $462 $278 $366 forward $463 $-1 #
edge $464 -1 $-1 $465 0 $375 0.1600000000000000033 $365 $466 forward @7 unknown #
coedge $-1 -1 $-1 $279 $467 $468 $469 reversed $102 $-1 #
coedge $-1 -1 $-1 $470 $471 $279 $369 forward $472 $-1 #
edge $473 -1 $-1 $374 0 $474 0.2895719172308956479 $368 $475 forward @7 unknown #
coedge $-1 -1 $-1 $476 $280 $471 $477 forward $372 $-1 #
coedge $-1 -1 $-1 $280 $476 $461 $478 forward $372 $-1 #
loop $-1 -1 $-1 $-1 $370 $479 #
color-adesk-attrib $-1 -1 $-1 $-1 $281 256 #
vertex $-1 -1 $-1 $281 $480 #
vertex $-1 -1 $-1 $366 $481 #
color-adesk-attrib $-1 -1 $-1 $-1 $283 256 #
face $482 -1 $-1 $483 $484 $8 $-1 $485 reversed single #
loop $-1 -1 $-1 $-1 $486 $283 #
plane-surface $-1 -1 $-1 0 -19.92000000000000171 0 0 1 -0 -0 0 1 forward_v I I I I #
color-adesk-attrib $-1 -1 $-1 $-1 $292 256 #
straight-curve $-1 -1 $-1 0.4599942359067086262 20.32135811510161716 0.5 -0.9999639744169136479 -0.008488219385113099369 0 I I #
color-adesk-attrib $-1 -1 $-1 $-1 $295 256 #
straight-curve $-1 -1 $-1 0.3000000000000024314 20.31999999999999673 0.5 2.891205793294678696e-17 -1 0 I I #
point $-1 -1 $-1 0.3000000000000024314 20.31999999999999673 0.5 #
color-adesk-attrib $-1 -1 $-1 $-1 $305 256 #
face $487 -1 $-1 $488 $489 $8 $-1 $490 forward single #
loop $-1 -1 $-1 $-1 $491 $305 #
plane-surface $-1 -1 $-1 0.4599942359067062947 -17.99189489694657595 -0.5 -0.008488219385113101104 0.99996397441691387 0 -0.99996397441691387 -0.008488219385113101104 0 forward_v I I I I #
coedge $-1 -1 $-1 $492 $493 $494 $495 forward $306 $-1 #
coedge $-1 -1 $-1 $496 $308 $497 $498 reversed $236 $-1 #
coedge $-1 -1 $-1 $308 $496 $309 $395 reversed $236 $-1 #
coedge $-1 -1 $-1 $311 $499 $308 $393 reversed $102 $-1 #
edge $500 -1 $-1 $401 0 $501 0.1600000000000000033 $308 $502 forward @7 unknown #
coedge $-1 -1 $-1 $310 $309 $503 $504 reversed $159 $-1 #
edge $505 -1 $-1 $401 0 $506 1 $391 $507 forward @7 unknown #
coedge $-1 -1 $-1 $508 $509 $310 $397 forward $510 $-1 #
edge $511 -1 $-1 $400 -0.25 $512 0.75 $396 $513 forward @7 unknown #
coedge $-1 -1 $-1 $514 $311 $509 $515 forward $102 $-1 #
color-adesk-attrib $-1 -1 $-1 $-1 $312 256 #
vertex $-1 -1 $-1 $515 $516 #
vertex $-1 -1 $-1 $393 $517 #
straight-curve $-1 -1 $-1 0.3000000000000000444 -18.7151807228915672 -0.5 0.5525198625498334293 0.8334997309465150828 0 F 0 F 0.2895719172308956479 #
coedge $-1 -1 $-1 $518 $320 $313 $404 forward $264 $-1 #
edge $519 -1 $-1 $323 0 $409 0.1600000000000000033 $313 $520 forward @7 unknown #
coedge $-1 -1 $-1 $521 $314 $316 $412 reversed $407 $-1 #
coedge $-1 -1 $-1 $314 $521 $518 $522 reversed $407 $-1 #
loop $-1 -1 $-1 $-1 $314 $523 #
color-adesk-attrib $-1 -1 $-1 $-1 $315 256 #
vertex $-1 -1 $-1 $522 $524 #
straight-curve $-1 -1 $-1 0.2999999999999999889 -18.9571084337349447 -0.25 0 0 -1 I I #
coedge $-1 -1 $-1 $316 $514 $525 $526 reversed $102 $-1 #
edge $527 -1 $-1 $528 18.95614457831325694 $318 18.95710843373493759 $405 $277 forward @7 unknown #
point $-1 -1 $-1 0.3000000000000000444 -18.95710843373493759 -0.5 #
coedge $-1 -1 $-1 $320 $529 $325 $419 forward $264 $-1 #
color-adesk-attrib $-1 -1 $-1 $-1 $321 256 #
straight-curve $-1 -1 $-1 0.3000000000000000444 -19.19710843373493958 0.5 0.5525198625498334293 0.8334997309465150828 0 I I #
point $-1 -1 $-1 0.4599942359067062392 -18.95575031863332072 0.5 #
coedge $-1 -1 $-1 $326 $325 $530 $531 forward $327 $-1 #
edge $532 -1 $-1 $533 -19.19807228915662733 $329 -19.19710843373493958 $325 $352 forward @7 unknown #
face $534 -1 $-1 $523 $327 $8 $-1 $354 reversed single #
point $-1 -1 $-1 0.3000000000000000444 -19.19710843373493958 0.5 #
coedge $-1 -1 $-1 $530 $535 $331 $423 forward $536 $-1 #
edge $537 -1 $-1 $435 0 $425 0.1600000000000000033 $422 $538 forward @7 unknown #
color-adesk-attrib $-1 -1 $-1 $-1 $332 256 #
vertex $-1 -1 $-1 $423 $539 #
coedge $-1 -1 $-1 $529 $335 $540 $541 forward $264 $-1 #
coedge $-1 -1 $-1 $342 $540 $338 $428 reversed $433 $-1 #
edge $542 -1 $-1 $345 -0.25 $430 0.75 $338 $543 forward @7 unknown #
color-adesk-attrib $-1 -1 $-1 $-1 $339 256 #
vertex $-1 -1 $-1 $541 $544 #
color-adesk-attrib $-1 -1 $-1 $-1 $340 256 #
coedge $-1 -1 $-1 $540 $342 $535 $545 forward $433 $-1 #
loop $-1 -1 $-1 $-1 $342 $546 #
color-adesk-attrib $-1 -1 $-1 $-1 $343 256 #
vertex $-1 -1 $-1 $423 $547 #
straight-curve $-1 -1 $-1 0.3000000000000000444 -19.43807228915662932 -0.5 0.5525198625498334293 0.8334997309465150828 0 F 0 F 0.2895719172308956479 #
point $-1 -1 $-1 0.3000000000000000444 -19.43807228915662932 -0.5 #
coedge $-1 -1 $-1 $346 $548 $549 $550 forward $264 $-1 #
coedge $-1 -1 $-1 $358 $348 $346 $440 reversed $359 $-1 #
edge $551 -1 $-1 $552 0 $351 0.1600000000000000033 $439 $553 forward @7 unknown #
color-adesk-attrib $-1 -1 $-1 $-1 $347 256 #
plane-surface $-1 -1 $-1 0 0 0.5 0 0 1 1 0 0 forward_v I I I I #
color-adesk-attrib $-1 -1 $-1 $-1 $349 256 #
straight-curve $-1 -1 $-1 0.2999999999999999889 -19.68000000000000327 -0.25 0 0 -1 I I #
point $-1 -1 $-1 0.2999999999999999889 -19.67999999999999972 0.5 #
coedge $-1 -1 $-1 $554 $355 $555 $556 forward $102 $-1 #
coedge $-1 -1 $-1 $557 $486 $355 $448 reversed $378 $-1 #
edge $558 -1 $-1 $453 -0.2999999999999999889 $559 0.2999999999999999889 $447 $560 forward @7 unknown #
coedge $-1 -1 $-1 $549 $356 $358 $455 forward $451 $-1 #
coedge $-1 -1 $-1 $356 $549 $557 $561 forward $451 $-1 #
loop $-1 -1 $-1 $-1 $356 $562 #
color-adesk-attrib $-1 -1 $-1 $-1 $357 256 #
vertex $-1 -1 $-1 $561 $563 #
straight-curve $-1 -1 $-1 0.2999999999999999889 -19.92000000000000171 -0.5 0.5525198625498334293 0.8334997309465150828 0 F 0 F 0.2895719172308956479 #
edge $564 -1 $-1 $361 0 $552 1 $358 $565 forward @7 unknown #
face $566 -1 $-1 $479 $359 $8 $-1 $567 forward single #
point $-1 -1 $-1 0.4599942359067061837 -19.67864188489838284 -0.5 #
coedge $-1 -1 $-1 $568 $364 $569 $570 forward $102 $-1 #
coedge $-1 -1 $-1 $571 $572 $364 $460 forward $573 $-1 #
edge $574 -1 $-1 $575 0 $465 0.2895719172308956479 $459 $576 forward @7 unknown #
coedge $-1 -1 $-1 $577 $365 $371 $478 reversed $463 $-1 #
coedge $-1 -1 $-1 $365 $577 $571 $578 reversed $463 $-1 #
loop $-1 -1 $-1 $-1 $365 $579 #
color-adesk-attrib $-1 -1 $-1 $-1 $366 256 #
vertex $-1 -1 $-1 $366 $580 #
straight-curve $-1 -1 $-1 0.4599942359067086262 19.83943040425824478 -0.5 -0.9999639744169136479 -0.008488219385113099369 0 F 0 F 0.1600000000000000033 #
coedge $-1 -1 $-1 $367 $554 $581 $582 reversed $102 $-1 #
coedge $-1 -1 $-1 $583 $584 $367 $469 forward $585 $-1 #
edge $586 -1 $-1 $474 0 $587 0.1600000000000000033 $468 $588 forward @7 unknown #
coedge $-1 -1 $-1 $589 $368 $584 $590 forward $472 $-1 #
coedge $-1 -1 $-1 $368 $589 $370 $477 reversed $472 $-1 #
loop $-1 -1 $-1 $-1 $368 $591 #
color-adesk-attrib $-1 -1 $-1 $-1 $369 256 #
vertex $-1 -1 $-1 $469 $592 #
straight-curve $-1 -1 $-1 0.3000000000000024314 19.83903614457830855 -0.5 0.5525198625498334293 0.8334997309465150828 0 F 0 F 0.2895719172308956479 #
coedge $-1 -1 $-1 $371 $370 $593 $594 reversed $372 $-1 #
edge $595 -1 $-1 $374 -0.25 $596 0.75 $370 $597 forward @7 unknown #
edge $598 -1 $-1 $599 -0.75 $375 0.25 $371 $600 forward @7 unknown #
face $601 -1 $-1 $602 $372 $8 $-1 $354 reversed single #
point $-1 -1 $-1 0.3000000000000024314 19.83903614457830855 -0.5 #
point $-1 -1 $-1 0.3000000000000023759 19.83807228915662435 -0.5 #
color-adesk-attrib $-1 -1 $-1 $-1 $377 256 #
face $603 -1 $-1 $-1 $604 $8 $-1 $605 reversed single #
loop $-1 -1 $-1 $-1 $606 $377 #
plane-surface $-1 -1 $-1 -0.2999999999999999889 0 0 1 0 0 0 0 -1 forward_v I I I I #
coedge $-1 -1 $-1 $447 $607 $608 $609 forward $378 $-1 #
color-adesk-attrib $-1 -1 $-1 $-1 $386 256 #
face $610 -1 $-1 $611 $612 $8 $-1 $613 forward single #
loop $-1 -1 $-1 $-1 $614 $386 #
plane-surface $-1 -1 $-1 0.3000000000000001554 -17.75132530120482244 -0.5 0.8334997309465151938 -0.5525198625498335403 0 0.5525198625498335403 0.8334997309465151938 0 forward_v I I I I #
coedge $-1 -1 $-1 $615 $616 $617 $618 forward $387 $-1 #
coedge $-1 -1 $-1 $619 $389 $616 $620 forward $306 $-1 #
coedge $-1 -1 $-1 $389 $619 $621 $622 reversed $306 $-1 #
coedge $-1 -1 $-1 $623 $617 $389 $495 reversed $102 $-1 #
edge $624 -1 $-1 $625 0 $626 0.2895719172308956479 $389 $627 forward @7 unknown #
coedge $-1 -1 $-1 $391 $390 $628 $629 reversed $236 $-1 #
coedge $-1 -1 $-1 $630 $631 $390 $498 forward $632 $-1 #
edge $633 -1 $-1 $634 -0.75 $501 0.25 $497 $635 forward @7 unknown #
coedge $-1 -1 $-1 $392 $636 $630 $637 forward $102 $-1 #
color-adesk-attrib $-1 -1 $-1 $-1 $393 256 #
vertex $-1 -1 $-1 $393 $638 #
straight-curve $-1 -1 $-1 0.4599942359067062392 -18.47382260778994834 -0.5 -0.9999639744169136479 -0.008488219385113099369 0 F 0 F 0.1600000000000000033 #
coedge $-1 -1 $-1 $628 $639 $394 $504 forward $264 $-1 #
edge $640 -1 $-1 $512 0 $506 0.2895719172308956479 $394 $641 forward @7 unknown #
color-adesk-attrib $-1 -1 $-1 $-1 $395 256 #
vertex $-1 -1 $-1 $395 $642 #
straight-curve $-1 -1 $-1 0.4599942359067062392 -18.47382260778994834 -0.5 0 0 1 I I #
coedge $-1 -1 $-1 $643 $396 $639 $644 reversed $510 $-1 #
coedge $-1 -1 $-1 $396 $643 $398 $515 reversed $510 $-1 #
loop $-1 -1 $-1 $-1 $396 $645 #
color-adesk-attrib $-1 -1 $-1 $-1 $397 256 #
vertex $-1 -1 $-1 $504 $646 #
straight-curve $-1 -1 $-1 0.2999999999999998224 -18.71518072289157075 -0.25 0 0 1 I I #
coedge $-1 -1 $-1 $411 $398 $647 $648 reversed $102 $-1 #
edge $649 -1 $-1 $400 18.7151807228915672 $650 18.71614457831325495 $509 $277 forward @7 unknown #
point $-1 -1 $-1 0.3000000000000000444 -18.7151807228915672 -0.5 #
point $-1 -1 $-1 0.4599942359067062392 -18.47382260778994834 -0.5 #
coedge $-1 -1 $-1 $651 $403 $406 $522 forward $264 $-1 #
color-adesk-attrib $-1 -1 $-1 $-1 $404 256 #
straight-curve $-1 -1 $-1 0.4599942359067062392 -18.95575031863332072 0.5 -0.9999639744169136479 -0.008488219385113099369 0 I I #
coedge $-1 -1 $-1 $406 $405 $652 $653 forward $407 $-1 #
edge $654 -1 $-1 $409 -18.95710843373493759 $655 -18.95614457831325694 $406 $352 forward @7 unknown #
face $656 -1 $-1 $270 $407 $8 $-1 $354 reversed single #
point $-1 -1 $-1 0.3000000000000000444 -18.95710843373493759 0.5 #
coedge $-1 -1 $-1 $657 $652 $411 $526 forward $658 $-1 #
edge $659 -1 $-1 $528 0 $660 0.2895719172308956479 $525 $661 forward @7 unknown #
color-adesk-attrib $-1 -1 $-1 $-1 $412 256 #
vertex $-1 -1 $-1 $412 $662 #
coedge $-1 -1 $-1 $414 $426 $663 $664 forward $264 $-1 #
coedge $-1 -1 $-1 $663 $422 $418 $531 reversed $536 $-1 #
edge $665 -1 $-1 $533 -0.75 $425 0.25 $418 $666 forward @7 unknown #
color-adesk-attrib $-1 -1 $-1 $-1 $419 256 #
vertex $-1 -1 $-1 $419 $667 #
color-adesk-attrib $-1 -1 $-1 $-1 $420 256 #
coedge $-1 -1 $-1 $422 $663 $432 $545 reversed $536 $-1 #
loop $-1 -1 $-1 $-1 $422 $668 #
color-adesk-attrib $-1 -1 $-1 $-1 $423 256 #
straight-curve $-1 -1 $-1 0.4599942359067061837 -19.19671417405501046 -0.5 -0.9999639744169136479 -0.008488219385113099369 0 F 0 F 0.1600000000000000033 #
point $-1 -1 $-1 0.3000000000000000444 -19.19807228915662733 -0.5 #
coedge $-1 -1 $-1 $427 $432 $426 $541 reversed $433 $-1 #
edge $669 -1 $-1 $430 0 $670 0.2895719172308956479 $540 $671 forward @7 unknown #
color-adesk-attrib $-1 -1 $-1 $-1 $428 256 #
straight-curve $-1 -1 $-1 0.2999999999999998224 -19.43807228915662932 -0.25 0 0 1 I I #
point $-1 -1 $-1 0.3000000000000000444 -19.43807228915662932 0.5 #
edge $672 -1 $-1 $435 0 $670 1 $535 $673 forward @7 unknown #
face $674 -1 $-1 $668 $433 $8 $-1 $675 forward single #
point $-1 -1 $-1 0.4599942359067061837 -19.19671417405501046 -0.5 #
coedge $-1 -1 $-1 $438 $676 $607 $677 forward $264 $-1 #
coedge $-1 -1 $-1 $450 $449 $438 $550 reversed $451 $-1 #
edge $678 -1 $-1 $679 0 $552 0.2895719172308956479 $549 $680 forward @7 unknown #
color-adesk-attrib $-1 -1 $-1 $-1 $440 256 #
vertex $-1 -1 $-1 $455 $681 #
straight-curve $-1 -1 $-1 0.4599942359067061837 -19.67864188489838284 0.5 -0.9999639744169136479 -0.008488219385113099369 0 I I #
coedge $-1 -1 $-1 $467 $446 $682 $683 forward $102 $-1 #
coedge $-1 -1 $-1 $608 $606 $446 $556 reversed $484 $-1 #
edge $684 -1 $-1 $559 -19.92000000000000171 $685 19.92000000000000171 $555 $686 forward @7 unknown #
coedge $-1 -1 $-1 $607 $447 $450 $561 reversed $378 $-1 #
color-adesk-attrib $-1 -1 $-1 $-1 $448 256 #
vertex $-1 -1 $-1 $556 $687 #
straight-curve $-1 -1 $-1 0 -19.92000000000000171 -0.5 -1 0 0 I I #
edge $688 -1 $-1 $679 -0.5 $453 0.5 $557 $689 forward @7 unknown #
face $690 -1 $-1 $456 $451 $8 $-1 $691 forward single #
point $-1 -1 $-1 0.2999999999999999889 -19.92000000000000171 -0.5 #
color-adesk-attrib $-1 -1 $-1 $-1 $455 256 #
straight-curve $-1 -1 $-1 0.4599942359067061837 -19.67864188489838284 -0.5 0 0 1 I I #
color-adesk-attrib $-1 -1 $-1 $-1 $456 256 #
plane-surface $-1 -1 $-1 0.4599942359067061837 -19.67864188489838284 -0.5 -0.008488219385113101104 0.99996397441691387 0 -0.99996397441691387 -0.008488219385113101104 0 forward_v I I I I #
coedge $-1 -1 $-1 $692 $458 $693 $694 reversed $102 $-1 #
coedge $-1 -1 $-1 $695 $696 $458 $570 reversed $697 $-1 #
edge $698 -1 $-1 $575 -19.59807228915662591 $699 -19.59710843373493461 $569 $277 forward @7 unknown #
coedge $-1 -1 $-1 $700 $459 $462 $578 forward $573 $-1 #
coedge $-1 -1 $-1 $459 $700 $695 $701 reversed $573 $-1 #
loop $-1 -1 $-1 $-1 $459 $702 #
color-adesk-attrib $-1 -1 $-1 $-1 $460 256 #
vertex $-1 -1 $-1 $570 $703 #
straight-curve $-1 -1 $-1 0.3000000000000024314 19.59807228915662591 -0.5 0.5525198625498334293 0.8334997309465150828 0 F 0 F 0.2895719172308956479 #
coedge $-1 -1 $-1 $462 $461 $704 $705 reversed $463 $-1 #
edge $706 -1 $-1 $465 0 $707 1 $462 $708 forward @7 unknown #
face $709 -1 $-1 $710 $463 $8 $-1 $711 forward single #
point $-1 -1 $-1 0.4599942359067086262 19.83943040425824478 -0.5 #
coedge $-1 -1 $-1 $712 $713 $467 $582 forward $714 $-1 #
edge $715 -1 $-1 $587 0 $716 0.1590361445783068373 $581 $717 forward @7 unknown #
coedge $-1 -1 $-1 $718 $468 $713 $719 forward $585 $-1 #
coedge $-1 -1 $-1 $468 $718 $470 $590 reversed $585 $-1 #
loop $-1 -1 $-1 $-1 $468 $720 #
color-adesk-attrib $-1 -1 $-1 $-1 $469 256 #
vertex $-1 -1 $-1 $469 $721 #
straight-curve $-1 -1 $-1 0.4599942359067086262 20.08039425967992742 -0.5 -0.9999639744169136479 -0.008488219385113099369 0 F 0 F 0.1600000000000000033 #
coedge $-1 -1 $-1 $471 $470 $722 $723 reversed $472 $-1 #
edge $724 -1 $-1 $474 0 $725 1 $584 $726 forward @7 unknown #
face $727 -1 $-1 $728 $472 $8 $-1 $729 forward single #
point $-1 -1 $-1 0.4599942359067086262 20.08039425967992742 -0.5 #
coedge $-1 -1 $-1 $722 $704 $476 $594 forward $264 $-1 #
edge $730 -1 $-1 $599 19.83807228915662435 $596 19.83903614457830855 $476 $352 forward @7 unknown #
color-adesk-attrib $-1 -1 $-1 $-1 $477 256 #
vertex $-1 -1 $-1 $723 $731 #
straight-curve $-1 -1 $-1 0.2999999999999998224 19.83903614457830855 -0.25 0 0 1 I I #
color-adesk-attrib $-1 -1 $-1 $-1 $478 256 #
vertex $-1 -1 $-1 $594 $732 #
straight-curve $-1 -1 $-1 0.2999999999999999889 19.8380722891566279 -0.25 0 0 -1 I I #
color-adesk-attrib $-1 -1 $-1 $-1 $479 256 #
face $733 -1 $-1 $734 $735 $8 $-1 $354 reversed single #
color-adesk-attrib $-1 -1 $-1 $-1 $483 256 #
loop $-1 -1 $-1 $-1 $736 $483 #
plane-surface $-1 -1 $-1 0 19.92000000000000171 0 0 -1 0 0 0 -1 forward_v I I I I #
coedge $-1 -1 $-1 $555 $737 $738 $739 forward $484 $-1 #
coedge $-1 -1 $-1 $486 $557 $548 $677 reversed $378 $-1 #
coedge $-1 -1 $-1 $737 $555 $486 $609 reversed $484 $-1 #
edge $740 -1 $-1 $741 -0.5 $559 0.5 $608 $742 forward @7 unknown #
color-adesk-attrib $-1 -1 $-1 $-1 $488 256 #
face $743 -1 $-1 $744 $745 $8 $-1 $746 forward single #
loop $-1 -1 $-1 $-1 $747 $488 #
plane-surface $-1 -1 $-1 0.4599942359067062947 -17.50996718610320357 -0.5 -0.008488219385113101104 0.99996397441691387 0 -0.99996397441691387 -0.008488219385113101104 0 forward_v I I I I #
coedge $-1 -1 $-1 $748 $749 $750 $751 forward $489 $-1 #
coedge $-1 -1 $-1 $752 $491 $753 $754 reversed $387 $-1 #
coedge $-1 -1 $-1 $491 $752 $492 $620 reversed $387 $-1 #
coedge $-1 -1 $-1 $494 $755 $491 $618 reversed $102 $-1 #
edge $756 -1 $-1 $626 0 $757 0.1600000000000000033 $491 $758 forward @7 unknown #
coedge $-1 -1 $-1 $493 $492 $759 $760 reversed $306 $-1 #
edge $761 -1 $-1 $626 0 $762 1 $616 $763 forward @7 unknown #
coedge $-1 -1 $-1 $764 $765 $493 $622 forward $766 $-1 #
edge $767 -1 $-1 $625 -0.25 $768 0.75 $621 $769 forward @7 unknown #
coedge $-1 -1 $-1 $770 $494 $765 $771 forward $102 $-1 #
color-adesk-attrib $-1 -1 $-1 $-1 $495 256 #
vertex $-1 -1 $-1 $771 $772 #
vertex $-1 -1 $-1 $618 $773 #
straight-curve $-1 -1 $-1 0.3000000000000000999 -18.23325301204819482 -0.5 0.5525198625498334293 0.8334997309465150828 0 F 0 F 0.2895719172308956479 #
coedge $-1 -1 $-1 $774 $503 $496 $629 forward $264 $-1 #
edge $775 -1 $-1 $506 0 $634 0.1600000000000000033 $496 $776 forward @7 unknown #
coedge $-1 -1 $-1 $777 $497 $499 $637 reversed $632 $-1 #
coedge $-1 -1 $-1 $497 $777 $774 $778 reversed $632 $-1 #
loop $-1 -1 $-1 $-1 $497 $779 #
color-adesk-attrib $-1 -1 $-1 $-1 $498 256 #
vertex $-1 -1 $-1 $778 $780 #
straight-curve $-1 -1 $-1 0.3000000000000000444 -18.47518072289156876 -0.25 0 0 -1 I I #
coedge $-1 -1 $-1 $499 $770 $781 $782 reversed $102 $-1 #
edge $783 -1 $-1 $784 18.47421686746988456 $501 18.47518072289156521 $630 $277 forward @7 unknown #
point $-1 -1 $-1 0.3000000000000000444 -18.47518072289156521 -0.5 #
coedge $-1 -1 $-1 $503 $785 $508 $644 forward $264 $-1 #
color-adesk-attrib $-1 -1 $-1 $-1 $504 256 #
straight-curve $-1 -1 $-1 0.3000000000000000444 -18.7151807228915672 0.5 0.5525198625498334293 0.8334997309465150828 0 I I #
point $-1 -1 $-1 0.4599942359067062392 -18.47382260778994834 0.5 #
coedge $-1 -1 $-1 $509 $508 $786 $787 forward $510 $-1 #
edge $788 -1 $-1 $789 -18.71614457831325495 $512 -18.7151807228915672 $508 $352 forward @7 unknown #
face $790 -1 $-1 $779 $510 $8 $-1 $354 reversed single #
point $-1 -1 $-1 0.3000000000000000444 -18.7151807228915672 0.5 #
coedge $-1 -1 $-1 $786 $791 $514 $648 forward $792 $-1 #
edge $793 -1 $-1 $660 0 $650 0.1600000000000000033 $647 $794 forward @7 unknown #
color-adesk-attrib $-1 -1 $-1 $-1 $515 256 #
vertex $-1 -1 $-1 $648 $795 #
coedge $-1 -1 $-1 $785 $518 $796 $797 forward $264 $-1 #
coedge $-1 -1 $-1 $525 $796 $521 $653 reversed $658 $-1 #
edge $798 -1 $-1 $528 -0.25 $655 0.75 $521 $799 forward @7 unknown #
color-adesk-attrib $-1 -1 $-1 $-1 $522 256 #
vertex $-1 -1 $-1 $797 $800 #
color-adesk-attrib $-1 -1 $-1 $-1 $523 256 #
coedge $-1 -1 $-1 $796 $525 $791 $801 forward $658 $-1 #
loop $-1 -1 $-1 $-1 $525 $802 #
color-adesk-attrib $-1 -1 $-1 $-1 $526 256 #
vertex $-1 -1 $-1 $648 $803 #
straight-curve $-1 -1 $-1 0.3000000000000000444 -18.95614457831325694 -0.5 0.5525198625498334293 0.8334997309465150828 0 F 0 F 0.2895719172308956479 #
point $-1 -1 $-1 0.3000000000000000444 -18.95614457831325694 -0.5 #
coedge $-1 -1 $-1 $535 $530 $529 $664 reversed $536 $-1 #
edge $804 -1 $-1 $670 0 $533 0.1600000000000000033 $663 $805 forward @7 unknown #
color-adesk-attrib $-1 -1 $-1 $-1 $531 256 #
straight-curve $-1 -1 $-1 0.3000000000000000444 -19.19807228915663089 -0.25 0 0 -1 I I #
point $-1 -1 $-1 0.3000000000000000444 -19.19807228915662733 0.5 #
face $806 -1 $-1 $562 $536 $8 $-1 $807 forward single #
color-adesk-attrib $-1 -1 $-1 $-1 $541 256 #
vertex $-1 -1 $-1 $545 $808 #
straight-curve $-1 -1 $-1 0.3000000000000000444 -19.43807228915662932 0.5 0.5525198625498334293 0.8334997309465150828 0 I I #
color-adesk-attrib $-1 -1 $-1 $-1 $545 256 #
straight-curve $-1 -1 $-1 0.4599942359067061837 -19.19671417405501046 -0.5 0 0 1 I I #
color-adesk-attrib $-1 -1 $-1 $-1 $546 256 #
plane-surface $-1 -1 $-1 0.3000000000000000444 -19.43807228915662932 -0.5 0.8334997309465151938 -0.5525198625498335403 0 0.5525198625498335403 0.8334997309465151938 0 forward_v I I I I #
coedge $-1 -1 $-1 $548 $809 $737 $810 forward $264 $-1 #
edge $811 -1 $-1 $741 -0.2999999999999999889 $679 0.2999999999999999889 $607 $812 forward @7 unknown #
color-adesk-attrib $-1 -1 $-1 $-1 $550 256 #
vertex $-1 -1 $-1 $550 $813 #
straight-curve $-1 -1 $-1 0.2999999999999999889 -19.92000000000000171 0.5 0.5525198625498334293 0.8334997309465150828 0 I I #
point $-1 -1 $-1 0.4599942359067061837 -19.67864188489838284 0.5 #
coedge $-1 -1 $-1 $738 $736 $554 $683 reversed $604 $-1 #
edge $814 -1 $-1 $685 -0.2999999999999999889 $716 0.2999999999999999889 $682 $815 forward @7 unknown #
color-adesk-attrib $-1 -1 $-1 $-1 $556 256 #
vertex $-1 -1 $-1 $683 $816 #
straight-curve $-1 -1 $-1 -0.2999999999999999889 0 -0.5 0 1 0 I I #
point $-1 -1 $-1 -0.2999999999999999889 -19.92000000000000171 -0.5 #
color-adesk-attrib $-1 -1 $-1 $-1 $561 256 #
straight-curve $-1 -1 $-1 0.2999999999999999889 -19.92000000000000171 0 0 0 -1 I I #
color-adesk-attrib $-1 -1 $-1 $-1 $562 256 #
plane-surface $-1 -1 $-1 0.2999999999999999889 -19.92000000000000171 -0.5 0.8334997309465151938 -0.5525198625498335403 0 0.5525198625498335403 0.8334997309465151938 0 forward_v I I I I #
coedge $-1 -1 $-1 $817 $568 $818 $819 reversed $102 $-1 #
coedge $-1 -1 $-1 $820 $821 $568 $694 forward $822 $-1 #
edge $823 -1 $-1 $824 0 $699 0.1600000000000000033 $693 $825 forward @7 unknown #
coedge $-1 -1 $-1 $826 $569 $572 $701 forward $697 $-1 #
coedge $-1 -1 $-1 $569 $826 $820 $827 forward $697 $-1 #
loop $-1 -1 $-1 $-1 $696 $734 #
color-adesk-attrib $-1 -1 $-1 $-1 $570 256 #
vertex $-1 -1 $-1 $694 $828 #
coedge $-1 -1 $-1 $572 $571 $829 $830 reversed $573 $-1 #
edge $831 -1 $-1 $575 -0.25 $832 0.75 $695 $833 forward @7 unknown #
face $834 -1 $-1 $579 $573 $8 $-1 $835 forward single #
point $-1 -1 $-1 0.3000000000000024314 19.59807228915662591 -0.5 #
coedge $-1 -1 $-1 $593 $829 $577 $705 forward $264 $-1 #
edge $836 -1 $-1 $707 0 $599 0.1600000000000000033 $577 $837 forward @7 unknown #
color-adesk-attrib $-1 -1 $-1 $-1 $578 256 #
vertex $-1 -1 $-1 $578 $838 #
straight-curve $-1 -1 $-1 0.4599942359067086262 19.83943040425824478 -0.5 0 0 1 I I #
color-adesk-attrib $-1 -1 $-1 $-1 $579 256 #
face $839 -1 $-1 $840 $841 $8 $-1 $842 forward single #
plane-surface $-1 -1 $-1 0.4599942359067086262 19.83943040425824478 -0.5 -0.008488219385113101104 0.99996397441691387 0 -0.99996397441691387 -0.008488219385113101104 0 forward_v I I I I #
coedge $-1 -1 $-1 $843 $581 $736 $844 reversed $714 $-1 #
coedge $-1 -1 $-1 $581 $843 $583 $719 reversed $714 $-1 #
loop $-1 -1 $-1 $-1 $712 $728 #
color-adesk-attrib $-1 -1 $-1 $-1 $582 256 #
vertex $-1 -1 $-1 $582 $845 #
straight-curve $-1 -1 $-1 0.3000000000000024314 20.07903614457830699 -0.5 2.891205793294678696e-17 -1 0 F 0 F 0.2399999999999999634 #
coedge $-1 -1 $-1 $584 $583 $846 $847 reversed $585 $-1 #
edge $848 -1 $-1 $587 0 $849 1 $583 $850 forward @7 unknown #
face $851 -1 $-1 $702 $585 $8 $-1 $852 forward single #
point $-1 -1 $-1 0.3000000000000024314 20.07903614457830699 -0.5 #
coedge $-1 -1 $-1 $846 $593 $589 $723 forward $264 $-1 #
edge $853 -1 $-1 $596 0 $725 0.2895719172308956479 $589 $854 forward @7 unknown #
color-adesk-attrib $-1 -1 $-1 $-1 $590 256 #
vertex $-1 -1 $-1 $590 $855 #
straight-curve $-1 -1 $-1 0.4599942359067086262 20.08039425967992742 -0.5 0 0 1 I I #
color-adesk-attrib $-1 -1 $-1 $-1 $591 256 #
face $856 -1 $-1 $720 $714 $8 $-1 $857 forward single #
plane-surface $-1 -1 $-1 0.3000000000000024314 19.83903614457830855 -0.5 0.8334997309465151938 -0.5525198625498335403 0 0.5525198625498335403 0.8334997309465151938 0 forward_v I I I I #
color-adesk-attrib $-1 -1 $-1 $-1 $594 256 #
point $-1 -1 $-1 0.3000000000000024314 19.83903614457830855 0.5 #
point $-1 -1 $-1 0.3000000000000023759 19.83807228915662435 0.5 #
color-adesk-attrib $-1 -1 $-1 $-1 $602 256 #
face $858 -1 $-1 $859 $697 $8 $-1 $354 reversed single #
loop $-1 -1 $-1 $-1 $860 $602 #
coedge $-1 -1 $-1 $682 $861 $712 $844 forward $604 $-1 #
coedge $-1 -1 $-1 $606 $608 $676 $810 reversed $484 $-1 #
coedge $-1 -1 $-1 $861 $682 $606 $739 reversed $604 $-1 #
edge $862 -1 $-1 $863 -0.5 $685 0.5 $738 $864 forward @7 unknown #
color-adesk-attrib $-1 -1 $-1 $-1 $609 256 #
vertex $-1 -1 $-1 $810 $865 #
straight-curve $-1 -1 $-1 -0.2999999999999999889 -19.92000000000000171 0 0 0 -1 I I #
color-adesk-attrib $-1 -1 $-1 $-1 $611 256 #
face $866 -1 $-1 $867 $868 $8 $-1 $869 forward single #
loop $-1 -1 $-1 $-1 $870 $611 #
plane-surface $-1 -1 $-1 0.3000000000000001554 -17.26939759036145006 -0.5 0.8334997309465151938 -0.5525198625498335403 0 0.5525198625498335403 0.8334997309465151938 0 forward_v I I I I #
coedge $-1 -1 $-1 $871 $872 $873 $874 forward $612 $-1 #
coedge $-1 -1 $-1 $875 $614 $872 $876 forward $489 $-1 #
coedge $-1 -1 $-1 $614 $875 $877 $878 reversed $489 $-1 #
coedge $-1 -1 $-1 $879 $873 $614 $751 reversed $102 $-1 #
edge $880 -1 $-1 $881 0 $882 0.2895719172308956479 $614 $883 forward @7 unknown #
coedge $-1 -1 $-1 $616 $615 $884 $885 reversed $387 $-1 #
coedge $-1 -1 $-1 $886 $887 $615 $754 forward $888 $-1 #
edge $889 -1 $-1 $890 -0.75 $757 0.25 $753 $891 forward @7 unknown #
coedge $-1 -1 $-1 $617 $892 $886 $893 forward $102 $-1 #
color-adesk-attrib $-1 -1 $-1 $-1 $618 256 #
vertex $-1 -1 $-1 $618 $894 #
straight-curve $-1 -1 $-1 0.4599942359067062947 -17.99189489694657595 -0.5 -0.9999639744169136479 -0.008488219385113099369 0 F 0 F 0.1600000000000000033 #
coedge $-1 -1 $-1 $884 $895 $619 $760 forward $264 $-1 #
edge $896 -1 $-1 $768 0 $762 0.2895719172308956479 $619 $897 forward @7 unknown #
color-adesk-attrib $-1 -1 $-1 $-1 $620 256 #
vertex $-1 -1 $-1 $620 $898 #
straight-curve $-1 -1 $-1 0.4599942359067062947 -17.99189489694657595 -0.5 0 0 1 I I #
coedge $-1 -1 $-1 $899 $621 $895 $900 reversed $766 $-1 #
coedge $-1 -1 $-1 $621 $899 $623 $771 reversed $766 $-1 #
loop $-1 -1 $-1 $-1 $621 $901 #
color-adesk-attrib $-1 -1 $-1 $-1 $622 256 #
vertex $-1 -1 $-1 $760 $902 #
straight-curve $-1 -1 $-1 0.2999999999999998224 -18.23325301204819837 -0.25 0 0 1 I I #
coedge $-1 -1 $-1 $636 $623 $903 $904 reversed $102 $-1 #
edge $905 -1 $-1 $625 18.23325301204819482 $906 18.23421686746988257 $765 $277 forward @7 unknown #
point $-1 -1 $-1 0.3000000000000000999 -18.23325301204819482 -0.5 #
point $-1 -1 $-1 0.4599942359067062947 -17.99189489694657595 -0.5 #
coedge $-1 -1 $-1 $907 $628 $631 $778 forward $264 $-1 #
color-adesk-attrib $-1 -1 $-1 $-1 $629 256 #
straight-curve $-1 -1 $-1 0.4599942359067062392 -18.47382260778994834 0.5 -0.9999639744169136479 -0.008488219385113099369 0 I I #
coedge $-1 -1 $-1 $631 $630 $908 $909 forward $632 $-1 #
edge $910 -1 $-1 $634 -18.47518072289156521 $911 -18.47421686746988456 $631 $352 forward @7 unknown #
face $912 -1 $-1 $420 $632 $8 $-1 $354 reversed single #
point $-1 -1 $-1 0.3000000000000000444 -18.47518072289156521 0.5 #
coedge $-1 -1 $-1 $913 $908 $636 $782 forward $914 $-1 #
edge $915 -1 $-1 $784 0 $916 0.2895719172308956479 $781 $917 forward @7 unknown #
color-adesk-attrib $-1 -1 $-1 $-1 $637 256 #
vertex $-1 -1 $-1 $637 $918 #
coedge $-1 -1 $-1 $639 $651 $919 $920 forward $264 $-1 #
coedge $-1 -1 $-1 $919 $647 $643 $787 reversed $792 $-1 #
edge $921 -1 $-1 $789 -0.75 $650 0.25 $643 $922 forward @7 unknown #
color-adesk-attrib $-1 -1 $-1 $-1 $644 256 #
vertex $-1 -1 $-1 $644 $923 #
color-adesk-attrib $-1 -1 $-1 $-1 $645 256 #
coedge $-1 -1 $-1 $647 $919 $657 $801 reversed $792 $-1 #
loop $-1 -1 $-1 $-1 $647 $924 #
color-adesk-attrib $-1 -1 $-1 $-1 $648 256 #
straight-curve $-1 -1 $-1 0.4599942359067062392 -18.71478646321163808 -0.5 -0.9999639744169136479 -0.008488219385113099369 0 F 0 F 0.1600000000000000033 #
point $-1 -1 $-1 0.3000000000000000444 -18.71614457831325495 -0.5 #
coedge $-1 -1 $-1 $652 $657 $651 $797 reversed $658 $-1 #
edge $925 -1 $-1 $655 0 $926 0.2895719172308956479 $796 $927 forward @7 unknown #
color-adesk-attrib $-1 -1 $-1 $-1 $653 256 #
straight-curve $-1 -1 $-1 0.2999999999999998224 -18.9561445783132605 -0.25 0 0 1 I I #
point $-1 -1 $-1 0.3000000000000000444 -18.95614457831325694 0.5 #
edge $928 -1 $-1 $660 0 $926 1 $791 $929 forward @7 unknown #
face $930 -1 $-1 $924 $658 $8 $-1 $931 forward single #
point $-1 -1 $-1 0.4599942359067062392 -18.71478646321163808 -0.5 #
color-adesk-attrib $-1 -1 $-1 $-1 $664 256 #
straight-curve $-1 -1 $-1 0.4599942359067061837 -19.19671417405501046 0.5 -0.9999639744169136479 -0.008488219385113099369 0 I I #
color-adesk-attrib $-1 -1 $-1 $-1 $668 256 #
plane-surface $-1 -1 $-1 0.4599942359067061837 -19.19671417405501046 -0.5 -0.008488219385113101104 0.99996397441691387 0 -0.99996397441691387 -0.008488219385113101104 0 forward_v I I I I #
point $-1 -1 $-1 0.4599942359067061837 -19.19671417405501046 0.5 #
coedge $-1 -1 $-1 $676 $932 $861 $933 forward $264 $-1 #
edge $934 -1 $-1 $863 -19.92000000000000171 $741 19.92000000000000171 $737 $935 forward @7 unknown #
color-adesk-attrib $-1 -1 $-1 $-1 $677 256 #
straight-curve $-1 -1 $-1 0 -19.92000000000000171 0.5 1 0 0 I I #
point $-1 -1 $-1 0.2999999999999999889 -19.92000000000000171 0.5 #
color-adesk-attrib $-1 -1 $-1 $-1 $683 256 #
straight-curve $-1 -1 $-1 0 19.92000000000000171 -0.5 1 0 0 I I #
point $-1 -1 $-1 -0.2999999999999999889 19.92000000000000171 -0.5 #
coedge $-1 -1 $-1 $936 $692 $937 $938 forward $102 $-1 #
coedge $-1 -1 $-1 $939 $940 $692 $819 forward $941 $-1 #
edge $942 -1 $-1 $943 0 $824 0.2895719172308956479 $818 $944 forward @7 unknown #
coedge $-1 -1 $-1 $945 $693 $696 $827 reversed $822 $-1 #
coedge $-1 -1 $-1 $693 $945 $939 $946 reversed $822 $-1 #
loop $-1 -1 $-1 $-1 $693 $947 #
color-adesk-attrib $-1 -1 $-1 $-1 $694 256 #
vertex $-1 -1 $-1 $694 $948 #
straight-curve $-1 -1 $-1 0.4599942359067085706 19.59846654883655503 -0.5 -0.9999639744169136479 -0.008488219385113099369 0 F 0 F 0.1600000000000000033 #
coedge $-1 -1 $-1 $696 $695 $949 $950 reversed $697 $-1 #
edge $951 -1 $-1 $952 -0.75 $699 0.25 $696 $953 forward @7 unknown #
point $-1 -1 $-1 0.3000000000000023759 19.59710843373493461 -0.5 #
coedge $-1 -1 $-1 $704 $949 $700 $830 forward $264 $-1 #
edge $954 -1 $-1 $832 0 $707 0.2895719172308956479 $700 $955 forward @7 unknown #
color-adesk-attrib $-1 -1 $-1 $-1 $701 256 #
vertex $-1 -1 $-1 $830 $956 #
straight-curve $-1 -1 $-1 0.2999999999999998224 19.59807228915662236 -0.25 0 0 1 I I #
color-adesk-attrib $-1 -1 $-1 $-1 $702 256 #
plane-surface $-1 -1 $-1 0.3000000000000024314 19.59807228915662591 -0.5 0.8334997309465151938 -0.5525198625498335403 0 0.5525198625498335403 0.8334997309465151938 0 forward_v I I I I #
color-adesk-attrib $-1 -1 $-1 $-1 $705 256 #
straight-curve $-1 -1 $-1 0.4599942359067086262 19.83943040425824478 0.5 -0.9999639744169136479 -0.008488219385113099369 0 I I #
point $-1 -1 $-1 0.4599942359067086262 19.83943040425824478 0.5 #
color-adesk-attrib $-1 -1 $-1 $-1 $710 256 #
face $957 -1 $-1 $958 $959 $8 $-1 $960 forward single #
loop $-1 -1 $-1 $-1 $961 $710 #
plane-surface $-1 -1 $-1 0.3000000000000023759 19.11614457831325353 -0.5 0.8334997309465151938 -0.5525198625498335403 0 0.5525198625498335403 0.8334997309465151938 0 forward_v I I I I #
coedge $-1 -1 $-1 $713 $712 $932 $962 reversed $714 $-1 #
edge $963 -1 $-1 $964 -0.5 $716 0.5 $736 $965 forward @7 unknown #
point $-1 -1 $-1 0.2999999999999999889 19.92000000000000171 -0.5 #
coedge $-1 -1 $-1 $932 $722 $718 $847 forward $264 $-1 #
edge $966 -1 $-1 $725 0 $849 0.1600000000000000033 $718 $967 forward @7 unknown #
color-adesk-attrib $-1 -1 $-1 $-1 $719 256 #
vertex $-1 -1 $-1 $719 $968 #
straight-curve $-1 -1 $-1 0.3000000000000024314 20.07903614457830699 -0.5 0 0 1 I I #
color-adesk-attrib $-1 -1 $-1 $-1 $720 256 #
plane-surface $-1 -1 $-1 0.4599942359067086262 20.08039425967992742 -0.5 -0.008488219385113101104 0.99996397441691387 0 -0.99996397441691387 -0.008488219385113101104 0 forward_v I I I I #
color-adesk-attrib $-1 -1 $-1 $-1 $723 256 #
straight-curve $-1 -1 $-1 0.3000000000000024314 19.83903614457830855 0.5 0.5525198625498334293 0.8334997309465150828 0 I I #
point $-1 -1 $-1 0.4599942359067086262 20.08039425967992742 0.5 #
color-adesk-attrib $-1 -1 $-1 $-1 $728 256 #
plane-surface $-1 -1 $-1 0.3000000000000024314 20.07903614457830699 -0.5 -1 -2.891205793294678696e-17 0 2.891205793294678696e-17 -1 0 forward_v I I I I #
color-adesk-attrib $-1 -1 $-1 $-1 $734 256 #
face $969 -1 $-1 $970 $971 $8 $-1 $354 reversed single #
coedge $-1 -1 $-1 $972 $937 $940 $973 forward $735 $-1 #
coedge $-1 -1 $-1 $736 $738 $809 $933 reversed $604 $-1 #
color-adesk-attrib $-1 -1 $-1 $-1 $739 256 #
vertex $-1 -1 $-1 $933 $974 #
straight-curve $-1 -1 $-1 -0.2999999999999999889 19.92000000000000171 0 0 0 -1 I I #
point $-1 -1 $-1 -0.2999999999999999889 -19.92000000000000171 0.5 #
color-adesk-attrib $-1 -1 $-1 $-1 $744 256 #
face $975 -1 $-1 $976 $977 $8 $-1 $978 forward single #
loop $-1 -1 $-1 $-1 $979 $744 #
plane-surface $-1 -1 $-1 0.4599942359067063502 -17.02803947525983119 -0.5 -0.008488219385113101104 0.99996397441691387 0 -0.99996397441691387 -0.008488219385113101104 0 forward_v I I I I #
coedge $-1 -1 $-1 $980 $981 $982 $983 forward $745 $-1 #
coedge $-1 -1 $-1 $984 $747 $985 $986 reversed $612 $-1 #
coedge $-1 -1 $-1 $747 $984 $748 $876 reversed $612 $-1 #
coedge $-1 -1 $-1 $750 $987 $747 $874 reversed $102 $-1 #
edge $988 -1 $-1 $882 0 $989 0.1600000000000000033 $747 $990 forward @7 unknown #
coedge $-1 -1 $-1 $749 $748 $991 $992 reversed $489 $-1 #
edge $993 -1 $-1 $882 0 $994 1 $872 $995 forward @7 unknown #
coedge $-1 -1 $-1 $996 $997 $749 $878 forward $998 $-1 #
edge $999 -1 $-1 $881 -0.25 $1000 0.75 $877 $1001 forward @7 unknown #
coedge $-1 -1 $-1 $1002 $750 $997 $1003 forward $102 $-1 #
color-adesk-attrib $-1 -1 $-1 $-1 $751 256 #
vertex $-1 -1 $-1 $1003 $1004 #
vertex $-1 -1 $-1 $874 $1005 #
straight-curve $-1 -1 $-1 0.3000000000000001554 -17.75132530120482244 -0.5 0.5525198625498334293 0.8334997309465150828 0 F 0 F 0.2895719172308956479 #
coedge $-1 -1 $-1 $1006 $759 $752 $885 forward $264 $-1 #
edge $1007 -1 $-1 $762 0 $890 0.1600000000000000033 $752 $1008 forward @7 unknown #
coedge $-1 -1 $-1 $1009 $753 $755 $893 reversed $888 $-1 #
coedge $-1 -1 $-1 $753 $1009 $1006 $1010 reversed $888 $-1 #
loop $-1 -1 $-1 $-1 $753 $1011 #
color-adesk-attrib $-1 -1 $-1 $-1 $754 256 #
vertex $-1 -1 $-1 $1010 $1012 #
straight-curve $-1 -1 $-1 0.2999999999999999889 -17.99325301204819993 -0.25 0 0 -1 I I #
coedge $-1 -1 $-1 $755 $1002 $1013 $1014 reversed $102 $-1 #
edge $1015 -1 $-1 $1016 17.99228915662650508 $757 17.99325301204819283 $886 $277 forward @7 unknown #
point $-1 -1 $-1 0.3000000000000000999 -17.99325301204819283 -0.5 #
coedge $-1 -1 $-1 $759 $1017 $764 $900 forward $264 $-1 #
color-adesk-attrib $-1 -1 $-1 $-1 $760 256 #
straight-curve $-1 -1 $-1 0.3000000000000000999 -18.23325301204819482 0.5 0.5525198625498334293 0.8334997309465150828 0 I I #
point $-1 -1 $-1 0.4599942359067062947 -17.99189489694657595 0.5 #
coedge $-1 -1 $-1 $765 $764 $1018 $1019 forward $766 $-1 #
edge $1020 -1 $-1 $1021 -18.23421686746988257 $768 -18.23325301204819482 $764 $352 forward @7 unknown #
face $1022 -1 $-1 $1011 $766 $8 $-1 $354 reversed single #
point $-1 -1 $-1 0.3000000000000000999 -18.23325301204819482 0.5 #
coedge $-1 -1 $-1 $1018 $1023 $770 $904 forward $1024 $-1 #
edge $1025 -1 $-1 $916 0 $906 0.1600000000000000033 $903 $1026 forward @7 unknown #
color-adesk-attrib $-1 -1 $-1 $-1 $771 256 #
vertex $-1 -1 $-1 $904 $1027 #
coedge $-1 -1 $-1 $1017 $774 $1028 $1029 forward $264 $-1 #
coedge $-1 -1 $-1 $781 $1028 $777 $909 reversed $914 $-1 #
edge $1030 -1 $-1 $784 -0.25 $911 0.75 $777 $1031 forward @7 unknown #
color-adesk-attrib $-1 -1 $-1 $-1 $778 256 #
vertex $-1 -1 $-1 $1029 $1032 #
color-adesk-attrib $-1 -1 $-1 $-1 $779 256 #
coedge $-1 -1 $-1 $1028 $781 $1023 $1033 forward $914 $-1 #
loop $-1 -1 $-1 $-1 $781 $1034 #
color-adesk-attrib $-1 -1 $-1 $-1 $782 256 #
vertex $-1 -1 $-1 $904 $1035 #
straight-curve $-1 -1 $-1 0.3000000000000000999 -18.47421686746988456 -0.5 0.5525198625498334293 0.8334997309465150828 0 F 0 F 0.2895719172308956479 #
point $-1 -1 $-1 0.3000000000000000999 -18.47421686746988456 -0.5 #
coedge $-1 -1 $-1 $791 $786 $785 $920 reversed $792 $-1 #
edge $1036 -1 $-1 $926 0 $789 0.1600000000000000033 $919 $1037 forward @7 unknown #
color-adesk-attrib $-1 -1 $-1 $-1 $787 256 #
straight-curve $-1 -1 $-1 0.2999999999999999889 -18.71614457831325851 -0.25 0 0 -1 I I #
point $-1 -1 $-1 0.3000000000000000444 -18.71614457831325495 0.5 #
face $1038 -1 $-1 $546 $792 $8 $-1 $1039 forward single #
color-adesk-attrib $-1 -1 $-1 $-1 $797 256 #
vertex $-1 -1 $-1 $801 $1040 #
straight-curve $-1 -1 $-1 0.3000000000000000444 -18.95614457831325694 0.5 0.5525198625498334293 0.8334997309465150828 0 I I #
color-adesk-attrib $-1 -1 $-1 $-1 $801 256 #
straight-curve $-1 -1 $-1 0.4599942359067062392 -18.71478646321163808 -0.5 0 0 1 I I #
color-adesk-attrib $-1 -1 $-1 $-1 $802 256 #
plane-surface $-1 -1 $-1 0.3000000000000000444 -18.95614457831325694 -0.5 0.8334997309465151938 -0.5525198625498335403 0 0.5525198625498335403 0.8334997309465151938 0 forward_v I I I I #
coedge $-1 -1 $-1 $809 $846 $843 $962 forward $264 $-1 #
edge $1041 -1 $-1 $964 -0.2999999999999999889 $863 0.2999999999999999889 $861 $1042 forward @7 unknown #
color-adesk-attrib $-1 -1 $-1 $-1 $810 256 #
straight-curve $-1 -1 $-1 -0.2999999999999999889 0 0.5 0 -1 0 I I #
coedge $-1 -1 $-1 $1043 $817 $1044 $1045 reversed $102 $-1 #
coedge $-1 -1 $-1 $860 $1046 $817 $938 reversed $735 $-1 #
edge $1047 -1 $-1 $943 -19.35710843373493617 $1048 -19.35614457831325197 $937 $277 forward @7 unknown #
coedge $-1 -1 $-1 $1049 $818 $821 $946 forward $941 $-1 #
coedge $-1 -1 $-1 $818 $1049 $860 $973 reversed $941 $-1 #
loop $-1 -1 $-1 $-1 $818 $1050 #
color-adesk-attrib $-1 -1 $-1 $-1 $819 256 #
vertex $-1 -1 $-1 $938 $1051 #
straight-curve $-1 -1 $-1 0.3000000000000023759 19.35710843373493617 -0.5 0.5525198625498334293 0.8334997309465150828 0 F 0 F 0.2895719172308956479 #
coedge $-1 -1 $-1 $821 $820 $1052 $1053 reversed $822 $-1 #
edge $1054 -1 $-1 $824 0 $1055 1 $821 $1056 forward @7 unknown #
face $1057 -1 $-1 $591 $822 $8 $-1 $1058 forward single #
point $-1 -1 $-1 0.4599942359067085706 19.59846654883655503 -0.5 #
coedge $-1 -1 $-1 $829 $1052 $826 $950 forward $264 $-1 #
edge $1059 -1 $-1 $952 19.59710843373493461 $832 19.59807228915662591 $826 $352 forward @7 unknown #
color-adesk-attrib $-1 -1 $-1 $-1 $827 256 #
vertex $-1 -1 $-1 $950 $1060 #
straight-curve $-1 -1 $-1 0.2999999999999999889 19.59710843373493816 -0.25 0 0 -1 I I #
color-adesk-attrib $-1 -1 $-1 $-1 $830 256 #
straight-curve $-1 -1 $-1 0.3000000000000024314 19.59807228915662591 0.5 0.5525198625498334293 0.8334997309465150828 0 I I #
point $-1 -1 $-1 0.3000000000000023759 19.59807228915662591 0.5 #
color-adesk-attrib $-1 -1 $-1 $-1 $840 256 #
face $1061 -1 $-1 $1062 $1063 $8 $-1 $1064 forward single #
loop $-1 -1 $-1 $-1 $1044 $840 #
plane-surface $-1 -1 $-1 0.4599942359067085706 19.3575026934148724 -0.5 -0.008488219385113101104 0.99996397441691387 0 -0.99996397441691387 -0.008488219385113101104 0 forward_v I I I I #
coedge $-1 -1 $-1 $1065 $1066 $1043 $1067 forward $841 $-1 #
edge $1068 -1 $-1 $849 0 $964 0.1590361445783068373 $843 $1069 forward @7 unknown #
color-adesk-attrib $-1 -1 $-1 $-1 $844 256 #
vertex $-1 -1 $-1 $933 $1070 #
straight-curve $-1 -1 $-1 0.2999999999999999889 19.92000000000000171 0 0 0 -1 I I #
color-adesk-attrib $-1 -1 $-1 $-1 $847 256 #
straight-curve $-1 -1 $-1 0.4599942359067086262 20.08039425967992742 0.5 -0.9999639744169136479 -0.008488219385113099369 0 I I #
point $-1 -1 $-1 0.3000000000000024314 20.07903614457830699 0.5 #
color-adesk-attrib $-1 -1 $-1 $-1 $859 256 #
face $1071 -1 $-1 $1072 $1073 $8 $-1 $354 reversed single #
loop $-1 -1 $-1 $-1 $1074 $859 #
coedge $-1 -1 $-1 $1046 $860 $1075 $1076 reversed $735 $-1 #
edge $1077 -1 $-1 $943 -0.25 $1078 0.75 $860 $1079 forward @7 unknown #
point $-1 -1 $-1 -0.2999999999999999889 19.92000000000000171 0.5 #
color-adesk-attrib $-1 -1 $-1 $-1 $867 256 #
face $1080 -1 $-1 $1081 $1082 $8 $-1 $1083 forward single #
loop $-1 -1 $-1 $-1 $1084 $867 #
plane-surface $-1 -1 $-1 0.3000000000000002109 -16.78746987951807057 -0.5 0.8334997309465151938 -0.5525198625498335403 0 0.5525198625498335403 0.8334997309465151938 0 forward_v I I I I #
coedge $-1 -1 $-1 $1085 $1086 $1087 $1088 forward $868 $-1 #
coedge $-1 -1 $-1 $1089 $870 $1086 $1090 forward $745 $-1 #
coedge $-1 -1 $-1 $870 $1089 $1091 $1092 reversed $745 $-1 #
coedge $-1 -1 $-1 $1093 $1087 $870 $983 reversed $102 $-1 #
edge $1094 -1 $-1 $1095 0 $1096 0.2895719172308956479 $870 $1097 forward @7 unknown #
coedge $-1 -1 $-1 $872 $871 $1098 $1099 reversed $612 $-1 #
coedge $-1 -1 $-1 $1100 $1101 $871 $986 forward $1102 $-1 #
edge $1103 -1 $-1 $1104 -0.75 $989 0.25 $985 $1105 forward @7 unknown #
coedge $-1 -1 $-1 $873 $1106 $1100 $1107 forward $102 $-1 #
color-adesk-attrib $-1 -1 $-1 $-1 $874 256 #
vertex $-1 -1 $-1 $874 $1108 #
straight-curve $-1 -1 $-1 0.4599942359067062947 -17.50996718610320357 -0.5 -0.9999639744169136479 -0.008488219385113099369 0 F 0 F 0.1600000000000000033 #
coedge $-1 -1 $-1 $1098 $1109 $875 $992 forward $264 $-1 #
edge $1110 -1 $-1 $1000 0 $994 0.2895719172308956479 $875 $1111 forward @7 unknown #
color-adesk-attrib $-1 -1 $-1 $-1 $876 256 #
vertex $-1 -1 $-1 $876 $1112 #
straight-curve $-1 -1 $-1 0.4599942359067062947 -17.50996718610320357 -0.5 0 0 1 I I #
coedge $-1 -1 $-1 $1113 $877 $1109 $1114 reversed $998 $-1 #
coedge $-1 -1 $-1 $877 $1113 $879 $1003 reversed $998 $-1 #
loop $-1 -1 $-1 $-1 $877 $1115 #
color-adesk-attrib $-1 -1 $-1 $-1 $878 256 #
vertex $-1 -1 $-1 $992 $1116 #
straight-curve $-1 -1 $-1 0.2999999999999989342 -17.75132530120482244 -0.25 0 0 1 I I #
coedge $-1 -1 $-1 $892 $879 $1117 $1118 reversed $102 $-1 #
edge $1119 -1 $-1 $881 17.75132530120482244 $1120 17.75228915662650309 $997 $277 forward @7 unknown #
point $-1 -1 $-1 0.3000000000000001554 -17.75132530120482244 -0.5 #
point $-1 -1 $-1 0.4599942359067062947 -17.50996718610320357 -0.5 #
coedge $-1 -1 $-1 $1121 $884 $887 $1010 forward $264 $-1 #
color-adesk-attrib $-1 -1 $-1 $-1 $885 256 #
straight-curve $-1 -1 $-1 0.4599942359067062947 -17.99189489694657595 0.5 -0.9999639744169136479 -0.008488219385113099369 0 I I #
coedge $-1 -1 $-1 $887 $886 $1122 $1123 forward $888 $-1 #
edge $1124 -1 $-1 $890 -17.99325301204819283 $1125 -17.99228915662650508 $887 $352 forward @7 unknown #
face $1126 -1 $-1 $645 $888 $8 $-1 $354 reversed single #
point $-1 -1 $-1 0.3000000000000000999 -17.99325301204819283 0.5 #
coedge $-1 -1 $-1 $1127 $1122 $892 $1014 forward $1128 $-1 #
edge $1129 -1 $-1 $1016 0 $1130 0.2895719172308956479 $1013 $1131 forward @7 unknown #
color-adesk-attrib $-1 -1 $-1 $-1 $893 256 #
vertex $-1 -1 $-1 $893 $1132 #
coedge $-1 -1 $-1 $895 $907 $1133 $1134 forward $264 $-1 #
coedge $-1 -1 $-1 $1133 $903 $899 $1019 reversed $1024 $-1 #
edge $1135 -1 $-1 $1021 -0.75 $906 0.25 $899 $1136 forward @7 unknown #
color-adesk-attrib $-1 -1 $-1 $-1 $900 256 #
vertex $-1 -1 $-1 $900 $1137 #
color-adesk-attrib $-1 -1 $-1 $-1 $901 256 #
coedge $-1 -1 $-1 $903 $1133 $913 $1033 reversed $1024 $-1 #
loop $-1 -1 $-1 $-1 $903 $1138 #
color-adesk-attrib $-1 -1 $-1 $-1 $904 256 #
straight-curve $-1 -1 $-1 0.4599942359067062947 -18.2328587523682657 -0.5 -0.9999639744169136479 -0.008488219385113099369 0 F 0 F 0.1600000000000000033 #
point $-1 -1 $-1 0.3000000000000000444 -18.23421686746988257 -0.5 #
coedge $-1 -1 $-1 $908 $913 $907 $1029 reversed $914 $-1 #
edge $1139 -1 $-1 $911 0 $1140 0.2895719172308956479 $1028 $1141 forward @7 unknown #
color-adesk-attrib $-1 -1 $-1 $-1 $909 256 #
straight-curve $-1 -1 $-1 0.2999999999999998224 -18.47421686746988456 -0.25 0 0 1 I I #
point $-1 -1 $-1 0.3000000000000000444 -18.47421686746988456 0.5 #
edge $1142 -1 $-1 $916 0 $1140 1 $1023 $1143 forward @7 unknown #
face $1144 -1 $-1 $1138 $914 $8 $-1 $1145 forward single #
point $-1 -1 $-1 0.4599942359067062947 -18.2328587523682657 -0.5 #
color-adesk-attrib $-1 -1 $-1 $-1 $920 256 #
straight-curve $-1 -1 $-1 0.4599942359067062392 -18.71478646321163808 0.5 -0.9999639744169136479 -0.008488219385113099369 0 I I #
color-adesk-attrib $-1 -1 $-1 $-1 $924 256 #
plane-surface $-1 -1 $-1 0.4599942359067062392 -18.71478646321163808 -0.5 -0.008488219385113101104 0.99996397441691387 0 -0.99996397441691387 -0.008488219385113101104 0 forward_v I I I I #
point $-1 -1 $-1 0.4599942359067062392 -18.71478646321163808 0.5 #
color-adesk-attrib $-1 -1 $-1 $-1 $933 256 #
straight-curve $-1 -1 $-1 0 19.92000000000000171 0.5 -1 0 0 I I #
coedge $-1 -1 $-1 $1146 $936 $961 $1067 reversed $102 $-1 #
coedge $-1 -1 $-1 $1147 $1148 $936 $1045 forward $959 $-1 #
edge $1149 -1 $-1 $1150 0 $1048 0.1600000000000000033 $1044 $1151 forward @7 unknown #
coedge $-1 -1 $-1 $937 $972 $1147 $1152 forward $735 $-1 #
color-adesk-attrib $-1 -1 $-1 $-1 $938 256 #
vertex $-1 -1 $-1 $1045 $1153 #
coedge $-1 -1 $-1 $940 $939 $1154 $1155 reversed $941 $-1 #
face $1156 -1 $-1 $947 $941 $8 $-1 $1157 forward single #
point $-1 -1 $-1 0.3000000000000023759 19.35710843373493617 -0.5 #
coedge $-1 -1 $-1 $949 $1154 $945 $1053 forward $264 $-1 #
edge $1158 -1 $-1 $1055 0 $952 0.1600000000000000033 $945 $1159 forward @7 unknown #
color-adesk-attrib $-1 -1 $-1 $-1 $946 256 #
vertex $-1 -1 $-1 $946 $1160 #
straight-curve $-1 -1 $-1 0.4599942359067085706 19.59846654883655503 -0.5 0 0 1 I I #
color-adesk-attrib $-1 -1 $-1 $-1 $947 256 #
plane-surface $-1 -1 $-1 0.4599942359067085706 19.59846654883655503 -0.5 -0.008488219385113101104 0.99996397441691387 0 -0.99996397441691387 -0.008488219385113101104 0 forward_v I I I I #
color-adesk-attrib $-1 -1 $-1 $-1 $950 256 #
point $-1 -1 $-1 0.3000000000000023759 19.59710843373493461 0.5 #
color-adesk-attrib $-1 -1 $-1 $-1 $958 256 #
face $1161 -1 $-1 $1162 $1163 $8 $-1 $1164 forward single #
loop $-1 -1 $-1 $-1 $1165 $958 #
plane-surface $-1 -1 $-1 0.3000000000000023759 18.63421686746987405 -0.5 0.8334997309465151938 -0.5525198625498335403 0 0.5525198625498335403 0.8334997309465151938 0 forward_v I I I I #
coedge $-1 -1 $-1 $1166 $961 $1148 $1167 forward $841 $-1 #
coedge $-1 -1 $-1 $961 $1166 $1168 $1169 reversed $841 $-1 #
edge $1170 -1 $-1 $1171 0 $1150 0.2895719172308956479 $961 $1172 forward @7 unknown #
color-adesk-attrib $-1 -1 $-1 $-1 $962 256 #
straight-curve $-1 -1 $-1 0.3000000000000024314 20.07903614457830699 0.5 2.891205793294678696e-17 -1 0 I I #
point $-1 -1 $-1 0.2999999999999999889 19.92000000000000171 0.5 #
color-adesk-attrib $-1 -1 $-1 $-1 $970 256 #
face $1173 -1 $-1 $1174 $1175 $8 $-1 $354 reversed single #
loop $-1 -1 $-1 $-1 $1176 $970 #
coedge $-1 -1 $-1 $1177 $1178 $1179 $1180 forward $971 $-1 #
coedge $-1 -1 $-1 $1154 $1181 $972 $1076 forward $264 $-1 #
edge $1182 -1 $-1 $1183 19.35614457831325197 $1078 19.35710843373493617 $972 $352 forward @7 unknown #
color-adesk-attrib $-1 -1 $-1 $-1 $973 256 #
vertex $-1 -1 $-1 $1155 $1184 #
straight-curve $-1 -1 $-1 0.3000000000000007105 19.35710843373493617 -0.25 0 0 1 I I #
color-adesk-attrib $-1 -1 $-1 $-1 $976 256 #
face $1185 -1 $-1 $1186 $1187 $8 $-1 $1188 forward single #
loop $-1 -1 $-1 $-1 $1189 $976 #
plane-surface $-1 -1 $-1 0.4599942359067064057 -16.54611176441645171 -0.5 -0.008488219385113101104 0.99996397441691387 0 -0.99996397441691387 -0.008488219385113101104 0 forward_v I I I I #
coedge $-1 -1 $-1 $1190 $1191 $1192 $1193 forward $977 $-1 #
coedge $-1 -1 $-1 $1194 $979 $1195 $1196 reversed $868 $-1 #
coedge $-1 -1 $-1 $979 $1194 $980 $1090 reversed $868 $-1 #
coedge $-1 -1 $-1 $982 $1197 $979 $1088 reversed $102 $-1 #
edge $1198 -1 $-1 $1096 0 $1199 0.1600000000000000033 $979 $1200 forward @7 unknown #
coedge $-1 -1 $-1 $981 $980 $1201 $1202 reversed $745 $-1 #
edge $1203 -1 $-1 $1096 0 $1204 1 $1086 $1205 forward @7 unknown #
coedge $-1 -1 $-1 $1206 $1207 $981 $1092 forward $1208 $-1 #
edge $1209 -1 $-1 $1095 -0.25 $1210 0.75 $1091 $1211 forward @7 unknown #
coedge $-1 -1 $-1 $1212 $982 $1207 $1213 forward $102 $-1 #
color-adesk-attrib $-1 -1 $-1 $-1 $983 256 #
vertex $-1 -1 $-1 $1213 $1214 #
vertex $-1 -1 $-1 $1088 $1215 #
straight-curve $-1 -1 $-1 0.3000000000000001554 -17.26939759036145006 -0.5 0.5525198625498334293 0.8334997309465150828 0 F 0 F 0.2895719172308956479 #
coedge $-1 -1 $-1 $1216 $991 $984 $1099 forward $264 $-1 #
edge $1217 -1 $-1 $994 0 $1104 0.1600000000000000033 $984 $1218 forward @7 unknown #
coedge $-1 -1 $-1 $1219 $985 $987 $1107 reversed $1102 $-1 #
coedge $-1 -1 $-1 $985 $1219 $1216 $1220 reversed $1102 $-1 #
loop $-1 -1 $-1 $-1 $985 $1221 #
color-adesk-attrib $-1 -1 $-1 $-1 $986 256 #
vertex $-1 -1 $-1 $1220 $1222 #
straight-curve $-1 -1 $-1 0.3000000000000000444 -17.511325301204824 -0.25 0 0 -1 I I #
coedge $-1 -1 $-1 $987 $1212 $1223 $1224 reversed $102 $-1 #
edge $1225 -1 $-1 $1226 17.51036144578313269 $989 17.51132530120482045 $1100 $277 forward @7 unknown #
point $-1 -1 $-1 0.3000000000000001554 -17.51132530120482045 -0.5 #
coedge $-1 -1 $-1 $991 $1227 $996 $1114 forward $264 $-1 #
color-adesk-attrib $-1 -1 $-1 $-1 $992 256 #
straight-curve $-1 -1 $-1 0.3000000000000001554 -17.75132530120482244 0.5 0.5525198625498334293 0.8334997309465150828 0 I I #
point $-1 -1 $-1 0.4599942359067062947 -17.50996718610320357 0.5 #
coedge $-1 -1 $-1 $997 $996 $1228 $1229 forward $998 $-1 #
edge $1230 -1 $-1 $1231 -17.75228915662650309 $1000 -17.75132530120482244 $996 $352 forward @7 unknown #
face $1232 -1 $-1 $1221 $998 $8 $-1 $354 reversed single #
point $-1 -1 $-1 0.3000000000000001554 -17.75132530120482244 0.5 #
coedge $-1 -1 $-1 $1228 $1233 $1002 $1118 forward $1234 $-1 #
edge $1235 -1 $-1 $1130 0 $1120 0.1600000000000000033 $1117 $1236 forward @7 unknown #
color-adesk-attrib $-1 -1 $-1 $-1 $1003 256 #
vertex $-1 -1 $-1 $1118 $1237 #
coedge $-1 -1 $-1 $1227 $1006 $1238 $1239 forward $264 $-1 #
coedge $-1 -1 $-1 $1013 $1238 $1009 $1123 reversed $1128 $-1 #
edge $1240 -1 $-1 $1016 -0.25 $1125 0.75 $1009 $1241 forward @7 unknown #
color-adesk-attrib $-1 -1 $-1 $-1 $1010 256 #
vertex $-1 -1 $-1 $1239 $1242 #
color-adesk-attrib $-1 -1 $-1 $-1 $1011 256 #
coedge $-1 -1 $-1 $1238 $1013 $1233 $1243 forward $1128 $-1 #
loop $-1 -1 $-1 $-1 $1013 $1244 #
color-adesk-attrib $-1 -1 $-1 $-1 $1014 256 #
vertex $-1 -1 $-1 $1118 $1245 #
straight-curve $-1 -1 $-1 0.3000000000000001554 -17.99228915662650508 -0.5 0.5525198625498334293 0.8334997309465150828 0 F 0 F 0.2895719172308956479 #
point $-1 -1 $-1 0.3000000000000001554 -17.99228915662650508 -0.5 #
coedge $-1 -1 $-1 $1023 $1018 $1017 $1134 reversed $1024 $-1 #
edge $1246 -1 $-1 $1140 0 $1021 0.1600000000000000033 $1133 $1247 forward @7 unknown #
color-adesk-attrib $-1 -1 $-1 $-1 $1019 256 #
straight-curve $-1 -1 $-1 0.2999999999999999889 -18.23421686746988257 -0.25 0 0 -1 I I #
point $-1 -1 $-1 0.3000000000000000444 -18.23421686746988257 0.5 #
face $1248 -1 $-1 $802 $1024 $8 $-1 $1249 forward single #
color-adesk-attrib $-1 -1 $-1 $-1 $1029 256 #
vertex $-1 -1 $-1 $1033 $1250 #
straight-curve $-1 -1 $-1 0.3000000000000000999 -18.47421686746988456 0.5 0.5525198625498334293 0.8334997309465150828 0 I I #
color-adesk-attrib $-1 -1 $-1 $-1 $1033 256 #
straight-curve $-1 -1 $-1 0.4599942359067062947 -18.2328587523682657 -0.5 0 0 1 I I #
color-adesk-attrib $-1 -1 $-1 $-1 $1034 256 #
plane-surface $-1 -1 $-1 0.3000000000000000999 -18.47421686746988456 -0.5 0.8334997309465151938 -0.5525198625498335403 0 0.5525198625498335403 0.8334997309465151938 0 forward_v I I I I #
coedge $-1 -1 $-1 $1251 $1043 $1252 $1253 forward $102 $-1 #
coedge $-1 -1 $-1 $1254 $1044 $1046 $1152 reversed $959 $-1 #
coedge $-1 -1 $-1 $1044 $1254 $1065 $1167 reversed $959 $-1 #
color-adesk-attrib $-1 -1 $-1 $-1 $1045 256 #
vertex $-1 -1 $-1 $1045 $1255 #
straight-curve $-1 -1 $-1 0.4599942359067085706 19.3575026934148724 -0.5 -0.9999639744169136479 -0.008488219385113099369 0 F 0 F 0.1600000000000000033 #
edge $1256 -1 $-1 $1183 -0.75 $1048 0.25 $1046 $1257 forward @7 unknown #
point $-1 -1 $-1 0.3000000000000023759 19.35614457831325197 -0.5 #
coedge $-1 -1 $-1 $1052 $1075 $1049 $1155 forward $264 $-1 #
edge $1258 -1 $-1 $1078 0 $1055 0.2895719172308956479 $1049 $1259 forward @7 unknown #
color-adesk-attrib $-1 -1 $-1 $-1 $1050 256 #
plane-surface $-1 -1 $-1 0.3000000000000023759 19.35710843373493617 -0.5 0.8334997309465151938 -0.5525198625498335403 0 0.5525198625498335403 0.8334997309465151938 0 forward_v I I I I #
color-adesk-attrib $-1 -1 $-1 $-1 $1053 256 #
straight-curve $-1 -1 $-1 0.4599942359067085706 19.59846654883655503 0.5 -0.9999639744169136479 -0.008488219385113099369 0 I I #
point $-1 -1 $-1 0.4599942359067085706 19.59846654883655503 0.5 #
color-adesk-attrib $-1 -1 $-1 $-1 $1062 256 #
face $1260 -1 $-1 $1261 $1262 $8 $-1 $1263 forward single #
loop $-1 -1 $-1 $-1 $1264 $1062 #
plane-surface $-1 -1 $-1 0.4599942359067085151 18.87557498257149291 -0.5 -0.008488219385113101104 0.99996397441691387 0 -0.99996397441691387 -0.008488219385113101104 0 forward_v I I I I #
coedge $-1 -1 $-1 $1265 $1266 $1267 $1268 forward $1063 $-1 #
coedge $-1 -1 $-1 $1066 $1065 $1269 $1270 reversed $841 $-1 #
edge $1271 -1 $-1 $1150 0 $1272 1 $1148 $1273 forward @7 unknown #
coedge $-1 -1 $-1 $1274 $1252 $1066 $1169 forward $1073 $-1 #
edge $1275 -1 $-1 $1171 -0.25 $1276 0.75 $1168 $1277 forward @7 unknown #
color-adesk-attrib $-1 -1 $-1 $-1 $1067 256 #
vertex $-1 -1 $-1 $1253 $1278 #
straight-curve $-1 -1 $-1 0.3000000000000023759 19.11614457831325353 -0.5 0.5525198625498334293 0.8334997309465150828 0 F 0 F 0.2895719172308956479 #
color-adesk-attrib $-1 -1 $-1 $-1 $1072 256 #
face $1279 -1 $-1 $1280 $1281 $8 $-1 $354 reversed single #
loop $-1 -1 $-1 $-1 $1282 $1072 #
coedge $-1 -1 $-1 $1252 $1274 $1283 $1284 forward $1073 $-1 #
coedge $-1 -1 $-1 $1285 $1074 $1286 $1287 reversed $971 $-1 #
coedge $-1 -1 $-1 $1074 $1285 $1288 $1289 reversed $971 $-1 #
coedge $-1 -1 $-1 $1290 $1291 $1074 $1180 reversed $1292 $-1 #
edge $1293 -1 $-1 $1294 -0.25 $1295 0.75 $1074 $1296 forward @7 unknown #
coedge $-1 -1 $-1 $1075 $1269 $1254 $1297 forward $264 $-1 #
color-adesk-attrib $-1 -1 $-1 $-1 $1076 256 #
vertex $-1 -1 $-1 $1076 $1298 #
point $-1 -1 $-1 0.3000000000000023759 19.35710843373493617 0.5 #
color-adesk-attrib $-1 -1 $-1 $-1 $1081 256 #
face $1299 -1 $-1 $1300 $1301 $8 $-1 $1302 forward single #
loop $-1 -1 $-1 $-1 $1303 $1081 #
plane-surface $-1 -1 $-1 0.3000000000000002109 -16.30554216867469819 -0.5 0.8334997309465151938 -0.5525198625498335403 0 0.5525198625498335403 0.8334997309465151938 0 forward_v I I I I #
coedge $-1 -1 $-1 $1304 $1305 $1306 $1307 forward $1082 $-1 #
coedge $-1 -1 $-1 $1308 $1084 $1305 $1309 forward $977 $-1 #
coedge $-1 -1 $-1 $1084 $1308 $1310 $1311 reversed $977 $-1 #
coedge $-1 -1 $-1 $1312 $1306 $1084 $1193 reversed $102 $-1 #
edge $1313 -1 $-1 $1314 0 $1315 0.2895719172308956479 $1084 $1316 forward @7 unknown #
coedge $-1 -1 $-1 $1086 $1085 $1317 $1318 reversed $868 $-1 #
coedge $-1 -1 $-1 $1319 $1320 $1085 $1196 forward $1321 $-1 #
edge $1322 -1 $-1 $1323 -0.75 $1199 0.25 $1195 $1324 forward @7 unknown #
coedge $-1 -1 $-1 $1087 $1325 $1319 $1326 forward $102 $-1 #
color-adesk-attrib $-1 -1 $-1 $-1 $1088 256 #
vertex $-1 -1 $-1 $1088 $1327 #
straight-curve $-1 -1 $-1 0.4599942359067063502 -17.02803947525983119 -0.5 -0.9999639744169136479 -0.008488219385113099369 0 F 0 F 0.1600000000000000033 #
coedge $-1 -1 $-1 $1317 $1328 $1089 $1202 forward $264 $-1 #
edge $1329 -1 $-1 $1210 0 $1204 0.2895719172308956479 $1089 $1330 forward @7 unknown #
color-adesk-attrib $-1 -1 $-1 $-1 $1090 256 #
vertex $-1 -1 $-1 $1090 $1331 #
straight-curve $-1 -1 $-1 0.4599942359067063502 -17.02803947525983119 -0.5 0 0 1 I I #
coedge $-1 -1 $-1 $1332 $1091 $1328 $1333 reversed $1208 $-1 #
coedge $-1 -1 $-1 $1091 $1332 $1093 $1213 reversed $1208 $-1 #
loop $-1 -1 $-1 $-1 $1091 $1334 #
color-adesk-attrib $-1 -1 $-1 $-1 $1092 256 #
vertex $-1 -1 $-1 $1202 $1335 #
straight-curve $-1 -1 $-1 0.2999999999999993783 -17.26939759036145361 -0.25 0 0 1 I I #
coedge $-1 -1 $-1 $1106 $1093 $1336 $1337 reversed $102 $-1 #
edge $1338 -1 $-1 $1095 17.26939759036145006 $1339 17.2703614457831307 $1207 $277 forward @7 unknown #
point $-1 -1 $-1 0.3000000000000001554 -17.26939759036145006 -0.5 #
point $-1 -1 $-1 0.4599942359067063502 -17.02803947525983119 -0.5 #
coedge $-1 -1 $-1 $1340 $1098 $1101 $1220 forward $264 $-1 #
color-adesk-attrib $-1 -1 $-1 $-1 $1099 256 #
straight-curve $-1 -1 $-1 0.4599942359067062947 -17.50996718610320357 0.5 -0.9999639744169136479 -0.008488219385113099369 0 I I #
coedge $-1 -1 $-1 $1101 $1100 $1341 $1342 forward $1102 $-1 #
edge $1343 -1 $-1 $1104 -17.51132530120482045 $1344 -17.51036144578313269 $1101 $352 forward @7 unknown #
face $1345 -1 $-1 $901 $1102 $8 $-1 $354 reversed single #
point $-1 -1 $-1 0.3000000000000001554 -17.51132530120482045 0.5 #
coedge $-1 -1 $-1 $1346 $1341 $1106 $1224 forward $1347 $-1 #
edge $1348 -1 $-1 $1226 0 $1349 0.2895719172308956479 $1223 $1350 forward @7 unknown #
color-adesk-attrib $-1 -1 $-1 $-1 $1107 256 #
vertex $-1 -1 $-1 $1107 $1351 #
coedge $-1 -1 $-1 $1109 $1121 $1352 $1353 forward $264 $-1 #
coedge $-1 -1 $-1 $1352 $1117 $1113 $1229 reversed $1234 $-1 #
edge $1354 -1 $-1 $1231 -0.75 $1120 0.25 $1113 $1355 forward @7 unknown #
color-adesk-attrib $-1 -1 $-1 $-1 $1114 256 #
vertex $-1 -1 $-1 $1114 $1356 #
color-adesk-attrib $-1 -1 $-1 $-1 $1115 256 #
coedge $-1 -1 $-1 $1117 $1352 $1127 $1243 reversed $1234 $-1 #
loop $-1 -1 $-1 $-1 $1117 $1357 #
color-adesk-attrib $-1 -1 $-1 $-1 $1118 256 #
straight-curve $-1 -1 $-1 0.4599942359067062947 -17.75093104152488621 -0.5 -0.9999639744169136479 -0.008488219385113099369 0 F 0 F 0.1600000000000000033 #
point $-1 -1 $-1 0.3000000000000000999 -17.75228915662650309 -0.5 #
coedge $-1 -1 $-1 $1122 $1127 $1121 $1239 reversed $1128 $-1 #
edge $1358 -1 $-1 $1125 0 $1359 0.2895719172308956479 $1238 $1360 forward @7 unknown #
color-adesk-attrib $-1 -1 $-1 $-1 $1123 256 #
straight-curve $-1 -1 $-1 0.2999999999999998224 -17.99228915662650863 -0.25 0 0 1 I I #
point $-1 -1 $-1 0.3000000000000000999 -17.99228915662650508 0.5 #
edge $1361 -1 $-1 $1130 0 $1359 1 $1233 $1362 forward @7 unknown #
face $1363 -1 $-1 $1357 $1128 $8 $-1 $1364 forward single #
point $-1 -1 $-1 0.4599942359067062947 -17.75093104152488621 -0.5 #
color-adesk-attrib $-1 -1 $-1 $-1 $1134 256 #
straight-curve $-1 -1 $-1 0.4599942359067062947 -18.2328587523682657 0.5 -0.9999639744169136479 -0.008488219385113099369 0 I I #
color-adesk-attrib $-1 -1 $-1 $-1 $1138 256 #
plane-surface $-1 -1 $-1 0.4599942359067062947 -18.2328587523682657 -0.5 -0.008488219385113101104 0.99996397441691387 0 -0.99996397441691387 -0.008488219385113101104 0 forward_v I I I I #
point $-1 -1 $-1 0.4599942359067062947 -18.2328587523682657 0.5 #
coedge $-1 -1 $-1 $1365 $1146 $1366 $1367 reversed $102 $-1 #
coedge $-1 -1 $-1 $1168 $1176 $1146 $1253 reversed $1073 $-1 #
edge $1368 -1 $-1 $1171 -19.11614457831325353 $1369 -19.11518072289156223 $1252 $277 forward @7 unknown #
coedge $-1 -1 $-1 $1148 $1147 $1181 $1297 reversed $959 $-1 #
point $-1 -1 $-1 0.4599942359067085706 19.3575026934148724 -0.5 #
color-adesk-attrib $-1 -1 $-1 $-1 $1152 256 #
straight-curve $-1 -1 $-1 0.2999999999999999889 19.35614457831325552 -0.25 0 0 -1 I I #
color-adesk-attrib $-1 -1 $-1 $-1 $1155 256 #
straight-curve $-1 -1 $-1 0.3000000000000023759 19.35710843373493617 0.5 0.5525198625498334293 0.8334997309465150828 0 I I #
color-adesk-attrib $-1 -1 $-1 $-1 $1162 256 #
face $1370 -1 $-1 $1371 $1372 $8 $-1 $1373 forward single #
loop $-1 -1 $-1 $-1 $1374 $1162 #
plane-surface $-1 -1 $-1 0.3000000000000023204 18.15228915662650166 -0.5 0.8334997309465151938 -0.5525198625498335403 0 0.5525198625498335403 0.8334997309465151938 0 forward_v I I I I #
coedge $-1 -1 $-1 $1375 $1376 $1377 $1378 forward $1163 $-1 #
coedge $-1 -1 $-1 $1379 $1165 $1376 $1380 forward $1063 $-1 #
coedge $-1 -1 $-1 $1165 $1379 $1381 $1382 reversed $1063 $-1 #
coedge $-1 -1 $-1 $1383 $1377 $1165 $1268 reversed $102 $-1 #
edge $1384 -1 $-1 $1385 0 $1386 0.2895719172308956479 $1165 $1387 forward @7 unknown #
coedge $-1 -1 $-1 $1181 $1388 $1166 $1270 forward $264 $-1 #
edge $1389 -1 $-1 $1276 0 $1272 0.2895719172308956479 $1166 $1390 forward @7 unknown #
color-adesk-attrib $-1 -1 $-1 $-1 $1167 256 #
vertex $-1 -1 $-1 $1167 $1391 #
straight-curve $-1 -1 $-1 0.4599942359067085706 19.3575026934148724 -0.5 0 0 1 I I #
coedge $-1 -1 $-1 $1176 $1168 $1388 $1392 reversed $1073 $-1 #
color-adesk-attrib $-1 -1 $-1 $-1 $1169 256 #
vertex $-1 -1 $-1 $1270 $1393 #
straight-curve $-1 -1 $-1 0.3000000000000007105 19.11614457831325353 -0.25 0 0 1 I I #
point $-1 -1 $-1 0.3000000000000023759 19.11614457831325353 -0.5 #
color-adesk-attrib $-1 -1 $-1 $-1 $1174 256 #
face $1394 -1 $-1 $1395 $1396 $8 $-1 $354 reversed single #
loop $-1 -1 $-1 $-1 $1397 $1174 #
coedge $-1 -1 $-1 $1398 $1399 $1400 $1401 forward $1175 $-1 #
coedge $-1 -1 $-1 $1402 $1366 $1176 $1284 reversed $1403 $-1 #
edge $1404 -1 $-1 $1405 -0.75 $1369 0.25 $1176 $1406 forward @7 unknown #
coedge $-1 -1 $-1 $1178 $1177 $1375 $1407 forward $971 $-1 #
coedge $-1 -1 $-1 $1408 $1409 $1177 $1287 forward $264 $-1 #
edge $1410 -1 $-1 $1411 18.87421686746987248 $1295 18.87518072289156379 $1177 $352 forward @7 unknown #
coedge $-1 -1 $-1 $1377 $1365 $1178 $1289 forward $102 $-1 #
edge $1412 -1 $-1 $1294 -18.87518072289156379 $1413 -18.87421686746987248 $1178 $277 forward @7 unknown #
coedge $-1 -1 $-1 $1414 $1179 $1365 $1415 forward $1292 $-1 #
coedge $-1 -1 $-1 $1179 $1414 $1408 $1416 reversed $1292 $-1 #
loop $-1 -1 $-1 $-1 $1290 $1417 #
color-adesk-attrib $-1 -1 $-1 $-1 $1180 256 #
vertex $-1 -1 $-1 $1289 $1418 #
vertex $-1 -1 $-1 $1416 $1419 #
straight-curve $-1 -1 $-1 0.3000000000000007105 18.87518072289156379 -0.25 0 0 1 I I #
edge $1420 -1 $-1 $1272 0 $1183 0.1600000000000000033 $1254 $1421 forward @7 unknown #
point $-1 -1 $-1 0.3000000000000023759 19.35614457831325197 0.5 #
color-adesk-attrib $-1 -1 $-1 $-1 $1186 256 #
face $1422 -1 $-1 $1423 $1424 $8 $-1 $1425 forward single #
loop $-1 -1 $-1 $-1 $1426 $1186 #
plane-surface $-1 -1 $-1 0.4599942359067064057 -16.06418405357307932 -0.5 -0.008488219385113101104 0.99996397441691387 0 -0.99996397441691387 -0.008488219385113101104 0 forward_v I I I I #
coedge $-1 -1 $-1 $1427 $1428 $1429 $1430 forward $1187 $-1 #
coedge $-1 -1 $-1 $1431 $1189 $1432 $1433 reversed $1082 $-1 #
coedge $-1 -1 $-1 $1189 $1431 $1190 $1309 reversed $1082 $-1 #
coedge $-1 -1 $-1 $1192 $1434 $1189 $1307 reversed $102 $-1 #
edge $1435 -1 $-1 $1315 0 $1436 0.1600000000000000033 $1189 $1437 forward @7 unknown #
coedge $-1 -1 $-1 $1191 $1190 $1438 $1439 reversed $977 $-1 #
edge $1440 -1 $-1 $1315 0 $1441 1 $1305 $1442 forward @7 unknown #
coedge $-1 -1 $-1 $1443 $1444 $1191 $1311 forward $1445 $-1 #
edge $1446 -1 $-1 $1314 -0.25 $1447 0.75 $1310 $1448 forward @7 unknown #
coedge $-1 -1 $-1 $1449 $1192 $1444 $1450 forward $102 $-1 #
color-adesk-attrib $-1 -1 $-1 $-1 $1193 256 #
vertex $-1 -1 $-1 $1450 $1451 #
vertex $-1 -1 $-1 $1307 $1452 #
straight-curve $-1 -1 $-1 0.3000000000000002109 -16.78746987951807057 -0.5 0.5525198625498334293 0.8334997309465150828 0 F 0 F 0.2895719172308956479 #
coedge $-1 -1 $-1 $1453 $1201 $1194 $1318 forward $264 $-1 #
edge $1454 -1 $-1 $1204 0 $1323 0.1600000000000000033 $1194 $1455 forward @7 unknown #
coedge $-1 -1 $-1 $1456 $1195 $1197 $1326 reversed $1321 $-1 #
coedge $-1 -1 $-1 $1195 $1456 $1453 $1457 reversed $1321 $-1 #
loop $-1 -1 $-1 $-1 $1195 $1458 #
color-adesk-attrib $-1 -1 $-1 $-1 $1196 256 #
vertex $-1 -1 $-1 $1457 $1459 #
straight-curve $-1 -1 $-1 0.2999999999999999889 -17.02939759036145162 -0.25 0 0 -1 I I #
coedge $-1 -1 $-1 $1197 $1449 $1460 $1461 reversed $102 $-1 #
edge $1462 -1 $-1 $1463 17.02843373493976031 $1199 17.02939759036144807 $1319 $277 forward @7 unknown #
point $-1 -1 $-1 0.3000000000000001554 -17.02939759036144807 -0.5 #
coedge $-1 -1 $-1 $1201 $1464 $1206 $1333 forward $264 $-1 #
color-adesk-attrib $-1 -1 $-1 $-1 $1202 256 #
straight-curve $-1 -1 $-1 0.3000000000000001554 -17.26939759036145006 0.5 0.5525198625498334293 0.8334997309465150828 0 I I #
point $-1 -1 $-1 0.4599942359067063502 -17.02803947525983119 0.5 #
coedge $-1 -1 $-1 $1207 $1206 $1465 $1466 forward $1208 $-1 #
edge $1467 -1 $-1 $1468 -17.2703614457831307 $1210 -17.26939759036145006 $1206 $352 forward @7 unknown #
face $1469 -1 $-1 $1458 $1208 $8 $-1 $354 reversed single #
point $-1 -1 $-1 0.3000000000000001554 -17.26939759036145006 0.5 #
coedge $-1 -1 $-1 $1465 $1470 $1212 $1337 forward $1471 $-1 #
edge $1472 -1 $-1 $1349 0 $1339 0.1600000000000000033 $1336 $1473 forward @7 unknown #
color-adesk-attrib $-1 -1 $-1 $-1 $1213 256 #
vertex $-1 -1 $-1 $1337 $1474 #
coedge $-1 -1 $-1 $1464 $1216 $1475 $1476 forward $264 $-1 #
coedge $-1 -1 $-1 $1223 $1475 $1219 $1342 reversed $1347 $-1 #
edge $1477 -1 $-1 $1226 -0.25 $1344 0.75 $1219 $1478 forward @7 unknown #
color-adesk-attrib $-1 -1 $-1 $-1 $1220 256 #
vertex $-1 -1 $-1 $1476 $1479 #
color-adesk-attrib $-1 -1 $-1 $-1 $1221 256 #
coedge $-1 -1 $-1 $1475 $1223 $1470 $1480 forward $1347 $-1 #
loop $-1 -1 $-1 $-1 $1223 $1481 #
color-adesk-attrib $-1 -1 $-1 $-1 $1224 256 #
vertex $-1 -1 $-1 $1337 $1482 #
straight-curve $-1 -1 $-1 0.3000000000000001554 -17.51036144578313269 -0.5 0.5525198625498334293 0.8334997309465150828 0 F 0 F 0.2895719172308956479 #
point $-1 -1 $-1 0.3000000000000001554 -17.51036144578313269 -0.5 #
coedge $-1 -1 $-1 $1233 $1228 $1227 $1353 reversed $1234 $-1 #
edge $1483 -1 $-1 $1359 0 $1231 0.1600000000000000033 $1352 $1484 forward @7 unknown #
color-adesk-attrib $-1 -1 $-1 $-1 $1229 256 #
straight-curve $-1 -1 $-1 0.2999999999999999889 -17.75228915662650664 -0.25 0 0 -1 I I #
point $-1 -1 $-1 0.3000000000000000999 -17.75228915662650309 0.5 #
face $1485 -1 $-1 $1034 $1234 $8 $-1 $1486 forward single #
color-adesk-attrib $-1 -1 $-1 $-1 $1239 256 #
vertex $-1 -1 $-1 $1243 $1487 #
straight-curve $-1 -1 $-1 0.3000000000000001554 -17.99228915662650508 0.5 0.5525198625498334293 0.8334997309465150828 0 I I #
color-adesk-attrib $-1 -1 $-1 $-1 $1243 256 #
straight-curve $-1 -1 $-1 0.4599942359067062947 -17.75093104152488621 -0.5 0 0 1 I I #
color-adesk-attrib $-1 -1 $-1 $-1 $1244 256 #
plane-surface $-1 -1 $-1 0.3000000000000001554 -17.99228915662650508 -0.5 0.8334997309465151938 -0.5525198625498335403 0 0.5525198625498335403 0.8334997309465151938 0 forward_v I I I I #
coedge $-1 -1 $-1 $1288 $1251 $1290 $1415 reversed $102 $-1 #
coedge $-1 -1 $-1 $1283 $1488 $1251 $1367 forward $1403 $-1 #
edge $1489 -1 $-1 $1490 0 $1369 0.1600000000000000033 $1366 $1491 forward @7 unknown #
color-adesk-attrib $-1 -1 $-1 $-1 $1253 256 #
vertex $-1 -1 $-1 $1367 $1492 #
color-adesk-attrib $-1 -1 $-1 $-1 $1261 256 #
face $1493 -1 $-1 $1494 $1495 $8 $-1 $1496 forward single #
loop $-1 -1 $-1 $-1 $1497 $1261 #
plane-surface $-1 -1 $-1 0.4599942359067085151 18.39364727172812053 -0.5 -0.008488219385113101104 0.99996397441691387 0 -0.99996397441691387 -0.008488219385113101104 0 forward_v I I I I #
coedge $-1 -1 $-1 $1498 $1499 $1500 $1501 forward $1262 $-1 #
coedge $-1 -1 $-1 $1502 $1264 $1285 $1407 reversed $1163 $-1 #
coedge $-1 -1 $-1 $1264 $1502 $1265 $1380 reversed $1163 $-1 #
coedge $-1 -1 $-1 $1267 $1288 $1264 $1378 reversed $102 $-1 #
edge $1503 -1 $-1 $1386 0 $1413 0.1600000000000000033 $1264 $1504 forward @7 unknown #
coedge $-1 -1 $-1 $1266 $1265 $1505 $1506 reversed $1063 $-1 #
edge $1507 -1 $-1 $1386 0 $1508 1 $1376 $1509 forward @7 unknown #
coedge $-1 -1 $-1 $1510 $1511 $1266 $1382 forward $1281 $-1 #
edge $1512 -1 $-1 $1385 -0.25 $1513 0.75 $1381 $1514 forward @7 unknown #
coedge $-1 -1 $-1 $1515 $1267 $1511 $1516 forward $102 $-1 #
color-adesk-attrib $-1 -1 $-1 $-1 $1268 256 #
vertex $-1 -1 $-1 $1516 $1517 #
vertex $-1 -1 $-1 $1378 $1518 #
straight-curve $-1 -1 $-1 0.3000000000000023759 18.63421686746987405 -0.5 0.5525198625498334293 0.8334997309465150828 0 F 0 F 0.2895719172308956479 #
coedge $-1 -1 $-1 $1269 $1519 $1274 $1392 forward $264 $-1 #
color-adesk-attrib $-1 -1 $-1 $-1 $1270 256 #
straight-curve $-1 -1 $-1 0.3000000000000023759 19.11614457831325353 0.5 0.5525198625498334293 0.8334997309465150828 0 I I #
point $-1 -1 $-1 0.4599942359067085706 19.3575026934148724 0.5 #
edge $1520 -1 $-1 $1405 19.11518072289156223 $1276 19.11614457831325353 $1274 $352 forward @7 unknown #
point $-1 -1 $-1 0.3000000000000023759 19.11614457831325353 0.5 #
color-adesk-attrib $-1 -1 $-1 $-1 $1280 256 #
face $1521 -1 $-1 $1522 $1523 $8 $-1 $354 reversed single #
loop $-1 -1 $-1 $-1 $1524 $1280 #
coedge $-1 -1 $-1 $1511 $1510 $1525 $1526 forward $1281 $-1 #
coedge $-1 -1 $-1 $1527 $1282 $1528 $1529 reversed $1175 $-1 #
coedge $-1 -1 $-1 $1282 $1527 $1530 $1531 reversed $1175 $-1 #
coedge $-1 -1 $-1 $1532 $1533 $1282 $1401 reversed $1534 $-1 #
edge $1535 -1 $-1 $1536 -0.25 $1537 0.75 $1282 $1538 forward @7 unknown #
coedge $-1 -1 $-1 $1488 $1283 $1519 $1539 reversed $1403 $-1 #
loop $-1 -1 $-1 $-1 $1366 $1540 #
color-adesk-attrib $-1 -1 $-1 $-1 $1284 256 #
vertex $-1 -1 $-1 $1392 $1541 #
straight-curve $-1 -1 $-1 0.2999999999999999889 19.11518072289156578 -0.25 0 0 -1 I I #
edge $1542 -1 $-1 $1411 -0.75 $1413 0.25 $1285 $1543 forward @7 unknown #
coedge $-1 -1 $-1 $1519 $1286 $1291 $1416 forward $264 $-1 #
coedge $-1 -1 $-1 $1286 $1505 $1502 $1544 forward $264 $-1 #
color-adesk-attrib $-1 -1 $-1 $-1 $1287 256 #
vertex $-1 -1 $-1 $1287 $1545 #
color-adesk-attrib $-1 -1 $-1 $-1 $1289 256 #
vertex $-1 -1 $-1 $1378 $1546 #
coedge $-1 -1 $-1 $1291 $1290 $1488 $1547 forward $1292 $-1 #
edge $1548 -1 $-1 $1294 0 $1490 0.2895719172308956479 $1290 $1549 forward @7 unknown #
edge $1550 -1 $-1 $1295 0 $1551 0.2895719172308956479 $1291 $1552 forward @7 unknown #
face $1553 -1 $-1 $1540 $1292 $8 $-1 $1554 forward single #
point $-1 -1 $-1 0.3000000000000023759 18.87518072289156379 -0.5 #
point $-1 -1 $-1 0.3000000000000023759 18.87518072289156379 0.5 #
color-adesk-attrib $-1 -1 $-1 $-1 $1297 256 #
straight-curve $-1 -1 $-1 0.4599942359067085706 19.3575026934148724 0.5 -0.9999639744169136479 -0.008488219385113099369 0 I I #
color-adesk-attrib $-1 -1 $-1 $-1 $1300 256 #
face $1555 -1 $-1 $1556 $1557 $8 $-1 $1558 forward single #
loop $-1 -1 $-1 $-1 $1559 $1300 #
plane-surface $-1 -1 $-1 0.3000000000000002665 -15.82361445783132581 -0.5 0.8334997309465151938 -0.5525198625498335403 0 0.5525198625498335403 0.8334997309465151938 0 forward_v I I I I #
coedge $-1 -1 $-1 $1560 $1561 $1562 $1563 forward $1301 $-1 #
coedge $-1 -1 $-1 $1564 $1303 $1561 $1565 forward $1187 $-1 #
coedge $-1 -1 $-1 $1303 $1564 $1566 $1567 reversed $1187 $-1 #
coedge $-1 -1 $-1 $1568 $1562 $1303 $1430 reversed $102 $-1 #
edge $1569 -1 $-1 $1570 0 $1571 0.2895719172308956479 $1303 $1572 forward @7 unknown #
coedge $-1 -1 $-1 $1305 $1304 $1573 $1574 reversed $1082 $-1 #
coedge $-1 -1 $-1 $1575 $1576 $1304 $1433 forward $1577 $-1 #
edge $1578 -1 $-1 $1579 -0.75 $1436 0.25 $1432 $1580 forward @7 unknown #
coedge $-1 -1 $-1 $1306 $1581 $1575 $1582 forward $102 $-1 #
color-adesk-attrib $-1 -1 $-1 $-1 $1307 256 #
vertex $-1 -1 $-1 $1307 $1583 #
straight-curve $-1 -1 $-1 0.4599942359067064057 -16.54611176441645171 -0.5 -0.9999639744169136479 -0.008488219385113099369 0 F 0 F 0.1600000000000000033 #
coedge $-1 -1 $-1 $1573 $1584 $1308 $1439 forward $264 $-1 #
edge $1585 -1 $-1 $1447 0 $1441 0.2895719172308956479 $1308 $1586 forward @7 unknown #
color-adesk-attrib $-1 -1 $-1 $-1 $1309 256 #
vertex $-1 -1 $-1 $1309 $1587 #
straight-curve $-1 -1 $-1 0.4599942359067064057 -16.54611176441645171 -0.5 0 0 1 I I #
coedge $-1 -1 $-1 $1588 $1310 $1584 $1589 reversed $1445 $-1 #
coedge $-1 -1 $-1 $1310 $1588 $1312 $1450 reversed $1445 $-1 #
loop $-1 -1 $-1 $-1 $1310 $1590 #
color-adesk-attrib $-1 -1 $-1 $-1 $1311 256 #
vertex $-1 -1 $-1 $1439 $1591 #
straight-curve $-1 -1 $-1 0.2999999999999993783 -16.78746987951807057 -0.25 0 0 1 I I #
coedge $-1 -1 $-1 $1325 $1312 $1592 $1593 reversed $102 $-1 #
edge $1594 -1 $-1 $1314 16.78746987951807057 $1595 16.78843373493975832 $1444 $277 forward @7 unknown #
point $-1 -1 $-1 0.3000000000000002109 -16.78746987951807057 -0.5 #
point $-1 -1 $-1 0.4599942359067064057 -16.54611176441645171 -0.5 #
coedge $-1 -1 $-1 $1596 $1317 $1320 $1457 forward $264 $-1 #
color-adesk-attrib $-1 -1 $-1 $-1 $1318 256 #
straight-curve $-1 -1 $-1 0.4599942359067063502 -17.02803947525983119 0.5 -0.9999639744169136479 -0.008488219385113099369 0 I I #
coedge $-1 -1 $-1 $1320 $1319 $1597 $1598 forward $1321 $-1 #
edge $1599 -1 $-1 $1323 -17.02939759036144807 $1600 -17.02843373493976031 $1320 $352 forward @7 unknown #
face $1601 -1 $-1 $1115 $1321 $8 $-1 $354 reversed single #
point $-1 -1 $-1 0.3000000000000001554 -17.02939759036144807 0.5 #
coedge $-1 -1 $-1 $1602 $1597 $1325 $1461 forward $1603 $-1 #
edge $1604 -1 $-1 $1463 0 $1605 0.2895719172308956479 $1460 $1606 forward @7 unknown #
color-adesk-attrib $-1 -1 $-1 $-1 $1326 256 #
vertex $-1 -1 $-1 $1326 $1607 #
coedge $-1 -1 $-1 $1328 $1340 $1608 $1609 forward $264 $-1 #
coedge $-1 -1 $-1 $1608 $1336 $1332 $1466 reversed $1471 $-1 #
edge $1610 -1 $-1 $1468 -0.75 $1339 0.25 $1332 $1611 forward @7 unknown #
color-adesk-attrib $-1 -1 $-1 $-1 $1333 256 #
vertex $-1 -1 $-1 $1333 $1612 #
color-adesk-attrib $-1 -1 $-1 $-1 $1334 256 #
coedge $-1 -1 $-1 $1336 $1608 $1346 $1480 reversed $1471 $-1 #
loop $-1 -1 $-1 $-1 $1336 $1613 #
color-adesk-attrib $-1 -1 $-1 $-1 $1337 256 #
straight-curve $-1 -1 $-1 0.4599942359067063502 -17.26900333068151383 -0.5 -0.9999639744169136479 -0.008488219385113099369 0 F 0 F 0.1600000000000000033 #
point $-1 -1 $-1 0.3000000000000001554 -17.2703614457831307 -0.5 #
coedge $-1 -1 $-1 $1341 $1346 $1340 $1476 reversed $1347 $-1 #
edge $1614 -1 $-1 $1344 0 $1615 0.2895719172308956479 $1475 $1616 forward @7 unknown #
color-adesk-attrib $-1 -1 $-1 $-1 $1342 256 #
straight-curve $-1 -1 $-1 0.2999999999999998224 -17.51036144578313269 -0.25 0 0 1 I I #
point $-1 -1 $-1 0.3000000000000001554 -17.51036144578313269 0.5 #
edge $1617 -1 $-1 $1349 0 $1615 1 $1470 $1618 forward @7 unknown #
face $1619 -1 $-1 $1613 $1347 $8 $-1 $1620 forward single #
point $-1 -1 $-1 0.4599942359067063502 -17.26900333068151383 -0.5 #
color-adesk-attrib $-1 -1 $-1 $-1 $1353 256 #
straight-curve $-1 -1 $-1 0.4599942359067062947 -17.75093104152488621 0.5 -0.9999639744169136479 -0.008488219385113099369 0 I I #
color-adesk-attrib $-1 -1 $-1 $-1 $1357 256 #
plane-surface $-1 -1 $-1 0.4599942359067062947 -17.75093104152488621 -0.5 -0.008488219385113101104 0.99996397441691387 0 -0.99996397441691387 -0.008488219385113101104 0 forward_v I I I I #
point $-1 -1 $-1 0.4599942359067062947 -17.75093104152488621 0.5 #
coedge $-1 -1 $-1 $1366 $1402 $1414 $1547 reversed $1403 $-1 #
color-adesk-attrib $-1 -1 $-1 $-1 $1367 256 #
vertex $-1 -1 $-1 $1367 $1621 #
straight-curve $-1 -1 $-1 0.4599942359067085706 19.11653883799318265 -0.5 -0.9999639744169136479 -0.008488219385113099369 0 F 0 F 0.1600000000000000033 #
point $-1 -1 $-1 0.3000000000000023759 19.11518072289156223 -0.5 #
color-adesk-attrib $-1 -1 $-1 $-1 $1371 256 #
face $1622 -1 $-1 $1623 $1624 $8 $-1 $1625 forward single #
loop $-1 -1 $-1 $-1 $1626 $1371 #
plane-surface $-1 -1 $-1 0.3000000000000023204 17.67036144578312928 -0.5 0.8334997309465151938 -0.5525198625498335403 0 0.5525198625498335403 0.8334997309465151938 0 forward_v I I I I #
coedge $-1 -1 $-1 $1627 $1628 $1629 $1630 forward $1372 $-1 #
coedge $-1 -1 $-1 $1631 $1374 $1628 $1632 forward $1262 $-1 #
coedge $-1 -1 $-1 $1374 $1631 $1633 $1634 reversed $1262 $-1 #
coedge $-1 -1 $-1 $1635 $1629 $1374 $1501 reversed $102 $-1 #
edge $1636 -1 $-1 $1637 0 $1638 0.2895719172308956479 $1374 $1639 forward @7 unknown #
coedge $-1 -1 $-1 $1376 $1375 $1409 $1544 reversed $1163 $-1 #
color-adesk-attrib $-1 -1 $-1 $-1 $1378 256 #
straight-curve $-1 -1 $-1 0.4599942359067085151 18.87557498257149291 -0.5 -0.9999639744169136479 -0.008488219385113099369 0 F 0 F 0.1600000000000000033 #
coedge $-1 -1 $-1 $1409 $1640 $1379 $1506 forward $264 $-1 #
edge $1641 -1 $-1 $1513 0 $1508 0.2895719172308956479 $1379 $1642 forward @7 unknown #
color-adesk-attrib $-1 -1 $-1 $-1 $1380 256 #
vertex $-1 -1 $-1 $1380 $1643 #
straight-curve $-1 -1 $-1 0.4599942359067085151 18.87557498257149291 -0.5 0 0 1 I I #
coedge $-1 -1 $-1 $1397 $1381 $1640 $1644 reversed $1281 $-1 #
coedge $-1 -1 $-1 $1381 $1397 $1383 $1516 reversed $1281 $-1 #
color-adesk-attrib $-1 -1 $-1 $-1 $1382 256 #
vertex $-1 -1 $-1 $1506 $1645 #
straight-curve $-1 -1 $-1 0.3000000000000002665 18.63421686746987405 -0.25 0 0 1 I I #
coedge $-1 -1 $-1 $1646 $1383 $1647 $1648 reversed $102 $-1 #
edge $1649 -1 $-1 $1385 -18.63421686746987405 $1650 -18.63325301204818985 $1511 $277 forward @7 unknown #
point $-1 -1 $-1 0.3000000000000023759 18.63421686746987405 -0.5 #
point $-1 -1 $-1 0.4599942359067085151 18.87557498257149291 -0.5 #
coedge $-1 -1 $-1 $1388 $1408 $1402 $1539 forward $264 $-1 #
color-adesk-attrib $-1 -1 $-1 $-1 $1392 256 #
color-adesk-attrib $-1 -1 $-1 $-1 $1395 256 #
face $1651 -1 $-1 $1652 $1653 $8 $-1 $354 reversed single #
loop $-1 -1 $-1 $-1 $1654 $1395 #
coedge $-1 -1 $-1 $1655 $1656 $1657 $1658 forward $1396 $-1 #
coedge $-1 -1 $-1 $1659 $1647 $1397 $1526 reversed $1660 $-1 #
edge $1661 -1 $-1 $1662 -0.75 $1650 0.25 $1397 $1663 forward @7 unknown #
coedge $-1 -1 $-1 $1399 $1398 $1627 $1664 forward $1175 $-1 #
coedge $-1 -1 $-1 $1665 $1666 $1398 $1529 forward $264 $-1 #
edge $1667 -1 $-1 $1668 18.3922891566265001 $1537 18.39325301204819141 $1398 $352 forward @7 unknown #
coedge $-1 -1 $-1 $1629 $1646 $1399 $1531 forward $102 $-1 #
edge $1669 -1 $-1 $1536 -18.39325301204819141 $1670 -18.3922891566265001 $1399 $277 forward @7 unknown #
coedge $-1 -1 $-1 $1671 $1400 $1646 $1672 forward $1534 $-1 #
coedge $-1 -1 $-1 $1400 $1671 $1665 $1673 reversed $1534 $-1 #
loop $-1 -1 $-1 $-1 $1532 $1674 #
color-adesk-attrib $-1 -1 $-1 $-1 $1401 256 #
vertex $-1 -1 $-1 $1531 $1675 #
vertex $-1 -1 $-1 $1673 $1676 #
straight-curve $-1 -1 $-1 0.3000000000000011546 18.39325301204819141 -0.25 0 0 1 I I #
edge $1677 -1 $-1 $1551 0 $1405 0.1600000000000000033 $1402 $1678 forward @7 unknown #
face $1679 -1 $-1 $1050 $1403 $8 $-1 $1680 forward single #
point $-1 -1 $-1 0.3000000000000023759 19.11518072289156223 0.5 #
color-adesk-attrib $-1 -1 $-1 $-1 $1407 256 #
straight-curve $-1 -1 $-1 0.2999999999999999889 18.87421686746987248 -0.25 0 0 -1 I I #
edge $1681 -1 $-1 $1508 0 $1411 0.1600000000000000033 $1502 $1682 forward @7 unknown #
point $-1 -1 $-1 0.3000000000000023759 18.87421686746987248 0.5 #
point $-1 -1 $-1 0.3000000000000023759 18.87421686746987248 -0.5 #
edge $1683 -1 $-1 $1490 0 $1551 1 $1488 $1684 forward @7 unknown #
color-adesk-attrib $-1 -1 $-1 $-1 $1415 256 #
straight-curve $-1 -1 $-1 0.3000000000000023759 18.87518072289156379 -0.5 0.5525198625498334293 0.8334997309465150828 0 F 0 F 0.2895719172308956479 #
color-adesk-attrib $-1 -1 $-1 $-1 $1416 256 #
vertex $-1 -1 $-1 $1547 $1685 #
straight-curve $-1 -1 $-1 0.3000000000000023759 18.87518072289156379 0.5 0.5525198625498334293 0.8334997309465150828 0 I I #
color-adesk-attrib $-1 -1 $-1 $-1 $1417 256 #
plane-surface $-1 -1 $-1 0.3000000000000023759 18.87518072289156379 -0.5 0.8334997309465151938 -0.5525198625498335403 0 0.5525198625498335403 0.8334997309465151938 0 forward_v I I I I #
color-adesk-attrib $-1 -1 $-1 $-1 $1423 256 #
face $1686 -1 $-1 $1687 $1688 $8 $-1 $1689 forward single #
loop $-1 -1 $-1 $-1 $1690 $1423 #
plane-surface $-1 -1 $-1 0.4599942359067064057 -15.58225634272970694 -0.5 -0.008488219385113101104 0.99996397441691387 0 -0.99996397441691387 -0.008488219385113101104 0 forward_v I I I I #
coedge $-1 -1 $-1 $1691 $1692 $1693 $1694 forward $1424 $-1 #
coedge $-1 -1 $-1 $1695 $1426 $1696 $1697 reversed $1301 $-1 #
coedge $-1 -1 $-1 $1426 $1695 $1427 $1565 reversed $1301 $-1 #
coedge $-1 -1 $-1 $1429 $1698 $1426 $1563 reversed $102 $-1 #
edge $1699 -1 $-1 $1571 0 $1700 0.1600000000000000033 $1426 $1701 forward @7 unknown #
coedge $-1 -1 $-1 $1428 $1427 $1702 $1703 reversed $1187 $-1 #
edge $1704 -1 $-1 $1571 0 $1705 1 $1561 $1706 forward @7 unknown #
coedge $-1 -1 $-1 $1707 $1708 $1428 $1567 forward $1709 $-1 #
edge $1710 -1 $-1 $1570 -0.25 $1711 0.75 $1566 $1712 forward @7 unknown #
coedge $-1 -1 $-1 $1713 $1429 $1708 $1714 forward $102 $-1 #
color-adesk-attrib $-1 -1 $-1 $-1 $1430 256 #
vertex $-1 -1 $-1 $1714 $1715 #
vertex $-1 -1 $-1 $1563 $1716 #
straight-curve $-1 -1 $-1 0.3000000000000002109 -16.30554216867469819 -0.5 0.5525198625498334293 0.8334997309465150828 0 F 0 F 0.2895719172308956479 #
coedge $-1 -1 $-1 $1717 $1438 $1431 $1574 forward $264 $-1 #
edge $1718 -1 $-1 $1441 0 $1579 0.1600000000000000033 $1431 $1719 forward @7 unknown #
coedge $-1 -1 $-1 $1720 $1432 $1434 $1582 reversed $1577 $-1 #
coedge $-1 -1 $-1 $1432 $1720 $1717 $1721 reversed $1577 $-1 #
loop $-1 -1 $-1 $-1 $1432 $1722 #
color-adesk-attrib $-1 -1 $-1 $-1 $1433 256 #
vertex $-1 -1 $-1 $1721 $1723 #
straight-curve $-1 -1 $-1 0.3000000000000000444 -16.54746987951807213 -0.25 0 0 -1 I I #
coedge $-1 -1 $-1 $1434 $1713 $1724 $1725 reversed $102 $-1 #
edge $1726 -1 $-1 $1727 16.54650602409638793 $1436 16.54746987951806858 $1575 $277 forward @7 unknown #
point $-1 -1 $-1 0.3000000000000001554 -16.54746987951806858 -0.5 #
coedge $-1 -1 $-1 $1438 $1728 $1443 $1589 forward $264 $-1 #
color-adesk-attrib $-1 -1 $-1 $-1 $1439 256 #
straight-curve $-1 -1 $-1 0.3000000000000002109 -16.78746987951807057 0.5 0.5525198625498334293 0.8334997309465150828 0 I I #
point $-1 -1 $-1 0.4599942359067064057 -16.54611176441645171 0.5 #
coedge $-1 -1 $-1 $1444 $1443 $1729 $1730 forward $1445 $-1 #
edge $1731 -1 $-1 $1732 -16.78843373493975832 $1447 -16.78746987951807057 $1443 $352 forward @7 unknown #
face $1733 -1 $-1 $1722 $1445 $8 $-1 $354 reversed single #
point $-1 -1 $-1 0.3000000000000001554 -16.78746987951807057 0.5 #
coedge $-1 -1 $-1 $1729 $1734 $1449 $1593 forward $1735 $-1 #
edge $1736 -1 $-1 $1605 0 $1595 0.1600000000000000033 $1592 $1737 forward @7 unknown #
color-adesk-attrib $-1 -1 $-1 $-1 $1450 256 #
vertex $-1 -1 $-1 $1593 $1738 #
coedge $-1 -1 $-1 $1728 $1453 $1739 $1740 forward $264 $-1 #
coedge $-1 -1 $-1 $1460 $1739 $1456 $1598 reversed $1603 $-1 #
edge $1741 -1 $-1 $1463 -0.25 $1600 0.75 $1456 $1742 forward @7 unknown #
color-adesk-attrib $-1 -1 $-1 $-1 $1457 256 #
vertex $-1 -1 $-1 $1740 $1743 #
color-adesk-attrib $-1 -1 $-1 $-1 $1458 256 #
coedge $-1 -1 $-1 $1739 $1460 $1734 $1744 forward $1603 $-1 #
loop $-1 -1 $-1 $-1 $1460 $1745 #
color-adesk-attrib $-1 -1 $-1 $-1 $1461 256 #
vertex $-1 -1 $-1 $1593 $1746 #
straight-curve $-1 -1 $-1 0.3000000000000001554 -17.02843373493976031 -0.5 0.5525198625498334293 0.8334997309465150828 0 F 0 F 0.2895719172308956479 #
point $-1 -1 $-1 0.3000000000000001554 -17.02843373493976031 -0.5 #
coedge $-1 -1 $-1 $1470 $1465 $1464 $1609 reversed $1471 $-1 #
edge $1747 -1 $-1 $1615 0 $1468 0.1600000000000000033 $1608 $1748 forward @7 unknown #
color-adesk-attrib $-1 -1 $-1 $-1 $1466 256 #
straight-curve $-1 -1 $-1 0.2999999999999999889 -17.2703614457831307 -0.25 0 0 -1 I I #
point $-1 -1 $-1 0.3000000000000001554 -17.2703614457831307 0.5 #
face $1749 -1 $-1 $1244 $1471 $8 $-1 $1750 forward single #
color-adesk-attrib $-1 -1 $-1 $-1 $1476 256 #
vertex $-1 -1 $-1 $1480 $1751 #
straight-curve $-1 -1 $-1 0.3000000000000001554 -17.51036144578313269 0.5 0.5525198625498334293 0.8334997309465150828 0 I I #
color-adesk-attrib $-1 -1 $-1 $-1 $1480 256 #
straight-curve $-1 -1 $-1 0.4599942359067063502 -17.26900333068151383 -0.5 0 0 1 I I #
color-adesk-attrib $-1 -1 $-1 $-1 $1481 256 #
plane-surface $-1 -1 $-1 0.3000000000000001554 -17.51036144578313269 -0.5 0.8334997309465151938 -0.5525198625498335403 0 0.5525198625498335403 0.8334997309465151938 0 forward_v I I I I #
point $-1 -1 $-1 0.4599942359067085706 19.11653883799318265 -0.5 #
color-adesk-attrib $-1 -1 $-1 $-1 $1494 256 #
face $1752 -1 $-1 $1753 $1754 $8 $-1 $1755 forward single #
loop $-1 -1 $-1 $-1 $1756 $1494 #
plane-surface $-1 -1 $-1 0.4599942359067085151 17.91171956088474815 -0.5 -0.008488219385113101104 0.99996397441691387 0 -0.99996397441691387 -0.008488219385113101104 0 forward_v I I I I #
coedge $-1 -1 $-1 $1757 $1758 $1759 $1760 forward $1495 $-1 #
coedge $-1 -1 $-1 $1761 $1497 $1527 $1664 reversed $1372 $-1 #
coedge $-1 -1 $-1 $1497 $1761 $1498 $1632 reversed $1372 $-1 #
coedge $-1 -1 $-1 $1500 $1530 $1497 $1630 reversed $102 $-1 #
edge $1762 -1 $-1 $1638 0 $1670 0.1600000000000000033 $1497 $1763 forward @7 unknown #
coedge $-1 -1 $-1 $1499 $1498 $1764 $1765 reversed $1262 $-1 #
edge $1766 -1 $-1 $1638 0 $1767 1 $1628 $1768 forward @7 unknown #
coedge $-1 -1 $-1 $1769 $1770 $1499 $1634 forward $1523 $-1 #
edge $1771 -1 $-1 $1637 -0.25 $1772 0.75 $1633 $1773 forward @7 unknown #
coedge $-1 -1 $-1 $1774 $1500 $1770 $1775 forward $102 $-1 #
color-adesk-attrib $-1 -1 $-1 $-1 $1501 256 #
vertex $-1 -1 $-1 $1775 $1776 #
vertex $-1 -1 $-1 $1630 $1777 #
straight-curve $-1 -1 $-1 0.3000000000000023204 18.15228915662650166 -0.5 0.5525198625498334293 0.8334997309465150828 0 F 0 F 0.2895719172308956479 #
coedge $-1 -1 $-1 $1505 $1778 $1510 $1644 forward $264 $-1 #
color-adesk-attrib $-1 -1 $-1 $-1 $1506 256 #
straight-curve $-1 -1 $-1 0.3000000000000023759 18.63421686746987405 0.5 0.5525198625498334293 0.8334997309465150828 0 I I #
point $-1 -1 $-1 0.4599942359067085151 18.87557498257149291 0.5 #
edge $1779 -1 $-1 $1662 18.63325301204818985 $1513 18.63421686746987405 $1510 $352 forward @7 unknown #
point $-1 -1 $-1 0.3000000000000023759 18.63421686746987405 0.5 #
coedge $-1 -1 $-1 $1530 $1515 $1532 $1672 reversed $102 $-1 #
coedge $-1 -1 $-1 $1525 $1780 $1515 $1648 forward $1660 $-1 #
edge $1781 -1 $-1 $1782 0 $1650 0.1600000000000000033 $1647 $1783 forward @7 unknown #
color-adesk-attrib $-1 -1 $-1 $-1 $1516 256 #
vertex $-1 -1 $-1 $1648 $1784 #
color-adesk-attrib $-1 -1 $-1 $-1 $1522 256 #
face $1785 -1 $-1 $1786 $1787 $8 $-1 $354 reversed single #
loop $-1 -1 $-1 $-1 $1788 $1522 #
coedge $-1 -1 $-1 $1770 $1769 $1789 $1790 forward $1523 $-1 #
coedge $-1 -1 $-1 $1791 $1524 $1792 $1793 reversed $1396 $-1 #
coedge $-1 -1 $-1 $1524 $1791 $1794 $1795 reversed $1396 $-1 #
coedge $-1 -1 $-1 $1796 $1797 $1524 $1658 reversed $1798 $-1 #
edge $1799 -1 $-1 $1800 -0.25 $1801 0.75 $1524 $1802 forward @7 unknown #
coedge $-1 -1 $-1 $1780 $1525 $1778 $1803 reversed $1660 $-1 #
loop $-1 -1 $-1 $-1 $1647 $1804 #
color-adesk-attrib $-1 -1 $-1 $-1 $1526 256 #
vertex $-1 -1 $-1 $1644 $1805 #
straight-curve $-1 -1 $-1 0.2999999999999999889 18.63325301204819695 -0.25 0 0 -1 I I #
edge $1806 -1 $-1 $1668 -0.75 $1670 0.25 $1527 $1807 forward @7 unknown #
coedge $-1 -1 $-1 $1778 $1528 $1533 $1673 forward $264 $-1 #
coedge $-1 -1 $-1 $1528 $1764 $1761 $1808 forward $264 $-1 #
color-adesk-attrib $-1 -1 $-1 $-1 $1529 256 #
vertex $-1 -1 $-1 $1529 $1809 #
color-adesk-attrib $-1 -1 $-1 $-1 $1531 256 #
vertex $-1 -1 $-1 $1630 $1810 #
coedge $-1 -1 $-1 $1533 $1532 $1780 $1811 forward $1534 $-1 #
edge $1812 -1 $-1 $1536 0 $1782 0.2895719172308956479 $1532 $1813 forward @7 unknown #
edge $1814 -1 $-1 $1537 0 $1815 0.2895719172308956479 $1533 $1816 forward @7 unknown #
face $1817 -1 $-1 $1804 $1534 $8 $-1 $1818 forward single #
point $-1 -1 $-1 0.3000000000000023759 18.39325301204819141 -0.5 #
point $-1 -1 $-1 0.3000000000000023204 18.39325301204819141 0.5 #
color-adesk-attrib $-1 -1 $-1 $-1 $1539 256 #
straight-curve $-1 -1 $-1 0.4599942359067085706 19.11653883799318265 0.5 -0.9999639744169136479 -0.008488219385113099369 0 I I #
color-adesk-attrib $-1 -1 $-1 $-1 $1540 256 #
plane-surface $-1 -1 $-1 0.4599942359067085706 19.11653883799318265 -0.5 -0.008488219385113101104 0.99996397441691387 0 -0.99996397441691387 -0.008488219385113101104 0 forward_v I I I I #
color-adesk-attrib $-1 -1 $-1 $-1 $1544 256 #
straight-curve $-1 -1 $-1 0.4599942359067085151 18.87557498257149291 0.5 -0.9999639744169136479 -0.008488219385113099369 0 I I #
color-adesk-attrib $-1 -1 $-1 $-1 $1547 256 #
straight-curve $-1 -1 $-1 0.4599942359067085706 19.11653883799318265 -0.5 0 0 1 I I #
point $-1 -1 $-1 0.4599942359067085706 19.11653883799318265 0.5 #
color-adesk-attrib $-1 -1 $-1 $-1 $1556 256 #
face $1819 -1 $-1 $1820 $1821 $8 $-1 $1822 forward single #
loop $-1 -1 $-1 $-1 $1823 $1556 #
plane-surface $-1 -1 $-1 0.3000000000000002665 -15.34168674698795343 -0.5 0.8334997309465151938 -0.5525198625498335403 0 0.5525198625498335403 0.8334997309465151938 0 forward_v I I I I #
coedge $-1 -1 $-1 $1824 $1825 $1826 $1827 forward $1557 $-1 #
coedge $-1 -1 $-1 $1828 $1559 $1825 $1829 forward $1424 $-1 #
coedge $-1 -1 $-1 $1559 $1828 $1830 $1831 reversed $1424 $-1 #
coedge $-1 -1 $-1 $1832 $1826 $1559 $1694 reversed $102 $-1 #
edge $1833 -1 $-1 $1834 0 $1835 0.2895719172308956479 $1559 $1836 forward @7 unknown #
coedge $-1 -1 $-1 $1561 $1560 $1837 $1838 reversed $1301 $-1 #
coedge $-1 -1 $-1 $1839 $1840 $1560 $1697 forward $1841 $-1 #
edge $1842 -1 $-1 $1843 -0.75 $1700 0.25 $1696 $1844 forward @7 unknown #
coedge $-1 -1 $-1 $1562 $1845 $1839 $1846 forward $102 $-1 #
color-adesk-attrib $-1 -1 $-1 $-1 $1563 256 #
vertex $-1 -1 $-1 $1563 $1847 #
straight-curve $-1 -1 $-1 0.4599942359067064057 -16.06418405357307932 -0.5 -0.9999639744169136479 -0.008488219385113099369 0 F 0 F 0.1600000000000000033 #
coedge $-1 -1 $-1 $1837 $1848 $1564 $1703 forward $264 $-1 #
edge $1849 -1 $-1 $1711 0 $1705 0.2895719172308956479 $1564 $1850 forward @7 unknown #
color-adesk-attrib $-1 -1 $-1 $-1 $1565 256 #
vertex $-1 -1 $-1 $1565 $1851 #
straight-curve $-1 -1 $-1 0.4599942359067064057 -16.06418405357307932 -0.5 0 0 1 I I #
coedge $-1 -1 $-1 $1852 $1566 $1848 $1853 reversed $1709 $-1 #
coedge $-1 -1 $-1 $1566 $1852 $1568 $1714 reversed $1709 $-1 #
loop $-1 -1 $-1 $-1 $1566 $1854 #
color-adesk-attrib $-1 -1 $-1 $-1 $1567 256 #
vertex $-1 -1 $-1 $1703 $1855 #
straight-curve $-1 -1 $-1 0.2999999999999998224 -16.30554216867470174 -0.25 0 0 1 I I #
coedge $-1 -1 $-1 $1581 $1568 $1856 $1857 reversed $102 $-1 #
edge $1858 -1 $-1 $1570 16.30554216867469819 $1859 16.30650602409638594 $1708 $277 forward @7 unknown #
point $-1 -1 $-1 0.3000000000000002109 -16.30554216867469819 -0.5 #
point $-1 -1 $-1 0.4599942359067064057 -16.06418405357307932 -0.5 #
coedge $-1 -1 $-1 $1860 $1573 $1576 $1721 forward $264 $-1 #
color-adesk-attrib $-1 -1 $-1 $-1 $1574 256 #
straight-curve $-1 -1 $-1 0.4599942359067064057 -16.54611176441645171 0.5 -0.9999639744169136479 -0.008488219385113099369 0 I I #
coedge $-1 -1 $-1 $1576 $1575 $1861 $1862 forward $1577 $-1 #
edge $1863 -1 $-1 $1579 -16.54746987951806858 $1864 -16.54650602409638793 $1576 $352 forward @7 unknown #
face $1865 -1 $-1 $1334 $1577 $8 $-1 $354 reversed single #
point $-1 -1 $-1 0.3000000000000001554 -16.54746987951806858 0.5 #
coedge $-1 -1 $-1 $1866 $1861 $1581 $1725 forward $1867 $-1 #
edge $1868 -1 $-1 $1727 0 $1869 0.2895719172308956479 $1724 $1870 forward @7 unknown #
color-adesk-attrib $-1 -1 $-1 $-1 $1582 256 #
vertex $-1 -1 $-1 $1582 $1871 #
coedge $-1 -1 $-1 $1584 $1596 $1872 $1873 forward $264 $-1 #
coedge $-1 -1 $-1 $1872 $1592 $1588 $1730 reversed $1735 $-1 #
edge $1874 -1 $-1 $1732 -0.75 $1595 0.25 $1588 $1875 forward @7 unknown #
color-adesk-attrib $-1 -1 $-1 $-1 $1589 256 #
vertex $-1 -1 $-1 $1589 $1876 #
color-adesk-attrib $-1 -1 $-1 $-1 $1590 256 #
coedge $-1 -1 $-1 $1592 $1872 $1602 $1744 reversed $1735 $-1 #
loop $-1 -1 $-1 $-1 $1592 $1877 #
color-adesk-attrib $-1 -1 $-1 $-1 $1593 256 #
straight-curve $-1 -1 $-1 0.4599942359067063502 -16.78707561983814145 -0.5 -0.9999639744169136479 -0.008488219385113099369 0 F 0 F 0.1600000000000000033 #
point $-1 -1 $-1 0.3000000000000001554 -16.78843373493975832 -0.5 #
coedge $-1 -1 $-1 $1597 $1602 $1596 $1740 reversed $1603 $-1 #
edge $1878 -1 $-1 $1600 0 $1879 0.2895719172308956479 $1739 $1880 forward @7 unknown #
color-adesk-attrib $-1 -1 $-1 $-1 $1598 256 #
straight-curve $-1 -1 $-1 0.2999999999999998224 -17.02843373493976387 -0.25 0 0 1 I I #
point $-1 -1 $-1 0.3000000000000001554 -17.02843373493976031 0.5 #
edge $1881 -1 $-1 $1605 0 $1879 1 $1734 $1882 forward @7 unknown #
face $1883 -1 $-1 $1877 $1603 $8 $-1 $1884 forward single #
point $-1 -1 $-1 0.4599942359067063502 -16.78707561983814145 -0.5 #
color-adesk-attrib $-1 -1 $-1 $-1 $1609 256 #
straight-curve $-1 -1 $-1 0.4599942359067063502 -17.26900333068151383 0.5 -0.9999639744169136479 -0.008488219385113099369 0 I I #
color-adesk-attrib $-1 -1 $-1 $-1 $1613 256 #
plane-surface $-1 -1 $-1 0.4599942359067063502 -17.26900333068151383 -0.5 -0.008488219385113101104 0.99996397441691387 0 -0.99996397441691387 -0.008488219385113101104 0 forward_v I I I I #
point $-1 -1 $-1 0.4599942359067063502 -17.26900333068151383 0.5 #
color-adesk-attrib $-1 -1 $-1 $-1 $1623 256 #
face $1885 -1 $-1 $1886 $1887 $8 $-1 $1888 forward single #
loop $-1 -1 $-1 $-1 $1889 $1623 #
plane-surface $-1 -1 $-1 0.3000000000000022649 17.1884337349397569 -0.5 0.8334997309465151938 -0.5525198625498335403 0 0.5525198625498335403 0.8334997309465151938 0 forward_v I I I I #
coedge $-1 -1 $-1 $1890 $1891 $1892 $1893 forward $1624 $-1 #
coedge $-1 -1 $-1 $1894 $1626 $1891 $1895 forward $1495 $-1 #
coedge $-1 -1 $-1 $1626 $1894 $1896 $1897 reversed $1495 $-1 #
coedge $-1 -1 $-1 $1898 $1892 $1626 $1760 reversed $102 $-1 #
edge $1899 -1 $-1 $1900 0 $1901 0.2895719172308956479 $1626 $1902 forward @7 unknown #
coedge $-1 -1 $-1 $1628 $1627 $1666 $1808 reversed $1372 $-1 #
color-adesk-attrib $-1 -1 $-1 $-1 $1630 256 #
straight-curve $-1 -1 $-1 0.4599942359067085151 18.39364727172812053 -0.5 -0.9999639744169136479 -0.008488219385113099369 0 F 0 F 0.1600000000000000033 #
coedge $-1 -1 $-1 $1666 $1903 $1631 $1765 forward $264 $-1 #
edge $1904 -1 $-1 $1772 0 $1767 0.2895719172308956479 $1631 $1905 forward @7 unknown #
color-adesk-attrib $-1 -1 $-1 $-1 $1632 256 #
vertex $-1 -1 $-1 $1632 $1906 #
straight-curve $-1 -1 $-1 0.4599942359067085151 18.39364727172812053 -0.5 0 0 1 I I #
coedge $-1 -1 $-1 $1654 $1633 $1903 $1907 reversed $1523 $-1 #
coedge $-1 -1 $-1 $1633 $1654 $1635 $1775 reversed $1523 $-1 #
color-adesk-attrib $-1 -1 $-1 $-1 $1634 256 #
vertex $-1 -1 $-1 $1765 $1908 #
straight-curve $-1 -1 $-1 0.3000000000000002665 18.15228915662650166 -0.25 0 0 1 I I #
coedge $-1 -1 $-1 $1909 $1635 $1910 $1911 reversed $102 $-1 #
edge $1912 -1 $-1 $1637 -18.15228915662650166 $1913 -18.15132530120481746 $1770 $277 forward @7 unknown #
point $-1 -1 $-1 0.3000000000000023204 18.15228915662650166 -0.5 #
point $-1 -1 $-1 0.4599942359067085151 18.39364727172812053 -0.5 #
coedge $-1 -1 $-1 $1640 $1665 $1659 $1803 forward $264 $-1 #
color-adesk-attrib $-1 -1 $-1 $-1 $1644 256 #
coedge $-1 -1 $-1 $1647 $1659 $1671 $1811 reversed $1660 $-1 #
color-adesk-attrib $-1 -1 $-1 $-1 $1648 256 #
vertex $-1 -1 $-1 $1648 $1914 #
straight-curve $-1 -1 $-1 0.4599942359067085151 18.63461112714981027 -0.5 -0.9999639744169136479 -0.008488219385113099369 0 F 0 F 0.1600000000000000033 #
point $-1 -1 $-1 0.3000000000000023204 18.63325301204818985 -0.5 #
color-adesk-attrib $-1 -1 $-1 $-1 $1652 256 #
face $1915 -1 $-1 $1916 $1917 $8 $-1 $354 reversed single #
loop $-1 -1 $-1 $-1 $1918 $1652 #
coedge $-1 -1 $-1 $1919 $1920 $1921 $1922 forward $1653 $-1 #
coedge $-1 -1 $-1 $1923 $1910 $1654 $1790 reversed $1924 $-1 #
edge $1925 -1 $-1 $1926 -0.75 $1913 0.25 $1654 $1927 forward @7 unknown #
coedge $-1 -1 $-1 $1656 $1655 $1890 $1928 forward $1396 $-1 #
coedge $-1 -1 $-1 $1929 $1930 $1655 $1793 forward $264 $-1 #
edge $1931 -1 $-1 $1932 17.91036144578313127 $1801 17.91132530120481903 $1655 $352 forward @7 unknown #
coedge $-1 -1 $-1 $1892 $1909 $1656 $1795 forward $102 $-1 #
edge $1933 -1 $-1 $1800 -17.91132530120481903 $1934 -17.91036144578313127 $1656 $277 forward @7 unknown #
coedge $-1 -1 $-1 $1935 $1657 $1909 $1936 forward $1798 $-1 #
coedge $-1 -1 $-1 $1657 $1935 $1929 $1937 reversed $1798 $-1 #
loop $-1 -1 $-1 $-1 $1796 $1938 #
color-adesk-attrib $-1 -1 $-1 $-1 $1658 256 #
vertex $-1 -1 $-1 $1795 $1939 #
vertex $-1 -1 $-1 $1937 $1940 #
straight-curve $-1 -1 $-1 0.3000000000000011546 17.91132530120481903 -0.25 0 0 1 I I #
edge $1941 -1 $-1 $1815 0 $1662 0.1600000000000000033 $1659 $1942 forward @7 unknown #
face $1943 -1 $-1 $1417 $1660 $8 $-1 $1944 forward single #
point $-1 -1 $-1 0.3000000000000023204 18.63325301204818985 0.5 #
color-adesk-attrib $-1 -1 $-1 $-1 $1664 256 #
straight-curve $-1 -1 $-1 0.2999999999999999889 18.39228915662650365 -0.25 0 0 -1 I I #
edge $1945 -1 $-1 $1767 0 $1668 0.1600000000000000033 $1761 $1946 forward @7 unknown #
point $-1 -1 $-1 0.3000000000000023204 18.3922891566265001 0.5 #
point $-1 -1 $-1 0.3000000000000023204 18.3922891566265001 -0.5 #
edge $1947 -1 $-1 $1782 0 $1815 1 $1780 $1948 forward @7 unknown #
color-adesk-attrib $-1 -1 $-1 $-1 $1672 256 #
straight-curve $-1 -1 $-1 0.3000000000000023759 18.39325301204819141 -0.5 0.5525198625498334293 0.8334997309465150828 0 F 0 F 0.2895719172308956479 #
color-adesk-attrib $-1 -1 $-1 $-1 $1673 256 #
vertex $-1 -1 $-1 $1811 $1949 #
straight-curve $-1 -1 $-1 0.3000000000000023759 18.39325301204819141 0.5 0.5525198625498334293 0.8334997309465150828 0 I I #
color-adesk-attrib $-1 -1 $-1 $-1 $1674 256 #
plane-surface $-1 -1 $-1 0.3000000000000023759 18.39325301204819141 -0.5 0.8334997309465151938 -0.5525198625498335403 0 0.5525198625498335403 0.8334997309465151938 0 forward_v I I I I #
color-adesk-attrib $-1 -1 $-1 $-1 $1687 256 #
face $1950 -1 $-1 $1951 $1952 $8 $-1 $1953 forward single #
loop $-1 -1 $-1 $-1 $1954 $1687 #
plane-surface $-1 -1 $-1 0.4599942359067064612 -15.10032863188633456 -0.5 -0.008488219385113101104 0.99996397441691387 0 -0.99996397441691387 -0.008488219385113101104 0 forward_v I I I I #
coedge $-1 -1 $-1 $1955 $1956 $1957 $1958 forward $1688 $-1 #
coedge $-1 -1 $-1 $1959 $1690 $1960 $1961 reversed $1557 $-1 #
coedge $-1 -1 $-1 $1690 $1959 $1691 $1829 reversed $1557 $-1 #
coedge $-1 -1 $-1 $1693 $1962 $1690 $1827 reversed $102 $-1 #
edge $1963 -1 $-1 $1835 0 $1964 0.1600000000000000033 $1690 $1965 forward @7 unknown #
coedge $-1 -1 $-1 $1692 $1691 $1966 $1967 reversed $1424 $-1 #
edge $1968 -1 $-1 $1835 0 $1969 1 $1825 $1970 forward @7 unknown #
coedge $-1 -1 $-1 $1971 $1972 $1692 $1831 forward $1973 $-1 #
edge $1974 -1 $-1 $1834 -0.25 $1975 0.75 $1830 $1976 forward @7 unknown #
coedge $-1 -1 $-1 $1977 $1693 $1972 $1978 forward $102 $-1 #
color-adesk-attrib $-1 -1 $-1 $-1 $1694 256 #
vertex $-1 -1 $-1 $1978 $1979 #
vertex $-1 -1 $-1 $1827 $1980 #
straight-curve $-1 -1 $-1 0.3000000000000002665 -15.82361445783132581 -0.5 0.5525198625498334293 0.8334997309465150828 0 F 0 F 0.2895719172308956479 #
coedge $-1 -1 $-1 $1981 $1702 $1695 $1838 forward $264 $-1 #
edge $1982 -1 $-1 $1705 0 $1843 0.1600000000000000033 $1695 $1983 forward @7 unknown #
coedge $-1 -1 $-1 $1984 $1696 $1698 $1846 reversed $1841 $-1 #
coedge $-1 -1 $-1 $1696 $1984 $1981 $1985 reversed $1841 $-1 #
loop $-1 -1 $-1 $-1 $1696 $1986 #
color-adesk-attrib $-1 -1 $-1 $-1 $1697 256 #
vertex $-1 -1 $-1 $1985 $1987 #
straight-curve $-1 -1 $-1 0.3000000000000000444 -16.06554216867469975 -0.25 0 0 -1 I I #
coedge $-1 -1 $-1 $1698 $1977 $1988 $1989 reversed $102 $-1 #
edge $1990 -1 $-1 $1991 16.06457831325301555 $1700 16.0655421686746962 $1839 $277 forward @7 unknown #
point $-1 -1 $-1 0.3000000000000002109 -16.0655421686746962 -0.5 #
coedge $-1 -1 $-1 $1702 $1992 $1707 $1853 forward $264 $-1 #
color-adesk-attrib $-1 -1 $-1 $-1 $1703 256 #
straight-curve $-1 -1 $-1 0.3000000000000002109 -16.30554216867469819 0.5 0.5525198625498334293 0.8334997309465150828 0 I I #
point $-1 -1 $-1 0.4599942359067064057 -16.06418405357307932 0.5 #
coedge $-1 -1 $-1 $1708 $1707 $1993 $1994 forward $1709 $-1 #
edge $1995 -1 $-1 $1996 -16.30650602409638594 $1711 -16.30554216867469819 $1707 $352 forward @7 unknown #
face $1997 -1 $-1 $1986 $1709 $8 $-1 $354 reversed single #
point $-1 -1 $-1 0.3000000000000002109 -16.30554216867469819 0.5 #
coedge $-1 -1 $-1 $1993 $1998 $1713 $1857 forward $1999 $-1 #
edge $2000 -1 $-1 $1869 0 $1859 0.1600000000000000033 $1856 $2001 forward @7 unknown #
color-adesk-attrib $-1 -1 $-1 $-1 $1714 256 #
vertex $-1 -1 $-1 $1857 $2002 #
coedge $-1 -1 $-1 $1992 $1717 $2003 $2004 forward $264 $-1 #
coedge $-1 -1 $-1 $1724 $2003 $1720 $1862 reversed $1867 $-1 #
edge $2005 -1 $-1 $1727 -0.25 $1864 0.75 $1720 $2006 forward @7 unknown #
color-adesk-attrib $-1 -1 $-1 $-1 $1721 256 #
vertex $-1 -1 $-1 $2004 $2007 #
color-adesk-attrib $-1 -1 $-1 $-1 $1722 256 #
coedge $-1 -1 $-1 $2003 $1724 $1998 $2008 forward $1867 $-1 #
loop $-1 -1 $-1 $-1 $1724 $2009 #
color-adesk-attrib $-1 -1 $-1 $-1 $1725 256 #
vertex $-1 -1 $-1 $1857 $2010 #
straight-curve $-1 -1 $-1 0.3000000000000002109 -16.54650602409638793 -0.5 0.5525198625498334293 0.8334997309465150828 0 F 0 F 0.2895719172308956479 #
point $-1 -1 $-1 0.3000000000000002109 -16.54650602409638793 -0.5 #
coedge $-1 -1 $-1 $1734 $1729 $1728 $1873 reversed $1735 $-1 #
edge $2011 -1 $-1 $1879 0 $1732 0.1600000000000000033 $1872 $2012 forward @7 unknown #
color-adesk-attrib $-1 -1 $-1 $-1 $1730 256 #
straight-curve $-1 -1 $-1 0.2999999999999999889 -16.78843373493976543 -0.25 0 0 -1 I I #
point $-1 -1 $-1 0.3000000000000001554 -16.78843373493975832 0.5 #
face $2013 -1 $-1 $1481 $1735 $8 $-1 $2014 forward single #
color-adesk-attrib $-1 -1 $-1 $-1 $1740 256 #
vertex $-1 -1 $-1 $1744 $2015 #
straight-curve $-1 -1 $-1 0.3000000000000001554 -17.02843373493976031 0.5 0.5525198625498334293 0.8334997309465150828 0 I I #
color-adesk-attrib $-1 -1 $-1 $-1 $1744 256 #
straight-curve $-1 -1 $-1 0.4599942359067063502 -16.78707561983814145 -0.5 0 0 1 I I #
color-adesk-attrib $-1 -1 $-1 $-1 $1745 256 #
plane-surface $-1 -1 $-1 0.3000000000000001554 -17.02843373493976031 -0.5 0.8334997309465151938 -0.5525198625498335403 0 0.5525198625498335403 0.8334997309465151938 0 forward_v I I I I #
color-adesk-attrib $-1 -1 $-1 $-1 $1753 256 #
face $2016 -1 $-1 $2017 $2018 $8 $-1 $2019 forward single #
loop $-1 -1 $-1 $-1 $2020 $1753 #
plane-surface $-1 -1 $-1 0.4599942359067084596 17.42979185004137577 -0.5 -0.008488219385113101104 0.99996397441691387 0 -0.99996397441691387 -0.008488219385113101104 0 forward_v I I I I #
coedge $-1 -1 $-1 $2021 $2022 $2023 $2024 forward $1754 $-1 #
coedge $-1 -1 $-1 $2025 $1756 $1791 $1928 reversed $1624 $-1 #
coedge $-1 -1 $-1 $1756 $2025 $1757 $1895 reversed $1624 $-1 #
coedge $-1 -1 $-1 $1759 $1794 $1756 $1893 reversed $102 $-1 #
edge $2026 -1 $-1 $1901 0 $1934 0.1600000000000000033 $1756 $2027 forward @7 unknown #
coedge $-1 -1 $-1 $1758 $1757 $2028 $2029 reversed $1495 $-1 #
edge $2030 -1 $-1 $1901 0 $2031 1 $1891 $2032 forward @7 unknown #
coedge $-1 -1 $-1 $2033 $2034 $1758 $1897 forward $1787 $-1 #
edge $2035 -1 $-1 $1900 -0.25 $2036 0.75 $1896 $2037 forward @7 unknown #
coedge $-1 -1 $-1 $2038 $1759 $2034 $2039 forward $102 $-1 #
color-adesk-attrib $-1 -1 $-1 $-1 $1760 256 #
vertex $-1 -1 $-1 $2039 $2040 #
vertex $-1 -1 $-1 $1893 $2041 #
straight-curve $-1 -1 $-1 0.3000000000000023204 17.67036144578312928 -0.5 0.5525198625498334293 0.8334997309465150828 0 F 0 F 0.2895719172308956479 #
coedge $-1 -1 $-1 $1764 $2042 $1769 $1907 forward $264 $-1 #
color-adesk-attrib $-1 -1 $-1 $-1 $1765 256 #
straight-curve $-1 -1 $-1 0.3000000000000023204 18.15228915662650166 0.5 0.5525198625498334293 0.8334997309465150828 0 I I #
point $-1 -1 $-1 0.4599942359067085151 18.39364727172812053 0.5 #
edge $2043 -1 $-1 $1926 18.15132530120481746 $1772 18.15228915662650166 $1769 $352 forward @7 unknown #
point $-1 -1 $-1 0.3000000000000023204 18.15228915662650166 0.5 #
coedge $-1 -1 $-1 $1794 $1774 $1796 $1936 reversed $102 $-1 #
coedge $-1 -1 $-1 $1789 $2044 $1774 $1911 forward $1924 $-1 #
edge $2045 -1 $-1 $2046 0 $1913 0.1600000000000000033 $1910 $2047 forward @7 unknown #
color-adesk-attrib $-1 -1 $-1 $-1 $1775 256 #
vertex $-1 -1 $-1 $1911 $2048 #
point $-1 -1 $-1 0.4599942359067085151 18.63461112714981027 -0.5 #
color-adesk-attrib $-1 -1 $-1 $-1 $1786 256 #
face $2049 -1 $-1 $2050 $2051 $8 $-1 $354 reversed single #
loop $-1 -1 $-1 $-1 $2052 $1786 #
coedge $-1 -1 $-1 $2034 $2033 $2053 $2054 forward $1787 $-1 #
coedge $-1 -1 $-1 $2055 $1788 $2056 $2057 reversed $1653 $-1 #
coedge $-1 -1 $-1 $1788 $2055 $2058 $2059 reversed $1653 $-1 #
coedge $-1 -1 $-1 $2060 $2061 $1788 $1922 reversed $2062 $-1 #
edge $2063 -1 $-1 $2064 -0.25 $2065 0.75 $1788 $2066 forward @7 unknown #
coedge $-1 -1 $-1 $2044 $1789 $2042 $2067 reversed $1924 $-1 #
loop $-1 -1 $-1 $-1 $1910 $2068 #
color-adesk-attrib $-1 -1 $-1 $-1 $1790 256 #
vertex $-1 -1 $-1 $1907 $2069 #
straight-curve $-1 -1 $-1 0.2999999999999999889 18.15132530120482102 -0.25 0 0 -1 I I #
edge $2070 -1 $-1 $1932 -0.75 $1934 0.25 $1791 $2071 forward @7 unknown #
coedge $-1 -1 $-1 $2042 $1792 $1797 $1937 forward $264 $-1 #
coedge $-1 -1 $-1 $1792 $2028 $2025 $2072 forward $264 $-1 #
color-adesk-attrib $-1 -1 $-1 $-1 $1793 256 #
vertex $-1 -1 $-1 $1793 $2073 #
color-adesk-attrib $-1 -1 $-1 $-1 $1795 256 #
vertex $-1 -1 $-1 $1893 $2074 #
coedge $-1 -1 $-1 $1797 $1796 $2044 $2075 forward $1798 $-1 #
edge $2076 -1 $-1 $1800 0 $2046 0.2895719172308956479 $1796 $2077 forward @7 unknown #
edge $2078 -1 $-1 $1801 0 $2079 0.2895719172308956479 $1797 $2080 forward @7 unknown #
face $2081 -1 $-1 $2068 $1798 $8 $-1 $2082 forward single #
point $-1 -1 $-1 0.3000000000000023204 17.91132530120481903 -0.5 #
point $-1 -1 $-1 0.3000000000000023204 17.91132530120481903 0.5 #
color-adesk-attrib $-1 -1 $-1 $-1 $1803 256 #
straight-curve $-1 -1 $-1 0.4599942359067085151 18.63461112714981027 0.5 -0.9999639744169136479 -0.008488219385113099369 0 I I #
color-adesk-attrib $-1 -1 $-1 $-1 $1804 256 #
plane-surface $-1 -1 $-1 0.4599942359067085151 18.63461112714981027 -0.5 -0.008488219385113101104 0.99996397441691387 0 -0.99996397441691387 -0.008488219385113101104 0 forward_v I I I I #
color-adesk-attrib $-1 -1 $-1 $-1 $1808 256 #
straight-curve $-1 -1 $-1 0.4599942359067085151 18.39364727172812053 0.5 -0.9999639744169136479 -0.008488219385113099369 0 I I #
color-adesk-attrib $-1 -1 $-1 $-1 $1811 256 #
straight-curve $-1 -1 $-1 0.4599942359067085151 18.63461112714981027 -0.5 0 0 1 I I #
point $-1 -1 $-1 0.4599942359067085151 18.63461112714981027 0.5 #
color-adesk-attrib $-1 -1 $-1 $-1 $1820 256 #
face $2083 -1 $-1 $2084 $2085 $8 $-1 $2086 forward single #
loop $-1 -1 $-1 $-1 $2087 $1820 #
plane-surface $-1 -1 $-1 0.300000000000000322 -14.85975903614458105 -0.5 0.8334997309465151938 -0.5525198625498335403 0 0.5525198625498335403 0.8334997309465151938 0 forward_v I I I I #
coedge $-1 -1 $-1 $2088 $2089 $2090 $2091 forward $1821 $-1 #
coedge $-1 -1 $-1 $2092 $1823 $2089 $2093 forward $1688 $-1 #
coedge $-1 -1 $-1 $1823 $2092 $2094 $2095 reversed $1688 $-1 #
coedge $-1 -1 $-1 $2096 $2090 $1823 $1958 reversed $102 $-1 #
edge $2097 -1 $-1 $2098 0 $2099 0.2895719172308956479 $1823 $2100 forward @7 unknown #
coedge $-1 -1 $-1 $1825 $1824 $2101 $2102 reversed $1557 $-1 #
coedge $-1 -1 $-1 $2103 $2104 $1824 $1961 forward $2105 $-1 #
edge $2106 -1 $-1 $2107 -0.75 $1964 0.25 $1960 $2108 forward @7 unknown #
coedge $-1 -1 $-1 $1826 $2109 $2103 $2110 forward $102 $-1 #
color-adesk-attrib $-1 -1 $-1 $-1 $1827 256 #
vertex $-1 -1 $-1 $1827 $2111 #
straight-curve $-1 -1 $-1 0.4599942359067064057 -15.58225634272970694 -0.5 -0.9999639744169136479 -0.008488219385113099369 0 F 0 F 0.1600000000000000033 #
coedge $-1 -1 $-1 $2101 $2112 $1828 $1967 forward $264 $-1 #
edge $2113 -1 $-1 $1975 0 $1969 0.2895719172308956479 $1828 $2114 forward @7 unknown #
color-adesk-attrib $-1 -1 $-1 $-1 $1829 256 #
vertex $-1 -1 $-1 $1829 $2115 #
straight-curve $-1 -1 $-1 0.4599942359067064057 -15.58225634272970694 -0.5 0 0 1 I I #
coedge $-1 -1 $-1 $2116 $1830 $2112 $2117 reversed $1973 $-1 #
coedge $-1 -1 $-1 $1830 $2116 $1832 $1978 reversed $1973 $-1 #
loop $-1 -1 $-1 $-1 $1830 $2118 #
color-adesk-attrib $-1 -1 $-1 $-1 $1831 256 #
vertex $-1 -1 $-1 $1967 $2119 #
straight-curve $-1 -1 $-1 0.2999999999999993783 -15.82361445783132758 -0.25 0 0 1 I I #
coedge $-1 -1 $-1 $1845 $1832 $2120 $2121 reversed $102 $-1 #
edge $2122 -1 $-1 $1834 15.82361445783132581 $2123 15.82457831325301356 $1972 $277 forward @7 unknown #
point $-1 -1 $-1 0.3000000000000002665 -15.82361445783132581 -0.5 #
point $-1 -1 $-1 0.4599942359067064057 -15.58225634272970694 -0.5 #
coedge $-1 -1 $-1 $2124 $1837 $1840 $1985 forward $264 $-1 #
color-adesk-attrib $-1 -1 $-1 $-1 $1838 256 #
straight-curve $-1 -1 $-1 0.4599942359067064057 -16.06418405357307932 0.5 -0.9999639744169136479 -0.008488219385113099369 0 I I #
coedge $-1 -1 $-1 $1840 $1839 $2125 $2126 forward $1841 $-1 #
edge $2127 -1 $-1 $1843 -16.0655421686746962 $2128 -16.06457831325301555 $1840 $352 forward @7 unknown #
face $2129 -1 $-1 $1590 $1841 $8 $-1 $354 reversed single #
point $-1 -1 $-1 0.3000000000000002109 -16.0655421686746962 0.5 #
coedge $-1 -1 $-1 $2130 $2125 $1845 $1989 forward $2131 $-1 #
edge $2132 -1 $-1 $1991 0 $2133 0.2895719172308956479 $1988 $2134 forward @7 unknown #
color-adesk-attrib $-1 -1 $-1 $-1 $1846 256 #
vertex $-1 -1 $-1 $1846 $2135 #
coedge $-1 -1 $-1 $1848 $1860 $2136 $2137 forward $264 $-1 #
coedge $-1 -1 $-1 $2136 $1856 $1852 $1994 reversed $1999 $-1 #
edge $2138 -1 $-1 $1996 -0.75 $1859 0.25 $1852 $2139 forward @7 unknown #
color-adesk-attrib $-1 -1 $-1 $-1 $1853 256 #
vertex $-1 -1 $-1 $1853 $2140 #
color-adesk-attrib $-1 -1 $-1 $-1 $1854 256 #
coedge $-1 -1 $-1 $1856 $2136 $1866 $2008 reversed $1999 $-1 #
loop $-1 -1 $-1 $-1 $1856 $2141 #
color-adesk-attrib $-1 -1 $-1 $-1 $1857 256 #
straight-curve $-1 -1 $-1 0.4599942359067064057 -16.30514790899476907 -0.5 -0.9999639744169136479 -0.008488219385113099369 0 F 0 F 0.1600000000000000033 #
point $-1 -1 $-1 0.3000000000000002109 -16.30650602409638594 -0.5 #
coedge $-1 -1 $-1 $1861 $1866 $1860 $2004 reversed $1867 $-1 #
edge $2142 -1 $-1 $1864 0 $2143 0.2895719172308956479 $2003 $2144 forward @7 unknown #
color-adesk-attrib $-1 -1 $-1 $-1 $1862 256 #
straight-curve $-1 -1 $-1 0.3000000000000002665 -16.54650602409638793 -0.25 0 0 1 I I #
point $-1 -1 $-1 0.3000000000000002109 -16.54650602409638793 0.5 #
edge $2145 -1 $-1 $1869 0 $2143 1 $1998 $2146 forward @7 unknown #
face $2147 -1 $-1 $2141 $1867 $8 $-1 $2148 forward single #
point $-1 -1 $-1 0.4599942359067064057 -16.30514790899476907 -0.5 #
color-adesk-attrib $-1 -1 $-1 $-1 $1873 256 #
straight-curve $-1 -1 $-1 0.4599942359067063502 -16.78707561983814145 0.5 -0.9999639744169136479 -0.008488219385113099369 0 I I #
color-adesk-attrib $-1 -1 $-1 $-1 $1877 256 #
plane-surface $-1 -1 $-1 0.4599942359067063502 -16.78707561983814145 -0.5 -0.008488219385113101104 0.99996397441691387 0 -0.99996397441691387 -0.008488219385113101104 0 forward_v I I I I #
point $-1 -1 $-1 0.4599942359067063502 -16.78707561983814145 0.5 #
color-adesk-attrib $-1 -1 $-1 $-1 $1886 256 #
face $2149 -1 $-1 $2150 $2151 $8 $-1 $2152 forward single #
loop $-1 -1 $-1 $-1 $2153 $1886 #
plane-surface $-1 -1 $-1 0.3000000000000022649 16.70650602409638452 -0.5 0.8334997309465151938 -0.5525198625498335403 0 0.5525198625498335403 0.8334997309465151938 0 forward_v I I I I #
coedge $-1 -1 $-1 $2154 $2155 $2156 $2157 forward $1887 $-1 #
coedge $-1 -1 $-1 $2158 $1889 $2155 $2159 forward $1754 $-1 #
coedge $-1 -1 $-1 $1889 $2158 $2160 $2161 reversed $1754 $-1 #
coedge $-1 -1 $-1 $2162 $2156 $1889 $2024 reversed $102 $-1 #
edge $2163 -1 $-1 $2164 0 $2165 0.2895719172308956479 $1889 $2166 forward @7 unknown #
coedge $-1 -1 $-1 $1891 $1890 $1930 $2072 reversed $1624 $-1 #
color-adesk-attrib $-1 -1 $-1 $-1 $1893 256 #
straight-curve $-1 -1 $-1 0.4599942359067085151 17.91171956088474815 -0.5 -0.9999639744169136479 -0.008488219385113099369 0 F 0 F 0.1600000000000000033 #
coedge $-1 -1 $-1 $1930 $2167 $1894 $2029 forward $264 $-1 #
edge $2168 -1 $-1 $2036 0 $2031 0.2895719172308956479 $1894 $2169 forward @7 unknown #
color-adesk-attrib $-1 -1 $-1 $-1 $1895 256 #
vertex $-1 -1 $-1 $1895 $2170 #
straight-curve $-1 -1 $-1 0.4599942359067085151 17.91171956088474815 -0.5 0 0 1 I I #
coedge $-1 -1 $-1 $1918 $1896 $2167 $2171 reversed $1787 $-1 #
coedge $-1 -1 $-1 $1896 $1918 $1898 $2039 reversed $1787 $-1 #
color-adesk-attrib $-1 -1 $-1 $-1 $1897 256 #
vertex $-1 -1 $-1 $2029 $2172 #
straight-curve $-1 -1 $-1 0.3000000000000011546 17.67036144578312928 -0.25 0 0 1 I I #
coedge $-1 -1 $-1 $2173 $1898 $2174 $2175 reversed $102 $-1 #
edge $2176 -1 $-1 $1900 -17.67036144578312928 $2177 -17.66939759036144864 $2034 $277 forward @7 unknown #
point $-1 -1 $-1 0.3000000000000023204 17.67036144578312928 -0.5 #
point $-1 -1 $-1 0.4599942359067085151 17.91171956088474815 -0.5 #
coedge $-1 -1 $-1 $1903 $1929 $1923 $2067 forward $264 $-1 #
color-adesk-attrib $-1 -1 $-1 $-1 $1907 256 #
coedge $-1 -1 $-1 $1910 $1923 $1935 $2075 reversed $1924 $-1 #
color-adesk-attrib $-1 -1 $-1 $-1 $1911 256 #
vertex $-1 -1 $-1 $1911 $2178 #
straight-curve $-1 -1 $-1 0.4599942359067085151 18.15268341630643789 -0.5 -0.9999639744169136479 -0.008488219385113099369 0 F 0 F 0.1600000000000000033 #
point $-1 -1 $-1 0.3000000000000023204 18.15132530120481746 -0.5 #
color-adesk-attrib $-1 -1 $-1 $-1 $1916 256 #
face $2179 -1 $-1 $2180 $2181 $8 $-1 $354 reversed single #
loop $-1 -1 $-1 $-1 $2182 $1916 #
coedge $-1 -1 $-1 $2183 $2184 $2185 $2186 forward $1917 $-1 #
coedge $-1 -1 $-1 $2187 $2174 $1918 $2054 reversed $2188 $-1 #
edge $2189 -1 $-1 $2190 -0.75 $2177 0.25 $1918 $2191 forward @7 unknown #
coedge $-1 -1 $-1 $1920 $1919 $2154 $2192 forward $1653 $-1 #
coedge $-1 -1 $-1 $2193 $2194 $1919 $2057 forward $264 $-1 #
edge $2195 -1 $-1 $2196 17.42843373493975889 $2065 17.42939759036144665 $1919 $352 forward @7 unknown #
coedge $-1 -1 $-1 $2156 $2173 $1920 $2059 forward $102 $-1 #
edge $2197 -1 $-1 $2064 -17.42939759036144665 $2198 -17.42843373493975889 $1920 $277 forward @7 unknown #
coedge $-1 -1 $-1 $2199 $1921 $2173 $2200 forward $2062 $-1 #
coedge $-1 -1 $-1 $1921 $2199 $2193 $2201 reversed $2062 $-1 #
loop $-1 -1 $-1 $-1 $2060 $2202 #
color-adesk-attrib $-1 -1 $-1 $-1 $1922 256 #
vertex $-1 -1 $-1 $2059 $2203 #
vertex $-1 -1 $-1 $2201 $2204 #
straight-curve $-1 -1 $-1 0.3000000000000011546 17.42939759036144665 -0.25 0 0 1 I I #
edge $2205 -1 $-1 $2079 0 $1926 0.1600000000000000033 $1923 $2206 forward @7 unknown #
face $2207 -1 $-1 $1674 $1924 $8 $-1 $2208 forward single #
point $-1 -1 $-1 0.3000000000000023204 18.15132530120481746 0.5 #
color-adesk-attrib $-1 -1 $-1 $-1 $1928 256 #
straight-curve $-1 -1 $-1 0.2999999999999999889 17.91036144578312772 -0.25 0 0 -1 I I #
edge $2209 -1 $-1 $2031 0 $1932 0.1600000000000000033 $2025 $2210 forward @7 unknown #
point $-1 -1 $-1 0.3000000000000022649 17.91036144578313127 0.5 #
point $-1 -1 $-1 0.3000000000000022649 17.91036144578313127 -0.5 #
edge $2211 -1 $-1 $2046 0 $2079 1 $2044 $2212 forward @7 unknown #
color-adesk-attrib $-1 -1 $-1 $-1 $1936 256 #
straight-curve $-1 -1 $-1 0.3000000000000023204 17.91132530120481903 -0.5 0.5525198625498334293 0.8334997309465150828 0 F 0 F 0.2895719172308956479 #
color-adesk-attrib $-1 -1 $-1 $-1 $1937 256 #
vertex $-1 -1 $-1 $2075 $2213 #
straight-curve $-1 -1 $-1 0.3000000000000023204 17.91132530120481903 0.5 0.5525198625498334293 0.8334997309465150828 0 I I #
color-adesk-attrib $-1 -1 $-1 $-1 $1938 256 #
plane-surface $-1 -1 $-1 0.3000000000000023204 17.91132530120481903 -0.5 0.8334997309465151938 -0.5525198625498335403 0 0.5525198625498335403 0.8334997309465151938 0 forward_v I I I I #
color-adesk-attrib $-1 -1 $-1 $-1 $1951 256 #
face $2214 -1 $-1 $2215 $2216 $8 $-1 $2217 forward single #
loop $-1 -1 $-1 $-1 $2218 $1951 #
plane-surface $-1 -1 $-1 0.4599942359067065167 -14.61840092104296218 -0.5 -0.008488219385113101104 0.99996397441691387 0 -0.99996397441691387 -0.008488219385113101104 0 forward_v I I I I #
coedge $-1 -1 $-1 $2219 $2220 $2221 $2222 forward $1952 $-1 #
coedge $-1 -1 $-1 $2223 $1954 $2224 $2225 reversed $1821 $-1 #
coedge $-1 -1 $-1 $1954 $2223 $1955 $2093 reversed $1821 $-1 #
coedge $-1 -1 $-1 $1957 $2226 $1954 $2091 reversed $102 $-1 #
edge $2227 -1 $-1 $2099 0 $2228 0.1600000000000000033 $1954 $2229 forward @7 unknown #
coedge $-1 -1 $-1 $1956 $1955 $2230 $2231 reversed $1688 $-1 #
edge $2232 -1 $-1 $2099 0 $2233 1 $2089 $2234 forward @7 unknown #
coedge $-1 -1 $-1 $2235 $2236 $1956 $2095 forward $2237 $-1 #
edge $2238 -1 $-1 $2098 -0.25 $2239 0.75 $2094 $2240 forward @7 unknown #
coedge $-1 -1 $-1 $2241 $1957 $2236 $2242 forward $102 $-1 #
color-adesk-attrib $-1 -1 $-1 $-1 $1958 256 #
vertex $-1 -1 $-1 $2242 $2243 #
vertex $-1 -1 $-1 $2091 $2244 #
straight-curve $-1 -1 $-1 0.3000000000000002665 -15.34168674698795343 -0.5 0.5525198625498334293 0.8334997309465150828 0 F 0 F 0.2895719172308956479 #
coedge $-1 -1 $-1 $2245 $1966 $1959 $2102 forward $264 $-1 #
edge $2246 -1 $-1 $1969 0 $2107 0.1600000000000000033 $1959 $2247 forward @7 unknown #
coedge $-1 -1 $-1 $2248 $1960 $1962 $2110 reversed $2105 $-1 #
coedge $-1 -1 $-1 $1960 $2248 $2245 $2249 reversed $2105 $-1 #
loop $-1 -1 $-1 $-1 $1960 $2250 #
color-adesk-attrib $-1 -1 $-1 $-1 $1961 256 #
vertex $-1 -1 $-1 $2249 $2251 #
straight-curve $-1 -1 $-1 0.2999999999999999889 -15.58361445783132559 -0.25 0 0 -1 I I #
coedge $-1 -1 $-1 $1962 $2241 $2252 $2253 reversed $102 $-1 #
edge $2254 -1 $-1 $2255 15.58265060240964317 $1964 15.58361445783132382 $2103 $277 forward @7 unknown #
point $-1 -1 $-1 0.3000000000000002665 -15.58361445783132382 -0.5 #
coedge $-1 -1 $-1 $1966 $2256 $1971 $2117 forward $264 $-1 #
color-adesk-attrib $-1 -1 $-1 $-1 $1967 256 #
straight-curve $-1 -1 $-1 0.3000000000000002665 -15.82361445783132581 0.5 0.5525198625498334293 0.8334997309465150828 0 I I #
point $-1 -1 $-1 0.4599942359067064057 -15.58225634272970694 0.5 #
coedge $-1 -1 $-1 $1972 $1971 $2257 $2258 forward $1973 $-1 #
edge $2259 -1 $-1 $2260 -15.82457831325301356 $1975 -15.82361445783132581 $1971 $352 forward @7 unknown #
face $2261 -1 $-1 $2250 $1973 $8 $-1 $354 reversed single #
point $-1 -1 $-1 0.3000000000000002665 -15.82361445783132581 0.5 #
coedge $-1 -1 $-1 $2257 $2262 $1977 $2121 forward $2263 $-1 #
edge $2264 -1 $-1 $2133 0 $2123 0.1600000000000000033 $2120 $2265 forward @7 unknown #
color-adesk-attrib $-1 -1 $-1 $-1 $1978 256 #
vertex $-1 -1 $-1 $2121 $2266 #
coedge $-1 -1 $-1 $2256 $1981 $2267 $2268 forward $264 $-1 #
coedge $-1 -1 $-1 $1988 $2267 $1984 $2126 reversed $2131 $-1 #
edge $2269 -1 $-1 $1991 -0.25 $2128 0.75 $1984 $2270 forward @7 unknown #
color-adesk-attrib $-1 -1 $-1 $-1 $1985 256 #
vertex $-1 -1 $-1 $2268 $2271 #
color-adesk-attrib $-1 -1 $-1 $-1 $1986 256 #
coedge $-1 -1 $-1 $2267 $1988 $2262 $2272 forward $2131 $-1 #
loop $-1 -1 $-1 $-1 $1988 $2273 #
color-adesk-attrib $-1 -1 $-1 $-1 $1989 256 #
vertex $-1 -1 $-1 $2121 $2274 #
straight-curve $-1 -1 $-1 0.3000000000000002665 -16.06457831325301555 -0.5 0.5525198625498334293 0.8334997309465150828 0 F 0 F 0.2895719172308956479 #
point $-1 -1 $-1 0.3000000000000002665 -16.06457831325301555 -0.5 #
coedge $-1 -1 $-1 $1998 $1993 $1992 $2137 reversed $1999 $-1 #
edge $2275 -1 $-1 $2143 0 $1996 0.1600000000000000033 $2136 $2276 forward @7 unknown #
color-adesk-attrib $-1 -1 $-1 $-1 $1994 256 #
straight-curve $-1 -1 $-1 0.3000000000000000444 -16.3065060240963895 -0.25 0 0 -1 I I #
point $-1 -1 $-1 0.3000000000000002109 -16.30650602409638594 0.5 #
face $2277 -1 $-1 $1745 $1999 $8 $-1 $2278 forward single #
color-adesk-attrib $-1 -1 $-1 $-1 $2004 256 #
vertex $-1 -1 $-1 $2008 $2279 #
straight-curve $-1 -1 $-1 0.3000000000000002109 -16.54650602409638793 0.5 0.5525198625498334293 0.8334997309465150828 0 I I #
color-adesk-attrib $-1 -1 $-1 $-1 $2008 256 #
straight-curve $-1 -1 $-1 0.4599942359067064057 -16.30514790899476907 -0.5 0 0 1 I I #
color-adesk-attrib $-1 -1 $-1 $-1 $2009 256 #
plane-surface $-1 -1 $-1 0.3000000000000002109 -16.54650602409638793 -0.5 0.8334997309465151938 -0.5525198625498335403 0 0.5525198625498335403 0.8334997309465151938 0 forward_v I I I I #
color-adesk-attrib $-1 -1 $-1 $-1 $2017 256 #
face $2280 -1 $-1 $2281 $2282 $8 $-1 $2283 forward single #
loop $-1 -1 $-1 $-1 $2284 $2017 #
plane-surface $-1 -1 $-1 0.4599942359067084041 16.94786413919800339 -0.5 -0.008488219385113101104 0.99996397441691387 0 -0.99996397441691387 -0.008488219385113101104 0 forward_v I I I I #
coedge $-1 -1 $-1 $2285 $2286 $2287 $2288 forward $2018 $-1 #
coedge $-1 -1 $-1 $2289 $2020 $2055 $2192 reversed $1887 $-1 #
coedge $-1 -1 $-1 $2020 $2289 $2021 $2159 reversed $1887 $-1 #
coedge $-1 -1 $-1 $2023 $2058 $2020 $2157 reversed $102 $-1 #
edge $2290 -1 $-1 $2165 0 $2198 0.1600000000000000033 $2020 $2291 forward @7 unknown #
coedge $-1 -1 $-1 $2022 $2021 $2292 $2293 reversed $1754 $-1 #
edge $2294 -1 $-1 $2165 0 $2295 1 $2155 $2296 forward @7 unknown #
coedge $-1 -1 $-1 $2297 $2298 $2022 $2161 forward $2051 $-1 #
edge $2299 -1 $-1 $2164 -0.25 $2300 0.75 $2160 $2301 forward @7 unknown #
coedge $-1 -1 $-1 $2302 $2023 $2298 $2303 forward $102 $-1 #
color-adesk-attrib $-1 -1 $-1 $-1 $2024 256 #
vertex $-1 -1 $-1 $2303 $2304 #
vertex $-1 -1 $-1 $2157 $2305 #
straight-curve $-1 -1 $-1 0.3000000000000022649 17.1884337349397569 -0.5 0.5525198625498334293 0.8334997309465150828 0 F 0 F 0.2895719172308956479 #
coedge $-1 -1 $-1 $2028 $2306 $2033 $2171 forward $264 $-1 #
color-adesk-attrib $-1 -1 $-1 $-1 $2029 256 #
straight-curve $-1 -1 $-1 0.3000000000000023204 17.67036144578312928 0.5 0.5525198625498334293 0.8334997309465150828 0 I I #
point $-1 -1 $-1 0.4599942359067085151 17.91171956088474815 0.5 #
edge $2307 -1 $-1 $2190 17.66939759036144864 $2036 17.67036144578312928 $2033 $352 forward @7 unknown #
point $-1 -1 $-1 0.3000000000000022649 17.67036144578312928 0.5 #
coedge $-1 -1 $-1 $2058 $2038 $2060 $2200 reversed $102 $-1 #
coedge $-1 -1 $-1 $2053 $2308 $2038 $2175 forward $2188 $-1 #
edge $2309 -1 $-1 $2310 0 $2177 0.1600000000000000033 $2174 $2311 forward @7 unknown #
color-adesk-attrib $-1 -1 $-1 $-1 $2039 256 #
vertex $-1 -1 $-1 $2175 $2312 #
point $-1 -1 $-1 0.4599942359067085151 18.15268341630643789 -0.5 #
color-adesk-attrib $-1 -1 $-1 $-1 $2050 256 #
face $2313 -1 $-1 $2314 $2315 $8 $-1 $354 reversed single #
loop $-1 -1 $-1 $-1 $2316 $2050 #
coedge $-1 -1 $-1 $2298 $2297 $2317 $2318 forward $2051 $-1 #
coedge $-1 -1 $-1 $2319 $2052 $2320 $2321 reversed $1917 $-1 #
coedge $-1 -1 $-1 $2052 $2319 $2322 $2323 reversed $1917 $-1 #
coedge $-1 -1 $-1 $2324 $2325 $2052 $2186 reversed $2326 $-1 #
edge $2327 -1 $-1 $2328 -0.25 $2329 0.75 $2052 $2330 forward @7 unknown #
coedge $-1 -1 $-1 $2308 $2053 $2306 $2331 reversed $2188 $-1 #
loop $-1 -1 $-1 $-1 $2174 $2332 #
color-adesk-attrib $-1 -1 $-1 $-1 $2054 256 #
vertex $-1 -1 $-1 $2171 $2333 #
straight-curve $-1 -1 $-1 0.2999999999999999889 17.66939759036144864 -0.25 0 0 -1 I I #
edge $2334 -1 $-1 $2196 -0.75 $2198 0.25 $2055 $2335 forward @7 unknown #
coedge $-1 -1 $-1 $2306 $2056 $2061 $2201 forward $264 $-1 #
coedge $-1 -1 $-1 $2056 $2292 $2289 $2336 forward $264 $-1 #
color-adesk-attrib $-1 -1 $-1 $-1 $2057 256 #
vertex $-1 -1 $-1 $2057 $2337 #
color-adesk-attrib $-1 -1 $-1 $-1 $2059 256 #
vertex $-1 -1 $-1 $2157 $2338 #
coedge $-1 -1 $-1 $2061 $2060 $2308 $2339 forward $2062 $-1 #
edge $2340 -1 $-1 $2064 0 $2310 0.2895719172308956479 $2060 $2341 forward @7 unknown #
edge $2342 -1 $-1 $2065 0 $2343 0.2895719172308956479 $2061 $2344 forward @7 unknown #
face $2345 -1 $-1 $2332 $2062 $8 $-1 $2346 forward single #
point $-1 -1 $-1 0.3000000000000022649 17.42939759036144665 -0.5 #
point $-1 -1 $-1 0.3000000000000022649 17.42939759036144665 0.5 #
color-adesk-attrib $-1 -1 $-1 $-1 $2067 256 #
straight-curve $-1 -1 $-1 0.4599942359067085151 18.15268341630643789 0.5 -0.9999639744169136479 -0.008488219385113099369 0 I I #
color-adesk-attrib $-1 -1 $-1 $-1 $2068 256 #
plane-surface $-1 -1 $-1 0.4599942359067085151 18.15268341630643789 -0.5 -0.008488219385113101104 0.99996397441691387 0 -0.99996397441691387 -0.008488219385113101104 0 forward_v I I I I #
color-adesk-attrib $-1 -1 $-1 $-1 $2072 256 #
straight-curve $-1 -1 $-1 0.4599942359067085151 17.91171956088474815 0.5 -0.9999639744169136479 -0.008488219385113099369 0 I I #
color-adesk-attrib $-1 -1 $-1 $-1 $2075 256 #
straight-curve $-1 -1 $-1 0.4599942359067085151 18.15268341630643789 -0.5 0 0 1 I I #
point $-1 -1 $-1 0.4599942359067085151 18.15268341630643789 0.5 #
color-adesk-attrib $-1 -1 $-1 $-1 $2084 256 #
face $2347 -1 $-1 $2348 $2349 $8 $-1 $2350 forward single #
loop $-1 -1 $-1 $-1 $2351 $2084 #
plane-surface $-1 -1 $-1 0.300000000000000322 -14.37783132530120866 -0.5 0.8334997309465151938 -0.5525198625498335403 0 0.5525198625498335403 0.8334997309465151938 0 forward_v I I I I #
coedge $-1 -1 $-1 $2352 $2353 $2354 $2355 forward $2085 $-1 #
coedge $-1 -1 $-1 $2356 $2087 $2353 $2357 forward $1952 $-1 #
coedge $-1 -1 $-1 $2087 $2356 $2358 $2359 reversed $1952 $-1 #
coedge $-1 -1 $-1 $2360 $2354 $2087 $2222 reversed $102 $-1 #
edge $2361 -1 $-1 $2362 0 $2363 0.2895719172308956479 $2087 $2364 forward @7 unknown #
coedge $-1 -1 $-1 $2089 $2088 $2365 $2366 reversed $1821 $-1 #
coedge $-1 -1 $-1 $2367 $2368 $2088 $2225 forward $2369 $-1 #
edge $2370 -1 $-1 $2371 -0.75 $2228 0.25 $2224 $2372 forward @7 unknown #
coedge $-1 -1 $-1 $2090 $2373 $2367 $2374 forward $102 $-1 #
color-adesk-attrib $-1 -1 $-1 $-1 $2091 256 #
vertex $-1 -1 $-1 $2091 $2375 #
straight-curve $-1 -1 $-1 0.4599942359067064612 -15.10032863188633456 -0.5 -0.9999639744169136479 -0.008488219385113099369 0 F 0 F 0.1600000000000000033 #
coedge $-1 -1 $-1 $2365 $2376 $2092 $2231 forward $264 $-1 #
edge $2377 -1 $-1 $2239 0 $2233 0.2895719172308956479 $2092 $2378 forward @7 unknown #
color-adesk-attrib $-1 -1 $-1 $-1 $2093 256 #
vertex $-1 -1 $-1 $2093 $2379 #
straight-curve $-1 -1 $-1 0.4599942359067064612 -15.10032863188633456 -0.5 0 0 1 I I #
coedge $-1 -1 $-1 $2380 $2094 $2376 $2381 reversed $2237 $-1 #
coedge $-1 -1 $-1 $2094 $2380 $2096 $2242 reversed $2237 $-1 #
loop $-1 -1 $-1 $-1 $2094 $2382 #
color-adesk-attrib $-1 -1 $-1 $-1 $2095 256 #
vertex $-1 -1 $-1 $2231 $2383 #
straight-curve $-1 -1 $-1 0.2999999999999993783 -15.3416867469879552 -0.25 0 0 1 I I #
coedge $-1 -1 $-1 $2109 $2096 $2384 $2385 reversed $102 $-1 #
edge $2386 -1 $-1 $2098 15.34168674698795343 $2387 15.34265060240964118 $2236 $277 forward @7 unknown #
point $-1 -1 $-1 0.3000000000000002665 -15.34168674698795343 -0.5 #
point $-1 -1 $-1 0.4599942359067064612 -15.10032863188633456 -0.5 #
coedge $-1 -1 $-1 $2388 $2101 $2104 $2249 forward $264 $-1 #
color-adesk-attrib $-1 -1 $-1 $-1 $2102 256 #
straight-curve $-1 -1 $-1 0.4599942359067064057 -15.58225634272970694 0.5 -0.9999639744169136479 -0.008488219385113099369 0 I I #
coedge $-1 -1 $-1 $2104 $2103 $2389 $2390 forward $2105 $-1 #
edge $2391 -1 $-1 $2107 -15.58361445783132382 $2392 -15.58265060240964317 $2104 $352 forward @7 unknown #
face $2393 -1 $-1 $1854 $2105 $8 $-1 $354 reversed single #
point $-1 -1 $-1 0.3000000000000002665 -15.58361445783132382 0.5 #
coedge $-1 -1 $-1 $2394 $2389 $2109 $2253 forward $2395 $-1 #
edge $2396 -1 $-1 $2255 0 $2397 0.2895719172308956479 $2252 $2398 forward @7 unknown #
color-adesk-attrib $-1 -1 $-1 $-1 $2110 256 #
vertex $-1 -1 $-1 $2110 $2399 #
coedge $-1 -1 $-1 $2112 $2124 $2400 $2401 forward $264 $-1 #
coedge $-1 -1 $-1 $2400 $2120 $2116 $2258 reversed $2263 $-1 #
edge $2402 -1 $-1 $2260 -0.75 $2123 0.25 $2116 $2403 forward @7 unknown #
color-adesk-attrib $-1 -1 $-1 $-1 $2117 256 #
vertex $-1 -1 $-1 $2117 $2404 #
color-adesk-attrib $-1 -1 $-1 $-1 $2118 256 #
coedge $-1 -1 $-1 $2120 $2400 $2130 $2272 reversed $2263 $-1 #
loop $-1 -1 $-1 $-1 $2120 $2405 #
color-adesk-attrib $-1 -1 $-1 $-1 $2121 256 #
straight-curve $-1 -1 $-1 0.4599942359067064057 -15.82322019815139669 -0.5 -0.9999639744169136479 -0.008488219385113099369 0 F 0 F 0.1600000000000000033 #
point $-1 -1 $-1 0.3000000000000002109 -15.82457831325301356 -0.5 #
coedge $-1 -1 $-1 $2125 $2130 $2124 $2268 reversed $2131 $-1 #
edge $2406 -1 $-1 $2128 0 $2407 0.2895719172308956479 $2267 $2408 forward @7 unknown #
color-adesk-attrib $-1 -1 $-1 $-1 $2126 256 #
straight-curve $-1 -1 $-1 0.2999999999999993783 -16.06457831325301555 -0.25 0 0 1 I I #
point $-1 -1 $-1 0.3000000000000002109 -16.06457831325301555 0.5 #
edge $2409 -1 $-1 $2133 0 $2407 1 $2262 $2410 forward @7 unknown #
face $2411 -1 $-1 $2405 $2131 $8 $-1 $2412 forward single #
point $-1 -1 $-1 0.4599942359067064057 -15.82322019815139669 -0.5 #
color-adesk-attrib $-1 -1 $-1 $-1 $2137 256 #
straight-curve $-1 -1 $-1 0.4599942359067064057 -16.30514790899476907 0.5 -0.9999639744169136479 -0.008488219385113099369 0 I I #
color-adesk-attrib $-1 -1 $-1 $-1 $2141 256 #
plane-surface $-1 -1 $-1 0.4599942359067064057 -16.30514790899476907 -0.5 -0.008488219385113101104 0.99996397441691387 0 -0.99996397441691387 -0.008488219385113101104 0 forward_v I I I I #
point $-1 -1 $-1 0.4599942359067064057 -16.30514790899476907 0.5 #
color-adesk-attrib $-1 -1 $-1 $-1 $2150 256 #
face $2413 -1 $-1 $2414 $2415 $8 $-1 $2416 forward single #
loop $-1 -1 $-1 $-1 $2417 $2150 #
plane-surface $-1 -1 $-1 0.3000000000000022093 16.22457831325301214 -0.5 0.8334997309465151938 -0.5525198625498335403 0 0.5525198625498335403 0.8334997309465151938 0 forward_v I I I I #
coedge $-1 -1 $-1 $2418 $2419 $2420 $2421 forward $2151 $-1 #
coedge $-1 -1 $-1 $2422 $2153 $2419 $2423 forward $2018 $-1 #
coedge $-1 -1 $-1 $2153 $2422 $2424 $2425 reversed $2018 $-1 #
coedge $-1 -1 $-1 $2426 $2420 $2153 $2288 reversed $102 $-1 #
edge $2427 -1 $-1 $2428 0 $2429 0.2895719172308956479 $2153 $2430 forward @7 unknown #
coedge $-1 -1 $-1 $2155 $2154 $2194 $2336 reversed $1887 $-1 #
color-adesk-attrib $-1 -1 $-1 $-1 $2157 256 #
straight-curve $-1 -1 $-1 0.4599942359067084596 17.42979185004137577 -0.5 -0.9999639744169136479 -0.008488219385113099369 0 F 0 F 0.1600000000000000033 #
coedge $-1 -1 $-1 $2194 $2431 $2158 $2293 forward $264 $-1 #
edge $2432 -1 $-1 $2300 0 $2295 0.2895719172308956479 $2158 $2433 forward @7 unknown #
color-adesk-attrib $-1 -1 $-1 $-1 $2159 256 #
vertex $-1 -1 $-1 $2159 $2434 #
straight-curve $-1 -1 $-1 0.4599942359067084596 17.42979185004137577 -0.5 0 0 1 I I #
coedge $-1 -1 $-1 $2182 $2160 $2431 $2435 reversed $2051 $-1 #
coedge $-1 -1 $-1 $2160 $2182 $2162 $2303 reversed $2051 $-1 #
color-adesk-attrib $-1 -1 $-1 $-1 $2161 256 #
vertex $-1 -1 $-1 $2293 $2436 #
straight-curve $-1 -1 $-1 0.3000000000000002665 17.1884337349397569 -0.25 0 0 1 I I #
coedge $-1 -1 $-1 $2437 $2162 $2438 $2439 reversed $102 $-1 #
edge $2440 -1 $-1 $2164 -17.1884337349397569 $2441 -17.18746987951806915 $2298 $277 forward @7 unknown #
point $-1 -1 $-1 0.3000000000000022649 17.1884337349397569 -0.5 #
point $-1 -1 $-1 0.4599942359067084596 17.42979185004137577 -0.5 #
coedge $-1 -1 $-1 $2167 $2193 $2187 $2331 forward $264 $-1 #
color-adesk-attrib $-1 -1 $-1 $-1 $2171 256 #
coedge $-1 -1 $-1 $2174 $2187 $2199 $2339 reversed $2188 $-1 #
color-adesk-attrib $-1 -1 $-1 $-1 $2175 256 #
vertex $-1 -1 $-1 $2175 $2442 #
straight-curve $-1 -1 $-1 0.4599942359067084596 17.67075570546306551 -0.5 -0.9999639744169136479 -0.008488219385113099369 0 F 0 F 0.1600000000000000033 #
point $-1 -1 $-1 0.3000000000000022649 17.66939759036144864 -0.5 #
color-adesk-attrib $-1 -1 $-1 $-1 $2180 256 #
face $2443 -1 $-1 $2444 $2445 $8 $-1 $354 reversed single #
loop $-1 -1 $-1 $-1 $2446 $2180 #
coedge $-1 -1 $-1 $2447 $2448 $2449 $2450 forward $2181 $-1 #
coedge $-1 -1 $-1 $2451 $2438 $2182 $2318 reversed $2452 $-1 #
edge $2453 -1 $-1 $2454 -0.75 $2441 0.25 $2182 $2455 forward @7 unknown #
coedge $-1 -1 $-1 $2184 $2183 $2418 $2456 forward $1917 $-1 #
coedge $-1 -1 $-1 $2457 $2458 $2183 $2321 forward $264 $-1 #
edge $2459 -1 $-1 $2460 16.94650602409638651 $2329 16.94746987951806716 $2183 $352 forward @7 unknown #
coedge $-1 -1 $-1 $2420 $2437 $2184 $2323 forward $102 $-1 #
edge $2461 -1 $-1 $2328 -16.94746987951806716 $2462 -16.94650602409638651 $2184 $277 forward @7 unknown #
coedge $-1 -1 $-1 $2463 $2185 $2437 $2464 forward $2326 $-1 #
coedge $-1 -1 $-1 $2185 $2463 $2457 $2465 reversed $2326 $-1 #
loop $-1 -1 $-1 $-1 $2324 $2466 #
color-adesk-attrib $-1 -1 $-1 $-1 $2186 256 #
vertex $-1 -1 $-1 $2323 $2467 #
vertex $-1 -1 $-1 $2465 $2468 #
straight-curve $-1 -1 $-1 0.2999999999999998224 16.94746987951806361 -0.25 0 0 1 I I #
edge $2469 -1 $-1 $2343 0 $2190 0.1600000000000000033 $2187 $2470 forward @7 unknown #
face $2471 -1 $-1 $1938 $2188 $8 $-1 $2472 forward single #
point $-1 -1 $-1 0.3000000000000022649 17.66939759036144864 0.5 #
color-adesk-attrib $-1 -1 $-1 $-1 $2192 256 #
straight-curve $-1 -1 $-1 0.2999999999999999889 17.42843373493975889 -0.25 0 0 -1 I I #
edge $2473 -1 $-1 $2295 0 $2196 0.1600000000000000033 $2289 $2474 forward @7 unknown #
point $-1 -1 $-1 0.3000000000000022649 17.42843373493975889 0.5 #
point $-1 -1 $-1 0.3000000000000022649 17.42843373493975889 -0.5 #
edge $2475 -1 $-1 $2310 0 $2343 1 $2308 $2476 forward @7 unknown #
color-adesk-attrib $-1 -1 $-1 $-1 $2200 256 #
straight-curve $-1 -1 $-1 0.3000000000000022649 17.42939759036144665 -0.5 0.5525198625498334293 0.8334997309465150828 0 F 0 F 0.2895719172308956479 #
color-adesk-attrib $-1 -1 $-1 $-1 $2201 256 #
vertex $-1 -1 $-1 $2339 $2477 #
straight-curve $-1 -1 $-1 0.3000000000000022649 17.42939759036144665 0.5 0.5525198625498334293 0.8334997309465150828 0 I I #
color-adesk-attrib $-1 -1 $-1 $-1 $2202 256 #
plane-surface $-1 -1 $-1 0.3000000000000022649 17.42939759036144665 -0.5 0.8334997309465151938 -0.5525198625498335403 0 0.5525198625498335403 0.8334997309465151938 0 forward_v I I I I #
color-adesk-attrib $-1 -1 $-1 $-1 $2215 256 #
face $2478 -1 $-1 $2479 $2480 $8 $-1 $2481 forward single #
loop $-1 -1 $-1 $-1 $2482 $2215 #
plane-surface $-1 -1 $-1 0.4599942359067065167 -14.1364732101995898 -0.5 -0.008488219385113101104 0.99996397441691387 0 -0.99996397441691387 -0.008488219385113101104 0 forward_v I I I I #
coedge $-1 -1 $-1 $2483 $2484 $2485 $2486 forward $2216 $-1 #
coedge $-1 -1 $-1 $2487 $2218 $2488 $2489 reversed $2085 $-1 #
coedge $-1 -1 $-1 $2218 $2487 $2219 $2357 reversed $2085 $-1 #
coedge $-1 -1 $-1 $2221 $2490 $2218 $2355 reversed $102 $-1 #
edge $2491 -1 $-1 $2363 0 $2492 0.1600000000000000033 $2218 $2493 forward @7 unknown #
coedge $-1 -1 $-1 $2220 $2219 $2494 $2495 reversed $1952 $-1 #
edge $2496 -1 $-1 $2363 0 $2497 1 $2353 $2498 forward @7 unknown #
coedge $-1 -1 $-1 $2499 $2500 $2220 $2359 forward $2501 $-1 #
edge $2502 -1 $-1 $2362 -0.25 $2503 0.75 $2358 $2504 forward @7 unknown #
coedge $-1 -1 $-1 $2505 $2221 $2500 $2506 forward $102 $-1 #
color-adesk-attrib $-1 -1 $-1 $-1 $2222 256 #
vertex $-1 -1 $-1 $2506 $2507 #
vertex $-1 -1 $-1 $2355 $2508 #
straight-curve $-1 -1 $-1 0.300000000000000322 -14.85975903614458105 -0.5 0.5525198625498334293 0.8334997309465150828 0 F 0 F 0.2895719172308956479 #
coedge $-1 -1 $-1 $2509 $2230 $2223 $2366 forward $264 $-1 #
edge $2510 -1 $-1 $2233 0 $2371 0.1600000000000000033 $2223 $2511 forward @7 unknown #
coedge $-1 -1 $-1 $2512 $2224 $2226 $2374 reversed $2369 $-1 #
coedge $-1 -1 $-1 $2224 $2512 $2509 $2513 reversed $2369 $-1 #
loop $-1 -1 $-1 $-1 $2224 $2514 #
color-adesk-attrib $-1 -1 $-1 $-1 $2225 256 #
vertex $-1 -1 $-1 $2513 $2515 #
straight-curve $-1 -1 $-1 0.2999999999999999889 -15.10168674698795321 -0.25 0 0 -1 I I #
coedge $-1 -1 $-1 $2226 $2505 $2516 $2517 reversed $102 $-1 #
edge $2518 -1 $-1 $2519 15.10072289156626368 $2228 15.10168674698795144 $2367 $277 forward @7 unknown #
point $-1 -1 $-1 0.3000000000000002665 -15.10168674698795144 -0.5 #
coedge $-1 -1 $-1 $2230 $2520 $2235 $2381 forward $264 $-1 #
color-adesk-attrib $-1 -1 $-1 $-1 $2231 256 #
straight-curve $-1 -1 $-1 0.3000000000000002665 -15.34168674698795343 0.5 0.5525198625498334293 0.8334997309465150828 0 I I #
point $-1 -1 $-1 0.4599942359067064612 -15.10032863188633456 0.5 #
coedge $-1 -1 $-1 $2236 $2235 $2521 $2522 forward $2237 $-1 #
edge $2523 -1 $-1 $2524 -15.34265060240964118 $2239 -15.34168674698795343 $2235 $352 forward @7 unknown #
face $2525 -1 $-1 $2514 $2237 $8 $-1 $354 reversed single #
point $-1 -1 $-1 0.3000000000000002665 -15.34168674698795343 0.5 #
coedge $-1 -1 $-1 $2521 $2526 $2241 $2385 forward $2527 $-1 #
edge $2528 -1 $-1 $2397 0 $2387 0.1600000000000000033 $2384 $2529 forward @7 unknown #
color-adesk-attrib $-1 -1 $-1 $-1 $2242 256 #
vertex $-1 -1 $-1 $2385 $2530 #
coedge $-1 -1 $-1 $2520 $2245 $2531 $2532 forward $264 $-1 #
coedge $-1 -1 $-1 $2252 $2531 $2248 $2390 reversed $2395 $-1 #
edge $2533 -1 $-1 $2255 -0.25 $2392 0.75 $2248 $2534 forward @7 unknown #
color-adesk-attrib $-1 -1 $-1 $-1 $2249 256 #
vertex $-1 -1 $-1 $2532 $2535 #
color-adesk-attrib $-1 -1 $-1 $-1 $2250 256 #
coedge $-1 -1 $-1 $2531 $2252 $2526 $2536 forward $2395 $-1 #
loop $-1 -1 $-1 $-1 $2252 $2537 #
color-adesk-attrib $-1 -1 $-1 $-1 $2253 256 #
vertex $-1 -1 $-1 $2385 $2538 #
straight-curve $-1 -1 $-1 0.3000000000000002665 -15.58265060240964317 -0.5 0.5525198625498334293 0.8334997309465150828 0 F 0 F 0.2895719172308956479 #
point $-1 -1 $-1 0.3000000000000002665 -15.58265060240964317 -0.5 #
coedge $-1 -1 $-1 $2262 $2257 $2256 $2401 reversed $2263 $-1 #
edge $2539 -1 $-1 $2407 0 $2260 0.1600000000000000033 $2400 $2540 forward @7 unknown #
color-adesk-attrib $-1 -1 $-1 $-1 $2258 256 #
straight-curve $-1 -1 $-1 0.2999999999999999889 -15.82457831325301534 -0.25 0 0 -1 I I #
point $-1 -1 $-1 0.3000000000000002109 -15.82457831325301356 0.5 #
face $2541 -1 $-1 $2009 $2263 $8 $-1 $2542 forward single #
color-adesk-attrib $-1 -1 $-1 $-1 $2268 256 #
vertex $-1 -1 $-1 $2272 $2543 #
straight-curve $-1 -1 $-1 0.3000000000000002665 -16.06457831325301555 0.5 0.5525198625498334293 0.8334997309465150828 0 I I #
color-adesk-attrib $-1 -1 $-1 $-1 $2272 256 #
straight-curve $-1 -1 $-1 0.4599942359067064057 -15.82322019815139669 -0.5 0 0 1 I I #
color-adesk-attrib $-1 -1 $-1 $-1 $2273 256 #
plane-surface $-1 -1 $-1 0.3000000000000002665 -16.06457831325301555 -0.5 0.8334997309465151938 -0.5525198625498335403 0 0.5525198625498335403 0.8334997309465151938 0 forward_v I I I I #
color-adesk-attrib $-1 -1 $-1 $-1 $2281 256 #
face $2544 -1 $-1 $2545 $2546 $8 $-1 $2547 forward single #
loop $-1 -1 $-1 $-1 $2548 $2281 #
plane-surface $-1 -1 $-1 0.4599942359067084041 16.465936428354631 -0.5 -0.008488219385113101104 0.99996397441691387 0 -0.99996397441691387 -0.008488219385113101104 0 forward_v I I I I #
coedge $-1 -1 $-1 $2549 $2550 $2551 $2552 forward $2282 $-1 #
coedge $-1 -1 $-1 $2553 $2284 $2319 $2456 reversed $2151 $-1 #
coedge $-1 -1 $-1 $2284 $2553 $2285 $2423 reversed $2151 $-1 #
coedge $-1 -1 $-1 $2287 $2322 $2284 $2421 reversed $102 $-1 #
edge $2554 -1 $-1 $2429 0 $2462 0.1600000000000000033 $2284 $2555 forward @7 unknown #
coedge $-1 -1 $-1 $2286 $2285 $2556 $2557 reversed $2018 $-1 #
edge $2558 -1 $-1 $2429 0 $2559 1 $2419 $2560 forward @7 unknown #
coedge $-1 -1 $-1 $2561 $2562 $2286 $2425 forward $2315 $-1 #
edge $2563 -1 $-1 $2428 -0.25 $2564 0.75 $2424 $2565 forward @7 unknown #
coedge $-1 -1 $-1 $2566 $2287 $2562 $2567 forward $102 $-1 #
color-adesk-attrib $-1 -1 $-1 $-1 $2288 256 #
vertex $-1 -1 $-1 $2567 $2568 #
vertex $-1 -1 $-1 $2421 $2569 #
straight-curve $-1 -1 $-1 0.3000000000000022649 16.70650602409638452 -0.5 0.5525198625498334293 0.8334997309465150828 0 F 0 F 0.2895719172308956479 #
coedge $-1 -1 $-1 $2292 $2570 $2297 $2435 forward $264 $-1 #
color-adesk-attrib $-1 -1 $-1 $-1 $2293 256 #
straight-curve $-1 -1 $-1 0.3000000000000022649 17.1884337349397569 0.5 0.5525198625498334293 0.8334997309465150828 0 I I #
point $-1 -1 $-1 0.4599942359067084596 17.42979185004137577 0.5 #
edge $2571 -1 $-1 $2454 17.18746987951806915 $2300 17.1884337349397569 $2297 $352 forward @7 unknown #
point $-1 -1 $-1 0.3000000000000022649 17.1884337349397569 0.5 #
coedge $-1 -1 $-1 $2322 $2302 $2324 $2464 reversed $102 $-1 #
coedge $-1 -1 $-1 $2317 $2572 $2302 $2439 forward $2452 $-1 #
edge $2573 -1 $-1 $2574 0 $2441 0.1600000000000000033 $2438 $2575 forward @7 unknown #
color-adesk-attrib $-1 -1 $-1 $-1 $2303 256 #
vertex $-1 -1 $-1 $2439 $2576 #
point $-1 -1 $-1 0.4599942359067084596 17.67075570546306551 -0.5 #
color-adesk-attrib $-1 -1 $-1 $-1 $2314 256 #
face $2577 -1 $-1 $2578 $2579 $8 $-1 $354 reversed single #
loop $-1 -1 $-1 $-1 $2580 $2314 #
coedge $-1 -1 $-1 $2562 $2561 $2581 $2582 forward $2315 $-1 #
coedge $-1 -1 $-1 $2583 $2316 $2584 $2585 reversed $2181 $-1 #
coedge $-1 -1 $-1 $2316 $2583 $2586 $2587 reversed $2181 $-1 #
coedge $-1 -1 $-1 $2588 $2589 $2316 $2450 reversed $2590 $-1 #
edge $2591 -1 $-1 $2592 -0.25 $2593 0.75 $2316 $2594 forward @7 unknown #
coedge $-1 -1 $-1 $2572 $2317 $2570 $2595 reversed $2452 $-1 #
loop $-1 -1 $-1 $-1 $2438 $2596 #
color-adesk-attrib $-1 -1 $-1 $-1 $2318 256 #
vertex $-1 -1 $-1 $2435 $2597 #
straight-curve $-1 -1 $-1 0.2999999999999999889 17.18746987951806915 -0.25 0 0 -1 I I #
edge $2598 -1 $-1 $2460 -0.75 $2462 0.25 $2319 $2599 forward @7 unknown #
coedge $-1 -1 $-1 $2570 $2320 $2325 $2465 forward $264 $-1 #
coedge $-1 -1 $-1 $2320 $2556 $2553 $2600 forward $264 $-1 #
color-adesk-attrib $-1 -1 $-1 $-1 $2321 256 #
vertex $-1 -1 $-1 $2321 $2601 #
color-adesk-attrib $-1 -1 $-1 $-1 $2323 256 #
vertex $-1 -1 $-1 $2421 $2602 #
coedge $-1 -1 $-1 $2325 $2324 $2572 $2603 forward $2326 $-1 #
edge $2604 -1 $-1 $2328 0 $2574 0.2895719172308956479 $2324 $2605 forward @7 unknown #
edge $2606 -1 $-1 $2329 0 $2607 0.2895719172308956479 $2325 $2608 forward @7 unknown #
face $2609 -1 $-1 $2596 $2326 $8 $-1 $2610 forward single #
point $-1 -1 $-1 0.3000000000000022649 16.94746987951806716 -0.5 #
point $-1 -1 $-1 0.3000000000000022649 16.94746987951806716 0.5 #
color-adesk-attrib $-1 -1 $-1 $-1 $2331 256 #
straight-curve $-1 -1 $-1 0.4599942359067084596 17.67075570546306551 0.5 -0.9999639744169136479 -0.008488219385113099369 0 I I #
color-adesk-attrib $-1 -1 $-1 $-1 $2332 256 #
plane-surface $-1 -1 $-1 0.4599942359067084596 17.67075570546306551 -0.5 -0.008488219385113101104 0.99996397441691387 0 -0.99996397441691387 -0.008488219385113101104 0 forward_v I I I I #
color-adesk-attrib $-1 -1 $-1 $-1 $2336 256 #
straight-curve $-1 -1 $-1 0.4599942359067084596 17.42979185004137577 0.5 -0.9999639744169136479 -0.008488219385113099369 0 I I #
color-adesk-attrib $-1 -1 $-1 $-1 $2339 256 #
straight-curve $-1 -1 $-1 0.4599942359067084596 17.67075570546306551 -0.5 0 0 1 I I #
point $-1 -1 $-1 0.4599942359067084596 17.67075570546306551 0.5 #
color-adesk-attrib $-1 -1 $-1 $-1 $2348 256 #
face $2611 -1 $-1 $2612 $2613 $8 $-1 $2614 forward single #
loop $-1 -1 $-1 $-1 $2615 $2348 #
plane-surface $-1 -1 $-1 0.3000000000000003775 -13.89590361445783628 -0.5 0.8334997309465151938 -0.5525198625498335403 0 0.5525198625498335403 0.8334997309465151938 0 forward_v I I I I #
coedge $-1 -1 $-1 $2616 $2617 $2618 $2619 forward $2349 $-1 #
coedge $-1 -1 $-1 $2620 $2351 $2617 $2621 forward $2216 $-1 #
coedge $-1 -1 $-1 $2351 $2620 $2622 $2623 reversed $2216 $-1 #
coedge $-1 -1 $-1 $2624 $2618 $2351 $2486 reversed $102 $-1 #
edge $2625 -1 $-1 $2626 0 $2627 0.2895719172308956479 $2351 $2628 forward @7 unknown #
coedge $-1 -1 $-1 $2353 $2352 $2629 $2630 reversed $2085 $-1 #
coedge $-1 -1 $-1 $2631 $2632 $2352 $2489 forward $2633 $-1 #
edge $2634 -1 $-1 $2635 -0.75 $2492 0.25 $2488 $2636 forward @7 unknown #
coedge $-1 -1 $-1 $2354 $2637 $2631 $2638 forward $102 $-1 #
color-adesk-attrib $-1 -1 $-1 $-1 $2355 256 #
vertex $-1 -1 $-1 $2355 $2639 #
straight-curve $-1 -1 $-1 0.4599942359067065167 -14.61840092104296218 -0.5 -0.9999639744169136479 -0.008488219385113099369 0 F 0 F 0.1600000000000000033 #
coedge $-1 -1 $-1 $2629 $2640 $2356 $2495 forward $264 $-1 #
edge $2641 -1 $-1 $2503 0 $2497 0.2895719172308956479 $2356 $2642 forward @7 unknown #
color-adesk-attrib $-1 -1 $-1 $-1 $2357 256 #
vertex $-1 -1 $-1 $2357 $2643 #
straight-curve $-1 -1 $-1 0.4599942359067065167 -14.61840092104296218 -0.5 0 0 1 I I #
coedge $-1 -1 $-1 $2644 $2358 $2640 $2645 reversed $2501 $-1 #
coedge $-1 -1 $-1 $2358 $2644 $2360 $2506 reversed $2501 $-1 #
loop $-1 -1 $-1 $-1 $2358 $2646 #
color-adesk-attrib $-1 -1 $-1 $-1 $2359 256 #
vertex $-1 -1 $-1 $2495 $2647 #
straight-curve $-1 -1 $-1 0.2999999999999998224 -14.8597590361445846 -0.25 0 0 1 I I #
coedge $-1 -1 $-1 $2373 $2360 $2648 $2649 reversed $102 $-1 #
edge $2650 -1 $-1 $2362 14.85975903614458105 $2651 14.86072289156626169 $2500 $277 forward @7 unknown #
point $-1 -1 $-1 0.300000000000000322 -14.85975903614458105 -0.5 #
point $-1 -1 $-1 0.4599942359067065167 -14.61840092104296218 -0.5 #
coedge $-1 -1 $-1 $2652 $2365 $2368 $2513 forward $264 $-1 #
color-adesk-attrib $-1 -1 $-1 $-1 $2366 256 #
straight-curve $-1 -1 $-1 0.4599942359067064612 -15.10032863188633456 0.5 -0.9999639744169136479 -0.008488219385113099369 0 I I #
coedge $-1 -1 $-1 $2368 $2367 $2653 $2654 forward $2369 $-1 #
edge $2655 -1 $-1 $2371 -15.10168674698795144 $2656 -15.10072289156626368 $2368 $352 forward @7 unknown #
face $2657 -1 $-1 $2118 $2369 $8 $-1 $354 reversed single #
point $-1 -1 $-1 0.3000000000000002665 -15.10168674698795144 0.5 #
coedge $-1 -1 $-1 $2658 $2653 $2373 $2517 forward $2659 $-1 #
edge $2660 -1 $-1 $2519 0 $2661 0.2895719172308956479 $2516 $2662 forward @7 unknown #
color-adesk-attrib $-1 -1 $-1 $-1 $2374 256 #
vertex $-1 -1 $-1 $2374 $2663 #
coedge $-1 -1 $-1 $2376 $2388 $2664 $2665 forward $264 $-1 #
coedge $-1 -1 $-1 $2664 $2384 $2380 $2522 reversed $2527 $-1 #
edge $2666 -1 $-1 $2524 -0.75 $2387 0.25 $2380 $2667 forward @7 unknown #
color-adesk-attrib $-1 -1 $-1 $-1 $2381 256 #
vertex $-1 -1 $-1 $2381 $2668 #
color-adesk-attrib $-1 -1 $-1 $-1 $2382 256 #
coedge $-1 -1 $-1 $2384 $2664 $2394 $2536 reversed $2527 $-1 #
loop $-1 -1 $-1 $-1 $2384 $2669 #
color-adesk-attrib $-1 -1 $-1 $-1 $2385 256 #
straight-curve $-1 -1 $-1 0.4599942359067064612 -15.34129248730802431 -0.5 -0.9999639744169136479 -0.008488219385113099369 0 F 0 F 0.1600000000000000033 #
point $-1 -1 $-1 0.3000000000000002665 -15.34265060240964118 -0.5 #
coedge $-1 -1 $-1 $2389 $2394 $2388 $2532 reversed $2395 $-1 #
edge $2670 -1 $-1 $2392 0 $2671 0.2895719172308956479 $2531 $2672 forward @7 unknown #
color-adesk-attrib $-1 -1 $-1 $-1 $2390 256 #
straight-curve $-1 -1 $-1 0.2999999999999989342 -15.58265060240964672 -0.25 0 0 1 I I #
point $-1 -1 $-1 0.3000000000000002665 -15.58265060240964317 0.5 #
edge $2673 -1 $-1 $2397 0 $2671 1 $2526 $2674 forward @7 unknown #
face $2675 -1 $-1 $2669 $2395 $8 $-1 $2676 forward single #
point $-1 -1 $-1 0.4599942359067064612 -15.34129248730802431 -0.5 #
color-adesk-attrib $-1 -1 $-1 $-1 $2401 256 #
straight-curve $-1 -1 $-1 0.4599942359067064057 -15.82322019815139669 0.5 -0.9999639744169136479 -0.008488219385113099369 0 I I #
color-adesk-attrib $-1 -1 $-1 $-1 $2405 256 #
plane-surface $-1 -1 $-1 0.4599942359067064057 -15.82322019815139669 -0.5 -0.008488219385113101104 0.99996397441691387 0 -0.99996397441691387 -0.008488219385113101104 0 forward_v I I I I #
point $-1 -1 $-1 0.4599942359067064057 -15.82322019815139669 0.5 #
color-adesk-attrib $-1 -1 $-1 $-1 $2414 256 #
face $2677 -1 $-1 $2678 $2679 $8 $-1 $2680 forward single #
loop $-1 -1 $-1 $-1 $2681 $2414 #
plane-surface $-1 -1 $-1 0.3000000000000021538 15.74265060240963976 -0.5 0.8334997309465151938 -0.5525198625498335403 0 0.5525198625498335403 0.8334997309465151938 0 forward_v I I I I #
coedge $-1 -1 $-1 $2682 $2683 $2684 $2685 forward $2415 $-1 #
coedge $-1 -1 $-1 $2686 $2417 $2683 $2687 forward $2282 $-1 #
coedge $-1 -1 $-1 $2417 $2686 $2688 $2689 reversed $2282 $-1 #
coedge $-1 -1 $-1 $2690 $2684 $2417 $2552 reversed $102 $-1 #
edge $2691 -1 $-1 $2692 0 $2693 0.2895719172308956479 $2417 $2694 forward @7 unknown #
coedge $-1 -1 $-1 $2419 $2418 $2458 $2600 reversed $2151 $-1 #
color-adesk-attrib $-1 -1 $-1 $-1 $2421 256 #
straight-curve $-1 -1 $-1 0.4599942359067084041 16.94786413919800339 -0.5 -0.9999639744169136479 -0.008488219385113099369 0 F 0 F 0.1600000000000000033 #
coedge $-1 -1 $-1 $2458 $2695 $2422 $2557 forward $264 $-1 #
edge $2696 -1 $-1 $2564 0 $2559 0.2895719172308956479 $2422 $2697 forward @7 unknown #
color-adesk-attrib $-1 -1 $-1 $-1 $2423 256 #
vertex $-1 -1 $-1 $2423 $2698 #
straight-curve $-1 -1 $-1 0.4599942359067084041 16.94786413919800339 -0.5 0 0 1 I I #
coedge $-1 -1 $-1 $2446 $2424 $2695 $2699 reversed $2315 $-1 #
coedge $-1 -1 $-1 $2424 $2446 $2426 $2567 reversed $2315 $-1 #
color-adesk-attrib $-1 -1 $-1 $-1 $2425 256 #
vertex $-1 -1 $-1 $2557 $2700 #
straight-curve $-1 -1 $-1 0.2999999999999998224 16.70650602409638452 -0.25 0 0 1 I I #
coedge $-1 -1 $-1 $2701 $2426 $2702 $2703 reversed $102 $-1 #
edge $2704 -1 $-1 $2428 -16.70650602409638452 $2705 -16.70554216867469677 $2562 $277 forward @7 unknown #
point $-1 -1 $-1 0.3000000000000022649 16.70650602409638452 -0.5 #
point $-1 -1 $-1 0.4599942359067084041 16.94786413919800339 -0.5 #
coedge $-1 -1 $-1 $2431 $2457 $2451 $2595 forward $264 $-1 #
color-adesk-attrib $-1 -1 $-1 $-1 $2435 256 #
coedge $-1 -1 $-1 $2438 $2451 $2463 $2603 reversed $2452 $-1 #
color-adesk-attrib $-1 -1 $-1 $-1 $2439 256 #
vertex $-1 -1 $-1 $2439 $2706 #
straight-curve $-1 -1 $-1 0.4599942359067084596 17.18882799461968602 -0.5 -0.9999639744169136479 -0.008488219385113099369 0 F 0 F 0.1600000000000000033 #
point $-1 -1 $-1 0.3000000000000022649 17.18746987951806915 -0.5 #
color-adesk-attrib $-1 -1 $-1 $-1 $2444 256 #
face $2707 -1 $-1 $2708 $2709 $8 $-1 $354 reversed single #
loop $-1 -1 $-1 $-1 $2710 $2444 #
coedge $-1 -1 $-1 $2711 $2712 $2713 $2714 forward $2445 $-1 #
coedge $-1 -1 $-1 $2715 $2702 $2446 $2582 reversed $2716 $-1 #
edge $2717 -1 $-1 $2718 -0.75 $2705 0.25 $2446 $2719 forward @7 unknown #
coedge $-1 -1 $-1 $2448 $2447 $2682 $2720 forward $2181 $-1 #
coedge $-1 -1 $-1 $2721 $2722 $2447 $2585 forward $264 $-1 #
edge $2723 -1 $-1 $2724 16.46457831325301413 $2593 16.46554216867469478 $2447 $352 forward @7 unknown #
coedge $-1 -1 $-1 $2684 $2701 $2448 $2587 forward $102 $-1 #
edge $2725 -1 $-1 $2592 -16.46554216867469478 $2726 -16.46457831325301413 $2448 $277 forward @7 unknown #
coedge $-1 -1 $-1 $2727 $2449 $2701 $2728 forward $2590 $-1 #
coedge $-1 -1 $-1 $2449 $2727 $2721 $2729 reversed $2590 $-1 #
loop $-1 -1 $-1 $-1 $2588 $2730 #
color-adesk-attrib $-1 -1 $-1 $-1 $2450 256 #
vertex $-1 -1 $-1 $2587 $2731 #
vertex $-1 -1 $-1 $2729 $2732 #
straight-curve $-1 -1 $-1 0.3000000000000002665 16.46554216867469478 -0.25 0 0 1 I I #
edge $2733 -1 $-1 $2607 0 $2454 0.1600000000000000033 $2451 $2734 forward @7 unknown #
face $2735 -1 $-1 $2202 $2452 $8 $-1 $2736 forward single #
point $-1 -1 $-1 0.3000000000000022649 17.18746987951806915 0.5 #
color-adesk-attrib $-1 -1 $-1 $-1 $2456 256 #
straight-curve $-1 -1 $-1 0.2999999999999999889 16.94650602409638651 -0.25 0 0 -1 I I #
edge $2737 -1 $-1 $2559 0 $2460 0.1600000000000000033 $2553 $2738 forward @7 unknown #
point $-1 -1 $-1 0.3000000000000022649 16.94650602409638651 0.5 #
point $-1 -1 $-1 0.3000000000000022649 16.94650602409638651 -0.5 #
edge $2739 -1 $-1 $2574 0 $2607 1 $2572 $2740 forward @7 unknown #
color-adesk-attrib $-1 -1 $-1 $-1 $2464 256 #
straight-curve $-1 -1 $-1 0.3000000000000022649 16.94746987951806716 -0.5 0.5525198625498334293 0.8334997309465150828 0 F 0 F 0.2895719172308956479 #
color-adesk-attrib $-1 -1 $-1 $-1 $2465 256 #
vertex $-1 -1 $-1 $2603 $2741 #
straight-curve $-1 -1 $-1 0.3000000000000022649 16.94746987951806716 0.5 0.5525198625498334293 0.8334997309465150828 0 I I #
color-adesk-attrib $-1 -1 $-1 $-1 $2466 256 #
plane-surface $-1 -1 $-1 0.3000000000000022649 16.94746987951806716 -0.5 0.8334997309465151938 -0.5525198625498335403 0 0.5525198625498335403 0.8334997309465151938 0 forward_v I I I I #
color-adesk-attrib $-1 -1 $-1 $-1 $2479 256 #
face $2742 -1 $-1 $2743 $2744 $8 $-1 $2745 forward single #
loop $-1 -1 $-1 $-1 $2746 $2479 #
plane-surface $-1 -1 $-1 0.4599942359067065722 -13.65454549935621742 -0.5 -0.008488219385113101104 0.99996397441691387 0 -0.99996397441691387 -0.008488219385113101104 0 forward_v I I I I #
coedge $-1 -1 $-1 $2747 $2748 $2749 $2750 forward $2480 $-1 #
coedge $-1 -1 $-1 $2751 $2482 $2752 $2753 reversed $2349 $-1 #
coedge $-1 -1 $-1 $2482 $2751 $2483 $2621 reversed $2349 $-1 #
coedge $-1 -1 $-1 $2485 $2754 $2482 $2619 reversed $102 $-1 #
edge $2755 -1 $-1 $2627 0 $2756 0.1600000000000000033 $2482 $2757 forward @7 unknown #
coedge $-1 -1 $-1 $2484 $2483 $2758 $2759 reversed $2216 $-1 #
edge $2760 -1 $-1 $2627 0 $2761 1 $2617 $2762 forward @7 unknown #
coedge $-1 -1 $-1 $2763 $2764 $2484 $2623 forward $2765 $-1 #
edge $2766 -1 $-1 $2626 -0.25 $2767 0.75 $2622 $2768 forward @7 unknown #
coedge $-1 -1 $-1 $2769 $2485 $2764 $2770 forward $102 $-1 #
color-adesk-attrib $-1 -1 $-1 $-1 $2486 256 #
vertex $-1 -1 $-1 $2770 $2771 #
vertex $-1 -1 $-1 $2619 $2772 #
straight-curve $-1 -1 $-1 0.300000000000000322 -14.37783132530120866 -0.5 0.5525198625498334293 0.8334997309465150828 0 F 0 F 0.2895719172308956479 #
coedge $-1 -1 $-1 $2773 $2494 $2487 $2630 forward $264 $-1 #
edge $2774 -1 $-1 $2497 0 $2635 0.1600000000000000033 $2487 $2775 forward @7 unknown #
coedge $-1 -1 $-1 $2776 $2488 $2490 $2638 reversed $2633 $-1 #
coedge $-1 -1 $-1 $2488 $2776 $2773 $2777 reversed $2633 $-1 #
loop $-1 -1 $-1 $-1 $2488 $2778 #
color-adesk-attrib $-1 -1 $-1 $-1 $2489 256 #
vertex $-1 -1 $-1 $2777 $2779 #
straight-curve $-1 -1 $-1 0.3000000000000000444 -14.61975903614458083 -0.25 0 0 -1 I I #
coedge $-1 -1 $-1 $2490 $2769 $2780 $2781 reversed $102 $-1 #
edge $2782 -1 $-1 $2783 14.6187951807228913 $2492 14.61975903614457906 $2631 $277 forward @7 unknown #
point $-1 -1 $-1 0.3000000000000002665 -14.61975903614457906 -0.5 #
coedge $-1 -1 $-1 $2494 $2784 $2499 $2645 forward $264 $-1 #
color-adesk-attrib $-1 -1 $-1 $-1 $2495 256 #
straight-curve $-1 -1 $-1 0.300000000000000322 -14.85975903614458105 0.5 0.5525198625498334293 0.8334997309465150828 0 I I #
point $-1 -1 $-1 0.4599942359067065167 -14.61840092104296218 0.5 #
coedge $-1 -1 $-1 $2500 $2499 $2785 $2786 forward $2501 $-1 #
edge $2787 -1 $-1 $2788 -14.86072289156626169 $2503 -14.85975903614458105 $2499 $352 forward @7 unknown #
face $2789 -1 $-1 $2778 $2501 $8 $-1 $354 reversed single #
point $-1 -1 $-1 0.3000000000000002665 -14.85975903614458105 0.5 #
coedge $-1 -1 $-1 $2785 $2790 $2505 $2649 forward $2791 $-1 #
edge $2792 -1 $-1 $2661 0 $2651 0.1600000000000000033 $2648 $2793 forward @7 unknown #
color-adesk-attrib $-1 -1 $-1 $-1 $2506 256 #
vertex $-1 -1 $-1 $2649 $2794 #
coedge $-1 -1 $-1 $2784 $2509 $2795 $2796 forward $264 $-1 #
coedge $-1 -1 $-1 $2516 $2795 $2512 $2654 reversed $2659 $-1 #
edge $2797 -1 $-1 $2519 -0.25 $2656 0.75 $2512 $2798 forward @7 unknown #
color-adesk-attrib $-1 -1 $-1 $-1 $2513 256 #
vertex $-1 -1 $-1 $2796 $2799 #
color-adesk-attrib $-1 -1 $-1 $-1 $2514 256 #
coedge $-1 -1 $-1 $2795 $2516 $2790 $2800 forward $2659 $-1 #
loop $-1 -1 $-1 $-1 $2516 $2801 #
color-adesk-attrib $-1 -1 $-1 $-1 $2517 256 #
vertex $-1 -1 $-1 $2649 $2802 #
straight-curve $-1 -1 $-1 0.3000000000000002665 -15.10072289156626368 -0.5 0.5525198625498334293 0.8334997309465150828 0 F 0 F 0.2895719172308956479 #
point $-1 -1 $-1 0.3000000000000002665 -15.10072289156626368 -0.5 #
coedge $-1 -1 $-1 $2526 $2521 $2520 $2665 reversed $2527 $-1 #
edge $2803 -1 $-1 $2671 0 $2524 0.1600000000000000033 $2664 $2804 forward @7 unknown #
color-adesk-attrib $-1 -1 $-1 $-1 $2522 256 #
straight-curve $-1 -1 $-1 0.2999999999999999889 -15.34265060240964473 -0.25 0 0 -1 I I #
point $-1 -1 $-1 0.3000000000000002665 -15.34265060240964118 0.5 #
face $2805 -1 $-1 $2273 $2527 $8 $-1 $2806 forward single #
color-adesk-attrib $-1 -1 $-1 $-1 $2532 256 #
vertex $-1 -1 $-1 $2536 $2807 #
straight-curve $-1 -1 $-1 0.3000000000000002665 -15.58265060240964317 0.5 0.5525198625498334293 0.8334997309465150828 0 I I #
color-adesk-attrib $-1 -1 $-1 $-1 $2536 256 #
straight-curve $-1 -1 $-1 0.4599942359067064612 -15.34129248730802431 -0.5 0 0 1 I I #
color-adesk-attrib $-1 -1 $-1 $-1 $2537 256 #
plane-surface $-1 -1 $-1 0.3000000000000002665 -15.58265060240964317 -0.5 0.8334997309465151938 -0.5525198625498335403 0 0.5525198625498335403 0.8334997309465151938 0 forward_v I I I I #
color-adesk-attrib $-1 -1 $-1 $-1 $2545 256 #
face $2808 -1 $-1 $2809 $2810 $8 $-1 $2811 forward single #
loop $-1 -1 $-1 $-1 $2812 $2545 #
plane-surface $-1 -1 $-1 0.4599942359067083486 15.98400871751125862 -0.5 -0.008488219385113101104 0.99996397441691387 0 -0.99996397441691387 -0.008488219385113101104 0 forward_v I I I I #
coedge $-1 -1 $-1 $2813 $2814 $2815 $2816 forward $2546 $-1 #
coedge $-1 -1 $-1 $2817 $2548 $2583 $2720 reversed $2415 $-1 #
coedge $-1 -1 $-1 $2548 $2817 $2549 $2687 reversed $2415 $-1 #
coedge $-1 -1 $-1 $2551 $2586 $2548 $2685 reversed $102 $-1 #
edge $2818 -1 $-1 $2693 0 $2726 0.1600000000000000033 $2548 $2819 forward @7 unknown #
coedge $-1 -1 $-1 $2550 $2549 $2820 $2821 reversed $2282 $-1 #
edge $2822 -1 $-1 $2693 0 $2823 1 $2683 $2824 forward @7 unknown #
coedge $-1 -1 $-1 $2825 $2826 $2550 $2689 forward $2579 $-1 #
edge $2827 -1 $-1 $2692 -0.25 $2828 0.75 $2688 $2829 forward @7 unknown #
coedge $-1 -1 $-1 $2830 $2551 $2826 $2831 forward $102 $-1 #
color-adesk-attrib $-1 -1 $-1 $-1 $2552 256 #
vertex $-1 -1 $-1 $2831 $2832 #
vertex $-1 -1 $-1 $2685 $2833 #
straight-curve $-1 -1 $-1 0.3000000000000022093 16.22457831325301214 -0.5 0.5525198625498334293 0.8334997309465150828 0 F 0 F 0.2895719172308956479 #
coedge $-1 -1 $-1 $2556 $2834 $2561 $2699 forward $264 $-1 #
color-adesk-attrib $-1 -1 $-1 $-1 $2557 256 #
straight-curve $-1 -1 $-1 0.3000000000000022649 16.70650602409638452 0.5 0.5525198625498334293 0.8334997309465150828 0 I I #
point $-1 -1 $-1 0.4599942359067084041 16.94786413919800339 0.5 #
edge $2835 -1 $-1 $2718 16.70554216867469677 $2564 16.70650602409638452 $2561 $352 forward @7 unknown #
point $-1 -1 $-1 0.3000000000000022649 16.70650602409638452 0.5 #
coedge $-1 -1 $-1 $2586 $2566 $2588 $2728 reversed $102 $-1 #
coedge $-1 -1 $-1 $2581 $2836 $2566 $2703 forward $2716 $-1 #
edge $2837 -1 $-1 $2838 0 $2705 0.1600000000000000033 $2702 $2839 forward @7 unknown #
color-adesk-attrib $-1 -1 $-1 $-1 $2567 256 #
vertex $-1 -1 $-1 $2703 $2840 #
point $-1 -1 $-1 0.4599942359067084596 17.18882799461968602 -0.5 #
color-adesk-attrib $-1 -1 $-1 $-1 $2578 256 #
face $2841 -1 $-1 $2842 $2843 $8 $-1 $354 reversed single #
loop $-1 -1 $-1 $-1 $2844 $2578 #
coedge $-1 -1 $-1 $2826 $2825 $2845 $2846 forward $2579 $-1 #
coedge $-1 -1 $-1 $2847 $2580 $2848 $2849 reversed $2445 $-1 #
coedge $-1 -1 $-1 $2580 $2847 $2850 $2851 reversed $2445 $-1 #
coedge $-1 -1 $-1 $2852 $2853 $2580 $2714 reversed $2854 $-1 #
edge $2855 -1 $-1 $2856 -0.25 $2857 0.75 $2580 $2858 forward @7 unknown #
coedge $-1 -1 $-1 $2836 $2581 $2834 $2859 reversed $2716 $-1 #
loop $-1 -1 $-1 $-1 $2702 $2860 #
color-adesk-attrib $-1 -1 $-1 $-1 $2582 256 #
vertex $-1 -1 $-1 $2699 $2861 #
straight-curve $-1 -1 $-1 0.2999999999999999889 16.70554216867469677 -0.25 0 0 -1 I I #
edge $2862 -1 $-1 $2724 -0.75 $2726 0.25 $2583 $2863 forward @7 unknown #
coedge $-1 -1 $-1 $2834 $2584 $2589 $2729 forward $264 $-1 #
coedge $-1 -1 $-1 $2584 $2820 $2817 $2864 forward $264 $-1 #
color-adesk-attrib $-1 -1 $-1 $-1 $2585 256 #
vertex $-1 -1 $-1 $2585 $2865 #
color-adesk-attrib $-1 -1 $-1 $-1 $2587 256 #
vertex $-1 -1 $-1 $2685 $2866 #
coedge $-1 -1 $-1 $2589 $2588 $2836 $2867 forward $2590 $-1 #
edge $2868 -1 $-1 $2592 0 $2838 0.2895719172308956479 $2588 $2869 forward @7 unknown #
edge $2870 -1 $-1 $2593 0 $2871 0.2895719172308956479 $2589 $2872 forward @7 unknown #
face $2873 -1 $-1 $2860 $2590 $8 $-1 $2874 forward single #
point $-1 -1 $-1 0.3000000000000022649 16.46554216867469478 -0.5 #
point $-1 -1 $-1 0.3000000000000022093 16.46554216867469478 0.5 #
color-adesk-attrib $-1 -1 $-1 $-1 $2595 256 #
straight-curve $-1 -1 $-1 0.4599942359067084596 17.18882799461968602 0.5 -0.9999639744169136479 -0.008488219385113099369 0 I I #
color-adesk-attrib $-1 -1 $-1 $-1 $2596 256 #
plane-surface $-1 -1 $-1 0.4599942359067084596 17.18882799461968602 -0.5 -0.008488219385113101104 0.99996397441691387 0 -0.99996397441691387 -0.008488219385113101104 0 forward_v I I I I #
color-adesk-attrib $-1 -1 $-1 $-1 $2600 256 #
straight-curve $-1 -1 $-1 0.4599942359067084041 16.94786413919800339 0.5 -0.9999639744169136479 -0.008488219385113099369 0 I I #
color-adesk-attrib $-1 -1 $-1 $-1 $2603 256 #
straight-curve $-1 -1 $-1 0.4599942359067084596 17.18882799461968602 -0.5 0 0 1 I I #
point $-1 -1 $-1 0.4599942359067084596 17.18882799461968602 0.5 #
color-adesk-attrib $-1 -1 $-1 $-1 $2612 256 #
face $2875 -1 $-1 $2876 $2877 $8 $-1 $2878 forward single #
loop $-1 -1 $-1 $-1 $2879 $2612 #
plane-surface $-1 -1 $-1 0.3000000000000003775 -13.4139759036144568 -0.5 0.8334997309465151938 -0.5525198625498335403 0 0.5525198625498335403 0.8334997309465151938 0 forward_v I I I I #
coedge $-1 -1 $-1 $2880 $2881 $2882 $2883 forward $2613 $-1 #
coedge $-1 -1 $-1 $2884 $2615 $2881 $2885 forward $2480 $-1 #
coedge $-1 -1 $-1 $2615 $2884 $2886 $2887 reversed $2480 $-1 #
coedge $-1 -1 $-1 $2888 $2882 $2615 $2750 reversed $102 $-1 #
edge $2889 -1 $-1 $2890 0 $2891 0.2895719172308956479 $2615 $2892 forward @7 unknown #
coedge $-1 -1 $-1 $2617 $2616 $2893 $2894 reversed $2349 $-1 #
coedge $-1 -1 $-1 $2895 $2896 $2616 $2753 forward $2897 $-1 #
edge $2898 -1 $-1 $2899 -0.75 $2756 0.25 $2752 $2900 forward @7 unknown #
coedge $-1 -1 $-1 $2618 $2901 $2895 $2902 forward $102 $-1 #
color-adesk-attrib $-1 -1 $-1 $-1 $2619 256 #
vertex $-1 -1 $-1 $2619 $2903 #
straight-curve $-1 -1 $-1 0.4599942359067065167 -14.1364732101995898 -0.5 -0.9999639744169136479 -0.008488219385113099369 0 F 0 F 0.1600000000000000033 #
coedge $-1 -1 $-1 $2893 $2904 $2620 $2759 forward $264 $-1 #
edge $2905 -1 $-1 $2767 0 $2761 0.2895719172308956479 $2620 $2906 forward @7 unknown #
color-adesk-attrib $-1 -1 $-1 $-1 $2621 256 #
vertex $-1 -1 $-1 $2621 $2907 #
straight-curve $-1 -1 $-1 0.4599942359067065167 -14.1364732101995898 -0.5 0 0 1 I I #
coedge $-1 -1 $-1 $2908 $2622 $2904 $2909 reversed $2765 $-1 #
coedge $-1 -1 $-1 $2622 $2908 $2624 $2770 reversed $2765 $-1 #
loop $-1 -1 $-1 $-1 $2622 $2910 #
color-adesk-attrib $-1 -1 $-1 $-1 $2623 256 #
vertex $-1 -1 $-1 $2759 $2911 #
straight-curve $-1 -1 $-1 0.2999999999999998224 -14.37783132530121222 -0.25 0 0 1 I I #
coedge $-1 -1 $-1 $2637 $2624 $2912 $2913 reversed $102 $-1 #
edge $2914 -1 $-1 $2626 14.37783132530120866 $2915 14.37879518072288931 $2764 $277 forward @7 unknown #
point $-1 -1 $-1 0.300000000000000322 -14.37783132530120866 -0.5 #
point $-1 -1 $-1 0.4599942359067065167 -14.1364732101995898 -0.5 #
coedge $-1 -1 $-1 $2916 $2629 $2632 $2777 forward $264 $-1 #
color-adesk-attrib $-1 -1 $-1 $-1 $2630 256 #
straight-curve $-1 -1 $-1 0.4599942359067065167 -14.61840092104296218 0.5 -0.9999639744169136479 -0.008488219385113099369 0 I I #
coedge $-1 -1 $-1 $2632 $2631 $2917 $2918 forward $2633 $-1 #
edge $2919 -1 $-1 $2635 -14.61975903614457906 $2920 -14.6187951807228913 $2632 $352 forward @7 unknown #
face $2921 -1 $-1 $2382 $2633 $8 $-1 $354 reversed single #
point $-1 -1 $-1 0.3000000000000002665 -14.61975903614457906 0.5 #
coedge $-1 -1 $-1 $2922 $2917 $2637 $2781 forward $2923 $-1 #
edge $2924 -1 $-1 $2783 0 $2925 0.2895719172308956479 $2780 $2926 forward @7 unknown #
color-adesk-attrib $-1 -1 $-1 $-1 $2638 256 #
vertex $-1 -1 $-1 $2638 $2927 #
coedge $-1 -1 $-1 $2640 $2652 $2928 $2929 forward $264 $-1 #
coedge $-1 -1 $-1 $2928 $2648 $2644 $2786 reversed $2791 $-1 #
edge $2930 -1 $-1 $2788 -0.75 $2651 0.25 $2644 $2931 forward @7 unknown #
color-adesk-attrib $-1 -1 $-1 $-1 $2645 256 #
vertex $-1 -1 $-1 $2645 $2932 #
color-adesk-attrib $-1 -1 $-1 $-1 $2646 256 #
coedge $-1 -1 $-1 $2648 $2928 $2658 $2800 reversed $2791 $-1 #
loop $-1 -1 $-1 $-1 $2648 $2933 #
color-adesk-attrib $-1 -1 $-1 $-1 $2649 256 #
straight-curve $-1 -1 $-1 0.4599942359067064612 -14.85936477646464482 -0.5 -0.9999639744169136479 -0.008488219385113099369 0 F 0 F 0.1600000000000000033 #
point $-1 -1 $-1 0.3000000000000002665 -14.86072289156626169 -0.5 #
coedge $-1 -1 $-1 $2653 $2658 $2652 $2796 reversed $2659 $-1 #
edge $2934 -1 $-1 $2656 0 $2935 0.2895719172308956479 $2795 $2936 forward @7 unknown #
color-adesk-attrib $-1 -1 $-1 $-1 $2654 256 #
straight-curve $-1 -1 $-1 0.2999999999999989342 -15.10072289156626724 -0.25 0 0 1 I I #
point $-1 -1 $-1 0.3000000000000002665 -15.10072289156626368 0.5 #
edge $2937 -1 $-1 $2661 0 $2935 1 $2790 $2938 forward @7 unknown #
face $2939 -1 $-1 $2933 $2659 $8 $-1 $2940 forward single #
point $-1 -1 $-1 0.4599942359067064612 -14.85936477646464482 -0.5 #
color-adesk-attrib $-1 -1 $-1 $-1 $2665 256 #
straight-curve $-1 -1 $-1 0.4599942359067064612 -15.34129248730802431 0.5 -0.9999639744169136479 -0.008488219385113099369 0 I I #
color-adesk-attrib $-1 -1 $-1 $-1 $2669 256 #
plane-surface $-1 -1 $-1 0.4599942359067064612 -15.34129248730802431 -0.5 -0.008488219385113101104 0.99996397441691387 0 -0.99996397441691387 -0.008488219385113101104 0 forward_v I I I I #
point $-1 -1 $-1 0.4599942359067064612 -15.34129248730802431 0.5 #
color-adesk-attrib $-1 -1 $-1 $-1 $2678 256 #
face $2941 -1 $-1 $2942 $2943 $8 $-1 $2944 forward single #
loop $-1 -1 $-1 $-1 $2945 $2678 #
plane-surface $-1 -1 $-1 0.3000000000000021538 15.26072289156626027 -0.5 0.8334997309465151938 -0.5525198625498335403 0 0.5525198625498335403 0.8334997309465151938 0 forward_v I I I I #
coedge $-1 -1 $-1 $2946 $2947 $2948 $2949 forward $2679 $-1 #
coedge $-1 -1 $-1 $2950 $2681 $2947 $2951 forward $2546 $-1 #
coedge $-1 -1 $-1 $2681 $2950 $2952 $2953 reversed $2546 $-1 #
coedge $-1 -1 $-1 $2954 $2948 $2681 $2816 reversed $102 $-1 #
edge $2955 -1 $-1 $2956 0 $2957 0.2895719172308956479 $2681 $2958 forward @7 unknown #
coedge $-1 -1 $-1 $2683 $2682 $2722 $2864 reversed $2415 $-1 #
color-adesk-attrib $-1 -1 $-1 $-1 $2685 256 #
straight-curve $-1 -1 $-1 0.4599942359067084041 16.465936428354631 -0.5 -0.9999639744169136479 -0.008488219385113099369 0 F 0 F 0.1600000000000000033 #
coedge $-1 -1 $-1 $2722 $2959 $2686 $2821 forward $264 $-1 #
edge $2960 -1 $-1 $2828 0 $2823 0.2895719172308956479 $2686 $2961 forward @7 unknown #
color-adesk-attrib $-1 -1 $-1 $-1 $2687 256 #
vertex $-1 -1 $-1 $2687 $2962 #
straight-curve $-1 -1 $-1 0.4599942359067084041 16.465936428354631 -0.5 0 0 1 I I #
coedge $-1 -1 $-1 $2710 $2688 $2959 $2963 reversed $2579 $-1 #
coedge $-1 -1 $-1 $2688 $2710 $2690 $2831 reversed $2579 $-1 #
color-adesk-attrib $-1 -1 $-1 $-1 $2689 256 #
vertex $-1 -1 $-1 $2821 $2964 #
straight-curve $-1 -1 $-1 0.3000000000000007105 16.22457831325301214 -0.25 0 0 1 I I #
coedge $-1 -1 $-1 $2965 $2690 $2966 $2967 reversed $102 $-1 #
edge $2968 -1 $-1 $2692 -16.22457831325301214 $2969 -16.22361445783132439 $2826 $277 forward @7 unknown #
point $-1 -1 $-1 0.3000000000000022093 16.22457831325301214 -0.5 #
point $-1 -1 $-1 0.4599942359067084041 16.465936428354631 -0.5 #
coedge $-1 -1 $-1 $2695 $2721 $2715 $2859 forward $264 $-1 #
color-adesk-attrib $-1 -1 $-1 $-1 $2699 256 #
coedge $-1 -1 $-1 $2702 $2715 $2727 $2867 reversed $2716 $-1 #
color-adesk-attrib $-1 -1 $-1 $-1 $2703 256 #
vertex $-1 -1 $-1 $2703 $2970 #
straight-curve $-1 -1 $-1 0.4599942359067084041 16.70690028377631364 -0.5 -0.9999639744169136479 -0.008488219385113099369 0 F 0 F 0.1600000000000000033 #
point $-1 -1 $-1 0.3000000000000022093 16.70554216867469677 -0.5 #
color-adesk-attrib $-1 -1 $-1 $-1 $2708 256 #
face $2971 -1 $-1 $2972 $2973 $8 $-1 $354 reversed single #
loop $-1 -1 $-1 $-1 $2974 $2708 #
coedge $-1 -1 $-1 $2975 $2976 $2977 $2978 forward $2709 $-1 #
coedge $-1 -1 $-1 $2979 $2966 $2710 $2846 reversed $2980 $-1 #
edge $2981 -1 $-1 $2982 -0.75 $2969 0.25 $2710 $2983 forward @7 unknown #
coedge $-1 -1 $-1 $2712 $2711 $2946 $2984 forward $2445 $-1 #
coedge $-1 -1 $-1 $2985 $2986 $2711 $2849 forward $264 $-1 #
edge $2987 -1 $-1 $2988 15.98265060240963997 $2857 15.9836144578313224 $2711 $352 forward @7 unknown #
coedge $-1 -1 $-1 $2948 $2965 $2712 $2851 forward $102 $-1 #
edge $2989 -1 $-1 $2856 -15.9836144578313224 $2990 -15.98265060240963997 $2712 $277 forward @7 unknown #
coedge $-1 -1 $-1 $2991 $2713 $2965 $2992 forward $2854 $-1 #
coedge $-1 -1 $-1 $2713 $2991 $2985 $2993 reversed $2854 $-1 #
loop $-1 -1 $-1 $-1 $2852 $2994 #
color-adesk-attrib $-1 -1 $-1 $-1 $2714 256 #
vertex $-1 -1 $-1 $2851 $2995 #
vertex $-1 -1 $-1 $2993 $2996 #
straight-curve $-1 -1 $-1 0.3000000000000007105 15.9836144578313224 -0.25 0 0 1 I I #
edge $2997 -1 $-1 $2871 0 $2718 0.1600000000000000033 $2715 $2998 forward @7 unknown #
face $2999 -1 $-1 $2466 $2716 $8 $-1 $3000 forward single #
point $-1 -1 $-1 0.3000000000000022093 16.70554216867469677 0.5 #
color-adesk-attrib $-1 -1 $-1 $-1 $2720 256 #
straight-curve $-1 -1 $-1 0.2999999999999999889 16.46457831325301413 -0.25 0 0 -1 I I #
edge $3001 -1 $-1 $2823 0 $2724 0.1600000000000000033 $2817 $3002 forward @7 unknown #
point $-1 -1 $-1 0.3000000000000022093 16.46457831325301413 0.5 #
point $-1 -1 $-1 0.3000000000000022093 16.46457831325301413 -0.5 #
edge $3003 -1 $-1 $2838 0 $2871 1 $2836 $3004 forward @7 unknown #
color-adesk-attrib $-1 -1 $-1 $-1 $2728 256 #
straight-curve $-1 -1 $-1 0.3000000000000022649 16.46554216867469478 -0.5 0.5525198625498334293 0.8334997309465150828 0 F 0 F 0.2895719172308956479 #
color-adesk-attrib $-1 -1 $-1 $-1 $2729 256 #
vertex $-1 -1 $-1 $2867 $3005 #
straight-curve $-1 -1 $-1 0.3000000000000022649 16.46554216867469478 0.5 0.5525198625498334293 0.8334997309465150828 0 I I #
color-adesk-attrib $-1 -1 $-1 $-1 $2730 256 #
plane-surface $-1 -1 $-1 0.3000000000000022649 16.46554216867469478 -0.5 0.8334997309465151938 -0.5525198625498335403 0 0.5525198625498335403 0.8334997309465151938 0 forward_v I I I I #
color-adesk-attrib $-1 -1 $-1 $-1 $2743 256 #
face $3006 -1 $-1 $3007 $3008 $8 $-1 $3009 forward single #
loop $-1 -1 $-1 $-1 $3010 $2743 #
plane-surface $-1 -1 $-1 0.4599942359067065722 -13.17261778851283793 -0.5 -0.008488219385113101104 0.99996397441691387 0 -0.99996397441691387 -0.008488219385113101104 0 forward_v I I I I #
coedge $-1 -1 $-1 $3011 $3012 $3013 $3014 forward $2744 $-1 #
coedge $-1 -1 $-1 $3015 $2746 $3016 $3017 reversed $2613 $-1 #
coedge $-1 -1 $-1 $2746 $3015 $2747 $2885 reversed $2613 $-1 #
coedge $-1 -1 $-1 $2749 $3018 $2746 $2883 reversed $102 $-1 #
edge $3019 -1 $-1 $2891 0 $3020 0.1600000000000000033 $2746 $3021 forward @7 unknown #
coedge $-1 -1 $-1 $2748 $2747 $3022 $3023 reversed $2480 $-1 #
edge $3024 -1 $-1 $2891 0 $3025 1 $2881 $3026 forward @7 unknown #
coedge $-1 -1 $-1 $3027 $3028 $2748 $2887 forward $3029 $-1 #
edge $3030 -1 $-1 $2890 -0.25 $3031 0.75 $2886 $3032 forward @7 unknown #
coedge $-1 -1 $-1 $3033 $2749 $3028 $3034 forward $102 $-1 #
color-adesk-attrib $-1 -1 $-1 $-1 $2750 256 #
vertex $-1 -1 $-1 $3034 $3035 #
vertex $-1 -1 $-1 $2883 $3036 #
straight-curve $-1 -1 $-1 0.3000000000000003775 -13.89590361445783628 -0.5 0.5525198625498334293 0.8334997309465150828 0 F 0 F 0.2895719172308956479 #
coedge $-1 -1 $-1 $3037 $2758 $2751 $2894 forward $264 $-1 #
edge $3038 -1 $-1 $2761 0 $2899 0.1600000000000000033 $2751 $3039 forward @7 unknown #
coedge $-1 -1 $-1 $3040 $2752 $2754 $2902 reversed $2897 $-1 #
coedge $-1 -1 $-1 $2752 $3040 $3037 $3041 reversed $2897 $-1 #
loop $-1 -1 $-1 $-1 $2752 $3042 #
color-adesk-attrib $-1 -1 $-1 $-1 $2753 256 #
vertex $-1 -1 $-1 $3041 $3043 #
straight-curve $-1 -1 $-1 0.3000000000000000444 -14.13783132530120845 -0.25 0 0 -1 I I #
coedge $-1 -1 $-1 $2754 $3033 $3044 $3045 reversed $102 $-1 #
edge $3046 -1 $-1 $3047 14.13686746987951892 $2756 14.13783132530120668 $2895 $277 forward @7 unknown #
point $-1 -1 $-1 0.300000000000000322 -14.13783132530120668 -0.5 #
coedge $-1 -1 $-1 $2758 $3048 $2763 $2909 forward $264 $-1 #
color-adesk-attrib $-1 -1 $-1 $-1 $2759 256 #
straight-curve $-1 -1 $-1 0.300000000000000322 -14.37783132530120866 0.5 0.5525198625498334293 0.8334997309465150828 0 I I #
point $-1 -1 $-1 0.4599942359067065167 -14.1364732101995898 0.5 #
coedge $-1 -1 $-1 $2764 $2763 $3049 $3050 forward $2765 $-1 #
edge $3051 -1 $-1 $3052 -14.37879518072288931 $2767 -14.37783132530120866 $2763 $352 forward @7 unknown #
face $3053 -1 $-1 $3042 $2765 $8 $-1 $354 reversed single #
point $-1 -1 $-1 0.300000000000000322 -14.37783132530120866 0.5 #
coedge $-1 -1 $-1 $3049 $3054 $2769 $2913 forward $3055 $-1 #
edge $3056 -1 $-1 $2925 0 $2915 0.1600000000000000033 $2912 $3057 forward @7 unknown #
color-adesk-attrib $-1 -1 $-1 $-1 $2770 256 #
vertex $-1 -1 $-1 $2913 $3058 #
coedge $-1 -1 $-1 $3048 $2773 $3059 $3060 forward $264 $-1 #
coedge $-1 -1 $-1 $2780 $3059 $2776 $2918 reversed $2923 $-1 #
edge $3061 -1 $-1 $2783 -0.25 $2920 0.75 $2776 $3062 forward @7 unknown #
color-adesk-attrib $-1 -1 $-1 $-1 $2777 256 #
vertex $-1 -1 $-1 $3060 $3063 #
color-adesk-attrib $-1 -1 $-1 $-1 $2778 256 #
coedge $-1 -1 $-1 $3059 $2780 $3054 $3064 forward $2923 $-1 #
loop $-1 -1 $-1 $-1 $2780 $3065 #
color-adesk-attrib $-1 -1 $-1 $-1 $2781 256 #
vertex $-1 -1 $-1 $2913 $3066 #
straight-curve $-1 -1 $-1 0.300000000000000322 -14.6187951807228913 -0.5 0.5525198625498334293 0.8334997309465150828 0 F 0 F 0.2895719172308956479 #
point $-1 -1 $-1 0.300000000000000322 -14.6187951807228913 -0.5 #
coedge $-1 -1 $-1 $2790 $2785 $2784 $2929 reversed $2791 $-1 #
edge $3067 -1 $-1 $2935 0 $2788 0.1600000000000000033 $2928 $3068 forward @7 unknown #
color-adesk-attrib $-1 -1 $-1 $-1 $2786 256 #
straight-curve $-1 -1 $-1 0.2999999999999999889 -14.86072289156626525 -0.25 0 0 -1 I I #
point $-1 -1 $-1 0.3000000000000002665 -14.86072289156626169 0.5 #
face $3069 -1 $-1 $2537 $2791 $8 $-1 $3070 forward single #
color-adesk-attrib $-1 -1 $-1 $-1 $2796 256 #
vertex $-1 -1 $-1 $2800 $3071 #
straight-curve $-1 -1 $-1 0.3000000000000002665 -15.10072289156626368 0.5 0.5525198625498334293 0.8334997309465150828 0 I I #
color-adesk-attrib $-1 -1 $-1 $-1 $2800 256 #
straight-curve $-1 -1 $-1 0.4599942359067064612 -14.85936477646464482 -0.5 0 0 1 I I #
color-adesk-attrib $-1 -1 $-1 $-1 $2801 256 #
plane-surface $-1 -1 $-1 0.3000000000000002665 -15.10072289156626368 -0.5 0.8334997309465151938 -0.5525198625498335403 0 0.5525198625498335403 0.8334997309465151938 0 forward_v I I I I #
color-adesk-attrib $-1 -1 $-1 $-1 $2809 256 #
face $3072 -1 $-1 $3073 $3074 $8 $-1 $3075 forward single #
loop $-1 -1 $-1 $-1 $3076 $2809 #
plane-surface $-1 -1 $-1 0.4599942359067083486 15.50208100666787914 -0.5 -0.008488219385113101104 0.99996397441691387 0 -0.99996397441691387 -0.008488219385113101104 0 forward_v I I I I #
coedge $-1 -1 $-1 $3077 $3078 $3079 $3080 forward $2810 $-1 #
coedge $-1 -1 $-1 $3081 $2812 $2847 $2984 reversed $2679 $-1 #
coedge $-1 -1 $-1 $2812 $3081 $2813 $2951 reversed $2679 $-1 #
coedge $-1 -1 $-1 $2815 $2850 $2812 $2949 reversed $102 $-1 #
edge $3082 -1 $-1 $2957 0 $2990 0.1600000000000000033 $2812 $3083 forward @7 unknown #
coedge $-1 -1 $-1 $2814 $2813 $3084 $3085 reversed $2546 $-1 #
edge $3086 -1 $-1 $2957 0 $3087 1 $2947 $3088 forward @7 unknown #
coedge $-1 -1 $-1 $3089 $3090 $2814 $2953 forward $2843 $-1 #
edge $3091 -1 $-1 $2956 -0.25 $3092 0.75 $2952 $3093 forward @7 unknown #
coedge $-1 -1 $-1 $3094 $2815 $3090 $3095 forward $102 $-1 #
color-adesk-attrib $-1 -1 $-1 $-1 $2816 256 #
vertex $-1 -1 $-1 $3095 $3096 #
vertex $-1 -1 $-1 $2949 $3097 #
straight-curve $-1 -1 $-1 0.3000000000000021538 15.74265060240963976 -0.5 0.5525198625498334293 0.8334997309465150828 0 F 0 F 0.2895719172308956479 #
coedge $-1 -1 $-1 $2820 $3098 $2825 $2963 forward $264 $-1 #
color-adesk-attrib $-1 -1 $-1 $-1 $2821 256 #
straight-curve $-1 -1 $-1 0.3000000000000022093 16.22457831325301214 0.5 0.5525198625498334293 0.8334997309465150828 0 I I #
point $-1 -1 $-1 0.4599942359067084041 16.465936428354631 0.5 #
edge $3099 -1 $-1 $2982 16.22361445783132439 $2828 16.22457831325301214 $2825 $352 forward @7 unknown #
point $-1 -1 $-1 0.3000000000000022093 16.22457831325301214 0.5 #
coedge $-1 -1 $-1 $2850 $2830 $2852 $2992 reversed $102 $-1 #
coedge $-1 -1 $-1 $2845 $3100 $2830 $2967 forward $2980 $-1 #
edge $3101 -1 $-1 $3102 0 $2969 0.1600000000000000033 $2966 $3103 forward @7 unknown #
color-adesk-attrib $-1 -1 $-1 $-1 $2831 256 #
vertex $-1 -1 $-1 $2967 $3104 #
point $-1 -1 $-1 0.4599942359067084041 16.70690028377631364 -0.5 #
color-adesk-attrib $-1 -1 $-1 $-1 $2842 256 #
face $3105 -1 $-1 $3106 $3107 $8 $-1 $354 reversed single #
loop $-1 -1 $-1 $-1 $3108 $2842 #
coedge $-1 -1 $-1 $3090 $3089 $3109 $3110 forward $2843 $-1 #
coedge $-1 -1 $-1 $3111 $2844 $3112 $3113 reversed $2709 $-1 #
coedge $-1 -1 $-1 $2844 $3111 $3114 $3115 reversed $2709 $-1 #
coedge $-1 -1 $-1 $3116 $3117 $2844 $2978 reversed $3118 $-1 #
edge $3119 -1 $-1 $3120 -0.25 $3121 0.75 $2844 $3122 forward @7 unknown #
coedge $-1 -1 $-1 $3100 $2845 $3098 $3123 reversed $2980 $-1 #
loop $-1 -1 $-1 $-1 $2966 $3124 #
color-adesk-attrib $-1 -1 $-1 $-1 $2846 256 #
vertex $-1 -1 $-1 $2963 $3125 #
straight-curve $-1 -1 $-1 0.2999999999999999889 16.22361445783132439 -0.25 0 0 -1 I I #
edge $3126 -1 $-1 $2988 -0.75 $2990 0.25 $2847 $3127 forward @7 unknown #
coedge $-1 -1 $-1 $3098 $2848 $2853 $2993 forward $264 $-1 #
coedge $-1 -1 $-1 $2848 $3084 $3081 $3128 forward $264 $-1 #
color-adesk-attrib $-1 -1 $-1 $-1 $2849 256 #
vertex $-1 -1 $-1 $2849 $3129 #
color-adesk-attrib $-1 -1 $-1 $-1 $2851 256 #
vertex $-1 -1 $-1 $2949 $3130 #
coedge $-1 -1 $-1 $2853 $2852 $3100 $3131 forward $2854 $-1 #
edge $3132 -1 $-1 $2856 0 $3102 0.2895719172308956479 $2852 $3133 forward @7 unknown #
edge $3134 -1 $-1 $2857 0 $3135 0.2895719172308956479 $2853 $3136 forward @7 unknown #
face $3137 -1 $-1 $3124 $2854 $8 $-1 $3138 forward single #
point $-1 -1 $-1 0.3000000000000022093 15.9836144578313224 -0.5 #
point $-1 -1 $-1 0.3000000000000021538 15.9836144578313224 0.5 #
color-adesk-attrib $-1 -1 $-1 $-1 $2859 256 #
straight-curve $-1 -1 $-1 0.4599942359067084041 16.70690028377631364 0.5 -0.9999639744169136479 -0.008488219385113099369 0 I I #
color-adesk-attrib $-1 -1 $-1 $-1 $2860 256 #
plane-surface $-1 -1 $-1 0.4599942359067084041 16.70690028377631364 -0.5 -0.008488219385113101104 0.99996397441691387 0 -0.99996397441691387 -0.008488219385113101104 0 forward_v I I I I #
color-adesk-attrib $-1 -1 $-1 $-1 $2864 256 #
straight-curve $-1 -1 $-1 0.4599942359067084041 16.465936428354631 0.5 -0.9999639744169136479 -0.008488219385113099369 0 I I #
color-adesk-attrib $-1 -1 $-1 $-1 $2867 256 #
straight-curve $-1 -1 $-1 0.4599942359067084041 16.70690028377631364 -0.5 0 0 1 I I #
point $-1 -1 $-1 0.4599942359067084041 16.70690028377631364 0.5 #
color-adesk-attrib $-1 -1 $-1 $-1 $2876 256 #
face $3139 -1 $-1 $3140 $3141 $8 $-1 $3142 forward single #
loop $-1 -1 $-1 $-1 $3143 $2876 #
plane-surface $-1 -1 $-1 0.300000000000000433 -12.93204819277108442 -0.5 0.8334997309465151938 -0.5525198625498335403 0 0.5525198625498335403 0.8334997309465151938 0 forward_v I I I I #
coedge $-1 -1 $-1 $3144 $3145 $3146 $3147 forward $2877 $-1 #
coedge $-1 -1 $-1 $3148 $2879 $3145 $3149 forward $2744 $-1 #
coedge $-1 -1 $-1 $2879 $3148 $3150 $3151 reversed $2744 $-1 #
coedge $-1 -1 $-1 $3152 $3146 $2879 $3014 reversed $102 $-1 #
edge $3153 -1 $-1 $3154 0 $3155 0.2895719172308956479 $2879 $3156 forward @7 unknown #
coedge $-1 -1 $-1 $2881 $2880 $3157 $3158 reversed $2613 $-1 #
coedge $-1 -1 $-1 $3159 $3160 $2880 $3017 forward $3161 $-1 #
edge $3162 -1 $-1 $3163 -0.75 $3020 0.25 $3016 $3164 forward @7 unknown #
coedge $-1 -1 $-1 $2882 $3165 $3159 $3166 forward $102 $-1 #
color-adesk-attrib $-1 -1 $-1 $-1 $2883 256 #
vertex $-1 -1 $-1 $2883 $3167 #
straight-curve $-1 -1 $-1 0.4599942359067065722 -13.65454549935621742 -0.5 -0.9999639744169136479 -0.008488219385113099369 0 F 0 F 0.1600000000000000033 #
coedge $-1 -1 $-1 $3157 $3168 $2884 $3023 forward $264 $-1 #
edge $3169 -1 $-1 $3031 0 $3025 0.2895719172308956479 $2884 $3170 forward @7 unknown #
color-adesk-attrib $-1 -1 $-1 $-1 $2885 256 #
vertex $-1 -1 $-1 $2885 $3171 #
straight-curve $-1 -1 $-1 0.4599942359067065722 -13.65454549935621742 -0.5 0 0 1 I I #
coedge $-1 -1 $-1 $3172 $2886 $3168 $3173 reversed $3029 $-1 #
coedge $-1 -1 $-1 $2886 $3172 $2888 $3034 reversed $3029 $-1 #
loop $-1 -1 $-1 $-1 $2886 $3174 #
color-adesk-attrib $-1 -1 $-1 $-1 $2887 256 #
vertex $-1 -1 $-1 $3023 $3175 #
straight-curve $-1 -1 $-1 0.2999999999999993783 -13.89590361445783984 -0.25 0 0 1 I I #
coedge $-1 -1 $-1 $2901 $2888 $3176 $3177 reversed $102 $-1 #
edge $3178 -1 $-1 $2890 13.89590361445783628 $3179 13.89686746987951693 $3028 $277 forward @7 unknown #
point $-1 -1 $-1 0.3000000000000003775 -13.89590361445783628 -0.5 #
point $-1 -1 $-1 0.4599942359067065722 -13.65454549935621742 -0.5 #
coedge $-1 -1 $-1 $3180 $2893 $2896 $3041 forward $264 $-1 #
color-adesk-attrib $-1 -1 $-1 $-1 $2894 256 #
straight-curve $-1 -1 $-1 0.4599942359067065167 -14.1364732101995898 0.5 -0.9999639744169136479 -0.008488219385113099369 0 I I #
coedge $-1 -1 $-1 $2896 $2895 $3181 $3182 forward $2897 $-1 #
edge $3183 -1 $-1 $2899 -14.13783132530120668 $3184 -14.13686746987951892 $2896 $352 forward @7 unknown #
face $3185 -1 $-1 $2646 $2897 $8 $-1 $354 reversed single #
point $-1 -1 $-1 0.300000000000000322 -14.13783132530120668 0.5 #
coedge $-1 -1 $-1 $3186 $3181 $2901 $3045 forward $3187 $-1 #
edge $3188 -1 $-1 $3047 0 $3189 0.2895719172308956479 $3044 $3190 forward @7 unknown #
color-adesk-attrib $-1 -1 $-1 $-1 $2902 256 #
vertex $-1 -1 $-1 $2902 $3191 #
coedge $-1 -1 $-1 $2904 $2916 $3192 $3193 forward $264 $-1 #
coedge $-1 -1 $-1 $3192 $2912 $2908 $3050 reversed $3055 $-1 #
edge $3194 -1 $-1 $3052 -0.75 $2915 0.25 $2908 $3195 forward @7 unknown #
color-adesk-attrib $-1 -1 $-1 $-1 $2909 256 #
vertex $-1 -1 $-1 $2909 $3196 #
color-adesk-attrib $-1 -1 $-1 $-1 $2910 256 #
coedge $-1 -1 $-1 $2912 $3192 $2922 $3064 reversed $3055 $-1 #
loop $-1 -1 $-1 $-1 $2912 $3197 #
color-adesk-attrib $-1 -1 $-1 $-1 $2913 256 #
straight-curve $-1 -1 $-1 0.4599942359067065167 -14.37743706562127244 -0.5 -0.9999639744169136479 -0.008488219385113099369 0 F 0 F 0.1600000000000000033 #
point $-1 -1 $-1 0.300000000000000322 -14.37879518072288931 -0.5 #
coedge $-1 -1 $-1 $2917 $2922 $2916 $3060 reversed $2923 $-1 #
edge $3198 -1 $-1 $2920 0 $3199 0.2895719172308956479 $3059 $3200 forward @7 unknown #
color-adesk-attrib $-1 -1 $-1 $-1 $2918 256 #
straight-curve $-1 -1 $-1 0.2999999999999993783 -14.61879518072289486 -0.25 0 0 1 I I #
point $-1 -1 $-1 0.300000000000000322 -14.6187951807228913 0.5 #
edge $3201 -1 $-1 $2925 0 $3199 1 $3054 $3202 forward @7 unknown #
face $3203 -1 $-1 $3197 $2923 $8 $-1 $3204 forward single #
point $-1 -1 $-1 0.4599942359067065167 -14.37743706562127244 -0.5 #
color-adesk-attrib $-1 -1 $-1 $-1 $2929 256 #
straight-curve $-1 -1 $-1 0.4599942359067064612 -14.85936477646464482 0.5 -0.9999639744169136479 -0.008488219385113099369 0 I I #
color-adesk-attrib $-1 -1 $-1 $-1 $2933 256 #
plane-surface $-1 -1 $-1 0.4599942359067064612 -14.85936477646464482 -0.5 -0.008488219385113101104 0.99996397441691387 0 -0.99996397441691387 -0.008488219385113101104 0 forward_v I I I I #
point $-1 -1 $-1 0.4599942359067064612 -14.85936477646464482 0.5 #
color-adesk-attrib $-1 -1 $-1 $-1 $2942 256 #
face $3205 -1 $-1 $3206 $3207 $8 $-1 $3208 forward single #
loop $-1 -1 $-1 $-1 $3209 $2942 #
plane-surface $-1 -1 $-1 0.3000000000000021538 14.77879518072288789 -0.5 0.8334997309465151938 -0.5525198625498335403 0 0.5525198625498335403 0.8334997309465151938 0 forward_v I I I I #
coedge $-1 -1 $-1 $3210 $3211 $3212 $3213 forward $2943 $-1 #
coedge $-1 -1 $-1 $3214 $2945 $3211 $3215 forward $2810 $-1 #
coedge $-1 -1 $-1 $2945 $3214 $3216 $3217 reversed $2810 $-1 #
coedge $-1 -1 $-1 $3218 $3212 $2945 $3080 reversed $102 $-1 #
edge $3219 -1 $-1 $3220 0 $3221 0.2895719172308956479 $2945 $3222 forward @7 unknown #
coedge $-1 -1 $-1 $2947 $2946 $2986 $3128 reversed $2679 $-1 #
color-adesk-attrib $-1 -1 $-1 $-1 $2949 256 #
straight-curve $-1 -1 $-1 0.4599942359067083486 15.98400871751125862 -0.5 -0.9999639744169136479 -0.008488219385113099369 0 F 0 F 0.1600000000000000033 #
coedge $-1 -1 $-1 $2986 $3223 $2950 $3085 forward $264 $-1 #
edge $3224 -1 $-1 $3092 0 $3087 0.2895719172308956479 $2950 $3225 forward @7 unknown #
color-adesk-attrib $-1 -1 $-1 $-1 $2951 256 #
vertex $-1 -1 $-1 $2951 $3226 #
straight-curve $-1 -1 $-1 0.4599942359067083486 15.98400871751125862 -0.5 0 0 1 I I #
coedge $-1 -1 $-1 $2974 $2952 $3223 $3227 reversed $2843 $-1 #
coedge $-1 -1 $-1 $2952 $2974 $2954 $3095 reversed $2843 $-1 #
color-adesk-attrib $-1 -1 $-1 $-1 $2953 256 #
vertex $-1 -1 $-1 $3085 $3228 #
straight-curve $-1 -1 $-1 0.3000000000000007105 15.74265060240963976 -0.25 0 0 1 I I #
coedge $-1 -1 $-1 $3229 $2954 $3230 $3231 reversed $102 $-1 #
edge $3232 -1 $-1 $2956 -15.74265060240963976 $3233 -15.74168674698795023 $3090 $277 forward @7 unknown #
point $-1 -1 $-1 0.3000000000000021538 15.74265060240963976 -0.5 #
point $-1 -1 $-1 0.4599942359067083486 15.98400871751125862 -0.5 #
coedge $-1 -1 $-1 $2959 $2985 $2979 $3123 forward $264 $-1 #
color-adesk-attrib $-1 -1 $-1 $-1 $2963 256 #
coedge $-1 -1 $-1 $2966 $2979 $2991 $3131 reversed $2980 $-1 #
color-adesk-attrib $-1 -1 $-1 $-1 $2967 256 #
vertex $-1 -1 $-1 $2967 $3234 #
straight-curve $-1 -1 $-1 0.4599942359067084041 16.22497257293294126 -0.5 -0.9999639744169136479 -0.008488219385113099369 0 F 0 F 0.1600000000000000033 #
point $-1 -1 $-1 0.3000000000000021538 16.22361445783132439 -0.5 #
color-adesk-attrib $-1 -1 $-1 $-1 $2972 256 #
face $3235 -1 $-1 $3236 $3237 $8 $-1 $354 reversed single #
loop $-1 -1 $-1 $-1 $3238 $2972 #
coedge $-1 -1 $-1 $3239 $3240 $3241 $3242 forward $2973 $-1 #
coedge $-1 -1 $-1 $3243 $3230 $2974 $3110 reversed $3244 $-1 #
edge $3245 -1 $-1 $3246 -0.75 $3233 0.25 $2974 $3247 forward @7 unknown #
coedge $-1 -1 $-1 $2976 $2975 $3210 $3248 forward $2709 $-1 #
coedge $-1 -1 $-1 $3249 $3250 $2975 $3113 forward $264 $-1 #
edge $3251 -1 $-1 $3252 15.50072289156626049 $3121 15.50168674698795002 $2975 $352 forward @7 unknown #
coedge $-1 -1 $-1 $3212 $3229 $2976 $3115 forward $102 $-1 #
edge $3253 -1 $-1 $3120 -15.50168674698795002 $3254 -15.50072289156626049 $2976 $277 forward @7 unknown #
coedge $-1 -1 $-1 $3255 $2977 $3229 $3256 forward $3118 $-1 #
coedge $-1 -1 $-1 $2977 $3255 $3249 $3257 reversed $3118 $-1 #
loop $-1 -1 $-1 $-1 $3116 $3258 #
color-adesk-attrib $-1 -1 $-1 $-1 $2978 256 #
vertex $-1 -1 $-1 $3115 $3259 #
vertex $-1 -1 $-1 $3257 $3260 #
straight-curve $-1 -1 $-1 0.2999999999999998224 15.50168674698795002 -0.25 0 0 1 I I #
edge $3261 -1 $-1 $3135 0 $2982 0.1600000000000000033 $2979 $3262 forward @7 unknown #
face $3263 -1 $-1 $2730 $2980 $8 $-1 $3264 forward single #
point $-1 -1 $-1 0.3000000000000021538 16.22361445783132439 0.5 #
color-adesk-attrib $-1 -1 $-1 $-1 $2984 256 #
straight-curve $-1 -1 $-1 0.2999999999999999889 15.98265060240964175 -0.25 0 0 -1 I I #
edge $3265 -1 $-1 $3087 0 $2988 0.1600000000000000033 $3081 $3266 forward @7 unknown #
point $-1 -1 $-1 0.3000000000000021538 15.98265060240963997 0.5 #
point $-1 -1 $-1 0.3000000000000021538 15.98265060240963997 -0.5 #
edge $3267 -1 $-1 $3102 0 $3135 1 $3100 $3268 forward @7 unknown #
color-adesk-attrib $-1 -1 $-1 $-1 $2992 256 #
straight-curve $-1 -1 $-1 0.3000000000000022093 15.9836144578313224 -0.5 0.5525198625498334293 0.8334997309465150828 0 F 0 F 0.2895719172308956479 #
color-adesk-attrib $-1 -1 $-1 $-1 $2993 256 #
vertex $-1 -1 $-1 $3131 $3269 #
straight-curve $-1 -1 $-1 0.3000000000000022093 15.9836144578313224 0.5 0.5525198625498334293 0.8334997309465150828 0 I I #
color-adesk-attrib $-1 -1 $-1 $-1 $2994 256 #
plane-surface $-1 -1 $-1 0.3000000000000022093 15.9836144578313224 -0.5 0.8334997309465151938 -0.5525198625498335403 0 0.5525198625498335403 0.8334997309465151938 0 forward_v I I I I #
color-adesk-attrib $-1 -1 $-1 $-1 $3007 256 #
face $3270 -1 $-1 $3271 $3272 $8 $-1 $3273 forward single #
loop $-1 -1 $-1 $-1 $3274 $3007 #
plane-surface $-1 -1 $-1 0.4599942359067066278 -12.69069007766946555 -0.5 -0.008488219385113101104 0.99996397441691387 0 -0.99996397441691387 -0.008488219385113101104 0 forward_v I I I I #
coedge $-1 -1 $-1 $3275 $3276 $3277 $3278 forward $3008 $-1 #
coedge $-1 -1 $-1 $3279 $3010 $3280 $3281 reversed $2877 $-1 #
coedge $-1 -1 $-1 $3010 $3279 $3011 $3149 reversed $2877 $-1 #
coedge $-1 -1 $-1 $3013 $3282 $3010 $3147 reversed $102 $-1 #
edge $3283 -1 $-1 $3155 0 $3284 0.1600000000000000033 $3010 $3285 forward @7 unknown #
coedge $-1 -1 $-1 $3012 $3011 $3286 $3287 reversed $2744 $-1 #
edge $3288 -1 $-1 $3155 0 $3289 1 $3145 $3290 forward @7 unknown #
coedge $-1 -1 $-1 $3291 $3292 $3012 $3151 forward $3293 $-1 #
edge $3294 -1 $-1 $3154 -0.25 $3295 0.75 $3150 $3296 forward @7 unknown #
coedge $-1 -1 $-1 $3297 $3013 $3292 $3298 forward $102 $-1 #
color-adesk-attrib $-1 -1 $-1 $-1 $3014 256 #
vertex $-1 -1 $-1 $3298 $3299 #
vertex $-1 -1 $-1 $3147 $3300 #
straight-curve $-1 -1 $-1 0.3000000000000003775 -13.4139759036144568 -0.5 0.5525198625498334293 0.8334997309465150828 0 F 0 F 0.2895719172308956479 #
coedge $-1 -1 $-1 $3301 $3022 $3015 $3158 forward $264 $-1 #
edge $3302 -1 $-1 $3025 0 $3163 0.1600000000000000033 $3015 $3303 forward @7 unknown #
coedge $-1 -1 $-1 $3304 $3016 $3018 $3166 reversed $3161 $-1 #
coedge $-1 -1 $-1 $3016 $3304 $3301 $3305 reversed $3161 $-1 #
loop $-1 -1 $-1 $-1 $3016 $3306 #
color-adesk-attrib $-1 -1 $-1 $-1 $3017 256 #
vertex $-1 -1 $-1 $3305 $3307 #
straight-curve $-1 -1 $-1 0.2999999999999999889 -13.65590361445783607 -0.25 0 0 -1 I I #
coedge $-1 -1 $-1 $3018 $3297 $3308 $3309 reversed $102 $-1 #
edge $3310 -1 $-1 $3311 13.65493975903614654 $3020 13.65590361445783429 $3159 $277 forward @7 unknown #
point $-1 -1 $-1 0.3000000000000003775 -13.65590361445783429 -0.5 #
coedge $-1 -1 $-1 $3022 $3312 $3027 $3173 forward $264 $-1 #
color-adesk-attrib $-1 -1 $-1 $-1 $3023 256 #
straight-curve $-1 -1 $-1 0.3000000000000003775 -13.89590361445783628 0.5 0.5525198625498334293 0.8334997309465150828 0 I I #
point $-1 -1 $-1 0.4599942359067065722 -13.65454549935621742 0.5 #
coedge $-1 -1 $-1 $3028 $3027 $3313 $3314 forward $3029 $-1 #
edge $3315 -1 $-1 $3316 -13.89686746987951693 $3031 -13.89590361445783628 $3027 $352 forward @7 unknown #
face $3317 -1 $-1 $3306 $3029 $8 $-1 $354 reversed single #
point $-1 -1 $-1 0.3000000000000003775 -13.89590361445783628 0.5 #
coedge $-1 -1 $-1 $3313 $3318 $3033 $3177 forward $3319 $-1 #
edge $3320 -1 $-1 $3189 0 $3179 0.1600000000000000033 $3176 $3321 forward @7 unknown #
color-adesk-attrib $-1 -1 $-1 $-1 $3034 256 #
vertex $-1 -1 $-1 $3177 $3322 #
coedge $-1 -1 $-1 $3312 $3037 $3323 $3324 forward $264 $-1 #
coedge $-1 -1 $-1 $3044 $3323 $3040 $3182 reversed $3187 $-1 #
edge $3325 -1 $-1 $3047 -0.25 $3184 0.75 $3040 $3326 forward @7 unknown #
color-adesk-attrib $-1 -1 $-1 $-1 $3041 256 #
vertex $-1 -1 $-1 $3324 $3327 #
color-adesk-attrib $-1 -1 $-1 $-1 $3042 256 #
coedge $-1 -1 $-1 $3323 $3044 $3318 $3328 forward $3187 $-1 #
loop $-1 -1 $-1 $-1 $3044 $3329 #
color-adesk-attrib $-1 -1 $-1 $-1 $3045 256 #
vertex $-1 -1 $-1 $3177 $3330 #
straight-curve $-1 -1 $-1 0.3000000000000003775 -14.13686746987951892 -0.5 0.5525198625498334293 0.8334997309465150828 0 F 0 F 0.2895719172308956479 #
point $-1 -1 $-1 0.3000000000000003775 -14.13686746987951892 -0.5 #
coedge $-1 -1 $-1 $3054 $3049 $3048 $3193 reversed $3055 $-1 #
edge $3331 -1 $-1 $3199 0 $3052 0.1600000000000000033 $3192 $3332 forward @7 unknown #
color-adesk-attrib $-1 -1 $-1 $-1 $3050 256 #
straight-curve $-1 -1 $-1 0.3000000000000000444 -14.37879518072289287 -0.25 0 0 -1 I I #
point $-1 -1 $-1 0.300000000000000322 -14.37879518072288931 0.5 #
face $3333 -1 $-1 $2801 $3055 $8 $-1 $3334 forward single #
color-adesk-attrib $-1 -1 $-1 $-1 $3060 256 #
vertex $-1 -1 $-1 $3064 $3335 #
straight-curve $-1 -1 $-1 0.300000000000000322 -14.6187951807228913 0.5 0.5525198625498334293 0.8334997309465150828 0 I I #
color-adesk-attrib $-1 -1 $-1 $-1 $3064 256 #
straight-curve $-1 -1 $-1 0.4599942359067065167 -14.37743706562127244 -0.5 0 0 1 I I #
color-adesk-attrib $-1 -1 $-1 $-1 $3065 256 #
plane-surface $-1 -1 $-1 0.300000000000000322 -14.6187951807228913 -0.5 0.8334997309465151938 -0.5525198625498335403 0 0.5525198625498335403 0.8334997309465151938 0 forward_v I I I I #
color-adesk-attrib $-1 -1 $-1 $-1 $3073 256 #
face $3336 -1 $-1 $3337 $3338 $8 $-1 $3339 forward single #
loop $-1 -1 $-1 $-1 $3340 $3073 #
plane-surface $-1 -1 $-1 0.4599942359067082931 15.02015329582450676 -0.5 -0.008488219385113101104 0.99996397441691387 0 -0.99996397441691387 -0.008488219385113101104 0 forward_v I I I I #
coedge $-1 -1 $-1 $3341 $3342 $3343 $3344 forward $3074 $-1 #
coedge $-1 -1 $-1 $3345 $3076 $3111 $3248 reversed $2943 $-1 #
coedge $-1 -1 $-1 $3076 $3345 $3077 $3215 reversed $2943 $-1 #
coedge $-1 -1 $-1 $3079 $3114 $3076 $3213 reversed $102 $-1 #
edge $3346 -1 $-1 $3221 0 $3254 0.1600000000000000033 $3076 $3347 forward @7 unknown #
coedge $-1 -1 $-1 $3078 $3077 $3348 $3349 reversed $2810 $-1 #
edge $3350 -1 $-1 $3221 0 $3351 1 $3211 $3352 forward @7 unknown #
coedge $-1 -1 $-1 $3353 $3354 $3078 $3217 forward $3107 $-1 #
edge $3355 -1 $-1 $3220 -0.25 $3356 0.75 $3216 $3357 forward @7 unknown #
coedge $-1 -1 $-1 $3358 $3079 $3354 $3359 forward $102 $-1 #
color-adesk-attrib $-1 -1 $-1 $-1 $3080 256 #
vertex $-1 -1 $-1 $3359 $3360 #
vertex $-1 -1 $-1 $3213 $3361 #
straight-curve $-1 -1 $-1 0.3000000000000021538 15.26072289156626027 -0.5 0.5525198625498334293 0.8334997309465150828 0 F 0 F 0.2895719172308956479 #
coedge $-1 -1 $-1 $3084 $3362 $3089 $3227 forward $264 $-1 #
color-adesk-attrib $-1 -1 $-1 $-1 $3085 256 #
straight-curve $-1 -1 $-1 0.3000000000000021538 15.74265060240963976 0.5 0.5525198625498334293 0.8334997309465150828 0 I I #
point $-1 -1 $-1 0.4599942359067083486 15.98400871751125862 0.5 #
edge $3363 -1 $-1 $3246 15.74168674698795023 $3092 15.74265060240963976 $3089 $352 forward @7 unknown #
point $-1 -1 $-1 0.3000000000000021538 15.74265060240963976 0.5 #
coedge $-1 -1 $-1 $3114 $3094 $3116 $3256 reversed $102 $-1 #
coedge $-1 -1 $-1 $3109 $3364 $3094 $3231 forward $3244 $-1 #
edge $3365 -1 $-1 $3366 0 $3233 0.1600000000000000033 $3230 $3367 forward @7 unknown #
color-adesk-attrib $-1 -1 $-1 $-1 $3095 256 #
vertex $-1 -1 $-1 $3231 $3368 #
point $-1 -1 $-1 0.4599942359067084041 16.22497257293294126 -0.5 #
color-adesk-attrib $-1 -1 $-1 $-1 $3106 256 #
face $3369 -1 $-1 $3370 $3371 $8 $-1 $354 reversed single #
loop $-1 -1 $-1 $-1 $3372 $3106 #
coedge $-1 -1 $-1 $3354 $3353 $3373 $3374 forward $3107 $-1 #
coedge $-1 -1 $-1 $3375 $3108 $3376 $3377 reversed $2973 $-1 #
coedge $-1 -1 $-1 $3108 $3375 $3378 $3379 reversed $2973 $-1 #
coedge $-1 -1 $-1 $3380 $3381 $3108 $3242 reversed $3382 $-1 #
edge $3383 -1 $-1 $3384 -0.25 $3385 0.75 $3108 $3386 forward @7 unknown #
coedge $-1 -1 $-1 $3364 $3109 $3362 $3387 reversed $3244 $-1 #
loop $-1 -1 $-1 $-1 $3230 $3388 #
color-adesk-attrib $-1 -1 $-1 $-1 $3110 256 #
vertex $-1 -1 $-1 $3227 $3389 #
straight-curve $-1 -1 $-1 0.2999999999999999889 15.74168674698795378 -0.25 0 0 -1 I I #
edge $3390 -1 $-1 $3252 -0.75 $3254 0.25 $3111 $3391 forward @7 unknown #
coedge $-1 -1 $-1 $3362 $3112 $3117 $3257 forward $264 $-1 #
coedge $-1 -1 $-1 $3112 $3348 $3345 $3392 forward $264 $-1 #
color-adesk-attrib $-1 -1 $-1 $-1 $3113 256 #
vertex $-1 -1 $-1 $3113 $3393 #
color-adesk-attrib $-1 -1 $-1 $-1 $3115 256 #
vertex $-1 -1 $-1 $3213 $3394 #
coedge $-1 -1 $-1 $3117 $3116 $3364 $3395 forward $3118 $-1 #
edge $3396 -1 $-1 $3120 0 $3366 0.2895719172308956479 $3116 $3397 forward @7 unknown #
edge $3398 -1 $-1 $3121 0 $3399 0.2895719172308956479 $3117 $3400 forward @7 unknown #
face $3401 -1 $-1 $3388 $3118 $8 $-1 $3402 forward single #
point $-1 -1 $-1 0.3000000000000021538 15.50168674698795002 -0.5 #
point $-1 -1 $-1 0.3000000000000021538 15.50168674698795002 0.5 #
color-adesk-attrib $-1 -1 $-1 $-1 $3123 256 #
straight-curve $-1 -1 $-1 0.4599942359067084041 16.22497257293294126 0.5 -0.9999639744169136479 -0.008488219385113099369 0 I I #
color-adesk-attrib $-1 -1 $-1 $-1 $3124 256 #
plane-surface $-1 -1 $-1 0.4599942359067084041 16.22497257293294126 -0.5 -0.008488219385113101104 0.99996397441691387 0 -0.99996397441691387 -0.008488219385113101104 0 forward_v I I I I #
color-adesk-attrib $-1 -1 $-1 $-1 $3128 256 #
straight-curve $-1 -1 $-1 0.4599942359067083486 15.98400871751125862 0.5 -0.9999639744169136479 -0.008488219385113099369 0 I I #
color-adesk-attrib $-1 -1 $-1 $-1 $3131 256 #
straight-curve $-1 -1 $-1 0.4599942359067084041 16.22497257293294126 -0.5 0 0 1 I I #
point $-1 -1 $-1 0.4599942359067084041 16.22497257293294126 0.5 #
color-adesk-attrib $-1 -1 $-1 $-1 $3140 256 #
face $3403 -1 $-1 $3404 $3405 $8 $-1 $3406 forward single #
loop $-1 -1 $-1 $-1 $3407 $3140 #
plane-surface $-1 -1 $-1 0.3000000000000004885 -12.45012048192771204 -0.5 0.8334997309465151938 -0.5525198625498335403 0 0.5525198625498335403 0.8334997309465151938 0 forward_v I I I I #
coedge $-1 -1 $-1 $3408 $3409 $3410 $3411 forward $3141 $-1 #
coedge $-1 -1 $-1 $3412 $3143 $3409 $3413 forward $3008 $-1 #
coedge $-1 -1 $-1 $3143 $3412 $3414 $3415 reversed $3008 $-1 #
coedge $-1 -1 $-1 $3416 $3410 $3143 $3278 reversed $102 $-1 #
edge $3417 -1 $-1 $3418 0 $3419 0.2895719172308956479 $3143 $3420 forward @7 unknown #
coedge $-1 -1 $-1 $3145 $3144 $3421 $3422 reversed $2877 $-1 #
coedge $-1 -1 $-1 $3423 $3424 $3144 $3281 forward $3425 $-1 #
edge $3426 -1 $-1 $3427 -0.75 $3284 0.25 $3280 $3428 forward @7 unknown #
coedge $-1 -1 $-1 $3146 $3429 $3423 $3430 forward $102 $-1 #
color-adesk-attrib $-1 -1 $-1 $-1 $3147 256 #
vertex $-1 -1 $-1 $3147 $3431 #
straight-curve $-1 -1 $-1 0.4599942359067065722 -13.17261778851283793 -0.5 -0.9999639744169136479 -0.008488219385113099369 0 F 0 F 0.1600000000000000033 #
coedge $-1 -1 $-1 $3421 $3432 $3148 $3287 forward $264 $-1 #
edge $3433 -1 $-1 $3295 0 $3289 0.2895719172308956479 $3148 $3434 forward @7 unknown #
color-adesk-attrib $-1 -1 $-1 $-1 $3149 256 #
vertex $-1 -1 $-1 $3149 $3435 #
straight-curve $-1 -1 $-1 0.4599942359067065722 -13.17261778851283793 -0.5 0 0 1 I I #
coedge $-1 -1 $-1 $3436 $3150 $3432 $3437 reversed $3293 $-1 #
coedge $-1 -1 $-1 $3150 $3436 $3152 $3298 reversed $3293 $-1 #
loop $-1 -1 $-1 $-1 $3150 $3438 #
color-adesk-attrib $-1 -1 $-1 $-1 $3151 256 #
vertex $-1 -1 $-1 $3287 $3439 #
straight-curve $-1 -1 $-1 0.2999999999999993783 -13.41397590361445857 -0.25 0 0 1 I I #
coedge $-1 -1 $-1 $3165 $3152 $3440 $3441 reversed $102 $-1 #
edge $3442 -1 $-1 $3154 13.4139759036144568 $3443 13.41493975903614455 $3292 $277 forward @7 unknown #
point $-1 -1 $-1 0.3000000000000003775 -13.4139759036144568 -0.5 #
point $-1 -1 $-1 0.4599942359067065722 -13.17261778851283793 -0.5 #
coedge $-1 -1 $-1 $3444 $3157 $3160 $3305 forward $264 $-1 #
color-adesk-attrib $-1 -1 $-1 $-1 $3158 256 #
straight-curve $-1 -1 $-1 0.4599942359067065722 -13.65454549935621742 0.5 -0.9999639744169136479 -0.008488219385113099369 0 I I #
coedge $-1 -1 $-1 $3160 $3159 $3445 $3446 forward $3161 $-1 #
edge $3447 -1 $-1 $3163 -13.65590361445783429 $3448 -13.65493975903614654 $3160 $352 forward @7 unknown #
face $3449 -1 $-1 $2910 $3161 $8 $-1 $354 reversed single #
point $-1 -1 $-1 0.3000000000000003775 -13.65590361445783429 0.5 #
coedge $-1 -1 $-1 $3450 $3445 $3165 $3309 forward $3451 $-1 #
edge $3452 -1 $-1 $3311 0 $3453 0.2895719172308956479 $3308 $3454 forward @7 unknown #
color-adesk-attrib $-1 -1 $-1 $-1 $3166 256 #
vertex $-1 -1 $-1 $3166 $3455 #
coedge $-1 -1 $-1 $3168 $3180 $3456 $3457 forward $264 $-1 #
coedge $-1 -1 $-1 $3456 $3176 $3172 $3314 reversed $3319 $-1 #
edge $3458 -1 $-1 $3316 -0.75 $3179 0.25 $3172 $3459 forward @7 unknown #
color-adesk-attrib $-1 -1 $-1 $-1 $3173 256 #
vertex $-1 -1 $-1 $3173 $3460 #
color-adesk-attrib $-1 -1 $-1 $-1 $3174 256 #
coedge $-1 -1 $-1 $3176 $3456 $3186 $3328 reversed $3319 $-1 #
loop $-1 -1 $-1 $-1 $3176 $3461 #
color-adesk-attrib $-1 -1 $-1 $-1 $3177 256 #
straight-curve $-1 -1 $-1 0.4599942359067065167 -13.89550935477790006 -0.5 -0.9999639744169136479 -0.008488219385113099369 0 F 0 F 0.1600000000000000033 #
point $-1 -1 $-1 0.3000000000000003775 -13.89686746987951693 -0.5 #
coedge $-1 -1 $-1 $3181 $3186 $3180 $3324 reversed $3187 $-1 #
edge $3462 -1 $-1 $3184 0 $3463 0.2895719172308956479 $3323 $3464 forward @7 unknown #
color-adesk-attrib $-1 -1 $-1 $-1 $3182 256 #
straight-curve $-1 -1 $-1 0.2999999999999993783 -14.1368674698795207 -0.25 0 0 1 I I #
point $-1 -1 $-1 0.3000000000000003775 -14.13686746987951892 0.5 #
edge $3465 -1 $-1 $3189 0 $3463 1 $3318 $3466 forward @7 unknown #
face $3467 -1 $-1 $3461 $3187 $8 $-1 $3468 forward single #
point $-1 -1 $-1 0.4599942359067065167 -13.89550935477790006 -0.5 #
color-adesk-attrib $-1 -1 $-1 $-1 $3193 256 #
straight-curve $-1 -1 $-1 0.4599942359067065167 -14.37743706562127244 0.5 -0.9999639744169136479 -0.008488219385113099369 0 I I #
color-adesk-attrib $-1 -1 $-1 $-1 $3197 256 #
plane-surface $-1 -1 $-1 0.4599942359067065167 -14.37743706562127244 -0.5 -0.008488219385113101104 0.99996397441691387 0 -0.99996397441691387 -0.008488219385113101104 0 forward_v I I I I #
point $-1 -1 $-1 0.4599942359067065167 -14.37743706562127244 0.5 #
color-adesk-attrib $-1 -1 $-1 $-1 $3206 256 #
face $3469 -1 $-1 $3470 $3471 $8 $-1 $3472 forward single #
loop $-1 -1 $-1 $-1 $3473 $3206 #
plane-surface $-1 -1 $-1 0.3000000000000020983 14.29686746987951551 -0.5 0.8334997309465151938 -0.5525198625498335403 0 0.5525198625498335403 0.8334997309465151938 0 forward_v I I I I #
coedge $-1 -1 $-1 $3474 $3475 $3476 $3477 forward $3207 $-1 #
coedge $-1 -1 $-1 $3478 $3209 $3475 $3479 forward $3074 $-1 #
coedge $-1 -1 $-1 $3209 $3478 $3480 $3481 reversed $3074 $-1 #
coedge $-1 -1 $-1 $3482 $3476 $3209 $3344 reversed $102 $-1 #
edge $3483 -1 $-1 $3484 0 $3485 0.2895719172308956479 $3209 $3486 forward @7 unknown #
coedge $-1 -1 $-1 $3211 $3210 $3250 $3392 reversed $2943 $-1 #
color-adesk-attrib $-1 -1 $-1 $-1 $3213 256 #
straight-curve $-1 -1 $-1 0.4599942359067083486 15.50208100666787914 -0.5 -0.9999639744169136479 -0.008488219385113099369 0 F 0 F 0.1600000000000000033 #
coedge $-1 -1 $-1 $3250 $3487 $3214 $3349 forward $264 $-1 #
edge $3488 -1 $-1 $3356 0 $3351 0.2895719172308956479 $3214 $3489 forward @7 unknown #
color-adesk-attrib $-1 -1 $-1 $-1 $3215 256 #
vertex $-1 -1 $-1 $3215 $3490 #
straight-curve $-1 -1 $-1 0.4599942359067083486 15.50208100666787914 -0.5 0 0 1 I I #
coedge $-1 -1 $-1 $3238 $3216 $3487 $3491 reversed $3107 $-1 #
coedge $-1 -1 $-1 $3216 $3238 $3218 $3359 reversed $3107 $-1 #
color-adesk-attrib $-1 -1 $-1 $-1 $3217 256 #
vertex $-1 -1 $-1 $3349 $3492 #
straight-curve $-1 -1 $-1 0.3000000000000002665 15.26072289156626027 -0.25 0 0 1 I I #
coedge $-1 -1 $-1 $3493 $3218 $3494 $3495 reversed $102 $-1 #
edge $3496 -1 $-1 $3220 -15.26072289156626027 $3497 -15.25975903614457785 $3354 $277 forward @7 unknown #
point $-1 -1 $-1 0.3000000000000021538 15.26072289156626027 -0.5 #
point $-1 -1 $-1 0.4599942359067083486 15.50208100666787914 -0.5 #
coedge $-1 -1 $-1 $3223 $3249 $3243 $3387 forward $264 $-1 #
color-adesk-attrib $-1 -1 $-1 $-1 $3227 256 #
coedge $-1 -1 $-1 $3230 $3243 $3255 $3395 reversed $3244 $-1 #
color-adesk-attrib $-1 -1 $-1 $-1 $3231 256 #
vertex $-1 -1 $-1 $3231 $3498 #
straight-curve $-1 -1 $-1 0.4599942359067083486 15.74304486208956888 -0.5 -0.9999639744169136479 -0.008488219385113099369 0 F 0 F 0.1600000000000000033 #
point $-1 -1 $-1 0.3000000000000021538 15.74168674698795023 -0.5 #
color-adesk-attrib $-1 -1 $-1 $-1 $3236 256 #
face $3499 -1 $-1 $3500 $3501 $8 $-1 $354 reversed single #
loop $-1 -1 $-1 $-1 $3502 $3236 #
coedge $-1 -1 $-1 $3503 $3504 $3505 $3506 forward $3237 $-1 #
coedge $-1 -1 $-1 $3507 $3494 $3238 $3374 reversed $3508 $-1 #
edge $3509 -1 $-1 $3510 -0.75 $3497 0.25 $3238 $3511 forward @7 unknown #
coedge $-1 -1 $-1 $3240 $3239 $3474 $3512 forward $2973 $-1 #
coedge $-1 -1 $-1 $3513 $3514 $3239 $3377 forward $264 $-1 #
edge $3515 -1 $-1 $3516 15.01879518072288811 $3385 15.01975903614457764 $3239 $352 forward @7 unknown #
coedge $-1 -1 $-1 $3476 $3493 $3240 $3379 forward $102 $-1 #
edge $3517 -1 $-1 $3384 -15.01975903614457764 $3518 -15.01879518072288811 $3240 $277 forward @7 unknown #
coedge $-1 -1 $-1 $3519 $3241 $3493 $3520 forward $3382 $-1 #
coedge $-1 -1 $-1 $3241 $3519 $3513 $3521 reversed $3382 $-1 #
loop $-1 -1 $-1 $-1 $3380 $3522 #
color-adesk-attrib $-1 -1 $-1 $-1 $3242 256 #
vertex $-1 -1 $-1 $3379 $3523 #
vertex $-1 -1 $-1 $3521 $3524 #
straight-curve $-1 -1 $-1 0.2999999999999998224 15.01975903614457408 -0.25 0 0 1 I I #
edge $3525 -1 $-1 $3399 0 $3246 0.1600000000000000033 $3243 $3526 forward @7 unknown #
face $3527 -1 $-1 $2994 $3244 $8 $-1 $3528 forward single #
point $-1 -1 $-1 0.3000000000000021538 15.74168674698795023 0.5 #
color-adesk-attrib $-1 -1 $-1 $-1 $3248 256 #
straight-curve $-1 -1 $-1 0.2999999999999999889 15.50072289156626226 -0.25 0 0 -1 I I #
edge $3529 -1 $-1 $3351 0 $3252 0.1600000000000000033 $3345 $3530 forward @7 unknown #
point $-1 -1 $-1 0.3000000000000021538 15.50072289156626049 0.5 #
point $-1 -1 $-1 0.3000000000000021538 15.50072289156626049 -0.5 #
edge $3531 -1 $-1 $3366 0 $3399 1 $3364 $3532 forward @7 unknown #
color-adesk-attrib $-1 -1 $-1 $-1 $3256 256 #
straight-curve $-1 -1 $-1 0.3000000000000021538 15.50168674698795002 -0.5 0.5525198625498334293 0.8334997309465150828 0 F 0 F 0.2895719172308956479 #
color-adesk-attrib $-1 -1 $-1 $-1 $3257 256 #
vertex $-1 -1 $-1 $3395 $3533 #
straight-curve $-1 -1 $-1 0.3000000000000021538 15.50168674698795002 0.5 0.5525198625498334293 0.8334997309465150828 0 I I #
color-adesk-attrib $-1 -1 $-1 $-1 $3258 256 #
plane-surface $-1 -1 $-1 0.3000000000000021538 15.50168674698795002 -0.5 0.8334997309465151938 -0.5525198625498335403 0 0.5525198625498335403 0.8334997309465151938 0 forward_v I I I I #
color-adesk-attrib $-1 -1 $-1 $-1 $3271 256 #
face $3534 -1 $-1 $3535 $3536 $8 $-1 $3537 forward single #
loop $-1 -1 $-1 $-1 $3538 $3271 #
plane-surface $-1 -1 $-1 0.4599942359067066278 -12.20876236682609317 -0.5 -0.008488219385113101104 0.99996397441691387 0 -0.99996397441691387 -0.008488219385113101104 0 forward_v I I I I #
coedge $-1 -1 $-1 $3539 $3540 $3541 $3542 forward $3272 $-1 #
coedge $-1 -1 $-1 $3543 $3274 $3544 $3545 reversed $3141 $-1 #
coedge $-1 -1 $-1 $3274 $3543 $3275 $3413 reversed $3141 $-1 #
coedge $-1 -1 $-1 $3277 $3546 $3274 $3411 reversed $102 $-1 #
edge $3547 -1 $-1 $3419 0 $3548 0.1600000000000000033 $3274 $3549 forward @7 unknown #
coedge $-1 -1 $-1 $3276 $3275 $3550 $3551 reversed $3008 $-1 #
edge $3552 -1 $-1 $3419 0 $3553 1 $3409 $3554 forward @7 unknown #
coedge $-1 -1 $-1 $3555 $3556 $3276 $3415 forward $3557 $-1 #
edge $3558 -1 $-1 $3418 -0.25 $3559 0.75 $3414 $3560 forward @7 unknown #
coedge $-1 -1 $-1 $3561 $3277 $3556 $3562 forward $102 $-1 #
color-adesk-attrib $-1 -1 $-1 $-1 $3278 256 #
vertex $-1 -1 $-1 $3562 $3563 #
vertex $-1 -1 $-1 $3411 $3564 #
straight-curve $-1 -1 $-1 0.300000000000000433 -12.93204819277108442 -0.5 0.5525198625498334293 0.8334997309465150828 0 F 0 F 0.2895719172308956479 #
coedge $-1 -1 $-1 $3565 $3286 $3279 $3422 forward $264 $-1 #
edge $3566 -1 $-1 $3289 0 $3427 0.1600000000000000033 $3279 $3567 forward @7 unknown #
coedge $-1 -1 $-1 $3568 $3280 $3282 $3430 reversed $3425 $-1 #
coedge $-1 -1 $-1 $3280 $3568 $3565 $3569 reversed $3425 $-1 #
loop $-1 -1 $-1 $-1 $3280 $3570 #
color-adesk-attrib $-1 -1 $-1 $-1 $3281 256 #
vertex $-1 -1 $-1 $3569 $3571 #
straight-curve $-1 -1 $-1 0.2999999999999999889 -13.17397590361445836 -0.25 0 0 -1 I I #
coedge $-1 -1 $-1 $3282 $3561 $3572 $3573 reversed $102 $-1 #
edge $3574 -1 $-1 $3575 13.17301204819277416 $3284 13.17397590361445481 $3423 $277 forward @7 unknown #
point $-1 -1 $-1 0.3000000000000003775 -13.17397590361445481 -0.5 #
coedge $-1 -1 $-1 $3286 $3576 $3291 $3437 forward $264 $-1 #
color-adesk-attrib $-1 -1 $-1 $-1 $3287 256 #
straight-curve $-1 -1 $-1 0.3000000000000003775 -13.4139759036144568 0.5 0.5525198625498334293 0.8334997309465150828 0 I I #
point $-1 -1 $-1 0.4599942359067065722 -13.17261778851283793 0.5 #
coedge $-1 -1 $-1 $3292 $3291 $3577 $3578 forward $3293 $-1 #
edge $3579 -1 $-1 $3580 -13.41493975903614455 $3295 -13.4139759036144568 $3291 $352 forward @7 unknown #
face $3581 -1 $-1 $3570 $3293 $8 $-1 $354 reversed single #
point $-1 -1 $-1 0.3000000000000003775 -13.4139759036144568 0.5 #
coedge $-1 -1 $-1 $3577 $3582 $3297 $3441 forward $3583 $-1 #
edge $3584 -1 $-1 $3453 0 $3443 0.1600000000000000033 $3440 $3585 forward @7 unknown #
color-adesk-attrib $-1 -1 $-1 $-1 $3298 256 #
vertex $-1 -1 $-1 $3441 $3586 #
coedge $-1 -1 $-1 $3576 $3301 $3587 $3588 forward $264 $-1 #
coedge $-1 -1 $-1 $3308 $3587 $3304 $3446 reversed $3451 $-1 #
edge $3589 -1 $-1 $3311 -0.25 $3448 0.75 $3304 $3590 forward @7 unknown #
color-adesk-attrib $-1 -1 $-1 $-1 $3305 256 #
vertex $-1 -1 $-1 $3588 $3591 #
color-adesk-attrib $-1 -1 $-1 $-1 $3306 256 #
coedge $-1 -1 $-1 $3587 $3308 $3582 $3592 forward $3451 $-1 #
loop $-1 -1 $-1 $-1 $3308 $3593 #
color-adesk-attrib $-1 -1 $-1 $-1 $3309 256 #
vertex $-1 -1 $-1 $3441 $3594 #
straight-curve $-1 -1 $-1 0.3000000000000003775 -13.65493975903614654 -0.5 0.5525198625498334293 0.8334997309465150828 0 F 0 F 0.2895719172308956479 #
point $-1 -1 $-1 0.3000000000000003775 -13.65493975903614654 -0.5 #
coedge $-1 -1 $-1 $3318 $3313 $3312 $3457 reversed $3319 $-1 #
edge $3595 -1 $-1 $3463 0 $3316 0.1600000000000000033 $3456 $3596 forward @7 unknown #
color-adesk-attrib $-1 -1 $-1 $-1 $3314 256 #
straight-curve $-1 -1 $-1 0.2999999999999999889 -13.89686746987952048 -0.25 0 0 -1 I I #
point $-1 -1 $-1 0.3000000000000003775 -13.89686746987951693 0.5 #
face $3597 -1 $-1 $3065 $3319 $8 $-1 $3598 forward single #
color-adesk-attrib $-1 -1 $-1 $-1 $3324 256 #
vertex $-1 -1 $-1 $3328 $3599 #
straight-curve $-1 -1 $-1 0.3000000000000003775 -14.13686746987951892 0.5 0.5525198625498334293 0.8334997309465150828 0 I I #
color-adesk-attrib $-1 -1 $-1 $-1 $3328 256 #
straight-curve $-1 -1 $-1 0.4599942359067065167 -13.89550935477790006 -0.5 0 0 1 I I #
color-adesk-attrib $-1 -1 $-1 $-1 $3329 256 #
plane-surface $-1 -1 $-1 0.3000000000000003775 -14.13686746987951892 -0.5 0.8334997309465151938 -0.5525198625498335403 0 0.5525198625498335403 0.8334997309465151938 0 forward_v I I I I #
color-adesk-attrib $-1 -1 $-1 $-1 $3337 256 #
face $3600 -1 $-1 $3601 $3602 $8 $-1 $3603 forward single #
loop $-1 -1 $-1 $-1 $3604 $3337 #
plane-surface $-1 -1 $-1 0.4599942359067082931 14.53822558498113438 -0.5 -0.008488219385113101104 0.99996397441691387 0 -0.99996397441691387 -0.008488219385113101104 0 forward_v I I I I #
coedge $-1 -1 $-1 $3605 $3606 $3607 $3608 forward $3338 $-1 #
coedge $-1 -1 $-1 $3609 $3340 $3375 $3512 reversed $3207 $-1 #
coedge $-1 -1 $-1 $3340 $3609 $3341 $3479 reversed $3207 $-1 #
coedge $-1 -1 $-1 $3343 $3378 $3340 $3477 reversed $102 $-1 #
edge $3610 -1 $-1 $3485 0 $3518 0.1600000000000000033 $3340 $3611 forward @7 unknown #
coedge $-1 -1 $-1 $3342 $3341 $3612 $3613 reversed $3074 $-1 #
edge $3614 -1 $-1 $3485 0 $3615 1 $3475 $3616 forward @7 unknown #
coedge $-1 -1 $-1 $3617 $3618 $3342 $3481 forward $3371 $-1 #
edge $3619 -1 $-1 $3484 -0.25 $3620 0.75 $3480 $3621 forward @7 unknown #
coedge $-1 -1 $-1 $3622 $3343 $3618 $3623 forward $102 $-1 #
color-adesk-attrib $-1 -1 $-1 $-1 $3344 256 #
vertex $-1 -1 $-1 $3623 $3624 #
vertex $-1 -1 $-1 $3477 $3625 #
straight-curve $-1 -1 $-1 0.3000000000000021538 14.77879518072288789 -0.5 0.5525198625498334293 0.8334997309465150828 0 F 0 F 0.2895719172308956479 #
coedge $-1 -1 $-1 $3348 $3626 $3353 $3491 forward $264 $-1 #
color-adesk-attrib $-1 -1 $-1 $-1 $3349 256 #
straight-curve $-1 -1 $-1 0.3000000000000021538 15.26072289156626027 0.5 0.5525198625498334293 0.8334997309465150828 0 I I #
point $-1 -1 $-1 0.4599942359067083486 15.50208100666787914 0.5 #
edge $3627 -1 $-1 $3510 15.25975903614457785 $3356 15.26072289156626027 $3353 $352 forward @7 unknown #
point $-1 -1 $-1 0.3000000000000021538 15.26072289156626027 0.5 #
coedge $-1 -1 $-1 $3378 $3358 $3380 $3520 reversed $102 $-1 #
coedge $-1 -1 $-1 $3373 $3628 $3358 $3495 forward $3508 $-1 #
edge $3629 -1 $-1 $3630 0 $3497 0.1600000000000000033 $3494 $3631 forward @7 unknown #
color-adesk-attrib $-1 -1 $-1 $-1 $3359 256 #
vertex $-1 -1 $-1 $3495 $3632 #
point $-1 -1 $-1 0.4599942359067083486 15.74304486208956888 -0.5 #
color-adesk-attrib $-1 -1 $-1 $-1 $3370 256 #
face $3633 -1 $-1 $3634 $3635 $8 $-1 $354 reversed single #
loop $-1 -1 $-1 $-1 $3636 $3370 #
coedge $-1 -1 $-1 $3618 $3617 $3637 $3638 forward $3371 $-1 #
coedge $-1 -1 $-1 $3639 $3372 $3640 $3641 reversed $3237 $-1 #
coedge $-1 -1 $-1 $3372 $3639 $3642 $3643 reversed $3237 $-1 #
coedge $-1 -1 $-1 $3644 $3645 $3372 $3506 reversed $3646 $-1 #
edge $3647 -1 $-1 $3648 -0.25 $3649 0.75 $3372 $3650 forward @7 unknown #
coedge $-1 -1 $-1 $3628 $3373 $3626 $3651 reversed $3508 $-1 #
loop $-1 -1 $-1 $-1 $3494 $3652 #
color-adesk-attrib $-1 -1 $-1 $-1 $3374 256 #
vertex $-1 -1 $-1 $3491 $3653 #
straight-curve $-1 -1 $-1 0.2999999999999999889 15.2597590361445814 -0.25 0 0 -1 I I #
edge $3654 -1 $-1 $3516 -0.75 $3518 0.25 $3375 $3655 forward @7 unknown #
coedge $-1 -1 $-1 $3626 $3376 $3381 $3521 forward $264 $-1 #
coedge $-1 -1 $-1 $3376 $3612 $3609 $3656 forward $264 $-1 #
color-adesk-attrib $-1 -1 $-1 $-1 $3377 256 #
vertex $-1 -1 $-1 $3377 $3657 #
color-adesk-attrib $-1 -1 $-1 $-1 $3379 256 #
vertex $-1 -1 $-1 $3477 $3658 #
coedge $-1 -1 $-1 $3381 $3380 $3628 $3659 forward $3382 $-1 #
edge $3660 -1 $-1 $3384 0 $3630 0.2895719172308956479 $3380 $3661 forward @7 unknown #
edge $3662 -1 $-1 $3385 0 $3663 0.2895719172308956479 $3381 $3664 forward @7 unknown #
face $3665 -1 $-1 $3652 $3382 $8 $-1 $3666 forward single #
point $-1 -1 $-1 0.3000000000000021538 15.01975903614457764 -0.5 #
point $-1 -1 $-1 0.3000000000000021538 15.01975903614457764 0.5 #
color-adesk-attrib $-1 -1 $-1 $-1 $3387 256 #
straight-curve $-1 -1 $-1 0.4599942359067083486 15.74304486208956888 0.5 -0.9999639744169136479 -0.008488219385113099369 0 I I #
color-adesk-attrib $-1 -1 $-1 $-1 $3388 256 #
plane-surface $-1 -1 $-1 0.4599942359067083486 15.74304486208956888 -0.5 -0.008488219385113101104 0.99996397441691387 0 -0.99996397441691387 -0.008488219385113101104 0 forward_v I I I I #
color-adesk-attrib $-1 -1 $-1 $-1 $3392 256 #
straight-curve $-1 -1 $-1 0.4599942359067083486 15.50208100666787914 0.5 -0.9999639744169136479 -0.008488219385113099369 0 I I #
color-adesk-attrib $-1 -1 $-1 $-1 $3395 256 #
straight-curve $-1 -1 $-1 0.4599942359067083486 15.74304486208956888 -0.5 0 0 1 I I #
point $-1 -1 $-1 0.4599942359067083486 15.74304486208956888 0.5 #
color-adesk-attrib $-1 -1 $-1 $-1 $3404 256 #
face $3667 -1 $-1 $3668 $3669 $8 $-1 $3670 forward single #
loop $-1 -1 $-1 $-1 $3671 $3404 #
plane-surface $-1 -1 $-1 0.3000000000000004885 -11.96819277108433965 -0.5 0.8334997309465151938 -0.5525198625498335403 0 0.5525198625498335403 0.8334997309465151938 0 forward_v I I I I #
coedge $-1 -1 $-1 $3672 $3673 $3674 $3675 forward $3405 $-1 #
coedge $-1 -1 $-1 $3676 $3407 $3673 $3677 forward $3272 $-1 #
coedge $-1 -1 $-1 $3407 $3676 $3678 $3679 reversed $3272 $-1 #
coedge $-1 -1 $-1 $3680 $3674 $3407 $3542 reversed $102 $-1 #
edge $3681 -1 $-1 $3682 0 $3683 0.2895719172308956479 $3407 $3684 forward @7 unknown #
coedge $-1 -1 $-1 $3409 $3408 $3685 $3686 reversed $3141 $-1 #
coedge $-1 -1 $-1 $3687 $3688 $3408 $3545 forward $3689 $-1 #
edge $3690 -1 $-1 $3691 -0.75 $3548 0.25 $3544 $3692 forward @7 unknown #
coedge $-1 -1 $-1 $3410 $3693 $3687 $3694 forward $102 $-1 #
color-adesk-attrib $-1 -1 $-1 $-1 $3411 256 #
vertex $-1 -1 $-1 $3411 $3695 #
straight-curve $-1 -1 $-1 0.4599942359067066278 -12.69069007766946555 -0.5 -0.9999639744169136479 -0.008488219385113099369 0 F 0 F 0.1600000000000000033 #
coedge $-1 -1 $-1 $3685 $3696 $3412 $3551 forward $264 $-1 #
edge $3697 -1 $-1 $3559 0 $3553 0.2895719172308956479 $3412 $3698 forward @7 unknown #
color-adesk-attrib $-1 -1 $-1 $-1 $3413 256 #
vertex $-1 -1 $-1 $3413 $3699 #
straight-curve $-1 -1 $-1 0.4599942359067066278 -12.69069007766946555 -0.5 0 0 1 I I #
coedge $-1 -1 $-1 $3700 $3414 $3696 $3701 reversed $3557 $-1 #
coedge $-1 -1 $-1 $3414 $3700 $3416 $3562 reversed $3557 $-1 #
loop $-1 -1 $-1 $-1 $3414 $3702 #
color-adesk-attrib $-1 -1 $-1 $-1 $3415 256 #
vertex $-1 -1 $-1 $3551 $3703 #
straight-curve $-1 -1 $-1 0.2999999999999993783 -12.93204819277108619 -0.25 0 0 1 I I #
coedge $-1 -1 $-1 $3429 $3416 $3704 $3705 reversed $102 $-1 #
edge $3706 -1 $-1 $3418 12.93204819277108442 $3707 12.93301204819277217 $3556 $277 forward @7 unknown #
point $-1 -1 $-1 0.300000000000000433 -12.93204819277108442 -0.5 #
point $-1 -1 $-1 0.4599942359067066278 -12.69069007766946555 -0.5 #
coedge $-1 -1 $-1 $3708 $3421 $3424 $3569 forward $264 $-1 #
color-adesk-attrib $-1 -1 $-1 $-1 $3422 256 #
straight-curve $-1 -1 $-1 0.4599942359067065722 -13.17261778851283793 0.5 -0.9999639744169136479 -0.008488219385113099369 0 I I #
coedge $-1 -1 $-1 $3424 $3423 $3709 $3710 forward $3425 $-1 #
edge $3711 -1 $-1 $3427 -13.17397590361445481 $3712 -13.17301204819277416 $3424 $352 forward @7 unknown #
face $3713 -1 $-1 $3174 $3425 $8 $-1 $354 reversed single #
point $-1 -1 $-1 0.3000000000000003775 -13.17397590361445481 0.5 #
coedge $-1 -1 $-1 $3714 $3709 $3429 $3573 forward $3715 $-1 #
edge $3716 -1 $-1 $3575 0 $3717 0.2895719172308956479 $3572 $3718 forward @7 unknown #
color-adesk-attrib $-1 -1 $-1 $-1 $3430 256 #
vertex $-1 -1 $-1 $3430 $3719 #
coedge $-1 -1 $-1 $3432 $3444 $3720 $3721 forward $264 $-1 #
coedge $-1 -1 $-1 $3720 $3440 $3436 $3578 reversed $3583 $-1 #
edge $3722 -1 $-1 $3580 -0.75 $3443 0.25 $3436 $3723 forward @7 unknown #
color-adesk-attrib $-1 -1 $-1 $-1 $3437 256 #
vertex $-1 -1 $-1 $3437 $3724 #
color-adesk-attrib $-1 -1 $-1 $-1 $3438 256 #
coedge $-1 -1 $-1 $3440 $3720 $3450 $3592 reversed $3583 $-1 #
loop $-1 -1 $-1 $-1 $3440 $3725 #
color-adesk-attrib $-1 -1 $-1 $-1 $3441 256 #
straight-curve $-1 -1 $-1 0.4599942359067065722 -13.41358164393452768 -0.5 -0.9999639744169136479 -0.008488219385113099369 0 F 0 F 0.1600000000000000033 #
point $-1 -1 $-1 0.3000000000000003775 -13.41493975903614455 -0.5 #
coedge $-1 -1 $-1 $3445 $3450 $3444 $3588 reversed $3451 $-1 #
edge $3726 -1 $-1 $3448 0 $3727 0.2895719172308956479 $3587 $3728 forward @7 unknown #
color-adesk-attrib $-1 -1 $-1 $-1 $3446 256 #
straight-curve $-1 -1 $-1 0.2999999999999993783 -13.65493975903615009 -0.25 0 0 1 I I #
point $-1 -1 $-1 0.3000000000000003775 -13.65493975903614654 0.5 #
edge $3729 -1 $-1 $3453 0 $3727 1 $3582 $3730 forward @7 unknown #
face $3731 -1 $-1 $3725 $3451 $8 $-1 $3732 forward single #
point $-1 -1 $-1 0.4599942359067065722 -13.41358164393452768 -0.5 #
color-adesk-attrib $-1 -1 $-1 $-1 $3457 256 #
straight-curve $-1 -1 $-1 0.4599942359067065167 -13.89550935477790006 0.5 -0.9999639744169136479 -0.008488219385113099369 0 I I #
color-adesk-attrib $-1 -1 $-1 $-1 $3461 256 #
plane-surface $-1 -1 $-1 0.4599942359067065167 -13.89550935477790006 -0.5 -0.008488219385113101104 0.99996397441691387 0 -0.99996397441691387 -0.008488219385113101104 0 forward_v I I I I #
point $-1 -1 $-1 0.4599942359067065167 -13.89550935477790006 0.5 #
color-adesk-attrib $-1 -1 $-1 $-1 $3470 256 #
face $3733 -1 $-1 $3734 $3735 $8 $-1 $3736 forward single #
loop $-1 -1 $-1 $-1 $3737 $3470 #
plane-surface $-1 -1 $-1 0.3000000000000020428 13.81493975903614313 -0.5 0.8334997309465151938 -0.5525198625498335403 0 0.5525198625498335403 0.8334997309465151938 0 forward_v I I I I #
coedge $-1 -1 $-1 $3738 $3739 $3740 $3741 forward $3471 $-1 #
coedge $-1 -1 $-1 $3742 $3473 $3739 $3743 forward $3338 $-1 #
coedge $-1 -1 $-1 $3473 $3742 $3744 $3745 reversed $3338 $-1 #
coedge $-1 -1 $-1 $3746 $3740 $3473 $3608 reversed $102 $-1 #
edge $3747 -1 $-1 $3748 0 $3749 0.2895719172308956479 $3473 $3750 forward @7 unknown #
coedge $-1 -1 $-1 $3475 $3474 $3514 $3656 reversed $3207 $-1 #
color-adesk-attrib $-1 -1 $-1 $-1 $3477 256 #
straight-curve $-1 -1 $-1 0.4599942359067082931 15.02015329582450676 -0.5 -0.9999639744169136479 -0.008488219385113099369 0 F 0 F 0.1600000000000000033 #
coedge $-1 -1 $-1 $3514 $3751 $3478 $3613 forward $264 $-1 #
edge $3752 -1 $-1 $3620 0 $3615 0.2895719172308956479 $3478 $3753 forward @7 unknown #
color-adesk-attrib $-1 -1 $-1 $-1 $3479 256 #
vertex $-1 -1 $-1 $3479 $3754 #
straight-curve $-1 -1 $-1 0.4599942359067082931 15.02015329582450676 -0.5 0 0 1 I I #
coedge $-1 -1 $-1 $3502 $3480 $3751 $3755 reversed $3371 $-1 #
coedge $-1 -1 $-1 $3480 $3502 $3482 $3623 reversed $3371 $-1 #
color-adesk-attrib $-1 -1 $-1 $-1 $3481 256 #
vertex $-1 -1 $-1 $3613 $3756 #
straight-curve $-1 -1 $-1 0.2999999999999998224 14.77879518072288789 -0.25 0 0 1 I I #
coedge $-1 -1 $-1 $3757 $3482 $3758 $3759 reversed $102 $-1 #
edge $3760 -1 $-1 $3484 -14.77879518072288789 $3761 -14.77783132530120547 $3618 $277 forward @7 unknown #
point $-1 -1 $-1 0.3000000000000021538 14.77879518072288789 -0.5 #
point $-1 -1 $-1 0.4599942359067082931 15.02015329582450676 -0.5 #
coedge $-1 -1 $-1 $3487 $3513 $3507 $3651 forward $264 $-1 #
color-adesk-attrib $-1 -1 $-1 $-1 $3491 256 #
coedge $-1 -1 $-1 $3494 $3507 $3519 $3659 reversed $3508 $-1 #
color-adesk-attrib $-1 -1 $-1 $-1 $3495 256 #
vertex $-1 -1 $-1 $3495 $3762 #
straight-curve $-1 -1 $-1 0.4599942359067082931 15.2611171512461965 -0.5 -0.9999639744169136479 -0.008488219385113099369 0 F 0 F 0.1600000000000000033 #
point $-1 -1 $-1 0.3000000000000021538 15.25975903614457785 -0.5 #
color-adesk-attrib $-1 -1 $-1 $-1 $3500 256 #
face $3763 -1 $-1 $3764 $3765 $8 $-1 $354 reversed single #
loop $-1 -1 $-1 $-1 $3766 $3500 #
coedge $-1 -1 $-1 $3767 $3768 $3769 $3770 forward $3501 $-1 #
coedge $-1 -1 $-1 $3771 $3758 $3502 $3638 reversed $3772 $-1 #
edge $3773 -1 $-1 $3774 -0.75 $3761 0.25 $3502 $3775 forward @7 unknown #
coedge $-1 -1 $-1 $3504 $3503 $3738 $3776 forward $3237 $-1 #
coedge $-1 -1 $-1 $3777 $3778 $3503 $3641 forward $264 $-1 #
edge $3779 -1 $-1 $3780 14.53686746987951572 $3649 14.53783132530120525 $3503 $352 forward @7 unknown #
coedge $-1 -1 $-1 $3740 $3757 $3504 $3643 forward $102 $-1 #
edge $3781 -1 $-1 $3648 -14.53783132530120525 $3782 -14.53686746987951572 $3504 $277 forward @7 unknown #
coedge $-1 -1 $-1 $3783 $3505 $3757 $3784 forward $3646 $-1 #
coedge $-1 -1 $-1 $3505 $3783 $3777 $3785 reversed $3646 $-1 #
loop $-1 -1 $-1 $-1 $3644 $3786 #
color-adesk-attrib $-1 -1 $-1 $-1 $3506 256 #
vertex $-1 -1 $-1 $3643 $3787 #
vertex $-1 -1 $-1 $3785 $3788 #
straight-curve $-1 -1 $-1 0.2999999999999998224 14.5378313253012017 -0.25 0 0 1 I I #
edge $3789 -1 $-1 $3663 0 $3510 0.1600000000000000033 $3507 $3790 forward @7 unknown #
face $3791 -1 $-1 $3258 $3508 $8 $-1 $3792 forward single #
point $-1 -1 $-1 0.3000000000000021538 15.25975903614457785 0.5 #
color-adesk-attrib $-1 -1 $-1 $-1 $3512 256 #
straight-curve $-1 -1 $-1 0.2999999999999999889 15.01879518072288988 -0.25 0 0 -1 I I #
edge $3793 -1 $-1 $3615 0 $3516 0.1600000000000000033 $3609 $3794 forward @7 unknown #
point $-1 -1 $-1 0.3000000000000020983 15.01879518072288811 0.5 #
point $-1 -1 $-1 0.3000000000000020983 15.01879518072288811 -0.5 #
edge $3795 -1 $-1 $3630 0 $3663 1 $3628 $3796 forward @7 unknown #
color-adesk-attrib $-1 -1 $-1 $-1 $3520 256 #
straight-curve $-1 -1 $-1 0.3000000000000021538 15.01975903614457764 -0.5 0.5525198625498334293 0.8334997309465150828 0 F 0 F 0.2895719172308956479 #
color-adesk-attrib $-1 -1 $-1 $-1 $3521 256 #
vertex $-1 -1 $-1 $3659 $3797 #
straight-curve $-1 -1 $-1 0.3000000000000021538 15.01975903614457764 0.5 0.5525198625498334293 0.8334997309465150828 0 I I #
color-adesk-attrib $-1 -1 $-1 $-1 $3522 256 #
plane-surface $-1 -1 $-1 0.3000000000000021538 15.01975903614457764 -0.5 0.8334997309465151938 -0.5525198625498335403 0 0.5525198625498335403 0.8334997309465151938 0 forward_v I I I I #
color-adesk-attrib $-1 -1 $-1 $-1 $3535 256 #
face $3798 -1 $-1 $3799 $3800 $8 $-1 $3801 forward single #
loop $-1 -1 $-1 $-1 $3802 $3535 #
plane-surface $-1 -1 $-1 0.4599942359067066833 -11.72683465598272079 -0.5 -0.008488219385113101104 0.99996397441691387 0 -0.99996397441691387 -0.008488219385113101104 0 forward_v I I I I #
coedge $-1 -1 $-1 $3803 $3804 $3805 $3806 forward $3536 $-1 #
coedge $-1 -1 $-1 $3807 $3538 $3808 $3809 reversed $3405 $-1 #
coedge $-1 -1 $-1 $3538 $3807 $3539 $3677 reversed $3405 $-1 #
coedge $-1 -1 $-1 $3541 $3810 $3538 $3675 reversed $102 $-1 #
edge $3811 -1 $-1 $3683 0 $3812 0.1600000000000000033 $3538 $3813 forward @7 unknown #
coedge $-1 -1 $-1 $3540 $3539 $3814 $3815 reversed $3272 $-1 #
edge $3816 -1 $-1 $3683 0 $3817 1 $3673 $3818 forward @7 unknown #
coedge $-1 -1 $-1 $3819 $3820 $3540 $3679 forward $3821 $-1 #
edge $3822 -1 $-1 $3682 -0.25 $3823 0.75 $3678 $3824 forward @7 unknown #
coedge $-1 -1 $-1 $3825 $3541 $3820 $3826 forward $102 $-1 #
color-adesk-attrib $-1 -1 $-1 $-1 $3542 256 #
vertex $-1 -1 $-1 $3826 $3827 #
vertex $-1 -1 $-1 $3675 $3828 #
straight-curve $-1 -1 $-1 0.3000000000000004885 -12.45012048192771204 -0.5 0.5525198625498334293 0.8334997309465150828 0 F 0 F 0.2895719172308956479 #
coedge $-1 -1 $-1 $3829 $3550 $3543 $3686 forward $264 $-1 #
edge $3830 -1 $-1 $3553 0 $3691 0.1600000000000000033 $3543 $3831 forward @7 unknown #
coedge $-1 -1 $-1 $3832 $3544 $3546 $3694 reversed $3689 $-1 #
coedge $-1 -1 $-1 $3544 $3832 $3829 $3833 reversed $3689 $-1 #
loop $-1 -1 $-1 $-1 $3544 $3834 #
color-adesk-attrib $-1 -1 $-1 $-1 $3545 256 #
vertex $-1 -1 $-1 $3833 $3835 #
straight-curve $-1 -1 $-1 0.3000000000000000444 -12.69204819277108598 -0.25 0 0 -1 I I #
coedge $-1 -1 $-1 $3546 $3825 $3836 $3837 reversed $102 $-1 #
edge $3838 -1 $-1 $3839 12.69108433734940178 $3548 12.69204819277108243 $3687 $277 forward @7 unknown #
point $-1 -1 $-1 0.300000000000000433 -12.69204819277108243 -0.5 #
coedge $-1 -1 $-1 $3550 $3840 $3555 $3701 forward $264 $-1 #
color-adesk-attrib $-1 -1 $-1 $-1 $3551 256 #
straight-curve $-1 -1 $-1 0.300000000000000433 -12.93204819277108442 0.5 0.5525198625498334293 0.8334997309465150828 0 I I #
point $-1 -1 $-1 0.4599942359067066278 -12.69069007766946555 0.5 #
coedge $-1 -1 $-1 $3556 $3555 $3841 $3842 forward $3557 $-1 #
edge $3843 -1 $-1 $3844 -12.93301204819277217 $3559 -12.93204819277108442 $3555 $352 forward @7 unknown #
face $3845 -1 $-1 $3834 $3557 $8 $-1 $354 reversed single #
point $-1 -1 $-1 0.300000000000000433 -12.93204819277108442 0.5 #
coedge $-1 -1 $-1 $3841 $3846 $3561 $3705 forward $3847 $-1 #
edge $3848 -1 $-1 $3717 0 $3707 0.1600000000000000033 $3704 $3849 forward @7 unknown #
color-adesk-attrib $-1 -1 $-1 $-1 $3562 256 #
vertex $-1 -1 $-1 $3705 $3850 #
coedge $-1 -1 $-1 $3840 $3565 $3851 $3852 forward $264 $-1 #
coedge $-1 -1 $-1 $3572 $3851 $3568 $3710 reversed $3715 $-1 #
edge $3853 -1 $-1 $3575 -0.25 $3712 0.75 $3568 $3854 forward @7 unknown #
color-adesk-attrib $-1 -1 $-1 $-1 $3569 256 #
vertex $-1 -1 $-1 $3852 $3855 #
color-adesk-attrib $-1 -1 $-1 $-1 $3570 256 #
coedge $-1 -1 $-1 $3851 $3572 $3846 $3856 forward $3715 $-1 #
loop $-1 -1 $-1 $-1 $3572 $3857 #
color-adesk-attrib $-1 -1 $-1 $-1 $3573 256 #
vertex $-1 -1 $-1 $3705 $3858 #
straight-curve $-1 -1 $-1 0.300000000000000433 -13.17301204819277416 -0.5 0.5525198625498334293 0.8334997309465150828 0 F 0 F 0.2895719172308956479 #
point $-1 -1 $-1 0.300000000000000433 -13.17301204819277416 -0.5 #
coedge $-1 -1 $-1 $3582 $3577 $3576 $3721 reversed $3583 $-1 #
edge $3859 -1 $-1 $3727 0 $3580 0.1600000000000000033 $3720 $3860 forward @7 unknown #
color-adesk-attrib $-1 -1 $-1 $-1 $3578 256 #
straight-curve $-1 -1 $-1 0.2999999999999999889 -13.41493975903614455 -0.25 0 0 -1 I I #
point $-1 -1 $-1 0.3000000000000003775 -13.41493975903614455 0.5 #
face $3861 -1 $-1 $3329 $3583 $8 $-1 $3862 forward single #
color-adesk-attrib $-1 -1 $-1 $-1 $3588 256 #
vertex $-1 -1 $-1 $3592 $3863 #
straight-curve $-1 -1 $-1 0.3000000000000003775 -13.65493975903614654 0.5 0.5525198625498334293 0.8334997309465150828 0 I I #
color-adesk-attrib $-1 -1 $-1 $-1 $3592 256 #
straight-curve $-1 -1 $-1 0.4599942359067065722 -13.41358164393452768 -0.5 0 0 1 I I #
color-adesk-attrib $-1 -1 $-1 $-1 $3593 256 #
plane-surface $-1 -1 $-1 0.3000000000000003775 -13.65493975903614654 -0.5 0.8334997309465151938 -0.5525198625498335403 0 0.5525198625498335403 0.8334997309465151938 0 forward_v I I I I #
color-adesk-attrib $-1 -1 $-1 $-1 $3601 256 #
face $3864 -1 $-1 $3865 $3866 $8 $-1 $3867 forward single #
loop $-1 -1 $-1 $-1 $3868 $3601 #
plane-surface $-1 -1 $-1 0.4599942359067082376 14.05629787413776199 -0.5 -0.008488219385113101104 0.99996397441691387 0 -0.99996397441691387 -0.008488219385113101104 0 forward_v I I I I #
coedge $-1 -1 $-1 $3869 $3870 $3871 $3872 forward $3602 $-1 #
coedge $-1 -1 $-1 $3873 $3604 $3639 $3776 reversed $3471 $-1 #
coedge $-1 -1 $-1 $3604 $3873 $3605 $3743 reversed $3471 $-1 #
coedge $-1 -1 $-1 $3607 $3642 $3604 $3741 reversed $102 $-1 #
edge $3874 -1 $-1 $3749 0 $3782 0.1600000000000000033 $3604 $3875 forward @7 unknown #
coedge $-1 -1 $-1 $3606 $3605 $3876 $3877 reversed $3338 $-1 #
edge $3878 -1 $-1 $3749 0 $3879 1 $3739 $3880 forward @7 unknown #
coedge $-1 -1 $-1 $3881 $3882 $3606 $3745 forward $3635 $-1 #
edge $3883 -1 $-1 $3748 -0.25 $3884 0.75 $3744 $3885 forward @7 unknown #
coedge $-1 -1 $-1 $3886 $3607 $3882 $3887 forward $102 $-1 #
color-adesk-attrib $-1 -1 $-1 $-1 $3608 256 #
vertex $-1 -1 $-1 $3887 $3888 #
vertex $-1 -1 $-1 $3741 $3889 #
straight-curve $-1 -1 $-1 0.3000000000000020983 14.29686746987951551 -0.5 0.5525198625498334293 0.8334997309465150828 0 F 0 F 0.2895719172308956479 #
coedge $-1 -1 $-1 $3612 $3890 $3617 $3755 forward $264 $-1 #
color-adesk-attrib $-1 -1 $-1 $-1 $3613 256 #
straight-curve $-1 -1 $-1 0.3000000000000021538 14.77879518072288789 0.5 0.5525198625498334293 0.8334997309465150828 0 I I #
point $-1 -1 $-1 0.4599942359067082931 15.02015329582450676 0.5 #
edge $3891 -1 $-1 $3774 14.77783132530120547 $3620 14.77879518072288789 $3617 $352 forward @7 unknown #
point $-1 -1 $-1 0.3000000000000020983 14.77879518072288789 0.5 #
coedge $-1 -1 $-1 $3642 $3622 $3644 $3784 reversed $102 $-1 #
coedge $-1 -1 $-1 $3637 $3892 $3622 $3759 forward $3772 $-1 #
edge $3893 -1 $-1 $3894 0 $3761 0.1600000000000000033 $3758 $3895 forward @7 unknown #
color-adesk-attrib $-1 -1 $-1 $-1 $3623 256 #
vertex $-1 -1 $-1 $3759 $3896 #
point $-1 -1 $-1 0.4599942359067082931 15.2611171512461965 -0.5 #
color-adesk-attrib $-1 -1 $-1 $-1 $3634 256 #
face $3897 -1 $-1 $3898 $3899 $8 $-1 $354 reversed single #
loop $-1 -1 $-1 $-1 $3900 $3634 #
coedge $-1 -1 $-1 $3882 $3881 $3901 $3902 forward $3635 $-1 #
coedge $-1 -1 $-1 $3903 $3636 $3904 $3905 reversed $3501 $-1 #
coedge $-1 -1 $-1 $3636 $3903 $3906 $3907 reversed $3501 $-1 #
coedge $-1 -1 $-1 $3908 $3909 $3636 $3770 reversed $3910 $-1 #
edge $3911 -1 $-1 $3912 -0.25 $3913 0.75 $3636 $3914 forward @7 unknown #
coedge $-1 -1 $-1 $3892 $3637 $3890 $3915 reversed $3772 $-1 #
loop $-1 -1 $-1 $-1 $3758 $3916 #
color-adesk-attrib $-1 -1 $-1 $-1 $3638 256 #
vertex $-1 -1 $-1 $3755 $3917 #
straight-curve $-1 -1 $-1 0.2999999999999999889 14.77783132530120724 -0.25 0 0 -1 I I #
edge $3918 -1 $-1 $3780 -0.75 $3782 0.25 $3639 $3919 forward @7 unknown #
coedge $-1 -1 $-1 $3890 $3640 $3645 $3785 forward $264 $-1 #
coedge $-1 -1 $-1 $3640 $3876 $3873 $3920 forward $264 $-1 #
color-adesk-attrib $-1 -1 $-1 $-1 $3641 256 #
vertex $-1 -1 $-1 $3641 $3921 #
color-adesk-attrib $-1 -1 $-1 $-1 $3643 256 #
vertex $-1 -1 $-1 $3741 $3922 #
coedge $-1 -1 $-1 $3645 $3644 $3892 $3923 forward $3646 $-1 #
edge $3924 -1 $-1 $3648 0 $3894 0.2895719172308956479 $3644 $3925 forward @7 unknown #
edge $3926 -1 $-1 $3649 0 $3927 0.2895719172308956479 $3645 $3928 forward @7 unknown #
face $3929 -1 $-1 $3916 $3646 $8 $-1 $3930 forward single #
point $-1 -1 $-1 0.3000000000000020983 14.53783132530120525 -0.5 #
point $-1 -1 $-1 0.3000000000000020983 14.53783132530120525 0.5 #
color-adesk-attrib $-1 -1 $-1 $-1 $3651 256 #
straight-curve $-1 -1 $-1 0.4599942359067082931 15.2611171512461965 0.5 -0.9999639744169136479 -0.008488219385113099369 0 I I #
color-adesk-attrib $-1 -1 $-1 $-1 $3652 256 #
plane-surface $-1 -1 $-1 0.4599942359067082931 15.2611171512461965 -0.5 -0.008488219385113101104 0.99996397441691387 0 -0.99996397441691387 -0.008488219385113101104 0 forward_v I I I I #
color-adesk-attrib $-1 -1 $-1 $-1 $3656 256 #
straight-curve $-1 -1 $-1 0.4599942359067082931 15.02015329582450676 0.5 -0.9999639744169136479 -0.008488219385113099369 0 I I #
color-adesk-attrib $-1 -1 $-1 $-1 $3659 256 #
straight-curve $-1 -1 $-1 0.4599942359067082931 15.2611171512461965 -0.5 0 0 1 I I #
point $-1 -1 $-1 0.4599942359067082931 15.2611171512461965 0.5 #
color-adesk-attrib $-1 -1 $-1 $-1 $3668 256 #
face $3931 -1 $-1 $3932 $3933 $8 $-1 $3934 forward single #
loop $-1 -1 $-1 $-1 $3935 $3668 #
plane-surface $-1 -1 $-1 0.3000000000000004885 -11.48626506024096727 -0.5 0.8334997309465151938 -0.5525198625498335403 0 0.5525198625498335403 0.8334997309465151938 0 forward_v I I I I #
coedge $-1 -1 $-1 $3936 $3937 $3938 $3939 forward $3669 $-1 #
coedge $-1 -1 $-1 $3940 $3671 $3937 $3941 forward $3536 $-1 #
coedge $-1 -1 $-1 $3671 $3940 $3942 $3943 reversed $3536 $-1 #
coedge $-1 -1 $-1 $3944 $3938 $3671 $3806 reversed $102 $-1 #
edge $3945 -1 $-1 $3946 0 $3947 0.2895719172308956479 $3671 $3948 forward @7 unknown #
coedge $-1 -1 $-1 $3673 $3672 $3949 $3950 reversed $3405 $-1 #
coedge $-1 -1 $-1 $3951 $3952 $3672 $3809 forward $3953 $-1 #
edge $3954 -1 $-1 $3955 -0.75 $3812 0.25 $3808 $3956 forward @7 unknown #
coedge $-1 -1 $-1 $3674 $3957 $3951 $3958 forward $102 $-1 #
color-adesk-attrib $-1 -1 $-1 $-1 $3675 256 #
vertex $-1 -1 $-1 $3675 $3959 #
straight-curve $-1 -1 $-1 0.4599942359067066278 -12.20876236682609317 -0.5 -0.9999639744169136479 -0.008488219385113099369 0 F 0 F 0.1600000000000000033 #
coedge $-1 -1 $-1 $3949 $3960 $3676 $3815 forward $264 $-1 #
edge $3961 -1 $-1 $3823 0 $3817 0.2895719172308956479 $3676 $3962 forward @7 unknown #
color-adesk-attrib $-1 -1 $-1 $-1 $3677 256 #
vertex $-1 -1 $-1 $3677 $3963 #
straight-curve $-1 -1 $-1 0.4599942359067066278 -12.20876236682609317 -0.5 0 0 1 I I #
coedge $-1 -1 $-1 $3964 $3678 $3960 $3965 reversed $3821 $-1 #
coedge $-1 -1 $-1 $3678 $3964 $3680 $3826 reversed $3821 $-1 #
loop $-1 -1 $-1 $-1 $3678 $3966 #
color-adesk-attrib $-1 -1 $-1 $-1 $3679 256 #
vertex $-1 -1 $-1 $3815 $3967 #
straight-curve $-1 -1 $-1 0.2999999999999993783 -12.45012048192771559 -0.25 0 0 1 I I #
coedge $-1 -1 $-1 $3693 $3680 $3968 $3969 reversed $102 $-1 #
edge $3970 -1 $-1 $3682 12.45012048192771204 $3971 12.45108433734939979 $3820 $277 forward @7 unknown #
point $-1 -1 $-1 0.3000000000000004885 -12.45012048192771204 -0.5 #
point $-1 -1 $-1 0.4599942359067066278 -12.20876236682609317 -0.5 #
coedge $-1 -1 $-1 $3972 $3685 $3688 $3833 forward $264 $-1 #
color-adesk-attrib $-1 -1 $-1 $-1 $3686 256 #
straight-curve $-1 -1 $-1 0.4599942359067066278 -12.69069007766946555 0.5 -0.9999639744169136479 -0.008488219385113099369 0 I I #
coedge $-1 -1 $-1 $3688 $3687 $3973 $3974 forward $3689 $-1 #
edge $3975 -1 $-1 $3691 -12.69204819277108243 $3976 -12.69108433734940178 $3688 $352 forward @7 unknown #
face $3977 -1 $-1 $3438 $3689 $8 $-1 $354 reversed single #
point $-1 -1 $-1 0.300000000000000433 -12.69204819277108243 0.5 #
coedge $-1 -1 $-1 $3978 $3973 $3693 $3837 forward $3979 $-1 #
edge $3980 -1 $-1 $3839 0 $3981 0.2895719172308956479 $3836 $3982 forward @7 unknown #
color-adesk-attrib $-1 -1 $-1 $-1 $3694 256 #
vertex $-1 -1 $-1 $3694 $3983 #
coedge $-1 -1 $-1 $3696 $3708 $3984 $3985 forward $264 $-1 #
coedge $-1 -1 $-1 $3984 $3704 $3700 $3842 reversed $3847 $-1 #
edge $3986 -1 $-1 $3844 -0.75 $3707 0.25 $3700 $3987 forward @7 unknown #
color-adesk-attrib $-1 -1 $-1 $-1 $3701 256 #
vertex $-1 -1 $-1 $3701 $3988 #
color-adesk-attrib $-1 -1 $-1 $-1 $3702 256 #
coedge $-1 -1 $-1 $3704 $3984 $3714 $3856 reversed $3847 $-1 #
loop $-1 -1 $-1 $-1 $3704 $3989 #
color-adesk-attrib $-1 -1 $-1 $-1 $3705 256 #
straight-curve $-1 -1 $-1 0.4599942359067066278 -12.9316539330911553 -0.5 -0.9999639744169136479 -0.008488219385113099369 0 F 0 F 0.1600000000000000033 #
point $-1 -1 $-1 0.3000000000000003775 -12.93301204819277217 -0.5 #
coedge $-1 -1 $-1 $3709 $3714 $3708 $3852 reversed $3715 $-1 #
edge $3990 -1 $-1 $3712 0 $3991 0.2895719172308956479 $3851 $3992 forward @7 unknown #
color-adesk-attrib $-1 -1 $-1 $-1 $3710 256 #
straight-curve $-1 -1 $-1 0.2999999999999993783 -13.17301204819277771 -0.25 0 0 1 I I #
point $-1 -1 $-1 0.3000000000000003775 -13.17301204819277416 0.5 #
edge $3993 -1 $-1 $3717 0 $3991 1 $3846 $3994 forward @7 unknown #
face $3995 -1 $-1 $3989 $3715 $8 $-1 $3996 forward single #
point $-1 -1 $-1 0.4599942359067066278 -12.9316539330911553 -0.5 #
color-adesk-attrib $-1 -1 $-1 $-1 $3721 256 #
straight-curve $-1 -1 $-1 0.4599942359067065722 -13.41358164393452768 0.5 -0.9999639744169136479 -0.008488219385113099369 0 I I #
color-adesk-attrib $-1 -1 $-1 $-1 $3725 256 #
plane-surface $-1 -1 $-1 0.4599942359067065722 -13.41358164393452768 -0.5 -0.008488219385113101104 0.99996397441691387 0 -0.99996397441691387 -0.008488219385113101104 0 forward_v I I I I #
point $-1 -1 $-1 0.4599942359067065722 -13.41358164393452768 0.5 #
color-adesk-attrib $-1 -1 $-1 $-1 $3734 256 #
face $3997 -1 $-1 $3998 $3999 $8 $-1 $4000 forward single #
loop $-1 -1 $-1 $-1 $4001 $3734 #
plane-surface $-1 -1 $-1 0.3000000000000020428 13.33301204819277075 -0.5 0.8334997309465151938 -0.5525198625498335403 0 0.5525198625498335403 0.8334997309465151938 0 forward_v I I I I #
coedge $-1 -1 $-1 $4002 $4003 $4004 $4005 forward $3735 $-1 #
coedge $-1 -1 $-1 $4006 $3737 $4003 $4007 forward $3602 $-1 #
coedge $-1 -1 $-1 $3737 $4006 $4008 $4009 reversed $3602 $-1 #
coedge $-1 -1 $-1 $4010 $4004 $3737 $3872 reversed $102 $-1 #
edge $4011 -1 $-1 $4012 0 $4013 0.2895719172308956479 $3737 $4014 forward @7 unknown #
coedge $-1 -1 $-1 $3739 $3738 $3778 $3920 reversed $3471 $-1 #
color-adesk-attrib $-1 -1 $-1 $-1 $3741 256 #
straight-curve $-1 -1 $-1 0.4599942359067082931 14.53822558498113438 -0.5 -0.9999639744169136479 -0.008488219385113099369 0 F 0 F 0.1600000000000000033 #
coedge $-1 -1 $-1 $3778 $4015 $3742 $3877 forward $264 $-1 #
edge $4016 -1 $-1 $3884 0 $3879 0.2895719172308956479 $3742 $4017 forward @7 unknown #
color-adesk-attrib $-1 -1 $-1 $-1 $3743 256 #
vertex $-1 -1 $-1 $3743 $4018 #
straight-curve $-1 -1 $-1 0.4599942359067082931 14.53822558498113438 -0.5 0 0 1 I I #
coedge $-1 -1 $-1 $3766 $3744 $4015 $4019 reversed $3635 $-1 #
coedge $-1 -1 $-1 $3744 $3766 $3746 $3887 reversed $3635 $-1 #
color-adesk-attrib $-1 -1 $-1 $-1 $3745 256 #
vertex $-1 -1 $-1 $3877 $4020 #
straight-curve $-1 -1 $-1 0.3000000000000002665 14.29686746987951196 -0.25 0 0 1 I I #
coedge $-1 -1 $-1 $4021 $3746 $4022 $4023 reversed $102 $-1 #
edge $4024 -1 $-1 $3748 -14.29686746987951551 $4025 -14.29590361445783309 $3882 $277 forward @7 unknown #
point $-1 -1 $-1 0.3000000000000020983 14.29686746987951551 -0.5 #
point $-1 -1 $-1 0.4599942359067082931 14.53822558498113438 -0.5 #
coedge $-1 -1 $-1 $3751 $3777 $3771 $3915 forward $264 $-1 #
color-adesk-attrib $-1 -1 $-1 $-1 $3755 256 #
coedge $-1 -1 $-1 $3758 $3771 $3783 $3923 reversed $3772 $-1 #
color-adesk-attrib $-1 -1 $-1 $-1 $3759 256 #
vertex $-1 -1 $-1 $3759 $4026 #
straight-curve $-1 -1 $-1 0.4599942359067082931 14.77918944040282412 -0.5 -0.9999639744169136479 -0.008488219385113099369 0 F 0 F 0.1600000000000000033 #
point $-1 -1 $-1 0.3000000000000020983 14.77783132530120547 -0.5 #
color-adesk-attrib $-1 -1 $-1 $-1 $3764 256 #
face $4027 -1 $-1 $4028 $4029 $8 $-1 $354 reversed single #
loop $-1 -1 $-1 $-1 $4030 $3764 #
coedge $-1 -1 $-1 $4031 $4032 $4033 $4034 forward $3765 $-1 #
coedge $-1 -1 $-1 $4035 $4022 $3766 $3902 reversed $4036 $-1 #
edge $4037 -1 $-1 $4038 -0.75 $4025 0.25 $3766 $4039 forward @7 unknown #
coedge $-1 -1 $-1 $3768 $3767 $4002 $4040 forward $3501 $-1 #
coedge $-1 -1 $-1 $4041 $4042 $3767 $3905 forward $264 $-1 #
edge $4043 -1 $-1 $4044 14.05493975903614334 $3913 14.05590361445783287 $3767 $352 forward @7 unknown #
coedge $-1 -1 $-1 $4004 $4021 $3768 $3907 forward $102 $-1 #
edge $4045 -1 $-1 $3912 -14.05590361445783287 $4046 -14.05493975903614334 $3768 $277 forward @7 unknown #
coedge $-1 -1 $-1 $4047 $3769 $4021 $4048 forward $3910 $-1 #
coedge $-1 -1 $-1 $3769 $4047 $4041 $4049 reversed $3910 $-1 #
loop $-1 -1 $-1 $-1 $3908 $4050 #
color-adesk-attrib $-1 -1 $-1 $-1 $3770 256 #
vertex $-1 -1 $-1 $3907 $4051 #
vertex $-1 -1 $-1 $4049 $4052 #
straight-curve $-1 -1 $-1 0.3000000000000002665 14.05590361445782932 -0.25 0 0 1 I I #
edge $4053 -1 $-1 $3927 0 $3774 0.1600000000000000033 $3771 $4054 forward @7 unknown #
face $4055 -1 $-1 $3522 $3772 $8 $-1 $4056 forward single #
point $-1 -1 $-1 0.3000000000000020983 14.77783132530120547 0.5 #
color-adesk-attrib $-1 -1 $-1 $-1 $3776 256 #
straight-curve $-1 -1 $-1 0.2999999999999999889 14.5368674698795175 -0.25 0 0 -1 I I #
edge $4057 -1 $-1 $3879 0 $3780 0.1600000000000000033 $3873 $4058 forward @7 unknown #
point $-1 -1 $-1 0.3000000000000020983 14.53686746987951572 0.5 #
point $-1 -1 $-1 0.3000000000000020983 14.53686746987951572 -0.5 #
edge $4059 -1 $-1 $3894 0 $3927 1 $3892 $4060 forward @7 unknown #
color-adesk-attrib $-1 -1 $-1 $-1 $3784 256 #
straight-curve $-1 -1 $-1 0.3000000000000020983 14.53783132530120525 -0.5 0.5525198625498334293 0.8334997309465150828 0 F 0 F 0.2895719172308956479 #
color-adesk-attrib $-1 -1 $-1 $-1 $3785 256 #
vertex $-1 -1 $-1 $3923 $4061 #
straight-curve $-1 -1 $-1 0.3000000000000020983 14.53783132530120525 0.5 0.5525198625498334293 0.8334997309465150828 0 I I #
color-adesk-attrib $-1 -1 $-1 $-1 $3786 256 #
plane-surface $-1 -1 $-1 0.3000000000000020983 14.53783132530120525 -0.5 0.8334997309465151938 -0.5525198625498335403 0 0.5525198625498335403 0.8334997309465151938 0 forward_v I I I I #
color-adesk-attrib $-1 -1 $-1 $-1 $3799 256 #
face $4062 -1 $-1 $4063 $4064 $8 $-1 $4065 forward single #
loop $-1 -1 $-1 $-1 $4066 $3799 #
plane-surface $-1 -1 $-1 0.4599942359067066833 -11.24490694513934841 -0.5 -0.008488219385113101104 0.99996397441691387 0 -0.99996397441691387 -0.008488219385113101104 0 forward_v I I I I #
coedge $-1 -1 $-1 $4067 $4068 $4069 $4070 forward $3800 $-1 #
coedge $-1 -1 $-1 $4071 $3802 $4072 $4073 reversed $3669 $-1 #
coedge $-1 -1 $-1 $3802 $4071 $3803 $3941 reversed $3669 $-1 #
coedge $-1 -1 $-1 $3805 $4074 $3802 $3939 reversed $102 $-1 #
edge $4075 -1 $-1 $3947 0 $4076 0.1600000000000000033 $3802 $4077 forward @7 unknown #
coedge $-1 -1 $-1 $3804 $3803 $4078 $4079 reversed $3536 $-1 #
edge $4080 -1 $-1 $3947 0 $4081 1 $3937 $4082 forward @7 unknown #
coedge $-1 -1 $-1 $4083 $4084 $3804 $3943 forward $4085 $-1 #
edge $4086 -1 $-1 $3946 -0.25 $4087 0.75 $3942 $4088 forward @7 unknown #
coedge $-1 -1 $-1 $4089 $3805 $4084 $4090 forward $102 $-1 #
color-adesk-attrib $-1 -1 $-1 $-1 $3806 256 #
vertex $-1 -1 $-1 $4090 $4091 #
vertex $-1 -1 $-1 $3939 $4092 #
straight-curve $-1 -1 $-1 0.3000000000000004885 -11.96819277108433965 -0.5 0.5525198625498334293 0.8334997309465150828 0 F 0 F 0.2895719172308956479 #
coedge $-1 -1 $-1 $4093 $3814 $3807 $3950 forward $264 $-1 #
edge $4094 -1 $-1 $3817 0 $3955 0.1600000000000000033 $3807 $4095 forward @7 unknown #
coedge $-1 -1 $-1 $4096 $3808 $3810 $3958 reversed $3953 $-1 #
coedge $-1 -1 $-1 $3808 $4096 $4093 $4097 reversed $3953 $-1 #
loop $-1 -1 $-1 $-1 $3808 $4098 #
color-adesk-attrib $-1 -1 $-1 $-1 $3809 256 #
vertex $-1 -1 $-1 $4097 $4099 #
straight-curve $-1 -1 $-1 0.2999999999999999889 -12.2101204819277136 -0.25 0 0 -1 I I #
coedge $-1 -1 $-1 $3810 $4089 $4100 $4101 reversed $102 $-1 #
edge $4102 -1 $-1 $4103 12.2091566265060294 $3812 12.21012048192771005 $3951 $277 forward @7 unknown #
point $-1 -1 $-1 0.300000000000000433 -12.21012048192771005 -0.5 #
coedge $-1 -1 $-1 $3814 $4104 $3819 $3965 forward $264 $-1 #
color-adesk-attrib $-1 -1 $-1 $-1 $3815 256 #
straight-curve $-1 -1 $-1 0.3000000000000004885 -12.45012048192771204 0.5 0.5525198625498334293 0.8334997309465150828 0 I I #
point $-1 -1 $-1 0.4599942359067066278 -12.20876236682609317 0.5 #
coedge $-1 -1 $-1 $3820 $3819 $4105 $4106 forward $3821 $-1 #
edge $4107 -1 $-1 $4108 -12.45108433734939979 $3823 -12.45012048192771204 $3819 $352 forward @7 unknown #
face $4109 -1 $-1 $4098 $3821 $8 $-1 $354 reversed single #
point $-1 -1 $-1 0.300000000000000433 -12.45012048192771204 0.5 #
coedge $-1 -1 $-1 $4105 $4110 $3825 $3969 forward $4111 $-1 #
edge $4112 -1 $-1 $3981 0 $3971 0.1600000000000000033 $3968 $4113 forward @7 unknown #
color-adesk-attrib $-1 -1 $-1 $-1 $3826 256 #
vertex $-1 -1 $-1 $3969 $4114 #
coedge $-1 -1 $-1 $4104 $3829 $4115 $4116 forward $264 $-1 #
coedge $-1 -1 $-1 $3836 $4115 $3832 $3974 reversed $3979 $-1 #
edge $4117 -1 $-1 $3839 -0.25 $3976 0.75 $3832 $4118 forward @7 unknown #
color-adesk-attrib $-1 -1 $-1 $-1 $3833 256 #
vertex $-1 -1 $-1 $4116 $4119 #
color-adesk-attrib $-1 -1 $-1 $-1 $3834 256 #
coedge $-1 -1 $-1 $4115 $3836 $4110 $4120 forward $3979 $-1 #
loop $-1 -1 $-1 $-1 $3836 $4121 #
color-adesk-attrib $-1 -1 $-1 $-1 $3837 256 #
vertex $-1 -1 $-1 $3969 $4122 #
straight-curve $-1 -1 $-1 0.300000000000000433 -12.69108433734940178 -0.5 0.5525198625498334293 0.8334997309465150828 0 F 0 F 0.2895719172308956479 #
point $-1 -1 $-1 0.300000000000000433 -12.69108433734940178 -0.5 #
coedge $-1 -1 $-1 $3846 $3841 $3840 $3985 reversed $3847 $-1 #
edge $4123 -1 $-1 $3991 0 $3844 0.1600000000000000033 $3984 $4124 forward @7 unknown #
color-adesk-attrib $-1 -1 $-1 $-1 $3842 256 #
straight-curve $-1 -1 $-1 0.2999999999999999889 -12.93301204819277395 -0.25 0 0 -1 I I #
point $-1 -1 $-1 0.3000000000000003775 -12.93301204819277217 0.5 #
face $4125 -1 $-1 $3593 $3847 $8 $-1 $4126 forward single #
color-adesk-attrib $-1 -1 $-1 $-1 $3852 256 #
vertex $-1 -1 $-1 $3856 $4127 #
straight-curve $-1 -1 $-1 0.300000000000000433 -13.17301204819277416 0.5 0.5525198625498334293 0.8334997309465150828 0 I I #
color-adesk-attrib $-1 -1 $-1 $-1 $3856 256 #
straight-curve $-1 -1 $-1 0.4599942359067066278 -12.9316539330911553 -0.5 0 0 1 I I #
color-adesk-attrib $-1 -1 $-1 $-1 $3857 256 #
plane-surface $-1 -1 $-1 0.300000000000000433 -13.17301204819277416 -0.5 0.8334997309465151938 -0.5525198625498335403 0 0.5525198625498335403 0.8334997309465151938 0 forward_v I I I I #
color-adesk-attrib $-1 -1 $-1 $-1 $3865 256 #
face $4128 -1 $-1 $4129 $4130 $8 $-1 $4131 forward single #
loop $-1 -1 $-1 $-1 $4132 $3865 #
plane-surface $-1 -1 $-1 0.4599942359067082376 13.57437016329438961 -0.5 -0.008488219385113101104 0.99996397441691387 0 -0.99996397441691387 -0.008488219385113101104 0 forward_v I I I I #
coedge $-1 -1 $-1 $4133 $4134 $4135 $4136 forward $3866 $-1 #
coedge $-1 -1 $-1 $4137 $3868 $3903 $4040 reversed $3735 $-1 #
coedge $-1 -1 $-1 $3868 $4137 $3869 $4007 reversed $3735 $-1 #
coedge $-1 -1 $-1 $3871 $3906 $3868 $4005 reversed $102 $-1 #
edge $4138 -1 $-1 $4013 0 $4046 0.1600000000000000033 $3868 $4139 forward @7 unknown #
coedge $-1 -1 $-1 $3870 $3869 $4140 $4141 reversed $3602 $-1 #
edge $4142 -1 $-1 $4013 0 $4143 1 $4003 $4144 forward @7 unknown #
coedge $-1 -1 $-1 $4145 $4146 $3870 $4009 forward $3899 $-1 #
edge $4147 -1 $-1 $4012 -0.25 $4148 0.75 $4008 $4149 forward @7 unknown #
coedge $-1 -1 $-1 $4150 $3871 $4146 $4151 forward $102 $-1 #
color-adesk-attrib $-1 -1 $-1 $-1 $3872 256 #
vertex $-1 -1 $-1 $4151 $4152 #
vertex $-1 -1 $-1 $4005 $4153 #
straight-curve $-1 -1 $-1 0.3000000000000020428 13.81493975903614313 -0.5 0.5525198625498334293 0.8334997309465150828 0 F 0 F 0.2895719172308956479 #
coedge $-1 -1 $-1 $3876 $4154 $3881 $4019 forward $264 $-1 #
color-adesk-attrib $-1 -1 $-1 $-1 $3877 256 #
straight-curve $-1 -1 $-1 0.3000000000000020983 14.29686746987951551 0.5 0.5525198625498334293 0.8334997309465150828 0 I I #
point $-1 -1 $-1 0.4599942359067082931 14.53822558498113438 0.5 #
edge $4155 -1 $-1 $4038 14.29590361445783309 $3884 14.29686746987951551 $3881 $352 forward @7 unknown #
point $-1 -1 $-1 0.3000000000000020983 14.29686746987951551 0.5 #
coedge $-1 -1 $-1 $3906 $3886 $3908 $4048 reversed $102 $-1 #
coedge $-1 -1 $-1 $3901 $4156 $3886 $4023 forward $4036 $-1 #
edge $4157 -1 $-1 $4158 0 $4025 0.1600000000000000033 $4022 $4159 forward @7 unknown #
color-adesk-attrib $-1 -1 $-1 $-1 $3887 256 #
vertex $-1 -1 $-1 $4023 $4160 #
point $-1 -1 $-1 0.4599942359067082931 14.77918944040282412 -0.5 #
color-adesk-attrib $-1 -1 $-1 $-1 $3898 256 #
face $4161 -1 $-1 $4162 $4163 $8 $-1 $354 reversed single #
loop $-1 -1 $-1 $-1 $4164 $3898 #
coedge $-1 -1 $-1 $4146 $4145 $4165 $4166 forward $3899 $-1 #
coedge $-1 -1 $-1 $4167 $3900 $4168 $4169 reversed $3765 $-1 #
coedge $-1 -1 $-1 $3900 $4167 $4170 $4171 reversed $3765 $-1 #
coedge $-1 -1 $-1 $4172 $4173 $3900 $4034 reversed $4174 $-1 #
edge $4175 -1 $-1 $4176 -0.25 $4177 0.75 $3900 $4178 forward @7 unknown #
coedge $-1 -1 $-1 $4156 $3901 $4154 $4179 reversed $4036 $-1 #
loop $-1 -1 $-1 $-1 $4022 $4180 #
color-adesk-attrib $-1 -1 $-1 $-1 $3902 256 #
vertex $-1 -1 $-1 $4019 $4181 #
straight-curve $-1 -1 $-1 0.2999999999999999889 14.29590361445783486 -0.25 0 0 -1 I I #
edge $4182 -1 $-1 $4044 -0.75 $4046 0.25 $3903 $4183 forward @7 unknown #
coedge $-1 -1 $-1 $4154 $3904 $3909 $4049 forward $264 $-1 #
coedge $-1 -1 $-1 $3904 $4140 $4137 $4184 forward $264 $-1 #
color-adesk-attrib $-1 -1 $-1 $-1 $3905 256 #
vertex $-1 -1 $-1 $3905 $4185 #
color-adesk-attrib $-1 -1 $-1 $-1 $3907 256 #
vertex $-1 -1 $-1 $4005 $4186 #
coedge $-1 -1 $-1 $3909 $3908 $4156 $4187 forward $3910 $-1 #
edge $4188 -1 $-1 $3912 0 $4158 0.2895719172308956479 $3908 $4189 forward @7 unknown #
edge $4190 -1 $-1 $3913 0 $4191 0.2895719172308956479 $3909 $4192 forward @7 unknown #
face $4193 -1 $-1 $4180 $3910 $8 $-1 $4194 forward single #
point $-1 -1 $-1 0.3000000000000020983 14.05590361445783287 -0.5 #
point $-1 -1 $-1 0.3000000000000020428 14.05590361445783287 0.5 #
color-adesk-attrib $-1 -1 $-1 $-1 $3915 256 #
straight-curve $-1 -1 $-1 0.4599942359067082931 14.77918944040282412 0.5 -0.9999639744169136479 -0.008488219385113099369 0 I I #
color-adesk-attrib $-1 -1 $-1 $-1 $3916 256 #
plane-surface $-1 -1 $-1 0.4599942359067082931 14.77918944040282412 -0.5 -0.008488219385113101104 0.99996397441691387 0 -0.99996397441691387 -0.008488219385113101104 0 forward_v I I I I #
color-adesk-attrib $-1 -1 $-1 $-1 $3920 256 #
straight-curve $-1 -1 $-1 0.4599942359067082931 14.53822558498113438 0.5 -0.9999639744169136479 -0.008488219385113099369 0 I I #
color-adesk-attrib $-1 -1 $-1 $-1 $3923 256 #
straight-curve $-1 -1 $-1 0.4599942359067082931 14.77918944040282412 -0.5 0 0 1 I I #
point $-1 -1 $-1 0.4599942359067082931 14.77918944040282412 0.5 #
color-adesk-attrib $-1 -1 $-1 $-1 $3932 256 #
face $4195 -1 $-1 $4196 $4197 $8 $-1 $4198 forward single #
loop $-1 -1 $-1 $-1 $4199 $3932 #
plane-surface $-1 -1 $-1 0.300000000000000544 -11.00433734939759134 -0.5 0.8334997309465151938 -0.5525198625498335403 0 0.5525198625498335403 0.8334997309465151938 0 forward_v I I I I #
coedge $-1 -1 $-1 $4200 $4201 $4202 $4203 forward $3933 $-1 #
coedge $-1 -1 $-1 $4204 $3935 $4201 $4205 forward $3800 $-1 #
coedge $-1 -1 $-1 $3935 $4204 $4206 $4207 reversed $3800 $-1 #
coedge $-1 -1 $-1 $4208 $4202 $3935 $4070 reversed $102 $-1 #
edge $4209 -1 $-1 $4210 0 $4211 0.2895719172308956479 $3935 $4212 forward @7 unknown #
coedge $-1 -1 $-1 $3937 $3936 $4213 $4214 reversed $3669 $-1 #
coedge $-1 -1 $-1 $4215 $4216 $3936 $4073 forward $4217 $-1 #
edge $4218 -1 $-1 $4219 -0.75 $4076 0.25 $4072 $4220 forward @7 unknown #
coedge $-1 -1 $-1 $3938 $4221 $4215 $4222 forward $102 $-1 #
color-adesk-attrib $-1 -1 $-1 $-1 $3939 256 #
vertex $-1 -1 $-1 $3939 $4223 #
straight-curve $-1 -1 $-1 0.4599942359067066833 -11.72683465598272079 -0.5 -0.9999639744169136479 -0.008488219385113099369 0 F 0 F 0.1600000000000000033 #
coedge $-1 -1 $-1 $4213 $4224 $3940 $4079 forward $264 $-1 #
edge $4225 -1 $-1 $4087 0 $4081 0.2895719172308956479 $3940 $4226 forward @7 unknown #
color-adesk-attrib $-1 -1 $-1 $-1 $3941 256 #
vertex $-1 -1 $-1 $3941 $4227 #
straight-curve $-1 -1 $-1 0.4599942359067066833 -11.72683465598272079 -0.5 0 0 1 I I #
coedge $-1 -1 $-1 $4228 $3942 $4224 $4229 reversed $4085 $-1 #
coedge $-1 -1 $-1 $3942 $4228 $3944 $4090 reversed $4085 $-1 #
loop $-1 -1 $-1 $-1 $3942 $4230 #
color-adesk-attrib $-1 -1 $-1 $-1 $3943 256 #
vertex $-1 -1 $-1 $4079 $4231 #
straight-curve $-1 -1 $-1 0.2999999999999993783 -11.96819277108434321 -0.25 0 0 1 I I #
coedge $-1 -1 $-1 $3957 $3944 $4232 $4233 reversed $102 $-1 #
edge $4234 -1 $-1 $3946 11.96819277108433965 $4235 11.96915662650602741 $4084 $277 forward @7 unknown #
point $-1 -1 $-1 0.3000000000000004885 -11.96819277108433965 -0.5 #
point $-1 -1 $-1 0.4599942359067066833 -11.72683465598272079 -0.5 #
coedge $-1 -1 $-1 $4236 $3949 $3952 $4097 forward $264 $-1 #
color-adesk-attrib $-1 -1 $-1 $-1 $3950 256 #
straight-curve $-1 -1 $-1 0.4599942359067066278 -12.20876236682609317 0.5 -0.9999639744169136479 -0.008488219385113099369 0 I I #
coedge $-1 -1 $-1 $3952 $3951 $4237 $4238 forward $3953 $-1 #
edge $4239 -1 $-1 $3955 -12.21012048192771005 $4240 -12.2091566265060294 $3952 $352 forward @7 unknown #
face $4241 -1 $-1 $3702 $3953 $8 $-1 $354 reversed single #
point $-1 -1 $-1 0.300000000000000433 -12.21012048192771005 0.5 #
coedge $-1 -1 $-1 $4242 $4237 $3957 $4101 forward $4243 $-1 #
edge $4244 -1 $-1 $4103 0 $4245 0.2895719172308956479 $4100 $4246 forward @7 unknown #
color-adesk-attrib $-1 -1 $-1 $-1 $3958 256 #
vertex $-1 -1 $-1 $3958 $4247 #
coedge $-1 -1 $-1 $3960 $3972 $4248 $4249 forward $264 $-1 #
coedge $-1 -1 $-1 $4248 $3968 $3964 $4106 reversed $4111 $-1 #
edge $4250 -1 $-1 $4108 -0.75 $3971 0.25 $3964 $4251 forward @7 unknown #
color-adesk-attrib $-1 -1 $-1 $-1 $3965 256 #
vertex $-1 -1 $-1 $3965 $4252 #
color-adesk-attrib $-1 -1 $-1 $-1 $3966 256 #
coedge $-1 -1 $-1 $3968 $4248 $3978 $4120 reversed $4111 $-1 #
loop $-1 -1 $-1 $-1 $3968 $4253 #
color-adesk-attrib $-1 -1 $-1 $-1 $3969 256 #
straight-curve $-1 -1 $-1 0.4599942359067066278 -12.44972622224778291 -0.5 -0.9999639744169136479 -0.008488219385113099369 0 F 0 F 0.1600000000000000033 #
point $-1 -1 $-1 0.300000000000000433 -12.45108433734939979 -0.5 #
coedge $-1 -1 $-1 $3973 $3978 $3972 $4116 reversed $3979 $-1 #
edge $4254 -1 $-1 $3976 0 $4255 0.2895719172308956479 $4115 $4256 forward @7 unknown #
color-adesk-attrib $-1 -1 $-1 $-1 $3974 256 #
straight-curve $-1 -1 $-1 0.2999999999999998224 -12.69108433734940355 -0.25 0 0 1 I I #
point $-1 -1 $-1 0.300000000000000433 -12.69108433734940178 0.5 #
edge $4257 -1 $-1 $3981 0 $4255 1 $4110 $4258 forward @7 unknown #
face $4259 -1 $-1 $4253 $3979 $8 $-1 $4260 forward single #
point $-1 -1 $-1 0.4599942359067066278 -12.44972622224778291 -0.5 #
color-adesk-attrib $-1 -1 $-1 $-1 $3985 256 #
straight-curve $-1 -1 $-1 0.4599942359067066278 -12.9316539330911553 0.5 -0.9999639744169136479 -0.008488219385113099369 0 I I #
color-adesk-attrib $-1 -1 $-1 $-1 $3989 256 #
plane-surface $-1 -1 $-1 0.4599942359067066278 -12.9316539330911553 -0.5 -0.008488219385113101104 0.99996397441691387 0 -0.99996397441691387 -0.008488219385113101104 0 forward_v I I I I #
point $-1 -1 $-1 0.4599942359067066278 -12.9316539330911553 0.5 #
color-adesk-attrib $-1 -1 $-1 $-1 $3998 256 #
face $4261 -1 $-1 $4262 $4263 $8 $-1 $4264 forward single #
loop $-1 -1 $-1 $-1 $4265 $3998 #
plane-surface $-1 -1 $-1 0.3000000000000020428 12.85108433734939837 -0.5 0.8334997309465151938 -0.5525198625498335403 0 0.5525198625498335403 0.8334997309465151938 0 forward_v I I I I #
coedge $-1 -1 $-1 $4266 $4267 $4268 $4269 forward $3999 $-1 #
coedge $-1 -1 $-1 $4270 $4001 $4267 $4271 forward $3866 $-1 #
coedge $-1 -1 $-1 $4001 $4270 $4272 $4273 reversed $3866 $-1 #
coedge $-1 -1 $-1 $4274 $4268 $4001 $4136 reversed $102 $-1 #
edge $4275 -1 $-1 $4276 0 $4277 0.2895719172308956479 $4001 $4278 forward @7 unknown #
coedge $-1 -1 $-1 $4003 $4002 $4042 $4184 reversed $3735 $-1 #
color-adesk-attrib $-1 -1 $-1 $-1 $4005 256 #
straight-curve $-1 -1 $-1 0.4599942359067082376 14.05629787413776199 -0.5 -0.9999639744169136479 -0.008488219385113099369 0 F 0 F 0.1600000000000000033 #
coedge $-1 -1 $-1 $4042 $4279 $4006 $4141 forward $264 $-1 #
edge $4280 -1 $-1 $4148 0 $4143 0.2895719172308956479 $4006 $4281 forward @7 unknown #
color-adesk-attrib $-1 -1 $-1 $-1 $4007 256 #
vertex $-1 -1 $-1 $4007 $4282 #
straight-curve $-1 -1 $-1 0.4599942359067082376 14.05629787413776199 -0.5 0 0 1 I I #
coedge $-1 -1 $-1 $4030 $4008 $4279 $4283 reversed $3899 $-1 #
coedge $-1 -1 $-1 $4008 $4030 $4010 $4151 reversed $3899 $-1 #
color-adesk-attrib $-1 -1 $-1 $-1 $4009 256 #
vertex $-1 -1 $-1 $4141 $4284 #
straight-curve $-1 -1 $-1 0.3000000000000002665 13.81493975903613958 -0.25 0 0 1 I I #
coedge $-1 -1 $-1 $4285 $4010 $4286 $4287 reversed $102 $-1 #
edge $4288 -1 $-1 $4012 -13.81493975903614313 $4289 -13.8139759036144536 $4146 $277 forward @7 unknown #
point $-1 -1 $-1 0.3000000000000020428 13.81493975903614313 -0.5 #
point $-1 -1 $-1 0.4599942359067082376 14.05629787413776199 -0.5 #
coedge $-1 -1 $-1 $4015 $4041 $4035 $4179 forward $264 $-1 #
color-adesk-attrib $-1 -1 $-1 $-1 $4019 256 #
coedge $-1 -1 $-1 $4022 $4035 $4047 $4187 reversed $4036 $-1 #
color-adesk-attrib $-1 -1 $-1 $-1 $4023 256 #
vertex $-1 -1 $-1 $4023 $4290 #
straight-curve $-1 -1 $-1 0.4599942359067082931 14.29726172955945174 -0.5 -0.9999639744169136479 -0.008488219385113099369 0 F 0 F 0.1600000000000000033 #
point $-1 -1 $-1 0.3000000000000020428 14.29590361445783309 -0.5 #
color-adesk-attrib $-1 -1 $-1 $-1 $4028 256 #
face $4291 -1 $-1 $4292 $4293 $8 $-1 $354 reversed single #
loop $-1 -1 $-1 $-1 $4294 $4028 #
coedge $-1 -1 $-1 $4295 $4296 $4297 $4298 forward $4029 $-1 #
coedge $-1 -1 $-1 $4299 $4286 $4030 $4166 reversed $4300 $-1 #
edge $4301 -1 $-1 $4302 -0.75 $4289 0.25 $4030 $4303 forward @7 unknown #
coedge $-1 -1 $-1 $4032 $4031 $4266 $4304 forward $3765 $-1 #
coedge $-1 -1 $-1 $4305 $4306 $4031 $4169 forward $264 $-1 #
edge $4307 -1 $-1 $4308 13.57301204819277096 $4177 13.57397590361445339 $4031 $352 forward @7 unknown #
coedge $-1 -1 $-1 $4268 $4285 $4032 $4171 forward $102 $-1 #
edge $4309 -1 $-1 $4176 -13.57397590361445339 $4310 -13.57301204819277096 $4032 $277 forward @7 unknown #
coedge $-1 -1 $-1 $4311 $4033 $4285 $4312 forward $4174 $-1 #
coedge $-1 -1 $-1 $4033 $4311 $4305 $4313 reversed $4174 $-1 #
loop $-1 -1 $-1 $-1 $4172 $4314 #
color-adesk-attrib $-1 -1 $-1 $-1 $4034 256 #
vertex $-1 -1 $-1 $4171 $4315 #
vertex $-1 -1 $-1 $4313 $4316 #
straight-curve $-1 -1 $-1 0.3000000000000002665 13.57397590361445339 -0.25 0 0 1 I I #
edge $4317 -1 $-1 $4191 0 $4038 0.1600000000000000033 $4035 $4318 forward @7 unknown #
face $4319 -1 $-1 $3786 $4036 $8 $-1 $4320 forward single #
point $-1 -1 $-1 0.3000000000000020428 14.29590361445783309 0.5 #
color-adesk-attrib $-1 -1 $-1 $-1 $4040 256 #
straight-curve $-1 -1 $-1 0.2999999999999999889 14.05493975903614512 -0.25 0 0 -1 I I #
edge $4321 -1 $-1 $4143 0 $4044 0.1600000000000000033 $4137 $4322 forward @7 unknown #
point $-1 -1 $-1 0.3000000000000020428 14.05493975903614334 0.5 #
point $-1 -1 $-1 0.3000000000000020428 14.05493975903614334 -0.5 #
edge $4323 -1 $-1 $4158 0 $4191 1 $4156 $4324 forward @7 unknown #
color-adesk-attrib $-1 -1 $-1 $-1 $4048 256 #
straight-curve $-1 -1 $-1 0.3000000000000020983 14.05590361445783287 -0.5 0.5525198625498334293 0.8334997309465150828 0 F 0 F 0.2895719172308956479 #
color-adesk-attrib $-1 -1 $-1 $-1 $4049 256 #
vertex $-1 -1 $-1 $4187 $4325 #
straight-curve $-1 -1 $-1 0.3000000000000020983 14.05590361445783287 0.5 0.5525198625498334293 0.8334997309465150828 0 I I #
color-adesk-attrib $-1 -1 $-1 $-1 $4050 256 #
plane-surface $-1 -1 $-1 0.3000000000000020983 14.05590361445783287 -0.5 0.8334997309465151938 -0.5525198625498335403 0 0.5525198625498335403 0.8334997309465151938 0 forward_v I I I I #
color-adesk-attrib $-1 -1 $-1 $-1 $4063 256 #
face $4326 -1 $-1 $4327 $4328 $8 $-1 $4329 forward single #
loop $-1 -1 $-1 $-1 $4330 $4063 #
plane-surface $-1 -1 $-1 0.4599942359067067388 -10.76297923429597247 -0.5 -0.008488219385113101104 0.99996397441691387 0 -0.99996397441691387 -0.008488219385113101104 0 forward_v I I I I #
coedge $-1 -1 $-1 $4331 $4332 $4333 $4334 forward $4064 $-1 #
coedge $-1 -1 $-1 $4335 $4066 $4336 $4337 reversed $3933 $-1 #
coedge $-1 -1 $-1 $4066 $4335 $4067 $4205 reversed $3933 $-1 #
coedge $-1 -1 $-1 $4069 $4338 $4066 $4203 reversed $102 $-1 #
edge $4339 -1 $-1 $4211 0 $4340 0.1600000000000000033 $4066 $4341 forward @7 unknown #
coedge $-1 -1 $-1 $4068 $4067 $4342 $4343 reversed $3800 $-1 #
edge $4344 -1 $-1 $4211 0 $4345 1 $4201 $4346 forward @7 unknown #
coedge $-1 -1 $-1 $4347 $4348 $4068 $4207 forward $4349 $-1 #
edge $4350 -1 $-1 $4210 -0.25 $4351 0.75 $4206 $4352 forward @7 unknown #
coedge $-1 -1 $-1 $4353 $4069 $4348 $4354 forward $102 $-1 #
color-adesk-attrib $-1 -1 $-1 $-1 $4070 256 #
vertex $-1 -1 $-1 $4354 $4355 #
vertex $-1 -1 $-1 $4203 $4356 #
straight-curve $-1 -1 $-1 0.3000000000000004885 -11.48626506024096727 -0.5 0.5525198625498334293 0.8334997309465150828 0 F 0 F 0.2895719172308956479 #
coedge $-1 -1 $-1 $4357 $4078 $4071 $4214 forward $264 $-1 #
edge $4358 -1 $-1 $4081 0 $4219 0.1600000000000000033 $4071 $4359 forward @7 unknown #
coedge $-1 -1 $-1 $4360 $4072 $4074 $4222 reversed $4217 $-1 #
coedge $-1 -1 $-1 $4072 $4360 $4357 $4361 reversed $4217 $-1 #
loop $-1 -1 $-1 $-1 $4072 $4362 #
color-adesk-attrib $-1 -1 $-1 $-1 $4073 256 #
vertex $-1 -1 $-1 $4361 $4363 #
straight-curve $-1 -1 $-1 0.3000000000000000444 -11.72819277108434122 -0.25 0 0 -1 I I #
coedge $-1 -1 $-1 $4074 $4353 $4364 $4365 reversed $102 $-1 #
edge $4366 -1 $-1 $4367 11.72722891566264991 $4076 11.72819277108434122 $4215 $277 forward @7 unknown #
point $-1 -1 $-1 0.3000000000000004885 -11.72819277108434122 -0.5 #
coedge $-1 -1 $-1 $4078 $4368 $4083 $4229 forward $264 $-1 #
color-adesk-attrib $-1 -1 $-1 $-1 $4079 256 #
straight-curve $-1 -1 $-1 0.3000000000000004885 -11.96819277108433965 0.5 0.5525198625498334293 0.8334997309465150828 0 I I #
point $-1 -1 $-1 0.4599942359067066833 -11.72683465598272079 0.5 #
coedge $-1 -1 $-1 $4084 $4083 $4369 $4370 forward $4085 $-1 #
edge $4371 -1 $-1 $4372 -11.96915662650602741 $4087 -11.96819277108433965 $4083 $352 forward @7 unknown #
face $4373 -1 $-1 $4362 $4085 $8 $-1 $354 reversed single #
point $-1 -1 $-1 0.3000000000000004885 -11.96819277108433965 0.5 #
coedge $-1 -1 $-1 $4369 $4374 $4089 $4233 forward $4375 $-1 #
edge $4376 -1 $-1 $4245 0 $4235 0.1600000000000000033 $4232 $4377 forward @7 unknown #
color-adesk-attrib $-1 -1 $-1 $-1 $4090 256 #
vertex $-1 -1 $-1 $4233 $4378 #
coedge $-1 -1 $-1 $4368 $4093 $4379 $4380 forward $264 $-1 #
coedge $-1 -1 $-1 $4100 $4379 $4096 $4238 reversed $4243 $-1 #
edge $4381 -1 $-1 $4103 -0.25 $4240 0.75 $4096 $4382 forward @7 unknown #
color-adesk-attrib $-1 -1 $-1 $-1 $4097 256 #
vertex $-1 -1 $-1 $4380 $4383 #
color-adesk-attrib $-1 -1 $-1 $-1 $4098 256 #
coedge $-1 -1 $-1 $4379 $4100 $4374 $4384 forward $4243 $-1 #
loop $-1 -1 $-1 $-1 $4100 $4385 #
color-adesk-attrib $-1 -1 $-1 $-1 $4101 256 #
vertex $-1 -1 $-1 $4233 $4386 #
straight-curve $-1 -1 $-1 0.3000000000000004885 -12.2091566265060294 -0.5 0.5525198625498334293 0.8334997309465150828 0 F 0 F 0.2895719172308956479 #
point $-1 -1 $-1 0.3000000000000004885 -12.2091566265060294 -0.5 #
coedge $-1 -1 $-1 $4110 $4105 $4104 $4249 reversed $4111 $-1 #
edge $4387 -1 $-1 $4255 0 $4108 0.1600000000000000033 $4248 $4388 forward @7 unknown #
color-adesk-attrib $-1 -1 $-1 $-1 $4106 256 #
straight-curve $-1 -1 $-1 0.3000000000000000444 -12.45108433734940157 -0.25 0 0 -1 I I #
point $-1 -1 $-1 0.300000000000000433 -12.45108433734939979 0.5 #
face $4389 -1 $-1 $3857 $4111 $8 $-1 $4390 forward single #
color-adesk-attrib $-1 -1 $-1 $-1 $4116 256 #
vertex $-1 -1 $-1 $4120 $4391 #
straight-curve $-1 -1 $-1 0.300000000000000433 -12.69108433734940178 0.5 0.5525198625498334293 0.8334997309465150828 0 I I #
color-adesk-attrib $-1 -1 $-1 $-1 $4120 256 #
straight-curve $-1 -1 $-1 0.4599942359067066278 -12.44972622224778291 -0.5 0 0 1 I I #
color-adesk-attrib $-1 -1 $-1 $-1 $4121 256 #
plane-surface $-1 -1 $-1 0.300000000000000433 -12.69108433734940178 -0.5 0.8334997309465151938 -0.5525198625498335403 0 0.5525198625498335403 0.8334997309465151938 0 forward_v I I I I #
color-adesk-attrib $-1 -1 $-1 $-1 $4129 256 #
face $4392 -1 $-1 $4393 $4394 $8 $-1 $4395 forward single #
loop $-1 -1 $-1 $-1 $4396 $4129 #
plane-surface $-1 -1 $-1 0.4599942359067081821 13.09244245245101723 -0.5 -0.008488219385113101104 0.99996397441691387 0 -0.99996397441691387 -0.008488219385113101104 0 forward_v I I I I #
coedge $-1 -1 $-1 $4397 $4398 $4399 $4400 forward $4130 $-1 #
coedge $-1 -1 $-1 $4401 $4132 $4167 $4304 reversed $3999 $-1 #
coedge $-1 -1 $-1 $4132 $4401 $4133 $4271 reversed $3999 $-1 #
coedge $-1 -1 $-1 $4135 $4170 $4132 $4269 reversed $102 $-1 #
edge $4402 -1 $-1 $4277 0 $4310 0.1600000000000000033 $4132 $4403 forward @7 unknown #
coedge $-1 -1 $-1 $4134 $4133 $4404 $4405 reversed $3866 $-1 #
edge $4406 -1 $-1 $4277 0 $4407 1 $4267 $4408 forward @7 unknown #
coedge $-1 -1 $-1 $4409 $4410 $4134 $4273 forward $4163 $-1 #
edge $4411 -1 $-1 $4276 -0.25 $4412 0.75 $4272 $4413 forward @7 unknown #
coedge $-1 -1 $-1 $4414 $4135 $4410 $4415 forward $102 $-1 #
color-adesk-attrib $-1 -1 $-1 $-1 $4136 256 #
vertex $-1 -1 $-1 $4415 $4416 #
vertex $-1 -1 $-1 $4269 $4417 #
straight-curve $-1 -1 $-1 0.3000000000000020428 13.33301204819277075 -0.5 0.5525198625498334293 0.8334997309465150828 0 F 0 F 0.2895719172308956479 #
coedge $-1 -1 $-1 $4140 $4418 $4145 $4283 forward $264 $-1 #
color-adesk-attrib $-1 -1 $-1 $-1 $4141 256 #
straight-curve $-1 -1 $-1 0.3000000000000020428 13.81493975903614313 0.5 0.5525198625498334293 0.8334997309465150828 0 I I #
point $-1 -1 $-1 0.4599942359067082376 14.05629787413776199 0.5 #
edge $4419 -1 $-1 $4302 13.8139759036144536 $4148 13.81493975903614313 $4145 $352 forward @7 unknown #
point $-1 -1 $-1 0.3000000000000020428 13.81493975903614313 0.5 #
coedge $-1 -1 $-1 $4170 $4150 $4172 $4312 reversed $102 $-1 #
coedge $-1 -1 $-1 $4165 $4420 $4150 $4287 forward $4300 $-1 #
edge $4421 -1 $-1 $4422 0 $4289 0.1600000000000000033 $4286 $4423 forward @7 unknown #
color-adesk-attrib $-1 -1 $-1 $-1 $4151 256 #
vertex $-1 -1 $-1 $4287 $4424 #
point $-1 -1 $-1 0.4599942359067082931 14.29726172955945174 -0.5 #
color-adesk-attrib $-1 -1 $-1 $-1 $4162 256 #
face $4425 -1 $-1 $4426 $4427 $8 $-1 $354 reversed single #
loop $-1 -1 $-1 $-1 $4428 $4162 #
coedge $-1 -1 $-1 $4410 $4409 $4429 $4430 forward $4163 $-1 #
coedge $-1 -1 $-1 $4431 $4164 $4432 $4433 reversed $4029 $-1 #
coedge $-1 -1 $-1 $4164 $4431 $4434 $4435 reversed $4029 $-1 #
coedge $-1 -1 $-1 $4436 $4437 $4164 $4298 reversed $4438 $-1 #
edge $4439 -1 $-1 $4440 -0.25 $4441 0.75 $4164 $4442 forward @7 unknown #
coedge $-1 -1 $-1 $4420 $4165 $4418 $4443 reversed $4300 $-1 #
loop $-1 -1 $-1 $-1 $4286 $4444 #
color-adesk-attrib $-1 -1 $-1 $-1 $4166 256 #
vertex $-1 -1 $-1 $4283 $4445 #
straight-curve $-1 -1 $-1 0.2999999999999999889 13.81397590361445538 -0.25 0 0 -1 I I #
edge $4446 -1 $-1 $4308 -0.75 $4310 0.25 $4167 $4447 forward @7 unknown #
coedge $-1 -1 $-1 $4418 $4168 $4173 $4313 forward $264 $-1 #
coedge $-1 -1 $-1 $4168 $4404 $4401 $4448 forward $264 $-1 #
color-adesk-attrib $-1 -1 $-1 $-1 $4169 256 #
vertex $-1 -1 $-1 $4169 $4449 #
color-adesk-attrib $-1 -1 $-1 $-1 $4171 256 #
vertex $-1 -1 $-1 $4269 $4450 #
coedge $-1 -1 $-1 $4173 $4172 $4420 $4451 forward $4174 $-1 #
edge $4452 -1 $-1 $4176 0 $4422 0.2895719172308956479 $4172 $4453 forward @7 unknown #
edge $4454 -1 $-1 $4177 0 $4455 0.2895719172308956479 $4173 $4456 forward @7 unknown #
face $4457 -1 $-1 $4444 $4174 $8 $-1 $4458 forward single #
point $-1 -1 $-1 0.3000000000000020428 13.57397590361445339 -0.5 #
point $-1 -1 $-1 0.3000000000000020428 13.57397590361445339 0.5 #
color-adesk-attrib $-1 -1 $-1 $-1 $4179 256 #
straight-curve $-1 -1 $-1 0.4599942359067082931 14.29726172955945174 0.5 -0.9999639744169136479 -0.008488219385113099369 0 I I #
color-adesk-attrib $-1 -1 $-1 $-1 $4180 256 #
plane-surface $-1 -1 $-1 0.4599942359067082931 14.29726172955945174 -0.5 -0.008488219385113101104 0.99996397441691387 0 -0.99996397441691387 -0.008488219385113101104 0 forward_v I I I I #
color-adesk-attrib $-1 -1 $-1 $-1 $4184 256 #
straight-curve $-1 -1 $-1 0.4599942359067082376 14.05629787413776199 0.5 -0.9999639744169136479 -0.008488219385113099369 0 I I #
color-adesk-attrib $-1 -1 $-1 $-1 $4187 256 #
straight-curve $-1 -1 $-1 0.4599942359067082931 14.29726172955945174 -0.5 0 0 1 I I #
point $-1 -1 $-1 0.4599942359067082931 14.29726172955945174 0.5 #
color-adesk-attrib $-1 -1 $-1 $-1 $4196 256 #
face $4459 -1 $-1 $4460 $4461 $8 $-1 $4462 forward single #
loop $-1 -1 $-1 $-1 $4463 $4196 #
plane-surface $-1 -1 $-1 0.3000000000000005995 -10.52240963855421896 -0.5 0.8334997309465151938 -0.5525198625498335403 0 0.5525198625498335403 0.8334997309465151938 0 forward_v I I I I #
coedge $-1 -1 $-1 $4464 $4465 $4466 $4467 forward $4197 $-1 #
coedge $-1 -1 $-1 $4468 $4199 $4465 $4469 forward $4064 $-1 #
coedge $-1 -1 $-1 $4199 $4468 $4470 $4471 reversed $4064 $-1 #
coedge $-1 -1 $-1 $4472 $4466 $4199 $4334 reversed $102 $-1 #
edge $4473 -1 $-1 $4474 0 $4475 0.2895719172308956479 $4199 $4476 forward @7 unknown #
coedge $-1 -1 $-1 $4201 $4200 $4477 $4478 reversed $3933 $-1 #
coedge $-1 -1 $-1 $4479 $4480 $4200 $4337 forward $4481 $-1 #
edge $4482 -1 $-1 $4483 -0.75 $4340 0.25 $4336 $4484 forward @7 unknown #
coedge $-1 -1 $-1 $4202 $4485 $4479 $4486 forward $102 $-1 #
color-adesk-attrib $-1 -1 $-1 $-1 $4203 256 #
vertex $-1 -1 $-1 $4203 $4487 #
straight-curve $-1 -1 $-1 0.4599942359067066833 -11.24490694513934841 -0.5 -0.9999639744169136479 -0.008488219385113099369 0 F 0 F 0.1600000000000000033 #
coedge $-1 -1 $-1 $4477 $4488 $4204 $4343 forward $264 $-1 #
edge $4489 -1 $-1 $4351 0 $4345 0.2895719172308956479 $4204 $4490 forward @7 unknown #
color-adesk-attrib $-1 -1 $-1 $-1 $4205 256 #
vertex $-1 -1 $-1 $4205 $4491 #
straight-curve $-1 -1 $-1 0.4599942359067066833 -11.24490694513934841 -0.5 0 0 1 I I #
coedge $-1 -1 $-1 $4492 $4206 $4488 $4493 reversed $4349 $-1 #
coedge $-1 -1 $-1 $4206 $4492 $4208 $4354 reversed $4349 $-1 #
loop $-1 -1 $-1 $-1 $4206 $4494 #
color-adesk-attrib $-1 -1 $-1 $-1 $4207 256 #
vertex $-1 -1 $-1 $4343 $4495 #
straight-curve $-1 -1 $-1 0.2999999999999993783 -11.48626506024096905 -0.25 0 0 1 I I #
coedge $-1 -1 $-1 $4221 $4208 $4496 $4497 reversed $102 $-1 #
edge $4498 -1 $-1 $4210 11.48626506024096727 $4499 11.48722891566265147 $4348 $277 forward @7 unknown #
point $-1 -1 $-1 0.3000000000000004885 -11.48626506024096727 -0.5 #
point $-1 -1 $-1 0.4599942359067066833 -11.24490694513934841 -0.5 #
coedge $-1 -1 $-1 $4500 $4213 $4216 $4361 forward $264 $-1 #
color-adesk-attrib $-1 -1 $-1 $-1 $4214 256 #
straight-curve $-1 -1 $-1 0.4599942359067066833 -11.72683465598272079 0.5 -0.9999639744169136479 -0.008488219385113099369 0 I I #
coedge $-1 -1 $-1 $4216 $4215 $4501 $4502 forward $4217 $-1 #
edge $4503 -1 $-1 $4219 -11.72819277108434122 $4504 -11.72722891566264991 $4216 $352 forward @7 unknown #
face $4505 -1 $-1 $3966 $4217 $8 $-1 $354 reversed single #
point $-1 -1 $-1 0.3000000000000004885 -11.72819277108434122 0.5 #
coedge $-1 -1 $-1 $4506 $4501 $4221 $4365 forward $4507 $-1 #
edge $4508 -1 $-1 $4367 0 $4509 0.2895719172308956479 $4364 $4510 forward @7 unknown #
color-adesk-attrib $-1 -1 $-1 $-1 $4222 256 #
vertex $-1 -1 $-1 $4222 $4511 #
coedge $-1 -1 $-1 $4224 $4236 $4512 $4513 forward $264 $-1 #
coedge $-1 -1 $-1 $4512 $4232 $4228 $4370 reversed $4375 $-1 #
edge $4514 -1 $-1 $4372 -0.75 $4235 0.25 $4228 $4515 forward @7 unknown #
color-adesk-attrib $-1 -1 $-1 $-1 $4229 256 #
vertex $-1 -1 $-1 $4229 $4516 #
color-adesk-attrib $-1 -1 $-1 $-1 $4230 256 #
coedge $-1 -1 $-1 $4232 $4512 $4242 $4384 reversed $4375 $-1 #
loop $-1 -1 $-1 $-1 $4232 $4517 #
color-adesk-attrib $-1 -1 $-1 $-1 $4233 256 #
straight-curve $-1 -1 $-1 0.4599942359067066278 -11.96779851140441053 -0.5 -0.9999639744169136479 -0.008488219385113099369 0 F 0 F 0.1600000000000000033 #
point $-1 -1 $-1 0.3000000000000004885 -11.96915662650602741 -0.5 #
coedge $-1 -1 $-1 $4237 $4242 $4236 $4380 reversed $4243 $-1 #
edge $4518 -1 $-1 $4240 0 $4519 0.2895719172308956479 $4379 $4520 forward @7 unknown #
color-adesk-attrib $-1 -1 $-1 $-1 $4238 256 #
straight-curve $-1 -1 $-1 0.2999999999999998224 -12.20915662650603295 -0.25 0 0 1 I I #
point $-1 -1 $-1 0.3000000000000004885 -12.2091566265060294 0.5 #
edge $4521 -1 $-1 $4245 0 $4519 1 $4374 $4522 forward @7 unknown #
face $4523 -1 $-1 $4517 $4243 $8 $-1 $4524 forward single #
point $-1 -1 $-1 0.4599942359067066278 -11.96779851140441053 -0.5 #
color-adesk-attrib $-1 -1 $-1 $-1 $4249 256 #
straight-curve $-1 -1 $-1 0.4599942359067066278 -12.44972622224778291 0.5 -0.9999639744169136479 -0.008488219385113099369 0 I I #
color-adesk-attrib $-1 -1 $-1 $-1 $4253 256 #
plane-surface $-1 -1 $-1 0.4599942359067066278 -12.44972622224778291 -0.5 -0.008488219385113101104 0.99996397441691387 0 -0.99996397441691387 -0.008488219385113101104 0 forward_v I I I I #
point $-1 -1 $-1 0.4599942359067066278 -12.44972622224778291 0.5 #
color-adesk-attrib $-1 -1 $-1 $-1 $4262 256 #
face $4525 -1 $-1 $4526 $4527 $8 $-1 $4528 forward single #
loop $-1 -1 $-1 $-1 $4529 $4262 #
plane-surface $-1 -1 $-1 0.3000000000000019873 12.36915662650601888 -0.5 0.8334997309465151938 -0.5525198625498335403 0 0.5525198625498335403 0.8334997309465151938 0 forward_v I I I I #
coedge $-1 -1 $-1 $4530 $4531 $4532 $4533 forward $4263 $-1 #
coedge $-1 -1 $-1 $4534 $4265 $4531 $4535 forward $4130 $-1 #
coedge $-1 -1 $-1 $4265 $4534 $4536 $4537 reversed $4130 $-1 #
coedge $-1 -1 $-1 $4538 $4532 $4265 $4400 reversed $102 $-1 #
edge $4539 -1 $-1 $4540 0 $4541 0.2895719172308956479 $4265 $4542 forward @7 unknown #
coedge $-1 -1 $-1 $4267 $4266 $4306 $4448 reversed $3999 $-1 #
color-adesk-attrib $-1 -1 $-1 $-1 $4269 256 #
straight-curve $-1 -1 $-1 0.4599942359067082376 13.57437016329438961 -0.5 -0.9999639744169136479 -0.008488219385113099369 0 F 0 F 0.1600000000000000033 #
coedge $-1 -1 $-1 $4306 $4543 $4270 $4405 forward $264 $-1 #
edge $4544 -1 $-1 $4412 0 $4407 0.2895719172308956479 $4270 $4545 forward @7 unknown #
color-adesk-attrib $-1 -1 $-1 $-1 $4271 256 #
vertex $-1 -1 $-1 $4271 $4546 #
straight-curve $-1 -1 $-1 0.4599942359067082376 13.57437016329438961 -0.5 0 0 1 I I #
coedge $-1 -1 $-1 $4294 $4272 $4543 $4547 reversed $4163 $-1 #
coedge $-1 -1 $-1 $4272 $4294 $4274 $4415 reversed $4163 $-1 #
color-adesk-attrib $-1 -1 $-1 $-1 $4273 256 #
vertex $-1 -1 $-1 $4405 $4548 #
straight-curve $-1 -1 $-1 0.2999999999999998224 13.33301204819276897 -0.25 0 0 1 I I #
coedge $-1 -1 $-1 $4549 $4274 $4550 $4551 reversed $102 $-1 #
edge $4552 -1 $-1 $4276 -13.33301204819277075 $4553 -13.33204819277108122 $4410 $277 forward @7 unknown #
point $-1 -1 $-1 0.3000000000000020428 13.33301204819277075 -0.5 #
point $-1 -1 $-1 0.4599942359067082376 13.57437016329438961 -0.5 #
coedge $-1 -1 $-1 $4279 $4305 $4299 $4443 forward $264 $-1 #
color-adesk-attrib $-1 -1 $-1 $-1 $4283 256 #
coedge $-1 -1 $-1 $4286 $4299 $4311 $4451 reversed $4300 $-1 #
color-adesk-attrib $-1 -1 $-1 $-1 $4287 256 #
vertex $-1 -1 $-1 $4287 $4554 #
straight-curve $-1 -1 $-1 0.4599942359067082376 13.81533401871607225 -0.5 -0.9999639744169136479 -0.008488219385113099369 0 F 0 F 0.1600000000000000033 #
point $-1 -1 $-1 0.3000000000000020428 13.8139759036144536 -0.5 #
color-adesk-attrib $-1 -1 $-1 $-1 $4292 256 #
face $4555 -1 $-1 $4556 $4557 $8 $-1 $354 reversed single #
loop $-1 -1 $-1 $-1 $4558 $4292 #
coedge $-1 -1 $-1 $4559 $4560 $4561 $4562 forward $4293 $-1 #
coedge $-1 -1 $-1 $4563 $4550 $4294 $4430 reversed $4564 $-1 #
edge $4565 -1 $-1 $4566 -0.75 $4553 0.25 $4294 $4567 forward @7 unknown #
coedge $-1 -1 $-1 $4296 $4295 $4530 $4568 forward $4029 $-1 #
coedge $-1 -1 $-1 $4569 $4570 $4295 $4433 forward $264 $-1 #
edge $4571 -1 $-1 $4572 13.09108433734939858 $4441 13.09204819277108101 $4295 $352 forward @7 unknown #
coedge $-1 -1 $-1 $4532 $4549 $4296 $4435 forward $102 $-1 #
edge $4573 -1 $-1 $4440 -13.09204819277108101 $4574 -13.09108433734939858 $4296 $277 forward @7 unknown #
coedge $-1 -1 $-1 $4575 $4297 $4549 $4576 forward $4438 $-1 #
coedge $-1 -1 $-1 $4297 $4575 $4569 $4577 reversed $4438 $-1 #
loop $-1 -1 $-1 $-1 $4436 $4578 #
color-adesk-attrib $-1 -1 $-1 $-1 $4298 256 #
vertex $-1 -1 $-1 $4435 $4579 #
vertex $-1 -1 $-1 $4577 $4580 #
straight-curve $-1 -1 $-1 0.3000000000000002665 13.09204819277107745 -0.25 0 0 1 I I #
edge $4581 -1 $-1 $4455 0 $4302 0.1600000000000000033 $4299 $4582 forward @7 unknown #
face $4583 -1 $-1 $4050 $4300 $8 $-1 $4584 forward single #
point $-1 -1 $-1 0.3000000000000020428 13.8139759036144536 0.5 #
color-adesk-attrib $-1 -1 $-1 $-1 $4304 256 #
straight-curve $-1 -1 $-1 0.2999999999999999889 13.57301204819277274 -0.25 0 0 -1 I I #
edge $4585 -1 $-1 $4407 0 $4308 0.1600000000000000033 $4401 $4586 forward @7 unknown #
point $-1 -1 $-1 0.3000000000000020428 13.57301204819277096 0.5 #
point $-1 -1 $-1 0.3000000000000020428 13.57301204819277096 -0.5 #
edge $4587 -1 $-1 $4422 0 $4455 1 $4420 $4588 forward @7 unknown #
color-adesk-attrib $-1 -1 $-1 $-1 $4312 256 #
straight-curve $-1 -1 $-1 0.3000000000000020428 13.57397590361445339 -0.5 0.5525198625498334293 0.8334997309465150828 0 F 0 F 0.2895719172308956479 #
color-adesk-attrib $-1 -1 $-1 $-1 $4313 256 #
vertex $-1 -1 $-1 $4451 $4589 #
straight-curve $-1 -1 $-1 0.3000000000000020428 13.57397590361445339 0.5 0.5525198625498334293 0.8334997309465150828 0 I I #
color-adesk-attrib $-1 -1 $-1 $-1 $4314 256 #
plane-surface $-1 -1 $-1 0.3000000000000020428 13.57397590361445339 -0.5 0.8334997309465151938 -0.5525198625498335403 0 0.5525198625498335403 0.8334997309465151938 0 forward_v I I I I #
color-adesk-attrib $-1 -1 $-1 $-1 $4327 256 #
face $4590 -1 $-1 $4591 $4592 $8 $-1 $4593 forward single #
loop $-1 -1 $-1 $-1 $4594 $4327 #
plane-surface $-1 -1 $-1 0.4599942359067067388 -10.28105152345260009 -0.5 -0.008488219385113101104 0.99996397441691387 0 -0.99996397441691387 -0.008488219385113101104 0 forward_v I I I I #
coedge $-1 -1 $-1 $4595 $4596 $4597 $4598 forward $4328 $-1 #
coedge $-1 -1 $-1 $4599 $4330 $4600 $4601 reversed $4197 $-1 #
coedge $-1 -1 $-1 $4330 $4599 $4331 $4469 reversed $4197 $-1 #
coedge $-1 -1 $-1 $4333 $4602 $4330 $4467 reversed $102 $-1 #
edge $4603 -1 $-1 $4475 0 $4604 0.1600000000000000033 $4330 $4605 forward @7 unknown #
coedge $-1 -1 $-1 $4332 $4331 $4606 $4607 reversed $4064 $-1 #
edge $4608 -1 $-1 $4475 0 $4609 1 $4465 $4610 forward @7 unknown #
coedge $-1 -1 $-1 $4611 $4612 $4332 $4471 forward $4613 $-1 #
edge $4614 -1 $-1 $4474 -0.25 $4615 0.75 $4470 $4616 forward @7 unknown #
coedge $-1 -1 $-1 $4617 $4333 $4612 $4618 forward $102 $-1 #
color-adesk-attrib $-1 -1 $-1 $-1 $4334 256 #
vertex $-1 -1 $-1 $4618 $4619 #
vertex $-1 -1 $-1 $4467 $4620 #
straight-curve $-1 -1 $-1 0.300000000000000544 -11.00433734939759134 -0.5 0.5525198625498334293 0.8334997309465150828 0 F 0 F 0.2895719172308956479 #
coedge $-1 -1 $-1 $4621 $4342 $4335 $4478 forward $264 $-1 #
edge $4622 -1 $-1 $4345 0 $4483 0.1600000000000000033 $4335 $4623 forward @7 unknown #
coedge $-1 -1 $-1 $4624 $4336 $4338 $4486 reversed $4481 $-1 #
coedge $-1 -1 $-1 $4336 $4624 $4621 $4625 reversed $4481 $-1 #
loop $-1 -1 $-1 $-1 $4336 $4626 #
color-adesk-attrib $-1 -1 $-1 $-1 $4337 256 #
vertex $-1 -1 $-1 $4625 $4627 #
straight-curve $-1 -1 $-1 0.2999999999999999889 -11.24626506024096706 -0.25 0 0 -1 I I #
coedge $-1 -1 $-1 $4338 $4617 $4628 $4629 reversed $102 $-1 #
edge $4630 -1 $-1 $4631 11.24530120481927753 $4340 11.24626506024096884 $4479 $277 forward @7 unknown #
point $-1 -1 $-1 0.3000000000000004885 -11.24626506024096884 -0.5 #
coedge $-1 -1 $-1 $4342 $4632 $4347 $4493 forward $264 $-1 #
color-adesk-attrib $-1 -1 $-1 $-1 $4343 256 #
straight-curve $-1 -1 $-1 0.3000000000000004885 -11.48626506024096727 0.5 0.5525198625498334293 0.8334997309465150828 0 I I #
point $-1 -1 $-1 0.4599942359067066833 -11.24490694513934841 0.5 #
coedge $-1 -1 $-1 $4348 $4347 $4633 $4634 forward $4349 $-1 #
edge $4635 -1 $-1 $4636 -11.48722891566265147 $4351 -11.48626506024096727 $4347 $352 forward @7 unknown #
face $4637 -1 $-1 $4626 $4349 $8 $-1 $354 reversed single #
point $-1 -1 $-1 0.3000000000000004885 -11.48626506024096727 0.5 #
coedge $-1 -1 $-1 $4633 $4638 $4353 $4497 forward $4639 $-1 #
edge $4640 -1 $-1 $4509 0 $4499 0.1600000000000000033 $4496 $4641 forward @7 unknown #
color-adesk-attrib $-1 -1 $-1 $-1 $4354 256 #
vertex $-1 -1 $-1 $4497 $4642 #
coedge $-1 -1 $-1 $4632 $4357 $4643 $4644 forward $264 $-1 #
coedge $-1 -1 $-1 $4364 $4643 $4360 $4502 reversed $4507 $-1 #
edge $4645 -1 $-1 $4367 -0.25 $4504 0.75 $4360 $4646 forward @7 unknown #
color-adesk-attrib $-1 -1 $-1 $-1 $4361 256 #
vertex $-1 -1 $-1 $4644 $4647 #
color-adesk-attrib $-1 -1 $-1 $-1 $4362 256 #
coedge $-1 -1 $-1 $4643 $4364 $4638 $4648 forward $4507 $-1 #
loop $-1 -1 $-1 $-1 $4364 $4649 #
color-adesk-attrib $-1 -1 $-1 $-1 $4365 256 #
vertex $-1 -1 $-1 $4497 $4650 #
straight-curve $-1 -1 $-1 0.3000000000000004885 -11.72722891566264991 -0.5 0.5525198625498334293 0.8334997309465150828 0 F 0 F 0.2895719172308956479 #
point $-1 -1 $-1 0.3000000000000004885 -11.72722891566264991 -0.5 #
coedge $-1 -1 $-1 $4374 $4369 $4368 $4513 reversed $4375 $-1 #
edge $4651 -1 $-1 $4519 0 $4372 0.1600000000000000033 $4512 $4652 forward @7 unknown #
color-adesk-attrib $-1 -1 $-1 $-1 $4370 256 #
straight-curve $-1 -1 $-1 0.2999999999999999889 -11.96915662650602918 -0.25 0 0 -1 I I #
point $-1 -1 $-1 0.3000000000000004885 -11.96915662650602741 0.5 #
face $4653 -1 $-1 $4121 $4375 $8 $-1 $4654 forward single #
color-adesk-attrib $-1 -1 $-1 $-1 $4380 256 #
vertex $-1 -1 $-1 $4384 $4655 #
straight-curve $-1 -1 $-1 0.3000000000000004885 -12.2091566265060294 0.5 0.5525198625498334293 0.8334997309465150828 0 I I #
color-adesk-attrib $-1 -1 $-1 $-1 $4384 256 #
straight-curve $-1 -1 $-1 0.4599942359067066278 -11.96779851140441053 -0.5 0 0 1 I I #
color-adesk-attrib $-1 -1 $-1 $-1 $4385 256 #
plane-surface $-1 -1 $-1 0.3000000000000004885 -12.2091566265060294 -0.5 0.8334997309465151938 -0.5525198625498335403 0 0.5525198625498335403 0.8334997309465151938 0 forward_v I I I I #
color-adesk-attrib $-1 -1 $-1 $-1 $4393 256 #
face $4656 -1 $-1 $4657 $4658 $8 $-1 $4659 forward single #
loop $-1 -1 $-1 $-1 $4660 $4393 #
plane-surface $-1 -1 $-1 0.4599942359067081821 12.61051474160763775 -0.5 -0.008488219385113101104 0.99996397441691387 0 -0.99996397441691387 -0.008488219385113101104 0 forward_v I I I I #
coedge $-1 -1 $-1 $4661 $4662 $4663 $4664 forward $4394 $-1 #
coedge $-1 -1 $-1 $4665 $4396 $4431 $4568 reversed $4263 $-1 #
coedge $-1 -1 $-1 $4396 $4665 $4397 $4535 reversed $4263 $-1 #
coedge $-1 -1 $-1 $4399 $4434 $4396 $4533 reversed $102 $-1 #
edge $4666 -1 $-1 $4541 0 $4574 0.1600000000000000033 $4396 $4667 forward @7 unknown #
coedge $-1 -1 $-1 $4398 $4397 $4668 $4669 reversed $4130 $-1 #
edge $4670 -1 $-1 $4541 0 $4671 1 $4531 $4672 forward @7 unknown #
coedge $-1 -1 $-1 $4673 $4674 $4398 $4537 forward $4427 $-1 #
edge $4675 -1 $-1 $4540 -0.25 $4676 0.75 $4536 $4677 forward @7 unknown #
coedge $-1 -1 $-1 $4678 $4399 $4674 $4679 forward $102 $-1 #
color-adesk-attrib $-1 -1 $-1 $-1 $4400 256 #
vertex $-1 -1 $-1 $4679 $4680 #
vertex $-1 -1 $-1 $4533 $4681 #
straight-curve $-1 -1 $-1 0.3000000000000020428 12.85108433734939837 -0.5 0.5525198625498334293 0.8334997309465150828 0 F 0 F 0.2895719172308956479 #
coedge $-1 -1 $-1 $4404 $4682 $4409 $4547 forward $264 $-1 #
color-adesk-attrib $-1 -1 $-1 $-1 $4405 256 #
straight-curve $-1 -1 $-1 0.3000000000000020428 13.33301204819277075 0.5 0.5525198625498334293 0.8334997309465150828 0 I I #
point $-1 -1 $-1 0.4599942359067082376 13.57437016329438961 0.5 #
edge $4683 -1 $-1 $4566 13.33204819277108122 $4412 13.33301204819277075 $4409 $352 forward @7 unknown #
point $-1 -1 $-1 0.3000000000000020428 13.33301204819277075 0.5 #
coedge $-1 -1 $-1 $4434 $4414 $4436 $4576 reversed $102 $-1 #
coedge $-1 -1 $-1 $4429 $4684 $4414 $4551 forward $4564 $-1 #
edge $4685 -1 $-1 $4686 0 $4553 0.1600000000000000033 $4550 $4687 forward @7 unknown #
color-adesk-attrib $-1 -1 $-1 $-1 $4415 256 #
vertex $-1 -1 $-1 $4551 $4688 #
point $-1 -1 $-1 0.4599942359067082376 13.81533401871607225 -0.5 #
color-adesk-attrib $-1 -1 $-1 $-1 $4426 256 #
face $4689 -1 $-1 $4690 $4691 $8 $-1 $354 reversed single #
loop $-1 -1 $-1 $-1 $4692 $4426 #
coedge $-1 -1 $-1 $4674 $4673 $4693 $4694 forward $4427 $-1 #
coedge $-1 -1 $-1 $4695 $4428 $4696 $4697 reversed $4293 $-1 #
coedge $-1 -1 $-1 $4428 $4695 $4698 $4699 reversed $4293 $-1 #
coedge $-1 -1 $-1 $4700 $4701 $4428 $4562 reversed $4702 $-1 #
edge $4703 -1 $-1 $4704 -0.25 $4705 0.75 $4428 $4706 forward @7 unknown #
coedge $-1 -1 $-1 $4684 $4429 $4682 $4707 reversed $4564 $-1 #
loop $-1 -1 $-1 $-1 $4550 $4708 #
color-adesk-attrib $-1 -1 $-1 $-1 $4430 256 #
vertex $-1 -1 $-1 $4547 $4709 #
straight-curve $-1 -1 $-1 0.2999999999999999889 13.332048192771083 -0.25 0 0 -1 I I #
edge $4710 -1 $-1 $4572 -0.75 $4574 0.25 $4431 $4711 forward @7 unknown #
coedge $-1 -1 $-1 $4682 $4432 $4437 $4577 forward $264 $-1 #
coedge $-1 -1 $-1 $4432 $4668 $4665 $4712 forward $264 $-1 #
color-adesk-attrib $-1 -1 $-1 $-1 $4433 256 #
vertex $-1 -1 $-1 $4433 $4713 #
color-adesk-attrib $-1 -1 $-1 $-1 $4435 256 #
vertex $-1 -1 $-1 $4533 $4714 #
coedge $-1 -1 $-1 $4437 $4436 $4684 $4715 forward $4438 $-1 #
edge $4716 -1 $-1 $4440 0 $4686 0.2895719172308956479 $4436 $4717 forward @7 unknown #
edge $4718 -1 $-1 $4441 0 $4719 0.2895719172308956479 $4437 $4720 forward @7 unknown #
face $4721 -1 $-1 $4708 $4438 $8 $-1 $4722 forward single #
point $-1 -1 $-1 0.3000000000000020428 13.09204819277108101 -0.5 #
point $-1 -1 $-1 0.3000000000000020428 13.09204819277108101 0.5 #
color-adesk-attrib $-1 -1 $-1 $-1 $4443 256 #
straight-curve $-1 -1 $-1 0.4599942359067082376 13.81533401871607225 0.5 -0.9999639744169136479 -0.008488219385113099369 0 I I #
color-adesk-attrib $-1 -1 $-1 $-1 $4444 256 #
plane-surface $-1 -1 $-1 0.4599942359067082376 13.81533401871607225 -0.5 -0.008488219385113101104 0.99996397441691387 0 -0.99996397441691387 -0.008488219385113101104 0 forward_v I I I I #
color-adesk-attrib $-1 -1 $-1 $-1 $4448 256 #
straight-curve $-1 -1 $-1 0.4599942359067082376 13.57437016329438961 0.5 -0.9999639744169136479 -0.008488219385113099369 0 I I #
color-adesk-attrib $-1 -1 $-1 $-1 $4451 256 #
straight-curve $-1 -1 $-1 0.4599942359067082376 13.81533401871607225 -0.5 0 0 1 I I #
point $-1 -1 $-1 0.4599942359067082376 13.81533401871607225 0.5 #
color-adesk-attrib $-1 -1 $-1 $-1 $4460 256 #
face $4723 -1 $-1 $4724 $4725 $8 $-1 $4726 forward single #
loop $-1 -1 $-1 $-1 $4727 $4460 #
plane-surface $-1 -1 $-1 0.3000000000000005995 -10.04048192771084302 -0.5 0.8334997309465151938 -0.5525198625498335403 0 0.5525198625498335403 0.8334997309465151938 0 forward_v I I I I #
coedge $-1 -1 $-1 $4728 $4729 $4730 $4731 forward $4461 $-1 #
coedge $-1 -1 $-1 $4732 $4463 $4729 $4733 forward $4328 $-1 #
coedge $-1 -1 $-1 $4463 $4732 $4734 $4735 reversed $4328 $-1 #
coedge $-1 -1 $-1 $4736 $4730 $4463 $4598 reversed $102 $-1 #
edge $4737 -1 $-1 $4738 0 $4739 0.2895719172308956479 $4463 $4740 forward @7 unknown #
coedge $-1 -1 $-1 $4465 $4464 $4741 $4742 reversed $4197 $-1 #
coedge $-1 -1 $-1 $4743 $4744 $4464 $4601 forward $4745 $-1 #
edge $4746 -1 $-1 $4747 -0.75 $4604 0.25 $4600 $4748 forward @7 unknown #
coedge $-1 -1 $-1 $4466 $4749 $4743 $4750 forward $102 $-1 #
color-adesk-attrib $-1 -1 $-1 $-1 $4467 256 #
vertex $-1 -1 $-1 $4467 $4751 #
straight-curve $-1 -1 $-1 0.4599942359067067388 -10.76297923429597247 -0.5 -0.9999639744169136479 -0.008488219385113099369 0 F 0 F 0.1600000000000000033 #
coedge $-1 -1 $-1 $4741 $4752 $4468 $4607 forward $264 $-1 #
edge $4753 -1 $-1 $4615 0 $4609 0.2895719172308956479 $4468 $4754 forward @7 unknown #
color-adesk-attrib $-1 -1 $-1 $-1 $4469 256 #
vertex $-1 -1 $-1 $4469 $4755 #
straight-curve $-1 -1 $-1 0.4599942359067067388 -10.76297923429597247 -0.5 0 0 1 I I #
coedge $-1 -1 $-1 $4756 $4470 $4752 $4757 reversed $4613 $-1 #
coedge $-1 -1 $-1 $4470 $4756 $4472 $4618 reversed $4613 $-1 #
loop $-1 -1 $-1 $-1 $4470 $4758 #
color-adesk-attrib $-1 -1 $-1 $-1 $4471 256 #
vertex $-1 -1 $-1 $4607 $4759 #
straight-curve $-1 -1 $-1 0.2999999999999998224 -11.00433734939759489 -0.25 0 0 1 I I #
coedge $-1 -1 $-1 $4485 $4472 $4760 $4761 reversed $102 $-1 #
edge $4762 -1 $-1 $4474 11.00433734939759134 $4763 11.00530120481927909 $4612 $277 forward @7 unknown #
point $-1 -1 $-1 0.300000000000000544 -11.00433734939759134 -0.5 #
point $-1 -1 $-1 0.4599942359067067388 -10.76297923429597247 -0.5 #
coedge $-1 -1 $-1 $4764 $4477 $4480 $4625 forward $264 $-1 #
color-adesk-attrib $-1 -1 $-1 $-1 $4478 256 #
straight-curve $-1 -1 $-1 0.4599942359067066833 -11.24490694513934841 0.5 -0.9999639744169136479 -0.008488219385113099369 0 I I #
coedge $-1 -1 $-1 $4480 $4479 $4765 $4766 forward $4481 $-1 #
edge $4767 -1 $-1 $4483 -11.24626506024096884 $4768 -11.24530120481927753 $4480 $352 forward @7 unknown #
face $4769 -1 $-1 $4230 $4481 $8 $-1 $354 reversed single #
point $-1 -1 $-1 0.3000000000000004885 -11.24626506024096884 0.5 #
coedge $-1 -1 $-1 $4770 $4765 $4485 $4629 forward $4771 $-1 #
edge $4772 -1 $-1 $4631 0 $4773 0.2895719172308956479 $4628 $4774 forward @7 unknown #
color-adesk-attrib $-1 -1 $-1 $-1 $4486 256 #
vertex $-1 -1 $-1 $4486 $4775 #
coedge $-1 -1 $-1 $4488 $4500 $4776 $4777 forward $264 $-1 #
coedge $-1 -1 $-1 $4776 $4496 $4492 $4634 reversed $4639 $-1 #
edge $4778 -1 $-1 $4636 -0.75 $4499 0.25 $4492 $4779 forward @7 unknown #
color-adesk-attrib $-1 -1 $-1 $-1 $4493 256 #
vertex $-1 -1 $-1 $4493 $4780 #
color-adesk-attrib $-1 -1 $-1 $-1 $4494 256 #
coedge $-1 -1 $-1 $4496 $4776 $4506 $4648 reversed $4639 $-1 #
loop $-1 -1 $-1 $-1 $4496 $4781 #
color-adesk-attrib $-1 -1 $-1 $-1 $4497 256 #
straight-curve $-1 -1 $-1 0.4599942359067066833 -11.48587080056103105 -0.5 -0.9999639744169136479 -0.008488219385113099369 0 F 0 F 0.1600000000000000033 #
point $-1 -1 $-1 0.3000000000000004885 -11.48722891566265147 -0.5 #
coedge $-1 -1 $-1 $4501 $4506 $4500 $4644 reversed $4507 $-1 #
edge $4782 -1 $-1 $4504 0 $4783 0.2895719172308956479 $4643 $4784 forward @7 unknown #
color-adesk-attrib $-1 -1 $-1 $-1 $4502 256 #
straight-curve $-1 -1 $-1 0.2999999999999993783 -11.72722891566265346 -0.25 0 0 1 I I #
point $-1 -1 $-1 0.3000000000000004885 -11.72722891566264991 0.5 #
edge $4785 -1 $-1 $4509 0 $4783 1 $4638 $4786 forward @7 unknown #
face $4787 -1 $-1 $4781 $4507 $8 $-1 $4788 forward single #
point $-1 -1 $-1 0.4599942359067066833 -11.48587080056103105 -0.5 #
color-adesk-attrib $-1 -1 $-1 $-1 $4513 256 #
straight-curve $-1 -1 $-1 0.4599942359067066278 -11.96779851140441053 0.5 -0.9999639744169136479 -0.008488219385113099369 0 I I #
color-adesk-attrib $-1 -1 $-1 $-1 $4517 256 #
plane-surface $-1 -1 $-1 0.4599942359067066278 -11.96779851140441053 -0.5 -0.008488219385113101104 0.99996397441691387 0 -0.99996397441691387 -0.008488219385113101104 0 forward_v I I I I #
point $-1 -1 $-1 0.4599942359067066278 -11.96779851140441053 0.5 #
color-adesk-attrib $-1 -1 $-1 $-1 $4526 256 #
face $4789 -1 $-1 $4790 $4791 $8 $-1 $4792 forward single #
loop $-1 -1 $-1 $-1 $4793 $4526 #
plane-surface $-1 -1 $-1 0.3000000000000019318 11.88722891566265005 -0.5 0.8334997309465151938 -0.5525198625498335403 0 0.5525198625498335403 0.8334997309465151938 0 forward_v I I I I #
coedge $-1 -1 $-1 $4794 $4795 $4796 $4797 forward $4527 $-1 #
coedge $-1 -1 $-1 $4798 $4529 $4795 $4799 forward $4394 $-1 #
coedge $-1 -1 $-1 $4529 $4798 $4800 $4801 reversed $4394 $-1 #
coedge $-1 -1 $-1 $4802 $4796 $4529 $4664 reversed $102 $-1 #
edge $4803 -1 $-1 $4804 0 $4805 0.2895719172308956479 $4529 $4806 forward @7 unknown #
coedge $-1 -1 $-1 $4531 $4530 $4570 $4712 reversed $4263 $-1 #
color-adesk-attrib $-1 -1 $-1 $-1 $4533 256 #
straight-curve $-1 -1 $-1 0.4599942359067081821 13.09244245245101723 -0.5 -0.9999639744169136479 -0.008488219385113099369 0 F 0 F 0.1600000000000000033 #
coedge $-1 -1 $-1 $4570 $4807 $4534 $4669 forward $264 $-1 #
edge $4808 -1 $-1 $4676 0 $4671 0.2895719172308956479 $4534 $4809 forward @7 unknown #
color-adesk-attrib $-1 -1 $-1 $-1 $4535 256 #
vertex $-1 -1 $-1 $4535 $4810 #
straight-curve $-1 -1 $-1 0.4599942359067081821 13.09244245245101723 -0.5 0 0 1 I I #
coedge $-1 -1 $-1 $4558 $4536 $4807 $4811 reversed $4427 $-1 #
coedge $-1 -1 $-1 $4536 $4558 $4538 $4679 reversed $4427 $-1 #
color-adesk-attrib $-1 -1 $-1 $-1 $4537 256 #
vertex $-1 -1 $-1 $4669 $4812 #
straight-curve $-1 -1 $-1 0.2999999999999998224 12.85108433734939481 -0.25 0 0 1 I I #
coedge $-1 -1 $-1 $4813 $4538 $4814 $4815 reversed $102 $-1 #
edge $4816 -1 $-1 $4540 -12.85108433734939837 $4817 -12.85012048192770884 $4674 $277 forward @7 unknown #
point $-1 -1 $-1 0.3000000000000020428 12.85108433734939837 -0.5 #
point $-1 -1 $-1 0.4599942359067081821 13.09244245245101723 -0.5 #
coedge $-1 -1 $-1 $4543 $4569 $4563 $4707 forward $264 $-1 #
color-adesk-attrib $-1 -1 $-1 $-1 $4547 256 #
coedge $-1 -1 $-1 $4550 $4563 $4575 $4715 reversed $4564 $-1 #
color-adesk-attrib $-1 -1 $-1 $-1 $4551 256 #
vertex $-1 -1 $-1 $4551 $4818 #
straight-curve $-1 -1 $-1 0.4599942359067081821 13.33340630787269987 -0.5 -0.9999639744169136479 -0.008488219385113099369 0 F 0 F 0.1600000000000000033 #
point $-1 -1 $-1 0.3000000000000020428 13.33204819277108122 -0.5 #
color-adesk-attrib $-1 -1 $-1 $-1 $4556 256 #
face $4819 -1 $-1 $4820 $4821 $8 $-1 $354 reversed single #
loop $-1 -1 $-1 $-1 $4822 $4556 #
coedge $-1 -1 $-1 $4823 $4824 $4825 $4826 forward $4557 $-1 #
coedge $-1 -1 $-1 $4827 $4814 $4558 $4694 reversed $4828 $-1 #
edge $4829 -1 $-1 $4830 -0.75 $4817 0.25 $4558 $4831 forward @7 unknown #
coedge $-1 -1 $-1 $4560 $4559 $4794 $4832 forward $4293 $-1 #
coedge $-1 -1 $-1 $4833 $4834 $4559 $4697 forward $264 $-1 #
edge $4835 -1 $-1 $4836 12.60915662650601909 $4705 12.61012048192770862 $4559 $352 forward @7 unknown #
coedge $-1 -1 $-1 $4796 $4813 $4560 $4699 forward $102 $-1 #
edge $4837 -1 $-1 $4704 -12.61012048192770862 $4838 -12.60915662650601909 $4560 $277 forward @7 unknown #
coedge $-1 -1 $-1 $4839 $4561 $4813 $4840 forward $4702 $-1 #
coedge $-1 -1 $-1 $4561 $4839 $4833 $4841 reversed $4702 $-1 #
loop $-1 -1 $-1 $-1 $4700 $4842 #
color-adesk-attrib $-1 -1 $-1 $-1 $4562 256 #
vertex $-1 -1 $-1 $4699 $4843 #
vertex $-1 -1 $-1 $4841 $4844 #
straight-curve $-1 -1 $-1 0.3000000000000002665 12.61012048192770507 -0.25 0 0 1 I I #
edge $4845 -1 $-1 $4719 0 $4566 0.1600000000000000033 $4563 $4846 forward @7 unknown #
face $4847 -1 $-1 $4314 $4564 $8 $-1 $4848 forward single #
point $-1 -1 $-1 0.3000000000000020428 13.33204819277108122 0.5 #
color-adesk-attrib $-1 -1 $-1 $-1 $4568 256 #
straight-curve $-1 -1 $-1 0.2999999999999999889 13.09108433734940213 -0.25 0 0 -1 I I #
edge $4849 -1 $-1 $4671 0 $4572 0.1600000000000000033 $4665 $4850 forward @7 unknown #
point $-1 -1 $-1 0.3000000000000019873 13.09108433734939858 0.5 #
point $-1 -1 $-1 0.3000000000000019873 13.09108433734939858 -0.5 #
edge $4851 -1 $-1 $4686 0 $4719 1 $4684 $4852 forward @7 unknown #
color-adesk-attrib $-1 -1 $-1 $-1 $4576 256 #
straight-curve $-1 -1 $-1 0.3000000000000020428 13.09204819277108101 -0.5 0.5525198625498334293 0.8334997309465150828 0 F 0 F 0.2895719172308956479 #
color-adesk-attrib $-1 -1 $-1 $-1 $4577 256 #
vertex $-1 -1 $-1 $4715 $4853 #
straight-curve $-1 -1 $-1 0.3000000000000020428 13.09204819277108101 0.5 0.5525198625498334293 0.8334997309465150828 0 I I #
color-adesk-attrib $-1 -1 $-1 $-1 $4578 256 #
plane-surface $-1 -1 $-1 0.3000000000000020428 13.09204819277108101 -0.5 0.8334997309465151938 -0.5525198625498335403 0 0.5525198625498335403 0.8334997309465151938 0 forward_v I I I I #
color-adesk-attrib $-1 -1 $-1 $-1 $4591 256 #
face $4854 -1 $-1 $4855 $4856 $8 $-1 $4857 forward single #
loop $-1 -1 $-1 $-1 $4858 $4591 #
plane-surface $-1 -1 $-1 0.4599942359067067943 -9.79912381260922416 -0.5 -0.008488219385113101104 0.99996397441691387 0 -0.99996397441691387 -0.008488219385113101104 0 forward_v I I I I #
coedge $-1 -1 $-1 $4859 $4860 $4861 $4862 forward $4592 $-1 #
coedge $-1 -1 $-1 $4863 $4594 $4864 $4865 reversed $4461 $-1 #
coedge $-1 -1 $-1 $4594 $4863 $4595 $4733 reversed $4461 $-1 #
coedge $-1 -1 $-1 $4597 $4866 $4594 $4731 reversed $102 $-1 #
edge $4867 -1 $-1 $4739 0 $4868 0.1600000000000000033 $4594 $4869 forward @7 unknown #
coedge $-1 -1 $-1 $4596 $4595 $4870 $4871 reversed $4328 $-1 #
edge $4872 -1 $-1 $4739 0 $4873 1 $4729 $4874 forward @7 unknown #
coedge $-1 -1 $-1 $4875 $4876 $4596 $4735 forward $4877 $-1 #
edge $4878 -1 $-1 $4738 -0.25 $4879 0.75 $4734 $4880 forward @7 unknown #
coedge $-1 -1 $-1 $4881 $4597 $4876 $4882 forward $102 $-1 #
color-adesk-attrib $-1 -1 $-1 $-1 $4598 256 #
vertex $-1 -1 $-1 $4882 $4883 #
vertex $-1 -1 $-1 $4731 $4884 #
straight-curve $-1 -1 $-1 0.3000000000000005995 -10.52240963855421896 -0.5 0.5525198625498334293 0.8334997309465150828 0 F 0 F 0.2895719172308956479 #
coedge $-1 -1 $-1 $4885 $4606 $4599 $4742 forward $264 $-1 #
edge $4886 -1 $-1 $4609 0 $4747 0.1600000000000000033 $4599 $4887 forward @7 unknown #
coedge $-1 -1 $-1 $4888 $4600 $4602 $4750 reversed $4745 $-1 #
coedge $-1 -1 $-1 $4600 $4888 $4885 $4889 reversed $4745 $-1 #
loop $-1 -1 $-1 $-1 $4600 $4890 #
color-adesk-attrib $-1 -1 $-1 $-1 $4601 256 #
vertex $-1 -1 $-1 $4889 $4891 #
straight-curve $-1 -1 $-1 0.3000000000000000444 -10.76433734939759113 -0.25 0 0 -1 I I #
coedge $-1 -1 $-1 $4602 $4881 $4892 $4893 reversed $102 $-1 #
edge $4894 -1 $-1 $4895 10.76337349397590515 $4604 10.7643373493975929 $4743 $277 forward @7 unknown #
point $-1 -1 $-1 0.300000000000000544 -10.7643373493975929 -0.5 #
coedge $-1 -1 $-1 $4606 $4896 $4611 $4757 forward $264 $-1 #
color-adesk-attrib $-1 -1 $-1 $-1 $4607 256 #
straight-curve $-1 -1 $-1 0.300000000000000544 -11.00433734939759134 0.5 0.5525198625498334293 0.8334997309465150828 0 I I #
point $-1 -1 $-1 0.4599942359067067388 -10.76297923429597247 0.5 #
coedge $-1 -1 $-1 $4612 $4611 $4897 $4898 forward $4613 $-1 #
edge $4899 -1 $-1 $4900 -11.00530120481927909 $4615 -11.00433734939759134 $4611 $352 forward @7 unknown #
face $4901 -1 $-1 $4890 $4613 $8 $-1 $354 reversed single #
point $-1 -1 $-1 0.300000000000000544 -11.00433734939759134 0.5 #
coedge $-1 -1 $-1 $4897 $4902 $4617 $4761 forward $4903 $-1 #
edge $4904 -1 $-1 $4773 0 $4763 0.1600000000000000033 $4760 $4905 forward @7 unknown #
color-adesk-attrib $-1 -1 $-1 $-1 $4618 256 #
vertex $-1 -1 $-1 $4761 $4906 #
coedge $-1 -1 $-1 $4896 $4621 $4907 $4908 forward $264 $-1 #
coedge $-1 -1 $-1 $4628 $4907 $4624 $4766 reversed $4771 $-1 #
edge $4909 -1 $-1 $4631 -0.25 $4768 0.75 $4624 $4910 forward @7 unknown #
color-adesk-attrib $-1 -1 $-1 $-1 $4625 256 #
vertex $-1 -1 $-1 $4908 $4911 #
color-adesk-attrib $-1 -1 $-1 $-1 $4626 256 #
coedge $-1 -1 $-1 $4907 $4628 $4902 $4912 forward $4771 $-1 #
loop $-1 -1 $-1 $-1 $4628 $4913 #
color-adesk-attrib $-1 -1 $-1 $-1 $4629 256 #
vertex $-1 -1 $-1 $4761 $4914 #
straight-curve $-1 -1 $-1 0.300000000000000544 -11.24530120481927753 -0.5 0.5525198625498334293 0.8334997309465150828 0 F 0 F 0.2895719172308956479 #
point $-1 -1 $-1 0.300000000000000544 -11.24530120481927753 -0.5 #
coedge $-1 -1 $-1 $4638 $4633 $4632 $4777 reversed $4639 $-1 #
edge $4915 -1 $-1 $4783 0 $4636 0.1600000000000000033 $4776 $4916 forward @7 unknown #
color-adesk-attrib $-1 -1 $-1 $-1 $4634 256 #
straight-curve $-1 -1 $-1 0.2999999999999999889 -11.4872289156626497 -0.25 0 0 -1 I I #
point $-1 -1 $-1 0.3000000000000004885 -11.48722891566265147 0.5 #
face $4917 -1 $-1 $4385 $4639 $8 $-1 $4918 forward single #
color-adesk-attrib $-1 -1 $-1 $-1 $4644 256 #
vertex $-1 -1 $-1 $4648 $4919 #
straight-curve $-1 -1 $-1 0.3000000000000004885 -11.72722891566264991 0.5 0.5525198625498334293 0.8334997309465150828 0 I I #
color-adesk-attrib $-1 -1 $-1 $-1 $4648 256 #
straight-curve $-1 -1 $-1 0.4599942359067066833 -11.48587080056103105 -0.5 0 0 1 I I #
color-adesk-attrib $-1 -1 $-1 $-1 $4649 256 #
plane-surface $-1 -1 $-1 0.3000000000000004885 -11.72722891566264991 -0.5 0.8334997309465151938 -0.5525198625498335403 0 0.5525198625498335403 0.8334997309465151938 0 forward_v I I I I #
color-adesk-attrib $-1 -1 $-1 $-1 $4657 256 #
face $4920 -1 $-1 $4921 $4922 $8 $-1 $4923 forward single #
loop $-1 -1 $-1 $-1 $4924 $4657 #
plane-surface $-1 -1 $-1 0.4599942359067081266 12.12858703076426892 -0.5 -0.008488219385113101104 0.99996397441691387 0 -0.99996397441691387 -0.008488219385113101104 0 forward_v I I I I #
coedge $-1 -1 $-1 $4925 $4926 $4927 $4928 forward $4658 $-1 #
coedge $-1 -1 $-1 $4929 $4660 $4695 $4832 reversed $4527 $-1 #
coedge $-1 -1 $-1 $4660 $4929 $4661 $4799 reversed $4527 $-1 #
coedge $-1 -1 $-1 $4663 $4698 $4660 $4797 reversed $102 $-1 #
edge $4930 -1 $-1 $4805 0 $4838 0.1600000000000000033 $4660 $4931 forward @7 unknown #
coedge $-1 -1 $-1 $4662 $4661 $4932 $4933 reversed $4394 $-1 #
edge $4934 -1 $-1 $4805 0 $4935 1 $4795 $4936 forward @7 unknown #
coedge $-1 -1 $-1 $4937 $4938 $4662 $4801 forward $4691 $-1 #
edge $4939 -1 $-1 $4804 -0.25 $4940 0.75 $4800 $4941 forward @7 unknown #
coedge $-1 -1 $-1 $4942 $4663 $4938 $4943 forward $102 $-1 #
color-adesk-attrib $-1 -1 $-1 $-1 $4664 256 #
vertex $-1 -1 $-1 $4943 $4944 #
vertex $-1 -1 $-1 $4797 $4945 #
straight-curve $-1 -1 $-1 0.3000000000000019873 12.36915662650601888 -0.5 0.5525198625498334293 0.8334997309465150828 0 F 0 F 0.2895719172308956479 #
coedge $-1 -1 $-1 $4668 $4946 $4673 $4811 forward $264 $-1 #
color-adesk-attrib $-1 -1 $-1 $-1 $4669 256 #
straight-curve $-1 -1 $-1 0.3000000000000020428 12.85108433734939837 0.5 0.5525198625498334293 0.8334997309465150828 0 I I #
point $-1 -1 $-1 0.4599942359067081821 13.09244245245101723 0.5 #
edge $4947 -1 $-1 $4830 12.85012048192770884 $4676 12.85108433734939837 $4673 $352 forward @7 unknown #
point $-1 -1 $-1 0.3000000000000019873 12.85108433734939837 0.5 #
coedge $-1 -1 $-1 $4698 $4678 $4700 $4840 reversed $102 $-1 #
coedge $-1 -1 $-1 $4693 $4948 $4678 $4815 forward $4828 $-1 #
edge $4949 -1 $-1 $4950 0 $4817 0.1600000000000000033 $4814 $4951 forward @7 unknown #
color-adesk-attrib $-1 -1 $-1 $-1 $4679 256 #
vertex $-1 -1 $-1 $4815 $4952 #
point $-1 -1 $-1 0.4599942359067081821 13.33340630787269987 -0.5 #
color-adesk-attrib $-1 -1 $-1 $-1 $4690 256 #
face $4953 -1 $-1 $4954 $4955 $8 $-1 $354 reversed single #
loop $-1 -1 $-1 $-1 $4956 $4690 #
coedge $-1 -1 $-1 $4938 $4937 $4957 $4958 forward $4691 $-1 #
coedge $-1 -1 $-1 $4959 $4692 $4960 $4961 reversed $4557 $-1 #
coedge $-1 -1 $-1 $4692 $4959 $4962 $4963 reversed $4557 $-1 #
coedge $-1 -1 $-1 $4964 $4965 $4692 $4826 reversed $4966 $-1 #
edge $4967 -1 $-1 $4968 -0.25 $4969 0.75 $4692 $4970 forward @7 unknown #
coedge $-1 -1 $-1 $4948 $4693 $4946 $4971 reversed $4828 $-1 #
loop $-1 -1 $-1 $-1 $4814 $4972 #
color-adesk-attrib $-1 -1 $-1 $-1 $4694 256 #
vertex $-1 -1 $-1 $4811 $4973 #
straight-curve $-1 -1 $-1 0.2999999999999999889 12.85012048192771061 -0.25 0 0 -1 I I #
edge $4974 -1 $-1 $4836 -0.75 $4838 0.25 $4695 $4975 forward @7 unknown #
coedge $-1 -1 $-1 $4946 $4696 $4701 $4841 forward $264 $-1 #
coedge $-1 -1 $-1 $4696 $4932 $4929 $4976 forward $264 $-1 #
color-adesk-attrib $-1 -1 $-1 $-1 $4697 256 #
vertex $-1 -1 $-1 $4697 $4977 #
color-adesk-attrib $-1 -1 $-1 $-1 $4699 256 #
vertex $-1 -1 $-1 $4797 $4978 #
coedge $-1 -1 $-1 $4701 $4700 $4948 $4979 forward $4702 $-1 #
edge $4980 -1 $-1 $4704 0 $4950 0.2895719172308956479 $4700 $4981 forward @7 unknown #
edge $4982 -1 $-1 $4705 0 $4983 0.2895719172308956479 $4701 $4984 forward @7 unknown #
face $4985 -1 $-1 $4972 $4702 $8 $-1 $4986 forward single #
point $-1 -1 $-1 0.3000000000000019873 12.61012048192770862 -0.5 #
point $-1 -1 $-1 0.3000000000000019873 12.61012048192770862 0.5 #
color-adesk-attrib $-1 -1 $-1 $-1 $4707 256 #
straight-curve $-1 -1 $-1 0.4599942359067081821 13.33340630787269987 0.5 -0.9999639744169136479 -0.008488219385113099369 0 I I #
color-adesk-attrib $-1 -1 $-1 $-1 $4708 256 #
plane-surface $-1 -1 $-1 0.4599942359067081821 13.33340630787269987 -0.5 -0.008488219385113101104 0.99996397441691387 0 -0.99996397441691387 -0.008488219385113101104 0 forward_v I I I I #
color-adesk-attrib $-1 -1 $-1 $-1 $4712 256 #
straight-curve $-1 -1 $-1 0.4599942359067081821 13.09244245245101723 0.5 -0.9999639744169136479 -0.008488219385113099369 0 I I #
color-adesk-attrib $-1 -1 $-1 $-1 $4715 256 #
straight-curve $-1 -1 $-1 0.4599942359067081821 13.33340630787269987 -0.5 0 0 1 I I #
point $-1 -1 $-1 0.4599942359067081821 13.33340630787269987 0.5 #
color-adesk-attrib $-1 -1 $-1 $-1 $4724 256 #
face $4987 -1 $-1 $4988 $4989 $8 $-1 $4990 forward single #
loop $-1 -1 $-1 $-1 $4991 $4724 #
plane-surface $-1 -1 $-1 0.300000000000000655 -9.558554216867470643 -0.5 0.8334997309465151938 -0.5525198625498335403 0 0.5525198625498335403 0.8334997309465151938 0 forward_v I I I I #
coedge $-1 -1 $-1 $4992 $4993 $4994 $4995 forward $4725 $-1 #
coedge $-1 -1 $-1 $4996 $4727 $4993 $4997 forward $4592 $-1 #
coedge $-1 -1 $-1 $4727 $4996 $4998 $4999 reversed $4592 $-1 #
coedge $-1 -1 $-1 $5000 $4994 $4727 $4862 reversed $102 $-1 #
edge $5001 -1 $-1 $5002 0 $5003 0.2895719172308956479 $4727 $5004 forward @7 unknown #
coedge $-1 -1 $-1 $4729 $4728 $5005 $5006 reversed $4461 $-1 #
coedge $-1 -1 $-1 $5007 $5008 $4728 $4865 forward $5009 $-1 #
edge $5010 -1 $-1 $5011 -0.75 $4868 0.25 $4864 $5012 forward @7 unknown #
coedge $-1 -1 $-1 $4730 $5013 $5007 $5014 forward $102 $-1 #
color-adesk-attrib $-1 -1 $-1 $-1 $4731 256 #
vertex $-1 -1 $-1 $4731 $5015 #
straight-curve $-1 -1 $-1 0.4599942359067067388 -10.28105152345260009 -0.5 -0.9999639744169136479 -0.008488219385113099369 0 F 0 F 0.1600000000000000033 #
coedge $-1 -1 $-1 $5005 $5016 $4732 $4871 forward $264 $-1 #
edge $5017 -1 $-1 $4879 0 $4873 0.2895719172308956479 $4732 $5018 forward @7 unknown #
color-adesk-attrib $-1 -1 $-1 $-1 $4733 256 #
vertex $-1 -1 $-1 $4733 $5019 #
straight-curve $-1 -1 $-1 0.4599942359067067388 -10.28105152345260009 -0.5 0 0 1 I I #
coedge $-1 -1 $-1 $5020 $4734 $5016 $5021 reversed $4877 $-1 #
coedge $-1 -1 $-1 $4734 $5020 $4736 $4882 reversed $4877 $-1 #
loop $-1 -1 $-1 $-1 $4734 $5022 #
color-adesk-attrib $-1 -1 $-1 $-1 $4735 256 #
vertex $-1 -1 $-1 $4871 $5023 #
straight-curve $-1 -1 $-1 0.2999999999999993783 -10.52240963855422073 -0.25 0 0 1 I I #
coedge $-1 -1 $-1 $4749 $4736 $5024 $5025 reversed $102 $-1 #
edge $5026 -1 $-1 $4738 10.52240963855421896 $5027 10.52337349397590671 $4876 $277 forward @7 unknown #
point $-1 -1 $-1 0.3000000000000005995 -10.52240963855421896 -0.5 #
point $-1 -1 $-1 0.4599942359067067388 -10.28105152345260009 -0.5 #
coedge $-1 -1 $-1 $5028 $4741 $4744 $4889 forward $264 $-1 #
color-adesk-attrib $-1 -1 $-1 $-1 $4742 256 #
straight-curve $-1 -1 $-1 0.4599942359067067388 -10.76297923429597247 0.5 -0.9999639744169136479 -0.008488219385113099369 0 I I #
coedge $-1 -1 $-1 $4744 $4743 $5029 $5030 forward $4745 $-1 #
edge $5031 -1 $-1 $4747 -10.7643373493975929 $5032 -10.76337349397590515 $4744 $352 forward @7 unknown #
face $5033 -1 $-1 $4494 $4745 $8 $-1 $354 reversed single #
point $-1 -1 $-1 0.300000000000000544 -10.7643373493975929 0.5 #
coedge $-1 -1 $-1 $5034 $5029 $4749 $4893 forward $5035 $-1 #
edge $5036 -1 $-1 $4895 0 $5037 0.2895719172308956479 $4892 $5038 forward @7 unknown #
color-adesk-attrib $-1 -1 $-1 $-1 $4750 256 #
vertex $-1 -1 $-1 $4750 $5039 #
coedge $-1 -1 $-1 $4752 $4764 $5040 $5041 forward $264 $-1 #
coedge $-1 -1 $-1 $5040 $4760 $4756 $4898 reversed $4903 $-1 #
edge $5042 -1 $-1 $4900 -0.75 $4763 0.25 $4756 $5043 forward @7 unknown #
color-adesk-attrib $-1 -1 $-1 $-1 $4757 256 #
vertex $-1 -1 $-1 $4757 $5044 #
color-adesk-attrib $-1 -1 $-1 $-1 $4758 256 #
coedge $-1 -1 $-1 $4760 $5040 $4770 $4912 reversed $4903 $-1 #
loop $-1 -1 $-1 $-1 $4760 $5045 #
color-adesk-attrib $-1 -1 $-1 $-1 $4761 256 #
straight-curve $-1 -1 $-1 0.4599942359067067388 -11.00394308971765867 -0.5 -0.9999639744169136479 -0.008488219385113099369 0 F 0 F 0.1600000000000000033 #
point $-1 -1 $-1 0.3000000000000004885 -11.00530120481927909 -0.5 #
coedge $-1 -1 $-1 $4765 $4770 $4764 $4908 reversed $4771 $-1 #
edge $5046 -1 $-1 $4768 0 $5047 0.2895719172308956479 $4907 $5048 forward @7 unknown #
color-adesk-attrib $-1 -1 $-1 $-1 $4766 256 #
straight-curve $-1 -1 $-1 0.2999999999999993783 -11.24530120481928108 -0.25 0 0 1 I I #
point $-1 -1 $-1 0.3000000000000004885 -11.24530120481927753 0.5 #
edge $5049 -1 $-1 $4773 0 $5047 1 $4902 $5050 forward @7 unknown #
face $5051 -1 $-1 $5045 $4771 $8 $-1 $5052 forward single #
point $-1 -1 $-1 0.4599942359067067388 -11.00394308971765867 -0.5 #
color-adesk-attrib $-1 -1 $-1 $-1 $4777 256 #
straight-curve $-1 -1 $-1 0.4599942359067066833 -11.48587080056103105 0.5 -0.9999639744169136479 -0.008488219385113099369 0 I I #
color-adesk-attrib $-1 -1 $-1 $-1 $4781 256 #
plane-surface $-1 -1 $-1 0.4599942359067066833 -11.48587080056103105 -0.5 -0.008488219385113101104 0.99996397441691387 0 -0.99996397441691387 -0.008488219385113101104 0 forward_v I I I I #
point $-1 -1 $-1 0.4599942359067066833 -11.48587080056103105 0.5 #
color-adesk-attrib $-1 -1 $-1 $-1 $4790 256 #
face $5053 -1 $-1 $5054 $5055 $8 $-1 $5056 forward single #
loop $-1 -1 $-1 $-1 $5057 $4790 #
plane-surface $-1 -1 $-1 0.3000000000000019318 11.40530120481927412 -0.5 0.8334997309465151938 -0.5525198625498335403 0 0.5525198625498335403 0.8334997309465151938 0 forward_v I I I I #
coedge $-1 -1 $-1 $5058 $5059 $5060 $5061 forward $4791 $-1 #
coedge $-1 -1 $-1 $5062 $4793 $5059 $5063 forward $4658 $-1 #
coedge $-1 -1 $-1 $4793 $5062 $5064 $5065 reversed $4658 $-1 #
coedge $-1 -1 $-1 $5066 $5060 $4793 $4928 reversed $102 $-1 #
edge $5067 -1 $-1 $5068 0 $5069 0.2895719172308956479 $4793 $5070 forward @7 unknown #
coedge $-1 -1 $-1 $4795 $4794 $4834 $4976 reversed $4527 $-1 #
color-adesk-attrib $-1 -1 $-1 $-1 $4797 256 #
straight-curve $-1 -1 $-1 0.4599942359067081821 12.61051474160763775 -0.5 -0.9999639744169136479 -0.008488219385113099369 0 F 0 F 0.1600000000000000033 #
coedge $-1 -1 $-1 $4834 $5071 $4798 $4933 forward $264 $-1 #
edge $5072 -1 $-1 $4940 0 $4935 0.2895719172308956479 $4798 $5073 forward @7 unknown #
color-adesk-attrib $-1 -1 $-1 $-1 $4799 256 #
vertex $-1 -1 $-1 $4799 $5074 #
straight-curve $-1 -1 $-1 0.4599942359067081821 12.61051474160763775 -0.5 0 0 1 I I #
coedge $-1 -1 $-1 $4822 $4800 $5071 $5075 reversed $4691 $-1 #
coedge $-1 -1 $-1 $4800 $4822 $4802 $4943 reversed $4691 $-1 #
color-adesk-attrib $-1 -1 $-1 $-1 $4801 256 #
vertex $-1 -1 $-1 $4933 $5076 #
straight-curve $-1 -1 $-1 0.2999999999999998224 12.3691566265060171 -0.25 0 0 1 I I #
coedge $-1 -1 $-1 $5077 $4802 $5078 $5079 reversed $102 $-1 #
edge $5080 -1 $-1 $4804 -12.36915662650601888 $5081 -12.36819277108433646 $4938 $277 forward @7 unknown #
point $-1 -1 $-1 0.3000000000000019873 12.36915662650601888 -0.5 #
point $-1 -1 $-1 0.4599942359067081821 12.61051474160763775 -0.5 #
coedge $-1 -1 $-1 $4807 $4833 $4827 $4971 forward $264 $-1 #
color-adesk-attrib $-1 -1 $-1 $-1 $4811 256 #
coedge $-1 -1 $-1 $4814 $4827 $4839 $4979 reversed $4828 $-1 #
color-adesk-attrib $-1 -1 $-1 $-1 $4815 256 #
vertex $-1 -1 $-1 $4815 $5082 #
straight-curve $-1 -1 $-1 0.4599942359067081821 12.85147859702932749 -0.5 -0.9999639744169136479 -0.008488219385113099369 0 F 0 F 0.1600000000000000033 #
point $-1 -1 $-1 0.3000000000000019873 12.85012048192770884 -0.5 #
color-adesk-attrib $-1 -1 $-1 $-1 $4820 256 #
face $5083 -1 $-1 $5084 $5085 $8 $-1 $354 reversed single #
loop $-1 -1 $-1 $-1 $5086 $4820 #
coedge $-1 -1 $-1 $5087 $5088 $5089 $5090 forward $4821 $-1 #
coedge $-1 -1 $-1 $5091 $5078 $4822 $4958 reversed $5092 $-1 #
edge $5093 -1 $-1 $5094 -0.75 $5081 0.25 $4822 $5095 forward @7 unknown #
coedge $-1 -1 $-1 $4824 $4823 $5058 $5096 forward $4557 $-1 #
coedge $-1 -1 $-1 $5097 $5098 $4823 $4961 forward $264 $-1 #
edge $5099 -1 $-1 $5100 12.12722891566265027 $4969 12.12819277108433624 $4823 $352 forward @7 unknown #
coedge $-1 -1 $-1 $5060 $5077 $4824 $4963 forward $102 $-1 #
edge $5101 -1 $-1 $4968 -12.12819277108433624 $5102 -12.12722891566265027 $4824 $277 forward @7 unknown #
coedge $-1 -1 $-1 $5103 $4825 $5077 $5104 forward $4966 $-1 #
coedge $-1 -1 $-1 $4825 $5103 $5097 $5105 reversed $4966 $-1 #
loop $-1 -1 $-1 $-1 $4964 $5106 #
color-adesk-attrib $-1 -1 $-1 $-1 $4826 256 #
vertex $-1 -1 $-1 $4963 $5107 #
vertex $-1 -1 $-1 $5105 $5108 #
straight-curve $-1 -1 $-1 0.2999999999999998224 12.12819277108433624 -0.25 0 0 1 I I #
edge $5109 -1 $-1 $4983 0 $4830 0.1600000000000000033 $4827 $5110 forward @7 unknown #
face $5111 -1 $-1 $4578 $4828 $8 $-1 $5112 forward single #
point $-1 -1 $-1 0.3000000000000019873 12.85012048192770884 0.5 #
color-adesk-attrib $-1 -1 $-1 $-1 $4832 256 #
straight-curve $-1 -1 $-1 0.2999999999999999889 12.60915662650602087 -0.25 0 0 -1 I I #
edge $5113 -1 $-1 $4935 0 $4836 0.1600000000000000033 $4929 $5114 forward @7 unknown #
point $-1 -1 $-1 0.3000000000000019318 12.60915662650601909 0.5 #
point $-1 -1 $-1 0.3000000000000019318 12.60915662650601909 -0.5 #
edge $5115 -1 $-1 $4950 0 $4983 1 $4948 $5116 forward @7 unknown #
color-adesk-attrib $-1 -1 $-1 $-1 $4840 256 #
straight-curve $-1 -1 $-1 0.3000000000000019873 12.61012048192770862 -0.5 0.5525198625498334293 0.8334997309465150828 0 F 0 F 0.2895719172308956479 #
color-adesk-attrib $-1 -1 $-1 $-1 $4841 256 #
vertex $-1 -1 $-1 $4979 $5117 #
straight-curve $-1 -1 $-1 0.3000000000000019873 12.61012048192770862 0.5 0.5525198625498334293 0.8334997309465150828 0 I I #
color-adesk-attrib $-1 -1 $-1 $-1 $4842 256 #
plane-surface $-1 -1 $-1 0.3000000000000019873 12.61012048192770862 -0.5 0.8334997309465151938 -0.5525198625498335403 0 0.5525198625498335403 0.8334997309465151938 0 forward_v I I I I #
color-adesk-attrib $-1 -1 $-1 $-1 $4855 256 #
face $5118 -1 $-1 $5119 $5120 $8 $-1 $5121 forward single #
loop $-1 -1 $-1 $-1 $5122 $4855 #
plane-surface $-1 -1 $-1 0.4599942359067068498 -9.317196101765851779 -0.5 -0.008488219385113101104 0.99996397441691387 0 -0.99996397441691387 -0.008488219385113101104 0 forward_v I I I I #
coedge $-1 -1 $-1 $5123 $5124 $5125 $5126 forward $4856 $-1 #
coedge $-1 -1 $-1 $5127 $4858 $5128 $5129 reversed $4725 $-1 #
coedge $-1 -1 $-1 $4858 $5127 $4859 $4997 reversed $4725 $-1 #
coedge $-1 -1 $-1 $4861 $5130 $4858 $4995 reversed $102 $-1 #
edge $5131 -1 $-1 $5003 0 $5132 0.1600000000000000033 $4858 $5133 forward @7 unknown #
coedge $-1 -1 $-1 $4860 $4859 $5134 $5135 reversed $4592 $-1 #
edge $5136 -1 $-1 $5003 0 $5137 1 $4993 $5138 forward @7 unknown #
coedge $-1 -1 $-1 $5139 $5140 $4860 $4999 forward $5141 $-1 #
edge $5142 -1 $-1 $5002 -0.25 $5143 0.75 $4998 $5144 forward @7 unknown #
coedge $-1 -1 $-1 $5145 $4861 $5140 $5146 forward $102 $-1 #
color-adesk-attrib $-1 -1 $-1 $-1 $4862 256 #
vertex $-1 -1 $-1 $5146 $5147 #
vertex $-1 -1 $-1 $4995 $5148 #
straight-curve $-1 -1 $-1 0.3000000000000005995 -10.04048192771084302 -0.5 0.5525198625498334293 0.8334997309465150828 0 F 0 F 0.2895719172308956479 #
coedge $-1 -1 $-1 $5149 $4870 $4863 $5006 forward $264 $-1 #
edge $5150 -1 $-1 $4873 0 $5011 0.1600000000000000033 $4863 $5151 forward @7 unknown #
coedge $-1 -1 $-1 $5152 $4864 $4866 $5014 reversed $5009 $-1 #
coedge $-1 -1 $-1 $4864 $5152 $5149 $5153 reversed $5009 $-1 #
loop $-1 -1 $-1 $-1 $4864 $5154 #
color-adesk-attrib $-1 -1 $-1 $-1 $4865 256 #
vertex $-1 -1 $-1 $5153 $5155 #
straight-curve $-1 -1 $-1 0.2999999999999999889 -10.28240963855421874 -0.25 0 0 -1 I I #
coedge $-1 -1 $-1 $4866 $5145 $5156 $5157 reversed $102 $-1 #
edge $5158 -1 $-1 $5159 10.28144578313253277 $4868 10.28240963855422052 $5007 $277 forward @7 unknown #
point $-1 -1 $-1 0.300000000000000544 -10.28240963855422052 -0.5 #
coedge $-1 -1 $-1 $4870 $5160 $4875 $5021 forward $264 $-1 #
color-adesk-attrib $-1 -1 $-1 $-1 $4871 256 #
straight-curve $-1 -1 $-1 0.3000000000000005995 -10.52240963855421896 0.5 0.5525198625498334293 0.8334997309465150828 0 I I #
point $-1 -1 $-1 0.4599942359067067388 -10.28105152345260009 0.5 #
coedge $-1 -1 $-1 $4876 $4875 $5161 $5162 forward $4877 $-1 #
edge $5163 -1 $-1 $5164 -10.52337349397590671 $4879 -10.52240963855421896 $4875 $352 forward @7 unknown #
face $5165 -1 $-1 $5154 $4877 $8 $-1 $354 reversed single #
point $-1 -1 $-1 0.300000000000000544 -10.52240963855421896 0.5 #
coedge $-1 -1 $-1 $5161 $5166 $4881 $5025 forward $5167 $-1 #
edge $5168 -1 $-1 $5037 0 $5027 0.1600000000000000033 $5024 $5169 forward @7 unknown #
color-adesk-attrib $-1 -1 $-1 $-1 $4882 256 #
vertex $-1 -1 $-1 $5025 $5170 #
coedge $-1 -1 $-1 $5160 $4885 $5171 $5172 forward $264 $-1 #
coedge $-1 -1 $-1 $4892 $5171 $4888 $5030 reversed $5035 $-1 #
edge $5173 -1 $-1 $4895 -0.25 $5032 0.75 $4888 $5174 forward @7 unknown #
color-adesk-attrib $-1 -1 $-1 $-1 $4889 256 #
vertex $-1 -1 $-1 $5172 $5175 #
color-adesk-attrib $-1 -1 $-1 $-1 $4890 256 #
coedge $-1 -1 $-1 $5171 $4892 $5166 $5176 forward $5035 $-1 #
loop $-1 -1 $-1 $-1 $4892 $5177 #
color-adesk-attrib $-1 -1 $-1 $-1 $4893 256 #
vertex $-1 -1 $-1 $5025 $5178 #
straight-curve $-1 -1 $-1 0.300000000000000544 -10.76337349397590515 -0.5 0.5525198625498334293 0.8334997309465150828 0 F 0 F 0.2895719172308956479 #
point $-1 -1 $-1 0.300000000000000544 -10.76337349397590515 -0.5 #
coedge $-1 -1 $-1 $4902 $4897 $4896 $5041 reversed $4903 $-1 #
edge $5179 -1 $-1 $5047 0 $4900 0.1600000000000000033 $5040 $5180 forward @7 unknown #
color-adesk-attrib $-1 -1 $-1 $-1 $4898 256 #
straight-curve $-1 -1 $-1 0.2999999999999999889 -11.00530120481927732 -0.25 0 0 -1 I I #
point $-1 -1 $-1 0.3000000000000004885 -11.00530120481927909 0.5 #
face $5181 -1 $-1 $4649 $4903 $8 $-1 $5182 forward single #
color-adesk-attrib $-1 -1 $-1 $-1 $4908 256 #
vertex $-1 -1 $-1 $4912 $5183 #
straight-curve $-1 -1 $-1 0.300000000000000544 -11.24530120481927753 0.5 0.5525198625498334293 0.8334997309465150828 0 I I #
color-adesk-attrib $-1 -1 $-1 $-1 $4912 256 #
straight-curve $-1 -1 $-1 0.4599942359067067388 -11.00394308971765867 -0.5 0 0 1 I I #
color-adesk-attrib $-1 -1 $-1 $-1 $4913 256 #
plane-surface $-1 -1 $-1 0.300000000000000544 -11.24530120481927753 -0.5 0.8334997309465151938 -0.5525198625498335403 0 0.5525198625498335403 0.8334997309465151938 0 forward_v I I I I #
color-adesk-attrib $-1 -1 $-1 $-1 $4921 256 #
face $5184 -1 $-1 $5185 $5186 $8 $-1 $5187 forward single #
loop $-1 -1 $-1 $-1 $5188 $4921 #
plane-surface $-1 -1 $-1 0.459994235906708071 11.64665931992089298 -0.5 -0.008488219385113101104 0.99996397441691387 0 -0.99996397441691387 -0.008488219385113101104 0 forward_v I I I I #
coedge $-1 -1 $-1 $5189 $5190 $5191 $5192 forward $4922 $-1 #
coedge $-1 -1 $-1 $5193 $4924 $4959 $5096 reversed $4791 $-1 #
coedge $-1 -1 $-1 $4924 $5193 $4925 $5063 reversed $4791 $-1 #
coedge $-1 -1 $-1 $4927 $4962 $4924 $5061 reversed $102 $-1 #
edge $5194 -1 $-1 $5069 0 $5102 0.1600000000000000033 $4924 $5195 forward @7 unknown #
coedge $-1 -1 $-1 $4926 $4925 $5196 $5197 reversed $4658 $-1 #
edge $5198 -1 $-1 $5069 0 $5199 1 $5059 $5200 forward @7 unknown #
coedge $-1 -1 $-1 $5201 $5202 $4926 $5065 forward $4955 $-1 #
edge $5203 -1 $-1 $5068 -0.25 $5204 0.75 $5064 $5205 forward @7 unknown #
coedge $-1 -1 $-1 $5206 $4927 $5202 $5207 forward $102 $-1 #
color-adesk-attrib $-1 -1 $-1 $-1 $4928 256 #
vertex $-1 -1 $-1 $5207 $5208 #
vertex $-1 -1 $-1 $5061 $5209 #
straight-curve $-1 -1 $-1 0.3000000000000019318 11.88722891566265005 -0.5 0.5525198625498334293 0.8334997309465150828 0 F 0 F 0.2895719172308956479 #
coedge $-1 -1 $-1 $4932 $5210 $4937 $5075 forward $264 $-1 #
color-adesk-attrib $-1 -1 $-1 $-1 $4933 256 #
straight-curve $-1 -1 $-1 0.3000000000000019873 12.36915662650601888 0.5 0.5525198625498334293 0.8334997309465150828 0 I I #
point $-1 -1 $-1 0.4599942359067081821 12.61051474160763775 0.5 #
edge $5211 -1 $-1 $5094 12.36819277108433646 $4940 12.36915662650601888 $4937 $352 forward @7 unknown #
point $-1 -1 $-1 0.3000000000000019318 12.36915662650601888 0.5 #
coedge $-1 -1 $-1 $4962 $4942 $4964 $5104 reversed $102 $-1 #
coedge $-1 -1 $-1 $4957 $5212 $4942 $5079 forward $5092 $-1 #
edge $5213 -1 $-1 $5214 0 $5081 0.1600000000000000033 $5078 $5215 forward @7 unknown #
color-adesk-attrib $-1 -1 $-1 $-1 $4943 256 #
vertex $-1 -1 $-1 $5079 $5216 #
point $-1 -1 $-1 0.4599942359067081821 12.85147859702932749 -0.5 #
color-adesk-attrib $-1 -1 $-1 $-1 $4954 256 #
face $5217 -1 $-1 $5218 $5219 $8 $-1 $354 reversed single #
loop $-1 -1 $-1 $-1 $5220 $4954 #
coedge $-1 -1 $-1 $5202 $5201 $5221 $5222 forward $4955 $-1 #
coedge $-1 -1 $-1 $5223 $4956 $5224 $5225 reversed $4821 $-1 #
coedge $-1 -1 $-1 $4956 $5223 $5226 $5227 reversed $4821 $-1 #
coedge $-1 -1 $-1 $5228 $5229 $4956 $5090 reversed $5230 $-1 #
edge $5231 -1 $-1 $5232 -0.25 $5233 0.75 $4956 $5234 forward @7 unknown #
coedge $-1 -1 $-1 $5212 $4957 $5210 $5235 reversed $5092 $-1 #
loop $-1 -1 $-1 $-1 $5078 $5236 #
color-adesk-attrib $-1 -1 $-1 $-1 $4958 256 #
vertex $-1 -1 $-1 $5075 $5237 #
straight-curve $-1 -1 $-1 0.2999999999999999889 12.36819277108433823 -0.25 0 0 -1 I I #
edge $5238 -1 $-1 $5100 -0.75 $5102 0.25 $4959 $5239 forward @7 unknown #
coedge $-1 -1 $-1 $5210 $4960 $4965 $5105 forward $264 $-1 #
coedge $-1 -1 $-1 $4960 $5196 $5193 $5240 forward $264 $-1 #
color-adesk-attrib $-1 -1 $-1 $-1 $4961 256 #
vertex $-1 -1 $-1 $4961 $5241 #
color-adesk-attrib $-1 -1 $-1 $-1 $4963 256 #
vertex $-1 -1 $-1 $5061 $5242 #
coedge $-1 -1 $-1 $4965 $4964 $5212 $5243 forward $4966 $-1 #
edge $5244 -1 $-1 $4968 0 $5214 0.2895719172308956479 $4964 $5245 forward @7 unknown #
edge $5246 -1 $-1 $4969 0 $5247 0.2895719172308956479 $4965 $5248 forward @7 unknown #
face $5249 -1 $-1 $5236 $4966 $8 $-1 $5250 forward single #
point $-1 -1 $-1 0.3000000000000019318 12.12819277108433624 -0.5 #
point $-1 -1 $-1 0.3000000000000019318 12.12819277108433624 0.5 #
color-adesk-attrib $-1 -1 $-1 $-1 $4971 256 #
straight-curve $-1 -1 $-1 0.4599942359067081821 12.85147859702932749 0.5 -0.9999639744169136479 -0.008488219385113099369 0 I I #
color-adesk-attrib $-1 -1 $-1 $-1 $4972 256 #
plane-surface $-1 -1 $-1 0.4599942359067081821 12.85147859702932749 -0.5 -0.008488219385113101104 0.99996397441691387 0 -0.99996397441691387 -0.008488219385113101104 0 forward_v I I I I #
color-adesk-attrib $-1 -1 $-1 $-1 $4976 256 #
straight-curve $-1 -1 $-1 0.4599942359067081821 12.61051474160763775 0.5 -0.9999639744169136479 -0.008488219385113099369 0 I I #
color-adesk-attrib $-1 -1 $-1 $-1 $4979 256 #
straight-curve $-1 -1 $-1 0.4599942359067081821 12.85147859702932749 -0.5 0 0 1 I I #
point $-1 -1 $-1 0.4599942359067081821 12.85147859702932749 0.5 #
color-adesk-attrib $-1 -1 $-1 $-1 $4988 256 #
face $5251 -1 $-1 $5252 $5253 $8 $-1 $5254 forward single #
loop $-1 -1 $-1 $-1 $5255 $4988 #
plane-surface $-1 -1 $-1 0.300000000000000655 -9.076626506024098262 -0.5 0.8334997309465151938 -0.5525198625498335403 0 0.5525198625498335403 0.8334997309465151938 0 forward_v I I I I #
coedge $-1 -1 $-1 $5256 $5257 $5258 $5259 forward $4989 $-1 #
coedge $-1 -1 $-1 $5260 $4991 $5257 $5261 forward $4856 $-1 #
coedge $-1 -1 $-1 $4991 $5260 $5262 $5263 reversed $4856 $-1 #
coedge $-1 -1 $-1 $5264 $5258 $4991 $5126 reversed $102 $-1 #
edge $5265 -1 $-1 $5266 0 $5267 0.2895719172308956479 $4991 $5268 forward @7 unknown #
coedge $-1 -1 $-1 $4993 $4992 $5269 $5270 reversed $4725 $-1 #
coedge $-1 -1 $-1 $5271 $5272 $4992 $5129 forward $5273 $-1 #
edge $5274 -1 $-1 $5275 -0.75 $5132 0.25 $5128 $5276 forward @7 unknown #
coedge $-1 -1 $-1 $4994 $5277 $5271 $5278 forward $102 $-1 #
color-adesk-attrib $-1 -1 $-1 $-1 $4995 256 #
vertex $-1 -1 $-1 $4995 $5279 #
straight-curve $-1 -1 $-1 0.4599942359067067943 -9.79912381260922416 -0.5 -0.9999639744169136479 -0.008488219385113099369 0 F 0 F 0.1600000000000000033 #
coedge $-1 -1 $-1 $5269 $5280 $4996 $5135 forward $264 $-1 #
edge $5281 -1 $-1 $5143 0 $5137 0.2895719172308956479 $4996 $5282 forward @7 unknown #
color-adesk-attrib $-1 -1 $-1 $-1 $4997 256 #
vertex $-1 -1 $-1 $4997 $5283 #
straight-curve $-1 -1 $-1 0.4599942359067067943 -9.79912381260922416 -0.5 0 0 1 I I #
coedge $-1 -1 $-1 $5284 $4998 $5280 $5285 reversed $5141 $-1 #
coedge $-1 -1 $-1 $4998 $5284 $5000 $5146 reversed $5141 $-1 #
loop $-1 -1 $-1 $-1 $4998 $5286 #
color-adesk-attrib $-1 -1 $-1 $-1 $4999 256 #
vertex $-1 -1 $-1 $5135 $5287 #
straight-curve $-1 -1 $-1 0.2999999999999998224 -10.04048192771084658 -0.25 0 0 1 I I #
coedge $-1 -1 $-1 $5013 $5000 $5288 $5289 reversed $102 $-1 #
edge $5290 -1 $-1 $5002 10.04048192771084302 $5291 10.04144578313253433 $5140 $277 forward @7 unknown #
point $-1 -1 $-1 0.3000000000000005995 -10.04048192771084302 -0.5 #
point $-1 -1 $-1 0.4599942359067067943 -9.79912381260922416 -0.5 #
coedge $-1 -1 $-1 $5292 $5005 $5008 $5153 forward $264 $-1 #
color-adesk-attrib $-1 -1 $-1 $-1 $5006 256 #
straight-curve $-1 -1 $-1 0.4599942359067067388 -10.28105152345260009 0.5 -0.9999639744169136479 -0.008488219385113099369 0 I I #
coedge $-1 -1 $-1 $5008 $5007 $5293 $5294 forward $5009 $-1 #
edge $5295 -1 $-1 $5011 -10.28240963855422052 $5296 -10.28144578313253277 $5008 $352 forward @7 unknown #
face $5297 -1 $-1 $4758 $5009 $8 $-1 $354 reversed single #
point $-1 -1 $-1 0.300000000000000544 -10.28240963855422052 0.5 #
coedge $-1 -1 $-1 $5298 $5293 $5013 $5157 forward $5299 $-1 #
edge $5300 -1 $-1 $5159 0 $5301 0.2895719172308956479 $5156 $5302 forward @7 unknown #
color-adesk-attrib $-1 -1 $-1 $-1 $5014 256 #
vertex $-1 -1 $-1 $5014 $5303 #
coedge $-1 -1 $-1 $5016 $5028 $5304 $5305 forward $264 $-1 #
coedge $-1 -1 $-1 $5304 $5024 $5020 $5162 reversed $5167 $-1 #
edge $5306 -1 $-1 $5164 -0.75 $5027 0.25 $5020 $5307 forward @7 unknown #
color-adesk-attrib $-1 -1 $-1 $-1 $5021 256 #
vertex $-1 -1 $-1 $5021 $5308 #
color-adesk-attrib $-1 -1 $-1 $-1 $5022 256 #
coedge $-1 -1 $-1 $5024 $5304 $5034 $5176 reversed $5167 $-1 #
loop $-1 -1 $-1 $-1 $5024 $5309 #
color-adesk-attrib $-1 -1 $-1 $-1 $5025 256 #
straight-curve $-1 -1 $-1 0.4599942359067067388 -10.52201537887428628 -0.5 -0.9999639744169136479 -0.008488219385113099369 0 F 0 F 0.1600000000000000033 #
point $-1 -1 $-1 0.300000000000000544 -10.52337349397590671 -0.5 #
coedge $-1 -1 $-1 $5029 $5034 $5028 $5172 reversed $5035 $-1 #
edge $5310 -1 $-1 $5032 0 $5311 0.2895719172308956479 $5171 $5312 forward @7 unknown #
color-adesk-attrib $-1 -1 $-1 $-1 $5030 256 #
straight-curve $-1 -1 $-1 0.2999999999999993783 -10.7633734939759087 -0.25 0 0 1 I I #
point $-1 -1 $-1 0.300000000000000544 -10.76337349397590515 0.5 #
edge $5313 -1 $-1 $5037 0 $5311 1 $5166 $5314 forward @7 unknown #
face $5315 -1 $-1 $5309 $5035 $8 $-1 $5316 forward single #
point $-1 -1 $-1 0.4599942359067067388 -10.52201537887428628 -0.5 #
color-adesk-attrib $-1 -1 $-1 $-1 $5041 256 #
straight-curve $-1 -1 $-1 0.4599942359067067388 -11.00394308971765867 0.5 -0.9999639744169136479 -0.008488219385113099369 0 I I #
color-adesk-attrib $-1 -1 $-1 $-1 $5045 256 #
plane-surface $-1 -1 $-1 0.4599942359067067388 -11.00394308971765867 -0.5 -0.008488219385113101104 0.99996397441691387 0 -0.99996397441691387 -0.008488219385113101104 0 forward_v I I I I #
point $-1 -1 $-1 0.4599942359067067388 -11.00394308971765867 0.5 #
color-adesk-attrib $-1 -1 $-1 $-1 $5054 256 #
face $5317 -1 $-1 $5318 $5319 $8 $-1 $5320 forward single #
loop $-1 -1 $-1 $-1 $5321 $5054 #
plane-surface $-1 -1 $-1 0.3000000000000018763 10.92337349397590174 -0.5 0.8334997309465151938 -0.5525198625498335403 0 0.5525198625498335403 0.8334997309465151938 0 forward_v I I I I #
coedge $-1 -1 $-1 $5322 $5323 $5324 $5325 forward $5055 $-1 #
coedge $-1 -1 $-1 $5326 $5057 $5323 $5327 forward $4922 $-1 #
coedge $-1 -1 $-1 $5057 $5326 $5328 $5329 reversed $4922 $-1 #
coedge $-1 -1 $-1 $5330 $5324 $5057 $5192 reversed $102 $-1 #
edge $5331 -1 $-1 $5332 0 $5333 0.2895719172308956479 $5057 $5334 forward @7 unknown #
coedge $-1 -1 $-1 $5059 $5058 $5098 $5240 reversed $4791 $-1 #
color-adesk-attrib $-1 -1 $-1 $-1 $5061 256 #
straight-curve $-1 -1 $-1 0.4599942359067081266 12.12858703076426892 -0.5 -0.9999639744169136479 -0.008488219385113099369 0 F 0 F 0.1600000000000000033 #
coedge $-1 -1 $-1 $5098 $5335 $5062 $5197 forward $264 $-1 #
edge $5336 -1 $-1 $5204 0 $5199 0.2895719172308956479 $5062 $5337 forward @7 unknown #
color-adesk-attrib $-1 -1 $-1 $-1 $5063 256 #
vertex $-1 -1 $-1 $5063 $5338 #
straight-curve $-1 -1 $-1 0.4599942359067081266 12.12858703076426892 -0.5 0 0 1 I I #
coedge $-1 -1 $-1 $5086 $5064 $5335 $5339 reversed $4955 $-1 #
coedge $-1 -1 $-1 $5064 $5086 $5066 $5207 reversed $4955 $-1 #
color-adesk-attrib $-1 -1 $-1 $-1 $5065 256 #
vertex $-1 -1 $-1 $5197 $5340 #
straight-curve $-1 -1 $-1 0.2999999999999998224 11.88722891566264828 -0.25 0 0 1 I I #
coedge $-1 -1 $-1 $5341 $5066 $5342 $5343 reversed $102 $-1 #
edge $5344 -1 $-1 $5068 -11.88722891566265005 $5345 -11.88626506024096052 $5202 $277 forward @7 unknown #
point $-1 -1 $-1 0.3000000000000019318 11.88722891566265005 -0.5 #
point $-1 -1 $-1 0.4599942359067081266 12.12858703076426892 -0.5 #
coedge $-1 -1 $-1 $5071 $5097 $5091 $5235 forward $264 $-1 #
color-adesk-attrib $-1 -1 $-1 $-1 $5075 256 #
coedge $-1 -1 $-1 $5078 $5091 $5103 $5243 reversed $5092 $-1 #
color-adesk-attrib $-1 -1 $-1 $-1 $5079 256 #
vertex $-1 -1 $-1 $5079 $5346 #
straight-curve $-1 -1 $-1 0.4599942359067081266 12.36955088618595511 -0.5 -0.9999639744169136479 -0.008488219385113099369 0 F 0 F 0.1600000000000000033 #
point $-1 -1 $-1 0.3000000000000019318 12.36819277108433646 -0.5 #
color-adesk-attrib $-1 -1 $-1 $-1 $5084 256 #
face $5347 -1 $-1 $5348 $5349 $8 $-1 $354 reversed single #
loop $-1 -1 $-1 $-1 $5350 $5084 #
coedge $-1 -1 $-1 $5351 $5352 $5353 $5354 forward $5085 $-1 #
coedge $-1 -1 $-1 $5355 $5342 $5086 $5222 reversed $5356 $-1 #
edge $5357 -1 $-1 $5358 -0.75 $5345 0.25 $5086 $5359 forward @7 unknown #
coedge $-1 -1 $-1 $5088 $5087 $5322 $5360 forward $4821 $-1 #
coedge $-1 -1 $-1 $5361 $5362 $5087 $5225 forward $264 $-1 #
edge $5363 -1 $-1 $5364 11.64530120481927433 $5233 11.64626506024096031 $5087 $352 forward @7 unknown #
coedge $-1 -1 $-1 $5324 $5341 $5088 $5227 forward $102 $-1 #
edge $5365 -1 $-1 $5232 -11.64626506024096031 $5366 -11.64530120481927433 $5088 $277 forward @7 unknown #
coedge $-1 -1 $-1 $5367 $5089 $5341 $5368 forward $5230 $-1 #
coedge $-1 -1 $-1 $5089 $5367 $5361 $5369 reversed $5230 $-1 #
loop $-1 -1 $-1 $-1 $5228 $5370 #
color-adesk-attrib $-1 -1 $-1 $-1 $5090 256 #
vertex $-1 -1 $-1 $5227 $5371 #
vertex $-1 -1 $-1 $5369 $5372 #
straight-curve $-1 -1 $-1 0.2999999999999998224 11.64626506024095853 -0.25 0 0 1 I I #
edge $5373 -1 $-1 $5247 0 $5094 0.1600000000000000033 $5091 $5374 forward @7 unknown #
face $5375 -1 $-1 $4842 $5092 $8 $-1 $5376 forward single #
point $-1 -1 $-1 0.3000000000000019318 12.36819277108433646 0.5 #
color-adesk-attrib $-1 -1 $-1 $-1 $5096 256 #
straight-curve $-1 -1 $-1 0.2999999999999999889 12.12722891566265204 -0.25 0 0 -1 I I #
edge $5377 -1 $-1 $5199 0 $5100 0.1600000000000000033 $5193 $5378 forward @7 unknown #
point $-1 -1 $-1 0.3000000000000019318 12.12722891566265027 0.5 #
point $-1 -1 $-1 0.3000000000000019318 12.12722891566265027 -0.5 #
edge $5379 -1 $-1 $5214 0 $5247 1 $5212 $5380 forward @7 unknown #
color-adesk-attrib $-1 -1 $-1 $-1 $5104 256 #
straight-curve $-1 -1 $-1 0.3000000000000019318 12.12819277108433624 -0.5 0.5525198625498334293 0.8334997309465150828 0 F 0 F 0.2895719172308956479 #
color-adesk-attrib $-1 -1 $-1 $-1 $5105 256 #
vertex $-1 -1 $-1 $5243 $5381 #
straight-curve $-1 -1 $-1 0.3000000000000019318 12.12819277108433624 0.5 0.5525198625498334293 0.8334997309465150828 0 I I #
color-adesk-attrib $-1 -1 $-1 $-1 $5106 256 #
plane-surface $-1 -1 $-1 0.3000000000000019318 12.12819277108433624 -0.5 0.8334997309465151938 -0.5525198625498335403 0 0.5525198625498335403 0.8334997309465151938 0 forward_v I I I I #
color-adesk-attrib $-1 -1 $-1 $-1 $5119 256 #
face $5382 -1 $-1 $5383 $5384 $8 $-1 $5385 forward single #
loop $-1 -1 $-1 $-1 $5386 $5119 #
plane-surface $-1 -1 $-1 0.4599942359067068498 -8.835268390922479398 -0.5 -0.008488219385113101104 0.99996397441691387 0 -0.99996397441691387 -0.008488219385113101104 0 forward_v I I I I #
coedge $-1 -1 $-1 $5387 $5388 $5389 $5390 forward $5120 $-1 #
coedge $-1 -1 $-1 $5391 $5122 $5392 $5393 reversed $4989 $-1 #
coedge $-1 -1 $-1 $5122 $5391 $5123 $5261 reversed $4989 $-1 #
coedge $-1 -1 $-1 $5125 $5394 $5122 $5259 reversed $102 $-1 #
edge $5395 -1 $-1 $5267 0 $5396 0.1600000000000000033 $5122 $5397 forward @7 unknown #
coedge $-1 -1 $-1 $5124 $5123 $5398 $5399 reversed $4856 $-1 #
edge $5400 -1 $-1 $5267 0 $5401 1 $5257 $5402 forward @7 unknown #
coedge $-1 -1 $-1 $5403 $5404 $5124 $5263 forward $5405 $-1 #
edge $5406 -1 $-1 $5266 -0.25 $5407 0.75 $5262 $5408 forward @7 unknown #
coedge $-1 -1 $-1 $5409 $5125 $5404 $5410 forward $102 $-1 #
color-adesk-attrib $-1 -1 $-1 $-1 $5126 256 #
vertex $-1 -1 $-1 $5410 $5411 #
vertex $-1 -1 $-1 $5259 $5412 #
straight-curve $-1 -1 $-1 0.300000000000000655 -9.558554216867470643 -0.5 0.5525198625498334293 0.8334997309465150828 0 F 0 F 0.2895719172308956479 #
coedge $-1 -1 $-1 $5413 $5134 $5127 $5270 forward $264 $-1 #
edge $5414 -1 $-1 $5137 0 $5275 0.1600000000000000033 $5127 $5415 forward @7 unknown #
coedge $-1 -1 $-1 $5416 $5128 $5130 $5278 reversed $5273 $-1 #
coedge $-1 -1 $-1 $5128 $5416 $5413 $5417 reversed $5273 $-1 #
loop $-1 -1 $-1 $-1 $5128 $5418 #
color-adesk-attrib $-1 -1 $-1 $-1 $5129 256 #
vertex $-1 -1 $-1 $5417 $5419 #
straight-curve $-1 -1 $-1 0.2999999999999999889 -9.800481927710842811 -0.25 0 0 -1 I I #
coedge $-1 -1 $-1 $5130 $5409 $5420 $5421 reversed $102 $-1 #
edge $5422 -1 $-1 $5423 9.799518072289160386 $5132 9.800481927710844587 $5271 $277 forward @7 unknown #
point $-1 -1 $-1 0.3000000000000005995 -9.800481927710844587 -0.5 #
coedge $-1 -1 $-1 $5134 $5424 $5139 $5285 forward $264 $-1 #
color-adesk-attrib $-1 -1 $-1 $-1 $5135 256 #
straight-curve $-1 -1 $-1 0.3000000000000005995 -10.04048192771084302 0.5 0.5525198625498334293 0.8334997309465150828 0 I I #
point $-1 -1 $-1 0.4599942359067067943 -9.79912381260922416 0.5 #
coedge $-1 -1 $-1 $5140 $5139 $5425 $5426 forward $5141 $-1 #
edge $5427 -1 $-1 $5428 -10.04144578313253433 $5143 -10.04048192771084302 $5139 $352 forward @7 unknown #
face $5429 -1 $-1 $5418 $5141 $8 $-1 $354 reversed single #
point $-1 -1 $-1 0.3000000000000005995 -10.04048192771084302 0.5 #
coedge $-1 -1 $-1 $5425 $5430 $5145 $5289 forward $5431 $-1 #
edge $5432 -1 $-1 $5301 0 $5291 0.1600000000000000033 $5288 $5433 forward @7 unknown #
color-adesk-attrib $-1 -1 $-1 $-1 $5146 256 #
vertex $-1 -1 $-1 $5289 $5434 #
coedge $-1 -1 $-1 $5424 $5149 $5435 $5436 forward $264 $-1 #
coedge $-1 -1 $-1 $5156 $5435 $5152 $5294 reversed $5299 $-1 #
edge $5437 -1 $-1 $5159 -0.25 $5296 0.75 $5152 $5438 forward @7 unknown #
color-adesk-attrib $-1 -1 $-1 $-1 $5153 256 #
vertex $-1 -1 $-1 $5436 $5439 #
color-adesk-attrib $-1 -1 $-1 $-1 $5154 256 #
coedge $-1 -1 $-1 $5435 $5156 $5430 $5440 forward $5299 $-1 #
loop $-1 -1 $-1 $-1 $5156 $5441 #
color-adesk-attrib $-1 -1 $-1 $-1 $5157 256 #
vertex $-1 -1 $-1 $5289 $5442 #
straight-curve $-1 -1 $-1 0.3000000000000005995 -10.28144578313253277 -0.5 0.5525198625498334293 0.8334997309465150828 0 F 0 F 0.2895719172308956479 #
point $-1 -1 $-1 0.3000000000000005995 -10.28144578313253277 -0.5 #
coedge $-1 -1 $-1 $5166 $5161 $5160 $5305 reversed $5167 $-1 #
edge $5443 -1 $-1 $5311 0 $5164 0.1600000000000000033 $5304 $5444 forward @7 unknown #
color-adesk-attrib $-1 -1 $-1 $-1 $5162 256 #
straight-curve $-1 -1 $-1 0.2999999999999999889 -10.52337349397590671 -0.25 0 0 -1 I I #
point $-1 -1 $-1 0.300000000000000544 -10.52337349397590671 0.5 #
face $5445 -1 $-1 $4913 $5167 $8 $-1 $5446 forward single #
color-adesk-attrib $-1 -1 $-1 $-1 $5172 256 #
vertex $-1 -1 $-1 $5176 $5447 #
straight-curve $-1 -1 $-1 0.300000000000000544 -10.76337349397590515 0.5 0.5525198625498334293 0.8334997309465150828 0 I I #
color-adesk-attrib $-1 -1 $-1 $-1 $5176 256 #
straight-curve $-1 -1 $-1 0.4599942359067067388 -10.52201537887428628 -0.5 0 0 1 I I #
color-adesk-attrib $-1 -1 $-1 $-1 $5177 256 #
plane-surface $-1 -1 $-1 0.300000000000000544 -10.76337349397590515 -0.5 0.8334997309465151938 -0.5525198625498335403 0 0.5525198625498335403 0.8334997309465151938 0 forward_v I I I I #
color-adesk-attrib $-1 -1 $-1 $-1 $5185 256 #
face $5448 -1 $-1 $5449 $5450 $8 $-1 $5451 forward single #
loop $-1 -1 $-1 $-1 $5452 $5185 #
plane-surface $-1 -1 $-1 0.459994235906708071 11.1647316090775206 -0.5 -0.008488219385113101104 0.99996397441691387 0 -0.99996397441691387 -0.008488219385113101104 0 forward_v I I I I #
coedge $-1 -1 $-1 $5453 $5454 $5455 $5456 forward $5186 $-1 #
coedge $-1 -1 $-1 $5457 $5188 $5223 $5360 reversed $5055 $-1 #
coedge $-1 -1 $-1 $5188 $5457 $5189 $5327 reversed $5055 $-1 #
coedge $-1 -1 $-1 $5191 $5226 $5188 $5325 reversed $102 $-1 #
edge $5458 -1 $-1 $5333 0 $5366 0.1600000000000000033 $5188 $5459 forward @7 unknown #
coedge $-1 -1 $-1 $5190 $5189 $5460 $5461 reversed $4922 $-1 #
edge $5462 -1 $-1 $5333 0 $5463 1 $5323 $5464 forward @7 unknown #
coedge $-1 -1 $-1 $5465 $5466 $5190 $5329 forward $5219 $-1 #
edge $5467 -1 $-1 $5332 -0.25 $5468 0.75 $5328 $5469 forward @7 unknown #
coedge $-1 -1 $-1 $5470 $5191 $5466 $5471 forward $102 $-1 #
color-adesk-attrib $-1 -1 $-1 $-1 $5192 256 #
vertex $-1 -1 $-1 $5471 $5472 #
vertex $-1 -1 $-1 $5325 $5473 #
straight-curve $-1 -1 $-1 0.3000000000000019318 11.40530120481927412 -0.5 0.5525198625498334293 0.8334997309465150828 0 F 0 F 0.2895719172308956479 #
coedge $-1 -1 $-1 $5196 $5474 $5201 $5339 forward $264 $-1 #
color-adesk-attrib $-1 -1 $-1 $-1 $5197 256 #
straight-curve $-1 -1 $-1 0.3000000000000019318 11.88722891566265005 0.5 0.5525198625498334293 0.8334997309465150828 0 I I #
point $-1 -1 $-1 0.4599942359067081266 12.12858703076426892 0.5 #
edge $5475 -1 $-1 $5358 11.88626506024096052 $5204 11.88722891566265005 $5201 $352 forward @7 unknown #
point $-1 -1 $-1 0.3000000000000019318 11.88722891566265005 0.5 #
coedge $-1 -1 $-1 $5226 $5206 $5228 $5368 reversed $102 $-1 #
coedge $-1 -1 $-1 $5221 $5476 $5206 $5343 forward $5356 $-1 #
edge $5477 -1 $-1 $5478 0 $5345 0.1600000000000000033 $5342 $5479 forward @7 unknown #
color-adesk-attrib $-1 -1 $-1 $-1 $5207 256 #
vertex $-1 -1 $-1 $5343 $5480 #
point $-1 -1 $-1 0.4599942359067081266 12.36955088618595511 -0.5 #
color-adesk-attrib $-1 -1 $-1 $-1 $5218 256 #
face $5481 -1 $-1 $5482 $5483 $8 $-1 $354 reversed single #
loop $-1 -1 $-1 $-1 $5484 $5218 #
coedge $-1 -1 $-1 $5466 $5465 $5485 $5486 forward $5219 $-1 #
coedge $-1 -1 $-1 $5487 $5220 $5488 $5489 reversed $5085 $-1 #
coedge $-1 -1 $-1 $5220 $5487 $5490 $5491 reversed $5085 $-1 #
coedge $-1 -1 $-1 $5492 $5493 $5220 $5354 reversed $5494 $-1 #
edge $5495 -1 $-1 $5496 -0.25 $5497 0.75 $5220 $5498 forward @7 unknown #
coedge $-1 -1 $-1 $5476 $5221 $5474 $5499 reversed $5356 $-1 #
loop $-1 -1 $-1 $-1 $5342 $5500 #
color-adesk-attrib $-1 -1 $-1 $-1 $5222 256 #
vertex $-1 -1 $-1 $5339 $5501 #
straight-curve $-1 -1 $-1 0.2999999999999999889 11.8862650602409623 -0.25 0 0 -1 I I #
edge $5502 -1 $-1 $5364 -0.75 $5366 0.25 $5223 $5503 forward @7 unknown #
coedge $-1 -1 $-1 $5474 $5224 $5229 $5369 forward $264 $-1 #
coedge $-1 -1 $-1 $5224 $5460 $5457 $5504 forward $264 $-1 #
color-adesk-attrib $-1 -1 $-1 $-1 $5225 256 #
vertex $-1 -1 $-1 $5225 $5505 #
color-adesk-attrib $-1 -1 $-1 $-1 $5227 256 #
vertex $-1 -1 $-1 $5325 $5506 #
coedge $-1 -1 $-1 $5229 $5228 $5476 $5507 forward $5230 $-1 #
edge $5508 -1 $-1 $5232 0 $5478 0.2895719172308956479 $5228 $5509 forward @7 unknown #
edge $5510 -1 $-1 $5233 0 $5511 0.2895719172308956479 $5229 $5512 forward @7 unknown #
face $5513 -1 $-1 $5500 $5230 $8 $-1 $5514 forward single #
point $-1 -1 $-1 0.3000000000000019318 11.64626506024096031 -0.5 #
point $-1 -1 $-1 0.3000000000000019318 11.64626506024096031 0.5 #
color-adesk-attrib $-1 -1 $-1 $-1 $5235 256 #
straight-curve $-1 -1 $-1 0.4599942359067081266 12.36955088618595511 0.5 -0.9999639744169136479 -0.008488219385113099369 0 I I #
color-adesk-attrib $-1 -1 $-1 $-1 $5236 256 #
plane-surface $-1 -1 $-1 0.4599942359067081266 12.36955088618595511 -0.5 -0.008488219385113101104 0.99996397441691387 0 -0.99996397441691387 -0.008488219385113101104 0 forward_v I I I I #
color-adesk-attrib $-1 -1 $-1 $-1 $5240 256 #
straight-curve $-1 -1 $-1 0.4599942359067081266 12.12858703076426892 0.5 -0.9999639744169136479 -0.008488219385113099369 0 I I #
color-adesk-attrib $-1 -1 $-1 $-1 $5243 256 #
straight-curve $-1 -1 $-1 0.4599942359067081266 12.36955088618595511 -0.5 0 0 1 I I #
point $-1 -1 $-1 0.4599942359067081266 12.36955088618595511 0.5 #
color-adesk-attrib $-1 -1 $-1 $-1 $5252 256 #
face $5515 -1 $-1 $5516 $5517 $8 $-1 $5518 forward single #
loop $-1 -1 $-1 $-1 $5519 $5252 #
plane-surface $-1 -1 $-1 0.3000000000000007105 -8.594698795180725881 -0.5 0.8334997309465151938 -0.5525198625498335403 0 0.5525198625498335403 0.8334997309465151938 0 forward_v I I I I #
coedge $-1 -1 $-1 $5520 $5521 $5522 $5523 forward $5253 $-1 #
coedge $-1 -1 $-1 $5524 $5255 $5521 $5525 forward $5120 $-1 #
coedge $-1 -1 $-1 $5255 $5524 $5526 $5527 reversed $5120 $-1 #
coedge $-1 -1 $-1 $5528 $5522 $5255 $5390 reversed $102 $-1 #
edge $5529 -1 $-1 $5530 0 $5531 0.2895719172308956479 $5255 $5532 forward @7 unknown #
coedge $-1 -1 $-1 $5257 $5256 $5533 $5534 reversed $4989 $-1 #
coedge $-1 -1 $-1 $5535 $5536 $5256 $5393 forward $5537 $-1 #
edge $5538 -1 $-1 $5539 -0.75 $5396 0.25 $5392 $5540 forward @7 unknown #
coedge $-1 -1 $-1 $5258 $5541 $5535 $5542 forward $102 $-1 #
color-adesk-attrib $-1 -1 $-1 $-1 $5259 256 #
vertex $-1 -1 $-1 $5259 $5543 #
straight-curve $-1 -1 $-1 0.4599942359067068498 -9.317196101765851779 -0.5 -0.9999639744169136479 -0.008488219385113099369 0 F 0 F 0.1600000000000000033 #
coedge $-1 -1 $-1 $5533 $5544 $5260 $5399 forward $264 $-1 #
edge $5545 -1 $-1 $5407 0 $5401 0.2895719172308956479 $5260 $5546 forward @7 unknown #
color-adesk-attrib $-1 -1 $-1 $-1 $5261 256 #
vertex $-1 -1 $-1 $5261 $5547 #
straight-curve $-1 -1 $-1 0.4599942359067068498 -9.317196101765851779 -0.5 0 0 1 I I #
coedge $-1 -1 $-1 $5548 $5262 $5544 $5549 reversed $5405 $-1 #
coedge $-1 -1 $-1 $5262 $5548 $5264 $5410 reversed $5405 $-1 #
loop $-1 -1 $-1 $-1 $5262 $5550 #
color-adesk-attrib $-1 -1 $-1 $-1 $5263 256 #
vertex $-1 -1 $-1 $5399 $5551 #
straight-curve $-1 -1 $-1 0.2999999999999993783 -9.558554216867474196 -0.25 0 0 1 I I #
coedge $-1 -1 $-1 $5277 $5264 $5552 $5553 reversed $102 $-1 #
edge $5554 -1 $-1 $5266 9.558554216867470643 $5555 9.55951807228916195 $5404 $277 forward @7 unknown #
point $-1 -1 $-1 0.300000000000000655 -9.558554216867470643 -0.5 #
point $-1 -1 $-1 0.4599942359067068498 -9.317196101765851779 -0.5 #
coedge $-1 -1 $-1 $5556 $5269 $5272 $5417 forward $264 $-1 #
color-adesk-attrib $-1 -1 $-1 $-1 $5270 256 #
straight-curve $-1 -1 $-1 0.4599942359067067943 -9.79912381260922416 0.5 -0.9999639744169136479 -0.008488219385113099369 0 I I #
coedge $-1 -1 $-1 $5272 $5271 $5557 $5558 forward $5273 $-1 #
edge $5559 -1 $-1 $5275 -9.800481927710844587 $5560 -9.799518072289160386 $5272 $352 forward @7 unknown #
face $5561 -1 $-1 $5022 $5273 $8 $-1 $354 reversed single #
point $-1 -1 $-1 0.3000000000000005995 -9.800481927710844587 0.5 #
coedge $-1 -1 $-1 $5562 $5557 $5277 $5421 forward $5563 $-1 #
edge $5564 -1 $-1 $5423 0 $5565 0.2895719172308956479 $5420 $5566 forward @7 unknown #
color-adesk-attrib $-1 -1 $-1 $-1 $5278 256 #
vertex $-1 -1 $-1 $5278 $5567 #
coedge $-1 -1 $-1 $5280 $5292 $5568 $5569 forward $264 $-1 #
coedge $-1 -1 $-1 $5568 $5288 $5284 $5426 reversed $5431 $-1 #
edge $5570 -1 $-1 $5428 -0.75 $5291 0.25 $5284 $5571 forward @7 unknown #
color-adesk-attrib $-1 -1 $-1 $-1 $5285 256 #
vertex $-1 -1 $-1 $5285 $5572 #
color-adesk-attrib $-1 -1 $-1 $-1 $5286 256 #
coedge $-1 -1 $-1 $5288 $5568 $5298 $5440 reversed $5431 $-1 #
loop $-1 -1 $-1 $-1 $5288 $5573 #
color-adesk-attrib $-1 -1 $-1 $-1 $5289 256 #
straight-curve $-1 -1 $-1 0.4599942359067067943 -10.0400876680309139 -0.5 -0.9999639744169136479 -0.008488219385113099369 0 F 0 F 0.1600000000000000033 #
point $-1 -1 $-1 0.3000000000000005995 -10.04144578313253433 -0.5 #
coedge $-1 -1 $-1 $5293 $5298 $5292 $5436 reversed $5299 $-1 #
edge $5574 -1 $-1 $5296 0 $5575 0.2895719172308956479 $5435 $5576 forward @7 unknown #
color-adesk-attrib $-1 -1 $-1 $-1 $5294 256 #
straight-curve $-1 -1 $-1 0.2999999999999998224 -10.28144578313253454 -0.25 0 0 1 I I #
point $-1 -1 $-1 0.3000000000000005995 -10.28144578313253277 0.5 #
edge $5577 -1 $-1 $5301 0 $5575 1 $5430 $5578 forward @7 unknown #
face $5579 -1 $-1 $5573 $5299 $8 $-1 $5580 forward single #
point $-1 -1 $-1 0.4599942359067067943 -10.0400876680309139 -0.5 #
color-adesk-attrib $-1 -1 $-1 $-1 $5305 256 #
straight-curve $-1 -1 $-1 0.4599942359067067388 -10.52201537887428628 0.5 -0.9999639744169136479 -0.008488219385113099369 0 I I #
color-adesk-attrib $-1 -1 $-1 $-1 $5309 256 #
plane-surface $-1 -1 $-1 0.4599942359067067388 -10.52201537887428628 -0.5 -0.008488219385113101104 0.99996397441691387 0 -0.99996397441691387 -0.008488219385113101104 0 forward_v I I I I #
point $-1 -1 $-1 0.4599942359067067388 -10.52201537887428628 0.5 #
color-adesk-attrib $-1 -1 $-1 $-1 $5318 256 #
face $5581 -1 $-1 $5582 $5583 $8 $-1 $5584 forward single #
loop $-1 -1 $-1 $-1 $5585 $5318 #
plane-surface $-1 -1 $-1 0.3000000000000018763 10.44144578313252936 -0.5 0.8334997309465151938 -0.5525198625498335403 0 0.5525198625498335403 0.8334997309465151938 0 forward_v I I I I #
coedge $-1 -1 $-1 $5586 $5587 $5588 $5589 forward $5319 $-1 #
coedge $-1 -1 $-1 $5590 $5321 $5587 $5591 forward $5186 $-1 #
coedge $-1 -1 $-1 $5321 $5590 $5592 $5593 reversed $5186 $-1 #
coedge $-1 -1 $-1 $5594 $5588 $5321 $5456 reversed $102 $-1 #
edge $5595 -1 $-1 $5596 0 $5597 0.2895719172308956479 $5321 $5598 forward @7 unknown #
coedge $-1 -1 $-1 $5323 $5322 $5362 $5504 reversed $5055 $-1 #
color-adesk-attrib $-1 -1 $-1 $-1 $5325 256 #
straight-curve $-1 -1 $-1 0.459994235906708071 11.64665931992089298 -0.5 -0.9999639744169136479 -0.008488219385113099369 0 F 0 F 0.1600000000000000033 #
coedge $-1 -1 $-1 $5362 $5599 $5326 $5461 forward $264 $-1 #
edge $5600 -1 $-1 $5468 0 $5463 0.2895719172308956479 $5326 $5601 forward @7 unknown #
color-adesk-attrib $-1 -1 $-1 $-1 $5327 256 #
vertex $-1 -1 $-1 $5327 $5602 #
straight-curve $-1 -1 $-1 0.459994235906708071 11.64665931992089298 -0.5 0 0 1 I I #
coedge $-1 -1 $-1 $5350 $5328 $5599 $5603 reversed $5219 $-1 #
coedge $-1 -1 $-1 $5328 $5350 $5330 $5471 reversed $5219 $-1 #
color-adesk-attrib $-1 -1 $-1 $-1 $5329 256 #
vertex $-1 -1 $-1 $5461 $5604 #
straight-curve $-1 -1 $-1 0.3000000000000002665 11.40530120481927234 -0.25 0 0 1 I I #
coedge $-1 -1 $-1 $5605 $5330 $5606 $5607 reversed $102 $-1 #
edge $5608 -1 $-1 $5332 -11.40530120481927412 $5609 -11.40433734939758814 $5466 $277 forward @7 unknown #
point $-1 -1 $-1 0.3000000000000019318 11.40530120481927412 -0.5 #
point $-1 -1 $-1 0.459994235906708071 11.64665931992089298 -0.5 #
coedge $-1 -1 $-1 $5335 $5361 $5355 $5499 forward $264 $-1 #
color-adesk-attrib $-1 -1 $-1 $-1 $5339 256 #
coedge $-1 -1 $-1 $5342 $5355 $5367 $5507 reversed $5356 $-1 #
color-adesk-attrib $-1 -1 $-1 $-1 $5343 256 #
vertex $-1 -1 $-1 $5343 $5610 #
straight-curve $-1 -1 $-1 0.4599942359067081266 11.88762317534257917 -0.5 -0.9999639744169136479 -0.008488219385113099369 0 F 0 F 0.1600000000000000033 #
point $-1 -1 $-1 0.3000000000000019318 11.88626506024096052 -0.5 #
color-adesk-attrib $-1 -1 $-1 $-1 $5348 256 #
face $5611 -1 $-1 $5612 $5613 $8 $-1 $354 reversed single #
loop $-1 -1 $-1 $-1 $5614 $5348 #
coedge $-1 -1 $-1 $5615 $5616 $5617 $5618 forward $5349 $-1 #
coedge $-1 -1 $-1 $5619 $5606 $5350 $5486 reversed $5620 $-1 #
edge $5621 -1 $-1 $5622 -0.75 $5609 0.25 $5350 $5623 forward @7 unknown #
coedge $-1 -1 $-1 $5352 $5351 $5586 $5624 forward $5085 $-1 #
coedge $-1 -1 $-1 $5625 $5626 $5351 $5489 forward $264 $-1 #
edge $5627 -1 $-1 $5628 11.16337349397590195 $5497 11.16433734939758793 $5351 $352 forward @7 unknown #
coedge $-1 -1 $-1 $5588 $5605 $5352 $5491 forward $102 $-1 #
edge $5629 -1 $-1 $5496 -11.16433734939758793 $5630 -11.16337349397590195 $5352 $277 forward @7 unknown #
coedge $-1 -1 $-1 $5631 $5353 $5605 $5632 forward $5494 $-1 #
coedge $-1 -1 $-1 $5353 $5631 $5625 $5633 reversed $5494 $-1 #
loop $-1 -1 $-1 $-1 $5492 $5634 #
color-adesk-attrib $-1 -1 $-1 $-1 $5354 256 #
vertex $-1 -1 $-1 $5491 $5635 #
vertex $-1 -1 $-1 $5633 $5636 #
straight-curve $-1 -1 $-1 0.3000000000000002665 11.16433734939758615 -0.25 0 0 1 I I #
edge $5637 -1 $-1 $5511 0 $5358 0.1600000000000000033 $5355 $5638 forward @7 unknown #
face $5639 -1 $-1 $5106 $5356 $8 $-1 $5640 forward single #
point $-1 -1 $-1 0.3000000000000019318 11.88626506024096052 0.5 #
color-adesk-attrib $-1 -1 $-1 $-1 $5360 256 #
straight-curve $-1 -1 $-1 0.2999999999999999889 11.64530120481927611 -0.25 0 0 -1 I I #
edge $5641 -1 $-1 $5463 0 $5364 0.1600000000000000033 $5457 $5642 forward @7 unknown #
point $-1 -1 $-1 0.3000000000000019318 11.64530120481927433 0.5 #
point $-1 -1 $-1 0.3000000000000019318 11.64530120481927433 -0.5 #
edge $5643 -1 $-1 $5478 0 $5511 1 $5476 $5644 forward @7 unknown #
color-adesk-attrib $-1 -1 $-1 $-1 $5368 256 #
straight-curve $-1 -1 $-1 0.3000000000000019318 11.64626506024096031 -0.5 0.5525198625498334293 0.8334997309465150828 0 F 0 F 0.2895719172308956479 #
color-adesk-attrib $-1 -1 $-1 $-1 $5369 256 #
vertex $-1 -1 $-1 $5507 $5645 #
straight-curve $-1 -1 $-1 0.3000000000000019318 11.64626506024096031 0.5 0.5525198625498334293 0.8334997309465150828 0 I I #
color-adesk-attrib $-1 -1 $-1 $-1 $5370 256 #
plane-surface $-1 -1 $-1 0.3000000000000019318 11.64626506024096031 -0.5 0.8334997309465151938 -0.5525198625498335403 0 0.5525198625498335403 0.8334997309465151938 0 forward_v I I I I #
color-adesk-attrib $-1 -1 $-1 $-1 $5383 256 #
face $5646 -1 $-1 $5647 $5648 $8 $-1 $5649 forward single #
loop $-1 -1 $-1 $-1 $5650 $5383 #
plane-surface $-1 -1 $-1 0.4599942359067068498 -8.353340680079107017 -0.5 -0.008488219385113101104 0.99996397441691387 0 -0.99996397441691387 -0.008488219385113101104 0 forward_v I I I I #
coedge $-1 -1 $-1 $5651 $5652 $5653 $5654 forward $5384 $-1 #
coedge $-1 -1 $-1 $5655 $5386 $5656 $5657 reversed $5253 $-1 #
coedge $-1 -1 $-1 $5386 $5655 $5387 $5525 reversed $5253 $-1 #
coedge $-1 -1 $-1 $5389 $5658 $5386 $5523 reversed $102 $-1 #
edge $5659 -1 $-1 $5531 0 $5660 0.1600000000000000033 $5386 $5661 forward @7 unknown #
coedge $-1 -1 $-1 $5388 $5387 $5662 $5663 reversed $5120 $-1 #
edge $5664 -1 $-1 $5531 0 $5665 1 $5521 $5666 forward @7 unknown #
coedge $-1 -1 $-1 $5667 $5668 $5388 $5527 forward $5669 $-1 #
edge $5670 -1 $-1 $5530 -0.25 $5671 0.75 $5526 $5672 forward @7 unknown #
coedge $-1 -1 $-1 $5673 $5389 $5668 $5674 forward $102 $-1 #
color-adesk-attrib $-1 -1 $-1 $-1 $5390 256 #
vertex $-1 -1 $-1 $5674 $5675 #
vertex $-1 -1 $-1 $5523 $5676 #
straight-curve $-1 -1 $-1 0.300000000000000655 -9.076626506024098262 -0.5 0.5525198625498334293 0.8334997309465150828 0 F 0 F 0.2895719172308956479 #
coedge $-1 -1 $-1 $5677 $5398 $5391 $5534 forward $264 $-1 #
edge $5678 -1 $-1 $5401 0 $5539 0.1600000000000000033 $5391 $5679 forward @7 unknown #
coedge $-1 -1 $-1 $5680 $5392 $5394 $5542 reversed $5537 $-1 #
coedge $-1 -1 $-1 $5392 $5680 $5677 $5681 reversed $5537 $-1 #
loop $-1 -1 $-1 $-1 $5392 $5682 #
color-adesk-attrib $-1 -1 $-1 $-1 $5393 256 #
vertex $-1 -1 $-1 $5681 $5683 #
straight-curve $-1 -1 $-1 0.2999999999999999889 -9.31855421686747043 -0.25 0 0 -1 I I #
coedge $-1 -1 $-1 $5394 $5673 $5684 $5685 reversed $102 $-1 #
edge $5686 -1 $-1 $5687 9.317590361445784453 $5396 9.318554216867472206 $5535 $277 forward @7 unknown #
point $-1 -1 $-1 0.3000000000000005995 -9.318554216867472206 -0.5 #
coedge $-1 -1 $-1 $5398 $5688 $5403 $5549 forward $264 $-1 #
color-adesk-attrib $-1 -1 $-1 $-1 $5399 256 #
straight-curve $-1 -1 $-1 0.300000000000000655 -9.558554216867470643 0.5 0.5525198625498334293 0.8334997309465150828 0 I I #
point $-1 -1 $-1 0.4599942359067068498 -9.317196101765851779 0.5 #
coedge $-1 -1 $-1 $5404 $5403 $5689 $5690 forward $5405 $-1 #
edge $5691 -1 $-1 $5692 -9.55951807228916195 $5407 -9.558554216867470643 $5403 $352 forward @7 unknown #
face $5693 -1 $-1 $5682 $5405 $8 $-1 $354 reversed single #
point $-1 -1 $-1 0.3000000000000005995 -9.558554216867470643 0.5 #
coedge $-1 -1 $-1 $5689 $5694 $5409 $5553 forward $5695 $-1 #
edge $5696 -1 $-1 $5565 0 $5555 0.1600000000000000033 $5552 $5697 forward @7 unknown #
color-adesk-attrib $-1 -1 $-1 $-1 $5410 256 #
vertex $-1 -1 $-1 $5553 $5698 #
coedge $-1 -1 $-1 $5688 $5413 $5699 $5700 forward $264 $-1 #
coedge $-1 -1 $-1 $5420 $5699 $5416 $5558 reversed $5563 $-1 #
edge $5701 -1 $-1 $5423 -0.25 $5560 0.75 $5416 $5702 forward @7 unknown #
color-adesk-attrib $-1 -1 $-1 $-1 $5417 256 #
vertex $-1 -1 $-1 $5700 $5703 #
color-adesk-attrib $-1 -1 $-1 $-1 $5418 256 #
coedge $-1 -1 $-1 $5699 $5420 $5694 $5704 forward $5563 $-1 #
loop $-1 -1 $-1 $-1 $5420 $5705 #
color-adesk-attrib $-1 -1 $-1 $-1 $5421 256 #
vertex $-1 -1 $-1 $5553 $5706 #
straight-curve $-1 -1 $-1 0.3000000000000005995 -9.799518072289160386 -0.5 0.5525198625498334293 0.8334997309465150828 0 F 0 F 0.2895719172308956479 #
point $-1 -1 $-1 0.3000000000000005995 -9.799518072289160386 -0.5 #
coedge $-1 -1 $-1 $5430 $5425 $5424 $5569 reversed $5431 $-1 #
edge $5707 -1 $-1 $5575 0 $5428 0.1600000000000000033 $5568 $5708 forward @7 unknown #
color-adesk-attrib $-1 -1 $-1 $-1 $5426 256 #
straight-curve $-1 -1 $-1 0.2999999999999999889 -10.04144578313253433 -0.25 0 0 -1 I I #
point $-1 -1 $-1 0.3000000000000005995 -10.04144578313253433 0.5 #
face $5709 -1 $-1 $5177 $5431 $8 $-1 $5710 forward single #
color-adesk-attrib $-1 -1 $-1 $-1 $5436 256 #
vertex $-1 -1 $-1 $5440 $5711 #
straight-curve $-1 -1 $-1 0.3000000000000005995 -10.28144578313253277 0.5 0.5525198625498334293 0.8334997309465150828 0 I I #
color-adesk-attrib $-1 -1 $-1 $-1 $5440 256 #
straight-curve $-1 -1 $-1 0.4599942359067067943 -10.0400876680309139 -0.5 0 0 1 I I #
color-adesk-attrib $-1 -1 $-1 $-1 $5441 256 #
plane-surface $-1 -1 $-1 0.3000000000000005995 -10.28144578313253277 -0.5 0.8334997309465151938 -0.5525198625498335403 0 0.5525198625498335403 0.8334997309465151938 0 forward_v I I I I #
color-adesk-attrib $-1 -1 $-1 $-1 $5449 256 #
face $5712 -1 $-1 $5713 $5714 $8 $-1 $5715 forward single #
loop $-1 -1 $-1 $-1 $5716 $5449 #
plane-surface $-1 -1 $-1 0.459994235906708071 10.68280389823414822 -0.5 -0.008488219385113101104 0.99996397441691387 0 -0.99996397441691387 -0.008488219385113101104 0 forward_v I I I I #
coedge $-1 -1 $-1 $5717 $5718 $5719 $5720 forward $5450 $-1 #
coedge $-1 -1 $-1 $5721 $5452 $5487 $5624 reversed $5319 $-1 #
coedge $-1 -1 $-1 $5452 $5721 $5453 $5591 reversed $5319 $-1 #
coedge $-1 -1 $-1 $5455 $5490 $5452 $5589 reversed $102 $-1 #
edge $5722 -1 $-1 $5597 0 $5630 0.1600000000000000033 $5452 $5723 forward @7 unknown #
coedge $-1 -1 $-1 $5454 $5453 $5724 $5725 reversed $5186 $-1 #
edge $5726 -1 $-1 $5597 0 $5727 1 $5587 $5728 forward @7 unknown #
coedge $-1 -1 $-1 $5729 $5730 $5454 $5593 forward $5483 $-1 #
edge $5731 -1 $-1 $5596 -0.25 $5732 0.75 $5592 $5733 forward @7 unknown #
coedge $-1 -1 $-1 $5734 $5455 $5730 $5735 forward $102 $-1 #
color-adesk-attrib $-1 -1 $-1 $-1 $5456 256 #
vertex $-1 -1 $-1 $5735 $5736 #
vertex $-1 -1 $-1 $5589 $5737 #
straight-curve $-1 -1 $-1 0.3000000000000018763 10.92337349397590174 -0.5 0.5525198625498334293 0.8334997309465150828 0 F 0 F 0.2895719172308956479 #
coedge $-1 -1 $-1 $5460 $5738 $5465 $5603 forward $264 $-1 #
color-adesk-attrib $-1 -1 $-1 $-1 $5461 256 #
straight-curve $-1 -1 $-1 0.3000000000000019318 11.40530120481927412 0.5 0.5525198625498334293 0.8334997309465150828 0 I I #
point $-1 -1 $-1 0.459994235906708071 11.64665931992089298 0.5 #
edge $5739 -1 $-1 $5622 11.40433734939758814 $5468 11.40530120481927412 $5465 $352 forward @7 unknown #
point $-1 -1 $-1 0.3000000000000019318 11.40530120481927412 0.5 #
coedge $-1 -1 $-1 $5490 $5470 $5492 $5632 reversed $102 $-1 #
coedge $-1 -1 $-1 $5485 $5740 $5470 $5607 forward $5620 $-1 #
edge $5741 -1 $-1 $5742 0 $5609 0.1600000000000000033 $5606 $5743 forward @7 unknown #
color-adesk-attrib $-1 -1 $-1 $-1 $5471 256 #
vertex $-1 -1 $-1 $5607 $5744 #
point $-1 -1 $-1 0.4599942359067081266 11.88762317534257917 -0.5 #
color-adesk-attrib $-1 -1 $-1 $-1 $5482 256 #
face $5745 -1 $-1 $5746 $5747 $8 $-1 $354 reversed single #
loop $-1 -1 $-1 $-1 $5748 $5482 #
coedge $-1 -1 $-1 $5730 $5729 $5749 $5750 forward $5483 $-1 #
coedge $-1 -1 $-1 $5751 $5484 $5752 $5753 reversed $5349 $-1 #
coedge $-1 -1 $-1 $5484 $5751 $5754 $5755 reversed $5349 $-1 #
coedge $-1 -1 $-1 $5756 $5757 $5484 $5618 reversed $5758 $-1 #
edge $5759 -1 $-1 $5760 -0.25 $5761 0.75 $5484 $5762 forward @7 unknown #
coedge $-1 -1 $-1 $5740 $5485 $5738 $5763 reversed $5620 $-1 #
loop $-1 -1 $-1 $-1 $5606 $5764 #
color-adesk-attrib $-1 -1 $-1 $-1 $5486 256 #
vertex $-1 -1 $-1 $5603 $5765 #
straight-curve $-1 -1 $-1 0.2999999999999999889 11.40433734939758992 -0.25 0 0 -1 I I #
edge $5766 -1 $-1 $5628 -0.75 $5630 0.25 $5487 $5767 forward @7 unknown #
coedge $-1 -1 $-1 $5738 $5488 $5493 $5633 forward $264 $-1 #
coedge $-1 -1 $-1 $5488 $5724 $5721 $5768 forward $264 $-1 #
color-adesk-attrib $-1 -1 $-1 $-1 $5489 256 #
vertex $-1 -1 $-1 $5489 $5769 #
color-adesk-attrib $-1 -1 $-1 $-1 $5491 256 #
vertex $-1 -1 $-1 $5589 $5770 #
coedge $-1 -1 $-1 $5493 $5492 $5740 $5771 forward $5494 $-1 #
edge $5772 -1 $-1 $5496 0 $5742 0.2895719172308956479 $5492 $5773 forward @7 unknown #
edge $5774 -1 $-1 $5497 0 $5775 0.2895719172308956479 $5493 $5776 forward @7 unknown #
face $5777 -1 $-1 $5764 $5494 $8 $-1 $5778 forward single #
point $-1 -1 $-1 0.3000000000000019318 11.16433734939758793 -0.5 #
point $-1 -1 $-1 0.3000000000000018763 11.16433734939758793 0.5 #
color-adesk-attrib $-1 -1 $-1 $-1 $5499 256 #
straight-curve $-1 -1 $-1 0.4599942359067081266 11.88762317534257917 0.5 -0.9999639744169136479 -0.008488219385113099369 0 I I #
color-adesk-attrib $-1 -1 $-1 $-1 $5500 256 #
plane-surface $-1 -1 $-1 0.4599942359067081266 11.88762317534257917 -0.5 -0.008488219385113101104 0.99996397441691387 0 -0.99996397441691387 -0.008488219385113101104 0 forward_v I I I I #
color-adesk-attrib $-1 -1 $-1 $-1 $5504 256 #
straight-curve $-1 -1 $-1 0.459994235906708071 11.64665931992089298 0.5 -0.9999639744169136479 -0.008488219385113099369 0 I I #
color-adesk-attrib $-1 -1 $-1 $-1 $5507 256 #
straight-curve $-1 -1 $-1 0.4599942359067081266 11.88762317534257917 -0.5 0 0 1 I I #
point $-1 -1 $-1 0.4599942359067081266 11.88762317534257917 0.5 #
color-adesk-attrib $-1 -1 $-1 $-1 $5516 256 #
face $5779 -1 $-1 $5780 $5781 $8 $-1 $5782 forward single #
loop $-1 -1 $-1 $-1 $5783 $5516 #
plane-surface $-1 -1 $-1 0.3000000000000007105 -8.1127710843373535 -0.5 0.8334997309465151938 -0.5525198625498335403 0 0.5525198625498335403 0.8334997309465151938 0 forward_v I I I I #
coedge $-1 -1 $-1 $5784 $5785 $5786 $5787 forward $5517 $-1 #
coedge $-1 -1 $-1 $5788 $5519 $5785 $5789 forward $5384 $-1 #
coedge $-1 -1 $-1 $5519 $5788 $5790 $5791 reversed $5384 $-1 #
coedge $-1 -1 $-1 $5792 $5786 $5519 $5654 reversed $102 $-1 #
edge $5793 -1 $-1 $5794 0 $5795 0.2895719172308956479 $5519 $5796 forward @7 unknown #
coedge $-1 -1 $-1 $5521 $5520 $5797 $5798 reversed $5253 $-1 #
coedge $-1 -1 $-1 $5799 $5800 $5520 $5657 forward $5801 $-1 #
edge $5802 -1 $-1 $5803 -0.75 $5660 0.25 $5656 $5804 forward @7 unknown #
coedge $-1 -1 $-1 $5522 $5805 $5799 $5806 forward $102 $-1 #
color-adesk-attrib $-1 -1 $-1 $-1 $5523 256 #
vertex $-1 -1 $-1 $5523 $5807 #
straight-curve $-1 -1 $-1 0.4599942359067068498 -8.835268390922479398 -0.5 -0.9999639744169136479 -0.008488219385113099369 0 F 0 F 0.1600000000000000033 #
coedge $-1 -1 $-1 $5797 $5808 $5524 $5663 forward $264 $-1 #
edge $5809 -1 $-1 $5671 0 $5665 0.2895719172308956479 $5524 $5810 forward @7 unknown #
color-adesk-attrib $-1 -1 $-1 $-1 $5525 256 #
vertex $-1 -1 $-1 $5525 $5811 #
straight-curve $-1 -1 $-1 0.4599942359067068498 -8.835268390922479398 -0.5 0 0 1 I I #
coedge $-1 -1 $-1 $5812 $5526 $5808 $5813 reversed $5669 $-1 #
coedge $-1 -1 $-1 $5526 $5812 $5528 $5674 reversed $5669 $-1 #
loop $-1 -1 $-1 $-1 $5526 $5814 #
color-adesk-attrib $-1 -1 $-1 $-1 $5527 256 #
vertex $-1 -1 $-1 $5663 $5815 #
straight-curve $-1 -1 $-1 0.2999999999999993783 -9.076626506024100038 -0.25 0 0 1 I I #
coedge $-1 -1 $-1 $5541 $5528 $5816 $5817 reversed $102 $-1 #
edge $5818 -1 $-1 $5530 9.076626506024098262 $5819 9.077590361445786016 $5668 $277 forward @7 unknown #
point $-1 -1 $-1 0.300000000000000655 -9.076626506024098262 -0.5 #
point $-1 -1 $-1 0.4599942359067068498 -8.835268390922479398 -0.5 #
coedge $-1 -1 $-1 $5820 $5533 $5536 $5681 forward $264 $-1 #
color-adesk-attrib $-1 -1 $-1 $-1 $5534 256 #
straight-curve $-1 -1 $-1 0.4599942359067068498 -9.317196101765851779 0.5 -0.9999639744169136479 -0.008488219385113099369 0 I I #
coedge $-1 -1 $-1 $5536 $5535 $5821 $5822 forward $5537 $-1 #
edge $5823 -1 $-1 $5539 -9.318554216867472206 $5824 -9.317590361445784453 $5536 $352 forward @7 unknown #
face $5825 -1 $-1 $5286 $5537 $8 $-1 $354 reversed single #
point $-1 -1 $-1 0.3000000000000005995 -9.318554216867472206 0.5 #
coedge $-1 -1 $-1 $5826 $5821 $5541 $5685 forward $5827 $-1 #
edge $5828 -1 $-1 $5687 0 $5829 0.2895719172308956479 $5684 $5830 forward @7 unknown #
color-adesk-attrib $-1 -1 $-1 $-1 $5542 256 #
vertex $-1 -1 $-1 $5542 $5831 #
coedge $-1 -1 $-1 $5544 $5556 $5832 $5833 forward $264 $-1 #
coedge $-1 -1 $-1 $5832 $5552 $5548 $5690 reversed $5695 $-1 #
edge $5834 -1 $-1 $5692 -0.75 $5555 0.25 $5548 $5835 forward @7 unknown #
color-adesk-attrib $-1 -1 $-1 $-1 $5549 256 #
vertex $-1 -1 $-1 $5549 $5836 #
color-adesk-attrib $-1 -1 $-1 $-1 $5550 256 #
coedge $-1 -1 $-1 $5552 $5832 $5562 $5704 reversed $5695 $-1 #
loop $-1 -1 $-1 $-1 $5552 $5837 #
color-adesk-attrib $-1 -1 $-1 $-1 $5553 256 #
straight-curve $-1 -1 $-1 0.4599942359067067943 -9.558159957187541522 -0.5 -0.9999639744169136479 -0.008488219385113099369 0 F 0 F 0.1600000000000000033 #
point $-1 -1 $-1 0.3000000000000005995 -9.55951807228916195 -0.5 #
coedge $-1 -1 $-1 $5557 $5562 $5556 $5700 reversed $5563 $-1 #
edge $5838 -1 $-1 $5560 0 $5839 0.2895719172308956479 $5699 $5840 forward @7 unknown #
color-adesk-attrib $-1 -1 $-1 $-1 $5558 256 #
straight-curve $-1 -1 $-1 0.2999999999999998224 -9.799518072289163939 -0.25 0 0 1 I I #
point $-1 -1 $-1 0.3000000000000005995 -9.799518072289160386 0.5 #
edge $5841 -1 $-1 $5565 0 $5839 1 $5694 $5842 forward @7 unknown #
face $5843 -1 $-1 $5837 $5563 $8 $-1 $5844 forward single #
point $-1 -1 $-1 0.4599942359067067943 -9.558159957187541522 -0.5 #
color-adesk-attrib $-1 -1 $-1 $-1 $5569 256 #
straight-curve $-1 -1 $-1 0.4599942359067067943 -10.0400876680309139 0.5 -0.9999639744169136479 -0.008488219385113099369 0 I I #
color-adesk-attrib $-1 -1 $-1 $-1 $5573 256 #
plane-surface $-1 -1 $-1 0.4599942359067067943 -10.0400876680309139 -0.5 -0.008488219385113101104 0.99996397441691387 0 -0.99996397441691387 -0.008488219385113101104 0 forward_v I I I I #
point $-1 -1 $-1 0.4599942359067067943 -10.0400876680309139 0.5 #
color-adesk-attrib $-1 -1 $-1 $-1 $5582 256 #
face $5845 -1 $-1 $5846 $5847 $8 $-1 $5848 forward single #
loop $-1 -1 $-1 $-1 $5849 $5582 #
plane-surface $-1 -1 $-1 0.3000000000000018208 9.959518072289153423 -0.5 0.8334997309465151938 -0.5525198625498335403 0 0.5525198625498335403 0.8334997309465151938 0 forward_v I I I I #
coedge $-1 -1 $-1 $5850 $5851 $5852 $5853 forward $5583 $-1 #
coedge $-1 -1 $-1 $5854 $5585 $5851 $5855 forward $5450 $-1 #
coedge $-1 -1 $-1 $5585 $5854 $5856 $5857 reversed $5450 $-1 #
coedge $-1 -1 $-1 $5858 $5852 $5585 $5720 reversed $102 $-1 #
edge $5859 -1 $-1 $5860 0 $5861 0.2895719172308956479 $5585 $5862 forward @7 unknown #
coedge $-1 -1 $-1 $5587 $5586 $5626 $5768 reversed $5319 $-1 #
color-adesk-attrib $-1 -1 $-1 $-1 $5589 256 #
straight-curve $-1 -1 $-1 0.459994235906708071 11.1647316090775206 -0.5 -0.9999639744169136479 -0.008488219385113099369 0 F 0 F 0.1600000000000000033 #
coedge $-1 -1 $-1 $5626 $5863 $5590 $5725 forward $264 $-1 #
edge $5864 -1 $-1 $5732 0 $5727 0.2895719172308956479 $5590 $5865 forward @7 unknown #
color-adesk-attrib $-1 -1 $-1 $-1 $5591 256 #
vertex $-1 -1 $-1 $5591 $5866 #
straight-curve $-1 -1 $-1 0.459994235906708071 11.1647316090775206 -0.5 0 0 1 I I #
coedge $-1 -1 $-1 $5614 $5592 $5863 $5867 reversed $5483 $-1 #
coedge $-1 -1 $-1 $5592 $5614 $5594 $5735 reversed $5483 $-1 #
color-adesk-attrib $-1 -1 $-1 $-1 $5593 256 #
vertex $-1 -1 $-1 $5725 $5868 #
straight-curve $-1 -1 $-1 0.2999999999999998224 10.92337349397589996 -0.25 0 0 1 I I #
coedge $-1 -1 $-1 $5869 $5594 $5870 $5871 reversed $102 $-1 #
edge $5872 -1 $-1 $5596 -10.92337349397590174 $5873 -10.92240963855421576 $5730 $277 forward @7 unknown #
point $-1 -1 $-1 0.3000000000000018763 10.92337349397590174 -0.5 #
point $-1 -1 $-1 0.459994235906708071 11.1647316090775206 -0.5 #
coedge $-1 -1 $-1 $5599 $5625 $5619 $5763 forward $264 $-1 #
color-adesk-attrib $-1 -1 $-1 $-1 $5603 256 #
coedge $-1 -1 $-1 $5606 $5619 $5631 $5771 reversed $5620 $-1 #
color-adesk-attrib $-1 -1 $-1 $-1 $5607 256 #
vertex $-1 -1 $-1 $5607 $5874 #
straight-curve $-1 -1 $-1 0.459994235906708071 11.40569546449920679 -0.5 -0.9999639744169136479 -0.008488219385113099369 0 F 0 F 0.1600000000000000033 #
point $-1 -1 $-1 0.3000000000000018763 11.40433734939758814 -0.5 #
color-adesk-attrib $-1 -1 $-1 $-1 $5612 256 #
face $5875 -1 $-1 $5876 $5877 $8 $-1 $354 reversed single #
loop $-1 -1 $-1 $-1 $5878 $5612 #
coedge $-1 -1 $-1 $5879 $5880 $5881 $5882 forward $5613 $-1 #
coedge $-1 -1 $-1 $5883 $5870 $5614 $5750 reversed $5884 $-1 #
edge $5885 -1 $-1 $5886 -0.75 $5873 0.25 $5614 $5887 forward @7 unknown #
coedge $-1 -1 $-1 $5616 $5615 $5850 $5888 forward $5349 $-1 #
coedge $-1 -1 $-1 $5889 $5890 $5615 $5753 forward $264 $-1 #
edge $5891 -1 $-1 $5892 10.68144578313252957 $5761 10.68240963855421555 $5615 $352 forward @7 unknown #
coedge $-1 -1 $-1 $5852 $5869 $5616 $5755 forward $102 $-1 #
edge $5893 -1 $-1 $5760 -10.68240963855421555 $5894 -10.68144578313252957 $5616 $277 forward @7 unknown #
coedge $-1 -1 $-1 $5895 $5617 $5869 $5896 forward $5758 $-1 #
coedge $-1 -1 $-1 $5617 $5895 $5889 $5897 reversed $5758 $-1 #
loop $-1 -1 $-1 $-1 $5756 $5898 #
color-adesk-attrib $-1 -1 $-1 $-1 $5618 256 #
vertex $-1 -1 $-1 $5755 $5899 #
vertex $-1 -1 $-1 $5897 $5900 #
straight-curve $-1 -1 $-1 0.2999999999999998224 10.68240963855421377 -0.25 0 0 1 I I #
edge $5901 -1 $-1 $5775 0 $5622 0.1600000000000000033 $5619 $5902 forward @7 unknown #
face $5903 -1 $-1 $5370 $5620 $8 $-1 $5904 forward single #
point $-1 -1 $-1 0.3000000000000018763 11.40433734939758814 0.5 #
color-adesk-attrib $-1 -1 $-1 $-1 $5624 256 #
straight-curve $-1 -1 $-1 0.2999999999999999889 11.16337349397590195 -0.25 0 0 -1 I I #
edge $5905 -1 $-1 $5727 0 $5628 0.1600000000000000033 $5721 $5906 forward @7 unknown #
point $-1 -1 $-1 0.3000000000000018763 11.16337349397590195 0.5 #
point $-1 -1 $-1 0.3000000000000018763 11.16337349397590195 -0.5 #
edge $5907 -1 $-1 $5742 0 $5775 1 $5740 $5908 forward @7 unknown #
color-adesk-attrib $-1 -1 $-1 $-1 $5632 256 #
straight-curve $-1 -1 $-1 0.3000000000000019318 11.16433734939758793 -0.5 0.5525198625498334293 0.8334997309465150828 0 F 0 F 0.2895719172308956479 #
color-adesk-attrib $-1 -1 $-1 $-1 $5633 256 #
vertex $-1 -1 $-1 $5771 $5909 #
straight-curve $-1 -1 $-1 0.3000000000000019318 11.16433734939758793 0.5 0.5525198625498334293 0.8334997309465150828 0 I I #
color-adesk-attrib $-1 -1 $-1 $-1 $5634 256 #
plane-surface $-1 -1 $-1 0.3000000000000019318 11.16433734939758793 -0.5 0.8334997309465151938 -0.5525198625498335403 0 0.5525198625498335403 0.8334997309465151938 0 forward_v I I I I #
color-adesk-attrib $-1 -1 $-1 $-1 $5647 256 #
face $5910 -1 $-1 $5911 $5912 $8 $-1 $5913 forward single #
loop $-1 -1 $-1 $-1 $5914 $5647 #
plane-surface $-1 -1 $-1 0.4599942359067069053 -7.871412969235734636 -0.5 -0.008488219385113101104 0.99996397441691387 0 -0.99996397441691387 -0.008488219385113101104 0 forward_v I I I I #
coedge $-1 -1 $-1 $5915 $5916 $5917 $5918 forward $5648 $-1 #
coedge $-1 -1 $-1 $5919 $5650 $5920 $5921 reversed $5517 $-1 #
coedge $-1 -1 $-1 $5650 $5919 $5651 $5789 reversed $5517 $-1 #
coedge $-1 -1 $-1 $5653 $5922 $5650 $5787 reversed $102 $-1 #
edge $5923 -1 $-1 $5795 0 $5924 0.1600000000000000033 $5650 $5925 forward @7 unknown #
coedge $-1 -1 $-1 $5652 $5651 $5926 $5927 reversed $5384 $-1 #
edge $5928 -1 $-1 $5795 0 $5929 1 $5785 $5930 forward @7 unknown #
coedge $-1 -1 $-1 $5931 $5932 $5652 $5791 forward $5933 $-1 #
edge $5934 -1 $-1 $5794 -0.25 $5935 0.75 $5790 $5936 forward @7 unknown #
coedge $-1 -1 $-1 $5937 $5653 $5932 $5938 forward $102 $-1 #
color-adesk-attrib $-1 -1 $-1 $-1 $5654 256 #
vertex $-1 -1 $-1 $5938 $5939 #
vertex $-1 -1 $-1 $5787 $5940 #
straight-curve $-1 -1 $-1 0.3000000000000007105 -8.594698795180725881 -0.5 0.5525198625498334293 0.8334997309465150828 0 F 0 F 0.2895719172308956479 #
coedge $-1 -1 $-1 $5941 $5662 $5655 $5798 forward $264 $-1 #
edge $5942 -1 $-1 $5665 0 $5803 0.1600000000000000033 $5655 $5943 forward @7 unknown #
coedge $-1 -1 $-1 $5944 $5656 $5658 $5806 reversed $5801 $-1 #
coedge $-1 -1 $-1 $5656 $5944 $5941 $5945 reversed $5801 $-1 #
loop $-1 -1 $-1 $-1 $5656 $5946 #
color-adesk-attrib $-1 -1 $-1 $-1 $5657 256 #
vertex $-1 -1 $-1 $5945 $5947 #
straight-curve $-1 -1 $-1 0.2999999999999999889 -8.836626506024098049 -0.25 0 0 -1 I I #
coedge $-1 -1 $-1 $5658 $5937 $5948 $5949 reversed $102 $-1 #
edge $5950 -1 $-1 $5951 8.835662650602412072 $5660 8.836626506024099825 $5799 $277 forward @7 unknown #
point $-1 -1 $-1 0.300000000000000655 -8.836626506024099825 -0.5 #
coedge $-1 -1 $-1 $5662 $5952 $5667 $5813 forward $264 $-1 #
color-adesk-attrib $-1 -1 $-1 $-1 $5663 256 #
straight-curve $-1 -1 $-1 0.300000000000000655 -9.076626506024098262 0.5 0.5525198625498334293 0.8334997309465150828 0 I I #
point $-1 -1 $-1 0.4599942359067068498 -8.835268390922479398 0.5 #
coedge $-1 -1 $-1 $5668 $5667 $5953 $5954 forward $5669 $-1 #
edge $5955 -1 $-1 $5956 -9.077590361445786016 $5671 -9.076626506024098262 $5667 $352 forward @7 unknown #
face $5957 -1 $-1 $5946 $5669 $8 $-1 $354 reversed single #
point $-1 -1 $-1 0.300000000000000655 -9.076626506024098262 0.5 #
coedge $-1 -1 $-1 $5953 $5958 $5673 $5817 forward $5959 $-1 #
edge $5960 -1 $-1 $5829 0 $5819 0.1600000000000000033 $5816 $5961 forward @7 unknown #
color-adesk-attrib $-1 -1 $-1 $-1 $5674 256 #
vertex $-1 -1 $-1 $5817 $5962 #
coedge $-1 -1 $-1 $5952 $5677 $5963 $5964 forward $264 $-1 #
coedge $-1 -1 $-1 $5684 $5963 $5680 $5822 reversed $5827 $-1 #
edge $5965 -1 $-1 $5687 -0.25 $5824 0.75 $5680 $5966 forward @7 unknown #
color-adesk-attrib $-1 -1 $-1 $-1 $5681 256 #
vertex $-1 -1 $-1 $5964 $5967 #
color-adesk-attrib $-1 -1 $-1 $-1 $5682 256 #
coedge $-1 -1 $-1 $5963 $5684 $5958 $5968 forward $5827 $-1 #
loop $-1 -1 $-1 $-1 $5684 $5969 #
color-adesk-attrib $-1 -1 $-1 $-1 $5685 256 #
vertex $-1 -1 $-1 $5817 $5970 #
straight-curve $-1 -1 $-1 0.300000000000000655 -9.317590361445784453 -0.5 0.5525198625498334293 0.8334997309465150828 0 F 0 F 0.2895719172308956479 #
point $-1 -1 $-1 0.300000000000000655 -9.317590361445784453 -0.5 #
coedge $-1 -1 $-1 $5694 $5689 $5688 $5833 reversed $5695 $-1 #
edge $5971 -1 $-1 $5839 0 $5692 0.1600000000000000033 $5832 $5972 forward @7 unknown #
color-adesk-attrib $-1 -1 $-1 $-1 $5690 256 #
straight-curve $-1 -1 $-1 0.2999999999999999889 -9.55951807228916195 -0.25 0 0 -1 I I #
point $-1 -1 $-1 0.3000000000000005995 -9.55951807228916195 0.5 #
face $5973 -1 $-1 $5441 $5695 $8 $-1 $5974 forward single #
color-adesk-attrib $-1 -1 $-1 $-1 $5700 256 #
vertex $-1 -1 $-1 $5704 $5975 #
straight-curve $-1 -1 $-1 0.3000000000000005995 -9.799518072289160386 0.5 0.5525198625498334293 0.8334997309465150828 0 I I #
color-adesk-attrib $-1 -1 $-1 $-1 $5704 256 #
straight-curve $-1 -1 $-1 0.4599942359067067943 -9.558159957187541522 -0.5 0 0 1 I I #
color-adesk-attrib $-1 -1 $-1 $-1 $5705 256 #
plane-surface $-1 -1 $-1 0.3000000000000005995 -9.799518072289160386 -0.5 0.8334997309465151938 -0.5525198625498335403 0 0.5525198625498335403 0.8334997309465151938 0 forward_v I I I I #
color-adesk-attrib $-1 -1 $-1 $-1 $5713 256 #
face $5976 -1 $-1 $5977 $5978 $8 $-1 $5979 forward single #
loop $-1 -1 $-1 $-1 $5980 $5713 #
plane-surface $-1 -1 $-1 0.4599942359067080155 10.20087618739077229 -0.5 -0.008488219385113101104 0.99996397441691387 0 -0.99996397441691387 -0.008488219385113101104 0 forward_v I I I I #
coedge $-1 -1 $-1 $5981 $5982 $5983 $5984 forward $5714 $-1 #
coedge $-1 -1 $-1 $5985 $5716 $5751 $5888 reversed $5583 $-1 #
coedge $-1 -1 $-1 $5716 $5985 $5717 $5855 reversed $5583 $-1 #
coedge $-1 -1 $-1 $5719 $5754 $5716 $5853 reversed $102 $-1 #
edge $5986 -1 $-1 $5861 0 $5894 0.1600000000000000033 $5716 $5987 forward @7 unknown #
coedge $-1 -1 $-1 $5718 $5717 $5988 $5989 reversed $5450 $-1 #
edge $5990 -1 $-1 $5861 0 $5991 1 $5851 $5992 forward @7 unknown #
coedge $-1 -1 $-1 $5993 $5994 $5718 $5857 forward $5747 $-1 #
edge $5995 -1 $-1 $5860 -0.25 $5996 0.75 $5856 $5997 forward @7 unknown #
coedge $-1 -1 $-1 $5998 $5719 $5994 $5999 forward $102 $-1 #
color-adesk-attrib $-1 -1 $-1 $-1 $5720 256 #
vertex $-1 -1 $-1 $5999 $6000 #
vertex $-1 -1 $-1 $5853 $6001 #
straight-curve $-1 -1 $-1 0.3000000000000018763 10.44144578313252936 -0.5 0.5525198625498334293 0.8334997309465150828 0 F 0 F 0.2895719172308956479 #
coedge $-1 -1 $-1 $5724 $6002 $5729 $5867 forward $264 $-1 #
color-adesk-attrib $-1 -1 $-1 $-1 $5725 256 #
straight-curve $-1 -1 $-1 0.3000000000000018763 10.92337349397590174 0.5 0.5525198625498334293 0.8334997309465150828 0 I I #
point $-1 -1 $-1 0.459994235906708071 11.1647316090775206 0.5 #
edge $6003 -1 $-1 $5886 10.92240963855421576 $5732 10.92337349397590174 $5729 $352 forward @7 unknown #
point $-1 -1 $-1 0.3000000000000018763 10.92337349397590174 0.5 #
coedge $-1 -1 $-1 $5754 $5734 $5756 $5896 reversed $102 $-1 #
coedge $-1 -1 $-1 $5749 $6004 $5734 $5871 forward $5884 $-1 #
edge $6005 -1 $-1 $6006 0 $5873 0.1600000000000000033 $5870 $6007 forward @7 unknown #
color-adesk-attrib $-1 -1 $-1 $-1 $5735 256 #
vertex $-1 -1 $-1 $5871 $6008 #
point $-1 -1 $-1 0.459994235906708071 11.40569546449920679 -0.5 #
color-adesk-attrib $-1 -1 $-1 $-1 $5746 256 #
face $6009 -1 $-1 $6010 $6011 $8 $-1 $354 reversed single #
loop $-1 -1 $-1 $-1 $6012 $5746 #
coedge $-1 -1 $-1 $5994 $5993 $6013 $6014 forward $5747 $-1 #
coedge $-1 -1 $-1 $6015 $5748 $6016 $6017 reversed $5613 $-1 #
coedge $-1 -1 $-1 $5748 $6015 $6018 $6019 reversed $5613 $-1 #
coedge $-1 -1 $-1 $6020 $6021 $5748 $5882 reversed $6022 $-1 #
edge $6023 -1 $-1 $6024 -0.25 $6025 0.75 $5748 $6026 forward @7 unknown #
coedge $-1 -1 $-1 $6004 $5749 $6002 $6027 reversed $5884 $-1 #
loop $-1 -1 $-1 $-1 $5870 $6028 #
color-adesk-attrib $-1 -1 $-1 $-1 $5750 256 #
vertex $-1 -1 $-1 $5867 $6029 #
straight-curve $-1 -1 $-1 0.2999999999999999889 10.92240963855421931 -0.25 0 0 -1 I I #
edge $6030 -1 $-1 $5892 -0.75 $5894 0.25 $5751 $6031 forward @7 unknown #
coedge $-1 -1 $-1 $6002 $5752 $5757 $5897 forward $264 $-1 #
coedge $-1 -1 $-1 $5752 $5988 $5985 $6032 forward $264 $-1 #
color-adesk-attrib $-1 -1 $-1 $-1 $5753 256 #
vertex $-1 -1 $-1 $5753 $6033 #
color-adesk-attrib $-1 -1 $-1 $-1 $5755 256 #
vertex $-1 -1 $-1 $5853 $6034 #
coedge $-1 -1 $-1 $5757 $5756 $6004 $6035 forward $5758 $-1 #
edge $6036 -1 $-1 $5760 0 $6006 0.2895719172308956479 $5756 $6037 forward @7 unknown #
edge $6038 -1 $-1 $5761 0 $6039 0.2895719172308956479 $5757 $6040 forward @7 unknown #
face $6041 -1 $-1 $6028 $5758 $8 $-1 $6042 forward single #
point $-1 -1 $-1 0.3000000000000018763 10.68240963855421555 -0.5 #
point $-1 -1 $-1 0.3000000000000018763 10.68240963855421555 0.5 #
color-adesk-attrib $-1 -1 $-1 $-1 $5763 256 #
straight-curve $-1 -1 $-1 0.459994235906708071 11.40569546449920679 0.5 -0.9999639744169136479 -0.008488219385113099369 0 I I #
color-adesk-attrib $-1 -1 $-1 $-1 $5764 256 #
plane-surface $-1 -1 $-1 0.459994235906708071 11.40569546449920679 -0.5 -0.008488219385113101104 0.99996397441691387 0 -0.99996397441691387 -0.008488219385113101104 0 forward_v I I I I #
color-adesk-attrib $-1 -1 $-1 $-1 $5768 256 #
straight-curve $-1 -1 $-1 0.459994235906708071 11.1647316090775206 0.5 -0.9999639744169136479 -0.008488219385113099369 0 I I #
color-adesk-attrib $-1 -1 $-1 $-1 $5771 256 #
straight-curve $-1 -1 $-1 0.459994235906708071 11.40569546449920679 -0.5 0 0 1 I I #
point $-1 -1 $-1 0.459994235906708071 11.40569546449920679 0.5 #
color-adesk-attrib $-1 -1 $-1 $-1 $5780 256 #
face $6043 -1 $-1 $6044 $6045 $8 $-1 $6046 forward single #
loop $-1 -1 $-1 $-1 $6047 $5780 #
plane-surface $-1 -1 $-1 0.3000000000000007661 -7.630843373493977566 -0.5 0.8334997309465151938 -0.5525198625498335403 0 0.5525198625498335403 0.8334997309465151938 0 forward_v I I I I #
coedge $-1 -1 $-1 $6048 $6049 $6050 $6051 forward $5781 $-1 #
coedge $-1 -1 $-1 $6052 $5783 $6049 $6053 forward $5648 $-1 #
coedge $-1 -1 $-1 $5783 $6052 $6054 $6055 reversed $5648 $-1 #
coedge $-1 -1 $-1 $6056 $6050 $5783 $5918 reversed $102 $-1 #
edge $6057 -1 $-1 $6058 0 $6059 0.2895719172308956479 $5783 $6060 forward @7 unknown #
coedge $-1 -1 $-1 $5785 $5784 $6061 $6062 reversed $5517 $-1 #
coedge $-1 -1 $-1 $6063 $6064 $5784 $5921 forward $6065 $-1 #
edge $6066 -1 $-1 $6067 -0.75 $5924 0.25 $5920 $6068 forward @7 unknown #
coedge $-1 -1 $-1 $5786 $6069 $6063 $6070 forward $102 $-1 #
color-adesk-attrib $-1 -1 $-1 $-1 $5787 256 #
vertex $-1 -1 $-1 $5787 $6071 #
straight-curve $-1 -1 $-1 0.4599942359067068498 -8.353340680079107017 -0.5 -0.9999639744169136479 -0.008488219385113099369 0 F 0 F 0.1600000000000000033 #
coedge $-1 -1 $-1 $6061 $6072 $5788 $5927 forward $264 $-1 #
edge $6073 -1 $-1 $5935 0 $5929 0.2895719172308956479 $5788 $6074 forward @7 unknown #
color-adesk-attrib $-1 -1 $-1 $-1 $5789 256 #
vertex $-1 -1 $-1 $5789 $6075 #
straight-curve $-1 -1 $-1 0.4599942359067068498 -8.353340680079107017 -0.5 0 0 1 I I #
coedge $-1 -1 $-1 $6076 $5790 $6072 $6077 reversed $5933 $-1 #
coedge $-1 -1 $-1 $5790 $6076 $5792 $5938 reversed $5933 $-1 #
loop $-1 -1 $-1 $-1 $5790 $6078 #
color-adesk-attrib $-1 -1 $-1 $-1 $5791 256 #
vertex $-1 -1 $-1 $5927 $6079 #
straight-curve $-1 -1 $-1 0.2999999999999998224 -8.594698795180729434 -0.25 0 0 1 I I #
coedge $-1 -1 $-1 $5805 $5792 $6080 $6081 reversed $102 $-1 #
edge $6082 -1 $-1 $5794 8.594698795180725881 $6083 8.595662650602413635 $5932 $277 forward @7 unknown #
point $-1 -1 $-1 0.3000000000000007105 -8.594698795180725881 -0.5 #
point $-1 -1 $-1 0.4599942359067068498 -8.353340680079107017 -0.5 #
coedge $-1 -1 $-1 $6084 $5797 $5800 $5945 forward $264 $-1 #
color-adesk-attrib $-1 -1 $-1 $-1 $5798 256 #
straight-curve $-1 -1 $-1 0.4599942359067068498 -8.835268390922479398 0.5 -0.9999639744169136479 -0.008488219385113099369 0 I I #
coedge $-1 -1 $-1 $5800 $5799 $6085 $6086 forward $5801 $-1 #
edge $6087 -1 $-1 $5803 -8.836626506024099825 $6088 -8.835662650602412072 $5800 $352 forward @7 unknown #
face $6089 -1 $-1 $5550 $5801 $8 $-1 $354 reversed single #
point $-1 -1 $-1 0.300000000000000655 -8.836626506024099825 0.5 #
coedge $-1 -1 $-1 $6090 $6085 $5805 $5949 forward $6091 $-1 #
edge $6092 -1 $-1 $5951 0 $6093 0.2895719172308956479 $5948 $6094 forward @7 unknown #
color-adesk-attrib $-1 -1 $-1 $-1 $5806 256 #
vertex $-1 -1 $-1 $5806 $6095 #
coedge $-1 -1 $-1 $5808 $5820 $6096 $6097 forward $264 $-1 #
coedge $-1 -1 $-1 $6096 $5816 $5812 $5954 reversed $5959 $-1 #
edge $6098 -1 $-1 $5956 -0.75 $5819 0.25 $5812 $6099 forward @7 unknown #
color-adesk-attrib $-1 -1 $-1 $-1 $5813 256 #
vertex $-1 -1 $-1 $5813 $6100 #
color-adesk-attrib $-1 -1 $-1 $-1 $5814 256 #
coedge $-1 -1 $-1 $5816 $6096 $5826 $5968 reversed $5959 $-1 #
loop $-1 -1 $-1 $-1 $5816 $6101 #
color-adesk-attrib $-1 -1 $-1 $-1 $5817 256 #
straight-curve $-1 -1 $-1 0.4599942359067068498 -9.076232246344165588 -0.5 -0.9999639744169136479 -0.008488219385113099369 0 F 0 F 0.1600000000000000033 #
point $-1 -1 $-1 0.300000000000000655 -9.077590361445786016 -0.5 #
coedge $-1 -1 $-1 $5821 $5826 $5820 $5964 reversed $5827 $-1 #
edge $6102 -1 $-1 $5824 0 $6103 0.2895719172308956479 $5963 $6104 forward @7 unknown #
color-adesk-attrib $-1 -1 $-1 $-1 $5822 256 #
straight-curve $-1 -1 $-1 0.2999999999999998224 -9.317590361445788005 -0.25 0 0 1 I I #
point $-1 -1 $-1 0.300000000000000655 -9.317590361445784453 0.5 #
edge $6105 -1 $-1 $5829 0 $6103 1 $5958 $6106 forward @7 unknown #
face $6107 -1 $-1 $6101 $5827 $8 $-1 $6108 forward single #
point $-1 -1 $-1 0.4599942359067068498 -9.076232246344165588 -0.5 #
color-adesk-attrib $-1 -1 $-1 $-1 $5833 256 #
straight-curve $-1 -1 $-1 0.4599942359067067943 -9.558159957187541522 0.5 -0.9999639744169136479 -0.008488219385113099369 0 I I #
color-adesk-attrib $-1 -1 $-1 $-1 $5837 256 #
plane-surface $-1 -1 $-1 0.4599942359067067943 -9.558159957187541522 -0.5 -0.008488219385113101104 0.99996397441691387 0 -0.99996397441691387 -0.008488219385113101104 0 forward_v I I I I #
point $-1 -1 $-1 0.4599942359067067943 -9.558159957187541522 0.5 #
color-adesk-attrib $-1 -1 $-1 $-1 $5846 256 #
face $6109 -1 $-1 $6110 $6111 $8 $-1 $6112 forward single #
loop $-1 -1 $-1 $-1 $6113 $5846 #
plane-surface $-1 -1 $-1 0.3000000000000018208 9.477590361445781042 -0.5 0.8334997309465151938 -0.5525198625498335403 0 0.5525198625498335403 0.8334997309465151938 0 forward_v I I I I #
coedge $-1 -1 $-1 $6114 $6115 $6116 $6117 forward $5847 $-1 #
coedge $-1 -1 $-1 $6118 $5849 $6115 $6119 forward $5714 $-1 #
coedge $-1 -1 $-1 $5849 $6118 $6120 $6121 reversed $5714 $-1 #
coedge $-1 -1 $-1 $6122 $6116 $5849 $5984 reversed $102 $-1 #
edge $6123 -1 $-1 $6124 0 $6125 0.2895719172308956479 $5849 $6126 forward @7 unknown #
coedge $-1 -1 $-1 $5851 $5850 $5890 $6032 reversed $5583 $-1 #
color-adesk-attrib $-1 -1 $-1 $-1 $5853 256 #
straight-curve $-1 -1 $-1 0.459994235906708071 10.68280389823414822 -0.5 -0.9999639744169136479 -0.008488219385113099369 0 F 0 F 0.1600000000000000033 #
coedge $-1 -1 $-1 $5890 $6127 $5854 $5989 forward $264 $-1 #
edge $6128 -1 $-1 $5996 0 $5991 0.2895719172308956479 $5854 $6129 forward @7 unknown #
color-adesk-attrib $-1 -1 $-1 $-1 $5855 256 #
vertex $-1 -1 $-1 $5855 $6130 #
straight-curve $-1 -1 $-1 0.459994235906708071 10.68280389823414822 -0.5 0 0 1 I I #
coedge $-1 -1 $-1 $5878 $5856 $6127 $6131 reversed $5747 $-1 #
coedge $-1 -1 $-1 $5856 $5878 $5858 $5999 reversed $5747 $-1 #
color-adesk-attrib $-1 -1 $-1 $-1 $5857 256 #
vertex $-1 -1 $-1 $5989 $6132 #
straight-curve $-1 -1 $-1 0.2999999999999998224 10.4414457831325258 -0.25 0 0 1 I I #
coedge $-1 -1 $-1 $6133 $5858 $6134 $6135 reversed $102 $-1 #
edge $6136 -1 $-1 $5860 -10.44144578313252936 $6137 -10.44048192771084338 $5994 $277 forward @7 unknown #
point $-1 -1 $-1 0.3000000000000018763 10.44144578313252936 -0.5 #
point $-1 -1 $-1 0.459994235906708071 10.68280389823414822 -0.5 #
coedge $-1 -1 $-1 $5863 $5889 $5883 $6027 forward $264 $-1 #
color-adesk-attrib $-1 -1 $-1 $-1 $5867 256 #
coedge $-1 -1 $-1 $5870 $5883 $5895 $6035 reversed $5884 $-1 #
color-adesk-attrib $-1 -1 $-1 $-1 $5871 256 #
vertex $-1 -1 $-1 $5871 $6138 #
straight-curve $-1 -1 $-1 0.459994235906708071 10.92376775365583441 -0.5 -0.9999639744169136479 -0.008488219385113099369 0 F 0 F 0.1600000000000000033 #
point $-1 -1 $-1 0.3000000000000018763 10.92240963855421576 -0.5 #
color-adesk-attrib $-1 -1 $-1 $-1 $5876 256 #
face $6139 -1 $-1 $6140 $6141 $8 $-1 $354 reversed single #
loop $-1 -1 $-1 $-1 $6142 $5876 #
coedge $-1 -1 $-1 $6143 $6144 $6145 $6146 forward $5877 $-1 #
coedge $-1 -1 $-1 $6147 $6134 $5878 $6014 reversed $6148 $-1 #
edge $6149 -1 $-1 $6150 -0.75 $6137 0.25 $5878 $6151 forward @7 unknown #
coedge $-1 -1 $-1 $5880 $5879 $6114 $6152 forward $5613 $-1 #
coedge $-1 -1 $-1 $6153 $6154 $5879 $6017 forward $264 $-1 #
edge $6155 -1 $-1 $6156 10.19951807228915364 $6025 10.20048192771084317 $5879 $352 forward @7 unknown #
coedge $-1 -1 $-1 $6116 $6133 $5880 $6019 forward $102 $-1 #
edge $6157 -1 $-1 $6024 -10.20048192771084317 $6158 -10.19951807228915364 $5880 $277 forward @7 unknown #
coedge $-1 -1 $-1 $6159 $5881 $6133 $6160 forward $6022 $-1 #
coedge $-1 -1 $-1 $5881 $6159 $6153 $6161 reversed $6022 $-1 #
loop $-1 -1 $-1 $-1 $6020 $6162 #
color-adesk-attrib $-1 -1 $-1 $-1 $5882 256 #
vertex $-1 -1 $-1 $6019 $6163 #
vertex $-1 -1 $-1 $6161 $6164 #
straight-curve $-1 -1 $-1 0.2999999999999998224 10.20048192771084139 -0.25 0 0 1 I I #
edge $6165 -1 $-1 $6039 0 $5886 0.1600000000000000033 $5883 $6166 forward @7 unknown #
face $6167 -1 $-1 $5634 $5884 $8 $-1 $6168 forward single #
point $-1 -1 $-1 0.3000000000000018763 10.92240963855421576 0.5 #
color-adesk-attrib $-1 -1 $-1 $-1 $5888 256 #
straight-curve $-1 -1 $-1 0.2999999999999999889 10.68144578313253135 -0.25 0 0 -1 I I #
edge $6169 -1 $-1 $5991 0 $5892 0.1600000000000000033 $5985 $6170 forward @7 unknown #
point $-1 -1 $-1 0.3000000000000018208 10.68144578313252957 0.5 #
point $-1 -1 $-1 0.3000000000000018208 10.68144578313252957 -0.5 #
edge $6171 -1 $-1 $6006 0 $6039 1 $6004 $6172 forward @7 unknown #
color-adesk-attrib $-1 -1 $-1 $-1 $5896 256 #
straight-curve $-1 -1 $-1 0.3000000000000018763 10.68240963855421555 -0.5 0.5525198625498334293 0.8334997309465150828 0 F 0 F 0.2895719172308956479 #
color-adesk-attrib $-1 -1 $-1 $-1 $5897 256 #
vertex $-1 -1 $-1 $6035 $6173 #
straight-curve $-1 -1 $-1 0.3000000000000018763 10.68240963855421555 0.5 0.5525198625498334293 0.8334997309465150828 0 I I #
color-adesk-attrib $-1 -1 $-1 $-1 $5898 256 #
plane-surface $-1 -1 $-1 0.3000000000000018763 10.68240963855421555 -0.5 0.8334997309465151938 -0.5525198625498335403 0 0.5525198625498335403 0.8334997309465151938 0 forward_v I I I I #
color-adesk-attrib $-1 -1 $-1 $-1 $5911 256 #
face $6174 -1 $-1 $6175 $6176 $8 $-1 $6177 forward single #
loop $-1 -1 $-1 $-1 $6178 $5911 #
plane-surface $-1 -1 $-1 0.4599942359067069608 -7.389485258392358702 -0.5 -0.008488219385113101104 0.99996397441691387 0 -0.99996397441691387 -0.008488219385113101104 0 forward_v I I I I #
coedge $-1 -1 $-1 $6179 $6180 $6181 $6182 forward $5912 $-1 #
coedge $-1 -1 $-1 $6183 $5914 $6184 $6185 reversed $5781 $-1 #
coedge $-1 -1 $-1 $5914 $6183 $5915 $6053 reversed $5781 $-1 #
coedge $-1 -1 $-1 $5917 $6186 $5914 $6051 reversed $102 $-1 #
edge $6187 -1 $-1 $6059 0 $6188 0.1600000000000000033 $5914 $6189 forward @7 unknown #
coedge $-1 -1 $-1 $5916 $5915 $6190 $6191 reversed $5648 $-1 #
edge $6192 -1 $-1 $6059 0 $6193 1 $6049 $6194 forward @7 unknown #
coedge $-1 -1 $-1 $6195 $6196 $5916 $6055 forward $6197 $-1 #
edge $6198 -1 $-1 $6058 -0.25 $6199 0.75 $6054 $6200 forward @7 unknown #
coedge $-1 -1 $-1 $6201 $5917 $6196 $6202 forward $102 $-1 #
color-adesk-attrib $-1 -1 $-1 $-1 $5918 256 #
vertex $-1 -1 $-1 $6202 $6203 #
vertex $-1 -1 $-1 $6051 $6204 #
straight-curve $-1 -1 $-1 0.3000000000000007105 -8.1127710843373535 -0.5 0.5525198625498334293 0.8334997309465150828 0 F 0 F 0.2895719172308956479 #
coedge $-1 -1 $-1 $6205 $5926 $5919 $6062 forward $264 $-1 #
edge $6206 -1 $-1 $5929 0 $6067 0.1600000000000000033 $5919 $6207 forward @7 unknown #
coedge $-1 -1 $-1 $6208 $5920 $5922 $6070 reversed $6065 $-1 #
coedge $-1 -1 $-1 $5920 $6208 $6205 $6209 reversed $6065 $-1 #
loop $-1 -1 $-1 $-1 $5920 $6210 #
color-adesk-attrib $-1 -1 $-1 $-1 $5921 256 #
vertex $-1 -1 $-1 $6209 $6211 #
straight-curve $-1 -1 $-1 0.2999999999999999889 -8.354698795180727444 -0.25 0 0 -1 I I #
coedge $-1 -1 $-1 $5922 $6201 $6212 $6213 reversed $102 $-1 #
edge $6214 -1 $-1 $6215 8.353734939759036138 $5924 8.354698795180727444 $6063 $277 forward @7 unknown #
point $-1 -1 $-1 0.3000000000000007105 -8.354698795180727444 -0.5 #
coedge $-1 -1 $-1 $5926 $6216 $5931 $6077 forward $264 $-1 #
color-adesk-attrib $-1 -1 $-1 $-1 $5927 256 #
straight-curve $-1 -1 $-1 0.3000000000000007105 -8.594698795180725881 0.5 0.5525198625498334293 0.8334997309465150828 0 I I #
point $-1 -1 $-1 0.4599942359067068498 -8.353340680079107017 0.5 #
coedge $-1 -1 $-1 $5932 $5931 $6217 $6218 forward $5933 $-1 #
edge $6219 -1 $-1 $6220 -8.595662650602413635 $5935 -8.594698795180725881 $5931 $352 forward @7 unknown #
face $6221 -1 $-1 $6210 $5933 $8 $-1 $354 reversed single #
point $-1 -1 $-1 0.3000000000000007105 -8.594698795180725881 0.5 #
coedge $-1 -1 $-1 $6217 $6222 $5937 $6081 forward $6223 $-1 #
edge $6224 -1 $-1 $6093 0 $6083 0.1600000000000000033 $6080 $6225 forward @7 unknown #
color-adesk-attrib $-1 -1 $-1 $-1 $5938 256 #
vertex $-1 -1 $-1 $6081 $6226 #
coedge $-1 -1 $-1 $6216 $5941 $6227 $6228 forward $264 $-1 #
coedge $-1 -1 $-1 $5948 $6227 $5944 $6086 reversed $6091 $-1 #
edge $6229 -1 $-1 $5951 -0.25 $6088 0.75 $5944 $6230 forward @7 unknown #
color-adesk-attrib $-1 -1 $-1 $-1 $5945 256 #
vertex $-1 -1 $-1 $6228 $6231 #
color-adesk-attrib $-1 -1 $-1 $-1 $5946 256 #
coedge $-1 -1 $-1 $6227 $5948 $6222 $6232 forward $6091 $-1 #
loop $-1 -1 $-1 $-1 $5948 $6233 #
color-adesk-attrib $-1 -1 $-1 $-1 $5949 256 #
vertex $-1 -1 $-1 $6081 $6234 #
straight-curve $-1 -1 $-1 0.3000000000000007105 -8.835662650602412072 -0.5 0.5525198625498334293 0.8334997309465150828 0 F 0 F 0.2895719172308956479 #
point $-1 -1 $-1 0.3000000000000007105 -8.835662650602412072 -0.5 #
coedge $-1 -1 $-1 $5958 $5953 $5952 $6097 reversed $5959 $-1 #
edge $6235 -1 $-1 $6103 0 $5956 0.1600000000000000033 $6096 $6236 forward @7 unknown #
color-adesk-attrib $-1 -1 $-1 $-1 $5954 256 #
straight-curve $-1 -1 $-1 0.2999999999999999889 -9.077590361445784239 -0.25 0 0 -1 I I #
point $-1 -1 $-1 0.300000000000000655 -9.077590361445786016 0.5 #
face $6237 -1 $-1 $5705 $5959 $8 $-1 $6238 forward single #
color-adesk-attrib $-1 -1 $-1 $-1 $5964 256 #
vertex $-1 -1 $-1 $5968 $6239 #
straight-curve $-1 -1 $-1 0.300000000000000655 -9.317590361445784453 0.5 0.5525198625498334293 0.8334997309465150828 0 I I #
color-adesk-attrib $-1 -1 $-1 $-1 $5968 256 #
straight-curve $-1 -1 $-1 0.4599942359067068498 -9.076232246344165588 -0.5 0 0 1 I I #
color-adesk-attrib $-1 -1 $-1 $-1 $5969 256 #
plane-surface $-1 -1 $-1 0.300000000000000655 -9.317590361445784453 -0.5 0.8334997309465151938 -0.5525198625498335403 0 0.5525198625498335403 0.8334997309465151938 0 forward_v I I I I #
color-adesk-attrib $-1 -1 $-1 $-1 $5977 256 #
face $6240 -1 $-1 $6241 $6242 $8 $-1 $6243 forward single #
loop $-1 -1 $-1 $-1 $6244 $5977 #
plane-surface $-1 -1 $-1 0.45999423590670796 9.718948476547399906 -0.5 -0.008488219385113101104 0.99996397441691387 0 -0.99996397441691387 -0.008488219385113101104 0 forward_v I I I I #
coedge $-1 -1 $-1 $6245 $6246 $6247 $6248 forward $5978 $-1 #
coedge $-1 -1 $-1 $6249 $5980 $6015 $6152 reversed $5847 $-1 #
coedge $-1 -1 $-1 $5980 $6249 $5981 $6119 reversed $5847 $-1 #
coedge $-1 -1 $-1 $5983 $6018 $5980 $6117 reversed $102 $-1 #
edge $6250 -1 $-1 $6125 0 $6158 0.1600000000000000033 $5980 $6251 forward @7 unknown #
coedge $-1 -1 $-1 $5982 $5981 $6252 $6253 reversed $5714 $-1 #
edge $6254 -1 $-1 $6125 0 $6255 1 $6115 $6256 forward @7 unknown #
coedge $-1 -1 $-1 $6257 $6258 $5982 $6121 forward $6011 $-1 #
edge $6259 -1 $-1 $6124 -0.25 $6260 0.75 $6120 $6261 forward @7 unknown #
coedge $-1 -1 $-1 $6262 $5983 $6258 $6263 forward $102 $-1 #
color-adesk-attrib $-1 -1 $-1 $-1 $5984 256 #
vertex $-1 -1 $-1 $6263 $6264 #
vertex $-1 -1 $-1 $6117 $6265 #
straight-curve $-1 -1 $-1 0.3000000000000018208 9.959518072289153423 -0.5 0.5525198625498334293 0.8334997309465150828 0 F 0 F 0.2895719172308956479 #
coedge $-1 -1 $-1 $5988 $6266 $5993 $6131 forward $264 $-1 #
color-adesk-attrib $-1 -1 $-1 $-1 $5989 256 #
straight-curve $-1 -1 $-1 0.3000000000000018763 10.44144578313252936 0.5 0.5525198625498334293 0.8334997309465150828 0 I I #
point $-1 -1 $-1 0.459994235906708071 10.68280389823414822 0.5 #
edge $6267 -1 $-1 $6150 10.44048192771084338 $5996 10.44144578313252936 $5993 $352 forward @7 unknown #
point $-1 -1 $-1 0.3000000000000018208 10.44144578313252936 0.5 #
coedge $-1 -1 $-1 $6018 $5998 $6020 $6160 reversed $102 $-1 #
coedge $-1 -1 $-1 $6013 $6268 $5998 $6135 forward $6148 $-1 #
edge $6269 -1 $-1 $6270 0 $6137 0.1600000000000000033 $6134 $6271 forward @7 unknown #
color-adesk-attrib $-1 -1 $-1 $-1 $5999 256 #
vertex $-1 -1 $-1 $6135 $6272 #
point $-1 -1 $-1 0.459994235906708071 10.92376775365583441 -0.5 #
color-adesk-attrib $-1 -1 $-1 $-1 $6010 256 #
face $6273 -1 $-1 $6274 $6275 $8 $-1 $354 reversed single #
loop $-1 -1 $-1 $-1 $6276 $6010 #
coedge $-1 -1 $-1 $6258 $6257 $6277 $6278 forward $6011 $-1 #
coedge $-1 -1 $-1 $6279 $6012 $6280 $6281 reversed $5877 $-1 #
coedge $-1 -1 $-1 $6012 $6279 $6282 $6283 reversed $5877 $-1 #
coedge $-1 -1 $-1 $6284 $6285 $6012 $6146 reversed $6286 $-1 #
edge $6287 -1 $-1 $6288 -0.25 $6289 0.75 $6012 $6290 forward @7 unknown #
coedge $-1 -1 $-1 $6268 $6013 $6266 $6291 reversed $6148 $-1 #
loop $-1 -1 $-1 $-1 $6134 $6292 #
color-adesk-attrib $-1 -1 $-1 $-1 $6014 256 #
vertex $-1 -1 $-1 $6131 $6293 #
straight-curve $-1 -1 $-1 0.2999999999999999889 10.44048192771084516 -0.25 0 0 -1 I I #
edge $6294 -1 $-1 $6156 -0.75 $6158 0.25 $6015 $6295 forward @7 unknown #
coedge $-1 -1 $-1 $6266 $6016 $6021 $6161 forward $264 $-1 #
coedge $-1 -1 $-1 $6016 $6252 $6249 $6296 forward $264 $-1 #
color-adesk-attrib $-1 -1 $-1 $-1 $6017 256 #
vertex $-1 -1 $-1 $6017 $6297 #
color-adesk-attrib $-1 -1 $-1 $-1 $6019 256 #
vertex $-1 -1 $-1 $6117 $6298 #
coedge $-1 -1 $-1 $6021 $6020 $6268 $6299 forward $6022 $-1 #
edge $6300 -1 $-1 $6024 0 $6270 0.2895719172308956479 $6020 $6301 forward @7 unknown #
edge $6302 -1 $-1 $6025 0 $6303 0.2895719172308956479 $6021 $6304 forward @7 unknown #
face $6305 -1 $-1 $6292 $6022 $8 $-1 $6306 forward single #
point $-1 -1 $-1 0.3000000000000018208 10.20048192771084317 -0.5 #
point $-1 -1 $-1 0.3000000000000018208 10.20048192771084317 0.5 #
color-adesk-attrib $-1 -1 $-1 $-1 $6027 256 #
straight-curve $-1 -1 $-1 0.459994235906708071 10.92376775365583441 0.5 -0.9999639744169136479 -0.008488219385113099369 0 I I #
color-adesk-attrib $-1 -1 $-1 $-1 $6028 256 #
plane-surface $-1 -1 $-1 0.459994235906708071 10.92376775365583441 -0.5 -0.008488219385113101104 0.99996397441691387 0 -0.99996397441691387 -0.008488219385113101104 0 forward_v I I I I #
color-adesk-attrib $-1 -1 $-1 $-1 $6032 256 #
straight-curve $-1 -1 $-1 0.459994235906708071 10.68280389823414822 0.5 -0.9999639744169136479 -0.008488219385113099369 0 I I #
color-adesk-attrib $-1 -1 $-1 $-1 $6035 256 #
straight-curve $-1 -1 $-1 0.459994235906708071 10.92376775365583441 -0.5 0 0 1 I I #
point $-1 -1 $-1 0.459994235906708071 10.92376775365583441 0.5 #
color-adesk-attrib $-1 -1 $-1 $-1 $6044 256 #
face $6307 -1 $-1 $6308 $6309 $8 $-1 $6310 forward single #
loop $-1 -1 $-1 $-1 $6311 $6044 #
plane-surface $-1 -1 $-1 0.3000000000000007661 -7.148915662650601632 -0.5 0.8334997309465151938 -0.5525198625498335403 0 0.5525198625498335403 0.8334997309465151938 0 forward_v I I I I #
coedge $-1 -1 $-1 $6312 $6313 $6314 $6315 forward $6045 $-1 #
coedge $-1 -1 $-1 $6316 $6047 $6313 $6317 forward $5912 $-1 #
coedge $-1 -1 $-1 $6047 $6316 $6318 $6319 reversed $5912 $-1 #
coedge $-1 -1 $-1 $6320 $6314 $6047 $6182 reversed $102 $-1 #
edge $6321 -1 $-1 $6322 0 $6323 0.2895719172308956479 $6047 $6324 forward @7 unknown #
coedge $-1 -1 $-1 $6049 $6048 $6325 $6326 reversed $5781 $-1 #
coedge $-1 -1 $-1 $6327 $6328 $6048 $6185 forward $6329 $-1 #
edge $6330 -1 $-1 $6331 -0.75 $6188 0.25 $6184 $6332 forward @7 unknown #
coedge $-1 -1 $-1 $6050 $6333 $6327 $6334 forward $102 $-1 #
color-adesk-attrib $-1 -1 $-1 $-1 $6051 256 #
vertex $-1 -1 $-1 $6051 $6335 #
straight-curve $-1 -1 $-1 0.4599942359067069053 -7.871412969235734636 -0.5 -0.9999639744169136479 -0.008488219385113099369 0 F 0 F 0.1600000000000000033 #
coedge $-1 -1 $-1 $6325 $6336 $6052 $6191 forward $264 $-1 #
edge $6337 -1 $-1 $6199 0 $6193 0.2895719172308956479 $6052 $6338 forward @7 unknown #
color-adesk-attrib $-1 -1 $-1 $-1 $6053 256 #
vertex $-1 -1 $-1 $6053 $6339 #
straight-curve $-1 -1 $-1 0.4599942359067069053 -7.871412969235734636 -0.5 0 0 1 I I #
coedge $-1 -1 $-1 $6340 $6054 $6336 $6341 reversed $6197 $-1 #
coedge $-1 -1 $-1 $6054 $6340 $6056 $6202 reversed $6197 $-1 #
loop $-1 -1 $-1 $-1 $6054 $6342 #
color-adesk-attrib $-1 -1 $-1 $-1 $6055 256 #
vertex $-1 -1 $-1 $6191 $6343 #
straight-curve $-1 -1 $-1 0.2999999999999996003 -8.112771084337357053 -0.25 0 0 1 I I #
coedge $-1 -1 $-1 $6069 $6056 $6344 $6345 reversed $102 $-1 #
edge $6346 -1 $-1 $6058 8.1127710843373535 $6347 8.113734939759037701 $6196 $277 forward @7 unknown #
point $-1 -1 $-1 0.3000000000000007105 -8.1127710843373535 -0.5 #
point $-1 -1 $-1 0.4599942359067069053 -7.871412969235734636 -0.5 #
coedge $-1 -1 $-1 $6348 $6061 $6064 $6209 forward $264 $-1 #
color-adesk-attrib $-1 -1 $-1 $-1 $6062 256 #
straight-curve $-1 -1 $-1 0.4599942359067068498 -8.353340680079107017 0.5 -0.9999639744169136479 -0.008488219385113099369 0 I I #
coedge $-1 -1 $-1 $6064 $6063 $6349 $6350 forward $6065 $-1 #
edge $6351 -1 $-1 $6067 -8.354698795180727444 $6352 -8.353734939759036138 $6064 $352 forward @7 unknown #
face $6353 -1 $-1 $5814 $6065 $8 $-1 $354 reversed single #
point $-1 -1 $-1 0.3000000000000007105 -8.354698795180727444 0.5 #
coedge $-1 -1 $-1 $6354 $6349 $6069 $6213 forward $6355 $-1 #
edge $6356 -1 $-1 $6215 0 $6357 0.2895719172308956479 $6212 $6358 forward @7 unknown #
color-adesk-attrib $-1 -1 $-1 $-1 $6070 256 #
vertex $-1 -1 $-1 $6070 $6359 #
coedge $-1 -1 $-1 $6072 $6084 $6360 $6361 forward $264 $-1 #
coedge $-1 -1 $-1 $6360 $6080 $6076 $6218 reversed $6223 $-1 #
edge $6362 -1 $-1 $6220 -0.75 $6083 0.25 $6076 $6363 forward @7 unknown #
color-adesk-attrib $-1 -1 $-1 $-1 $6077 256 #
vertex $-1 -1 $-1 $6077 $6364 #
color-adesk-attrib $-1 -1 $-1 $-1 $6078 256 #
coedge $-1 -1 $-1 $6080 $6360 $6090 $6232 reversed $6223 $-1 #
loop $-1 -1 $-1 $-1 $6080 $6365 #
color-adesk-attrib $-1 -1 $-1 $-1 $6081 256 #
straight-curve $-1 -1 $-1 0.4599942359067068498 -8.594304535500793207 -0.5 -0.9999639744169136479 -0.008488219385113099369 0 F 0 F 0.1600000000000000033 #
point $-1 -1 $-1 0.300000000000000655 -8.595662650602413635 -0.5 #
coedge $-1 -1 $-1 $6085 $6090 $6084 $6228 reversed $6091 $-1 #
edge $6366 -1 $-1 $6088 0 $6367 0.2895719172308956479 $6227 $6368 forward @7 unknown #
color-adesk-attrib $-1 -1 $-1 $-1 $6086 256 #
straight-curve $-1 -1 $-1 0.2999999999999998224 -8.835662650602415624 -0.25 0 0 1 I I #
point $-1 -1 $-1 0.300000000000000655 -8.835662650602412072 0.5 #
edge $6369 -1 $-1 $6093 0 $6367 1 $6222 $6370 forward @7 unknown #
face $6371 -1 $-1 $6365 $6091 $8 $-1 $6372 forward single #
point $-1 -1 $-1 0.4599942359067068498 -8.594304535500793207 -0.5 #
color-adesk-attrib $-1 -1 $-1 $-1 $6097 256 #
straight-curve $-1 -1 $-1 0.4599942359067068498 -9.076232246344165588 0.5 -0.9999639744169136479 -0.008488219385113099369 0 I I #
color-adesk-attrib $-1 -1 $-1 $-1 $6101 256 #
plane-surface $-1 -1 $-1 0.4599942359067068498 -9.076232246344165588 -0.5 -0.008488219385113101104 0.99996397441691387 0 -0.99996397441691387 -0.008488219385113101104 0 forward_v I I I I #
point $-1 -1 $-1 0.4599942359067068498 -9.076232246344165588 0.5 #
color-adesk-attrib $-1 -1 $-1 $-1 $6110 256 #
face $6373 -1 $-1 $6374 $6375 $8 $-1 $6376 forward single #
loop $-1 -1 $-1 $-1 $6377 $6110 #
plane-surface $-1 -1 $-1 0.3000000000000017653 8.995662650602408661 -0.5 0.8334997309465151938 -0.5525198625498335403 0 0.5525198625498335403 0.8334997309465151938 0 forward_v I I I I #
coedge $-1 -1 $-1 $6378 $6379 $6380 $6381 forward $6111 $-1 #
coedge $-1 -1 $-1 $6382 $6113 $6379 $6383 forward $5978 $-1 #
coedge $-1 -1 $-1 $6113 $6382 $6384 $6385 reversed $5978 $-1 #
coedge $-1 -1 $-1 $6386 $6380 $6113 $6248 reversed $102 $-1 #
edge $6387 -1 $-1 $6388 0 $6389 0.2895719172308956479 $6113 $6390 forward @7 unknown #
coedge $-1 -1 $-1 $6115 $6114 $6154 $6296 reversed $5847 $-1 #
color-adesk-attrib $-1 -1 $-1 $-1 $6117 256 #
straight-curve $-1 -1 $-1 0.4599942359067080155 10.20087618739077229 -0.5 -0.9999639744169136479 -0.008488219385113099369 0 F 0 F 0.1600000000000000033 #
coedge $-1 -1 $-1 $6154 $6391 $6118 $6253 forward $264 $-1 #
edge $6392 -1 $-1 $6260 0 $6255 0.2895719172308956479 $6118 $6393 forward @7 unknown #
color-adesk-attrib $-1 -1 $-1 $-1 $6119 256 #
vertex $-1 -1 $-1 $6119 $6394 #
straight-curve $-1 -1 $-1 0.4599942359067080155 10.20087618739077229 -0.5 0 0 1 I I #
coedge $-1 -1 $-1 $6142 $6120 $6391 $6395 reversed $6011 $-1 #
coedge $-1 -1 $-1 $6120 $6142 $6122 $6263 reversed $6011 $-1 #
color-adesk-attrib $-1 -1 $-1 $-1 $6121 256 #
vertex $-1 -1 $-1 $6253 $6396 #
straight-curve $-1 -1 $-1 0.3000000000000000444 9.959518072289151647 -0.25 0 0 1 I I #
coedge $-1 -1 $-1 $6397 $6122 $6398 $6399 reversed $102 $-1 #
edge $6400 -1 $-1 $6124 -9.959518072289153423 $6401 -9.958554216867467446 $6258 $277 forward @7 unknown #
point $-1 -1 $-1 0.3000000000000018208 9.959518072289153423 -0.5 #
point $-1 -1 $-1 0.4599942359067080155 10.20087618739077229 -0.5 #
coedge $-1 -1 $-1 $6127 $6153 $6147 $6291 forward $264 $-1 #
color-adesk-attrib $-1 -1 $-1 $-1 $6131 256 #
coedge $-1 -1 $-1 $6134 $6147 $6159 $6299 reversed $6148 $-1 #
color-adesk-attrib $-1 -1 $-1 $-1 $6135 256 #
vertex $-1 -1 $-1 $6135 $6402 #
straight-curve $-1 -1 $-1 0.4599942359067080155 10.44184004281246203 -0.5 -0.9999639744169136479 -0.008488219385113099369 0 F 0 F 0.1600000000000000033 #
point $-1 -1 $-1 0.3000000000000018208 10.44048192771084338 -0.5 #
color-adesk-attrib $-1 -1 $-1 $-1 $6140 256 #
face $6403 -1 $-1 $6404 $6405 $8 $-1 $354 reversed single #
loop $-1 -1 $-1 $-1 $6406 $6140 #
coedge $-1 -1 $-1 $6407 $6408 $6409 $6410 forward $6141 $-1 #
coedge $-1 -1 $-1 $6411 $6398 $6142 $6278 reversed $6412 $-1 #
edge $6413 -1 $-1 $6414 -0.75 $6401 0.25 $6142 $6415 forward @7 unknown #
coedge $-1 -1 $-1 $6144 $6143 $6378 $6416 forward $5877 $-1 #
coedge $-1 -1 $-1 $6417 $6418 $6143 $6281 forward $264 $-1 #
edge $6419 -1 $-1 $6420 9.717590361445781255 $6289 9.718554216867467233 $6143 $352 forward @7 unknown #
coedge $-1 -1 $-1 $6380 $6397 $6144 $6283 forward $102 $-1 #
edge $6421 -1 $-1 $6288 -9.718554216867467233 $6422 -9.717590361445781255 $6144 $277 forward @7 unknown #
coedge $-1 -1 $-1 $6423 $6145 $6397 $6424 forward $6286 $-1 #
coedge $-1 -1 $-1 $6145 $6423 $6417 $6425 reversed $6286 $-1 #
loop $-1 -1 $-1 $-1 $6284 $6426 #
color-adesk-attrib $-1 -1 $-1 $-1 $6146 256 #
vertex $-1 -1 $-1 $6283 $6427 #
vertex $-1 -1 $-1 $6425 $6428 #
straight-curve $-1 -1 $-1 0.3000000000000004885 9.718554216867465456 -0.25 0 0 1 I I #
edge $6429 -1 $-1 $6303 0 $6150 0.1600000000000000033 $6147 $6430 forward @7 unknown #
face $6431 -1 $-1 $5898 $6148 $8 $-1 $6432 forward single #
point $-1 -1 $-1 0.3000000000000018208 10.44048192771084338 0.5 #
color-adesk-attrib $-1 -1 $-1 $-1 $6152 256 #
straight-curve $-1 -1 $-1 0.2999999999999999889 10.19951807228915541 -0.25 0 0 -1 I I #
edge $6433 -1 $-1 $6255 0 $6156 0.1600000000000000033 $6249 $6434 forward @7 unknown #
point $-1 -1 $-1 0.3000000000000018208 10.19951807228915364 0.5 #
point $-1 -1 $-1 0.3000000000000018208 10.19951807228915364 -0.5 #
edge $6435 -1 $-1 $6270 0 $6303 1 $6268 $6436 forward @7 unknown #
color-adesk-attrib $-1 -1 $-1 $-1 $6160 256 #
straight-curve $-1 -1 $-1 0.3000000000000018208 10.20048192771084317 -0.5 0.5525198625498334293 0.8334997309465150828 0 F 0 F 0.2895719172308956479 #
color-adesk-attrib $-1 -1 $-1 $-1 $6161 256 #
vertex $-1 -1 $-1 $6299 $6437 #
straight-curve $-1 -1 $-1 0.3000000000000018208 10.20048192771084317 0.5 0.5525198625498334293 0.8334997309465150828 0 I I #
color-adesk-attrib $-1 -1 $-1 $-1 $6162 256 #
plane-surface $-1 -1 $-1 0.3000000000000018208 10.20048192771084317 -0.5 0.8334997309465151938 -0.5525198625498335403 0 0.5525198625498335403 0.8334997309465151938 0 forward_v I I I I #
color-adesk-attrib $-1 -1 $-1 $-1 $6175 256 #
face $6438 -1 $-1 $6439 $6440 $8 $-1 $6441 forward single #
loop $-1 -1 $-1 $-1 $6442 $6175 #
plane-surface $-1 -1 $-1 0.4599942359067069608 -6.907557547548982768 -0.5 -0.008488219385113101104 0.99996397441691387 0 -0.99996397441691387 -0.008488219385113101104 0 forward_v I I I I #
coedge $-1 -1 $-1 $6443 $6444 $6445 $6446 forward $6176 $-1 #
coedge $-1 -1 $-1 $6447 $6178 $6448 $6449 reversed $6045 $-1 #
coedge $-1 -1 $-1 $6178 $6447 $6179 $6317 reversed $6045 $-1 #
coedge $-1 -1 $-1 $6181 $6450 $6178 $6315 reversed $102 $-1 #
edge $6451 -1 $-1 $6323 0 $6452 0.1600000000000000033 $6178 $6453 forward @7 unknown #
coedge $-1 -1 $-1 $6180 $6179 $6454 $6455 reversed $5912 $-1 #
edge $6456 -1 $-1 $6323 0 $6457 1 $6313 $6458 forward @7 unknown #
coedge $-1 -1 $-1 $6459 $6460 $6180 $6319 forward $6461 $-1 #
edge $6462 -1 $-1 $6322 -0.25 $6463 0.75 $6318 $6464 forward @7 unknown #
coedge $-1 -1 $-1 $6465 $6181 $6460 $6466 forward $102 $-1 #
color-adesk-attrib $-1 -1 $-1 $-1 $6182 256 #
vertex $-1 -1 $-1 $6466 $6467 #
vertex $-1 -1 $-1 $6315 $6468 #
straight-curve $-1 -1 $-1 0.3000000000000007661 -7.630843373493977566 -0.5 0.5525198625498334293 0.8334997309465150828 0 F 0 F 0.2895719172308956479 #
coedge $-1 -1 $-1 $6469 $6190 $6183 $6326 forward $264 $-1 #
edge $6470 -1 $-1 $6193 0 $6331 0.1600000000000000033 $6183 $6471 forward @7 unknown #
coedge $-1 -1 $-1 $6472 $6184 $6186 $6334 reversed $6329 $-1 #
coedge $-1 -1 $-1 $6184 $6472 $6469 $6473 reversed $6329 $-1 #
loop $-1 -1 $-1 $-1 $6184 $6474 #
color-adesk-attrib $-1 -1 $-1 $-1 $6185 256 #
vertex $-1 -1 $-1 $6473 $6475 #
straight-curve $-1 -1 $-1 0.2999999999999999889 -7.872771084337353287 -0.25 0 0 -1 I I #
coedge $-1 -1 $-1 $6186 $6465 $6476 $6477 reversed $102 $-1 #
edge $6478 -1 $-1 $6479 7.871807228915663757 $6188 7.872771084337355063 $6327 $277 forward @7 unknown #
point $-1 -1 $-1 0.3000000000000007105 -7.872771084337355063 -0.5 #
coedge $-1 -1 $-1 $6190 $6480 $6195 $6341 forward $264 $-1 #
color-adesk-attrib $-1 -1 $-1 $-1 $6191 256 #
straight-curve $-1 -1 $-1 0.3000000000000007105 -8.1127710843373535 0.5 0.5525198625498334293 0.8334997309465150828 0 I I #
point $-1 -1 $-1 0.4599942359067069053 -7.871412969235734636 0.5 #
coedge $-1 -1 $-1 $6196 $6195 $6481 $6482 forward $6197 $-1 #
edge $6483 -1 $-1 $6484 -8.113734939759037701 $6199 -8.1127710843373535 $6195 $352 forward @7 unknown #
face $6485 -1 $-1 $6474 $6197 $8 $-1 $354 reversed single #
point $-1 -1 $-1 0.3000000000000007105 -8.1127710843373535 0.5 #
coedge $-1 -1 $-1 $6481 $6486 $6201 $6345 forward $6487 $-1 #
edge $6488 -1 $-1 $6357 0 $6347 0.1600000000000000033 $6344 $6489 forward @7 unknown #
color-adesk-attrib $-1 -1 $-1 $-1 $6202 256 #
vertex $-1 -1 $-1 $6345 $6490 #
coedge $-1 -1 $-1 $6480 $6205 $6491 $6492 forward $264 $-1 #
coedge $-1 -1 $-1 $6212 $6491 $6208 $6350 reversed $6355 $-1 #
edge $6493 -1 $-1 $6215 -0.25 $6352 0.75 $6208 $6494 forward @7 unknown #
color-adesk-attrib $-1 -1 $-1 $-1 $6209 256 #
vertex $-1 -1 $-1 $6492 $6495 #
color-adesk-attrib $-1 -1 $-1 $-1 $6210 256 #
coedge $-1 -1 $-1 $6491 $6212 $6486 $6496 forward $6355 $-1 #
loop $-1 -1 $-1 $-1 $6212 $6497 #
color-adesk-attrib $-1 -1 $-1 $-1 $6213 256 #
vertex $-1 -1 $-1 $6345 $6498 #
straight-curve $-1 -1 $-1 0.3000000000000007105 -8.353734939759036138 -0.5 0.5525198625498334293 0.8334997309465150828 0 F 0 F 0.2895719172308956479 #
point $-1 -1 $-1 0.3000000000000007105 -8.353734939759036138 -0.5 #
coedge $-1 -1 $-1 $6222 $6217 $6216 $6361 reversed $6223 $-1 #
edge $6499 -1 $-1 $6367 0 $6220 0.1600000000000000033 $6360 $6500 forward @7 unknown #
color-adesk-attrib $-1 -1 $-1 $-1 $6218 256 #
straight-curve $-1 -1 $-1 0.2999999999999999889 -8.595662650602410082 -0.25 0 0 -1 I I #
point $-1 -1 $-1 0.300000000000000655 -8.595662650602413635 0.5 #
face $6501 -1 $-1 $5969 $6223 $8 $-1 $6502 forward single #
color-adesk-attrib $-1 -1 $-1 $-1 $6228 256 #
vertex $-1 -1 $-1 $6232 $6503 #
straight-curve $-1 -1 $-1 0.3000000000000007105 -8.835662650602412072 0.5 0.5525198625498334293 0.8334997309465150828 0 I I #
color-adesk-attrib $-1 -1 $-1 $-1 $6232 256 #
straight-curve $-1 -1 $-1 0.4599942359067068498 -8.594304535500793207 -0.5 0 0 1 I I #
color-adesk-attrib $-1 -1 $-1 $-1 $6233 256 #
plane-surface $-1 -1 $-1 0.3000000000000007105 -8.835662650602412072 -0.5 0.8334997309465151938 -0.5525198625498335403 0 0.5525198625498335403 0.8334997309465151938 0 forward_v I I I I #
color-adesk-attrib $-1 -1 $-1 $-1 $6241 256 #
face $6504 -1 $-1 $6505 $6506 $8 $-1 $6507 forward single #
loop $-1 -1 $-1 $-1 $6508 $6241 #
plane-surface $-1 -1 $-1 0.45999423590670796 9.237020765704027525 -0.5 -0.008488219385113101104 0.99996397441691387 0 -0.99996397441691387 -0.008488219385113101104 0 forward_v I I I I #
coedge $-1 -1 $-1 $6509 $6510 $6511 $6512 forward $6242 $-1 #
coedge $-1 -1 $-1 $6513 $6244 $6279 $6416 reversed $6111 $-1 #
coedge $-1 -1 $-1 $6244 $6513 $6245 $6383 reversed $6111 $-1 #
coedge $-1 -1 $-1 $6247 $6282 $6244 $6381 reversed $102 $-1 #
edge $6514 -1 $-1 $6389 0 $6422 0.1600000000000000033 $6244 $6515 forward @7 unknown #
coedge $-1 -1 $-1 $6246 $6245 $6516 $6517 reversed $5978 $-1 #
edge $6518 -1 $-1 $6389 0 $6519 1 $6379 $6520 forward @7 unknown #
coedge $-1 -1 $-1 $6521 $6522 $6246 $6385 forward $6275 $-1 #
edge $6523 -1 $-1 $6388 -0.25 $6524 0.75 $6384 $6525 forward @7 unknown #
coedge $-1 -1 $-1 $6526 $6247 $6522 $6527 forward $102 $-1 #
color-adesk-attrib $-1 -1 $-1 $-1 $6248 256 #
vertex $-1 -1 $-1 $6527 $6528 #
vertex $-1 -1 $-1 $6381 $6529 #
straight-curve $-1 -1 $-1 0.3000000000000018208 9.477590361445781042 -0.5 0.5525198625498334293 0.8334997309465150828 0 F 0 F 0.2895719172308956479 #
coedge $-1 -1 $-1 $6252 $6530 $6257 $6395 forward $264 $-1 #
color-adesk-attrib $-1 -1 $-1 $-1 $6253 256 #
straight-curve $-1 -1 $-1 0.3000000000000018208 9.959518072289153423 0.5 0.5525198625498334293 0.8334997309465150828 0 I I #
point $-1 -1 $-1 0.4599942359067080155 10.20087618739077229 0.5 #
edge $6531 -1 $-1 $6414 9.958554216867467446 $6260 9.959518072289153423 $6257 $352 forward @7 unknown #
point $-1 -1 $-1 0.3000000000000018208 9.959518072289153423 0.5 #
coedge $-1 -1 $-1 $6282 $6262 $6284 $6424 reversed $102 $-1 #
coedge $-1 -1 $-1 $6277 $6532 $6262 $6399 forward $6412 $-1 #
edge $6533 -1 $-1 $6534 0 $6401 0.1600000000000000033 $6398 $6535 forward @7 unknown #
color-adesk-attrib $-1 -1 $-1 $-1 $6263 256 #
vertex $-1 -1 $-1 $6399 $6536 #
point $-1 -1 $-1 0.4599942359067080155 10.44184004281246203 -0.5 #
color-adesk-attrib $-1 -1 $-1 $-1 $6274 256 #
face $6537 -1 $-1 $6538 $6539 $8 $-1 $354 reversed single #
loop $-1 -1 $-1 $-1 $6540 $6274 #
coedge $-1 -1 $-1 $6522 $6521 $6541 $6542 forward $6275 $-1 #
coedge $-1 -1 $-1 $6543 $6276 $6544 $6545 reversed $6141 $-1 #
coedge $-1 -1 $-1 $6276 $6543 $6546 $6547 reversed $6141 $-1 #
coedge $-1 -1 $-1 $6548 $6549 $6276 $6410 reversed $6550 $-1 #
edge $6551 -1 $-1 $6552 -0.25 $6553 0.75 $6276 $6554 forward @7 unknown #
coedge $-1 -1 $-1 $6532 $6277 $6530 $6555 reversed $6412 $-1 #
loop $-1 -1 $-1 $-1 $6398 $6556 #
color-adesk-attrib $-1 -1 $-1 $-1 $6278 256 #
vertex $-1 -1 $-1 $6395 $6557 #
straight-curve $-1 -1 $-1 0.2999999999999999889 9.958554216867469222 -0.25 0 0 -1 I I #
edge $6558 -1 $-1 $6420 -0.75 $6422 0.25 $6279 $6559 forward @7 unknown #
coedge $-1 -1 $-1 $6530 $6280 $6285 $6425 forward $264 $-1 #
coedge $-1 -1 $-1 $6280 $6516 $6513 $6560 forward $264 $-1 #
color-adesk-attrib $-1 -1 $-1 $-1 $6281 256 #
vertex $-1 -1 $-1 $6281 $6561 #
color-adesk-attrib $-1 -1 $-1 $-1 $6283 256 #
vertex $-1 -1 $-1 $6381 $6562 #
coedge $-1 -1 $-1 $6285 $6284 $6532 $6563 forward $6286 $-1 #
edge $6564 -1 $-1 $6288 0 $6534 0.2895719172308956479 $6284 $6565 forward @7 unknown #
edge $6566 -1 $-1 $6289 0 $6567 0.2895719172308956479 $6285 $6568 forward @7 unknown #
face $6569 -1 $-1 $6556 $6286 $8 $-1 $6570 forward single #
point $-1 -1 $-1 0.3000000000000018208 9.718554216867467233 -0.5 #
point $-1 -1 $-1 0.3000000000000018208 9.718554216867467233 0.5 #
color-adesk-attrib $-1 -1 $-1 $-1 $6291 256 #
straight-curve $-1 -1 $-1 0.4599942359067080155 10.44184004281246203 0.5 -0.9999639744169136479 -0.008488219385113099369 0 I I #
color-adesk-attrib $-1 -1 $-1 $-1 $6292 256 #
plane-surface $-1 -1 $-1 0.4599942359067080155 10.44184004281246203 -0.5 -0.008488219385113101104 0.99996397441691387 0 -0.99996397441691387 -0.008488219385113101104 0 forward_v I I I I #
color-adesk-attrib $-1 -1 $-1 $-1 $6296 256 #
straight-curve $-1 -1 $-1 0.4599942359067080155 10.20087618739077229 0.5 -0.9999639744169136479 -0.008488219385113099369 0 I I #
color-adesk-attrib $-1 -1 $-1 $-1 $6299 256 #
straight-curve $-1 -1 $-1 0.4599942359067080155 10.44184004281246203 -0.5 0 0 1 I I #
point $-1 -1 $-1 0.4599942359067080155 10.44184004281246203 0.5 #
color-adesk-attrib $-1 -1 $-1 $-1 $6308 256 #
face $6571 -1 $-1 $6572 $6573 $8 $-1 $6574 forward single #
loop $-1 -1 $-1 $-1 $6575 $6308 #
plane-surface $-1 -1 $-1 0.3000000000000008216 -6.666987951807229251 -0.5 0.8334997309465151938 -0.5525198625498335403 0 0.5525198625498335403 0.8334997309465151938 0 forward_v I I I I #
coedge $-1 -1 $-1 $6576 $6577 $6578 $6579 forward $6309 $-1 #
coedge $-1 -1 $-1 $6580 $6311 $6577 $6581 forward $6176 $-1 #
coedge $-1 -1 $-1 $6311 $6580 $6582 $6583 reversed $6176 $-1 #
coedge $-1 -1 $-1 $6584 $6578 $6311 $6446 reversed $102 $-1 #
edge $6585 -1 $-1 $6586 0 $6587 0.2895719172308956479 $6311 $6588 forward @7 unknown #
coedge $-1 -1 $-1 $6313 $6312 $6589 $6590 reversed $6045 $-1 #
coedge $-1 -1 $-1 $6591 $6592 $6312 $6449 forward $6593 $-1 #
edge $6594 -1 $-1 $6595 -0.75 $6452 0.25 $6448 $6596 forward @7 unknown #
coedge $-1 -1 $-1 $6314 $6597 $6591 $6598 forward $102 $-1 #
color-adesk-attrib $-1 -1 $-1 $-1 $6315 256 #
vertex $-1 -1 $-1 $6315 $6599 #
straight-curve $-1 -1 $-1 0.4599942359067069608 -7.389485258392358702 -0.5 -0.9999639744169136479 -0.008488219385113099369 0 F 0 F 0.1600000000000000033 #
coedge $-1 -1 $-1 $6589 $6600 $6316 $6455 forward $264 $-1 #
edge $6601 -1 $-1 $6463 0 $6457 0.2895719172308956479 $6316 $6602 forward @7 unknown #
color-adesk-attrib $-1 -1 $-1 $-1 $6317 256 #
vertex $-1 -1 $-1 $6317 $6603 #
straight-curve $-1 -1 $-1 0.4599942359067069608 -7.389485258392358702 -0.5 0 0 1 I I #
coedge $-1 -1 $-1 $6604 $6318 $6600 $6605 reversed $6461 $-1 #
coedge $-1 -1 $-1 $6318 $6604 $6320 $6466 reversed $6461 $-1 #
loop $-1 -1 $-1 $-1 $6318 $6606 #
color-adesk-attrib $-1 -1 $-1 $-1 $6319 256 #
vertex $-1 -1 $-1 $6455 $6607 #
straight-curve $-1 -1 $-1 0.2999999999999998224 -7.630843373493979342 -0.25 0 0 1 I I #
coedge $-1 -1 $-1 $6333 $6320 $6608 $6609 reversed $102 $-1 #
edge $6610 -1 $-1 $6322 7.630843373493977566 $6611 7.63180722891566532 $6460 $277 forward @7 unknown #
point $-1 -1 $-1 0.3000000000000007661 -7.630843373493977566 -0.5 #
point $-1 -1 $-1 0.4599942359067069608 -7.389485258392358702 -0.5 #
coedge $-1 -1 $-1 $6612 $6325 $6328 $6473 forward $264 $-1 #
color-adesk-attrib $-1 -1 $-1 $-1 $6326 256 #
straight-curve $-1 -1 $-1 0.4599942359067069053 -7.871412969235734636 0.5 -0.9999639744169136479 -0.008488219385113099369 0 I I #
coedge $-1 -1 $-1 $6328 $6327 $6613 $6614 forward $6329 $-1 #
edge $6615 -1 $-1 $6331 -7.872771084337355063 $6616 -7.871807228915663757 $6328 $352 forward @7 unknown #
face $6617 -1 $-1 $6078 $6329 $8 $-1 $354 reversed single #
point $-1 -1 $-1 0.3000000000000007105 -7.872771084337355063 0.5 #
coedge $-1 -1 $-1 $6618 $6613 $6333 $6477 forward $6619 $-1 #
edge $6620 -1 $-1 $6479 0 $6621 0.2895719172308956479 $6476 $6622 forward @7 unknown #
color-adesk-attrib $-1 -1 $-1 $-1 $6334 256 #
vertex $-1 -1 $-1 $6334 $6623 #
coedge $-1 -1 $-1 $6336 $6348 $6624 $6625 forward $264 $-1 #
coedge $-1 -1 $-1 $6624 $6344 $6340 $6482 reversed $6487 $-1 #
edge $6626 -1 $-1 $6484 -0.75 $6347 0.25 $6340 $6627 forward @7 unknown #
color-adesk-attrib $-1 -1 $-1 $-1 $6341 256 #
vertex $-1 -1 $-1 $6341 $6628 #
color-adesk-attrib $-1 -1 $-1 $-1 $6342 256 #
coedge $-1 -1 $-1 $6344 $6624 $6354 $6496 reversed $6487 $-1 #
loop $-1 -1 $-1 $-1 $6344 $6629 #
color-adesk-attrib $-1 -1 $-1 $-1 $6345 256 #
straight-curve $-1 -1 $-1 0.4599942359067069053 -8.112376824657417274 -0.5 -0.9999639744169136479 -0.008488219385113099369 0 F 0 F 0.1600000000000000033 #
point $-1 -1 $-1 0.3000000000000007105 -8.113734939759037701 -0.5 #
coedge $-1 -1 $-1 $6349 $6354 $6348 $6492 reversed $6355 $-1 #
edge $6630 -1 $-1 $6352 0 $6631 0.2895719172308956479 $6491 $6632 forward @7 unknown #
color-adesk-attrib $-1 -1 $-1 $-1 $6350 256 #
straight-curve $-1 -1 $-1 0.3000000000000000444 -8.353734939759037914 -0.25 0 0 1 I I #
point $-1 -1 $-1 0.3000000000000007105 -8.353734939759036138 0.5 #
edge $6633 -1 $-1 $6357 0 $6631 1 $6486 $6634 forward @7 unknown #
face $6635 -1 $-1 $6629 $6355 $8 $-1 $6636 forward single #
point $-1 -1 $-1 0.4599942359067069053 -8.112376824657417274 -0.5 #
color-adesk-attrib $-1 -1 $-1 $-1 $6361 256 #
straight-curve $-1 -1 $-1 0.4599942359067068498 -8.594304535500793207 0.5 -0.9999639744169136479 -0.008488219385113099369 0 I I #
color-adesk-attrib $-1 -1 $-1 $-1 $6365 256 #
plane-surface $-1 -1 $-1 0.4599942359067068498 -8.594304535500793207 -0.5 -0.008488219385113101104 0.99996397441691387 0 -0.99996397441691387 -0.008488219385113101104 0 forward_v I I I I #
point $-1 -1 $-1 0.4599942359067068498 -8.594304535500793207 0.5 #
color-adesk-attrib $-1 -1 $-1 $-1 $6374 256 #
face $6637 -1 $-1 $6638 $6639 $8 $-1 $6640 forward single #
loop $-1 -1 $-1 $-1 $6641 $6374 #
plane-surface $-1 -1 $-1 0.3000000000000017097 8.513734939759032727 -0.5 0.8334997309465151938 -0.5525198625498335403 0 0.5525198625498335403 0.8334997309465151938 0 forward_v I I I I #
coedge $-1 -1 $-1 $6642 $6643 $6644 $6645 forward $6375 $-1 #
coedge $-1 -1 $-1 $6646 $6377 $6643 $6647 forward $6242 $-1 #
coedge $-1 -1 $-1 $6377 $6646 $6648 $6649 reversed $6242 $-1 #
coedge $-1 -1 $-1 $6650 $6644 $6377 $6512 reversed $102 $-1 #
edge $6651 -1 $-1 $6652 0 $6653 0.2895719172308956479 $6377 $6654 forward @7 unknown #
coedge $-1 -1 $-1 $6379 $6378 $6418 $6560 reversed $6111 $-1 #
color-adesk-attrib $-1 -1 $-1 $-1 $6381 256 #
straight-curve $-1 -1 $-1 0.45999423590670796 9.718948476547399906 -0.5 -0.9999639744169136479 -0.008488219385113099369 0 F 0 F 0.1600000000000000033 #
coedge $-1 -1 $-1 $6418 $6655 $6382 $6517 forward $264 $-1 #
edge $6656 -1 $-1 $6524 0 $6519 0.2895719172308956479 $6382 $6657 forward @7 unknown #
color-adesk-attrib $-1 -1 $-1 $-1 $6383 256 #
vertex $-1 -1 $-1 $6383 $6658 #
straight-curve $-1 -1 $-1 0.45999423590670796 9.718948476547399906 -0.5 0 0 1 I I #
coedge $-1 -1 $-1 $6406 $6384 $6655 $6659 reversed $6275 $-1 #
coedge $-1 -1 $-1 $6384 $6406 $6386 $6527 reversed $6275 $-1 #
color-adesk-attrib $-1 -1 $-1 $-1 $6385 256 #
vertex $-1 -1 $-1 $6517 $6660 #
straight-curve $-1 -1 $-1 0.3000000000000000444 9.477590361445779266 -0.25 0 0 1 I I #
coedge $-1 -1 $-1 $6661 $6386 $6662 $6663 reversed $102 $-1 #
edge $6664 -1 $-1 $6388 -9.477590361445781042 $6665 -9.476626506024095065 $6522 $277 forward @7 unknown #
point $-1 -1 $-1 0.3000000000000018208 9.477590361445781042 -0.5 #
point $-1 -1 $-1 0.45999423590670796 9.718948476547399906 -0.5 #
coedge $-1 -1 $-1 $6391 $6417 $6411 $6555 forward $264 $-1 #
color-adesk-attrib $-1 -1 $-1 $-1 $6395 256 #
coedge $-1 -1 $-1 $6398 $6411 $6423 $6563 reversed $6412 $-1 #
color-adesk-attrib $-1 -1 $-1 $-1 $6399 256 #
vertex $-1 -1 $-1 $6399 $6666 #
straight-curve $-1 -1 $-1 0.4599942359067080155 9.959912331969086097 -0.5 -0.9999639744169136479 -0.008488219385113099369 0 F 0 F 0.1600000000000000033 #
point $-1 -1 $-1 0.3000000000000018208 9.958554216867467446 -0.5 #
color-adesk-attrib $-1 -1 $-1 $-1 $6404 256 #
face $6667 -1 $-1 $6668 $6669 $8 $-1 $354 reversed single #
loop $-1 -1 $-1 $-1 $6670 $6404 #
coedge $-1 -1 $-1 $6671 $6672 $6673 $6674 forward $6405 $-1 #
coedge $-1 -1 $-1 $6675 $6662 $6406 $6542 reversed $6676 $-1 #
edge $6677 -1 $-1 $6678 -0.75 $6665 0.25 $6406 $6679 forward @7 unknown #
coedge $-1 -1 $-1 $6408 $6407 $6642 $6680 forward $6141 $-1 #
coedge $-1 -1 $-1 $6681 $6682 $6407 $6545 forward $264 $-1 #
edge $6683 -1 $-1 $6684 9.235662650602408874 $6553 9.236626506024094851 $6407 $352 forward @7 unknown #
coedge $-1 -1 $-1 $6644 $6661 $6408 $6547 forward $102 $-1 #
edge $6685 -1 $-1 $6552 -9.236626506024094851 $6686 -9.235662650602408874 $6408 $277 forward @7 unknown #
coedge $-1 -1 $-1 $6687 $6409 $6661 $6688 forward $6550 $-1 #
coedge $-1 -1 $-1 $6409 $6687 $6681 $6689 reversed $6550 $-1 #
loop $-1 -1 $-1 $-1 $6548 $6690 #
color-adesk-attrib $-1 -1 $-1 $-1 $6410 256 #
vertex $-1 -1 $-1 $6547 $6691 #
vertex $-1 -1 $-1 $6689 $6692 #
straight-curve $-1 -1 $-1 0.3000000000000000444 9.236626506024093075 -0.25 0 0 1 I I #
edge $6693 -1 $-1 $6567 0 $6414 0.1600000000000000033 $6411 $6694 forward @7 unknown #
face $6695 -1 $-1 $6162 $6412 $8 $-1 $6696 forward single #
point $-1 -1 $-1 0.3000000000000018208 9.958554216867467446 0.5 #
color-adesk-attrib $-1 -1 $-1 $-1 $6416 256 #
straight-curve $-1 -1 $-1 0.2999999999999999889 9.717590361445783032 -0.25 0 0 -1 I I #
edge $6697 -1 $-1 $6519 0 $6420 0.1600000000000000033 $6513 $6698 forward @7 unknown #
point $-1 -1 $-1 0.3000000000000018208 9.717590361445781255 0.5 #
point $-1 -1 $-1 0.3000000000000018208 9.717590361445781255 -0.5 #
edge $6699 -1 $-1 $6534 0 $6567 1 $6532 $6700 forward @7 unknown #
color-adesk-attrib $-1 -1 $-1 $-1 $6424 256 #
straight-curve $-1 -1 $-1 0.3000000000000018208 9.718554216867467233 -0.5 0.5525198625498334293 0.8334997309465150828 0 F 0 F 0.2895719172308956479 #
color-adesk-attrib $-1 -1 $-1 $-1 $6425 256 #
vertex $-1 -1 $-1 $6563 $6701 #
straight-curve $-1 -1 $-1 0.3000000000000018208 9.718554216867467233 0.5 0.5525198625498334293 0.8334997309465150828 0 I I #
color-adesk-attrib $-1 -1 $-1 $-1 $6426 256 #
plane-surface $-1 -1 $-1 0.3000000000000018208 9.718554216867467233 -0.5 0.8334997309465151938 -0.5525198625498335403 0 0.5525198625498335403 0.8334997309465151938 0 forward_v I I I I #
color-adesk-attrib $-1 -1 $-1 $-1 $6439 256 #
face $6702 -1 $-1 $6703 $6704 $8 $-1 $6705 forward single #
loop $-1 -1 $-1 $-1 $6706 $6439 #
plane-surface $-1 -1 $-1 0.4599942359067069608 -6.425629836705610387 -0.5 -0.008488219385113101104 0.99996397441691387 0 -0.99996397441691387 -0.008488219385113101104 0 forward_v I I I I #
coedge $-1 -1 $-1 $6707 $6708 $6709 $6710 forward $6440 $-1 #
coedge $-1 -1 $-1 $6711 $6442 $6712 $6713 reversed $6309 $-1 #
coedge $-1 -1 $-1 $6442 $6711 $6443 $6581 reversed $6309 $-1 #
coedge $-1 -1 $-1 $6445 $6714 $6442 $6579 reversed $102 $-1 #
edge $6715 -1 $-1 $6587 0 $6716 0.1600000000000000033 $6442 $6717 forward @7 unknown #
coedge $-1 -1 $-1 $6444 $6443 $6718 $6719 reversed $6176 $-1 #
edge $6720 -1 $-1 $6587 0 $6721 1 $6577 $6722 forward @7 unknown #
coedge $-1 -1 $-1 $6723 $6724 $6444 $6583 forward $6725 $-1 #
edge $6726 -1 $-1 $6586 -0.25 $6727 0.75 $6582 $6728 forward @7 unknown #
coedge $-1 -1 $-1 $6729 $6445 $6724 $6730 forward $102 $-1 #
color-adesk-attrib $-1 -1 $-1 $-1 $6446 256 #
vertex $-1 -1 $-1 $6730 $6731 #
vertex $-1 -1 $-1 $6579 $6732 #
straight-curve $-1 -1 $-1 0.3000000000000007661 -7.148915662650601632 -0.5 0.5525198625498334293 0.8334997309465150828 0 F 0 F 0.2895719172308956479 #
coedge $-1 -1 $-1 $6733 $6454 $6447 $6590 forward $264 $-1 #
edge $6734 -1 $-1 $6457 0 $6595 0.1600000000000000033 $6447 $6735 forward @7 unknown #
coedge $-1 -1 $-1 $6736 $6448 $6450 $6598 reversed $6593 $-1 #
coedge $-1 -1 $-1 $6448 $6736 $6733 $6737 reversed $6593 $-1 #
loop $-1 -1 $-1 $-1 $6448 $6738 #
color-adesk-attrib $-1 -1 $-1 $-1 $6449 256 #
vertex $-1 -1 $-1 $6737 $6739 #
straight-curve $-1 -1 $-1 0.2999999999999999889 -7.390843373493977353 -0.25 0 0 -1 I I #
coedge $-1 -1 $-1 $6450 $6729 $6740 $6741 reversed $102 $-1 #
edge $6742 -1 $-1 $6743 7.389879518072291376 $6452 7.390843373493979129 $6591 $277 forward @7 unknown #
point $-1 -1 $-1 0.3000000000000007105 -7.390843373493979129 -0.5 #
coedge $-1 -1 $-1 $6454 $6744 $6459 $6605 forward $264 $-1 #
color-adesk-attrib $-1 -1 $-1 $-1 $6455 256 #
straight-curve $-1 -1 $-1 0.3000000000000007661 -7.630843373493977566 0.5 0.5525198625498334293 0.8334997309465150828 0 I I #
point $-1 -1 $-1 0.4599942359067069608 -7.389485258392358702 0.5 #
coedge $-1 -1 $-1 $6460 $6459 $6745 $6746 forward $6461 $-1 #
edge $6747 -1 $-1 $6748 -7.63180722891566532 $6463 -7.630843373493977566 $6459 $352 forward @7 unknown #
face $6749 -1 $-1 $6738 $6461 $8 $-1 $354 reversed single #
point $-1 -1 $-1 0.3000000000000007105 -7.630843373493977566 0.5 #
coedge $-1 -1 $-1 $6745 $6750 $6465 $6609 forward $6751 $-1 #
edge $6752 -1 $-1 $6621 0 $6611 0.1600000000000000033 $6608 $6753 forward @7 unknown #
color-adesk-attrib $-1 -1 $-1 $-1 $6466 256 #
vertex $-1 -1 $-1 $6609 $6754 #
coedge $-1 -1 $-1 $6744 $6469 $6755 $6756 forward $264 $-1 #
coedge $-1 -1 $-1 $6476 $6755 $6472 $6614 reversed $6619 $-1 #
edge $6757 -1 $-1 $6479 -0.25 $6616 0.75 $6472 $6758 forward @7 unknown #
color-adesk-attrib $-1 -1 $-1 $-1 $6473 256 #
vertex $-1 -1 $-1 $6756 $6759 #
color-adesk-attrib $-1 -1 $-1 $-1 $6474 256 #
coedge $-1 -1 $-1 $6755 $6476 $6750 $6760 forward $6619 $-1 #
loop $-1 -1 $-1 $-1 $6476 $6761 #
color-adesk-attrib $-1 -1 $-1 $-1 $6477 256 #
vertex $-1 -1 $-1 $6609 $6762 #
straight-curve $-1 -1 $-1 0.3000000000000007105 -7.871807228915663757 -0.5 0.5525198625498334293 0.8334997309465150828 0 F 0 F 0.2895719172308956479 #
point $-1 -1 $-1 0.3000000000000007105 -7.871807228915663757 -0.5 #
coedge $-1 -1 $-1 $6486 $6481 $6480 $6625 reversed $6487 $-1 #
edge $6763 -1 $-1 $6631 0 $6484 0.1600000000000000033 $6624 $6764 forward @7 unknown #
color-adesk-attrib $-1 -1 $-1 $-1 $6482 256 #
straight-curve $-1 -1 $-1 0.2999999999999999889 -8.113734939759035925 -0.25 0 0 -1 I I #
point $-1 -1 $-1 0.3000000000000007105 -8.113734939759037701 0.5 #
face $6765 -1 $-1 $6233 $6487 $8 $-1 $6766 forward single #
color-adesk-attrib $-1 -1 $-1 $-1 $6492 256 #
vertex $-1 -1 $-1 $6496 $6767 #
straight-curve $-1 -1 $-1 0.3000000000000007105 -8.353734939759036138 0.5 0.5525198625498334293 0.8334997309465150828 0 I I #
color-adesk-attrib $-1 -1 $-1 $-1 $6496 256 #
straight-curve $-1 -1 $-1 0.4599942359067069053 -8.112376824657417274 -0.5 0 0 1 I I #
color-adesk-attrib $-1 -1 $-1 $-1 $6497 256 #
plane-surface $-1 -1 $-1 0.3000000000000007105 -8.353734939759036138 -0.5 0.8334997309465151938 -0.5525198625498335403 0 0.5525198625498335403 0.8334997309465151938 0 forward_v I I I I #
color-adesk-attrib $-1 -1 $-1 $-1 $6505 256 #
face $6768 -1 $-1 $6769 $6770 $8 $-1 $6771 forward single #
loop $-1 -1 $-1 $-1 $6772 $6505 #
plane-surface $-1 -1 $-1 0.4599942359067079045 8.755093054860651591 -0.5 -0.008488219385113101104 0.99996397441691387 0 -0.99996397441691387 -0.008488219385113101104 0 forward_v I I I I #
coedge $-1 -1 $-1 $6773 $6774 $6775 $6776 forward $6506 $-1 #
coedge $-1 -1 $-1 $6777 $6508 $6543 $6680 reversed $6375 $-1 #
coedge $-1 -1 $-1 $6508 $6777 $6509 $6647 reversed $6375 $-1 #
coedge $-1 -1 $-1 $6511 $6546 $6508 $6645 reversed $102 $-1 #
edge $6778 -1 $-1 $6653 0 $6686 0.1600000000000000033 $6508 $6779 forward @7 unknown #
coedge $-1 -1 $-1 $6510 $6509 $6780 $6781 reversed $6242 $-1 #
edge $6782 -1 $-1 $6653 0 $6783 1 $6643 $6784 forward @7 unknown #
coedge $-1 -1 $-1 $6785 $6786 $6510 $6649 forward $6539 $-1 #
edge $6787 -1 $-1 $6652 -0.25 $6788 0.75 $6648 $6789 forward @7 unknown #
coedge $-1 -1 $-1 $6790 $6511 $6786 $6791 forward $102 $-1 #
color-adesk-attrib $-1 -1 $-1 $-1 $6512 256 #
vertex $-1 -1 $-1 $6791 $6792 #
vertex $-1 -1 $-1 $6645 $6793 #
straight-curve $-1 -1 $-1 0.3000000000000017653 8.995662650602408661 -0.5 0.5525198625498334293 0.8334997309465150828 0 F 0 F 0.2895719172308956479 #
coedge $-1 -1 $-1 $6516 $6794 $6521 $6659 forward $264 $-1 #
color-adesk-attrib $-1 -1 $-1 $-1 $6517 256 #
straight-curve $-1 -1 $-1 0.3000000000000018208 9.477590361445781042 0.5 0.5525198625498334293 0.8334997309465150828 0 I I #
point $-1 -1 $-1 0.45999423590670796 9.718948476547399906 0.5 #
edge $6795 -1 $-1 $6678 9.476626506024095065 $6524 9.477590361445781042 $6521 $352 forward @7 unknown #
point $-1 -1 $-1 0.3000000000000018208 9.477590361445781042 0.5 #
coedge $-1 -1 $-1 $6546 $6526 $6548 $6688 reversed $102 $-1 #
coedge $-1 -1 $-1 $6541 $6796 $6526 $6663 forward $6676 $-1 #
edge $6797 -1 $-1 $6798 0 $6665 0.1600000000000000033 $6662 $6799 forward @7 unknown #
color-adesk-attrib $-1 -1 $-1 $-1 $6527 256 #
vertex $-1 -1 $-1 $6663 $6800 #
point $-1 -1 $-1 0.4599942359067080155 9.959912331969086097 -0.5 #
color-adesk-attrib $-1 -1 $-1 $-1 $6538 256 #
face $6801 -1 $-1 $6802 $6803 $8 $-1 $354 reversed single #
loop $-1 -1 $-1 $-1 $6804 $6538 #
coedge $-1 -1 $-1 $6786 $6785 $6805 $6806 forward $6539 $-1 #
coedge $-1 -1 $-1 $6807 $6540 $6808 $6809 reversed $6405 $-1 #
coedge $-1 -1 $-1 $6540 $6807 $6810 $6811 reversed $6405 $-1 #
coedge $-1 -1 $-1 $6812 $6813 $6540 $6674 reversed $6814 $-1 #
edge $6815 -1 $-1 $6816 -0.25 $6817 0.75 $6540 $6818 forward @7 unknown #
coedge $-1 -1 $-1 $6796 $6541 $6794 $6819 reversed $6676 $-1 #
loop $-1 -1 $-1 $-1 $6662 $6820 #
color-adesk-attrib $-1 -1 $-1 $-1 $6542 256 #
vertex $-1 -1 $-1 $6659 $6821 #
straight-curve $-1 -1 $-1 0.2999999999999999889 9.476626506024096841 -0.25 0 0 -1 I I #
edge $6822 -1 $-1 $6684 -0.75 $6686 0.25 $6543 $6823 forward @7 unknown #
coedge $-1 -1 $-1 $6794 $6544 $6549 $6689 forward $264 $-1 #
coedge $-1 -1 $-1 $6544 $6780 $6777 $6824 forward $264 $-1 #
color-adesk-attrib $-1 -1 $-1 $-1 $6545 256 #
vertex $-1 -1 $-1 $6545 $6825 #
color-adesk-attrib $-1 -1 $-1 $-1 $6547 256 #
vertex $-1 -1 $-1 $6645 $6826 #
coedge $-1 -1 $-1 $6549 $6548 $6796 $6827 forward $6550 $-1 #
edge $6828 -1 $-1 $6552 0 $6798 0.2895719172308956479 $6548 $6829 forward @7 unknown #
edge $6830 -1 $-1 $6553 0 $6831 0.2895719172308956479 $6549 $6832 forward @7 unknown #
face $6833 -1 $-1 $6820 $6550 $8 $-1 $6834 forward single #
point $-1 -1 $-1 0.3000000000000018208 9.236626506024094851 -0.5 #
point $-1 -1 $-1 0.3000000000000017653 9.236626506024094851 0.5 #
color-adesk-attrib $-1 -1 $-1 $-1 $6555 256 #
straight-curve $-1 -1 $-1 0.4599942359067080155 9.959912331969086097 0.5 -0.9999639744169136479 -0.008488219385113099369 0 I I #
color-adesk-attrib $-1 -1 $-1 $-1 $6556 256 #
plane-surface $-1 -1 $-1 0.4599942359067080155 9.959912331969086097 -0.5 -0.008488219385113101104 0.99996397441691387 0 -0.99996397441691387 -0.008488219385113101104 0 forward_v I I I I #
color-adesk-attrib $-1 -1 $-1 $-1 $6560 256 #
straight-curve $-1 -1 $-1 0.45999423590670796 9.718948476547399906 0.5 -0.9999639744169136479 -0.008488219385113099369 0 I I #
color-adesk-attrib $-1 -1 $-1 $-1 $6563 256 #
straight-curve $-1 -1 $-1 0.4599942359067080155 9.959912331969086097 -0.5 0 0 1 I I #
point $-1 -1 $-1 0.4599942359067080155 9.959912331969086097 0.5 #
color-adesk-attrib $-1 -1 $-1 $-1 $6572 256 #
face $6835 -1 $-1 $6836 $6837 $8 $-1 $6838 forward single #
loop $-1 -1 $-1 $-1 $6839 $6572 #
plane-surface $-1 -1 $-1 0.3000000000000008216 -6.18506024096385687 -0.5 0.8334997309465151938 -0.5525198625498335403 0 0.5525198625498335403 0.8334997309465151938 0 forward_v I I I I #
coedge $-1 -1 $-1 $6840 $6841 $6842 $6843 forward $6573 $-1 #
coedge $-1 -1 $-1 $6844 $6575 $6841 $6845 forward $6440 $-1 #
coedge $-1 -1 $-1 $6575 $6844 $6846 $6847 reversed $6440 $-1 #
coedge $-1 -1 $-1 $6848 $6842 $6575 $6710 reversed $102 $-1 #
edge $6849 -1 $-1 $6850 0 $6851 0.2895719172308956479 $6575 $6852 forward @7 unknown #
coedge $-1 -1 $-1 $6577 $6576 $6853 $6854 reversed $6309 $-1 #
coedge $-1 -1 $-1 $6855 $6856 $6576 $6713 forward $6857 $-1 #
edge $6858 -1 $-1 $6859 -0.75 $6716 0.25 $6712 $6860 forward @7 unknown #
coedge $-1 -1 $-1 $6578 $6861 $6855 $6862 forward $102 $-1 #
color-adesk-attrib $-1 -1 $-1 $-1 $6579 256 #
vertex $-1 -1 $-1 $6579 $6863 #
straight-curve $-1 -1 $-1 0.4599942359067069608 -6.907557547548982768 -0.5 -0.9999639744169136479 -0.008488219385113099369 0 F 0 F 0.1600000000000000033 #
coedge $-1 -1 $-1 $6853 $6864 $6580 $6719 forward $264 $-1 #
edge $6865 -1 $-1 $6727 0 $6721 0.2895719172308956479 $6580 $6866 forward @7 unknown #
color-adesk-attrib $-1 -1 $-1 $-1 $6581 256 #
vertex $-1 -1 $-1 $6581 $6867 #
straight-curve $-1 -1 $-1 0.4599942359067069608 -6.907557547548982768 -0.5 0 0 1 I I #
coedge $-1 -1 $-1 $6868 $6582 $6864 $6869 reversed $6725 $-1 #
coedge $-1 -1 $-1 $6582 $6868 $6584 $6730 reversed $6725 $-1 #
loop $-1 -1 $-1 $-1 $6582 $6870 #
color-adesk-attrib $-1 -1 $-1 $-1 $6583 256 #
vertex $-1 -1 $-1 $6719 $6871 #
straight-curve $-1 -1 $-1 0.2999999999999998224 -7.148915662650603409 -0.25 0 0 1 I I #
coedge $-1 -1 $-1 $6597 $6584 $6872 $6873 reversed $102 $-1 #
edge $6874 -1 $-1 $6586 7.148915662650601632 $6875 7.149879518072292939 $6724 $277 forward @7 unknown #
point $-1 -1 $-1 0.3000000000000007661 -7.148915662650601632 -0.5 #
point $-1 -1 $-1 0.4599942359067069608 -6.907557547548982768 -0.5 #
coedge $-1 -1 $-1 $6876 $6589 $6592 $6737 forward $264 $-1 #
color-adesk-attrib $-1 -1 $-1 $-1 $6590 256 #
straight-curve $-1 -1 $-1 0.4599942359067069608 -7.389485258392358702 0.5 -0.9999639744169136479 -0.008488219385113099369 0 I I #
coedge $-1 -1 $-1 $6592 $6591 $6877 $6878 forward $6593 $-1 #
edge $6879 -1 $-1 $6595 -7.390843373493979129 $6880 -7.389879518072291376 $6592 $352 forward @7 unknown #
face $6881 -1 $-1 $6342 $6593 $8 $-1 $354 reversed single #
point $-1 -1 $-1 0.3000000000000007105 -7.390843373493979129 0.5 #
coedge $-1 -1 $-1 $6882 $6877 $6597 $6741 forward $6883 $-1 #
edge $6884 -1 $-1 $6743 0 $6885 0.2895719172308956479 $6740 $6886 forward @7 unknown #
color-adesk-attrib $-1 -1 $-1 $-1 $6598 256 #
vertex $-1 -1 $-1 $6598 $6887 #
coedge $-1 -1 $-1 $6600 $6612 $6888 $6889 forward $264 $-1 #
coedge $-1 -1 $-1 $6888 $6608 $6604 $6746 reversed $6751 $-1 #
edge $6890 -1 $-1 $6748 -0.75 $6611 0.25 $6604 $6891 forward @7 unknown #
color-adesk-attrib $-1 -1 $-1 $-1 $6605 256 #
vertex $-1 -1 $-1 $6605 $6892 #
color-adesk-attrib $-1 -1 $-1 $-1 $6606 256 #
coedge $-1 -1 $-1 $6608 $6888 $6618 $6760 reversed $6751 $-1 #
loop $-1 -1 $-1 $-1 $6608 $6893 #
color-adesk-attrib $-1 -1 $-1 $-1 $6609 256 #
straight-curve $-1 -1 $-1 0.4599942359067069053 -7.630449113814044892 -0.5 -0.9999639744169136479 -0.008488219385113099369 0 F 0 F 0.1600000000000000033 #
point $-1 -1 $-1 0.3000000000000007105 -7.63180722891566532 -0.5 #
coedge $-1 -1 $-1 $6613 $6618 $6612 $6756 reversed $6619 $-1 #
edge $6894 -1 $-1 $6616 0 $6895 0.2895719172308956479 $6755 $6896 forward @7 unknown #
color-adesk-attrib $-1 -1 $-1 $-1 $6614 256 #
straight-curve $-1 -1 $-1 0.3000000000000000444 -7.871807228915665533 -0.25 0 0 1 I I #
point $-1 -1 $-1 0.3000000000000007105 -7.871807228915663757 0.5 #
edge $6897 -1 $-1 $6621 0 $6895 1 $6750 $6898 forward @7 unknown #
face $6899 -1 $-1 $6893 $6619 $8 $-1 $6900 forward single #
point $-1 -1 $-1 0.4599942359067069053 -7.630449113814044892 -0.5 #
color-adesk-attrib $-1 -1 $-1 $-1 $6625 256 #
straight-curve $-1 -1 $-1 0.4599942359067069053 -8.112376824657417274 0.5 -0.9999639744169136479 -0.008488219385113099369 0 I I #
color-adesk-attrib $-1 -1 $-1 $-1 $6629 256 #
plane-surface $-1 -1 $-1 0.4599942359067069053 -8.112376824657417274 -0.5 -0.008488219385113101104 0.99996397441691387 0 -0.99996397441691387 -0.008488219385113101104 0 forward_v I I I I #
point $-1 -1 $-1 0.4599942359067069053 -8.112376824657417274 0.5 #
color-adesk-attrib $-1 -1 $-1 $-1 $6638 256 #
face $6901 -1 $-1 $6902 $6903 $8 $-1 $6904 forward single #
loop $-1 -1 $-1 $-1 $6905 $6638 #
plane-surface $-1 -1 $-1 0.3000000000000017097 8.031807228915660346 -0.5 0.8334997309465151938 -0.5525198625498335403 0 0.5525198625498335403 0.8334997309465151938 0 forward_v I I I I #
coedge $-1 -1 $-1 $6906 $6907 $6908 $6909 forward $6639 $-1 #
coedge $-1 -1 $-1 $6910 $6641 $6907 $6911 forward $6506 $-1 #
coedge $-1 -1 $-1 $6641 $6910 $6912 $6913 reversed $6506 $-1 #
coedge $-1 -1 $-1 $6914 $6908 $6641 $6776 reversed $102 $-1 #
edge $6915 -1 $-1 $6916 0 $6917 0.2895719172308956479 $6641 $6918 forward @7 unknown #
coedge $-1 -1 $-1 $6643 $6642 $6682 $6824 reversed $6375 $-1 #
color-adesk-attrib $-1 -1 $-1 $-1 $6645 256 #
straight-curve $-1 -1 $-1 0.45999423590670796 9.237020765704027525 -0.5 -0.9999639744169136479 -0.008488219385113099369 0 F 0 F 0.1600000000000000033 #
coedge $-1 -1 $-1 $6682 $6919 $6646 $6781 forward $264 $-1 #
edge $6920 -1 $-1 $6788 0 $6783 0.2895719172308956479 $6646 $6921 forward @7 unknown #
color-adesk-attrib $-1 -1 $-1 $-1 $6647 256 #
vertex $-1 -1 $-1 $6647 $6922 #
straight-curve $-1 -1 $-1 0.45999423590670796 9.237020765704027525 -0.5 0 0 1 I I #
coedge $-1 -1 $-1 $6670 $6648 $6919 $6923 reversed $6539 $-1 #
coedge $-1 -1 $-1 $6648 $6670 $6650 $6791 reversed $6539 $-1 #
color-adesk-attrib $-1 -1 $-1 $-1 $6649 256 #
vertex $-1 -1 $-1 $6781 $6924 #
straight-curve $-1 -1 $-1 0.3000000000000000444 8.995662650602406885 -0.25 0 0 1 I I #
coedge $-1 -1 $-1 $6925 $6650 $6926 $6927 reversed $102 $-1 #
edge $6928 -1 $-1 $6652 -8.995662650602408661 $6929 -8.994698795180722684 $6786 $277 forward @7 unknown #
point $-1 -1 $-1 0.3000000000000017653 8.995662650602408661 -0.5 #
point $-1 -1 $-1 0.45999423590670796 9.237020765704027525 -0.5 #
coedge $-1 -1 $-1 $6655 $6681 $6675 $6819 forward $264 $-1 #
color-adesk-attrib $-1 -1 $-1 $-1 $6659 256 #
coedge $-1 -1 $-1 $6662 $6675 $6687 $6827 reversed $6676 $-1 #
color-adesk-attrib $-1 -1 $-1 $-1 $6663 256 #
vertex $-1 -1 $-1 $6663 $6930 #
straight-curve $-1 -1 $-1 0.45999423590670796 9.477984621125713716 -0.5 -0.9999639744169136479 -0.008488219385113099369 0 F 0 F 0.1600000000000000033 #
point $-1 -1 $-1 0.3000000000000017653 9.476626506024095065 -0.5 #
color-adesk-attrib $-1 -1 $-1 $-1 $6668 256 #
face $6931 -1 $-1 $6932 $6933 $8 $-1 $354 reversed single #
loop $-1 -1 $-1 $-1 $6934 $6668 #
coedge $-1 -1 $-1 $6935 $6936 $6937 $6938 forward $6669 $-1 #
coedge $-1 -1 $-1 $6939 $6926 $6670 $6806 reversed $6940 $-1 #
edge $6941 -1 $-1 $6942 -0.75 $6929 0.25 $6670 $6943 forward @7 unknown #
coedge $-1 -1 $-1 $6672 $6671 $6906 $6944 forward $6405 $-1 #
coedge $-1 -1 $-1 $6945 $6946 $6671 $6809 forward $264 $-1 #
edge $6947 -1 $-1 $6948 8.75373493975903294 $6817 8.75469879518072247 $6671 $352 forward @7 unknown #
coedge $-1 -1 $-1 $6908 $6925 $6672 $6811 forward $102 $-1 #
edge $6949 -1 $-1 $6816 -8.75469879518072247 $6950 -8.75373493975903294 $6672 $277 forward @7 unknown #
coedge $-1 -1 $-1 $6951 $6673 $6925 $6952 forward $6814 $-1 #
coedge $-1 -1 $-1 $6673 $6951 $6945 $6953 reversed $6814 $-1 #
loop $-1 -1 $-1 $-1 $6812 $6954 #
color-adesk-attrib $-1 -1 $-1 $-1 $6674 256 #
vertex $-1 -1 $-1 $6811 $6955 #
vertex $-1 -1 $-1 $6953 $6956 #
straight-curve $-1 -1 $-1 0.3000000000000000444 8.754698795180720694 -0.25 0 0 1 I I #
edge $6957 -1 $-1 $6831 0 $6678 0.1600000000000000033 $6675 $6958 forward @7 unknown #
face $6959 -1 $-1 $6426 $6676 $8 $-1 $6960 forward single #
point $-1 -1 $-1 0.3000000000000017653 9.476626506024095065 0.5 #
color-adesk-attrib $-1 -1 $-1 $-1 $6680 256 #
straight-curve $-1 -1 $-1 0.2999999999999999889 9.23566265060241065 -0.25 0 0 -1 I I #
edge $6961 -1 $-1 $6783 0 $6684 0.1600000000000000033 $6777 $6962 forward @7 unknown #
point $-1 -1 $-1 0.3000000000000017653 9.235662650602408874 0.5 #
point $-1 -1 $-1 0.3000000000000017653 9.235662650602408874 -0.5 #
edge $6963 -1 $-1 $6798 0 $6831 1 $6796 $6964 forward @7 unknown #
color-adesk-attrib $-1 -1 $-1 $-1 $6688 256 #
straight-curve $-1 -1 $-1 0.3000000000000018208 9.236626506024094851 -0.5 0.5525198625498334293 0.8334997309465150828 0 F 0 F 0.2895719172308956479 #
color-adesk-attrib $-1 -1 $-1 $-1 $6689 256 #
vertex $-1 -1 $-1 $6827 $6965 #
straight-curve $-1 -1 $-1 0.3000000000000018208 9.236626506024094851 0.5 0.5525198625498334293 0.8334997309465150828 0 I I #
color-adesk-attrib $-1 -1 $-1 $-1 $6690 256 #
plane-surface $-1 -1 $-1 0.3000000000000018208 9.236626506024094851 -0.5 0.8334997309465151938 -0.5525198625498335403 0 0.5525198625498335403 0.8334997309465151938 0 forward_v I I I I #
color-adesk-attrib $-1 -1 $-1 $-1 $6703 256 #
face $6966 -1 $-1 $6967 $6968 $8 $-1 $6969 forward single #
loop $-1 -1 $-1 $-1 $6970 $6703 #
plane-surface $-1 -1 $-1 0.4599942359067070163 -5.943702125862238006 -0.5 -0.008488219385113101104 0.99996397441691387 0 -0.99996397441691387 -0.008488219385113101104 0 forward_v I I I I #
coedge $-1 -1 $-1 $6971 $6972 $6973 $6974 forward $6704 $-1 #
coedge $-1 -1 $-1 $6975 $6706 $6976 $6977 reversed $6573 $-1 #
coedge $-1 -1 $-1 $6706 $6975 $6707 $6845 reversed $6573 $-1 #
coedge $-1 -1 $-1 $6709 $6978 $6706 $6843 reversed $102 $-1 #
edge $6979 -1 $-1 $6851 0 $6980 0.1600000000000000033 $6706 $6981 forward @7 unknown #
coedge $-1 -1 $-1 $6708 $6707 $6982 $6983 reversed $6440 $-1 #
edge $6984 -1 $-1 $6851 0 $6985 1 $6841 $6986 forward @7 unknown #
coedge $-1 -1 $-1 $6987 $6988 $6708 $6847 forward $6989 $-1 #
edge $6990 -1 $-1 $6850 -0.25 $6991 0.75 $6846 $6992 forward @7 unknown #
coedge $-1 -1 $-1 $6993 $6709 $6988 $6994 forward $102 $-1 #
color-adesk-attrib $-1 -1 $-1 $-1 $6710 256 #
vertex $-1 -1 $-1 $6994 $6995 #
vertex $-1 -1 $-1 $6843 $6996 #
straight-curve $-1 -1 $-1 0.3000000000000008216 -6.666987951807229251 -0.5 0.5525198625498334293 0.8334997309465150828 0 F 0 F 0.2895719172308956479 #
coedge $-1 -1 $-1 $6997 $6718 $6711 $6854 forward $264 $-1 #
edge $6998 -1 $-1 $6721 0 $6859 0.1600000000000000033 $6711 $6999 forward @7 unknown #
coedge $-1 -1 $-1 $7000 $6712 $6714 $6862 reversed $6857 $-1 #
coedge $-1 -1 $-1 $6712 $7000 $6997 $7001 reversed $6857 $-1 #
loop $-1 -1 $-1 $-1 $6712 $7002 #
color-adesk-attrib $-1 -1 $-1 $-1 $6713 256 #
vertex $-1 -1 $-1 $7001 $7003 #
straight-curve $-1 -1 $-1 0.2999999999999999889 -6.908915662650601419 -0.25 0 0 -1 I I #
coedge $-1 -1 $-1 $6714 $6993 $7004 $7005 reversed $102 $-1 #
edge $7006 -1 $-1 $7007 6.907951807228918994 $6716 6.908915662650603196 $6855 $277 forward @7 unknown #
point $-1 -1 $-1 0.3000000000000007661 -6.908915662650603196 -0.5 #
coedge $-1 -1 $-1 $6718 $7008 $6723 $6869 forward $264 $-1 #
color-adesk-attrib $-1 -1 $-1 $-1 $6719 256 #
straight-curve $-1 -1 $-1 0.3000000000000007661 -7.148915662650601632 0.5 0.5525198625498334293 0.8334997309465150828 0 I I #
point $-1 -1 $-1 0.4599942359067069608 -6.907557547548982768 0.5 #
coedge $-1 -1 $-1 $6724 $6723 $7009 $7010 forward $6725 $-1 #
edge $7011 -1 $-1 $7012 -7.149879518072292939 $6727 -7.148915662650601632 $6723 $352 forward @7 unknown #
face $7013 -1 $-1 $7002 $6725 $8 $-1 $354 reversed single #
point $-1 -1 $-1 0.3000000000000007661 -7.148915662650601632 0.5 #
coedge $-1 -1 $-1 $7009 $7014 $6729 $6873 forward $7015 $-1 #
edge $7016 -1 $-1 $6885 0 $6875 0.1600000000000000033 $6872 $7017 forward @7 unknown #
color-adesk-attrib $-1 -1 $-1 $-1 $6730 256 #
vertex $-1 -1 $-1 $6873 $7018 #
coedge $-1 -1 $-1 $7008 $6733 $7019 $7020 forward $264 $-1 #
coedge $-1 -1 $-1 $6740 $7019 $6736 $6878 reversed $6883 $-1 #
edge $7021 -1 $-1 $6743 -0.25 $6880 0.75 $6736 $7022 forward @7 unknown #
color-adesk-attrib $-1 -1 $-1 $-1 $6737 256 #
vertex $-1 -1 $-1 $7020 $7023 #
color-adesk-attrib $-1 -1 $-1 $-1 $6738 256 #
coedge $-1 -1 $-1 $7019 $6740 $7014 $7024 forward $6883 $-1 #
loop $-1 -1 $-1 $-1 $6740 $7025 #
color-adesk-attrib $-1 -1 $-1 $-1 $6741 256 #
vertex $-1 -1 $-1 $6873 $7026 #
straight-curve $-1 -1 $-1 0.3000000000000007661 -7.389879518072291376 -0.5 0.5525198625498334293 0.8334997309465150828 0 F 0 F 0.2895719172308956479 #
point $-1 -1 $-1 0.3000000000000007661 -7.389879518072291376 -0.5 #
coedge $-1 -1 $-1 $6750 $6745 $6744 $6889 reversed $6751 $-1 #
edge $7027 -1 $-1 $6895 0 $6748 0.1600000000000000033 $6888 $7028 forward @7 unknown #
color-adesk-attrib $-1 -1 $-1 $-1 $6746 256 #
straight-curve $-1 -1 $-1 0.2999999999999999889 -7.631807228915663543 -0.25 0 0 -1 I I #
point $-1 -1 $-1 0.3000000000000007105 -7.63180722891566532 0.5 #
face $7029 -1 $-1 $6497 $6751 $8 $-1 $7030 forward single #
color-adesk-attrib $-1 -1 $-1 $-1 $6756 256 #
vertex $-1 -1 $-1 $6760 $7031 #
straight-curve $-1 -1 $-1 0.3000000000000007105 -7.871807228915663757 0.5 0.5525198625498334293 0.8334997309465150828 0 I I #
color-adesk-attrib $-1 -1 $-1 $-1 $6760 256 #
straight-curve $-1 -1 $-1 0.4599942359067069053 -7.630449113814044892 -0.5 0 0 1 I I #
color-adesk-attrib $-1 -1 $-1 $-1 $6761 256 #
plane-surface $-1 -1 $-1 0.3000000000000007105 -7.871807228915663757 -0.5 0.8334997309465151938 -0.5525198625498335403 0 0.5525198625498335403 0.8334997309465151938 0 forward_v I I I I #
color-adesk-attrib $-1 -1 $-1 $-1 $6769 256 #
face $7032 -1 $-1 $7033 $7034 $8 $-1 $7035 forward single #
loop $-1 -1 $-1 $-1 $7036 $6769 #
plane-surface $-1 -1 $-1 0.4599942359067079045 8.27316534401727921 -0.5 -0.008488219385113101104 0.99996397441691387 0 -0.99996397441691387 -0.008488219385113101104 0 forward_v I I I I #
coedge $-1 -1 $-1 $7037 $7038 $7039 $7040 forward $6770 $-1 #
coedge $-1 -1 $-1 $7041 $6772 $6807 $6944 reversed $6639 $-1 #
coedge $-1 -1 $-1 $6772 $7041 $6773 $6911 reversed $6639 $-1 #
coedge $-1 -1 $-1 $6775 $6810 $6772 $6909 reversed $102 $-1 #
edge $7042 -1 $-1 $6917 0 $6950 0.1600000000000000033 $6772 $7043 forward @7 unknown #
coedge $-1 -1 $-1 $6774 $6773 $7044 $7045 reversed $6506 $-1 #
edge $7046 -1 $-1 $6917 0 $7047 1 $6907 $7048 forward @7 unknown #
coedge $-1 -1 $-1 $7049 $7050 $6774 $6913 forward $6803 $-1 #
edge $7051 -1 $-1 $6916 -0.25 $7052 0.75 $6912 $7053 forward @7 unknown #
coedge $-1 -1 $-1 $7054 $6775 $7050 $7055 forward $102 $-1 #
color-adesk-attrib $-1 -1 $-1 $-1 $6776 256 #
vertex $-1 -1 $-1 $7055 $7056 #
vertex $-1 -1 $-1 $6909 $7057 #
straight-curve $-1 -1 $-1 0.3000000000000017097 8.513734939759032727 -0.5 0.5525198625498334293 0.8334997309465150828 0 F 0 F 0.2895719172308956479 #
coedge $-1 -1 $-1 $6780 $7058 $6785 $6923 forward $264 $-1 #
color-adesk-attrib $-1 -1 $-1 $-1 $6781 256 #
straight-curve $-1 -1 $-1 0.3000000000000017653 8.995662650602408661 0.5 0.5525198625498334293 0.8334997309465150828 0 I I #
point $-1 -1 $-1 0.45999423590670796 9.237020765704027525 0.5 #
edge $7059 -1 $-1 $6942 8.994698795180722684 $6788 8.995662650602408661 $6785 $352 forward @7 unknown #
point $-1 -1 $-1 0.3000000000000017653 8.995662650602408661 0.5 #
coedge $-1 -1 $-1 $6810 $6790 $6812 $6952 reversed $102 $-1 #
coedge $-1 -1 $-1 $6805 $7060 $6790 $6927 forward $6940 $-1 #
edge $7061 -1 $-1 $7062 0 $6929 0.1600000000000000033 $6926 $7063 forward @7 unknown #
color-adesk-attrib $-1 -1 $-1 $-1 $6791 256 #
vertex $-1 -1 $-1 $6927 $7064 #
point $-1 -1 $-1 0.45999423590670796 9.477984621125713716 -0.5 #
color-adesk-attrib $-1 -1 $-1 $-1 $6802 256 #
face $7065 -1 $-1 $7066 $7067 $8 $-1 $354 reversed single #
loop $-1 -1 $-1 $-1 $7068 $6802 #
coedge $-1 -1 $-1 $7050 $7049 $7069 $7070 forward $6803 $-1 #
coedge $-1 -1 $-1 $7071 $6804 $7072 $7073 reversed $6669 $-1 #
coedge $-1 -1 $-1 $6804 $7071 $7074 $7075 reversed $6669 $-1 #
coedge $-1 -1 $-1 $7076 $7077 $6804 $6938 reversed $7078 $-1 #
edge $7079 -1 $-1 $7080 -0.25 $7081 0.75 $6804 $7082 forward @7 unknown #
coedge $-1 -1 $-1 $7060 $6805 $7058 $7083 reversed $6940 $-1 #
loop $-1 -1 $-1 $-1 $6926 $7084 #
color-adesk-attrib $-1 -1 $-1 $-1 $6806 256 #
vertex $-1 -1 $-1 $6923 $7085 #
straight-curve $-1 -1 $-1 0.2999999999999999889 8.994698795180722684 -0.25 0 0 -1 I I #
edge $7086 -1 $-1 $6948 -0.75 $6950 0.25 $6807 $7087 forward @7 unknown #
coedge $-1 -1 $-1 $7058 $6808 $6813 $6953 forward $264 $-1 #
coedge $-1 -1 $-1 $6808 $7044 $7041 $7088 forward $264 $-1 #
color-adesk-attrib $-1 -1 $-1 $-1 $6809 256 #
vertex $-1 -1 $-1 $6809 $7089 #
color-adesk-attrib $-1 -1 $-1 $-1 $6811 256 #
vertex $-1 -1 $-1 $6909 $7090 #
coedge $-1 -1 $-1 $6813 $6812 $7060 $7091 forward $6814 $-1 #
edge $7092 -1 $-1 $6816 0 $7062 0.2895719172308956479 $6812 $7093 forward @7 unknown #
edge $7094 -1 $-1 $6817 0 $7095 0.2895719172308956479 $6813 $7096 forward @7 unknown #
face $7097 -1 $-1 $7084 $6814 $8 $-1 $7098 forward single #
point $-1 -1 $-1 0.3000000000000017653 8.75469879518072247 -0.5 #
point $-1 -1 $-1 0.3000000000000017653 8.75469879518072247 0.5 #
color-adesk-attrib $-1 -1 $-1 $-1 $6819 256 #
straight-curve $-1 -1 $-1 0.45999423590670796 9.477984621125713716 0.5 -0.9999639744169136479 -0.008488219385113099369 0 I I #
color-adesk-attrib $-1 -1 $-1 $-1 $6820 256 #
plane-surface $-1 -1 $-1 0.45999423590670796 9.477984621125713716 -0.5 -0.008488219385113101104 0.99996397441691387 0 -0.99996397441691387 -0.008488219385113101104 0 forward_v I I I I #
color-adesk-attrib $-1 -1 $-1 $-1 $6824 256 #
straight-curve $-1 -1 $-1 0.45999423590670796 9.237020765704027525 0.5 -0.9999639744169136479 -0.008488219385113099369 0 I I #
color-adesk-attrib $-1 -1 $-1 $-1 $6827 256 #
straight-curve $-1 -1 $-1 0.45999423590670796 9.477984621125713716 -0.5 0 0 1 I I #
point $-1 -1 $-1 0.45999423590670796 9.477984621125713716 0.5 #
color-adesk-attrib $-1 -1 $-1 $-1 $6836 256 #
face $7099 -1 $-1 $7100 $7101 $8 $-1 $7102 forward single #
loop $-1 -1 $-1 $-1 $7103 $6836 #
plane-surface $-1 -1 $-1 0.3000000000000008771 -5.703132530120484489 -0.5 0.8334997309465151938 -0.5525198625498335403 0 0.5525198625498335403 0.8334997309465151938 0 forward_v I I I I #
coedge $-1 -1 $-1 $7104 $7105 $7106 $7107 forward $6837 $-1 #
coedge $-1 -1 $-1 $7108 $6839 $7105 $7109 forward $6704 $-1 #
coedge $-1 -1 $-1 $6839 $7108 $7110 $7111 reversed $6704 $-1 #
coedge $-1 -1 $-1 $7112 $7106 $6839 $6974 reversed $102 $-1 #
edge $7113 -1 $-1 $7114 0 $7115 0.2895719172308956479 $6839 $7116 forward @7 unknown #
coedge $-1 -1 $-1 $6841 $6840 $7117 $7118 reversed $6573 $-1 #
coedge $-1 -1 $-1 $7119 $7120 $6840 $6977 forward $7121 $-1 #
edge $7122 -1 $-1 $7123 -0.75 $6980 0.25 $6976 $7124 forward @7 unknown #
coedge $-1 -1 $-1 $6842 $7125 $7119 $7126 forward $102 $-1 #
color-adesk-attrib $-1 -1 $-1 $-1 $6843 256 #
vertex $-1 -1 $-1 $6843 $7127 #
straight-curve $-1 -1 $-1 0.4599942359067069608 -6.425629836705610387 -0.5 -0.9999639744169136479 -0.008488219385113099369 0 F 0 F 0.1600000000000000033 #
coedge $-1 -1 $-1 $7117 $7128 $6844 $6983 forward $264 $-1 #
edge $7129 -1 $-1 $6991 0 $6985 0.2895719172308956479 $6844 $7130 forward @7 unknown #
color-adesk-attrib $-1 -1 $-1 $-1 $6845 256 #
vertex $-1 -1 $-1 $6845 $7131 #
straight-curve $-1 -1 $-1 0.4599942359067069608 -6.425629836705610387 -0.5 0 0 1 I I #
coedge $-1 -1 $-1 $7132 $6846 $7128 $7133 reversed $6989 $-1 #
coedge $-1 -1 $-1 $6846 $7132 $6848 $6994 reversed $6989 $-1 #
loop $-1 -1 $-1 $-1 $6846 $7134 #
color-adesk-attrib $-1 -1 $-1 $-1 $6847 256 #
vertex $-1 -1 $-1 $6983 $7135 #
straight-curve $-1 -1 $-1 0.3000000000000000444 -6.666987951807231028 -0.25 0 0 1 I I #
coedge $-1 -1 $-1 $6861 $6848 $7136 $7137 reversed $102 $-1 #
edge $7138 -1 $-1 $6850 6.666987951807229251 $7139 6.667951807228920558 $6988 $277 forward @7 unknown #
point $-1 -1 $-1 0.3000000000000008216 -6.666987951807229251 -0.5 #
point $-1 -1 $-1 0.4599942359067069608 -6.425629836705610387 -0.5 #
coedge $-1 -1 $-1 $7140 $6853 $6856 $7001 forward $264 $-1 #
color-adesk-attrib $-1 -1 $-1 $-1 $6854 256 #
straight-curve $-1 -1 $-1 0.4599942359067069608 -6.907557547548982768 0.5 -0.9999639744169136479 -0.008488219385113099369 0 I I #
coedge $-1 -1 $-1 $6856 $6855 $7141 $7142 forward $6857 $-1 #
edge $7143 -1 $-1 $6859 -6.908915662650603196 $7144 -6.907951807228918994 $6856 $352 forward @7 unknown #
face $7145 -1 $-1 $6606 $6857 $8 $-1 $354 reversed single #
point $-1 -1 $-1 0.3000000000000007661 -6.908915662650603196 0.5 #
coedge $-1 -1 $-1 $7146 $7141 $6861 $7005 forward $7147 $-1 #
edge $7148 -1 $-1 $7007 0 $7149 0.2895719172308956479 $7004 $7150 forward @7 unknown #
color-adesk-attrib $-1 -1 $-1 $-1 $6862 256 #
vertex $-1 -1 $-1 $6862 $7151 #
coedge $-1 -1 $-1 $6864 $6876 $7152 $7153 forward $264 $-1 #
coedge $-1 -1 $-1 $7152 $6872 $6868 $7010 reversed $7015 $-1 #
edge $7154 -1 $-1 $7012 -0.75 $6875 0.25 $6868 $7155 forward @7 unknown #
color-adesk-attrib $-1 -1 $-1 $-1 $6869 256 #
vertex $-1 -1 $-1 $6869 $7156 #
color-adesk-attrib $-1 -1 $-1 $-1 $6870 256 #
coedge $-1 -1 $-1 $6872 $7152 $6882 $7024 reversed $7015 $-1 #
loop $-1 -1 $-1 $-1 $6872 $7157 #
color-adesk-attrib $-1 -1 $-1 $-1 $6873 256 #
straight-curve $-1 -1 $-1 0.4599942359067069608 -7.148521402970672511 -0.5 -0.9999639744169136479 -0.008488219385113099369 0 F 0 F 0.1600000000000000033 #
point $-1 -1 $-1 0.3000000000000007661 -7.149879518072292939 -0.5 #
coedge $-1 -1 $-1 $6877 $6882 $6876 $7020 reversed $6883 $-1 #
edge $7158 -1 $-1 $6880 0 $7159 0.2895719172308956479 $7019 $7160 forward @7 unknown #
color-adesk-attrib $-1 -1 $-1 $-1 $6878 256 #
straight-curve $-1 -1 $-1 0.2999999999999998224 -7.38987951807229404 -0.25 0 0 1 I I #
point $-1 -1 $-1 0.3000000000000007661 -7.389879518072291376 0.5 #
edge $7161 -1 $-1 $6885 0 $7159 1 $7014 $7162 forward @7 unknown #
face $7163 -1 $-1 $7157 $6883 $8 $-1 $7164 forward single #
point $-1 -1 $-1 0.4599942359067069608 -7.148521402970672511 -0.5 #
color-adesk-attrib $-1 -1 $-1 $-1 $6889 256 #
straight-curve $-1 -1 $-1 0.4599942359067069053 -7.630449113814044892 0.5 -0.9999639744169136479 -0.008488219385113099369 0 I I #
color-adesk-attrib $-1 -1 $-1 $-1 $6893 256 #
plane-surface $-1 -1 $-1 0.4599942359067069053 -7.630449113814044892 -0.5 -0.008488219385113101104 0.99996397441691387 0 -0.99996397441691387 -0.008488219385113101104 0 forward_v I I I I #
point $-1 -1 $-1 0.4599942359067069053 -7.630449113814044892 0.5 #
color-adesk-attrib $-1 -1 $-1 $-1 $6902 256 #
face $7165 -1 $-1 $7166 $7167 $8 $-1 $7168 forward single #
loop $-1 -1 $-1 $-1 $7169 $6902 #
plane-surface $-1 -1 $-1 0.3000000000000017097 7.549879518072287965 -0.5 0.8334997309465151938 -0.5525198625498335403 0 0.5525198625498335403 0.8334997309465151938 0 forward_v I I I I #
coedge $-1 -1 $-1 $7170 $7171 $7172 $7173 forward $6903 $-1 #
coedge $-1 -1 $-1 $7174 $6905 $7171 $7175 forward $6770 $-1 #
coedge $-1 -1 $-1 $6905 $7174 $7176 $7177 reversed $6770 $-1 #
coedge $-1 -1 $-1 $7178 $7172 $6905 $7040 reversed $102 $-1 #
edge $7179 -1 $-1 $7180 0 $7181 0.2895719172308956479 $6905 $7182 forward @7 unknown #
coedge $-1 -1 $-1 $6907 $6906 $6946 $7088 reversed $6639 $-1 #
color-adesk-attrib $-1 -1 $-1 $-1 $6909 256 #
straight-curve $-1 -1 $-1 0.4599942359067079045 8.755093054860651591 -0.5 -0.9999639744169136479 -0.008488219385113099369 0 F 0 F 0.1600000000000000033 #
coedge $-1 -1 $-1 $6946 $7183 $6910 $7045 forward $264 $-1 #
edge $7184 -1 $-1 $7052 0 $7047 0.2895719172308956479 $6910 $7185 forward @7 unknown #
color-adesk-attrib $-1 -1 $-1 $-1 $6911 256 #
vertex $-1 -1 $-1 $6911 $7186 #
straight-curve $-1 -1 $-1 0.4599942359067079045 8.755093054860651591 -0.5 0 0 1 I I #
coedge $-1 -1 $-1 $6934 $6912 $7183 $7187 reversed $6803 $-1 #
coedge $-1 -1 $-1 $6912 $6934 $6914 $7055 reversed $6803 $-1 #
color-adesk-attrib $-1 -1 $-1 $-1 $6913 256 #
vertex $-1 -1 $-1 $7045 $7188 #
straight-curve $-1 -1 $-1 0.3000000000000002665 8.513734939759030951 -0.25 0 0 1 I I #
coedge $-1 -1 $-1 $7189 $6914 $7190 $7191 reversed $102 $-1 #
edge $7192 -1 $-1 $6916 -8.513734939759032727 $7193 -8.51277108433734675 $7050 $277 forward @7 unknown #
point $-1 -1 $-1 0.3000000000000017097 8.513734939759032727 -0.5 #
point $-1 -1 $-1 0.4599942359067079045 8.755093054860651591 -0.5 #
coedge $-1 -1 $-1 $6919 $6945 $6939 $7083 forward $264 $-1 #
color-adesk-attrib $-1 -1 $-1 $-1 $6923 256 #
coedge $-1 -1 $-1 $6926 $6939 $6951 $7091 reversed $6940 $-1 #
color-adesk-attrib $-1 -1 $-1 $-1 $6927 256 #
vertex $-1 -1 $-1 $6927 $7194 #
straight-curve $-1 -1 $-1 0.45999423590670796 8.996056910282341335 -0.5 -0.9999639744169136479 -0.008488219385113099369 0 F 0 F 0.1600000000000000033 #
point $-1 -1 $-1 0.3000000000000017653 8.994698795180722684 -0.5 #
color-adesk-attrib $-1 -1 $-1 $-1 $6932 256 #
face $7195 -1 $-1 $7196 $7197 $8 $-1 $354 reversed single #
loop $-1 -1 $-1 $-1 $7198 $6932 #
coedge $-1 -1 $-1 $7199 $7200 $7201 $7202 forward $6933 $-1 #
coedge $-1 -1 $-1 $7203 $7190 $6934 $7070 reversed $7204 $-1 #
edge $7205 -1 $-1 $7206 -0.75 $7193 0.25 $6934 $7207 forward @7 unknown #
coedge $-1 -1 $-1 $6936 $6935 $7170 $7208 forward $6669 $-1 #
coedge $-1 -1 $-1 $7209 $7210 $6935 $7073 forward $264 $-1 #
edge $7211 -1 $-1 $7212 8.271807228915660559 $7081 8.272771084337346537 $6935 $352 forward @7 unknown #
coedge $-1 -1 $-1 $7172 $7189 $6936 $7075 forward $102 $-1 #
edge $7213 -1 $-1 $7080 -8.272771084337346537 $7214 -8.271807228915660559 $6936 $277 forward @7 unknown #
coedge $-1 -1 $-1 $7215 $6937 $7189 $7216 forward $7078 $-1 #
coedge $-1 -1 $-1 $6937 $7215 $7209 $7217 reversed $7078 $-1 #
loop $-1 -1 $-1 $-1 $7076 $7218 #
color-adesk-attrib $-1 -1 $-1 $-1 $6938 256 #
vertex $-1 -1 $-1 $7075 $7219 #
vertex $-1 -1 $-1 $7217 $7220 #
straight-curve $-1 -1 $-1 0.3000000000000002665 8.27277108433734476 -0.25 0 0 1 I I #
edge $7221 -1 $-1 $7095 0 $6942 0.1600000000000000033 $6939 $7222 forward @7 unknown #
face $7223 -1 $-1 $6690 $6940 $8 $-1 $7224 forward single #
point $-1 -1 $-1 0.3000000000000017653 8.994698795180722684 0.5 #
color-adesk-attrib $-1 -1 $-1 $-1 $6944 256 #
straight-curve $-1 -1 $-1 0.2999999999999999889 8.753734939759034717 -0.25 0 0 -1 I I #
edge $7225 -1 $-1 $7047 0 $6948 0.1600000000000000033 $7041 $7226 forward @7 unknown #
point $-1 -1 $-1 0.3000000000000017097 8.75373493975903294 0.5 #
point $-1 -1 $-1 0.3000000000000017097 8.75373493975903294 -0.5 #
edge $7227 -1 $-1 $7062 0 $7095 1 $7060 $7228 forward @7 unknown #
color-adesk-attrib $-1 -1 $-1 $-1 $6952 256 #
straight-curve $-1 -1 $-1 0.3000000000000017653 8.75469879518072247 -0.5 0.5525198625498334293 0.8334997309465150828 0 F 0 F 0.2895719172308956479 #
color-adesk-attrib $-1 -1 $-1 $-1 $6953 256 #
vertex $-1 -1 $-1 $7091 $7229 #
straight-curve $-1 -1 $-1 0.3000000000000017653 8.75469879518072247 0.5 0.5525198625498334293 0.8334997309465150828 0 I I #
color-adesk-attrib $-1 -1 $-1 $-1 $6954 256 #
plane-surface $-1 -1 $-1 0.3000000000000017653 8.75469879518072247 -0.5 0.8334997309465151938 -0.5525198625498335403 0 0.5525198625498335403 0.8334997309465151938 0 forward_v I I I I #
color-adesk-attrib $-1 -1 $-1 $-1 $6967 256 #
face $7230 -1 $-1 $7231 $7232 $8 $-1 $7233 forward single #
loop $-1 -1 $-1 $-1 $7234 $6967 #
plane-surface $-1 -1 $-1 0.4599942359067070718 -5.461774415018865625 -0.5 -0.008488219385113101104 0.99996397441691387 0 -0.99996397441691387 -0.008488219385113101104 0 forward_v I I I I #
coedge $-1 -1 $-1 $7235 $7236 $7237 $7238 forward $6968 $-1 #
coedge $-1 -1 $-1 $7239 $6970 $7240 $7241 reversed $6837 $-1 #
coedge $-1 -1 $-1 $6970 $7239 $6971 $7109 reversed $6837 $-1 #
coedge $-1 -1 $-1 $6973 $7242 $6970 $7107 reversed $102 $-1 #
edge $7243 -1 $-1 $7115 0 $7244 0.1600000000000000033 $6970 $7245 forward @7 unknown #
coedge $-1 -1 $-1 $6972 $6971 $7246 $7247 reversed $6704 $-1 #
edge $7248 -1 $-1 $7115 0 $7249 1 $7105 $7250 forward @7 unknown #
coedge $-1 -1 $-1 $7251 $7252 $6972 $7111 forward $7253 $-1 #
edge $7254 -1 $-1 $7114 -0.25 $7255 0.75 $7110 $7256 forward @7 unknown #
coedge $-1 -1 $-1 $7257 $6973 $7252 $7258 forward $102 $-1 #
color-adesk-attrib $-1 -1 $-1 $-1 $6974 256 #
vertex $-1 -1 $-1 $7258 $7259 #
vertex $-1 -1 $-1 $7107 $7260 #
straight-curve $-1 -1 $-1 0.3000000000000008216 -6.18506024096385687 -0.5 0.5525198625498334293 0.8334997309465150828 0 F 0 F 0.2895719172308956479 #
coedge $-1 -1 $-1 $7261 $6982 $6975 $7118 forward $264 $-1 #
edge $7262 -1 $-1 $6985 0 $7123 0.1600000000000000033 $6975 $7263 forward @7 unknown #
coedge $-1 -1 $-1 $7264 $6976 $6978 $7126 reversed $7121 $-1 #
coedge $-1 -1 $-1 $6976 $7264 $7261 $7265 reversed $7121 $-1 #
loop $-1 -1 $-1 $-1 $6976 $7266 #
color-adesk-attrib $-1 -1 $-1 $-1 $6977 256 #
vertex $-1 -1 $-1 $7265 $7267 #
straight-curve $-1 -1 $-1 0.2999999999999999889 -6.426987951807229926 -0.25 0 0 -1 I I #
coedge $-1 -1 $-1 $6978 $7257 $7268 $7269 reversed $102 $-1 #
edge $7270 -1 $-1 $7271 6.426024096385543061 $6980 6.426987951807230814 $7119 $277 forward @7 unknown #
point $-1 -1 $-1 0.3000000000000008216 -6.426987951807230814 -0.5 #
coedge $-1 -1 $-1 $6982 $7272 $6987 $7133 forward $264 $-1 #
color-adesk-attrib $-1 -1 $-1 $-1 $6983 256 #
straight-curve $-1 -1 $-1 0.3000000000000008216 -6.666987951807229251 0.5 0.5525198625498334293 0.8334997309465150828 0 I I #
point $-1 -1 $-1 0.4599942359067069608 -6.425629836705610387 0.5 #
coedge $-1 -1 $-1 $6988 $6987 $7273 $7274 forward $6989 $-1 #
edge $7275 -1 $-1 $7276 -6.667951807228920558 $6991 -6.666987951807229251 $6987 $352 forward @7 unknown #
face $7277 -1 $-1 $7266 $6989 $8 $-1 $354 reversed single #
point $-1 -1 $-1 0.3000000000000008216 -6.666987951807229251 0.5 #
coedge $-1 -1 $-1 $7273 $7278 $6993 $7137 forward $7279 $-1 #
edge $7280 -1 $-1 $7149 0 $7139 0.1600000000000000033 $7136 $7281 forward @7 unknown #
color-adesk-attrib $-1 -1 $-1 $-1 $6994 256 #
vertex $-1 -1 $-1 $7137 $7282 #
coedge $-1 -1 $-1 $7272 $6997 $7283 $7284 forward $264 $-1 #
coedge $-1 -1 $-1 $7004 $7283 $7000 $7142 reversed $7147 $-1 #
edge $7285 -1 $-1 $7007 -0.25 $7144 0.75 $7000 $7286 forward @7 unknown #
color-adesk-attrib $-1 -1 $-1 $-1 $7001 256 #
vertex $-1 -1 $-1 $7284 $7287 #
color-adesk-attrib $-1 -1 $-1 $-1 $7002 256 #
coedge $-1 -1 $-1 $7283 $7004 $7278 $7288 forward $7147 $-1 #
loop $-1 -1 $-1 $-1 $7004 $7289 #
color-adesk-attrib $-1 -1 $-1 $-1 $7005 256 #
vertex $-1 -1 $-1 $7137 $7290 #
straight-curve $-1 -1 $-1 0.3000000000000008216 -6.907951807228918994 -0.5 0.5525198625498334293 0.8334997309465150828 0 F 0 F 0.2895719172308956479 #
point $-1 -1 $-1 0.3000000000000008216 -6.907951807228918994 -0.5 #
coedge $-1 -1 $-1 $7014 $7009 $7008 $7153 reversed $7015 $-1 #
edge $7291 -1 $-1 $7159 0 $7012 0.1600000000000000033 $7152 $7292 forward @7 unknown #
color-adesk-attrib $-1 -1 $-1 $-1 $7010 256 #
straight-curve $-1 -1 $-1 0.2999999999999999889 -7.149879518072291162 -0.25 0 0 -1 I I #
point $-1 -1 $-1 0.3000000000000007661 -7.149879518072292939 0.5 #
face $7293 -1 $-1 $6761 $7015 $8 $-1 $7294 forward single #
color-adesk-attrib $-1 -1 $-1 $-1 $7020 256 #
vertex $-1 -1 $-1 $7024 $7295 #
straight-curve $-1 -1 $-1 0.3000000000000007661 -7.389879518072291376 0.5 0.5525198625498334293 0.8334997309465150828 0 I I #
color-adesk-attrib $-1 -1 $-1 $-1 $7024 256 #
straight-curve $-1 -1 $-1 0.4599942359067069608 -7.148521402970672511 -0.5 0 0 1 I I #
color-adesk-attrib $-1 -1 $-1 $-1 $7025 256 #
plane-surface $-1 -1 $-1 0.3000000000000007661 -7.389879518072291376 -0.5 0.8334997309465151938 -0.5525198625498335403 0 0.5525198625498335403 0.8334997309465151938 0 forward_v I I I I #
color-adesk-attrib $-1 -1 $-1 $-1 $7033 256 #
face $7296 -1 $-1 $7297 $7298 $8 $-1 $7299 forward single #
loop $-1 -1 $-1 $-1 $7300 $7033 #
plane-surface $-1 -1 $-1 0.459994235906707849 7.791237633173906829 -0.5 -0.008488219385113101104 0.99996397441691387 0 -0.99996397441691387 -0.008488219385113101104 0 forward_v I I I I #
coedge $-1 -1 $-1 $7301 $7302 $7303 $7304 forward $7034 $-1 #
coedge $-1 -1 $-1 $7305 $7036 $7071 $7208 reversed $6903 $-1 #
coedge $-1 -1 $-1 $7036 $7305 $7037 $7175 reversed $6903 $-1 #
coedge $-1 -1 $-1 $7039 $7074 $7036 $7173 reversed $102 $-1 #
edge $7306 -1 $-1 $7181 0 $7214 0.1600000000000000033 $7036 $7307 forward @7 unknown #
coedge $-1 -1 $-1 $7038 $7037 $7308 $7309 reversed $6770 $-1 #
edge $7310 -1 $-1 $7181 0 $7311 1 $7171 $7312 forward @7 unknown #
coedge $-1 -1 $-1 $7313 $7314 $7038 $7177 forward $7067 $-1 #
edge $7315 -1 $-1 $7180 -0.25 $7316 0.75 $7176 $7317 forward @7 unknown #
coedge $-1 -1 $-1 $7318 $7039 $7314 $7319 forward $102 $-1 #
color-adesk-attrib $-1 -1 $-1 $-1 $7040 256 #
vertex $-1 -1 $-1 $7319 $7320 #
vertex $-1 -1 $-1 $7173 $7321 #
straight-curve $-1 -1 $-1 0.3000000000000017097 8.031807228915660346 -0.5 0.5525198625498334293 0.8334997309465150828 0 F 0 F 0.2895719172308956479 #
coedge $-1 -1 $-1 $7044 $7322 $7049 $7187 forward $264 $-1 #
color-adesk-attrib $-1 -1 $-1 $-1 $7045 256 #
straight-curve $-1 -1 $-1 0.3000000000000017097 8.513734939759032727 0.5 0.5525198625498334293 0.8334997309465150828 0 I I #
point $-1 -1 $-1 0.4599942359067079045 8.755093054860651591 0.5 #
edge $7323 -1 $-1 $7206 8.51277108433734675 $7052 8.513734939759032727 $7049 $352 forward @7 unknown #
point $-1 -1 $-1 0.3000000000000017097 8.513734939759032727 0.5 #
coedge $-1 -1 $-1 $7074 $7054 $7076 $7216 reversed $102 $-1 #
coedge $-1 -1 $-1 $7069 $7324 $7054 $7191 forward $7204 $-1 #
edge $7325 -1 $-1 $7326 0 $7193 0.1600000000000000033 $7190 $7327 forward @7 unknown #
color-adesk-attrib $-1 -1 $-1 $-1 $7055 256 #
vertex $-1 -1 $-1 $7191 $7328 #
point $-1 -1 $-1 0.45999423590670796 8.996056910282341335 -0.5 #
color-adesk-attrib $-1 -1 $-1 $-1 $7066 256 #
face $7329 -1 $-1 $7330 $7331 $8 $-1 $354 reversed single #
loop $-1 -1 $-1 $-1 $7332 $7066 #
coedge $-1 -1 $-1 $7314 $7313 $7333 $7334 forward $7067 $-1 #
coedge $-1 -1 $-1 $7335 $7068 $7336 $7337 reversed $6933 $-1 #
coedge $-1 -1 $-1 $7068 $7335 $7338 $7339 reversed $6933 $-1 #
coedge $-1 -1 $-1 $7340 $7341 $7068 $7202 reversed $7342 $-1 #
edge $7343 -1 $-1 $7344 -0.25 $7345 0.75 $7068 $7346 forward @7 unknown #
coedge $-1 -1 $-1 $7324 $7069 $7322 $7347 reversed $7204 $-1 #
loop $-1 -1 $-1 $-1 $7190 $7348 #
color-adesk-attrib $-1 -1 $-1 $-1 $7070 256 #
vertex $-1 -1 $-1 $7187 $7349 #
straight-curve $-1 -1 $-1 0.2999999999999999889 8.512771084337348526 -0.25 0 0 -1 I I #
edge $7350 -1 $-1 $7212 -0.75 $7214 0.25 $7071 $7351 forward @7 unknown #
coedge $-1 -1 $-1 $7322 $7072 $7077 $7217 forward $264 $-1 #
coedge $-1 -1 $-1 $7072 $7308 $7305 $7352 forward $264 $-1 #
color-adesk-attrib $-1 -1 $-1 $-1 $7073 256 #
vertex $-1 -1 $-1 $7073 $7353 #
color-adesk-attrib $-1 -1 $-1 $-1 $7075 256 #
vertex $-1 -1 $-1 $7173 $7354 #
coedge $-1 -1 $-1 $7077 $7076 $7324 $7355 forward $7078 $-1 #
edge $7356 -1 $-1 $7080 0 $7326 0.2895719172308956479 $7076 $7357 forward @7 unknown #
edge $7358 -1 $-1 $7081 0 $7359 0.2895719172308956479 $7077 $7360 forward @7 unknown #
face $7361 -1 $-1 $7348 $7078 $8 $-1 $7362 forward single #
point $-1 -1 $-1 0.3000000000000017097 8.272771084337346537 -0.5 #
point $-1 -1 $-1 0.3000000000000017097 8.272771084337346537 0.5 #
color-adesk-attrib $-1 -1 $-1 $-1 $7083 256 #
straight-curve $-1 -1 $-1 0.45999423590670796 8.996056910282341335 0.5 -0.9999639744169136479 -0.008488219385113099369 0 I I #
color-adesk-attrib $-1 -1 $-1 $-1 $7084 256 #
plane-surface $-1 -1 $-1 0.45999423590670796 8.996056910282341335 -0.5 -0.008488219385113101104 0.99996397441691387 0 -0.99996397441691387 -0.008488219385113101104 0 forward_v I I I I #
color-adesk-attrib $-1 -1 $-1 $-1 $7088 256 #
straight-curve $-1 -1 $-1 0.4599942359067079045 8.755093054860651591 0.5 -0.9999639744169136479 -0.008488219385113099369 0 I I #
color-adesk-attrib $-1 -1 $-1 $-1 $7091 256 #
straight-curve $-1 -1 $-1 0.45999423590670796 8.996056910282341335 -0.5 0 0 1 I I #
point $-1 -1 $-1 0.45999423590670796 8.996056910282341335 0.5 #
color-adesk-attrib $-1 -1 $-1 $-1 $7100 256 #
face $7363 -1 $-1 $7364 $7365 $8 $-1 $7366 forward single #
loop $-1 -1 $-1 $-1 $7367 $7100 #
plane-surface $-1 -1 $-1 0.3000000000000009326 -5.221204819277112108 -0.5 0.8334997309465151938 -0.5525198625498335403 0 0.5525198625498335403 0.8334997309465151938 0 forward_v I I I I #
coedge $-1 -1 $-1 $7368 $7369 $7370 $7371 forward $7101 $-1 #
coedge $-1 -1 $-1 $7372 $7103 $7369 $7373 forward $6968 $-1 #
coedge $-1 -1 $-1 $7103 $7372 $7374 $7375 reversed $6968 $-1 #
coedge $-1 -1 $-1 $7376 $7370 $7103 $7238 reversed $102 $-1 #
edge $7377 -1 $-1 $7378 0 $7379 0.2895719172308956479 $7103 $7380 forward @7 unknown #
coedge $-1 -1 $-1 $7105 $7104 $7381 $7382 reversed $6837 $-1 #
coedge $-1 -1 $-1 $7383 $7384 $7104 $7241 forward $7385 $-1 #
edge $7386 -1 $-1 $7387 -0.75 $7244 0.25 $7240 $7388 forward @7 unknown #
coedge $-1 -1 $-1 $7106 $7389 $7383 $7390 forward $102 $-1 #
color-adesk-attrib $-1 -1 $-1 $-1 $7107 256 #
vertex $-1 -1 $-1 $7107 $7391 #
straight-curve $-1 -1 $-1 0.4599942359067070163 -5.943702125862238006 -0.5 -0.9999639744169136479 -0.008488219385113099369 0 F 0 F 0.1600000000000000033 #
coedge $-1 -1 $-1 $7381 $7392 $7108 $7247 forward $264 $-1 #
edge $7393 -1 $-1 $7255 0 $7249 0.2895719172308956479 $7108 $7394 forward @7 unknown #
color-adesk-attrib $-1 -1 $-1 $-1 $7109 256 #
vertex $-1 -1 $-1 $7109 $7395 #
straight-curve $-1 -1 $-1 0.4599942359067070163 -5.943702125862238006 -0.5 0 0 1 I I #
coedge $-1 -1 $-1 $7396 $7110 $7392 $7397 reversed $7253 $-1 #
coedge $-1 -1 $-1 $7110 $7396 $7112 $7258 reversed $7253 $-1 #
loop $-1 -1 $-1 $-1 $7110 $7398 #
color-adesk-attrib $-1 -1 $-1 $-1 $7111 256 #
vertex $-1 -1 $-1 $7247 $7399 #
straight-curve $-1 -1 $-1 0.2999999999999998224 -6.185060240963858647 -0.25 0 0 1 I I #
coedge $-1 -1 $-1 $7125 $7112 $7400 $7401 reversed $102 $-1 #
edge $7402 -1 $-1 $7114 6.18506024096385687 $7403 6.186024096385544624 $7252 $277 forward @7 unknown #
point $-1 -1 $-1 0.3000000000000008216 -6.18506024096385687 -0.5 #
point $-1 -1 $-1 0.4599942359067070163 -5.943702125862238006 -0.5 #
coedge $-1 -1 $-1 $7404 $7117 $7120 $7265 forward $264 $-1 #
color-adesk-attrib $-1 -1 $-1 $-1 $7118 256 #
straight-curve $-1 -1 $-1 0.4599942359067069608 -6.425629836705610387 0.5 -0.9999639744169136479 -0.008488219385113099369 0 I I #
coedge $-1 -1 $-1 $7120 $7119 $7405 $7406 forward $7121 $-1 #
edge $7407 -1 $-1 $7123 -6.426987951807230814 $7408 -6.426024096385543061 $7120 $352 forward @7 unknown #
face $7409 -1 $-1 $6870 $7121 $8 $-1 $354 reversed single #
point $-1 -1 $-1 0.3000000000000008216 -6.426987951807230814 0.5 #
coedge $-1 -1 $-1 $7410 $7405 $7125 $7269 forward $7411 $-1 #
edge $7412 -1 $-1 $7271 0 $7413 0.2895719172308956479 $7268 $7414 forward @7 unknown #
color-adesk-attrib $-1 -1 $-1 $-1 $7126 256 #
vertex $-1 -1 $-1 $7126 $7415 #
coedge $-1 -1 $-1 $7128 $7140 $7416 $7417 forward $264 $-1 #
coedge $-1 -1 $-1 $7416 $7136 $7132 $7274 reversed $7279 $-1 #
edge $7418 -1 $-1 $7276 -0.75 $7139 0.25 $7132 $7419 forward @7 unknown #
color-adesk-attrib $-1 -1 $-1 $-1 $7133 256 #
vertex $-1 -1 $-1 $7133 $7420 #
color-adesk-attrib $-1 -1 $-1 $-1 $7134 256 #
coedge $-1 -1 $-1 $7136 $7416 $7146 $7288 reversed $7279 $-1 #
loop $-1 -1 $-1 $-1 $7136 $7421 #
color-adesk-attrib $-1 -1 $-1 $-1 $7137 256 #
straight-curve $-1 -1 $-1 0.4599942359067069608 -6.66659369212730013 -0.5 -0.9999639744169136479 -0.008488219385113099369 0 F 0 F 0.1600000000000000033 #
point $-1 -1 $-1 0.3000000000000007661 -6.667951807228920558 -0.5 #
coedge $-1 -1 $-1 $7141 $7146 $7140 $7284 reversed $7147 $-1 #
edge $7422 -1 $-1 $7144 0 $7423 0.2895719172308956479 $7283 $7424 forward @7 unknown #
color-adesk-attrib $-1 -1 $-1 $-1 $7142 256 #
straight-curve $-1 -1 $-1 0.3000000000000000444 -6.907951807228920771 -0.25 0 0 1 I I #
point $-1 -1 $-1 0.3000000000000007661 -6.907951807228918994 0.5 #
edge $7425 -1 $-1 $7149 0 $7423 1 $7278 $7426 forward @7 unknown #
face $7427 -1 $-1 $7421 $7147 $8 $-1 $7428 forward single #
point $-1 -1 $-1 0.4599942359067069608 -6.66659369212730013 -0.5 #
color-adesk-attrib $-1 -1 $-1 $-1 $7153 256 #
straight-curve $-1 -1 $-1 0.4599942359067069608 -7.148521402970672511 0.5 -0.9999639744169136479 -0.008488219385113099369 0 I I #
color-adesk-attrib $-1 -1 $-1 $-1 $7157 256 #
plane-surface $-1 -1 $-1 0.4599942359067069608 -7.148521402970672511 -0.5 -0.008488219385113101104 0.99996397441691387 0 -0.99996397441691387 -0.008488219385113101104 0 forward_v I I I I #
point $-1 -1 $-1 0.4599942359067069608 -7.148521402970672511 0.5 #
color-adesk-attrib $-1 -1 $-1 $-1 $7166 256 #
face $7429 -1 $-1 $7430 $7431 $8 $-1 $7432 forward single #
loop $-1 -1 $-1 $-1 $7433 $7166 #
plane-surface $-1 -1 $-1 0.3000000000000016542 7.067951807228915584 -0.5 0.8334997309465151938 -0.5525198625498335403 0 0.5525198625498335403 0.8334997309465151938 0 forward_v I I I I #
coedge $-1 -1 $-1 $7434 $7435 $7436 $7437 forward $7167 $-1 #
coedge $-1 -1 $-1 $7438 $7169 $7435 $7439 forward $7034 $-1 #
coedge $-1 -1 $-1 $7169 $7438 $7440 $7441 reversed $7034 $-1 #
coedge $-1 -1 $-1 $7442 $7436 $7169 $7304 reversed $102 $-1 #
edge $7443 -1 $-1 $7444 0 $7445 0.2895719172308956479 $7169 $7446 forward @7 unknown #
coedge $-1 -1 $-1 $7171 $7170 $7210 $7352 reversed $6903 $-1 #
color-adesk-attrib $-1 -1 $-1 $-1 $7173 256 #
straight-curve $-1 -1 $-1 0.4599942359067079045 8.27316534401727921 -0.5 -0.9999639744169136479 -0.008488219385113099369 0 F 0 F 0.1600000000000000033 #
coedge $-1 -1 $-1 $7210 $7447 $7174 $7309 forward $264 $-1 #
edge $7448 -1 $-1 $7316 0 $7311 0.2895719172308956479 $7174 $7449 forward @7 unknown #
color-adesk-attrib $-1 -1 $-1 $-1 $7175 256 #
vertex $-1 -1 $-1 $7175 $7450 #
straight-curve $-1 -1 $-1 0.4599942359067079045 8.27316534401727921 -0.5 0 0 1 I I #
coedge $-1 -1 $-1 $7198 $7176 $7447 $7451 reversed $7067 $-1 #
coedge $-1 -1 $-1 $7176 $7198 $7178 $7319 reversed $7067 $-1 #
color-adesk-attrib $-1 -1 $-1 $-1 $7177 256 #
vertex $-1 -1 $-1 $7309 $7452 #
straight-curve $-1 -1 $-1 0.3000000000000004885 8.03180722891565857 -0.25 0 0 1 I I #
coedge $-1 -1 $-1 $7453 $7178 $7454 $7455 reversed $102 $-1 #
edge $7456 -1 $-1 $7180 -8.031807228915660346 $7457 -8.030843373493974369 $7314 $277 forward @7 unknown #
point $-1 -1 $-1 0.3000000000000017097 8.031807228915660346 -0.5 #
point $-1 -1 $-1 0.4599942359067079045 8.27316534401727921 -0.5 #
coedge $-1 -1 $-1 $7183 $7209 $7203 $7347 forward $264 $-1 #
color-adesk-attrib $-1 -1 $-1 $-1 $7187 256 #
coedge $-1 -1 $-1 $7190 $7203 $7215 $7355 reversed $7204 $-1 #
color-adesk-attrib $-1 -1 $-1 $-1 $7191 256 #
vertex $-1 -1 $-1 $7191 $7458 #
straight-curve $-1 -1 $-1 0.4599942359067079045 8.514129199438965401 -0.5 -0.9999639744169136479 -0.008488219385113099369 0 F 0 F 0.1600000000000000033 #
point $-1 -1 $-1 0.3000000000000017097 8.51277108433734675 -0.5 #
color-adesk-attrib $-1 -1 $-1 $-1 $7196 256 #
face $7459 -1 $-1 $7460 $7461 $8 $-1 $354 reversed single #
loop $-1 -1 $-1 $-1 $7462 $7196 #
coedge $-1 -1 $-1 $7463 $7464 $7465 $7466 forward $7197 $-1 #
coedge $-1 -1 $-1 $7467 $7454 $7198 $7334 reversed $7468 $-1 #
edge $7469 -1 $-1 $7470 -0.75 $7457 0.25 $7198 $7471 forward @7 unknown #
coedge $-1 -1 $-1 $7200 $7199 $7434 $7472 forward $6933 $-1 #
coedge $-1 -1 $-1 $7473 $7474 $7199 $7337 forward $264 $-1 #
edge $7475 -1 $-1 $7476 7.789879518072288178 $7345 7.790843373493974156 $7199 $352 forward @7 unknown #
coedge $-1 -1 $-1 $7436 $7453 $7200 $7339 forward $102 $-1 #
edge $7477 -1 $-1 $7344 -7.790843373493974156 $7478 -7.789879518072288178 $7200 $277 forward @7 unknown #
coedge $-1 -1 $-1 $7479 $7201 $7453 $7480 forward $7342 $-1 #
coedge $-1 -1 $-1 $7201 $7479 $7473 $7481 reversed $7342 $-1 #
loop $-1 -1 $-1 $-1 $7340 $7482 #
color-adesk-attrib $-1 -1 $-1 $-1 $7202 256 #
vertex $-1 -1 $-1 $7339 $7483 #
vertex $-1 -1 $-1 $7481 $7484 #
straight-curve $-1 -1 $-1 0.3000000000000002665 7.790843373493973267 -0.25 0 0 1 I I #
edge $7485 -1 $-1 $7359 0 $7206 0.1600000000000000033 $7203 $7486 forward @7 unknown #
face $7487 -1 $-1 $6954 $7204 $8 $-1 $7488 forward single #
point $-1 -1 $-1 0.3000000000000017097 8.51277108433734675 0.5 #
color-adesk-attrib $-1 -1 $-1 $-1 $7208 256 #
straight-curve $-1 -1 $-1 0.2999999999999999889 8.271807228915662336 -0.25 0 0 -1 I I #
edge $7489 -1 $-1 $7311 0 $7212 0.1600000000000000033 $7305 $7490 forward @7 unknown #
point $-1 -1 $-1 0.3000000000000017097 8.271807228915660559 0.5 #
point $-1 -1 $-1 0.3000000000000017097 8.271807228915660559 -0.5 #
edge $7491 -1 $-1 $7326 0 $7359 1 $7324 $7492 forward @7 unknown #
color-adesk-attrib $-1 -1 $-1 $-1 $7216 256 #
straight-curve $-1 -1 $-1 0.3000000000000017097 8.272771084337346537 -0.5 0.5525198625498334293 0.8334997309465150828 0 F 0 F 0.2895719172308956479 #
color-adesk-attrib $-1 -1 $-1 $-1 $7217 256 #
vertex $-1 -1 $-1 $7355 $7493 #
straight-curve $-1 -1 $-1 0.3000000000000017097 8.272771084337346537 0.5 0.5525198625498334293 0.8334997309465150828 0 I I #
color-adesk-attrib $-1 -1 $-1 $-1 $7218 256 #
plane-surface $-1 -1 $-1 0.3000000000000017097 8.272771084337346537 -0.5 0.8334997309465151938 -0.5525198625498335403 0 0.5525198625498335403 0.8334997309465151938 0 forward_v I I I I #
color-adesk-attrib $-1 -1 $-1 $-1 $7231 256 #
face $7494 -1 $-1 $7495 $7496 $8 $-1 $7497 forward single #
loop $-1 -1 $-1 $-1 $7498 $7231 #
plane-surface $-1 -1 $-1 0.4599942359067070718 -4.979846704175493244 -0.5 -0.008488219385113101104 0.99996397441691387 0 -0.99996397441691387 -0.008488219385113101104 0 forward_v I I I I #
coedge $-1 -1 $-1 $7499 $7500 $7501 $7502 forward $7232 $-1 #
coedge $-1 -1 $-1 $7503 $7234 $7504 $7505 reversed $7101 $-1 #
coedge $-1 -1 $-1 $7234 $7503 $7235 $7373 reversed $7101 $-1 #
coedge $-1 -1 $-1 $7237 $7506 $7234 $7371 reversed $102 $-1 #
edge $7507 -1 $-1 $7379 0 $7508 0.1600000000000000033 $7234 $7509 forward @7 unknown #
coedge $-1 -1 $-1 $7236 $7235 $7510 $7511 reversed $6968 $-1 #
edge $7512 -1 $-1 $7379 0 $7513 1 $7369 $7514 forward @7 unknown #
coedge $-1 -1 $-1 $7515 $7516 $7236 $7375 forward $7517 $-1 #
edge $7518 -1 $-1 $7378 -0.25 $7519 0.75 $7374 $7520 forward @7 unknown #
coedge $-1 -1 $-1 $7521 $7237 $7516 $7522 forward $102 $-1 #
color-adesk-attrib $-1 -1 $-1 $-1 $7238 256 #
vertex $-1 -1 $-1 $7522 $7523 #
vertex $-1 -1 $-1 $7371 $7524 #
straight-curve $-1 -1 $-1 0.3000000000000008771 -5.703132530120484489 -0.5 0.5525198625498334293 0.8334997309465150828 0 F 0 F 0.2895719172308956479 #
coedge $-1 -1 $-1 $7525 $7246 $7239 $7382 forward $264 $-1 #
edge $7526 -1 $-1 $7249 0 $7387 0.1600000000000000033 $7239 $7527 forward @7 unknown #
coedge $-1 -1 $-1 $7528 $7240 $7242 $7390 reversed $7385 $-1 #
coedge $-1 -1 $-1 $7240 $7528 $7525 $7529 reversed $7385 $-1 #
loop $-1 -1 $-1 $-1 $7240 $7530 #
color-adesk-attrib $-1 -1 $-1 $-1 $7241 256 #
vertex $-1 -1 $-1 $7529 $7531 #
straight-curve $-1 -1 $-1 0.2999999999999999889 -5.945060240963856657 -0.25 0 0 -1 I I #
coedge $-1 -1 $-1 $7242 $7521 $7532 $7533 reversed $102 $-1 #
edge $7534 -1 $-1 $7535 5.94409638554217068 $7244 5.945060240963858433 $7383 $277 forward @7 unknown #
point $-1 -1 $-1 0.3000000000000008216 -5.945060240963858433 -0.5 #
coedge $-1 -1 $-1 $7246 $7536 $7251 $7397 forward $264 $-1 #
color-adesk-attrib $-1 -1 $-1 $-1 $7247 256 #
straight-curve $-1 -1 $-1 0.3000000000000008216 -6.18506024096385687 0.5 0.5525198625498334293 0.8334997309465150828 0 I I #
point $-1 -1 $-1 0.4599942359067070163 -5.943702125862238006 0.5 #
coedge $-1 -1 $-1 $7252 $7251 $7537 $7538 forward $7253 $-1 #
edge $7539 -1 $-1 $7540 -6.186024096385544624 $7255 -6.18506024096385687 $7251 $352 forward @7 unknown #
face $7541 -1 $-1 $7530 $7253 $8 $-1 $354 reversed single #
point $-1 -1 $-1 0.3000000000000008216 -6.18506024096385687 0.5 #
coedge $-1 -1 $-1 $7537 $7542 $7257 $7401 forward $7543 $-1 #
edge $7544 -1 $-1 $7413 0 $7403 0.1600000000000000033 $7400 $7545 forward @7 unknown #
color-adesk-attrib $-1 -1 $-1 $-1 $7258 256 #
vertex $-1 -1 $-1 $7401 $7546 #
coedge $-1 -1 $-1 $7536 $7261 $7547 $7548 forward $264 $-1 #
coedge $-1 -1 $-1 $7268 $7547 $7264 $7406 reversed $7411 $-1 #
edge $7549 -1 $-1 $7271 -0.25 $7408 0.75 $7264 $7550 forward @7 unknown #
color-adesk-attrib $-1 -1 $-1 $-1 $7265 256 #
vertex $-1 -1 $-1 $7548 $7551 #
color-adesk-attrib $-1 -1 $-1 $-1 $7266 256 #
coedge $-1 -1 $-1 $7547 $7268 $7542 $7552 forward $7411 $-1 #
loop $-1 -1 $-1 $-1 $7268 $7553 #
color-adesk-attrib $-1 -1 $-1 $-1 $7269 256 #
vertex $-1 -1 $-1 $7401 $7554 #
straight-curve $-1 -1 $-1 0.3000000000000008216 -6.426024096385543061 -0.5 0.5525198625498334293 0.8334997309465150828 0 F 0 F 0.2895719172308956479 #
point $-1 -1 $-1 0.3000000000000008216 -6.426024096385543061 -0.5 #
coedge $-1 -1 $-1 $7278 $7273 $7272 $7417 reversed $7279 $-1 #
edge $7555 -1 $-1 $7423 0 $7276 0.1600000000000000033 $7416 $7556 forward @7 unknown #
color-adesk-attrib $-1 -1 $-1 $-1 $7274 256 #
straight-curve $-1 -1 $-1 0.2999999999999999889 -6.667951807228918781 -0.25 0 0 -1 I I #
point $-1 -1 $-1 0.3000000000000007661 -6.667951807228920558 0.5 #
face $7557 -1 $-1 $7025 $7279 $8 $-1 $7558 forward single #
color-adesk-attrib $-1 -1 $-1 $-1 $7284 256 #
vertex $-1 -1 $-1 $7288 $7559 #
straight-curve $-1 -1 $-1 0.3000000000000008216 -6.907951807228918994 0.5 0.5525198625498334293 0.8334997309465150828 0 I I #
color-adesk-attrib $-1 -1 $-1 $-1 $7288 256 #
straight-curve $-1 -1 $-1 0.4599942359067069608 -6.66659369212730013 -0.5 0 0 1 I I #
color-adesk-attrib $-1 -1 $-1 $-1 $7289 256 #
plane-surface $-1 -1 $-1 0.3000000000000008216 -6.907951807228918994 -0.5 0.8334997309465151938 -0.5525198625498335403 0 0.5525198625498335403 0.8334997309465151938 0 forward_v I I I I #
color-adesk-attrib $-1 -1 $-1 $-1 $7297 256 #
face $7560 -1 $-1 $7561 $7562 $8 $-1 $7563 forward single #
loop $-1 -1 $-1 $-1 $7564 $7297 #
plane-surface $-1 -1 $-1 0.459994235906707849 7.309309922330534448 -0.5 -0.008488219385113101104 0.99996397441691387 0 -0.99996397441691387 -0.008488219385113101104 0 forward_v I I I I #
coedge $-1 -1 $-1 $7565 $7566 $7567 $7568 forward $7298 $-1 #
coedge $-1 -1 $-1 $7569 $7300 $7335 $7472 reversed $7167 $-1 #
coedge $-1 -1 $-1 $7300 $7569 $7301 $7439 reversed $7167 $-1 #
coedge $-1 -1 $-1 $7303 $7338 $7300 $7437 reversed $102 $-1 #
edge $7570 -1 $-1 $7445 0 $7478 0.1600000000000000033 $7300 $7571 forward @7 unknown #
coedge $-1 -1 $-1 $7302 $7301 $7572 $7573 reversed $7034 $-1 #
edge $7574 -1 $-1 $7445 0 $7575 1 $7435 $7576 forward @7 unknown #
coedge $-1 -1 $-1 $7577 $7578 $7302 $7441 forward $7331 $-1 #
edge $7579 -1 $-1 $7444 -0.25 $7580 0.75 $7440 $7581 forward @7 unknown #
coedge $-1 -1 $-1 $7582 $7303 $7578 $7583 forward $102 $-1 #
color-adesk-attrib $-1 -1 $-1 $-1 $7304 256 #
vertex $-1 -1 $-1 $7583 $7584 #
vertex $-1 -1 $-1 $7437 $7585 #
straight-curve $-1 -1 $-1 0.3000000000000017097 7.549879518072287965 -0.5 0.5525198625498334293 0.8334997309465150828 0 F 0 F 0.2895719172308956479 #
coedge $-1 -1 $-1 $7308 $7586 $7313 $7451 forward $264 $-1 #
color-adesk-attrib $-1 -1 $-1 $-1 $7309 256 #
straight-curve $-1 -1 $-1 0.3000000000000017097 8.031807228915660346 0.5 0.5525198625498334293 0.8334997309465150828 0 I I #
point $-1 -1 $-1 0.4599942359067079045 8.27316534401727921 0.5 #
edge $7587 -1 $-1 $7470 8.030843373493974369 $7316 8.031807228915660346 $7313 $352 forward @7 unknown #
point $-1 -1 $-1 0.3000000000000017097 8.031807228915660346 0.5 #
coedge $-1 -1 $-1 $7338 $7318 $7340 $7480 reversed $102 $-1 #
coedge $-1 -1 $-1 $7333 $7588 $7318 $7455 forward $7468 $-1 #
edge $7589 -1 $-1 $7590 0 $7457 0.1600000000000000033 $7454 $7591 forward @7 unknown #
color-adesk-attrib $-1 -1 $-1 $-1 $7319 256 #
vertex $-1 -1 $-1 $7455 $7592 #
point $-1 -1 $-1 0.4599942359067079045 8.514129199438965401 -0.5 #
color-adesk-attrib $-1 -1 $-1 $-1 $7330 256 #
face $7593 -1 $-1 $7594 $7595 $8 $-1 $354 reversed single #
loop $-1 -1 $-1 $-1 $7596 $7330 #
coedge $-1 -1 $-1 $7578 $7577 $7597 $7598 forward $7331 $-1 #
coedge $-1 -1 $-1 $7599 $7332 $7600 $7601 reversed $7197 $-1 #
coedge $-1 -1 $-1 $7332 $7599 $7602 $7603 reversed $7197 $-1 #
coedge $-1 -1 $-1 $7604 $7605 $7332 $7466 reversed $7606 $-1 #
edge $7607 -1 $-1 $7608 -0.25 $7609 0.75 $7332 $7610 forward @7 unknown #
coedge $-1 -1 $-1 $7588 $7333 $7586 $7611 reversed $7468 $-1 #
loop $-1 -1 $-1 $-1 $7454 $7612 #
color-adesk-attrib $-1 -1 $-1 $-1 $7334 256 #
vertex $-1 -1 $-1 $7451 $7613 #
straight-curve $-1 -1 $-1 0.2999999999999999889 8.030843373493976145 -0.25 0 0 -1 I I #
edge $7614 -1 $-1 $7476 -0.75 $7478 0.25 $7335 $7615 forward @7 unknown #
coedge $-1 -1 $-1 $7586 $7336 $7341 $7481 forward $264 $-1 #
coedge $-1 -1 $-1 $7336 $7572 $7569 $7616 forward $264 $-1 #
color-adesk-attrib $-1 -1 $-1 $-1 $7337 256 #
vertex $-1 -1 $-1 $7337 $7617 #
color-adesk-attrib $-1 -1 $-1 $-1 $7339 256 #
vertex $-1 -1 $-1 $7437 $7618 #
coedge $-1 -1 $-1 $7341 $7340 $7588 $7619 forward $7342 $-1 #
edge $7620 -1 $-1 $7344 0 $7590 0.2895719172308956479 $7340 $7621 forward @7 unknown #
edge $7622 -1 $-1 $7345 0 $7623 0.2895719172308956479 $7341 $7624 forward @7 unknown #
face $7625 -1 $-1 $7612 $7342 $8 $-1 $7626 forward single #
point $-1 -1 $-1 0.3000000000000017097 7.790843373493974156 -0.5 #
point $-1 -1 $-1 0.3000000000000017097 7.790843373493974156 0.5 #
color-adesk-attrib $-1 -1 $-1 $-1 $7347 256 #
straight-curve $-1 -1 $-1 0.4599942359067079045 8.514129199438965401 0.5 -0.9999639744169136479 -0.008488219385113099369 0 I I #
color-adesk-attrib $-1 -1 $-1 $-1 $7348 256 #
plane-surface $-1 -1 $-1 0.4599942359067079045 8.514129199438965401 -0.5 -0.008488219385113101104 0.99996397441691387 0 -0.99996397441691387 -0.008488219385113101104 0 forward_v I I I I #
color-adesk-attrib $-1 -1 $-1 $-1 $7352 256 #
straight-curve $-1 -1 $-1 0.4599942359067079045 8.27316534401727921 0.5 -0.9999639744169136479 -0.008488219385113099369 0 I I #
color-adesk-attrib $-1 -1 $-1 $-1 $7355 256 #
straight-curve $-1 -1 $-1 0.4599942359067079045 8.514129199438965401 -0.5 0 0 1 I I #
point $-1 -1 $-1 0.4599942359067079045 8.514129199438965401 0.5 #
color-adesk-attrib $-1 -1 $-1 $-1 $7364 256 #
face $7627 -1 $-1 $7628 $7629 $8 $-1 $7630 forward single #
loop $-1 -1 $-1 $-1 $7631 $7364 #
plane-surface $-1 -1 $-1 0.3000000000000009326 -4.739277108433736174 -0.5 0.8334997309465151938 -0.5525198625498335403 0 0.5525198625498335403 0.8334997309465151938 0 forward_v I I I I #
coedge $-1 -1 $-1 $7632 $7633 $7634 $7635 forward $7365 $-1 #
coedge $-1 -1 $-1 $7636 $7367 $7633 $7637 forward $7232 $-1 #
coedge $-1 -1 $-1 $7367 $7636 $7638 $7639 reversed $7232 $-1 #
coedge $-1 -1 $-1 $7640 $7634 $7367 $7502 reversed $102 $-1 #
edge $7641 -1 $-1 $7642 0 $7643 0.2895719172308956479 $7367 $7644 forward @7 unknown #
coedge $-1 -1 $-1 $7369 $7368 $7645 $7646 reversed $7101 $-1 #
coedge $-1 -1 $-1 $7647 $7648 $7368 $7505 forward $7649 $-1 #
edge $7650 -1 $-1 $7651 -0.75 $7508 0.25 $7504 $7652 forward @7 unknown #
coedge $-1 -1 $-1 $7370 $7653 $7647 $7654 forward $102 $-1 #
color-adesk-attrib $-1 -1 $-1 $-1 $7371 256 #
vertex $-1 -1 $-1 $7371 $7655 #
straight-curve $-1 -1 $-1 0.4599942359067070718 -5.461774415018865625 -0.5 -0.9999639744169136479 -0.008488219385113099369 0 F 0 F 0.1600000000000000033 #
coedge $-1 -1 $-1 $7645 $7656 $7372 $7511 forward $264 $-1 #
edge $7657 -1 $-1 $7519 0 $7513 0.2895719172308956479 $7372 $7658 forward @7 unknown #
color-adesk-attrib $-1 -1 $-1 $-1 $7373 256 #
vertex $-1 -1 $-1 $7373 $7659 #
straight-curve $-1 -1 $-1 0.4599942359067070718 -5.461774415018865625 -0.5 0 0 1 I I #
coedge $-1 -1 $-1 $7660 $7374 $7656 $7661 reversed $7517 $-1 #
coedge $-1 -1 $-1 $7374 $7660 $7376 $7522 reversed $7517 $-1 #
loop $-1 -1 $-1 $-1 $7374 $7662 #
color-adesk-attrib $-1 -1 $-1 $-1 $7375 256 #
vertex $-1 -1 $-1 $7511 $7663 #
straight-curve $-1 -1 $-1 0.3000000000000000444 -5.703132530120486265 -0.25 0 0 1 I I #
coedge $-1 -1 $-1 $7389 $7376 $7664 $7665 reversed $102 $-1 #
edge $7666 -1 $-1 $7378 5.703132530120484489 $7667 5.704096385542172243 $7516 $277 forward @7 unknown #
point $-1 -1 $-1 0.3000000000000008771 -5.703132530120484489 -0.5 #
point $-1 -1 $-1 0.4599942359067070718 -5.461774415018865625 -0.5 #
coedge $-1 -1 $-1 $7668 $7381 $7384 $7529 forward $264 $-1 #
color-adesk-attrib $-1 -1 $-1 $-1 $7382 256 #
straight-curve $-1 -1 $-1 0.4599942359067070163 -5.943702125862238006 0.5 -0.9999639744169136479 -0.008488219385113099369 0 I I #
coedge $-1 -1 $-1 $7384 $7383 $7669 $7670 forward $7385 $-1 #
edge $7671 -1 $-1 $7387 -5.945060240963858433 $7672 -5.94409638554217068 $7384 $352 forward @7 unknown #
face $7673 -1 $-1 $7134 $7385 $8 $-1 $354 reversed single #
point $-1 -1 $-1 0.3000000000000008216 -5.945060240963858433 0.5 #
coedge $-1 -1 $-1 $7674 $7669 $7389 $7533 forward $7675 $-1 #
edge $7676 -1 $-1 $7535 0 $7677 0.2895719172308956479 $7532 $7678 forward @7 unknown #
color-adesk-attrib $-1 -1 $-1 $-1 $7390 256 #
vertex $-1 -1 $-1 $7390 $7679 #
coedge $-1 -1 $-1 $7392 $7404 $7680 $7681 forward $264 $-1 #
coedge $-1 -1 $-1 $7680 $7400 $7396 $7538 reversed $7543 $-1 #
edge $7682 -1 $-1 $7540 -0.75 $7403 0.25 $7396 $7683 forward @7 unknown #
color-adesk-attrib $-1 -1 $-1 $-1 $7397 256 #
vertex $-1 -1 $-1 $7397 $7684 #
color-adesk-attrib $-1 -1 $-1 $-1 $7398 256 #
coedge $-1 -1 $-1 $7400 $7680 $7410 $7552 reversed $7543 $-1 #
loop $-1 -1 $-1 $-1 $7400 $7685 #
color-adesk-attrib $-1 -1 $-1 $-1 $7401 256 #
straight-curve $-1 -1 $-1 0.4599942359067070163 -6.184665981283924197 -0.5 -0.9999639744169136479 -0.008488219385113099369 0 F 0 F 0.1600000000000000033 #
point $-1 -1 $-1 0.3000000000000008216 -6.186024096385544624 -0.5 #
coedge $-1 -1 $-1 $7405 $7410 $7404 $7548 reversed $7411 $-1 #
edge $7686 -1 $-1 $7408 0 $7687 0.2895719172308956479 $7547 $7688 forward @7 unknown #
color-adesk-attrib $-1 -1 $-1 $-1 $7406 256 #
straight-curve $-1 -1 $-1 0.2999999999999998224 -6.426024096385544837 -0.25 0 0 1 I I #
point $-1 -1 $-1 0.3000000000000008216 -6.426024096385543061 0.5 #
edge $7689 -1 $-1 $7413 0 $7687 1 $7542 $7690 forward @7 unknown #
face $7691 -1 $-1 $7685 $7411 $8 $-1 $7692 forward single #
point $-1 -1 $-1 0.4599942359067070163 -6.184665981283924197 -0.5 #
color-adesk-attrib $-1 -1 $-1 $-1 $7417 256 #
straight-curve $-1 -1 $-1 0.4599942359067069608 -6.66659369212730013 0.5 -0.9999639744169136479 -0.008488219385113099369 0 I I #
color-adesk-attrib $-1 -1 $-1 $-1 $7421 256 #
plane-surface $-1 -1 $-1 0.4599942359067069608 -6.66659369212730013 -0.5 -0.008488219385113101104 0.99996397441691387 0 -0.99996397441691387 -0.008488219385113101104 0 forward_v I I I I #
point $-1 -1 $-1 0.4599942359067069608 -6.66659369212730013 0.5 #
color-adesk-attrib $-1 -1 $-1 $-1 $7430 256 #
face $7693 -1 $-1 $7694 $7695 $8 $-1 $7696 forward single #
loop $-1 -1 $-1 $-1 $7697 $7430 #
plane-surface $-1 -1 $-1 0.3000000000000015987 6.58602409638553965 -0.5 0.8334997309465151938 -0.5525198625498335403 0 0.5525198625498335403 0.8334997309465151938 0 forward_v I I I I #
coedge $-1 -1 $-1 $7698 $7699 $7700 $7701 forward $7431 $-1 #
coedge $-1 -1 $-1 $7702 $7433 $7699 $7703 forward $7298 $-1 #
coedge $-1 -1 $-1 $7433 $7702 $7704 $7705 reversed $7298 $-1 #
coedge $-1 -1 $-1 $7706 $7700 $7433 $7568 reversed $102 $-1 #
edge $7707 -1 $-1 $7708 0 $7709 0.2895719172308956479 $7433 $7710 forward @7 unknown #
coedge $-1 -1 $-1 $7435 $7434 $7474 $7616 reversed $7167 $-1 #
color-adesk-attrib $-1 -1 $-1 $-1 $7437 256 #
straight-curve $-1 -1 $-1 0.459994235906707849 7.791237633173906829 -0.5 -0.9999639744169136479 -0.008488219385113099369 0 F 0 F 0.1600000000000000033 #
coedge $-1 -1 $-1 $7474 $7711 $7438 $7573 forward $264 $-1 #
edge $7712 -1 $-1 $7580 0 $7575 0.2895719172308956479 $7438 $7713 forward @7 unknown #
color-adesk-attrib $-1 -1 $-1 $-1 $7439 256 #
vertex $-1 -1 $-1 $7439 $7714 #
straight-curve $-1 -1 $-1 0.459994235906707849 7.791237633173906829 -0.5 0 0 1 I I #
coedge $-1 -1 $-1 $7462 $7440 $7711 $7715 reversed $7331 $-1 #
coedge $-1 -1 $-1 $7440 $7462 $7442 $7583 reversed $7331 $-1 #
color-adesk-attrib $-1 -1 $-1 $-1 $7441 256 #
vertex $-1 -1 $-1 $7573 $7716 #
straight-curve $-1 -1 $-1 0.3000000000000002665 7.549879518072286189 -0.25 0 0 1 I I #
coedge $-1 -1 $-1 $7717 $7442 $7718 $7719 reversed $102 $-1 #
edge $7720 -1 $-1 $7444 -7.549879518072287965 $7721 -7.548915662650601988 $7578 $277 forward @7 unknown #
point $-1 -1 $-1 0.3000000000000017097 7.549879518072287965 -0.5 #
point $-1 -1 $-1 0.459994235906707849 7.791237633173906829 -0.5 #
coedge $-1 -1 $-1 $7447 $7473 $7467 $7611 forward $264 $-1 #
color-adesk-attrib $-1 -1 $-1 $-1 $7451 256 #
coedge $-1 -1 $-1 $7454 $7467 $7479 $7619 reversed $7468 $-1 #
color-adesk-attrib $-1 -1 $-1 $-1 $7455 256 #
vertex $-1 -1 $-1 $7455 $7722 #
straight-curve $-1 -1 $-1 0.459994235906707849 8.03220148859559302 -0.5 -0.9999639744169136479 -0.008488219385113099369 0 F 0 F 0.1600000000000000033 #
point $-1 -1 $-1 0.3000000000000017097 8.030843373493974369 -0.5 #
color-adesk-attrib $-1 -1 $-1 $-1 $7460 256 #
face $7723 -1 $-1 $7724 $7725 $8 $-1 $354 reversed single #
loop $-1 -1 $-1 $-1 $7726 $7460 #
coedge $-1 -1 $-1 $7727 $7728 $7729 $7730 forward $7461 $-1 #
coedge $-1 -1 $-1 $7731 $7718 $7462 $7598 reversed $7732 $-1 #
edge $7733 -1 $-1 $7734 -0.75 $7721 0.25 $7462 $7735 forward @7 unknown #
coedge $-1 -1 $-1 $7464 $7463 $7698 $7736 forward $7197 $-1 #
coedge $-1 -1 $-1 $7737 $7738 $7463 $7601 forward $264 $-1 #
edge $7739 -1 $-1 $7740 7.307951807228915797 $7609 7.308915662650601774 $7463 $352 forward @7 unknown #
coedge $-1 -1 $-1 $7700 $7717 $7464 $7603 forward $102 $-1 #
edge $7741 -1 $-1 $7608 -7.308915662650601774 $7742 -7.307951807228915797 $7464 $277 forward @7 unknown #
coedge $-1 -1 $-1 $7743 $7465 $7717 $7744 forward $7606 $-1 #
coedge $-1 -1 $-1 $7465 $7743 $7737 $7745 reversed $7606 $-1 #
loop $-1 -1 $-1 $-1 $7604 $7746 #
color-adesk-attrib $-1 -1 $-1 $-1 $7466 256 #
vertex $-1 -1 $-1 $7603 $7747 #
vertex $-1 -1 $-1 $7745 $7748 #
straight-curve $-1 -1 $-1 0.3000000000000000444 7.308915662650599998 -0.25 0 0 1 I I #
edge $7749 -1 $-1 $7623 0 $7470 0.1600000000000000033 $7467 $7750 forward @7 unknown #
face $7751 -1 $-1 $7218 $7468 $8 $-1 $7752 forward single #
point $-1 -1 $-1 0.3000000000000017097 8.030843373493974369 0.5 #
color-adesk-attrib $-1 -1 $-1 $-1 $7472 256 #
straight-curve $-1 -1 $-1 0.2999999999999999889 7.789879518072289954 -0.25 0 0 -1 I I #
edge $7753 -1 $-1 $7575 0 $7476 0.1600000000000000033 $7569 $7754 forward @7 unknown #
point $-1 -1 $-1 0.3000000000000016542 7.789879518072288178 0.5 #
point $-1 -1 $-1 0.3000000000000016542 7.789879518072288178 -0.5 #
edge $7755 -1 $-1 $7590 0 $7623 1 $7588 $7756 forward @7 unknown #
color-adesk-attrib $-1 -1 $-1 $-1 $7480 256 #
straight-curve $-1 -1 $-1 0.3000000000000017097 7.790843373493974156 -0.5 0.5525198625498334293 0.8334997309465150828 0 F 0 F 0.2895719172308956479 #
color-adesk-attrib $-1 -1 $-1 $-1 $7481 256 #
vertex $-1 -1 $-1 $7619 $7757 #
straight-curve $-1 -1 $-1 0.3000000000000017097 7.790843373493974156 0.5 0.5525198625498334293 0.8334997309465150828 0 I I #
color-adesk-attrib $-1 -1 $-1 $-1 $7482 256 #
plane-surface $-1 -1 $-1 0.3000000000000017097 7.790843373493974156 -0.5 0.8334997309465151938 -0.5525198625498335403 0 0.5525198625498335403 0.8334997309465151938 0 forward_v I I I I #
color-adesk-attrib $-1 -1 $-1 $-1 $7495 256 #
face $7758 -1 $-1 $7759 $7760 $8 $-1 $7761 forward single #
loop $-1 -1 $-1 $-1 $7762 $7495 #
plane-surface $-1 -1 $-1 0.4599942359067071274 -4.49791899333211731 -0.5 -0.008488219385113101104 0.99996397441691387 0 -0.99996397441691387 -0.008488219385113101104 0 forward_v I I I I #
coedge $-1 -1 $-1 $7763 $7764 $7765 $7766 forward $7496 $-1 #
coedge $-1 -1 $-1 $7767 $7498 $7768 $7769 reversed $7365 $-1 #
coedge $-1 -1 $-1 $7498 $7767 $7499 $7637 reversed $7365 $-1 #
coedge $-1 -1 $-1 $7501 $7770 $7498 $7635 reversed $102 $-1 #
edge $7771 -1 $-1 $7643 0 $7772 0.1600000000000000033 $7498 $7773 forward @7 unknown #
coedge $-1 -1 $-1 $7500 $7499 $7774 $7775 reversed $7232 $-1 #
edge $7776 -1 $-1 $7643 0 $7777 1 $7633 $7778 forward @7 unknown #
coedge $-1 -1 $-1 $7779 $7780 $7500 $7639 forward $7781 $-1 #
edge $7782 -1 $-1 $7642 -0.25 $7783 0.75 $7638 $7784 forward @7 unknown #
coedge $-1 -1 $-1 $7785 $7501 $7780 $7786 forward $102 $-1 #
color-adesk-attrib $-1 -1 $-1 $-1 $7502 256 #
vertex $-1 -1 $-1 $7786 $7787 #
vertex $-1 -1 $-1 $7635 $7788 #
straight-curve $-1 -1 $-1 0.3000000000000009326 -5.221204819277112108 -0.5 0.5525198625498334293 0.8334997309465150828 0 F 0 F 0.2895719172308956479 #
coedge $-1 -1 $-1 $7789 $7510 $7503 $7646 forward $264 $-1 #
edge $7790 -1 $-1 $7513 0 $7651 0.1600000000000000033 $7503 $7791 forward @7 unknown #
coedge $-1 -1 $-1 $7792 $7504 $7506 $7654 reversed $7649 $-1 #
coedge $-1 -1 $-1 $7504 $7792 $7789 $7793 reversed $7649 $-1 #
loop $-1 -1 $-1 $-1 $7504 $7794 #
color-adesk-attrib $-1 -1 $-1 $-1 $7505 256 #
vertex $-1 -1 $-1 $7793 $7795 #
straight-curve $-1 -1 $-1 0.2999999999999999889 -5.463132530120483388 -0.25 0 0 -1 I I #
coedge $-1 -1 $-1 $7506 $7785 $7796 $7797 reversed $102 $-1 #
edge $7798 -1 $-1 $7799 5.462168674698794746 $7508 5.463132530120486052 $7647 $277 forward @7 unknown #
point $-1 -1 $-1 0.3000000000000008771 -5.463132530120486052 -0.5 #
coedge $-1 -1 $-1 $7510 $7800 $7515 $7661 forward $264 $-1 #
color-adesk-attrib $-1 -1 $-1 $-1 $7511 256 #
straight-curve $-1 -1 $-1 0.3000000000000008771 -5.703132530120484489 0.5 0.5525198625498334293 0.8334997309465150828 0 I I #
point $-1 -1 $-1 0.4599942359067070718 -5.461774415018865625 0.5 #
coedge $-1 -1 $-1 $7516 $7515 $7801 $7802 forward $7517 $-1 #
edge $7803 -1 $-1 $7804 -5.704096385542172243 $7519 -5.703132530120484489 $7515 $352 forward @7 unknown #
face $7805 -1 $-1 $7794 $7517 $8 $-1 $354 reversed single #
point $-1 -1 $-1 0.3000000000000008771 -5.703132530120484489 0.5 #
coedge $-1 -1 $-1 $7801 $7806 $7521 $7665 forward $7807 $-1 #
edge $7808 -1 $-1 $7677 0 $7667 0.1600000000000000033 $7664 $7809 forward @7 unknown #
color-adesk-attrib $-1 -1 $-1 $-1 $7522 256 #
vertex $-1 -1 $-1 $7665 $7810 #
coedge $-1 -1 $-1 $7800 $7525 $7811 $7812 forward $264 $-1 #
coedge $-1 -1 $-1 $7532 $7811 $7528 $7670 reversed $7675 $-1 #
edge $7813 -1 $-1 $7535 -0.25 $7672 0.75 $7528 $7814 forward @7 unknown #
color-adesk-attrib $-1 -1 $-1 $-1 $7529 256 #
vertex $-1 -1 $-1 $7812 $7815 #
color-adesk-attrib $-1 -1 $-1 $-1 $7530 256 #
coedge $-1 -1 $-1 $7811 $7532 $7806 $7816 forward $7675 $-1 #
loop $-1 -1 $-1 $-1 $7532 $7817 #
color-adesk-attrib $-1 -1 $-1 $-1 $7533 256 #
vertex $-1 -1 $-1 $7665 $7818 #
straight-curve $-1 -1 $-1 0.3000000000000008771 -5.94409638554217068 -0.5 0.5525198625498334293 0.8334997309465150828 0 F 0 F 0.2895719172308956479 #
point $-1 -1 $-1 0.3000000000000008771 -5.94409638554217068 -0.5 #
coedge $-1 -1 $-1 $7542 $7537 $7536 $7681 reversed $7543 $-1 #
edge $7819 -1 $-1 $7687 0 $7540 0.1600000000000000033 $7680 $7820 forward @7 unknown #
color-adesk-attrib $-1 -1 $-1 $-1 $7538 256 #
straight-curve $-1 -1 $-1 0.2999999999999999889 -6.186024096385542848 -0.25 0 0 -1 I I #
point $-1 -1 $-1 0.3000000000000008216 -6.186024096385544624 0.5 #
face $7821 -1 $-1 $7289 $7543 $8 $-1 $7822 forward single #
color-adesk-attrib $-1 -1 $-1 $-1 $7548 256 #
vertex $-1 -1 $-1 $7552 $7823 #
straight-curve $-1 -1 $-1 0.3000000000000008216 -6.426024096385543061 0.5 0.5525198625498334293 0.8334997309465150828 0 I I #
color-adesk-attrib $-1 -1 $-1 $-1 $7552 256 #
straight-curve $-1 -1 $-1 0.4599942359067070163 -6.184665981283924197 -0.5 0 0 1 I I #
color-adesk-attrib $-1 -1 $-1 $-1 $7553 256 #
plane-surface $-1 -1 $-1 0.3000000000000008216 -6.426024096385543061 -0.5 0.8334997309465151938 -0.5525198625498335403 0 0.5525198625498335403 0.8334997309465151938 0 forward_v I I I I #
color-adesk-attrib $-1 -1 $-1 $-1 $7561 256 #
face $7824 -1 $-1 $7825 $7826 $8 $-1 $7827 forward single #
loop $-1 -1 $-1 $-1 $7828 $7561 #
plane-surface $-1 -1 $-1 0.4599942359067077935 6.827382211487158514 -0.5 -0.008488219385113101104 0.99996397441691387 0 -0.99996397441691387 -0.008488219385113101104 0 forward_v I I I I #
coedge $-1 -1 $-1 $7829 $7830 $7831 $7832 forward $7562 $-1 #
coedge $-1 -1 $-1 $7833 $7564 $7599 $7736 reversed $7431 $-1 #
coedge $-1 -1 $-1 $7564 $7833 $7565 $7703 reversed $7431 $-1 #
coedge $-1 -1 $-1 $7567 $7602 $7564 $7701 reversed $102 $-1 #
edge $7834 -1 $-1 $7709 0 $7742 0.1600000000000000033 $7564 $7835 forward @7 unknown #
coedge $-1 -1 $-1 $7566 $7565 $7836 $7837 reversed $7298 $-1 #
edge $7838 -1 $-1 $7709 0 $7839 1 $7699 $7840 forward @7 unknown #
coedge $-1 -1 $-1 $7841 $7842 $7566 $7705 forward $7595 $-1 #
edge $7843 -1 $-1 $7708 -0.25 $7844 0.75 $7704 $7845 forward @7 unknown #
coedge $-1 -1 $-1 $7846 $7567 $7842 $7847 forward $102 $-1 #
color-adesk-attrib $-1 -1 $-1 $-1 $7568 256 #
vertex $-1 -1 $-1 $7847 $7848 #
vertex $-1 -1 $-1 $7701 $7849 #
straight-curve $-1 -1 $-1 0.3000000000000016542 7.067951807228915584 -0.5 0.5525198625498334293 0.8334997309465150828 0 F 0 F 0.2895719172308956479 #
coedge $-1 -1 $-1 $7572 $7850 $7577 $7715 forward $264 $-1 #
color-adesk-attrib $-1 -1 $-1 $-1 $7573 256 #
straight-curve $-1 -1 $-1 0.3000000000000017097 7.549879518072287965 0.5 0.5525198625498334293 0.8334997309465150828 0 I I #
point $-1 -1 $-1 0.459994235906707849 7.791237633173906829 0.5 #
edge $7851 -1 $-1 $7734 7.548915662650601988 $7580 7.549879518072287965 $7577 $352 forward @7 unknown #
point $-1 -1 $-1 0.3000000000000016542 7.549879518072287965 0.5 #
coedge $-1 -1 $-1 $7602 $7582 $7604 $7744 reversed $102 $-1 #
coedge $-1 -1 $-1 $7597 $7852 $7582 $7719 forward $7732 $-1 #
edge $7853 -1 $-1 $7854 0 $7721 0.1600000000000000033 $7718 $7855 forward @7 unknown #
color-adesk-attrib $-1 -1 $-1 $-1 $7583 256 #
vertex $-1 -1 $-1 $7719 $7856 #
point $-1 -1 $-1 0.459994235906707849 8.03220148859559302 -0.5 #
color-adesk-attrib $-1 -1 $-1 $-1 $7594 256 #
face $7857 -1 $-1 $7858 $7859 $8 $-1 $354 reversed single #
loop $-1 -1 $-1 $-1 $7860 $7594 #
coedge $-1 -1 $-1 $7842 $7841 $7861 $7862 forward $7595 $-1 #
coedge $-1 -1 $-1 $7863 $7596 $7864 $7865 reversed $7461 $-1 #
coedge $-1 -1 $-1 $7596 $7863 $7866 $7867 reversed $7461 $-1 #
coedge $-1 -1 $-1 $7868 $7869 $7596 $7730 reversed $7870 $-1 #
edge $7871 -1 $-1 $7872 -0.25 $7873 0.75 $7596 $7874 forward @7 unknown #
coedge $-1 -1 $-1 $7852 $7597 $7850 $7875 reversed $7732 $-1 #
loop $-1 -1 $-1 $-1 $7718 $7876 #
color-adesk-attrib $-1 -1 $-1 $-1 $7598 256 #
vertex $-1 -1 $-1 $7715 $7877 #
straight-curve $-1 -1 $-1 0.2999999999999999889 7.548915662650603764 -0.25 0 0 -1 I I #
edge $7878 -1 $-1 $7740 -0.75 $7742 0.25 $7599 $7879 forward @7 unknown #
coedge $-1 -1 $-1 $7850 $7600 $7605 $7745 forward $264 $-1 #
coedge $-1 -1 $-1 $7600 $7836 $7833 $7880 forward $264 $-1 #
color-adesk-attrib $-1 -1 $-1 $-1 $7601 256 #
vertex $-1 -1 $-1 $7601 $7881 #
color-adesk-attrib $-1 -1 $-1 $-1 $7603 256 #
vertex $-1 -1 $-1 $7701 $7882 #
coedge $-1 -1 $-1 $7605 $7604 $7852 $7883 forward $7606 $-1 #
edge $7884 -1 $-1 $7608 0 $7854 0.2895719172308956479 $7604 $7885 forward @7 unknown #
edge $7886 -1 $-1 $7609 0 $7887 0.2895719172308956479 $7605 $7888 forward @7 unknown #
face $7889 -1 $-1 $7876 $7606 $8 $-1 $7890 forward single #
point $-1 -1 $-1 0.3000000000000016542 7.308915662650601774 -0.5 #
point $-1 -1 $-1 0.3000000000000016542 7.308915662650601774 0.5 #
color-adesk-attrib $-1 -1 $-1 $-1 $7611 256 #
straight-curve $-1 -1 $-1 0.459994235906707849 8.03220148859559302 0.5 -0.9999639744169136479 -0.008488219385113099369 0 I I #
color-adesk-attrib $-1 -1 $-1 $-1 $7612 256 #
plane-surface $-1 -1 $-1 0.459994235906707849 8.03220148859559302 -0.5 -0.008488219385113101104 0.99996397441691387 0 -0.99996397441691387 -0.008488219385113101104 0 forward_v I I I I #
color-adesk-attrib $-1 -1 $-1 $-1 $7616 256 #
straight-curve $-1 -1 $-1 0.459994235906707849 7.791237633173906829 0.5 -0.9999639744169136479 -0.008488219385113099369 0 I I #
color-adesk-attrib $-1 -1 $-1 $-1 $7619 256 #
straight-curve $-1 -1 $-1 0.459994235906707849 8.03220148859559302 -0.5 0 0 1 I I #
point $-1 -1 $-1 0.459994235906707849 8.03220148859559302 0.5 #
color-adesk-attrib $-1 -1 $-1 $-1 $7628 256 #
face $7891 -1 $-1 $7892 $7893 $8 $-1 $7894 forward single #
loop $-1 -1 $-1 $-1 $7895 $7628 #
plane-surface $-1 -1 $-1 0.3000000000000009326 -4.257349397590363793 -0.5 0.8334997309465151938 -0.5525198625498335403 0 0.5525198625498335403 0.8334997309465151938 0 forward_v I I I I #
coedge $-1 -1 $-1 $7896 $7897 $7898 $7899 forward $7629 $-1 #
coedge $-1 -1 $-1 $7900 $7631 $7897 $7901 forward $7496 $-1 #
coedge $-1 -1 $-1 $7631 $7900 $7902 $7903 reversed $7496 $-1 #
coedge $-1 -1 $-1 $7904 $7898 $7631 $7766 reversed $102 $-1 #
edge $7905 -1 $-1 $7906 0 $7907 0.2895719172308956479 $7631 $7908 forward @7 unknown #
coedge $-1 -1 $-1 $7633 $7632 $7909 $7910 reversed $7365 $-1 #
coedge $-1 -1 $-1 $7911 $7912 $7632 $7769 forward $7913 $-1 #
edge $7914 -1 $-1 $7915 -0.75 $7772 0.25 $7768 $7916 forward @7 unknown #
coedge $-1 -1 $-1 $7634 $7917 $7911 $7918 forward $102 $-1 #
color-adesk-attrib $-1 -1 $-1 $-1 $7635 256 #
vertex $-1 -1 $-1 $7635 $7919 #
straight-curve $-1 -1 $-1 0.4599942359067070718 -4.979846704175493244 -0.5 -0.9999639744169136479 -0.008488219385113099369 0 F 0 F 0.1600000000000000033 #
coedge $-1 -1 $-1 $7909 $7920 $7636 $7775 forward $264 $-1 #
edge $7921 -1 $-1 $7783 0 $7777 0.2895719172308956479 $7636 $7922 forward @7 unknown #
color-adesk-attrib $-1 -1 $-1 $-1 $7637 256 #
vertex $-1 -1 $-1 $7637 $7923 #
straight-curve $-1 -1 $-1 0.4599942359067070718 -4.979846704175493244 -0.5 0 0 1 I I #
coedge $-1 -1 $-1 $7924 $7638 $7920 $7925 reversed $7781 $-1 #
coedge $-1 -1 $-1 $7638 $7924 $7640 $7786 reversed $7781 $-1 #
loop $-1 -1 $-1 $-1 $7638 $7926 #
color-adesk-attrib $-1 -1 $-1 $-1 $7639 256 #
vertex $-1 -1 $-1 $7775 $7927 #
straight-curve $-1 -1 $-1 0.2999999999999998224 -5.221204819277113884 -0.25 0 0 1 I I #
coedge $-1 -1 $-1 $7653 $7640 $7928 $7929 reversed $102 $-1 #
edge $7930 -1 $-1 $7642 5.221204819277112108 $7931 5.222168674698796309 $7780 $277 forward @7 unknown #
point $-1 -1 $-1 0.3000000000000009326 -5.221204819277112108 -0.5 #
point $-1 -1 $-1 0.4599942359067070718 -4.979846704175493244 -0.5 #
coedge $-1 -1 $-1 $7932 $7645 $7648 $7793 forward $264 $-1 #
color-adesk-attrib $-1 -1 $-1 $-1 $7646 256 #
straight-curve $-1 -1 $-1 0.4599942359067070718 -5.461774415018865625 0.5 -0.9999639744169136479 -0.008488219385113099369 0 I I #
coedge $-1 -1 $-1 $7648 $7647 $7933 $7934 forward $7649 $-1 #
edge $7935 -1 $-1 $7651 -5.463132530120486052 $7936 -5.462168674698794746 $7648 $352 forward @7 unknown #
face $7937 -1 $-1 $7398 $7649 $8 $-1 $354 reversed single #
point $-1 -1 $-1 0.3000000000000008771 -5.463132530120486052 0.5 #
coedge $-1 -1 $-1 $7938 $7933 $7653 $7797 forward $7939 $-1 #
edge $7940 -1 $-1 $7799 0 $7941 0.2895719172308956479 $7796 $7942 forward @7 unknown #
color-adesk-attrib $-1 -1 $-1 $-1 $7654 256 #
vertex $-1 -1 $-1 $7654 $7943 #
coedge $-1 -1 $-1 $7656 $7668 $7944 $7945 forward $264 $-1 #
coedge $-1 -1 $-1 $7944 $7664 $7660 $7802 reversed $7807 $-1 #
edge $7946 -1 $-1 $7804 -0.75 $7667 0.25 $7660 $7947 forward @7 unknown #
color-adesk-attrib $-1 -1 $-1 $-1 $7661 256 #
vertex $-1 -1 $-1 $7661 $7948 #
color-adesk-attrib $-1 -1 $-1 $-1 $7662 256 #
coedge $-1 -1 $-1 $7664 $7944 $7674 $7816 reversed $7807 $-1 #
loop $-1 -1 $-1 $-1 $7664 $7949 #
color-adesk-attrib $-1 -1 $-1 $-1 $7665 256 #
straight-curve $-1 -1 $-1 0.4599942359067070718 -5.702738270440551815 -0.5 -0.9999639744169136479 -0.008488219385113099369 0 F 0 F 0.1600000000000000033 #
point $-1 -1 $-1 0.3000000000000008216 -5.704096385542172243 -0.5 #
coedge $-1 -1 $-1 $7669 $7674 $7668 $7812 reversed $7675 $-1 #
edge $7950 -1 $-1 $7672 0 $7951 0.2895719172308956479 $7811 $7952 forward @7 unknown #
color-adesk-attrib $-1 -1 $-1 $-1 $7670 256 #
straight-curve $-1 -1 $-1 0.3000000000000000444 -5.944096385542172456 -0.25 0 0 1 I I #
point $-1 -1 $-1 0.3000000000000008216 -5.94409638554217068 0.5 #
edge $7953 -1 $-1 $7677 0 $7951 1 $7806 $7954 forward @7 unknown #
face $7955 -1 $-1 $7949 $7675 $8 $-1 $7956 forward single #
point $-1 -1 $-1 0.4599942359067070718 -5.702738270440551815 -0.5 #
color-adesk-attrib $-1 -1 $-1 $-1 $7681 256 #
straight-curve $-1 -1 $-1 0.4599942359067070163 -6.184665981283924197 0.5 -0.9999639744169136479 -0.008488219385113099369 0 I I #
color-adesk-attrib $-1 -1 $-1 $-1 $7685 256 #
plane-surface $-1 -1 $-1 0.4599942359067070163 -6.184665981283924197 -0.5 -0.008488219385113101104 0.99996397441691387 0 -0.99996397441691387 -0.008488219385113101104 0 forward_v I I I I #
point $-1 -1 $-1 0.4599942359067070163 -6.184665981283924197 0.5 #
color-adesk-attrib $-1 -1 $-1 $-1 $7694 256 #
face $7957 -1 $-1 $7958 $7959 $8 $-1 $7960 forward single #
loop $-1 -1 $-1 $-1 $7961 $7694 #
plane-surface $-1 -1 $-1 0.3000000000000015987 6.104096385542167269 -0.5 0.8334997309465151938 -0.5525198625498335403 0 0.5525198625498335403 0.8334997309465151938 0 forward_v I I I I #
coedge $-1 -1 $-1 $7962 $7963 $7964 $7965 forward $7695 $-1 #
coedge $-1 -1 $-1 $7966 $7697 $7963 $7967 forward $7562 $-1 #
coedge $-1 -1 $-1 $7697 $7966 $7968 $7969 reversed $7562 $-1 #
coedge $-1 -1 $-1 $7970 $7964 $7697 $7832 reversed $102 $-1 #
edge $7971 -1 $-1 $7972 0 $7973 0.2895719172308956479 $7697 $7974 forward @7 unknown #
coedge $-1 -1 $-1 $7699 $7698 $7738 $7880 reversed $7431 $-1 #
color-adesk-attrib $-1 -1 $-1 $-1 $7701 256 #
straight-curve $-1 -1 $-1 0.459994235906707849 7.309309922330534448 -0.5 -0.9999639744169136479 -0.008488219385113099369 0 F 0 F 0.1600000000000000033 #
coedge $-1 -1 $-1 $7738 $7975 $7702 $7837 forward $264 $-1 #
edge $7976 -1 $-1 $7844 0 $7839 0.2895719172308956479 $7702 $7977 forward @7 unknown #
color-adesk-attrib $-1 -1 $-1 $-1 $7703 256 #
vertex $-1 -1 $-1 $7703 $7978 #
straight-curve $-1 -1 $-1 0.459994235906707849 7.309309922330534448 -0.5 0 0 1 I I #
coedge $-1 -1 $-1 $7726 $7704 $7975 $7979 reversed $7595 $-1 #
coedge $-1 -1 $-1 $7704 $7726 $7706 $7847 reversed $7595 $-1 #
color-adesk-attrib $-1 -1 $-1 $-1 $7705 256 #
vertex $-1 -1 $-1 $7837 $7980 #
straight-curve $-1 -1 $-1 0.3000000000000002665 7.067951807228913808 -0.25 0 0 1 I I #
coedge $-1 -1 $-1 $7981 $7706 $7982 $7983 reversed $102 $-1 #
edge $7984 -1 $-1 $7708 -7.067951807228915584 $7985 -7.066987951807226054 $7842 $277 forward @7 unknown #
point $-1 -1 $-1 0.3000000000000016542 7.067951807228915584 -0.5 #
point $-1 -1 $-1 0.459994235906707849 7.309309922330534448 -0.5 #
coedge $-1 -1 $-1 $7711 $7737 $7731 $7875 forward $264 $-1 #
color-adesk-attrib $-1 -1 $-1 $-1 $7715 256 #
coedge $-1 -1 $-1 $7718 $7731 $7743 $7883 reversed $7732 $-1 #
color-adesk-attrib $-1 -1 $-1 $-1 $7719 256 #
vertex $-1 -1 $-1 $7719 $7986 #
straight-curve $-1 -1 $-1 0.459994235906707849 7.550273777752220639 -0.5 -0.9999639744169136479 -0.008488219385113099369 0 F 0 F 0.1600000000000000033 #
point $-1 -1 $-1 0.3000000000000016542 7.548915662650601988 -0.5 #
color-adesk-attrib $-1 -1 $-1 $-1 $7724 256 #
face $7987 -1 $-1 $7988 $7989 $8 $-1 $354 reversed single #
loop $-1 -1 $-1 $-1 $7990 $7724 #
coedge $-1 -1 $-1 $7991 $7992 $7993 $7994 forward $7725 $-1 #
coedge $-1 -1 $-1 $7995 $7982 $7726 $7862 reversed $7996 $-1 #
edge $7997 -1 $-1 $7998 -0.75 $7985 0.25 $7726 $7999 forward @7 unknown #
coedge $-1 -1 $-1 $7728 $7727 $7962 $8000 forward $7461 $-1 #
coedge $-1 -1 $-1 $8001 $8002 $7727 $7865 forward $264 $-1 #
edge $8003 -1 $-1 $8004 6.826024096385539863 $7873 6.826987951807225841 $7727 $352 forward @7 unknown #
coedge $-1 -1 $-1 $7964 $7981 $7728 $7867 forward $102 $-1 #
edge $8005 -1 $-1 $7872 -6.826987951807225841 $8006 -6.826024096385539863 $7728 $277 forward @7 unknown #
coedge $-1 -1 $-1 $8007 $7729 $7981 $8008 forward $7870 $-1 #
coedge $-1 -1 $-1 $7729 $8007 $8001 $8009 reversed $7870 $-1 #
loop $-1 -1 $-1 $-1 $7868 $8010 #
color-adesk-attrib $-1 -1 $-1 $-1 $7730 256 #
vertex $-1 -1 $-1 $7867 $8011 #
vertex $-1 -1 $-1 $8009 $8012 #
straight-curve $-1 -1 $-1 0.3000000000000002665 6.826987951807224064 -0.25 0 0 1 I I #
edge $8013 -1 $-1 $7887 0 $7734 0.1600000000000000033 $7731 $8014 forward @7 unknown #
face $8015 -1 $-1 $7482 $7732 $8 $-1 $8016 forward single #
point $-1 -1 $-1 0.3000000000000016542 7.548915662650601988 0.5 #
color-adesk-attrib $-1 -1 $-1 $-1 $7736 256 #
straight-curve $-1 -1 $-1 0.2999999999999999889 7.307951807228917573 -0.25 0 0 -1 I I #
edge $8017 -1 $-1 $7839 0 $7740 0.1600000000000000033 $7833 $8018 forward @7 unknown #
point $-1 -1 $-1 0.3000000000000016542 7.307951807228915797 0.5 #
point $-1 -1 $-1 0.3000000000000016542 7.307951807228915797 -0.5 #
edge $8019 -1 $-1 $7854 0 $7887 1 $7852 $8020 forward @7 unknown #
color-adesk-attrib $-1 -1 $-1 $-1 $7744 256 #
straight-curve $-1 -1 $-1 0.3000000000000016542 7.308915662650601774 -0.5 0.5525198625498334293 0.8334997309465150828 0 F 0 F 0.2895719172308956479 #
color-adesk-attrib $-1 -1 $-1 $-1 $7745 256 #
vertex $-1 -1 $-1 $7883 $8021 #
straight-curve $-1 -1 $-1 0.3000000000000016542 7.308915662650601774 0.5 0.5525198625498334293 0.8334997309465150828 0 I I #
color-adesk-attrib $-1 -1 $-1 $-1 $7746 256 #
plane-surface $-1 -1 $-1 0.3000000000000016542 7.308915662650601774 -0.5 0.8334997309465151938 -0.5525198625498335403 0 0.5525198625498335403 0.8334997309465151938 0 forward_v I I I I #
color-adesk-attrib $-1 -1 $-1 $-1 $7759 256 #
face $8022 -1 $-1 $8023 $8024 $8 $-1 $8025 forward single #
loop $-1 -1 $-1 $-1 $8026 $7759 #
plane-surface $-1 -1 $-1 0.4599942359067071274 -4.015991282488744929 -0.5 -0.008488219385113101104 0.99996397441691387 0 -0.99996397441691387 -0.008488219385113101104 0 forward_v I I I I #
coedge $-1 -1 $-1 $8027 $8028 $8029 $8030 forward $7760 $-1 #
coedge $-1 -1 $-1 $8031 $7762 $8032 $8033 reversed $7629 $-1 #
coedge $-1 -1 $-1 $7762 $8031 $7763 $7901 reversed $7629 $-1 #
coedge $-1 -1 $-1 $7765 $8034 $7762 $7899 reversed $102 $-1 #
edge $8035 -1 $-1 $7907 0 $8036 0.1600000000000000033 $7762 $8037 forward @7 unknown #
coedge $-1 -1 $-1 $7764 $7763 $8038 $8039 reversed $7496 $-1 #
edge $8040 -1 $-1 $7907 0 $8041 1 $7897 $8042 forward @7 unknown #
coedge $-1 -1 $-1 $8043 $8044 $7764 $7903 forward $8045 $-1 #
edge $8046 -1 $-1 $7906 -0.25 $8047 0.75 $7902 $8048 forward @7 unknown #
coedge $-1 -1 $-1 $8049 $7765 $8044 $8050 forward $102 $-1 #
color-adesk-attrib $-1 -1 $-1 $-1 $7766 256 #
vertex $-1 -1 $-1 $8050 $8051 #
vertex $-1 -1 $-1 $7899 $8052 #
straight-curve $-1 -1 $-1 0.3000000000000009326 -4.739277108433736174 -0.5 0.5525198625498334293 0.8334997309465150828 0 F 0 F 0.2895719172308956479 #
coedge $-1 -1 $-1 $8053 $7774 $7767 $7910 forward $264 $-1 #
edge $8054 -1 $-1 $7777 0 $7915 0.1600000000000000033 $7767 $8055 forward @7 unknown #
coedge $-1 -1 $-1 $8056 $7768 $7770 $7918 reversed $7913 $-1 #
coedge $-1 -1 $-1 $7768 $8056 $8053 $8057 reversed $7913 $-1 #
loop $-1 -1 $-1 $-1 $7768 $8058 #
color-adesk-attrib $-1 -1 $-1 $-1 $7769 256 #
vertex $-1 -1 $-1 $8057 $8059 #
straight-curve $-1 -1 $-1 0.2999999999999999889 -4.981204819277111895 -0.25 0 0 -1 I I #
coedge $-1 -1 $-1 $7770 $8049 $8060 $8061 reversed $102 $-1 #
edge $8062 -1 $-1 $8063 4.980240963855422365 $7772 4.981204819277113671 $7911 $277 forward @7 unknown #
point $-1 -1 $-1 0.3000000000000008771 -4.981204819277113671 -0.5 #
coedge $-1 -1 $-1 $7774 $8064 $7779 $7925 forward $264 $-1 #
color-adesk-attrib $-1 -1 $-1 $-1 $7775 256 #
straight-curve $-1 -1 $-1 0.3000000000000009326 -5.221204819277112108 0.5 0.5525198625498334293 0.8334997309465150828 0 I I #
point $-1 -1 $-1 0.4599942359067070718 -4.979846704175493244 0.5 #
coedge $-1 -1 $-1 $7780 $7779 $8065 $8066 forward $7781 $-1 #
edge $8067 -1 $-1 $8068 -5.222168674698796309 $7783 -5.221204819277112108 $7779 $352 forward @7 unknown #
face $8069 -1 $-1 $8058 $7781 $8 $-1 $354 reversed single #
point $-1 -1 $-1 0.3000000000000008771 -5.221204819277112108 0.5 #
coedge $-1 -1 $-1 $8065 $8070 $7785 $7929 forward $8071 $-1 #
edge $8072 -1 $-1 $7941 0 $7931 0.1600000000000000033 $7928 $8073 forward @7 unknown #
color-adesk-attrib $-1 -1 $-1 $-1 $7786 256 #
vertex $-1 -1 $-1 $7929 $8074 #
coedge $-1 -1 $-1 $8064 $7789 $8075 $8076 forward $264 $-1 #
coedge $-1 -1 $-1 $7796 $8075 $7792 $7934 reversed $7939 $-1 #
edge $8077 -1 $-1 $7799 -0.25 $7936 0.75 $7792 $8078 forward @7 unknown #
color-adesk-attrib $-1 -1 $-1 $-1 $7793 256 #
vertex $-1 -1 $-1 $8076 $8079 #
color-adesk-attrib $-1 -1 $-1 $-1 $7794 256 #
coedge $-1 -1 $-1 $8075 $7796 $8070 $8080 forward $7939 $-1 #
loop $-1 -1 $-1 $-1 $7796 $8081 #
color-adesk-attrib $-1 -1 $-1 $-1 $7797 256 #
vertex $-1 -1 $-1 $7929 $8082 #
straight-curve $-1 -1 $-1 0.3000000000000008771 -5.462168674698794746 -0.5 0.5525198625498334293 0.8334997309465150828 0 F 0 F 0.2895719172308956479 #
point $-1 -1 $-1 0.3000000000000008771 -5.462168674698794746 -0.5 #
coedge $-1 -1 $-1 $7806 $7801 $7800 $7945 reversed $7807 $-1 #
edge $8083 -1 $-1 $7951 0 $7804 0.1600000000000000033 $7944 $8084 forward @7 unknown #
color-adesk-attrib $-1 -1 $-1 $-1 $7802 256 #
straight-curve $-1 -1 $-1 0.2999999999999999889 -5.704096385542170466 -0.25 0 0 -1 I I #
point $-1 -1 $-1 0.3000000000000008216 -5.704096385542172243 0.5 #
face $8085 -1 $-1 $7553 $7807 $8 $-1 $8086 forward single #
color-adesk-attrib $-1 -1 $-1 $-1 $7812 256 #
vertex $-1 -1 $-1 $7816 $8087 #
straight-curve $-1 -1 $-1 0.3000000000000008771 -5.94409638554217068 0.5 0.5525198625498334293 0.8334997309465150828 0 I I #
color-adesk-attrib $-1 -1 $-1 $-1 $7816 256 #
straight-curve $-1 -1 $-1 0.4599942359067070718 -5.702738270440551815 -0.5 0 0 1 I I #
color-adesk-attrib $-1 -1 $-1 $-1 $7817 256 #
plane-surface $-1 -1 $-1 0.3000000000000008771 -5.94409638554217068 -0.5 0.8334997309465151938 -0.5525198625498335403 0 0.5525198625498335403 0.8334997309465151938 0 forward_v I I I I #
color-adesk-attrib $-1 -1 $-1 $-1 $7825 256 #
face $8088 -1 $-1 $8089 $8090 $8 $-1 $8091 forward single #
loop $-1 -1 $-1 $-1 $8092 $7825 #
plane-surface $-1 -1 $-1 0.4599942359067077935 6.345454500643786133 -0.5 -0.008488219385113101104 0.99996397441691387 0 -0.99996397441691387 -0.008488219385113101104 0 forward_v I I I I #
coedge $-1 -1 $-1 $8093 $8094 $8095 $8096 forward $7826 $-1 #
coedge $-1 -1 $-1 $8097 $7828 $7863 $8000 reversed $7695 $-1 #
coedge $-1 -1 $-1 $7828 $8097 $7829 $7967 reversed $7695 $-1 #
coedge $-1 -1 $-1 $7831 $7866 $7828 $7965 reversed $102 $-1 #
edge $8098 -1 $-1 $7973 0 $8006 0.1600000000000000033 $7828 $8099 forward @7 unknown #
coedge $-1 -1 $-1 $7830 $7829 $8100 $8101 reversed $7562 $-1 #
edge $8102 -1 $-1 $7973 0 $8103 1 $7963 $8104 forward @7 unknown #
coedge $-1 -1 $-1 $8105 $8106 $7830 $7969 forward $7859 $-1 #
edge $8107 -1 $-1 $7972 -0.25 $8108 0.75 $7968 $8109 forward @7 unknown #
coedge $-1 -1 $-1 $8110 $7831 $8106 $8111 forward $102 $-1 #
color-adesk-attrib $-1 -1 $-1 $-1 $7832 256 #
vertex $-1 -1 $-1 $8111 $8112 #
vertex $-1 -1 $-1 $7965 $8113 #
straight-curve $-1 -1 $-1 0.3000000000000015987 6.58602409638553965 -0.5 0.5525198625498334293 0.8334997309465150828 0 F 0 F 0.2895719172308956479 #
coedge $-1 -1 $-1 $7836 $8114 $7841 $7979 forward $264 $-1 #
color-adesk-attrib $-1 -1 $-1 $-1 $7837 256 #
straight-curve $-1 -1 $-1 0.3000000000000016542 7.067951807228915584 0.5 0.5525198625498334293 0.8334997309465150828 0 I I #
point $-1 -1 $-1 0.459994235906707849 7.309309922330534448 0.5 #
edge $8115 -1 $-1 $7998 7.066987951807226054 $7844 7.067951807228915584 $7841 $352 forward @7 unknown #
point $-1 -1 $-1 0.3000000000000016542 7.067951807228915584 0.5 #
coedge $-1 -1 $-1 $7866 $7846 $7868 $8008 reversed $102 $-1 #
coedge $-1 -1 $-1 $7861 $8116 $7846 $7983 forward $7996 $-1 #
edge $8117 -1 $-1 $8118 0 $7985 0.1600000000000000033 $7982 $8119 forward @7 unknown #
color-adesk-attrib $-1 -1 $-1 $-1 $7847 256 #
vertex $-1 -1 $-1 $7983 $8120 #
point $-1 -1 $-1 0.459994235906707849 7.550273777752220639 -0.5 #
color-adesk-attrib $-1 -1 $-1 $-1 $7858 256 #
face $8121 -1 $-1 $8122 $8123 $8 $-1 $354 reversed single #
loop $-1 -1 $-1 $-1 $8124 $7858 #
coedge $-1 -1 $-1 $8106 $8105 $8125 $8126 forward $7859 $-1 #
coedge $-1 -1 $-1 $8127 $7860 $8128 $8129 reversed $7725 $-1 #
coedge $-1 -1 $-1 $7860 $8127 $8130 $8131 reversed $7725 $-1 #
coedge $-1 -1 $-1 $8132 $8133 $7860 $7994 reversed $8134 $-1 #
edge $8135 -1 $-1 $8136 -0.25 $8137 0.75 $7860 $8138 forward @7 unknown #
coedge $-1 -1 $-1 $8116 $7861 $8114 $8139 reversed $7996 $-1 #
loop $-1 -1 $-1 $-1 $7982 $8140 #
color-adesk-attrib $-1 -1 $-1 $-1 $7862 256 #
vertex $-1 -1 $-1 $7979 $8141 #
straight-curve $-1 -1 $-1 0.2999999999999999889 7.06698795180722783 -0.25 0 0 -1 I I #
edge $8142 -1 $-1 $8004 -0.75 $8006 0.25 $7863 $8143 forward @7 unknown #
coedge $-1 -1 $-1 $8114 $7864 $7869 $8009 forward $264 $-1 #
coedge $-1 -1 $-1 $7864 $8100 $8097 $8144 forward $264 $-1 #
color-adesk-attrib $-1 -1 $-1 $-1 $7865 256 #
vertex $-1 -1 $-1 $7865 $8145 #
color-adesk-attrib $-1 -1 $-1 $-1 $7867 256 #
vertex $-1 -1 $-1 $7965 $8146 #
coedge $-1 -1 $-1 $7869 $7868 $8116 $8147 forward $7870 $-1 #
edge $8148 -1 $-1 $7872 0 $8118 0.2895719172308956479 $7868 $8149 forward @7 unknown #
edge $8150 -1 $-1 $7873 0 $8151 0.2895719172308956479 $7869 $8152 forward @7 unknown #
face $8153 -1 $-1 $8140 $7870 $8 $-1 $8154 forward single #
point $-1 -1 $-1 0.3000000000000016542 6.826987951807225841 -0.5 #
point $-1 -1 $-1 0.3000000000000015987 6.826987951807225841 0.5 #
color-adesk-attrib $-1 -1 $-1 $-1 $7875 256 #
straight-curve $-1 -1 $-1 0.459994235906707849 7.550273777752220639 0.5 -0.9999639744169136479 -0.008488219385113099369 0 I I #
color-adesk-attrib $-1 -1 $-1 $-1 $7876 256 #
plane-surface $-1 -1 $-1 0.459994235906707849 7.550273777752220639 -0.5 -0.008488219385113101104 0.99996397441691387 0 -0.99996397441691387 -0.008488219385113101104 0 forward_v I I I I #
color-adesk-attrib $-1 -1 $-1 $-1 $7880 256 #
straight-curve $-1 -1 $-1 0.459994235906707849 7.309309922330534448 0.5 -0.9999639744169136479 -0.008488219385113099369 0 I I #
color-adesk-attrib $-1 -1 $-1 $-1 $7883 256 #
straight-curve $-1 -1 $-1 0.459994235906707849 7.550273777752220639 -0.5 0 0 1 I I #
point $-1 -1 $-1 0.459994235906707849 7.550273777752220639 0.5 #
color-adesk-attrib $-1 -1 $-1 $-1 $7892 256 #
face $8155 -1 $-1 $8156 $8157 $8 $-1 $8158 forward single #
loop $-1 -1 $-1 $-1 $8159 $7892 #
plane-surface $-1 -1 $-1 0.3000000000000009881 -3.775421686746991412 -0.5 0.8334997309465151938 -0.5525198625498335403 0 0.5525198625498335403 0.8334997309465151938 0 forward_v I I I I #
coedge $-1 -1 $-1 $8160 $8161 $8162 $8163 forward $7893 $-1 #
coedge $-1 -1 $-1 $8164 $7895 $8161 $8165 forward $7760 $-1 #
coedge $-1 -1 $-1 $7895 $8164 $8166 $8167 reversed $7760 $-1 #
coedge $-1 -1 $-1 $8168 $8162 $7895 $8030 reversed $102 $-1 #
edge $8169 -1 $-1 $8170 0 $8171 0.2895719172308956479 $7895 $8172 forward @7 unknown #
coedge $-1 -1 $-1 $7897 $7896 $8173 $8174 reversed $7629 $-1 #
coedge $-1 -1 $-1 $8175 $8176 $7896 $8033 forward $8177 $-1 #
edge $8178 -1 $-1 $8179 -0.75 $8036 0.25 $8032 $8180 forward @7 unknown #
coedge $-1 -1 $-1 $7898 $8181 $8175 $8182 forward $102 $-1 #
color-adesk-attrib $-1 -1 $-1 $-1 $7899 256 #
vertex $-1 -1 $-1 $7899 $8183 #
straight-curve $-1 -1 $-1 0.4599942359067071274 -4.49791899333211731 -0.5 -0.9999639744169136479 -0.008488219385113099369 0 F 0 F 0.1600000000000000033 #
coedge $-1 -1 $-1 $8173 $8184 $7900 $8039 forward $264 $-1 #
edge $8185 -1 $-1 $8047 0 $8041 0.2895719172308956479 $7900 $8186 forward @7 unknown #
color-adesk-attrib $-1 -1 $-1 $-1 $7901 256 #
vertex $-1 -1 $-1 $7901 $8187 #
straight-curve $-1 -1 $-1 0.4599942359067071274 -4.49791899333211731 -0.5 0 0 1 I I #
coedge $-1 -1 $-1 $8188 $7902 $8184 $8189 reversed $8045 $-1 #
coedge $-1 -1 $-1 $7902 $8188 $7904 $8050 reversed $8045 $-1 #
loop $-1 -1 $-1 $-1 $7902 $8190 #
color-adesk-attrib $-1 -1 $-1 $-1 $7903 256 #
vertex $-1 -1 $-1 $8039 $8191 #
straight-curve $-1 -1 $-1 0.3000000000000000444 -4.739277108433737951 -0.25 0 0 1 I I #
coedge $-1 -1 $-1 $7917 $7904 $8192 $8193 reversed $102 $-1 #
edge $8194 -1 $-1 $7906 4.739277108433736174 $8195 4.740240963855423928 $8044 $277 forward @7 unknown #
point $-1 -1 $-1 0.3000000000000009326 -4.739277108433736174 -0.5 #
point $-1 -1 $-1 0.4599942359067071274 -4.49791899333211731 -0.5 #
coedge $-1 -1 $-1 $8196 $7909 $7912 $8057 forward $264 $-1 #
color-adesk-attrib $-1 -1 $-1 $-1 $7910 256 #
straight-curve $-1 -1 $-1 0.4599942359067070718 -4.979846704175493244 0.5 -0.9999639744169136479 -0.008488219385113099369 0 I I #
coedge $-1 -1 $-1 $7912 $7911 $8197 $8198 forward $7913 $-1 #
edge $8199 -1 $-1 $7915 -4.981204819277113671 $8200 -4.980240963855422365 $7912 $352 forward @7 unknown #
face $8201 -1 $-1 $7662 $7913 $8 $-1 $354 reversed single #
point $-1 -1 $-1 0.3000000000000008771 -4.981204819277113671 0.5 #
coedge $-1 -1 $-1 $8202 $8197 $7917 $8061 forward $8203 $-1 #
edge $8204 -1 $-1 $8063 0 $8205 0.2895719172308956479 $8060 $8206 forward @7 unknown #
color-adesk-attrib $-1 -1 $-1 $-1 $7918 256 #
vertex $-1 -1 $-1 $7918 $8207 #
coedge $-1 -1 $-1 $7920 $7932 $8208 $8209 forward $264 $-1 #
coedge $-1 -1 $-1 $8208 $7928 $7924 $8066 reversed $8071 $-1 #
edge $8210 -1 $-1 $8068 -0.75 $7931 0.25 $7924 $8211 forward @7 unknown #
color-adesk-attrib $-1 -1 $-1 $-1 $7925 256 #
vertex $-1 -1 $-1 $7925 $8212 #
color-adesk-attrib $-1 -1 $-1 $-1 $7926 256 #
coedge $-1 -1 $-1 $7928 $8208 $7938 $8080 reversed $8071 $-1 #
loop $-1 -1 $-1 $-1 $7928 $8213 #
color-adesk-attrib $-1 -1 $-1 $-1 $7929 256 #
straight-curve $-1 -1 $-1 0.4599942359067070718 -5.220810559597175882 -0.5 -0.9999639744169136479 -0.008488219385113099369 0 F 0 F 0.1600000000000000033 #
point $-1 -1 $-1 0.3000000000000008771 -5.222168674698796309 -0.5 #
coedge $-1 -1 $-1 $7933 $7938 $7932 $8076 reversed $7939 $-1 #
edge $8214 -1 $-1 $7936 0 $8215 0.2895719172308956479 $8075 $8216 forward @7 unknown #
color-adesk-attrib $-1 -1 $-1 $-1 $7934 256 #
straight-curve $-1 -1 $-1 0.3000000000000000444 -5.462168674698796522 -0.25 0 0 1 I I #
point $-1 -1 $-1 0.3000000000000008771 -5.462168674698794746 0.5 #
edge $8217 -1 $-1 $7941 0 $8215 1 $8070 $8218 forward @7 unknown #
face $8219 -1 $-1 $8213 $7939 $8 $-1 $8220 forward single #
point $-1 -1 $-1 0.4599942359067070718 -5.220810559597175882 -0.5 #
color-adesk-attrib $-1 -1 $-1 $-1 $7945 256 #
straight-curve $-1 -1 $-1 0.4599942359067070718 -5.702738270440551815 0.5 -0.9999639744169136479 -0.008488219385113099369 0 I I #
color-adesk-attrib $-1 -1 $-1 $-1 $7949 256 #
plane-surface $-1 -1 $-1 0.4599942359067070718 -5.702738270440551815 -0.5 -0.008488219385113101104 0.99996397441691387 0 -0.99996397441691387 -0.008488219385113101104 0 forward_v I I I I #
point $-1 -1 $-1 0.4599942359067070718 -5.702738270440551815 0.5 #
color-adesk-attrib $-1 -1 $-1 $-1 $7958 256 #
face $8221 -1 $-1 $8222 $8223 $8 $-1 $8224 forward single #
loop $-1 -1 $-1 $-1 $8225 $7958 #
plane-surface $-1 -1 $-1 0.3000000000000015987 5.622168674698794888 -0.5 0.8334997309465151938 -0.5525198625498335403 0 0.5525198625498335403 0.8334997309465151938 0 forward_v I I I I #
coedge $-1 -1 $-1 $8226 $8227 $8228 $8229 forward $7959 $-1 #
coedge $-1 -1 $-1 $8230 $7961 $8227 $8231 forward $7826 $-1 #
coedge $-1 -1 $-1 $7961 $8230 $8232 $8233 reversed $7826 $-1 #
coedge $-1 -1 $-1 $8234 $8228 $7961 $8096 reversed $102 $-1 #
edge $8235 -1 $-1 $8236 0 $8237 0.2895719172308956479 $7961 $8238 forward @7 unknown #
coedge $-1 -1 $-1 $7963 $7962 $8002 $8144 reversed $7695 $-1 #
color-adesk-attrib $-1 -1 $-1 $-1 $7965 256 #
straight-curve $-1 -1 $-1 0.4599942359067077935 6.827382211487158514 -0.5 -0.9999639744169136479 -0.008488219385113099369 0 F 0 F 0.1600000000000000033 #
coedge $-1 -1 $-1 $8002 $8239 $7966 $8101 forward $264 $-1 #
edge $8240 -1 $-1 $8108 0 $8103 0.2895719172308956479 $7966 $8241 forward @7 unknown #
color-adesk-attrib $-1 -1 $-1 $-1 $7967 256 #
vertex $-1 -1 $-1 $7967 $8242 #
straight-curve $-1 -1 $-1 0.4599942359067077935 6.827382211487158514 -0.5 0 0 1 I I #
coedge $-1 -1 $-1 $7990 $7968 $8239 $8243 reversed $7859 $-1 #
coedge $-1 -1 $-1 $7968 $7990 $7970 $8111 reversed $7859 $-1 #
color-adesk-attrib $-1 -1 $-1 $-1 $7969 256 #
vertex $-1 -1 $-1 $8101 $8244 #
straight-curve $-1 -1 $-1 0.3000000000000002665 6.586024096385537874 -0.25 0 0 1 I I #
coedge $-1 -1 $-1 $8245 $7970 $8246 $8247 reversed $102 $-1 #
edge $8248 -1 $-1 $7972 -6.58602409638553965 $8249 -6.585060240963853673 $8106 $277 forward @7 unknown #
point $-1 -1 $-1 0.3000000000000015987 6.58602409638553965 -0.5 #
point $-1 -1 $-1 0.4599942359067077935 6.827382211487158514 -0.5 #
coedge $-1 -1 $-1 $7975 $8001 $7995 $8139 forward $264 $-1 #
color-adesk-attrib $-1 -1 $-1 $-1 $7979 256 #
coedge $-1 -1 $-1 $7982 $7995 $8007 $8147 reversed $7996 $-1 #
color-adesk-attrib $-1 -1 $-1 $-1 $7983 256 #
vertex $-1 -1 $-1 $7983 $8250 #
straight-curve $-1 -1 $-1 0.459994235906707849 7.068346066908844705 -0.5 -0.9999639744169136479 -0.008488219385113099369 0 F 0 F 0.1600000000000000033 #
point $-1 -1 $-1 0.3000000000000015987 7.066987951807226054 -0.5 #
color-adesk-attrib $-1 -1 $-1 $-1 $7988 256 #
face $8251 -1 $-1 $8252 $8253 $8 $-1 $354 reversed single #
loop $-1 -1 $-1 $-1 $8254 $7988 #
coedge $-1 -1 $-1 $8255 $8256 $8257 $8258 forward $7989 $-1 #
coedge $-1 -1 $-1 $8259 $8246 $7990 $8126 reversed $8260 $-1 #
edge $8261 -1 $-1 $8262 -0.75 $8249 0.25 $7990 $8263 forward @7 unknown #
coedge $-1 -1 $-1 $7992 $7991 $8226 $8264 forward $7725 $-1 #
coedge $-1 -1 $-1 $8265 $8266 $7991 $8129 forward $264 $-1 #
edge $8267 -1 $-1 $8268 6.344096385542167482 $8137 6.34506024096385346 $7991 $352 forward @7 unknown #
coedge $-1 -1 $-1 $8228 $8245 $7992 $8131 forward $102 $-1 #
edge $8269 -1 $-1 $8136 -6.34506024096385346 $8270 -6.344096385542167482 $7992 $277 forward @7 unknown #
coedge $-1 -1 $-1 $8271 $7993 $8245 $8272 forward $8134 $-1 #
coedge $-1 -1 $-1 $7993 $8271 $8265 $8273 reversed $8134 $-1 #
loop $-1 -1 $-1 $-1 $8132 $8274 #
color-adesk-attrib $-1 -1 $-1 $-1 $7994 256 #
vertex $-1 -1 $-1 $8131 $8275 #
vertex $-1 -1 $-1 $8273 $8276 #
straight-curve $-1 -1 $-1 0.3000000000000002665 6.345060240963851683 -0.25 0 0 1 I I #
edge $8277 -1 $-1 $8151 0 $7998 0.1600000000000000033 $7995 $8278 forward @7 unknown #
face $8279 -1 $-1 $7746 $7996 $8 $-1 $8280 forward single #
point $-1 -1 $-1 0.3000000000000015987 7.066987951807226054 0.5 #
color-adesk-attrib $-1 -1 $-1 $-1 $8000 256 #
straight-curve $-1 -1 $-1 0.2999999999999999889 6.826024096385540751 -0.25 0 0 -1 I I #
edge $8281 -1 $-1 $8103 0 $8004 0.1600000000000000033 $8097 $8282 forward @7 unknown #
point $-1 -1 $-1 0.3000000000000015987 6.826024096385539863 0.5 #
point $-1 -1 $-1 0.3000000000000015987 6.826024096385539863 -0.5 #
edge $8283 -1 $-1 $8118 0 $8151 1 $8116 $8284 forward @7 unknown #
color-adesk-attrib $-1 -1 $-1 $-1 $8008 256 #
straight-curve $-1 -1 $-1 0.3000000000000016542 6.826987951807225841 -0.5 0.5525198625498334293 0.8334997309465150828 0 F 0 F 0.2895719172308956479 #
color-adesk-attrib $-1 -1 $-1 $-1 $8009 256 #
vertex $-1 -1 $-1 $8147 $8285 #
straight-curve $-1 -1 $-1 0.3000000000000016542 6.826987951807225841 0.5 0.5525198625498334293 0.8334997309465150828 0 I I #
color-adesk-attrib $-1 -1 $-1 $-1 $8010 256 #
plane-surface $-1 -1 $-1 0.3000000000000016542 6.826987951807225841 -0.5 0.8334997309465151938 -0.5525198625498335403 0 0.5525198625498335403 0.8334997309465151938 0 forward_v I I I I #
color-adesk-attrib $-1 -1 $-1 $-1 $8023 256 #
face $8286 -1 $-1 $8287 $8288 $8 $-1 $8289 forward single #
loop $-1 -1 $-1 $-1 $8290 $8023 #
plane-surface $-1 -1 $-1 0.4599942359067071829 -3.534063571645372548 -0.5 -0.008488219385113101104 0.99996397441691387 0 -0.99996397441691387 -0.008488219385113101104 0 forward_v I I I I #
coedge $-1 -1 $-1 $8291 $8292 $8293 $8294 forward $8024 $-1 #
coedge $-1 -1 $-1 $8295 $8026 $8296 $8297 reversed $7893 $-1 #
coedge $-1 -1 $-1 $8026 $8295 $8027 $8165 reversed $7893 $-1 #
coedge $-1 -1 $-1 $8029 $8298 $8026 $8163 reversed $102 $-1 #
edge $8299 -1 $-1 $8171 0 $8300 0.1600000000000000033 $8026 $8301 forward @7 unknown #
coedge $-1 -1 $-1 $8028 $8027 $8302 $8303 reversed $7760 $-1 #
edge $8304 -1 $-1 $8171 0 $8305 1 $8161 $8306 forward @7 unknown #
coedge $-1 -1 $-1 $8307 $8308 $8028 $8167 forward $8309 $-1 #
edge $8310 -1 $-1 $8170 -0.25 $8311 0.75 $8166 $8312 forward @7 unknown #
coedge $-1 -1 $-1 $8313 $8029 $8308 $8314 forward $102 $-1 #
color-adesk-attrib $-1 -1 $-1 $-1 $8030 256 #
vertex $-1 -1 $-1 $8314 $8315 #
vertex $-1 -1 $-1 $8163 $8316 #
straight-curve $-1 -1 $-1 0.3000000000000009326 -4.257349397590363793 -0.5 0.5525198625498334293 0.8334997309465150828 0 F 0 F 0.2895719172308956479 #
coedge $-1 -1 $-1 $8317 $8038 $8031 $8174 forward $264 $-1 #
edge $8318 -1 $-1 $8041 0 $8179 0.1600000000000000033 $8031 $8319 forward @7 unknown #
coedge $-1 -1 $-1 $8320 $8032 $8034 $8182 reversed $8177 $-1 #
coedge $-1 -1 $-1 $8032 $8320 $8317 $8321 reversed $8177 $-1 #
loop $-1 -1 $-1 $-1 $8032 $8322 #
color-adesk-attrib $-1 -1 $-1 $-1 $8033 256 #
vertex $-1 -1 $-1 $8321 $8323 #
straight-curve $-1 -1 $-1 0.2999999999999999889 -4.499277108433735961 -0.25 0 0 -1 I I #
coedge $-1 -1 $-1 $8034 $8313 $8324 $8325 reversed $102 $-1 #
edge $8326 -1 $-1 $8327 4.498313253012049984 $8036 4.499277108433737737 $8175 $277 forward @7 unknown #
point $-1 -1 $-1 0.3000000000000009326 -4.499277108433737737 -0.5 #
coedge $-1 -1 $-1 $8038 $8328 $8043 $8189 forward $264 $-1 #
color-adesk-attrib $-1 -1 $-1 $-1 $8039 256 #
straight-curve $-1 -1 $-1 0.3000000000000009326 -4.739277108433736174 0.5 0.5525198625498334293 0.8334997309465150828 0 I I #
point $-1 -1 $-1 0.4599942359067071274 -4.49791899333211731 0.5 #
coedge $-1 -1 $-1 $8044 $8043 $8329 $8330 forward $8045 $-1 #
edge $8331 -1 $-1 $8332 -4.740240963855423928 $8047 -4.739277108433736174 $8043 $352 forward @7 unknown #
face $8333 -1 $-1 $8322 $8045 $8 $-1 $354 reversed single #
point $-1 -1 $-1 0.3000000000000009326 -4.739277108433736174 0.5 #
coedge $-1 -1 $-1 $8329 $8334 $8049 $8193 forward $8335 $-1 #
edge $8336 -1 $-1 $8205 0 $8195 0.1600000000000000033 $8192 $8337 forward @7 unknown #
color-adesk-attrib $-1 -1 $-1 $-1 $8050 256 #
vertex $-1 -1 $-1 $8193 $8338 #
coedge $-1 -1 $-1 $8328 $8053 $8339 $8340 forward $264 $-1 #
coedge $-1 -1 $-1 $8060 $8339 $8056 $8198 reversed $8203 $-1 #
edge $8341 -1 $-1 $8063 -0.25 $8200 0.75 $8056 $8342 forward @7 unknown #
color-adesk-attrib $-1 -1 $-1 $-1 $8057 256 #
vertex $-1 -1 $-1 $8340 $8343 #
color-adesk-attrib $-1 -1 $-1 $-1 $8058 256 #
coedge $-1 -1 $-1 $8339 $8060 $8334 $8344 forward $8203 $-1 #
loop $-1 -1 $-1 $-1 $8060 $8345 #
color-adesk-attrib $-1 -1 $-1 $-1 $8061 256 #
vertex $-1 -1 $-1 $8193 $8346 #
straight-curve $-1 -1 $-1 0.3000000000000009326 -4.980240963855422365 -0.5 0.5525198625498334293 0.8334997309465150828 0 F 0 F 0.2895719172308956479 #
point $-1 -1 $-1 0.3000000000000009326 -4.980240963855422365 -0.5 #
coedge $-1 -1 $-1 $8070 $8065 $8064 $8209 reversed $8071 $-1 #
edge $8347 -1 $-1 $8215 0 $8068 0.1600000000000000033 $8208 $8348 forward @7 unknown #
color-adesk-attrib $-1 -1 $-1 $-1 $8066 256 #
straight-curve $-1 -1 $-1 0.2999999999999999889 -5.222168674698794533 -0.25 0 0 -1 I I #
point $-1 -1 $-1 0.3000000000000008771 -5.222168674698796309 0.5 #
face $8349 -1 $-1 $7817 $8071 $8 $-1 $8350 forward single #
color-adesk-attrib $-1 -1 $-1 $-1 $8076 256 #
vertex $-1 -1 $-1 $8080 $8351 #
straight-curve $-1 -1 $-1 0.3000000000000008771 -5.462168674698794746 0.5 0.5525198625498334293 0.8334997309465150828 0 I I #
color-adesk-attrib $-1 -1 $-1 $-1 $8080 256 #
straight-curve $-1 -1 $-1 0.4599942359067070718 -5.220810559597175882 -0.5 0 0 1 I I #
color-adesk-attrib $-1 -1 $-1 $-1 $8081 256 #
plane-surface $-1 -1 $-1 0.3000000000000008771 -5.462168674698794746 -0.5 0.8334997309465151938 -0.5525198625498335403 0 0.5525198625498335403 0.8334997309465151938 0 forward_v I I I I #
color-adesk-attrib $-1 -1 $-1 $-1 $8089 256 #
face $8352 -1 $-1 $8353 $8354 $8 $-1 $8355 forward single #
loop $-1 -1 $-1 $-1 $8356 $8089 #
plane-surface $-1 -1 $-1 0.459994235906707738 5.863526789800413752 -0.5 -0.008488219385113101104 0.99996397441691387 0 -0.99996397441691387 -0.008488219385113101104 0 forward_v I I I I #
coedge $-1 -1 $-1 $8357 $8358 $8359 $8360 forward $8090 $-1 #
coedge $-1 -1 $-1 $8361 $8092 $8127 $8264 reversed $7959 $-1 #
coedge $-1 -1 $-1 $8092 $8361 $8093 $8231 reversed $7959 $-1 #
coedge $-1 -1 $-1 $8095 $8130 $8092 $8229 reversed $102 $-1 #
edge $8362 -1 $-1 $8237 0 $8270 0.1600000000000000033 $8092 $8363 forward @7 unknown #
coedge $-1 -1 $-1 $8094 $8093 $8364 $8365 reversed $7826 $-1 #
edge $8366 -1 $-1 $8237 0 $8367 1 $8227 $8368 forward @7 unknown #
coedge $-1 -1 $-1 $8369 $8370 $8094 $8233 forward $8123 $-1 #
edge $8371 -1 $-1 $8236 -0.25 $8372 0.75 $8232 $8373 forward @7 unknown #
coedge $-1 -1 $-1 $8374 $8095 $8370 $8375 forward $102 $-1 #
color-adesk-attrib $-1 -1 $-1 $-1 $8096 256 #
vertex $-1 -1 $-1 $8375 $8376 #
vertex $-1 -1 $-1 $8229 $8377 #
straight-curve $-1 -1 $-1 0.3000000000000015987 6.104096385542167269 -0.5 0.5525198625498334293 0.8334997309465150828 0 F 0 F 0.2895719172308956479 #
coedge $-1 -1 $-1 $8100 $8378 $8105 $8243 forward $264 $-1 #
color-adesk-attrib $-1 -1 $-1 $-1 $8101 256 #
straight-curve $-1 -1 $-1 0.3000000000000015987 6.58602409638553965 0.5 0.5525198625498334293 0.8334997309465150828 0 I I #
point $-1 -1 $-1 0.4599942359067077935 6.827382211487158514 0.5 #
edge $8379 -1 $-1 $8262 6.585060240963853673 $8108 6.58602409638553965 $8105 $352 forward @7 unknown #
point $-1 -1 $-1 0.3000000000000015987 6.58602409638553965 0.5 #
coedge $-1 -1 $-1 $8130 $8110 $8132 $8272 reversed $102 $-1 #
coedge $-1 -1 $-1 $8125 $8380 $8110 $8247 forward $8260 $-1 #
edge $8381 -1 $-1 $8382 0 $8249 0.1600000000000000033 $8246 $8383 forward @7 unknown #
color-adesk-attrib $-1 -1 $-1 $-1 $8111 256 #
vertex $-1 -1 $-1 $8247 $8384 #
point $-1 -1 $-1 0.459994235906707849 7.068346066908844705 -0.5 #
color-adesk-attrib $-1 -1 $-1 $-1 $8122 256 #
face $8385 -1 $-1 $8386 $8387 $8 $-1 $354 reversed single #
loop $-1 -1 $-1 $-1 $8388 $8122 #
coedge $-1 -1 $-1 $8370 $8369 $8389 $8390 forward $8123 $-1 #
coedge $-1 -1 $-1 $8391 $8124 $8392 $8393 reversed $7989 $-1 #
coedge $-1 -1 $-1 $8124 $8391 $8394 $8395 reversed $7989 $-1 #
coedge $-1 -1 $-1 $8396 $8397 $8124 $8258 reversed $8398 $-1 #
edge $8399 -1 $-1 $8400 -0.25 $8401 0.75 $8124 $8402 forward @7 unknown #
coedge $-1 -1 $-1 $8380 $8125 $8378 $8403 reversed $8260 $-1 #
loop $-1 -1 $-1 $-1 $8246 $8404 #
color-adesk-attrib $-1 -1 $-1 $-1 $8126 256 #
vertex $-1 -1 $-1 $8243 $8405 #
straight-curve $-1 -1 $-1 0.2999999999999999889 6.585060240963855449 -0.25 0 0 -1 I I #
edge $8406 -1 $-1 $8268 -0.75 $8270 0.25 $8127 $8407 forward @7 unknown #
coedge $-1 -1 $-1 $8378 $8128 $8133 $8273 forward $264 $-1 #
coedge $-1 -1 $-1 $8128 $8364 $8361 $8408 forward $264 $-1 #
color-adesk-attrib $-1 -1 $-1 $-1 $8129 256 #
vertex $-1 -1 $-1 $8129 $8409 #
color-adesk-attrib $-1 -1 $-1 $-1 $8131 256 #
vertex $-1 -1 $-1 $8229 $8410 #
coedge $-1 -1 $-1 $8133 $8132 $8380 $8411 forward $8134 $-1 #
edge $8412 -1 $-1 $8136 0 $8382 0.2895719172308956479 $8132 $8413 forward @7 unknown #
edge $8414 -1 $-1 $8137 0 $8415 0.2895719172308956479 $8133 $8416 forward @7 unknown #
face $8417 -1 $-1 $8404 $8134 $8 $-1 $8418 forward single #
point $-1 -1 $-1 0.3000000000000015987 6.34506024096385346 -0.5 #
point $-1 -1 $-1 0.3000000000000015987 6.34506024096385346 0.5 #
color-adesk-attrib $-1 -1 $-1 $-1 $8139 256 #
straight-curve $-1 -1 $-1 0.459994235906707849 7.068346066908844705 0.5 -0.9999639744169136479 -0.008488219385113099369 0 I I #
color-adesk-attrib $-1 -1 $-1 $-1 $8140 256 #
plane-surface $-1 -1 $-1 0.459994235906707849 7.068346066908844705 -0.5 -0.008488219385113101104 0.99996397441691387 0 -0.99996397441691387 -0.008488219385113101104 0 forward_v I I I I #
color-adesk-attrib $-1 -1 $-1 $-1 $8144 256 #
straight-curve $-1 -1 $-1 0.4599942359067077935 6.827382211487158514 0.5 -0.9999639744169136479 -0.008488219385113099369 0 I I #
color-adesk-attrib $-1 -1 $-1 $-1 $8147 256 #
straight-curve $-1 -1 $-1 0.459994235906707849 7.068346066908844705 -0.5 0 0 1 I I #
point $-1 -1 $-1 0.459994235906707849 7.068346066908844705 0.5 #
color-adesk-attrib $-1 -1 $-1 $-1 $8156 256 #
face $8419 -1 $-1 $8420 $8421 $8 $-1 $8422 forward single #
loop $-1 -1 $-1 $-1 $8423 $8156 #
plane-surface $-1 -1 $-1 0.3000000000000010436 -3.293493975903615478 -0.5 0.8334997309465151938 -0.5525198625498335403 0 0.5525198625498335403 0.8334997309465151938 0 forward_v I I I I #
coedge $-1 -1 $-1 $8424 $8425 $8426 $8427 forward $8157 $-1 #
coedge $-1 -1 $-1 $8428 $8159 $8425 $8429 forward $8024 $-1 #
coedge $-1 -1 $-1 $8159 $8428 $8430 $8431 reversed $8024 $-1 #
coedge $-1 -1 $-1 $8432 $8426 $8159 $8294 reversed $102 $-1 #
edge $8433 -1 $-1 $8434 0 $8435 0.2895719172308956479 $8159 $8436 forward @7 unknown #
coedge $-1 -1 $-1 $8161 $8160 $8437 $8438 reversed $7893 $-1 #
coedge $-1 -1 $-1 $8439 $8440 $8160 $8297 forward $8441 $-1 #
edge $8442 -1 $-1 $8443 -0.75 $8300 0.25 $8296 $8444 forward @7 unknown #
coedge $-1 -1 $-1 $8162 $8445 $8439 $8446 forward $102 $-1 #
color-adesk-attrib $-1 -1 $-1 $-1 $8163 256 #
vertex $-1 -1 $-1 $8163 $8447 #
straight-curve $-1 -1 $-1 0.4599942359067071274 -4.015991282488744929 -0.5 -0.9999639744169136479 -0.008488219385113099369 0 F 0 F 0.1600000000000000033 #
coedge $-1 -1 $-1 $8437 $8448 $8164 $8303 forward $264 $-1 #
edge $8449 -1 $-1 $8311 0 $8305 0.2895719172308956479 $8164 $8450 forward @7 unknown #
color-adesk-attrib $-1 -1 $-1 $-1 $8165 256 #
vertex $-1 -1 $-1 $8165 $8451 #
straight-curve $-1 -1 $-1 0.4599942359067071274 -4.015991282488744929 -0.5 0 0 1 I I #
coedge $-1 -1 $-1 $8452 $8166 $8448 $8453 reversed $8309 $-1 #
coedge $-1 -1 $-1 $8166 $8452 $8168 $8314 reversed $8309 $-1 #
loop $-1 -1 $-1 $-1 $8166 $8454 #
color-adesk-attrib $-1 -1 $-1 $-1 $8167 256 #
vertex $-1 -1 $-1 $8303 $8455 #
straight-curve $-1 -1 $-1 0.2999999999999999334 -4.257349397590366458 -0.25 0 0 1 I I #
coedge $-1 -1 $-1 $8181 $8168 $8456 $8457 reversed $102 $-1 #
edge $8458 -1 $-1 $8170 4.257349397590363793 $8459 4.258313253012051547 $8308 $277 forward @7 unknown #
point $-1 -1 $-1 0.3000000000000009326 -4.257349397590363793 -0.5 #
point $-1 -1 $-1 0.4599942359067071274 -4.015991282488744929 -0.5 #
coedge $-1 -1 $-1 $8460 $8173 $8176 $8321 forward $264 $-1 #
color-adesk-attrib $-1 -1 $-1 $-1 $8174 256 #
straight-curve $-1 -1 $-1 0.4599942359067071274 -4.49791899333211731 0.5 -0.9999639744169136479 -0.008488219385113099369 0 I I #
coedge $-1 -1 $-1 $8176 $8175 $8461 $8462 forward $8177 $-1 #
edge $8463 -1 $-1 $8179 -4.499277108433737737 $8464 -4.498313253012049984 $8176 $352 forward @7 unknown #
face $8465 -1 $-1 $7926 $8177 $8 $-1 $354 reversed single #
point $-1 -1 $-1 0.3000000000000009326 -4.499277108433737737 0.5 #
coedge $-1 -1 $-1 $8466 $8461 $8181 $8325 forward $8467 $-1 #
edge $8468 -1 $-1 $8327 0 $8469 0.2895719172308956479 $8324 $8470 forward @7 unknown #
color-adesk-attrib $-1 -1 $-1 $-1 $8182 256 #
vertex $-1 -1 $-1 $8182 $8471 #
coedge $-1 -1 $-1 $8184 $8196 $8472 $8473 forward $264 $-1 #
coedge $-1 -1 $-1 $8472 $8192 $8188 $8330 reversed $8335 $-1 #
edge $8474 -1 $-1 $8332 -0.75 $8195 0.25 $8188 $8475 forward @7 unknown #
color-adesk-attrib $-1 -1 $-1 $-1 $8189 256 #
vertex $-1 -1 $-1 $8189 $8476 #
color-adesk-attrib $-1 -1 $-1 $-1 $8190 256 #
coedge $-1 -1 $-1 $8192 $8472 $8202 $8344 reversed $8335 $-1 #
loop $-1 -1 $-1 $-1 $8192 $8477 #
color-adesk-attrib $-1 -1 $-1 $-1 $8193 256 #
straight-curve $-1 -1 $-1 0.4599942359067070718 -4.738882848753803501 -0.5 -0.9999639744169136479 -0.008488219385113099369 0 F 0 F 0.1600000000000000033 #
point $-1 -1 $-1 0.3000000000000009326 -4.740240963855423928 -0.5 #
coedge $-1 -1 $-1 $8197 $8202 $8196 $8340 reversed $8203 $-1 #
edge $8478 -1 $-1 $8200 0 $8479 0.2895719172308956479 $8339 $8480 forward @7 unknown #
color-adesk-attrib $-1 -1 $-1 $-1 $8198 256 #
straight-curve $-1 -1 $-1 0.3000000000000000444 -4.980240963855424141 -0.25 0 0 1 I I #
point $-1 -1 $-1 0.3000000000000009326 -4.980240963855422365 0.5 #
edge $8481 -1 $-1 $8205 0 $8479 1 $8334 $8482 forward @7 unknown #
face $8483 -1 $-1 $8477 $8203 $8 $-1 $8484 forward single #
point $-1 -1 $-1 0.4599942359067070718 -4.738882848753803501 -0.5 #
color-adesk-attrib $-1 -1 $-1 $-1 $8209 256 #
straight-curve $-1 -1 $-1 0.4599942359067070718 -5.220810559597175882 0.5 -0.9999639744169136479 -0.008488219385113099369 0 I I #
color-adesk-attrib $-1 -1 $-1 $-1 $8213 256 #
plane-surface $-1 -1 $-1 0.4599942359067070718 -5.220810559597175882 -0.5 -0.008488219385113101104 0.99996397441691387 0 -0.99996397441691387 -0.008488219385113101104 0 forward_v I I I I #
point $-1 -1 $-1 0.4599942359067070718 -5.220810559597175882 0.5 #
color-adesk-attrib $-1 -1 $-1 $-1 $8222 256 #
face $8485 -1 $-1 $8486 $8487 $8 $-1 $8488 forward single #
loop $-1 -1 $-1 $-1 $8489 $8222 #
plane-surface $-1 -1 $-1 0.3000000000000015432 5.140240963855418954 -0.5 0.8334997309465151938 -0.5525198625498335403 0 0.5525198625498335403 0.8334997309465151938 0 forward_v I I I I #
coedge $-1 -1 $-1 $8490 $8491 $8492 $8493 forward $8223 $-1 #
coedge $-1 -1 $-1 $8494 $8225 $8491 $8495 forward $8090 $-1 #
coedge $-1 -1 $-1 $8225 $8494 $8496 $8497 reversed $8090 $-1 #
coedge $-1 -1 $-1 $8498 $8492 $8225 $8360 reversed $102 $-1 #
edge $8499 -1 $-1 $8500 0 $8501 0.2895719172308956479 $8225 $8502 forward @7 unknown #
coedge $-1 -1 $-1 $8227 $8226 $8266 $8408 reversed $7959 $-1 #
color-adesk-attrib $-1 -1 $-1 $-1 $8229 256 #
straight-curve $-1 -1 $-1 0.4599942359067077935 6.345454500643786133 -0.5 -0.9999639744169136479 -0.008488219385113099369 0 F 0 F 0.1600000000000000033 #
coedge $-1 -1 $-1 $8266 $8503 $8230 $8365 forward $264 $-1 #
edge $8504 -1 $-1 $8372 0 $8367 0.2895719172308956479 $8230 $8505 forward @7 unknown #
color-adesk-attrib $-1 -1 $-1 $-1 $8231 256 #
vertex $-1 -1 $-1 $8231 $8506 #
straight-curve $-1 -1 $-1 0.4599942359067077935 6.345454500643786133 -0.5 0 0 1 I I #
coedge $-1 -1 $-1 $8254 $8232 $8503 $8507 reversed $8123 $-1 #
coedge $-1 -1 $-1 $8232 $8254 $8234 $8375 reversed $8123 $-1 #
color-adesk-attrib $-1 -1 $-1 $-1 $8233 256 #
vertex $-1 -1 $-1 $8365 $8508 #
straight-curve $-1 -1 $-1 0.3000000000000002665 6.104096385542165493 -0.25 0 0 1 I I #
coedge $-1 -1 $-1 $8509 $8234 $8510 $8511 reversed $102 $-1 #
edge $8512 -1 $-1 $8236 -6.104096385542167269 $8513 -6.103132530120481292 $8370 $277 forward @7 unknown #
point $-1 -1 $-1 0.3000000000000015987 6.104096385542167269 -0.5 #
point $-1 -1 $-1 0.4599942359067077935 6.345454500643786133 -0.5 #
coedge $-1 -1 $-1 $8239 $8265 $8259 $8403 forward $264 $-1 #
color-adesk-attrib $-1 -1 $-1 $-1 $8243 256 #
coedge $-1 -1 $-1 $8246 $8259 $8271 $8411 reversed $8260 $-1 #
color-adesk-attrib $-1 -1 $-1 $-1 $8247 256 #
vertex $-1 -1 $-1 $8247 $8514 #
straight-curve $-1 -1 $-1 0.4599942359067077935 6.586418356065472324 -0.5 -0.9999639744169136479 -0.008488219385113099369 0 F 0 F 0.1600000000000000033 #
point $-1 -1 $-1 0.3000000000000015987 6.585060240963853673 -0.5 #
color-adesk-attrib $-1 -1 $-1 $-1 $8252 256 #
face $8515 -1 $-1 $8516 $8517 $8 $-1 $354 reversed single #
loop $-1 -1 $-1 $-1 $8518 $8252 #
coedge $-1 -1 $-1 $8519 $8520 $8521 $8522 forward $8253 $-1 #
coedge $-1 -1 $-1 $8523 $8510 $8254 $8390 reversed $8524 $-1 #
edge $8525 -1 $-1 $8526 -0.75 $8513 0.25 $8254 $8527 forward @7 unknown #
coedge $-1 -1 $-1 $8256 $8255 $8490 $8528 forward $7989 $-1 #
coedge $-1 -1 $-1 $8529 $8530 $8255 $8393 forward $264 $-1 #
edge $8531 -1 $-1 $8532 5.862168674698795101 $8401 5.863132530120481078 $8255 $352 forward @7 unknown #
coedge $-1 -1 $-1 $8492 $8509 $8256 $8395 forward $102 $-1 #
edge $8533 -1 $-1 $8400 -5.863132530120481078 $8534 -5.862168674698795101 $8256 $277 forward @7 unknown #
coedge $-1 -1 $-1 $8535 $8257 $8509 $8536 forward $8398 $-1 #
coedge $-1 -1 $-1 $8257 $8535 $8529 $8537 reversed $8398 $-1 #
loop $-1 -1 $-1 $-1 $8396 $8538 #
color-adesk-attrib $-1 -1 $-1 $-1 $8258 256 #
vertex $-1 -1 $-1 $8395 $8539 #
vertex $-1 -1 $-1 $8537 $8540 #
straight-curve $-1 -1 $-1 0.3000000000000000444 5.863132530120479302 -0.25 0 0 1 I I #
edge $8541 -1 $-1 $8415 0 $8262 0.1600000000000000033 $8259 $8542 forward @7 unknown #
face $8543 -1 $-1 $8010 $8260 $8 $-1 $8544 forward single #
point $-1 -1 $-1 0.3000000000000015987 6.585060240963853673 0.5 #
color-adesk-attrib $-1 -1 $-1 $-1 $8264 256 #
straight-curve $-1 -1 $-1 0.2999999999999999889 6.34409638554216837 -0.25 0 0 -1 I I #
edge $8545 -1 $-1 $8367 0 $8268 0.1600000000000000033 $8361 $8546 forward @7 unknown #
point $-1 -1 $-1 0.3000000000000015987 6.344096385542167482 0.5 #
point $-1 -1 $-1 0.3000000000000015987 6.344096385542167482 -0.5 #
edge $8547 -1 $-1 $8382 0 $8415 1 $8380 $8548 forward @7 unknown #
color-adesk-attrib $-1 -1 $-1 $-1 $8272 256 #
straight-curve $-1 -1 $-1 0.3000000000000015987 6.34506024096385346 -0.5 0.5525198625498334293 0.8334997309465150828 0 F 0 F 0.2895719172308956479 #
color-adesk-attrib $-1 -1 $-1 $-1 $8273 256 #
vertex $-1 -1 $-1 $8411 $8549 #
straight-curve $-1 -1 $-1 0.3000000000000015987 6.34506024096385346 0.5 0.5525198625498334293 0.8334997309465150828 0 I I #
color-adesk-attrib $-1 -1 $-1 $-1 $8274 256 #
plane-surface $-1 -1 $-1 0.3000000000000015987 6.34506024096385346 -0.5 0.8334997309465151938 -0.5525198625498335403 0 0.5525198625498335403 0.8334997309465151938 0 forward_v I I I I #
color-adesk-attrib $-1 -1 $-1 $-1 $8287 256 #
face $8550 -1 $-1 $8551 $8552 $8 $-1 $8553 forward single #
loop $-1 -1 $-1 $-1 $8554 $8287 #
plane-surface $-1 -1 $-1 0.4599942359067071829 -3.052135860801996614 -0.5 -0.008488219385113101104 0.99996397441691387 0 -0.99996397441691387 -0.008488219385113101104 0 forward_v I I I I #
coedge $-1 -1 $-1 $8555 $8556 $8557 $8558 forward $8288 $-1 #
coedge $-1 -1 $-1 $8559 $8290 $8560 $8561 reversed $8157 $-1 #
coedge $-1 -1 $-1 $8290 $8559 $8291 $8429 reversed $8157 $-1 #
coedge $-1 -1 $-1 $8293 $8562 $8290 $8427 reversed $102 $-1 #
edge $8563 -1 $-1 $8435 0 $8564 0.1600000000000000033 $8290 $8565 forward @7 unknown #
coedge $-1 -1 $-1 $8292 $8291 $8566 $8567 reversed $8024 $-1 #
edge $8568 -1 $-1 $8435 0 $8569 1 $8425 $8570 forward @7 unknown #
coedge $-1 -1 $-1 $8571 $8572 $8292 $8431 forward $8573 $-1 #
edge $8574 -1 $-1 $8434 -0.25 $8575 0.75 $8430 $8576 forward @7 unknown #
coedge $-1 -1 $-1 $8577 $8293 $8572 $8578 forward $102 $-1 #
color-adesk-attrib $-1 -1 $-1 $-1 $8294 256 #
vertex $-1 -1 $-1 $8578 $8579 #
vertex $-1 -1 $-1 $8427 $8580 #
straight-curve $-1 -1 $-1 0.3000000000000009881 -3.775421686746991412 -0.5 0.5525198625498334293 0.8334997309465150828 0 F 0 F 0.2895719172308956479 #
coedge $-1 -1 $-1 $8581 $8302 $8295 $8438 forward $264 $-1 #
edge $8582 -1 $-1 $8305 0 $8443 0.1600000000000000033 $8295 $8583 forward @7 unknown #
coedge $-1 -1 $-1 $8584 $8296 $8298 $8446 reversed $8441 $-1 #
coedge $-1 -1 $-1 $8296 $8584 $8581 $8585 reversed $8441 $-1 #
loop $-1 -1 $-1 $-1 $8296 $8586 #
color-adesk-attrib $-1 -1 $-1 $-1 $8297 256 #
vertex $-1 -1 $-1 $8585 $8587 #
straight-curve $-1 -1 $-1 0.2999999999999999889 -4.01734939759036358 -0.25 0 0 -1 I I #
coedge $-1 -1 $-1 $8298 $8577 $8588 $8589 reversed $102 $-1 #
edge $8590 -1 $-1 $8591 4.016385542168677603 $8300 4.017349397590365356 $8439 $277 forward @7 unknown #
point $-1 -1 $-1 0.3000000000000009326 -4.017349397590365356 -0.5 #
coedge $-1 -1 $-1 $8302 $8592 $8307 $8453 forward $264 $-1 #
color-adesk-attrib $-1 -1 $-1 $-1 $8303 256 #
straight-curve $-1 -1 $-1 0.3000000000000009326 -4.257349397590363793 0.5 0.5525198625498334293 0.8334997309465150828 0 I I #
point $-1 -1 $-1 0.4599942359067071274 -4.015991282488744929 0.5 #
coedge $-1 -1 $-1 $8308 $8307 $8593 $8594 forward $8309 $-1 #
edge $8595 -1 $-1 $8596 -4.258313253012051547 $8311 -4.257349397590363793 $8307 $352 forward @7 unknown #
face $8597 -1 $-1 $8586 $8309 $8 $-1 $354 reversed single #
point $-1 -1 $-1 0.3000000000000009326 -4.257349397590363793 0.5 #
coedge $-1 -1 $-1 $8593 $8598 $8313 $8457 forward $8599 $-1 #
edge $8600 -1 $-1 $8469 0 $8459 0.1600000000000000033 $8456 $8601 forward @7 unknown #
color-adesk-attrib $-1 -1 $-1 $-1 $8314 256 #
vertex $-1 -1 $-1 $8457 $8602 #
coedge $-1 -1 $-1 $8592 $8317 $8603 $8604 forward $264 $-1 #
coedge $-1 -1 $-1 $8324 $8603 $8320 $8462 reversed $8467 $-1 #
edge $8605 -1 $-1 $8327 -0.25 $8464 0.75 $8320 $8606 forward @7 unknown #
color-adesk-attrib $-1 -1 $-1 $-1 $8321 256 #
vertex $-1 -1 $-1 $8604 $8607 #
color-adesk-attrib $-1 -1 $-1 $-1 $8322 256 #
coedge $-1 -1 $-1 $8603 $8324 $8598 $8608 forward $8467 $-1 #
loop $-1 -1 $-1 $-1 $8324 $8609 #
color-adesk-attrib $-1 -1 $-1 $-1 $8325 256 #
vertex $-1 -1 $-1 $8457 $8610 #
straight-curve $-1 -1 $-1 0.3000000000000009326 -4.498313253012049984 -0.5 0.5525198625498334293 0.8334997309465150828 0 F 0 F 0.2895719172308956479 #
point $-1 -1 $-1 0.3000000000000009326 -4.498313253012049984 -0.5 #
coedge $-1 -1 $-1 $8334 $8329 $8328 $8473 reversed $8335 $-1 #
edge $8611 -1 $-1 $8479 0 $8332 0.1600000000000000033 $8472 $8612 forward @7 unknown #
color-adesk-attrib $-1 -1 $-1 $-1 $8330 256 #
straight-curve $-1 -1 $-1 0.2999999999999999889 -4.740240963855422152 -0.25 0 0 -1 I I #
point $-1 -1 $-1 0.3000000000000009326 -4.740240963855423928 0.5 #
face $8613 -1 $-1 $8081 $8335 $8 $-1 $8614 forward single #
color-adesk-attrib $-1 -1 $-1 $-1 $8340 256 #
vertex $-1 -1 $-1 $8344 $8615 #
straight-curve $-1 -1 $-1 0.3000000000000009326 -4.980240963855422365 0.5 0.5525198625498334293 0.8334997309465150828 0 I I #
color-adesk-attrib $-1 -1 $-1 $-1 $8344 256 #
straight-curve $-1 -1 $-1 0.4599942359067070718 -4.738882848753803501 -0.5 0 0 1 I I #
color-adesk-attrib $-1 -1 $-1 $-1 $8345 256 #
plane-surface $-1 -1 $-1 0.3000000000000009326 -4.980240963855422365 -0.5 0.8334997309465151938 -0.5525198625498335403 0 0.5525198625498335403 0.8334997309465151938 0 forward_v I I I I #
color-adesk-attrib $-1 -1 $-1 $-1 $8353 256 #
face $8616 -1 $-1 $8617 $8618 $8 $-1 $8619 forward single #
loop $-1 -1 $-1 $-1 $8620 $8353 #
plane-surface $-1 -1 $-1 0.459994235906707738 5.381599078957037818 -0.5 -0.008488219385113101104 0.99996397441691387 0 -0.99996397441691387 -0.008488219385113101104 0 forward_v I I I I #
coedge $-1 -1 $-1 $8621 $8622 $8623 $8624 forward $8354 $-1 #
coedge $-1 -1 $-1 $8625 $8356 $8391 $8528 reversed $8223 $-1 #
coedge $-1 -1 $-1 $8356 $8625 $8357 $8495 reversed $8223 $-1 #
coedge $-1 -1 $-1 $8359 $8394 $8356 $8493 reversed $102 $-1 #
edge $8626 -1 $-1 $8501 0 $8534 0.1600000000000000033 $8356 $8627 forward @7 unknown #
coedge $-1 -1 $-1 $8358 $8357 $8628 $8629 reversed $8090 $-1 #
edge $8630 -1 $-1 $8501 0 $8631 1 $8491 $8632 forward @7 unknown #
coedge $-1 -1 $-1 $8633 $8634 $8358 $8497 forward $8387 $-1 #
edge $8635 -1 $-1 $8500 -0.25 $8636 0.75 $8496 $8637 forward @7 unknown #
coedge $-1 -1 $-1 $8638 $8359 $8634 $8639 forward $102 $-1 #
color-adesk-attrib $-1 -1 $-1 $-1 $8360 256 #
vertex $-1 -1 $-1 $8639 $8640 #
vertex $-1 -1 $-1 $8493 $8641 #
straight-curve $-1 -1 $-1 0.3000000000000015987 5.622168674698794888 -0.5 0.5525198625498334293 0.8334997309465150828 0 F 0 F 0.2895719172308956479 #
coedge $-1 -1 $-1 $8364 $8642 $8369 $8507 forward $264 $-1 #
color-adesk-attrib $-1 -1 $-1 $-1 $8365 256 #
straight-curve $-1 -1 $-1 0.3000000000000015987 6.104096385542167269 0.5 0.5525198625498334293 0.8334997309465150828 0 I I #
point $-1 -1 $-1 0.4599942359067077935 6.345454500643786133 0.5 #
edge $8643 -1 $-1 $8526 6.103132530120481292 $8372 6.104096385542167269 $8369 $352 forward @7 unknown #
point $-1 -1 $-1 0.3000000000000015987 6.104096385542167269 0.5 #
coedge $-1 -1 $-1 $8394 $8374 $8396 $8536 reversed $102 $-1 #
coedge $-1 -1 $-1 $8389 $8644 $8374 $8511 forward $8524 $-1 #
edge $8645 -1 $-1 $8646 0 $8513 0.1600000000000000033 $8510 $8647 forward @7 unknown #
color-adesk-attrib $-1 -1 $-1 $-1 $8375 256 #
vertex $-1 -1 $-1 $8511 $8648 #
point $-1 -1 $-1 0.4599942359067077935 6.586418356065472324 -0.5 #
color-adesk-attrib $-1 -1 $-1 $-1 $8386 256 #
face $8649 -1 $-1 $8650 $8651 $8 $-1 $354 reversed single #
loop $-1 -1 $-1 $-1 $8652 $8386 #
coedge $-1 -1 $-1 $8634 $8633 $8653 $8654 forward $8387 $-1 #
coedge $-1 -1 $-1 $8655 $8388 $8656 $8657 reversed $8253 $-1 #
coedge $-1 -1 $-1 $8388 $8655 $8658 $8659 reversed $8253 $-1 #
coedge $-1 -1 $-1 $8660 $8661 $8388 $8522 reversed $8662 $-1 #
edge $8663 -1 $-1 $8664 -0.25 $8665 0.75 $8388 $8666 forward @7 unknown #
coedge $-1 -1 $-1 $8644 $8389 $8642 $8667 reversed $8524 $-1 #
loop $-1 -1 $-1 $-1 $8510 $8668 #
color-adesk-attrib $-1 -1 $-1 $-1 $8390 256 #
vertex $-1 -1 $-1 $8507 $8669 #
straight-curve $-1 -1 $-1 0.2999999999999999889 6.10313253012048218 -0.25 0 0 -1 I I #
edge $8670 -1 $-1 $8532 -0.75 $8534 0.25 $8391 $8671 forward @7 unknown #
coedge $-1 -1 $-1 $8642 $8392 $8397 $8537 forward $264 $-1 #
coedge $-1 -1 $-1 $8392 $8628 $8625 $8672 forward $264 $-1 #
color-adesk-attrib $-1 -1 $-1 $-1 $8393 256 #
vertex $-1 -1 $-1 $8393 $8673 #
color-adesk-attrib $-1 -1 $-1 $-1 $8395 256 #
vertex $-1 -1 $-1 $8493 $8674 #
coedge $-1 -1 $-1 $8397 $8396 $8644 $8675 forward $8398 $-1 #
edge $8676 -1 $-1 $8400 0 $8646 0.2895719172308956479 $8396 $8677 forward @7 unknown #
edge $8678 -1 $-1 $8401 0 $8679 0.2895719172308956479 $8397 $8680 forward @7 unknown #
face $8681 -1 $-1 $8668 $8398 $8 $-1 $8682 forward single #
point $-1 -1 $-1 0.3000000000000015987 5.863132530120481078 -0.5 #
point $-1 -1 $-1 0.3000000000000015987 5.863132530120481078 0.5 #
color-adesk-attrib $-1 -1 $-1 $-1 $8403 256 #
straight-curve $-1 -1 $-1 0.4599942359067077935 6.586418356065472324 0.5 -0.9999639744169136479 -0.008488219385113099369 0 I I #
color-adesk-attrib $-1 -1 $-1 $-1 $8404 256 #
plane-surface $-1 -1 $-1 0.4599942359067077935 6.586418356065472324 -0.5 -0.008488219385113101104 0.99996397441691387 0 -0.99996397441691387 -0.008488219385113101104 0 forward_v I I I I #
color-adesk-attrib $-1 -1 $-1 $-1 $8408 256 #
straight-curve $-1 -1 $-1 0.4599942359067077935 6.345454500643786133 0.5 -0.9999639744169136479 -0.008488219385113099369 0 I I #
color-adesk-attrib $-1 -1 $-1 $-1 $8411 256 #
straight-curve $-1 -1 $-1 0.4599942359067077935 6.586418356065472324 -0.5 0 0 1 I I #
point $-1 -1 $-1 0.4599942359067077935 6.586418356065472324 0.5 #
color-adesk-attrib $-1 -1 $-1 $-1 $8420 256 #
face $8683 -1 $-1 $8684 $8685 $8 $-1 $8686 forward single #
loop $-1 -1 $-1 $-1 $8687 $8420 #
plane-surface $-1 -1 $-1 0.3000000000000010436 -2.811566265060243097 -0.5 0.8334997309465151938 -0.5525198625498335403 0 0.5525198625498335403 0.8334997309465151938 0 forward_v I I I I #
coedge $-1 -1 $-1 $8688 $8689 $8690 $8691 forward $8421 $-1 #
coedge $-1 -1 $-1 $8692 $8423 $8689 $8693 forward $8288 $-1 #
coedge $-1 -1 $-1 $8423 $8692 $8694 $8695 reversed $8288 $-1 #
coedge $-1 -1 $-1 $8696 $8690 $8423 $8558 reversed $102 $-1 #
edge $8697 -1 $-1 $8698 0 $8699 0.2895719172308956479 $8423 $8700 forward @7 unknown #
coedge $-1 -1 $-1 $8425 $8424 $8701 $8702 reversed $8157 $-1 #
coedge $-1 -1 $-1 $8703 $8704 $8424 $8561 forward $8705 $-1 #
edge $8706 -1 $-1 $8707 -0.75 $8564 0.25 $8560 $8708 forward @7 unknown #
coedge $-1 -1 $-1 $8426 $8709 $8703 $8710 forward $102 $-1 #
color-adesk-attrib $-1 -1 $-1 $-1 $8427 256 #
vertex $-1 -1 $-1 $8427 $8711 #
straight-curve $-1 -1 $-1 0.4599942359067071829 -3.534063571645372548 -0.5 -0.9999639744169136479 -0.008488219385113099369 0 F 0 F 0.1600000000000000033 #
coedge $-1 -1 $-1 $8701 $8712 $8428 $8567 forward $264 $-1 #
edge $8713 -1 $-1 $8575 0 $8569 0.2895719172308956479 $8428 $8714 forward @7 unknown #
color-adesk-attrib $-1 -1 $-1 $-1 $8429 256 #
vertex $-1 -1 $-1 $8429 $8715 #
straight-curve $-1 -1 $-1 0.4599942359067071829 -3.534063571645372548 -0.5 0 0 1 I I #
coedge $-1 -1 $-1 $8716 $8430 $8712 $8717 reversed $8573 $-1 #
coedge $-1 -1 $-1 $8430 $8716 $8432 $8578 reversed $8573 $-1 #
loop $-1 -1 $-1 $-1 $8430 $8718 #
color-adesk-attrib $-1 -1 $-1 $-1 $8431 256 #
vertex $-1 -1 $-1 $8567 $8719 #
straight-curve $-1 -1 $-1 0.2999999999999999334 -3.775421686746993188 -0.25 0 0 1 I I #
coedge $-1 -1 $-1 $8445 $8432 $8720 $8721 reversed $102 $-1 #
edge $8722 -1 $-1 $8434 3.775421686746991412 $8723 3.776385542168679166 $8572 $277 forward @7 unknown #
point $-1 -1 $-1 0.3000000000000009881 -3.775421686746991412 -0.5 #
point $-1 -1 $-1 0.4599942359067071829 -3.534063571645372548 -0.5 #
coedge $-1 -1 $-1 $8724 $8437 $8440 $8585 forward $264 $-1 #
color-adesk-attrib $-1 -1 $-1 $-1 $8438 256 #
straight-curve $-1 -1 $-1 0.4599942359067071274 -4.015991282488744929 0.5 -0.9999639744169136479 -0.008488219385113099369 0 I I #
coedge $-1 -1 $-1 $8440 $8439 $8725 $8726 forward $8441 $-1 #
edge $8727 -1 $-1 $8443 -4.017349397590365356 $8728 -4.016385542168677603 $8440 $352 forward @7 unknown #
face $8729 -1 $-1 $8190 $8441 $8 $-1 $354 reversed single #
point $-1 -1 $-1 0.3000000000000009326 -4.017349397590365356 0.5 #
coedge $-1 -1 $-1 $8730 $8725 $8445 $8589 forward $8731 $-1 #
edge $8732 -1 $-1 $8591 0 $8733 0.2895719172308956479 $8588 $8734 forward @7 unknown #
color-adesk-attrib $-1 -1 $-1 $-1 $8446 256 #
vertex $-1 -1 $-1 $8446 $8735 #
coedge $-1 -1 $-1 $8448 $8460 $8736 $8737 forward $264 $-1 #
coedge $-1 -1 $-1 $8736 $8456 $8452 $8594 reversed $8599 $-1 #
edge $8738 -1 $-1 $8596 -0.75 $8459 0.25 $8452 $8739 forward @7 unknown #
color-adesk-attrib $-1 -1 $-1 $-1 $8453 256 #
vertex $-1 -1 $-1 $8453 $8740 #
color-adesk-attrib $-1 -1 $-1 $-1 $8454 256 #
coedge $-1 -1 $-1 $8456 $8736 $8466 $8608 reversed $8599 $-1 #
loop $-1 -1 $-1 $-1 $8456 $8741 #
color-adesk-attrib $-1 -1 $-1 $-1 $8457 256 #
straight-curve $-1 -1 $-1 0.4599942359067071274 -4.25695513791043112 -0.5 -0.9999639744169136479 -0.008488219385113099369 0 F 0 F 0.1600000000000000033 #
point $-1 -1 $-1 0.3000000000000009326 -4.258313253012051547 -0.5 #
coedge $-1 -1 $-1 $8461 $8466 $8460 $8604 reversed $8467 $-1 #
edge $8742 -1 $-1 $8464 0 $8743 0.2895719172308956479 $8603 $8744 forward @7 unknown #
color-adesk-attrib $-1 -1 $-1 $-1 $8462 256 #
straight-curve $-1 -1 $-1 0.2999999999999998224 -4.49831325301205176 -0.25 0 0 1 I I #
point $-1 -1 $-1 0.3000000000000009326 -4.498313253012049984 0.5 #
edge $8745 -1 $-1 $8469 0 $8743 1 $8598 $8746 forward @7 unknown #
face $8747 -1 $-1 $8741 $8467 $8 $-1 $8748 forward single #
point $-1 -1 $-1 0.4599942359067071274 -4.25695513791043112 -0.5 #
color-adesk-attrib $-1 -1 $-1 $-1 $8473 256 #
straight-curve $-1 -1 $-1 0.4599942359067070718 -4.738882848753803501 0.5 -0.9999639744169136479 -0.008488219385113099369 0 I I #
color-adesk-attrib $-1 -1 $-1 $-1 $8477 256 #
plane-surface $-1 -1 $-1 0.4599942359067070718 -4.738882848753803501 -0.5 -0.008488219385113101104 0.99996397441691387 0 -0.99996397441691387 -0.008488219385113101104 0 forward_v I I I I #
point $-1 -1 $-1 0.4599942359067070718 -4.738882848753803501 0.5 #
color-adesk-attrib $-1 -1 $-1 $-1 $8486 256 #
face $8749 -1 $-1 $8750 $8751 $8 $-1 $8752 forward single #
loop $-1 -1 $-1 $-1 $8753 $8486 #
plane-surface $-1 -1 $-1 0.3000000000000014877 4.658313253012046573 -0.5 0.8334997309465151938 -0.5525198625498335403 0 0.5525198625498335403 0.8334997309465151938 0 forward_v I I I I #
coedge $-1 -1 $-1 $8754 $8755 $8756 $8757 forward $8487 $-1 #
coedge $-1 -1 $-1 $8758 $8489 $8755 $8759 forward $8354 $-1 #
coedge $-1 -1 $-1 $8489 $8758 $8760 $8761 reversed $8354 $-1 #
coedge $-1 -1 $-1 $8762 $8756 $8489 $8624 reversed $102 $-1 #
edge $8763 -1 $-1 $8764 0 $8765 0.2895719172308956479 $8489 $8766 forward @7 unknown #
coedge $-1 -1 $-1 $8491 $8490 $8530 $8672 reversed $8223 $-1 #
color-adesk-attrib $-1 -1 $-1 $-1 $8493 256 #
straight-curve $-1 -1 $-1 0.459994235906707738 5.863526789800413752 -0.5 -0.9999639744169136479 -0.008488219385113099369 0 F 0 F 0.1600000000000000033 #
coedge $-1 -1 $-1 $8530 $8767 $8494 $8629 forward $264 $-1 #
edge $8768 -1 $-1 $8636 0 $8631 0.2895719172308956479 $8494 $8769 forward @7 unknown #
color-adesk-attrib $-1 -1 $-1 $-1 $8495 256 #
vertex $-1 -1 $-1 $8495 $8770 #
straight-curve $-1 -1 $-1 0.459994235906707738 5.863526789800413752 -0.5 0 0 1 I I #
coedge $-1 -1 $-1 $8518 $8496 $8767 $8771 reversed $8387 $-1 #
coedge $-1 -1 $-1 $8496 $8518 $8498 $8639 reversed $8387 $-1 #
color-adesk-attrib $-1 -1 $-1 $-1 $8497 256 #
vertex $-1 -1 $-1 $8629 $8772 #
straight-curve $-1 -1 $-1 0.3000000000000001554 5.622168674698793112 -0.25 0 0 1 I I #
coedge $-1 -1 $-1 $8773 $8498 $8774 $8775 reversed $102 $-1 #
edge $8776 -1 $-1 $8500 -5.622168674698794888 $8777 -5.621204819277105358 $8634 $277 forward @7 unknown #
point $-1 -1 $-1 0.3000000000000015987 5.622168674698794888 -0.5 #
point $-1 -1 $-1 0.459994235906707738 5.863526789800413752 -0.5 #
coedge $-1 -1 $-1 $8503 $8529 $8523 $8667 forward $264 $-1 #
color-adesk-attrib $-1 -1 $-1 $-1 $8507 256 #
coedge $-1 -1 $-1 $8510 $8523 $8535 $8675 reversed $8524 $-1 #
color-adesk-attrib $-1 -1 $-1 $-1 $8511 256 #
vertex $-1 -1 $-1 $8511 $8778 #
straight-curve $-1 -1 $-1 0.459994235906707738 6.104490645222099943 -0.5 -0.9999639744169136479 -0.008488219385113099369 0 F 0 F 0.1600000000000000033 #
point $-1 -1 $-1 0.3000000000000015987 6.103132530120481292 -0.5 #
color-adesk-attrib $-1 -1 $-1 $-1 $8516 256 #
face $8779 -1 $-1 $8780 $8781 $8 $-1 $354 reversed single #
loop $-1 -1 $-1 $-1 $8782 $8516 #
coedge $-1 -1 $-1 $8783 $8784 $8785 $8786 forward $8517 $-1 #
coedge $-1 -1 $-1 $8787 $8774 $8518 $8654 reversed $8788 $-1 #
edge $8789 -1 $-1 $8790 -0.75 $8777 0.25 $8518 $8791 forward @7 unknown #
coedge $-1 -1 $-1 $8520 $8519 $8754 $8792 forward $8253 $-1 #
coedge $-1 -1 $-1 $8793 $8794 $8519 $8657 forward $264 $-1 #
edge $8795 -1 $-1 $8796 5.380240963855419167 $8665 5.381204819277105145 $8519 $352 forward @7 unknown #
coedge $-1 -1 $-1 $8756 $8773 $8520 $8659 forward $102 $-1 #
edge $8797 -1 $-1 $8664 -5.381204819277105145 $8798 -5.380240963855419167 $8520 $277 forward @7 unknown #
coedge $-1 -1 $-1 $8799 $8521 $8773 $8800 forward $8662 $-1 #
coedge $-1 -1 $-1 $8521 $8799 $8793 $8801 reversed $8662 $-1 #
loop $-1 -1 $-1 $-1 $8660 $8802 #
color-adesk-attrib $-1 -1 $-1 $-1 $8522 256 #
vertex $-1 -1 $-1 $8659 $8803 #
vertex $-1 -1 $-1 $8801 $8804 #
straight-curve $-1 -1 $-1 0.3000000000000002665 5.381204819277103368 -0.25 0 0 1 I I #
edge $8805 -1 $-1 $8679 0 $8526 0.1600000000000000033 $8523 $8806 forward @7 unknown #
face $8807 -1 $-1 $8274 $8524 $8 $-1 $8808 forward single #
point $-1 -1 $-1 0.3000000000000015987 6.103132530120481292 0.5 #
color-adesk-attrib $-1 -1 $-1 $-1 $8528 256 #
straight-curve $-1 -1 $-1 0.2999999999999999889 5.862168674698795989 -0.25 0 0 -1 I I #
edge $8809 -1 $-1 $8631 0 $8532 0.1600000000000000033 $8625 $8810 forward @7 unknown #
point $-1 -1 $-1 0.3000000000000015432 5.862168674698795101 0.5 #
point $-1 -1 $-1 0.3000000000000015432 5.862168674698795101 -0.5 #
edge $8811 -1 $-1 $8646 0 $8679 1 $8644 $8812 forward @7 unknown #
color-adesk-attrib $-1 -1 $-1 $-1 $8536 256 #
straight-curve $-1 -1 $-1 0.3000000000000015987 5.863132530120481078 -0.5 0.5525198625498334293 0.8334997309465150828 0 F 0 F 0.2895719172308956479 #
color-adesk-attrib $-1 -1 $-1 $-1 $8537 256 #
vertex $-1 -1 $-1 $8675 $8813 #
straight-curve $-1 -1 $-1 0.3000000000000015987 5.863132530120481078 0.5 0.5525198625498334293 0.8334997309465150828 0 I I #
color-adesk-attrib $-1 -1 $-1 $-1 $8538 256 #
plane-surface $-1 -1 $-1 0.3000000000000015987 5.863132530120481078 -0.5 0.8334997309465151938 -0.5525198625498335403 0 0.5525198625498335403 0.8334997309465151938 0 forward_v I I I I #
color-adesk-attrib $-1 -1 $-1 $-1 $8551 256 #
face $8814 -1 $-1 $8815 $8816 $8 $-1 $8817 forward single #
loop $-1 -1 $-1 $-1 $8818 $8551 #
plane-surface $-1 -1 $-1 0.4599942359067072384 -2.570208149958624233 -0.5 -0.008488219385113101104 0.99996397441691387 0 -0.99996397441691387 -0.008488219385113101104 0 forward_v I I I I #
coedge $-1 -1 $-1 $8819 $8820 $8821 $8822 forward $8552 $-1 #
coedge $-1 -1 $-1 $8823 $8554 $8824 $8825 reversed $8421 $-1 #
coedge $-1 -1 $-1 $8554 $8823 $8555 $8693 reversed $8421 $-1 #
coedge $-1 -1 $-1 $8557 $8826 $8554 $8691 reversed $102 $-1 #
edge $8827 -1 $-1 $8699 0 $8828 0.1600000000000000033 $8554 $8829 forward @7 unknown #
coedge $-1 -1 $-1 $8556 $8555 $8830 $8831 reversed $8288 $-1 #
edge $8832 -1 $-1 $8699 0 $8833 1 $8689 $8834 forward @7 unknown #
coedge $-1 -1 $-1 $8835 $8836 $8556 $8695 forward $8837 $-1 #
edge $8838 -1 $-1 $8698 -0.25 $8839 0.75 $8694 $8840 forward @7 unknown #
coedge $-1 -1 $-1 $8841 $8557 $8836 $8842 forward $102 $-1 #
color-adesk-attrib $-1 -1 $-1 $-1 $8558 256 #
vertex $-1 -1 $-1 $8842 $8843 #
vertex $-1 -1 $-1 $8691 $8844 #
straight-curve $-1 -1 $-1 0.3000000000000010436 -3.293493975903615478 -0.5 0.5525198625498334293 0.8334997309465150828 0 F 0 F 0.2895719172308956479 #
coedge $-1 -1 $-1 $8845 $8566 $8559 $8702 forward $264 $-1 #
edge $8846 -1 $-1 $8569 0 $8707 0.1600000000000000033 $8559 $8847 forward @7 unknown #
coedge $-1 -1 $-1 $8848 $8560 $8562 $8710 reversed $8705 $-1 #
coedge $-1 -1 $-1 $8560 $8848 $8845 $8849 reversed $8705 $-1 #
loop $-1 -1 $-1 $-1 $8560 $8850 #
color-adesk-attrib $-1 -1 $-1 $-1 $8561 256 #
vertex $-1 -1 $-1 $8849 $8851 #
straight-curve $-1 -1 $-1 0.2999999999999999889 -3.535421686746991199 -0.25 0 0 -1 I I #
coedge $-1 -1 $-1 $8562 $8841 $8852 $8853 reversed $102 $-1 #
edge $8854 -1 $-1 $8855 3.534457831325301669 $8564 3.535421686746992975 $8703 $277 forward @7 unknown #
point $-1 -1 $-1 0.3000000000000009881 -3.535421686746992975 -0.5 #
coedge $-1 -1 $-1 $8566 $8856 $8571 $8717 forward $264 $-1 #
color-adesk-attrib $-1 -1 $-1 $-1 $8567 256 #
straight-curve $-1 -1 $-1 0.3000000000000009881 -3.775421686746991412 0.5 0.5525198625498334293 0.8334997309465150828 0 I I #
point $-1 -1 $-1 0.4599942359067071829 -3.534063571645372548 0.5 #
coedge $-1 -1 $-1 $8572 $8571 $8857 $8858 forward $8573 $-1 #
edge $8859 -1 $-1 $8860 -3.776385542168679166 $8575 -3.775421686746991412 $8571 $352 forward @7 unknown #
face $8861 -1 $-1 $8850 $8573 $8 $-1 $354 reversed single #
point $-1 -1 $-1 0.3000000000000009881 -3.775421686746991412 0.5 #
coedge $-1 -1 $-1 $8857 $8862 $8577 $8721 forward $8863 $-1 #
edge $8864 -1 $-1 $8733 0 $8723 0.1600000000000000033 $8720 $8865 forward @7 unknown #
color-adesk-attrib $-1 -1 $-1 $-1 $8578 256 #
vertex $-1 -1 $-1 $8721 $8866 #
coedge $-1 -1 $-1 $8856 $8581 $8867 $8868 forward $264 $-1 #
coedge $-1 -1 $-1 $8588 $8867 $8584 $8726 reversed $8731 $-1 #
edge $8869 -1 $-1 $8591 -0.25 $8728 0.75 $8584 $8870 forward @7 unknown #
color-adesk-attrib $-1 -1 $-1 $-1 $8585 256 #
vertex $-1 -1 $-1 $8868 $8871 #
color-adesk-attrib $-1 -1 $-1 $-1 $8586 256 #
coedge $-1 -1 $-1 $8867 $8588 $8862 $8872 forward $8731 $-1 #
loop $-1 -1 $-1 $-1 $8588 $8873 #
color-adesk-attrib $-1 -1 $-1 $-1 $8589 256 #
vertex $-1 -1 $-1 $8721 $8874 #
straight-curve $-1 -1 $-1 0.3000000000000009881 -4.016385542168677603 -0.5 0.5525198625498334293 0.8334997309465150828 0 F 0 F 0.2895719172308956479 #
point $-1 -1 $-1 0.3000000000000009881 -4.016385542168677603 -0.5 #
coedge $-1 -1 $-1 $8598 $8593 $8592 $8737 reversed $8599 $-1 #
edge $8875 -1 $-1 $8743 0 $8596 0.1600000000000000033 $8736 $8876 forward @7 unknown #
color-adesk-attrib $-1 -1 $-1 $-1 $8594 256 #
straight-curve $-1 -1 $-1 0.2999999999999999889 -4.258313253012048882 -0.25 0 0 -1 I I #
point $-1 -1 $-1 0.3000000000000009326 -4.258313253012051547 0.5 #
face $8877 -1 $-1 $8345 $8599 $8 $-1 $8878 forward single #
color-adesk-attrib $-1 -1 $-1 $-1 $8604 256 #
vertex $-1 -1 $-1 $8608 $8879 #
straight-curve $-1 -1 $-1 0.3000000000000009326 -4.498313253012049984 0.5 0.5525198625498334293 0.8334997309465150828 0 I I #
color-adesk-attrib $-1 -1 $-1 $-1 $8608 256 #
straight-curve $-1 -1 $-1 0.4599942359067071274 -4.25695513791043112 -0.5 0 0 1 I I #
color-adesk-attrib $-1 -1 $-1 $-1 $8609 256 #
plane-surface $-1 -1 $-1 0.3000000000000009326 -4.498313253012049984 -0.5 0.8334997309465151938 -0.5525198625498335403 0 0.5525198625498335403 0.8334997309465151938 0 forward_v I I I I #
color-adesk-attrib $-1 -1 $-1 $-1 $8617 256 #
face $8880 -1 $-1 $8881 $8882 $8 $-1 $8883 forward single #
loop $-1 -1 $-1 $-1 $8884 $8617 #
plane-surface $-1 -1 $-1 0.4599942359067076825 4.899671368113665437 -0.5 -0.008488219385113101104 0.99996397441691387 0 -0.99996397441691387 -0.008488219385113101104 0 forward_v I I I I #
coedge $-1 -1 $-1 $8885 $8886 $8887 $8888 forward $8618 $-1 #
coedge $-1 -1 $-1 $8889 $8620 $8655 $8792 reversed $8487 $-1 #
coedge $-1 -1 $-1 $8620 $8889 $8621 $8759 reversed $8487 $-1 #
coedge $-1 -1 $-1 $8623 $8658 $8620 $8757 reversed $102 $-1 #
edge $8890 -1 $-1 $8765 0 $8798 0.1600000000000000033 $8620 $8891 forward @7 unknown #
coedge $-1 -1 $-1 $8622 $8621 $8892 $8893 reversed $8354 $-1 #
edge $8894 -1 $-1 $8765 0 $8895 1 $8755 $8896 forward @7 unknown #
coedge $-1 -1 $-1 $8897 $8898 $8622 $8761 forward $8651 $-1 #
edge $8899 -1 $-1 $8764 -0.25 $8900 0.75 $8760 $8901 forward @7 unknown #
coedge $-1 -1 $-1 $8902 $8623 $8898 $8903 forward $102 $-1 #
color-adesk-attrib $-1 -1 $-1 $-1 $8624 256 #
vertex $-1 -1 $-1 $8903 $8904 #
vertex $-1 -1 $-1 $8757 $8905 #
straight-curve $-1 -1 $-1 0.3000000000000015432 5.140240963855418954 -0.5 0.5525198625498334293 0.8334997309465150828 0 F 0 F 0.2895719172308956479 #
coedge $-1 -1 $-1 $8628 $8906 $8633 $8771 forward $264 $-1 #
color-adesk-attrib $-1 -1 $-1 $-1 $8629 256 #
straight-curve $-1 -1 $-1 0.3000000000000015987 5.622168674698794888 0.5 0.5525198625498334293 0.8334997309465150828 0 I I #
point $-1 -1 $-1 0.459994235906707738 5.863526789800413752 0.5 #
edge $8907 -1 $-1 $8790 5.621204819277105358 $8636 5.622168674698794888 $8633 $352 forward @7 unknown #
point $-1 -1 $-1 0.3000000000000015432 5.622168674698794888 0.5 #
coedge $-1 -1 $-1 $8658 $8638 $8660 $8800 reversed $102 $-1 #
coedge $-1 -1 $-1 $8653 $8908 $8638 $8775 forward $8788 $-1 #
edge $8909 -1 $-1 $8910 0 $8777 0.1600000000000000033 $8774 $8911 forward @7 unknown #
color-adesk-attrib $-1 -1 $-1 $-1 $8639 256 #
vertex $-1 -1 $-1 $8775 $8912 #
point $-1 -1 $-1 0.459994235906707738 6.104490645222099943 -0.5 #
color-adesk-attrib $-1 -1 $-1 $-1 $8650 256 #
face $8913 -1 $-1 $8914 $8915 $8 $-1 $354 reversed single #
loop $-1 -1 $-1 $-1 $8916 $8650 #
coedge $-1 -1 $-1 $8898 $8897 $8917 $8918 forward $8651 $-1 #
coedge $-1 -1 $-1 $8919 $8652 $8920 $8921 reversed $8517 $-1 #
coedge $-1 -1 $-1 $8652 $8919 $8922 $8923 reversed $8517 $-1 #
coedge $-1 -1 $-1 $8924 $8925 $8652 $8786 reversed $8926 $-1 #
edge $8927 -1 $-1 $8928 -0.25 $8929 0.75 $8652 $8930 forward @7 unknown #
coedge $-1 -1 $-1 $8908 $8653 $8906 $8931 reversed $8788 $-1 #
loop $-1 -1 $-1 $-1 $8774 $8932 #
color-adesk-attrib $-1 -1 $-1 $-1 $8654 256 #
vertex $-1 -1 $-1 $8771 $8933 #
straight-curve $-1 -1 $-1 0.2999999999999999889 5.621204819277106246 -0.25 0 0 -1 I I #
edge $8934 -1 $-1 $8796 -0.75 $8798 0.25 $8655 $8935 forward @7 unknown #
coedge $-1 -1 $-1 $8906 $8656 $8661 $8801 forward $264 $-1 #
coedge $-1 -1 $-1 $8656 $8892 $8889 $8936 forward $264 $-1 #
color-adesk-attrib $-1 -1 $-1 $-1 $8657 256 #
vertex $-1 -1 $-1 $8657 $8937 #
color-adesk-attrib $-1 -1 $-1 $-1 $8659 256 #
vertex $-1 -1 $-1 $8757 $8938 #
coedge $-1 -1 $-1 $8661 $8660 $8908 $8939 forward $8662 $-1 #
edge $8940 -1 $-1 $8664 0 $8910 0.2895719172308956479 $8660 $8941 forward @7 unknown #
edge $8942 -1 $-1 $8665 0 $8943 0.2895719172308956479 $8661 $8944 forward @7 unknown #
face $8945 -1 $-1 $8932 $8662 $8 $-1 $8946 forward single #
point $-1 -1 $-1 0.3000000000000015432 5.381204819277105145 -0.5 #
point $-1 -1 $-1 0.3000000000000015432 5.381204819277105145 0.5 #
color-adesk-attrib $-1 -1 $-1 $-1 $8667 256 #
straight-curve $-1 -1 $-1 0.459994235906707738 6.104490645222099943 0.5 -0.9999639744169136479 -0.008488219385113099369 0 I I #
color-adesk-attrib $-1 -1 $-1 $-1 $8668 256 #
plane-surface $-1 -1 $-1 0.459994235906707738 6.104490645222099943 -0.5 -0.008488219385113101104 0.99996397441691387 0 -0.99996397441691387 -0.008488219385113101104 0 forward_v I I I I #
color-adesk-attrib $-1 -1 $-1 $-1 $8672 256 #
straight-curve $-1 -1 $-1 0.459994235906707738 5.863526789800413752 0.5 -0.9999639744169136479 -0.008488219385113099369 0 I I #
color-adesk-attrib $-1 -1 $-1 $-1 $8675 256 #
straight-curve $-1 -1 $-1 0.459994235906707738 6.104490645222099943 -0.5 0 0 1 I I #
point $-1 -1 $-1 0.459994235906707738 6.104490645222099943 0.5 #
color-adesk-attrib $-1 -1 $-1 $-1 $8684 256 #
face $8947 -1 $-1 $8948 $8949 $8 $-1 $8950 forward single #
loop $-1 -1 $-1 $-1 $8951 $8684 #
plane-surface $-1 -1 $-1 0.3000000000000010991 -2.329638554216870716 -0.5 0.8334997309465151938 -0.5525198625498335403 0 0.5525198625498335403 0.8334997309465151938 0 forward_v I I I I #
coedge $-1 -1 $-1 $8952 $8953 $8954 $8955 forward $8685 $-1 #
coedge $-1 -1 $-1 $8956 $8687 $8953 $8957 forward $8552 $-1 #
coedge $-1 -1 $-1 $8687 $8956 $8958 $8959 reversed $8552 $-1 #
coedge $-1 -1 $-1 $8960 $8954 $8687 $8822 reversed $102 $-1 #
edge $8961 -1 $-1 $8962 0 $8963 0.2895719172308956479 $8687 $8964 forward @7 unknown #
coedge $-1 -1 $-1 $8689 $8688 $8965 $8966 reversed $8421 $-1 #
coedge $-1 -1 $-1 $8967 $8968 $8688 $8825 forward $8969 $-1 #
edge $8970 -1 $-1 $8971 -0.75 $8828 0.25 $8824 $8972 forward @7 unknown #
coedge $-1 -1 $-1 $8690 $8973 $8967 $8974 forward $102 $-1 #
color-adesk-attrib $-1 -1 $-1 $-1 $8691 256 #
vertex $-1 -1 $-1 $8691 $8975 #
straight-curve $-1 -1 $-1 0.4599942359067071829 -3.052135860801996614 -0.5 -0.9999639744169136479 -0.008488219385113099369 0 F 0 F 0.1600000000000000033 #
coedge $-1 -1 $-1 $8965 $8976 $8692 $8831 forward $264 $-1 #
edge $8977 -1 $-1 $8839 0 $8833 0.2895719172308956479 $8692 $8978 forward @7 unknown #
color-adesk-attrib $-1 -1 $-1 $-1 $8693 256 #
vertex $-1 -1 $-1 $8693 $8979 #
straight-curve $-1 -1 $-1 0.4599942359067071829 -3.052135860801996614 -0.5 0 0 1 I I #
coedge $-1 -1 $-1 $8980 $8694 $8976 $8981 reversed $8837 $-1 #
coedge $-1 -1 $-1 $8694 $8980 $8696 $8842 reversed $8837 $-1 #
loop $-1 -1 $-1 $-1 $8694 $8982 #
color-adesk-attrib $-1 -1 $-1 $-1 $8695 256 #
vertex $-1 -1 $-1 $8831 $8983 #
straight-curve $-1 -1 $-1 0.2999999999999999334 -3.293493975903617255 -0.25 0 0 1 I I #
coedge $-1 -1 $-1 $8709 $8696 $8984 $8985 reversed $102 $-1 #
edge $8986 -1 $-1 $8698 3.293493975903615478 $8987 3.294457831325303232 $8836 $277 forward @7 unknown #
point $-1 -1 $-1 0.3000000000000010436 -3.293493975903615478 -0.5 #
point $-1 -1 $-1 0.4599942359067071829 -3.052135860801996614 -0.5 #
coedge $-1 -1 $-1 $8988 $8701 $8704 $8849 forward $264 $-1 #
color-adesk-attrib $-1 -1 $-1 $-1 $8702 256 #
straight-curve $-1 -1 $-1 0.4599942359067071829 -3.534063571645372548 0.5 -0.9999639744169136479 -0.008488219385113099369 0 I I #
coedge $-1 -1 $-1 $8704 $8703 $8989 $8990 forward $8705 $-1 #
edge $8991 -1 $-1 $8707 -3.535421686746992975 $8992 -3.534457831325301669 $8704 $352 forward @7 unknown #
face $8993 -1 $-1 $8454 $8705 $8 $-1 $354 reversed single #
point $-1 -1 $-1 0.3000000000000009881 -3.535421686746992975 0.5 #
coedge $-1 -1 $-1 $8994 $8989 $8709 $8853 forward $8995 $-1 #
edge $8996 -1 $-1 $8855 0 $8997 0.2895719172308956479 $8852 $8998 forward @7 unknown #
color-adesk-attrib $-1 -1 $-1 $-1 $8710 256 #
vertex $-1 -1 $-1 $8710 $8999 #
coedge $-1 -1 $-1 $8712 $8724 $9000 $9001 forward $264 $-1 #
coedge $-1 -1 $-1 $9000 $8720 $8716 $8858 reversed $8863 $-1 #
edge $9002 -1 $-1 $8860 -0.75 $8723 0.25 $8716 $9003 forward @7 unknown #
color-adesk-attrib $-1 -1 $-1 $-1 $8717 256 #
vertex $-1 -1 $-1 $8717 $9004 #
color-adesk-attrib $-1 -1 $-1 $-1 $8718 256 #
coedge $-1 -1 $-1 $8720 $9000 $8730 $8872 reversed $8863 $-1 #
loop $-1 -1 $-1 $-1 $8720 $9005 #
color-adesk-attrib $-1 -1 $-1 $-1 $8721 256 #
straight-curve $-1 -1 $-1 0.4599942359067071829 -3.775027427067058738 -0.5 -0.9999639744169136479 -0.008488219385113099369 0 F 0 F 0.1600000000000000033 #
point $-1 -1 $-1 0.3000000000000009326 -3.776385542168679166 -0.5 #
coedge $-1 -1 $-1 $8725 $8730 $8724 $8868 reversed $8731 $-1 #
edge $9006 -1 $-1 $8728 0 $9007 0.2895719172308956479 $8867 $9008 forward @7 unknown #
color-adesk-attrib $-1 -1 $-1 $-1 $8726 256 #
straight-curve $-1 -1 $-1 0.2999999999999998224 -4.016385542168679379 -0.25 0 0 1 I I #
point $-1 -1 $-1 0.3000000000000009326 -4.016385542168677603 0.5 #
edge $9009 -1 $-1 $8733 0 $9007 1 $8862 $9010 forward @7 unknown #
face $9011 -1 $-1 $9005 $8731 $8 $-1 $9012 forward single #
point $-1 -1 $-1 0.4599942359067071829 -3.775027427067058738 -0.5 #
color-adesk-attrib $-1 -1 $-1 $-1 $8737 256 #
straight-curve $-1 -1 $-1 0.4599942359067071274 -4.25695513791043112 0.5 -0.9999639744169136479 -0.008488219385113099369 0 I I #
color-adesk-attrib $-1 -1 $-1 $-1 $8741 256 #
plane-surface $-1 -1 $-1 0.4599942359067071274 -4.25695513791043112 -0.5 -0.008488219385113101104 0.99996397441691387 0 -0.99996397441691387 -0.008488219385113101104 0 forward_v I I I I #
point $-1 -1 $-1 0.4599942359067071274 -4.25695513791043112 0.5 #
color-adesk-attrib $-1 -1 $-1 $-1 $8750 256 #
face $9013 -1 $-1 $9014 $9015 $8 $-1 $9016 forward single #
loop $-1 -1 $-1 $-1 $9017 $8750 #
plane-surface $-1 -1 $-1 0.3000000000000014877 4.176385542168674192 -0.5 0.8334997309465151938 -0.5525198625498335403 0 0.5525198625498335403 0.8334997309465151938 0 forward_v I I I I #
coedge $-1 -1 $-1 $9018 $9019 $9020 $9021 forward $8751 $-1 #
coedge $-1 -1 $-1 $9022 $8753 $9019 $9023 forward $8618 $-1 #
coedge $-1 -1 $-1 $8753 $9022 $9024 $9025 reversed $8618 $-1 #
coedge $-1 -1 $-1 $9026 $9020 $8753 $8888 reversed $102 $-1 #
edge $9027 -1 $-1 $9028 0 $9029 0.2895719172308956479 $8753 $9030 forward @7 unknown #
coedge $-1 -1 $-1 $8755 $8754 $8794 $8936 reversed $8487 $-1 #
color-adesk-attrib $-1 -1 $-1 $-1 $8757 256 #
straight-curve $-1 -1 $-1 0.459994235906707738 5.381599078957037818 -0.5 -0.9999639744169136479 -0.008488219385113099369 0 F 0 F 0.1600000000000000033 #
coedge $-1 -1 $-1 $8794 $9031 $8758 $8893 forward $264 $-1 #
edge $9032 -1 $-1 $8900 0 $8895 0.2895719172308956479 $8758 $9033 forward @7 unknown #
color-adesk-attrib $-1 -1 $-1 $-1 $8759 256 #
vertex $-1 -1 $-1 $8759 $9034 #
straight-curve $-1 -1 $-1 0.459994235906707738 5.381599078957037818 -0.5 0 0 1 I I #
coedge $-1 -1 $-1 $8782 $8760 $9031 $9035 reversed $8651 $-1 #
coedge $-1 -1 $-1 $8760 $8782 $8762 $8903 reversed $8651 $-1 #
color-adesk-attrib $-1 -1 $-1 $-1 $8761 256 #
vertex $-1 -1 $-1 $8893 $9036 #
straight-curve $-1 -1 $-1 0.3000000000000002665 5.140240963855417178 -0.25 0 0 1 I I #
coedge $-1 -1 $-1 $9037 $8762 $9038 $9039 reversed $102 $-1 #
edge $9040 -1 $-1 $8764 -5.140240963855418954 $9041 -5.139277108433732977 $8898 $277 forward @7 unknown #
point $-1 -1 $-1 0.3000000000000015432 5.140240963855418954 -0.5 #
point $-1 -1 $-1 0.459994235906707738 5.381599078957037818 -0.5 #
coedge $-1 -1 $-1 $8767 $8793 $8787 $8931 forward $264 $-1 #
color-adesk-attrib $-1 -1 $-1 $-1 $8771 256 #
coedge $-1 -1 $-1 $8774 $8787 $8799 $8939 reversed $8788 $-1 #
color-adesk-attrib $-1 -1 $-1 $-1 $8775 256 #
vertex $-1 -1 $-1 $8775 $9042 #
straight-curve $-1 -1 $-1 0.459994235906707738 5.622562934378724009 -0.5 -0.9999639744169136479 -0.008488219385113099369 0 F 0 F 0.1600000000000000033 #
point $-1 -1 $-1 0.3000000000000015432 5.621204819277105358 -0.5 #
color-adesk-attrib $-1 -1 $-1 $-1 $8780 256 #
face $9043 -1 $-1 $9044 $9045 $8 $-1 $354 reversed single #
loop $-1 -1 $-1 $-1 $9046 $8780 #
coedge $-1 -1 $-1 $9047 $9048 $9049 $9050 forward $8781 $-1 #
coedge $-1 -1 $-1 $9051 $9038 $8782 $8918 reversed $9052 $-1 #
edge $9053 -1 $-1 $9054 -0.75 $9041 0.25 $8782 $9055 forward @7 unknown #
coedge $-1 -1 $-1 $8784 $8783 $9018 $9056 forward $8517 $-1 #
coedge $-1 -1 $-1 $9057 $9058 $8783 $8921 forward $264 $-1 #
edge $9059 -1 $-1 $9060 4.898313253012046786 $8929 4.899277108433732764 $8783 $352 forward @7 unknown #
coedge $-1 -1 $-1 $9020 $9037 $8784 $8923 forward $102 $-1 #
edge $9061 -1 $-1 $8928 -4.899277108433732764 $9062 -4.898313253012046786 $8784 $277 forward @7 unknown #
coedge $-1 -1 $-1 $9063 $8785 $9037 $9064 forward $8926 $-1 #
coedge $-1 -1 $-1 $8785 $9063 $9057 $9065 reversed $8926 $-1 #
loop $-1 -1 $-1 $-1 $8924 $9066 #
color-adesk-attrib $-1 -1 $-1 $-1 $8786 256 #
vertex $-1 -1 $-1 $8923 $9067 #
vertex $-1 -1 $-1 $9065 $9068 #
straight-curve $-1 -1 $-1 0.3000000000000000444 4.899277108433730987 -0.25 0 0 1 I I #
edge $9069 -1 $-1 $8943 0 $8790 0.1600000000000000033 $8787 $9070 forward @7 unknown #
face $9071 -1 $-1 $8538 $8788 $8 $-1 $9072 forward single #
point $-1 -1 $-1 0.3000000000000015432 5.621204819277105358 0.5 #
color-adesk-attrib $-1 -1 $-1 $-1 $8792 256 #
straight-curve $-1 -1 $-1 0.2999999999999999889 5.380240963855420944 -0.25 0 0 -1 I I #
edge $9073 -1 $-1 $8895 0 $8796 0.1600000000000000033 $8889 $9074 forward @7 unknown #
point $-1 -1 $-1 0.3000000000000015432 5.380240963855419167 0.5 #
point $-1 -1 $-1 0.3000000000000015432 5.380240963855419167 -0.5 #
edge $9075 -1 $-1 $8910 0 $8943 1 $8908 $9076 forward @7 unknown #
color-adesk-attrib $-1 -1 $-1 $-1 $8800 256 #
straight-curve $-1 -1 $-1 0.3000000000000015432 5.381204819277105145 -0.5 0.5525198625498334293 0.8334997309465150828 0 F 0 F 0.2895719172308956479 #
color-adesk-attrib $-1 -1 $-1 $-1 $8801 256 #
vertex $-1 -1 $-1 $8939 $9077 #
straight-curve $-1 -1 $-1 0.3000000000000015432 5.381204819277105145 0.5 0.5525198625498334293 0.8334997309465150828 0 I I #
color-adesk-attrib $-1 -1 $-1 $-1 $8802 256 #
plane-surface $-1 -1 $-1 0.3000000000000015432 5.381204819277105145 -0.5 0.8334997309465151938 -0.5525198625498335403 0 0.5525198625498335403 0.8334997309465151938 0 forward_v I I I I #
color-adesk-attrib $-1 -1 $-1 $-1 $8815 256 #
face $9078 -1 $-1 $9079 $9080 $8 $-1 $9081 forward single #
loop $-1 -1 $-1 $-1 $9082 $8815 #
plane-surface $-1 -1 $-1 0.4599942359067072939 -2.088280439115251852 -0.5 -0.008488219385113101104 0.99996397441691387 0 -0.99996397441691387 -0.008488219385113101104 0 forward_v I I I I #
coedge $-1 -1 $-1 $9083 $9084 $9085 $9086 forward $8816 $-1 #
coedge $-1 -1 $-1 $9087 $8818 $9088 $9089 reversed $8685 $-1 #
coedge $-1 -1 $-1 $8818 $9087 $8819 $8957 reversed $8685 $-1 #
coedge $-1 -1 $-1 $8821 $9090 $8818 $8955 reversed $102 $-1 #
edge $9091 -1 $-1 $8963 0 $9092 0.1600000000000000033 $8818 $9093 forward @7 unknown #
coedge $-1 -1 $-1 $8820 $8819 $9094 $9095 reversed $8552 $-1 #
edge $9096 -1 $-1 $8963 0 $9097 1 $8953 $9098 forward @7 unknown #
coedge $-1 -1 $-1 $9099 $9100 $8820 $8959 forward $9101 $-1 #
edge $9102 -1 $-1 $8962 -0.25 $9103 0.75 $8958 $9104 forward @7 unknown #
coedge $-1 -1 $-1 $9105 $8821 $9100 $9106 forward $102 $-1 #
color-adesk-attrib $-1 -1 $-1 $-1 $8822 256 #
vertex $-1 -1 $-1 $9106 $9107 #
vertex $-1 -1 $-1 $8955 $9108 #
straight-curve $-1 -1 $-1 0.3000000000000010436 -2.811566265060243097 -0.5 0.5525198625498334293 0.8334997309465150828 0 F 0 F 0.2895719172308956479 #
coedge $-1 -1 $-1 $9109 $8830 $8823 $8966 forward $264 $-1 #
edge $9110 -1 $-1 $8833 0 $8971 0.1600000000000000033 $8823 $9111 forward @7 unknown #
coedge $-1 -1 $-1 $9112 $8824 $8826 $8974 reversed $8969 $-1 #
coedge $-1 -1 $-1 $8824 $9112 $9109 $9113 reversed $8969 $-1 #
loop $-1 -1 $-1 $-1 $8824 $9114 #
color-adesk-attrib $-1 -1 $-1 $-1 $8825 256 #
vertex $-1 -1 $-1 $9113 $9115 #
straight-curve $-1 -1 $-1 0.2999999999999999889 -3.053493975903614821 -0.25 0 0 -1 I I #
coedge $-1 -1 $-1 $8826 $9105 $9116 $9117 reversed $102 $-1 #
edge $9118 -1 $-1 $9119 3.052530120481929288 $8828 3.053493975903617041 $8967 $277 forward @7 unknown #
point $-1 -1 $-1 0.3000000000000009881 -3.053493975903617041 -0.5 #
coedge $-1 -1 $-1 $8830 $9120 $8835 $8981 forward $264 $-1 #
color-adesk-attrib $-1 -1 $-1 $-1 $8831 256 #
straight-curve $-1 -1 $-1 0.3000000000000010436 -3.293493975903615478 0.5 0.5525198625498334293 0.8334997309465150828 0 I I #
point $-1 -1 $-1 0.4599942359067071829 -3.052135860801996614 0.5 #
coedge $-1 -1 $-1 $8836 $8835 $9121 $9122 forward $8837 $-1 #
edge $9123 -1 $-1 $9124 -3.294457831325303232 $8839 -3.293493975903615478 $8835 $352 forward @7 unknown #
face $9125 -1 $-1 $9114 $8837 $8 $-1 $354 reversed single #
point $-1 -1 $-1 0.3000000000000009881 -3.293493975903615478 0.5 #
coedge $-1 -1 $-1 $9121 $9126 $8841 $8985 forward $9127 $-1 #
edge $9128 -1 $-1 $8997 0 $8987 0.1600000000000000033 $8984 $9129 forward @7 unknown #
color-adesk-attrib $-1 -1 $-1 $-1 $8842 256 #
vertex $-1 -1 $-1 $8985 $9130 #
coedge $-1 -1 $-1 $9120 $8845 $9131 $9132 forward $264 $-1 #
coedge $-1 -1 $-1 $8852 $9131 $8848 $8990 reversed $8995 $-1 #
edge $9133 -1 $-1 $8855 -0.25 $8992 0.75 $8848 $9134 forward @7 unknown #
color-adesk-attrib $-1 -1 $-1 $-1 $8849 256 #
vertex $-1 -1 $-1 $9132 $9135 #
color-adesk-attrib $-1 -1 $-1 $-1 $8850 256 #
coedge $-1 -1 $-1 $9131 $8852 $9126 $9136 forward $8995 $-1 #
loop $-1 -1 $-1 $-1 $8852 $9137 #
color-adesk-attrib $-1 -1 $-1 $-1 $8853 256 #
vertex $-1 -1 $-1 $8985 $9138 #
straight-curve $-1 -1 $-1 0.3000000000000009881 -3.534457831325301669 -0.5 0.5525198625498334293 0.8334997309465150828 0 F 0 F 0.2895719172308956479 #
point $-1 -1 $-1 0.3000000000000009881 -3.534457831325301669 -0.5 #
coedge $-1 -1 $-1 $8862 $8857 $8856 $9001 reversed $8863 $-1 #
edge $9139 -1 $-1 $9007 0 $8860 0.1600000000000000033 $9000 $9140 forward @7 unknown #
color-adesk-attrib $-1 -1 $-1 $-1 $8858 256 #
straight-curve $-1 -1 $-1 0.2999999999999999889 -3.776385542168677389 -0.25 0 0 -1 I I #
point $-1 -1 $-1 0.3000000000000009326 -3.776385542168679166 0.5 #
face $9141 -1 $-1 $8609 $8863 $8 $-1 $9142 forward single #
color-adesk-attrib $-1 -1 $-1 $-1 $8868 256 #
vertex $-1 -1 $-1 $8872 $9143 #
straight-curve $-1 -1 $-1 0.3000000000000009881 -4.016385542168677603 0.5 0.5525198625498334293 0.8334997309465150828 0 I I #
color-adesk-attrib $-1 -1 $-1 $-1 $8872 256 #
straight-curve $-1 -1 $-1 0.4599942359067071829 -3.775027427067058738 -0.5 0 0 1 I I #
color-adesk-attrib $-1 -1 $-1 $-1 $8873 256 #
plane-surface $-1 -1 $-1 0.3000000000000009881 -4.016385542168677603 -0.5 0.8334997309465151938 -0.5525198625498335403 0 0.5525198625498335403 0.8334997309465151938 0 forward_v I I I I #
color-adesk-attrib $-1 -1 $-1 $-1 $8881 256 #
face $9144 -1 $-1 $9145 $9146 $8 $-1 $9147 forward single #
loop $-1 -1 $-1 $-1 $9148 $8881 #
plane-surface $-1 -1 $-1 0.459994235906707627 4.417743657270293056 -0.5 -0.008488219385113101104 0.99996397441691387 0 -0.99996397441691387 -0.008488219385113101104 0 forward_v I I I I #
coedge $-1 -1 $-1 $9149 $9150 $9151 $9152 forward $8882 $-1 #
coedge $-1 -1 $-1 $9153 $8884 $8919 $9056 reversed $8751 $-1 #
coedge $-1 -1 $-1 $8884 $9153 $8885 $9023 reversed $8751 $-1 #
coedge $-1 -1 $-1 $8887 $8922 $8884 $9021 reversed $102 $-1 #
edge $9154 -1 $-1 $9029 0 $9062 0.1600000000000000033 $8884 $9155 forward @7 unknown #
coedge $-1 -1 $-1 $8886 $8885 $9156 $9157 reversed $8618 $-1 #
edge $9158 -1 $-1 $9029 0 $9159 1 $9019 $9160 forward @7 unknown #
coedge $-1 -1 $-1 $9161 $9162 $8886 $9025 forward $8915 $-1 #
edge $9163 -1 $-1 $9028 -0.25 $9164 0.75 $9024 $9165 forward @7 unknown #
coedge $-1 -1 $-1 $9166 $8887 $9162 $9167 forward $102 $-1 #
color-adesk-attrib $-1 -1 $-1 $-1 $8888 256 #
vertex $-1 -1 $-1 $9167 $9168 #
vertex $-1 -1 $-1 $9021 $9169 #
straight-curve $-1 -1 $-1 0.3000000000000014877 4.658313253012046573 -0.5 0.5525198625498334293 0.8334997309465150828 0 F 0 F 0.2895719172308956479 #
coedge $-1 -1 $-1 $8892 $9170 $8897 $9035 forward $264 $-1 #
color-adesk-attrib $-1 -1 $-1 $-1 $8893 256 #
straight-curve $-1 -1 $-1 0.3000000000000015432 5.140240963855418954 0.5 0.5525198625498334293 0.8334997309465150828 0 I I #
point $-1 -1 $-1 0.459994235906707738 5.381599078957037818 0.5 #
edge $9171 -1 $-1 $9054 5.139277108433732977 $8900 5.140240963855418954 $8897 $352 forward @7 unknown #
point $-1 -1 $-1 0.3000000000000015432 5.140240963855418954 0.5 #
coedge $-1 -1 $-1 $8922 $8902 $8924 $9064 reversed $102 $-1 #
coedge $-1 -1 $-1 $8917 $9172 $8902 $9039 forward $9052 $-1 #
edge $9173 -1 $-1 $9174 0 $9041 0.1600000000000000033 $9038 $9175 forward @7 unknown #
color-adesk-attrib $-1 -1 $-1 $-1 $8903 256 #
vertex $-1 -1 $-1 $9039 $9176 #
point $-1 -1 $-1 0.459994235906707738 5.622562934378724009 -0.5 #
color-adesk-attrib $-1 -1 $-1 $-1 $8914 256 #
face $9177 -1 $-1 $9178 $9179 $8 $-1 $354 reversed single #
loop $-1 -1 $-1 $-1 $9180 $8914 #
coedge $-1 -1 $-1 $9162 $9161 $9181 $9182 forward $8915 $-1 #
coedge $-1 -1 $-1 $9183 $8916 $9184 $9185 reversed $8781 $-1 #
coedge $-1 -1 $-1 $8916 $9183 $9186 $9187 reversed $8781 $-1 #
coedge $-1 -1 $-1 $9188 $9189 $8916 $9050 reversed $9190 $-1 #
edge $9191 -1 $-1 $9192 -0.25 $9193 0.75 $8916 $9194 forward @7 unknown #
coedge $-1 -1 $-1 $9172 $8917 $9170 $9195 reversed $9052 $-1 #
loop $-1 -1 $-1 $-1 $9038 $9196 #
color-adesk-attrib $-1 -1 $-1 $-1 $8918 256 #
vertex $-1 -1 $-1 $9035 $9197 #
straight-curve $-1 -1 $-1 0.2999999999999999889 5.139277108433734753 -0.25 0 0 -1 I I #
edge $9198 -1 $-1 $9060 -0.75 $9062 0.25 $8919 $9199 forward @7 unknown #
coedge $-1 -1 $-1 $9170 $8920 $8925 $9065 forward $264 $-1 #
coedge $-1 -1 $-1 $8920 $9156 $9153 $9200 forward $264 $-1 #
color-adesk-attrib $-1 -1 $-1 $-1 $8921 256 #
vertex $-1 -1 $-1 $8921 $9201 #
color-adesk-attrib $-1 -1 $-1 $-1 $8923 256 #
vertex $-1 -1 $-1 $9021 $9202 #
coedge $-1 -1 $-1 $8925 $8924 $9172 $9203 forward $8926 $-1 #
edge $9204 -1 $-1 $8928 0 $9174 0.2895719172308956479 $8924 $9205 forward @7 unknown #
edge $9206 -1 $-1 $8929 0 $9207 0.2895719172308956479 $8925 $9208 forward @7 unknown #
face $9209 -1 $-1 $9196 $8926 $8 $-1 $9210 forward single #
point $-1 -1 $-1 0.3000000000000015432 4.899277108433732764 -0.5 #
point $-1 -1 $-1 0.3000000000000014877 4.899277108433732764 0.5 #
color-adesk-attrib $-1 -1 $-1 $-1 $8931 256 #
straight-curve $-1 -1 $-1 0.459994235906707738 5.622562934378724009 0.5 -0.9999639744169136479 -0.008488219385113099369 0 I I #
color-adesk-attrib $-1 -1 $-1 $-1 $8932 256 #
plane-surface $-1 -1 $-1 0.459994235906707738 5.622562934378724009 -0.5 -0.008488219385113101104 0.99996397441691387 0 -0.99996397441691387 -0.008488219385113101104 0 forward_v I I I I #
color-adesk-attrib $-1 -1 $-1 $-1 $8936 256 #
straight-curve $-1 -1 $-1 0.459994235906707738 5.381599078957037818 0.5 -0.9999639744169136479 -0.008488219385113099369 0 I I #
color-adesk-attrib $-1 -1 $-1 $-1 $8939 256 #
straight-curve $-1 -1 $-1 0.459994235906707738 5.622562934378724009 -0.5 0 0 1 I I #
point $-1 -1 $-1 0.459994235906707738 5.622562934378724009 0.5 #
color-adesk-attrib $-1 -1 $-1 $-1 $8948 256 #
face $9211 -1 $-1 $9212 $9213 $8 $-1 $9214 forward single #
loop $-1 -1 $-1 $-1 $9215 $8948 #
plane-surface $-1 -1 $-1 0.3000000000000010991 -1.847710843373494782 -0.5 0.8334997309465151938 -0.5525198625498335403 0 0.5525198625498335403 0.8334997309465151938 0 forward_v I I I I #
coedge $-1 -1 $-1 $9216 $9217 $9218 $9219 forward $8949 $-1 #
coedge $-1 -1 $-1 $9220 $8951 $9217 $9221 forward $8816 $-1 #
coedge $-1 -1 $-1 $8951 $9220 $9222 $9223 reversed $8816 $-1 #
coedge $-1 -1 $-1 $9224 $9218 $8951 $9086 reversed $102 $-1 #
edge $9225 -1 $-1 $9226 0 $9227 0.2895719172308956479 $8951 $9228 forward @7 unknown #
coedge $-1 -1 $-1 $8953 $8952 $9229 $9230 reversed $8685 $-1 #
coedge $-1 -1 $-1 $9231 $9232 $8952 $9089 forward $9233 $-1 #
edge $9234 -1 $-1 $9235 -0.75 $9092 0.25 $9088 $9236 forward @7 unknown #
coedge $-1 -1 $-1 $8954 $9237 $9231 $9238 forward $102 $-1 #
color-adesk-attrib $-1 -1 $-1 $-1 $8955 256 #
vertex $-1 -1 $-1 $8955 $9239 #
straight-curve $-1 -1 $-1 0.4599942359067072384 -2.570208149958624233 -0.5 -0.9999639744169136479 -0.008488219385113099369 0 F 0 F 0.1600000000000000033 #
coedge $-1 -1 $-1 $9229 $9240 $8956 $9095 forward $264 $-1 #
edge $9241 -1 $-1 $9103 0 $9097 0.2895719172308956479 $8956 $9242 forward @7 unknown #
color-adesk-attrib $-1 -1 $-1 $-1 $8957 256 #
vertex $-1 -1 $-1 $8957 $9243 #
straight-curve $-1 -1 $-1 0.4599942359067072384 -2.570208149958624233 -0.5 0 0 1 I I #
coedge $-1 -1 $-1 $9244 $8958 $9240 $9245 reversed $9101 $-1 #
coedge $-1 -1 $-1 $8958 $9244 $8960 $9106 reversed $9101 $-1 #
loop $-1 -1 $-1 $-1 $8958 $9246 #
color-adesk-attrib $-1 -1 $-1 $-1 $8959 256 #
vertex $-1 -1 $-1 $9095 $9247 #
straight-curve $-1 -1 $-1 0.3000000000000000444 -2.811566265060244874 -0.25 0 0 1 I I #
coedge $-1 -1 $-1 $8973 $8960 $9248 $9249 reversed $102 $-1 #
edge $9250 -1 $-1 $8962 2.811566265060243097 $9251 2.812530120481930851 $9100 $277 forward @7 unknown #
point $-1 -1 $-1 0.3000000000000010436 -2.811566265060243097 -0.5 #
point $-1 -1 $-1 0.4599942359067072384 -2.570208149958624233 -0.5 #
coedge $-1 -1 $-1 $9252 $8965 $8968 $9113 forward $264 $-1 #
color-adesk-attrib $-1 -1 $-1 $-1 $8966 256 #
straight-curve $-1 -1 $-1 0.4599942359067071829 -3.052135860801996614 0.5 -0.9999639744169136479 -0.008488219385113099369 0 I I #
coedge $-1 -1 $-1 $8968 $8967 $9253 $9254 forward $8969 $-1 #
edge $9255 -1 $-1 $8971 -3.053493975903617041 $9256 -3.052530120481929288 $8968 $352 forward @7 unknown #
face $9257 -1 $-1 $8718 $8969 $8 $-1 $354 reversed single #
point $-1 -1 $-1 0.3000000000000009881 -3.053493975903617041 0.5 #
coedge $-1 -1 $-1 $9258 $9253 $8973 $9117 forward $9259 $-1 #
edge $9260 -1 $-1 $9119 0 $9261 0.2895719172308956479 $9116 $9262 forward @7 unknown #
color-adesk-attrib $-1 -1 $-1 $-1 $8974 256 #
vertex $-1 -1 $-1 $8974 $9263 #
coedge $-1 -1 $-1 $8976 $8988 $9264 $9265 forward $264 $-1 #
coedge $-1 -1 $-1 $9264 $8984 $8980 $9122 reversed $9127 $-1 #
edge $9266 -1 $-1 $9124 -0.75 $8987 0.25 $8980 $9267 forward @7 unknown #
color-adesk-attrib $-1 -1 $-1 $-1 $8981 256 #
vertex $-1 -1 $-1 $8981 $9268 #
color-adesk-attrib $-1 -1 $-1 $-1 $8982 256 #
coedge $-1 -1 $-1 $8984 $9264 $8994 $9136 reversed $9127 $-1 #
loop $-1 -1 $-1 $-1 $8984 $9269 #
color-adesk-attrib $-1 -1 $-1 $-1 $8985 256 #
straight-curve $-1 -1 $-1 0.4599942359067071829 -3.293099716223682805 -0.5 -0.9999639744169136479 -0.008488219385113099369 0 F 0 F 0.1600000000000000033 #
point $-1 -1 $-1 0.3000000000000009881 -3.294457831325303232 -0.5 #
coedge $-1 -1 $-1 $8989 $8994 $8988 $9132 reversed $8995 $-1 #
edge $9270 -1 $-1 $8992 0 $9271 0.2895719172308956479 $9131 $9272 forward @7 unknown #
color-adesk-attrib $-1 -1 $-1 $-1 $8990 256 #
straight-curve $-1 -1 $-1 0.2999999999999999334 -3.534457831325303889 -0.25 0 0 1 I I #
point $-1 -1 $-1 0.3000000000000009881 -3.534457831325301669 0.5 #
edge $9273 -1 $-1 $8997 0 $9271 1 $9126 $9274 forward @7 unknown #
face $9275 -1 $-1 $9269 $8995 $8 $-1 $9276 forward single #
point $-1 -1 $-1 0.4599942359067071829 -3.293099716223682805 -0.5 #
color-adesk-attrib $-1 -1 $-1 $-1 $9001 256 #
straight-curve $-1 -1 $-1 0.4599942359067071829 -3.775027427067058738 0.5 -0.9999639744169136479 -0.008488219385113099369 0 I I #
color-adesk-attrib $-1 -1 $-1 $-1 $9005 256 #
plane-surface $-1 -1 $-1 0.4599942359067071829 -3.775027427067058738 -0.5 -0.008488219385113101104 0.99996397441691387 0 -0.99996397441691387 -0.008488219385113101104 0 forward_v I I I I #
point $-1 -1 $-1 0.4599942359067071829 -3.775027427067058738 0.5 #
color-adesk-attrib $-1 -1 $-1 $-1 $9014 256 #
face $9277 -1 $-1 $9278 $9279 $8 $-1 $9280 forward single #
loop $-1 -1 $-1 $-1 $9281 $9014 #
plane-surface $-1 -1 $-1 0.3000000000000014322 3.694457831325298258 -0.5 0.8334997309465151938 -0.5525198625498335403 0 0.5525198625498335403 0.8334997309465151938 0 forward_v I I I I #
coedge $-1 -1 $-1 $9282 $9283 $9284 $9285 forward $9015 $-1 #
coedge $-1 -1 $-1 $9286 $9017 $9283 $9287 forward $8882 $-1 #
coedge $-1 -1 $-1 $9017 $9286 $9288 $9289 reversed $8882 $-1 #
coedge $-1 -1 $-1 $9290 $9284 $9017 $9152 reversed $102 $-1 #
edge $9291 -1 $-1 $9292 0 $9293 0.2895719172308956479 $9017 $9294 forward @7 unknown #
coedge $-1 -1 $-1 $9019 $9018 $9058 $9200 reversed $8751 $-1 #
color-adesk-attrib $-1 -1 $-1 $-1 $9021 256 #
straight-curve $-1 -1 $-1 0.4599942359067076825 4.899671368113665437 -0.5 -0.9999639744169136479 -0.008488219385113099369 0 F 0 F 0.1600000000000000033 #
coedge $-1 -1 $-1 $9058 $9295 $9022 $9157 forward $264 $-1 #
edge $9296 -1 $-1 $9164 0 $9159 0.2895719172308956479 $9022 $9297 forward @7 unknown #
color-adesk-attrib $-1 -1 $-1 $-1 $9023 256 #
vertex $-1 -1 $-1 $9023 $9298 #
straight-curve $-1 -1 $-1 0.4599942359067076825 4.899671368113665437 -0.5 0 0 1 I I #
coedge $-1 -1 $-1 $9046 $9024 $9295 $9299 reversed $8915 $-1 #
coedge $-1 -1 $-1 $9024 $9046 $9026 $9167 reversed $8915 $-1 #
color-adesk-attrib $-1 -1 $-1 $-1 $9025 256 #
vertex $-1 -1 $-1 $9157 $9300 #
straight-curve $-1 -1 $-1 0.3000000000000000444 4.658313253012044797 -0.25 0 0 1 I I #
coedge $-1 -1 $-1 $9301 $9026 $9302 $9303 reversed $102 $-1 #
edge $9304 -1 $-1 $9028 -4.658313253012046573 $9305 -4.657349397590360596 $9162 $277 forward @7 unknown #
point $-1 -1 $-1 0.3000000000000014877 4.658313253012046573 -0.5 #
point $-1 -1 $-1 0.4599942359067076825 4.899671368113665437 -0.5 #
coedge $-1 -1 $-1 $9031 $9057 $9051 $9195 forward $264 $-1 #
color-adesk-attrib $-1 -1 $-1 $-1 $9035 256 #
coedge $-1 -1 $-1 $9038 $9051 $9063 $9203 reversed $9052 $-1 #
color-adesk-attrib $-1 -1 $-1 $-1 $9039 256 #
vertex $-1 -1 $-1 $9039 $9306 #
straight-curve $-1 -1 $-1 0.459994235906707738 5.140635223535351628 -0.5 -0.9999639744169136479 -0.008488219385113099369 0 F 0 F 0.1600000000000000033 #
point $-1 -1 $-1 0.3000000000000014877 5.139277108433732977 -0.5 #
color-adesk-attrib $-1 -1 $-1 $-1 $9044 256 #
face $9307 -1 $-1 $9308 $9309 $8 $-1 $354 reversed single #
loop $-1 -1 $-1 $-1 $9310 $9044 #
coedge $-1 -1 $-1 $9311 $9312 $9313 $9314 forward $9045 $-1 #
coedge $-1 -1 $-1 $9315 $9302 $9046 $9182 reversed $9316 $-1 #
edge $9317 -1 $-1 $9318 -0.75 $9305 0.25 $9046 $9319 forward @7 unknown #
coedge $-1 -1 $-1 $9048 $9047 $9282 $9320 forward $8781 $-1 #
coedge $-1 -1 $-1 $9321 $9322 $9047 $9185 forward $264 $-1 #
edge $9323 -1 $-1 $9324 4.416385542168674405 $9193 4.417349397590360383 $9047 $352 forward @7 unknown #
coedge $-1 -1 $-1 $9284 $9301 $9048 $9187 forward $102 $-1 #
edge $9325 -1 $-1 $9192 -4.417349397590360383 $9326 -4.416385542168674405 $9048 $277 forward @7 unknown #
coedge $-1 -1 $-1 $9327 $9049 $9301 $9328 forward $9190 $-1 #
coedge $-1 -1 $-1 $9049 $9327 $9321 $9329 reversed $9190 $-1 #
loop $-1 -1 $-1 $-1 $9188 $9330 #
color-adesk-attrib $-1 -1 $-1 $-1 $9050 256 #
vertex $-1 -1 $-1 $9187 $9331 #
vertex $-1 -1 $-1 $9329 $9332 #
straight-curve $-1 -1 $-1 0.3000000000000002665 4.417349397590358606 -0.25 0 0 1 I I #
edge $9333 -1 $-1 $9207 0 $9054 0.1600000000000000033 $9051 $9334 forward @7 unknown #
face $9335 -1 $-1 $8802 $9052 $8 $-1 $9336 forward single #
point $-1 -1 $-1 0.3000000000000014877 5.139277108433732977 0.5 #
color-adesk-attrib $-1 -1 $-1 $-1 $9056 256 #
straight-curve $-1 -1 $-1 0.2999999999999999889 4.898313253012048563 -0.25 0 0 -1 I I #
edge $9337 -1 $-1 $9159 0 $9060 0.1600000000000000033 $9153 $9338 forward @7 unknown #
point $-1 -1 $-1 0.3000000000000014877 4.898313253012046786 0.5 #
point $-1 -1 $-1 0.3000000000000014877 4.898313253012046786 -0.5 #
edge $9339 -1 $-1 $9174 0 $9207 1 $9172 $9340 forward @7 unknown #
color-adesk-attrib $-1 -1 $-1 $-1 $9064 256 #
straight-curve $-1 -1 $-1 0.3000000000000015432 4.899277108433732764 -0.5 0.5525198625498334293 0.8334997309465150828 0 F 0 F 0.2895719172308956479 #
color-adesk-attrib $-1 -1 $-1 $-1 $9065 256 #
vertex $-1 -1 $-1 $9203 $9341 #
straight-curve $-1 -1 $-1 0.3000000000000015432 4.899277108433732764 0.5 0.5525198625498334293 0.8334997309465150828 0 I I #
color-adesk-attrib $-1 -1 $-1 $-1 $9066 256 #
plane-surface $-1 -1 $-1 0.3000000000000015432 4.899277108433732764 -0.5 0.8334997309465151938 -0.5525198625498335403 0 0.5525198625498335403 0.8334997309465151938 0 forward_v I I I I #
color-adesk-attrib $-1 -1 $-1 $-1 $9079 256 #
face $9342 -1 $-1 $9343 $9344 $8 $-1 $9345 forward single #
loop $-1 -1 $-1 $-1 $9346 $9079 #
plane-surface $-1 -1 $-1 0.4599942359067072939 -1.606352728271875918 -0.5 -0.008488219385113101104 0.99996397441691387 0 -0.99996397441691387 -0.008488219385113101104 0 forward_v I I I I #
coedge $-1 -1 $-1 $9347 $9348 $9349 $9350 forward $9080 $-1 #
coedge $-1 -1 $-1 $9351 $9082 $9352 $9353 reversed $8949 $-1 #
coedge $-1 -1 $-1 $9082 $9351 $9083 $9221 reversed $8949 $-1 #
coedge $-1 -1 $-1 $9085 $9354 $9082 $9219 reversed $102 $-1 #
edge $9355 -1 $-1 $9227 0 $9356 0.1600000000000000033 $9082 $9357 forward @7 unknown #
coedge $-1 -1 $-1 $9084 $9083 $9358 $9359 reversed $8816 $-1 #
edge $9360 -1 $-1 $9227 0 $9361 1 $9217 $9362 forward @7 unknown #
coedge $-1 -1 $-1 $9363 $9364 $9084 $9223 forward $9365 $-1 #
edge $9366 -1 $-1 $9226 -0.25 $9367 0.75 $9222 $9368 forward @7 unknown #
coedge $-1 -1 $-1 $9369 $9085 $9364 $9370 forward $102 $-1 #
color-adesk-attrib $-1 -1 $-1 $-1 $9086 256 #
vertex $-1 -1 $-1 $9370 $9371 #
vertex $-1 -1 $-1 $9219 $9372 #
straight-curve $-1 -1 $-1 0.3000000000000010991 -2.329638554216870716 -0.5 0.5525198625498334293 0.8334997309465150828 0 F 0 F 0.2895719172308956479 #
coedge $-1 -1 $-1 $9373 $9094 $9087 $9230 forward $264 $-1 #
edge $9374 -1 $-1 $9097 0 $9235 0.1600000000000000033 $9087 $9375 forward @7 unknown #
coedge $-1 -1 $-1 $9376 $9088 $9090 $9238 reversed $9233 $-1 #
coedge $-1 -1 $-1 $9088 $9376 $9373 $9377 reversed $9233 $-1 #
loop $-1 -1 $-1 $-1 $9088 $9378 #
color-adesk-attrib $-1 -1 $-1 $-1 $9089 256 #
vertex $-1 -1 $-1 $9377 $9379 #
straight-curve $-1 -1 $-1 0.2999999999999999889 -2.571566265060242884 -0.25 0 0 -1 I I #
coedge $-1 -1 $-1 $9090 $9369 $9380 $9381 reversed $102 $-1 #
edge $9382 -1 $-1 $9383 2.570602409638556907 $9092 2.57156626506024466 $9231 $277 forward @7 unknown #
point $-1 -1 $-1 0.3000000000000010436 -2.57156626506024466 -0.5 #
coedge $-1 -1 $-1 $9094 $9384 $9099 $9245 forward $264 $-1 #
color-adesk-attrib $-1 -1 $-1 $-1 $9095 256 #
straight-curve $-1 -1 $-1 0.3000000000000010436 -2.811566265060243097 0.5 0.5525198625498334293 0.8334997309465150828 0 I I #
point $-1 -1 $-1 0.4599942359067072384 -2.570208149958624233 0.5 #
coedge $-1 -1 $-1 $9100 $9099 $9385 $9386 forward $9101 $-1 #
edge $9387 -1 $-1 $9388 -2.812530120481930851 $9103 -2.811566265060243097 $9099 $352 forward @7 unknown #
face $9389 -1 $-1 $9378 $9101 $8 $-1 $354 reversed single #
point $-1 -1 $-1 0.3000000000000010436 -2.811566265060243097 0.5 #
coedge $-1 -1 $-1 $9385 $9390 $9105 $9249 forward $9391 $-1 #
edge $9392 -1 $-1 $9261 0 $9251 0.1600000000000000033 $9248 $9393 forward @7 unknown #
color-adesk-attrib $-1 -1 $-1 $-1 $9106 256 #
vertex $-1 -1 $-1 $9249 $9394 #
coedge $-1 -1 $-1 $9384 $9109 $9395 $9396 forward $264 $-1 #
coedge $-1 -1 $-1 $9116 $9395 $9112 $9254 reversed $9259 $-1 #
edge $9397 -1 $-1 $9119 -0.25 $9256 0.75 $9112 $9398 forward @7 unknown #
color-adesk-attrib $-1 -1 $-1 $-1 $9113 256 #
vertex $-1 -1 $-1 $9396 $9399 #
color-adesk-attrib $-1 -1 $-1 $-1 $9114 256 #
coedge $-1 -1 $-1 $9395 $9116 $9390 $9400 forward $9259 $-1 #
loop $-1 -1 $-1 $-1 $9116 $9401 #
color-adesk-attrib $-1 -1 $-1 $-1 $9117 256 #
vertex $-1 -1 $-1 $9249 $9402 #
straight-curve $-1 -1 $-1 0.3000000000000010436 -3.052530120481929288 -0.5 0.5525198625498334293 0.8334997309465150828 0 F 0 F 0.2895719172308956479 #
point $-1 -1 $-1 0.3000000000000010436 -3.052530120481929288 -0.5 #
coedge $-1 -1 $-1 $9126 $9121 $9120 $9265 reversed $9127 $-1 #
edge $9403 -1 $-1 $9271 0 $9124 0.1600000000000000033 $9264 $9404 forward @7 unknown #
color-adesk-attrib $-1 -1 $-1 $-1 $9122 256 #
straight-curve $-1 -1 $-1 0.2999999999999999889 -3.294457831325301012 -0.25 0 0 -1 I I #
point $-1 -1 $-1 0.3000000000000009881 -3.294457831325303232 0.5 #
face $9405 -1 $-1 $8873 $9127 $8 $-1 $9406 forward single #
color-adesk-attrib $-1 -1 $-1 $-1 $9132 256 #
vertex $-1 -1 $-1 $9136 $9407 #
straight-curve $-1 -1 $-1 0.3000000000000009881 -3.534457831325301669 0.5 0.5525198625498334293 0.8334997309465150828 0 I I #
color-adesk-attrib $-1 -1 $-1 $-1 $9136 256 #
straight-curve $-1 -1 $-1 0.4599942359067071829 -3.293099716223682805 -0.5 0 0 1 I I #
color-adesk-attrib $-1 -1 $-1 $-1 $9137 256 #
plane-surface $-1 -1 $-1 0.3000000000000009881 -3.534457831325301669 -0.5 0.8334997309465151938 -0.5525198625498335403 0 0.5525198625498335403 0.8334997309465151938 0 forward_v I I I I #
color-adesk-attrib $-1 -1 $-1 $-1 $9145 256 #
face $9408 -1 $-1 $9409 $9410 $8 $-1 $9411 forward single #
loop $-1 -1 $-1 $-1 $9412 $9145 #
plane-surface $-1 -1 $-1 0.459994235906707627 3.935815946426917122 -0.5 -0.008488219385113101104 0.99996397441691387 0 -0.99996397441691387 -0.008488219385113101104 0 forward_v I I I I #
coedge $-1 -1 $-1 $9413 $9414 $9415 $9416 forward $9146 $-1 #
coedge $-1 -1 $-1 $9417 $9148 $9183 $9320 reversed $9015 $-1 #
coedge $-1 -1 $-1 $9148 $9417 $9149 $9287 reversed $9015 $-1 #
coedge $-1 -1 $-1 $9151 $9186 $9148 $9285 reversed $102 $-1 #
edge $9418 -1 $-1 $9293 0 $9326 0.1600000000000000033 $9148 $9419 forward @7 unknown #
coedge $-1 -1 $-1 $9150 $9149 $9420 $9421 reversed $8882 $-1 #
edge $9422 -1 $-1 $9293 0 $9423 1 $9283 $9424 forward @7 unknown #
coedge $-1 -1 $-1 $9425 $9426 $9150 $9289 forward $9179 $-1 #
edge $9427 -1 $-1 $9292 -0.25 $9428 0.75 $9288 $9429 forward @7 unknown #
coedge $-1 -1 $-1 $9430 $9151 $9426 $9431 forward $102 $-1 #
color-adesk-attrib $-1 -1 $-1 $-1 $9152 256 #
vertex $-1 -1 $-1 $9431 $9432 #
vertex $-1 -1 $-1 $9285 $9433 #
straight-curve $-1 -1 $-1 0.3000000000000014877 4.176385542168674192 -0.5 0.5525198625498334293 0.8334997309465150828 0 F 0 F 0.2895719172308956479 #
coedge $-1 -1 $-1 $9156 $9434 $9161 $9299 forward $264 $-1 #
color-adesk-attrib $-1 -1 $-1 $-1 $9157 256 #
straight-curve $-1 -1 $-1 0.3000000000000014877 4.658313253012046573 0.5 0.5525198625498334293 0.8334997309465150828 0 I I #
point $-1 -1 $-1 0.4599942359067076825 4.899671368113665437 0.5 #
edge $9435 -1 $-1 $9318 4.657349397590360596 $9164 4.658313253012046573 $9161 $352 forward @7 unknown #
point $-1 -1 $-1 0.3000000000000014877 4.658313253012046573 0.5 #
coedge $-1 -1 $-1 $9186 $9166 $9188 $9328 reversed $102 $-1 #
coedge $-1 -1 $-1 $9181 $9436 $9166 $9303 forward $9316 $-1 #
edge $9437 -1 $-1 $9438 0 $9305 0.1600000000000000033 $9302 $9439 forward @7 unknown #
color-adesk-attrib $-1 -1 $-1 $-1 $9167 256 #
vertex $-1 -1 $-1 $9303 $9440 #
point $-1 -1 $-1 0.459994235906707738 5.140635223535351628 -0.5 #
color-adesk-attrib $-1 -1 $-1 $-1 $9178 256 #
face $9441 -1 $-1 $9442 $9443 $8 $-1 $354 reversed single #
loop $-1 -1 $-1 $-1 $9444 $9178 #
coedge $-1 -1 $-1 $9426 $9425 $9445 $9446 forward $9179 $-1 #
coedge $-1 -1 $-1 $9447 $9180 $9448 $9449 reversed $9045 $-1 #
coedge $-1 -1 $-1 $9180 $9447 $9450 $9451 reversed $9045 $-1 #
coedge $-1 -1 $-1 $9452 $9453 $9180 $9314 reversed $9454 $-1 #
edge $9455 -1 $-1 $9456 -0.25 $9457 0.75 $9180 $9458 forward @7 unknown #
coedge $-1 -1 $-1 $9436 $9181 $9434 $9459 reversed $9316 $-1 #
loop $-1 -1 $-1 $-1 $9302 $9460 #
color-adesk-attrib $-1 -1 $-1 $-1 $9182 256 #
vertex $-1 -1 $-1 $9299 $9461 #
straight-curve $-1 -1 $-1 0.2999999999999999889 4.657349397590361484 -0.25 0 0 -1 I I #
edge $9462 -1 $-1 $9324 -0.75 $9326 0.25 $9183 $9463 forward @7 unknown #
coedge $-1 -1 $-1 $9434 $9184 $9189 $9329 forward $264 $-1 #
coedge $-1 -1 $-1 $9184 $9420 $9417 $9464 forward $264 $-1 #
color-adesk-attrib $-1 -1 $-1 $-1 $9185 256 #
vertex $-1 -1 $-1 $9185 $9465 #
color-adesk-attrib $-1 -1 $-1 $-1 $9187 256 #
vertex $-1 -1 $-1 $9285 $9466 #
coedge $-1 -1 $-1 $9189 $9188 $9436 $9467 forward $9190 $-1 #
edge $9468 -1 $-1 $9192 0 $9438 0.2895719172308956479 $9188 $9469 forward @7 unknown #
edge $9470 -1 $-1 $9193 0 $9471 0.2895719172308956479 $9189 $9472 forward @7 unknown #
face $9473 -1 $-1 $9460 $9190 $8 $-1 $9474 forward single #
point $-1 -1 $-1 0.3000000000000014877 4.417349397590360383 -0.5 #
point $-1 -1 $-1 0.3000000000000014877 4.417349397590360383 0.5 #
color-adesk-attrib $-1 -1 $-1 $-1 $9195 256 #
straight-curve $-1 -1 $-1 0.459994235906707738 5.140635223535351628 0.5 -0.9999639744169136479 -0.008488219385113099369 0 I I #
color-adesk-attrib $-1 -1 $-1 $-1 $9196 256 #
plane-surface $-1 -1 $-1 0.459994235906707738 5.140635223535351628 -0.5 -0.008488219385113101104 0.99996397441691387 0 -0.99996397441691387 -0.008488219385113101104 0 forward_v I I I I #
color-adesk-attrib $-1 -1 $-1 $-1 $9200 256 #
straight-curve $-1 -1 $-1 0.4599942359067076825 4.899671368113665437 0.5 -0.9999639744169136479 -0.008488219385113099369 0 I I #
color-adesk-attrib $-1 -1 $-1 $-1 $9203 256 #
straight-curve $-1 -1 $-1 0.459994235906707738 5.140635223535351628 -0.5 0 0 1 I I #
point $-1 -1 $-1 0.459994235906707738 5.140635223535351628 0.5 #
color-adesk-attrib $-1 -1 $-1 $-1 $9212 256 #
face $9475 -1 $-1 $9476 $9477 $8 $-1 $9478 forward single #
loop $-1 -1 $-1 $-1 $9479 $9212 #
plane-surface $-1 -1 $-1 0.3000000000000011546 -1.365783132530122401 -0.5 0.8334997309465151938 -0.5525198625498335403 0 0.5525198625498335403 0.8334997309465151938 0 forward_v I I I I #
coedge $-1 -1 $-1 $9480 $9481 $9482 $9483 forward $9213 $-1 #
coedge $-1 -1 $-1 $9484 $9215 $9481 $9485 forward $9080 $-1 #
coedge $-1 -1 $-1 $9215 $9484 $9486 $9487 reversed $9080 $-1 #
coedge $-1 -1 $-1 $9488 $9482 $9215 $9350 reversed $102 $-1 #
edge $9489 -1 $-1 $9490 0 $9491 0.2895719172308956479 $9215 $9492 forward @7 unknown #
coedge $-1 -1 $-1 $9217 $9216 $9493 $9494 reversed $8949 $-1 #
coedge $-1 -1 $-1 $9495 $9496 $9216 $9353 forward $9497 $-1 #
edge $9498 -1 $-1 $9499 -0.75 $9356 0.25 $9352 $9500 forward @7 unknown #
coedge $-1 -1 $-1 $9218 $9501 $9495 $9502 forward $102 $-1 #
color-adesk-attrib $-1 -1 $-1 $-1 $9219 256 #
vertex $-1 -1 $-1 $9219 $9503 #
straight-curve $-1 -1 $-1 0.4599942359067072939 -2.088280439115251852 -0.5 -0.9999639744169136479 -0.008488219385113099369 0 F 0 F 0.1600000000000000033 #
coedge $-1 -1 $-1 $9493 $9504 $9220 $9359 forward $264 $-1 #
edge $9505 -1 $-1 $9367 0 $9361 0.2895719172308956479 $9220 $9506 forward @7 unknown #
color-adesk-attrib $-1 -1 $-1 $-1 $9221 256 #
vertex $-1 -1 $-1 $9221 $9507 #
straight-curve $-1 -1 $-1 0.4599942359067072939 -2.088280439115251852 -0.5 0 0 1 I I #
coedge $-1 -1 $-1 $9508 $9222 $9504 $9509 reversed $9365 $-1 #
coedge $-1 -1 $-1 $9222 $9508 $9224 $9370 reversed $9365 $-1 #
loop $-1 -1 $-1 $-1 $9222 $9510 #
color-adesk-attrib $-1 -1 $-1 $-1 $9223 256 #
vertex $-1 -1 $-1 $9359 $9511 #
straight-curve $-1 -1 $-1 0.3000000000000000444 -2.329638554216872492 -0.25 0 0 1 I I #
coedge $-1 -1 $-1 $9237 $9224 $9512 $9513 reversed $102 $-1 #
edge $9514 -1 $-1 $9226 2.329638554216870716 $9515 2.33060240963855847 $9364 $277 forward @7 unknown #
point $-1 -1 $-1 0.3000000000000010991 -2.329638554216870716 -0.5 #
point $-1 -1 $-1 0.4599942359067072939 -2.088280439115251852 -0.5 #
coedge $-1 -1 $-1 $9516 $9229 $9232 $9377 forward $264 $-1 #
color-adesk-attrib $-1 -1 $-1 $-1 $9230 256 #
straight-curve $-1 -1 $-1 0.4599942359067072384 -2.570208149958624233 0.5 -0.9999639744169136479 -0.008488219385113099369 0 I I #
coedge $-1 -1 $-1 $9232 $9231 $9517 $9518 forward $9233 $-1 #
edge $9519 -1 $-1 $9235 -2.57156626506024466 $9520 -2.570602409638556907 $9232 $352 forward @7 unknown #
face $9521 -1 $-1 $8982 $9233 $8 $-1 $354 reversed single #
point $-1 -1 $-1 0.3000000000000010436 -2.57156626506024466 0.5 #
coedge $-1 -1 $-1 $9522 $9517 $9237 $9381 forward $9523 $-1 #
edge $9524 -1 $-1 $9383 0 $9525 0.2895719172308956479 $9380 $9526 forward @7 unknown #
color-adesk-attrib $-1 -1 $-1 $-1 $9238 256 #
vertex $-1 -1 $-1 $9238 $9527 #
coedge $-1 -1 $-1 $9240 $9252 $9528 $9529 forward $264 $-1 #
coedge $-1 -1 $-1 $9528 $9248 $9244 $9386 reversed $9391 $-1 #
edge $9530 -1 $-1 $9388 -0.75 $9251 0.25 $9244 $9531 forward @7 unknown #
color-adesk-attrib $-1 -1 $-1 $-1 $9245 256 #
vertex $-1 -1 $-1 $9245 $9532 #
color-adesk-attrib $-1 -1 $-1 $-1 $9246 256 #
coedge $-1 -1 $-1 $9248 $9528 $9258 $9400 reversed $9391 $-1 #
loop $-1 -1 $-1 $-1 $9248 $9533 #
color-adesk-attrib $-1 -1 $-1 $-1 $9249 256 #
straight-curve $-1 -1 $-1 0.4599942359067071829 -2.811172005380310424 -0.5 -0.9999639744169136479 -0.008488219385113099369 0 F 0 F 0.1600000000000000033 #
point $-1 -1 $-1 0.3000000000000010436 -2.812530120481930851 -0.5 #
coedge $-1 -1 $-1 $9253 $9258 $9252 $9396 reversed $9259 $-1 #
edge $9534 -1 $-1 $9256 0 $9535 0.2895719172308956479 $9395 $9536 forward @7 unknown #
color-adesk-attrib $-1 -1 $-1 $-1 $9254 256 #
straight-curve $-1 -1 $-1 0.2999999999999999334 -3.052530120481931064 -0.25 0 0 1 I I #
point $-1 -1 $-1 0.3000000000000010436 -3.052530120481929288 0.5 #
edge $9537 -1 $-1 $9261 0 $9535 1 $9390 $9538 forward @7 unknown #
face $9539 -1 $-1 $9533 $9259 $8 $-1 $9540 forward single #
point $-1 -1 $-1 0.4599942359067071829 -2.811172005380310424 -0.5 #
color-adesk-attrib $-1 -1 $-1 $-1 $9265 256 #
straight-curve $-1 -1 $-1 0.4599942359067071829 -3.293099716223682805 0.5 -0.9999639744169136479 -0.008488219385113099369 0 I I #
color-adesk-attrib $-1 -1 $-1 $-1 $9269 256 #
plane-surface $-1 -1 $-1 0.4599942359067071829 -3.293099716223682805 -0.5 -0.008488219385113101104 0.99996397441691387 0 -0.99996397441691387 -0.008488219385113101104 0 forward_v I I I I #
point $-1 -1 $-1 0.4599942359067071829 -3.293099716223682805 0.5 #
color-adesk-attrib $-1 -1 $-1 $-1 $9278 256 #
face $9541 -1 $-1 $9542 $9543 $8 $-1 $9544 forward single #
loop $-1 -1 $-1 $-1 $9545 $9278 #
plane-surface $-1 -1 $-1 0.3000000000000014322 3.212530120481925877 -0.5 0.8334997309465151938 -0.5525198625498335403 0 0.5525198625498335403 0.8334997309465151938 0 forward_v I I I I #
coedge $-1 -1 $-1 $9546 $9547 $9548 $9549 forward $9279 $-1 #
coedge $-1 -1 $-1 $9550 $9281 $9547 $9551 forward $9146 $-1 #
coedge $-1 -1 $-1 $9281 $9550 $9552 $9553 reversed $9146 $-1 #
coedge $-1 -1 $-1 $9554 $9548 $9281 $9416 reversed $102 $-1 #
edge $9555 -1 $-1 $9556 0 $9557 0.2895719172308956479 $9281 $9558 forward @7 unknown #
coedge $-1 -1 $-1 $9283 $9282 $9322 $9464 reversed $9015 $-1 #
color-adesk-attrib $-1 -1 $-1 $-1 $9285 256 #
straight-curve $-1 -1 $-1 0.459994235906707627 4.417743657270293056 -0.5 -0.9999639744169136479 -0.008488219385113099369 0 F 0 F 0.1600000000000000033 #
coedge $-1 -1 $-1 $9322 $9559 $9286 $9421 forward $264 $-1 #
edge $9560 -1 $-1 $9428 0 $9423 0.2895719172308956479 $9286 $9561 forward @7 unknown #
color-adesk-attrib $-1 -1 $-1 $-1 $9287 256 #
vertex $-1 -1 $-1 $9287 $9562 #
straight-curve $-1 -1 $-1 0.459994235906707627 4.417743657270293056 -0.5 0 0 1 I I #
coedge $-1 -1 $-1 $9310 $9288 $9559 $9563 reversed $9179 $-1 #
coedge $-1 -1 $-1 $9288 $9310 $9290 $9431 reversed $9179 $-1 #
color-adesk-attrib $-1 -1 $-1 $-1 $9289 256 #
vertex $-1 -1 $-1 $9421 $9564 #
straight-curve $-1 -1 $-1 0.2999999999999999334 4.176385542168672416 -0.25 0 0 1 I I #
coedge $-1 -1 $-1 $9565 $9290 $9566 $9567 reversed $102 $-1 #
edge $9568 -1 $-1 $9292 -4.176385542168674192 $9569 -4.175421686746984662 $9426 $277 forward @7 unknown #
point $-1 -1 $-1 0.3000000000000014877 4.176385542168674192 -0.5 #
point $-1 -1 $-1 0.459994235906707627 4.417743657270293056 -0.5 #
coedge $-1 -1 $-1 $9295 $9321 $9315 $9459 forward $264 $-1 #
color-adesk-attrib $-1 -1 $-1 $-1 $9299 256 #
coedge $-1 -1 $-1 $9302 $9315 $9327 $9467 reversed $9316 $-1 #
color-adesk-attrib $-1 -1 $-1 $-1 $9303 256 #
vertex $-1 -1 $-1 $9303 $9570 #
straight-curve $-1 -1 $-1 0.4599942359067076825 4.658707512691979247 -0.5 -0.9999639744169136479 -0.008488219385113099369 0 F 0 F 0.1600000000000000033 #
point $-1 -1 $-1 0.3000000000000014877 4.657349397590360596 -0.5 #
color-adesk-attrib $-1 -1 $-1 $-1 $9308 256 #
face $9571 -1 $-1 $9572 $9573 $8 $-1 $354 reversed single #
loop $-1 -1 $-1 $-1 $9574 $9308 #
coedge $-1 -1 $-1 $9575 $9576 $9577 $9578 forward $9309 $-1 #
coedge $-1 -1 $-1 $9579 $9566 $9310 $9446 reversed $9580 $-1 #
edge $9581 -1 $-1 $9582 -0.75 $9569 0.25 $9310 $9583 forward @7 unknown #
coedge $-1 -1 $-1 $9312 $9311 $9546 $9584 forward $9045 $-1 #
coedge $-1 -1 $-1 $9585 $9586 $9311 $9449 forward $264 $-1 #
edge $9587 -1 $-1 $9588 3.934457831325296695 $9457 3.935421686746984449 $9311 $352 forward @7 unknown #
coedge $-1 -1 $-1 $9548 $9565 $9312 $9451 forward $102 $-1 #
edge $9589 -1 $-1 $9456 -3.935421686746984449 $9590 -3.934457831325296695 $9312 $277 forward @7 unknown #
coedge $-1 -1 $-1 $9591 $9313 $9565 $9592 forward $9454 $-1 #
coedge $-1 -1 $-1 $9313 $9591 $9585 $9593 reversed $9454 $-1 #
loop $-1 -1 $-1 $-1 $9452 $9594 #
color-adesk-attrib $-1 -1 $-1 $-1 $9314 256 #
vertex $-1 -1 $-1 $9451 $9595 #
vertex $-1 -1 $-1 $9593 $9596 #
straight-curve $-1 -1 $-1 0.3000000000000002665 3.935421686746982672 -0.25 0 0 1 I I #
edge $9597 -1 $-1 $9471 0 $9318 0.1600000000000000033 $9315 $9598 forward @7 unknown #
face $9599 -1 $-1 $9066 $9316 $8 $-1 $9600 forward single #
point $-1 -1 $-1 0.3000000000000014877 4.657349397590360596 0.5 #
color-adesk-attrib $-1 -1 $-1 $-1 $9320 256 #
straight-curve $-1 -1 $-1 0.2999999999999999889 4.416385542168675293 -0.25 0 0 -1 I I #
edge $9601 -1 $-1 $9423 0 $9324 0.1600000000000000033 $9417 $9602 forward @7 unknown #
point $-1 -1 $-1 0.3000000000000014877 4.416385542168674405 0.5 #
point $-1 -1 $-1 0.3000000000000014877 4.416385542168674405 -0.5 #
edge $9603 -1 $-1 $9438 0 $9471 1 $9436 $9604 forward @7 unknown #
color-adesk-attrib $-1 -1 $-1 $-1 $9328 256 #
straight-curve $-1 -1 $-1 0.3000000000000014877 4.417349397590360383 -0.5 0.5525198625498334293 0.8334997309465150828 0 F 0 F 0.2895719172308956479 #
color-adesk-attrib $-1 -1 $-1 $-1 $9329 256 #
vertex $-1 -1 $-1 $9467 $9605 #
straight-curve $-1 -1 $-1 0.3000000000000014877 4.417349397590360383 0.5 0.5525198625498334293 0.8334997309465150828 0 I I #
color-adesk-attrib $-1 -1 $-1 $-1 $9330 256 #
plane-surface $-1 -1 $-1 0.3000000000000014877 4.417349397590360383 -0.5 0.8334997309465151938 -0.5525198625498335403 0 0.5525198625498335403 0.8334997309465151938 0 forward_v I I I I #
color-adesk-attrib $-1 -1 $-1 $-1 $9343 256 #
face $9606 -1 $-1 $9607 $9608 $8 $-1 $9609 forward single #
loop $-1 -1 $-1 $-1 $9610 $9343 #
plane-surface $-1 -1 $-1 0.4599942359067072939 -1.124425017428503537 -0.5 -0.008488219385113101104 0.99996397441691387 0 -0.99996397441691387 -0.008488219385113101104 0 forward_v I I I I #
coedge $-1 -1 $-1 $9611 $9612 $9613 $9614 forward $9344 $-1 #
coedge $-1 -1 $-1 $9615 $9346 $9616 $9617 reversed $9213 $-1 #
coedge $-1 -1 $-1 $9346 $9615 $9347 $9485 reversed $9213 $-1 #
coedge $-1 -1 $-1 $9349 $9618 $9346 $9483 reversed $102 $-1 #
edge $9619 -1 $-1 $9491 0 $9620 0.1600000000000000033 $9346 $9621 forward @7 unknown #
coedge $-1 -1 $-1 $9348 $9347 $9622 $9623 reversed $9080 $-1 #
edge $9624 -1 $-1 $9491 0 $9625 1 $9481 $9626 forward @7 unknown #
coedge $-1 -1 $-1 $9627 $9628 $9348 $9487 forward $9629 $-1 #
edge $9630 -1 $-1 $9490 -0.25 $9631 0.75 $9486 $9632 forward @7 unknown #
coedge $-1 -1 $-1 $9633 $9349 $9628 $9634 forward $102 $-1 #
color-adesk-attrib $-1 -1 $-1 $-1 $9350 256 #
vertex $-1 -1 $-1 $9634 $9635 #
vertex $-1 -1 $-1 $9483 $9636 #
straight-curve $-1 -1 $-1 0.3000000000000010991 -1.847710843373494782 -0.5 0.5525198625498334293 0.8334997309465150828 0 F 0 F 0.2895719172308956479 #
coedge $-1 -1 $-1 $9637 $9358 $9351 $9494 forward $264 $-1 #
edge $9638 -1 $-1 $9361 0 $9499 0.1600000000000000033 $9351 $9639 forward @7 unknown #
coedge $-1 -1 $-1 $9640 $9352 $9354 $9502 reversed $9497 $-1 #
coedge $-1 -1 $-1 $9352 $9640 $9637 $9641 reversed $9497 $-1 #
loop $-1 -1 $-1 $-1 $9352 $9642 #
color-adesk-attrib $-1 -1 $-1 $-1 $9353 256 #
vertex $-1 -1 $-1 $9641 $9643 #
straight-curve $-1 -1 $-1 0.2999999999999999889 -2.089638554216870059 -0.25 0 0 -1 I I #
coedge $-1 -1 $-1 $9354 $9633 $9644 $9645 reversed $102 $-1 #
edge $9646 -1 $-1 $9647 2.088674698795180973 $9356 2.089638554216872279 $9495 $277 forward @7 unknown #
point $-1 -1 $-1 0.3000000000000010436 -2.089638554216872279 -0.5 #
coedge $-1 -1 $-1 $9358 $9648 $9363 $9509 forward $264 $-1 #
color-adesk-attrib $-1 -1 $-1 $-1 $9359 256 #
straight-curve $-1 -1 $-1 0.3000000000000010991 -2.329638554216870716 0.5 0.5525198625498334293 0.8334997309465150828 0 I I #
point $-1 -1 $-1 0.4599942359067072939 -2.088280439115251852 0.5 #
coedge $-1 -1 $-1 $9364 $9363 $9649 $9650 forward $9365 $-1 #
edge $9651 -1 $-1 $9652 -2.33060240963855847 $9367 -2.329638554216870716 $9363 $352 forward @7 unknown #
face $9653 -1 $-1 $9642 $9365 $8 $-1 $354 reversed single #
point $-1 -1 $-1 0.3000000000000010436 -2.329638554216870716 0.5 #
coedge $-1 -1 $-1 $9649 $9654 $9369 $9513 forward $9655 $-1 #
edge $9656 -1 $-1 $9525 0 $9515 0.1600000000000000033 $9512 $9657 forward @7 unknown #
color-adesk-attrib $-1 -1 $-1 $-1 $9370 256 #
vertex $-1 -1 $-1 $9513 $9658 #
coedge $-1 -1 $-1 $9648 $9373 $9659 $9660 forward $264 $-1 #
coedge $-1 -1 $-1 $9380 $9659 $9376 $9518 reversed $9523 $-1 #
edge $9661 -1 $-1 $9383 -0.25 $9520 0.75 $9376 $9662 forward @7 unknown #
color-adesk-attrib $-1 -1 $-1 $-1 $9377 256 #
vertex $-1 -1 $-1 $9660 $9663 #
color-adesk-attrib $-1 -1 $-1 $-1 $9378 256 #
coedge $-1 -1 $-1 $9659 $9380 $9654 $9664 forward $9523 $-1 #
loop $-1 -1 $-1 $-1 $9380 $9665 #
color-adesk-attrib $-1 -1 $-1 $-1 $9381 256 #
vertex $-1 -1 $-1 $9513 $9666 #
straight-curve $-1 -1 $-1 0.3000000000000010436 -2.570602409638556907 -0.5 0.5525198625498334293 0.8334997309465150828 0 F 0 F 0.2895719172308956479 #
point $-1 -1 $-1 0.3000000000000010436 -2.570602409638556907 -0.5 #
coedge $-1 -1 $-1 $9390 $9385 $9384 $9529 reversed $9391 $-1 #
edge $9667 -1 $-1 $9535 0 $9388 0.1600000000000000033 $9528 $9668 forward @7 unknown #
color-adesk-attrib $-1 -1 $-1 $-1 $9386 256 #
straight-curve $-1 -1 $-1 0.2999999999999999889 -2.81253012048192863 -0.25 0 0 -1 I I #
point $-1 -1 $-1 0.3000000000000010436 -2.812530120481930851 0.5 #
face $9669 -1 $-1 $9137 $9391 $8 $-1 $9670 forward single #
color-adesk-attrib $-1 -1 $-1 $-1 $9396 256 #
vertex $-1 -1 $-1 $9400 $9671 #
straight-curve $-1 -1 $-1 0.3000000000000010436 -3.052530120481929288 0.5 0.5525198625498334293 0.8334997309465150828 0 I I #
color-adesk-attrib $-1 -1 $-1 $-1 $9400 256 #
straight-curve $-1 -1 $-1 0.4599942359067071829 -2.811172005380310424 -0.5 0 0 1 I I #
color-adesk-attrib $-1 -1 $-1 $-1 $9401 256 #
plane-surface $-1 -1 $-1 0.3000000000000010436 -3.052530120481929288 -0.5 0.8334997309465151938 -0.5525198625498335403 0 0.5525198625498335403 0.8334997309465151938 0 forward_v I I I I #
color-adesk-attrib $-1 -1 $-1 $-1 $9409 256 #
face $9672 -1 $-1 $9673 $9674 $8 $-1 $9675 forward single #
loop $-1 -1 $-1 $-1 $9676 $9409 #
plane-surface $-1 -1 $-1 0.459994235906707627 3.453888235583544741 -0.5 -0.008488219385113101104 0.99996397441691387 0 -0.99996397441691387 -0.008488219385113101104 0 forward_v I I I I #
coedge $-1 -1 $-1 $9677 $9678 $9679 $9680 forward $9410 $-1 #
coedge $-1 -1 $-1 $9681 $9412 $9447 $9584 reversed $9279 $-1 #
coedge $-1 -1 $-1 $9412 $9681 $9413 $9551 reversed $9279 $-1 #
coedge $-1 -1 $-1 $9415 $9450 $9412 $9549 reversed $102 $-1 #
edge $9682 -1 $-1 $9557 0 $9590 0.1600000000000000033 $9412 $9683 forward @7 unknown #
coedge $-1 -1 $-1 $9414 $9413 $9684 $9685 reversed $9146 $-1 #
edge $9686 -1 $-1 $9557 0 $9687 1 $9547 $9688 forward @7 unknown #
coedge $-1 -1 $-1 $9689 $9690 $9414 $9553 forward $9443 $-1 #
edge $9691 -1 $-1 $9556 -0.25 $9692 0.75 $9552 $9693 forward @7 unknown #
coedge $-1 -1 $-1 $9694 $9415 $9690 $9695 forward $102 $-1 #
color-adesk-attrib $-1 -1 $-1 $-1 $9416 256 #
vertex $-1 -1 $-1 $9695 $9696 #
vertex $-1 -1 $-1 $9549 $9697 #
straight-curve $-1 -1 $-1 0.3000000000000014322 3.694457831325298258 -0.5 0.5525198625498334293 0.8334997309465150828 0 F 0 F 0.2895719172308956479 #
coedge $-1 -1 $-1 $9420 $9698 $9425 $9563 forward $264 $-1 #
color-adesk-attrib $-1 -1 $-1 $-1 $9421 256 #
straight-curve $-1 -1 $-1 0.3000000000000014877 4.176385542168674192 0.5 0.5525198625498334293 0.8334997309465150828 0 I I #
point $-1 -1 $-1 0.459994235906707627 4.417743657270293056 0.5 #
edge $9699 -1 $-1 $9582 4.175421686746984662 $9428 4.176385542168674192 $9425 $352 forward @7 unknown #
point $-1 -1 $-1 0.3000000000000014877 4.176385542168674192 0.5 #
coedge $-1 -1 $-1 $9450 $9430 $9452 $9592 reversed $102 $-1 #
coedge $-1 -1 $-1 $9445 $9700 $9430 $9567 forward $9580 $-1 #
edge $9701 -1 $-1 $9702 0 $9569 0.1600000000000000033 $9566 $9703 forward @7 unknown #
color-adesk-attrib $-1 -1 $-1 $-1 $9431 256 #
vertex $-1 -1 $-1 $9567 $9704 #
point $-1 -1 $-1 0.4599942359067076825 4.658707512691979247 -0.5 #
color-adesk-attrib $-1 -1 $-1 $-1 $9442 256 #
face $9705 -1 $-1 $9706 $9707 $8 $-1 $354 reversed single #
loop $-1 -1 $-1 $-1 $9708 $9442 #
coedge $-1 -1 $-1 $9690 $9689 $9709 $9710 forward $9443 $-1 #
coedge $-1 -1 $-1 $9711 $9444 $9712 $9713 reversed $9309 $-1 #
coedge $-1 -1 $-1 $9444 $9711 $9714 $9715 reversed $9309 $-1 #
coedge $-1 -1 $-1 $9716 $9717 $9444 $9578 reversed $9718 $-1 #
edge $9719 -1 $-1 $9720 -0.25 $9721 0.75 $9444 $9722 forward @7 unknown #
coedge $-1 -1 $-1 $9700 $9445 $9698 $9723 reversed $9580 $-1 #
loop $-1 -1 $-1 $-1 $9566 $9724 #
color-adesk-attrib $-1 -1 $-1 $-1 $9446 256 #
vertex $-1 -1 $-1 $9563 $9725 #
straight-curve $-1 -1 $-1 0.2999999999999999889 4.175421686746986438 -0.25 0 0 -1 I I #
edge $9726 -1 $-1 $9588 -0.75 $9590 0.25 $9447 $9727 forward @7 unknown #
coedge $-1 -1 $-1 $9698 $9448 $9453 $9593 forward $264 $-1 #
coedge $-1 -1 $-1 $9448 $9684 $9681 $9728 forward $264 $-1 #
color-adesk-attrib $-1 -1 $-1 $-1 $9449 256 #
vertex $-1 -1 $-1 $9449 $9729 #
color-adesk-attrib $-1 -1 $-1 $-1 $9451 256 #
vertex $-1 -1 $-1 $9549 $9730 #
coedge $-1 -1 $-1 $9453 $9452 $9700 $9731 forward $9454 $-1 #
edge $9732 -1 $-1 $9456 0 $9702 0.2895719172308956479 $9452 $9733 forward @7 unknown #
edge $9734 -1 $-1 $9457 0 $9735 0.2895719172308956479 $9453 $9736 forward @7 unknown #
face $9737 -1 $-1 $9724 $9454 $8 $-1 $9738 forward single #
point $-1 -1 $-1 0.3000000000000014877 3.935421686746984449 -0.5 #
point $-1 -1 $-1 0.3000000000000014322 3.935421686746984449 0.5 #
color-adesk-attrib $-1 -1 $-1 $-1 $9459 256 #
straight-curve $-1 -1 $-1 0.4599942359067076825 4.658707512691979247 0.5 -0.9999639744169136479 -0.008488219385113099369 0 I I #
color-adesk-attrib $-1 -1 $-1 $-1 $9460 256 #
plane-surface $-1 -1 $-1 0.4599942359067076825 4.658707512691979247 -0.5 -0.008488219385113101104 0.99996397441691387 0 -0.99996397441691387 -0.008488219385113101104 0 forward_v I I I I #
color-adesk-attrib $-1 -1 $-1 $-1 $9464 256 #
straight-curve $-1 -1 $-1 0.459994235906707627 4.417743657270293056 0.5 -0.9999639744169136479 -0.008488219385113099369 0 I I #
color-adesk-attrib $-1 -1 $-1 $-1 $9467 256 #
straight-curve $-1 -1 $-1 0.4599942359067076825 4.658707512691979247 -0.5 0 0 1 I I #
point $-1 -1 $-1 0.4599942359067076825 4.658707512691979247 0.5 #
color-adesk-attrib $-1 -1 $-1 $-1 $9476 256 #
face $9739 -1 $-1 $9740 $9741 $8 $-1 $9742 forward single #
loop $-1 -1 $-1 $-1 $9743 $9476 #
plane-surface $-1 -1 $-1 0.3000000000000011546 -0.8838554216867500202 -0.5 0.8334997309465151938 -0.5525198625498335403 0 0.5525198625498335403 0.8334997309465151938 0 forward_v I I I I #
coedge $-1 -1 $-1 $9744 $9745 $9746 $9747 forward $9477 $-1 #
coedge $-1 -1 $-1 $9748 $9479 $9745 $9749 forward $9344 $-1 #
coedge $-1 -1 $-1 $9479 $9748 $9750 $9751 reversed $9344 $-1 #
coedge $-1 -1 $-1 $9752 $9746 $9479 $9614 reversed $102 $-1 #
edge $9753 -1 $-1 $9754 0 $9755 0.2895719172308956479 $9479 $9756 forward @7 unknown #
coedge $-1 -1 $-1 $9481 $9480 $9757 $9758 reversed $9213 $-1 #
coedge $-1 -1 $-1 $9759 $9760 $9480 $9617 forward $9761 $-1 #
edge $9762 -1 $-1 $9763 -0.75 $9620 0.25 $9616 $9764 forward @7 unknown #
coedge $-1 -1 $-1 $9482 $9765 $9759 $9766 forward $102 $-1 #
color-adesk-attrib $-1 -1 $-1 $-1 $9483 256 #
vertex $-1 -1 $-1 $9483 $9767 #
straight-curve $-1 -1 $-1 0.4599942359067072939 -1.606352728271875918 -0.5 -0.9999639744169136479 -0.008488219385113099369 0 F 0 F 0.1600000000000000033 #
coedge $-1 -1 $-1 $9757 $9768 $9484 $9623 forward $264 $-1 #
edge $9769 -1 $-1 $9631 0 $9625 0.2895719172308956479 $9484 $9770 forward @7 unknown #
color-adesk-attrib $-1 -1 $-1 $-1 $9485 256 #
vertex $-1 -1 $-1 $9485 $9771 #
straight-curve $-1 -1 $-1 0.4599942359067072939 -1.606352728271875918 -0.5 0 0 1 I I #
coedge $-1 -1 $-1 $9772 $9486 $9768 $9773 reversed $9629 $-1 #
coedge $-1 -1 $-1 $9486 $9772 $9488 $9634 reversed $9629 $-1 #
loop $-1 -1 $-1 $-1 $9486 $9774 #
color-adesk-attrib $-1 -1 $-1 $-1 $9487 256 #
vertex $-1 -1 $-1 $9623 $9775 #
straight-curve $-1 -1 $-1 0.2999999999999999334 -1.847710843373496559 -0.25 0 0 1 I I #
coedge $-1 -1 $-1 $9501 $9488 $9776 $9777 reversed $102 $-1 #
edge $9778 -1 $-1 $9490 1.847710843373494782 $9779 1.848674698795182536 $9628 $277 forward @7 unknown #
point $-1 -1 $-1 0.3000000000000010991 -1.847710843373494782 -0.5 #
point $-1 -1 $-1 0.4599942359067072939 -1.606352728271875918 -0.5 #
coedge $-1 -1 $-1 $9780 $9493 $9496 $9641 forward $264 $-1 #
color-adesk-attrib $-1 -1 $-1 $-1 $9494 256 #
straight-curve $-1 -1 $-1 0.4599942359067072939 -2.088280439115251852 0.5 -0.9999639744169136479 -0.008488219385113099369 0 I I #
coedge $-1 -1 $-1 $9496 $9495 $9781 $9782 forward $9497 $-1 #
edge $9783 -1 $-1 $9499 -2.089638554216872279 $9784 -2.088674698795180973 $9496 $352 forward @7 unknown #
face $9785 -1 $-1 $9246 $9497 $8 $-1 $354 reversed single #
point $-1 -1 $-1 0.3000000000000010436 -2.089638554216872279 0.5 #
coedge $-1 -1 $-1 $9786 $9781 $9501 $9645 forward $9787 $-1 #
edge $9788 -1 $-1 $9647 0 $9789 0.2895719172308956479 $9644 $9790 forward @7 unknown #
color-adesk-attrib $-1 -1 $-1 $-1 $9502 256 #
vertex $-1 -1 $-1 $9502 $9791 #
coedge $-1 -1 $-1 $9504 $9516 $9792 $9793 forward $264 $-1 #
coedge $-1 -1 $-1 $9792 $9512 $9508 $9650 reversed $9655 $-1 #
edge $9794 -1 $-1 $9652 -0.75 $9515 0.25 $9508 $9795 forward @7 unknown #
color-adesk-attrib $-1 -1 $-1 $-1 $9509 256 #
vertex $-1 -1 $-1 $9509 $9796 #
color-adesk-attrib $-1 -1 $-1 $-1 $9510 256 #
coedge $-1 -1 $-1 $9512 $9792 $9522 $9664 reversed $9655 $-1 #
loop $-1 -1 $-1 $-1 $9512 $9797 #
color-adesk-attrib $-1 -1 $-1 $-1 $9513 256 #
straight-curve $-1 -1 $-1 0.4599942359067072384 -2.329244294536938042 -0.5 -0.9999639744169136479 -0.008488219385113099369 0 F 0 F 0.1600000000000000033 #
point $-1 -1 $-1 0.3000000000000010436 -2.33060240963855847 -0.5 #
coedge $-1 -1 $-1 $9517 $9522 $9516 $9660 reversed $9523 $-1 #
edge $9798 -1 $-1 $9520 0 $9799 0.2895719172308956479 $9659 $9800 forward @7 unknown #
color-adesk-attrib $-1 -1 $-1 $-1 $9518 256 #
straight-curve $-1 -1 $-1 0.3000000000000000444 -2.570602409638558683 -0.25 0 0 1 I I #
point $-1 -1 $-1 0.3000000000000010436 -2.570602409638556907 0.5 #
edge $9801 -1 $-1 $9525 0 $9799 1 $9654 $9802 forward @7 unknown #
face $9803 -1 $-1 $9797 $9523 $8 $-1 $9804 forward single #
point $-1 -1 $-1 0.4599942359067072384 -2.329244294536938042 -0.5 #
color-adesk-attrib $-1 -1 $-1 $-1 $9529 256 #
straight-curve $-1 -1 $-1 0.4599942359067071829 -2.811172005380310424 0.5 -0.9999639744169136479 -0.008488219385113099369 0 I I #
color-adesk-attrib $-1 -1 $-1 $-1 $9533 256 #
plane-surface $-1 -1 $-1 0.4599942359067071829 -2.811172005380310424 -0.5 -0.008488219385113101104 0.99996397441691387 0 -0.99996397441691387 -0.008488219385113101104 0 forward_v I I I I #
point $-1 -1 $-1 0.4599942359067071829 -2.811172005380310424 0.5 #
color-adesk-attrib $-1 -1 $-1 $-1 $9542 256 #
face $9805 -1 $-1 $9806 $9807 $8 $-1 $9808 forward single #
loop $-1 -1 $-1 $-1 $9809 $9542 #
plane-surface $-1 -1 $-1 0.3000000000000013767 2.730602409638553496 -0.5 0.8334997309465151938 -0.5525198625498335403 0 0.5525198625498335403 0.8334997309465151938 0 forward_v I I I I #
coedge $-1 -1 $-1 $9810 $9811 $9812 $9813 forward $9543 $-1 #
coedge $-1 -1 $-1 $9814 $9545 $9811 $9815 forward $9410 $-1 #
coedge $-1 -1 $-1 $9545 $9814 $9816 $9817 reversed $9410 $-1 #
coedge $-1 -1 $-1 $9818 $9812 $9545 $9680 reversed $102 $-1 #
edge $9819 -1 $-1 $9820 0 $9821 0.2895719172308956479 $9545 $9822 forward @7 unknown #
coedge $-1 -1 $-1 $9547 $9546 $9586 $9728 reversed $9279 $-1 #
color-adesk-attrib $-1 -1 $-1 $-1 $9549 256 #
straight-curve $-1 -1 $-1 0.459994235906707627 3.935815946426917122 -0.5 -0.9999639744169136479 -0.008488219385113099369 0 F 0 F 0.1600000000000000033 #
coedge $-1 -1 $-1 $9586 $9823 $9550 $9685 forward $264 $-1 #
edge $9824 -1 $-1 $9692 0 $9687 0.2895719172308956479 $9550 $9825 forward @7 unknown #
color-adesk-attrib $-1 -1 $-1 $-1 $9551 256 #
vertex $-1 -1 $-1 $9551 $9826 #
straight-curve $-1 -1 $-1 0.459994235906707627 3.935815946426917122 -0.5 0 0 1 I I #
coedge $-1 -1 $-1 $9574 $9552 $9823 $9827 reversed $9443 $-1 #
coedge $-1 -1 $-1 $9552 $9574 $9554 $9695 reversed $9443 $-1 #
color-adesk-attrib $-1 -1 $-1 $-1 $9553 256 #
vertex $-1 -1 $-1 $9685 $9828 #
straight-curve $-1 -1 $-1 0.3000000000000001554 3.694457831325296482 -0.25 0 0 1 I I #
coedge $-1 -1 $-1 $9829 $9554 $9830 $9831 reversed $102 $-1 #
edge $9832 -1 $-1 $9556 -3.694457831325298258 $9833 -3.693493975903610504 $9690 $277 forward @7 unknown #
point $-1 -1 $-1 0.3000000000000014322 3.694457831325298258 -0.5 #
point $-1 -1 $-1 0.459994235906707627 3.935815946426917122 -0.5 #
coedge $-1 -1 $-1 $9559 $9585 $9579 $9723 forward $264 $-1 #
color-adesk-attrib $-1 -1 $-1 $-1 $9563 256 #
coedge $-1 -1 $-1 $9566 $9579 $9591 $9731 reversed $9580 $-1 #
color-adesk-attrib $-1 -1 $-1 $-1 $9567 256 #
vertex $-1 -1 $-1 $9567 $9834 #
straight-curve $-1 -1 $-1 0.459994235906707627 4.176779801848603313 -0.5 -0.9999639744169136479 -0.008488219385113099369 0 F 0 F 0.1600000000000000033 #
point $-1 -1 $-1 0.3000000000000014322 4.175421686746984662 -0.5 #
color-adesk-attrib $-1 -1 $-1 $-1 $9572 256 #
face $9835 -1 $-1 $9836 $9837 $8 $-1 $354 reversed single #
loop $-1 -1 $-1 $-1 $9838 $9572 #
coedge $-1 -1 $-1 $9839 $9840 $9841 $9842 forward $9573 $-1 #
coedge $-1 -1 $-1 $9843 $9830 $9574 $9710 reversed $9844 $-1 #
edge $9845 -1 $-1 $9846 -0.75 $9833 0.25 $9574 $9847 forward @7 unknown #
coedge $-1 -1 $-1 $9576 $9575 $9810 $9848 forward $9309 $-1 #
coedge $-1 -1 $-1 $9849 $9850 $9575 $9713 forward $264 $-1 #
edge $9851 -1 $-1 $9852 3.452530120481924314 $9721 3.453493975903612068 $9575 $352 forward @7 unknown #
coedge $-1 -1 $-1 $9812 $9829 $9576 $9715 forward $102 $-1 #
edge $9853 -1 $-1 $9720 -3.453493975903612068 $9854 -3.452530120481924314 $9576 $277 forward @7 unknown #
coedge $-1 -1 $-1 $9855 $9577 $9829 $9856 forward $9718 $-1 #
coedge $-1 -1 $-1 $9577 $9855 $9849 $9857 reversed $9718 $-1 #
loop $-1 -1 $-1 $-1 $9716 $9858 #
color-adesk-attrib $-1 -1 $-1 $-1 $9578 256 #
vertex $-1 -1 $-1 $9715 $9859 #
vertex $-1 -1 $-1 $9857 $9860 #
straight-curve $-1 -1 $-1 0.2999999999999999334 3.453493975903610291 -0.25 0 0 1 I I #
edge $9861 -1 $-1 $9735 0 $9582 0.1600000000000000033 $9579 $9862 forward @7 unknown #
face $9863 -1 $-1 $9330 $9580 $8 $-1 $9864 forward single #
point $-1 -1 $-1 0.3000000000000014322 4.175421686746984662 0.5 #
color-adesk-attrib $-1 -1 $-1 $-1 $9584 256 #
straight-curve $-1 -1 $-1 0.2999999999999999889 3.93445783132529936 -0.25 0 0 -1 I I #
edge $9865 -1 $-1 $9687 0 $9588 0.1600000000000000033 $9681 $9866 forward @7 unknown #
point $-1 -1 $-1 0.3000000000000014322 3.934457831325296695 0.5 #
point $-1 -1 $-1 0.3000000000000014322 3.934457831325296695 -0.5 #
edge $9867 -1 $-1 $9702 0 $9735 1 $9700 $9868 forward @7 unknown #
color-adesk-attrib $-1 -1 $-1 $-1 $9592 256 #
straight-curve $-1 -1 $-1 0.3000000000000014877 3.935421686746984449 -0.5 0.5525198625498334293 0.8334997309465150828 0 F 0 F 0.2895719172308956479 #
color-adesk-attrib $-1 -1 $-1 $-1 $9593 256 #
vertex $-1 -1 $-1 $9731 $9869 #
straight-curve $-1 -1 $-1 0.3000000000000014877 3.935421686746984449 0.5 0.5525198625498334293 0.8334997309465150828 0 I I #
color-adesk-attrib $-1 -1 $-1 $-1 $9594 256 #
plane-surface $-1 -1 $-1 0.3000000000000014877 3.935421686746984449 -0.5 0.8334997309465151938 -0.5525198625498335403 0 0.5525198625498335403 0.8334997309465151938 0 forward_v I I I I #
color-adesk-attrib $-1 -1 $-1 $-1 $9607 256 #
face $9870 -1 $-1 $9871 $9872 $8 $-1 $9873 forward single #
loop $-1 -1 $-1 $-1 $9874 $9607 #
plane-surface $-1 -1 $-1 0.4599942359067073494 -0.642497306585131156 -0.5 -0.008488219385113101104 0.99996397441691387 0 -0.99996397441691387 -0.008488219385113101104 0 forward_v I I I I #
coedge $-1 -1 $-1 $9875 $9876 $9877 $9878 forward $9608 $-1 #
coedge $-1 -1 $-1 $9879 $9610 $9880 $9881 reversed $9477 $-1 #
coedge $-1 -1 $-1 $9610 $9879 $9611 $9749 reversed $9477 $-1 #
coedge $-1 -1 $-1 $9613 $9882 $9610 $9747 reversed $102 $-1 #
edge $9883 -1 $-1 $9755 0 $9884 0.1600000000000000033 $9610 $9885 forward @7 unknown #
coedge $-1 -1 $-1 $9612 $9611 $9886 $9887 reversed $9344 $-1 #
edge $9888 -1 $-1 $9755 0 $9889 1 $9745 $9890 forward @7 unknown #
coedge $-1 -1 $-1 $9891 $9892 $9612 $9751 forward $9893 $-1 #
edge $9894 -1 $-1 $9754 -0.25 $9895 0.75 $9750 $9896 forward @7 unknown #
coedge $-1 -1 $-1 $9897 $9613 $9892 $9898 forward $102 $-1 #
color-adesk-attrib $-1 -1 $-1 $-1 $9614 256 #
vertex $-1 -1 $-1 $9898 $9899 #
vertex $-1 -1 $-1 $9747 $9900 #
straight-curve $-1 -1 $-1 0.3000000000000011546 -1.365783132530122401 -0.5 0.5525198625498334293 0.8334997309465150828 0 F 0 F 0.2895719172308956479 #
coedge $-1 -1 $-1 $9901 $9622 $9615 $9758 forward $264 $-1 #
edge $9902 -1 $-1 $9625 0 $9763 0.1600000000000000033 $9615 $9903 forward @7 unknown #
coedge $-1 -1 $-1 $9904 $9616 $9618 $9766 reversed $9761 $-1 #
coedge $-1 -1 $-1 $9616 $9904 $9901 $9905 reversed $9761 $-1 #
loop $-1 -1 $-1 $-1 $9616 $9906 #
color-adesk-attrib $-1 -1 $-1 $-1 $9617 256 #
vertex $-1 -1 $-1 $9905 $9907 #
straight-curve $-1 -1 $-1 0.2999999999999999889 -1.607710843373494125 -0.25 0 0 -1 I I #
coedge $-1 -1 $-1 $9618 $9897 $9908 $9909 reversed $102 $-1 #
edge $9910 -1 $-1 $9911 1.606746987951808592 $9620 1.607710843373496346 $9759 $277 forward @7 unknown #
point $-1 -1 $-1 0.3000000000000010991 -1.607710843373496346 -0.5 #
coedge $-1 -1 $-1 $9622 $9912 $9627 $9773 forward $264 $-1 #
color-adesk-attrib $-1 -1 $-1 $-1 $9623 256 #
straight-curve $-1 -1 $-1 0.3000000000000010991 -1.847710843373494782 0.5 0.5525198625498334293 0.8334997309465150828 0 I I #
point $-1 -1 $-1 0.4599942359067072939 -1.606352728271875918 0.5 #
coedge $-1 -1 $-1 $9628 $9627 $9913 $9914 forward $9629 $-1 #
edge $9915 -1 $-1 $9916 -1.848674698795182536 $9631 -1.847710843373494782 $9627 $352 forward @7 unknown #
face $9917 -1 $-1 $9906 $9629 $8 $-1 $354 reversed single #
point $-1 -1 $-1 0.3000000000000010991 -1.847710843373494782 0.5 #
coedge $-1 -1 $-1 $9913 $9918 $9633 $9777 forward $9919 $-1 #
edge $9920 -1 $-1 $9789 0 $9779 0.1600000000000000033 $9776 $9921 forward @7 unknown #
color-adesk-attrib $-1 -1 $-1 $-1 $9634 256 #
vertex $-1 -1 $-1 $9777 $9922 #
coedge $-1 -1 $-1 $9912 $9637 $9923 $9924 forward $264 $-1 #
coedge $-1 -1 $-1 $9644 $9923 $9640 $9782 reversed $9787 $-1 #
edge $9925 -1 $-1 $9647 -0.25 $9784 0.75 $9640 $9926 forward @7 unknown #
color-adesk-attrib $-1 -1 $-1 $-1 $9641 256 #
vertex $-1 -1 $-1 $9924 $9927 #
color-adesk-attrib $-1 -1 $-1 $-1 $9642 256 #
coedge $-1 -1 $-1 $9923 $9644 $9918 $9928 forward $9787 $-1 #
loop $-1 -1 $-1 $-1 $9644 $9929 #
color-adesk-attrib $-1 -1 $-1 $-1 $9645 256 #
vertex $-1 -1 $-1 $9777 $9930 #
straight-curve $-1 -1 $-1 0.3000000000000010991 -2.088674698795180973 -0.5 0.5525198625498334293 0.8334997309465150828 0 F 0 F 0.2895719172308956479 #
point $-1 -1 $-1 0.3000000000000010991 -2.088674698795180973 -0.5 #
coedge $-1 -1 $-1 $9654 $9649 $9648 $9793 reversed $9655 $-1 #
edge $9931 -1 $-1 $9799 0 $9652 0.1600000000000000033 $9792 $9932 forward @7 unknown #
color-adesk-attrib $-1 -1 $-1 $-1 $9650 256 #
straight-curve $-1 -1 $-1 0.2999999999999999889 -2.330602409638556693 -0.25 0 0 -1 I I #
point $-1 -1 $-1 0.3000000000000010436 -2.33060240963855847 0.5 #
face $9933 -1 $-1 $9401 $9655 $8 $-1 $9934 forward single #
color-adesk-attrib $-1 -1 $-1 $-1 $9660 256 #
vertex $-1 -1 $-1 $9664 $9935 #
straight-curve $-1 -1 $-1 0.3000000000000010436 -2.570602409638556907 0.5 0.5525198625498334293 0.8334997309465150828 0 I I #
color-adesk-attrib $-1 -1 $-1 $-1 $9664 256 #
straight-curve $-1 -1 $-1 0.4599942359067072384 -2.329244294536938042 -0.5 0 0 1 I I #
color-adesk-attrib $-1 -1 $-1 $-1 $9665 256 #
plane-surface $-1 -1 $-1 0.3000000000000010436 -2.570602409638556907 -0.5 0.8334997309465151938 -0.5525198625498335403 0 0.5525198625498335403 0.8334997309465151938 0 forward_v I I I I #
color-adesk-attrib $-1 -1 $-1 $-1 $9673 256 #
face $9936 -1 $-1 $9937 $9938 $8 $-1 $9939 forward single #
loop $-1 -1 $-1 $-1 $9940 $9673 #
plane-surface $-1 -1 $-1 0.4599942359067075714 2.97196052474017236 -0.5 -0.008488219385113101104 0.99996397441691387 0 -0.99996397441691387 -0.008488219385113101104 0 forward_v I I I I #
coedge $-1 -1 $-1 $9941 $9942 $9943 $9944 forward $9674 $-1 #
coedge $-1 -1 $-1 $9945 $9676 $9711 $9848 reversed $9543 $-1 #
coedge $-1 -1 $-1 $9676 $9945 $9677 $9815 reversed $9543 $-1 #
coedge $-1 -1 $-1 $9679 $9714 $9676 $9813 reversed $102 $-1 #
edge $9946 -1 $-1 $9821 0 $9854 0.1600000000000000033 $9676 $9947 forward @7 unknown #
coedge $-1 -1 $-1 $9678 $9677 $9948 $9949 reversed $9410 $-1 #
edge $9950 -1 $-1 $9821 0 $9951 1 $9811 $9952 forward @7 unknown #
coedge $-1 -1 $-1 $9953 $9954 $9678 $9817 forward $9707 $-1 #
edge $9955 -1 $-1 $9820 -0.25 $9956 0.75 $9816 $9957 forward @7 unknown #
coedge $-1 -1 $-1 $9958 $9679 $9954 $9959 forward $102 $-1 #
color-adesk-attrib $-1 -1 $-1 $-1 $9680 256 #
vertex $-1 -1 $-1 $9959 $9960 #
vertex $-1 -1 $-1 $9813 $9961 #
straight-curve $-1 -1 $-1 0.3000000000000014322 3.212530120481925877 -0.5 0.5525198625498334293 0.8334997309465150828 0 F 0 F 0.2895719172308956479 #
coedge $-1 -1 $-1 $9684 $9962 $9689 $9827 forward $264 $-1 #
color-adesk-attrib $-1 -1 $-1 $-1 $9685 256 #
straight-curve $-1 -1 $-1 0.3000000000000014322 3.694457831325298258 0.5 0.5525198625498334293 0.8334997309465150828 0 I I #
point $-1 -1 $-1 0.459994235906707627 3.935815946426917122 0.5 #
edge $9963 -1 $-1 $9846 3.693493975903610504 $9692 3.694457831325298258 $9689 $352 forward @7 unknown #
point $-1 -1 $-1 0.3000000000000014322 3.694457831325298258 0.5 #
coedge $-1 -1 $-1 $9714 $9694 $9716 $9856 reversed $102 $-1 #
coedge $-1 -1 $-1 $9709 $9964 $9694 $9831 forward $9844 $-1 #
edge $9965 -1 $-1 $9966 0 $9833 0.1600000000000000033 $9830 $9967 forward @7 unknown #
color-adesk-attrib $-1 -1 $-1 $-1 $9695 256 #
vertex $-1 -1 $-1 $9831 $9968 #
point $-1 -1 $-1 0.459994235906707627 4.176779801848603313 -0.5 #
color-adesk-attrib $-1 -1 $-1 $-1 $9706 256 #
face $9969 -1 $-1 $9970 $9971 $8 $-1 $354 reversed single #
loop $-1 -1 $-1 $-1 $9972 $9706 #
coedge $-1 -1 $-1 $9954 $9953 $9973 $9974 forward $9707 $-1 #
coedge $-1 -1 $-1 $9975 $9708 $9976 $9977 reversed $9573 $-1 #
coedge $-1 -1 $-1 $9708 $9975 $9978 $9979 reversed $9573 $-1 #
coedge $-1 -1 $-1 $9980 $9981 $9708 $9842 reversed $9982 $-1 #
edge $9983 -1 $-1 $9984 -0.25 $9985 0.75 $9708 $9986 forward @7 unknown #
coedge $-1 -1 $-1 $9964 $9709 $9962 $9987 reversed $9844 $-1 #
loop $-1 -1 $-1 $-1 $9830 $9988 #
color-adesk-attrib $-1 -1 $-1 $-1 $9710 256 #
vertex $-1 -1 $-1 $9827 $9989 #
straight-curve $-1 -1 $-1 0.2999999999999999889 3.693493975903613169 -0.25 0 0 -1 I I #
edge $9990 -1 $-1 $9852 -0.75 $9854 0.25 $9711 $9991 forward @7 unknown #
coedge $-1 -1 $-1 $9962 $9712 $9717 $9857 forward $264 $-1 #
coedge $-1 -1 $-1 $9712 $9948 $9945 $9992 forward $264 $-1 #
color-adesk-attrib $-1 -1 $-1 $-1 $9713 256 #
vertex $-1 -1 $-1 $9713 $9993 #
color-adesk-attrib $-1 -1 $-1 $-1 $9715 256 #
vertex $-1 -1 $-1 $9813 $9994 #
coedge $-1 -1 $-1 $9717 $9716 $9964 $9995 forward $9718 $-1 #
edge $9996 -1 $-1 $9720 0 $9966 0.2895719172308956479 $9716 $9997 forward @7 unknown #
edge $9998 -1 $-1 $9721 0 $9999 0.2895719172308956479 $9717 $10000 forward @7 unknown #
face $10001 -1 $-1 $9988 $9718 $8 $-1 $10002 forward single #
point $-1 -1 $-1 0.3000000000000014322 3.453493975903612068 -0.5 #
point $-1 -1 $-1 0.3000000000000014322 3.453493975903612068 0.5 #
color-adesk-attrib $-1 -1 $-1 $-1 $9723 256 #
straight-curve $-1 -1 $-1 0.459994235906707627 4.176779801848603313 0.5 -0.9999639744169136479 -0.008488219385113099369 0 I I #
color-adesk-attrib $-1 -1 $-1 $-1 $9724 256 #
plane-surface $-1 -1 $-1 0.459994235906707627 4.176779801848603313 -0.5 -0.008488219385113101104 0.99996397441691387 0 -0.99996397441691387 -0.008488219385113101104 0 forward_v I I I I #
color-adesk-attrib $-1 -1 $-1 $-1 $9728 256 #
straight-curve $-1 -1 $-1 0.459994235906707627 3.935815946426917122 0.5 -0.9999639744169136479 -0.008488219385113099369 0 I I #
color-adesk-attrib $-1 -1 $-1 $-1 $9731 256 #
straight-curve $-1 -1 $-1 0.459994235906707627 4.176779801848603313 -0.5 0 0 1 I I #
point $-1 -1 $-1 0.459994235906707627 4.176779801848603313 0.5 #
color-adesk-attrib $-1 -1 $-1 $-1 $9740 256 #
face $10003 -1 $-1 $10004 $10005 $8 $-1 $10006 forward single #
loop $-1 -1 $-1 $-1 $10007 $9740 #
plane-surface $-1 -1 $-1 0.3000000000000012101 -0.4019277108433740864 -0.5 0.8334997309465151938 -0.5525198625498335403 0 0.5525198625498335403 0.8334997309465151938 0 forward_v I I I I #
coedge $-1 -1 $-1 $10008 $10009 $10010 $10011 forward $9741 $-1 #
coedge $-1 -1 $-1 $10012 $9743 $10009 $10013 forward $9608 $-1 #
coedge $-1 -1 $-1 $9743 $10012 $10014 $10015 reversed $9608 $-1 #
coedge $-1 -1 $-1 $10016 $10010 $9743 $9878 reversed $102 $-1 #
edge $10017 -1 $-1 $10018 0 $10019 0.2895719172308956479 $9743 $10020 forward @7 unknown #
coedge $-1 -1 $-1 $9745 $9744 $10021 $10022 reversed $9477 $-1 #
coedge $-1 -1 $-1 $10023 $10024 $9744 $9881 forward $10025 $-1 #
edge $10026 -1 $-1 $10027 -0.75 $9884 0.25 $9880 $10028 forward @7 unknown #
coedge $-1 -1 $-1 $9746 $10029 $10023 $10030 forward $102 $-1 #
color-adesk-attrib $-1 -1 $-1 $-1 $9747 256 #
vertex $-1 -1 $-1 $9747 $10031 #
straight-curve $-1 -1 $-1 0.4599942359067072939 -1.124425017428503537 -0.5 -0.9999639744169136479 -0.008488219385113099369 0 F 0 F 0.1600000000000000033 #
coedge $-1 -1 $-1 $10021 $10032 $9748 $9887 forward $264 $-1 #
edge $10033 -1 $-1 $9895 0 $9889 0.2895719172308956479 $9748 $10034 forward @7 unknown #
color-adesk-attrib $-1 -1 $-1 $-1 $9749 256 #
vertex $-1 -1 $-1 $9749 $10035 #
straight-curve $-1 -1 $-1 0.4599942359067072939 -1.124425017428503537 -0.5 0 0 1 I I #
coedge $-1 -1 $-1 $10036 $9750 $10032 $10037 reversed $9893 $-1 #
coedge $-1 -1 $-1 $9750 $10036 $9752 $9898 reversed $9893 $-1 #
loop $-1 -1 $-1 $-1 $9750 $10038 #
color-adesk-attrib $-1 -1 $-1 $-1 $9751 256 #
vertex $-1 -1 $-1 $9887 $10039 #
straight-curve $-1 -1 $-1 0.2999999999999999334 -1.3657831325301244 -0.25 0 0 1 I I #
coedge $-1 -1 $-1 $9765 $9752 $10040 $10041 reversed $102 $-1 #
edge $10042 -1 $-1 $9754 1.365783132530122401 $10043 1.366746987951810155 $9892 $277 forward @7 unknown #
point $-1 -1 $-1 0.3000000000000011546 -1.365783132530122401 -0.5 #
point $-1 -1 $-1 0.4599942359067072939 -1.124425017428503537 -0.5 #
coedge $-1 -1 $-1 $10044 $9757 $9760 $9905 forward $264 $-1 #
color-adesk-attrib $-1 -1 $-1 $-1 $9758 256 #
straight-curve $-1 -1 $-1 0.4599942359067072939 -1.606352728271875918 0.5 -0.9999639744169136479 -0.008488219385113099369 0 I I #
coedge $-1 -1 $-1 $9760 $9759 $10045 $10046 forward $9761 $-1 #
edge $10047 -1 $-1 $9763 -1.607710843373496346 $10048 -1.606746987951808592 $9760 $352 forward @7 unknown #
face $10049 -1 $-1 $9510 $9761 $8 $-1 $354 reversed single #
point $-1 -1 $-1 0.3000000000000010991 -1.607710843373496346 0.5 #
coedge $-1 -1 $-1 $10050 $10045 $9765 $9909 forward $10051 $-1 #
edge $10052 -1 $-1 $9911 0 $10053 0.2895719172308956479 $9908 $10054 forward @7 unknown #
color-adesk-attrib $-1 -1 $-1 $-1 $9766 256 #
vertex $-1 -1 $-1 $9766 $10055 #
coedge $-1 -1 $-1 $9768 $9780 $10056 $10057 forward $264 $-1 #
coedge $-1 -1 $-1 $10056 $9776 $9772 $9914 reversed $9919 $-1 #
edge $10058 -1 $-1 $9916 -0.75 $9779 0.25 $9772 $10059 forward @7 unknown #
color-adesk-attrib $-1 -1 $-1 $-1 $9773 256 #
vertex $-1 -1 $-1 $9773 $10060 #
color-adesk-attrib $-1 -1 $-1 $-1 $9774 256 #
coedge $-1 -1 $-1 $9776 $10056 $9786 $9928 reversed $9919 $-1 #
loop $-1 -1 $-1 $-1 $9776 $10061 #
color-adesk-attrib $-1 -1 $-1 $-1 $9777 256 #
straight-curve $-1 -1 $-1 0.4599942359067072939 -1.847316583693562109 -0.5 -0.9999639744169136479 -0.008488219385113099369 0 F 0 F 0.1600000000000000033 #
point $-1 -1 $-1 0.3000000000000010991 -1.848674698795182536 -0.5 #
coedge $-1 -1 $-1 $9781 $9786 $9780 $9924 reversed $9787 $-1 #
edge $10062 -1 $-1 $9784 0 $10063 0.2895719172308956479 $9923 $10064 forward @7 unknown #
color-adesk-attrib $-1 -1 $-1 $-1 $9782 256 #
straight-curve $-1 -1 $-1 0.2999999999999999889 -2.088674698795182749 -0.25 0 0 1 I I #
point $-1 -1 $-1 0.3000000000000010991 -2.088674698795180973 0.5 #
edge $10065 -1 $-1 $9789 0 $10063 1 $9918 $10066 forward @7 unknown #
face $10067 -1 $-1 $10061 $9787 $8 $-1 $10068 forward single #
point $-1 -1 $-1 0.4599942359067072939 -1.847316583693562109 -0.5 #
color-adesk-attrib $-1 -1 $-1 $-1 $9793 256 #
straight-curve $-1 -1 $-1 0.4599942359067072384 -2.329244294536938042 0.5 -0.9999639744169136479 -0.008488219385113099369 0 I I #
color-adesk-attrib $-1 -1 $-1 $-1 $9797 256 #
plane-surface $-1 -1 $-1 0.4599942359067072384 -2.329244294536938042 -0.5 -0.008488219385113101104 0.99996397441691387 0 -0.99996397441691387 -0.008488219385113101104 0 forward_v I I I I #
point $-1 -1 $-1 0.4599942359067072384 -2.329244294536938042 0.5 #
color-adesk-attrib $-1 -1 $-1 $-1 $9806 256 #
face $10069 -1 $-1 $10070 $10071 $8 $-1 $10072 forward single #
loop $-1 -1 $-1 $-1 $10073 $9806 #
plane-surface $-1 -1 $-1 0.3000000000000013767 2.248674698795177562 -0.5 0.8334997309465151938 -0.5525198625498335403 0 0.5525198625498335403 0.8334997309465151938 0 forward_v I I I I #
coedge $-1 -1 $-1 $10074 $10075 $10076 $10077 forward $9807 $-1 #
coedge $-1 -1 $-1 $10078 $9809 $10075 $10079 forward $9674 $-1 #
coedge $-1 -1 $-1 $9809 $10078 $10080 $10081 reversed $9674 $-1 #
coedge $-1 -1 $-1 $10082 $10076 $9809 $9944 reversed $102 $-1 #
edge $10083 -1 $-1 $10084 0 $10085 0.2895719172308956479 $9809 $10086 forward @7 unknown #
coedge $-1 -1 $-1 $9811 $9810 $9850 $9992 reversed $9543 $-1 #
color-adesk-attrib $-1 -1 $-1 $-1 $9813 256 #
straight-curve $-1 -1 $-1 0.459994235906707627 3.453888235583544741 -0.5 -0.9999639744169136479 -0.008488219385113099369 0 F 0 F 0.1600000000000000033 #
coedge $-1 -1 $-1 $9850 $10087 $9814 $9949 forward $264 $-1 #
edge $10088 -1 $-1 $9956 0 $9951 0.2895719172308956479 $9814 $10089 forward @7 unknown #
color-adesk-attrib $-1 -1 $-1 $-1 $9815 256 #
vertex $-1 -1 $-1 $9815 $10090 #
straight-curve $-1 -1 $-1 0.459994235906707627 3.453888235583544741 -0.5 0 0 1 I I #
coedge $-1 -1 $-1 $9838 $9816 $10087 $10091 reversed $9707 $-1 #
coedge $-1 -1 $-1 $9816 $9838 $9818 $9959 reversed $9707 $-1 #
color-adesk-attrib $-1 -1 $-1 $-1 $9817 256 #
vertex $-1 -1 $-1 $9949 $10092 #
straight-curve $-1 -1 $-1 0.3000000000000001554 3.212530120481924101 -0.25 0 0 1 I I #
coedge $-1 -1 $-1 $10093 $9818 $10094 $10095 reversed $102 $-1 #
edge $10096 -1 $-1 $9820 -3.212530120481925877 $10097 -3.211566265060238123 $9954 $277 forward @7 unknown #
point $-1 -1 $-1 0.3000000000000014322 3.212530120481925877 -0.5 #
point $-1 -1 $-1 0.459994235906707627 3.453888235583544741 -0.5 #
coedge $-1 -1 $-1 $9823 $9849 $9843 $9987 forward $264 $-1 #
color-adesk-attrib $-1 -1 $-1 $-1 $9827 256 #
coedge $-1 -1 $-1 $9830 $9843 $9855 $9995 reversed $9844 $-1 #
color-adesk-attrib $-1 -1 $-1 $-1 $9831 256 #
vertex $-1 -1 $-1 $9831 $10098 #
straight-curve $-1 -1 $-1 0.459994235906707627 3.694852091005230932 -0.5 -0.9999639744169136479 -0.008488219385113099369 0 F 0 F 0.1600000000000000033 #
point $-1 -1 $-1 0.3000000000000014322 3.693493975903610504 -0.5 #
color-adesk-attrib $-1 -1 $-1 $-1 $9836 256 #
face $10099 -1 $-1 $10100 $10101 $8 $-1 $354 reversed single #
loop $-1 -1 $-1 $-1 $10102 $9836 #
coedge $-1 -1 $-1 $10103 $10104 $10105 $10106 forward $9837 $-1 #
coedge $-1 -1 $-1 $10107 $10094 $9838 $9974 reversed $10108 $-1 #
edge $10109 -1 $-1 $10110 -0.75 $10097 0.25 $9838 $10111 forward @7 unknown #
coedge $-1 -1 $-1 $9840 $9839 $10074 $10112 forward $9573 $-1 #
coedge $-1 -1 $-1 $10113 $10114 $9839 $9977 forward $264 $-1 #
edge $10115 -1 $-1 $10116 2.970602409638551933 $9985 2.971566265060239687 $9839 $352 forward @7 unknown #
coedge $-1 -1 $-1 $10076 $10093 $9840 $9979 forward $102 $-1 #
edge $10117 -1 $-1 $9984 -2.971566265060239687 $10118 -2.970602409638551933 $9840 $277 forward @7 unknown #
coedge $-1 -1 $-1 $10119 $9841 $10093 $10120 forward $9982 $-1 #
coedge $-1 -1 $-1 $9841 $10119 $10113 $10121 reversed $9982 $-1 #
loop $-1 -1 $-1 $-1 $9980 $10122 #
color-adesk-attrib $-1 -1 $-1 $-1 $9842 256 #
vertex $-1 -1 $-1 $9979 $10123 #
vertex $-1 -1 $-1 $10121 $10124 #
straight-curve $-1 -1 $-1 0.3000000000000000444 2.97156626506023791 -0.25 0 0 1 I I #
edge $10125 -1 $-1 $9999 0 $9846 0.1600000000000000033 $9843 $10126 forward @7 unknown #
face $10127 -1 $-1 $9594 $9844 $8 $-1 $10128 forward single #
point $-1 -1 $-1 0.3000000000000014322 3.693493975903610504 0.5 #
color-adesk-attrib $-1 -1 $-1 $-1 $9848 256 #
straight-curve $-1 -1 $-1 0.2999999999999999889 3.452530120481926534 -0.25 0 0 -1 I I #
edge $10129 -1 $-1 $9951 0 $9852 0.1600000000000000033 $9945 $10130 forward @7 unknown #
point $-1 -1 $-1 0.3000000000000013767 3.452530120481924314 0.5 #
point $-1 -1 $-1 0.3000000000000013767 3.452530120481924314 -0.5 #
edge $10131 -1 $-1 $9966 0 $9999 1 $9964 $10132 forward @7 unknown #
color-adesk-attrib $-1 -1 $-1 $-1 $9856 256 #
straight-curve $-1 -1 $-1 0.3000000000000014322 3.453493975903612068 -0.5 0.5525198625498334293 0.8334997309465150828 0 F 0 F 0.2895719172308956479 #
color-adesk-attrib $-1 -1 $-1 $-1 $9857 256 #
vertex $-1 -1 $-1 $9995 $10133 #
straight-curve $-1 -1 $-1 0.3000000000000014322 3.453493975903612068 0.5 0.5525198625498334293 0.8334997309465150828 0 I I #
color-adesk-attrib $-1 -1 $-1 $-1 $9858 256 #
plane-surface $-1 -1 $-1 0.3000000000000014322 3.453493975903612068 -0.5 0.8334997309465151938 -0.5525198625498335403 0 0.5525198625498335403 0.8334997309465151938 0 forward_v I I I I #
color-adesk-attrib $-1 -1 $-1 $-1 $9871 256 #
face $10134 -1 $-1 $10135 $10136 $8 $-1 $10137 forward single #
loop $-1 -1 $-1 $-1 $10138 $9871 #
plane-surface $-1 -1 $-1 0.4599942359067074049 -0.1605695957417552222 -0.5 -0.008488219385113101104 0.99996397441691387 0 -0.99996397441691387 -0.008488219385113101104 0 forward_v I I I I #
coedge $-1 -1 $-1 $10139 $10140 $10141 $10142 forward $9872 $-1 #
coedge $-1 -1 $-1 $10143 $9874 $10144 $10145 reversed $9741 $-1 #
coedge $-1 -1 $-1 $9874 $10143 $9875 $10013 reversed $9741 $-1 #
coedge $-1 -1 $-1 $9877 $10146 $9874 $10011 reversed $102 $-1 #
edge $10147 -1 $-1 $10019 0 $10148 0.1600000000000000033 $9874 $10149 forward @7 unknown #
coedge $-1 -1 $-1 $9876 $9875 $10150 $10151 reversed $9608 $-1 #
edge $10152 -1 $-1 $10019 0 $10153 1 $10009 $10154 forward @7 unknown #
coedge $-1 -1 $-1 $10155 $10156 $9876 $10015 forward $10157 $-1 #
edge $10158 -1 $-1 $10018 -0.25 $10159 0.75 $10014 $10160 forward @7 unknown #
coedge $-1 -1 $-1 $10161 $9877 $10156 $10162 forward $102 $-1 #
color-adesk-attrib $-1 -1 $-1 $-1 $9878 256 #
vertex $-1 -1 $-1 $10162 $10163 #
vertex $-1 -1 $-1 $10011 $10164 #
straight-curve $-1 -1 $-1 0.3000000000000011546 -0.8838554216867500202 -0.5 0.5525198625498334293 0.8334997309465150828 0 F 0 F 0.2895719172308956479 #
coedge $-1 -1 $-1 $10165 $9886 $9879 $10022 forward $264 $-1 #
edge $10166 -1 $-1 $9889 0 $10027 0.1600000000000000033 $9879 $10167 forward @7 unknown #
coedge $-1 -1 $-1 $10168 $9880 $9882 $10030 reversed $10025 $-1 #
coedge $-1 -1 $-1 $9880 $10168 $10165 $10169 reversed $10025 $-1 #
loop $-1 -1 $-1 $-1 $9880 $10170 #
color-adesk-attrib $-1 -1 $-1 $-1 $9881 256 #
vertex $-1 -1 $-1 $10169 $10171 #
straight-curve $-1 -1 $-1 0.2999999999999999889 -1.125783132530121744 -0.25 0 0 -1 I I #
coedge $-1 -1 $-1 $9882 $10161 $10172 $10173 reversed $102 $-1 #
edge $10174 -1 $-1 $10175 1.124819277108436211 $9884 1.125783132530123964 $10023 $277 forward @7 unknown #
point $-1 -1 $-1 0.3000000000000011546 -1.125783132530123964 -0.5 #
coedge $-1 -1 $-1 $9886 $10176 $9891 $10037 forward $264 $-1 #
color-adesk-attrib $-1 -1 $-1 $-1 $9887 256 #
straight-curve $-1 -1 $-1 0.3000000000000011546 -1.365783132530122401 0.5 0.5525198625498334293 0.8334997309465150828 0 I I #
point $-1 -1 $-1 0.4599942359067072939 -1.124425017428503537 0.5 #
coedge $-1 -1 $-1 $9892 $9891 $10177 $10178 forward $9893 $-1 #
edge $10179 -1 $-1 $10180 -1.366746987951810155 $9895 -1.365783132530122401 $9891 $352 forward @7 unknown #
face $10181 -1 $-1 $10170 $9893 $8 $-1 $354 reversed single #
point $-1 -1 $-1 0.3000000000000011546 -1.365783132530122401 0.5 #
coedge $-1 -1 $-1 $10177 $10182 $9897 $10041 forward $10183 $-1 #
edge $10184 -1 $-1 $10053 0 $10043 0.1600000000000000033 $10040 $10185 forward @7 unknown #
color-adesk-attrib $-1 -1 $-1 $-1 $9898 256 #
vertex $-1 -1 $-1 $10041 $10186 #
coedge $-1 -1 $-1 $10176 $9901 $10187 $10188 forward $264 $-1 #
coedge $-1 -1 $-1 $9908 $10187 $9904 $10046 reversed $10051 $-1 #
edge $10189 -1 $-1 $9911 -0.25 $10048 0.75 $9904 $10190 forward @7 unknown #
color-adesk-attrib $-1 -1 $-1 $-1 $9905 256 #
vertex $-1 -1 $-1 $10188 $10191 #
color-adesk-attrib $-1 -1 $-1 $-1 $9906 256 #
coedge $-1 -1 $-1 $10187 $9908 $10182 $10192 forward $10051 $-1 #
loop $-1 -1 $-1 $-1 $9908 $10193 #
color-adesk-attrib $-1 -1 $-1 $-1 $9909 256 #
vertex $-1 -1 $-1 $10041 $10194 #
straight-curve $-1 -1 $-1 0.3000000000000011546 -1.606746987951808592 -0.5 0.5525198625498334293 0.8334997309465150828 0 F 0 F 0.2895719172308956479 #
point $-1 -1 $-1 0.3000000000000011546 -1.606746987951808592 -0.5 #
coedge $-1 -1 $-1 $9918 $9913 $9912 $10057 reversed $9919 $-1 #
edge $10195 -1 $-1 $10063 0 $9916 0.1600000000000000033 $10056 $10196 forward @7 unknown #
color-adesk-attrib $-1 -1 $-1 $-1 $9914 256 #
straight-curve $-1 -1 $-1 0.2999999999999999889 -1.848674698795180316 -0.25 0 0 -1 I I #
point $-1 -1 $-1 0.3000000000000010991 -1.848674698795182536 0.5 #
face $10197 -1 $-1 $9665 $9919 $8 $-1 $10198 forward single #
color-adesk-attrib $-1 -1 $-1 $-1 $9924 256 #
vertex $-1 -1 $-1 $9928 $10199 #
straight-curve $-1 -1 $-1 0.3000000000000010991 -2.088674698795180973 0.5 0.5525198625498334293 0.8334997309465150828 0 I I #
color-adesk-attrib $-1 -1 $-1 $-1 $9928 256 #
straight-curve $-1 -1 $-1 0.4599942359067072939 -1.847316583693562109 -0.5 0 0 1 I I #
color-adesk-attrib $-1 -1 $-1 $-1 $9929 256 #
plane-surface $-1 -1 $-1 0.3000000000000010991 -2.088674698795180973 -0.5 0.8334997309465151938 -0.5525198625498335403 0 0.5525198625498335403 0.8334997309465151938 0 forward_v I I I I #
color-adesk-attrib $-1 -1 $-1 $-1 $9937 256 #
face $10200 -1 $-1 $10201 $10202 $8 $-1 $10203 forward single #
loop $-1 -1 $-1 $-1 $10204 $9937 #
plane-surface $-1 -1 $-1 0.4599942359067075159 2.490032813896796426 -0.5 -0.008488219385113101104 0.99996397441691387 0 -0.99996397441691387 -0.008488219385113101104 0 forward_v I I I I #
coedge $-1 -1 $-1 $10205 $10206 $10207 $10208 forward $9938 $-1 #
coedge $-1 -1 $-1 $10209 $9940 $9975 $10112 reversed $9807 $-1 #
coedge $-1 -1 $-1 $9940 $10209 $9941 $10079 reversed $9807 $-1 #
coedge $-1 -1 $-1 $9943 $9978 $9940 $10077 reversed $102 $-1 #
edge $10210 -1 $-1 $10085 0 $10118 0.1600000000000000033 $9940 $10211 forward @7 unknown #
coedge $-1 -1 $-1 $9942 $9941 $10212 $10213 reversed $9674 $-1 #
edge $10214 -1 $-1 $10085 0 $10215 1 $10075 $10216 forward @7 unknown #
coedge $-1 -1 $-1 $10217 $10218 $9942 $10081 forward $9971 $-1 #
edge $10219 -1 $-1 $10084 -0.25 $10220 0.75 $10080 $10221 forward @7 unknown #
coedge $-1 -1 $-1 $10222 $9943 $10218 $10223 forward $102 $-1 #
color-adesk-attrib $-1 -1 $-1 $-1 $9944 256 #
vertex $-1 -1 $-1 $10223 $10224 #
vertex $-1 -1 $-1 $10077 $10225 #
straight-curve $-1 -1 $-1 0.3000000000000013767 2.730602409638553496 -0.5 0.5525198625498334293 0.8334997309465150828 0 F 0 F 0.2895719172308956479 #
coedge $-1 -1 $-1 $9948 $10226 $9953 $10091 forward $264 $-1 #
color-adesk-attrib $-1 -1 $-1 $-1 $9949 256 #
straight-curve $-1 -1 $-1 0.3000000000000014322 3.212530120481925877 0.5 0.5525198625498334293 0.8334997309465150828 0 I I #
point $-1 -1 $-1 0.459994235906707627 3.453888235583544741 0.5 #
edge $10227 -1 $-1 $10110 3.211566265060238123 $9956 3.212530120481925877 $9953 $352 forward @7 unknown #
point $-1 -1 $-1 0.3000000000000013767 3.212530120481925877 0.5 #
coedge $-1 -1 $-1 $9978 $9958 $9980 $10120 reversed $102 $-1 #
coedge $-1 -1 $-1 $9973 $10228 $9958 $10095 forward $10108 $-1 #
edge $10229 -1 $-1 $10230 0 $10097 0.1600000000000000033 $10094 $10231 forward @7 unknown #
color-adesk-attrib $-1 -1 $-1 $-1 $9959 256 #
vertex $-1 -1 $-1 $10095 $10232 #
point $-1 -1 $-1 0.459994235906707627 3.694852091005230932 -0.5 #
color-adesk-attrib $-1 -1 $-1 $-1 $9970 256 #
face $10233 -1 $-1 $10234 $10235 $8 $-1 $354 reversed single #
loop $-1 -1 $-1 $-1 $10236 $9970 #
coedge $-1 -1 $-1 $10218 $10217 $10237 $10238 forward $9971 $-1 #
coedge $-1 -1 $-1 $10239 $9972 $10240 $10241 reversed $9837 $-1 #
coedge $-1 -1 $-1 $9972 $10239 $10242 $10243 reversed $9837 $-1 #
coedge $-1 -1 $-1 $10244 $10245 $9972 $10106 reversed $10246 $-1 #
edge $10247 -1 $-1 $10248 -0.25 $10249 0.75 $9972 $10250 forward @7 unknown #
coedge $-1 -1 $-1 $10228 $9973 $10226 $10251 reversed $10108 $-1 #
loop $-1 -1 $-1 $-1 $10094 $10252 #
color-adesk-attrib $-1 -1 $-1 $-1 $9974 256 #
vertex $-1 -1 $-1 $10091 $10253 #
straight-curve $-1 -1 $-1 0.2999999999999999889 3.211566265060240344 -0.25 0 0 -1 I I #
edge $10254 -1 $-1 $10116 -0.75 $10118 0.25 $9975 $10255 forward @7 unknown #
coedge $-1 -1 $-1 $10226 $9976 $9981 $10121 forward $264 $-1 #
coedge $-1 -1 $-1 $9976 $10212 $10209 $10256 forward $264 $-1 #
color-adesk-attrib $-1 -1 $-1 $-1 $9977 256 #
vertex $-1 -1 $-1 $9977 $10257 #
color-adesk-attrib $-1 -1 $-1 $-1 $9979 256 #
vertex $-1 -1 $-1 $10077 $10258 #
coedge $-1 -1 $-1 $9981 $9980 $10228 $10259 forward $9982 $-1 #
edge $10260 -1 $-1 $9984 0 $10230 0.2895719172308956479 $9980 $10261 forward @7 unknown #
edge $10262 -1 $-1 $9985 0 $10263 0.2895719172308956479 $9981 $10264 forward @7 unknown #
face $10265 -1 $-1 $10252 $9982 $8 $-1 $10266 forward single #
point $-1 -1 $-1 0.3000000000000013767 2.971566265060239687 -0.5 #
point $-1 -1 $-1 0.3000000000000013767 2.971566265060239687 0.5 #
color-adesk-attrib $-1 -1 $-1 $-1 $9987 256 #
straight-curve $-1 -1 $-1 0.459994235906707627 3.694852091005230932 0.5 -0.9999639744169136479 -0.008488219385113099369 0 I I #
color-adesk-attrib $-1 -1 $-1 $-1 $9988 256 #
plane-surface $-1 -1 $-1 0.459994235906707627 3.694852091005230932 -0.5 -0.008488219385113101104 0.99996397441691387 0 -0.99996397441691387 -0.008488219385113101104 0 forward_v I I I I #
color-adesk-attrib $-1 -1 $-1 $-1 $9992 256 #
straight-curve $-1 -1 $-1 0.459994235906707627 3.453888235583544741 0.5 -0.9999639744169136479 -0.008488219385113099369 0 I I #
color-adesk-attrib $-1 -1 $-1 $-1 $9995 256 #
straight-curve $-1 -1 $-1 0.459994235906707627 3.694852091005230932 -0.5 0 0 1 I I #
point $-1 -1 $-1 0.459994235906707627 3.694852091005230932 0.5 #
color-adesk-attrib $-1 -1 $-1 $-1 $10004 256 #
face $10267 -1 $-1 $10268 $10269 $8 $-1 $10270 forward single #
loop $-1 -1 $-1 $-1 $10271 $10004 #
plane-surface $-1 -1 $-1 0.3000000000000012101 0.0799999999999982947 -0.5 0.8334997309465151938 -0.5525198625498335403 0 0.5525198625498335403 0.8334997309465151938 0 forward_v I I I I #
coedge $-1 -1 $-1 $10272 $10273 $10274 $10275 forward $10005 $-1 #
coedge $-1 -1 $-1 $10276 $10007 $10273 $10277 forward $9872 $-1 #
coedge $-1 -1 $-1 $10007 $10276 $10278 $10279 reversed $9872 $-1 #
coedge $-1 -1 $-1 $10280 $10274 $10007 $10142 reversed $102 $-1 #
edge $10281 -1 $-1 $10282 0 $10283 0.2895719172308956479 $10007 $10284 forward @7 unknown #
coedge $-1 -1 $-1 $10009 $10008 $10285 $10286 reversed $9741 $-1 #
coedge $-1 -1 $-1 $10287 $10288 $10008 $10145 forward $10289 $-1 #
edge $10290 -1 $-1 $10291 -0.75 $10148 0.25 $10144 $10292 forward @7 unknown #
coedge $-1 -1 $-1 $10010 $10293 $10287 $10294 forward $102 $-1 #
color-adesk-attrib $-1 -1 $-1 $-1 $10011 256 #
vertex $-1 -1 $-1 $10011 $10295 #
straight-curve $-1 -1 $-1 0.4599942359067073494 -0.642497306585131156 -0.5 -0.9999639744169136479 -0.008488219385113099369 0 F 0 F 0.1600000000000000033 #
coedge $-1 -1 $-1 $10285 $10296 $10012 $10151 forward $264 $-1 #
edge $10297 -1 $-1 $10159 0 $10153 0.2895719172308956479 $10012 $10298 forward @7 unknown #
color-adesk-attrib $-1 -1 $-1 $-1 $10013 256 #
vertex $-1 -1 $-1 $10013 $10299 #
straight-curve $-1 -1 $-1 0.4599942359067073494 -0.642497306585131156 -0.5 0 0 1 I I #
coedge $-1 -1 $-1 $10300 $10014 $10296 $10301 reversed $10157 $-1 #
coedge $-1 -1 $-1 $10014 $10300 $10016 $10162 reversed $10157 $-1 #
loop $-1 -1 $-1 $-1 $10014 $10302 #
color-adesk-attrib $-1 -1 $-1 $-1 $10015 256 #
vertex $-1 -1 $-1 $10151 $10303 #
straight-curve $-1 -1 $-1 0.2999999999999999889 -0.8838554216867519076 -0.25 0 0 1 I I #
coedge $-1 -1 $-1 $10029 $10016 $10304 $10305 reversed $102 $-1 #
edge $10306 -1 $-1 $10018 0.8838554216867500202 $10307 0.8848192771084377739 $10156 $277 forward @7 unknown #
point $-1 -1 $-1 0.3000000000000011546 -0.8838554216867500202 -0.5 #
point $-1 -1 $-1 0.4599942359067073494 -0.642497306585131156 -0.5 #
coedge $-1 -1 $-1 $10308 $10021 $10024 $10169 forward $264 $-1 #
color-adesk-attrib $-1 -1 $-1 $-1 $10022 256 #
straight-curve $-1 -1 $-1 0.4599942359067072939 -1.124425017428503537 0.5 -0.9999639744169136479 -0.008488219385113099369 0 I I #
coedge $-1 -1 $-1 $10024 $10023 $10309 $10310 forward $10025 $-1 #
edge $10311 -1 $-1 $10027 -1.125783132530123964 $10312 -1.124819277108436211 $10024 $352 forward @7 unknown #
face $10313 -1 $-1 $9774 $10025 $8 $-1 $354 reversed single #
point $-1 -1 $-1 0.3000000000000011546 -1.125783132530123964 0.5 #
coedge $-1 -1 $-1 $10314 $10309 $10029 $10173 forward $10315 $-1 #
edge $10316 -1 $-1 $10175 0 $10317 0.2895719172308956479 $10172 $10318 forward @7 unknown #
color-adesk-attrib $-1 -1 $-1 $-1 $10030 256 #
vertex $-1 -1 $-1 $10030 $10319 #
coedge $-1 -1 $-1 $10032 $10044 $10320 $10321 forward $264 $-1 #
coedge $-1 -1 $-1 $10320 $10040 $10036 $10178 reversed $10183 $-1 #
edge $10322 -1 $-1 $10180 -0.75 $10043 0.25 $10036 $10323 forward @7 unknown #
color-adesk-attrib $-1 -1 $-1 $-1 $10037 256 #
vertex $-1 -1 $-1 $10037 $10324 #
color-adesk-attrib $-1 -1 $-1 $-1 $10038 256 #
coedge $-1 -1 $-1 $10040 $10320 $10050 $10192 reversed $10183 $-1 #
loop $-1 -1 $-1 $-1 $10040 $10325 #
color-adesk-attrib $-1 -1 $-1 $-1 $10041 256 #
straight-curve $-1 -1 $-1 0.4599942359067072939 -1.365388872850189728 -0.5 -0.9999639744169136479 -0.008488219385113099369 0 F 0 F 0.1600000000000000033 #
point $-1 -1 $-1 0.3000000000000010991 -1.366746987951810155 -0.5 #
coedge $-1 -1 $-1 $10045 $10050 $10044 $10188 reversed $10051 $-1 #
edge $10326 -1 $-1 $10048 0 $10327 0.2895719172308956479 $10187 $10328 forward @7 unknown #
color-adesk-attrib $-1 -1 $-1 $-1 $10046 256 #
straight-curve $-1 -1 $-1 0.2999999999999999889 -1.606746987951810812 -0.25 0 0 1 I I #
point $-1 -1 $-1 0.3000000000000010991 -1.606746987951808592 0.5 #
edge $10329 -1 $-1 $10053 0 $10327 1 $10182 $10330 forward @7 unknown #
face $10331 -1 $-1 $10325 $10051 $8 $-1 $10332 forward single #
point $-1 -1 $-1 0.4599942359067072939 -1.365388872850189728 -0.5 #
color-adesk-attrib $-1 -1 $-1 $-1 $10057 256 #
straight-curve $-1 -1 $-1 0.4599942359067072939 -1.847316583693562109 0.5 -0.9999639744169136479 -0.008488219385113099369 0 I I #
color-adesk-attrib $-1 -1 $-1 $-1 $10061 256 #
plane-surface $-1 -1 $-1 0.4599942359067072939 -1.847316583693562109 -0.5 -0.008488219385113101104 0.99996397441691387 0 -0.99996397441691387 -0.008488219385113101104 0 forward_v I I I I #
point $-1 -1 $-1 0.4599942359067072939 -1.847316583693562109 0.5 #
color-adesk-attrib $-1 -1 $-1 $-1 $10070 256 #
face $10333 -1 $-1 $10334 $10335 $8 $-1 $10336 forward single #
loop $-1 -1 $-1 $-1 $10337 $10070 #
plane-surface $-1 -1 $-1 0.3000000000000013212 1.766746987951805181 -0.5 0.8334997309465151938 -0.5525198625498335403 0 0.5525198625498335403 0.8334997309465151938 0 forward_v I I I I #
coedge $-1 -1 $-1 $10338 $10339 $10340 $10341 forward $10071 $-1 #
coedge $-1 -1 $-1 $10342 $10073 $10339 $10343 forward $9938 $-1 #
coedge $-1 -1 $-1 $10073 $10342 $10344 $10345 reversed $9938 $-1 #
coedge $-1 -1 $-1 $10346 $10340 $10073 $10208 reversed $102 $-1 #
edge $10347 -1 $-1 $10348 0 $10349 0.2895719172308956479 $10073 $10350 forward @7 unknown #
coedge $-1 -1 $-1 $10075 $10074 $10114 $10256 reversed $9807 $-1 #
color-adesk-attrib $-1 -1 $-1 $-1 $10077 256 #
straight-curve $-1 -1 $-1 0.4599942359067075714 2.97196052474017236 -0.5 -0.9999639744169136479 -0.008488219385113099369 0 F 0 F 0.1600000000000000033 #
coedge $-1 -1 $-1 $10114 $10351 $10078 $10213 forward $264 $-1 #
edge $10352 -1 $-1 $10220 0 $10215 0.2895719172308956479 $10078 $10353 forward @7 unknown #
color-adesk-attrib $-1 -1 $-1 $-1 $10079 256 #
vertex $-1 -1 $-1 $10079 $10354 #
straight-curve $-1 -1 $-1 0.4599942359067075714 2.97196052474017236 -0.5 0 0 1 I I #
coedge $-1 -1 $-1 $10102 $10080 $10351 $10355 reversed $9971 $-1 #
coedge $-1 -1 $-1 $10080 $10102 $10082 $10223 reversed $9971 $-1 #
color-adesk-attrib $-1 -1 $-1 $-1 $10081 256 #
vertex $-1 -1 $-1 $10213 $10356 #
straight-curve $-1 -1 $-1 0.3000000000000000444 2.73060240963855172 -0.25 0 0 1 I I #
coedge $-1 -1 $-1 $10357 $10082 $10358 $10359 reversed $102 $-1 #
edge $10360 -1 $-1 $10084 -2.730602409638553496 $10361 -2.729638554216865742 $10218 $277 forward @7 unknown #
point $-1 -1 $-1 0.3000000000000013767 2.730602409638553496 -0.5 #
point $-1 -1 $-1 0.4599942359067075714 2.97196052474017236 -0.5 #
coedge $-1 -1 $-1 $10087 $10113 $10107 $10251 forward $264 $-1 #
color-adesk-attrib $-1 -1 $-1 $-1 $10091 256 #
coedge $-1 -1 $-1 $10094 $10107 $10119 $10259 reversed $10108 $-1 #
color-adesk-attrib $-1 -1 $-1 $-1 $10095 256 #
vertex $-1 -1 $-1 $10095 $10362 #
straight-curve $-1 -1 $-1 0.4599942359067075714 3.212924380161858551 -0.5 -0.9999639744169136479 -0.008488219385113099369 0 F 0 F 0.1600000000000000033 #
point $-1 -1 $-1 0.3000000000000013767 3.211566265060238123 -0.5 #
color-adesk-attrib $-1 -1 $-1 $-1 $10100 256 #
face $10363 -1 $-1 $10364 $10365 $8 $-1 $354 reversed single #
loop $-1 -1 $-1 $-1 $10366 $10100 #
coedge $-1 -1 $-1 $10367 $10368 $10369 $10370 forward $10101 $-1 #
coedge $-1 -1 $-1 $10371 $10358 $10102 $10238 reversed $10372 $-1 #
edge $10373 -1 $-1 $10374 -0.75 $10361 0.25 $10102 $10375 forward @7 unknown #
coedge $-1 -1 $-1 $10104 $10103 $10338 $10376 forward $9837 $-1 #
coedge $-1 -1 $-1 $10377 $10378 $10103 $10241 forward $264 $-1 #
edge $10379 -1 $-1 $10380 2.488674698795175999 $10249 2.489638554216867306 $10103 $352 forward @7 unknown #
coedge $-1 -1 $-1 $10340 $10357 $10104 $10243 forward $102 $-1 #
edge $10381 -1 $-1 $10248 -2.489638554216867306 $10382 -2.488674698795175999 $10104 $277 forward @7 unknown #
coedge $-1 -1 $-1 $10383 $10105 $10357 $10384 forward $10246 $-1 #
coedge $-1 -1 $-1 $10105 $10383 $10377 $10385 reversed $10246 $-1 #
loop $-1 -1 $-1 $-1 $10244 $10386 #
color-adesk-attrib $-1 -1 $-1 $-1 $10106 256 #
vertex $-1 -1 $-1 $10243 $10387 #
vertex $-1 -1 $-1 $10385 $10388 #
straight-curve $-1 -1 $-1 0.3000000000000000444 2.489638554216865529 -0.25 0 0 1 I I #
edge $10389 -1 $-1 $10263 0 $10110 0.1600000000000000033 $10107 $10390 forward @7 unknown #
face $10391 -1 $-1 $9858 $10108 $8 $-1 $10392 forward single #
point $-1 -1 $-1 0.3000000000000013767 3.211566265060238123 0.5 #
color-adesk-attrib $-1 -1 $-1 $-1 $10112 256 #
straight-curve $-1 -1 $-1 0.2999999999999999889 2.970602409638554153 -0.25 0 0 -1 I I #
edge $10393 -1 $-1 $10215 0 $10116 0.1600000000000000033 $10209 $10394 forward @7 unknown #
point $-1 -1 $-1 0.3000000000000013767 2.970602409638551933 0.5 #
point $-1 -1 $-1 0.3000000000000013767 2.970602409638551933 -0.5 #
edge $10395 -1 $-1 $10230 0 $10263 1 $10228 $10396 forward @7 unknown #
color-adesk-attrib $-1 -1 $-1 $-1 $10120 256 #
straight-curve $-1 -1 $-1 0.3000000000000013767 2.971566265060239687 -0.5 0.5525198625498334293 0.8334997309465150828 0 F 0 F 0.2895719172308956479 #
color-adesk-attrib $-1 -1 $-1 $-1 $10121 256 #
vertex $-1 -1 $-1 $10259 $10397 #
straight-curve $-1 -1 $-1 0.3000000000000013767 2.971566265060239687 0.5 0.5525198625498334293 0.8334997309465150828 0 I I #
color-adesk-attrib $-1 -1 $-1 $-1 $10122 256 #
plane-surface $-1 -1 $-1 0.3000000000000013767 2.971566265060239687 -0.5 0.8334997309465151938 -0.5525198625498335403 0 0.5525198625498335403 0.8334997309465151938 0 forward_v I I I I #
color-adesk-attrib $-1 -1 $-1 $-1 $10135 256 #
face $10398 -1 $-1 $10399 $10400 $8 $-1 $10401 forward single #
loop $-1 -1 $-1 $-1 $10402 $10135 #
plane-surface $-1 -1 $-1 0.4599942359067074049 0.3213581151016171589 -0.5 -0.008488219385113101104 0.99996397441691387 0 -0.99996397441691387 -0.008488219385113101104 0 forward_v I I I I #
coedge $-1 -1 $-1 $10403 $10404 $10405 $10406 forward $10136 $-1 #
coedge $-1 -1 $-1 $10407 $10138 $10408 $10409 reversed $10005 $-1 #
coedge $-1 -1 $-1 $10138 $10407 $10139 $10277 reversed $10005 $-1 #
coedge $-1 -1 $-1 $10141 $10410 $10138 $10275 reversed $102 $-1 #
edge $10411 -1 $-1 $10283 0 $10412 0.1600000000000000033 $10138 $10413 forward @7 unknown #
coedge $-1 -1 $-1 $10140 $10139 $10414 $10415 reversed $9872 $-1 #
edge $10416 -1 $-1 $10283 0 $10417 1 $10273 $10418 forward @7 unknown #
coedge $-1 -1 $-1 $10419 $10420 $10140 $10279 forward $10421 $-1 #
edge $10422 -1 $-1 $10282 -0.25 $10423 0.75 $10278 $10424 forward @7 unknown #
coedge $-1 -1 $-1 $10425 $10141 $10420 $10426 forward $102 $-1 #
color-adesk-attrib $-1 -1 $-1 $-1 $10142 256 #
vertex $-1 -1 $-1 $10426 $10427 #
vertex $-1 -1 $-1 $10275 $10428 #
straight-curve $-1 -1 $-1 0.3000000000000012101 -0.4019277108433740864 -0.5 0.5525198625498334293 0.8334997309465150828 0 F 0 F 0.2895719172308956479 #
coedge $-1 -1 $-1 $10429 $10150 $10143 $10286 forward $264 $-1 #
edge $10430 -1 $-1 $10153 0 $10291 0.1600000000000000033 $10143 $10431 forward @7 unknown #
coedge $-1 -1 $-1 $10432 $10144 $10146 $10294 reversed $10289 $-1 #
coedge $-1 -1 $-1 $10144 $10432 $10429 $10433 reversed $10289 $-1 #
loop $-1 -1 $-1 $-1 $10144 $10434 #
color-adesk-attrib $-1 -1 $-1 $-1 $10145 256 #
vertex $-1 -1 $-1 $10433 $10435 #
straight-curve $-1 -1 $-1 0.2999999999999999889 -0.6438554216867492519 -0.25 0 0 -1 I I #
coedge $-1 -1 $-1 $10146 $10425 $10436 $10437 reversed $102 $-1 #
edge $10438 -1 $-1 $10439 0.6428915662650638296 $10148 0.6438554216867515834 $10287 $277 forward @7 unknown #
point $-1 -1 $-1 0.3000000000000011546 -0.6438554216867515834 -0.5 #
coedge $-1 -1 $-1 $10150 $10440 $10155 $10301 forward $264 $-1 #
color-adesk-attrib $-1 -1 $-1 $-1 $10151 256 #
straight-curve $-1 -1 $-1 0.3000000000000011546 -0.8838554216867500202 0.5 0.5525198625498334293 0.8334997309465150828 0 I I #
point $-1 -1 $-1 0.4599942359067073494 -0.642497306585131156 0.5 #
coedge $-1 -1 $-1 $10156 $10155 $10441 $10442 forward $10157 $-1 #
edge $10443 -1 $-1 $10444 -0.8848192771084377739 $10159 -0.8838554216867500202 $10155 $352 forward @7 unknown #
face $10445 -1 $-1 $10434 $10157 $8 $-1 $354 reversed single #
point $-1 -1 $-1 0.3000000000000011546 -0.8838554216867500202 0.5 #
coedge $-1 -1 $-1 $10441 $10446 $10161 $10305 forward $10447 $-1 #
edge $10448 -1 $-1 $10317 0 $10307 0.1600000000000000033 $10304 $10449 forward @7 unknown #
color-adesk-attrib $-1 -1 $-1 $-1 $10162 256 #
vertex $-1 -1 $-1 $10305 $10450 #
coedge $-1 -1 $-1 $10440 $10165 $10451 $10452 forward $264 $-1 #
coedge $-1 -1 $-1 $10172 $10451 $10168 $10310 reversed $10315 $-1 #
edge $10453 -1 $-1 $10175 -0.25 $10312 0.75 $10168 $10454 forward @7 unknown #
color-adesk-attrib $-1 -1 $-1 $-1 $10169 256 #
vertex $-1 -1 $-1 $10452 $10455 #
color-adesk-attrib $-1 -1 $-1 $-1 $10170 256 #
coedge $-1 -1 $-1 $10451 $10172 $10446 $10456 forward $10315 $-1 #
loop $-1 -1 $-1 $-1 $10172 $10457 #
color-adesk-attrib $-1 -1 $-1 $-1 $10173 256 #
vertex $-1 -1 $-1 $10305 $10458 #
straight-curve $-1 -1 $-1 0.3000000000000011546 -1.124819277108436211 -0.5 0.5525198625498334293 0.8334997309465150828 0 F 0 F 0.2895719172308956479 #
point $-1 -1 $-1 0.3000000000000011546 -1.124819277108436211 -0.5 #
coedge $-1 -1 $-1 $10182 $10177 $10176 $10321 reversed $10183 $-1 #
edge $10459 -1 $-1 $10327 0 $10180 0.1600000000000000033 $10320 $10460 forward @7 unknown #
color-adesk-attrib $-1 -1 $-1 $-1 $10178 256 #
straight-curve $-1 -1 $-1 0.2999999999999999889 -1.366746987951807712 -0.25 0 0 -1 I I #
point $-1 -1 $-1 0.3000000000000010991 -1.366746987951810155 0.5 #
face $10461 -1 $-1 $9929 $10183 $8 $-1 $10462 forward single #
color-adesk-attrib $-1 -1 $-1 $-1 $10188 256 #
vertex $-1 -1 $-1 $10192 $10463 #
straight-curve $-1 -1 $-1 0.3000000000000011546 -1.606746987951808592 0.5 0.5525198625498334293 0.8334997309465150828 0 I I #
color-adesk-attrib $-1 -1 $-1 $-1 $10192 256 #
straight-curve $-1 -1 $-1 0.4599942359067072939 -1.365388872850189728 -0.5 0 0 1 I I #
color-adesk-attrib $-1 -1 $-1 $-1 $10193 256 #
plane-surface $-1 -1 $-1 0.3000000000000011546 -1.606746987951808592 -0.5 0.8334997309465151938 -0.5525198625498335403 0 0.5525198625498335403 0.8334997309465151938 0 forward_v I I I I #
color-adesk-attrib $-1 -1 $-1 $-1 $10201 256 #
face $10464 -1 $-1 $10465 $10466 $8 $-1 $10467 forward single #
loop $-1 -1 $-1 $-1 $10468 $10201 #
plane-surface $-1 -1 $-1 0.4599942359067075159 2.008105103053424045 -0.5 -0.008488219385113101104 0.99996397441691387 0 -0.99996397441691387 -0.008488219385113101104 0 forward_v I I I I #
coedge $-1 -1 $-1 $10469 $10470 $10471 $10472 forward $10202 $-1 #
coedge $-1 -1 $-1 $10473 $10204 $10239 $10376 reversed $10071 $-1 #
coedge $-1 -1 $-1 $10204 $10473 $10205 $10343 reversed $10071 $-1 #
coedge $-1 -1 $-1 $10207 $10242 $10204 $10341 reversed $102 $-1 #
edge $10474 -1 $-1 $10349 0 $10382 0.1600000000000000033 $10204 $10475 forward @7 unknown #
coedge $-1 -1 $-1 $10206 $10205 $10476 $10477 reversed $9938 $-1 #
edge $10478 -1 $-1 $10349 0 $10479 1 $10339 $10480 forward @7 unknown #
coedge $-1 -1 $-1 $10481 $10482 $10206 $10345 forward $10235 $-1 #
edge $10483 -1 $-1 $10348 -0.25 $10484 0.75 $10344 $10485 forward @7 unknown #
coedge $-1 -1 $-1 $10486 $10207 $10482 $10487 forward $102 $-1 #
color-adesk-attrib $-1 -1 $-1 $-1 $10208 256 #
vertex $-1 -1 $-1 $10487 $10488 #
vertex $-1 -1 $-1 $10341 $10489 #
straight-curve $-1 -1 $-1 0.3000000000000013767 2.248674698795177562 -0.5 0.5525198625498334293 0.8334997309465150828 0 F 0 F 0.2895719172308956479 #
coedge $-1 -1 $-1 $10212 $10490 $10217 $10355 forward $264 $-1 #
color-adesk-attrib $-1 -1 $-1 $-1 $10213 256 #
straight-curve $-1 -1 $-1 0.3000000000000013767 2.730602409638553496 0.5 0.5525198625498334293 0.8334997309465150828 0 I I #
point $-1 -1 $-1 0.4599942359067075714 2.97196052474017236 0.5 #
edge $10491 -1 $-1 $10374 2.729638554216865742 $10220 2.730602409638553496 $10217 $352 forward @7 unknown #
point $-1 -1 $-1 0.3000000000000013767 2.730602409638553496 0.5 #
coedge $-1 -1 $-1 $10242 $10222 $10244 $10384 reversed $102 $-1 #
coedge $-1 -1 $-1 $10237 $10492 $10222 $10359 forward $10372 $-1 #
edge $10493 -1 $-1 $10494 0 $10361 0.1600000000000000033 $10358 $10495 forward @7 unknown #
color-adesk-attrib $-1 -1 $-1 $-1 $10223 256 #
vertex $-1 -1 $-1 $10359 $10496 #
point $-1 -1 $-1 0.4599942359067075714 3.212924380161858551 -0.5 #
color-adesk-attrib $-1 -1 $-1 $-1 $10234 256 #
face $10497 -1 $-1 $10498 $10499 $8 $-1 $354 reversed single #
loop $-1 -1 $-1 $-1 $10500 $10234 #
coedge $-1 -1 $-1 $10482 $10481 $10501 $10502 forward $10235 $-1 #
coedge $-1 -1 $-1 $10503 $10236 $10504 $10505 reversed $10101 $-1 #
coedge $-1 -1 $-1 $10236 $10503 $10506 $10507 reversed $10101 $-1 #
coedge $-1 -1 $-1 $10508 $10509 $10236 $10370 reversed $10510 $-1 #
edge $10511 -1 $-1 $10512 -0.25 $10513 0.75 $10236 $10514 forward @7 unknown #
coedge $-1 -1 $-1 $10492 $10237 $10490 $10515 reversed $10372 $-1 #
loop $-1 -1 $-1 $-1 $10358 $10516 #
color-adesk-attrib $-1 -1 $-1 $-1 $10238 256 #
vertex $-1 -1 $-1 $10355 $10517 #
straight-curve $-1 -1 $-1 0.2999999999999999889 2.729638554216868407 -0.25 0 0 -1 I I #
edge $10518 -1 $-1 $10380 -0.75 $10382 0.25 $10239 $10519 forward @7 unknown #
coedge $-1 -1 $-1 $10490 $10240 $10245 $10385 forward $264 $-1 #
coedge $-1 -1 $-1 $10240 $10476 $10473 $10520 forward $264 $-1 #
color-adesk-attrib $-1 -1 $-1 $-1 $10241 256 #
vertex $-1 -1 $-1 $10241 $10521 #
color-adesk-attrib $-1 -1 $-1 $-1 $10243 256 #
vertex $-1 -1 $-1 $10341 $10522 #
coedge $-1 -1 $-1 $10245 $10244 $10492 $10523 forward $10246 $-1 #
edge $10524 -1 $-1 $10248 0 $10494 0.2895719172308956479 $10244 $10525 forward @7 unknown #
edge $10526 -1 $-1 $10249 0 $10527 0.2895719172308956479 $10245 $10528 forward @7 unknown #
face $10529 -1 $-1 $10516 $10246 $8 $-1 $10530 forward single #
point $-1 -1 $-1 0.3000000000000013767 2.489638554216867306 -0.5 #
point $-1 -1 $-1 0.3000000000000013767 2.489638554216867306 0.5 #
color-adesk-attrib $-1 -1 $-1 $-1 $10251 256 #
straight-curve $-1 -1 $-1 0.4599942359067075714 3.212924380161858551 0.5 -0.9999639744169136479 -0.008488219385113099369 0 I I #
color-adesk-attrib $-1 -1 $-1 $-1 $10252 256 #
plane-surface $-1 -1 $-1 0.4599942359067075714 3.212924380161858551 -0.5 -0.008488219385113101104 0.99996397441691387 0 -0.99996397441691387 -0.008488219385113101104 0 forward_v I I I I #
color-adesk-attrib $-1 -1 $-1 $-1 $10256 256 #
straight-curve $-1 -1 $-1 0.4599942359067075714 2.97196052474017236 0.5 -0.9999639744169136479 -0.008488219385113099369 0 I I #
color-adesk-attrib $-1 -1 $-1 $-1 $10259 256 #
straight-curve $-1 -1 $-1 0.4599942359067075714 3.212924380161858551 -0.5 0 0 1 I I #
point $-1 -1 $-1 0.4599942359067075714 3.212924380161858551 0.5 #
color-adesk-attrib $-1 -1 $-1 $-1 $10268 256 #
face $10531 -1 $-1 $10532 $10533 $8 $-1 $10534 forward single #
loop $-1 -1 $-1 $-1 $10535 $10268 #
plane-surface $-1 -1 $-1 0.3000000000000012657 0.5619277108433706758 -0.5 0.8334997309465151938 -0.5525198625498335403 0 0.5525198625498335403 0.8334997309465151938 0 forward_v I I I I #
coedge $-1 -1 $-1 $10536 $10537 $10538 $10539 forward $10269 $-1 #
coedge $-1 -1 $-1 $10540 $10271 $10537 $10541 forward $10136 $-1 #
coedge $-1 -1 $-1 $10271 $10540 $10542 $10543 reversed $10136 $-1 #
coedge $-1 -1 $-1 $10544 $10538 $10271 $10406 reversed $102 $-1 #
edge $10545 -1 $-1 $10546 0 $10547 0.2895719172308956479 $10271 $10548 forward @7 unknown #
coedge $-1 -1 $-1 $10273 $10272 $10549 $10550 reversed $10005 $-1 #
coedge $-1 -1 $-1 $10551 $10552 $10272 $10409 forward $10553 $-1 #
edge $10554 -1 $-1 $10555 -0.75 $10412 0.25 $10408 $10556 forward @7 unknown #
coedge $-1 -1 $-1 $10274 $10557 $10551 $10558 forward $102 $-1 #
color-adesk-attrib $-1 -1 $-1 $-1 $10275 256 #
vertex $-1 -1 $-1 $10275 $10559 #
straight-curve $-1 -1 $-1 0.4599942359067074049 -0.1605695957417552222 -0.5 -0.9999639744169136479 -0.008488219385113099369 0 F 0 F 0.1600000000000000033 #
coedge $-1 -1 $-1 $10549 $10560 $10276 $10415 forward $264 $-1 #
edge $10561 -1 $-1 $10423 0 $10417 0.2895719172308956479 $10276 $10562 forward @7 unknown #
color-adesk-attrib $-1 -1 $-1 $-1 $10277 256 #
vertex $-1 -1 $-1 $10277 $10563 #
straight-curve $-1 -1 $-1 0.4599942359067074049 -0.1605695957417552222 -0.5 0 0 1 I I #
coedge $-1 -1 $-1 $10564 $10278 $10560 $10565 reversed $10421 $-1 #
coedge $-1 -1 $-1 $10278 $10564 $10280 $10426 reversed $10421 $-1 #
loop $-1 -1 $-1 $-1 $10278 $10566 #
color-adesk-attrib $-1 -1 $-1 $-1 $10279 256 #
vertex $-1 -1 $-1 $10415 $10567 #
straight-curve $-1 -1 $-1 0.2999999999999999889 -0.4019277108433759738 -0.25 0 0 1 I I #
coedge $-1 -1 $-1 $10293 $10280 $10568 $10569 reversed $102 $-1 #
edge $10570 -1 $-1 $10282 0.4019277108433740864 $10571 0.4028915662650653928 $10420 $277 forward @7 unknown #
point $-1 -1 $-1 0.3000000000000012101 -0.4019277108433740864 -0.5 #
point $-1 -1 $-1 0.4599942359067074049 -0.1605695957417552222 -0.5 #
coedge $-1 -1 $-1 $10572 $10285 $10288 $10433 forward $264 $-1 #
color-adesk-attrib $-1 -1 $-1 $-1 $10286 256 #
straight-curve $-1 -1 $-1 0.4599942359067073494 -0.642497306585131156 0.5 -0.9999639744169136479 -0.008488219385113099369 0 I I #
coedge $-1 -1 $-1 $10288 $10287 $10573 $10574 forward $10289 $-1 #
edge $10575 -1 $-1 $10291 -0.6438554216867515834 $10576 -0.6428915662650638296 $10288 $352 forward @7 unknown #
face $10577 -1 $-1 $10038 $10289 $8 $-1 $354 reversed single #
point $-1 -1 $-1 0.3000000000000011546 -0.6438554216867515834 0.5 #
coedge $-1 -1 $-1 $10578 $10573 $10293 $10437 forward $10579 $-1 #
edge $10580 -1 $-1 $10439 0 $10581 0.2895719172308956479 $10436 $10582 forward @7 unknown #
color-adesk-attrib $-1 -1 $-1 $-1 $10294 256 #
vertex $-1 -1 $-1 $10294 $10583 #
coedge $-1 -1 $-1 $10296 $10308 $10584 $10585 forward $264 $-1 #
coedge $-1 -1 $-1 $10584 $10304 $10300 $10442 reversed $10447 $-1 #
edge $10586 -1 $-1 $10444 -0.75 $10307 0.25 $10300 $10587 forward @7 unknown #
color-adesk-attrib $-1 -1 $-1 $-1 $10301 256 #
vertex $-1 -1 $-1 $10301 $10588 #
color-adesk-attrib $-1 -1 $-1 $-1 $10302 256 #
coedge $-1 -1 $-1 $10304 $10584 $10314 $10456 reversed $10447 $-1 #
loop $-1 -1 $-1 $-1 $10304 $10589 #
color-adesk-attrib $-1 -1 $-1 $-1 $10305 256 #
straight-curve $-1 -1 $-1 0.4599942359067073494 -0.8834611620068173465 -0.5 -0.9999639744169136479 -0.008488219385113099369 0 F 0 F 0.1600000000000000033 #
point $-1 -1 $-1 0.3000000000000011546 -0.8848192771084377739 -0.5 #
coedge $-1 -1 $-1 $10309 $10314 $10308 $10452 reversed $10315 $-1 #
edge $10590 -1 $-1 $10312 0 $10591 0.2895719172308956479 $10451 $10592 forward @7 unknown #
color-adesk-attrib $-1 -1 $-1 $-1 $10310 256 #
straight-curve $-1 -1 $-1 0.2999999999999999889 -1.124819277108437987 -0.25 0 0 1 I I #
point $-1 -1 $-1 0.3000000000000011546 -1.124819277108436211 0.5 #
edge $10593 -1 $-1 $10317 0 $10591 1 $10446 $10594 forward @7 unknown #
face $10595 -1 $-1 $10589 $10315 $8 $-1 $10596 forward single #
point $-1 -1 $-1 0.4599942359067073494 -0.8834611620068173465 -0.5 #
color-adesk-attrib $-1 -1 $-1 $-1 $10321 256 #
straight-curve $-1 -1 $-1 0.4599942359067072939 -1.365388872850189728 0.5 -0.9999639744169136479 -0.008488219385113099369 0 I I #
color-adesk-attrib $-1 -1 $-1 $-1 $10325 256 #
plane-surface $-1 -1 $-1 0.4599942359067072939 -1.365388872850189728 -0.5 -0.008488219385113101104 0.99996397441691387 0 -0.99996397441691387 -0.008488219385113101104 0 forward_v I I I I #
point $-1 -1 $-1 0.4599942359067072939 -1.365388872850189728 0.5 #
color-adesk-attrib $-1 -1 $-1 $-1 $10334 256 #
face $10597 -1 $-1 $10598 $10599 $8 $-1 $10600 forward single #
loop $-1 -1 $-1 $-1 $10601 $10334 #
plane-surface $-1 -1 $-1 0.3000000000000013212 1.2848192771084328 -0.5 0.8334997309465151938 -0.5525198625498335403 0 0.5525198625498335403 0.8334997309465151938 0 forward_v I I I I #
coedge $-1 -1 $-1 $10602 $10603 $10604 $10605 forward $10335 $-1 #
coedge $-1 -1 $-1 $10606 $10337 $10603 $10607 forward $10202 $-1 #
coedge $-1 -1 $-1 $10337 $10606 $10608 $10609 reversed $10202 $-1 #
coedge $-1 -1 $-1 $10610 $10604 $10337 $10472 reversed $102 $-1 #
edge $10611 -1 $-1 $10612 0 $10613 0.2895719172308956479 $10337 $10614 forward @7 unknown #
coedge $-1 -1 $-1 $10339 $10338 $10378 $10520 reversed $10071 $-1 #
color-adesk-attrib $-1 -1 $-1 $-1 $10341 256 #
straight-curve $-1 -1 $-1 0.4599942359067075159 2.490032813896796426 -0.5 -0.9999639744169136479 -0.008488219385113099369 0 F 0 F 0.1600000000000000033 #
coedge $-1 -1 $-1 $10378 $10615 $10342 $10477 forward $264 $-1 #
edge $10616 -1 $-1 $10484 0 $10479 0.2895719172308956479 $10342 $10617 forward @7 unknown #
color-adesk-attrib $-1 -1 $-1 $-1 $10343 256 #
vertex $-1 -1 $-1 $10343 $10618 #
straight-curve $-1 -1 $-1 0.4599942359067075159 2.490032813896796426 -0.5 0 0 1 I I #
coedge $-1 -1 $-1 $10366 $10344 $10615 $10619 reversed $10235 $-1 #
coedge $-1 -1 $-1 $10344 $10366 $10346 $10487 reversed $10235 $-1 #
color-adesk-attrib $-1 -1 $-1 $-1 $10345 256 #
vertex $-1 -1 $-1 $10477 $10620 #
straight-curve $-1 -1 $-1 0.3000000000000000444 2.248674698795175786 -0.25 0 0 1 I I #
coedge $-1 -1 $-1 $10621 $10346 $10622 $10623 reversed $102 $-1 #
edge $10624 -1 $-1 $10348 -2.248674698795177562 $10625 -2.247710843373489809 $10482 $277 forward @7 unknown #
point $-1 -1 $-1 0.3000000000000013767 2.248674698795177562 -0.5 #
point $-1 -1 $-1 0.4599942359067075159 2.490032813896796426 -0.5 #
coedge $-1 -1 $-1 $10351 $10377 $10371 $10515 forward $264 $-1 #
color-adesk-attrib $-1 -1 $-1 $-1 $10355 256 #
coedge $-1 -1 $-1 $10358 $10371 $10383 $10523 reversed $10372 $-1 #
color-adesk-attrib $-1 -1 $-1 $-1 $10359 256 #
vertex $-1 -1 $-1 $10359 $10626 #
straight-curve $-1 -1 $-1 0.4599942359067075714 2.73099666931848617 -0.5 -0.9999639744169136479 -0.008488219385113099369 0 F 0 F 0.1600000000000000033 #
point $-1 -1 $-1 0.3000000000000013767 2.729638554216865742 -0.5 #
color-adesk-attrib $-1 -1 $-1 $-1 $10364 256 #
face $10627 -1 $-1 $10628 $10629 $8 $-1 $354 reversed single #
loop $-1 -1 $-1 $-1 $10630 $10364 #
coedge $-1 -1 $-1 $10631 $10632 $10633 $10634 forward $10365 $-1 #
coedge $-1 -1 $-1 $10635 $10622 $10366 $10502 reversed $10636 $-1 #
edge $10637 -1 $-1 $10638 -0.75 $10625 0.25 $10366 $10639 forward @7 unknown #
coedge $-1 -1 $-1 $10368 $10367 $10602 $10640 forward $10101 $-1 #
coedge $-1 -1 $-1 $10641 $10642 $10367 $10505 forward $264 $-1 #
edge $10643 -1 $-1 $10644 2.006746987951803618 $10513 2.007710843373491372 $10367 $352 forward @7 unknown #
coedge $-1 -1 $-1 $10604 $10621 $10368 $10507 forward $102 $-1 #
edge $10645 -1 $-1 $10512 -2.007710843373491372 $10646 -2.006746987951803618 $10368 $277 forward @7 unknown #
coedge $-1 -1 $-1 $10647 $10369 $10621 $10648 forward $10510 $-1 #
coedge $-1 -1 $-1 $10369 $10647 $10641 $10649 reversed $10510 $-1 #
loop $-1 -1 $-1 $-1 $10508 $10650 #
color-adesk-attrib $-1 -1 $-1 $-1 $10370 256 #
vertex $-1 -1 $-1 $10507 $10651 #
vertex $-1 -1 $-1 $10649 $10652 #
straight-curve $-1 -1 $-1 0.2999999999999999889 2.007710843373489595 -0.25 0 0 1 I I #
edge $10653 -1 $-1 $10527 0 $10374 0.1600000000000000033 $10371 $10654 forward @7 unknown #
face $10655 -1 $-1 $10122 $10372 $8 $-1 $10656 forward single #
point $-1 -1 $-1 0.3000000000000013767 2.729638554216865742 0.5 #
color-adesk-attrib $-1 -1 $-1 $-1 $10376 256 #
straight-curve $-1 -1 $-1 0.2999999999999999889 2.488674698795178664 -0.25 0 0 -1 I I #
edge $10657 -1 $-1 $10479 0 $10380 0.1600000000000000033 $10473 $10658 forward @7 unknown #
point $-1 -1 $-1 0.3000000000000013767 2.488674698795175999 0.5 #
point $-1 -1 $-1 0.3000000000000013767 2.488674698795175999 -0.5 #
edge $10659 -1 $-1 $10494 0 $10527 1 $10492 $10660 forward @7 unknown #
color-adesk-attrib $-1 -1 $-1 $-1 $10384 256 #
straight-curve $-1 -1 $-1 0.3000000000000013767 2.489638554216867306 -0.5 0.5525198625498334293 0.8334997309465150828 0 F 0 F 0.2895719172308956479 #
color-adesk-attrib $-1 -1 $-1 $-1 $10385 256 #
vertex $-1 -1 $-1 $10523 $10661 #
straight-curve $-1 -1 $-1 0.3000000000000013767 2.489638554216867306 0.5 0.5525198625498334293 0.8334997309465150828 0 I I #
color-adesk-attrib $-1 -1 $-1 $-1 $10386 256 #
plane-surface $-1 -1 $-1 0.3000000000000013767 2.489638554216867306 -0.5 0.8334997309465151938 -0.5525198625498335403 0 0.5525198625498335403 0.8334997309465151938 0 forward_v I I I I #
color-adesk-attrib $-1 -1 $-1 $-1 $10399 256 #
face $10662 -1 $-1 $10663 $10664 $8 $-1 $10665 forward single #
loop $-1 -1 $-1 $-1 $10666 $10399 #
plane-surface $-1 -1 $-1 0.4599942359067074049 0.8032858259449895399 -0.5 -0.008488219385113101104 0.99996397441691387 0 -0.99996397441691387 -0.008488219385113101104 0 forward_v I I I I #
coedge $-1 -1 $-1 $10667 $10668 $10669 $10670 forward $10400 $-1 #
coedge $-1 -1 $-1 $10671 $10402 $10672 $10673 reversed $10269 $-1 #
coedge $-1 -1 $-1 $10402 $10671 $10403 $10541 reversed $10269 $-1 #
coedge $-1 -1 $-1 $10405 $10674 $10402 $10539 reversed $102 $-1 #
edge $10675 -1 $-1 $10547 0 $10676 0.1600000000000000033 $10402 $10677 forward @7 unknown #
coedge $-1 -1 $-1 $10404 $10403 $10678 $10679 reversed $10136 $-1 #
edge $10680 -1 $-1 $10547 0 $10681 1 $10537 $10682 forward @7 unknown #
coedge $-1 -1 $-1 $10683 $10684 $10404 $10543 forward $10685 $-1 #
edge $10686 -1 $-1 $10546 -0.25 $10687 0.75 $10542 $10688 forward @7 unknown #
coedge $-1 -1 $-1 $10689 $10405 $10684 $10690 forward $102 $-1 #
color-adesk-attrib $-1 -1 $-1 $-1 $10406 256 #
vertex $-1 -1 $-1 $10690 $10691 #
vertex $-1 -1 $-1 $10539 $10692 #
straight-curve $-1 -1 $-1 0.3000000000000012101 0.0799999999999982947 -0.5 0.5525198625498334293 0.8334997309465150828 0 F 0 F 0.2895719172308956479 #
coedge $-1 -1 $-1 $10693 $10414 $10407 $10550 forward $264 $-1 #
edge $10694 -1 $-1 $10417 0 $10555 0.1600000000000000033 $10407 $10695 forward @7 unknown #
coedge $-1 -1 $-1 $10696 $10408 $10410 $10558 reversed $10553 $-1 #
coedge $-1 -1 $-1 $10408 $10696 $10693 $10697 reversed $10553 $-1 #
loop $-1 -1 $-1 $-1 $10408 $10698 #
color-adesk-attrib $-1 -1 $-1 $-1 $10409 256 #
vertex $-1 -1 $-1 $10697 $10699 #
straight-curve $-1 -1 $-1 0.2999999999999999889 -0.1619277108433733459 -0.25 0 0 -1 I I #
coedge $-1 -1 $-1 $10410 $10689 $10700 $10701 reversed $102 $-1 #
edge $10702 -1 $-1 $10703 0.1609638554216878958 $10412 0.1619277108433756496 $10551 $277 forward @7 unknown #
point $-1 -1 $-1 0.3000000000000011546 -0.1619277108433756496 -0.5 #
coedge $-1 -1 $-1 $10414 $10704 $10419 $10565 forward $264 $-1 #
color-adesk-attrib $-1 -1 $-1 $-1 $10415 256 #
straight-curve $-1 -1 $-1 0.3000000000000012101 -0.4019277108433740864 0.5 0.5525198625498334293 0.8334997309465150828 0 I I #
point $-1 -1 $-1 0.4599942359067074049 -0.1605695957417552222 0.5 #
coedge $-1 -1 $-1 $10420 $10419 $10705 $10706 forward $10421 $-1 #
edge $10707 -1 $-1 $10708 -0.4028915662650653928 $10423 -0.4019277108433740864 $10419 $352 forward @7 unknown #
face $10709 -1 $-1 $10698 $10421 $8 $-1 $354 reversed single #
point $-1 -1 $-1 0.3000000000000011546 -0.4019277108433740864 0.5 #
coedge $-1 -1 $-1 $10705 $10710 $10425 $10569 forward $10711 $-1 #
edge $10712 -1 $-1 $10581 0 $10571 0.1600000000000000033 $10568 $10713 forward @7 unknown #
color-adesk-attrib $-1 -1 $-1 $-1 $10426 256 #
vertex $-1 -1 $-1 $10569 $10714 #
coedge $-1 -1 $-1 $10704 $10429 $10715 $10716 forward $264 $-1 #
coedge $-1 -1 $-1 $10436 $10715 $10432 $10574 reversed $10579 $-1 #
edge $10717 -1 $-1 $10439 -0.25 $10576 0.75 $10432 $10718 forward @7 unknown #
color-adesk-attrib $-1 -1 $-1 $-1 $10433 256 #
vertex $-1 -1 $-1 $10716 $10719 #
color-adesk-attrib $-1 -1 $-1 $-1 $10434 256 #
coedge $-1 -1 $-1 $10715 $10436 $10710 $10720 forward $10579 $-1 #
loop $-1 -1 $-1 $-1 $10436 $10721 #
color-adesk-attrib $-1 -1 $-1 $-1 $10437 256 #
vertex $-1 -1 $-1 $10569 $10722 #
straight-curve $-1 -1 $-1 0.3000000000000011546 -0.6428915662650638296 -0.5 0.5525198625498334293 0.8334997309465150828 0 F 0 F 0.2895719172308956479 #
point $-1 -1 $-1 0.3000000000000011546 -0.6428915662650638296 -0.5 #
coedge $-1 -1 $-1 $10446 $10441 $10440 $10585 reversed $10447 $-1 #
edge $10723 -1 $-1 $10591 0 $10444 0.1600000000000000033 $10584 $10724 forward @7 unknown #
color-adesk-attrib $-1 -1 $-1 $-1 $10442 256 #
straight-curve $-1 -1 $-1 0.2999999999999999889 -0.8848192771084355535 -0.25 0 0 -1 I I #
point $-1 -1 $-1 0.3000000000000011546 -0.8848192771084377739 0.5 #
face $10725 -1 $-1 $10193 $10447 $8 $-1 $10726 forward single #
color-adesk-attrib $-1 -1 $-1 $-1 $10452 256 #
vertex $-1 -1 $-1 $10456 $10727 #
straight-curve $-1 -1 $-1 0.3000000000000011546 -1.124819277108436211 0.5 0.5525198625498334293 0.8334997309465150828 0 I I #
color-adesk-attrib $-1 -1 $-1 $-1 $10456 256 #
straight-curve $-1 -1 $-1 0.4599942359067073494 -0.8834611620068173465 -0.5 0 0 1 I I #
color-adesk-attrib $-1 -1 $-1 $-1 $10457 256 #
plane-surface $-1 -1 $-1 0.3000000000000011546 -1.124819277108436211 -0.5 0.8334997309465151938 -0.5525198625498335403 0 0.5525198625498335403 0.8334997309465151938 0 forward_v I I I I #
color-adesk-attrib $-1 -1 $-1 $-1 $10465 256 #
face $10728 -1 $-1 $10729 $10730 $8 $-1 $10731 forward single #
loop $-1 -1 $-1 $-1 $10732 $10465 #
plane-surface $-1 -1 $-1 0.4599942359067075159 1.526177392210051664 -0.5 -0.008488219385113101104 0.99996397441691387 0 -0.99996397441691387 -0.008488219385113101104 0 forward_v I I I I #
coedge $-1 -1 $-1 $10733 $10734 $10735 $10736 forward $10466 $-1 #
coedge $-1 -1 $-1 $10737 $10468 $10503 $10640 reversed $10335 $-1 #
coedge $-1 -1 $-1 $10468 $10737 $10469 $10607 reversed $10335 $-1 #
coedge $-1 -1 $-1 $10471 $10506 $10468 $10605 reversed $102 $-1 #
edge $10738 -1 $-1 $10613 0 $10646 0.1600000000000000033 $10468 $10739 forward @7 unknown #
coedge $-1 -1 $-1 $10470 $10469 $10740 $10741 reversed $10202 $-1 #
edge $10742 -1 $-1 $10613 0 $10743 1 $10603 $10744 forward @7 unknown #
coedge $-1 -1 $-1 $10745 $10746 $10470 $10609 forward $10499 $-1 #
edge $10747 -1 $-1 $10612 -0.25 $10748 0.75 $10608 $10749 forward @7 unknown #
coedge $-1 -1 $-1 $10750 $10471 $10746 $10751 forward $102 $-1 #
color-adesk-attrib $-1 -1 $-1 $-1 $10472 256 #
vertex $-1 -1 $-1 $10751 $10752 #
vertex $-1 -1 $-1 $10605 $10753 #
straight-curve $-1 -1 $-1 0.3000000000000013212 1.766746987951805181 -0.5 0.5525198625498334293 0.8334997309465150828 0 F 0 F 0.2895719172308956479 #
coedge $-1 -1 $-1 $10476 $10754 $10481 $10619 forward $264 $-1 #
color-adesk-attrib $-1 -1 $-1 $-1 $10477 256 #
straight-curve $-1 -1 $-1 0.3000000000000013767 2.248674698795177562 0.5 0.5525198625498334293 0.8334997309465150828 0 I I #
point $-1 -1 $-1 0.4599942359067075159 2.490032813896796426 0.5 #
edge $10755 -1 $-1 $10638 2.247710843373489809 $10484 2.248674698795177562 $10481 $352 forward @7 unknown #
point $-1 -1 $-1 0.3000000000000013767 2.248674698795177562 0.5 #
coedge $-1 -1 $-1 $10506 $10486 $10508 $10648 reversed $102 $-1 #
coedge $-1 -1 $-1 $10501 $10756 $10486 $10623 forward $10636 $-1 #
edge $10757 -1 $-1 $10758 0 $10625 0.1600000000000000033 $10622 $10759 forward @7 unknown #
color-adesk-attrib $-1 -1 $-1 $-1 $10487 256 #
vertex $-1 -1 $-1 $10623 $10760 #
point $-1 -1 $-1 0.4599942359067075714 2.73099666931848617 -0.5 #
color-adesk-attrib $-1 -1 $-1 $-1 $10498 256 #
face $10761 -1 $-1 $10762 $10763 $8 $-1 $354 reversed single #
loop $-1 -1 $-1 $-1 $10764 $10498 #
coedge $-1 -1 $-1 $10746 $10745 $10765 $10766 forward $10499 $-1 #
coedge $-1 -1 $-1 $10767 $10500 $10768 $10769 reversed $10365 $-1 #
coedge $-1 -1 $-1 $10500 $10767 $10770 $10771 reversed $10365 $-1 #
coedge $-1 -1 $-1 $10772 $10773 $10500 $10634 reversed $10774 $-1 #
edge $10775 -1 $-1 $10776 -0.25 $10777 0.75 $10500 $10778 forward @7 unknown #
coedge $-1 -1 $-1 $10756 $10501 $10754 $10779 reversed $10636 $-1 #
loop $-1 -1 $-1 $-1 $10622 $10780 #
color-adesk-attrib $-1 -1 $-1 $-1 $10502 256 #
vertex $-1 -1 $-1 $10619 $10781 #
straight-curve $-1 -1 $-1 0.2999999999999999889 2.247710843373492029 -0.25 0 0 -1 I I #
edge $10782 -1 $-1 $10644 -0.75 $10646 0.25 $10503 $10783 forward @7 unknown #
coedge $-1 -1 $-1 $10754 $10504 $10509 $10649 forward $264 $-1 #
coedge $-1 -1 $-1 $10504 $10740 $10737 $10784 forward $264 $-1 #
color-adesk-attrib $-1 -1 $-1 $-1 $10505 256 #
vertex $-1 -1 $-1 $10505 $10785 #
color-adesk-attrib $-1 -1 $-1 $-1 $10507 256 #
vertex $-1 -1 $-1 $10605 $10786 #
coedge $-1 -1 $-1 $10509 $10508 $10756 $10787 forward $10510 $-1 #
edge $10788 -1 $-1 $10512 0 $10758 0.2895719172308956479 $10508 $10789 forward @7 unknown #
edge $10790 -1 $-1 $10513 0 $10791 0.2895719172308956479 $10509 $10792 forward @7 unknown #
face $10793 -1 $-1 $10780 $10510 $8 $-1 $10794 forward single #
point $-1 -1 $-1 0.3000000000000013767 2.007710843373491372 -0.5 #
point $-1 -1 $-1 0.3000000000000013212 2.007710843373491372 0.5 #
color-adesk-attrib $-1 -1 $-1 $-1 $10515 256 #
straight-curve $-1 -1 $-1 0.4599942359067075714 2.73099666931848617 0.5 -0.9999639744169136479 -0.008488219385113099369 0 I I #
color-adesk-attrib $-1 -1 $-1 $-1 $10516 256 #
plane-surface $-1 -1 $-1 0.4599942359067075714 2.73099666931848617 -0.5 -0.008488219385113101104 0.99996397441691387 0 -0.99996397441691387 -0.008488219385113101104 0 forward_v I I I I #
color-adesk-attrib $-1 -1 $-1 $-1 $10520 256 #
straight-curve $-1 -1 $-1 0.4599942359067075159 2.490032813896796426 0.5 -0.9999639744169136479 -0.008488219385113099369 0 I I #
color-adesk-attrib $-1 -1 $-1 $-1 $10523 256 #
straight-curve $-1 -1 $-1 0.4599942359067075714 2.73099666931848617 -0.5 0 0 1 I I #
point $-1 -1 $-1 0.4599942359067075714 2.73099666931848617 0.5 #
color-adesk-attrib $-1 -1 $-1 $-1 $10532 256 #
face $10795 -1 $-1 $10796 $10797 $8 $-1 $10798 forward single #
loop $-1 -1 $-1 $-1 $10799 $10532 #
plane-surface $-1 -1 $-1 0.3000000000000012657 1.04385542168674661 -0.5 0.8334997309465151938 -0.5525198625498335403 0 0.5525198625498335403 0.8334997309465151938 0 forward_v I I I I #
coedge $-1 -1 $-1 $10800 $10801 $10802 $10803 forward $10533 $-1 #
coedge $-1 -1 $-1 $10804 $10535 $10801 $10805 forward $10400 $-1 #
coedge $-1 -1 $-1 $10535 $10804 $10806 $10807 reversed $10400 $-1 #
coedge $-1 -1 $-1 $10808 $10802 $10535 $10670 reversed $102 $-1 #
edge $10809 -1 $-1 $10810 0 $10811 0.2895719172308956479 $10535 $10812 forward @7 unknown #
coedge $-1 -1 $-1 $10537 $10536 $10813 $10814 reversed $10269 $-1 #
coedge $-1 -1 $-1 $10815 $10816 $10536 $10673 forward $10817 $-1 #
edge $10818 -1 $-1 $10819 -0.75 $10676 0.25 $10672 $10820 forward @7 unknown #
coedge $-1 -1 $-1 $10538 $10821 $10815 $10822 forward $102 $-1 #
color-adesk-attrib $-1 -1 $-1 $-1 $10539 256 #
vertex $-1 -1 $-1 $10539 $10823 #
straight-curve $-1 -1 $-1 0.4599942359067074049 0.3213581151016171589 -0.5 -0.9999639744169136479 -0.008488219385113099369 0 F 0 F 0.1600000000000000033 #
coedge $-1 -1 $-1 $10813 $10824 $10540 $10679 forward $264 $-1 #
edge $10825 -1 $-1 $10687 0 $10681 0.2895719172308956479 $10540 $10826 forward @7 unknown #
color-adesk-attrib $-1 -1 $-1 $-1 $10541 256 #
vertex $-1 -1 $-1 $10541 $10827 #
straight-curve $-1 -1 $-1 0.4599942359067074049 0.3213581151016171589 -0.5 0 0 1 I I #
coedge $-1 -1 $-1 $10828 $10542 $10824 $10829 reversed $10685 $-1 #
coedge $-1 -1 $-1 $10542 $10828 $10544 $10690 reversed $10685 $-1 #
loop $-1 -1 $-1 $-1 $10542 $10830 #
color-adesk-attrib $-1 -1 $-1 $-1 $10543 256 #
vertex $-1 -1 $-1 $10679 $10831 #
straight-curve $-1 -1 $-1 0.2999999999999999889 0.07999999999999647671 -0.25 0 0 1 I I #
coedge $-1 -1 $-1 $10557 $10544 $10832 $10833 reversed $102 $-1 #
edge $10834 -1 $-1 $10546 -0.0799999999999982947 $10835 -0.07903614457831054096 $10684 $277 forward @7 unknown #
point $-1 -1 $-1 0.3000000000000012101 0.0799999999999982947 -0.5 #
point $-1 -1 $-1 0.4599942359067074049 0.3213581151016171589 -0.5 #
coedge $-1 -1 $-1 $10836 $10549 $10552 $10697 forward $264 $-1 #
color-adesk-attrib $-1 -1 $-1 $-1 $10550 256 #
straight-curve $-1 -1 $-1 0.4599942359067074049 -0.1605695957417552222 0.5 -0.9999639744169136479 -0.008488219385113099369 0 I I #
coedge $-1 -1 $-1 $10552 $10551 $10837 $10838 forward $10553 $-1 #
edge $10839 -1 $-1 $10555 -0.1619277108433756496 $10840 -0.1609638554216878958 $10552 $352 forward @7 unknown #
face $10841 -1 $-1 $10302 $10553 $8 $-1 $354 reversed single #
point $-1 -1 $-1 0.3000000000000011546 -0.1619277108433756496 0.5 #
coedge $-1 -1 $-1 $10842 $10837 $10557 $10701 forward $10843 $-1 #
edge $10844 -1 $-1 $10703 0 $10845 0.2895719172308956479 $10700 $10846 forward @7 unknown #
color-adesk-attrib $-1 -1 $-1 $-1 $10558 256 #
vertex $-1 -1 $-1 $10558 $10847 #
coedge $-1 -1 $-1 $10560 $10572 $10848 $10849 forward $264 $-1 #
coedge $-1 -1 $-1 $10848 $10568 $10564 $10706 reversed $10711 $-1 #
edge $10850 -1 $-1 $10708 -0.75 $10571 0.25 $10564 $10851 forward @7 unknown #
color-adesk-attrib $-1 -1 $-1 $-1 $10565 256 #
vertex $-1 -1 $-1 $10565 $10852 #
color-adesk-attrib $-1 -1 $-1 $-1 $10566 256 #
coedge $-1 -1 $-1 $10568 $10848 $10578 $10720 reversed $10711 $-1 #
loop $-1 -1 $-1 $-1 $10568 $10853 #
color-adesk-attrib $-1 -1 $-1 $-1 $10569 256 #
straight-curve $-1 -1 $-1 0.4599942359067073494 -0.4015334511634449655 -0.5 -0.9999639744169136479 -0.008488219385113099369 0 F 0 F 0.1600000000000000033 #
point $-1 -1 $-1 0.3000000000000011546 -0.4028915662650653928 -0.5 #
coedge $-1 -1 $-1 $10573 $10578 $10572 $10716 reversed $10579 $-1 #
edge $10854 -1 $-1 $10576 0 $10855 0.2895719172308956479 $10715 $10856 forward @7 unknown #
color-adesk-attrib $-1 -1 $-1 $-1 $10574 256 #
straight-curve $-1 -1 $-1 0.2999999999999999334 -0.642891566265065717 -0.25 0 0 1 I I #
point $-1 -1 $-1 0.3000000000000011546 -0.6428915662650638296 0.5 #
edge $10857 -1 $-1 $10581 0 $10855 1 $10710 $10858 forward @7 unknown #
face $10859 -1 $-1 $10853 $10579 $8 $-1 $10860 forward single #
point $-1 -1 $-1 0.4599942359067073494 -0.4015334511634449655 -0.5 #
color-adesk-attrib $-1 -1 $-1 $-1 $10585 256 #
straight-curve $-1 -1 $-1 0.4599942359067073494 -0.8834611620068173465 0.5 -0.9999639744169136479 -0.008488219385113099369 0 I I #
color-adesk-attrib $-1 -1 $-1 $-1 $10589 256 #
plane-surface $-1 -1 $-1 0.4599942359067073494 -0.8834611620068173465 -0.5 -0.008488219385113101104 0.99996397441691387 0 -0.99996397441691387 -0.008488219385113101104 0 forward_v I I I I #
point $-1 -1 $-1 0.4599942359067073494 -0.8834611620068173465 0.5 #
color-adesk-attrib $-1 -1 $-1 $-1 $10598 256 #
face $10861 -1 $-1 $10862 $10863 $8 $-1 $10864 forward single #
loop $-1 -1 $-1 $-1 $10865 $10598 #
plane-surface $-1 -1 $-1 0.3000000000000012657 0.8028915662650568663 -0.5 0.8334997309465151938 -0.5525198625498335403 0 0.5525198625498335403 0.8334997309465151938 0 forward_v I I I I #
coedge $-1 -1 $-1 $10866 $10867 $10868 $10869 forward $10599 $-1 #
coedge $-1 -1 $-1 $10870 $10601 $10867 $10871 forward $10466 $-1 #
coedge $-1 -1 $-1 $10601 $10870 $10872 $10873 reversed $10466 $-1 #
coedge $-1 -1 $-1 $10874 $10868 $10601 $10736 reversed $102 $-1 #
edge $10875 -1 $-1 $10876 0 $10877 0.2895719172308956479 $10601 $10878 forward @7 unknown #
coedge $-1 -1 $-1 $10603 $10602 $10642 $10784 reversed $10335 $-1 #
color-adesk-attrib $-1 -1 $-1 $-1 $10605 256 #
straight-curve $-1 -1 $-1 0.4599942359067075159 2.008105103053424045 -0.5 -0.9999639744169136479 -0.008488219385113099369 0 F 0 F 0.1600000000000000033 #
coedge $-1 -1 $-1 $10642 $10879 $10606 $10741 forward $264 $-1 #
edge $10880 -1 $-1 $10748 0 $10743 0.2895719172308956479 $10606 $10881 forward @7 unknown #
color-adesk-attrib $-1 -1 $-1 $-1 $10607 256 #
vertex $-1 -1 $-1 $10607 $10882 #
straight-curve $-1 -1 $-1 0.4599942359067075159 2.008105103053424045 -0.5 0 0 1 I I #
coedge $-1 -1 $-1 $10630 $10608 $10879 $10883 reversed $10499 $-1 #
coedge $-1 -1 $-1 $10608 $10630 $10610 $10751 reversed $10499 $-1 #
color-adesk-attrib $-1 -1 $-1 $-1 $10609 256 #
vertex $-1 -1 $-1 $10741 $10884 #
straight-curve $-1 -1 $-1 0.3000000000000000444 1.766746987951803627 -0.25 0 0 1 I I #
coedge $-1 -1 $-1 $10885 $10610 $10886 $10887 reversed $102 $-1 #
edge $10888 -1 $-1 $10612 -1.766746987951805181 $10889 -1.765783132530117427 $10746 $277 forward @7 unknown #
point $-1 -1 $-1 0.3000000000000013212 1.766746987951805181 -0.5 #
point $-1 -1 $-1 0.4599942359067075159 2.008105103053424045 -0.5 #
coedge $-1 -1 $-1 $10615 $10641 $10635 $10779 forward $264 $-1 #
color-adesk-attrib $-1 -1 $-1 $-1 $10619 256 #
coedge $-1 -1 $-1 $10622 $10635 $10647 $10787 reversed $10636 $-1 #
color-adesk-attrib $-1 -1 $-1 $-1 $10623 256 #
vertex $-1 -1 $-1 $10623 $10890 #
straight-curve $-1 -1 $-1 0.4599942359067075159 2.249068958475110236 -0.5 -0.9999639744169136479 -0.008488219385113099369 0 F 0 F 0.1600000000000000033 #
point $-1 -1 $-1 0.3000000000000013212 2.247710843373489809 -0.5 #
color-adesk-attrib $-1 -1 $-1 $-1 $10628 256 #
face $10891 -1 $-1 $10892 $10893 $8 $-1 $354 reversed single #
loop $-1 -1 $-1 $-1 $10894 $10628 #
coedge $-1 -1 $-1 $10895 $10896 $10897 $10898 forward $10629 $-1 #
coedge $-1 -1 $-1 $10899 $10886 $10630 $10766 reversed $10900 $-1 #
edge $10901 -1 $-1 $10902 -0.75 $10889 0.25 $10630 $10903 forward @7 unknown #
coedge $-1 -1 $-1 $10632 $10631 $10866 $10904 forward $10365 $-1 #
coedge $-1 -1 $-1 $10905 $10906 $10631 $10769 forward $264 $-1 #
edge $10907 -1 $-1 $10908 1.524819277108431237 $10777 1.525783132530118991 $10631 $352 forward @7 unknown #
coedge $-1 -1 $-1 $10868 $10885 $10632 $10771 forward $102 $-1 #
edge $10909 -1 $-1 $10776 -1.525783132530118991 $10910 -1.524819277108431237 $10632 $277 forward @7 unknown #
coedge $-1 -1 $-1 $10911 $10633 $10885 $10912 forward $10774 $-1 #
coedge $-1 -1 $-1 $10633 $10911 $10905 $10913 reversed $10774 $-1 #
loop $-1 -1 $-1 $-1 $10772 $10796 #
color-adesk-attrib $-1 -1 $-1 $-1 $10634 256 #
vertex $-1 -1 $-1 $10771 $10914 #
vertex $-1 -1 $-1 $10913 $10915 #
straight-curve $-1 -1 $-1 0.2999999999999999889 1.525783132530117214 -0.25 0 0 1 I I #
edge $10916 -1 $-1 $10791 0 $10638 0.1600000000000000033 $10635 $10917 forward @7 unknown #
face $10918 -1 $-1 $10386 $10636 $8 $-1 $10919 forward single #
point $-1 -1 $-1 0.3000000000000013212 2.247710843373489809 0.5 #
color-adesk-attrib $-1 -1 $-1 $-1 $10640 256 #
straight-curve $-1 -1 $-1 0.2999999999999999889 2.006746987951805838 -0.25 0 0 -1 I I #
edge $10920 -1 $-1 $10743 0 $10644 0.1600000000000000033 $10737 $10921 forward @7 unknown #
point $-1 -1 $-1 0.3000000000000013212 2.006746987951803618 0.5 #
point $-1 -1 $-1 0.3000000000000013212 2.006746987951803618 -0.5 #
edge $10922 -1 $-1 $10758 0 $10791 1 $10756 $10923 forward @7 unknown #
color-adesk-attrib $-1 -1 $-1 $-1 $10648 256 #
straight-curve $-1 -1 $-1 0.3000000000000013767 2.007710843373491372 -0.5 0.5525198625498334293 0.8334997309465150828 0 F 0 F 0.2895719172308956479 #
color-adesk-attrib $-1 -1 $-1 $-1 $10649 256 #
vertex $-1 -1 $-1 $10787 $10924 #
straight-curve $-1 -1 $-1 0.3000000000000013767 2.007710843373491372 0.5 0.5525198625498334293 0.8334997309465150828 0 I I #
color-adesk-attrib $-1 -1 $-1 $-1 $10650 256 #
plane-surface $-1 -1 $-1 0.3000000000000013767 2.007710843373491372 -0.5 0.8334997309465151938 -0.5525198625498335403 0 0.5525198625498335403 0.8334997309465151938 0 forward_v I I I I #
color-adesk-attrib $-1 -1 $-1 $-1 $10663 256 #
face $10925 -1 $-1 $10926 $10774 $8 $-1 $10927 forward single #
loop $-1 -1 $-1 $-1 $10928 $10663 #
plane-surface $-1 -1 $-1 0.4599942359067074604 1.285213536788365474 -0.5 -0.008488219385113101104 0.99996397441691387 0 -0.99996397441691387 -0.008488219385113101104 0 forward_v I I I I #
coedge $-1 -1 $-1 $10929 $10897 $10930 $10931 forward $10664 $-1 #
coedge $-1 -1 $-1 $10932 $10666 $10933 $10934 reversed $10533 $-1 #
coedge $-1 -1 $-1 $10666 $10932 $10667 $10805 reversed $10533 $-1 #
coedge $-1 -1 $-1 $10669 $10935 $10666 $10803 reversed $102 $-1 #
edge $10936 -1 $-1 $10811 0 $10937 0.1600000000000000033 $10666 $10938 forward @7 unknown #
coedge $-1 -1 $-1 $10668 $10667 $10939 $10940 reversed $10400 $-1 #
edge $10941 -1 $-1 $10811 0 $10942 1 $10801 $10943 forward @7 unknown #
coedge $-1 -1 $-1 $10944 $10945 $10668 $10807 forward $10893 $-1 #
edge $10946 -1 $-1 $10810 -0.25 $10947 0.75 $10806 $10948 forward @7 unknown #
coedge $-1 -1 $-1 $10949 $10669 $10945 $10950 forward $102 $-1 #
color-adesk-attrib $-1 -1 $-1 $-1 $10670 256 #
vertex $-1 -1 $-1 $10950 $10951 #
vertex $-1 -1 $-1 $10803 $10952 #
straight-curve $-1 -1 $-1 0.3000000000000012657 0.5619277108433706758 -0.5 0.5525198625498334293 0.8334997309465150828 0 F 0 F 0.2895719172308956479 #
coedge $-1 -1 $-1 $10953 $10678 $10671 $10814 forward $264 $-1 #
edge $10954 -1 $-1 $10681 0 $10819 0.1600000000000000033 $10671 $10955 forward @7 unknown #
coedge $-1 -1 $-1 $10956 $10672 $10674 $10822 reversed $10817 $-1 #
coedge $-1 -1 $-1 $10672 $10956 $10953 $10957 reversed $10817 $-1 #
loop $-1 -1 $-1 $-1 $10672 $10958 #
color-adesk-attrib $-1 -1 $-1 $-1 $10673 256 #
vertex $-1 -1 $-1 $10957 $10959 #
straight-curve $-1 -1 $-1 0.2999999999999999889 0.3199999999999991185 -0.25 0 0 -1 I I #
coedge $-1 -1 $-1 $10674 $10949 $10960 $10961 reversed $102 $-1 #
edge $10962 -1 $-1 $10963 -0.3209638554216844852 $10676 -0.3199999999999967315 $10815 $277 forward @7 unknown #
point $-1 -1 $-1 0.3000000000000012101 0.3199999999999967315 -0.5 #
coedge $-1 -1 $-1 $10678 $10964 $10683 $10829 forward $264 $-1 #
color-adesk-attrib $-1 -1 $-1 $-1 $10679 256 #
straight-curve $-1 -1 $-1 0.3000000000000012101 0.0799999999999982947 0.5 0.5525198625498334293 0.8334997309465150828 0 I I #
point $-1 -1 $-1 0.4599942359067074049 0.3213581151016171589 0.5 #
coedge $-1 -1 $-1 $10684 $10683 $10965 $10966 forward $10685 $-1 #
edge $10967 -1 $-1 $10968 0.07903614457831054096 $10687 0.0799999999999982947 $10683 $352 forward @7 unknown #
face $10969 -1 $-1 $10958 $10685 $8 $-1 $354 reversed single #
point $-1 -1 $-1 0.3000000000000012101 0.0799999999999982947 0.5 #
coedge $-1 -1 $-1 $10965 $10970 $10689 $10833 forward $10971 $-1 #
edge $10972 -1 $-1 $10845 0 $10835 0.1600000000000000033 $10832 $10973 forward @7 unknown #
color-adesk-attrib $-1 -1 $-1 $-1 $10690 256 #
vertex $-1 -1 $-1 $10833 $10974 #
coedge $-1 -1 $-1 $10964 $10693 $10975 $10976 forward $264 $-1 #
coedge $-1 -1 $-1 $10700 $10975 $10696 $10838 reversed $10843 $-1 #
edge $10977 -1 $-1 $10703 -0.25 $10840 0.75 $10696 $10978 forward @7 unknown #
color-adesk-attrib $-1 -1 $-1 $-1 $10697 256 #
vertex $-1 -1 $-1 $10976 $10979 #
color-adesk-attrib $-1 -1 $-1 $-1 $10698 256 #
coedge $-1 -1 $-1 $10975 $10700 $10970 $10980 forward $10843 $-1 #
loop $-1 -1 $-1 $-1 $10700 $10981 #
color-adesk-attrib $-1 -1 $-1 $-1 $10701 256 #
vertex $-1 -1 $-1 $10833 $10982 #
straight-curve $-1 -1 $-1 0.3000000000000012101 -0.1609638554216878958 -0.5 0.5525198625498334293 0.8334997309465150828 0 F 0 F 0.2895719172308956479 #
point $-1 -1 $-1 0.3000000000000012101 -0.1609638554216878958 -0.5 #
coedge $-1 -1 $-1 $10710 $10705 $10704 $10849 reversed $10711 $-1 #
edge $10983 -1 $-1 $10855 0 $10708 0.1600000000000000033 $10848 $10984 forward @7 unknown #
color-adesk-attrib $-1 -1 $-1 $-1 $10706 256 #
straight-curve $-1 -1 $-1 0.2999999999999999889 -0.4028915662650631169 -0.25 0 0 -1 I I #
point $-1 -1 $-1 0.3000000000000011546 -0.4028915662650653928 0.5 #
face $10985 -1 $-1 $10457 $10711 $8 $-1 $10986 forward single #
color-adesk-attrib $-1 -1 $-1 $-1 $10716 256 #
vertex $-1 -1 $-1 $10720 $10987 #
straight-curve $-1 -1 $-1 0.3000000000000011546 -0.6428915662650638296 0.5 0.5525198625498334293 0.8334997309465150828 0 I I #
color-adesk-attrib $-1 -1 $-1 $-1 $10720 256 #
straight-curve $-1 -1 $-1 0.4599942359067073494 -0.4015334511634449655 -0.5 0 0 1 I I #
color-adesk-attrib $-1 -1 $-1 $-1 $10721 256 #
plane-surface $-1 -1 $-1 0.3000000000000011546 -0.6428915662650638296 -0.5 0.8334997309465151938 -0.5525198625498335403 0 0.5525198625498335403 0.8334997309465151938 0 forward_v I I I I #
color-adesk-attrib $-1 -1 $-1 $-1 $10729 256 #
face $10988 -1 $-1 $10989 $10990 $8 $-1 $10991 forward single #
loop $-1 -1 $-1 $-1 $10992 $10729 #
plane-surface $-1 -1 $-1 0.4599942359067074604 1.04424968136667573 -0.5 -0.008488219385113101104 0.99996397441691387 0 -0.99996397441691387 -0.008488219385113101104 0 forward_v I I I I #
coedge $-1 -1 $-1 $10993 $10994 $10995 $10996 forward $10730 $-1 #
coedge $-1 -1 $-1 $10997 $10732 $10767 $10904 reversed $10599 $-1 #
coedge $-1 -1 $-1 $10732 $10997 $10733 $10871 reversed $10599 $-1 #
coedge $-1 -1 $-1 $10735 $10770 $10732 $10869 reversed $102 $-1 #
edge $10998 -1 $-1 $10877 0 $10910 0.1600000000000000033 $10732 $10999 forward @7 unknown #
coedge $-1 -1 $-1 $10734 $10733 $11000 $11001 reversed $10466 $-1 #
edge $11002 -1 $-1 $10877 0 $11003 1 $10867 $11004 forward @7 unknown #
coedge $-1 -1 $-1 $11005 $11006 $10734 $10873 forward $10763 $-1 #
edge $11007 -1 $-1 $10876 -0.25 $11008 0.75 $10872 $11009 forward @7 unknown #
coedge $-1 -1 $-1 $11010 $10735 $11006 $11011 forward $102 $-1 #
color-adesk-attrib $-1 -1 $-1 $-1 $10736 256 #
vertex $-1 -1 $-1 $11011 $11012 #
vertex $-1 -1 $-1 $10869 $11013 #
straight-curve $-1 -1 $-1 0.3000000000000013212 1.2848192771084328 -0.5 0.5525198625498334293 0.8334997309465150828 0 F 0 F 0.2895719172308956479 #
coedge $-1 -1 $-1 $10740 $11014 $10745 $10883 forward $264 $-1 #
color-adesk-attrib $-1 -1 $-1 $-1 $10741 256 #
straight-curve $-1 -1 $-1 0.3000000000000013212 1.766746987951805181 0.5 0.5525198625498334293 0.8334997309465150828 0 I I #
point $-1 -1 $-1 0.4599942359067075159 2.008105103053424045 0.5 #
edge $11015 -1 $-1 $10902 1.765783132530117427 $10748 1.766746987951805181 $10745 $352 forward @7 unknown #
point $-1 -1 $-1 0.3000000000000013212 1.766746987951805181 0.5 #
coedge $-1 -1 $-1 $10770 $10750 $10772 $10912 reversed $102 $-1 #
coedge $-1 -1 $-1 $10765 $11016 $10750 $10887 forward $10900 $-1 #
edge $11017 -1 $-1 $11018 0 $10889 0.1600000000000000033 $10886 $11019 forward @7 unknown #
color-adesk-attrib $-1 -1 $-1 $-1 $10751 256 #
vertex $-1 -1 $-1 $10887 $11020 #
point $-1 -1 $-1 0.4599942359067075159 2.249068958475110236 -0.5 #
color-adesk-attrib $-1 -1 $-1 $-1 $10762 256 #
face $11021 -1 $-1 $10830 $11022 $8 $-1 $354 reversed single #
loop $-1 -1 $-1 $-1 $10806 $10762 #
coedge $-1 -1 $-1 $11006 $11005 $11023 $11024 forward $10763 $-1 #
coedge $-1 -1 $-1 $11025 $10764 $11026 $11027 reversed $10629 $-1 #
coedge $-1 -1 $-1 $10764 $11025 $11028 $11029 reversed $10629 $-1 #
coedge $-1 -1 $-1 $10799 $11030 $10764 $10898 reversed $10664 $-1 #
edge $11031 -1 $-1 $11032 -0.25 $11033 0.75 $10764 $11034 forward @7 unknown #
coedge $-1 -1 $-1 $11016 $10765 $11014 $11035 reversed $10900 $-1 #
loop $-1 -1 $-1 $-1 $10886 $10926 #
color-adesk-attrib $-1 -1 $-1 $-1 $10766 256 #
vertex $-1 -1 $-1 $10883 $11036 #
straight-curve $-1 -1 $-1 0.2999999999999999889 1.76578313253011987 -0.25 0 0 -1 I I #
edge $11037 -1 $-1 $10908 -0.75 $10910 0.25 $10767 $11038 forward @7 unknown #
coedge $-1 -1 $-1 $11014 $10768 $10773 $10913 forward $264 $-1 #
coedge $-1 -1 $-1 $10768 $11000 $10997 $11039 forward $264 $-1 #
color-adesk-attrib $-1 -1 $-1 $-1 $10769 256 #
vertex $-1 -1 $-1 $10769 $11040 #
color-adesk-attrib $-1 -1 $-1 $-1 $10771 256 #
vertex $-1 -1 $-1 $10869 $11041 #
coedge $-1 -1 $-1 $10773 $10772 $11016 $11042 forward $10774 $-1 #
edge $11043 -1 $-1 $10776 0 $11018 0.2895719172308956479 $10772 $11044 forward @7 unknown #
edge $11045 -1 $-1 $10777 0 $11046 0.2895719172308956479 $10773 $11047 forward @7 unknown #
point $-1 -1 $-1 0.3000000000000013212 1.525783132530118991 -0.5 #
point $-1 -1 $-1 0.3000000000000013212 1.525783132530118991 0.5 #
color-adesk-attrib $-1 -1 $-1 $-1 $10779 256 #
straight-curve $-1 -1 $-1 0.4599942359067075159 2.249068958475110236 0.5 -0.9999639744169136479 -0.008488219385113099369 0 I I #
color-adesk-attrib $-1 -1 $-1 $-1 $10780 256 #
plane-surface $-1 -1 $-1 0.4599942359067075159 2.249068958475110236 -0.5 -0.008488219385113101104 0.99996397441691387 0 -0.99996397441691387 -0.008488219385113101104 0 forward_v I I I I #
color-adesk-attrib $-1 -1 $-1 $-1 $10784 256 #
straight-curve $-1 -1 $-1 0.4599942359067075159 2.008105103053424045 0.5 -0.9999639744169136479 -0.008488219385113099369 0 I I #
color-adesk-attrib $-1 -1 $-1 $-1 $10787 256 #
straight-curve $-1 -1 $-1 0.4599942359067075159 2.249068958475110236 -0.5 0 0 1 I I #
point $-1 -1 $-1 0.4599942359067075159 2.249068958475110236 0.5 #
color-adesk-attrib $-1 -1 $-1 $-1 $10796 256 #
face $11048 -1 $-1 $10650 $10900 $8 $-1 $11049 forward single #
plane-surface $-1 -1 $-1 0.3000000000000013212 1.525783132530118991 -0.5 0.8334997309465151938 -0.5525198625498335403 0 0.5525198625498335403 0.8334997309465151938 0 forward_v I I I I #
coedge $-1 -1 $-1 $11023 $11050 $11010 $11051 forward $10797 $-1 #
coedge $-1 -1 $-1 $11030 $10799 $11050 $11052 forward $10664 $-1 #
coedge $-1 -1 $-1 $11028 $11010 $10799 $10931 reversed $102 $-1 #
edge $11053 -1 $-1 $11032 0 $11054 0.2895719172308956479 $10799 $11055 forward @7 unknown #
coedge $-1 -1 $-1 $10801 $10800 $11056 $11057 reversed $10533 $-1 #
coedge $-1 -1 $-1 $11058 $11059 $10800 $10934 forward $11022 $-1 #
edge $11060 -1 $-1 $11061 -0.75 $10937 0.25 $10933 $11062 forward @7 unknown #
coedge $-1 -1 $-1 $10802 $10995 $11058 $11063 forward $102 $-1 #
color-adesk-attrib $-1 -1 $-1 $-1 $10803 256 #
vertex $-1 -1 $-1 $10803 $11064 #
straight-curve $-1 -1 $-1 0.4599942359067074049 0.8032858259449895399 -0.5 -0.9999639744169136479 -0.008488219385113099369 0 F 0 F 0.1600000000000000033 #
coedge $-1 -1 $-1 $11056 $11065 $10804 $10940 forward $264 $-1 #
edge $11066 -1 $-1 $10947 0 $10942 0.2895719172308956479 $10804 $11067 forward @7 unknown #
color-adesk-attrib $-1 -1 $-1 $-1 $10805 256 #
vertex $-1 -1 $-1 $10805 $11068 #
straight-curve $-1 -1 $-1 0.4599942359067074049 0.8032858259449895399 -0.5 0 0 1 I I #
coedge $-1 -1 $-1 $11069 $10806 $11065 $11070 reversed $10893 $-1 #
coedge $-1 -1 $-1 $10806 $11069 $10808 $10950 reversed $10893 $-1 #
color-adesk-attrib $-1 -1 $-1 $-1 $10807 256 #
vertex $-1 -1 $-1 $10940 $11071 #
straight-curve $-1 -1 $-1 0.2999999999999999889 0.5619277108433688994 -0.25 0 0 1 I I #
coedge $-1 -1 $-1 $10821 $10808 $11072 $11073 reversed $102 $-1 #
edge $11074 -1 $-1 $10810 -0.5619277108433706758 $11075 -0.560963855421682922 $10945 $277 forward @7 unknown #
point $-1 -1 $-1 0.3000000000000012657 0.5619277108433706758 -0.5 #
point $-1 -1 $-1 0.4599942359067074049 0.8032858259449895399 -0.5 #
coedge $-1 -1 $-1 $11076 $10813 $10816 $10957 forward $264 $-1 #
color-adesk-attrib $-1 -1 $-1 $-1 $10814 256 #
straight-curve $-1 -1 $-1 0.4599942359067074049 0.3213581151016171589 0.5 -0.9999639744169136479 -0.008488219385113099369 0 I I #
coedge $-1 -1 $-1 $10816 $10815 $11077 $11078 forward $10817 $-1 #
edge $11079 -1 $-1 $10819 0.3199999999999967315 $11080 0.3209638554216844852 $10816 $352 forward @7 unknown #
face $11081 -1 $-1 $10566 $10817 $8 $-1 $354 reversed single #
point $-1 -1 $-1 0.3000000000000012101 0.3199999999999967315 0.5 #
coedge $-1 -1 $-1 $11082 $11077 $10821 $10961 forward $10990 $-1 #
edge $11083 -1 $-1 $10963 0 $11084 0.2895719172308956479 $10960 $11085 forward @7 unknown #
color-adesk-attrib $-1 -1 $-1 $-1 $10822 256 #
vertex $-1 -1 $-1 $10822 $11086 #
coedge $-1 -1 $-1 $10824 $10836 $11087 $11088 forward $264 $-1 #
coedge $-1 -1 $-1 $11087 $10832 $10828 $10966 reversed $10971 $-1 #
edge $11089 -1 $-1 $10968 -0.75 $10835 0.25 $10828 $11090 forward @7 unknown #
color-adesk-attrib $-1 -1 $-1 $-1 $10829 256 #
vertex $-1 -1 $-1 $10829 $11091 #
color-adesk-attrib $-1 -1 $-1 $-1 $10830 256 #
coedge $-1 -1 $-1 $10832 $11087 $10842 $10980 reversed $10971 $-1 #
loop $-1 -1 $-1 $-1 $10832 $11092 #
color-adesk-attrib $-1 -1 $-1 $-1 $10833 256 #
straight-curve $-1 -1 $-1 0.4599942359067074049 0.08039425967993096833 -0.5 -0.9999639744169136479 -0.008488219385113099369 0 F 0 F 0.1600000000000000033 #
point $-1 -1 $-1 0.3000000000000012101 0.07903614457831054096 -0.5 #
coedge $-1 -1 $-1 $10837 $10842 $10836 $10976 reversed $10843 $-1 #
edge $11093 -1 $-1 $10840 0 $11094 0.2895719172308956479 $10975 $11095 forward @7 unknown #
color-adesk-attrib $-1 -1 $-1 $-1 $10838 256 #
straight-curve $-1 -1 $-1 0.2999999999999999889 -0.1609638554216897832 -0.25 0 0 1 I I #
point $-1 -1 $-1 0.3000000000000012101 -0.1609638554216878958 0.5 #
edge $11096 -1 $-1 $10845 0 $11094 1 $10970 $11097 forward @7 unknown #
face $11098 -1 $-1 $11092 $10843 $8 $-1 $11099 forward single #
point $-1 -1 $-1 0.4599942359067074049 0.08039425967993096833 -0.5 #
color-adesk-attrib $-1 -1 $-1 $-1 $10849 256 #
straight-curve $-1 -1 $-1 0.4599942359067073494 -0.4015334511634449655 0.5 -0.9999639744169136479 -0.008488219385113099369 0 I I #
color-adesk-attrib $-1 -1 $-1 $-1 $10853 256 #
plane-surface $-1 -1 $-1 0.4599942359067073494 -0.4015334511634449655 -0.5 -0.008488219385113101104 0.99996397441691387 0 -0.99996397441691387 -0.008488219385113101104 0 forward_v I I I I #
point $-1 -1 $-1 0.4599942359067073494 -0.4015334511634449655 0.5 #
color-adesk-attrib $-1 -1 $-1 $-1 $10862 256 #
face $11100 -1 $-1 $10981 $11101 $8 $-1 $11102 forward single #
loop $-1 -1 $-1 $-1 $10960 $10862 #
plane-surface $-1 -1 $-1 0.3000000000000012657 0.3209638554216844852 -0.5 0.8334997309465151938 -0.5525198625498335403 0 0.5525198625498335403 0.8334997309465151938 0 forward_v I I I I #
coedge $-1 -1 $-1 $11103 $11104 $11105 $11106 forward $10863 $-1 #
coedge $-1 -1 $-1 $11107 $10865 $11104 $11108 forward $10730 $-1 #
coedge $-1 -1 $-1 $10865 $11107 $11109 $11110 reversed $10730 $-1 #
coedge $-1 -1 $-1 $10935 $11105 $10865 $10996 reversed $102 $-1 #
edge $11111 -1 $-1 $11112 0 $11113 0.2895719172308956479 $10865 $11114 forward @7 unknown #
coedge $-1 -1 $-1 $10867 $10866 $10906 $11039 reversed $10599 $-1 #
color-adesk-attrib $-1 -1 $-1 $-1 $10869 256 #
straight-curve $-1 -1 $-1 0.4599942359067075159 1.526177392210051664 -0.5 -0.9999639744169136479 -0.008488219385113099369 0 F 0 F 0.1600000000000000033 #
coedge $-1 -1 $-1 $10906 $11115 $10870 $11001 forward $264 $-1 #
edge $11116 -1 $-1 $11008 0 $11003 0.2895719172308956479 $10870 $11117 forward @7 unknown #
color-adesk-attrib $-1 -1 $-1 $-1 $10871 256 #
vertex $-1 -1 $-1 $10871 $11118 #
straight-curve $-1 -1 $-1 0.4599942359067075159 1.526177392210051664 -0.5 0 0 1 I I #
coedge $-1 -1 $-1 $10894 $10872 $11115 $11119 reversed $10763 $-1 #
coedge $-1 -1 $-1 $10872 $10894 $10874 $11011 reversed $10763 $-1 #
color-adesk-attrib $-1 -1 $-1 $-1 $10873 256 #
vertex $-1 -1 $-1 $11001 $11120 #
straight-curve $-1 -1 $-1 0.2999999999999999889 1.284819277108431024 -0.25 0 0 1 I I #
coedge $-1 -1 $-1 $10930 $10874 $10928 $11051 reversed $102 $-1 #
edge $11121 -1 $-1 $10876 -1.2848192771084328 $11122 -1.283855421686745046 $11006 $277 forward @7 unknown #
point $-1 -1 $-1 0.3000000000000013212 1.2848192771084328 -0.5 #
point $-1 -1 $-1 0.4599942359067075159 1.526177392210051664 -0.5 #
coedge $-1 -1 $-1 $10879 $10905 $10899 $11035 forward $264 $-1 #
color-adesk-attrib $-1 -1 $-1 $-1 $10883 256 #
coedge $-1 -1 $-1 $10886 $10899 $10911 $11042 reversed $10900 $-1 #
color-adesk-attrib $-1 -1 $-1 $-1 $10887 256 #
vertex $-1 -1 $-1 $10887 $11123 #
straight-curve $-1 -1 $-1 0.4599942359067075159 1.767141247631737855 -0.5 -0.9999639744169136479 -0.008488219385113099369 0 F 0 F 0.1600000000000000033 #
point $-1 -1 $-1 0.3000000000000013212 1.765783132530117427 -0.5 #
color-adesk-attrib $-1 -1 $-1 $-1 $10892 256 #
loop $-1 -1 $-1 $-1 $10933 $10892 #
coedge $-1 -1 $-1 $11124 $10928 $10894 $11024 reversed $10797 $-1 #
edge $11125 -1 $-1 $11126 -0.75 $11122 0.25 $10894 $11127 forward @7 unknown #
coedge $-1 -1 $-1 $10896 $10895 $11103 $11128 forward $10629 $-1 #
coedge $-1 -1 $-1 $11129 $11130 $10895 $11027 forward $264 $-1 #
edge $11131 -1 $-1 $11132 1.042891566265055303 $11033 1.04385542168674661 $10895 $352 forward @7 unknown #
coedge $-1 -1 $-1 $11105 $10930 $10896 $11029 forward $102 $-1 #
edge $11133 -1 $-1 $11032 -1.04385542168674661 $11134 -1.042891566265055303 $10896 $277 forward @7 unknown #
coedge $-1 -1 $-1 $10897 $10929 $11129 $11135 reversed $10664 $-1 #
color-adesk-attrib $-1 -1 $-1 $-1 $10898 256 #
vertex $-1 -1 $-1 $11029 $11136 #
vertex $-1 -1 $-1 $11135 $11137 #
straight-curve $-1 -1 $-1 0.3000000000000000444 1.043855421686744833 -0.25 0 0 1 I I #
edge $11138 -1 $-1 $11046 0 $10902 0.1600000000000000033 $10899 $11139 forward @7 unknown #
point $-1 -1 $-1 0.3000000000000013212 1.765783132530117427 0.5 #
color-adesk-attrib $-1 -1 $-1 $-1 $10904 256 #
straight-curve $-1 -1 $-1 0.2999999999999999889 1.524819277108433679 -0.25 0 0 -1 I I #
edge $11140 -1 $-1 $11003 0 $10908 0.1600000000000000033 $10997 $11141 forward @7 unknown #
point $-1 -1 $-1 0.3000000000000012657 1.524819277108431237 0.5 #
point $-1 -1 $-1 0.3000000000000012657 1.524819277108431237 -0.5 #
edge $11142 -1 $-1 $11018 0 $11046 1 $11016 $11143 forward @7 unknown #
color-adesk-attrib $-1 -1 $-1 $-1 $10912 256 #
straight-curve $-1 -1 $-1 0.3000000000000013212 1.525783132530118991 -0.5 0.5525198625498334293 0.8334997309465150828 0 F 0 F 0.2895719172308956479 #
color-adesk-attrib $-1 -1 $-1 $-1 $10913 256 #
vertex $-1 -1 $-1 $11042 $11144 #
straight-curve $-1 -1 $-1 0.3000000000000013212 1.525783132530118991 0.5 0.5525198625498334293 0.8334997309465150828 0 I I #
color-adesk-attrib $-1 -1 $-1 $-1 $10926 256 #
plane-surface $-1 -1 $-1 0.4599942359067075159 1.767141247631737855 -0.5 -0.008488219385113101104 0.99996397441691387 0 -0.99996397441691387 -0.008488219385113101104 0 forward_v I I I I #
coedge $-1 -1 $-1 $10928 $11124 $10929 $11052 reversed $10797 $-1 #
edge $11145 -1 $-1 $11054 0 $11122 0.1600000000000000033 $10928 $11146 forward @7 unknown #
edge $11147 -1 $-1 $11054 0 $11148 1 $11050 $11149 forward @7 unknown #
color-adesk-attrib $-1 -1 $-1 $-1 $10931 256 #
vertex $-1 -1 $-1 $11051 $11150 #
straight-curve $-1 -1 $-1 0.3000000000000012657 1.04385542168674661 -0.5 0.5525198625498334293 0.8334997309465150828 0 F 0 F 0.2895719172308956479 #
coedge $-1 -1 $-1 $11151 $10939 $10932 $11057 forward $264 $-1 #
edge $11152 -1 $-1 $10942 0 $11061 0.1600000000000000033 $10932 $11153 forward @7 unknown #
coedge $-1 -1 $-1 $11109 $10933 $10935 $11063 reversed $11022 $-1 #
coedge $-1 -1 $-1 $10933 $11109 $11151 $11154 reversed $11022 $-1 #
color-adesk-attrib $-1 -1 $-1 $-1 $10934 256 #
vertex $-1 -1 $-1 $11154 $11155 #
straight-curve $-1 -1 $-1 0.2999999999999999889 0.801927710843371444 -0.25 0 0 -1 I I #
edge $11156 -1 $-1 $11112 -0.8028915662650568663 $10937 -0.8019277108433691126 $11058 $277 forward @7 unknown #
point $-1 -1 $-1 0.3000000000000012657 0.8019277108433691126 -0.5 #
coedge $-1 -1 $-1 $10939 $11157 $10944 $11070 forward $264 $-1 #
color-adesk-attrib $-1 -1 $-1 $-1 $10940 256 #
straight-curve $-1 -1 $-1 0.3000000000000012657 0.5619277108433706758 0.5 0.5525198625498334293 0.8334997309465150828 0 I I #
point $-1 -1 $-1 0.4599942359067074049 0.8032858259449895399 0.5 #
coedge $-1 -1 $-1 $10945 $10944 $11158 $11159 forward $10893 $-1 #
edge $11160 -1 $-1 $11161 0.560963855421682922 $10947 0.5619277108433706758 $10944 $352 forward @7 unknown #
point $-1 -1 $-1 0.3000000000000012657 0.5619277108433706758 0.5 #
coedge $-1 -1 $-1 $11158 $11162 $10949 $11073 forward $11101 $-1 #
edge $11163 -1 $-1 $11084 0 $11075 0.1600000000000000033 $11072 $11164 forward @7 unknown #
color-adesk-attrib $-1 -1 $-1 $-1 $10950 256 #
vertex $-1 -1 $-1 $11073 $11165 #
coedge $-1 -1 $-1 $11157 $10953 $11166 $11167 forward $264 $-1 #
coedge $-1 -1 $-1 $10960 $11166 $10956 $11078 reversed $10990 $-1 #
edge $11168 -1 $-1 $10963 -0.25 $11080 0.75 $10956 $11169 forward @7 unknown #
color-adesk-attrib $-1 -1 $-1 $-1 $10957 256 #
vertex $-1 -1 $-1 $11167 $11170 #
color-adesk-attrib $-1 -1 $-1 $-1 $10958 256 #
coedge $-1 -1 $-1 $11166 $10960 $11162 $11171 forward $10990 $-1 #
color-adesk-attrib $-1 -1 $-1 $-1 $10961 256 #
vertex $-1 -1 $-1 $11073 $11172 #
straight-curve $-1 -1 $-1 0.3000000000000012657 0.3209638554216844852 -0.5 0.5525198625498334293 0.8334997309465150828 0 F 0 F 0.2895719172308956479 #
point $-1 -1 $-1 0.3000000000000012657 0.3209638554216844852 -0.5 #
coedge $-1 -1 $-1 $10970 $10965 $10964 $11088 reversed $10971 $-1 #
edge $11173 -1 $-1 $11094 0 $10968 0.1600000000000000033 $11087 $11174 forward @7 unknown #
color-adesk-attrib $-1 -1 $-1 $-1 $10966 256 #
straight-curve $-1 -1 $-1 0.2999999999999999889 0.07903614457831287243 -0.25 0 0 -1 I I #
point $-1 -1 $-1 0.3000000000000012101 0.07903614457831054096 0.5 #
face $11175 -1 $-1 $10721 $10971 $8 $-1 $11176 forward single #
color-adesk-attrib $-1 -1 $-1 $-1 $10976 256 #
vertex $-1 -1 $-1 $10980 $11177 #
straight-curve $-1 -1 $-1 0.3000000000000012101 -0.1609638554216878958 0.5 0.5525198625498334293 0.8334997309465150828 0 I I #
color-adesk-attrib $-1 -1 $-1 $-1 $10980 256 #
straight-curve $-1 -1 $-1 0.4599942359067074049 0.08039425967993096833 -0.5 0 0 1 I I #
color-adesk-attrib $-1 -1 $-1 $-1 $10981 256 #
plane-surface $-1 -1 $-1 0.3000000000000012101 -0.1609638554216878958 -0.5 0.8334997309465151938 -0.5525198625498335403 0 0.5525198625498335403 0.8334997309465151938 0 forward_v I I I I #
color-adesk-attrib $-1 -1 $-1 $-1 $10989 256 #
loop $-1 -1 $-1 $-1 $11072 $10989 #
plane-surface $-1 -1 $-1 0.4599942359067074049 0.5623219705233033494 -0.5 -0.008488219385113101104 0.99996397441691387 0 -0.99996397441691387 -0.008488219385113101104 0 forward_v I I I I #
coedge $-1 -1 $-1 $11178 $10992 $11025 $11128 reversed $10863 $-1 #
coedge $-1 -1 $-1 $10992 $11178 $10993 $11108 reversed $10863 $-1 #
coedge $-1 -1 $-1 $10995 $11028 $10992 $11106 reversed $102 $-1 #
edge $11179 -1 $-1 $11113 0 $11134 0.1600000000000000033 $10992 $11180 forward @7 unknown #
coedge $-1 -1 $-1 $10994 $10993 $11181 $11182 reversed $10730 $-1 #
edge $11183 -1 $-1 $11113 0 $11184 1 $11104 $11185 forward @7 unknown #
coedge $-1 -1 $-1 $11059 $11058 $10994 $11110 forward $11022 $-1 #
edge $11186 -1 $-1 $11112 -0.25 $11187 0.75 $11109 $11188 forward @7 unknown #
color-adesk-attrib $-1 -1 $-1 $-1 $10996 256 #
vertex $-1 -1 $-1 $11063 $11189 #
vertex $-1 -1 $-1 $11106 $11190 #
straight-curve $-1 -1 $-1 0.3000000000000012657 0.8028915662650568663 -0.5 0.5525198625498334293 0.8334997309465150828 0 F 0 F 0.2895719172308956479 #
coedge $-1 -1 $-1 $11000 $11191 $11005 $11119 forward $264 $-1 #
color-adesk-attrib $-1 -1 $-1 $-1 $11001 256 #
straight-curve $-1 -1 $-1 0.3000000000000013212 1.2848192771084328 0.5 0.5525198625498334293 0.8334997309465150828 0 I I #
point $-1 -1 $-1 0.4599942359067075159 1.526177392210051664 0.5 #
edge $11192 -1 $-1 $11126 1.283855421686745046 $11008 1.2848192771084328 $11005 $352 forward @7 unknown #
point $-1 -1 $-1 0.3000000000000012657 1.2848192771084328 0.5 #
color-adesk-attrib $-1 -1 $-1 $-1 $11011 256 #
vertex $-1 -1 $-1 $11051 $11193 #
point $-1 -1 $-1 0.4599942359067075159 1.767141247631737855 -0.5 #
coedge $-1 -1 $-1 $11050 $11023 $11191 $11194 reversed $10797 $-1 #
color-adesk-attrib $-1 -1 $-1 $-1 $11024 256 #
vertex $-1 -1 $-1 $11119 $11195 #
straight-curve $-1 -1 $-1 0.2999999999999999889 1.283855421686747489 -0.25 0 0 -1 I I #
edge $11196 -1 $-1 $11132 -0.75 $11134 0.25 $11025 $11197 forward @7 unknown #
coedge $-1 -1 $-1 $11191 $11026 $11030 $11135 forward $264 $-1 #
coedge $-1 -1 $-1 $11026 $11181 $11178 $11198 forward $264 $-1 #
color-adesk-attrib $-1 -1 $-1 $-1 $11027 256 #
vertex $-1 -1 $-1 $11027 $11199 #
color-adesk-attrib $-1 -1 $-1 $-1 $11029 256 #
vertex $-1 -1 $-1 $11106 $11200 #
edge $11201 -1 $-1 $11033 0 $11148 0.2895719172308956479 $11030 $11202 forward @7 unknown #
point $-1 -1 $-1 0.3000000000000012657 1.04385542168674661 -0.5 #
point $-1 -1 $-1 0.3000000000000012657 1.04385542168674661 0.5 #
color-adesk-attrib $-1 -1 $-1 $-1 $11035 256 #
straight-curve $-1 -1 $-1 0.4599942359067075159 1.767141247631737855 0.5 -0.9999639744169136479 -0.008488219385113099369 0 I I #
color-adesk-attrib $-1 -1 $-1 $-1 $11039 256 #
straight-curve $-1 -1 $-1 0.4599942359067075159 1.526177392210051664 0.5 -0.9999639744169136479 -0.008488219385113099369 0 I I #
color-adesk-attrib $-1 -1 $-1 $-1 $11042 256 #
straight-curve $-1 -1 $-1 0.4599942359067075159 1.767141247631737855 -0.5 0 0 1 I I #
point $-1 -1 $-1 0.4599942359067075159 1.767141247631737855 0.5 #
color-adesk-attrib $-1 -1 $-1 $-1 $11051 256 #
straight-curve $-1 -1 $-1 0.4599942359067074604 1.285213536788365474 -0.5 -0.9999639744169136479 -0.008488219385113099369 0 F 0 F 0.1600000000000000033 #
color-adesk-attrib $-1 -1 $-1 $-1 $11052 256 #
vertex $-1 -1 $-1 $11052 $11203 #
straight-curve $-1 -1 $-1 0.4599942359067074604 1.285213536788365474 -0.5 0 0 1 I I #
point $-1 -1 $-1 0.4599942359067074604 1.285213536788365474 -0.5 #
coedge $-1 -1 $-1 $11181 $11056 $11059 $11154 forward $264 $-1 #
color-adesk-attrib $-1 -1 $-1 $-1 $11057 256 #
straight-curve $-1 -1 $-1 0.4599942359067074049 0.8032858259449895399 0.5 -0.9999639744169136479 -0.008488219385113099369 0 I I #
edge $11204 -1 $-1 $11061 0.8019277108433691126 $11187 0.8028915662650568663 $11059 $352 forward @7 unknown #
point $-1 -1 $-1 0.3000000000000012657 0.8019277108433691126 0.5 #
color-adesk-attrib $-1 -1 $-1 $-1 $11063 256 #
coedge $-1 -1 $-1 $11065 $11076 $11205 $11206 forward $264 $-1 #
coedge $-1 -1 $-1 $11205 $11072 $11069 $11159 reversed $11101 $-1 #
edge $11207 -1 $-1 $11161 -0.75 $11075 0.25 $11069 $11208 forward @7 unknown #
color-adesk-attrib $-1 -1 $-1 $-1 $11070 256 #
vertex $-1 -1 $-1 $11070 $11209 #
coedge $-1 -1 $-1 $11072 $11205 $11082 $11171 reversed $11101 $-1 #
color-adesk-attrib $-1 -1 $-1 $-1 $11073 256 #
straight-curve $-1 -1 $-1 0.4599942359067074049 0.5623219705233033494 -0.5 -0.9999639744169136479 -0.008488219385113099369 0 F 0 F 0.1600000000000000033 #
point $-1 -1 $-1 0.3000000000000012101 0.560963855421682922 -0.5 #
coedge $-1 -1 $-1 $11077 $11082 $11076 $11167 reversed $10990 $-1 #
edge $11210 -1 $-1 $11080 0 $11211 0.2895719172308956479 $11166 $11212 forward @7 unknown #
color-adesk-attrib $-1 -1 $-1 $-1 $11078 256 #
straight-curve $-1 -1 $-1 0.2999999999999999889 0.3209638554216827089 -0.25 0 0 1 I I #
point $-1 -1 $-1 0.3000000000000012101 0.3209638554216844852 0.5 #
edge $11213 -1 $-1 $11084 0 $11211 1 $11162 $11214 forward @7 unknown #
point $-1 -1 $-1 0.4599942359067074049 0.5623219705233033494 -0.5 #
color-adesk-attrib $-1 -1 $-1 $-1 $11088 256 #
straight-curve $-1 -1 $-1 0.4599942359067074049 0.08039425967993096833 0.5 -0.9999639744169136479 -0.008488219385113099369 0 I I #
color-adesk-attrib $-1 -1 $-1 $-1 $11092 256 #
plane-surface $-1 -1 $-1 0.4599942359067074049 0.08039425967993096833 -0.5 -0.008488219385113101104 0.99996397441691387 0 -0.99996397441691387 -0.008488219385113101104 0 forward_v I I I I #
point $-1 -1 $-1 0.4599942359067074049 0.08039425967993096833 0.5 #
coedge $-1 -1 $-1 $11104 $11103 $11130 $11198 reversed $10863 $-1 #
color-adesk-attrib $-1 -1 $-1 $-1 $11106 256 #
straight-curve $-1 -1 $-1 0.4599942359067074604 1.04424968136667573 -0.5 -0.9999639744169136479 -0.008488219385113099369 0 F 0 F 0.1600000000000000033 #
coedge $-1 -1 $-1 $11130 $11151 $11107 $11182 forward $264 $-1 #
edge $11215 -1 $-1 $11187 0 $11184 0.2895719172308956479 $11107 $11216 forward @7 unknown #
color-adesk-attrib $-1 -1 $-1 $-1 $11108 256 #
vertex $-1 -1 $-1 $11108 $11217 #
straight-curve $-1 -1 $-1 0.4599942359067074604 1.04424968136667573 -0.5 0 0 1 I I #
color-adesk-attrib $-1 -1 $-1 $-1 $11110 256 #
vertex $-1 -1 $-1 $11182 $11218 #
straight-curve $-1 -1 $-1 0.3000000000000000444 0.80289156626505509 -0.25 0 0 1 I I #
point $-1 -1 $-1 0.3000000000000012657 0.8028915662650568663 -0.5 #
point $-1 -1 $-1 0.4599942359067074604 1.04424968136667573 -0.5 #
coedge $-1 -1 $-1 $11115 $11129 $11124 $11194 forward $264 $-1 #
color-adesk-attrib $-1 -1 $-1 $-1 $11119 256 #
point $-1 -1 $-1 0.3000000000000012657 1.283855421686745046 -0.5 #
edge $11219 -1 $-1 $11148 0 $11126 0.1600000000000000033 $11124 $11220 forward @7 unknown #
point $-1 -1 $-1 0.3000000000000012657 1.283855421686745046 0.5 #
color-adesk-attrib $-1 -1 $-1 $-1 $11128 256 #
straight-curve $-1 -1 $-1 0.2999999999999999889 1.042891566265057746 -0.25 0 0 -1 I I #
edge $11221 -1 $-1 $11184 0 $11132 0.1600000000000000033 $11178 $11222 forward @7 unknown #
point $-1 -1 $-1 0.3000000000000012657 1.042891566265055303 0.5 #
point $-1 -1 $-1 0.3000000000000012657 1.042891566265055303 -0.5 #
color-adesk-attrib $-1 -1 $-1 $-1 $11135 256 #
straight-curve $-1 -1 $-1 0.3000000000000012657 1.04385542168674661 0.5 0.5525198625498334293 0.8334997309465150828 0 I I #
point $-1 -1 $-1 0.4599942359067074604 1.285213536788365474 0.5 #
color-adesk-attrib $-1 -1 $-1 $-1 $11154 256 #
coedge $-1 -1 $-1 $11162 $11158 $11157 $11206 reversed $11101 $-1 #
edge $11223 -1 $-1 $11211 0 $11161 0.1600000000000000033 $11205 $11224 forward @7 unknown #
color-adesk-attrib $-1 -1 $-1 $-1 $11159 256 #
straight-curve $-1 -1 $-1 0.2999999999999999889 0.5609638554216852535 -0.25 0 0 -1 I I #
point $-1 -1 $-1 0.3000000000000012101 0.560963855421682922 0.5 #
color-adesk-attrib $-1 -1 $-1 $-1 $11167 256 #
vertex $-1 -1 $-1 $11171 $11225 #
straight-curve $-1 -1 $-1 0.3000000000000012657 0.3209638554216844852 0.5 0.5525198625498334293 0.8334997309465150828 0 I I #
color-adesk-attrib $-1 -1 $-1 $-1 $11171 256 #
straight-curve $-1 -1 $-1 0.4599942359067074049 0.5623219705233033494 -0.5 0 0 1 I I #
color-adesk-attrib $-1 -1 $-1 $-1 $11182 256 #
straight-curve $-1 -1 $-1 0.3000000000000012657 0.8028915662650568663 0.5 0.5525198625498334293 0.8334997309465150828 0 I I #
point $-1 -1 $-1 0.4599942359067074604 1.04424968136667573 0.5 #
point $-1 -1 $-1 0.3000000000000012657 0.8028915662650568663 0.5 #
color-adesk-attrib $-1 -1 $-1 $-1 $11194 256 #
straight-curve $-1 -1 $-1 0.4599942359067074604 1.285213536788365474 0.5 -0.9999639744169136479 -0.008488219385113099369 0 I I #
color-adesk-attrib $-1 -1 $-1 $-1 $11198 256 #
straight-curve $-1 -1 $-1 0.4599942359067074604 1.04424968136667573 0.5 -0.9999639744169136479 -0.008488219385113099369 0 I I #
color-adesk-attrib $-1 -1 $-1 $-1 $11206 256 #
straight-curve $-1 -1 $-1 0.4599942359067074049 0.5623219705233033494 0.5 -0.9999639744169136479 -0.008488219385113099369 0 I I #
point $-1 -1 $-1 0.4599942359067074049 0.5623219705233033494 0.5 #
