700 4560 2 0        
16 Autodesk AutoCAD 20 ASM 230.7.0.65535 NT 24 Tue Sep  2 11:11:02 2025 
1 9.999999999999999547e-07 1.000000000000000036e-10 
body $-1 -1 $-1 $2 $-1 $3 #
body $-1 -1 $-1 $4 $-1 $5 #
lump $-1 -1 $-1 $-1 $6 $0 #
transform $-1 -1 1 0 0 0 1 0 0 0 1 190.5 20.32499999999999929 0.5 1 no_rotate no_reflect no_shear #
lump $-1 -1 $-1 $7 $8 $1 #
transform $-1 -1 1 0 0 0 1 0 0 0 1 -0.2999999999999999889 19.82499999999999929 0.5 1 no_rotate no_reflect no_shear #
shell $-1 -1 $-1 $-1 $-1 $9 $-1 $2 #
lump $-1 -1 $-1 $-1 $10 $1 #
shell $-1 -1 $-1 $-1 $-1 $11 $-1 $4 #
face $12 -1 $-1 $13 $14 $6 $-1 $15 forward single #
shell $-1 -1 $-1 $-1 $-1 $16 $-1 $7 #
face $17 -1 $-1 $18 $19 $8 $-1 $20 forward single #
color-adesk-attrib $-1 -1 $-1 $-1 $9 256 #
face $21 -1 $-1 $22 $23 $6 $-1 $24 reversed single #
loop $-1 -1 $-1 $-1 $25 $9 #
plane-surface $-1 -1 $-1 0 0 0.5 0 0 1 1 0 0 forward_v I I I I #
face $26 -1 $-1 $27 $28 $10 $-1 $29 forward single #
color-adesk-attrib $-1 -1 $-1 $-1 $11 256 #
face $30 -1 $-1 $31 $32 $8 $-1 $33 forward single #
loop $-1 -1 $-1 $-1 $34 $11 #
plane-surface $-1 -1 $-1 0.7030086927023222465 -18.97389334764067925 -0.5 0.6805053873187210112 0.7327430776405858825 0 -0.7327430776405858825 0.6805053873187210112 0 forward_v I I I I #
color-adesk-attrib $-1 -1 $-1 $-1 $13 256 #
face $35 -1 $-1 $36 $37 $6 $-1 $38 reversed single #
loop $-1 -1 $-1 $-1 $39 $13 #
plane-surface $-1 -1 $-1 0 0 -0.5 0 0 1 1 0 0 forward_v I I I I #
coedge $-1 -1 $-1 $40 $41 $42 $43 forward $14 $-1 #
color-adesk-attrib $-1 -1 $-1 $-1 $16 256 #
face $44 -1 $-1 $45 $46 $10 $-1 $47 forward single #
loop $-1 -1 $-1 $-1 $48 $16 #
plane-surface $-1 -1 $-1 0.703008692702324689 20.410722036974704 -0.5 0.6805053873187210112 0.7327430776405858825 0 -0.7327430776405858825 0.6805053873187210112 0 forward_v I I I I #
color-adesk-attrib $-1 -1 $-1 $-1 $18 256 #
face $49 -1 $-1 $50 $51 $8 $-1 $52 forward single #
loop $-1 -1 $-1 $-1 $53 $18 #
plane-surface $-1 -1 $-1 0.3000000000000000444 -19.20961538461538609 -0.5 0.5048832694464912008 -0.8631876297961075251 0 0.8631876297961075251 0.5048832694464912008 0 forward_v I I I I #
coedge $-1 -1 $-1 $54 $55 $56 $57 forward $19 $-1 #
color-adesk-attrib $-1 -1 $-1 $-1 $22 256 #
face $58 -1 $-1 $59 $60 $6 $-1 $61 reversed single #
loop $-1 -1 $-1 $-1 $62 $22 #
plane-surface $-1 -1 $-1 0 -0.5 0 0 1 -0 -0 0 1 forward_v I I I I #
coedge $-1 -1 $-1 $63 $64 $65 $66 forward $23 $-1 #
coedge $-1 -1 $-1 $67 $25 $68 $69 forward $14 $-1 #
coedge $-1 -1 $-1 $25 $67 $70 $71 forward $14 $-1 #
coedge $-1 -1 $-1 $72 $73 $25 $43 reversed $74 $-1 #
edge $75 -1 $-1 $76 -0.5 $77 0.5 $42 $78 forward @7 unknown #
color-adesk-attrib $-1 -1 $-1 $-1 $27 256 #
face $79 -1 $-1 $80 $81 $10 $-1 $82 forward single #
loop $-1 -1 $-1 $-1 $83 $27 #
plane-surface $-1 -1 $-1 0.3000000000000024314 20.17500000000000071 -0.5 0.5048832694464912008 -0.8631876297961075251 0 0.8631876297961075251 0.5048832694464912008 0 forward_v I I I I #
coedge $-1 -1 $-1 $84 $85 $86 $87 forward $28 $-1 #
color-adesk-attrib $-1 -1 $-1 $-1 $31 256 #
face $88 -1 $-1 $89 $90 $8 $-1 $91 forward single #
loop $-1 -1 $-1 $-1 $92 $31 #
plane-surface $-1 -1 $-1 0.7030086927023223575 -17.74312411687144575 -0.5 0.6805053873187210112 0.7327430776405858825 0 -0.7327430776405858825 0.6805053873187210112 0 forward_v I I I I #
coedge $-1 -1 $-1 $93 $94 $95 $96 forward $32 $-1 #
coedge $-1 -1 $-1 $97 $34 $98 $99 reversed $19 $-1 #
coedge $-1 -1 $-1 $34 $97 $93 $100 reversed $19 $-1 #
coedge $-1 -1 $-1 $95 $101 $34 $57 reversed $102 $-1 #
edge $103 -1 $-1 $104 0 $105 0.5500000000000000444 $34 $106 forward @7 unknown #
color-adesk-attrib $-1 -1 $-1 $-1 $36 256 #
face $107 -1 $-1 $108 $109 $6 $-1 $110 reversed single #
loop $-1 -1 $-1 $-1 $111 $36 #
plane-surface $-1 -1 $-1 -0.5 0 0 1 0 0 0 0 -1 forward_v I I I I #
coedge $-1 -1 $-1 $112 $70 $113 $114 forward $37 $-1 #
coedge $-1 -1 $-1 $115 $39 $112 $116 forward $23 $-1 #
coedge $-1 -1 $-1 $39 $115 $117 $118 forward $23 $-1 #
coedge $-1 -1 $-1 $73 $72 $39 $66 reversed $74 $-1 #
edge $119 -1 $-1 $120 -0.5 $121 0.5 $65 $122 forward @7 unknown #
coedge $-1 -1 $-1 $41 $40 $123 $124 forward $14 $-1 #
coedge $-1 -1 $-1 $125 $126 $40 $69 reversed $109 $-1 #
edge $127 -1 $-1 $77 -0.5 $128 0.5 $68 $129 forward @7 unknown #
coedge $-1 -1 $-1 $62 $130 $41 $71 reversed $37 $-1 #
edge $131 -1 $-1 $132 -0.5 $76 0.5 $70 $133 forward @7 unknown #
coedge $-1 -1 $-1 $65 $42 $130 $134 forward $74 $-1 #
coedge $-1 -1 $-1 $42 $65 $125 $135 reversed $74 $-1 #
loop $-1 -1 $-1 $-1 $72 $108 #
color-adesk-attrib $-1 -1 $-1 $-1 $43 256 #
vertex $-1 -1 $-1 $43 $136 #
vertex $-1 -1 $-1 $43 $137 #
straight-curve $-1 -1 $-1 0.5 0 0.5 0 1 0 I I #
color-adesk-attrib $-1 -1 $-1 $-1 $45 256 #
face $138 -1 $-1 $139 $140 $10 $-1 $141 forward single #
loop $-1 -1 $-1 $-1 $142 $45 #
plane-surface $-1 -1 $-1 0.3000000000000024314 20.78500000000000014 -0.5 -1 0 0 0 -1 0 forward_v I I I I #
coedge $-1 -1 $-1 $143 $144 $145 $146 forward $46 $-1 #
coedge $-1 -1 $-1 $147 $48 $148 $149 forward $28 $-1 #
coedge $-1 -1 $-1 $48 $147 $143 $150 reversed $28 $-1 #
coedge $-1 -1 $-1 $145 $151 $48 $87 reversed $152 $-1 #
edge $153 -1 $-1 $154 0 $155 0.5500000000000000444 $48 $156 forward @7 unknown #
color-adesk-attrib $-1 -1 $-1 $-1 $50 256 #
face $157 -1 $-1 $158 $159 $8 $-1 $160 forward single #
loop $-1 -1 $-1 $-1 $161 $50 #
plane-surface $-1 -1 $-1 0.3000000000000000999 -17.97884615384615259 -0.5 0.5048832694464912008 -0.8631876297961075251 0 0.8631876297961075251 0.5048832694464912008 0 forward_v I I I I #
coedge $-1 -1 $-1 $162 $163 $164 $165 forward $51 $-1 #
coedge $-1 -1 $-1 $166 $53 $55 $100 forward $32 $-1 #
coedge $-1 -1 $-1 $53 $166 $167 $168 reversed $32 $-1 #
coedge $-1 -1 $-1 $169 $56 $53 $96 reversed $102 $-1 #
edge $170 -1 $-1 $171 0 $104 0.4668842309493203557 $53 $172 forward @7 unknown #
coedge $-1 -1 $-1 $55 $54 $173 $174 reversed $19 $-1 #
coedge $-1 -1 $-1 $175 $176 $54 $99 forward $177 $-1 #
edge $178 -1 $-1 $179 -0.75 $105 0.25 $98 $180 forward @7 unknown #
edge $181 -1 $-1 $104 0 $182 1 $93 $183 forward @7 unknown #
coedge $-1 -1 $-1 $56 $184 $175 $185 forward $102 $-1 #
loop $-1 -1 $-1 $-1 $186 $187 #
color-adesk-attrib $-1 -1 $-1 $-1 $57 256 #
vertex $-1 -1 $-1 $96 $188 #
vertex $-1 -1 $-1 $57 $189 #
straight-curve $-1 -1 $-1 0.7030086927023222465 -18.97389334764067925 -0.5 -0.7327430776405858825 0.6805053873187210112 0 F 0 F 0.5500000000000000444 #
color-adesk-attrib $-1 -1 $-1 $-1 $59 256 #
face $190 -1 $-1 $-1 $74 $6 $-1 $191 reversed single #
loop $-1 -1 $-1 $-1 $125 $59 #
plane-surface $-1 -1 $-1 0 0.5 0 0 -1 0 0 0 -1 forward_v I I I I #
coedge $-1 -1 $-1 $192 $123 $126 $193 forward $60 $-1 #
coedge $-1 -1 $-1 $130 $62 $63 $116 reversed $37 $-1 #
coedge $-1 -1 $-1 $123 $192 $62 $114 reversed $60 $-1 #
edge $194 -1 $-1 $132 -0.5 $195 0.5 $113 $196 forward @7 unknown #
coedge $-1 -1 $-1 $64 $63 $192 $197 forward $23 $-1 #
edge $198 -1 $-1 $121 -0.5 $195 0.5 $112 $199 forward @7 unknown #
coedge $-1 -1 $-1 $126 $125 $64 $118 reversed $109 $-1 #
edge $200 -1 $-1 $201 -0.5 $120 0.5 $117 $202 forward @7 unknown #
color-adesk-attrib $-1 -1 $-1 $-1 $66 256 #
vertex $-1 -1 $-1 $66 $203 #
vertex $-1 -1 $-1 $134 $204 #
straight-curve $-1 -1 $-1 0.5 0 -0.5 0 -1 0 I I #
coedge $-1 -1 $-1 $111 $113 $67 $124 reversed $60 $-1 #
edge $205 -1 $-1 $128 -0.5 $132 0.5 $123 $206 forward @7 unknown #
coedge $-1 -1 $-1 $117 $68 $73 $135 forward $109 $-1 #
coedge $-1 -1 $-1 $68 $117 $111 $193 reversed $109 $-1 #
color-adesk-attrib $-1 -1 $-1 $-1 $69 256 #
vertex $-1 -1 $-1 $69 $207 #
straight-curve $-1 -1 $-1 0 0.5 0.5 -1 0 0 I I #
coedge $-1 -1 $-1 $70 $112 $72 $134 reversed $37 $-1 #
color-adesk-attrib $-1 -1 $-1 $-1 $71 256 #
vertex $-1 -1 $-1 $124 $208 #
straight-curve $-1 -1 $-1 0 -0.5 0.5 1 0 0 I I #
edge $209 -1 $-1 $76 -0.5 $121 0.5 $72 $210 forward @7 unknown #
edge $211 -1 $-1 $77 -0.5 $120 0.5 $73 $212 forward @7 unknown #
point $-1 -1 $-1 0.5 -0.5 0.5 #
point $-1 -1 $-1 0.5 0.5 0.5 #
color-adesk-attrib $-1 -1 $-1 $-1 $80 256 #
face $213 -1 $-1 $-1 $152 $10 $-1 $214 reversed single #
loop $-1 -1 $-1 $-1 $215 $80 #
plane-surface $-1 -1 $-1 0.4259503217095433336 20.46613996075002362 0.5 0 0 1 1 0 0 forward_v I I I I #
coedge $-1 -1 $-1 $216 $148 $151 $217 forward $81 $-1 #
coedge $-1 -1 $-1 $218 $83 $85 $150 forward $46 $-1 #
coedge $-1 -1 $-1 $83 $218 $216 $219 reversed $46 $-1 #
coedge $-1 -1 $-1 $151 $86 $83 $146 reversed $152 $-1 #
edge $220 -1 $-1 $221 0 $154 0.4668842309493203557 $83 $222 forward @7 unknown #
coedge $-1 -1 $-1 $85 $84 $223 $224 reversed $28 $-1 #
coedge $-1 -1 $-1 $142 $225 $84 $149 reversed $81 $-1 #
edge $226 -1 $-1 $155 0 $227 1 $148 $228 forward @7 unknown #
edge $229 -1 $-1 $154 0 $230 1 $143 $231 forward @7 unknown #
coedge $-1 -1 $-1 $86 $145 $142 $217 reversed $152 $-1 #
loop $-1 -1 $-1 $-1 $151 $139 #
color-adesk-attrib $-1 -1 $-1 $-1 $87 256 #
vertex $-1 -1 $-1 $146 $232 #
vertex $-1 -1 $-1 $217 $233 #
straight-curve $-1 -1 $-1 0.703008692702324689 20.410722036974704 -0.5 -0.7327430776405858825 0.6805053873187210112 0 F 0 F 0.5500000000000000444 #
color-adesk-attrib $-1 -1 $-1 $-1 $89 256 #
face $234 -1 $-1 $235 $236 $8 $-1 $237 forward single #
loop $-1 -1 $-1 $-1 $238 $89 #
plane-surface $-1 -1 $-1 0.7030086927023224685 -16.51235488610221225 -0.5 0.6805053873187210112 0.7327430776405858825 0 -0.7327430776405858825 0.6805053873187210112 0 forward_v I I I I #
coedge $-1 -1 $-1 $239 $240 $241 $242 forward $90 $-1 #
coedge $-1 -1 $-1 $243 $92 $244 $245 reversed $51 $-1 #
coedge $-1 -1 $-1 $92 $243 $239 $246 reversed $51 $-1 #
coedge $-1 -1 $-1 $241 $247 $92 $165 reversed $102 $-1 #
edge $248 -1 $-1 $249 0 $250 0.5500000000000000444 $92 $251 forward @7 unknown #
coedge $-1 -1 $-1 $94 $93 $252 $253 reversed $32 $-1 #
coedge $-1 -1 $-1 $254 $255 $94 $168 forward $256 $-1 #
edge $257 -1 $-1 $171 -0.25 $258 0.75 $167 $259 forward @7 unknown #
coedge $-1 -1 $-1 $260 $95 $255 $261 forward $102 $-1 #
color-adesk-attrib $-1 -1 $-1 $-1 $96 256 #
vertex $-1 -1 $-1 $261 $262 #
straight-curve $-1 -1 $-1 0.3000000000000000444 -19.20961538461538609 -0.5 0.863187629796107414 0.5048832694464910897 0 F 0 F 0.4668842309493203557 #
coedge $-1 -1 $-1 $263 $252 $97 $174 forward $264 $-1 #
edge $265 -1 $-1 $182 0 $179 0.5500000000000000444 $97 $266 forward @7 unknown #
coedge $-1 -1 $-1 $267 $98 $101 $185 reversed $177 $-1 #
coedge $-1 -1 $-1 $98 $267 $263 $268 reversed $177 $-1 #
loop $-1 -1 $-1 $-1 $98 $269 #
color-adesk-attrib $-1 -1 $-1 $-1 $99 256 #
vertex $-1 -1 $-1 $268 $270 #
straight-curve $-1 -1 $-1 0.2999999999999998224 -18.59961538461538311 -0.25 0 0 -1 I I #
color-adesk-attrib $-1 -1 $-1 $-1 $100 256 #
vertex $-1 -1 $-1 $100 $271 #
straight-curve $-1 -1 $-1 0.7030086927023222465 -18.97389334764067925 -0.5 0 0 1 I I #
coedge $-1 -1 $-1 $101 $272 $273 $274 reversed $102 $-1 #
edge $275 -1 $-1 $276 18.59423076923076579 $105 18.59961538461538666 $175 $277 forward @7 unknown #
coedge $-1 -1 $-1 $278 $279 $280 $281 forward $102 $-1 #
face $282 -1 $-1 $283 $102 $8 $-1 $284 reversed single #
point $-1 -1 $-1 0.7030086927023222465 -18.97389334764067925 -0.5 #
point $-1 -1 $-1 0.3000000000000000444 -18.59961538461538666 -0.5 #
color-adesk-attrib $-1 -1 $-1 $-1 $108 256 #
plane-surface $-1 -1 $-1 0.5 0 0 -1 0 0 0 -0 1 forward_v I I I I #
coedge $-1 -1 $-1 $113 $111 $115 $197 reversed $60 $-1 #
edge $285 -1 $-1 $128 -0.5 $201 0.5 $126 $286 forward @7 unknown #
color-adesk-attrib $-1 -1 $-1 $-1 $114 256 #
vertex $-1 -1 $-1 $197 $287 #
straight-curve $-1 -1 $-1 -0.5 -0.5 0 0 0 -1 I I #
edge $288 -1 $-1 $195 -0.5 $201 0.5 $192 $289 forward @7 unknown #
color-adesk-attrib $-1 -1 $-1 $-1 $116 256 #
straight-curve $-1 -1 $-1 0 -0.5 -0.5 -1 0 0 I I #
color-adesk-attrib $-1 -1 $-1 $-1 $118 256 #
vertex $-1 -1 $-1 $118 $290 #
straight-curve $-1 -1 $-1 0 0.5 -0.5 1 0 0 I I #
point $-1 -1 $-1 0.5 0.5 -0.5 #
point $-1 -1 $-1 0.5 -0.5 -0.5 #
color-adesk-attrib $-1 -1 $-1 $-1 $124 256 #
straight-curve $-1 -1 $-1 -0.5 0 0.5 0 -1 0 I I #
point $-1 -1 $-1 -0.5 0.5 0.5 #
point $-1 -1 $-1 -0.5 -0.5 0.5 #
color-adesk-attrib $-1 -1 $-1 $-1 $134 256 #
straight-curve $-1 -1 $-1 0.5 -0.5 0 0 0 -1 I I #
color-adesk-attrib $-1 -1 $-1 $-1 $135 256 #
straight-curve $-1 -1 $-1 0.5 0.5 0 0 0 -1 I I #
color-adesk-attrib $-1 -1 $-1 $-1 $139 256 #
plane-surface $-1 -1 $-1 0.4259503217095433336 20.46613996075002362 -0.5 0 0 1 1 0 0 forward_v I I I I #
coedge $-1 -1 $-1 $291 $223 $225 $292 forward $140 $-1 #
coedge $-1 -1 $-1 $225 $142 $144 $219 forward $81 $-1 #
edge $293 -1 $-1 $155 0 $221 0.6100000000000000977 $142 $294 forward @7 unknown #
coedge $-1 -1 $-1 $144 $143 $291 $295 reversed $46 $-1 #
edge $296 -1 $-1 $221 0 $297 1 $216 $298 forward @7 unknown #
color-adesk-attrib $-1 -1 $-1 $-1 $146 256 #
vertex $-1 -1 $-1 $217 $299 #
straight-curve $-1 -1 $-1 0.3000000000000024314 20.17500000000000071 -0.5 0.863187629796107414 0.5048832694464910897 0 F 0 F 0.4668842309493203557 #
coedge $-1 -1 $-1 $215 $291 $147 $224 forward $140 $-1 #
edge $300 -1 $-1 $230 0 $227 0.5500000000000000444 $147 $301 forward @7 unknown #
coedge $-1 -1 $-1 $148 $216 $215 $292 reversed $81 $-1 #
color-adesk-attrib $-1 -1 $-1 $-1 $149 256 #
vertex $-1 -1 $-1 $149 $302 #
straight-curve $-1 -1 $-1 0.3000000000000024314 20.78500000000000014 -0.5 0 0 1 I I #
color-adesk-attrib $-1 -1 $-1 $-1 $150 256 #
vertex $-1 -1 $-1 $150 $303 #
straight-curve $-1 -1 $-1 0.703008692702324689 20.410722036974704 -0.5 0 0 1 I I #
point $-1 -1 $-1 0.703008692702324689 20.410722036974704 -0.5 #
point $-1 -1 $-1 0.3000000000000024314 20.78500000000000014 -0.5 #
color-adesk-attrib $-1 -1 $-1 $-1 $158 256 #
face $304 -1 $-1 $305 $306 $8 $-1 $307 forward single #
loop $-1 -1 $-1 $-1 $308 $158 #
plane-surface $-1 -1 $-1 0.3000000000000001554 -16.74807692307691909 -0.5 0.5048832694464912008 -0.8631876297961075251 0 0.8631876297961075251 0.5048832694464912008 0 forward_v I I I I #
coedge $-1 -1 $-1 $309 $310 $311 $312 forward $159 $-1 #
coedge $-1 -1 $-1 $313 $161 $163 $246 forward $90 $-1 #
coedge $-1 -1 $-1 $161 $313 $314 $315 reversed $90 $-1 #
coedge $-1 -1 $-1 $316 $164 $161 $242 reversed $102 $-1 #
edge $317 -1 $-1 $318 0 $249 0.4668842309493203557 $161 $319 forward @7 unknown #
coedge $-1 -1 $-1 $163 $162 $320 $321 reversed $51 $-1 #
coedge $-1 -1 $-1 $322 $323 $162 $245 forward $324 $-1 #
edge $325 -1 $-1 $326 -0.75 $250 0.25 $244 $327 forward @7 unknown #
edge $328 -1 $-1 $249 0 $329 1 $239 $330 forward @7 unknown #
coedge $-1 -1 $-1 $164 $331 $322 $332 forward $102 $-1 #
color-adesk-attrib $-1 -1 $-1 $-1 $165 256 #
vertex $-1 -1 $-1 $242 $333 #
vertex $-1 -1 $-1 $165 $334 #
straight-curve $-1 -1 $-1 0.7030086927023223575 -17.74312411687144575 -0.5 -0.7327430776405858825 0.6805053873187210112 0 F 0 F 0.5500000000000000444 #
coedge $-1 -1 $-1 $173 $335 $166 $253 forward $264 $-1 #
edge $336 -1 $-1 $258 0 $182 0.4668842309493203557 $166 $337 forward @7 unknown #
coedge $-1 -1 $-1 $338 $167 $335 $339 reversed $256 $-1 #
coedge $-1 -1 $-1 $167 $338 $169 $261 reversed $256 $-1 #
loop $-1 -1 $-1 $-1 $167 $340 #
color-adesk-attrib $-1 -1 $-1 $-1 $168 256 #
vertex $-1 -1 $-1 $253 $341 #
straight-curve $-1 -1 $-1 0.2999999999999998224 -19.20961538461538964 -0.25 0 0 1 I I #
coedge $-1 -1 $-1 $342 $169 $343 $344 reversed $102 $-1 #
edge $345 -1 $-1 $171 19.20961538461538609 $346 19.21499999999999986 $255 $277 forward @7 unknown #
point $-1 -1 $-1 0.3000000000000000444 -19.20961538461538609 -0.5 #
coedge $-1 -1 $-1 $347 $173 $176 $268 forward $264 $-1 #
loop $-1 -1 $-1 $-1 $335 $348 #
color-adesk-attrib $-1 -1 $-1 $-1 $174 256 #
straight-curve $-1 -1 $-1 0.7030086927023222465 -18.97389334764067925 0.5 -0.7327430776405858825 0.6805053873187210112 0 I I #
coedge $-1 -1 $-1 $176 $175 $349 $350 forward $177 $-1 #
edge $351 -1 $-1 $179 -18.59961538461538666 $352 -18.59423076923076579 $176 $353 forward @7 unknown #
face $354 -1 $-1 $348 $177 $8 $-1 $355 reversed single #
point $-1 -1 $-1 0.3000000000000000444 -18.59961538461538666 0.5 #
point $-1 -1 $-1 0.7030086927023222465 -18.97389334764067925 0.5 #
coedge $-1 -1 $-1 $184 $316 $356 $357 reversed $102 $-1 #
coedge $-1 -1 $-1 $358 $349 $184 $274 forward $359 $-1 #
edge $360 -1 $-1 $276 0 $361 0.4668842309493203557 $273 $362 forward @7 unknown #
color-adesk-attrib $-1 -1 $-1 $-1 $185 256 #
vertex $-1 -1 $-1 $185 $363 #
straight-curve $-1 -1 $-1 0.2999999999999999889 0 -0.5 0 -1 0 I I #
coedge $-1 -1 $-1 $364 $186 $365 $366 reversed $102 $-1 #
coedge $-1 -1 $-1 $186 $367 $368 $369 reversed $102 $-1 #
coedge $-1 -1 $-1 $370 $371 $186 $281 reversed $372 $-1 #
edge $373 -1 $-1 $374 -19.55961538461538751 $375 -19.55423076923077375 $280 $277 forward @7 unknown #
color-adesk-attrib $-1 -1 $-1 $-1 $187 256 #
face $376 -1 $-1 $377 $378 $8 $-1 $379 reversed single #
plane-surface $-1 -1 $-1 0 0 -0.5 0 0 1 1 0 0 forward_v I I I I #
color-adesk-attrib $-1 -1 $-1 $-1 $193 256 #
straight-curve $-1 -1 $-1 -0.5 0.5 0 0 0 -1 I I #
point $-1 -1 $-1 -0.5 -0.5 -0.5 #
color-adesk-attrib $-1 -1 $-1 $-1 $197 256 #
straight-curve $-1 -1 $-1 -0.5 0 -0.5 0 1 0 I I #
point $-1 -1 $-1 -0.5 0.5 -0.5 #
coedge $-1 -1 $-1 $223 $215 $218 $295 forward $140 $-1 #
edge $380 -1 $-1 $227 0 $297 0.6100000000000000977 $225 $381 forward @7 unknown #
color-adesk-attrib $-1 -1 $-1 $-1 $217 256 #
straight-curve $-1 -1 $-1 0.3000000000000024314 20.78500000000000014 -0.5 0 -1 0 F 0 F 0.6100000000000000977 #
edge $382 -1 $-1 $297 0 $230 0.4668842309493203557 $218 $383 forward @7 unknown #
color-adesk-attrib $-1 -1 $-1 $-1 $219 256 #
vertex $-1 -1 $-1 $219 $384 #
straight-curve $-1 -1 $-1 0.3000000000000024314 20.17500000000000071 -0.5 0 0 1 I I #
point $-1 -1 $-1 0.3000000000000024314 20.17500000000000071 -0.5 #
color-adesk-attrib $-1 -1 $-1 $-1 $224 256 #
straight-curve $-1 -1 $-1 0.703008692702324689 20.410722036974704 0.5 -0.7327430776405858825 0.6805053873187210112 0 I I #
point $-1 -1 $-1 0.3000000000000024314 20.78500000000000014 0.5 #
point $-1 -1 $-1 0.703008692702324689 20.410722036974704 0.5 #
color-adesk-attrib $-1 -1 $-1 $-1 $235 256 #
face $385 -1 $-1 $386 $387 $8 $-1 $388 forward single #
loop $-1 -1 $-1 $-1 $389 $235 #
plane-surface $-1 -1 $-1 0.7030086927023224685 -15.28158565533298585 -0.5 0.6805053873187210112 0.7327430776405858825 0 -0.7327430776405858825 0.6805053873187210112 0 forward_v I I I I #
coedge $-1 -1 $-1 $390 $391 $392 $393 forward $236 $-1 #
coedge $-1 -1 $-1 $394 $238 $395 $396 reversed $159 $-1 #
coedge $-1 -1 $-1 $238 $394 $390 $397 reversed $159 $-1 #
coedge $-1 -1 $-1 $392 $398 $238 $312 reversed $102 $-1 #
edge $399 -1 $-1 $400 0 $401 0.5500000000000000444 $238 $402 forward @7 unknown #
coedge $-1 -1 $-1 $240 $239 $403 $404 reversed $90 $-1 #
coedge $-1 -1 $-1 $405 $406 $240 $315 forward $407 $-1 #
edge $408 -1 $-1 $318 -0.25 $409 0.75 $314 $410 forward @7 unknown #
coedge $-1 -1 $-1 $272 $241 $406 $411 forward $102 $-1 #
color-adesk-attrib $-1 -1 $-1 $-1 $242 256 #
vertex $-1 -1 $-1 $411 $412 #
straight-curve $-1 -1 $-1 0.3000000000000000999 -17.97884615384615259 -0.5 0.863187629796107414 0.5048832694464910897 0 F 0 F 0.4668842309493203557 #
coedge $-1 -1 $-1 $413 $403 $243 $321 forward $264 $-1 #
edge $414 -1 $-1 $329 0 $326 0.5500000000000000444 $243 $415 forward @7 unknown #
coedge $-1 -1 $-1 $416 $244 $247 $332 reversed $324 $-1 #
coedge $-1 -1 $-1 $244 $416 $413 $417 reversed $324 $-1 #
loop $-1 -1 $-1 $-1 $244 $418 #
color-adesk-attrib $-1 -1 $-1 $-1 $245 256 #
vertex $-1 -1 $-1 $417 $419 #
straight-curve $-1 -1 $-1 0.2999999999999993783 -17.3688461538461496 -0.25 0 0 -1 I I #
color-adesk-attrib $-1 -1 $-1 $-1 $246 256 #
vertex $-1 -1 $-1 $246 $420 #
straight-curve $-1 -1 $-1 0.7030086927023223575 -17.74312411687144575 -0.5 0 0 1 I I #
coedge $-1 -1 $-1 $247 $421 $422 $423 reversed $102 $-1 #
edge $424 -1 $-1 $425 17.36346153846153939 $250 17.36884615384615316 $322 $277 forward @7 unknown #
point $-1 -1 $-1 0.7030086927023223575 -17.74312411687144575 -0.5 #
point $-1 -1 $-1 0.3000000000000000999 -17.36884615384615316 -0.5 #
coedge $-1 -1 $-1 $252 $426 $254 $339 forward $264 $-1 #
color-adesk-attrib $-1 -1 $-1 $-1 $253 256 #
straight-curve $-1 -1 $-1 0.3000000000000000444 -19.20961538461538609 0.5 0.863187629796107414 0.5048832694464910897 0 I I #
coedge $-1 -1 $-1 $255 $254 $427 $428 forward $256 $-1 #
edge $429 -1 $-1 $430 -19.21499999999999986 $258 -19.20961538461538609 $254 $353 forward @7 unknown #
face $431 -1 $-1 $269 $256 $8 $-1 $355 reversed single #
point $-1 -1 $-1 0.3000000000000000444 -19.20961538461538609 0.5 #
coedge $-1 -1 $-1 $432 $260 $433 $434 reversed $102 $-1 #
coedge $-1 -1 $-1 $427 $435 $260 $344 forward $436 $-1 #
edge $437 -1 $-1 $438 0 $346 0.5500000000000000444 $343 $439 forward @7 unknown #
color-adesk-attrib $-1 -1 $-1 $-1 $261 256 #
vertex $-1 -1 $-1 $344 $440 #
coedge $-1 -1 $-1 $441 $263 $442 $443 forward $264 $-1 #
face $444 -1 $-1 $187 $264 $8 $-1 $445 forward single #
coedge $-1 -1 $-1 $273 $442 $267 $350 reversed $359 $-1 #
edge $446 -1 $-1 $276 -0.25 $352 0.75 $267 $447 forward @7 unknown #
color-adesk-attrib $-1 -1 $-1 $-1 $268 256 #
vertex $-1 -1 $-1 $443 $448 #
straight-curve $-1 -1 $-1 0.2999999999999999889 0 0.5 0 1 0 I I #
color-adesk-attrib $-1 -1 $-1 $-1 $269 256 #
plane-surface $-1 -1 $-1 0.2999999999999999889 0 0 -1 0 0 0 -0 1 forward_v I I I I #
coedge $-1 -1 $-1 $449 $450 $272 $357 forward $451 $-1 #
edge $452 -1 $-1 $361 0 $453 0.5500000000000000444 $356 $454 forward @7 unknown #
coedge $-1 -1 $-1 $442 $273 $450 $455 forward $359 $-1 #
loop $-1 -1 $-1 $-1 $273 $456 #
color-adesk-attrib $-1 -1 $-1 $-1 $274 256 #
vertex $-1 -1 $-1 $274 $457 #
straight-curve $-1 -1 $-1 0.3000000000000000444 -18.59423076923076579 -0.5 0.863187629796107414 0.5048832694464910897 0 F 0 F 0.4668842309493203557 #
point $-1 -1 $-1 0.3000000000000000444 -18.59423076923076579 -0.5 #
coedge $-1 -1 $-1 $458 $278 $459 $460 reversed $102 $-1 #
coedge $-1 -1 $-1 $461 $462 $278 $366 forward $463 $-1 #
edge $464 -1 $-1 $465 0 $375 0.5500000000000000444 $365 $466 forward @7 unknown #
coedge $-1 -1 $-1 $279 $467 $468 $469 reversed $102 $-1 #
coedge $-1 -1 $-1 $470 $471 $279 $369 forward $472 $-1 #
edge $473 -1 $-1 $374 0 $474 0.4668842309493203557 $368 $475 forward @7 unknown #
coedge $-1 -1 $-1 $476 $280 $471 $477 forward $372 $-1 #
coedge $-1 -1 $-1 $280 $476 $461 $478 forward $372 $-1 #
loop $-1 -1 $-1 $-1 $371 $479 #
color-adesk-attrib $-1 -1 $-1 $-1 $281 256 #
vertex $-1 -1 $-1 $281 $480 #
vertex $-1 -1 $-1 $366 $481 #
color-adesk-attrib $-1 -1 $-1 $-1 $283 256 #
face $482 -1 $-1 $483 $484 $8 $-1 $485 reversed single #
loop $-1 -1 $-1 $-1 $486 $283 #
plane-surface $-1 -1 $-1 0 -19.82499999999999929 0 0 1 -0 -0 0 1 forward_v I I I I #
color-adesk-attrib $-1 -1 $-1 $-1 $292 256 #
straight-curve $-1 -1 $-1 0.3000000000000024314 20.78500000000000014 0.5 0 -1 0 I I #
color-adesk-attrib $-1 -1 $-1 $-1 $295 256 #
straight-curve $-1 -1 $-1 0.3000000000000024314 20.17500000000000071 0.5 0.863187629796107414 0.5048832694464910897 0 I I #
point $-1 -1 $-1 0.3000000000000024314 20.17500000000000071 0.5 #
color-adesk-attrib $-1 -1 $-1 $-1 $305 256 #
face $487 -1 $-1 $488 $489 $8 $-1 $490 forward single #
loop $-1 -1 $-1 $-1 $491 $305 #
plane-surface $-1 -1 $-1 0.3000000000000002665 -15.51730769230769269 -0.5 0.5048832694464912008 -0.8631876297961075251 0 0.8631876297961075251 0.5048832694464912008 0 forward_v I I I I #
coedge $-1 -1 $-1 $492 $493 $494 $495 forward $306 $-1 #
coedge $-1 -1 $-1 $496 $308 $310 $397 forward $236 $-1 #
coedge $-1 -1 $-1 $308 $496 $497 $498 reversed $236 $-1 #
coedge $-1 -1 $-1 $499 $311 $308 $393 reversed $102 $-1 #
edge $500 -1 $-1 $501 0 $400 0.4668842309493203557 $308 $502 forward @7 unknown #
coedge $-1 -1 $-1 $310 $309 $503 $504 reversed $159 $-1 #
coedge $-1 -1 $-1 $505 $506 $309 $396 forward $507 $-1 #
edge $508 -1 $-1 $509 -0.75 $401 0.25 $395 $510 forward @7 unknown #
edge $511 -1 $-1 $400 0 $512 1 $390 $513 forward @7 unknown #
coedge $-1 -1 $-1 $311 $514 $505 $515 forward $102 $-1 #
color-adesk-attrib $-1 -1 $-1 $-1 $312 256 #
vertex $-1 -1 $-1 $393 $516 #
vertex $-1 -1 $-1 $312 $517 #
straight-curve $-1 -1 $-1 0.7030086927023224685 -16.51235488610221225 -0.5 -0.7327430776405858825 0.6805053873187210112 0 F 0 F 0.5500000000000000444 #
coedge $-1 -1 $-1 $320 $518 $313 $404 forward $264 $-1 #
edge $519 -1 $-1 $409 0 $329 0.4668842309493203557 $313 $520 forward @7 unknown #
coedge $-1 -1 $-1 $521 $314 $518 $522 reversed $407 $-1 #
coedge $-1 -1 $-1 $314 $521 $316 $411 reversed $407 $-1 #
loop $-1 -1 $-1 $-1 $314 $523 #
color-adesk-attrib $-1 -1 $-1 $-1 $315 256 #
vertex $-1 -1 $-1 $404 $524 #
straight-curve $-1 -1 $-1 0.2999999999999998224 -17.97884615384615614 -0.25 0 0 1 I I #
edge $525 -1 $-1 $318 17.97884615384615259 $453 17.98423076923076636 $406 $277 forward @7 unknown #
point $-1 -1 $-1 0.3000000000000000999 -17.97884615384615259 -0.5 #
coedge $-1 -1 $-1 $526 $320 $323 $417 forward $264 $-1 #
color-adesk-attrib $-1 -1 $-1 $-1 $321 256 #
straight-curve $-1 -1 $-1 0.7030086927023223575 -17.74312411687144575 0.5 -0.7327430776405858825 0.6805053873187210112 0 I I #
coedge $-1 -1 $-1 $323 $322 $527 $528 forward $324 $-1 #
edge $529 -1 $-1 $326 -17.36884615384615316 $530 -17.36346153846153939 $323 $353 forward @7 unknown #
face $531 -1 $-1 $340 $324 $8 $-1 $355 reversed single #
point $-1 -1 $-1 0.3000000000000000999 -17.36884615384615316 0.5 #
point $-1 -1 $-1 0.7030086927023223575 -17.74312411687144575 0.5 #
coedge $-1 -1 $-1 $331 $499 $532 $533 reversed $102 $-1 #
coedge $-1 -1 $-1 $534 $527 $331 $423 forward $535 $-1 #
edge $536 -1 $-1 $425 0 $537 0.4668842309493203557 $422 $538 forward @7 unknown #
color-adesk-attrib $-1 -1 $-1 $-1 $332 256 #
vertex $-1 -1 $-1 $332 $539 #
coedge $-1 -1 $-1 $335 $540 $541 $542 forward $264 $-1 #
coedge $-1 -1 $-1 $541 $343 $338 $428 reversed $436 $-1 #
edge $543 -1 $-1 $430 -0.75 $346 0.25 $338 $544 forward @7 unknown #
color-adesk-attrib $-1 -1 $-1 $-1 $339 256 #
vertex $-1 -1 $-1 $339 $545 #
color-adesk-attrib $-1 -1 $-1 $-1 $340 256 #
coedge $-1 -1 $-1 $546 $342 $547 $548 forward $102 $-1 #
coedge $-1 -1 $-1 $549 $550 $342 $434 forward $551 $-1 #
edge $552 -1 $-1 $553 0 $438 0.4668842309493203557 $433 $554 forward @7 unknown #
coedge $-1 -1 $-1 $343 $541 $549 $555 reversed $436 $-1 #
loop $-1 -1 $-1 $-1 $343 $556 #
color-adesk-attrib $-1 -1 $-1 $-1 $344 256 #
vertex $-1 -1 $-1 $434 $557 #
straight-curve $-1 -1 $-1 0.7030086927023222465 -19.58927796302529245 -0.5 -0.7327430776405858825 0.6805053873187210112 0 F 0 F 0.5500000000000000444 #
point $-1 -1 $-1 0.2999999999999999889 -19.21499999999999986 -0.5 #
coedge $-1 -1 $-1 $518 $347 $558 $559 forward $264 $-1 #
coedge $-1 -1 $-1 $349 $358 $347 $443 reversed $359 $-1 #
edge $560 -1 $-1 $352 0 $561 0.4668842309493203557 $442 $562 forward @7 unknown #
color-adesk-attrib $-1 -1 $-1 $-1 $348 256 #
plane-surface $-1 -1 $-1 0 0 0.5 0 0 1 1 0 0 forward_v I I I I #
color-adesk-attrib $-1 -1 $-1 $-1 $350 256 #
straight-curve $-1 -1 $-1 0.2999999999999998224 -18.59423076923076934 -0.25 0 0 1 I I #
point $-1 -1 $-1 0.3000000000000000444 -18.59423076923076579 0.5 #
coedge $-1 -1 $-1 $558 $356 $521 $563 reversed $451 $-1 #
coedge $-1 -1 $-1 $356 $558 $358 $455 reversed $451 $-1 #
loop $-1 -1 $-1 $-1 $356 $564 #
color-adesk-attrib $-1 -1 $-1 $-1 $357 256 #
vertex $-1 -1 $-1 $357 $565 #
straight-curve $-1 -1 $-1 0.7030086927023222465 -18.35850873225605895 -0.5 -0.7327430776405858825 0.6805053873187210112 0 F 0 F 0.5500000000000000444 #
edge $566 -1 $-1 $361 0 $561 1 $358 $567 forward @7 unknown #
face $568 -1 $-1 $556 $359 $8 $-1 $569 forward single #
point $-1 -1 $-1 0.7030086927023222465 -18.35850873225605895 -0.5 #
coedge $-1 -1 $-1 $570 $364 $571 $572 forward $102 $-1 #
coedge $-1 -1 $-1 $573 $574 $364 $460 forward $575 $-1 #
edge $576 -1 $-1 $577 0 $465 0.4668842309493203557 $459 $578 forward @7 unknown #
coedge $-1 -1 $-1 $579 $365 $371 $478 reversed $463 $-1 #
coedge $-1 -1 $-1 $365 $579 $573 $580 reversed $463 $-1 #
loop $-1 -1 $-1 $-1 $365 $581 #
color-adesk-attrib $-1 -1 $-1 $-1 $366 256 #
vertex $-1 -1 $-1 $460 $582 #
straight-curve $-1 -1 $-1 0.703008692702324689 19.1799528062054776 -0.5 -0.7327430776405858825 0.6805053873187210112 0 F 0 F 0.5500000000000000444 #
coedge $-1 -1 $-1 $367 $583 $584 $585 reversed $102 $-1 #
coedge $-1 -1 $-1 $586 $587 $367 $469 forward $588 $-1 #
edge $589 -1 $-1 $474 0 $590 0.5500000000000000444 $468 $591 forward @7 unknown #
coedge $-1 -1 $-1 $592 $368 $587 $593 forward $472 $-1 #
coedge $-1 -1 $-1 $368 $592 $370 $477 reversed $472 $-1 #
loop $-1 -1 $-1 $-1 $368 $594 #
color-adesk-attrib $-1 -1 $-1 $-1 $369 256 #
vertex $-1 -1 $-1 $369 $595 #
straight-curve $-1 -1 $-1 0.3000000000000023759 19.55961538461538751 -0.5 0.863187629796107414 0.5048832694464910897 0 F 0 F 0.4668842309493203557 #
coedge $-1 -1 $-1 $371 $370 $596 $597 reversed $372 $-1 #
edge $598 -1 $-1 $374 -0.25 $599 0.75 $370 $600 forward @7 unknown #
edge $601 -1 $-1 $602 -0.75 $375 0.25 $371 $603 forward @7 unknown #
face $604 -1 $-1 $605 $372 $8 $-1 $355 reversed single #
point $-1 -1 $-1 0.3000000000000023759 19.55961538461538751 -0.5 #
point $-1 -1 $-1 0.3000000000000023759 19.55423076923077375 -0.5 #
color-adesk-attrib $-1 -1 $-1 $-1 $377 256 #
face $606 -1 $-1 $-1 $607 $8 $-1 $608 reversed single #
loop $-1 -1 $-1 $-1 $609 $377 #
plane-surface $-1 -1 $-1 -0.2999999999999999889 0 0 1 0 0 0 0 -1 forward_v I I I I #
coedge $-1 -1 $-1 $547 $610 $611 $612 forward $378 $-1 #
color-adesk-attrib $-1 -1 $-1 $-1 $386 256 #
face $613 -1 $-1 $614 $615 $8 $-1 $616 forward single #
loop $-1 -1 $-1 $-1 $617 $386 #
plane-surface $-1 -1 $-1 0.7030086927023225796 -14.05081642456375235 -0.5 0.6805053873187210112 0.7327430776405858825 0 -0.7327430776405858825 0.6805053873187210112 0 forward_v I I I I #
coedge $-1 -1 $-1 $618 $619 $620 $621 forward $387 $-1 #
coedge $-1 -1 $-1 $622 $389 $623 $624 reversed $306 $-1 #
coedge $-1 -1 $-1 $389 $622 $618 $625 reversed $306 $-1 #
coedge $-1 -1 $-1 $620 $626 $389 $495 reversed $102 $-1 #
edge $627 -1 $-1 $628 0 $629 0.5500000000000000444 $389 $630 forward @7 unknown #
coedge $-1 -1 $-1 $391 $390 $631 $632 reversed $236 $-1 #
coedge $-1 -1 $-1 $633 $634 $391 $498 forward $635 $-1 #
edge $636 -1 $-1 $501 -0.25 $637 0.75 $497 $638 forward @7 unknown #
coedge $-1 -1 $-1 $421 $392 $634 $639 forward $102 $-1 #
color-adesk-attrib $-1 -1 $-1 $-1 $393 256 #
vertex $-1 -1 $-1 $639 $640 #
straight-curve $-1 -1 $-1 0.3000000000000001554 -16.74807692307691909 -0.5 0.863187629796107414 0.5048832694464910897 0 F 0 F 0.4668842309493203557 #
coedge $-1 -1 $-1 $641 $631 $394 $504 forward $264 $-1 #
edge $642 -1 $-1 $512 0 $509 0.5500000000000000444 $394 $643 forward @7 unknown #
coedge $-1 -1 $-1 $644 $395 $398 $515 reversed $507 $-1 #
coedge $-1 -1 $-1 $395 $644 $641 $645 reversed $507 $-1 #
loop $-1 -1 $-1 $-1 $395 $646 #
color-adesk-attrib $-1 -1 $-1 $-1 $396 256 #
vertex $-1 -1 $-1 $645 $647 #
straight-curve $-1 -1 $-1 0.2999999999999989342 -16.1380769230769161 -0.25 0 0 -1 I I #
color-adesk-attrib $-1 -1 $-1 $-1 $397 256 #
vertex $-1 -1 $-1 $397 $648 #
straight-curve $-1 -1 $-1 0.7030086927023224685 -16.51235488610221225 -0.5 0 0 1 I I #
coedge $-1 -1 $-1 $398 $649 $650 $651 reversed $102 $-1 #
edge $652 -1 $-1 $653 16.13269230769230589 $401 16.13807692307691966 $505 $277 forward @7 unknown #
point $-1 -1 $-1 0.7030086927023224685 -16.51235488610221225 -0.5 #
point $-1 -1 $-1 0.3000000000000001554 -16.13807692307691966 -0.5 #
coedge $-1 -1 $-1 $403 $441 $405 $522 forward $264 $-1 #
color-adesk-attrib $-1 -1 $-1 $-1 $404 256 #
straight-curve $-1 -1 $-1 0.3000000000000000999 -17.97884615384615259 0.5 0.863187629796107414 0.5048832694464910897 0 I I #
coedge $-1 -1 $-1 $406 $405 $449 $563 forward $407 $-1 #
edge $654 -1 $-1 $655 -17.98423076923076636 $409 -17.97884615384615259 $405 $353 forward @7 unknown #
face $656 -1 $-1 $418 $407 $8 $-1 $355 reversed single #
point $-1 -1 $-1 0.3000000000000000999 -17.97884615384615259 0.5 #
color-adesk-attrib $-1 -1 $-1 $-1 $411 256 #
coedge $-1 -1 $-1 $657 $413 $658 $659 forward $264 $-1 #
coedge $-1 -1 $-1 $422 $658 $416 $528 reversed $535 $-1 #
edge $660 -1 $-1 $425 -0.25 $530 0.75 $416 $661 forward @7 unknown #
color-adesk-attrib $-1 -1 $-1 $-1 $417 256 #
vertex $-1 -1 $-1 $659 $662 #
color-adesk-attrib $-1 -1 $-1 $-1 $418 256 #
coedge $-1 -1 $-1 $663 $664 $421 $533 forward $665 $-1 #
edge $666 -1 $-1 $537 0 $667 0.5500000000000000444 $532 $668 forward @7 unknown #
coedge $-1 -1 $-1 $658 $422 $664 $669 forward $535 $-1 #
loop $-1 -1 $-1 $-1 $422 $670 #
color-adesk-attrib $-1 -1 $-1 $-1 $423 256 #
vertex $-1 -1 $-1 $423 $671 #
straight-curve $-1 -1 $-1 0.3000000000000001554 -17.36346153846153939 -0.5 0.863187629796107414 0.5048832694464910897 0 F 0 F 0.4668842309493203557 #
point $-1 -1 $-1 0.3000000000000001554 -17.36346153846153939 -0.5 #
coedge $-1 -1 $-1 $426 $672 $673 $674 forward $264 $-1 #
coedge $-1 -1 $-1 $435 $427 $426 $542 reversed $436 $-1 #
edge $675 -1 $-1 $676 0 $430 0.5500000000000000444 $541 $677 forward @7 unknown #
color-adesk-attrib $-1 -1 $-1 $-1 $428 256 #
straight-curve $-1 -1 $-1 0.2999999999999998224 -19.21499999999999631 -0.25 0 0 -1 I I #
point $-1 -1 $-1 0.2999999999999999889 -19.21499999999999986 0.5 #
coedge $-1 -1 $-1 $583 $432 $678 $679 forward $102 $-1 #
coedge $-1 -1 $-1 $680 $486 $432 $548 reversed $378 $-1 #
edge $681 -1 $-1 $553 -0.2999999999999999889 $682 0.2999999999999999889 $547 $683 forward @7 unknown #
coedge $-1 -1 $-1 $673 $433 $435 $555 forward $551 $-1 #
coedge $-1 -1 $-1 $433 $673 $680 $684 forward $551 $-1 #
loop $-1 -1 $-1 $-1 $433 $685 #
color-adesk-attrib $-1 -1 $-1 $-1 $434 256 #
vertex $-1 -1 $-1 $684 $686 #
straight-curve $-1 -1 $-1 0.2999999999999999889 -19.82499999999999929 -0.5 0.863187629796107414 0.5048832694464910897 0 F 0 F 0.4668842309493203557 #
edge $687 -1 $-1 $438 0 $676 1 $549 $688 forward @7 unknown #
face $689 -1 $-1 $685 $436 $8 $-1 $690 forward single #
point $-1 -1 $-1 0.7030086927023222465 -19.58927796302529245 -0.5 #
coedge $-1 -1 $-1 $450 $449 $441 $559 reversed $451 $-1 #
edge $691 -1 $-1 $561 0 $655 0.5500000000000000444 $558 $692 forward @7 unknown #
color-adesk-attrib $-1 -1 $-1 $-1 $443 256 #
vertex $-1 -1 $-1 $455 $693 #
straight-curve $-1 -1 $-1 0.3000000000000000444 -18.59423076923076579 0.5 0.863187629796107414 0.5048832694464910897 0 I I #
edge $694 -1 $-1 $655 -0.75 $453 0.25 $521 $695 forward @7 unknown #
face $696 -1 $-1 $456 $451 $8 $-1 $697 forward single #
point $-1 -1 $-1 0.3000000000000000444 -17.98423076923076636 -0.5 #
color-adesk-attrib $-1 -1 $-1 $-1 $455 256 #
straight-curve $-1 -1 $-1 0.7030086927023222465 -18.35850873225605895 -0.5 0 0 1 I I #
color-adesk-attrib $-1 -1 $-1 $-1 $456 256 #
plane-surface $-1 -1 $-1 0.3000000000000000444 -18.59423076923076579 -0.5 0.5048832694464912008 -0.8631876297961075251 0 0.8631876297961075251 0.5048832694464912008 0 forward_v I I I I #
coedge $-1 -1 $-1 $698 $458 $699 $700 reversed $102 $-1 #
coedge $-1 -1 $-1 $701 $702 $458 $572 reversed $703 $-1 #
edge $704 -1 $-1 $577 -18.94423076923077431 $705 -18.93884615384615344 $571 $277 forward @7 unknown #
coedge $-1 -1 $-1 $706 $459 $462 $580 forward $575 $-1 #
coedge $-1 -1 $-1 $459 $706 $701 $707 reversed $575 $-1 #
loop $-1 -1 $-1 $-1 $459 $708 #
color-adesk-attrib $-1 -1 $-1 $-1 $460 256 #
vertex $-1 -1 $-1 $572 $709 #
straight-curve $-1 -1 $-1 0.3000000000000023759 18.94423076923077431 -0.5 0.863187629796107414 0.5048832694464910897 0 F 0 F 0.4668842309493203557 #
coedge $-1 -1 $-1 $462 $461 $710 $711 reversed $463 $-1 #
edge $712 -1 $-1 $465 0 $713 1 $573 $714 forward @7 unknown #
face $715 -1 $-1 $708 $463 $8 $-1 $716 forward single #
point $-1 -1 $-1 0.703008692702324689 19.1799528062054776 -0.5 #
coedge $-1 -1 $-1 $467 $546 $717 $718 forward $102 $-1 #
coedge $-1 -1 $-1 $719 $720 $467 $585 forward $721 $-1 #
edge $722 -1 $-1 $590 0 $723 0.3446153846153883205 $584 $724 forward @7 unknown #
coedge $-1 -1 $-1 $725 $468 $720 $726 forward $588 $-1 #
coedge $-1 -1 $-1 $468 $725 $470 $593 reversed $588 $-1 #
loop $-1 -1 $-1 $-1 $468 $727 #
color-adesk-attrib $-1 -1 $-1 $-1 $469 256 #
vertex $-1 -1 $-1 $585 $728 #
straight-curve $-1 -1 $-1 0.703008692702324689 19.7953374215900908 -0.5 -0.7327430776405858825 0.6805053873187210112 0 F 0 F 0.5500000000000000444 #
coedge $-1 -1 $-1 $471 $470 $729 $730 reversed $472 $-1 #
edge $731 -1 $-1 $474 0 $732 1 $470 $733 forward @7 unknown #
face $734 -1 $-1 $735 $472 $8 $-1 $736 forward single #
point $-1 -1 $-1 0.703008692702324689 19.7953374215900908 -0.5 #
coedge $-1 -1 $-1 $729 $710 $476 $597 forward $264 $-1 #
edge $737 -1 $-1 $602 19.55423076923077375 $599 19.55961538461538751 $476 $353 forward @7 unknown #
color-adesk-attrib $-1 -1 $-1 $-1 $477 256 #
vertex $-1 -1 $-1 $730 $738 #
straight-curve $-1 -1 $-1 0.3000000000000002665 19.55961538461539106 -0.25 0 0 1 I I #
color-adesk-attrib $-1 -1 $-1 $-1 $478 256 #
vertex $-1 -1 $-1 $597 $739 #
straight-curve $-1 -1 $-1 0.3000000000000007105 19.5542307692307773 -0.25 0 0 -1 I I #
color-adesk-attrib $-1 -1 $-1 $-1 $479 256 #
face $740 -1 $-1 $741 $742 $8 $-1 $355 reversed single #
color-adesk-attrib $-1 -1 $-1 $-1 $483 256 #
loop $-1 -1 $-1 $-1 $743 $483 #
plane-surface $-1 -1 $-1 0 19.82499999999999929 0 0 -1 0 0 0 -1 forward_v I I I I #
coedge $-1 -1 $-1 $678 $744 $745 $746 forward $484 $-1 #
coedge $-1 -1 $-1 $486 $680 $672 $747 reversed $378 $-1 #
coedge $-1 -1 $-1 $744 $678 $486 $612 reversed $484 $-1 #
edge $748 -1 $-1 $749 -0.5 $682 0.5 $611 $750 forward @7 unknown #
color-adesk-attrib $-1 -1 $-1 $-1 $488 256 #
face $751 -1 $-1 $752 $753 $8 $-1 $754 forward single #
loop $-1 -1 $-1 $-1 $755 $488 #
plane-surface $-1 -1 $-1 0.300000000000000322 -14.28653846153845919 -0.5 0.5048832694464912008 -0.8631876297961075251 0 0.8631876297961075251 0.5048832694464912008 0 forward_v I I I I #
coedge $-1 -1 $-1 $756 $757 $758 $759 forward $489 $-1 #
coedge $-1 -1 $-1 $760 $491 $493 $625 forward $387 $-1 #
coedge $-1 -1 $-1 $491 $760 $761 $762 reversed $387 $-1 #
coedge $-1 -1 $-1 $763 $494 $491 $621 reversed $102 $-1 #
edge $764 -1 $-1 $765 0 $628 0.4668842309493203557 $491 $766 forward @7 unknown #
coedge $-1 -1 $-1 $493 $492 $767 $768 reversed $306 $-1 #
coedge $-1 -1 $-1 $769 $770 $492 $624 forward $771 $-1 #
edge $772 -1 $-1 $773 -0.75 $629 0.25 $623 $774 forward @7 unknown #
edge $775 -1 $-1 $628 0 $776 1 $618 $777 forward @7 unknown #
coedge $-1 -1 $-1 $494 $778 $769 $779 forward $102 $-1 #
color-adesk-attrib $-1 -1 $-1 $-1 $495 256 #
vertex $-1 -1 $-1 $621 $780 #
vertex $-1 -1 $-1 $495 $781 #
straight-curve $-1 -1 $-1 0.7030086927023224685 -15.28158565533298585 -0.5 -0.7327430776405858825 0.6805053873187210112 0 F 0 F 0.5500000000000000444 #
coedge $-1 -1 $-1 $503 $782 $496 $632 forward $264 $-1 #
edge $783 -1 $-1 $637 0 $512 0.4668842309493203557 $496 $784 forward @7 unknown #
coedge $-1 -1 $-1 $785 $497 $782 $786 reversed $635 $-1 #
coedge $-1 -1 $-1 $497 $785 $499 $639 reversed $635 $-1 #
loop $-1 -1 $-1 $-1 $497 $787 #
color-adesk-attrib $-1 -1 $-1 $-1 $498 256 #
vertex $-1 -1 $-1 $632 $788 #
straight-curve $-1 -1 $-1 0.2999999999999998224 -16.74807692307691909 -0.25 0 0 1 I I #
edge $789 -1 $-1 $501 16.74807692307691909 $667 16.75346153846153996 $634 $277 forward @7 unknown #
point $-1 -1 $-1 0.3000000000000001554 -16.74807692307691909 -0.5 #
coedge $-1 -1 $-1 $790 $503 $506 $645 forward $264 $-1 #
color-adesk-attrib $-1 -1 $-1 $-1 $504 256 #
straight-curve $-1 -1 $-1 0.7030086927023224685 -16.51235488610221225 0.5 -0.7327430776405858825 0.6805053873187210112 0 I I #
coedge $-1 -1 $-1 $506 $505 $791 $792 forward $507 $-1 #
edge $793 -1 $-1 $509 -16.13807692307691966 $794 -16.13269230769230589 $506 $353 forward @7 unknown #
face $795 -1 $-1 $523 $507 $8 $-1 $355 reversed single #
point $-1 -1 $-1 0.3000000000000001554 -16.13807692307691966 0.5 #
point $-1 -1 $-1 0.7030086927023224685 -16.51235488610221225 0.5 #
coedge $-1 -1 $-1 $514 $763 $796 $797 reversed $102 $-1 #
coedge $-1 -1 $-1 $798 $791 $514 $651 forward $799 $-1 #
edge $800 -1 $-1 $653 0 $801 0.4668842309493203557 $650 $802 forward @7 unknown #
color-adesk-attrib $-1 -1 $-1 $-1 $515 256 #
vertex $-1 -1 $-1 $515 $803 #
color-adesk-attrib $-1 -1 $-1 $-1 $522 256 #
vertex $-1 -1 $-1 $522 $804 #
color-adesk-attrib $-1 -1 $-1 $-1 $523 256 #
coedge $-1 -1 $-1 $782 $526 $805 $806 forward $264 $-1 #
coedge $-1 -1 $-1 $527 $534 $526 $659 reversed $535 $-1 #
edge $807 -1 $-1 $530 0 $808 0.4668842309493203557 $658 $809 forward @7 unknown #
color-adesk-attrib $-1 -1 $-1 $-1 $528 256 #
straight-curve $-1 -1 $-1 0.2999999999999993783 -17.36346153846153939 -0.25 0 0 1 I I #
point $-1 -1 $-1 0.3000000000000001554 -17.36346153846153939 0.5 #
coedge $-1 -1 $-1 $805 $532 $785 $810 reversed $665 $-1 #
coedge $-1 -1 $-1 $532 $805 $534 $669 reversed $665 $-1 #
loop $-1 -1 $-1 $-1 $532 $811 #
color-adesk-attrib $-1 -1 $-1 $-1 $533 256 #
vertex $-1 -1 $-1 $533 $812 #
straight-curve $-1 -1 $-1 0.7030086927023224685 -17.12773950148683255 -0.5 -0.7327430776405858825 0.6805053873187210112 0 F 0 F 0.5500000000000000444 #
edge $813 -1 $-1 $537 0 $808 1 $534 $814 forward @7 unknown #
face $815 -1 $-1 $564 $535 $8 $-1 $816 forward single #
point $-1 -1 $-1 0.7030086927023224685 -17.12773950148683255 -0.5 #
coedge $-1 -1 $-1 $540 $817 $610 $747 forward $264 $-1 #
coedge $-1 -1 $-1 $550 $549 $540 $674 reversed $551 $-1 #
edge $818 -1 $-1 $819 0 $676 0.4668842309493203557 $673 $820 forward @7 unknown #
color-adesk-attrib $-1 -1 $-1 $-1 $542 256 #
vertex $-1 -1 $-1 $555 $821 #
straight-curve $-1 -1 $-1 0.7030086927023222465 -19.58927796302529245 0.5 -0.7327430776405858825 0.6805053873187210112 0 I I #
coedge $-1 -1 $-1 $611 $609 $546 $679 reversed $484 $-1 #
edge $822 -1 $-1 $682 -19.82499999999999929 $823 19.82499999999999929 $678 $824 forward @7 unknown #
coedge $-1 -1 $-1 $610 $547 $550 $684 reversed $378 $-1 #
color-adesk-attrib $-1 -1 $-1 $-1 $548 256 #
vertex $-1 -1 $-1 $679 $825 #
straight-curve $-1 -1 $-1 0 -19.82499999999999929 -0.5 -1 0 0 I I #
edge $826 -1 $-1 $819 -0.5 $553 0.5 $680 $827 forward @7 unknown #
face $828 -1 $-1 $829 $551 $8 $-1 $830 forward single #
point $-1 -1 $-1 0.2999999999999999889 -19.82499999999999929 -0.5 #
color-adesk-attrib $-1 -1 $-1 $-1 $555 256 #
straight-curve $-1 -1 $-1 0.7030086927023222465 -19.58927796302529245 -0.5 0 0 1 I I #
color-adesk-attrib $-1 -1 $-1 $-1 $556 256 #
plane-surface $-1 -1 $-1 0.7030086927023222465 -19.58927796302529245 -0.5 0.6805053873187210112 0.7327430776405858825 0 -0.7327430776405858825 0.6805053873187210112 0 forward_v I I I I #
color-adesk-attrib $-1 -1 $-1 $-1 $559 256 #
straight-curve $-1 -1 $-1 0.7030086927023222465 -18.35850873225605895 0.5 -0.7327430776405858825 0.6805053873187210112 0 I I #
point $-1 -1 $-1 0.7030086927023222465 -18.35850873225605895 0.5 #
color-adesk-attrib $-1 -1 $-1 $-1 $563 256 #
straight-curve $-1 -1 $-1 0.2999999999999993783 -17.9842307692307628 -0.25 0 0 -1 I I #
color-adesk-attrib $-1 -1 $-1 $-1 $564 256 #
plane-surface $-1 -1 $-1 0.7030086927023222465 -18.35850873225605895 -0.5 0.6805053873187210112 0.7327430776405858825 0 -0.7327430776405858825 0.6805053873187210112 0 forward_v I I I I #
coedge $-1 -1 $-1 $831 $570 $832 $833 reversed $102 $-1 #
coedge $-1 -1 $-1 $834 $835 $570 $700 forward $836 $-1 #
edge $837 -1 $-1 $838 0 $705 0.5500000000000000444 $699 $839 forward @7 unknown #
coedge $-1 -1 $-1 $840 $571 $574 $707 forward $703 $-1 #
coedge $-1 -1 $-1 $571 $840 $834 $841 forward $703 $-1 #
loop $-1 -1 $-1 $-1 $701 $829 #
color-adesk-attrib $-1 -1 $-1 $-1 $572 256 #
vertex $-1 -1 $-1 $700 $842 #
coedge $-1 -1 $-1 $574 $573 $843 $844 reversed $575 $-1 #
edge $845 -1 $-1 $577 -0.25 $846 0.75 $701 $847 forward @7 unknown #
face $848 -1 $-1 $727 $575 $8 $-1 $849 forward single #
point $-1 -1 $-1 0.3000000000000023759 18.94423076923077431 -0.5 #
coedge $-1 -1 $-1 $596 $843 $579 $711 forward $264 $-1 #
edge $850 -1 $-1 $713 0 $602 0.5500000000000000444 $579 $851 forward @7 unknown #
color-adesk-attrib $-1 -1 $-1 $-1 $580 256 #
vertex $-1 -1 $-1 $580 $852 #
straight-curve $-1 -1 $-1 0.703008692702324689 19.1799528062054776 -0.5 0 0 1 I I #
color-adesk-attrib $-1 -1 $-1 $-1 $581 256 #
plane-surface $-1 -1 $-1 0.703008692702324689 19.1799528062054776 -0.5 0.6805053873187210112 0.7327430776405858825 0 -0.7327430776405858825 0.6805053873187210112 0 forward_v I I I I #
coedge $-1 -1 $-1 $745 $743 $583 $718 reversed $607 $-1 #
edge $853 -1 $-1 $823 -0.2999999999999999889 $723 0.2999999999999999889 $717 $854 forward @7 unknown #
coedge $-1 -1 $-1 $855 $584 $743 $856 reversed $721 $-1 #
coedge $-1 -1 $-1 $584 $855 $586 $726 reversed $721 $-1 #
loop $-1 -1 $-1 $-1 $719 $735 #
color-adesk-attrib $-1 -1 $-1 $-1 $585 256 #
vertex $-1 -1 $-1 $585 $857 #
straight-curve $-1 -1 $-1 0.3000000000000023759 20.16961538461538694 -0.5 0 -1 0 F 0 F 0.6100000000000000977 #
coedge $-1 -1 $-1 $587 $586 $858 $859 reversed $588 $-1 #
edge $860 -1 $-1 $590 0 $861 1 $720 $862 forward @7 unknown #
face $863 -1 $-1 $594 $588 $8 $-1 $864 forward single #
point $-1 -1 $-1 0.3000000000000023759 20.16961538461538694 -0.5 #
coedge $-1 -1 $-1 $858 $596 $592 $730 forward $264 $-1 #
edge $865 -1 $-1 $599 0 $732 0.4668842309493203557 $592 $866 forward @7 unknown #
color-adesk-attrib $-1 -1 $-1 $-1 $593 256 #
vertex $-1 -1 $-1 $593 $867 #
straight-curve $-1 -1 $-1 0.703008692702324689 19.7953374215900908 -0.5 0 0 1 I I #
color-adesk-attrib $-1 -1 $-1 $-1 $594 256 #
face $868 -1 $-1 $869 $721 $8 $-1 $870 forward single #
plane-surface $-1 -1 $-1 0.3000000000000023759 19.55961538461538751 -0.5 0.5048832694464912008 -0.8631876297961075251 0 0.8631876297961075251 0.5048832694464912008 0 forward_v I I I I #
color-adesk-attrib $-1 -1 $-1 $-1 $597 256 #
point $-1 -1 $-1 0.3000000000000023759 19.55961538461538751 0.5 #
point $-1 -1 $-1 0.3000000000000023759 19.55423076923077375 0.5 #
color-adesk-attrib $-1 -1 $-1 $-1 $605 256 #
face $871 -1 $-1 $872 $873 $8 $-1 $355 reversed single #
loop $-1 -1 $-1 $-1 $874 $605 #
coedge $-1 -1 $-1 $717 $875 $719 $856 forward $607 $-1 #
coedge $-1 -1 $-1 $609 $611 $817 $876 reversed $484 $-1 #
coedge $-1 -1 $-1 $875 $717 $609 $746 reversed $607 $-1 #
edge $877 -1 $-1 $878 -0.5 $823 0.5 $745 $879 forward @7 unknown #
edge $880 -1 $-1 $749 -0.2999999999999999889 $819 0.2999999999999999889 $610 $881 forward @7 unknown #
color-adesk-attrib $-1 -1 $-1 $-1 $612 256 #
vertex $-1 -1 $-1 $876 $882 #
straight-curve $-1 -1 $-1 -0.2999999999999999889 -19.82499999999999929 0 0 0 -1 I I #
color-adesk-attrib $-1 -1 $-1 $-1 $614 256 #
face $883 -1 $-1 $884 $885 $8 $-1 $886 forward single #
loop $-1 -1 $-1 $-1 $887 $614 #
plane-surface $-1 -1 $-1 0.7030086927023226906 -12.82004719379451885 -0.5 0.6805053873187210112 0.7327430776405858825 0 -0.7327430776405858825 0.6805053873187210112 0 forward_v I I I I #
coedge $-1 -1 $-1 $888 $889 $890 $891 forward $615 $-1 #
coedge $-1 -1 $-1 $892 $617 $893 $894 reversed $489 $-1 #
coedge $-1 -1 $-1 $617 $892 $888 $895 reversed $489 $-1 #
coedge $-1 -1 $-1 $890 $896 $617 $759 reversed $102 $-1 #
edge $897 -1 $-1 $898 0 $899 0.5500000000000000444 $617 $900 forward @7 unknown #
coedge $-1 -1 $-1 $619 $618 $901 $902 reversed $387 $-1 #
coedge $-1 -1 $-1 $903 $904 $619 $762 forward $905 $-1 #
edge $906 -1 $-1 $765 -0.25 $907 0.75 $761 $908 forward @7 unknown #
coedge $-1 -1 $-1 $649 $620 $904 $909 forward $102 $-1 #
color-adesk-attrib $-1 -1 $-1 $-1 $621 256 #
vertex $-1 -1 $-1 $909 $910 #
straight-curve $-1 -1 $-1 0.3000000000000002665 -15.51730769230769269 -0.5 0.863187629796107414 0.5048832694464910897 0 F 0 F 0.4668842309493203557 #
coedge $-1 -1 $-1 $911 $901 $622 $768 forward $264 $-1 #
edge $912 -1 $-1 $776 0 $773 0.5500000000000000444 $622 $913 forward @7 unknown #
coedge $-1 -1 $-1 $914 $623 $626 $779 reversed $771 $-1 #
coedge $-1 -1 $-1 $623 $914 $911 $915 reversed $771 $-1 #
loop $-1 -1 $-1 $-1 $623 $916 #
color-adesk-attrib $-1 -1 $-1 $-1 $624 256 #
vertex $-1 -1 $-1 $915 $917 #
straight-curve $-1 -1 $-1 0.2999999999999993783 -14.90730769230768971 -0.25 0 0 -1 I I #
color-adesk-attrib $-1 -1 $-1 $-1 $625 256 #
vertex $-1 -1 $-1 $625 $918 #
straight-curve $-1 -1 $-1 0.7030086927023224685 -15.28158565533298585 -0.5 0 0 1 I I #
coedge $-1 -1 $-1 $626 $919 $920 $921 reversed $102 $-1 #
edge $922 -1 $-1 $923 14.90192307692307949 $629 14.90730769230769326 $769 $277 forward @7 unknown #
point $-1 -1 $-1 0.7030086927023224685 -15.28158565533298585 -0.5 #
point $-1 -1 $-1 0.3000000000000002665 -14.90730769230769326 -0.5 #
coedge $-1 -1 $-1 $631 $657 $633 $786 forward $264 $-1 #
color-adesk-attrib $-1 -1 $-1 $-1 $632 256 #
straight-curve $-1 -1 $-1 0.3000000000000001554 -16.74807692307691909 0.5 0.863187629796107414 0.5048832694464910897 0 I I #
coedge $-1 -1 $-1 $634 $633 $663 $810 forward $635 $-1 #
edge $924 -1 $-1 $925 -16.75346153846153996 $637 -16.74807692307691909 $633 $353 forward @7 unknown #
face $926 -1 $-1 $646 $635 $8 $-1 $355 reversed single #
point $-1 -1 $-1 0.3000000000000001554 -16.74807692307691909 0.5 #
color-adesk-attrib $-1 -1 $-1 $-1 $639 256 #
coedge $-1 -1 $-1 $927 $641 $928 $929 forward $264 $-1 #
coedge $-1 -1 $-1 $650 $928 $644 $792 reversed $799 $-1 #
edge $930 -1 $-1 $653 -0.25 $794 0.75 $644 $931 forward @7 unknown #
color-adesk-attrib $-1 -1 $-1 $-1 $645 256 #
vertex $-1 -1 $-1 $929 $932 #
color-adesk-attrib $-1 -1 $-1 $-1 $646 256 #
coedge $-1 -1 $-1 $933 $934 $649 $797 forward $935 $-1 #
edge $936 -1 $-1 $801 0 $937 0.5500000000000000444 $796 $938 forward @7 unknown #
coedge $-1 -1 $-1 $928 $650 $934 $939 forward $799 $-1 #
loop $-1 -1 $-1 $-1 $650 $940 #
color-adesk-attrib $-1 -1 $-1 $-1 $651 256 #
vertex $-1 -1 $-1 $651 $941 #
straight-curve $-1 -1 $-1 0.3000000000000002109 -16.13269230769230589 -0.5 0.863187629796107414 0.5048832694464910897 0 F 0 F 0.4668842309493203557 #
point $-1 -1 $-1 0.3000000000000002109 -16.13269230769230589 -0.5 #
point $-1 -1 $-1 0.3000000000000000444 -17.98423076923076636 0.5 #
coedge $-1 -1 $-1 $664 $663 $657 $806 reversed $665 $-1 #
edge $942 -1 $-1 $808 0 $925 0.5500000000000000444 $805 $943 forward @7 unknown #
color-adesk-attrib $-1 -1 $-1 $-1 $659 256 #
vertex $-1 -1 $-1 $669 $944 #
straight-curve $-1 -1 $-1 0.3000000000000001554 -17.36346153846153939 0.5 0.863187629796107414 0.5048832694464910897 0 I I #
edge $945 -1 $-1 $925 -0.75 $667 0.25 $785 $946 forward @7 unknown #
face $947 -1 $-1 $670 $665 $8 $-1 $948 forward single #
point $-1 -1 $-1 0.3000000000000001554 -16.75346153846153996 -0.5 #
color-adesk-attrib $-1 -1 $-1 $-1 $669 256 #
straight-curve $-1 -1 $-1 0.7030086927023224685 -17.12773950148683255 -0.5 0 0 1 I I #
color-adesk-attrib $-1 -1 $-1 $-1 $670 256 #
plane-surface $-1 -1 $-1 0.3000000000000001554 -17.36346153846153939 -0.5 0.5048832694464912008 -0.8631876297961075251 0 0.8631876297961075251 0.5048832694464912008 0 forward_v I I I I #
coedge $-1 -1 $-1 $672 $949 $744 $876 forward $264 $-1 #
color-adesk-attrib $-1 -1 $-1 $-1 $674 256 #
vertex $-1 -1 $-1 $674 $950 #
straight-curve $-1 -1 $-1 0.2999999999999999889 -19.82499999999999929 0.5 0.863187629796107414 0.5048832694464910897 0 I I #
point $-1 -1 $-1 0.7030086927023222465 -19.58927796302529245 0.5 #
color-adesk-attrib $-1 -1 $-1 $-1 $679 256 #
vertex $-1 -1 $-1 $718 $951 #
straight-curve $-1 -1 $-1 -0.2999999999999999889 0 -0.5 0 1 0 I I #
point $-1 -1 $-1 -0.2999999999999999889 -19.82499999999999929 -0.5 #
color-adesk-attrib $-1 -1 $-1 $-1 $684 256 #
straight-curve $-1 -1 $-1 0.2999999999999999889 -19.82499999999999929 0 0 0 -1 I I #
color-adesk-attrib $-1 -1 $-1 $-1 $685 256 #
face $952 -1 $-1 $479 $703 $8 $-1 $355 reversed single #
plane-surface $-1 -1 $-1 0.2999999999999999889 -19.82499999999999929 -0.5 0.5048832694464912008 -0.8631876297961075251 0 0.8631876297961075251 0.5048832694464912008 0 forward_v I I I I #
coedge $-1 -1 $-1 $953 $698 $954 $955 forward $102 $-1 #
coedge $-1 -1 $-1 $956 $957 $698 $833 forward $958 $-1 #
edge $959 -1 $-1 $960 0 $838 0.4668842309493203557 $832 $961 forward @7 unknown #
coedge $-1 -1 $-1 $962 $699 $702 $841 reversed $836 $-1 #
coedge $-1 -1 $-1 $699 $962 $956 $963 reversed $836 $-1 #
loop $-1 -1 $-1 $-1 $699 $869 #
color-adesk-attrib $-1 -1 $-1 $-1 $700 256 #
vertex $-1 -1 $-1 $833 $964 #
straight-curve $-1 -1 $-1 0.703008692702324578 18.5645681908208573 -0.5 -0.7327430776405858825 0.6805053873187210112 0 F 0 F 0.5500000000000000444 #
coedge $-1 -1 $-1 $702 $701 $965 $966 reversed $703 $-1 #
edge $967 -1 $-1 $968 -0.75 $705 0.25 $702 $969 forward @7 unknown #
point $-1 -1 $-1 0.3000000000000023204 18.93884615384615344 -0.5 #
coedge $-1 -1 $-1 $710 $965 $706 $844 forward $264 $-1 #
edge $970 -1 $-1 $846 0 $713 0.4668842309493203557 $706 $971 forward @7 unknown #
color-adesk-attrib $-1 -1 $-1 $-1 $707 256 #
vertex $-1 -1 $-1 $844 $972 #
straight-curve $-1 -1 $-1 0.3000000000000002665 18.94423076923077431 -0.25 0 0 1 I I #
color-adesk-attrib $-1 -1 $-1 $-1 $708 256 #
plane-surface $-1 -1 $-1 0.3000000000000023759 18.94423076923077431 -0.5 0.5048832694464912008 -0.8631876297961075251 0 0.8631876297961075251 0.5048832694464912008 0 forward_v I I I I #
color-adesk-attrib $-1 -1 $-1 $-1 $711 256 #
straight-curve $-1 -1 $-1 0.703008692702324689 19.1799528062054776 0.5 -0.7327430776405858825 0.6805053873187210112 0 I I #
point $-1 -1 $-1 0.703008692702324689 19.1799528062054776 0.5 #
color-adesk-attrib $-1 -1 $-1 $-1 $718 256 #
straight-curve $-1 -1 $-1 0 19.82499999999999929 -0.5 1 0 0 I I #
coedge $-1 -1 $-1 $720 $719 $973 $974 reversed $721 $-1 #
edge $975 -1 $-1 $976 -0.5 $723 0.5 $743 $977 forward @7 unknown #
point $-1 -1 $-1 0.2999999999999999889 19.82499999999999929 -0.5 #
coedge $-1 -1 $-1 $973 $729 $725 $859 forward $264 $-1 #
edge $978 -1 $-1 $732 0 $861 0.5500000000000000444 $725 $979 forward @7 unknown #
color-adesk-attrib $-1 -1 $-1 $-1 $726 256 #
vertex $-1 -1 $-1 $726 $980 #
straight-curve $-1 -1 $-1 0.3000000000000023759 20.16961538461538694 -0.5 0 0 1 I I #
color-adesk-attrib $-1 -1 $-1 $-1 $727 256 #
plane-surface $-1 -1 $-1 0.703008692702324689 19.7953374215900908 -0.5 0.6805053873187210112 0.7327430776405858825 0 -0.7327430776405858825 0.6805053873187210112 0 forward_v I I I I #
color-adesk-attrib $-1 -1 $-1 $-1 $730 256 #
straight-curve $-1 -1 $-1 0.3000000000000023759 19.55961538461538751 0.5 0.863187629796107414 0.5048832694464910897 0 I I #
point $-1 -1 $-1 0.703008692702324689 19.7953374215900908 0.5 #
color-adesk-attrib $-1 -1 $-1 $-1 $735 256 #
face $981 -1 $-1 $982 $836 $8 $-1 $983 forward single #
plane-surface $-1 -1 $-1 0.3000000000000023759 20.16961538461538694 -0.5 -1 0 0 0 -1 0 forward_v I I I I #
color-adesk-attrib $-1 -1 $-1 $-1 $741 256 #
face $984 -1 $-1 $985 $986 $8 $-1 $355 reversed single #
loop $-1 -1 $-1 $-1 $987 $741 #
coedge $-1 -1 $-1 $988 $989 $990 $991 forward $742 $-1 #
coedge $-1 -1 $-1 $743 $745 $949 $992 reversed $607 $-1 #
edge $993 -1 $-1 $878 -19.82499999999999929 $749 19.82499999999999929 $744 $994 forward @7 unknown #
color-adesk-attrib $-1 -1 $-1 $-1 $746 256 #
vertex $-1 -1 $-1 $992 $995 #
straight-curve $-1 -1 $-1 -0.2999999999999999889 19.82499999999999929 0 0 0 -1 I I #
color-adesk-attrib $-1 -1 $-1 $-1 $747 256 #
straight-curve $-1 -1 $-1 0 -19.82499999999999929 0.5 1 0 0 I I #
point $-1 -1 $-1 -0.2999999999999999889 -19.82499999999999929 0.5 #
color-adesk-attrib $-1 -1 $-1 $-1 $752 256 #
face $996 -1 $-1 $997 $998 $8 $-1 $999 forward single #
loop $-1 -1 $-1 $-1 $1000 $752 #
plane-surface $-1 -1 $-1 0.3000000000000003775 -13.05576923076922569 -0.5 0.5048832694464912008 -0.8631876297961075251 0 0.8631876297961075251 0.5048832694464912008 0 forward_v I I I I #
coedge $-1 -1 $-1 $1001 $1002 $1003 $1004 forward $753 $-1 #
coedge $-1 -1 $-1 $1005 $755 $757 $895 forward $615 $-1 #
coedge $-1 -1 $-1 $755 $1005 $1006 $1007 reversed $615 $-1 #
coedge $-1 -1 $-1 $1008 $758 $755 $891 reversed $102 $-1 #
edge $1009 -1 $-1 $1010 0 $898 0.4668842309493203557 $755 $1011 forward @7 unknown #
coedge $-1 -1 $-1 $757 $756 $1012 $1013 reversed $489 $-1 #
coedge $-1 -1 $-1 $1014 $1015 $756 $894 forward $1016 $-1 #
edge $1017 -1 $-1 $1018 -0.75 $899 0.25 $893 $1019 forward @7 unknown #
edge $1020 -1 $-1 $898 0 $1021 1 $888 $1022 forward @7 unknown #
coedge $-1 -1 $-1 $758 $1023 $1014 $1024 forward $102 $-1 #
color-adesk-attrib $-1 -1 $-1 $-1 $759 256 #
vertex $-1 -1 $-1 $891 $1025 #
vertex $-1 -1 $-1 $759 $1026 #
straight-curve $-1 -1 $-1 0.7030086927023225796 -14.05081642456375235 -0.5 -0.7327430776405858825 0.6805053873187210112 0 F 0 F 0.5500000000000000444 #
coedge $-1 -1 $-1 $767 $1027 $760 $902 forward $264 $-1 #
edge $1028 -1 $-1 $907 0 $776 0.4668842309493203557 $760 $1029 forward @7 unknown #
coedge $-1 -1 $-1 $1030 $761 $1027 $1031 reversed $905 $-1 #
coedge $-1 -1 $-1 $761 $1030 $763 $909 reversed $905 $-1 #
loop $-1 -1 $-1 $-1 $761 $1032 #
color-adesk-attrib $-1 -1 $-1 $-1 $762 256 #
vertex $-1 -1 $-1 $902 $1033 #
straight-curve $-1 -1 $-1 0.2999999999999998224 -15.51730769230769447 -0.25 0 0 1 I I #
edge $1034 -1 $-1 $765 15.51730769230769269 $937 15.52269230769230646 $904 $277 forward @7 unknown #
point $-1 -1 $-1 0.3000000000000002665 -15.51730769230769269 -0.5 #
coedge $-1 -1 $-1 $1035 $767 $770 $915 forward $264 $-1 #
color-adesk-attrib $-1 -1 $-1 $-1 $768 256 #
straight-curve $-1 -1 $-1 0.7030086927023224685 -15.28158565533298585 0.5 -0.7327430776405858825 0.6805053873187210112 0 I I #
coedge $-1 -1 $-1 $770 $769 $1036 $1037 forward $771 $-1 #
edge $1038 -1 $-1 $773 -14.90730769230769326 $1039 -14.90192307692307949 $770 $353 forward @7 unknown #
face $1040 -1 $-1 $787 $771 $8 $-1 $355 reversed single #
point $-1 -1 $-1 0.3000000000000002665 -14.90730769230769326 0.5 #
point $-1 -1 $-1 0.7030086927023224685 -15.28158565533298585 0.5 #
coedge $-1 -1 $-1 $778 $1008 $1041 $1042 reversed $102 $-1 #
coedge $-1 -1 $-1 $1043 $1036 $778 $921 forward $1044 $-1 #
edge $1045 -1 $-1 $923 0 $1046 0.4668842309493203557 $920 $1047 forward @7 unknown #
color-adesk-attrib $-1 -1 $-1 $-1 $779 256 #
vertex $-1 -1 $-1 $779 $1048 #
color-adesk-attrib $-1 -1 $-1 $-1 $786 256 #
vertex $-1 -1 $-1 $786 $1049 #
color-adesk-attrib $-1 -1 $-1 $-1 $787 256 #
coedge $-1 -1 $-1 $1027 $790 $1050 $1051 forward $264 $-1 #
coedge $-1 -1 $-1 $791 $798 $790 $929 reversed $799 $-1 #
edge $1052 -1 $-1 $794 0 $1053 0.4668842309493203557 $928 $1054 forward @7 unknown #
color-adesk-attrib $-1 -1 $-1 $-1 $792 256 #
straight-curve $-1 -1 $-1 0.2999999999999998224 -16.13269230769230944 -0.25 0 0 1 I I #
point $-1 -1 $-1 0.3000000000000002109 -16.13269230769230589 0.5 #
coedge $-1 -1 $-1 $1050 $796 $1030 $1055 reversed $935 $-1 #
coedge $-1 -1 $-1 $796 $1050 $798 $939 reversed $935 $-1 #
loop $-1 -1 $-1 $-1 $796 $1056 #
color-adesk-attrib $-1 -1 $-1 $-1 $797 256 #
vertex $-1 -1 $-1 $797 $1057 #
straight-curve $-1 -1 $-1 0.7030086927023224685 -15.89697027071759905 -0.5 -0.7327430776405858825 0.6805053873187210112 0 F 0 F 0.5500000000000000444 #
edge $1058 -1 $-1 $801 0 $1053 1 $798 $1059 forward @7 unknown #
face $1060 -1 $-1 $811 $799 $8 $-1 $1061 forward single #
point $-1 -1 $-1 0.7030086927023224685 -15.89697027071759905 -0.5 #
color-adesk-attrib $-1 -1 $-1 $-1 $806 256 #
straight-curve $-1 -1 $-1 0.7030086927023224685 -17.12773950148683255 0.5 -0.7327430776405858825 0.6805053873187210112 0 I I #
point $-1 -1 $-1 0.7030086927023224685 -17.12773950148683255 0.5 #
color-adesk-attrib $-1 -1 $-1 $-1 $810 256 #
straight-curve $-1 -1 $-1 0.2999999999999989342 -16.75346153846153641 -0.25 0 0 -1 I I #
color-adesk-attrib $-1 -1 $-1 $-1 $811 256 #
plane-surface $-1 -1 $-1 0.7030086927023224685 -17.12773950148683255 -0.5 0.6805053873187210112 0.7327430776405858825 0 -0.7327430776405858825 0.6805053873187210112 0 forward_v I I I I #
coedge $-1 -1 $-1 $817 $973 $875 $992 forward $264 $-1 #
point $-1 -1 $-1 0.2999999999999999889 -19.82499999999999929 0.5 #
point $-1 -1 $-1 -0.2999999999999999889 19.82499999999999929 -0.5 #
color-adesk-attrib $-1 -1 $-1 $-1 $829 256 #
coedge $-1 -1 $-1 $1062 $831 $1063 $1064 reversed $102 $-1 #
coedge $-1 -1 $-1 $1065 $987 $831 $955 reversed $873 $-1 #
edge $1066 -1 $-1 $960 -18.32884615384615401 $1067 -18.32346153846154024 $954 $277 forward @7 unknown #
coedge $-1 -1 $-1 $1068 $832 $835 $963 forward $958 $-1 #
coedge $-1 -1 $-1 $832 $1068 $1065 $1069 reversed $958 $-1 #
loop $-1 -1 $-1 $-1 $832 $982 #
color-adesk-attrib $-1 -1 $-1 $-1 $833 256 #
vertex $-1 -1 $-1 $955 $1070 #
straight-curve $-1 -1 $-1 0.3000000000000023204 18.32884615384615401 -0.5 0.863187629796107414 0.5048832694464910897 0 F 0 F 0.4668842309493203557 #
coedge $-1 -1 $-1 $835 $834 $1071 $1072 reversed $836 $-1 #
edge $1073 -1 $-1 $838 0 $1074 1 $956 $1075 forward @7 unknown #
point $-1 -1 $-1 0.703008692702324578 18.5645681908208573 -0.5 #
coedge $-1 -1 $-1 $843 $1071 $840 $966 forward $264 $-1 #
edge $1076 -1 $-1 $968 18.93884615384615344 $846 18.94423076923077431 $840 $353 forward @7 unknown #
color-adesk-attrib $-1 -1 $-1 $-1 $841 256 #
vertex $-1 -1 $-1 $966 $1077 #
straight-curve $-1 -1 $-1 0.3000000000000007105 18.93884615384615699 -0.25 0 0 -1 I I #
color-adesk-attrib $-1 -1 $-1 $-1 $844 256 #
straight-curve $-1 -1 $-1 0.3000000000000023759 18.94423076923077431 0.5 0.863187629796107414 0.5048832694464910897 0 I I #
point $-1 -1 $-1 0.3000000000000023759 18.94423076923077431 0.5 #
coedge $-1 -1 $-1 $949 $858 $855 $974 forward $264 $-1 #
edge $1078 -1 $-1 $861 0 $976 0.3446153846153883205 $855 $1079 forward @7 unknown #
color-adesk-attrib $-1 -1 $-1 $-1 $856 256 #
vertex $-1 -1 $-1 $992 $1080 #
straight-curve $-1 -1 $-1 0.2999999999999999889 19.82499999999999929 0 0 0 -1 I I #
color-adesk-attrib $-1 -1 $-1 $-1 $859 256 #
straight-curve $-1 -1 $-1 0.703008692702324689 19.7953374215900908 0.5 -0.7327430776405858825 0.6805053873187210112 0 I I #
point $-1 -1 $-1 0.3000000000000023759 20.16961538461538694 0.5 #
color-adesk-attrib $-1 -1 $-1 $-1 $869 256 #
face $1081 -1 $-1 $1082 $958 $8 $-1 $1083 forward single #
plane-surface $-1 -1 $-1 0.703008692702324578 18.5645681908208573 -0.5 0.6805053873187210112 0.7327430776405858825 0 -0.7327430776405858825 0.6805053873187210112 0 forward_v I I I I #
color-adesk-attrib $-1 -1 $-1 $-1 $872 256 #
face $1084 -1 $-1 $1085 $1086 $8 $-1 $355 reversed single #
loop $-1 -1 $-1 $-1 $1087 $872 #
coedge $-1 -1 $-1 $954 $1088 $1089 $1090 forward $873 $-1 #
coedge $-1 -1 $-1 $1091 $874 $1092 $1093 reversed $742 $-1 #
coedge $-1 -1 $-1 $874 $1091 $1094 $1095 reversed $742 $-1 #
coedge $-1 -1 $-1 $1096 $1097 $874 $991 reversed $1098 $-1 #
edge $1099 -1 $-1 $1100 -0.25 $1101 0.75 $874 $1102 forward @7 unknown #
edge $1103 -1 $-1 $976 -0.2999999999999999889 $878 0.2999999999999999889 $875 $1104 forward @7 unknown #
color-adesk-attrib $-1 -1 $-1 $-1 $876 256 #
straight-curve $-1 -1 $-1 -0.2999999999999999889 0 0.5 0 -1 0 I I #
point $-1 -1 $-1 -0.2999999999999999889 19.82499999999999929 0.5 #
color-adesk-attrib $-1 -1 $-1 $-1 $884 256 #
face $1105 -1 $-1 $1106 $1107 $8 $-1 $1108 forward single #
loop $-1 -1 $-1 $-1 $1109 $884 #
plane-surface $-1 -1 $-1 0.7030086927023226906 -11.589277963025296 -0.5 0.6805053873187210112 0.7327430776405858825 0 -0.7327430776405858825 0.6805053873187210112 0 forward_v I I I I #
coedge $-1 -1 $-1 $1110 $1111 $1112 $1113 forward $885 $-1 #
coedge $-1 -1 $-1 $1114 $887 $1115 $1116 reversed $753 $-1 #
coedge $-1 -1 $-1 $887 $1114 $1110 $1117 reversed $753 $-1 #
coedge $-1 -1 $-1 $1112 $1118 $887 $1004 reversed $102 $-1 #
edge $1119 -1 $-1 $1120 0 $1121 0.5500000000000000444 $887 $1122 forward @7 unknown #
coedge $-1 -1 $-1 $889 $888 $1123 $1124 reversed $615 $-1 #
coedge $-1 -1 $-1 $1125 $1126 $889 $1007 forward $1127 $-1 #
edge $1128 -1 $-1 $1010 -0.25 $1129 0.75 $1006 $1130 forward @7 unknown #
coedge $-1 -1 $-1 $919 $890 $1126 $1131 forward $102 $-1 #
color-adesk-attrib $-1 -1 $-1 $-1 $891 256 #
vertex $-1 -1 $-1 $1131 $1132 #
straight-curve $-1 -1 $-1 0.300000000000000322 -14.28653846153845919 -0.5 0.863187629796107414 0.5048832694464910897 0 F 0 F 0.4668842309493203557 #
coedge $-1 -1 $-1 $1133 $1123 $892 $1013 forward $264 $-1 #
edge $1134 -1 $-1 $1021 0 $1018 0.5500000000000000444 $892 $1135 forward @7 unknown #
coedge $-1 -1 $-1 $1136 $893 $896 $1024 reversed $1016 $-1 #
coedge $-1 -1 $-1 $893 $1136 $1133 $1137 reversed $1016 $-1 #
loop $-1 -1 $-1 $-1 $893 $1138 #
color-adesk-attrib $-1 -1 $-1 $-1 $894 256 #
vertex $-1 -1 $-1 $1137 $1139 #
straight-curve $-1 -1 $-1 0.2999999999999993783 -13.6765384615384562 -0.25 0 0 -1 I I #
color-adesk-attrib $-1 -1 $-1 $-1 $895 256 #
vertex $-1 -1 $-1 $895 $1140 #
straight-curve $-1 -1 $-1 0.7030086927023225796 -14.05081642456375235 -0.5 0 0 1 I I #
coedge $-1 -1 $-1 $896 $1141 $1142 $1143 reversed $102 $-1 #
edge $1144 -1 $-1 $1145 13.67115384615384599 $899 13.67653846153845976 $1014 $277 forward @7 unknown #
point $-1 -1 $-1 0.7030086927023225796 -14.05081642456375235 -0.5 #
point $-1 -1 $-1 0.300000000000000322 -13.67653846153845976 -0.5 #
coedge $-1 -1 $-1 $901 $927 $903 $1031 forward $264 $-1 #
color-adesk-attrib $-1 -1 $-1 $-1 $902 256 #
straight-curve $-1 -1 $-1 0.3000000000000002665 -15.51730769230769269 0.5 0.863187629796107414 0.5048832694464910897 0 I I #
coedge $-1 -1 $-1 $904 $903 $933 $1055 forward $905 $-1 #
edge $1146 -1 $-1 $1147 -15.52269230769230646 $907 -15.51730769230769269 $903 $353 forward @7 unknown #
face $1148 -1 $-1 $916 $905 $8 $-1 $355 reversed single #
point $-1 -1 $-1 0.3000000000000002665 -15.51730769230769269 0.5 #
color-adesk-attrib $-1 -1 $-1 $-1 $909 256 #
coedge $-1 -1 $-1 $1149 $911 $1150 $1151 forward $264 $-1 #
coedge $-1 -1 $-1 $920 $1150 $914 $1037 reversed $1044 $-1 #
edge $1152 -1 $-1 $923 -0.25 $1039 0.75 $914 $1153 forward @7 unknown #
color-adesk-attrib $-1 -1 $-1 $-1 $915 256 #
vertex $-1 -1 $-1 $1151 $1154 #
color-adesk-attrib $-1 -1 $-1 $-1 $916 256 #
coedge $-1 -1 $-1 $1155 $1156 $919 $1042 forward $1157 $-1 #
edge $1158 -1 $-1 $1046 0 $1159 0.5500000000000000444 $1041 $1160 forward @7 unknown #
coedge $-1 -1 $-1 $1150 $920 $1156 $1161 forward $1044 $-1 #
loop $-1 -1 $-1 $-1 $920 $1162 #
color-adesk-attrib $-1 -1 $-1 $-1 $921 256 #
vertex $-1 -1 $-1 $921 $1163 #
straight-curve $-1 -1 $-1 0.3000000000000002665 -14.90192307692307949 -0.5 0.863187629796107414 0.5048832694464910897 0 F 0 F 0.4668842309493203557 #
point $-1 -1 $-1 0.3000000000000002665 -14.90192307692307949 -0.5 #
point $-1 -1 $-1 0.3000000000000001554 -16.75346153846153996 0.5 #
coedge $-1 -1 $-1 $934 $933 $927 $1051 reversed $935 $-1 #
edge $1164 -1 $-1 $1053 0 $1147 0.5500000000000000444 $1050 $1165 forward @7 unknown #
color-adesk-attrib $-1 -1 $-1 $-1 $929 256 #
vertex $-1 -1 $-1 $939 $1166 #
straight-curve $-1 -1 $-1 0.3000000000000002109 -16.13269230769230589 0.5 0.863187629796107414 0.5048832694464910897 0 I I #
edge $1167 -1 $-1 $1147 -0.75 $937 0.25 $1030 $1168 forward @7 unknown #
face $1169 -1 $-1 $940 $935 $8 $-1 $1170 forward single #
point $-1 -1 $-1 0.3000000000000002109 -15.52269230769230646 -0.5 #
color-adesk-attrib $-1 -1 $-1 $-1 $939 256 #
straight-curve $-1 -1 $-1 0.7030086927023224685 -15.89697027071759905 -0.5 0 0 1 I I #
color-adesk-attrib $-1 -1 $-1 $-1 $940 256 #
plane-surface $-1 -1 $-1 0.3000000000000002109 -16.13269230769230589 -0.5 0.5048832694464912008 -0.8631876297961075251 0 0.8631876297961075251 0.5048832694464912008 0 forward_v I I I I #
coedge $-1 -1 $-1 $1094 $953 $1096 $1171 reversed $102 $-1 #
coedge $-1 -1 $-1 $1089 $1172 $953 $1064 forward $1173 $-1 #
edge $1174 -1 $-1 $1175 0 $1067 0.5500000000000000444 $1063 $1176 forward @7 unknown #
coedge $-1 -1 $-1 $1088 $954 $957 $1069 forward $873 $-1 #
color-adesk-attrib $-1 -1 $-1 $-1 $955 256 #
vertex $-1 -1 $-1 $1064 $1177 #
coedge $-1 -1 $-1 $957 $956 $1178 $1179 reversed $958 $-1 #
edge $1180 -1 $-1 $960 -0.25 $1181 0.75 $1065 $1182 forward @7 unknown #
point $-1 -1 $-1 0.3000000000000023204 18.32884615384615401 -0.5 #
coedge $-1 -1 $-1 $965 $1178 $962 $1072 forward $264 $-1 #
edge $1183 -1 $-1 $1074 0 $968 0.5500000000000000444 $962 $1184 forward @7 unknown #
color-adesk-attrib $-1 -1 $-1 $-1 $963 256 #
vertex $-1 -1 $-1 $963 $1185 #
straight-curve $-1 -1 $-1 0.703008692702324578 18.5645681908208573 -0.5 0 0 1 I I #
color-adesk-attrib $-1 -1 $-1 $-1 $966 256 #
point $-1 -1 $-1 0.3000000000000023204 18.93884615384615344 0.5 #
color-adesk-attrib $-1 -1 $-1 $-1 $974 256 #
straight-curve $-1 -1 $-1 0.3000000000000023759 20.16961538461538694 0.5 0 -1 0 I I #
point $-1 -1 $-1 0.2999999999999999889 19.82499999999999929 0.5 #
color-adesk-attrib $-1 -1 $-1 $-1 $982 256 #
face $1186 -1 $-1 $1187 $1188 $8 $-1 $1189 forward single #
plane-surface $-1 -1 $-1 0.3000000000000023204 18.32884615384615401 -0.5 0.5048832694464912008 -0.8631876297961075251 0 0.8631876297961075251 0.5048832694464912008 0 forward_v I I I I #
color-adesk-attrib $-1 -1 $-1 $-1 $985 256 #
face $1190 -1 $-1 $1191 $1192 $8 $-1 $355 reversed single #
loop $-1 -1 $-1 $-1 $1193 $985 #
coedge $-1 -1 $-1 $1194 $1195 $1196 $1197 forward $986 $-1 #
coedge $-1 -1 $-1 $987 $1065 $1198 $1199 reversed $873 $-1 #
coedge $-1 -1 $-1 $1200 $1063 $987 $1090 reversed $1173 $-1 #
edge $1201 -1 $-1 $1202 -0.75 $1067 0.25 $987 $1203 forward @7 unknown #
coedge $-1 -1 $-1 $989 $988 $1204 $1205 forward $742 $-1 #
coedge $-1 -1 $-1 $1206 $1207 $988 $1093 forward $264 $-1 #
edge $1208 -1 $-1 $1209 17.70807692307692705 $1101 17.71346153846154081 $988 $353 forward @7 unknown #
coedge $-1 -1 $-1 $1210 $1062 $989 $1095 forward $102 $-1 #
edge $1211 -1 $-1 $1100 -17.71346153846154081 $1212 -17.70807692307692705 $989 $277 forward @7 unknown #
coedge $-1 -1 $-1 $1213 $990 $1062 $1171 forward $1098 $-1 #
coedge $-1 -1 $-1 $990 $1213 $1206 $1214 reversed $1098 $-1 #
loop $-1 -1 $-1 $-1 $1096 $1215 #
color-adesk-attrib $-1 -1 $-1 $-1 $991 256 #
vertex $-1 -1 $-1 $1095 $1216 #
vertex $-1 -1 $-1 $1214 $1217 #
straight-curve $-1 -1 $-1 0.2999999999999998224 17.71346153846154081 -0.25 0 0 1 I I #
color-adesk-attrib $-1 -1 $-1 $-1 $992 256 #
straight-curve $-1 -1 $-1 0 19.82499999999999929 0.5 -1 0 0 I I #
color-adesk-attrib $-1 -1 $-1 $-1 $997 256 #
face $1218 -1 $-1 $1219 $1220 $8 $-1 $1221 forward single #
loop $-1 -1 $-1 $-1 $1222 $997 #
plane-surface $-1 -1 $-1 0.3000000000000004885 -11.82499999999999929 -0.5 0.5048832694464912008 -0.8631876297961075251 0 0.8631876297961075251 0.5048832694464912008 0 forward_v I I I I #
coedge $-1 -1 $-1 $1223 $1224 $1225 $1226 forward $998 $-1 #
coedge $-1 -1 $-1 $1227 $1000 $1002 $1117 forward $885 $-1 #
coedge $-1 -1 $-1 $1000 $1227 $1228 $1229 reversed $885 $-1 #
coedge $-1 -1 $-1 $1230 $1003 $1000 $1113 reversed $102 $-1 #
edge $1231 -1 $-1 $1232 0 $1120 0.4668842309493203557 $1000 $1233 forward @7 unknown #
coedge $-1 -1 $-1 $1002 $1001 $1234 $1235 reversed $753 $-1 #
coedge $-1 -1 $-1 $1236 $1237 $1001 $1116 forward $1238 $-1 #
edge $1239 -1 $-1 $1240 -0.75 $1121 0.25 $1115 $1241 forward @7 unknown #
edge $1242 -1 $-1 $1120 0 $1243 1 $1110 $1244 forward @7 unknown #
coedge $-1 -1 $-1 $1003 $1245 $1236 $1246 forward $102 $-1 #
color-adesk-attrib $-1 -1 $-1 $-1 $1004 256 #
vertex $-1 -1 $-1 $1113 $1247 #
vertex $-1 -1 $-1 $1004 $1248 #
straight-curve $-1 -1 $-1 0.7030086927023226906 -12.82004719379451885 -0.5 -0.7327430776405858825 0.6805053873187210112 0 F 0 F 0.5500000000000000444 #
coedge $-1 -1 $-1 $1012 $1249 $1005 $1124 forward $264 $-1 #
edge $1250 -1 $-1 $1129 0 $1021 0.4668842309493203557 $1005 $1251 forward @7 unknown #
coedge $-1 -1 $-1 $1252 $1006 $1249 $1253 reversed $1127 $-1 #
coedge $-1 -1 $-1 $1006 $1252 $1008 $1131 reversed $1127 $-1 #
loop $-1 -1 $-1 $-1 $1006 $1254 #
color-adesk-attrib $-1 -1 $-1 $-1 $1007 256 #
vertex $-1 -1 $-1 $1124 $1255 #
straight-curve $-1 -1 $-1 0.2999999999999998224 -14.28653846153846096 -0.25 0 0 1 I I #
edge $1256 -1 $-1 $1010 14.28653846153845919 $1159 14.29192307692308006 $1126 $277 forward @7 unknown #
point $-1 -1 $-1 0.300000000000000322 -14.28653846153845919 -0.5 #
coedge $-1 -1 $-1 $1257 $1012 $1015 $1137 forward $264 $-1 #
color-adesk-attrib $-1 -1 $-1 $-1 $1013 256 #
straight-curve $-1 -1 $-1 0.7030086927023225796 -14.05081642456375235 0.5 -0.7327430776405858825 0.6805053873187210112 0 I I #
coedge $-1 -1 $-1 $1015 $1014 $1258 $1259 forward $1016 $-1 #
edge $1260 -1 $-1 $1018 -13.67653846153845976 $1261 -13.67115384615384599 $1015 $353 forward @7 unknown #
face $1262 -1 $-1 $1032 $1016 $8 $-1 $355 reversed single #
point $-1 -1 $-1 0.300000000000000322 -13.67653846153845976 0.5 #
point $-1 -1 $-1 0.7030086927023225796 -14.05081642456375235 0.5 #
coedge $-1 -1 $-1 $1023 $1230 $1263 $1264 reversed $102 $-1 #
coedge $-1 -1 $-1 $1265 $1258 $1023 $1143 forward $1266 $-1 #
edge $1267 -1 $-1 $1145 0 $1268 0.4668842309493203557 $1142 $1269 forward @7 unknown #
color-adesk-attrib $-1 -1 $-1 $-1 $1024 256 #
vertex $-1 -1 $-1 $1024 $1270 #
color-adesk-attrib $-1 -1 $-1 $-1 $1031 256 #
vertex $-1 -1 $-1 $1031 $1271 #
color-adesk-attrib $-1 -1 $-1 $-1 $1032 256 #
coedge $-1 -1 $-1 $1249 $1035 $1272 $1273 forward $264 $-1 #
coedge $-1 -1 $-1 $1036 $1043 $1035 $1151 reversed $1044 $-1 #
edge $1274 -1 $-1 $1039 0 $1275 0.4668842309493203557 $1150 $1276 forward @7 unknown #
color-adesk-attrib $-1 -1 $-1 $-1 $1037 256 #
straight-curve $-1 -1 $-1 0.2999999999999998224 -14.90192307692308304 -0.25 0 0 1 I I #
point $-1 -1 $-1 0.3000000000000002665 -14.90192307692307949 0.5 #
coedge $-1 -1 $-1 $1272 $1041 $1252 $1277 reversed $1157 $-1 #
coedge $-1 -1 $-1 $1041 $1272 $1043 $1161 reversed $1157 $-1 #
loop $-1 -1 $-1 $-1 $1041 $1278 #
color-adesk-attrib $-1 -1 $-1 $-1 $1042 256 #
vertex $-1 -1 $-1 $1042 $1279 #
straight-curve $-1 -1 $-1 0.7030086927023224685 -14.66620103994837265 -0.5 -0.7327430776405858825 0.6805053873187210112 0 F 0 F 0.5500000000000000444 #
edge $1280 -1 $-1 $1046 0 $1275 1 $1043 $1281 forward @7 unknown #
face $1282 -1 $-1 $1056 $1044 $8 $-1 $1283 forward single #
point $-1 -1 $-1 0.7030086927023224685 -14.66620103994837265 -0.5 #
color-adesk-attrib $-1 -1 $-1 $-1 $1051 256 #
straight-curve $-1 -1 $-1 0.7030086927023224685 -15.89697027071759905 0.5 -0.7327430776405858825 0.6805053873187210112 0 I I #
point $-1 -1 $-1 0.7030086927023224685 -15.89697027071759905 0.5 #
color-adesk-attrib $-1 -1 $-1 $-1 $1055 256 #
straight-curve $-1 -1 $-1 0.2999999999999993783 -15.5226923076923029 -0.25 0 0 -1 I I #
color-adesk-attrib $-1 -1 $-1 $-1 $1056 256 #
plane-surface $-1 -1 $-1 0.7030086927023224685 -15.89697027071759905 -0.5 0.6805053873187210112 0.7327430776405858825 0 -0.7327430776405858825 0.6805053873187210112 0 forward_v I I I I #
edge $1284 -1 $-1 $1100 0 $1175 0.4668842309493203557 $1096 $1285 forward @7 unknown #
coedge $-1 -1 $-1 $1063 $1200 $1213 $1286 reversed $1173 $-1 #
loop $-1 -1 $-1 $-1 $1063 $1287 #
color-adesk-attrib $-1 -1 $-1 $-1 $1064 256 #
vertex $-1 -1 $-1 $1171 $1288 #
straight-curve $-1 -1 $-1 0.7030086927023244669 17.9491835754362441 -0.5 -0.7327430776405858825 0.6805053873187210112 0 F 0 F 0.5500000000000000444 #
point $-1 -1 $-1 0.3000000000000022649 18.32346153846154024 -0.5 #
coedge $-1 -1 $-1 $1071 $1198 $1068 $1179 forward $264 $-1 #
edge $1289 -1 $-1 $1181 0 $1074 0.4668842309493203557 $1068 $1290 forward @7 unknown #
color-adesk-attrib $-1 -1 $-1 $-1 $1069 256 #
vertex $-1 -1 $-1 $1179 $1291 #
straight-curve $-1 -1 $-1 0.2999999999999998224 18.32884615384615401 -0.25 0 0 1 I I #
color-adesk-attrib $-1 -1 $-1 $-1 $1072 256 #
straight-curve $-1 -1 $-1 0.703008692702324578 18.5645681908208573 0.5 -0.7327430776405858825 0.6805053873187210112 0 I I #
point $-1 -1 $-1 0.703008692702324578 18.5645681908208573 0.5 #
color-adesk-attrib $-1 -1 $-1 $-1 $1082 256 #
face $1292 -1 $-1 $1293 $1294 $8 $-1 $1295 forward single #
loop $-1 -1 $-1 $-1 $1296 $1082 #
plane-surface $-1 -1 $-1 0.7030086927023244669 17.3337989600516309 -0.5 0.6805053873187210112 0.7327430776405858825 0 -0.7327430776405858825 0.6805053873187210112 0 forward_v I I I I #
color-adesk-attrib $-1 -1 $-1 $-1 $1085 256 #
face $1297 -1 $-1 $1298 $1299 $8 $-1 $355 reversed single #
loop $-1 -1 $-1 $-1 $1300 $1085 #
coedge $-1 -1 $-1 $1301 $1302 $1303 $1304 forward $1086 $-1 #
coedge $-1 -1 $-1 $1305 $1087 $1306 $1307 reversed $986 $-1 #
coedge $-1 -1 $-1 $1087 $1305 $1308 $1309 reversed $986 $-1 #
coedge $-1 -1 $-1 $1310 $1311 $1087 $1197 reversed $1312 $-1 #
edge $1313 -1 $-1 $1314 -0.25 $1315 0.75 $1087 $1316 forward @7 unknown #
coedge $-1 -1 $-1 $1178 $1317 $1088 $1199 forward $264 $-1 #
edge $1318 -1 $-1 $1202 18.32346153846154024 $1181 18.32884615384615401 $1088 $353 forward @7 unknown #
coedge $-1 -1 $-1 $1172 $1089 $1317 $1319 reversed $1173 $-1 #
color-adesk-attrib $-1 -1 $-1 $-1 $1090 256 #
vertex $-1 -1 $-1 $1199 $1320 #
straight-curve $-1 -1 $-1 0.3000000000000007105 18.3234615384615438 -0.25 0 0 -1 I I #
coedge $-1 -1 $-1 $1321 $1296 $1091 $1205 reversed $1188 $-1 #
edge $1322 -1 $-1 $1209 -0.75 $1212 0.25 $1091 $1323 forward @7 unknown #
coedge $-1 -1 $-1 $1317 $1092 $1097 $1214 forward $264 $-1 #
coedge $-1 -1 $-1 $1092 $1324 $1321 $1325 forward $264 $-1 #
color-adesk-attrib $-1 -1 $-1 $-1 $1093 256 #
vertex $-1 -1 $-1 $1093 $1326 #
coedge $-1 -1 $-1 $1327 $1094 $1296 $1328 reversed $102 $-1 #
color-adesk-attrib $-1 -1 $-1 $-1 $1095 256 #
vertex $-1 -1 $-1 $1328 $1329 #
coedge $-1 -1 $-1 $1097 $1096 $1172 $1286 forward $1098 $-1 #
edge $1330 -1 $-1 $1101 0 $1331 0.4668842309493203557 $1097 $1332 forward @7 unknown #
face $1333 -1 $-1 $581 $1098 $8 $-1 $1334 forward single #
point $-1 -1 $-1 0.3000000000000022649 17.71346153846154081 -0.5 #
point $-1 -1 $-1 0.3000000000000022649 17.71346153846154081 0.5 #
color-adesk-attrib $-1 -1 $-1 $-1 $1106 256 #
face $1335 -1 $-1 $1336 $1337 $8 $-1 $1338 forward single #
loop $-1 -1 $-1 $-1 $1339 $1106 #
plane-surface $-1 -1 $-1 0.7030086927023228016 -10.3585087322560625 -0.5 0.6805053873187210112 0.7327430776405858825 0 -0.7327430776405858825 0.6805053873187210112 0 forward_v I I I I #
coedge $-1 -1 $-1 $1340 $1341 $1342 $1343 forward $1107 $-1 #
coedge $-1 -1 $-1 $1344 $1109 $1345 $1346 reversed $998 $-1 #
coedge $-1 -1 $-1 $1109 $1344 $1340 $1347 reversed $998 $-1 #
coedge $-1 -1 $-1 $1342 $1348 $1109 $1226 reversed $102 $-1 #
edge $1349 -1 $-1 $1350 0 $1351 0.5500000000000000444 $1109 $1352 forward @7 unknown #
coedge $-1 -1 $-1 $1111 $1110 $1353 $1354 reversed $885 $-1 #
coedge $-1 -1 $-1 $1355 $1356 $1111 $1229 forward $1357 $-1 #
edge $1358 -1 $-1 $1232 -0.25 $1359 0.75 $1228 $1360 forward @7 unknown #
coedge $-1 -1 $-1 $1141 $1112 $1356 $1361 forward $102 $-1 #
color-adesk-attrib $-1 -1 $-1 $-1 $1113 256 #
vertex $-1 -1 $-1 $1361 $1362 #
straight-curve $-1 -1 $-1 0.3000000000000003775 -13.05576923076922569 -0.5 0.863187629796107414 0.5048832694464910897 0 F 0 F 0.4668842309493203557 #
coedge $-1 -1 $-1 $1363 $1353 $1114 $1235 forward $264 $-1 #
edge $1364 -1 $-1 $1243 0 $1240 0.5500000000000000444 $1114 $1365 forward @7 unknown #
coedge $-1 -1 $-1 $1366 $1115 $1118 $1246 reversed $1238 $-1 #
coedge $-1 -1 $-1 $1115 $1366 $1363 $1367 reversed $1238 $-1 #
loop $-1 -1 $-1 $-1 $1115 $1368 #
color-adesk-attrib $-1 -1 $-1 $-1 $1116 256 #
vertex $-1 -1 $-1 $1367 $1369 #
straight-curve $-1 -1 $-1 0.2999999999999993783 -12.4457692307692227 -0.25 0 0 -1 I I #
color-adesk-attrib $-1 -1 $-1 $-1 $1117 256 #
vertex $-1 -1 $-1 $1117 $1370 #
straight-curve $-1 -1 $-1 0.7030086927023226906 -12.82004719379451885 -0.5 0 0 1 I I #
coedge $-1 -1 $-1 $1118 $1371 $1372 $1373 reversed $102 $-1 #
edge $1374 -1 $-1 $1375 12.44038461538461249 $1121 12.44576923076922625 $1236 $277 forward @7 unknown #
point $-1 -1 $-1 0.7030086927023226906 -12.82004719379451885 -0.5 #
point $-1 -1 $-1 0.3000000000000003775 -12.44576923076922625 -0.5 #
coedge $-1 -1 $-1 $1123 $1149 $1125 $1253 forward $264 $-1 #
color-adesk-attrib $-1 -1 $-1 $-1 $1124 256 #
straight-curve $-1 -1 $-1 0.300000000000000322 -14.28653846153845919 0.5 0.863187629796107414 0.5048832694464910897 0 I I #
coedge $-1 -1 $-1 $1126 $1125 $1155 $1277 forward $1127 $-1 #
edge $1376 -1 $-1 $1377 -14.29192307692308006 $1129 -14.28653846153845919 $1125 $353 forward @7 unknown #
face $1378 -1 $-1 $1138 $1127 $8 $-1 $355 reversed single #
point $-1 -1 $-1 0.300000000000000322 -14.28653846153845919 0.5 #
color-adesk-attrib $-1 -1 $-1 $-1 $1131 256 #
coedge $-1 -1 $-1 $1379 $1133 $1380 $1381 forward $264 $-1 #
coedge $-1 -1 $-1 $1142 $1380 $1136 $1259 reversed $1266 $-1 #
edge $1382 -1 $-1 $1145 -0.25 $1261 0.75 $1136 $1383 forward @7 unknown #
color-adesk-attrib $-1 -1 $-1 $-1 $1137 256 #
vertex $-1 -1 $-1 $1381 $1384 #
color-adesk-attrib $-1 -1 $-1 $-1 $1138 256 #
coedge $-1 -1 $-1 $1385 $1386 $1141 $1264 forward $1387 $-1 #
edge $1388 -1 $-1 $1268 0 $1389 0.5500000000000000444 $1263 $1390 forward @7 unknown #
coedge $-1 -1 $-1 $1380 $1142 $1386 $1391 forward $1266 $-1 #
loop $-1 -1 $-1 $-1 $1142 $1392 #
color-adesk-attrib $-1 -1 $-1 $-1 $1143 256 #
vertex $-1 -1 $-1 $1143 $1393 #
straight-curve $-1 -1 $-1 0.3000000000000003775 -13.67115384615384599 -0.5 0.863187629796107414 0.5048832694464910897 0 F 0 F 0.4668842309493203557 #
point $-1 -1 $-1 0.3000000000000003775 -13.67115384615384599 -0.5 #
point $-1 -1 $-1 0.3000000000000002109 -15.52269230769230646 0.5 #
coedge $-1 -1 $-1 $1156 $1155 $1149 $1273 reversed $1157 $-1 #
edge $1394 -1 $-1 $1275 0 $1377 0.5500000000000000444 $1272 $1395 forward @7 unknown #
color-adesk-attrib $-1 -1 $-1 $-1 $1151 256 #
vertex $-1 -1 $-1 $1161 $1396 #
straight-curve $-1 -1 $-1 0.3000000000000002665 -14.90192307692307949 0.5 0.863187629796107414 0.5048832694464910897 0 I I #
edge $1397 -1 $-1 $1377 -0.75 $1159 0.25 $1252 $1398 forward @7 unknown #
face $1399 -1 $-1 $1162 $1157 $8 $-1 $1400 forward single #
point $-1 -1 $-1 0.3000000000000002665 -14.29192307692308006 -0.5 #
color-adesk-attrib $-1 -1 $-1 $-1 $1161 256 #
straight-curve $-1 -1 $-1 0.7030086927023224685 -14.66620103994837265 -0.5 0 0 1 I I #
color-adesk-attrib $-1 -1 $-1 $-1 $1162 256 #
plane-surface $-1 -1 $-1 0.3000000000000002665 -14.90192307692307949 -0.5 0.5048832694464912008 -0.8631876297961075251 0 0.8631876297961075251 0.5048832694464912008 0 forward_v I I I I #
color-adesk-attrib $-1 -1 $-1 $-1 $1171 256 #
straight-curve $-1 -1 $-1 0.3000000000000022649 17.71346153846154081 -0.5 0.863187629796107414 0.5048832694464910897 0 F 0 F 0.4668842309493203557 #
edge $1401 -1 $-1 $1175 0 $1331 1 $1213 $1402 forward @7 unknown #
face $1403 -1 $-1 $1215 $1173 $8 $-1 $1404 forward single #
point $-1 -1 $-1 0.7030086927023244669 17.9491835754362441 -0.5 #
color-adesk-attrib $-1 -1 $-1 $-1 $1179 256 #
straight-curve $-1 -1 $-1 0.3000000000000023204 18.32884615384615401 0.5 0.863187629796107414 0.5048832694464910897 0 I I #
point $-1 -1 $-1 0.3000000000000023204 18.32884615384615401 0.5 #
color-adesk-attrib $-1 -1 $-1 $-1 $1187 256 #
face $1405 -1 $-1 $1406 $1407 $8 $-1 $1408 forward single #
loop $-1 -1 $-1 $-1 $1409 $1187 #
plane-surface $-1 -1 $-1 0.3000000000000022649 17.09807692307692761 -0.5 0.5048832694464912008 -0.8631876297961075251 0 0.8631876297961075251 0.5048832694464912008 0 forward_v I I I I #
coedge $-1 -1 $-1 $1204 $1410 $1210 $1328 forward $1188 $-1 #
color-adesk-attrib $-1 -1 $-1 $-1 $1191 256 #
face $1411 -1 $-1 $1412 $1413 $8 $-1 $355 reversed single #
loop $-1 -1 $-1 $-1 $1414 $1191 #
coedge $-1 -1 $-1 $1415 $1416 $1417 $1418 forward $1192 $-1 #
coedge $-1 -1 $-1 $1419 $1193 $1420 $1421 reversed $1086 $-1 #
coedge $-1 -1 $-1 $1193 $1419 $1422 $1423 reversed $1086 $-1 #
coedge $-1 -1 $-1 $1424 $1425 $1193 $1304 reversed $1426 $-1 #
edge $1427 -1 $-1 $1428 -0.75 $1429 0.25 $1193 $1430 forward @7 unknown #
coedge $-1 -1 $-1 $1195 $1194 $1431 $1432 forward $986 $-1 #
coedge $-1 -1 $-1 $1433 $1434 $1194 $1307 forward $264 $-1 #
edge $1435 -1 $-1 $1436 16.47730769230769354 $1315 16.48269230769230731 $1194 $353 forward @7 unknown #
coedge $-1 -1 $-1 $1437 $1438 $1195 $1309 forward $102 $-1 #
edge $1439 -1 $-1 $1314 -16.48269230769230731 $1440 -16.47730769230769354 $1195 $277 forward @7 unknown #
coedge $-1 -1 $-1 $1441 $1196 $1438 $1442 forward $1312 $-1 #
coedge $-1 -1 $-1 $1196 $1441 $1433 $1443 reversed $1312 $-1 #
loop $-1 -1 $-1 $-1 $1310 $1444 #
color-adesk-attrib $-1 -1 $-1 $-1 $1197 256 #
vertex $-1 -1 $-1 $1309 $1445 #
vertex $-1 -1 $-1 $1443 $1446 #
straight-curve $-1 -1 $-1 0.2999999999999998224 16.48269230769230731 -0.25 0 0 1 I I #
coedge $-1 -1 $-1 $1198 $1206 $1200 $1319 forward $264 $-1 #
color-adesk-attrib $-1 -1 $-1 $-1 $1199 256 #
edge $1447 -1 $-1 $1331 0 $1202 0.5500000000000000444 $1200 $1448 forward @7 unknown #
point $-1 -1 $-1 0.3000000000000022649 18.32346153846154024 0.5 #
coedge $-1 -1 $-1 $1410 $1204 $1207 $1325 reversed $1188 $-1 #
color-adesk-attrib $-1 -1 $-1 $-1 $1205 256 #
straight-curve $-1 -1 $-1 0.3000000000000007105 17.7080769230769306 -0.25 0 0 -1 I I #
coedge $-1 -1 $-1 $1207 $1422 $1449 $1450 forward $264 $-1 #
edge $1451 -1 $-1 $1452 0 $1209 0.5500000000000000444 $1321 $1453 forward @7 unknown #
point $-1 -1 $-1 0.3000000000000022649 17.70807692307692705 0.5 #
coedge $-1 -1 $-1 $1420 $1210 $1409 $1454 reversed $102 $-1 #
edge $1455 -1 $-1 $1456 0 $1212 0.5500000000000000444 $1296 $1457 forward @7 unknown #
point $-1 -1 $-1 0.3000000000000022649 17.70807692307692705 -0.5 #
color-adesk-attrib $-1 -1 $-1 $-1 $1214 256 #
vertex $-1 -1 $-1 $1286 $1458 #
straight-curve $-1 -1 $-1 0.3000000000000022649 17.71346153846154081 0.5 0.863187629796107414 0.5048832694464910897 0 I I #
color-adesk-attrib $-1 -1 $-1 $-1 $1215 256 #
plane-surface $-1 -1 $-1 0.3000000000000022649 17.71346153846154081 -0.5 0.5048832694464912008 -0.8631876297961075251 0 0.8631876297961075251 0.5048832694464912008 0 forward_v I I I I #
color-adesk-attrib $-1 -1 $-1 $-1 $1219 256 #
face $1459 -1 $-1 $1460 $1461 $8 $-1 $1462 forward single #
loop $-1 -1 $-1 $-1 $1463 $1219 #
plane-surface $-1 -1 $-1 0.300000000000000544 -10.59423076923076579 -0.5 0.5048832694464912008 -0.8631876297961075251 0 0.8631876297961075251 0.5048832694464912008 0 forward_v I I I I #
coedge $-1 -1 $-1 $1464 $1465 $1466 $1467 forward $1220 $-1 #
coedge $-1 -1 $-1 $1468 $1222 $1224 $1347 forward $1107 $-1 #
coedge $-1 -1 $-1 $1222 $1468 $1469 $1470 reversed $1107 $-1 #
coedge $-1 -1 $-1 $1471 $1225 $1222 $1343 reversed $102 $-1 #
edge $1472 -1 $-1 $1473 0 $1350 0.4668842309493203557 $1222 $1474 forward @7 unknown #
coedge $-1 -1 $-1 $1224 $1223 $1475 $1476 reversed $998 $-1 #
coedge $-1 -1 $-1 $1477 $1478 $1223 $1346 forward $1479 $-1 #
edge $1480 -1 $-1 $1481 -0.75 $1351 0.25 $1345 $1482 forward @7 unknown #
edge $1483 -1 $-1 $1350 0 $1484 1 $1340 $1485 forward @7 unknown #
coedge $-1 -1 $-1 $1225 $1486 $1477 $1487 forward $102 $-1 #
color-adesk-attrib $-1 -1 $-1 $-1 $1226 256 #
vertex $-1 -1 $-1 $1343 $1488 #
vertex $-1 -1 $-1 $1226 $1489 #
straight-curve $-1 -1 $-1 0.7030086927023226906 -11.589277963025296 -0.5 -0.7327430776405858825 0.6805053873187210112 0 F 0 F 0.5500000000000000444 #
coedge $-1 -1 $-1 $1234 $1490 $1227 $1354 forward $264 $-1 #
edge $1491 -1 $-1 $1359 0 $1243 0.4668842309493203557 $1227 $1492 forward @7 unknown #
coedge $-1 -1 $-1 $1493 $1228 $1490 $1494 reversed $1357 $-1 #
coedge $-1 -1 $-1 $1228 $1493 $1230 $1361 reversed $1357 $-1 #
loop $-1 -1 $-1 $-1 $1228 $1495 #
color-adesk-attrib $-1 -1 $-1 $-1 $1229 256 #
vertex $-1 -1 $-1 $1354 $1496 #
straight-curve $-1 -1 $-1 0.2999999999999998224 -13.05576923076922924 -0.25 0 0 1 I I #
edge $1497 -1 $-1 $1232 13.05576923076922569 $1389 13.06115384615384656 $1356 $277 forward @7 unknown #
point $-1 -1 $-1 0.3000000000000003775 -13.05576923076922569 -0.5 #
coedge $-1 -1 $-1 $1498 $1234 $1237 $1367 forward $264 $-1 #
color-adesk-attrib $-1 -1 $-1 $-1 $1235 256 #
straight-curve $-1 -1 $-1 0.7030086927023226906 -12.82004719379451885 0.5 -0.7327430776405858825 0.6805053873187210112 0 I I #
coedge $-1 -1 $-1 $1237 $1236 $1499 $1500 forward $1238 $-1 #
edge $1501 -1 $-1 $1240 -12.44576923076922625 $1502 -12.44038461538461249 $1237 $353 forward @7 unknown #
face $1503 -1 $-1 $1254 $1238 $8 $-1 $355 reversed single #
point $-1 -1 $-1 0.3000000000000003775 -12.44576923076922625 0.5 #
point $-1 -1 $-1 0.7030086927023226906 -12.82004719379451885 0.5 #
coedge $-1 -1 $-1 $1245 $1471 $1504 $1505 reversed $102 $-1 #
coedge $-1 -1 $-1 $1506 $1499 $1245 $1373 forward $1507 $-1 #
edge $1508 -1 $-1 $1375 0 $1509 0.4668842309493203557 $1372 $1510 forward @7 unknown #
color-adesk-attrib $-1 -1 $-1 $-1 $1246 256 #
vertex $-1 -1 $-1 $1246 $1511 #
color-adesk-attrib $-1 -1 $-1 $-1 $1253 256 #
vertex $-1 -1 $-1 $1253 $1512 #
color-adesk-attrib $-1 -1 $-1 $-1 $1254 256 #
coedge $-1 -1 $-1 $1490 $1257 $1513 $1514 forward $264 $-1 #
coedge $-1 -1 $-1 $1258 $1265 $1257 $1381 reversed $1266 $-1 #
edge $1515 -1 $-1 $1261 0 $1516 0.4668842309493203557 $1380 $1517 forward @7 unknown #
color-adesk-attrib $-1 -1 $-1 $-1 $1259 256 #
straight-curve $-1 -1 $-1 0.2999999999999998224 -13.67115384615384777 -0.25 0 0 1 I I #
point $-1 -1 $-1 0.3000000000000003775 -13.67115384615384599 0.5 #
coedge $-1 -1 $-1 $1513 $1263 $1493 $1518 reversed $1387 $-1 #
coedge $-1 -1 $-1 $1263 $1513 $1265 $1391 reversed $1387 $-1 #
loop $-1 -1 $-1 $-1 $1263 $1519 #
color-adesk-attrib $-1 -1 $-1 $-1 $1264 256 #
vertex $-1 -1 $-1 $1264 $1520 #
straight-curve $-1 -1 $-1 0.7030086927023226906 -13.43543180917913915 -0.5 -0.7327430776405858825 0.6805053873187210112 0 F 0 F 0.5500000000000000444 #
edge $1521 -1 $-1 $1268 0 $1516 1 $1265 $1522 forward @7 unknown #
face $1523 -1 $-1 $1278 $1266 $8 $-1 $1524 forward single #
point $-1 -1 $-1 0.7030086927023226906 -13.43543180917913915 -0.5 #
color-adesk-attrib $-1 -1 $-1 $-1 $1273 256 #
straight-curve $-1 -1 $-1 0.7030086927023224685 -14.66620103994837265 0.5 -0.7327430776405858825 0.6805053873187210112 0 I I #
point $-1 -1 $-1 0.7030086927023224685 -14.66620103994837265 0.5 #
color-adesk-attrib $-1 -1 $-1 $-1 $1277 256 #
straight-curve $-1 -1 $-1 0.2999999999999993783 -14.29192307692307651 -0.25 0 0 -1 I I #
color-adesk-attrib $-1 -1 $-1 $-1 $1278 256 #
plane-surface $-1 -1 $-1 0.7030086927023224685 -14.66620103994837265 -0.5 0.6805053873187210112 0.7327430776405858825 0 -0.7327430776405858825 0.6805053873187210112 0 forward_v I I I I #
color-adesk-attrib $-1 -1 $-1 $-1 $1286 256 #
straight-curve $-1 -1 $-1 0.7030086927023244669 17.9491835754362441 -0.5 0 0 1 I I #
color-adesk-attrib $-1 -1 $-1 $-1 $1287 256 #
plane-surface $-1 -1 $-1 0.7030086927023244669 17.9491835754362441 -0.5 0.6805053873187210112 0.7327430776405858825 0 -0.7327430776405858825 0.6805053873187210112 0 forward_v I I I I #
color-adesk-attrib $-1 -1 $-1 $-1 $1293 256 #
face $1525 -1 $-1 $1526 $1527 $8 $-1 $1528 forward single #
loop $-1 -1 $-1 $-1 $1529 $1293 #
plane-surface $-1 -1 $-1 0.7030086927023244669 16.1030297292823974 -0.5 0.6805053873187210112 0.7327430776405858825 0 -0.7327430776405858825 0.6805053873187210112 0 forward_v I I I I #
coedge $-1 -1 $-1 $1530 $1531 $1327 $1454 forward $1294 $-1 #
coedge $-1 -1 $-1 $1296 $1321 $1530 $1532 reversed $1188 $-1 #
color-adesk-attrib $-1 -1 $-1 $-1 $1298 256 #
face $1533 -1 $-1 $1534 $1535 $8 $-1 $355 reversed single #
loop $-1 -1 $-1 $-1 $1536 $1298 #
coedge $-1 -1 $-1 $1537 $1538 $1539 $1540 forward $1299 $-1 #
coedge $-1 -1 $-1 $1541 $1300 $1542 $1543 reversed $1192 $-1 #
coedge $-1 -1 $-1 $1300 $1541 $1544 $1545 reversed $1192 $-1 #
coedge $-1 -1 $-1 $1546 $1547 $1300 $1418 reversed $1548 $-1 #
edge $1549 -1 $-1 $1550 -0.25 $1551 0.75 $1300 $1552 forward @7 unknown #
coedge $-1 -1 $-1 $1302 $1301 $1531 $1553 forward $1086 $-1 #
coedge $-1 -1 $-1 $1554 $1327 $1301 $1421 forward $102 $-1 #
edge $1555 -1 $-1 $1556 -17.09807692307692761 $1429 -17.09269230769230674 $1301 $277 forward @7 unknown #
coedge $-1 -1 $-1 $1324 $1557 $1302 $1423 forward $264 $-1 #
edge $1558 -1 $-1 $1428 17.09269230769230674 $1559 17.09807692307692761 $1302 $353 forward @7 unknown #
coedge $-1 -1 $-1 $1560 $1303 $1557 $1561 reversed $1426 $-1 #
coedge $-1 -1 $-1 $1303 $1560 $1554 $1562 forward $1426 $-1 #
loop $-1 -1 $-1 $-1 $1425 $1563 #
color-adesk-attrib $-1 -1 $-1 $-1 $1304 256 #
vertex $-1 -1 $-1 $1423 $1564 #
vertex $-1 -1 $-1 $1562 $1565 #
straight-curve $-1 -1 $-1 0.3000000000000007105 17.09269230769231029 -0.25 0 0 -1 I I #
coedge $-1 -1 $-1 $1566 $1529 $1305 $1432 reversed $1407 $-1 #
edge $1567 -1 $-1 $1436 -0.75 $1440 0.25 $1305 $1568 forward @7 unknown #
coedge $-1 -1 $-1 $1557 $1306 $1311 $1443 forward $264 $-1 #
coedge $-1 -1 $-1 $1306 $1569 $1566 $1570 forward $264 $-1 #
color-adesk-attrib $-1 -1 $-1 $-1 $1307 256 #
vertex $-1 -1 $-1 $1307 $1571 #
coedge $-1 -1 $-1 $1572 $1308 $1529 $1573 reversed $102 $-1 #
coedge $-1 -1 $-1 $1308 $1554 $1310 $1442 reversed $102 $-1 #
color-adesk-attrib $-1 -1 $-1 $-1 $1309 256 #
vertex $-1 -1 $-1 $1573 $1574 #
coedge $-1 -1 $-1 $1311 $1310 $1560 $1575 forward $1312 $-1 #
edge $1576 -1 $-1 $1314 0 $1577 0.4668842309493203557 $1310 $1578 forward @7 unknown #
edge $1579 -1 $-1 $1315 0 $1580 0.4668842309493203557 $1311 $1581 forward @7 unknown #
face $1582 -1 $-1 $1287 $1312 $8 $-1 $1583 forward single #
point $-1 -1 $-1 0.3000000000000022093 16.48269230769230731 -0.5 #
point $-1 -1 $-1 0.3000000000000022093 16.48269230769230731 0.5 #
color-adesk-attrib $-1 -1 $-1 $-1 $1319 256 #
straight-curve $-1 -1 $-1 0.7030086927023244669 17.9491835754362441 0.5 -0.7327430776405858825 0.6805053873187210112 0 I I #
coedge $-1 -1 $-1 $1531 $1530 $1324 $1450 reversed $1294 $-1 #
edge $1584 -1 $-1 $1559 0 $1452 0.4668842309493203557 $1449 $1585 forward @7 unknown #
color-adesk-attrib $-1 -1 $-1 $-1 $1325 256 #
vertex $-1 -1 $-1 $1532 $1586 #
straight-curve $-1 -1 $-1 0.7030086927023244669 17.3337989600516309 0.5 -0.7327430776405858825 0.6805053873187210112 0 I I #
edge $1587 -1 $-1 $1556 0 $1456 0.4668842309493203557 $1409 $1588 forward @7 unknown #
color-adesk-attrib $-1 -1 $-1 $-1 $1328 256 #
vertex $-1 -1 $-1 $1454 $1589 #
straight-curve $-1 -1 $-1 0.7030086927023244669 17.3337989600516309 -0.5 -0.7327430776405858825 0.6805053873187210112 0 F 0 F 0.5500000000000000444 #
point $-1 -1 $-1 0.7030086927023244669 17.9491835754362441 0.5 #
color-adesk-attrib $-1 -1 $-1 $-1 $1336 256 #
face $1590 -1 $-1 $1591 $1592 $8 $-1 $1593 forward single #
loop $-1 -1 $-1 $-1 $1594 $1336 #
plane-surface $-1 -1 $-1 0.7030086927023229126 -9.127739501486836105 -0.5 0.6805053873187210112 0.7327430776405858825 0 -0.7327430776405858825 0.6805053873187210112 0 forward_v I I I I #
coedge $-1 -1 $-1 $1595 $1596 $1597 $1598 forward $1337 $-1 #
coedge $-1 -1 $-1 $1599 $1339 $1600 $1601 reversed $1220 $-1 #
coedge $-1 -1 $-1 $1339 $1599 $1595 $1602 reversed $1220 $-1 #
coedge $-1 -1 $-1 $1597 $1603 $1339 $1467 reversed $102 $-1 #
edge $1604 -1 $-1 $1605 0 $1606 0.5500000000000000444 $1339 $1607 forward @7 unknown #
coedge $-1 -1 $-1 $1341 $1340 $1608 $1609 reversed $1107 $-1 #
coedge $-1 -1 $-1 $1610 $1611 $1341 $1470 forward $1612 $-1 #
edge $1613 -1 $-1 $1473 -0.25 $1614 0.75 $1469 $1615 forward @7 unknown #
coedge $-1 -1 $-1 $1371 $1342 $1611 $1616 forward $102 $-1 #
color-adesk-attrib $-1 -1 $-1 $-1 $1343 256 #
vertex $-1 -1 $-1 $1616 $1617 #
straight-curve $-1 -1 $-1 0.3000000000000004885 -11.82499999999999929 -0.5 0.863187629796107414 0.5048832694464910897 0 F 0 F 0.4668842309493203557 #
coedge $-1 -1 $-1 $1618 $1608 $1344 $1476 forward $264 $-1 #
edge $1619 -1 $-1 $1484 0 $1481 0.5500000000000000444 $1344 $1620 forward @7 unknown #
coedge $-1 -1 $-1 $1621 $1345 $1348 $1487 reversed $1479 $-1 #
coedge $-1 -1 $-1 $1345 $1621 $1618 $1622 reversed $1479 $-1 #
loop $-1 -1 $-1 $-1 $1345 $1623 #
color-adesk-attrib $-1 -1 $-1 $-1 $1346 256 #
vertex $-1 -1 $-1 $1622 $1624 #
straight-curve $-1 -1 $-1 0.2999999999999998224 -11.21499999999999986 -0.25 0 0 -1 I I #
color-adesk-attrib $-1 -1 $-1 $-1 $1347 256 #
vertex $-1 -1 $-1 $1347 $1625 #
straight-curve $-1 -1 $-1 0.7030086927023226906 -11.589277963025296 -0.5 0 0 1 I I #
coedge $-1 -1 $-1 $1348 $1626 $1627 $1628 reversed $102 $-1 #
edge $1629 -1 $-1 $1630 11.20961538461538254 $1351 11.21499999999999986 $1477 $277 forward @7 unknown #
point $-1 -1 $-1 0.7030086927023226906 -11.589277963025296 -0.5 #
point $-1 -1 $-1 0.3000000000000004885 -11.21499999999999986 -0.5 #
coedge $-1 -1 $-1 $1353 $1379 $1355 $1494 forward $264 $-1 #
color-adesk-attrib $-1 -1 $-1 $-1 $1354 256 #
straight-curve $-1 -1 $-1 0.3000000000000003775 -13.05576923076922569 0.5 0.863187629796107414 0.5048832694464910897 0 I I #
coedge $-1 -1 $-1 $1356 $1355 $1385 $1518 forward $1357 $-1 #
edge $1631 -1 $-1 $1632 -13.06115384615384656 $1359 -13.05576923076922569 $1355 $353 forward @7 unknown #
face $1633 -1 $-1 $1368 $1357 $8 $-1 $355 reversed single #
point $-1 -1 $-1 0.3000000000000003775 -13.05576923076922569 0.5 #
color-adesk-attrib $-1 -1 $-1 $-1 $1361 256 #
coedge $-1 -1 $-1 $1634 $1363 $1635 $1636 forward $264 $-1 #
coedge $-1 -1 $-1 $1372 $1635 $1366 $1500 reversed $1507 $-1 #
edge $1637 -1 $-1 $1375 -0.25 $1502 0.75 $1366 $1638 forward @7 unknown #
color-adesk-attrib $-1 -1 $-1 $-1 $1367 256 #
vertex $-1 -1 $-1 $1636 $1639 #
color-adesk-attrib $-1 -1 $-1 $-1 $1368 256 #
coedge $-1 -1 $-1 $1640 $1641 $1371 $1505 forward $1642 $-1 #
edge $1643 -1 $-1 $1509 0 $1644 0.5500000000000000444 $1504 $1645 forward @7 unknown #
coedge $-1 -1 $-1 $1635 $1372 $1641 $1646 forward $1507 $-1 #
loop $-1 -1 $-1 $-1 $1372 $1647 #
color-adesk-attrib $-1 -1 $-1 $-1 $1373 256 #
vertex $-1 -1 $-1 $1373 $1648 #
straight-curve $-1 -1 $-1 0.300000000000000433 -12.44038461538461249 -0.5 0.863187629796107414 0.5048832694464910897 0 F 0 F 0.4668842309493203557 #
point $-1 -1 $-1 0.300000000000000433 -12.44038461538461249 -0.5 #
point $-1 -1 $-1 0.3000000000000002665 -14.29192307692308006 0.5 #
coedge $-1 -1 $-1 $1386 $1385 $1379 $1514 reversed $1387 $-1 #
edge $1649 -1 $-1 $1516 0 $1632 0.5500000000000000444 $1513 $1650 forward @7 unknown #
color-adesk-attrib $-1 -1 $-1 $-1 $1381 256 #
vertex $-1 -1 $-1 $1391 $1651 #
straight-curve $-1 -1 $-1 0.3000000000000003775 -13.67115384615384599 0.5 0.863187629796107414 0.5048832694464910897 0 I I #
edge $1652 -1 $-1 $1632 -0.75 $1389 0.25 $1493 $1653 forward @7 unknown #
face $1654 -1 $-1 $1392 $1387 $8 $-1 $1655 forward single #
point $-1 -1 $-1 0.3000000000000003775 -13.06115384615384656 -0.5 #
color-adesk-attrib $-1 -1 $-1 $-1 $1391 256 #
straight-curve $-1 -1 $-1 0.7030086927023226906 -13.43543180917913915 -0.5 0 0 1 I I #
color-adesk-attrib $-1 -1 $-1 $-1 $1392 256 #
plane-surface $-1 -1 $-1 0.3000000000000003775 -13.67115384615384599 -0.5 0.5048832694464912008 -0.8631876297961075251 0 0.8631876297961075251 0.5048832694464912008 0 forward_v I I I I #
color-adesk-attrib $-1 -1 $-1 $-1 $1406 256 #
face $1656 -1 $-1 $1657 $1658 $8 $-1 $1659 forward single #
loop $-1 -1 $-1 $-1 $1660 $1406 #
plane-surface $-1 -1 $-1 0.3000000000000021538 15.86730769230769411 -0.5 0.5048832694464912008 -0.8631876297961075251 0 0.8631876297961075251 0.5048832694464912008 0 forward_v I I I I #
coedge $-1 -1 $-1 $1431 $1661 $1437 $1573 forward $1407 $-1 #
coedge $-1 -1 $-1 $1449 $1409 $1410 $1532 forward $1294 $-1 #
coedge $-1 -1 $-1 $1409 $1449 $1419 $1553 reversed $1294 $-1 #
edge $1662 -1 $-1 $1456 0 $1452 1 $1530 $1663 forward @7 unknown #
color-adesk-attrib $-1 -1 $-1 $-1 $1412 256 #
face $1664 -1 $-1 $1665 $1666 $8 $-1 $355 reversed single #
loop $-1 -1 $-1 $-1 $1667 $1412 #
coedge $-1 -1 $-1 $1668 $1669 $1670 $1671 forward $1413 $-1 #
coedge $-1 -1 $-1 $1672 $1414 $1673 $1674 reversed $1299 $-1 #
coedge $-1 -1 $-1 $1414 $1672 $1675 $1676 reversed $1299 $-1 #
coedge $-1 -1 $-1 $1677 $1678 $1414 $1540 reversed $1679 $-1 #
edge $1680 -1 $-1 $1681 -0.75 $1682 0.25 $1414 $1683 forward @7 unknown #
coedge $-1 -1 $-1 $1416 $1415 $1684 $1685 forward $1192 $-1 #
coedge $-1 -1 $-1 $1686 $1687 $1415 $1543 forward $264 $-1 #
edge $1688 -1 $-1 $1689 15.24653846153846715 $1551 15.25192307692308091 $1415 $353 forward @7 unknown #
coedge $-1 -1 $-1 $1690 $1691 $1416 $1545 forward $102 $-1 #
edge $1692 -1 $-1 $1550 -15.25192307692308091 $1693 -15.24653846153846715 $1416 $277 forward @7 unknown #
coedge $-1 -1 $-1 $1694 $1417 $1691 $1695 forward $1548 $-1 #
coedge $-1 -1 $-1 $1417 $1694 $1686 $1696 reversed $1548 $-1 #
loop $-1 -1 $-1 $-1 $1546 $1697 #
color-adesk-attrib $-1 -1 $-1 $-1 $1418 256 #
vertex $-1 -1 $-1 $1545 $1698 #
vertex $-1 -1 $-1 $1696 $1699 #
straight-curve $-1 -1 $-1 0.2999999999999998224 15.25192307692308091 -0.25 0 0 1 I I #
edge $1700 -1 $-1 $1556 -0.25 $1559 0.75 $1419 $1701 forward @7 unknown #
coedge $-1 -1 $-1 $1438 $1420 $1425 $1562 reversed $102 $-1 #
color-adesk-attrib $-1 -1 $-1 $-1 $1421 256 #
vertex $-1 -1 $-1 $1421 $1702 #
coedge $-1 -1 $-1 $1422 $1433 $1424 $1561 forward $264 $-1 #
color-adesk-attrib $-1 -1 $-1 $-1 $1423 256 #
vertex $-1 -1 $-1 $1450 $1703 #
coedge $-1 -1 $-1 $1425 $1424 $1441 $1575 reversed $1426 $-1 #
edge $1704 -1 $-1 $1580 0 $1428 0.5500000000000000444 $1424 $1705 forward @7 unknown #
edge $1706 -1 $-1 $1577 0 $1429 0.5500000000000000444 $1425 $1707 forward @7 unknown #
face $1708 -1 $-1 $1444 $1426 $8 $-1 $1709 forward single #
point $-1 -1 $-1 0.3000000000000022093 17.09269230769230674 0.5 #
point $-1 -1 $-1 0.3000000000000022093 17.09269230769230674 -0.5 #
coedge $-1 -1 $-1 $1661 $1431 $1434 $1570 reversed $1407 $-1 #
color-adesk-attrib $-1 -1 $-1 $-1 $1432 256 #
straight-curve $-1 -1 $-1 0.2999999999999998224 16.4773076923076971 -0.25 0 0 -1 I I #
coedge $-1 -1 $-1 $1434 $1675 $1710 $1711 forward $264 $-1 #
edge $1712 -1 $-1 $1713 0 $1436 0.5500000000000000444 $1566 $1714 forward @7 unknown #
point $-1 -1 $-1 0.3000000000000021538 16.47730769230769354 0.5 #
coedge $-1 -1 $-1 $1673 $1437 $1660 $1715 reversed $102 $-1 #
edge $1716 -1 $-1 $1717 0 $1440 0.5500000000000000444 $1529 $1718 forward @7 unknown #
point $-1 -1 $-1 0.3000000000000021538 16.47730769230769354 -0.5 #
edge $1719 -1 $-1 $1577 0 $1580 1 $1441 $1720 forward @7 unknown #
color-adesk-attrib $-1 -1 $-1 $-1 $1442 256 #
vertex $-1 -1 $-1 $1442 $1721 #
straight-curve $-1 -1 $-1 0.3000000000000022093 16.48269230769230731 -0.5 0.863187629796107414 0.5048832694464910897 0 F 0 F 0.4668842309493203557 #
color-adesk-attrib $-1 -1 $-1 $-1 $1443 256 #
vertex $-1 -1 $-1 $1575 $1722 #
straight-curve $-1 -1 $-1 0.3000000000000022093 16.48269230769230731 0.5 0.863187629796107414 0.5048832694464910897 0 I I #
color-adesk-attrib $-1 -1 $-1 $-1 $1444 256 #
plane-surface $-1 -1 $-1 0.3000000000000022093 16.48269230769230731 -0.5 0.5048832694464912008 -0.8631876297961075251 0 0.8631876297961075251 0.5048832694464912008 0 forward_v I I I I #
color-adesk-attrib $-1 -1 $-1 $-1 $1450 256 #
straight-curve $-1 -1 $-1 0.3000000000000022649 17.09807692307692761 0.5 0.863187629796107414 0.5048832694464910897 0 I I #
point $-1 -1 $-1 0.7030086927023244669 17.3337989600516309 0.5 #
color-adesk-attrib $-1 -1 $-1 $-1 $1454 256 #
straight-curve $-1 -1 $-1 0.3000000000000022649 17.09807692307692761 -0.5 0.863187629796107414 0.5048832694464910897 0 F 0 F 0.4668842309493203557 #
point $-1 -1 $-1 0.7030086927023244669 17.3337989600516309 -0.5 #
color-adesk-attrib $-1 -1 $-1 $-1 $1460 256 #
face $1723 -1 $-1 $1724 $1725 $8 $-1 $1726 forward single #
loop $-1 -1 $-1 $-1 $1727 $1460 #
plane-surface $-1 -1 $-1 0.3000000000000005995 -9.363461538461539391 -0.5 0.5048832694464912008 -0.8631876297961075251 0 0.8631876297961075251 0.5048832694464912008 0 forward_v I I I I #
coedge $-1 -1 $-1 $1728 $1729 $1730 $1731 forward $1461 $-1 #
coedge $-1 -1 $-1 $1732 $1463 $1465 $1602 forward $1337 $-1 #
coedge $-1 -1 $-1 $1463 $1732 $1733 $1734 reversed $1337 $-1 #
coedge $-1 -1 $-1 $1735 $1466 $1463 $1598 reversed $102 $-1 #
edge $1736 -1 $-1 $1737 0 $1605 0.4668842309493203557 $1463 $1738 forward @7 unknown #
coedge $-1 -1 $-1 $1465 $1464 $1739 $1740 reversed $1220 $-1 #
coedge $-1 -1 $-1 $1741 $1742 $1464 $1601 forward $1743 $-1 #
edge $1744 -1 $-1 $1745 -0.75 $1606 0.25 $1600 $1746 forward @7 unknown #
edge $1747 -1 $-1 $1605 0 $1748 1 $1595 $1749 forward @7 unknown #
coedge $-1 -1 $-1 $1466 $1750 $1741 $1751 forward $102 $-1 #
color-adesk-attrib $-1 -1 $-1 $-1 $1467 256 #
vertex $-1 -1 $-1 $1598 $1752 #
vertex $-1 -1 $-1 $1467 $1753 #
straight-curve $-1 -1 $-1 0.7030086927023228016 -10.3585087322560625 -0.5 -0.7327430776405858825 0.6805053873187210112 0 F 0 F 0.5500000000000000444 #
coedge $-1 -1 $-1 $1475 $1754 $1468 $1609 forward $264 $-1 #
edge $1755 -1 $-1 $1614 0 $1484 0.4668842309493203557 $1468 $1756 forward @7 unknown #
coedge $-1 -1 $-1 $1757 $1469 $1754 $1758 reversed $1612 $-1 #
coedge $-1 -1 $-1 $1469 $1757 $1471 $1616 reversed $1612 $-1 #
loop $-1 -1 $-1 $-1 $1469 $1759 #
color-adesk-attrib $-1 -1 $-1 $-1 $1470 256 #
vertex $-1 -1 $-1 $1609 $1760 #
straight-curve $-1 -1 $-1 0.2999999999999998224 -11.82500000000000284 -0.25 0 0 1 I I #
edge $1761 -1 $-1 $1473 11.82499999999999929 $1644 11.83038461538461306 $1611 $277 forward @7 unknown #
point $-1 -1 $-1 0.3000000000000004885 -11.82499999999999929 -0.5 #
coedge $-1 -1 $-1 $1762 $1475 $1478 $1622 forward $264 $-1 #
color-adesk-attrib $-1 -1 $-1 $-1 $1476 256 #
straight-curve $-1 -1 $-1 0.7030086927023226906 -11.589277963025296 0.5 -0.7327430776405858825 0.6805053873187210112 0 I I #
coedge $-1 -1 $-1 $1478 $1477 $1763 $1764 forward $1479 $-1 #
edge $1765 -1 $-1 $1481 -11.21499999999999986 $1766 -11.20961538461538254 $1478 $353 forward @7 unknown #
face $1767 -1 $-1 $1495 $1479 $8 $-1 $355 reversed single #
point $-1 -1 $-1 0.3000000000000004885 -11.21499999999999986 0.5 #
point $-1 -1 $-1 0.7030086927023226906 -11.589277963025296 0.5 #
coedge $-1 -1 $-1 $1486 $1735 $1768 $1769 reversed $102 $-1 #
coedge $-1 -1 $-1 $1770 $1763 $1486 $1628 forward $1771 $-1 #
edge $1772 -1 $-1 $1630 0 $1773 0.4668842309493203557 $1627 $1774 forward @7 unknown #
color-adesk-attrib $-1 -1 $-1 $-1 $1487 256 #
vertex $-1 -1 $-1 $1487 $1775 #
color-adesk-attrib $-1 -1 $-1 $-1 $1494 256 #
vertex $-1 -1 $-1 $1494 $1776 #
color-adesk-attrib $-1 -1 $-1 $-1 $1495 256 #
coedge $-1 -1 $-1 $1754 $1498 $1777 $1778 forward $264 $-1 #
coedge $-1 -1 $-1 $1499 $1506 $1498 $1636 reversed $1507 $-1 #
edge $1779 -1 $-1 $1502 0 $1780 0.4668842309493203557 $1635 $1781 forward @7 unknown #
color-adesk-attrib $-1 -1 $-1 $-1 $1500 256 #
straight-curve $-1 -1 $-1 0.2999999999999998224 -12.44038461538461249 -0.25 0 0 1 I I #
point $-1 -1 $-1 0.300000000000000433 -12.44038461538461249 0.5 #
coedge $-1 -1 $-1 $1777 $1504 $1757 $1782 reversed $1642 $-1 #
coedge $-1 -1 $-1 $1504 $1777 $1506 $1646 reversed $1642 $-1 #
loop $-1 -1 $-1 $-1 $1504 $1783 #
color-adesk-attrib $-1 -1 $-1 $-1 $1505 256 #
vertex $-1 -1 $-1 $1505 $1784 #
straight-curve $-1 -1 $-1 0.7030086927023226906 -12.20466257840990565 -0.5 -0.7327430776405858825 0.6805053873187210112 0 F 0 F 0.5500000000000000444 #
edge $1785 -1 $-1 $1509 0 $1780 1 $1506 $1786 forward @7 unknown #
face $1787 -1 $-1 $1519 $1507 $8 $-1 $1788 forward single #
point $-1 -1 $-1 0.7030086927023226906 -12.20466257840990565 -0.5 #
color-adesk-attrib $-1 -1 $-1 $-1 $1514 256 #
straight-curve $-1 -1 $-1 0.7030086927023226906 -13.43543180917913915 0.5 -0.7327430776405858825 0.6805053873187210112 0 I I #
point $-1 -1 $-1 0.7030086927023226906 -13.43543180917913915 0.5 #
color-adesk-attrib $-1 -1 $-1 $-1 $1518 256 #
straight-curve $-1 -1 $-1 0.2999999999999998224 -13.06115384615384123 -0.25 0 0 -1 I I #
color-adesk-attrib $-1 -1 $-1 $-1 $1519 256 #
plane-surface $-1 -1 $-1 0.7030086927023226906 -13.43543180917913915 -0.5 0.6805053873187210112 0.7327430776405858825 0 -0.7327430776405858825 0.6805053873187210112 0 forward_v I I I I #
color-adesk-attrib $-1 -1 $-1 $-1 $1526 256 #
face $1789 -1 $-1 $1790 $1791 $8 $-1 $1792 forward single #
loop $-1 -1 $-1 $-1 $1793 $1526 #
plane-surface $-1 -1 $-1 0.7030086927023243559 14.872260498513171 -0.5 0.6805053873187210112 0.7327430776405858825 0 -0.7327430776405858825 0.6805053873187210112 0 forward_v I I I I #
coedge $-1 -1 $-1 $1794 $1795 $1572 $1715 forward $1527 $-1 #
coedge $-1 -1 $-1 $1529 $1566 $1794 $1796 reversed $1407 $-1 #
color-adesk-attrib $-1 -1 $-1 $-1 $1532 256 #
straight-curve $-1 -1 $-1 0.7030086927023244669 17.3337989600516309 -0.5 0 0 1 I I #
color-adesk-attrib $-1 -1 $-1 $-1 $1534 256 #
face $1797 -1 $-1 $1798 $1799 $8 $-1 $355 reversed single #
loop $-1 -1 $-1 $-1 $1800 $1534 #
coedge $-1 -1 $-1 $1801 $1802 $1803 $1804 forward $1535 $-1 #
coedge $-1 -1 $-1 $1805 $1536 $1806 $1807 reversed $1413 $-1 #
coedge $-1 -1 $-1 $1536 $1805 $1808 $1809 reversed $1413 $-1 #
coedge $-1 -1 $-1 $1810 $1811 $1536 $1671 reversed $1812 $-1 #
edge $1813 -1 $-1 $1814 -0.25 $1815 0.75 $1536 $1816 forward @7 unknown #
coedge $-1 -1 $-1 $1538 $1537 $1795 $1817 forward $1299 $-1 #
coedge $-1 -1 $-1 $1818 $1572 $1537 $1674 forward $102 $-1 #
edge $1819 -1 $-1 $1820 -15.86730769230769411 $1682 -15.86192307692308034 $1537 $277 forward @7 unknown #
coedge $-1 -1 $-1 $1569 $1821 $1538 $1676 forward $264 $-1 #
edge $1822 -1 $-1 $1681 15.86192307692308034 $1823 15.86730769230769411 $1538 $353 forward @7 unknown #
coedge $-1 -1 $-1 $1824 $1539 $1821 $1825 reversed $1679 $-1 #
coedge $-1 -1 $-1 $1539 $1824 $1818 $1826 forward $1679 $-1 #
loop $-1 -1 $-1 $-1 $1678 $1827 #
color-adesk-attrib $-1 -1 $-1 $-1 $1540 256 #
vertex $-1 -1 $-1 $1676 $1828 #
vertex $-1 -1 $-1 $1826 $1829 #
straight-curve $-1 -1 $-1 0.2999999999999998224 15.8619230769230839 -0.25 0 0 -1 I I #
coedge $-1 -1 $-1 $1830 $1793 $1541 $1685 reversed $1658 $-1 #
edge $1831 -1 $-1 $1689 -0.75 $1693 0.25 $1541 $1832 forward @7 unknown #
coedge $-1 -1 $-1 $1821 $1542 $1547 $1696 forward $264 $-1 #
coedge $-1 -1 $-1 $1542 $1833 $1830 $1834 forward $264 $-1 #
color-adesk-attrib $-1 -1 $-1 $-1 $1543 256 #
vertex $-1 -1 $-1 $1543 $1835 #
coedge $-1 -1 $-1 $1836 $1544 $1793 $1837 reversed $102 $-1 #
coedge $-1 -1 $-1 $1544 $1818 $1546 $1695 reversed $102 $-1 #
color-adesk-attrib $-1 -1 $-1 $-1 $1545 256 #
vertex $-1 -1 $-1 $1837 $1838 #
coedge $-1 -1 $-1 $1547 $1546 $1824 $1839 forward $1548 $-1 #
edge $1840 -1 $-1 $1550 0 $1841 0.4668842309493203557 $1546 $1842 forward @7 unknown #
edge $1843 -1 $-1 $1551 0 $1844 0.4668842309493203557 $1547 $1845 forward @7 unknown #
face $1846 -1 $-1 $1563 $1548 $8 $-1 $1847 forward single #
point $-1 -1 $-1 0.3000000000000021538 15.25192307692308091 -0.5 #
point $-1 -1 $-1 0.3000000000000021538 15.25192307692308091 0.5 #
color-adesk-attrib $-1 -1 $-1 $-1 $1553 256 #
straight-curve $-1 -1 $-1 0.2999999999999998224 17.09807692307692761 -0.25 0 0 1 I I #
point $-1 -1 $-1 0.3000000000000022649 17.09807692307692761 -0.5 #
point $-1 -1 $-1 0.3000000000000022649 17.09807692307692761 0.5 #
color-adesk-attrib $-1 -1 $-1 $-1 $1561 256 #
straight-curve $-1 -1 $-1 0.7030086927023244669 16.7184143446670106 0.5 -0.7327430776405858825 0.6805053873187210112 0 I I #
color-adesk-attrib $-1 -1 $-1 $-1 $1562 256 #
straight-curve $-1 -1 $-1 0.7030086927023244669 16.7184143446670106 -0.5 -0.7327430776405858825 0.6805053873187210112 0 F 0 F 0.5500000000000000444 #
color-adesk-attrib $-1 -1 $-1 $-1 $1563 256 #
plane-surface $-1 -1 $-1 0.7030086927023244669 16.7184143446670106 -0.5 0.6805053873187210112 0.7327430776405858825 0 -0.7327430776405858825 0.6805053873187210112 0 forward_v I I I I #
coedge $-1 -1 $-1 $1795 $1794 $1569 $1711 reversed $1527 $-1 #
edge $1848 -1 $-1 $1823 0 $1713 0.4668842309493203557 $1710 $1849 forward @7 unknown #
color-adesk-attrib $-1 -1 $-1 $-1 $1570 256 #
vertex $-1 -1 $-1 $1796 $1850 #
straight-curve $-1 -1 $-1 0.7030086927023244669 16.1030297292823974 0.5 -0.7327430776405858825 0.6805053873187210112 0 I I #
edge $1851 -1 $-1 $1820 0 $1717 0.4668842309493203557 $1660 $1852 forward @7 unknown #
color-adesk-attrib $-1 -1 $-1 $-1 $1573 256 #
vertex $-1 -1 $-1 $1715 $1853 #
straight-curve $-1 -1 $-1 0.7030086927023244669 16.1030297292823974 -0.5 -0.7327430776405858825 0.6805053873187210112 0 F 0 F 0.5500000000000000444 #
color-adesk-attrib $-1 -1 $-1 $-1 $1575 256 #
straight-curve $-1 -1 $-1 0.7030086927023244669 16.7184143446670106 -0.5 0 0 1 I I #
point $-1 -1 $-1 0.7030086927023244669 16.7184143446670106 -0.5 #
point $-1 -1 $-1 0.7030086927023244669 16.7184143446670106 0.5 #
color-adesk-attrib $-1 -1 $-1 $-1 $1591 256 #
face $1854 -1 $-1 $1855 $1856 $8 $-1 $1857 forward single #
loop $-1 -1 $-1 $-1 $1858 $1591 #
plane-surface $-1 -1 $-1 0.7030086927023229126 -7.896970270717602602 -0.5 0.6805053873187210112 0.7327430776405858825 0 -0.7327430776405858825 0.6805053873187210112 0 forward_v I I I I #
coedge $-1 -1 $-1 $1859 $1860 $1861 $1862 forward $1592 $-1 #
coedge $-1 -1 $-1 $1863 $1594 $1864 $1865 reversed $1461 $-1 #
coedge $-1 -1 $-1 $1594 $1863 $1859 $1866 reversed $1461 $-1 #
coedge $-1 -1 $-1 $1861 $1867 $1594 $1731 reversed $102 $-1 #
edge $1868 -1 $-1 $1869 0 $1870 0.5500000000000000444 $1594 $1871 forward @7 unknown #
coedge $-1 -1 $-1 $1596 $1595 $1872 $1873 reversed $1337 $-1 #
coedge $-1 -1 $-1 $1874 $1875 $1596 $1734 forward $1876 $-1 #
edge $1877 -1 $-1 $1737 -0.25 $1878 0.75 $1733 $1879 forward @7 unknown #
coedge $-1 -1 $-1 $1626 $1597 $1875 $1880 forward $102 $-1 #
color-adesk-attrib $-1 -1 $-1 $-1 $1598 256 #
vertex $-1 -1 $-1 $1880 $1881 #
straight-curve $-1 -1 $-1 0.300000000000000544 -10.59423076923076579 -0.5 0.863187629796107414 0.5048832694464910897 0 F 0 F 0.4668842309493203557 #
coedge $-1 -1 $-1 $1882 $1872 $1599 $1740 forward $264 $-1 #
edge $1883 -1 $-1 $1748 0 $1745 0.5500000000000000444 $1599 $1884 forward @7 unknown #
coedge $-1 -1 $-1 $1885 $1600 $1603 $1751 reversed $1743 $-1 #
coedge $-1 -1 $-1 $1600 $1885 $1882 $1886 reversed $1743 $-1 #
loop $-1 -1 $-1 $-1 $1600 $1887 #
color-adesk-attrib $-1 -1 $-1 $-1 $1601 256 #
vertex $-1 -1 $-1 $1886 $1888 #
straight-curve $-1 -1 $-1 0.2999999999999993783 -9.984230769230766356 -0.25 0 0 -1 I I #
color-adesk-attrib $-1 -1 $-1 $-1 $1602 256 #
vertex $-1 -1 $-1 $1602 $1889 #
straight-curve $-1 -1 $-1 0.7030086927023228016 -10.3585087322560625 -0.5 0 0 1 I I #
coedge $-1 -1 $-1 $1603 $1890 $1891 $1892 reversed $102 $-1 #
edge $1893 -1 $-1 $1894 9.978846153846152589 $1606 9.984230769230766356 $1741 $277 forward @7 unknown #
point $-1 -1 $-1 0.7030086927023228016 -10.3585087322560625 -0.5 #
point $-1 -1 $-1 0.300000000000000544 -9.984230769230766356 -0.5 #
coedge $-1 -1 $-1 $1608 $1634 $1610 $1758 forward $264 $-1 #
color-adesk-attrib $-1 -1 $-1 $-1 $1609 256 #
straight-curve $-1 -1 $-1 0.3000000000000004885 -11.82499999999999929 0.5 0.863187629796107414 0.5048832694464910897 0 I I #
coedge $-1 -1 $-1 $1611 $1610 $1640 $1782 forward $1612 $-1 #
edge $1895 -1 $-1 $1896 -11.83038461538461306 $1614 -11.82499999999999929 $1610 $353 forward @7 unknown #
face $1897 -1 $-1 $1623 $1612 $8 $-1 $355 reversed single #
point $-1 -1 $-1 0.3000000000000004885 -11.82499999999999929 0.5 #
color-adesk-attrib $-1 -1 $-1 $-1 $1616 256 #
coedge $-1 -1 $-1 $1898 $1618 $1899 $1900 forward $264 $-1 #
coedge $-1 -1 $-1 $1627 $1899 $1621 $1764 reversed $1771 $-1 #
edge $1901 -1 $-1 $1630 -0.25 $1766 0.75 $1621 $1902 forward @7 unknown #
color-adesk-attrib $-1 -1 $-1 $-1 $1622 256 #
vertex $-1 -1 $-1 $1900 $1903 #
color-adesk-attrib $-1 -1 $-1 $-1 $1623 256 #
coedge $-1 -1 $-1 $1904 $1905 $1626 $1769 forward $1906 $-1 #
edge $1907 -1 $-1 $1773 0 $1908 0.5500000000000000444 $1768 $1909 forward @7 unknown #
coedge $-1 -1 $-1 $1899 $1627 $1905 $1910 forward $1771 $-1 #
loop $-1 -1 $-1 $-1 $1627 $1911 #
color-adesk-attrib $-1 -1 $-1 $-1 $1628 256 #
vertex $-1 -1 $-1 $1628 $1912 #
straight-curve $-1 -1 $-1 0.3000000000000004885 -11.20961538461538254 -0.5 0.863187629796107414 0.5048832694464910897 0 F 0 F 0.4668842309493203557 #
point $-1 -1 $-1 0.3000000000000004885 -11.20961538461538254 -0.5 #
point $-1 -1 $-1 0.3000000000000003775 -13.06115384615384656 0.5 #
coedge $-1 -1 $-1 $1641 $1640 $1634 $1778 reversed $1642 $-1 #
edge $1913 -1 $-1 $1780 0 $1896 0.5500000000000000444 $1777 $1914 forward @7 unknown #
color-adesk-attrib $-1 -1 $-1 $-1 $1636 256 #
vertex $-1 -1 $-1 $1646 $1915 #
straight-curve $-1 -1 $-1 0.300000000000000433 -12.44038461538461249 0.5 0.863187629796107414 0.5048832694464910897 0 I I #
edge $1916 -1 $-1 $1896 -0.75 $1644 0.25 $1757 $1917 forward @7 unknown #
face $1918 -1 $-1 $1647 $1642 $8 $-1 $1919 forward single #
point $-1 -1 $-1 0.300000000000000433 -11.83038461538461306 -0.5 #
color-adesk-attrib $-1 -1 $-1 $-1 $1646 256 #
straight-curve $-1 -1 $-1 0.7030086927023226906 -12.20466257840990565 -0.5 0 0 1 I I #
color-adesk-attrib $-1 -1 $-1 $-1 $1647 256 #
plane-surface $-1 -1 $-1 0.300000000000000433 -12.44038461538461249 -0.5 0.5048832694464912008 -0.8631876297961075251 0 0.8631876297961075251 0.5048832694464912008 0 forward_v I I I I #
color-adesk-attrib $-1 -1 $-1 $-1 $1657 256 #
face $1920 -1 $-1 $1921 $1922 $8 $-1 $1923 forward single #
loop $-1 -1 $-1 $-1 $1924 $1657 #
plane-surface $-1 -1 $-1 0.3000000000000020983 14.63653846153846771 -0.5 0.5048832694464912008 -0.8631876297961075251 0 0.8631876297961075251 0.5048832694464912008 0 forward_v I I I I #
coedge $-1 -1 $-1 $1684 $1925 $1690 $1837 forward $1658 $-1 #
coedge $-1 -1 $-1 $1710 $1660 $1661 $1796 forward $1527 $-1 #
coedge $-1 -1 $-1 $1660 $1710 $1672 $1817 reversed $1527 $-1 #
edge $1926 -1 $-1 $1717 0 $1713 1 $1794 $1927 forward @7 unknown #
color-adesk-attrib $-1 -1 $-1 $-1 $1665 256 #
face $1928 -1 $-1 $1929 $1930 $8 $-1 $355 reversed single #
loop $-1 -1 $-1 $-1 $1931 $1665 #
coedge $-1 -1 $-1 $1932 $1933 $1934 $1935 forward $1666 $-1 #
coedge $-1 -1 $-1 $1936 $1667 $1937 $1938 reversed $1535 $-1 #
coedge $-1 -1 $-1 $1667 $1936 $1939 $1940 reversed $1535 $-1 #
coedge $-1 -1 $-1 $1941 $1942 $1667 $1804 reversed $1943 $-1 #
edge $1944 -1 $-1 $1945 -0.75 $1946 0.25 $1667 $1947 forward @7 unknown #
coedge $-1 -1 $-1 $1669 $1668 $1948 $1949 forward $1413 $-1 #
coedge $-1 -1 $-1 $1950 $1951 $1668 $1807 forward $264 $-1 #
edge $1952 -1 $-1 $1953 14.01576923076923364 $1815 14.02115384615384741 $1668 $353 forward @7 unknown #
coedge $-1 -1 $-1 $1954 $1955 $1669 $1809 forward $102 $-1 #
edge $1956 -1 $-1 $1814 -14.02115384615384741 $1957 -14.01576923076923364 $1669 $277 forward @7 unknown #
coedge $-1 -1 $-1 $1958 $1670 $1955 $1959 forward $1812 $-1 #
coedge $-1 -1 $-1 $1670 $1958 $1950 $1960 reversed $1812 $-1 #
loop $-1 -1 $-1 $-1 $1810 $1961 #
color-adesk-attrib $-1 -1 $-1 $-1 $1671 256 #
vertex $-1 -1 $-1 $1809 $1962 #
vertex $-1 -1 $-1 $1960 $1963 #
straight-curve $-1 -1 $-1 0.2999999999999998224 14.02115384615384741 -0.25 0 0 1 I I #
edge $1964 -1 $-1 $1820 -0.25 $1823 0.75 $1672 $1965 forward @7 unknown #
coedge $-1 -1 $-1 $1691 $1673 $1678 $1826 reversed $102 $-1 #
color-adesk-attrib $-1 -1 $-1 $-1 $1674 256 #
vertex $-1 -1 $-1 $1674 $1966 #
coedge $-1 -1 $-1 $1675 $1686 $1677 $1825 forward $264 $-1 #
color-adesk-attrib $-1 -1 $-1 $-1 $1676 256 #
vertex $-1 -1 $-1 $1711 $1967 #
coedge $-1 -1 $-1 $1678 $1677 $1694 $1839 reversed $1679 $-1 #
edge $1968 -1 $-1 $1844 0 $1681 0.5500000000000000444 $1677 $1969 forward @7 unknown #
edge $1970 -1 $-1 $1841 0 $1682 0.5500000000000000444 $1678 $1971 forward @7 unknown #
face $1972 -1 $-1 $1697 $1679 $8 $-1 $1973 forward single #
point $-1 -1 $-1 0.3000000000000021538 15.86192307692308034 0.5 #
point $-1 -1 $-1 0.3000000000000021538 15.86192307692308034 -0.5 #
coedge $-1 -1 $-1 $1925 $1684 $1687 $1834 reversed $1658 $-1 #
color-adesk-attrib $-1 -1 $-1 $-1 $1685 256 #
straight-curve $-1 -1 $-1 0.3000000000000007105 15.24653846153846892 -0.25 0 0 -1 I I #
coedge $-1 -1 $-1 $1687 $1939 $1974 $1975 forward $264 $-1 #
edge $1976 -1 $-1 $1977 0 $1689 0.5500000000000000444 $1830 $1978 forward @7 unknown #
point $-1 -1 $-1 0.3000000000000020983 15.24653846153846715 0.5 #
coedge $-1 -1 $-1 $1937 $1690 $1924 $1979 reversed $102 $-1 #
edge $1980 -1 $-1 $1981 0 $1693 0.5500000000000000444 $1793 $1982 forward @7 unknown #
point $-1 -1 $-1 0.3000000000000020983 15.24653846153846715 -0.5 #
edge $1983 -1 $-1 $1841 0 $1844 1 $1694 $1984 forward @7 unknown #
color-adesk-attrib $-1 -1 $-1 $-1 $1695 256 #
vertex $-1 -1 $-1 $1695 $1985 #
straight-curve $-1 -1 $-1 0.3000000000000021538 15.25192307692308091 -0.5 0.863187629796107414 0.5048832694464910897 0 F 0 F 0.4668842309493203557 #
color-adesk-attrib $-1 -1 $-1 $-1 $1696 256 #
vertex $-1 -1 $-1 $1839 $1986 #
straight-curve $-1 -1 $-1 0.3000000000000021538 15.25192307692308091 0.5 0.863187629796107414 0.5048832694464910897 0 I I #
color-adesk-attrib $-1 -1 $-1 $-1 $1697 256 #
plane-surface $-1 -1 $-1 0.3000000000000021538 15.25192307692308091 -0.5 0.5048832694464912008 -0.8631876297961075251 0 0.8631876297961075251 0.5048832694464912008 0 forward_v I I I I #
color-adesk-attrib $-1 -1 $-1 $-1 $1711 256 #
straight-curve $-1 -1 $-1 0.3000000000000021538 15.86730769230769411 0.5 0.863187629796107414 0.5048832694464910897 0 I I #
point $-1 -1 $-1 0.7030086927023244669 16.1030297292823974 0.5 #
color-adesk-attrib $-1 -1 $-1 $-1 $1715 256 #
straight-curve $-1 -1 $-1 0.3000000000000021538 15.86730769230769411 -0.5 0.863187629796107414 0.5048832694464910897 0 F 0 F 0.4668842309493203557 #
point $-1 -1 $-1 0.7030086927023244669 16.1030297292823974 -0.5 #
color-adesk-attrib $-1 -1 $-1 $-1 $1724 256 #
face $1987 -1 $-1 $1988 $1989 $8 $-1 $1990 forward single #
loop $-1 -1 $-1 $-1 $1991 $1724 #
plane-surface $-1 -1 $-1 0.3000000000000007105 -8.132692307692305889 -0.5 0.5048832694464912008 -0.8631876297961075251 0 0.8631876297961075251 0.5048832694464912008 0 forward_v I I I I #
coedge $-1 -1 $-1 $1992 $1993 $1994 $1995 forward $1725 $-1 #
coedge $-1 -1 $-1 $1996 $1727 $1729 $1866 forward $1592 $-1 #
coedge $-1 -1 $-1 $1727 $1996 $1997 $1998 reversed $1592 $-1 #
coedge $-1 -1 $-1 $1999 $1730 $1727 $1862 reversed $102 $-1 #
edge $2000 -1 $-1 $2001 0 $1869 0.4668842309493203557 $1727 $2002 forward @7 unknown #
coedge $-1 -1 $-1 $1729 $1728 $2003 $2004 reversed $1461 $-1 #
coedge $-1 -1 $-1 $2005 $2006 $1728 $1865 forward $2007 $-1 #
edge $2008 -1 $-1 $2009 -0.75 $1870 0.25 $1864 $2010 forward @7 unknown #
edge $2011 -1 $-1 $1869 0 $2012 1 $1859 $2013 forward @7 unknown #
coedge $-1 -1 $-1 $1730 $2014 $2005 $2015 forward $102 $-1 #
color-adesk-attrib $-1 -1 $-1 $-1 $1731 256 #
vertex $-1 -1 $-1 $1862 $2016 #
vertex $-1 -1 $-1 $1731 $2017 #
straight-curve $-1 -1 $-1 0.7030086927023229126 -9.127739501486836105 -0.5 -0.7327430776405858825 0.6805053873187210112 0 F 0 F 0.5500000000000000444 #
coedge $-1 -1 $-1 $1739 $2018 $1732 $1873 forward $264 $-1 #
edge $2019 -1 $-1 $1878 0 $1748 0.4668842309493203557 $1732 $2020 forward @7 unknown #
coedge $-1 -1 $-1 $2021 $1733 $2018 $2022 reversed $1876 $-1 #
coedge $-1 -1 $-1 $1733 $2021 $1735 $1880 reversed $1876 $-1 #
loop $-1 -1 $-1 $-1 $1733 $2023 #
color-adesk-attrib $-1 -1 $-1 $-1 $1734 256 #
vertex $-1 -1 $-1 $1873 $2024 #
straight-curve $-1 -1 $-1 0.2999999999999998224 -10.59423076923076756 -0.25 0 0 1 I I #
edge $2025 -1 $-1 $1737 10.59423076923076579 $1908 10.59961538461538311 $1875 $277 forward @7 unknown #
point $-1 -1 $-1 0.300000000000000544 -10.59423076923076579 -0.5 #
coedge $-1 -1 $-1 $2026 $1739 $1742 $1886 forward $264 $-1 #
color-adesk-attrib $-1 -1 $-1 $-1 $1740 256 #
straight-curve $-1 -1 $-1 0.7030086927023228016 -10.3585087322560625 0.5 -0.7327430776405858825 0.6805053873187210112 0 I I #
coedge $-1 -1 $-1 $1742 $1741 $2027 $2028 forward $1743 $-1 #
edge $2029 -1 $-1 $1745 -9.984230769230766356 $2030 -9.978846153846152589 $1742 $353 forward @7 unknown #
face $2031 -1 $-1 $1759 $1743 $8 $-1 $355 reversed single #
point $-1 -1 $-1 0.300000000000000544 -9.984230769230766356 0.5 #
point $-1 -1 $-1 0.7030086927023228016 -10.3585087322560625 0.5 #
coedge $-1 -1 $-1 $1750 $1999 $2032 $2033 reversed $102 $-1 #
coedge $-1 -1 $-1 $2034 $2027 $1750 $1892 forward $2035 $-1 #
edge $2036 -1 $-1 $1894 0 $2037 0.4668842309493203557 $1891 $2038 forward @7 unknown #
color-adesk-attrib $-1 -1 $-1 $-1 $1751 256 #
vertex $-1 -1 $-1 $1751 $2039 #
color-adesk-attrib $-1 -1 $-1 $-1 $1758 256 #
vertex $-1 -1 $-1 $1758 $2040 #
color-adesk-attrib $-1 -1 $-1 $-1 $1759 256 #
coedge $-1 -1 $-1 $2018 $1762 $2041 $2042 forward $264 $-1 #
coedge $-1 -1 $-1 $1763 $1770 $1762 $1900 reversed $1771 $-1 #
edge $2043 -1 $-1 $1766 0 $2044 0.4668842309493203557 $1899 $2045 forward @7 unknown #
color-adesk-attrib $-1 -1 $-1 $-1 $1764 256 #
straight-curve $-1 -1 $-1 0.2999999999999998224 -11.20961538461538254 -0.25 0 0 1 I I #
point $-1 -1 $-1 0.3000000000000004885 -11.20961538461538254 0.5 #
coedge $-1 -1 $-1 $2041 $1768 $2021 $2046 reversed $1906 $-1 #
coedge $-1 -1 $-1 $1768 $2041 $1770 $1910 reversed $1906 $-1 #
loop $-1 -1 $-1 $-1 $1768 $2047 #
color-adesk-attrib $-1 -1 $-1 $-1 $1769 256 #
vertex $-1 -1 $-1 $1769 $2048 #
straight-curve $-1 -1 $-1 0.7030086927023226906 -10.97389334764067925 -0.5 -0.7327430776405858825 0.6805053873187210112 0 F 0 F 0.5500000000000000444 #
edge $2049 -1 $-1 $1773 0 $2044 1 $1770 $2050 forward @7 unknown #
face $2051 -1 $-1 $1783 $1771 $8 $-1 $2052 forward single #
point $-1 -1 $-1 0.7030086927023226906 -10.97389334764067925 -0.5 #
color-adesk-attrib $-1 -1 $-1 $-1 $1778 256 #
straight-curve $-1 -1 $-1 0.7030086927023226906 -12.20466257840990565 0.5 -0.7327430776405858825 0.6805053873187210112 0 I I #
point $-1 -1 $-1 0.7030086927023226906 -12.20466257840990565 0.5 #
color-adesk-attrib $-1 -1 $-1 $-1 $1782 256 #
straight-curve $-1 -1 $-1 0.2999999999999998224 -11.8303846153846095 -0.25 0 0 -1 I I #
color-adesk-attrib $-1 -1 $-1 $-1 $1783 256 #
plane-surface $-1 -1 $-1 0.7030086927023226906 -12.20466257840990565 -0.5 0.6805053873187210112 0.7327430776405858825 0 -0.7327430776405858825 0.6805053873187210112 0 forward_v I I I I #
color-adesk-attrib $-1 -1 $-1 $-1 $1790 256 #
face $2053 -1 $-1 $2054 $2055 $8 $-1 $2056 forward single #
loop $-1 -1 $-1 $-1 $2057 $1790 #
plane-surface $-1 -1 $-1 0.7030086927023242449 13.6414912677439375 -0.5 0.6805053873187210112 0.7327430776405858825 0 -0.7327430776405858825 0.6805053873187210112 0 forward_v I I I I #
coedge $-1 -1 $-1 $2058 $2059 $1836 $1979 forward $1791 $-1 #
coedge $-1 -1 $-1 $1793 $1830 $2058 $2060 reversed $1658 $-1 #
color-adesk-attrib $-1 -1 $-1 $-1 $1796 256 #
straight-curve $-1 -1 $-1 0.7030086927023244669 16.1030297292823974 -0.5 0 0 1 I I #
color-adesk-attrib $-1 -1 $-1 $-1 $1798 256 #
face $2061 -1 $-1 $2062 $2063 $8 $-1 $355 reversed single #
loop $-1 -1 $-1 $-1 $2064 $1798 #
coedge $-1 -1 $-1 $2065 $2066 $2067 $2068 forward $1799 $-1 #
coedge $-1 -1 $-1 $2069 $1800 $2070 $2071 reversed $1666 $-1 #
coedge $-1 -1 $-1 $1800 $2069 $2072 $2073 reversed $1666 $-1 #
coedge $-1 -1 $-1 $2074 $2075 $1800 $1935 reversed $2076 $-1 #
edge $2077 -1 $-1 $2078 -0.25 $2079 0.75 $1800 $2080 forward @7 unknown #
coedge $-1 -1 $-1 $1802 $1801 $2059 $2081 forward $1535 $-1 #
coedge $-1 -1 $-1 $2082 $1836 $1801 $1938 forward $102 $-1 #
edge $2083 -1 $-1 $2084 -14.63653846153846771 $1946 -14.63115384615384684 $1801 $277 forward @7 unknown #
coedge $-1 -1 $-1 $1833 $2085 $1802 $1940 forward $264 $-1 #
edge $2086 -1 $-1 $1945 14.63115384615384684 $2087 14.63653846153846771 $1802 $353 forward @7 unknown #
coedge $-1 -1 $-1 $2088 $1803 $2085 $2089 reversed $1943 $-1 #
coedge $-1 -1 $-1 $1803 $2088 $2082 $2090 forward $1943 $-1 #
loop $-1 -1 $-1 $-1 $1942 $2091 #
color-adesk-attrib $-1 -1 $-1 $-1 $1804 256 #
vertex $-1 -1 $-1 $1940 $2092 #
vertex $-1 -1 $-1 $2090 $2093 #
straight-curve $-1 -1 $-1 0.3000000000000002665 14.6311538461538504 -0.25 0 0 -1 I I #
coedge $-1 -1 $-1 $2094 $2057 $1805 $1949 reversed $1922 $-1 #
edge $2095 -1 $-1 $1953 -0.75 $1957 0.25 $1805 $2096 forward @7 unknown #
coedge $-1 -1 $-1 $2085 $1806 $1811 $1960 forward $264 $-1 #
coedge $-1 -1 $-1 $1806 $2097 $2094 $2098 forward $264 $-1 #
color-adesk-attrib $-1 -1 $-1 $-1 $1807 256 #
vertex $-1 -1 $-1 $1807 $2099 #
coedge $-1 -1 $-1 $2100 $1808 $2057 $2101 reversed $102 $-1 #
coedge $-1 -1 $-1 $1808 $2082 $1810 $1959 reversed $102 $-1 #
color-adesk-attrib $-1 -1 $-1 $-1 $1809 256 #
vertex $-1 -1 $-1 $2101 $2102 #
coedge $-1 -1 $-1 $1811 $1810 $2088 $2103 forward $1812 $-1 #
edge $2104 -1 $-1 $1814 0 $2105 0.4668842309493203557 $1810 $2106 forward @7 unknown #
edge $2107 -1 $-1 $1815 0 $2108 0.4668842309493203557 $1811 $2109 forward @7 unknown #
face $2110 -1 $-1 $1827 $1812 $8 $-1 $2111 forward single #
point $-1 -1 $-1 0.3000000000000020428 14.02115384615384741 -0.5 #
point $-1 -1 $-1 0.3000000000000020428 14.02115384615384741 0.5 #
color-adesk-attrib $-1 -1 $-1 $-1 $1817 256 #
straight-curve $-1 -1 $-1 0.2999999999999998224 15.86730769230769411 -0.25 0 0 1 I I #
point $-1 -1 $-1 0.3000000000000021538 15.86730769230769411 -0.5 #
point $-1 -1 $-1 0.3000000000000021538 15.86730769230769411 0.5 #
color-adesk-attrib $-1 -1 $-1 $-1 $1825 256 #
straight-curve $-1 -1 $-1 0.7030086927023244669 15.4876451138977842 0.5 -0.7327430776405858825 0.6805053873187210112 0 I I #
color-adesk-attrib $-1 -1 $-1 $-1 $1826 256 #
straight-curve $-1 -1 $-1 0.7030086927023244669 15.4876451138977842 -0.5 -0.7327430776405858825 0.6805053873187210112 0 F 0 F 0.5500000000000000444 #
color-adesk-attrib $-1 -1 $-1 $-1 $1827 256 #
plane-surface $-1 -1 $-1 0.7030086927023244669 15.4876451138977842 -0.5 0.6805053873187210112 0.7327430776405858825 0 -0.7327430776405858825 0.6805053873187210112 0 forward_v I I I I #
coedge $-1 -1 $-1 $2059 $2058 $1833 $1975 reversed $1791 $-1 #
edge $2112 -1 $-1 $2087 0 $1977 0.4668842309493203557 $1974 $2113 forward @7 unknown #
color-adesk-attrib $-1 -1 $-1 $-1 $1834 256 #
vertex $-1 -1 $-1 $2060 $2114 #
straight-curve $-1 -1 $-1 0.7030086927023243559 14.872260498513171 0.5 -0.7327430776405858825 0.6805053873187210112 0 I I #
edge $2115 -1 $-1 $2084 0 $1981 0.4668842309493203557 $1924 $2116 forward @7 unknown #
color-adesk-attrib $-1 -1 $-1 $-1 $1837 256 #
vertex $-1 -1 $-1 $1979 $2117 #
straight-curve $-1 -1 $-1 0.7030086927023243559 14.872260498513171 -0.5 -0.7327430776405858825 0.6805053873187210112 0 F 0 F 0.5500000000000000444 #
color-adesk-attrib $-1 -1 $-1 $-1 $1839 256 #
straight-curve $-1 -1 $-1 0.7030086927023244669 15.4876451138977842 -0.5 0 0 1 I I #
point $-1 -1 $-1 0.7030086927023244669 15.4876451138977842 -0.5 #
point $-1 -1 $-1 0.7030086927023244669 15.4876451138977842 0.5 #
color-adesk-attrib $-1 -1 $-1 $-1 $1855 256 #
face $2118 -1 $-1 $2119 $2120 $8 $-1 $2121 forward single #
loop $-1 -1 $-1 $-1 $2122 $1855 #
plane-surface $-1 -1 $-1 0.7030086927023231347 -6.666201039948372653 -0.5 0.6805053873187210112 0.7327430776405858825 0 -0.7327430776405858825 0.6805053873187210112 0 forward_v I I I I #
coedge $-1 -1 $-1 $2123 $2124 $2125 $2126 forward $1856 $-1 #
coedge $-1 -1 $-1 $2127 $1858 $2128 $2129 reversed $1725 $-1 #
coedge $-1 -1 $-1 $1858 $2127 $2123 $2130 reversed $1725 $-1 #
coedge $-1 -1 $-1 $2125 $2131 $1858 $1995 reversed $102 $-1 #
edge $2132 -1 $-1 $2133 0 $2134 0.5500000000000000444 $1858 $2135 forward @7 unknown #
coedge $-1 -1 $-1 $1860 $1859 $2136 $2137 reversed $1592 $-1 #
coedge $-1 -1 $-1 $2138 $2139 $1860 $1998 forward $2140 $-1 #
edge $2141 -1 $-1 $2001 -0.25 $2142 0.75 $1997 $2143 forward @7 unknown #
coedge $-1 -1 $-1 $1890 $1861 $2139 $2144 forward $102 $-1 #
color-adesk-attrib $-1 -1 $-1 $-1 $1862 256 #
vertex $-1 -1 $-1 $2144 $2145 #
straight-curve $-1 -1 $-1 0.3000000000000005995 -9.363461538461539391 -0.5 0.863187629796107414 0.5048832694464910897 0 F 0 F 0.4668842309493203557 #
coedge $-1 -1 $-1 $2146 $2136 $1863 $2004 forward $264 $-1 #
edge $2147 -1 $-1 $2012 0 $2009 0.5500000000000000444 $1863 $2148 forward @7 unknown #
coedge $-1 -1 $-1 $2149 $1864 $1867 $2015 reversed $2007 $-1 #
coedge $-1 -1 $-1 $1864 $2149 $2146 $2150 reversed $2007 $-1 #
loop $-1 -1 $-1 $-1 $1864 $2151 #
color-adesk-attrib $-1 -1 $-1 $-1 $1865 256 #
vertex $-1 -1 $-1 $2150 $2152 #
straight-curve $-1 -1 $-1 0.2999999999999996003 -8.753461538461538183 -0.25 0 0 -1 I I #
color-adesk-attrib $-1 -1 $-1 $-1 $1866 256 #
vertex $-1 -1 $-1 $1866 $2153 #
straight-curve $-1 -1 $-1 0.7030086927023229126 -9.127739501486836105 -0.5 0 0 1 I I #
coedge $-1 -1 $-1 $1867 $2154 $2155 $2156 reversed $102 $-1 #
edge $2157 -1 $-1 $2158 8.74807692307692264 $1870 8.753461538461539959 $2005 $277 forward @7 unknown #
point $-1 -1 $-1 0.7030086927023229126 -9.127739501486836105 -0.5 #
point $-1 -1 $-1 0.3000000000000005995 -8.753461538461539959 -0.5 #
coedge $-1 -1 $-1 $1872 $1898 $1874 $2022 forward $264 $-1 #
color-adesk-attrib $-1 -1 $-1 $-1 $1873 256 #
straight-curve $-1 -1 $-1 0.300000000000000544 -10.59423076923076579 0.5 0.863187629796107414 0.5048832694464910897 0 I I #
coedge $-1 -1 $-1 $1875 $1874 $1904 $2046 forward $1876 $-1 #
edge $2159 -1 $-1 $2160 -10.59961538461538311 $1878 -10.59423076923076579 $1874 $353 forward @7 unknown #
face $2161 -1 $-1 $1887 $1876 $8 $-1 $355 reversed single #
point $-1 -1 $-1 0.300000000000000544 -10.59423076923076579 0.5 #
color-adesk-attrib $-1 -1 $-1 $-1 $1880 256 #
coedge $-1 -1 $-1 $2162 $1882 $2163 $2164 forward $264 $-1 #
coedge $-1 -1 $-1 $1891 $2163 $1885 $2028 reversed $2035 $-1 #
edge $2165 -1 $-1 $1894 -0.25 $2030 0.75 $1885 $2166 forward @7 unknown #
color-adesk-attrib $-1 -1 $-1 $-1 $1886 256 #
vertex $-1 -1 $-1 $2164 $2167 #
color-adesk-attrib $-1 -1 $-1 $-1 $1887 256 #
coedge $-1 -1 $-1 $2168 $2169 $1890 $2033 forward $2170 $-1 #
edge $2171 -1 $-1 $2037 0 $2172 0.5500000000000000444 $2032 $2173 forward @7 unknown #
coedge $-1 -1 $-1 $2163 $1891 $2169 $2174 forward $2035 $-1 #
loop $-1 -1 $-1 $-1 $1891 $2175 #
color-adesk-attrib $-1 -1 $-1 $-1 $1892 256 #
vertex $-1 -1 $-1 $1892 $2176 #
straight-curve $-1 -1 $-1 0.3000000000000005995 -9.978846153846152589 -0.5 0.863187629796107414 0.5048832694464910897 0 F 0 F 0.4668842309493203557 #
point $-1 -1 $-1 0.3000000000000005995 -9.978846153846152589 -0.5 #
point $-1 -1 $-1 0.300000000000000433 -11.83038461538461306 0.5 #
coedge $-1 -1 $-1 $1905 $1904 $1898 $2042 reversed $1906 $-1 #
edge $2177 -1 $-1 $2044 0 $2160 0.5500000000000000444 $2041 $2178 forward @7 unknown #
color-adesk-attrib $-1 -1 $-1 $-1 $1900 256 #
vertex $-1 -1 $-1 $1910 $2179 #
straight-curve $-1 -1 $-1 0.3000000000000004885 -11.20961538461538254 0.5 0.863187629796107414 0.5048832694464910897 0 I I #
edge $2180 -1 $-1 $2160 -0.75 $1908 0.25 $2021 $2181 forward @7 unknown #
face $2182 -1 $-1 $1911 $1906 $8 $-1 $2183 forward single #
point $-1 -1 $-1 0.3000000000000004885 -10.59961538461538311 -0.5 #
color-adesk-attrib $-1 -1 $-1 $-1 $1910 256 #
straight-curve $-1 -1 $-1 0.7030086927023226906 -10.97389334764067925 -0.5 0 0 1 I I #
color-adesk-attrib $-1 -1 $-1 $-1 $1911 256 #
plane-surface $-1 -1 $-1 0.3000000000000004885 -11.20961538461538254 -0.5 0.5048832694464912008 -0.8631876297961075251 0 0.8631876297961075251 0.5048832694464912008 0 forward_v I I I I #
color-adesk-attrib $-1 -1 $-1 $-1 $1921 256 #
face $2184 -1 $-1 $2185 $2186 $8 $-1 $2187 forward single #
loop $-1 -1 $-1 $-1 $2188 $1921 #
plane-surface $-1 -1 $-1 0.3000000000000020428 13.40576923076923421 -0.5 0.5048832694464912008 -0.8631876297961075251 0 0.8631876297961075251 0.5048832694464912008 0 forward_v I I I I #
coedge $-1 -1 $-1 $1948 $2189 $1954 $2101 forward $1922 $-1 #
coedge $-1 -1 $-1 $1974 $1924 $1925 $2060 forward $1791 $-1 #
coedge $-1 -1 $-1 $1924 $1974 $1936 $2081 reversed $1791 $-1 #
edge $2190 -1 $-1 $1981 0 $1977 1 $2058 $2191 forward @7 unknown #
color-adesk-attrib $-1 -1 $-1 $-1 $1929 256 #
face $2192 -1 $-1 $2193 $2194 $8 $-1 $355 reversed single #
loop $-1 -1 $-1 $-1 $2195 $1929 #
coedge $-1 -1 $-1 $2196 $2197 $2198 $2199 forward $1930 $-1 #
coedge $-1 -1 $-1 $2200 $1931 $2201 $2202 reversed $1799 $-1 #
coedge $-1 -1 $-1 $1931 $2200 $2203 $2204 reversed $1799 $-1 #
coedge $-1 -1 $-1 $2205 $2206 $1931 $2068 reversed $2207 $-1 #
edge $2208 -1 $-1 $2209 -0.75 $2210 0.25 $1931 $2211 forward @7 unknown #
coedge $-1 -1 $-1 $1933 $1932 $2212 $2213 forward $1666 $-1 #
coedge $-1 -1 $-1 $2214 $2215 $1932 $2071 forward $264 $-1 #
edge $2216 -1 $-1 $2217 12.78500000000000014 $2079 12.79038461538462101 $1932 $353 forward @7 unknown #
coedge $-1 -1 $-1 $2218 $2219 $1933 $2073 forward $102 $-1 #
edge $2220 -1 $-1 $2078 -12.79038461538462101 $2221 -12.78500000000000014 $1933 $277 forward @7 unknown #
coedge $-1 -1 $-1 $2222 $1934 $2219 $2223 forward $2076 $-1 #
coedge $-1 -1 $-1 $1934 $2222 $2214 $2224 reversed $2076 $-1 #
loop $-1 -1 $-1 $-1 $2074 $2225 #
color-adesk-attrib $-1 -1 $-1 $-1 $1935 256 #
vertex $-1 -1 $-1 $2073 $2226 #
vertex $-1 -1 $-1 $2224 $2227 #
straight-curve $-1 -1 $-1 0.3000000000000002665 12.79038461538462101 -0.25 0 0 1 I I #
edge $2228 -1 $-1 $2084 -0.25 $2087 0.75 $1936 $2229 forward @7 unknown #
coedge $-1 -1 $-1 $1955 $1937 $1942 $2090 reversed $102 $-1 #
color-adesk-attrib $-1 -1 $-1 $-1 $1938 256 #
vertex $-1 -1 $-1 $1938 $2230 #
coedge $-1 -1 $-1 $1939 $1950 $1941 $2089 forward $264 $-1 #
color-adesk-attrib $-1 -1 $-1 $-1 $1940 256 #
vertex $-1 -1 $-1 $1975 $2231 #
coedge $-1 -1 $-1 $1942 $1941 $1958 $2103 reversed $1943 $-1 #
edge $2232 -1 $-1 $2108 0 $1945 0.5500000000000000444 $1941 $2233 forward @7 unknown #
edge $2234 -1 $-1 $2105 0 $1946 0.5500000000000000444 $1942 $2235 forward @7 unknown #
face $2236 -1 $-1 $1961 $1943 $8 $-1 $2237 forward single #
point $-1 -1 $-1 0.3000000000000020428 14.63115384615384684 0.5 #
point $-1 -1 $-1 0.3000000000000020428 14.63115384615384684 -0.5 #
coedge $-1 -1 $-1 $2189 $1948 $1951 $2098 reversed $1922 $-1 #
color-adesk-attrib $-1 -1 $-1 $-1 $1949 256 #
straight-curve $-1 -1 $-1 0.3000000000000002665 14.0157692307692372 -0.25 0 0 -1 I I #
coedge $-1 -1 $-1 $1951 $2203 $2238 $2239 forward $264 $-1 #
edge $2240 -1 $-1 $2241 0 $1953 0.5500000000000000444 $2094 $2242 forward @7 unknown #
point $-1 -1 $-1 0.3000000000000020428 14.01576923076923364 0.5 #
coedge $-1 -1 $-1 $2201 $1954 $2188 $2243 reversed $102 $-1 #
edge $2244 -1 $-1 $2245 0 $1957 0.5500000000000000444 $2057 $2246 forward @7 unknown #
point $-1 -1 $-1 0.3000000000000020428 14.01576923076923364 -0.5 #
edge $2247 -1 $-1 $2105 0 $2108 1 $1958 $2248 forward @7 unknown #
color-adesk-attrib $-1 -1 $-1 $-1 $1959 256 #
vertex $-1 -1 $-1 $1959 $2249 #
straight-curve $-1 -1 $-1 0.3000000000000020428 14.02115384615384741 -0.5 0.863187629796107414 0.5048832694464910897 0 F 0 F 0.4668842309493203557 #
color-adesk-attrib $-1 -1 $-1 $-1 $1960 256 #
vertex $-1 -1 $-1 $2103 $2250 #
straight-curve $-1 -1 $-1 0.3000000000000020428 14.02115384615384741 0.5 0.863187629796107414 0.5048832694464910897 0 I I #
color-adesk-attrib $-1 -1 $-1 $-1 $1961 256 #
plane-surface $-1 -1 $-1 0.3000000000000020428 14.02115384615384741 -0.5 0.5048832694464912008 -0.8631876297961075251 0 0.8631876297961075251 0.5048832694464912008 0 forward_v I I I I #
color-adesk-attrib $-1 -1 $-1 $-1 $1975 256 #
straight-curve $-1 -1 $-1 0.3000000000000020983 14.63653846153846771 0.5 0.863187629796107414 0.5048832694464910897 0 I I #
point $-1 -1 $-1 0.7030086927023243559 14.872260498513171 0.5 #
color-adesk-attrib $-1 -1 $-1 $-1 $1979 256 #
straight-curve $-1 -1 $-1 0.3000000000000020983 14.63653846153846771 -0.5 0.863187629796107414 0.5048832694464910897 0 F 0 F 0.4668842309493203557 #
point $-1 -1 $-1 0.7030086927023243559 14.872260498513171 -0.5 #
color-adesk-attrib $-1 -1 $-1 $-1 $1988 256 #
face $2251 -1 $-1 $2252 $2253 $8 $-1 $2254 forward single #
loop $-1 -1 $-1 $-1 $2255 $1988 #
plane-surface $-1 -1 $-1 0.3000000000000008216 -6.901923076923075939 -0.5 0.5048832694464912008 -0.8631876297961075251 0 0.8631876297961075251 0.5048832694464912008 0 forward_v I I I I #
coedge $-1 -1 $-1 $2256 $2257 $2258 $2259 forward $1989 $-1 #
coedge $-1 -1 $-1 $2260 $1991 $1993 $2130 forward $1856 $-1 #
coedge $-1 -1 $-1 $1991 $2260 $2261 $2262 reversed $1856 $-1 #
coedge $-1 -1 $-1 $2263 $1994 $1991 $2126 reversed $102 $-1 #
edge $2264 -1 $-1 $2265 0 $2133 0.4668842309493203557 $1991 $2266 forward @7 unknown #
coedge $-1 -1 $-1 $1993 $1992 $2267 $2268 reversed $1725 $-1 #
coedge $-1 -1 $-1 $2269 $2270 $1992 $2129 forward $2271 $-1 #
edge $2272 -1 $-1 $2273 -0.75 $2134 0.25 $2128 $2274 forward @7 unknown #
edge $2275 -1 $-1 $2133 0 $2276 1 $2123 $2277 forward @7 unknown #
coedge $-1 -1 $-1 $1994 $2278 $2269 $2279 forward $102 $-1 #
color-adesk-attrib $-1 -1 $-1 $-1 $1995 256 #
vertex $-1 -1 $-1 $2126 $2280 #
vertex $-1 -1 $-1 $1995 $2281 #
straight-curve $-1 -1 $-1 0.7030086927023229126 -7.896970270717602602 -0.5 -0.7327430776405858825 0.6805053873187210112 0 F 0 F 0.5500000000000000444 #
coedge $-1 -1 $-1 $2003 $2282 $1996 $2137 forward $264 $-1 #
edge $2283 -1 $-1 $2142 0 $2012 0.4668842309493203557 $1996 $2284 forward @7 unknown #
coedge $-1 -1 $-1 $2285 $1997 $2282 $2286 reversed $2140 $-1 #
coedge $-1 -1 $-1 $1997 $2285 $1999 $2144 reversed $2140 $-1 #
loop $-1 -1 $-1 $-1 $1997 $2287 #
color-adesk-attrib $-1 -1 $-1 $-1 $1998 256 #
vertex $-1 -1 $-1 $2137 $2288 #
straight-curve $-1 -1 $-1 0.2999999999999998224 -9.363461538461541167 -0.25 0 0 1 I I #
edge $2289 -1 $-1 $2001 9.363461538461539391 $2172 9.368846153846153157 $2139 $277 forward @7 unknown #
point $-1 -1 $-1 0.3000000000000005995 -9.363461538461539391 -0.5 #
coedge $-1 -1 $-1 $2290 $2003 $2006 $2150 forward $264 $-1 #
color-adesk-attrib $-1 -1 $-1 $-1 $2004 256 #
straight-curve $-1 -1 $-1 0.7030086927023229126 -9.127739501486836105 0.5 -0.7327430776405858825 0.6805053873187210112 0 I I #
coedge $-1 -1 $-1 $2006 $2005 $2291 $2292 forward $2007 $-1 #
edge $2293 -1 $-1 $2009 -8.753461538461539959 $2294 -8.74807692307692264 $2006 $353 forward @7 unknown #
face $2295 -1 $-1 $2023 $2007 $8 $-1 $355 reversed single #
point $-1 -1 $-1 0.3000000000000005995 -8.753461538461539959 0.5 #
point $-1 -1 $-1 0.7030086927023229126 -9.127739501486836105 0.5 #
coedge $-1 -1 $-1 $2014 $2263 $2296 $2297 reversed $102 $-1 #
coedge $-1 -1 $-1 $2298 $2291 $2014 $2156 forward $2299 $-1 #
edge $2300 -1 $-1 $2158 0 $2301 0.4668842309493203557 $2155 $2302 forward @7 unknown #
color-adesk-attrib $-1 -1 $-1 $-1 $2015 256 #
vertex $-1 -1 $-1 $2015 $2303 #
color-adesk-attrib $-1 -1 $-1 $-1 $2022 256 #
vertex $-1 -1 $-1 $2022 $2304 #
color-adesk-attrib $-1 -1 $-1 $-1 $2023 256 #
coedge $-1 -1 $-1 $2282 $2026 $2305 $2306 forward $264 $-1 #
coedge $-1 -1 $-1 $2027 $2034 $2026 $2164 reversed $2035 $-1 #
edge $2307 -1 $-1 $2030 0 $2308 0.4668842309493203557 $2163 $2309 forward @7 unknown #
color-adesk-attrib $-1 -1 $-1 $-1 $2028 256 #
straight-curve $-1 -1 $-1 0.2999999999999998224 -9.978846153846154365 -0.25 0 0 1 I I #
point $-1 -1 $-1 0.3000000000000005995 -9.978846153846152589 0.5 #
coedge $-1 -1 $-1 $2305 $2032 $2285 $2310 reversed $2170 $-1 #
coedge $-1 -1 $-1 $2032 $2305 $2034 $2174 reversed $2170 $-1 #
loop $-1 -1 $-1 $-1 $2032 $2311 #
color-adesk-attrib $-1 -1 $-1 $-1 $2033 256 #
vertex $-1 -1 $-1 $2033 $2312 #
straight-curve $-1 -1 $-1 0.7030086927023229126 -9.743124116871449303 -0.5 -0.7327430776405858825 0.6805053873187210112 0 F 0 F 0.5500000000000000444 #
edge $2313 -1 $-1 $2037 0 $2308 1 $2034 $2314 forward @7 unknown #
face $2315 -1 $-1 $2047 $2035 $8 $-1 $2316 forward single #
point $-1 -1 $-1 0.7030086927023229126 -9.743124116871449303 -0.5 #
color-adesk-attrib $-1 -1 $-1 $-1 $2042 256 #
straight-curve $-1 -1 $-1 0.7030086927023226906 -10.97389334764067925 0.5 -0.7327430776405858825 0.6805053873187210112 0 I I #
point $-1 -1 $-1 0.7030086927023226906 -10.97389334764067925 0.5 #
color-adesk-attrib $-1 -1 $-1 $-1 $2046 256 #
straight-curve $-1 -1 $-1 0.2999999999999998224 -10.59961538461538311 -0.25 0 0 -1 I I #
color-adesk-attrib $-1 -1 $-1 $-1 $2047 256 #
plane-surface $-1 -1 $-1 0.7030086927023226906 -10.97389334764067925 -0.5 0.6805053873187210112 0.7327430776405858825 0 -0.7327430776405858825 0.6805053873187210112 0 forward_v I I I I #
color-adesk-attrib $-1 -1 $-1 $-1 $2054 256 #
face $2317 -1 $-1 $2318 $2319 $8 $-1 $2320 forward single #
loop $-1 -1 $-1 $-1 $2321 $2054 #
plane-surface $-1 -1 $-1 0.7030086927023242449 12.410722036974704 -0.5 0.6805053873187210112 0.7327430776405858825 0 -0.7327430776405858825 0.6805053873187210112 0 forward_v I I I I #
coedge $-1 -1 $-1 $2322 $2323 $2100 $2243 forward $2055 $-1 #
coedge $-1 -1 $-1 $2057 $2094 $2322 $2324 reversed $1922 $-1 #
color-adesk-attrib $-1 -1 $-1 $-1 $2060 256 #
straight-curve $-1 -1 $-1 0.7030086927023243559 14.872260498513171 -0.5 0 0 1 I I #
color-adesk-attrib $-1 -1 $-1 $-1 $2062 256 #
face $2325 -1 $-1 $2326 $2327 $8 $-1 $355 reversed single #
loop $-1 -1 $-1 $-1 $2328 $2062 #
coedge $-1 -1 $-1 $2329 $2330 $2331 $2332 forward $2063 $-1 #
coedge $-1 -1 $-1 $2333 $2064 $2334 $2335 reversed $1930 $-1 #
coedge $-1 -1 $-1 $2064 $2333 $2336 $2337 reversed $1930 $-1 #
coedge $-1 -1 $-1 $2338 $2339 $2064 $2199 reversed $2340 $-1 #
edge $2341 -1 $-1 $2342 -0.25 $2343 0.75 $2064 $2344 forward @7 unknown #
coedge $-1 -1 $-1 $2066 $2065 $2323 $2345 forward $1799 $-1 #
coedge $-1 -1 $-1 $2346 $2100 $2065 $2202 forward $102 $-1 #
edge $2347 -1 $-1 $2348 -13.40576923076923421 $2210 -13.40038461538462045 $2065 $277 forward @7 unknown #
coedge $-1 -1 $-1 $2097 $2349 $2066 $2204 forward $264 $-1 #
edge $2350 -1 $-1 $2209 13.40038461538462045 $2351 13.40576923076923421 $2066 $353 forward @7 unknown #
coedge $-1 -1 $-1 $2352 $2067 $2349 $2353 reversed $2207 $-1 #
coedge $-1 -1 $-1 $2067 $2352 $2346 $2354 forward $2207 $-1 #
loop $-1 -1 $-1 $-1 $2206 $2355 #
color-adesk-attrib $-1 -1 $-1 $-1 $2068 256 #
vertex $-1 -1 $-1 $2204 $2356 #
vertex $-1 -1 $-1 $2354 $2357 #
straight-curve $-1 -1 $-1 0.3000000000000002665 13.400384615384624 -0.25 0 0 -1 I I #
coedge $-1 -1 $-1 $2358 $2321 $2069 $2213 reversed $2186 $-1 #
edge $2359 -1 $-1 $2217 -0.75 $2221 0.25 $2069 $2360 forward @7 unknown #
coedge $-1 -1 $-1 $2349 $2070 $2075 $2224 forward $264 $-1 #
coedge $-1 -1 $-1 $2070 $2361 $2358 $2362 forward $264 $-1 #
color-adesk-attrib $-1 -1 $-1 $-1 $2071 256 #
vertex $-1 -1 $-1 $2071 $2363 #
coedge $-1 -1 $-1 $2364 $2072 $2321 $2365 reversed $102 $-1 #
coedge $-1 -1 $-1 $2072 $2346 $2074 $2223 reversed $102 $-1 #
color-adesk-attrib $-1 -1 $-1 $-1 $2073 256 #
vertex $-1 -1 $-1 $2365 $2366 #
coedge $-1 -1 $-1 $2075 $2074 $2352 $2367 forward $2076 $-1 #
edge $2368 -1 $-1 $2078 0 $2369 0.4668842309493203557 $2074 $2370 forward @7 unknown #
edge $2371 -1 $-1 $2079 0 $2372 0.4668842309493203557 $2075 $2373 forward @7 unknown #
face $2374 -1 $-1 $2091 $2076 $8 $-1 $2375 forward single #
point $-1 -1 $-1 0.3000000000000019873 12.79038461538462101 -0.5 #
point $-1 -1 $-1 0.3000000000000019873 12.79038461538462101 0.5 #
color-adesk-attrib $-1 -1 $-1 $-1 $2081 256 #
straight-curve $-1 -1 $-1 0.2999999999999998224 14.63653846153846771 -0.25 0 0 1 I I #
point $-1 -1 $-1 0.3000000000000020983 14.63653846153846771 -0.5 #
point $-1 -1 $-1 0.3000000000000020983 14.63653846153846771 0.5 #
color-adesk-attrib $-1 -1 $-1 $-1 $2089 256 #
straight-curve $-1 -1 $-1 0.7030086927023242449 14.2568758831285507 0.5 -0.7327430776405858825 0.6805053873187210112 0 I I #
color-adesk-attrib $-1 -1 $-1 $-1 $2090 256 #
straight-curve $-1 -1 $-1 0.7030086927023242449 14.2568758831285507 -0.5 -0.7327430776405858825 0.6805053873187210112 0 F 0 F 0.5500000000000000444 #
color-adesk-attrib $-1 -1 $-1 $-1 $2091 256 #
plane-surface $-1 -1 $-1 0.7030086927023242449 14.2568758831285507 -0.5 0.6805053873187210112 0.7327430776405858825 0 -0.7327430776405858825 0.6805053873187210112 0 forward_v I I I I #
coedge $-1 -1 $-1 $2323 $2322 $2097 $2239 reversed $2055 $-1 #
edge $2376 -1 $-1 $2351 0 $2241 0.4668842309493203557 $2238 $2377 forward @7 unknown #
color-adesk-attrib $-1 -1 $-1 $-1 $2098 256 #
vertex $-1 -1 $-1 $2324 $2378 #
straight-curve $-1 -1 $-1 0.7030086927023242449 13.6414912677439375 0.5 -0.7327430776405858825 0.6805053873187210112 0 I I #
edge $2379 -1 $-1 $2348 0 $2245 0.4668842309493203557 $2188 $2380 forward @7 unknown #
color-adesk-attrib $-1 -1 $-1 $-1 $2101 256 #
vertex $-1 -1 $-1 $2243 $2381 #
straight-curve $-1 -1 $-1 0.7030086927023242449 13.6414912677439375 -0.5 -0.7327430776405858825 0.6805053873187210112 0 F 0 F 0.5500000000000000444 #
color-adesk-attrib $-1 -1 $-1 $-1 $2103 256 #
straight-curve $-1 -1 $-1 0.7030086927023242449 14.2568758831285507 -0.5 0 0 1 I I #
point $-1 -1 $-1 0.7030086927023242449 14.2568758831285507 -0.5 #
point $-1 -1 $-1 0.7030086927023242449 14.2568758831285507 0.5 #
color-adesk-attrib $-1 -1 $-1 $-1 $2119 256 #
face $2382 -1 $-1 $2383 $2384 $8 $-1 $2385 forward single #
loop $-1 -1 $-1 $-1 $2386 $2119 #
plane-surface $-1 -1 $-1 0.7030086927023231347 -5.435431809179142704 -0.5 0.6805053873187210112 0.7327430776405858825 0 -0.7327430776405858825 0.6805053873187210112 0 forward_v I I I I #
coedge $-1 -1 $-1 $2387 $2388 $2389 $2390 forward $2120 $-1 #
coedge $-1 -1 $-1 $2391 $2122 $2392 $2393 reversed $1989 $-1 #
coedge $-1 -1 $-1 $2122 $2391 $2387 $2394 reversed $1989 $-1 #
coedge $-1 -1 $-1 $2389 $2395 $2122 $2259 reversed $102 $-1 #
edge $2396 -1 $-1 $2397 0 $2398 0.5500000000000000444 $2122 $2399 forward @7 unknown #
coedge $-1 -1 $-1 $2124 $2123 $2400 $2401 reversed $1856 $-1 #
coedge $-1 -1 $-1 $2402 $2403 $2124 $2262 forward $2404 $-1 #
edge $2405 -1 $-1 $2265 -0.25 $2406 0.75 $2261 $2407 forward @7 unknown #
coedge $-1 -1 $-1 $2154 $2125 $2403 $2408 forward $102 $-1 #
color-adesk-attrib $-1 -1 $-1 $-1 $2126 256 #
vertex $-1 -1 $-1 $2408 $2409 #
straight-curve $-1 -1 $-1 0.3000000000000007105 -8.132692307692305889 -0.5 0.863187629796107414 0.5048832694464910897 0 F 0 F 0.4668842309493203557 #
coedge $-1 -1 $-1 $2410 $2400 $2127 $2268 forward $264 $-1 #
edge $2411 -1 $-1 $2276 0 $2273 0.5500000000000000444 $2127 $2412 forward @7 unknown #
coedge $-1 -1 $-1 $2413 $2128 $2131 $2279 reversed $2271 $-1 #
coedge $-1 -1 $-1 $2128 $2413 $2410 $2414 reversed $2271 $-1 #
loop $-1 -1 $-1 $-1 $2128 $2415 #
color-adesk-attrib $-1 -1 $-1 $-1 $2129 256 #
vertex $-1 -1 $-1 $2414 $2416 #
straight-curve $-1 -1 $-1 0.2999999999999998224 -7.522692307692306457 -0.25 0 0 -1 I I #
color-adesk-attrib $-1 -1 $-1 $-1 $2130 256 #
vertex $-1 -1 $-1 $2130 $2417 #
straight-curve $-1 -1 $-1 0.7030086927023229126 -7.896970270717602602 -0.5 0 0 1 I I #
coedge $-1 -1 $-1 $2131 $2418 $2419 $2420 reversed $102 $-1 #
edge $2421 -1 $-1 $2422 7.51730769230769269 $2134 7.522692307692306457 $2269 $277 forward @7 unknown #
point $-1 -1 $-1 0.7030086927023229126 -7.896970270717602602 -0.5 #
point $-1 -1 $-1 0.3000000000000007105 -7.522692307692306457 -0.5 #
coedge $-1 -1 $-1 $2136 $2162 $2138 $2286 forward $264 $-1 #
color-adesk-attrib $-1 -1 $-1 $-1 $2137 256 #
straight-curve $-1 -1 $-1 0.3000000000000005995 -9.363461538461539391 0.5 0.863187629796107414 0.5048832694464910897 0 I I #
coedge $-1 -1 $-1 $2139 $2138 $2168 $2310 forward $2140 $-1 #
edge $2423 -1 $-1 $2424 -9.368846153846153157 $2142 -9.363461538461539391 $2138 $353 forward @7 unknown #
face $2425 -1 $-1 $2151 $2140 $8 $-1 $355 reversed single #
point $-1 -1 $-1 0.3000000000000005995 -9.363461538461539391 0.5 #
color-adesk-attrib $-1 -1 $-1 $-1 $2144 256 #
coedge $-1 -1 $-1 $2426 $2146 $2427 $2428 forward $264 $-1 #
coedge $-1 -1 $-1 $2155 $2427 $2149 $2292 reversed $2299 $-1 #
edge $2429 -1 $-1 $2158 -0.25 $2294 0.75 $2149 $2430 forward @7 unknown #
color-adesk-attrib $-1 -1 $-1 $-1 $2150 256 #
vertex $-1 -1 $-1 $2428 $2431 #
color-adesk-attrib $-1 -1 $-1 $-1 $2151 256 #
coedge $-1 -1 $-1 $2432 $2433 $2154 $2297 forward $2434 $-1 #
edge $2435 -1 $-1 $2301 0 $2436 0.5500000000000000444 $2296 $2437 forward @7 unknown #
coedge $-1 -1 $-1 $2427 $2155 $2433 $2438 forward $2299 $-1 #
loop $-1 -1 $-1 $-1 $2155 $2439 #
color-adesk-attrib $-1 -1 $-1 $-1 $2156 256 #
vertex $-1 -1 $-1 $2156 $2440 #
straight-curve $-1 -1 $-1 0.300000000000000655 -8.74807692307692264 -0.5 0.863187629796107414 0.5048832694464910897 0 F 0 F 0.4668842309493203557 #
point $-1 -1 $-1 0.300000000000000655 -8.74807692307692264 -0.5 #
point $-1 -1 $-1 0.3000000000000004885 -10.59961538461538311 0.5 #
coedge $-1 -1 $-1 $2169 $2168 $2162 $2306 reversed $2170 $-1 #
edge $2441 -1 $-1 $2308 0 $2424 0.5500000000000000444 $2305 $2442 forward @7 unknown #
color-adesk-attrib $-1 -1 $-1 $-1 $2164 256 #
vertex $-1 -1 $-1 $2174 $2443 #
straight-curve $-1 -1 $-1 0.3000000000000005995 -9.978846153846152589 0.5 0.863187629796107414 0.5048832694464910897 0 I I #
edge $2444 -1 $-1 $2424 -0.75 $2172 0.25 $2285 $2445 forward @7 unknown #
face $2446 -1 $-1 $2175 $2170 $8 $-1 $2447 forward single #
point $-1 -1 $-1 0.3000000000000005995 -9.368846153846153157 -0.5 #
color-adesk-attrib $-1 -1 $-1 $-1 $2174 256 #
straight-curve $-1 -1 $-1 0.7030086927023229126 -9.743124116871449303 -0.5 0 0 1 I I #
color-adesk-attrib $-1 -1 $-1 $-1 $2175 256 #
plane-surface $-1 -1 $-1 0.3000000000000005995 -9.978846153846152589 -0.5 0.5048832694464912008 -0.8631876297961075251 0 0.8631876297961075251 0.5048832694464912008 0 forward_v I I I I #
color-adesk-attrib $-1 -1 $-1 $-1 $2185 256 #
face $2448 -1 $-1 $2449 $2450 $8 $-1 $2451 forward single #
loop $-1 -1 $-1 $-1 $2452 $2185 #
plane-surface $-1 -1 $-1 0.3000000000000019318 12.17500000000000071 -0.5 0.5048832694464912008 -0.8631876297961075251 0 0.8631876297961075251 0.5048832694464912008 0 forward_v I I I I #
coedge $-1 -1 $-1 $2212 $2453 $2218 $2365 forward $2186 $-1 #
coedge $-1 -1 $-1 $2238 $2188 $2189 $2324 forward $2055 $-1 #
coedge $-1 -1 $-1 $2188 $2238 $2200 $2345 reversed $2055 $-1 #
edge $2454 -1 $-1 $2245 0 $2241 1 $2322 $2455 forward @7 unknown #
color-adesk-attrib $-1 -1 $-1 $-1 $2193 256 #
face $2456 -1 $-1 $2457 $2458 $8 $-1 $355 reversed single #
loop $-1 -1 $-1 $-1 $2459 $2193 #
coedge $-1 -1 $-1 $2460 $2461 $2462 $2463 forward $2194 $-1 #
coedge $-1 -1 $-1 $2464 $2195 $2465 $2466 reversed $2063 $-1 #
coedge $-1 -1 $-1 $2195 $2464 $2467 $2468 reversed $2063 $-1 #
coedge $-1 -1 $-1 $2469 $2470 $2195 $2332 reversed $2471 $-1 #
edge $2472 -1 $-1 $2473 -0.75 $2474 0.25 $2195 $2475 forward @7 unknown #
coedge $-1 -1 $-1 $2197 $2196 $2476 $2477 forward $1930 $-1 #
coedge $-1 -1 $-1 $2478 $2479 $2196 $2335 forward $264 $-1 #
edge $2480 -1 $-1 $2481 11.55423076923077019 $2343 11.55961538461538751 $2196 $353 forward @7 unknown #
coedge $-1 -1 $-1 $2482 $2483 $2197 $2337 forward $102 $-1 #
edge $2484 -1 $-1 $2342 -11.55961538461538751 $2485 -11.55423076923077019 $2197 $277 forward @7 unknown #
coedge $-1 -1 $-1 $2486 $2198 $2483 $2487 forward $2340 $-1 #
coedge $-1 -1 $-1 $2198 $2486 $2478 $2488 reversed $2340 $-1 #
loop $-1 -1 $-1 $-1 $2338 $2489 #
color-adesk-attrib $-1 -1 $-1 $-1 $2199 256 #
vertex $-1 -1 $-1 $2337 $2490 #
vertex $-1 -1 $-1 $2488 $2491 #
straight-curve $-1 -1 $-1 0.2999999999999998224 11.55961538461538751 -0.25 0 0 1 I I #
edge $2492 -1 $-1 $2348 -0.25 $2351 0.75 $2200 $2493 forward @7 unknown #
coedge $-1 -1 $-1 $2219 $2201 $2206 $2354 reversed $102 $-1 #
color-adesk-attrib $-1 -1 $-1 $-1 $2202 256 #
vertex $-1 -1 $-1 $2202 $2494 #
coedge $-1 -1 $-1 $2203 $2214 $2205 $2353 forward $264 $-1 #
color-adesk-attrib $-1 -1 $-1 $-1 $2204 256 #
vertex $-1 -1 $-1 $2239 $2495 #
coedge $-1 -1 $-1 $2206 $2205 $2222 $2367 reversed $2207 $-1 #
edge $2496 -1 $-1 $2372 0 $2209 0.5500000000000000444 $2205 $2497 forward @7 unknown #
edge $2498 -1 $-1 $2369 0 $2210 0.5500000000000000444 $2206 $2499 forward @7 unknown #
face $2500 -1 $-1 $2225 $2207 $8 $-1 $2501 forward single #
point $-1 -1 $-1 0.3000000000000019873 13.40038461538462045 0.5 #
point $-1 -1 $-1 0.3000000000000019873 13.40038461538462045 -0.5 #
coedge $-1 -1 $-1 $2453 $2212 $2215 $2362 reversed $2186 $-1 #
color-adesk-attrib $-1 -1 $-1 $-1 $2213 256 #
straight-curve $-1 -1 $-1 0.3000000000000002665 12.78500000000000192 -0.25 0 0 -1 I I #
coedge $-1 -1 $-1 $2215 $2467 $2502 $2503 forward $264 $-1 #
edge $2504 -1 $-1 $2505 0 $2217 0.5500000000000000444 $2358 $2506 forward @7 unknown #
point $-1 -1 $-1 0.3000000000000019318 12.78500000000000014 0.5 #
coedge $-1 -1 $-1 $2465 $2218 $2452 $2507 reversed $102 $-1 #
edge $2508 -1 $-1 $2509 0 $2221 0.5500000000000000444 $2321 $2510 forward @7 unknown #
point $-1 -1 $-1 0.3000000000000019318 12.78500000000000014 -0.5 #
edge $2511 -1 $-1 $2369 0 $2372 1 $2222 $2512 forward @7 unknown #
color-adesk-attrib $-1 -1 $-1 $-1 $2223 256 #
vertex $-1 -1 $-1 $2223 $2513 #
straight-curve $-1 -1 $-1 0.3000000000000019873 12.79038461538462101 -0.5 0.863187629796107414 0.5048832694464910897 0 F 0 F 0.4668842309493203557 #
color-adesk-attrib $-1 -1 $-1 $-1 $2224 256 #
vertex $-1 -1 $-1 $2367 $2514 #
straight-curve $-1 -1 $-1 0.3000000000000019873 12.79038461538462101 0.5 0.863187629796107414 0.5048832694464910897 0 I I #
color-adesk-attrib $-1 -1 $-1 $-1 $2225 256 #
plane-surface $-1 -1 $-1 0.3000000000000019873 12.79038461538462101 -0.5 0.5048832694464912008 -0.8631876297961075251 0 0.8631876297961075251 0.5048832694464912008 0 forward_v I I I I #
color-adesk-attrib $-1 -1 $-1 $-1 $2239 256 #
straight-curve $-1 -1 $-1 0.3000000000000020428 13.40576923076923421 0.5 0.863187629796107414 0.5048832694464910897 0 I I #
point $-1 -1 $-1 0.7030086927023242449 13.6414912677439375 0.5 #
color-adesk-attrib $-1 -1 $-1 $-1 $2243 256 #
straight-curve $-1 -1 $-1 0.3000000000000020428 13.40576923076923421 -0.5 0.863187629796107414 0.5048832694464910897 0 F 0 F 0.4668842309493203557 #
point $-1 -1 $-1 0.7030086927023242449 13.6414912677439375 -0.5 #
color-adesk-attrib $-1 -1 $-1 $-1 $2252 256 #
face $2515 -1 $-1 $2516 $2517 $8 $-1 $2518 forward single #
loop $-1 -1 $-1 $-1 $2519 $2252 #
plane-surface $-1 -1 $-1 0.3000000000000008216 -5.67115384615384599 -0.5 0.5048832694464912008 -0.8631876297961075251 0 0.8631876297961075251 0.5048832694464912008 0 forward_v I I I I #
coedge $-1 -1 $-1 $2520 $2521 $2522 $2523 forward $2253 $-1 #
coedge $-1 -1 $-1 $2524 $2255 $2257 $2394 forward $2120 $-1 #
coedge $-1 -1 $-1 $2255 $2524 $2525 $2526 reversed $2120 $-1 #
coedge $-1 -1 $-1 $2527 $2258 $2255 $2390 reversed $102 $-1 #
edge $2528 -1 $-1 $2529 0 $2397 0.4668842309493203557 $2255 $2530 forward @7 unknown #
coedge $-1 -1 $-1 $2257 $2256 $2531 $2532 reversed $1989 $-1 #
coedge $-1 -1 $-1 $2533 $2534 $2256 $2393 forward $2535 $-1 #
edge $2536 -1 $-1 $2537 -0.75 $2398 0.25 $2392 $2538 forward @7 unknown #
edge $2539 -1 $-1 $2397 0 $2540 1 $2387 $2541 forward @7 unknown #
coedge $-1 -1 $-1 $2258 $2542 $2533 $2543 forward $102 $-1 #
color-adesk-attrib $-1 -1 $-1 $-1 $2259 256 #
vertex $-1 -1 $-1 $2390 $2544 #
vertex $-1 -1 $-1 $2259 $2545 #
straight-curve $-1 -1 $-1 0.7030086927023231347 -6.666201039948372653 -0.5 -0.7327430776405858825 0.6805053873187210112 0 F 0 F 0.5500000000000000444 #
coedge $-1 -1 $-1 $2267 $2546 $2260 $2401 forward $264 $-1 #
edge $2547 -1 $-1 $2406 0 $2276 0.4668842309493203557 $2260 $2548 forward @7 unknown #
coedge $-1 -1 $-1 $2549 $2261 $2546 $2550 reversed $2404 $-1 #
coedge $-1 -1 $-1 $2261 $2549 $2263 $2408 reversed $2404 $-1 #
loop $-1 -1 $-1 $-1 $2261 $2551 #
color-adesk-attrib $-1 -1 $-1 $-1 $2262 256 #
vertex $-1 -1 $-1 $2401 $2552 #
straight-curve $-1 -1 $-1 0.2999999999999998224 -8.132692307692307665 -0.25 0 0 1 I I #
edge $2553 -1 $-1 $2265 8.132692307692305889 $2436 8.138076923076923208 $2403 $277 forward @7 unknown #
point $-1 -1 $-1 0.3000000000000007105 -8.132692307692305889 -0.5 #
coedge $-1 -1 $-1 $2554 $2267 $2270 $2414 forward $264 $-1 #
color-adesk-attrib $-1 -1 $-1 $-1 $2268 256 #
straight-curve $-1 -1 $-1 0.7030086927023229126 -7.896970270717602602 0.5 -0.7327430776405858825 0.6805053873187210112 0 I I #
coedge $-1 -1 $-1 $2270 $2269 $2555 $2556 forward $2271 $-1 #
edge $2557 -1 $-1 $2273 -7.522692307692306457 $2558 -7.51730769230769269 $2270 $353 forward @7 unknown #
face $2559 -1 $-1 $2287 $2271 $8 $-1 $355 reversed single #
point $-1 -1 $-1 0.3000000000000007105 -7.522692307692306457 0.5 #
point $-1 -1 $-1 0.7030086927023229126 -7.896970270717602602 0.5 #
coedge $-1 -1 $-1 $2278 $2527 $2560 $2561 reversed $102 $-1 #
coedge $-1 -1 $-1 $2562 $2555 $2278 $2420 forward $2563 $-1 #
edge $2564 -1 $-1 $2422 0 $2565 0.4668842309493203557 $2419 $2566 forward @7 unknown #
color-adesk-attrib $-1 -1 $-1 $-1 $2279 256 #
vertex $-1 -1 $-1 $2279 $2567 #
color-adesk-attrib $-1 -1 $-1 $-1 $2286 256 #
vertex $-1 -1 $-1 $2286 $2568 #
color-adesk-attrib $-1 -1 $-1 $-1 $2287 256 #
coedge $-1 -1 $-1 $2546 $2290 $2569 $2570 forward $264 $-1 #
coedge $-1 -1 $-1 $2291 $2298 $2290 $2428 reversed $2299 $-1 #
edge $2571 -1 $-1 $2294 0 $2572 0.4668842309493203557 $2427 $2573 forward @7 unknown #
color-adesk-attrib $-1 -1 $-1 $-1 $2292 256 #
straight-curve $-1 -1 $-1 0.2999999999999998224 -8.748076923076924416 -0.25 0 0 1 I I #
point $-1 -1 $-1 0.300000000000000655 -8.74807692307692264 0.5 #
coedge $-1 -1 $-1 $2569 $2296 $2549 $2574 reversed $2434 $-1 #
coedge $-1 -1 $-1 $2296 $2569 $2298 $2438 reversed $2434 $-1 #
loop $-1 -1 $-1 $-1 $2296 $2575 #
color-adesk-attrib $-1 -1 $-1 $-1 $2297 256 #
vertex $-1 -1 $-1 $2297 $2576 #
straight-curve $-1 -1 $-1 0.7030086927023229126 -8.512354886102219353 -0.5 -0.7327430776405858825 0.6805053873187210112 0 F 0 F 0.5500000000000000444 #
edge $2577 -1 $-1 $2301 0 $2572 1 $2298 $2578 forward @7 unknown #
face $2579 -1 $-1 $2311 $2299 $8 $-1 $2580 forward single #
point $-1 -1 $-1 0.7030086927023229126 -8.512354886102219353 -0.5 #
color-adesk-attrib $-1 -1 $-1 $-1 $2306 256 #
straight-curve $-1 -1 $-1 0.7030086927023229126 -9.743124116871449303 0.5 -0.7327430776405858825 0.6805053873187210112 0 I I #
point $-1 -1 $-1 0.7030086927023229126 -9.743124116871449303 0.5 #
color-adesk-attrib $-1 -1 $-1 $-1 $2310 256 #
straight-curve $-1 -1 $-1 0.2999999999999996003 -9.368846153846153157 -0.25 0 0 -1 I I #
color-adesk-attrib $-1 -1 $-1 $-1 $2311 256 #
plane-surface $-1 -1 $-1 0.7030086927023229126 -9.743124116871449303 -0.5 0.6805053873187210112 0.7327430776405858825 0 -0.7327430776405858825 0.6805053873187210112 0 forward_v I I I I #
color-adesk-attrib $-1 -1 $-1 $-1 $2318 256 #
face $2581 -1 $-1 $2582 $2583 $8 $-1 $2584 forward single #
loop $-1 -1 $-1 $-1 $2585 $2318 #
plane-surface $-1 -1 $-1 0.7030086927023241339 11.17995280620547405 -0.5 0.6805053873187210112 0.7327430776405858825 0 -0.7327430776405858825 0.6805053873187210112 0 forward_v I I I I #
coedge $-1 -1 $-1 $2586 $2587 $2364 $2507 forward $2319 $-1 #
coedge $-1 -1 $-1 $2321 $2358 $2586 $2588 reversed $2186 $-1 #
color-adesk-attrib $-1 -1 $-1 $-1 $2324 256 #
straight-curve $-1 -1 $-1 0.7030086927023242449 13.6414912677439375 -0.5 0 0 1 I I #
color-adesk-attrib $-1 -1 $-1 $-1 $2326 256 #
face $2589 -1 $-1 $2590 $2591 $8 $-1 $355 reversed single #
loop $-1 -1 $-1 $-1 $2592 $2326 #
coedge $-1 -1 $-1 $2593 $2594 $2595 $2596 forward $2327 $-1 #
coedge $-1 -1 $-1 $2597 $2328 $2598 $2599 reversed $2194 $-1 #
coedge $-1 -1 $-1 $2328 $2597 $2600 $2601 reversed $2194 $-1 #
coedge $-1 -1 $-1 $2602 $2603 $2328 $2463 reversed $2604 $-1 #
edge $2605 -1 $-1 $2606 -0.25 $2607 0.75 $2328 $2608 forward @7 unknown #
coedge $-1 -1 $-1 $2330 $2329 $2587 $2609 forward $2063 $-1 #
coedge $-1 -1 $-1 $2610 $2364 $2329 $2466 forward $102 $-1 #
edge $2611 -1 $-1 $2612 -12.17500000000000071 $2474 -12.16961538461538694 $2329 $277 forward @7 unknown #
coedge $-1 -1 $-1 $2361 $2613 $2330 $2468 forward $264 $-1 #
edge $2614 -1 $-1 $2473 12.16961538461538694 $2615 12.17500000000000071 $2330 $353 forward @7 unknown #
coedge $-1 -1 $-1 $2616 $2331 $2613 $2617 reversed $2471 $-1 #
coedge $-1 -1 $-1 $2331 $2616 $2610 $2618 forward $2471 $-1 #
loop $-1 -1 $-1 $-1 $2470 $2619 #
color-adesk-attrib $-1 -1 $-1 $-1 $2332 256 #
vertex $-1 -1 $-1 $2468 $2620 #
vertex $-1 -1 $-1 $2618 $2621 #
straight-curve $-1 -1 $-1 0.3000000000000002665 12.1696153846153905 -0.25 0 0 -1 I I #
coedge $-1 -1 $-1 $2622 $2585 $2333 $2477 reversed $2450 $-1 #
edge $2623 -1 $-1 $2481 -0.75 $2485 0.25 $2333 $2624 forward @7 unknown #
coedge $-1 -1 $-1 $2613 $2334 $2339 $2488 forward $264 $-1 #
coedge $-1 -1 $-1 $2334 $2625 $2622 $2626 forward $264 $-1 #
color-adesk-attrib $-1 -1 $-1 $-1 $2335 256 #
vertex $-1 -1 $-1 $2335 $2627 #
coedge $-1 -1 $-1 $2628 $2336 $2585 $2629 reversed $102 $-1 #
coedge $-1 -1 $-1 $2336 $2610 $2338 $2487 reversed $102 $-1 #
color-adesk-attrib $-1 -1 $-1 $-1 $2337 256 #
vertex $-1 -1 $-1 $2629 $2630 #
coedge $-1 -1 $-1 $2339 $2338 $2616 $2631 forward $2340 $-1 #
edge $2632 -1 $-1 $2342 0 $2633 0.4668842309493203557 $2338 $2634 forward @7 unknown #
edge $2635 -1 $-1 $2343 0 $2636 0.4668842309493203557 $2339 $2637 forward @7 unknown #
face $2638 -1 $-1 $2355 $2340 $8 $-1 $2639 forward single #
point $-1 -1 $-1 0.3000000000000019318 11.55961538461538751 -0.5 #
point $-1 -1 $-1 0.3000000000000019318 11.55961538461538751 0.5 #
color-adesk-attrib $-1 -1 $-1 $-1 $2345 256 #
straight-curve $-1 -1 $-1 0.2999999999999998224 13.40576923076923244 -0.25 0 0 1 I I #
point $-1 -1 $-1 0.3000000000000020428 13.40576923076923421 -0.5 #
point $-1 -1 $-1 0.3000000000000020428 13.40576923076923421 0.5 #
color-adesk-attrib $-1 -1 $-1 $-1 $2353 256 #
straight-curve $-1 -1 $-1 0.7030086927023242449 13.0261066523593243 0.5 -0.7327430776405858825 0.6805053873187210112 0 I I #
color-adesk-attrib $-1 -1 $-1 $-1 $2354 256 #
straight-curve $-1 -1 $-1 0.7030086927023242449 13.0261066523593243 -0.5 -0.7327430776405858825 0.6805053873187210112 0 F 0 F 0.5500000000000000444 #
color-adesk-attrib $-1 -1 $-1 $-1 $2355 256 #
plane-surface $-1 -1 $-1 0.7030086927023242449 13.0261066523593243 -0.5 0.6805053873187210112 0.7327430776405858825 0 -0.7327430776405858825 0.6805053873187210112 0 forward_v I I I I #
coedge $-1 -1 $-1 $2587 $2586 $2361 $2503 reversed $2319 $-1 #
edge $2640 -1 $-1 $2615 0 $2505 0.4668842309493203557 $2502 $2641 forward @7 unknown #
color-adesk-attrib $-1 -1 $-1 $-1 $2362 256 #
vertex $-1 -1 $-1 $2588 $2642 #
straight-curve $-1 -1 $-1 0.7030086927023242449 12.410722036974704 0.5 -0.7327430776405858825 0.6805053873187210112 0 I I #
edge $2643 -1 $-1 $2612 0 $2509 0.4668842309493203557 $2452 $2644 forward @7 unknown #
color-adesk-attrib $-1 -1 $-1 $-1 $2365 256 #
vertex $-1 -1 $-1 $2507 $2645 #
straight-curve $-1 -1 $-1 0.7030086927023242449 12.410722036974704 -0.5 -0.7327430776405858825 0.6805053873187210112 0 F 0 F 0.5500000000000000444 #
color-adesk-attrib $-1 -1 $-1 $-1 $2367 256 #
straight-curve $-1 -1 $-1 0.7030086927023242449 13.0261066523593243 -0.5 0 0 1 I I #
point $-1 -1 $-1 0.7030086927023242449 13.0261066523593243 -0.5 #
point $-1 -1 $-1 0.7030086927023242449 13.0261066523593243 0.5 #
color-adesk-attrib $-1 -1 $-1 $-1 $2383 256 #
face $2646 -1 $-1 $2647 $2648 $8 $-1 $2649 forward single #
loop $-1 -1 $-1 $-1 $2650 $2383 #
plane-surface $-1 -1 $-1 0.7030086927023231347 -4.204662578409909202 -0.5 0.6805053873187210112 0.7327430776405858825 0 -0.7327430776405858825 0.6805053873187210112 0 forward_v I I I I #
coedge $-1 -1 $-1 $2651 $2652 $2653 $2654 forward $2384 $-1 #
coedge $-1 -1 $-1 $2655 $2386 $2656 $2657 reversed $2253 $-1 #
coedge $-1 -1 $-1 $2386 $2655 $2651 $2658 reversed $2253 $-1 #
coedge $-1 -1 $-1 $2653 $2659 $2386 $2523 reversed $102 $-1 #
edge $2660 -1 $-1 $2661 0 $2662 0.5500000000000000444 $2386 $2663 forward @7 unknown #
coedge $-1 -1 $-1 $2388 $2387 $2664 $2665 reversed $2120 $-1 #
coedge $-1 -1 $-1 $2666 $2667 $2388 $2526 forward $2668 $-1 #
edge $2669 -1 $-1 $2529 -0.25 $2670 0.75 $2525 $2671 forward @7 unknown #
coedge $-1 -1 $-1 $2418 $2389 $2667 $2672 forward $102 $-1 #
color-adesk-attrib $-1 -1 $-1 $-1 $2390 256 #
vertex $-1 -1 $-1 $2672 $2673 #
straight-curve $-1 -1 $-1 0.3000000000000008216 -6.901923076923075939 -0.5 0.863187629796107414 0.5048832694464910897 0 F 0 F 0.4668842309493203557 #
coedge $-1 -1 $-1 $2674 $2664 $2391 $2532 forward $264 $-1 #
edge $2675 -1 $-1 $2540 0 $2537 0.5500000000000000444 $2391 $2676 forward @7 unknown #
coedge $-1 -1 $-1 $2677 $2392 $2395 $2543 reversed $2535 $-1 #
coedge $-1 -1 $-1 $2392 $2677 $2674 $2678 reversed $2535 $-1 #
loop $-1 -1 $-1 $-1 $2392 $2679 #
color-adesk-attrib $-1 -1 $-1 $-1 $2393 256 #
vertex $-1 -1 $-1 $2678 $2680 #
straight-curve $-1 -1 $-1 0.2999999999999998224 -6.29192307692307562 -0.25 0 0 -1 I I #
color-adesk-attrib $-1 -1 $-1 $-1 $2394 256 #
vertex $-1 -1 $-1 $2394 $2681 #
straight-curve $-1 -1 $-1 0.7030086927023231347 -6.666201039948372653 -0.5 0 0 1 I I #
coedge $-1 -1 $-1 $2395 $2682 $2683 $2684 reversed $102 $-1 #
edge $2685 -1 $-1 $2686 6.286538461538459188 $2398 6.291923076923076508 $2533 $277 forward @7 unknown #
point $-1 -1 $-1 0.7030086927023231347 -6.666201039948372653 -0.5 #
point $-1 -1 $-1 0.3000000000000008216 -6.291923076923076508 -0.5 #
coedge $-1 -1 $-1 $2400 $2426 $2402 $2550 forward $264 $-1 #
color-adesk-attrib $-1 -1 $-1 $-1 $2401 256 #
straight-curve $-1 -1 $-1 0.3000000000000007105 -8.132692307692305889 0.5 0.863187629796107414 0.5048832694464910897 0 I I #
coedge $-1 -1 $-1 $2403 $2402 $2432 $2574 forward $2404 $-1 #
edge $2687 -1 $-1 $2688 -8.138076923076923208 $2406 -8.132692307692305889 $2402 $353 forward @7 unknown #
face $2689 -1 $-1 $2415 $2404 $8 $-1 $355 reversed single #
point $-1 -1 $-1 0.3000000000000007105 -8.132692307692305889 0.5 #
color-adesk-attrib $-1 -1 $-1 $-1 $2408 256 #
coedge $-1 -1 $-1 $2690 $2410 $2691 $2692 forward $264 $-1 #
coedge $-1 -1 $-1 $2419 $2691 $2413 $2556 reversed $2563 $-1 #
edge $2693 -1 $-1 $2422 -0.25 $2558 0.75 $2413 $2694 forward @7 unknown #
color-adesk-attrib $-1 -1 $-1 $-1 $2414 256 #
vertex $-1 -1 $-1 $2692 $2695 #
color-adesk-attrib $-1 -1 $-1 $-1 $2415 256 #
coedge $-1 -1 $-1 $2696 $2697 $2418 $2561 forward $2698 $-1 #
edge $2699 -1 $-1 $2565 0 $2700 0.5500000000000000444 $2560 $2701 forward @7 unknown #
coedge $-1 -1 $-1 $2691 $2419 $2697 $2702 forward $2563 $-1 #
loop $-1 -1 $-1 $-1 $2419 $2703 #
color-adesk-attrib $-1 -1 $-1 $-1 $2420 256 #
vertex $-1 -1 $-1 $2420 $2704 #
straight-curve $-1 -1 $-1 0.3000000000000007105 -7.51730769230769269 -0.5 0.863187629796107414 0.5048832694464910897 0 F 0 F 0.4668842309493203557 #
point $-1 -1 $-1 0.3000000000000007105 -7.51730769230769269 -0.5 #
point $-1 -1 $-1 0.3000000000000005995 -9.368846153846153157 0.5 #
coedge $-1 -1 $-1 $2433 $2432 $2426 $2570 reversed $2434 $-1 #
edge $2705 -1 $-1 $2572 0 $2688 0.5500000000000000444 $2569 $2706 forward @7 unknown #
color-adesk-attrib $-1 -1 $-1 $-1 $2428 256 #
vertex $-1 -1 $-1 $2438 $2707 #
straight-curve $-1 -1 $-1 0.300000000000000655 -8.74807692307692264 0.5 0.863187629796107414 0.5048832694464910897 0 I I #
edge $2708 -1 $-1 $2688 -0.75 $2436 0.25 $2549 $2709 forward @7 unknown #
face $2710 -1 $-1 $2439 $2434 $8 $-1 $2711 forward single #
point $-1 -1 $-1 0.300000000000000655 -8.138076923076923208 -0.5 #
color-adesk-attrib $-1 -1 $-1 $-1 $2438 256 #
straight-curve $-1 -1 $-1 0.7030086927023229126 -8.512354886102219353 -0.5 0 0 1 I I #
color-adesk-attrib $-1 -1 $-1 $-1 $2439 256 #
plane-surface $-1 -1 $-1 0.300000000000000655 -8.74807692307692264 -0.5 0.5048832694464912008 -0.8631876297961075251 0 0.8631876297961075251 0.5048832694464912008 0 forward_v I I I I #
color-adesk-attrib $-1 -1 $-1 $-1 $2449 256 #
face $2712 -1 $-1 $2713 $2714 $8 $-1 $2715 forward single #
loop $-1 -1 $-1 $-1 $2716 $2449 #
plane-surface $-1 -1 $-1 0.3000000000000018763 10.94423076923077076 -0.5 0.5048832694464912008 -0.8631876297961075251 0 0.8631876297961075251 0.5048832694464912008 0 forward_v I I I I #
coedge $-1 -1 $-1 $2476 $2717 $2482 $2629 forward $2450 $-1 #
coedge $-1 -1 $-1 $2502 $2452 $2453 $2588 forward $2319 $-1 #
coedge $-1 -1 $-1 $2452 $2502 $2464 $2609 reversed $2319 $-1 #
edge $2718 -1 $-1 $2509 0 $2505 1 $2586 $2719 forward @7 unknown #
color-adesk-attrib $-1 -1 $-1 $-1 $2457 256 #
face $2720 -1 $-1 $2721 $2722 $8 $-1 $355 reversed single #
loop $-1 -1 $-1 $-1 $2723 $2457 #
coedge $-1 -1 $-1 $2724 $2725 $2726 $2727 forward $2458 $-1 #
coedge $-1 -1 $-1 $2728 $2459 $2729 $2730 reversed $2327 $-1 #
coedge $-1 -1 $-1 $2459 $2728 $2731 $2732 reversed $2327 $-1 #
coedge $-1 -1 $-1 $2733 $2734 $2459 $2596 reversed $2735 $-1 #
edge $2736 -1 $-1 $2737 -0.75 $2738 0.25 $2459 $2739 forward @7 unknown #
coedge $-1 -1 $-1 $2461 $2460 $2740 $2741 forward $2194 $-1 #
coedge $-1 -1 $-1 $2742 $2743 $2460 $2599 forward $264 $-1 #
edge $2744 -1 $-1 $2745 10.32346153846154024 $2607 10.32884615384615756 $2460 $353 forward @7 unknown #
coedge $-1 -1 $-1 $2746 $2747 $2461 $2601 forward $102 $-1 #
edge $2748 -1 $-1 $2606 -10.32884615384615756 $2749 -10.32346153846154024 $2461 $277 forward @7 unknown #
coedge $-1 -1 $-1 $2750 $2462 $2747 $2751 forward $2604 $-1 #
coedge $-1 -1 $-1 $2462 $2750 $2742 $2752 reversed $2604 $-1 #
loop $-1 -1 $-1 $-1 $2602 $2753 #
color-adesk-attrib $-1 -1 $-1 $-1 $2463 256 #
vertex $-1 -1 $-1 $2601 $2754 #
vertex $-1 -1 $-1 $2752 $2755 #
straight-curve $-1 -1 $-1 0.3000000000000000444 10.32884615384615756 -0.25 0 0 1 I I #
edge $2756 -1 $-1 $2612 -0.25 $2615 0.75 $2464 $2757 forward @7 unknown #
coedge $-1 -1 $-1 $2483 $2465 $2470 $2618 reversed $102 $-1 #
color-adesk-attrib $-1 -1 $-1 $-1 $2466 256 #
vertex $-1 -1 $-1 $2466 $2758 #
coedge $-1 -1 $-1 $2467 $2478 $2469 $2617 forward $264 $-1 #
color-adesk-attrib $-1 -1 $-1 $-1 $2468 256 #
vertex $-1 -1 $-1 $2503 $2759 #
coedge $-1 -1 $-1 $2470 $2469 $2486 $2631 reversed $2471 $-1 #
edge $2760 -1 $-1 $2636 0 $2473 0.5500000000000000444 $2469 $2761 forward @7 unknown #
edge $2762 -1 $-1 $2633 0 $2474 0.5500000000000000444 $2470 $2763 forward @7 unknown #
face $2764 -1 $-1 $2489 $2471 $8 $-1 $2765 forward single #
point $-1 -1 $-1 0.3000000000000019318 12.16961538461538694 0.5 #
point $-1 -1 $-1 0.3000000000000019318 12.16961538461538694 -0.5 #
coedge $-1 -1 $-1 $2717 $2476 $2479 $2626 reversed $2450 $-1 #
color-adesk-attrib $-1 -1 $-1 $-1 $2477 256 #
straight-curve $-1 -1 $-1 0.3000000000000002665 11.55423076923077197 -0.25 0 0 -1 I I #
coedge $-1 -1 $-1 $2479 $2731 $2766 $2767 forward $264 $-1 #
edge $2768 -1 $-1 $2769 0 $2481 0.5500000000000000444 $2622 $2770 forward @7 unknown #
point $-1 -1 $-1 0.3000000000000018763 11.55423076923077019 0.5 #
coedge $-1 -1 $-1 $2729 $2482 $2716 $2771 reversed $102 $-1 #
edge $2772 -1 $-1 $2773 0 $2485 0.5500000000000000444 $2585 $2774 forward @7 unknown #
point $-1 -1 $-1 0.3000000000000018763 11.55423076923077019 -0.5 #
edge $2775 -1 $-1 $2633 0 $2636 1 $2486 $2776 forward @7 unknown #
color-adesk-attrib $-1 -1 $-1 $-1 $2487 256 #
vertex $-1 -1 $-1 $2487 $2777 #
straight-curve $-1 -1 $-1 0.3000000000000019318 11.55961538461538751 -0.5 0.863187629796107414 0.5048832694464910897 0 F 0 F 0.4668842309493203557 #
color-adesk-attrib $-1 -1 $-1 $-1 $2488 256 #
vertex $-1 -1 $-1 $2631 $2778 #
straight-curve $-1 -1 $-1 0.3000000000000019318 11.55961538461538751 0.5 0.863187629796107414 0.5048832694464910897 0 I I #
color-adesk-attrib $-1 -1 $-1 $-1 $2489 256 #
plane-surface $-1 -1 $-1 0.3000000000000019318 11.55961538461538751 -0.5 0.5048832694464912008 -0.8631876297961075251 0 0.8631876297961075251 0.5048832694464912008 0 forward_v I I I I #
color-adesk-attrib $-1 -1 $-1 $-1 $2503 256 #
straight-curve $-1 -1 $-1 0.3000000000000019318 12.17500000000000071 0.5 0.863187629796107414 0.5048832694464910897 0 I I #
point $-1 -1 $-1 0.7030086927023242449 12.410722036974704 0.5 #
color-adesk-attrib $-1 -1 $-1 $-1 $2507 256 #
straight-curve $-1 -1 $-1 0.3000000000000019318 12.17500000000000071 -0.5 0.863187629796107414 0.5048832694464910897 0 F 0 F 0.4668842309493203557 #
point $-1 -1 $-1 0.7030086927023242449 12.410722036974704 -0.5 #
color-adesk-attrib $-1 -1 $-1 $-1 $2516 256 #
face $2779 -1 $-1 $2780 $2781 $8 $-1 $2782 forward single #
loop $-1 -1 $-1 $-1 $2783 $2516 #
plane-surface $-1 -1 $-1 0.3000000000000009326 -4.440384615384612488 -0.5 0.5048832694464912008 -0.8631876297961075251 0 0.8631876297961075251 0.5048832694464912008 0 forward_v I I I I #
coedge $-1 -1 $-1 $2784 $2785 $2786 $2787 forward $2517 $-1 #
coedge $-1 -1 $-1 $2788 $2519 $2521 $2658 forward $2384 $-1 #
coedge $-1 -1 $-1 $2519 $2788 $2789 $2790 reversed $2384 $-1 #
coedge $-1 -1 $-1 $2791 $2522 $2519 $2654 reversed $102 $-1 #
edge $2792 -1 $-1 $2793 0 $2661 0.4668842309493203557 $2519 $2794 forward @7 unknown #
coedge $-1 -1 $-1 $2521 $2520 $2795 $2796 reversed $2253 $-1 #
coedge $-1 -1 $-1 $2797 $2798 $2520 $2657 forward $2799 $-1 #
edge $2800 -1 $-1 $2801 -0.75 $2662 0.25 $2656 $2802 forward @7 unknown #
edge $2803 -1 $-1 $2661 0 $2804 1 $2651 $2805 forward @7 unknown #
coedge $-1 -1 $-1 $2522 $2806 $2797 $2807 forward $102 $-1 #
color-adesk-attrib $-1 -1 $-1 $-1 $2523 256 #
vertex $-1 -1 $-1 $2654 $2808 #
vertex $-1 -1 $-1 $2523 $2809 #
straight-curve $-1 -1 $-1 0.7030086927023231347 -5.435431809179142704 -0.5 -0.7327430776405858825 0.6805053873187210112 0 F 0 F 0.5500000000000000444 #
coedge $-1 -1 $-1 $2531 $2810 $2524 $2665 forward $264 $-1 #
edge $2811 -1 $-1 $2670 0 $2540 0.4668842309493203557 $2524 $2812 forward @7 unknown #
coedge $-1 -1 $-1 $2813 $2525 $2810 $2814 reversed $2668 $-1 #
coedge $-1 -1 $-1 $2525 $2813 $2527 $2672 reversed $2668 $-1 #
loop $-1 -1 $-1 $-1 $2525 $2815 #
color-adesk-attrib $-1 -1 $-1 $-1 $2526 256 #
vertex $-1 -1 $-1 $2665 $2816 #
straight-curve $-1 -1 $-1 0.3000000000000002665 -6.901923076923077716 -0.25 0 0 1 I I #
edge $2817 -1 $-1 $2529 6.901923076923075939 $2700 6.907307692307693259 $2667 $277 forward @7 unknown #
point $-1 -1 $-1 0.3000000000000008216 -6.901923076923075939 -0.5 #
coedge $-1 -1 $-1 $2818 $2531 $2534 $2678 forward $264 $-1 #
color-adesk-attrib $-1 -1 $-1 $-1 $2532 256 #
straight-curve $-1 -1 $-1 0.7030086927023231347 -6.666201039948372653 0.5 -0.7327430776405858825 0.6805053873187210112 0 I I #
coedge $-1 -1 $-1 $2534 $2533 $2819 $2820 forward $2535 $-1 #
edge $2821 -1 $-1 $2537 -6.291923076923076508 $2822 -6.286538461538459188 $2534 $353 forward @7 unknown #
face $2823 -1 $-1 $2551 $2535 $8 $-1 $355 reversed single #
point $-1 -1 $-1 0.3000000000000008216 -6.291923076923076508 0.5 #
point $-1 -1 $-1 0.7030086927023231347 -6.666201039948372653 0.5 #
coedge $-1 -1 $-1 $2542 $2791 $2824 $2825 reversed $102 $-1 #
coedge $-1 -1 $-1 $2826 $2819 $2542 $2684 forward $2827 $-1 #
edge $2828 -1 $-1 $2686 0 $2829 0.4668842309493203557 $2683 $2830 forward @7 unknown #
color-adesk-attrib $-1 -1 $-1 $-1 $2543 256 #
vertex $-1 -1 $-1 $2543 $2831 #
color-adesk-attrib $-1 -1 $-1 $-1 $2550 256 #
vertex $-1 -1 $-1 $2550 $2832 #
color-adesk-attrib $-1 -1 $-1 $-1 $2551 256 #
coedge $-1 -1 $-1 $2810 $2554 $2833 $2834 forward $264 $-1 #
coedge $-1 -1 $-1 $2555 $2562 $2554 $2692 reversed $2563 $-1 #
edge $2835 -1 $-1 $2558 0 $2836 0.4668842309493203557 $2691 $2837 forward @7 unknown #
color-adesk-attrib $-1 -1 $-1 $-1 $2556 256 #
straight-curve $-1 -1 $-1 0.2999999999999998224 -7.517307692307694467 -0.25 0 0 1 I I #
point $-1 -1 $-1 0.3000000000000007105 -7.51730769230769269 0.5 #
coedge $-1 -1 $-1 $2833 $2560 $2813 $2838 reversed $2698 $-1 #
coedge $-1 -1 $-1 $2560 $2833 $2562 $2702 reversed $2698 $-1 #
loop $-1 -1 $-1 $-1 $2560 $2839 #
color-adesk-attrib $-1 -1 $-1 $-1 $2561 256 #
vertex $-1 -1 $-1 $2561 $2840 #
straight-curve $-1 -1 $-1 0.7030086927023229126 -7.281585655332989404 -0.5 -0.7327430776405858825 0.6805053873187210112 0 F 0 F 0.5500000000000000444 #
edge $2841 -1 $-1 $2565 0 $2836 1 $2562 $2842 forward @7 unknown #
face $2843 -1 $-1 $2575 $2563 $8 $-1 $2844 forward single #
point $-1 -1 $-1 0.7030086927023229126 -7.281585655332989404 -0.5 #
color-adesk-attrib $-1 -1 $-1 $-1 $2570 256 #
straight-curve $-1 -1 $-1 0.7030086927023229126 -8.512354886102219353 0.5 -0.7327430776405858825 0.6805053873187210112 0 I I #
point $-1 -1 $-1 0.7030086927023229126 -8.512354886102219353 0.5 #
color-adesk-attrib $-1 -1 $-1 $-1 $2574 256 #
straight-curve $-1 -1 $-1 0.2999999999999998224 -8.138076923076923208 -0.25 0 0 -1 I I #
color-adesk-attrib $-1 -1 $-1 $-1 $2575 256 #
plane-surface $-1 -1 $-1 0.7030086927023229126 -8.512354886102219353 -0.5 0.6805053873187210112 0.7327430776405858825 0 -0.7327430776405858825 0.6805053873187210112 0 forward_v I I I I #
color-adesk-attrib $-1 -1 $-1 $-1 $2582 256 #
face $2845 -1 $-1 $2846 $2847 $8 $-1 $2848 forward single #
loop $-1 -1 $-1 $-1 $2849 $2582 #
plane-surface $-1 -1 $-1 0.7030086927023240229 9.949183575436244098 -0.5 0.6805053873187210112 0.7327430776405858825 0 -0.7327430776405858825 0.6805053873187210112 0 forward_v I I I I #
coedge $-1 -1 $-1 $2850 $2851 $2628 $2771 forward $2583 $-1 #
coedge $-1 -1 $-1 $2585 $2622 $2850 $2852 reversed $2450 $-1 #
color-adesk-attrib $-1 -1 $-1 $-1 $2588 256 #
straight-curve $-1 -1 $-1 0.7030086927023242449 12.410722036974704 -0.5 0 0 1 I I #
color-adesk-attrib $-1 -1 $-1 $-1 $2590 256 #
face $2853 -1 $-1 $2854 $2855 $8 $-1 $355 reversed single #
loop $-1 -1 $-1 $-1 $2856 $2590 #
coedge $-1 -1 $-1 $2857 $2858 $2859 $2860 forward $2591 $-1 #
coedge $-1 -1 $-1 $2861 $2592 $2862 $2863 reversed $2458 $-1 #
coedge $-1 -1 $-1 $2592 $2861 $2864 $2865 reversed $2458 $-1 #
coedge $-1 -1 $-1 $2866 $2867 $2592 $2727 reversed $2868 $-1 #
edge $2869 -1 $-1 $2870 -0.25 $2871 0.75 $2592 $2872 forward @7 unknown #
coedge $-1 -1 $-1 $2594 $2593 $2851 $2873 forward $2327 $-1 #
coedge $-1 -1 $-1 $2874 $2628 $2593 $2730 forward $102 $-1 #
edge $2875 -1 $-1 $2876 -10.94423076923077076 $2738 -10.93884615384615699 $2593 $277 forward @7 unknown #
coedge $-1 -1 $-1 $2625 $2877 $2594 $2732 forward $264 $-1 #
edge $2878 -1 $-1 $2737 10.93884615384615699 $2879 10.94423076923077076 $2594 $353 forward @7 unknown #
coedge $-1 -1 $-1 $2880 $2595 $2877 $2881 reversed $2735 $-1 #
coedge $-1 -1 $-1 $2595 $2880 $2874 $2882 forward $2735 $-1 #
loop $-1 -1 $-1 $-1 $2734 $2883 #
color-adesk-attrib $-1 -1 $-1 $-1 $2596 256 #
vertex $-1 -1 $-1 $2732 $2884 #
vertex $-1 -1 $-1 $2882 $2885 #
straight-curve $-1 -1 $-1 0.3000000000000007105 10.93884615384616055 -0.25 0 0 -1 I I #
coedge $-1 -1 $-1 $2886 $2849 $2597 $2741 reversed $2714 $-1 #
edge $2887 -1 $-1 $2745 -0.75 $2749 0.25 $2597 $2888 forward @7 unknown #
coedge $-1 -1 $-1 $2877 $2598 $2603 $2752 forward $264 $-1 #
coedge $-1 -1 $-1 $2598 $2889 $2886 $2890 forward $264 $-1 #
color-adesk-attrib $-1 -1 $-1 $-1 $2599 256 #
vertex $-1 -1 $-1 $2599 $2891 #
coedge $-1 -1 $-1 $2892 $2600 $2849 $2893 reversed $102 $-1 #
coedge $-1 -1 $-1 $2600 $2874 $2602 $2751 reversed $102 $-1 #
color-adesk-attrib $-1 -1 $-1 $-1 $2601 256 #
vertex $-1 -1 $-1 $2893 $2894 #
coedge $-1 -1 $-1 $2603 $2602 $2880 $2895 forward $2604 $-1 #
edge $2896 -1 $-1 $2606 0 $2897 0.4668842309493203557 $2602 $2898 forward @7 unknown #
edge $2899 -1 $-1 $2607 0 $2900 0.4668842309493203557 $2603 $2901 forward @7 unknown #
face $2902 -1 $-1 $2619 $2604 $8 $-1 $2903 forward single #
point $-1 -1 $-1 0.3000000000000018208 10.32884615384615756 -0.5 #
point $-1 -1 $-1 0.3000000000000018208 10.32884615384615756 0.5 #
color-adesk-attrib $-1 -1 $-1 $-1 $2609 256 #
straight-curve $-1 -1 $-1 0.2999999999999998224 12.17500000000000071 -0.25 0 0 1 I I #
point $-1 -1 $-1 0.3000000000000019318 12.17500000000000071 -0.5 #
point $-1 -1 $-1 0.3000000000000019318 12.17500000000000071 0.5 #
color-adesk-attrib $-1 -1 $-1 $-1 $2617 256 #
straight-curve $-1 -1 $-1 0.7030086927023242449 11.7953374215900908 0.5 -0.7327430776405858825 0.6805053873187210112 0 I I #
color-adesk-attrib $-1 -1 $-1 $-1 $2618 256 #
straight-curve $-1 -1 $-1 0.7030086927023242449 11.7953374215900908 -0.5 -0.7327430776405858825 0.6805053873187210112 0 F 0 F 0.5500000000000000444 #
color-adesk-attrib $-1 -1 $-1 $-1 $2619 256 #
plane-surface $-1 -1 $-1 0.7030086927023242449 11.7953374215900908 -0.5 0.6805053873187210112 0.7327430776405858825 0 -0.7327430776405858825 0.6805053873187210112 0 forward_v I I I I #
coedge $-1 -1 $-1 $2851 $2850 $2625 $2767 reversed $2583 $-1 #
edge $2904 -1 $-1 $2879 0 $2769 0.4668842309493203557 $2766 $2905 forward @7 unknown #
color-adesk-attrib $-1 -1 $-1 $-1 $2626 256 #
vertex $-1 -1 $-1 $2852 $2906 #
straight-curve $-1 -1 $-1 0.7030086927023241339 11.17995280620547405 0.5 -0.7327430776405858825 0.6805053873187210112 0 I I #
edge $2907 -1 $-1 $2876 0 $2773 0.4668842309493203557 $2716 $2908 forward @7 unknown #
color-adesk-attrib $-1 -1 $-1 $-1 $2629 256 #
vertex $-1 -1 $-1 $2771 $2909 #
straight-curve $-1 -1 $-1 0.7030086927023241339 11.17995280620547405 -0.5 -0.7327430776405858825 0.6805053873187210112 0 F 0 F 0.5500000000000000444 #
color-adesk-attrib $-1 -1 $-1 $-1 $2631 256 #
straight-curve $-1 -1 $-1 0.7030086927023242449 11.7953374215900908 -0.5 0 0 1 I I #
point $-1 -1 $-1 0.7030086927023242449 11.7953374215900908 -0.5 #
point $-1 -1 $-1 0.7030086927023242449 11.7953374215900908 0.5 #
color-adesk-attrib $-1 -1 $-1 $-1 $2647 256 #
face $2910 -1 $-1 $2911 $2912 $8 $-1 $2913 forward single #
loop $-1 -1 $-1 $-1 $2914 $2647 #
plane-surface $-1 -1 $-1 0.7030086927023233567 -2.973893347640679252 -0.5 0.6805053873187210112 0.7327430776405858825 0 -0.7327430776405858825 0.6805053873187210112 0 forward_v I I I I #
coedge $-1 -1 $-1 $2915 $2916 $2917 $2918 forward $2648 $-1 #
coedge $-1 -1 $-1 $2919 $2650 $2920 $2921 reversed $2517 $-1 #
coedge $-1 -1 $-1 $2650 $2919 $2915 $2922 reversed $2517 $-1 #
coedge $-1 -1 $-1 $2917 $2923 $2650 $2787 reversed $102 $-1 #
edge $2924 -1 $-1 $2925 0 $2926 0.5500000000000000444 $2650 $2927 forward @7 unknown #
coedge $-1 -1 $-1 $2652 $2651 $2928 $2929 reversed $2384 $-1 #
coedge $-1 -1 $-1 $2930 $2931 $2652 $2790 forward $2932 $-1 #
edge $2933 -1 $-1 $2793 -0.25 $2934 0.75 $2789 $2935 forward @7 unknown #
coedge $-1 -1 $-1 $2682 $2653 $2931 $2936 forward $102 $-1 #
color-adesk-attrib $-1 -1 $-1 $-1 $2654 256 #
vertex $-1 -1 $-1 $2936 $2937 #
straight-curve $-1 -1 $-1 0.3000000000000008216 -5.67115384615384599 -0.5 0.863187629796107414 0.5048832694464910897 0 F 0 F 0.4668842309493203557 #
coedge $-1 -1 $-1 $2938 $2928 $2655 $2796 forward $264 $-1 #
edge $2939 -1 $-1 $2804 0 $2801 0.5500000000000000444 $2655 $2940 forward @7 unknown #
coedge $-1 -1 $-1 $2941 $2656 $2659 $2807 reversed $2799 $-1 #
coedge $-1 -1 $-1 $2656 $2941 $2938 $2942 reversed $2799 $-1 #
loop $-1 -1 $-1 $-1 $2656 $2943 #
color-adesk-attrib $-1 -1 $-1 $-1 $2657 256 #
vertex $-1 -1 $-1 $2942 $2944 #
straight-curve $-1 -1 $-1 0.2999999999999997113 -5.06115384615384567 -0.25 0 0 -1 I I #
color-adesk-attrib $-1 -1 $-1 $-1 $2658 256 #
vertex $-1 -1 $-1 $2658 $2945 #
straight-curve $-1 -1 $-1 0.7030086927023231347 -5.435431809179142704 -0.5 0 0 1 I I #
coedge $-1 -1 $-1 $2659 $2946 $2947 $2948 reversed $102 $-1 #
edge $2949 -1 $-1 $2950 5.055769230769229239 $2662 5.061153846153846558 $2797 $277 forward @7 unknown #
point $-1 -1 $-1 0.7030086927023231347 -5.435431809179142704 -0.5 #
point $-1 -1 $-1 0.3000000000000008216 -5.061153846153846558 -0.5 #
coedge $-1 -1 $-1 $2664 $2690 $2666 $2814 forward $264 $-1 #
color-adesk-attrib $-1 -1 $-1 $-1 $2665 256 #
straight-curve $-1 -1 $-1 0.3000000000000008216 -6.901923076923075939 0.5 0.863187629796107414 0.5048832694464910897 0 I I #
coedge $-1 -1 $-1 $2667 $2666 $2696 $2838 forward $2668 $-1 #
edge $2951 -1 $-1 $2952 -6.907307692307693259 $2670 -6.901923076923075939 $2666 $353 forward @7 unknown #
face $2953 -1 $-1 $2679 $2668 $8 $-1 $355 reversed single #
point $-1 -1 $-1 0.3000000000000008216 -6.901923076923075939 0.5 #
color-adesk-attrib $-1 -1 $-1 $-1 $2672 256 #
coedge $-1 -1 $-1 $2954 $2674 $2955 $2956 forward $264 $-1 #
coedge $-1 -1 $-1 $2683 $2955 $2677 $2820 reversed $2827 $-1 #
edge $2957 -1 $-1 $2686 -0.25 $2822 0.75 $2677 $2958 forward @7 unknown #
color-adesk-attrib $-1 -1 $-1 $-1 $2678 256 #
vertex $-1 -1 $-1 $2956 $2959 #
color-adesk-attrib $-1 -1 $-1 $-1 $2679 256 #
coedge $-1 -1 $-1 $2960 $2961 $2682 $2825 forward $2962 $-1 #
edge $2963 -1 $-1 $2829 0 $2964 0.5500000000000000444 $2824 $2965 forward @7 unknown #
coedge $-1 -1 $-1 $2955 $2683 $2961 $2966 forward $2827 $-1 #
loop $-1 -1 $-1 $-1 $2683 $2967 #
color-adesk-attrib $-1 -1 $-1 $-1 $2684 256 #
vertex $-1 -1 $-1 $2684 $2968 #
straight-curve $-1 -1 $-1 0.3000000000000008216 -6.286538461538459188 -0.5 0.863187629796107414 0.5048832694464910897 0 F 0 F 0.4668842309493203557 #
point $-1 -1 $-1 0.3000000000000008216 -6.286538461538459188 -0.5 #
point $-1 -1 $-1 0.300000000000000655 -8.138076923076923208 0.5 #
coedge $-1 -1 $-1 $2697 $2696 $2690 $2834 reversed $2698 $-1 #
edge $2969 -1 $-1 $2836 0 $2952 0.5500000000000000444 $2833 $2970 forward @7 unknown #
color-adesk-attrib $-1 -1 $-1 $-1 $2692 256 #
vertex $-1 -1 $-1 $2702 $2971 #
straight-curve $-1 -1 $-1 0.3000000000000007105 -7.51730769230769269 0.5 0.863187629796107414 0.5048832694464910897 0 I I #
edge $2972 -1 $-1 $2952 -0.75 $2700 0.25 $2813 $2973 forward @7 unknown #
face $2974 -1 $-1 $2703 $2698 $8 $-1 $2975 forward single #
point $-1 -1 $-1 0.3000000000000007105 -6.907307692307693259 -0.5 #
color-adesk-attrib $-1 -1 $-1 $-1 $2702 256 #
straight-curve $-1 -1 $-1 0.7030086927023229126 -7.281585655332989404 -0.5 0 0 1 I I #
color-adesk-attrib $-1 -1 $-1 $-1 $2703 256 #
plane-surface $-1 -1 $-1 0.3000000000000007105 -7.51730769230769269 -0.5 0.5048832694464912008 -0.8631876297961075251 0 0.8631876297961075251 0.5048832694464912008 0 forward_v I I I I #
color-adesk-attrib $-1 -1 $-1 $-1 $2713 256 #
face $2976 -1 $-1 $2977 $2978 $8 $-1 $2979 forward single #
loop $-1 -1 $-1 $-1 $2980 $2713 #
plane-surface $-1 -1 $-1 0.3000000000000018208 9.713461538461540812 -0.5 0.5048832694464912008 -0.8631876297961075251 0 0.8631876297961075251 0.5048832694464912008 0 forward_v I I I I #
coedge $-1 -1 $-1 $2740 $2981 $2746 $2893 forward $2714 $-1 #
coedge $-1 -1 $-1 $2766 $2716 $2717 $2852 forward $2583 $-1 #
coedge $-1 -1 $-1 $2716 $2766 $2728 $2873 reversed $2583 $-1 #
edge $2982 -1 $-1 $2773 0 $2769 1 $2850 $2983 forward @7 unknown #
color-adesk-attrib $-1 -1 $-1 $-1 $2721 256 #
face $2984 -1 $-1 $2985 $2986 $8 $-1 $355 reversed single #
loop $-1 -1 $-1 $-1 $2987 $2721 #
coedge $-1 -1 $-1 $2988 $2989 $2990 $2991 forward $2722 $-1 #
coedge $-1 -1 $-1 $2992 $2723 $2993 $2994 reversed $2591 $-1 #
coedge $-1 -1 $-1 $2723 $2992 $2995 $2996 reversed $2591 $-1 #
coedge $-1 -1 $-1 $2997 $2998 $2723 $2860 reversed $2999 $-1 #
edge $3000 -1 $-1 $3001 -0.75 $3002 0.25 $2723 $3003 forward @7 unknown #
coedge $-1 -1 $-1 $2725 $2724 $3004 $3005 forward $2458 $-1 #
coedge $-1 -1 $-1 $3006 $3007 $2724 $2863 forward $264 $-1 #
edge $3008 -1 $-1 $3009 9.092692307692310294 $2871 9.098076923076924061 $2724 $353 forward @7 unknown #
coedge $-1 -1 $-1 $3010 $3011 $2725 $2865 forward $102 $-1 #
edge $3012 -1 $-1 $2870 -9.098076923076924061 $3013 -9.092692307692310294 $2725 $277 forward @7 unknown #
coedge $-1 -1 $-1 $3014 $2726 $3011 $3015 forward $2868 $-1 #
coedge $-1 -1 $-1 $2726 $3014 $3006 $3016 reversed $2868 $-1 #
loop $-1 -1 $-1 $-1 $2866 $3017 #
color-adesk-attrib $-1 -1 $-1 $-1 $2727 256 #
vertex $-1 -1 $-1 $2865 $3018 #
vertex $-1 -1 $-1 $3016 $3019 #
straight-curve $-1 -1 $-1 0.3000000000000002665 9.098076923076924061 -0.25 0 0 1 I I #
edge $3020 -1 $-1 $2876 -0.25 $2879 0.75 $2728 $3021 forward @7 unknown #
coedge $-1 -1 $-1 $2747 $2729 $2734 $2882 reversed $102 $-1 #
color-adesk-attrib $-1 -1 $-1 $-1 $2730 256 #
vertex $-1 -1 $-1 $2730 $3022 #
coedge $-1 -1 $-1 $2731 $2742 $2733 $2881 forward $264 $-1 #
color-adesk-attrib $-1 -1 $-1 $-1 $2732 256 #
vertex $-1 -1 $-1 $2767 $3023 #
coedge $-1 -1 $-1 $2734 $2733 $2750 $2895 reversed $2735 $-1 #
edge $3024 -1 $-1 $2900 0 $2737 0.5500000000000000444 $2733 $3025 forward @7 unknown #
edge $3026 -1 $-1 $2897 0 $2738 0.5500000000000000444 $2734 $3027 forward @7 unknown #
face $3028 -1 $-1 $2753 $2735 $8 $-1 $3029 forward single #
point $-1 -1 $-1 0.3000000000000018208 10.93884615384615699 0.5 #
point $-1 -1 $-1 0.3000000000000018208 10.93884615384615699 -0.5 #
coedge $-1 -1 $-1 $2981 $2740 $2743 $2890 reversed $2714 $-1 #
color-adesk-attrib $-1 -1 $-1 $-1 $2741 256 #
straight-curve $-1 -1 $-1 0.3000000000000002665 10.3234615384615438 -0.25 0 0 -1 I I #
coedge $-1 -1 $-1 $2743 $2995 $3030 $3031 forward $264 $-1 #
edge $3032 -1 $-1 $3033 0 $2745 0.5500000000000000444 $2886 $3034 forward @7 unknown #
point $-1 -1 $-1 0.3000000000000018208 10.32346153846154024 0.5 #
coedge $-1 -1 $-1 $2993 $2746 $2980 $3035 reversed $102 $-1 #
edge $3036 -1 $-1 $3037 0 $2749 0.5500000000000000444 $2849 $3038 forward @7 unknown #
point $-1 -1 $-1 0.3000000000000018208 10.32346153846154024 -0.5 #
edge $3039 -1 $-1 $2897 0 $2900 1 $2750 $3040 forward @7 unknown #
color-adesk-attrib $-1 -1 $-1 $-1 $2751 256 #
vertex $-1 -1 $-1 $2751 $3041 #
straight-curve $-1 -1 $-1 0.3000000000000018208 10.32884615384615756 -0.5 0.863187629796107414 0.5048832694464910897 0 F 0 F 0.4668842309493203557 #
color-adesk-attrib $-1 -1 $-1 $-1 $2752 256 #
vertex $-1 -1 $-1 $2895 $3042 #
straight-curve $-1 -1 $-1 0.3000000000000018208 10.32884615384615756 0.5 0.863187629796107414 0.5048832694464910897 0 I I #
color-adesk-attrib $-1 -1 $-1 $-1 $2753 256 #
plane-surface $-1 -1 $-1 0.3000000000000018208 10.32884615384615756 -0.5 0.5048832694464912008 -0.8631876297961075251 0 0.8631876297961075251 0.5048832694464912008 0 forward_v I I I I #
color-adesk-attrib $-1 -1 $-1 $-1 $2767 256 #
straight-curve $-1 -1 $-1 0.3000000000000018763 10.94423076923077076 0.5 0.863187629796107414 0.5048832694464910897 0 I I #
point $-1 -1 $-1 0.7030086927023241339 11.17995280620547405 0.5 #
color-adesk-attrib $-1 -1 $-1 $-1 $2771 256 #
straight-curve $-1 -1 $-1 0.3000000000000018763 10.94423076923077076 -0.5 0.863187629796107414 0.5048832694464910897 0 F 0 F 0.4668842309493203557 #
point $-1 -1 $-1 0.7030086927023241339 11.17995280620547405 -0.5 #
color-adesk-attrib $-1 -1 $-1 $-1 $2780 256 #
face $3043 -1 $-1 $3044 $3045 $8 $-1 $3046 forward single #
loop $-1 -1 $-1 $-1 $3047 $2780 #
plane-surface $-1 -1 $-1 0.3000000000000010436 -3.209615384615382538 -0.5 0.5048832694464912008 -0.8631876297961075251 0 0.8631876297961075251 0.5048832694464912008 0 forward_v I I I I #
coedge $-1 -1 $-1 $3048 $3049 $3050 $3051 forward $2781 $-1 #
coedge $-1 -1 $-1 $3052 $2783 $2785 $2922 forward $2648 $-1 #
coedge $-1 -1 $-1 $2783 $3052 $3053 $3054 reversed $2648 $-1 #
coedge $-1 -1 $-1 $3055 $2786 $2783 $2918 reversed $102 $-1 #
edge $3056 -1 $-1 $3057 0 $2925 0.4668842309493203557 $2783 $3058 forward @7 unknown #
coedge $-1 -1 $-1 $2785 $2784 $3059 $3060 reversed $2517 $-1 #
coedge $-1 -1 $-1 $3061 $3062 $2784 $2921 forward $3063 $-1 #
edge $3064 -1 $-1 $3065 -0.75 $2926 0.25 $2920 $3066 forward @7 unknown #
edge $3067 -1 $-1 $2925 0 $3068 1 $2915 $3069 forward @7 unknown #
coedge $-1 -1 $-1 $2786 $3070 $3061 $3071 forward $102 $-1 #
color-adesk-attrib $-1 -1 $-1 $-1 $2787 256 #
vertex $-1 -1 $-1 $2918 $3072 #
vertex $-1 -1 $-1 $2787 $3073 #
straight-curve $-1 -1 $-1 0.7030086927023231347 -4.204662578409909202 -0.5 -0.7327430776405858825 0.6805053873187210112 0 F 0 F 0.5500000000000000444 #
coedge $-1 -1 $-1 $2795 $3074 $2788 $2929 forward $264 $-1 #
edge $3075 -1 $-1 $2934 0 $2804 0.4668842309493203557 $2788 $3076 forward @7 unknown #
coedge $-1 -1 $-1 $3077 $2789 $3074 $3078 reversed $2932 $-1 #
coedge $-1 -1 $-1 $2789 $3077 $2791 $2936 reversed $2932 $-1 #
loop $-1 -1 $-1 $-1 $2789 $3079 #
color-adesk-attrib $-1 -1 $-1 $-1 $2790 256 #
vertex $-1 -1 $-1 $2929 $3080 #
straight-curve $-1 -1 $-1 0.3000000000000000444 -5.671153846153846878 -0.25 0 0 1 I I #
edge $3081 -1 $-1 $2793 5.67115384615384599 $2964 5.676538461538459757 $2931 $277 forward @7 unknown #
point $-1 -1 $-1 0.3000000000000008216 -5.67115384615384599 -0.5 #
coedge $-1 -1 $-1 $3082 $2795 $2798 $2942 forward $264 $-1 #
color-adesk-attrib $-1 -1 $-1 $-1 $2796 256 #
straight-curve $-1 -1 $-1 0.7030086927023231347 -5.435431809179142704 0.5 -0.7327430776405858825 0.6805053873187210112 0 I I #
coedge $-1 -1 $-1 $2798 $2797 $3083 $3084 forward $2799 $-1 #
edge $3085 -1 $-1 $2801 -5.061153846153846558 $3086 -5.055769230769229239 $2798 $353 forward @7 unknown #
face $3087 -1 $-1 $2815 $2799 $8 $-1 $355 reversed single #
point $-1 -1 $-1 0.3000000000000008216 -5.061153846153846558 0.5 #
point $-1 -1 $-1 0.7030086927023231347 -5.435431809179142704 0.5 #
coedge $-1 -1 $-1 $2806 $3055 $3088 $3089 reversed $102 $-1 #
coedge $-1 -1 $-1 $3090 $3083 $2806 $2948 forward $3091 $-1 #
edge $3092 -1 $-1 $2950 0 $3093 0.4668842309493203557 $2947 $3094 forward @7 unknown #
color-adesk-attrib $-1 -1 $-1 $-1 $2807 256 #
vertex $-1 -1 $-1 $2807 $3095 #
color-adesk-attrib $-1 -1 $-1 $-1 $2814 256 #
vertex $-1 -1 $-1 $2814 $3096 #
color-adesk-attrib $-1 -1 $-1 $-1 $2815 256 #
coedge $-1 -1 $-1 $3074 $2818 $3097 $3098 forward $264 $-1 #
coedge $-1 -1 $-1 $2819 $2826 $2818 $2956 reversed $2827 $-1 #
edge $3099 -1 $-1 $2822 0 $3100 0.4668842309493203557 $2955 $3101 forward @7 unknown #
color-adesk-attrib $-1 -1 $-1 $-1 $2820 256 #
straight-curve $-1 -1 $-1 0.2999999999999998224 -6.286538461538460076 -0.25 0 0 1 I I #
point $-1 -1 $-1 0.3000000000000008216 -6.286538461538459188 0.5 #
coedge $-1 -1 $-1 $3097 $2824 $3077 $3102 reversed $2962 $-1 #
coedge $-1 -1 $-1 $2824 $3097 $2826 $2966 reversed $2962 $-1 #
loop $-1 -1 $-1 $-1 $2824 $3103 #
color-adesk-attrib $-1 -1 $-1 $-1 $2825 256 #
vertex $-1 -1 $-1 $2825 $3104 #
straight-curve $-1 -1 $-1 0.7030086927023231347 -6.050816424563755902 -0.5 -0.7327430776405858825 0.6805053873187210112 0 F 0 F 0.5500000000000000444 #
edge $3105 -1 $-1 $2829 0 $3100 1 $2826 $3106 forward @7 unknown #
face $3107 -1 $-1 $2839 $2827 $8 $-1 $3108 forward single #
point $-1 -1 $-1 0.7030086927023231347 -6.050816424563755902 -0.5 #
color-adesk-attrib $-1 -1 $-1 $-1 $2834 256 #
straight-curve $-1 -1 $-1 0.7030086927023229126 -7.281585655332989404 0.5 -0.7327430776405858825 0.6805053873187210112 0 I I #
point $-1 -1 $-1 0.7030086927023229126 -7.281585655332989404 0.5 #
color-adesk-attrib $-1 -1 $-1 $-1 $2838 256 #
straight-curve $-1 -1 $-1 0.2999999999999998224 -6.907307692307692371 -0.25 0 0 -1 I I #
color-adesk-attrib $-1 -1 $-1 $-1 $2839 256 #
plane-surface $-1 -1 $-1 0.7030086927023229126 -7.281585655332989404 -0.5 0.6805053873187210112 0.7327430776405858825 0 -0.7327430776405858825 0.6805053873187210112 0 forward_v I I I I #
color-adesk-attrib $-1 -1 $-1 $-1 $2846 256 #
face $3109 -1 $-1 $3110 $3111 $8 $-1 $3112 forward single #
loop $-1 -1 $-1 $-1 $3113 $2846 #
plane-surface $-1 -1 $-1 0.7030086927023240229 8.718414344667014149 -0.5 0.6805053873187210112 0.7327430776405858825 0 -0.7327430776405858825 0.6805053873187210112 0 forward_v I I I I #
coedge $-1 -1 $-1 $3114 $3115 $2892 $3035 forward $2847 $-1 #
coedge $-1 -1 $-1 $2849 $2886 $3114 $3116 reversed $2714 $-1 #
color-adesk-attrib $-1 -1 $-1 $-1 $2852 256 #
straight-curve $-1 -1 $-1 0.7030086927023241339 11.17995280620547405 -0.5 0 0 1 I I #
color-adesk-attrib $-1 -1 $-1 $-1 $2854 256 #
face $3117 -1 $-1 $3118 $3119 $8 $-1 $355 reversed single #
loop $-1 -1 $-1 $-1 $3120 $2854 #
coedge $-1 -1 $-1 $3121 $3122 $3123 $3124 forward $2855 $-1 #
coedge $-1 -1 $-1 $3125 $2856 $3126 $3127 reversed $2722 $-1 #
coedge $-1 -1 $-1 $2856 $3125 $3128 $3129 reversed $2722 $-1 #
coedge $-1 -1 $-1 $3130 $3131 $2856 $2991 reversed $3132 $-1 #
edge $3133 -1 $-1 $3134 -0.25 $3135 0.75 $2856 $3136 forward @7 unknown #
coedge $-1 -1 $-1 $2858 $2857 $3115 $3137 forward $2591 $-1 #
coedge $-1 -1 $-1 $3138 $2892 $2857 $2994 forward $102 $-1 #
edge $3139 -1 $-1 $3140 -9.713461538461540812 $3002 -9.708076923076923492 $2857 $277 forward @7 unknown #
coedge $-1 -1 $-1 $2889 $3141 $2858 $2996 forward $264 $-1 #
edge $3142 -1 $-1 $3001 9.708076923076923492 $3143 9.713461538461540812 $2858 $353 forward @7 unknown #
coedge $-1 -1 $-1 $3144 $2859 $3141 $3145 reversed $2999 $-1 #
coedge $-1 -1 $-1 $2859 $3144 $3138 $3146 forward $2999 $-1 #
loop $-1 -1 $-1 $-1 $2998 $3147 #
color-adesk-attrib $-1 -1 $-1 $-1 $2860 256 #
vertex $-1 -1 $-1 $2996 $3148 #
vertex $-1 -1 $-1 $3146 $3149 #
straight-curve $-1 -1 $-1 0.3000000000000002665 9.708076923076927045 -0.25 0 0 -1 I I #
coedge $-1 -1 $-1 $3150 $3113 $2861 $3005 reversed $2978 $-1 #
edge $3151 -1 $-1 $3009 -0.75 $3013 0.25 $2861 $3152 forward @7 unknown #
coedge $-1 -1 $-1 $3141 $2862 $2867 $3016 forward $264 $-1 #
coedge $-1 -1 $-1 $2862 $3153 $3150 $3154 forward $264 $-1 #
color-adesk-attrib $-1 -1 $-1 $-1 $2863 256 #
vertex $-1 -1 $-1 $2863 $3155 #
coedge $-1 -1 $-1 $3156 $2864 $3113 $3157 reversed $102 $-1 #
coedge $-1 -1 $-1 $2864 $3138 $2866 $3015 reversed $102 $-1 #
color-adesk-attrib $-1 -1 $-1 $-1 $2865 256 #
vertex $-1 -1 $-1 $3157 $3158 #
coedge $-1 -1 $-1 $2867 $2866 $3144 $3159 forward $2868 $-1 #
edge $3160 -1 $-1 $2870 0 $3161 0.4668842309493203557 $2866 $3162 forward @7 unknown #
edge $3163 -1 $-1 $2871 0 $3164 0.4668842309493203557 $2867 $3165 forward @7 unknown #
face $3166 -1 $-1 $2883 $2868 $8 $-1 $3167 forward single #
point $-1 -1 $-1 0.3000000000000017653 9.098076923076924061 -0.5 #
point $-1 -1 $-1 0.3000000000000017653 9.098076923076924061 0.5 #
color-adesk-attrib $-1 -1 $-1 $-1 $2873 256 #
straight-curve $-1 -1 $-1 0.2999999999999998224 10.94423076923077076 -0.25 0 0 1 I I #
point $-1 -1 $-1 0.3000000000000018763 10.94423076923077076 -0.5 #
point $-1 -1 $-1 0.3000000000000018763 10.94423076923077076 0.5 #
color-adesk-attrib $-1 -1 $-1 $-1 $2881 256 #
straight-curve $-1 -1 $-1 0.7030086927023240229 10.56456819082086085 0.5 -0.7327430776405858825 0.6805053873187210112 0 I I #
color-adesk-attrib $-1 -1 $-1 $-1 $2882 256 #
straight-curve $-1 -1 $-1 0.7030086927023240229 10.56456819082086085 -0.5 -0.7327430776405858825 0.6805053873187210112 0 F 0 F 0.5500000000000000444 #
color-adesk-attrib $-1 -1 $-1 $-1 $2883 256 #
plane-surface $-1 -1 $-1 0.7030086927023240229 10.56456819082086085 -0.5 0.6805053873187210112 0.7327430776405858825 0 -0.7327430776405858825 0.6805053873187210112 0 forward_v I I I I #
coedge $-1 -1 $-1 $3115 $3114 $2889 $3031 reversed $2847 $-1 #
edge $3168 -1 $-1 $3143 0 $3033 0.4668842309493203557 $3030 $3169 forward @7 unknown #
color-adesk-attrib $-1 -1 $-1 $-1 $2890 256 #
vertex $-1 -1 $-1 $3116 $3170 #
straight-curve $-1 -1 $-1 0.7030086927023240229 9.949183575436244098 0.5 -0.7327430776405858825 0.6805053873187210112 0 I I #
edge $3171 -1 $-1 $3140 0 $3037 0.4668842309493203557 $2980 $3172 forward @7 unknown #
color-adesk-attrib $-1 -1 $-1 $-1 $2893 256 #
vertex $-1 -1 $-1 $3035 $3173 #
straight-curve $-1 -1 $-1 0.7030086927023240229 9.949183575436244098 -0.5 -0.7327430776405858825 0.6805053873187210112 0 F 0 F 0.5500000000000000444 #
color-adesk-attrib $-1 -1 $-1 $-1 $2895 256 #
straight-curve $-1 -1 $-1 0.7030086927023240229 10.56456819082086085 -0.5 0 0 1 I I #
point $-1 -1 $-1 0.7030086927023240229 10.56456819082086085 -0.5 #
point $-1 -1 $-1 0.7030086927023240229 10.56456819082086085 0.5 #
color-adesk-attrib $-1 -1 $-1 $-1 $2911 256 #
face $3174 -1 $-1 $3175 $3176 $8 $-1 $3177 forward single #
loop $-1 -1 $-1 $-1 $3178 $2911 #
plane-surface $-1 -1 $-1 0.7030086927023233567 -1.743124116871449303 -0.5 0.6805053873187210112 0.7327430776405858825 0 -0.7327430776405858825 0.6805053873187210112 0 forward_v I I I I #
coedge $-1 -1 $-1 $3179 $3180 $3181 $3182 forward $2912 $-1 #
coedge $-1 -1 $-1 $3183 $2914 $3184 $3185 reversed $2781 $-1 #
coedge $-1 -1 $-1 $2914 $3183 $3179 $3186 reversed $2781 $-1 #
coedge $-1 -1 $-1 $3181 $3187 $2914 $3051 reversed $102 $-1 #
edge $3188 -1 $-1 $3189 0 $3190 0.5500000000000000444 $2914 $3191 forward @7 unknown #
coedge $-1 -1 $-1 $2916 $2915 $3192 $3193 reversed $2648 $-1 #
coedge $-1 -1 $-1 $3194 $3195 $2916 $3054 forward $3196 $-1 #
edge $3197 -1 $-1 $3057 -0.25 $3198 0.75 $3053 $3199 forward @7 unknown #
coedge $-1 -1 $-1 $2946 $2917 $3195 $3200 forward $102 $-1 #
color-adesk-attrib $-1 -1 $-1 $-1 $2918 256 #
vertex $-1 -1 $-1 $3200 $3201 #
straight-curve $-1 -1 $-1 0.3000000000000009326 -4.440384615384612488 -0.5 0.863187629796107414 0.5048832694464910897 0 F 0 F 0.4668842309493203557 #
coedge $-1 -1 $-1 $3202 $3192 $2919 $3060 forward $264 $-1 #
edge $3203 -1 $-1 $3068 0 $3065 0.5500000000000000444 $2919 $3204 forward @7 unknown #
coedge $-1 -1 $-1 $3205 $2920 $2923 $3071 reversed $3063 $-1 #
coedge $-1 -1 $-1 $2920 $3205 $3202 $3206 reversed $3063 $-1 #
loop $-1 -1 $-1 $-1 $2920 $3207 #
color-adesk-attrib $-1 -1 $-1 $-1 $2921 256 #
vertex $-1 -1 $-1 $3206 $3208 #
straight-curve $-1 -1 $-1 0.2999999999999998224 -3.830384615384611724 -0.25 0 0 -1 I I #
color-adesk-attrib $-1 -1 $-1 $-1 $2922 256 #
vertex $-1 -1 $-1 $2922 $3209 #
straight-curve $-1 -1 $-1 0.7030086927023231347 -4.204662578409909202 -0.5 0 0 1 I I #
coedge $-1 -1 $-1 $2923 $3210 $3211 $3212 reversed $102 $-1 #
edge $3213 -1 $-1 $3214 3.824999999999999289 $2926 3.830384615384613056 $3061 $277 forward @7 unknown #
point $-1 -1 $-1 0.7030086927023231347 -4.204662578409909202 -0.5 #
point $-1 -1 $-1 0.3000000000000009326 -3.830384615384613056 -0.5 #
coedge $-1 -1 $-1 $2928 $2954 $2930 $3078 forward $264 $-1 #
color-adesk-attrib $-1 -1 $-1 $-1 $2929 256 #
straight-curve $-1 -1 $-1 0.3000000000000008216 -5.67115384615384599 0.5 0.863187629796107414 0.5048832694464910897 0 I I #
coedge $-1 -1 $-1 $2931 $2930 $2960 $3102 forward $2932 $-1 #
edge $3215 -1 $-1 $3216 -5.676538461538459757 $2934 -5.67115384615384599 $2930 $353 forward @7 unknown #
face $3217 -1 $-1 $2943 $2932 $8 $-1 $355 reversed single #
point $-1 -1 $-1 0.3000000000000008216 -5.67115384615384599 0.5 #
color-adesk-attrib $-1 -1 $-1 $-1 $2936 256 #
coedge $-1 -1 $-1 $3218 $2938 $3219 $3220 forward $264 $-1 #
coedge $-1 -1 $-1 $2947 $3219 $2941 $3084 reversed $3091 $-1 #
edge $3221 -1 $-1 $2950 -0.25 $3086 0.75 $2941 $3222 forward @7 unknown #
color-adesk-attrib $-1 -1 $-1 $-1 $2942 256 #
vertex $-1 -1 $-1 $3220 $3223 #
color-adesk-attrib $-1 -1 $-1 $-1 $2943 256 #
coedge $-1 -1 $-1 $3224 $3225 $2946 $3089 forward $3226 $-1 #
edge $3227 -1 $-1 $3093 0 $3228 0.5500000000000000444 $3088 $3229 forward @7 unknown #
coedge $-1 -1 $-1 $3219 $2947 $3225 $3230 forward $3091 $-1 #
loop $-1 -1 $-1 $-1 $2947 $3231 #
color-adesk-attrib $-1 -1 $-1 $-1 $2948 256 #
vertex $-1 -1 $-1 $2948 $3232 #
straight-curve $-1 -1 $-1 0.3000000000000009326 -5.055769230769229239 -0.5 0.863187629796107414 0.5048832694464910897 0 F 0 F 0.4668842309493203557 #
point $-1 -1 $-1 0.3000000000000009326 -5.055769230769229239 -0.5 #
point $-1 -1 $-1 0.3000000000000007105 -6.907307692307693259 0.5 #
coedge $-1 -1 $-1 $2961 $2960 $2954 $3098 reversed $2962 $-1 #
edge $3233 -1 $-1 $3100 0 $3216 0.5500000000000000444 $3097 $3234 forward @7 unknown #
color-adesk-attrib $-1 -1 $-1 $-1 $2956 256 #
vertex $-1 -1 $-1 $2966 $3235 #
straight-curve $-1 -1 $-1 0.3000000000000008216 -6.286538461538459188 0.5 0.863187629796107414 0.5048832694464910897 0 I I #
edge $3236 -1 $-1 $3216 -0.75 $2964 0.25 $3077 $3237 forward @7 unknown #
face $3238 -1 $-1 $2967 $2962 $8 $-1 $3239 forward single #
point $-1 -1 $-1 0.3000000000000008216 -5.676538461538459757 -0.5 #
color-adesk-attrib $-1 -1 $-1 $-1 $2966 256 #
straight-curve $-1 -1 $-1 0.7030086927023231347 -6.050816424563755902 -0.5 0 0 1 I I #
color-adesk-attrib $-1 -1 $-1 $-1 $2967 256 #
plane-surface $-1 -1 $-1 0.3000000000000008216 -6.286538461538459188 -0.5 0.5048832694464912008 -0.8631876297961075251 0 0.8631876297961075251 0.5048832694464912008 0 forward_v I I I I #
color-adesk-attrib $-1 -1 $-1 $-1 $2977 256 #
face $3240 -1 $-1 $3241 $3242 $8 $-1 $3243 forward single #
loop $-1 -1 $-1 $-1 $3244 $2977 #
plane-surface $-1 -1 $-1 0.3000000000000017097 8.482692307692310862 -0.5 0.5048832694464912008 -0.8631876297961075251 0 0.8631876297961075251 0.5048832694464912008 0 forward_v I I I I #
coedge $-1 -1 $-1 $3004 $3245 $3010 $3157 forward $2978 $-1 #
coedge $-1 -1 $-1 $3030 $2980 $2981 $3116 forward $2847 $-1 #
coedge $-1 -1 $-1 $2980 $3030 $2992 $3137 reversed $2847 $-1 #
edge $3246 -1 $-1 $3037 0 $3033 1 $3114 $3247 forward @7 unknown #
color-adesk-attrib $-1 -1 $-1 $-1 $2985 256 #
face $3248 -1 $-1 $3249 $3250 $8 $-1 $355 reversed single #
loop $-1 -1 $-1 $-1 $3251 $2985 #
coedge $-1 -1 $-1 $3252 $3253 $3254 $3255 forward $2986 $-1 #
coedge $-1 -1 $-1 $3256 $2987 $3257 $3258 reversed $2855 $-1 #
coedge $-1 -1 $-1 $2987 $3256 $3259 $3260 reversed $2855 $-1 #
coedge $-1 -1 $-1 $3261 $3262 $2987 $3124 reversed $3263 $-1 #
edge $3264 -1 $-1 $3265 -0.75 $3266 0.25 $2987 $3267 forward @7 unknown #
coedge $-1 -1 $-1 $2989 $2988 $3268 $3269 forward $2722 $-1 #
coedge $-1 -1 $-1 $3270 $3271 $2988 $3127 forward $264 $-1 #
edge $3272 -1 $-1 $3273 7.861923076923080345 $3135 7.867307692307694111 $2988 $353 forward @7 unknown #
coedge $-1 -1 $-1 $3274 $3275 $2989 $3129 forward $102 $-1 #
edge $3276 -1 $-1 $3134 -7.867307692307694111 $3277 -7.861923076923080345 $2989 $277 forward @7 unknown #
coedge $-1 -1 $-1 $3278 $2990 $3275 $3279 forward $3132 $-1 #
coedge $-1 -1 $-1 $2990 $3278 $3270 $3280 reversed $3132 $-1 #
loop $-1 -1 $-1 $-1 $3130 $3281 #
color-adesk-attrib $-1 -1 $-1 $-1 $2991 256 #
vertex $-1 -1 $-1 $3129 $3282 #
vertex $-1 -1 $-1 $3280 $3283 #
straight-curve $-1 -1 $-1 0.3000000000000000444 7.867307692307694111 -0.25 0 0 1 I I #
edge $3284 -1 $-1 $3140 -0.25 $3143 0.75 $2992 $3285 forward @7 unknown #
coedge $-1 -1 $-1 $3011 $2993 $2998 $3146 reversed $102 $-1 #
color-adesk-attrib $-1 -1 $-1 $-1 $2994 256 #
vertex $-1 -1 $-1 $2994 $3286 #
coedge $-1 -1 $-1 $2995 $3006 $2997 $3145 forward $264 $-1 #
color-adesk-attrib $-1 -1 $-1 $-1 $2996 256 #
vertex $-1 -1 $-1 $3031 $3287 #
coedge $-1 -1 $-1 $2998 $2997 $3014 $3159 reversed $2999 $-1 #
edge $3288 -1 $-1 $3164 0 $3001 0.5500000000000000444 $2997 $3289 forward @7 unknown #
edge $3290 -1 $-1 $3161 0 $3002 0.5500000000000000444 $2998 $3291 forward @7 unknown #
face $3292 -1 $-1 $3017 $2999 $8 $-1 $3293 forward single #
point $-1 -1 $-1 0.3000000000000017653 9.708076923076923492 0.5 #
point $-1 -1 $-1 0.3000000000000017653 9.708076923076923492 -0.5 #
coedge $-1 -1 $-1 $3245 $3004 $3007 $3154 reversed $2978 $-1 #
color-adesk-attrib $-1 -1 $-1 $-1 $3005 256 #
straight-curve $-1 -1 $-1 0.2999999999999998224 9.092692307692313847 -0.25 0 0 -1 I I #
coedge $-1 -1 $-1 $3007 $3259 $3294 $3295 forward $264 $-1 #
edge $3296 -1 $-1 $3297 0 $3009 0.5500000000000000444 $3150 $3298 forward @7 unknown #
point $-1 -1 $-1 0.3000000000000017097 9.092692307692310294 0.5 #
coedge $-1 -1 $-1 $3257 $3010 $3244 $3299 reversed $102 $-1 #
edge $3300 -1 $-1 $3301 0 $3013 0.5500000000000000444 $3113 $3302 forward @7 unknown #
point $-1 -1 $-1 0.3000000000000017097 9.092692307692310294 -0.5 #
edge $3303 -1 $-1 $3161 0 $3164 1 $3014 $3304 forward @7 unknown #
color-adesk-attrib $-1 -1 $-1 $-1 $3015 256 #
vertex $-1 -1 $-1 $3015 $3305 #
straight-curve $-1 -1 $-1 0.3000000000000017653 9.098076923076924061 -0.5 0.863187629796107414 0.5048832694464910897 0 F 0 F 0.4668842309493203557 #
color-adesk-attrib $-1 -1 $-1 $-1 $3016 256 #
vertex $-1 -1 $-1 $3159 $3306 #
straight-curve $-1 -1 $-1 0.3000000000000017653 9.098076923076924061 0.5 0.863187629796107414 0.5048832694464910897 0 I I #
color-adesk-attrib $-1 -1 $-1 $-1 $3017 256 #
plane-surface $-1 -1 $-1 0.3000000000000017653 9.098076923076924061 -0.5 0.5048832694464912008 -0.8631876297961075251 0 0.8631876297961075251 0.5048832694464912008 0 forward_v I I I I #
color-adesk-attrib $-1 -1 $-1 $-1 $3031 256 #
straight-curve $-1 -1 $-1 0.3000000000000018208 9.713461538461540812 0.5 0.863187629796107414 0.5048832694464910897 0 I I #
point $-1 -1 $-1 0.7030086927023240229 9.949183575436244098 0.5 #
color-adesk-attrib $-1 -1 $-1 $-1 $3035 256 #
straight-curve $-1 -1 $-1 0.3000000000000018208 9.713461538461540812 -0.5 0.863187629796107414 0.5048832694464910897 0 F 0 F 0.4668842309493203557 #
point $-1 -1 $-1 0.7030086927023240229 9.949183575436244098 -0.5 #
color-adesk-attrib $-1 -1 $-1 $-1 $3044 256 #
face $3307 -1 $-1 $3308 $3309 $8 $-1 $3310 forward single #
loop $-1 -1 $-1 $-1 $3311 $3044 #
plane-surface $-1 -1 $-1 0.3000000000000010436 -1.978846153846152589 -0.5 0.5048832694464912008 -0.8631876297961075251 0 0.8631876297961075251 0.5048832694464912008 0 forward_v I I I I #
coedge $-1 -1 $-1 $3312 $3313 $3314 $3315 forward $3045 $-1 #
coedge $-1 -1 $-1 $3316 $3047 $3049 $3186 forward $2912 $-1 #
coedge $-1 -1 $-1 $3047 $3316 $3317 $3318 reversed $2912 $-1 #
coedge $-1 -1 $-1 $3319 $3050 $3047 $3182 reversed $102 $-1 #
edge $3320 -1 $-1 $3321 0 $3189 0.4668842309493203557 $3047 $3322 forward @7 unknown #
coedge $-1 -1 $-1 $3049 $3048 $3323 $3324 reversed $2781 $-1 #
coedge $-1 -1 $-1 $3325 $3326 $3048 $3185 forward $3327 $-1 #
edge $3328 -1 $-1 $3329 -0.75 $3190 0.25 $3184 $3330 forward @7 unknown #
edge $3331 -1 $-1 $3189 0 $3332 1 $3179 $3333 forward @7 unknown #
coedge $-1 -1 $-1 $3050 $3334 $3325 $3335 forward $102 $-1 #
color-adesk-attrib $-1 -1 $-1 $-1 $3051 256 #
vertex $-1 -1 $-1 $3182 $3336 #
vertex $-1 -1 $-1 $3051 $3337 #
straight-curve $-1 -1 $-1 0.7030086927023233567 -2.973893347640679252 -0.5 -0.7327430776405858825 0.6805053873187210112 0 F 0 F 0.5500000000000000444 #
coedge $-1 -1 $-1 $3059 $3338 $3052 $3193 forward $264 $-1 #
edge $3339 -1 $-1 $3198 0 $3068 0.4668842309493203557 $3052 $3340 forward @7 unknown #
coedge $-1 -1 $-1 $3341 $3053 $3338 $3342 reversed $3196 $-1 #
coedge $-1 -1 $-1 $3053 $3341 $3055 $3200 reversed $3196 $-1 #
loop $-1 -1 $-1 $-1 $3053 $3343 #
color-adesk-attrib $-1 -1 $-1 $-1 $3054 256 #
vertex $-1 -1 $-1 $3193 $3344 #
straight-curve $-1 -1 $-1 0.2999999999999999334 -4.440384615384613376 -0.25 0 0 1 I I #
edge $3345 -1 $-1 $3057 4.440384615384612488 $3228 4.445769230769229807 $3195 $277 forward @7 unknown #
point $-1 -1 $-1 0.3000000000000009326 -4.440384615384612488 -0.5 #
coedge $-1 -1 $-1 $3346 $3059 $3062 $3206 forward $264 $-1 #
color-adesk-attrib $-1 -1 $-1 $-1 $3060 256 #
straight-curve $-1 -1 $-1 0.7030086927023231347 -4.204662578409909202 0.5 -0.7327430776405858825 0.6805053873187210112 0 I I #
coedge $-1 -1 $-1 $3062 $3061 $3347 $3348 forward $3063 $-1 #
edge $3349 -1 $-1 $3065 -3.830384615384613056 $3350 -3.824999999999999289 $3062 $353 forward @7 unknown #
face $3351 -1 $-1 $3079 $3063 $8 $-1 $355 reversed single #
point $-1 -1 $-1 0.3000000000000009326 -3.830384615384613056 0.5 #
point $-1 -1 $-1 0.7030086927023231347 -4.204662578409909202 0.5 #
coedge $-1 -1 $-1 $3070 $3319 $3352 $3353 reversed $102 $-1 #
coedge $-1 -1 $-1 $3354 $3347 $3070 $3212 forward $3355 $-1 #
edge $3356 -1 $-1 $3214 0 $3357 0.4668842309493203557 $3211 $3358 forward @7 unknown #
color-adesk-attrib $-1 -1 $-1 $-1 $3071 256 #
vertex $-1 -1 $-1 $3071 $3359 #
color-adesk-attrib $-1 -1 $-1 $-1 $3078 256 #
vertex $-1 -1 $-1 $3078 $3360 #
color-adesk-attrib $-1 -1 $-1 $-1 $3079 256 #
coedge $-1 -1 $-1 $3338 $3082 $3361 $3362 forward $264 $-1 #
coedge $-1 -1 $-1 $3083 $3090 $3082 $3220 reversed $3091 $-1 #
edge $3363 -1 $-1 $3086 0 $3364 0.4668842309493203557 $3219 $3365 forward @7 unknown #
color-adesk-attrib $-1 -1 $-1 $-1 $3084 256 #
straight-curve $-1 -1 $-1 0.3000000000000000444 -5.055769230769231015 -0.25 0 0 1 I I #
point $-1 -1 $-1 0.3000000000000009326 -5.055769230769229239 0.5 #
coedge $-1 -1 $-1 $3361 $3088 $3341 $3366 reversed $3226 $-1 #
coedge $-1 -1 $-1 $3088 $3361 $3090 $3230 reversed $3226 $-1 #
loop $-1 -1 $-1 $-1 $3088 $3367 #
color-adesk-attrib $-1 -1 $-1 $-1 $3089 256 #
vertex $-1 -1 $-1 $3089 $3368 #
straight-curve $-1 -1 $-1 0.7030086927023231347 -4.820047193794525953 -0.5 -0.7327430776405858825 0.6805053873187210112 0 F 0 F 0.5500000000000000444 #
edge $3369 -1 $-1 $3093 0 $3364 1 $3090 $3370 forward @7 unknown #
face $3371 -1 $-1 $3103 $3091 $8 $-1 $3372 forward single #
point $-1 -1 $-1 0.7030086927023231347 -4.820047193794525953 -0.5 #
color-adesk-attrib $-1 -1 $-1 $-1 $3098 256 #
straight-curve $-1 -1 $-1 0.7030086927023231347 -6.050816424563755902 0.5 -0.7327430776405858825 0.6805053873187210112 0 I I #
point $-1 -1 $-1 0.7030086927023231347 -6.050816424563755902 0.5 #
color-adesk-attrib $-1 -1 $-1 $-1 $3102 256 #
straight-curve $-1 -1 $-1 0.2999999999999999334 -5.676538461538458868 -0.25 0 0 -1 I I #
color-adesk-attrib $-1 -1 $-1 $-1 $3103 256 #
plane-surface $-1 -1 $-1 0.7030086927023231347 -6.050816424563755902 -0.5 0.6805053873187210112 0.7327430776405858825 0 -0.7327430776405858825 0.6805053873187210112 0 forward_v I I I I #
color-adesk-attrib $-1 -1 $-1 $-1 $3110 256 #
face $3373 -1 $-1 $3374 $3375 $8 $-1 $3376 forward single #
loop $-1 -1 $-1 $-1 $3377 $3110 #
plane-surface $-1 -1 $-1 0.7030086927023239118 7.487645113897784199 -0.5 0.6805053873187210112 0.7327430776405858825 0 -0.7327430776405858825 0.6805053873187210112 0 forward_v I I I I #
coedge $-1 -1 $-1 $3378 $3379 $3156 $3299 forward $3111 $-1 #
coedge $-1 -1 $-1 $3113 $3150 $3378 $3380 reversed $2978 $-1 #
color-adesk-attrib $-1 -1 $-1 $-1 $3116 256 #
straight-curve $-1 -1 $-1 0.7030086927023240229 9.949183575436244098 -0.5 0 0 1 I I #
color-adesk-attrib $-1 -1 $-1 $-1 $3118 256 #
face $3381 -1 $-1 $3382 $3383 $8 $-1 $355 reversed single #
loop $-1 -1 $-1 $-1 $3384 $3118 #
coedge $-1 -1 $-1 $3385 $3386 $3387 $3388 forward $3119 $-1 #
coedge $-1 -1 $-1 $3389 $3120 $3390 $3391 reversed $2986 $-1 #
coedge $-1 -1 $-1 $3120 $3389 $3392 $3393 reversed $2986 $-1 #
coedge $-1 -1 $-1 $3394 $3395 $3120 $3255 reversed $3396 $-1 #
edge $3397 -1 $-1 $3398 -0.25 $3399 0.75 $3120 $3400 forward @7 unknown #
coedge $-1 -1 $-1 $3122 $3121 $3379 $3401 forward $2855 $-1 #
coedge $-1 -1 $-1 $3402 $3156 $3121 $3258 forward $102 $-1 #
edge $3403 -1 $-1 $3404 -8.482692307692310862 $3266 -8.477307692307693543 $3121 $277 forward @7 unknown #
coedge $-1 -1 $-1 $3153 $3405 $3122 $3260 forward $264 $-1 #
edge $3406 -1 $-1 $3265 8.477307692307693543 $3407 8.482692307692310862 $3122 $353 forward @7 unknown #
coedge $-1 -1 $-1 $3408 $3123 $3405 $3409 reversed $3263 $-1 #
coedge $-1 -1 $-1 $3123 $3408 $3402 $3410 forward $3263 $-1 #
loop $-1 -1 $-1 $-1 $3262 $3411 #
color-adesk-attrib $-1 -1 $-1 $-1 $3124 256 #
vertex $-1 -1 $-1 $3260 $3412 #
vertex $-1 -1 $-1 $3410 $3413 #
straight-curve $-1 -1 $-1 0.3000000000000002665 8.477307692307697096 -0.25 0 0 -1 I I #
coedge $-1 -1 $-1 $3414 $3377 $3125 $3269 reversed $3242 $-1 #
edge $3415 -1 $-1 $3273 -0.75 $3277 0.25 $3125 $3416 forward @7 unknown #
coedge $-1 -1 $-1 $3405 $3126 $3131 $3280 forward $264 $-1 #
coedge $-1 -1 $-1 $3126 $3417 $3414 $3418 forward $264 $-1 #
color-adesk-attrib $-1 -1 $-1 $-1 $3127 256 #
vertex $-1 -1 $-1 $3127 $3419 #
coedge $-1 -1 $-1 $3420 $3128 $3377 $3421 reversed $102 $-1 #
coedge $-1 -1 $-1 $3128 $3402 $3130 $3279 reversed $102 $-1 #
color-adesk-attrib $-1 -1 $-1 $-1 $3129 256 #
vertex $-1 -1 $-1 $3421 $3422 #
coedge $-1 -1 $-1 $3131 $3130 $3408 $3423 forward $3132 $-1 #
edge $3424 -1 $-1 $3134 0 $3425 0.4668842309493203557 $3130 $3426 forward @7 unknown #
edge $3427 -1 $-1 $3135 0 $3428 0.4668842309493203557 $3131 $3429 forward @7 unknown #
face $3430 -1 $-1 $3147 $3132 $8 $-1 $3431 forward single #
point $-1 -1 $-1 0.3000000000000017097 7.867307692307694111 -0.5 #
point $-1 -1 $-1 0.3000000000000017097 7.867307692307694111 0.5 #
color-adesk-attrib $-1 -1 $-1 $-1 $3137 256 #
straight-curve $-1 -1 $-1 0.3000000000000000444 9.713461538461540812 -0.25 0 0 1 I I #
point $-1 -1 $-1 0.3000000000000018208 9.713461538461540812 -0.5 #
point $-1 -1 $-1 0.3000000000000018208 9.713461538461540812 0.5 #
color-adesk-attrib $-1 -1 $-1 $-1 $3145 256 #
straight-curve $-1 -1 $-1 0.7030086927023240229 9.333798960051627347 0.5 -0.7327430776405858825 0.6805053873187210112 0 I I #
color-adesk-attrib $-1 -1 $-1 $-1 $3146 256 #
straight-curve $-1 -1 $-1 0.7030086927023240229 9.333798960051627347 -0.5 -0.7327430776405858825 0.6805053873187210112 0 F 0 F 0.5500000000000000444 #
color-adesk-attrib $-1 -1 $-1 $-1 $3147 256 #
plane-surface $-1 -1 $-1 0.7030086927023240229 9.333798960051627347 -0.5 0.6805053873187210112 0.7327430776405858825 0 -0.7327430776405858825 0.6805053873187210112 0 forward_v I I I I #
coedge $-1 -1 $-1 $3379 $3378 $3153 $3295 reversed $3111 $-1 #
edge $3432 -1 $-1 $3407 0 $3297 0.4668842309493203557 $3294 $3433 forward @7 unknown #
color-adesk-attrib $-1 -1 $-1 $-1 $3154 256 #
vertex $-1 -1 $-1 $3380 $3434 #
straight-curve $-1 -1 $-1 0.7030086927023240229 8.718414344667014149 0.5 -0.7327430776405858825 0.6805053873187210112 0 I I #
edge $3435 -1 $-1 $3404 0 $3301 0.4668842309493203557 $3244 $3436 forward @7 unknown #
color-adesk-attrib $-1 -1 $-1 $-1 $3157 256 #
vertex $-1 -1 $-1 $3299 $3437 #
straight-curve $-1 -1 $-1 0.7030086927023240229 8.718414344667014149 -0.5 -0.7327430776405858825 0.6805053873187210112 0 F 0 F 0.5500000000000000444 #
color-adesk-attrib $-1 -1 $-1 $-1 $3159 256 #
straight-curve $-1 -1 $-1 0.7030086927023240229 9.333798960051627347 -0.5 0 0 1 I I #
point $-1 -1 $-1 0.7030086927023240229 9.333798960051627347 -0.5 #
point $-1 -1 $-1 0.7030086927023240229 9.333798960051627347 0.5 #
color-adesk-attrib $-1 -1 $-1 $-1 $3175 256 #
face $3438 -1 $-1 $3439 $3440 $8 $-1 $3441 forward single #
loop $-1 -1 $-1 $-1 $3442 $3175 #
plane-surface $-1 -1 $-1 0.7030086927023233567 -0.5123548861022193535 -0.5 0.6805053873187210112 0.7327430776405858825 0 -0.7327430776405858825 0.6805053873187210112 0 forward_v I I I I #
coedge $-1 -1 $-1 $3443 $3444 $3445 $3446 forward $3176 $-1 #
coedge $-1 -1 $-1 $3447 $3178 $3448 $3449 reversed $3045 $-1 #
coedge $-1 -1 $-1 $3178 $3447 $3443 $3450 reversed $3045 $-1 #
coedge $-1 -1 $-1 $3445 $3451 $3178 $3315 reversed $102 $-1 #
edge $3452 -1 $-1 $3453 0 $3454 0.5500000000000000444 $3178 $3455 forward @7 unknown #
coedge $-1 -1 $-1 $3180 $3179 $3456 $3457 reversed $2912 $-1 #
coedge $-1 -1 $-1 $3458 $3459 $3180 $3318 forward $3460 $-1 #
edge $3461 -1 $-1 $3321 -0.25 $3462 0.75 $3317 $3463 forward @7 unknown #
coedge $-1 -1 $-1 $3210 $3181 $3459 $3464 forward $102 $-1 #
color-adesk-attrib $-1 -1 $-1 $-1 $3182 256 #
vertex $-1 -1 $-1 $3464 $3465 #
straight-curve $-1 -1 $-1 0.3000000000000010436 -3.209615384615382538 -0.5 0.863187629796107414 0.5048832694464910897 0 F 0 F 0.4668842309493203557 #
coedge $-1 -1 $-1 $3466 $3456 $3183 $3324 forward $264 $-1 #
edge $3467 -1 $-1 $3332 0 $3329 0.5500000000000000444 $3183 $3468 forward @7 unknown #
coedge $-1 -1 $-1 $3469 $3184 $3187 $3335 reversed $3327 $-1 #
coedge $-1 -1 $-1 $3184 $3469 $3466 $3470 reversed $3327 $-1 #
loop $-1 -1 $-1 $-1 $3184 $3471 #
color-adesk-attrib $-1 -1 $-1 $-1 $3185 256 #
vertex $-1 -1 $-1 $3470 $3472 #
straight-curve $-1 -1 $-1 0.2999999999999999334 -2.599615384615381775 -0.25 0 0 -1 I I #
color-adesk-attrib $-1 -1 $-1 $-1 $3186 256 #
vertex $-1 -1 $-1 $3186 $3473 #
straight-curve $-1 -1 $-1 0.7030086927023233567 -2.973893347640679252 -0.5 0 0 1 I I #
coedge $-1 -1 $-1 $3187 $3474 $3475 $3476 reversed $102 $-1 #
edge $3477 -1 $-1 $3478 2.594230769230765787 $3190 2.599615384615383107 $3325 $277 forward @7 unknown #
point $-1 -1 $-1 0.7030086927023233567 -2.973893347640679252 -0.5 #
point $-1 -1 $-1 0.3000000000000010436 -2.599615384615383107 -0.5 #
coedge $-1 -1 $-1 $3192 $3218 $3194 $3342 forward $264 $-1 #
color-adesk-attrib $-1 -1 $-1 $-1 $3193 256 #
straight-curve $-1 -1 $-1 0.3000000000000009326 -4.440384615384612488 0.5 0.863187629796107414 0.5048832694464910897 0 I I #
coedge $-1 -1 $-1 $3195 $3194 $3224 $3366 forward $3196 $-1 #
edge $3479 -1 $-1 $3480 -4.445769230769229807 $3198 -4.440384615384612488 $3194 $353 forward @7 unknown #
face $3481 -1 $-1 $3207 $3196 $8 $-1 $355 reversed single #
point $-1 -1 $-1 0.3000000000000009326 -4.440384615384612488 0.5 #
color-adesk-attrib $-1 -1 $-1 $-1 $3200 256 #
coedge $-1 -1 $-1 $3482 $3202 $3483 $3484 forward $264 $-1 #
coedge $-1 -1 $-1 $3211 $3483 $3205 $3348 reversed $3355 $-1 #
edge $3485 -1 $-1 $3214 -0.25 $3350 0.75 $3205 $3486 forward @7 unknown #
color-adesk-attrib $-1 -1 $-1 $-1 $3206 256 #
vertex $-1 -1 $-1 $3484 $3487 #
color-adesk-attrib $-1 -1 $-1 $-1 $3207 256 #
coedge $-1 -1 $-1 $3488 $3489 $3210 $3353 forward $3490 $-1 #
edge $3491 -1 $-1 $3357 0 $3492 0.5500000000000000444 $3352 $3493 forward @7 unknown #
coedge $-1 -1 $-1 $3483 $3211 $3489 $3494 forward $3355 $-1 #
loop $-1 -1 $-1 $-1 $3211 $3495 #
color-adesk-attrib $-1 -1 $-1 $-1 $3212 256 #
vertex $-1 -1 $-1 $3212 $3496 #
straight-curve $-1 -1 $-1 0.3000000000000009326 -3.824999999999999289 -0.5 0.863187629796107414 0.5048832694464910897 0 F 0 F 0.4668842309493203557 #
point $-1 -1 $-1 0.3000000000000009326 -3.824999999999999289 -0.5 #
point $-1 -1 $-1 0.3000000000000008216 -5.676538461538459757 0.5 #
coedge $-1 -1 $-1 $3225 $3224 $3218 $3362 reversed $3226 $-1 #
edge $3497 -1 $-1 $3364 0 $3480 0.5500000000000000444 $3361 $3498 forward @7 unknown #
color-adesk-attrib $-1 -1 $-1 $-1 $3220 256 #
vertex $-1 -1 $-1 $3230 $3499 #
straight-curve $-1 -1 $-1 0.3000000000000009326 -5.055769230769229239 0.5 0.863187629796107414 0.5048832694464910897 0 I I #
edge $3500 -1 $-1 $3480 -0.75 $3228 0.25 $3341 $3501 forward @7 unknown #
face $3502 -1 $-1 $3231 $3226 $8 $-1 $3503 forward single #
point $-1 -1 $-1 0.3000000000000009326 -4.445769230769229807 -0.5 #
color-adesk-attrib $-1 -1 $-1 $-1 $3230 256 #
straight-curve $-1 -1 $-1 0.7030086927023231347 -4.820047193794525953 -0.5 0 0 1 I I #
color-adesk-attrib $-1 -1 $-1 $-1 $3231 256 #
plane-surface $-1 -1 $-1 0.3000000000000009326 -5.055769230769229239 -0.5 0.5048832694464912008 -0.8631876297961075251 0 0.8631876297961075251 0.5048832694464912008 0 forward_v I I I I #
color-adesk-attrib $-1 -1 $-1 $-1 $3241 256 #
face $3504 -1 $-1 $3505 $3506 $8 $-1 $3507 forward single #
loop $-1 -1 $-1 $-1 $3508 $3241 #
plane-surface $-1 -1 $-1 0.3000000000000016542 7.251923076923080913 -0.5 0.5048832694464912008 -0.8631876297961075251 0 0.8631876297961075251 0.5048832694464912008 0 forward_v I I I I #
coedge $-1 -1 $-1 $3268 $3509 $3274 $3421 forward $3242 $-1 #
coedge $-1 -1 $-1 $3294 $3244 $3245 $3380 forward $3111 $-1 #
coedge $-1 -1 $-1 $3244 $3294 $3256 $3401 reversed $3111 $-1 #
edge $3510 -1 $-1 $3301 0 $3297 1 $3378 $3511 forward @7 unknown #
color-adesk-attrib $-1 -1 $-1 $-1 $3249 256 #
face $3512 -1 $-1 $3513 $3514 $8 $-1 $355 reversed single #
loop $-1 -1 $-1 $-1 $3515 $3249 #
coedge $-1 -1 $-1 $3516 $3517 $3518 $3519 forward $3250 $-1 #
coedge $-1 -1 $-1 $3520 $3251 $3521 $3522 reversed $3119 $-1 #
coedge $-1 -1 $-1 $3251 $3520 $3523 $3524 reversed $3119 $-1 #
coedge $-1 -1 $-1 $3525 $3526 $3251 $3388 reversed $3527 $-1 #
edge $3528 -1 $-1 $3529 -0.75 $3530 0.25 $3251 $3531 forward @7 unknown #
coedge $-1 -1 $-1 $3253 $3252 $3532 $3533 forward $2986 $-1 #
coedge $-1 -1 $-1 $3534 $3535 $3252 $3391 forward $264 $-1 #
edge $3536 -1 $-1 $3537 6.631153846153846843 $3399 6.636538461538464162 $3252 $353 forward @7 unknown #
coedge $-1 -1 $-1 $3538 $3539 $3253 $3393 forward $102 $-1 #
edge $3540 -1 $-1 $3398 -6.636538461538464162 $3541 -6.631153846153846843 $3253 $277 forward @7 unknown #
coedge $-1 -1 $-1 $3542 $3254 $3539 $3543 forward $3396 $-1 #
coedge $-1 -1 $-1 $3254 $3542 $3534 $3544 reversed $3396 $-1 #
loop $-1 -1 $-1 $-1 $3394 $3545 #
color-adesk-attrib $-1 -1 $-1 $-1 $3255 256 #
vertex $-1 -1 $-1 $3393 $3546 #
vertex $-1 -1 $-1 $3544 $3547 #
straight-curve $-1 -1 $-1 0.3000000000000000444 6.636538461538464162 -0.25 0 0 1 I I #
edge $3548 -1 $-1 $3404 -0.25 $3407 0.75 $3256 $3549 forward @7 unknown #
coedge $-1 -1 $-1 $3275 $3257 $3262 $3410 reversed $102 $-1 #
color-adesk-attrib $-1 -1 $-1 $-1 $3258 256 #
vertex $-1 -1 $-1 $3258 $3550 #
coedge $-1 -1 $-1 $3259 $3270 $3261 $3409 forward $264 $-1 #
color-adesk-attrib $-1 -1 $-1 $-1 $3260 256 #
vertex $-1 -1 $-1 $3295 $3551 #
coedge $-1 -1 $-1 $3262 $3261 $3278 $3423 reversed $3263 $-1 #
edge $3552 -1 $-1 $3428 0 $3265 0.5500000000000000444 $3261 $3553 forward @7 unknown #
edge $3554 -1 $-1 $3425 0 $3266 0.5500000000000000444 $3262 $3555 forward @7 unknown #
face $3556 -1 $-1 $3281 $3263 $8 $-1 $3557 forward single #
point $-1 -1 $-1 0.3000000000000017097 8.477307692307693543 0.5 #
point $-1 -1 $-1 0.3000000000000017097 8.477307692307693543 -0.5 #
coedge $-1 -1 $-1 $3509 $3268 $3271 $3418 reversed $3242 $-1 #
color-adesk-attrib $-1 -1 $-1 $-1 $3269 256 #
straight-curve $-1 -1 $-1 0.2999999999999998224 7.861923076923082121 -0.25 0 0 -1 I I #
coedge $-1 -1 $-1 $3271 $3523 $3558 $3559 forward $264 $-1 #
edge $3560 -1 $-1 $3561 0 $3273 0.5500000000000000444 $3414 $3562 forward @7 unknown #
point $-1 -1 $-1 0.3000000000000016542 7.861923076923080345 0.5 #
coedge $-1 -1 $-1 $3521 $3274 $3508 $3563 reversed $102 $-1 #
edge $3564 -1 $-1 $3565 0 $3277 0.5500000000000000444 $3377 $3566 forward @7 unknown #
point $-1 -1 $-1 0.3000000000000016542 7.861923076923080345 -0.5 #
edge $3567 -1 $-1 $3425 0 $3428 1 $3278 $3568 forward @7 unknown #
color-adesk-attrib $-1 -1 $-1 $-1 $3279 256 #
vertex $-1 -1 $-1 $3279 $3569 #
straight-curve $-1 -1 $-1 0.3000000000000017097 7.867307692307694111 -0.5 0.863187629796107414 0.5048832694464910897 0 F 0 F 0.4668842309493203557 #
color-adesk-attrib $-1 -1 $-1 $-1 $3280 256 #
vertex $-1 -1 $-1 $3423 $3570 #
straight-curve $-1 -1 $-1 0.3000000000000017097 7.867307692307694111 0.5 0.863187629796107414 0.5048832694464910897 0 I I #
color-adesk-attrib $-1 -1 $-1 $-1 $3281 256 #
plane-surface $-1 -1 $-1 0.3000000000000017097 7.867307692307694111 -0.5 0.5048832694464912008 -0.8631876297961075251 0 0.8631876297961075251 0.5048832694464912008 0 forward_v I I I I #
color-adesk-attrib $-1 -1 $-1 $-1 $3295 256 #
straight-curve $-1 -1 $-1 0.3000000000000017097 8.482692307692310862 0.5 0.863187629796107414 0.5048832694464910897 0 I I #
point $-1 -1 $-1 0.7030086927023240229 8.718414344667014149 0.5 #
color-adesk-attrib $-1 -1 $-1 $-1 $3299 256 #
straight-curve $-1 -1 $-1 0.3000000000000017097 8.482692307692310862 -0.5 0.863187629796107414 0.5048832694464910897 0 F 0 F 0.4668842309493203557 #
point $-1 -1 $-1 0.7030086927023240229 8.718414344667014149 -0.5 #
color-adesk-attrib $-1 -1 $-1 $-1 $3308 256 #
face $3571 -1 $-1 $3572 $3573 $8 $-1 $3574 forward single #
loop $-1 -1 $-1 $-1 $3575 $3308 #
plane-surface $-1 -1 $-1 0.3000000000000011546 -0.7480769230769226397 -0.5 0.5048832694464912008 -0.8631876297961075251 0 0.8631876297961075251 0.5048832694464912008 0 forward_v I I I I #
coedge $-1 -1 $-1 $3576 $3577 $3578 $3579 forward $3309 $-1 #
coedge $-1 -1 $-1 $3580 $3311 $3313 $3450 forward $3176 $-1 #
coedge $-1 -1 $-1 $3311 $3580 $3581 $3582 reversed $3176 $-1 #
coedge $-1 -1 $-1 $3583 $3314 $3311 $3446 reversed $102 $-1 #
edge $3584 -1 $-1 $3585 0 $3453 0.4668842309493203557 $3311 $3586 forward @7 unknown #
coedge $-1 -1 $-1 $3313 $3312 $3587 $3588 reversed $3045 $-1 #
coedge $-1 -1 $-1 $3589 $3590 $3312 $3449 forward $3591 $-1 #
edge $3592 -1 $-1 $3593 -0.75 $3454 0.25 $3448 $3594 forward @7 unknown #
edge $3595 -1 $-1 $3453 0 $3596 1 $3443 $3597 forward @7 unknown #
coedge $-1 -1 $-1 $3314 $3598 $3589 $3599 forward $102 $-1 #
color-adesk-attrib $-1 -1 $-1 $-1 $3315 256 #
vertex $-1 -1 $-1 $3446 $3600 #
vertex $-1 -1 $-1 $3315 $3601 #
straight-curve $-1 -1 $-1 0.7030086927023233567 -1.743124116871449303 -0.5 -0.7327430776405858825 0.6805053873187210112 0 F 0 F 0.5500000000000000444 #
coedge $-1 -1 $-1 $3323 $3602 $3316 $3457 forward $264 $-1 #
edge $3603 -1 $-1 $3462 0 $3332 0.4668842309493203557 $3316 $3604 forward @7 unknown #
coedge $-1 -1 $-1 $3605 $3317 $3602 $3606 reversed $3460 $-1 #
coedge $-1 -1 $-1 $3317 $3605 $3319 $3464 reversed $3460 $-1 #
loop $-1 -1 $-1 $-1 $3317 $3607 #
color-adesk-attrib $-1 -1 $-1 $-1 $3318 256 #
vertex $-1 -1 $-1 $3457 $3608 #
straight-curve $-1 -1 $-1 0.2999999999999998224 -3.209615384615383427 -0.25 0 0 1 I I #
edge $3609 -1 $-1 $3321 3.209615384615382538 $3492 3.214999999999999858 $3459 $277 forward @7 unknown #
point $-1 -1 $-1 0.3000000000000010436 -3.209615384615382538 -0.5 #
coedge $-1 -1 $-1 $3610 $3323 $3326 $3470 forward $264 $-1 #
color-adesk-attrib $-1 -1 $-1 $-1 $3324 256 #
straight-curve $-1 -1 $-1 0.7030086927023233567 -2.973893347640679252 0.5 -0.7327430776405858825 0.6805053873187210112 0 I I #
coedge $-1 -1 $-1 $3326 $3325 $3611 $3612 forward $3327 $-1 #
edge $3613 -1 $-1 $3329 -2.599615384615383107 $3614 -2.594230769230765787 $3326 $353 forward @7 unknown #
face $3615 -1 $-1 $3343 $3327 $8 $-1 $355 reversed single #
point $-1 -1 $-1 0.3000000000000010436 -2.599615384615383107 0.5 #
point $-1 -1 $-1 0.7030086927023233567 -2.973893347640679252 0.5 #
coedge $-1 -1 $-1 $3334 $3583 $3616 $3617 reversed $102 $-1 #
coedge $-1 -1 $-1 $3618 $3611 $3334 $3476 forward $3619 $-1 #
edge $3620 -1 $-1 $3478 0 $3621 0.4668842309493203557 $3475 $3622 forward @7 unknown #
color-adesk-attrib $-1 -1 $-1 $-1 $3335 256 #
vertex $-1 -1 $-1 $3335 $3623 #
color-adesk-attrib $-1 -1 $-1 $-1 $3342 256 #
vertex $-1 -1 $-1 $3342 $3624 #
color-adesk-attrib $-1 -1 $-1 $-1 $3343 256 #
coedge $-1 -1 $-1 $3602 $3346 $3625 $3626 forward $264 $-1 #
coedge $-1 -1 $-1 $3347 $3354 $3346 $3484 reversed $3355 $-1 #
edge $3627 -1 $-1 $3350 0 $3628 0.4668842309493203557 $3483 $3629 forward @7 unknown #
color-adesk-attrib $-1 -1 $-1 $-1 $3348 256 #
straight-curve $-1 -1 $-1 0.2999999999999999334 -3.825000000000000178 -0.25 0 0 1 I I #
point $-1 -1 $-1 0.3000000000000009326 -3.824999999999999289 0.5 #
coedge $-1 -1 $-1 $3625 $3352 $3605 $3630 reversed $3490 $-1 #
coedge $-1 -1 $-1 $3352 $3625 $3354 $3494 reversed $3490 $-1 #
loop $-1 -1 $-1 $-1 $3352 $3631 #
color-adesk-attrib $-1 -1 $-1 $-1 $3353 256 #
vertex $-1 -1 $-1 $3353 $3632 #
straight-curve $-1 -1 $-1 0.7030086927023231347 -3.589277963025296003 -0.5 -0.7327430776405858825 0.6805053873187210112 0 F 0 F 0.5500000000000000444 #
edge $3633 -1 $-1 $3357 0 $3628 1 $3354 $3634 forward @7 unknown #
face $3635 -1 $-1 $3367 $3355 $8 $-1 $3636 forward single #
point $-1 -1 $-1 0.7030086927023231347 -3.589277963025296003 -0.5 #
color-adesk-attrib $-1 -1 $-1 $-1 $3362 256 #
straight-curve $-1 -1 $-1 0.7030086927023231347 -4.820047193794525953 0.5 -0.7327430776405858825 0.6805053873187210112 0 I I #
point $-1 -1 $-1 0.7030086927023231347 -4.820047193794525953 0.5 #
color-adesk-attrib $-1 -1 $-1 $-1 $3366 256 #
straight-curve $-1 -1 $-1 0.2999999999999999334 -4.445769230769228919 -0.25 0 0 -1 I I #
color-adesk-attrib $-1 -1 $-1 $-1 $3367 256 #
plane-surface $-1 -1 $-1 0.7030086927023231347 -4.820047193794525953 -0.5 0.6805053873187210112 0.7327430776405858825 0 -0.7327430776405858825 0.6805053873187210112 0 forward_v I I I I #
color-adesk-attrib $-1 -1 $-1 $-1 $3374 256 #
face $3637 -1 $-1 $3638 $3639 $8 $-1 $3640 forward single #
loop $-1 -1 $-1 $-1 $3641 $3374 #
plane-surface $-1 -1 $-1 0.7030086927023238008 6.256875883128550697 -0.5 0.6805053873187210112 0.7327430776405858825 0 -0.7327430776405858825 0.6805053873187210112 0 forward_v I I I I #
coedge $-1 -1 $-1 $3642 $3643 $3420 $3563 forward $3375 $-1 #
coedge $-1 -1 $-1 $3377 $3414 $3642 $3644 reversed $3242 $-1 #
color-adesk-attrib $-1 -1 $-1 $-1 $3380 256 #
straight-curve $-1 -1 $-1 0.7030086927023240229 8.718414344667014149 -0.5 0 0 1 I I #
color-adesk-attrib $-1 -1 $-1 $-1 $3382 256 #
face $3645 -1 $-1 $3646 $3647 $8 $-1 $355 reversed single #
loop $-1 -1 $-1 $-1 $3648 $3382 #
coedge $-1 -1 $-1 $3649 $3650 $3651 $3652 forward $3383 $-1 #
coedge $-1 -1 $-1 $3653 $3384 $3654 $3655 reversed $3250 $-1 #
coedge $-1 -1 $-1 $3384 $3653 $3656 $3657 reversed $3250 $-1 #
coedge $-1 -1 $-1 $3658 $3659 $3384 $3519 reversed $3660 $-1 #
edge $3661 -1 $-1 $3662 -0.25 $3663 0.75 $3384 $3664 forward @7 unknown #
coedge $-1 -1 $-1 $3386 $3385 $3643 $3665 forward $3119 $-1 #
coedge $-1 -1 $-1 $3666 $3420 $3385 $3522 forward $102 $-1 #
edge $3667 -1 $-1 $3668 -7.251923076923080913 $3530 -7.246538461538463594 $3385 $277 forward @7 unknown #
coedge $-1 -1 $-1 $3417 $3669 $3386 $3524 forward $264 $-1 #
edge $3670 -1 $-1 $3529 7.246538461538463594 $3671 7.251923076923080913 $3386 $353 forward @7 unknown #
coedge $-1 -1 $-1 $3672 $3387 $3669 $3673 reversed $3527 $-1 #
coedge $-1 -1 $-1 $3387 $3672 $3666 $3674 forward $3527 $-1 #
loop $-1 -1 $-1 $-1 $3526 $3675 #
color-adesk-attrib $-1 -1 $-1 $-1 $3388 256 #
vertex $-1 -1 $-1 $3524 $3676 #
vertex $-1 -1 $-1 $3674 $3677 #
straight-curve $-1 -1 $-1 0.3000000000000002665 7.24653846153846537 -0.25 0 0 -1 I I #
coedge $-1 -1 $-1 $3678 $3641 $3389 $3533 reversed $3506 $-1 #
edge $3679 -1 $-1 $3537 -0.75 $3541 0.25 $3389 $3680 forward @7 unknown #
coedge $-1 -1 $-1 $3669 $3390 $3395 $3544 forward $264 $-1 #
coedge $-1 -1 $-1 $3390 $3681 $3678 $3682 forward $264 $-1 #
color-adesk-attrib $-1 -1 $-1 $-1 $3391 256 #
vertex $-1 -1 $-1 $3391 $3683 #
coedge $-1 -1 $-1 $3684 $3392 $3641 $3685 reversed $102 $-1 #
coedge $-1 -1 $-1 $3392 $3666 $3394 $3543 reversed $102 $-1 #
color-adesk-attrib $-1 -1 $-1 $-1 $3393 256 #
vertex $-1 -1 $-1 $3685 $3686 #
coedge $-1 -1 $-1 $3395 $3394 $3672 $3687 forward $3396 $-1 #
edge $3688 -1 $-1 $3398 0 $3689 0.4668842309493203557 $3394 $3690 forward @7 unknown #
edge $3691 -1 $-1 $3399 0 $3692 0.4668842309493203557 $3395 $3693 forward @7 unknown #
face $3694 -1 $-1 $3411 $3396 $8 $-1 $3695 forward single #
point $-1 -1 $-1 0.3000000000000015987 6.636538461538464162 -0.5 #
point $-1 -1 $-1 0.3000000000000015987 6.636538461538464162 0.5 #
color-adesk-attrib $-1 -1 $-1 $-1 $3401 256 #
straight-curve $-1 -1 $-1 0.3000000000000002665 8.482692307692310862 -0.25 0 0 1 I I #
point $-1 -1 $-1 0.3000000000000017097 8.482692307692310862 -0.5 #
point $-1 -1 $-1 0.3000000000000017097 8.482692307692310862 0.5 #
color-adesk-attrib $-1 -1 $-1 $-1 $3409 256 #
straight-curve $-1 -1 $-1 0.7030086927023240229 8.103029729282397398 0.5 -0.7327430776405858825 0.6805053873187210112 0 I I #
color-adesk-attrib $-1 -1 $-1 $-1 $3410 256 #
straight-curve $-1 -1 $-1 0.7030086927023240229 8.103029729282397398 -0.5 -0.7327430776405858825 0.6805053873187210112 0 F 0 F 0.5500000000000000444 #
color-adesk-attrib $-1 -1 $-1 $-1 $3411 256 #
plane-surface $-1 -1 $-1 0.7030086927023240229 8.103029729282397398 -0.5 0.6805053873187210112 0.7327430776405858825 0 -0.7327430776405858825 0.6805053873187210112 0 forward_v I I I I #
coedge $-1 -1 $-1 $3643 $3642 $3417 $3559 reversed $3375 $-1 #
edge $3696 -1 $-1 $3671 0 $3561 0.4668842309493203557 $3558 $3697 forward @7 unknown #
color-adesk-attrib $-1 -1 $-1 $-1 $3418 256 #
vertex $-1 -1 $-1 $3644 $3698 #
straight-curve $-1 -1 $-1 0.7030086927023239118 7.487645113897784199 0.5 -0.7327430776405858825 0.6805053873187210112 0 I I #
edge $3699 -1 $-1 $3668 0 $3565 0.4668842309493203557 $3508 $3700 forward @7 unknown #
color-adesk-attrib $-1 -1 $-1 $-1 $3421 256 #
vertex $-1 -1 $-1 $3563 $3701 #
straight-curve $-1 -1 $-1 0.7030086927023239118 7.487645113897784199 -0.5 -0.7327430776405858825 0.6805053873187210112 0 F 0 F 0.5500000000000000444 #
color-adesk-attrib $-1 -1 $-1 $-1 $3423 256 #
straight-curve $-1 -1 $-1 0.7030086927023240229 8.103029729282397398 -0.5 0 0 1 I I #
point $-1 -1 $-1 0.7030086927023240229 8.103029729282397398 -0.5 #
point $-1 -1 $-1 0.7030086927023240229 8.103029729282397398 0.5 #
color-adesk-attrib $-1 -1 $-1 $-1 $3439 256 #
face $3702 -1 $-1 $3703 $3704 $8 $-1 $3705 forward single #
loop $-1 -1 $-1 $-1 $3706 $3439 #
plane-surface $-1 -1 $-1 0.7030086927023235788 0.7184143446670141486 -0.5 0.6805053873187210112 0.7327430776405858825 0 -0.7327430776405858825 0.6805053873187210112 0 forward_v I I I I #
coedge $-1 -1 $-1 $3707 $3708 $3709 $3710 forward $3440 $-1 #
coedge $-1 -1 $-1 $3711 $3442 $3712 $3713 reversed $3309 $-1 #
coedge $-1 -1 $-1 $3442 $3711 $3707 $3714 reversed $3309 $-1 #
coedge $-1 -1 $-1 $3709 $3715 $3442 $3579 reversed $102 $-1 #
edge $3716 -1 $-1 $3717 0 $3718 0.5500000000000000444 $3442 $3719 forward @7 unknown #
coedge $-1 -1 $-1 $3444 $3443 $3720 $3721 reversed $3176 $-1 #
coedge $-1 -1 $-1 $3722 $3723 $3444 $3582 forward $3724 $-1 #
edge $3725 -1 $-1 $3585 -0.25 $3726 0.75 $3581 $3727 forward @7 unknown #
coedge $-1 -1 $-1 $3474 $3445 $3723 $3728 forward $102 $-1 #
color-adesk-attrib $-1 -1 $-1 $-1 $3446 256 #
vertex $-1 -1 $-1 $3728 $3729 #
straight-curve $-1 -1 $-1 0.3000000000000010436 -1.978846153846152589 -0.5 0.863187629796107414 0.5048832694464910897 0 F 0 F 0.4668842309493203557 #
coedge $-1 -1 $-1 $3730 $3720 $3447 $3588 forward $264 $-1 #
edge $3731 -1 $-1 $3596 0 $3593 0.5500000000000000444 $3447 $3732 forward @7 unknown #
coedge $-1 -1 $-1 $3733 $3448 $3451 $3599 reversed $3591 $-1 #
coedge $-1 -1 $-1 $3448 $3733 $3730 $3734 reversed $3591 $-1 #
loop $-1 -1 $-1 $-1 $3448 $3735 #
color-adesk-attrib $-1 -1 $-1 $-1 $3449 256 #
vertex $-1 -1 $-1 $3734 $3736 #
straight-curve $-1 -1 $-1 0.2999999999999999889 -1.368846153846151825 -0.25 0 0 -1 I I #
color-adesk-attrib $-1 -1 $-1 $-1 $3450 256 #
vertex $-1 -1 $-1 $3450 $3737 #
straight-curve $-1 -1 $-1 0.7030086927023233567 -1.743124116871449303 -0.5 0 0 1 I I #
coedge $-1 -1 $-1 $3451 $3738 $3739 $3740 reversed $102 $-1 #
edge $3741 -1 $-1 $3742 1.363461538461535838 $3454 1.368846153846153157 $3589 $277 forward @7 unknown #
point $-1 -1 $-1 0.7030086927023233567 -1.743124116871449303 -0.5 #
point $-1 -1 $-1 0.3000000000000010436 -1.368846153846153157 -0.5 #
coedge $-1 -1 $-1 $3456 $3482 $3458 $3606 forward $264 $-1 #
color-adesk-attrib $-1 -1 $-1 $-1 $3457 256 #
straight-curve $-1 -1 $-1 0.3000000000000010436 -3.209615384615382538 0.5 0.863187629796107414 0.5048832694464910897 0 I I #
coedge $-1 -1 $-1 $3459 $3458 $3488 $3630 forward $3460 $-1 #
edge $3743 -1 $-1 $3744 -3.214999999999999858 $3462 -3.209615384615382538 $3458 $353 forward @7 unknown #
face $3745 -1 $-1 $3471 $3460 $8 $-1 $355 reversed single #
point $-1 -1 $-1 0.3000000000000010436 -3.209615384615382538 0.5 #
color-adesk-attrib $-1 -1 $-1 $-1 $3464 256 #
coedge $-1 -1 $-1 $3746 $3466 $3747 $3748 forward $264 $-1 #
coedge $-1 -1 $-1 $3475 $3747 $3469 $3612 reversed $3619 $-1 #
edge $3749 -1 $-1 $3478 -0.25 $3614 0.75 $3469 $3750 forward @7 unknown #
color-adesk-attrib $-1 -1 $-1 $-1 $3470 256 #
vertex $-1 -1 $-1 $3748 $3751 #
color-adesk-attrib $-1 -1 $-1 $-1 $3471 256 #
coedge $-1 -1 $-1 $3752 $3753 $3474 $3617 forward $3754 $-1 #
edge $3755 -1 $-1 $3621 0 $3756 0.5500000000000000444 $3616 $3757 forward @7 unknown #
coedge $-1 -1 $-1 $3747 $3475 $3753 $3758 forward $3619 $-1 #
loop $-1 -1 $-1 $-1 $3475 $3759 #
color-adesk-attrib $-1 -1 $-1 $-1 $3476 256 #
vertex $-1 -1 $-1 $3476 $3760 #
straight-curve $-1 -1 $-1 0.3000000000000010436 -2.594230769230765787 -0.5 0.863187629796107414 0.5048832694464910897 0 F 0 F 0.4668842309493203557 #
point $-1 -1 $-1 0.3000000000000010436 -2.594230769230765787 -0.5 #
point $-1 -1 $-1 0.3000000000000009326 -4.445769230769229807 0.5 #
coedge $-1 -1 $-1 $3489 $3488 $3482 $3626 reversed $3490 $-1 #
edge $3761 -1 $-1 $3628 0 $3744 0.5500000000000000444 $3625 $3762 forward @7 unknown #
color-adesk-attrib $-1 -1 $-1 $-1 $3484 256 #
vertex $-1 -1 $-1 $3494 $3763 #
straight-curve $-1 -1 $-1 0.3000000000000009326 -3.824999999999999289 0.5 0.863187629796107414 0.5048832694464910897 0 I I #
edge $3764 -1 $-1 $3744 -0.75 $3492 0.25 $3605 $3765 forward @7 unknown #
face $3766 -1 $-1 $3495 $3490 $8 $-1 $3767 forward single #
point $-1 -1 $-1 0.3000000000000009326 -3.214999999999999858 -0.5 #
color-adesk-attrib $-1 -1 $-1 $-1 $3494 256 #
straight-curve $-1 -1 $-1 0.7030086927023231347 -3.589277963025296003 -0.5 0 0 1 I I #
color-adesk-attrib $-1 -1 $-1 $-1 $3495 256 #
plane-surface $-1 -1 $-1 0.3000000000000009326 -3.824999999999999289 -0.5 0.5048832694464912008 -0.8631876297961075251 0 0.8631876297961075251 0.5048832694464912008 0 forward_v I I I I #
color-adesk-attrib $-1 -1 $-1 $-1 $3505 256 #
face $3768 -1 $-1 $3769 $3770 $8 $-1 $3771 forward single #
loop $-1 -1 $-1 $-1 $3772 $3505 #
plane-surface $-1 -1 $-1 0.3000000000000015987 6.021153846153847411 -0.5 0.5048832694464912008 -0.8631876297961075251 0 0.8631876297961075251 0.5048832694464912008 0 forward_v I I I I #
coedge $-1 -1 $-1 $3532 $3773 $3538 $3685 forward $3506 $-1 #
coedge $-1 -1 $-1 $3558 $3508 $3509 $3644 forward $3375 $-1 #
coedge $-1 -1 $-1 $3508 $3558 $3520 $3665 reversed $3375 $-1 #
edge $3774 -1 $-1 $3565 0 $3561 1 $3642 $3775 forward @7 unknown #
color-adesk-attrib $-1 -1 $-1 $-1 $3513 256 #
face $3776 -1 $-1 $3777 $3778 $8 $-1 $355 reversed single #
loop $-1 -1 $-1 $-1 $3779 $3513 #
coedge $-1 -1 $-1 $3780 $3781 $3782 $3783 forward $3514 $-1 #
coedge $-1 -1 $-1 $3784 $3515 $3785 $3786 reversed $3383 $-1 #
coedge $-1 -1 $-1 $3515 $3784 $3787 $3788 reversed $3383 $-1 #
coedge $-1 -1 $-1 $3789 $3790 $3515 $3652 reversed $3791 $-1 #
edge $3792 -1 $-1 $3793 -0.75 $3794 0.25 $3515 $3795 forward @7 unknown #
coedge $-1 -1 $-1 $3517 $3516 $3796 $3797 forward $3250 $-1 #
coedge $-1 -1 $-1 $3798 $3799 $3516 $3655 forward $264 $-1 #
edge $3800 -1 $-1 $3801 5.400384615384616893 $3663 5.405769230769234213 $3516 $353 forward @7 unknown #
coedge $-1 -1 $-1 $3802 $3803 $3517 $3657 forward $102 $-1 #
edge $3804 -1 $-1 $3662 -5.405769230769234213 $3805 -5.400384615384616893 $3517 $277 forward @7 unknown #
coedge $-1 -1 $-1 $3806 $3518 $3803 $3807 forward $3660 $-1 #
coedge $-1 -1 $-1 $3518 $3806 $3798 $3808 reversed $3660 $-1 #
loop $-1 -1 $-1 $-1 $3658 $3809 #
color-adesk-attrib $-1 -1 $-1 $-1 $3519 256 #
vertex $-1 -1 $-1 $3657 $3810 #
vertex $-1 -1 $-1 $3808 $3811 #
straight-curve $-1 -1 $-1 0.3000000000000000444 5.405769230769234213 -0.25 0 0 1 I I #
edge $3812 -1 $-1 $3668 -0.25 $3671 0.75 $3520 $3813 forward @7 unknown #
coedge $-1 -1 $-1 $3539 $3521 $3526 $3674 reversed $102 $-1 #
color-adesk-attrib $-1 -1 $-1 $-1 $3522 256 #
vertex $-1 -1 $-1 $3522 $3814 #
coedge $-1 -1 $-1 $3523 $3534 $3525 $3673 forward $264 $-1 #
color-adesk-attrib $-1 -1 $-1 $-1 $3524 256 #
vertex $-1 -1 $-1 $3559 $3815 #
coedge $-1 -1 $-1 $3526 $3525 $3542 $3687 reversed $3527 $-1 #
edge $3816 -1 $-1 $3692 0 $3529 0.5500000000000000444 $3525 $3817 forward @7 unknown #
edge $3818 -1 $-1 $3689 0 $3530 0.5500000000000000444 $3526 $3819 forward @7 unknown #
face $3820 -1 $-1 $3545 $3527 $8 $-1 $3821 forward single #
point $-1 -1 $-1 0.3000000000000015987 7.246538461538463594 0.5 #
point $-1 -1 $-1 0.3000000000000015987 7.246538461538463594 -0.5 #
coedge $-1 -1 $-1 $3773 $3532 $3535 $3682 reversed $3506 $-1 #
color-adesk-attrib $-1 -1 $-1 $-1 $3533 256 #
straight-curve $-1 -1 $-1 0.3000000000000002665 6.631153846153849507 -0.25 0 0 -1 I I #
coedge $-1 -1 $-1 $3535 $3787 $3822 $3823 forward $264 $-1 #
edge $3824 -1 $-1 $3825 0 $3537 0.5500000000000000444 $3678 $3826 forward @7 unknown #
point $-1 -1 $-1 0.3000000000000015987 6.631153846153846843 0.5 #
coedge $-1 -1 $-1 $3785 $3538 $3772 $3827 reversed $102 $-1 #
edge $3828 -1 $-1 $3829 0 $3541 0.5500000000000000444 $3641 $3830 forward @7 unknown #
point $-1 -1 $-1 0.3000000000000015987 6.631153846153846843 -0.5 #
edge $3831 -1 $-1 $3689 0 $3692 1 $3542 $3832 forward @7 unknown #
color-adesk-attrib $-1 -1 $-1 $-1 $3543 256 #
vertex $-1 -1 $-1 $3543 $3833 #
straight-curve $-1 -1 $-1 0.3000000000000015987 6.636538461538464162 -0.5 0.863187629796107414 0.5048832694464910897 0 F 0 F 0.4668842309493203557 #
color-adesk-attrib $-1 -1 $-1 $-1 $3544 256 #
vertex $-1 -1 $-1 $3687 $3834 #
straight-curve $-1 -1 $-1 0.3000000000000015987 6.636538461538464162 0.5 0.863187629796107414 0.5048832694464910897 0 I I #
color-adesk-attrib $-1 -1 $-1 $-1 $3545 256 #
plane-surface $-1 -1 $-1 0.3000000000000015987 6.636538461538464162 -0.5 0.5048832694464912008 -0.8631876297961075251 0 0.8631876297961075251 0.5048832694464912008 0 forward_v I I I I #
color-adesk-attrib $-1 -1 $-1 $-1 $3559 256 #
straight-curve $-1 -1 $-1 0.3000000000000016542 7.251923076923080913 0.5 0.863187629796107414 0.5048832694464910897 0 I I #
point $-1 -1 $-1 0.7030086927023239118 7.487645113897784199 0.5 #
color-adesk-attrib $-1 -1 $-1 $-1 $3563 256 #
straight-curve $-1 -1 $-1 0.3000000000000016542 7.251923076923080913 -0.5 0.863187629796107414 0.5048832694464910897 0 F 0 F 0.4668842309493203557 #
point $-1 -1 $-1 0.7030086927023239118 7.487645113897784199 -0.5 #
color-adesk-attrib $-1 -1 $-1 $-1 $3572 256 #
face $3835 -1 $-1 $3836 $3837 $8 $-1 $3838 forward single #
loop $-1 -1 $-1 $-1 $3839 $3572 #
plane-surface $-1 -1 $-1 0.3000000000000012657 0.4826923076923108624 -0.5 0.5048832694464912008 -0.8631876297961075251 0 0.8631876297961075251 0.5048832694464912008 0 forward_v I I I I #
coedge $-1 -1 $-1 $3840 $3841 $3842 $3843 forward $3573 $-1 #
coedge $-1 -1 $-1 $3844 $3575 $3577 $3714 forward $3440 $-1 #
coedge $-1 -1 $-1 $3575 $3844 $3845 $3846 reversed $3440 $-1 #
coedge $-1 -1 $-1 $3847 $3578 $3575 $3710 reversed $102 $-1 #
edge $3848 -1 $-1 $3849 0 $3717 0.4668842309493203557 $3575 $3850 forward @7 unknown #
coedge $-1 -1 $-1 $3577 $3576 $3851 $3852 reversed $3309 $-1 #
coedge $-1 -1 $-1 $3853 $3854 $3576 $3713 forward $3855 $-1 #
edge $3856 -1 $-1 $3857 -0.75 $3718 0.25 $3712 $3858 forward @7 unknown #
edge $3859 -1 $-1 $3717 0 $3860 1 $3707 $3861 forward @7 unknown #
coedge $-1 -1 $-1 $3578 $3862 $3853 $3863 forward $102 $-1 #
color-adesk-attrib $-1 -1 $-1 $-1 $3579 256 #
vertex $-1 -1 $-1 $3710 $3864 #
vertex $-1 -1 $-1 $3579 $3865 #
straight-curve $-1 -1 $-1 0.7030086927023233567 -0.5123548861022193535 -0.5 -0.7327430776405858825 0.6805053873187210112 0 F 0 F 0.5500000000000000444 #
coedge $-1 -1 $-1 $3587 $3866 $3580 $3721 forward $264 $-1 #
edge $3867 -1 $-1 $3726 0 $3596 0.4668842309493203557 $3580 $3868 forward @7 unknown #
coedge $-1 -1 $-1 $3869 $3581 $3866 $3870 reversed $3724 $-1 #
coedge $-1 -1 $-1 $3581 $3869 $3583 $3728 reversed $3724 $-1 #
loop $-1 -1 $-1 $-1 $3581 $3871 #
color-adesk-attrib $-1 -1 $-1 $-1 $3582 256 #
vertex $-1 -1 $-1 $3721 $3872 #
straight-curve $-1 -1 $-1 0.2999999999999999334 -1.978846153846153477 -0.25 0 0 1 I I #
edge $3873 -1 $-1 $3585 1.978846153846152589 $3756 1.984230769230766356 $3723 $277 forward @7 unknown #
point $-1 -1 $-1 0.3000000000000010436 -1.978846153846152589 -0.5 #
coedge $-1 -1 $-1 $3874 $3587 $3590 $3734 forward $264 $-1 #
color-adesk-attrib $-1 -1 $-1 $-1 $3588 256 #
straight-curve $-1 -1 $-1 0.7030086927023233567 -1.743124116871449303 0.5 -0.7327430776405858825 0.6805053873187210112 0 I I #
coedge $-1 -1 $-1 $3590 $3589 $3875 $3876 forward $3591 $-1 #
edge $3877 -1 $-1 $3593 -1.368846153846153157 $3878 -1.363461538461535838 $3590 $353 forward @7 unknown #
face $3879 -1 $-1 $3607 $3591 $8 $-1 $355 reversed single #
point $-1 -1 $-1 0.3000000000000010436 -1.368846153846153157 0.5 #
point $-1 -1 $-1 0.7030086927023233567 -1.743124116871449303 0.5 #
coedge $-1 -1 $-1 $3598 $3847 $3880 $3881 reversed $102 $-1 #
coedge $-1 -1 $-1 $3882 $3875 $3598 $3740 forward $3883 $-1 #
edge $3884 -1 $-1 $3742 0 $3885 0.4668842309493203557 $3739 $3886 forward @7 unknown #
color-adesk-attrib $-1 -1 $-1 $-1 $3599 256 #
vertex $-1 -1 $-1 $3599 $3887 #
color-adesk-attrib $-1 -1 $-1 $-1 $3606 256 #
vertex $-1 -1 $-1 $3606 $3888 #
color-adesk-attrib $-1 -1 $-1 $-1 $3607 256 #
coedge $-1 -1 $-1 $3866 $3610 $3889 $3890 forward $264 $-1 #
coedge $-1 -1 $-1 $3611 $3618 $3610 $3748 reversed $3619 $-1 #
edge $3891 -1 $-1 $3614 0 $3892 0.4668842309493203557 $3747 $3893 forward @7 unknown #
color-adesk-attrib $-1 -1 $-1 $-1 $3612 256 #
straight-curve $-1 -1 $-1 0.2999999999999999334 -2.594230769230766676 -0.25 0 0 1 I I #
point $-1 -1 $-1 0.3000000000000010436 -2.594230769230765787 0.5 #
coedge $-1 -1 $-1 $3889 $3616 $3869 $3894 reversed $3754 $-1 #
coedge $-1 -1 $-1 $3616 $3889 $3618 $3758 reversed $3754 $-1 #
loop $-1 -1 $-1 $-1 $3616 $3895 #
color-adesk-attrib $-1 -1 $-1 $-1 $3617 256 #
vertex $-1 -1 $-1 $3617 $3896 #
straight-curve $-1 -1 $-1 0.7030086927023233567 -2.358508732256062501 -0.5 -0.7327430776405858825 0.6805053873187210112 0 F 0 F 0.5500000000000000444 #
edge $3897 -1 $-1 $3621 0 $3892 1 $3618 $3898 forward @7 unknown #
face $3899 -1 $-1 $3631 $3619 $8 $-1 $3900 forward single #
point $-1 -1 $-1 0.7030086927023233567 -2.358508732256062501 -0.5 #
color-adesk-attrib $-1 -1 $-1 $-1 $3626 256 #
straight-curve $-1 -1 $-1 0.7030086927023231347 -3.589277963025296003 0.5 -0.7327430776405858825 0.6805053873187210112 0 I I #
point $-1 -1 $-1 0.7030086927023231347 -3.589277963025296003 0.5 #
color-adesk-attrib $-1 -1 $-1 $-1 $3630 256 #
straight-curve $-1 -1 $-1 0.2999999999999999334 -3.21499999999999897 -0.25 0 0 -1 I I #
color-adesk-attrib $-1 -1 $-1 $-1 $3631 256 #
plane-surface $-1 -1 $-1 0.7030086927023231347 -3.589277963025296003 -0.5 0.6805053873187210112 0.7327430776405858825 0 -0.7327430776405858825 0.6805053873187210112 0 forward_v I I I I #
color-adesk-attrib $-1 -1 $-1 $-1 $3638 256 #
face $3901 -1 $-1 $3902 $3903 $8 $-1 $3904 forward single #
loop $-1 -1 $-1 $-1 $3905 $3638 #
plane-surface $-1 -1 $-1 0.7030086927023238008 5.026106652359320748 -0.5 0.6805053873187210112 0.7327430776405858825 0 -0.7327430776405858825 0.6805053873187210112 0 forward_v I I I I #
coedge $-1 -1 $-1 $3906 $3907 $3684 $3827 forward $3639 $-1 #
coedge $-1 -1 $-1 $3641 $3678 $3906 $3908 reversed $3506 $-1 #
color-adesk-attrib $-1 -1 $-1 $-1 $3644 256 #
straight-curve $-1 -1 $-1 0.7030086927023239118 7.487645113897784199 -0.5 0 0 1 I I #
color-adesk-attrib $-1 -1 $-1 $-1 $3646 256 #
face $3909 -1 $-1 $3910 $3911 $8 $-1 $355 reversed single #
loop $-1 -1 $-1 $-1 $3912 $3646 #
coedge $-1 -1 $-1 $3913 $3914 $3915 $3916 forward $3647 $-1 #
coedge $-1 -1 $-1 $3917 $3648 $3918 $3919 reversed $3514 $-1 #
coedge $-1 -1 $-1 $3648 $3917 $3920 $3921 reversed $3514 $-1 #
coedge $-1 -1 $-1 $3922 $3923 $3648 $3783 reversed $3924 $-1 #
edge $3925 -1 $-1 $3926 -0.25 $3927 0.75 $3648 $3928 forward @7 unknown #
coedge $-1 -1 $-1 $3650 $3649 $3907 $3929 forward $3383 $-1 #
coedge $-1 -1 $-1 $3930 $3684 $3649 $3786 forward $102 $-1 #
edge $3931 -1 $-1 $3932 -6.021153846153847411 $3794 -6.015769230769233644 $3649 $277 forward @7 unknown #
coedge $-1 -1 $-1 $3681 $3933 $3650 $3788 forward $264 $-1 #
edge $3934 -1 $-1 $3793 6.015769230769233644 $3935 6.021153846153847411 $3650 $353 forward @7 unknown #
coedge $-1 -1 $-1 $3936 $3651 $3933 $3937 reversed $3791 $-1 #
coedge $-1 -1 $-1 $3651 $3936 $3930 $3938 forward $3791 $-1 #
loop $-1 -1 $-1 $-1 $3790 $3939 #
color-adesk-attrib $-1 -1 $-1 $-1 $3652 256 #
vertex $-1 -1 $-1 $3788 $3940 #
vertex $-1 -1 $-1 $3938 $3941 #
straight-curve $-1 -1 $-1 0.3000000000000002665 6.015769230769235421 -0.25 0 0 -1 I I #
coedge $-1 -1 $-1 $3942 $3905 $3653 $3797 reversed $3770 $-1 #
edge $3943 -1 $-1 $3801 -0.75 $3805 0.25 $3653 $3944 forward @7 unknown #
coedge $-1 -1 $-1 $3933 $3654 $3659 $3808 forward $264 $-1 #
coedge $-1 -1 $-1 $3654 $3945 $3942 $3946 forward $264 $-1 #
color-adesk-attrib $-1 -1 $-1 $-1 $3655 256 #
vertex $-1 -1 $-1 $3655 $3947 #
coedge $-1 -1 $-1 $3948 $3656 $3905 $3949 reversed $102 $-1 #
coedge $-1 -1 $-1 $3656 $3930 $3658 $3807 reversed $102 $-1 #
color-adesk-attrib $-1 -1 $-1 $-1 $3657 256 #
vertex $-1 -1 $-1 $3949 $3950 #
coedge $-1 -1 $-1 $3659 $3658 $3936 $3951 forward $3660 $-1 #
edge $3952 -1 $-1 $3662 0 $3953 0.4668842309493203557 $3658 $3954 forward @7 unknown #
edge $3955 -1 $-1 $3663 0 $3956 0.4668842309493203557 $3659 $3957 forward @7 unknown #
face $3958 -1 $-1 $3675 $3660 $8 $-1 $3959 forward single #
point $-1 -1 $-1 0.3000000000000015432 5.405769230769234213 -0.5 #
point $-1 -1 $-1 0.3000000000000015432 5.405769230769234213 0.5 #
color-adesk-attrib $-1 -1 $-1 $-1 $3665 256 #
straight-curve $-1 -1 $-1 0.3000000000000002665 7.251923076923080025 -0.25 0 0 1 I I #
point $-1 -1 $-1 0.3000000000000016542 7.251923076923080913 -0.5 #
point $-1 -1 $-1 0.3000000000000016542 7.251923076923080913 0.5 #
color-adesk-attrib $-1 -1 $-1 $-1 $3673 256 #
straight-curve $-1 -1 $-1 0.7030086927023238008 6.872260498513167448 0.5 -0.7327430776405858825 0.6805053873187210112 0 I I #
color-adesk-attrib $-1 -1 $-1 $-1 $3674 256 #
straight-curve $-1 -1 $-1 0.7030086927023238008 6.872260498513167448 -0.5 -0.7327430776405858825 0.6805053873187210112 0 F 0 F 0.5500000000000000444 #
color-adesk-attrib $-1 -1 $-1 $-1 $3675 256 #
plane-surface $-1 -1 $-1 0.7030086927023238008 6.872260498513167448 -0.5 0.6805053873187210112 0.7327430776405858825 0 -0.7327430776405858825 0.6805053873187210112 0 forward_v I I I I #
coedge $-1 -1 $-1 $3907 $3906 $3681 $3823 reversed $3639 $-1 #
edge $3960 -1 $-1 $3935 0 $3825 0.4668842309493203557 $3822 $3961 forward @7 unknown #
color-adesk-attrib $-1 -1 $-1 $-1 $3682 256 #
vertex $-1 -1 $-1 $3908 $3962 #
straight-curve $-1 -1 $-1 0.7030086927023238008 6.256875883128550697 0.5 -0.7327430776405858825 0.6805053873187210112 0 I I #
edge $3963 -1 $-1 $3932 0 $3829 0.4668842309493203557 $3772 $3964 forward @7 unknown #
color-adesk-attrib $-1 -1 $-1 $-1 $3685 256 #
vertex $-1 -1 $-1 $3827 $3965 #
straight-curve $-1 -1 $-1 0.7030086927023238008 6.256875883128550697 -0.5 -0.7327430776405858825 0.6805053873187210112 0 F 0 F 0.5500000000000000444 #
color-adesk-attrib $-1 -1 $-1 $-1 $3687 256 #
straight-curve $-1 -1 $-1 0.7030086927023238008 6.872260498513167448 -0.5 0 0 1 I I #
point $-1 -1 $-1 0.7030086927023238008 6.872260498513167448 -0.5 #
point $-1 -1 $-1 0.7030086927023238008 6.872260498513167448 0.5 #
color-adesk-attrib $-1 -1 $-1 $-1 $3703 256 #
face $3966 -1 $-1 $3967 $3968 $8 $-1 $3969 forward single #
loop $-1 -1 $-1 $-1 $3970 $3703 #
plane-surface $-1 -1 $-1 0.7030086927023235788 1.949183575436244098 -0.5 0.6805053873187210112 0.7327430776405858825 0 -0.7327430776405858825 0.6805053873187210112 0 forward_v I I I I #
coedge $-1 -1 $-1 $3971 $3972 $3973 $3974 forward $3704 $-1 #
coedge $-1 -1 $-1 $3975 $3706 $3976 $3977 reversed $3573 $-1 #
coedge $-1 -1 $-1 $3706 $3975 $3971 $3978 reversed $3573 $-1 #
coedge $-1 -1 $-1 $3973 $3979 $3706 $3843 reversed $102 $-1 #
edge $3980 -1 $-1 $3981 0 $3982 0.5500000000000000444 $3706 $3983 forward @7 unknown #
coedge $-1 -1 $-1 $3708 $3707 $3984 $3985 reversed $3440 $-1 #
coedge $-1 -1 $-1 $3986 $3987 $3708 $3846 forward $3988 $-1 #
edge $3989 -1 $-1 $3849 -0.25 $3990 0.75 $3845 $3991 forward @7 unknown #
coedge $-1 -1 $-1 $3738 $3709 $3987 $3992 forward $102 $-1 #
color-adesk-attrib $-1 -1 $-1 $-1 $3710 256 #
vertex $-1 -1 $-1 $3992 $3993 #
straight-curve $-1 -1 $-1 0.3000000000000011546 -0.7480769230769226397 -0.5 0.863187629796107414 0.5048832694464910897 0 F 0 F 0.4668842309493203557 #
coedge $-1 -1 $-1 $3994 $3984 $3711 $3852 forward $264 $-1 #
edge $3995 -1 $-1 $3860 0 $3857 0.5500000000000000444 $3711 $3996 forward @7 unknown #
coedge $-1 -1 $-1 $3997 $3712 $3715 $3863 reversed $3855 $-1 #
coedge $-1 -1 $-1 $3712 $3997 $3994 $3998 reversed $3855 $-1 #
loop $-1 -1 $-1 $-1 $3712 $3999 #
color-adesk-attrib $-1 -1 $-1 $-1 $3713 256 #
vertex $-1 -1 $-1 $3998 $4000 #
straight-curve $-1 -1 $-1 0.3000000000000000444 -0.1380769230769217926 -0.25 0 0 -1 I I #
color-adesk-attrib $-1 -1 $-1 $-1 $3714 256 #
vertex $-1 -1 $-1 $3714 $4001 #
straight-curve $-1 -1 $-1 0.7030086927023233567 -0.5123548861022193535 -0.5 0 0 1 I I #
coedge $-1 -1 $-1 $3715 $4002 $4003 $4004 reversed $102 $-1 #
edge $4005 -1 $-1 $4006 0.1326923076923058886 $3718 0.1380769230769232081 $3853 $277 forward @7 unknown #
point $-1 -1 $-1 0.7030086927023233567 -0.5123548861022193535 -0.5 #
point $-1 -1 $-1 0.3000000000000011546 -0.1380769230769232081 -0.5 #
coedge $-1 -1 $-1 $3720 $3746 $3722 $3870 forward $264 $-1 #
color-adesk-attrib $-1 -1 $-1 $-1 $3721 256 #
straight-curve $-1 -1 $-1 0.3000000000000010436 -1.978846153846152589 0.5 0.863187629796107414 0.5048832694464910897 0 I I #
coedge $-1 -1 $-1 $3723 $3722 $3752 $3894 forward $3724 $-1 #
edge $4007 -1 $-1 $4008 -1.984230769230766356 $3726 -1.978846153846152589 $3722 $353 forward @7 unknown #
face $4009 -1 $-1 $3735 $3724 $8 $-1 $355 reversed single #
point $-1 -1 $-1 0.3000000000000010436 -1.978846153846152589 0.5 #
color-adesk-attrib $-1 -1 $-1 $-1 $3728 256 #
coedge $-1 -1 $-1 $4010 $3730 $4011 $4012 forward $264 $-1 #
coedge $-1 -1 $-1 $3739 $4011 $3733 $3876 reversed $3883 $-1 #
edge $4013 -1 $-1 $3742 -0.25 $3878 0.75 $3733 $4014 forward @7 unknown #
color-adesk-attrib $-1 -1 $-1 $-1 $3734 256 #
vertex $-1 -1 $-1 $4012 $4015 #
color-adesk-attrib $-1 -1 $-1 $-1 $3735 256 #
coedge $-1 -1 $-1 $4016 $4017 $3738 $3881 forward $4018 $-1 #
edge $4019 -1 $-1 $3885 0 $4020 0.5500000000000000444 $3880 $4021 forward @7 unknown #
coedge $-1 -1 $-1 $4011 $3739 $4017 $4022 forward $3883 $-1 #
loop $-1 -1 $-1 $-1 $3739 $4023 #
color-adesk-attrib $-1 -1 $-1 $-1 $3740 256 #
vertex $-1 -1 $-1 $3740 $4024 #
straight-curve $-1 -1 $-1 0.3000000000000011546 -1.363461538461535838 -0.5 0.863187629796107414 0.5048832694464910897 0 F 0 F 0.4668842309493203557 #
point $-1 -1 $-1 0.3000000000000011546 -1.363461538461535838 -0.5 #
point $-1 -1 $-1 0.3000000000000009326 -3.214999999999999858 0.5 #
coedge $-1 -1 $-1 $3753 $3752 $3746 $3890 reversed $3754 $-1 #
edge $4025 -1 $-1 $3892 0 $4008 0.5500000000000000444 $3889 $4026 forward @7 unknown #
color-adesk-attrib $-1 -1 $-1 $-1 $3748 256 #
vertex $-1 -1 $-1 $3758 $4027 #
straight-curve $-1 -1 $-1 0.3000000000000010436 -2.594230769230765787 0.5 0.863187629796107414 0.5048832694464910897 0 I I #
edge $4028 -1 $-1 $4008 -0.75 $3756 0.25 $3869 $4029 forward @7 unknown #
face $4030 -1 $-1 $3759 $3754 $8 $-1 $4031 forward single #
point $-1 -1 $-1 0.3000000000000010436 -1.984230769230766356 -0.5 #
color-adesk-attrib $-1 -1 $-1 $-1 $3758 256 #
straight-curve $-1 -1 $-1 0.7030086927023233567 -2.358508732256062501 -0.5 0 0 1 I I #
color-adesk-attrib $-1 -1 $-1 $-1 $3759 256 #
plane-surface $-1 -1 $-1 0.3000000000000010436 -2.594230769230765787 -0.5 0.5048832694464912008 -0.8631876297961075251 0 0.8631876297961075251 0.5048832694464912008 0 forward_v I I I I #
color-adesk-attrib $-1 -1 $-1 $-1 $3769 256 #
face $4032 -1 $-1 $4033 $4034 $8 $-1 $4035 forward single #
loop $-1 -1 $-1 $-1 $4036 $3769 #
plane-surface $-1 -1 $-1 0.3000000000000014877 4.790384615384617462 -0.5 0.5048832694464912008 -0.8631876297961075251 0 0.8631876297961075251 0.5048832694464912008 0 forward_v I I I I #
coedge $-1 -1 $-1 $3796 $4037 $3802 $3949 forward $3770 $-1 #
coedge $-1 -1 $-1 $3822 $3772 $3773 $3908 forward $3639 $-1 #
coedge $-1 -1 $-1 $3772 $3822 $3784 $3929 reversed $3639 $-1 #
edge $4038 -1 $-1 $3829 0 $3825 1 $3906 $4039 forward @7 unknown #
color-adesk-attrib $-1 -1 $-1 $-1 $3777 256 #
face $4040 -1 $-1 $4041 $4042 $8 $-1 $355 reversed single #
loop $-1 -1 $-1 $-1 $4043 $3777 #
coedge $-1 -1 $-1 $4044 $4045 $4046 $4047 forward $3778 $-1 #
coedge $-1 -1 $-1 $4048 $3779 $4049 $4050 reversed $3647 $-1 #
coedge $-1 -1 $-1 $3779 $4048 $4051 $4052 reversed $3647 $-1 #
coedge $-1 -1 $-1 $4053 $4054 $3779 $3916 reversed $4055 $-1 #
edge $4056 -1 $-1 $4057 -0.75 $4058 0.25 $3779 $4059 forward @7 unknown #
coedge $-1 -1 $-1 $3781 $3780 $4060 $4061 forward $3514 $-1 #
coedge $-1 -1 $-1 $4062 $4063 $3780 $3919 forward $264 $-1 #
edge $4064 -1 $-1 $4065 4.169615384615386944 $3927 4.175000000000000711 $3780 $353 forward @7 unknown #
coedge $-1 -1 $-1 $4066 $4067 $3781 $3921 forward $102 $-1 #
edge $4068 -1 $-1 $3926 -4.175000000000000711 $4069 -4.169615384615386944 $3781 $277 forward @7 unknown #
coedge $-1 -1 $-1 $4070 $3782 $4067 $4071 forward $3924 $-1 #
coedge $-1 -1 $-1 $3782 $4070 $4062 $4072 reversed $3924 $-1 #
loop $-1 -1 $-1 $-1 $3922 $4073 #
color-adesk-attrib $-1 -1 $-1 $-1 $3783 256 #
vertex $-1 -1 $-1 $3921 $4074 #
vertex $-1 -1 $-1 $4072 $4075 #
straight-curve $-1 -1 $-1 0.3000000000000000444 4.174999999999999822 -0.25 0 0 1 I I #
edge $4076 -1 $-1 $3932 -0.25 $3935 0.75 $3784 $4077 forward @7 unknown #
coedge $-1 -1 $-1 $3803 $3785 $3790 $3938 reversed $102 $-1 #
color-adesk-attrib $-1 -1 $-1 $-1 $3786 256 #
vertex $-1 -1 $-1 $3786 $4078 #
coedge $-1 -1 $-1 $3787 $3798 $3789 $3937 forward $264 $-1 #
color-adesk-attrib $-1 -1 $-1 $-1 $3788 256 #
vertex $-1 -1 $-1 $3823 $4079 #
coedge $-1 -1 $-1 $3790 $3789 $3806 $3951 reversed $3791 $-1 #
edge $4080 -1 $-1 $3956 0 $3793 0.5500000000000000444 $3789 $4081 forward @7 unknown #
edge $4082 -1 $-1 $3953 0 $3794 0.5500000000000000444 $3790 $4083 forward @7 unknown #
face $4084 -1 $-1 $3809 $3791 $8 $-1 $4085 forward single #
point $-1 -1 $-1 0.3000000000000015432 6.015769230769233644 0.5 #
point $-1 -1 $-1 0.3000000000000015432 6.015769230769233644 -0.5 #
coedge $-1 -1 $-1 $4037 $3796 $3799 $3946 reversed $3770 $-1 #
color-adesk-attrib $-1 -1 $-1 $-1 $3797 256 #
straight-curve $-1 -1 $-1 0.3000000000000000444 5.400384615384619558 -0.25 0 0 -1 I I #
coedge $-1 -1 $-1 $3799 $4051 $4086 $4087 forward $264 $-1 #
edge $4088 -1 $-1 $4089 0 $3801 0.5500000000000000444 $3942 $4090 forward @7 unknown #
point $-1 -1 $-1 0.3000000000000014877 5.400384615384616893 0.5 #
coedge $-1 -1 $-1 $4049 $3802 $4036 $4091 reversed $102 $-1 #
edge $4092 -1 $-1 $4093 0 $3805 0.5500000000000000444 $3905 $4094 forward @7 unknown #
point $-1 -1 $-1 0.3000000000000014877 5.400384615384616893 -0.5 #
edge $4095 -1 $-1 $3953 0 $3956 1 $3806 $4096 forward @7 unknown #
color-adesk-attrib $-1 -1 $-1 $-1 $3807 256 #
vertex $-1 -1 $-1 $3807 $4097 #
straight-curve $-1 -1 $-1 0.3000000000000015432 5.405769230769234213 -0.5 0.863187629796107414 0.5048832694464910897 0 F 0 F 0.4668842309493203557 #
color-adesk-attrib $-1 -1 $-1 $-1 $3808 256 #
vertex $-1 -1 $-1 $3951 $4098 #
straight-curve $-1 -1 $-1 0.3000000000000015432 5.405769230769234213 0.5 0.863187629796107414 0.5048832694464910897 0 I I #
color-adesk-attrib $-1 -1 $-1 $-1 $3809 256 #
plane-surface $-1 -1 $-1 0.3000000000000015432 5.405769230769234213 -0.5 0.5048832694464912008 -0.8631876297961075251 0 0.8631876297961075251 0.5048832694464912008 0 forward_v I I I I #
color-adesk-attrib $-1 -1 $-1 $-1 $3823 256 #
straight-curve $-1 -1 $-1 0.3000000000000015987 6.021153846153847411 0.5 0.863187629796107414 0.5048832694464910897 0 I I #
point $-1 -1 $-1 0.7030086927023238008 6.256875883128550697 0.5 #
color-adesk-attrib $-1 -1 $-1 $-1 $3827 256 #
straight-curve $-1 -1 $-1 0.3000000000000015987 6.021153846153847411 -0.5 0.863187629796107414 0.5048832694464910897 0 F 0 F 0.4668842309493203557 #
point $-1 -1 $-1 0.7030086927023238008 6.256875883128550697 -0.5 #
color-adesk-attrib $-1 -1 $-1 $-1 $3836 256 #
face $4099 -1 $-1 $4100 $4101 $8 $-1 $4102 forward single #
loop $-1 -1 $-1 $-1 $4103 $3836 #
plane-surface $-1 -1 $-1 0.3000000000000013212 1.713461538461540812 -0.5 0.5048832694464912008 -0.8631876297961075251 0 0.8631876297961075251 0.5048832694464912008 0 forward_v I I I I #
coedge $-1 -1 $-1 $4104 $4105 $4106 $4107 forward $3837 $-1 #
coedge $-1 -1 $-1 $4108 $3839 $3841 $3978 forward $3704 $-1 #
coedge $-1 -1 $-1 $3839 $4108 $4109 $4110 reversed $3704 $-1 #
coedge $-1 -1 $-1 $4111 $3842 $3839 $3974 reversed $102 $-1 #
edge $4112 -1 $-1 $4113 0 $3981 0.4668842309493203557 $3839 $4114 forward @7 unknown #
coedge $-1 -1 $-1 $3841 $3840 $4115 $4116 reversed $3573 $-1 #
coedge $-1 -1 $-1 $4117 $4118 $3840 $3977 forward $4119 $-1 #
edge $4120 -1 $-1 $4121 -0.75 $3982 0.25 $3976 $4122 forward @7 unknown #
edge $4123 -1 $-1 $3981 0 $4124 1 $3971 $4125 forward @7 unknown #
coedge $-1 -1 $-1 $3842 $4126 $4117 $4127 forward $102 $-1 #
color-adesk-attrib $-1 -1 $-1 $-1 $3843 256 #
vertex $-1 -1 $-1 $3974 $4128 #
vertex $-1 -1 $-1 $3843 $4129 #
straight-curve $-1 -1 $-1 0.7030086927023235788 0.7184143446670141486 -0.5 -0.7327430776405858825 0.6805053873187210112 0 F 0 F 0.5500000000000000444 #
coedge $-1 -1 $-1 $3851 $4130 $3844 $3985 forward $264 $-1 #
edge $4131 -1 $-1 $3990 0 $3860 0.4668842309493203557 $3844 $4132 forward @7 unknown #
coedge $-1 -1 $-1 $4133 $3845 $4130 $4134 reversed $3988 $-1 #
coedge $-1 -1 $-1 $3845 $4133 $3847 $3992 reversed $3988 $-1 #
loop $-1 -1 $-1 $-1 $3845 $4135 #
color-adesk-attrib $-1 -1 $-1 $-1 $3846 256 #
vertex $-1 -1 $-1 $3985 $4136 #
straight-curve $-1 -1 $-1 0.2999999999999999889 -0.7480769230769234168 -0.25 0 0 1 I I #
edge $4137 -1 $-1 $3849 0.7480769230769226397 $4020 0.7534615384615364064 $3987 $277 forward @7 unknown #
point $-1 -1 $-1 0.3000000000000011546 -0.7480769230769226397 -0.5 #
coedge $-1 -1 $-1 $4138 $3851 $3854 $3998 forward $264 $-1 #
color-adesk-attrib $-1 -1 $-1 $-1 $3852 256 #
straight-curve $-1 -1 $-1 0.7030086927023233567 -0.5123548861022193535 0.5 -0.7327430776405858825 0.6805053873187210112 0 I I #
coedge $-1 -1 $-1 $3854 $3853 $4139 $4140 forward $3855 $-1 #
edge $4141 -1 $-1 $3857 -0.1380769230769232081 $4142 -0.1326923076923058886 $3854 $353 forward @7 unknown #
face $4143 -1 $-1 $3871 $3855 $8 $-1 $355 reversed single #
point $-1 -1 $-1 0.3000000000000011546 -0.1380769230769232081 0.5 #
point $-1 -1 $-1 0.7030086927023233567 -0.5123548861022193535 0.5 #
coedge $-1 -1 $-1 $3862 $4111 $4144 $4145 reversed $102 $-1 #
coedge $-1 -1 $-1 $4146 $4139 $3862 $4004 forward $4147 $-1 #
edge $4148 -1 $-1 $4006 0 $4149 0.4668842309493203557 $4003 $4150 forward @7 unknown #
color-adesk-attrib $-1 -1 $-1 $-1 $3863 256 #
vertex $-1 -1 $-1 $3863 $4151 #
color-adesk-attrib $-1 -1 $-1 $-1 $3870 256 #
vertex $-1 -1 $-1 $3870 $4152 #
color-adesk-attrib $-1 -1 $-1 $-1 $3871 256 #
coedge $-1 -1 $-1 $4130 $3874 $4153 $4154 forward $264 $-1 #
coedge $-1 -1 $-1 $3875 $3882 $3874 $4012 reversed $3883 $-1 #
edge $4155 -1 $-1 $3878 0 $4156 0.4668842309493203557 $4011 $4157 forward @7 unknown #
color-adesk-attrib $-1 -1 $-1 $-1 $3876 256 #
straight-curve $-1 -1 $-1 0.2999999999999999889 -1.363461538461536726 -0.25 0 0 1 I I #
point $-1 -1 $-1 0.3000000000000011546 -1.363461538461535838 0.5 #
coedge $-1 -1 $-1 $4153 $3880 $4133 $4158 reversed $4018 $-1 #
coedge $-1 -1 $-1 $3880 $4153 $3882 $4022 reversed $4018 $-1 #
loop $-1 -1 $-1 $-1 $3880 $4159 #
color-adesk-attrib $-1 -1 $-1 $-1 $3881 256 #
vertex $-1 -1 $-1 $3881 $4160 #
straight-curve $-1 -1 $-1 0.7030086927023233567 -1.127739501486832552 -0.5 -0.7327430776405858825 0.6805053873187210112 0 F 0 F 0.5500000000000000444 #
edge $4161 -1 $-1 $3885 0 $4156 1 $3882 $4162 forward @7 unknown #
face $4163 -1 $-1 $3895 $3883 $8 $-1 $4164 forward single #
point $-1 -1 $-1 0.7030086927023233567 -1.127739501486832552 -0.5 #
color-adesk-attrib $-1 -1 $-1 $-1 $3890 256 #
straight-curve $-1 -1 $-1 0.7030086927023233567 -2.358508732256062501 0.5 -0.7327430776405858825 0.6805053873187210112 0 I I #
point $-1 -1 $-1 0.7030086927023233567 -2.358508732256062501 0.5 #
color-adesk-attrib $-1 -1 $-1 $-1 $3894 256 #
straight-curve $-1 -1 $-1 0.2999999999999999889 -1.984230769230765024 -0.25 0 0 -1 I I #
color-adesk-attrib $-1 -1 $-1 $-1 $3895 256 #
plane-surface $-1 -1 $-1 0.7030086927023233567 -2.358508732256062501 -0.5 0.6805053873187210112 0.7327430776405858825 0 -0.7327430776405858825 0.6805053873187210112 0 forward_v I I I I #
color-adesk-attrib $-1 -1 $-1 $-1 $3902 256 #
face $4165 -1 $-1 $4166 $4167 $8 $-1 $4168 forward single #
loop $-1 -1 $-1 $-1 $4169 $3902 #
plane-surface $-1 -1 $-1 0.7030086927023236898 3.795337421590090798 -0.5 0.6805053873187210112 0.7327430776405858825 0 -0.7327430776405858825 0.6805053873187210112 0 forward_v I I I I #
coedge $-1 -1 $-1 $4170 $4171 $3948 $4091 forward $3903 $-1 #
coedge $-1 -1 $-1 $3905 $3942 $4170 $4172 reversed $3770 $-1 #
color-adesk-attrib $-1 -1 $-1 $-1 $3908 256 #
straight-curve $-1 -1 $-1 0.7030086927023238008 6.256875883128550697 -0.5 0 0 1 I I #
color-adesk-attrib $-1 -1 $-1 $-1 $3910 256 #
face $4173 -1 $-1 $4174 $4175 $8 $-1 $355 reversed single #
loop $-1 -1 $-1 $-1 $4176 $3910 #
coedge $-1 -1 $-1 $4177 $4178 $4179 $4180 forward $3911 $-1 #
coedge $-1 -1 $-1 $4181 $3912 $4182 $4183 reversed $3778 $-1 #
coedge $-1 -1 $-1 $3912 $4181 $4184 $4185 reversed $3778 $-1 #
coedge $-1 -1 $-1 $4186 $4187 $3912 $4047 reversed $4188 $-1 #
edge $4189 -1 $-1 $4190 -0.25 $4191 0.75 $3912 $4192 forward @7 unknown #
coedge $-1 -1 $-1 $3914 $3913 $4171 $4193 forward $3647 $-1 #
coedge $-1 -1 $-1 $4194 $3948 $3913 $4050 forward $102 $-1 #
edge $4195 -1 $-1 $4196 -4.790384615384617462 $4058 -4.785000000000000142 $3913 $277 forward @7 unknown #
coedge $-1 -1 $-1 $3945 $4197 $3914 $4052 forward $264 $-1 #
edge $4198 -1 $-1 $4057 4.785000000000000142 $4199 4.790384615384617462 $3914 $353 forward @7 unknown #
coedge $-1 -1 $-1 $4200 $3915 $4197 $4201 reversed $4055 $-1 #
coedge $-1 -1 $-1 $3915 $4200 $4194 $4202 forward $4055 $-1 #
loop $-1 -1 $-1 $-1 $4054 $4203 #
color-adesk-attrib $-1 -1 $-1 $-1 $3916 256 #
vertex $-1 -1 $-1 $4052 $4204 #
vertex $-1 -1 $-1 $4202 $4205 #
straight-curve $-1 -1 $-1 0.3000000000000002665 4.785000000000001918 -0.25 0 0 -1 I I #
coedge $-1 -1 $-1 $4206 $4169 $3917 $4061 reversed $4034 $-1 #
edge $4207 -1 $-1 $4065 -0.75 $4069 0.25 $3917 $4208 forward @7 unknown #
coedge $-1 -1 $-1 $4197 $3918 $3923 $4072 forward $264 $-1 #
coedge $-1 -1 $-1 $3918 $4209 $4206 $4210 forward $264 $-1 #
color-adesk-attrib $-1 -1 $-1 $-1 $3919 256 #
vertex $-1 -1 $-1 $3919 $4211 #
coedge $-1 -1 $-1 $4212 $3920 $4169 $4213 reversed $102 $-1 #
coedge $-1 -1 $-1 $3920 $4194 $3922 $4071 reversed $102 $-1 #
color-adesk-attrib $-1 -1 $-1 $-1 $3921 256 #
vertex $-1 -1 $-1 $4213 $4214 #
coedge $-1 -1 $-1 $3923 $3922 $4200 $4215 forward $3924 $-1 #
edge $4216 -1 $-1 $3926 0 $4217 0.4668842309493203557 $3922 $4218 forward @7 unknown #
edge $4219 -1 $-1 $3927 0 $4220 0.4668842309493203557 $3923 $4221 forward @7 unknown #
face $4222 -1 $-1 $3939 $3924 $8 $-1 $4223 forward single #
point $-1 -1 $-1 0.3000000000000014877 4.175000000000000711 -0.5 #
point $-1 -1 $-1 0.3000000000000014877 4.175000000000000711 0.5 #
color-adesk-attrib $-1 -1 $-1 $-1 $3929 256 #
straight-curve $-1 -1 $-1 0.3000000000000002665 6.021153846153847411 -0.25 0 0 1 I I #
point $-1 -1 $-1 0.3000000000000015987 6.021153846153847411 -0.5 #
point $-1 -1 $-1 0.3000000000000015987 6.021153846153847411 0.5 #
color-adesk-attrib $-1 -1 $-1 $-1 $3937 256 #
straight-curve $-1 -1 $-1 0.7030086927023238008 5.641491267743937499 0.5 -0.7327430776405858825 0.6805053873187210112 0 I I #
color-adesk-attrib $-1 -1 $-1 $-1 $3938 256 #
straight-curve $-1 -1 $-1 0.7030086927023238008 5.641491267743937499 -0.5 -0.7327430776405858825 0.6805053873187210112 0 F 0 F 0.5500000000000000444 #
color-adesk-attrib $-1 -1 $-1 $-1 $3939 256 #
plane-surface $-1 -1 $-1 0.7030086927023238008 5.641491267743937499 -0.5 0.6805053873187210112 0.7327430776405858825 0 -0.7327430776405858825 0.6805053873187210112 0 forward_v I I I I #
coedge $-1 -1 $-1 $4171 $4170 $3945 $4087 reversed $3903 $-1 #
edge $4224 -1 $-1 $4199 0 $4089 0.4668842309493203557 $4086 $4225 forward @7 unknown #
color-adesk-attrib $-1 -1 $-1 $-1 $3946 256 #
vertex $-1 -1 $-1 $4172 $4226 #
straight-curve $-1 -1 $-1 0.7030086927023238008 5.026106652359320748 0.5 -0.7327430776405858825 0.6805053873187210112 0 I I #
edge $4227 -1 $-1 $4196 0 $4093 0.4668842309493203557 $4036 $4228 forward @7 unknown #
color-adesk-attrib $-1 -1 $-1 $-1 $3949 256 #
vertex $-1 -1 $-1 $4091 $4229 #
straight-curve $-1 -1 $-1 0.7030086927023238008 5.026106652359320748 -0.5 -0.7327430776405858825 0.6805053873187210112 0 F 0 F 0.5500000000000000444 #
color-adesk-attrib $-1 -1 $-1 $-1 $3951 256 #
straight-curve $-1 -1 $-1 0.7030086927023238008 5.641491267743937499 -0.5 0 0 1 I I #
point $-1 -1 $-1 0.7030086927023238008 5.641491267743937499 -0.5 #
point $-1 -1 $-1 0.7030086927023238008 5.641491267743937499 0.5 #
color-adesk-attrib $-1 -1 $-1 $-1 $3967 256 #
face $4230 -1 $-1 $4203 $4188 $8 $-1 $4231 forward single #
loop $-1 -1 $-1 $-1 $4232 $3967 #
plane-surface $-1 -1 $-1 0.7030086927023235788 3.179952806205474047 -0.5 0.6805053873187210112 0.7327430776405858825 0 -0.7327430776405858825 0.6805053873187210112 0 forward_v I I I I #
coedge $-1 -1 $-1 $4233 $4234 $4235 $4236 forward $3968 $-1 #
coedge $-1 -1 $-1 $4237 $3970 $4238 $4239 reversed $3837 $-1 #
coedge $-1 -1 $-1 $3970 $4237 $4233 $4240 reversed $3837 $-1 #
coedge $-1 -1 $-1 $4235 $4241 $3970 $4107 reversed $102 $-1 #
edge $4242 -1 $-1 $4243 0 $4244 0.5500000000000000444 $3970 $4245 forward @7 unknown #
coedge $-1 -1 $-1 $3972 $3971 $4246 $4247 reversed $3704 $-1 #
coedge $-1 -1 $-1 $4248 $4249 $3972 $4110 forward $4250 $-1 #
edge $4251 -1 $-1 $4113 -0.25 $4252 0.75 $4109 $4253 forward @7 unknown #
coedge $-1 -1 $-1 $4002 $3973 $4249 $4254 forward $102 $-1 #
color-adesk-attrib $-1 -1 $-1 $-1 $3974 256 #
vertex $-1 -1 $-1 $4254 $4255 #
straight-curve $-1 -1 $-1 0.3000000000000012657 0.4826923076923108624 -0.5 0.863187629796107414 0.5048832694464910897 0 F 0 F 0.4668842309493203557 #
coedge $-1 -1 $-1 $4256 $4246 $3975 $4116 forward $264 $-1 #
edge $4257 -1 $-1 $4124 0 $4121 0.5500000000000000444 $3975 $4258 forward @7 unknown #
coedge $-1 -1 $-1 $4259 $3976 $3979 $4127 reversed $4119 $-1 #
coedge $-1 -1 $-1 $3976 $4259 $4256 $4260 reversed $4119 $-1 #
loop $-1 -1 $-1 $-1 $3976 $4261 #
color-adesk-attrib $-1 -1 $-1 $-1 $3977 256 #
vertex $-1 -1 $-1 $4260 $4262 #
straight-curve $-1 -1 $-1 0.3000000000000000444 1.09269230769231207 -0.25 0 0 -1 I I #
color-adesk-attrib $-1 -1 $-1 $-1 $3978 256 #
vertex $-1 -1 $-1 $3978 $4263 #
straight-curve $-1 -1 $-1 0.7030086927023235788 0.7184143446670141486 -0.5 0 0 1 I I #
coedge $-1 -1 $-1 $3979 $4264 $4265 $4266 reversed $102 $-1 #
edge $4267 -1 $-1 $4268 -1.098076923076924061 $3982 -1.092692307692310294 $4117 $277 forward @7 unknown #
point $-1 -1 $-1 0.7030086927023235788 0.7184143446670141486 -0.5 #
point $-1 -1 $-1 0.3000000000000012657 1.092692307692310294 -0.5 #
coedge $-1 -1 $-1 $3984 $4010 $3986 $4134 forward $264 $-1 #
color-adesk-attrib $-1 -1 $-1 $-1 $3985 256 #
straight-curve $-1 -1 $-1 0.3000000000000011546 -0.7480769230769226397 0.5 0.863187629796107414 0.5048832694464910897 0 I I #
coedge $-1 -1 $-1 $3987 $3986 $4016 $4158 forward $3988 $-1 #
edge $4269 -1 $-1 $4270 -0.7534615384615364064 $3990 -0.7480769230769226397 $3986 $353 forward @7 unknown #
face $4271 -1 $-1 $3999 $3988 $8 $-1 $355 reversed single #
point $-1 -1 $-1 0.3000000000000011546 -0.7480769230769226397 0.5 #
color-adesk-attrib $-1 -1 $-1 $-1 $3992 256 #
coedge $-1 -1 $-1 $4272 $3994 $4273 $4274 forward $264 $-1 #
coedge $-1 -1 $-1 $4003 $4273 $3997 $4140 reversed $4147 $-1 #
edge $4275 -1 $-1 $4006 -0.25 $4142 0.75 $3997 $4276 forward @7 unknown #
color-adesk-attrib $-1 -1 $-1 $-1 $3998 256 #
vertex $-1 -1 $-1 $4274 $4277 #
color-adesk-attrib $-1 -1 $-1 $-1 $3999 256 #
coedge $-1 -1 $-1 $4278 $4279 $4002 $4145 forward $4280 $-1 #
edge $4281 -1 $-1 $4149 0 $4282 0.5500000000000000444 $4144 $4283 forward @7 unknown #
coedge $-1 -1 $-1 $4273 $4003 $4279 $4284 forward $4147 $-1 #
loop $-1 -1 $-1 $-1 $4003 $4285 #
color-adesk-attrib $-1 -1 $-1 $-1 $4004 256 #
vertex $-1 -1 $-1 $4004 $4286 #
straight-curve $-1 -1 $-1 0.3000000000000011546 -0.1326923076923058886 -0.5 0.863187629796107414 0.5048832694464910897 0 F 0 F 0.4668842309493203557 #
point $-1 -1 $-1 0.3000000000000011546 -0.1326923076923058886 -0.5 #
point $-1 -1 $-1 0.3000000000000010436 -1.984230769230766356 0.5 #
coedge $-1 -1 $-1 $4017 $4016 $4010 $4154 reversed $4018 $-1 #
edge $4287 -1 $-1 $4156 0 $4270 0.5500000000000000444 $4153 $4288 forward @7 unknown #
color-adesk-attrib $-1 -1 $-1 $-1 $4012 256 #
vertex $-1 -1 $-1 $4022 $4289 #
straight-curve $-1 -1 $-1 0.3000000000000011546 -1.363461538461535838 0.5 0.863187629796107414 0.5048832694464910897 0 I I #
edge $4290 -1 $-1 $4270 -0.75 $4020 0.25 $4133 $4291 forward @7 unknown #
face $4292 -1 $-1 $4023 $4018 $8 $-1 $4293 forward single #
point $-1 -1 $-1 0.3000000000000011546 -0.7534615384615364064 -0.5 #
color-adesk-attrib $-1 -1 $-1 $-1 $4022 256 #
straight-curve $-1 -1 $-1 0.7030086927023233567 -1.127739501486832552 -0.5 0 0 1 I I #
color-adesk-attrib $-1 -1 $-1 $-1 $4023 256 #
plane-surface $-1 -1 $-1 0.3000000000000011546 -1.363461538461535838 -0.5 0.5048832694464912008 -0.8631876297961075251 0 0.8631876297961075251 0.5048832694464912008 0 forward_v I I I I #
color-adesk-attrib $-1 -1 $-1 $-1 $4033 256 #
face $4294 -1 $-1 $4295 $4296 $8 $-1 $4297 forward single #
loop $-1 -1 $-1 $-1 $4298 $4033 #
plane-surface $-1 -1 $-1 0.3000000000000014322 3.559615384615387512 -0.5 0.5048832694464912008 -0.8631876297961075251 0 0.8631876297961075251 0.5048832694464912008 0 forward_v I I I I #
coedge $-1 -1 $-1 $4060 $4299 $4066 $4213 forward $4034 $-1 #
coedge $-1 -1 $-1 $4086 $4036 $4037 $4172 forward $3903 $-1 #
coedge $-1 -1 $-1 $4036 $4086 $4048 $4193 reversed $3903 $-1 #
edge $4300 -1 $-1 $4093 0 $4089 1 $4170 $4301 forward @7 unknown #
color-adesk-attrib $-1 -1 $-1 $-1 $4041 256 #
face $4302 -1 $-1 $4261 $4250 $8 $-1 $355 reversed single #
loop $-1 -1 $-1 $-1 $4238 $4041 #
coedge $-1 -1 $-1 $4303 $4304 $4234 $4305 forward $4042 $-1 #
coedge $-1 -1 $-1 $4306 $4043 $4307 $4308 reversed $3911 $-1 #
coedge $-1 -1 $-1 $4043 $4306 $4309 $4310 reversed $3911 $-1 #
coedge $-1 -1 $-1 $4311 $4232 $4043 $4180 reversed $4101 $-1 #
edge $4312 -1 $-1 $4313 -0.75 $4314 0.25 $4043 $4315 forward @7 unknown #
coedge $-1 -1 $-1 $4045 $4044 $4316 $4317 forward $3778 $-1 #
coedge $-1 -1 $-1 $4318 $4319 $4044 $4183 forward $264 $-1 #
edge $4320 -1 $-1 $4321 2.938846153846153442 $4191 2.944230769230770761 $4044 $353 forward @7 unknown #
coedge $-1 -1 $-1 $4322 $4323 $4045 $4185 forward $102 $-1 #
edge $4324 -1 $-1 $4190 -2.944230769230770761 $4325 -2.938846153846153442 $4045 $277 forward @7 unknown #
coedge $-1 -1 $-1 $4326 $4046 $4323 $4327 forward $4188 $-1 #
coedge $-1 -1 $-1 $4046 $4326 $4318 $4328 reversed $4188 $-1 #
loop $-1 -1 $-1 $-1 $4186 $4100 #
color-adesk-attrib $-1 -1 $-1 $-1 $4047 256 #
vertex $-1 -1 $-1 $4185 $4329 #
vertex $-1 -1 $-1 $4328 $4330 #
straight-curve $-1 -1 $-1 0.2999999999999998224 2.944230769230769873 -0.25 0 0 1 I I #
edge $4331 -1 $-1 $4196 -0.25 $4199 0.75 $4048 $4332 forward @7 unknown #
coedge $-1 -1 $-1 $4067 $4049 $4054 $4202 reversed $102 $-1 #
color-adesk-attrib $-1 -1 $-1 $-1 $4050 256 #
vertex $-1 -1 $-1 $4050 $4333 #
coedge $-1 -1 $-1 $4051 $4062 $4053 $4201 forward $264 $-1 #
color-adesk-attrib $-1 -1 $-1 $-1 $4052 256 #
vertex $-1 -1 $-1 $4087 $4334 #
coedge $-1 -1 $-1 $4054 $4053 $4070 $4215 reversed $4055 $-1 #
edge $4335 -1 $-1 $4220 0 $4057 0.5500000000000000444 $4053 $4336 forward @7 unknown #
edge $4337 -1 $-1 $4217 0 $4058 0.5500000000000000444 $4054 $4338 forward @7 unknown #
face $4339 -1 $-1 $4073 $4055 $8 $-1 $4340 forward single #
point $-1 -1 $-1 0.3000000000000014877 4.785000000000000142 0.5 #
point $-1 -1 $-1 0.3000000000000014877 4.785000000000000142 -0.5 #
coedge $-1 -1 $-1 $4299 $4060 $4063 $4210 reversed $4034 $-1 #
color-adesk-attrib $-1 -1 $-1 $-1 $4061 256 #
straight-curve $-1 -1 $-1 0.3000000000000000444 4.16961538461538872 -0.25 0 0 -1 I I #
coedge $-1 -1 $-1 $4063 $4309 $4341 $4342 forward $264 $-1 #
edge $4343 -1 $-1 $4344 0 $4065 0.5500000000000000444 $4206 $4345 forward @7 unknown #
point $-1 -1 $-1 0.3000000000000014322 4.169615384615386944 0.5 #
coedge $-1 -1 $-1 $4307 $4066 $4298 $4346 reversed $102 $-1 #
edge $4347 -1 $-1 $4348 0 $4069 0.5500000000000000444 $4169 $4349 forward @7 unknown #
point $-1 -1 $-1 0.3000000000000014322 4.169615384615386944 -0.5 #
edge $4350 -1 $-1 $4217 0 $4220 1 $4070 $4351 forward @7 unknown #
color-adesk-attrib $-1 -1 $-1 $-1 $4071 256 #
vertex $-1 -1 $-1 $4071 $4352 #
straight-curve $-1 -1 $-1 0.3000000000000014877 4.175000000000000711 -0.5 0.863187629796107414 0.5048832694464910897 0 F 0 F 0.4668842309493203557 #
color-adesk-attrib $-1 -1 $-1 $-1 $4072 256 #
vertex $-1 -1 $-1 $4215 $4353 #
straight-curve $-1 -1 $-1 0.3000000000000014877 4.175000000000000711 0.5 0.863187629796107414 0.5048832694464910897 0 I I #
color-adesk-attrib $-1 -1 $-1 $-1 $4073 256 #
plane-surface $-1 -1 $-1 0.3000000000000014877 4.175000000000000711 -0.5 0.5048832694464912008 -0.8631876297961075251 0 0.8631876297961075251 0.5048832694464912008 0 forward_v I I I I #
color-adesk-attrib $-1 -1 $-1 $-1 $4087 256 #
straight-curve $-1 -1 $-1 0.3000000000000014877 4.790384615384617462 0.5 0.863187629796107414 0.5048832694464910897 0 I I #
point $-1 -1 $-1 0.7030086927023238008 5.026106652359320748 0.5 #
color-adesk-attrib $-1 -1 $-1 $-1 $4091 256 #
straight-curve $-1 -1 $-1 0.3000000000000014877 4.790384615384617462 -0.5 0.863187629796107414 0.5048832694464910897 0 F 0 F 0.4668842309493203557 #
point $-1 -1 $-1 0.7030086927023238008 5.026106652359320748 -0.5 #
color-adesk-attrib $-1 -1 $-1 $-1 $4100 256 #
plane-surface $-1 -1 $-1 0.3000000000000013767 2.944230769230770761 -0.5 0.5048832694464912008 -0.8631876297961075251 0 0.8631876297961075251 0.5048832694464912008 0 forward_v I I I I #
coedge $-1 -1 $-1 $4179 $4354 $4355 $4356 forward $4101 $-1 #
coedge $-1 -1 $-1 $4357 $4103 $4105 $4240 forward $3968 $-1 #
coedge $-1 -1 $-1 $4103 $4357 $4176 $4305 reversed $3968 $-1 #
coedge $-1 -1 $-1 $4358 $4106 $4103 $4236 reversed $102 $-1 #
edge $4359 -1 $-1 $4360 0 $4243 0.4668842309493203557 $4103 $4361 forward @7 unknown #
coedge $-1 -1 $-1 $4105 $4104 $4362 $4363 reversed $3837 $-1 #
coedge $-1 -1 $-1 $4364 $4365 $4104 $4239 forward $4175 $-1 #
edge $4366 -1 $-1 $4367 -0.75 $4244 0.25 $4238 $4368 forward @7 unknown #
edge $4369 -1 $-1 $4243 0 $4370 1 $4233 $4371 forward @7 unknown #
coedge $-1 -1 $-1 $4106 $4372 $4364 $4373 forward $102 $-1 #
color-adesk-attrib $-1 -1 $-1 $-1 $4107 256 #
vertex $-1 -1 $-1 $4236 $4374 #
vertex $-1 -1 $-1 $4107 $4375 #
straight-curve $-1 -1 $-1 0.7030086927023235788 1.949183575436244098 -0.5 -0.7327430776405858825 0.6805053873187210112 0 F 0 F 0.5500000000000000444 #
coedge $-1 -1 $-1 $4115 $4376 $4108 $4247 forward $264 $-1 #
edge $4377 -1 $-1 $4252 0 $4124 0.4668842309493203557 $4108 $4378 forward @7 unknown #
coedge $-1 -1 $-1 $4379 $4109 $4376 $4380 reversed $4250 $-1 #
coedge $-1 -1 $-1 $4109 $4379 $4111 $4254 reversed $4250 $-1 #
loop $-1 -1 $-1 $-1 $4109 $4174 #
color-adesk-attrib $-1 -1 $-1 $-1 $4110 256 #
vertex $-1 -1 $-1 $4247 $4381 #
straight-curve $-1 -1 $-1 0.2999999999999999889 0.4826923076923101963 -0.25 0 0 1 I I #
edge $4382 -1 $-1 $4113 -0.4826923076923108624 $4282 -0.4773076923076935429 $4249 $277 forward @7 unknown #
point $-1 -1 $-1 0.3000000000000012657 0.4826923076923108624 -0.5 #
coedge $-1 -1 $-1 $4383 $4115 $4118 $4260 forward $264 $-1 #
color-adesk-attrib $-1 -1 $-1 $-1 $4116 256 #
straight-curve $-1 -1 $-1 0.7030086927023235788 0.7184143446670141486 0.5 -0.7327430776405858825 0.6805053873187210112 0 I I #
coedge $-1 -1 $-1 $4118 $4117 $4384 $4385 forward $4119 $-1 #
edge $4386 -1 $-1 $4121 1.092692307692310294 $4387 1.098076923076924061 $4118 $353 forward @7 unknown #
face $4388 -1 $-1 $4135 $4119 $8 $-1 $355 reversed single #
point $-1 -1 $-1 0.3000000000000012657 1.092692307692310294 0.5 #
point $-1 -1 $-1 0.7030086927023235788 0.7184143446670141486 0.5 #
coedge $-1 -1 $-1 $4126 $4358 $4389 $4390 reversed $102 $-1 #
coedge $-1 -1 $-1 $4391 $4384 $4126 $4266 forward $4392 $-1 #
edge $4393 -1 $-1 $4268 0 $4394 0.4668842309493203557 $4265 $4395 forward @7 unknown #
color-adesk-attrib $-1 -1 $-1 $-1 $4127 256 #
vertex $-1 -1 $-1 $4127 $4396 #
color-adesk-attrib $-1 -1 $-1 $-1 $4134 256 #
vertex $-1 -1 $-1 $4134 $4397 #
color-adesk-attrib $-1 -1 $-1 $-1 $4135 256 #
coedge $-1 -1 $-1 $4376 $4138 $4398 $4399 forward $264 $-1 #
coedge $-1 -1 $-1 $4139 $4146 $4138 $4274 reversed $4147 $-1 #
edge $4400 -1 $-1 $4142 0 $4401 0.4668842309493203557 $4273 $4402 forward @7 unknown #
color-adesk-attrib $-1 -1 $-1 $-1 $4140 256 #
straight-curve $-1 -1 $-1 0.2999999999999999889 -0.1326923076923066103 -0.25 0 0 1 I I #
point $-1 -1 $-1 0.3000000000000011546 -0.1326923076923058886 0.5 #
coedge $-1 -1 $-1 $4398 $4144 $4379 $4403 reversed $4280 $-1 #
coedge $-1 -1 $-1 $4144 $4398 $4146 $4284 reversed $4280 $-1 #
loop $-1 -1 $-1 $-1 $4144 $4404 #
color-adesk-attrib $-1 -1 $-1 $-1 $4145 256 #
vertex $-1 -1 $-1 $4145 $4405 #
straight-curve $-1 -1 $-1 0.7030086927023233567 0.1030297292823973976 -0.5 -0.7327430776405858825 0.6805053873187210112 0 F 0 F 0.5500000000000000444 #
edge $4406 -1 $-1 $4149 0 $4401 1 $4146 $4407 forward @7 unknown #
face $4408 -1 $-1 $4159 $4147 $8 $-1 $4409 forward single #
point $-1 -1 $-1 0.7030086927023233567 0.1030297292823973976 -0.5 #
color-adesk-attrib $-1 -1 $-1 $-1 $4154 256 #
straight-curve $-1 -1 $-1 0.7030086927023233567 -1.127739501486832552 0.5 -0.7327430776405858825 0.6805053873187210112 0 I I #
point $-1 -1 $-1 0.7030086927023233567 -1.127739501486832552 0.5 #
color-adesk-attrib $-1 -1 $-1 $-1 $4158 256 #
straight-curve $-1 -1 $-1 0.2999999999999999889 -0.7534615384615350742 -0.25 0 0 -1 I I #
color-adesk-attrib $-1 -1 $-1 $-1 $4159 256 #
plane-surface $-1 -1 $-1 0.7030086927023233567 -1.127739501486832552 -0.5 0.6805053873187210112 0.7327430776405858825 0 -0.7327430776405858825 0.6805053873187210112 0 forward_v I I I I #
color-adesk-attrib $-1 -1 $-1 $-1 $4166 256 #
face $4410 -1 $-1 $4411 $4412 $8 $-1 $4413 forward single #
loop $-1 -1 $-1 $-1 $4414 $4166 #
plane-surface $-1 -1 $-1 0.7030086927023235788 2.564568190820857296 -0.5 0.6805053873187210112 0.7327430776405858825 0 -0.7327430776405858825 0.6805053873187210112 0 forward_v I I I I #
coedge $-1 -1 $-1 $4415 $4416 $4212 $4346 forward $4167 $-1 #
coedge $-1 -1 $-1 $4169 $4206 $4415 $4417 reversed $4034 $-1 #
color-adesk-attrib $-1 -1 $-1 $-1 $4172 256 #
straight-curve $-1 -1 $-1 0.7030086927023238008 5.026106652359320748 -0.5 0 0 1 I I #
color-adesk-attrib $-1 -1 $-1 $-1 $4174 256 #
coedge $-1 -1 $-1 $4418 $4176 $4419 $4420 reversed $4042 $-1 #
coedge $-1 -1 $-1 $4176 $4418 $4358 $4421 reversed $4042 $-1 #
edge $4422 -1 $-1 $4360 -0.25 $4423 0.75 $4176 $4424 forward @7 unknown #
coedge $-1 -1 $-1 $4178 $4177 $4416 $4425 forward $3911 $-1 #
coedge $-1 -1 $-1 $4355 $4212 $4177 $4308 forward $102 $-1 #
edge $4426 -1 $-1 $4427 -3.559615384615387512 $4314 -3.554230769230770193 $4177 $277 forward @7 unknown #
coedge $-1 -1 $-1 $4209 $4428 $4178 $4310 forward $264 $-1 #
edge $4429 -1 $-1 $4313 3.554230769230770193 $4430 3.559615384615387512 $4178 $353 forward @7 unknown #
coedge $-1 -1 $-1 $4354 $4179 $4428 $4431 reversed $4101 $-1 #
color-adesk-attrib $-1 -1 $-1 $-1 $4180 256 #
vertex $-1 -1 $-1 $4310 $4432 #
vertex $-1 -1 $-1 $4356 $4433 #
straight-curve $-1 -1 $-1 0.3000000000000002665 3.554230769230771969 -0.25 0 0 -1 I I #
coedge $-1 -1 $-1 $4434 $4414 $4181 $4317 reversed $4296 $-1 #
edge $4435 -1 $-1 $4321 -0.75 $4325 0.25 $4181 $4436 forward @7 unknown #
coedge $-1 -1 $-1 $4428 $4182 $4187 $4328 forward $264 $-1 #
coedge $-1 -1 $-1 $4182 $4437 $4434 $4438 forward $264 $-1 #
color-adesk-attrib $-1 -1 $-1 $-1 $4183 256 #
vertex $-1 -1 $-1 $4183 $4439 #
coedge $-1 -1 $-1 $4372 $4184 $4414 $4440 reversed $102 $-1 #
coedge $-1 -1 $-1 $4184 $4355 $4186 $4327 reversed $102 $-1 #
color-adesk-attrib $-1 -1 $-1 $-1 $4185 256 #
vertex $-1 -1 $-1 $4440 $4441 #
coedge $-1 -1 $-1 $4187 $4186 $4354 $4442 forward $4188 $-1 #
edge $4443 -1 $-1 $4190 0 $4444 0.4668842309493203557 $4186 $4445 forward @7 unknown #
edge $4446 -1 $-1 $4191 0 $4447 0.4668842309493203557 $4187 $4448 forward @7 unknown #
point $-1 -1 $-1 0.3000000000000013767 2.944230769230770761 -0.5 #
point $-1 -1 $-1 0.3000000000000013767 2.944230769230770761 0.5 #
color-adesk-attrib $-1 -1 $-1 $-1 $4193 256 #
straight-curve $-1 -1 $-1 0.3000000000000000444 4.790384615384617462 -0.25 0 0 1 I I #
point $-1 -1 $-1 0.3000000000000014877 4.790384615384617462 -0.5 #
point $-1 -1 $-1 0.3000000000000014877 4.790384615384617462 0.5 #
color-adesk-attrib $-1 -1 $-1 $-1 $4201 256 #
straight-curve $-1 -1 $-1 0.7030086927023238008 4.410722036974703997 0.5 -0.7327430776405858825 0.6805053873187210112 0 I I #
color-adesk-attrib $-1 -1 $-1 $-1 $4202 256 #
straight-curve $-1 -1 $-1 0.7030086927023238008 4.410722036974703997 -0.5 -0.7327430776405858825 0.6805053873187210112 0 F 0 F 0.5500000000000000444 #
color-adesk-attrib $-1 -1 $-1 $-1 $4203 256 #
plane-surface $-1 -1 $-1 0.7030086927023238008 4.410722036974703997 -0.5 0.6805053873187210112 0.7327430776405858825 0 -0.7327430776405858825 0.6805053873187210112 0 forward_v I I I I #
coedge $-1 -1 $-1 $4416 $4415 $4209 $4342 reversed $4167 $-1 #
edge $4449 -1 $-1 $4430 0 $4344 0.4668842309493203557 $4341 $4450 forward @7 unknown #
color-adesk-attrib $-1 -1 $-1 $-1 $4210 256 #
vertex $-1 -1 $-1 $4417 $4451 #
straight-curve $-1 -1 $-1 0.7030086927023236898 3.795337421590090798 0.5 -0.7327430776405858825 0.6805053873187210112 0 I I #
edge $4452 -1 $-1 $4427 0 $4348 0.4668842309493203557 $4298 $4453 forward @7 unknown #
color-adesk-attrib $-1 -1 $-1 $-1 $4213 256 #
vertex $-1 -1 $-1 $4346 $4454 #
straight-curve $-1 -1 $-1 0.7030086927023236898 3.795337421590090798 -0.5 -0.7327430776405858825 0.6805053873187210112 0 F 0 F 0.5500000000000000444 #
color-adesk-attrib $-1 -1 $-1 $-1 $4215 256 #
straight-curve $-1 -1 $-1 0.7030086927023238008 4.410722036974703997 -0.5 0 0 1 I I #
point $-1 -1 $-1 0.7030086927023238008 4.410722036974703997 -0.5 #
point $-1 -1 $-1 0.7030086927023238008 4.410722036974703997 0.5 #
coedge $-1 -1 $-1 $4232 $4311 $4326 $4442 reversed $4101 $-1 #
coedge $-1 -1 $-1 $4323 $4307 $4232 $4356 reversed $102 $-1 #
edge $4455 -1 $-1 $4444 0 $4314 0.5500000000000000444 $4232 $4456 forward @7 unknown #
coedge $-1 -1 $-1 $4234 $4233 $4457 $4458 reversed $3968 $-1 #
coedge $-1 -1 $-1 $4264 $4235 $4304 $4421 forward $102 $-1 #
color-adesk-attrib $-1 -1 $-1 $-1 $4236 256 #
vertex $-1 -1 $-1 $4421 $4459 #
straight-curve $-1 -1 $-1 0.3000000000000013212 1.713461538461540812 -0.5 0.863187629796107414 0.5048832694464910897 0 F 0 F 0.4668842309493203557 #
coedge $-1 -1 $-1 $4460 $4457 $4237 $4363 forward $264 $-1 #
edge $4461 -1 $-1 $4370 0 $4367 0.5500000000000000444 $4237 $4462 forward @7 unknown #
coedge $-1 -1 $-1 $4463 $4238 $4241 $4373 reversed $4175 $-1 #
coedge $-1 -1 $-1 $4238 $4463 $4460 $4464 reversed $4175 $-1 #
color-adesk-attrib $-1 -1 $-1 $-1 $4239 256 #
vertex $-1 -1 $-1 $4464 $4465 #
straight-curve $-1 -1 $-1 0.3000000000000000444 2.323461538461542464 -0.25 0 0 -1 I I #
color-adesk-attrib $-1 -1 $-1 $-1 $4240 256 #
vertex $-1 -1 $-1 $4240 $4466 #
straight-curve $-1 -1 $-1 0.7030086927023235788 1.949183575436244098 -0.5 0 0 1 I I #
coedge $-1 -1 $-1 $4241 $4322 $4467 $4468 reversed $102 $-1 #
edge $4469 -1 $-1 $4470 -2.32884615384615401 $4244 -2.323461538461540243 $4364 $277 forward @7 unknown #
point $-1 -1 $-1 0.7030086927023235788 1.949183575436244098 -0.5 #
point $-1 -1 $-1 0.3000000000000013212 2.323461538461540243 -0.5 #
coedge $-1 -1 $-1 $4246 $4272 $4248 $4380 forward $264 $-1 #
color-adesk-attrib $-1 -1 $-1 $-1 $4247 256 #
straight-curve $-1 -1 $-1 0.3000000000000012657 0.4826923076923108624 0.5 0.863187629796107414 0.5048832694464910897 0 I I #
coedge $-1 -1 $-1 $4249 $4248 $4278 $4403 forward $4250 $-1 #
edge $4471 -1 $-1 $4472 0.4773076923076935429 $4252 0.4826923076923108624 $4248 $353 forward @7 unknown #
point $-1 -1 $-1 0.3000000000000012657 0.4826923076923108624 0.5 #
color-adesk-attrib $-1 -1 $-1 $-1 $4254 256 #
coedge $-1 -1 $-1 $4473 $4256 $4474 $4475 forward $264 $-1 #
coedge $-1 -1 $-1 $4265 $4474 $4259 $4385 reversed $4392 $-1 #
edge $4476 -1 $-1 $4268 -0.25 $4387 0.75 $4259 $4477 forward @7 unknown #
color-adesk-attrib $-1 -1 $-1 $-1 $4260 256 #
vertex $-1 -1 $-1 $4475 $4478 #
color-adesk-attrib $-1 -1 $-1 $-1 $4261 256 #
coedge $-1 -1 $-1 $4479 $4480 $4264 $4390 forward $4481 $-1 #
edge $4482 -1 $-1 $4394 0 $4483 0.5500000000000000444 $4389 $4484 forward @7 unknown #
coedge $-1 -1 $-1 $4474 $4265 $4480 $4485 forward $4392 $-1 #
loop $-1 -1 $-1 $-1 $4265 $4486 #
color-adesk-attrib $-1 -1 $-1 $-1 $4266 256 #
vertex $-1 -1 $-1 $4266 $4487 #
straight-curve $-1 -1 $-1 0.3000000000000012657 1.098076923076924061 -0.5 0.863187629796107414 0.5048832694464910897 0 F 0 F 0.4668842309493203557 #
point $-1 -1 $-1 0.3000000000000012657 1.098076923076924061 -0.5 #
point $-1 -1 $-1 0.3000000000000011546 -0.7534615384615364064 0.5 #
coedge $-1 -1 $-1 $4279 $4278 $4272 $4399 reversed $4280 $-1 #
edge $4488 -1 $-1 $4401 0 $4472 0.5500000000000000444 $4398 $4489 forward @7 unknown #
color-adesk-attrib $-1 -1 $-1 $-1 $4274 256 #
vertex $-1 -1 $-1 $4284 $4490 #
straight-curve $-1 -1 $-1 0.3000000000000011546 -0.1326923076923058886 0.5 0.863187629796107414 0.5048832694464910897 0 I I #
edge $4491 -1 $-1 $4472 -0.75 $4282 0.25 $4379 $4492 forward @7 unknown #
face $4493 -1 $-1 $4285 $4280 $8 $-1 $4494 forward single #
point $-1 -1 $-1 0.3000000000000011546 0.4773076923076935429 -0.5 #
color-adesk-attrib $-1 -1 $-1 $-1 $4284 256 #
straight-curve $-1 -1 $-1 0.7030086927023233567 0.1030297292823973976 -0.5 0 0 1 I I #
color-adesk-attrib $-1 -1 $-1 $-1 $4285 256 #
plane-surface $-1 -1 $-1 0.3000000000000011546 -0.1326923076923058886 -0.5 0.5048832694464912008 -0.8631876297961075251 0 0.8631876297961075251 0.5048832694464912008 0 forward_v I I I I #
color-adesk-attrib $-1 -1 $-1 $-1 $4295 256 #
face $4495 -1 $-1 $4486 $4481 $8 $-1 $4496 forward single #
loop $-1 -1 $-1 $-1 $4467 $4295 #
plane-surface $-1 -1 $-1 0.3000000000000013767 2.32884615384615401 -0.5 0.5048832694464912008 -0.8631876297961075251 0 0.8631876297961075251 0.5048832694464912008 0 forward_v I I I I #
coedge $-1 -1 $-1 $4316 $4497 $4322 $4440 forward $4296 $-1 #
coedge $-1 -1 $-1 $4341 $4298 $4299 $4417 forward $4167 $-1 #
coedge $-1 -1 $-1 $4298 $4341 $4306 $4425 reversed $4167 $-1 #
edge $4498 -1 $-1 $4348 0 $4344 1 $4415 $4499 forward @7 unknown #
coedge $-1 -1 $-1 $4304 $4303 $4479 $4500 forward $4042 $-1 #
coedge $-1 -1 $-1 $4457 $4473 $4303 $4420 forward $264 $-1 #
edge $4501 -1 $-1 $4502 1.708076923076923492 $4423 1.713461538461540812 $4303 $353 forward @7 unknown #
edge $4503 -1 $-1 $4360 -1.713461538461540812 $4483 -1.708076923076923492 $4304 $277 forward @7 unknown #
color-adesk-attrib $-1 -1 $-1 $-1 $4305 256 #
vertex $-1 -1 $-1 $4458 $4504 #
straight-curve $-1 -1 $-1 0.3000000000000000444 1.713461538461540146 -0.25 0 0 1 I I #
edge $4505 -1 $-1 $4427 -0.25 $4430 0.75 $4306 $4506 forward @7 unknown #
color-adesk-attrib $-1 -1 $-1 $-1 $4308 256 #
vertex $-1 -1 $-1 $4308 $4507 #
coedge $-1 -1 $-1 $4309 $4318 $4311 $4431 forward $264 $-1 #
color-adesk-attrib $-1 -1 $-1 $-1 $4310 256 #
vertex $-1 -1 $-1 $4342 $4508 #
edge $4509 -1 $-1 $4447 0 $4313 0.5500000000000000444 $4311 $4510 forward @7 unknown #
point $-1 -1 $-1 0.3000000000000013767 3.554230769230770193 0.5 #
point $-1 -1 $-1 0.3000000000000013767 3.554230769230770193 -0.5 #
coedge $-1 -1 $-1 $4497 $4316 $4319 $4438 reversed $4296 $-1 #
color-adesk-attrib $-1 -1 $-1 $-1 $4317 256 #
straight-curve $-1 -1 $-1 0.3000000000000000444 2.938846153846155218 -0.25 0 0 -1 I I #
coedge $-1 -1 $-1 $4319 $4460 $4511 $4512 forward $264 $-1 #
edge $4513 -1 $-1 $4514 0 $4321 0.5500000000000000444 $4434 $4515 forward @7 unknown #
point $-1 -1 $-1 0.3000000000000013767 2.938846153846153442 0.5 #
edge $4516 -1 $-1 $4517 0 $4325 0.5500000000000000444 $4414 $4518 forward @7 unknown #
point $-1 -1 $-1 0.3000000000000013767 2.938846153846153442 -0.5 #
edge $4519 -1 $-1 $4444 0 $4447 1 $4326 $4520 forward @7 unknown #
color-adesk-attrib $-1 -1 $-1 $-1 $4327 256 #
vertex $-1 -1 $-1 $4327 $4521 #
straight-curve $-1 -1 $-1 0.3000000000000013767 2.944230769230770761 -0.5 0.863187629796107414 0.5048832694464910897 0 F 0 F 0.4668842309493203557 #
color-adesk-attrib $-1 -1 $-1 $-1 $4328 256 #
vertex $-1 -1 $-1 $4442 $4522 #
straight-curve $-1 -1 $-1 0.3000000000000013767 2.944230769230770761 0.5 0.863187629796107414 0.5048832694464910897 0 I I #
color-adesk-attrib $-1 -1 $-1 $-1 $4342 256 #
straight-curve $-1 -1 $-1 0.3000000000000014322 3.559615384615387512 0.5 0.863187629796107414 0.5048832694464910897 0 I I #
point $-1 -1 $-1 0.7030086927023236898 3.795337421590090798 0.5 #
color-adesk-attrib $-1 -1 $-1 $-1 $4346 256 #
straight-curve $-1 -1 $-1 0.3000000000000014322 3.559615384615387512 -0.5 0.863187629796107414 0.5048832694464910897 0 F 0 F 0.4668842309493203557 #
point $-1 -1 $-1 0.7030086927023236898 3.795337421590090798 -0.5 #
color-adesk-attrib $-1 -1 $-1 $-1 $4356 256 #
straight-curve $-1 -1 $-1 0.7030086927023235788 3.179952806205474047 -0.5 -0.7327430776405858825 0.6805053873187210112 0 F 0 F 0.5500000000000000444 #
coedge $-1 -1 $-1 $4362 $4419 $4357 $4458 forward $264 $-1 #
edge $4523 -1 $-1 $4423 0 $4370 0.4668842309493203557 $4357 $4524 forward @7 unknown #
point $-1 -1 $-1 0.3000000000000013212 1.713461538461540812 -0.5 #
coedge $-1 -1 $-1 $4437 $4362 $4365 $4464 forward $264 $-1 #
color-adesk-attrib $-1 -1 $-1 $-1 $4363 256 #
straight-curve $-1 -1 $-1 0.7030086927023235788 1.949183575436244098 0.5 -0.7327430776405858825 0.6805053873187210112 0 I I #
coedge $-1 -1 $-1 $4365 $4364 $4525 $4526 forward $4175 $-1 #
edge $4527 -1 $-1 $4367 2.323461538461540243 $4528 2.32884615384615401 $4365 $353 forward @7 unknown #
point $-1 -1 $-1 0.3000000000000013212 2.323461538461540243 0.5 #
point $-1 -1 $-1 0.7030086927023235788 1.949183575436244098 0.5 #
coedge $-1 -1 $-1 $4529 $4525 $4372 $4468 forward $4412 $-1 #
edge $4530 -1 $-1 $4470 0 $4517 0.4668842309493203557 $4467 $4531 forward @7 unknown #
color-adesk-attrib $-1 -1 $-1 $-1 $4373 256 #
vertex $-1 -1 $-1 $4373 $4532 #
color-adesk-attrib $-1 -1 $-1 $-1 $4380 256 #
vertex $-1 -1 $-1 $4380 $4533 #
coedge $-1 -1 $-1 $4419 $4383 $4534 $4535 forward $264 $-1 #
coedge $-1 -1 $-1 $4384 $4391 $4383 $4475 reversed $4392 $-1 #
edge $4536 -1 $-1 $4387 0 $4537 0.4668842309493203557 $4474 $4538 forward @7 unknown #
color-adesk-attrib $-1 -1 $-1 $-1 $4385 256 #
straight-curve $-1 -1 $-1 0.2999999999999999889 1.098076923076923395 -0.25 0 0 1 I I #
point $-1 -1 $-1 0.3000000000000012657 1.098076923076924061 0.5 #
coedge $-1 -1 $-1 $4534 $4389 $4418 $4500 reversed $4481 $-1 #
coedge $-1 -1 $-1 $4389 $4534 $4391 $4485 reversed $4481 $-1 #
loop $-1 -1 $-1 $-1 $4389 $4411 #
color-adesk-attrib $-1 -1 $-1 $-1 $4390 256 #
vertex $-1 -1 $-1 $4390 $4539 #
straight-curve $-1 -1 $-1 0.7030086927023235788 1.333798960051627347 -0.5 -0.7327430776405858825 0.6805053873187210112 0 F 0 F 0.5500000000000000444 #
edge $4540 -1 $-1 $4394 0 $4537 1 $4391 $4541 forward @7 unknown #
face $4542 -1 $-1 $4404 $4392 $8 $-1 $4543 forward single #
point $-1 -1 $-1 0.7030086927023235788 1.333798960051627347 -0.5 #
color-adesk-attrib $-1 -1 $-1 $-1 $4399 256 #
straight-curve $-1 -1 $-1 0.7030086927023233567 0.1030297292823973976 0.5 -0.7327430776405858825 0.6805053873187210112 0 I I #
point $-1 -1 $-1 0.7030086927023233567 0.1030297292823973976 0.5 #
color-adesk-attrib $-1 -1 $-1 $-1 $4403 256 #
straight-curve $-1 -1 $-1 0.3000000000000000444 0.4773076923076950417 -0.25 0 0 -1 I I #
color-adesk-attrib $-1 -1 $-1 $-1 $4404 256 #
plane-surface $-1 -1 $-1 0.7030086927023233567 0.1030297292823973976 -0.5 0.6805053873187210112 0.7327430776405858825 0 -0.7327430776405858825 0.6805053873187210112 0 forward_v I I I I #
color-adesk-attrib $-1 -1 $-1 $-1 $4411 256 #
plane-surface $-1 -1 $-1 0.7030086927023235788 1.333798960051627347 -0.5 0.6805053873187210112 0.7327430776405858825 0 -0.7327430776405858825 0.6805053873187210112 0 forward_v I I I I #
coedge $-1 -1 $-1 $4414 $4434 $4529 $4544 reversed $4296 $-1 #
color-adesk-attrib $-1 -1 $-1 $-1 $4417 256 #
straight-curve $-1 -1 $-1 0.7030086927023236898 3.795337421590090798 -0.5 0 0 1 I I #
edge $4545 -1 $-1 $4502 -0.75 $4483 0.25 $4418 $4546 forward @7 unknown #
color-adesk-attrib $-1 -1 $-1 $-1 $4420 256 #
vertex $-1 -1 $-1 $4420 $4547 #
color-adesk-attrib $-1 -1 $-1 $-1 $4421 256 #
point $-1 -1 $-1 0.3000000000000013212 1.713461538461540812 0.5 #
color-adesk-attrib $-1 -1 $-1 $-1 $4425 256 #
straight-curve $-1 -1 $-1 0.3000000000000000444 3.559615384615387512 -0.25 0 0 1 I I #
point $-1 -1 $-1 0.3000000000000014322 3.559615384615387512 -0.5 #
point $-1 -1 $-1 0.3000000000000014322 3.559615384615387512 0.5 #
color-adesk-attrib $-1 -1 $-1 $-1 $4431 256 #
straight-curve $-1 -1 $-1 0.7030086927023235788 3.179952806205474047 0.5 -0.7327430776405858825 0.6805053873187210112 0 I I #
coedge $-1 -1 $-1 $4525 $4529 $4437 $4512 reversed $4412 $-1 #
edge $4548 -1 $-1 $4528 0 $4514 0.4668842309493203557 $4511 $4549 forward @7 unknown #
color-adesk-attrib $-1 -1 $-1 $-1 $4438 256 #
vertex $-1 -1 $-1 $4544 $4550 #
straight-curve $-1 -1 $-1 0.7030086927023235788 2.564568190820857296 0.5 -0.7327430776405858825 0.6805053873187210112 0 I I #
color-adesk-attrib $-1 -1 $-1 $-1 $4440 256 #
vertex $-1 -1 $-1 $4468 $4551 #
straight-curve $-1 -1 $-1 0.7030086927023235788 2.564568190820857296 -0.5 -0.7327430776405858825 0.6805053873187210112 0 F 0 F 0.5500000000000000444 #
color-adesk-attrib $-1 -1 $-1 $-1 $4442 256 #
straight-curve $-1 -1 $-1 0.7030086927023235788 3.179952806205474047 -0.5 0 0 1 I I #
point $-1 -1 $-1 0.7030086927023235788 3.179952806205474047 -0.5 #
point $-1 -1 $-1 0.7030086927023235788 3.179952806205474047 0.5 #
color-adesk-attrib $-1 -1 $-1 $-1 $4458 256 #
straight-curve $-1 -1 $-1 0.3000000000000013212 1.713461538461540812 0.5 0.863187629796107414 0.5048832694464910897 0 I I #
coedge $-1 -1 $-1 $4467 $4511 $4463 $4526 reversed $4412 $-1 #
edge $4552 -1 $-1 $4470 -0.25 $4528 0.75 $4463 $4553 forward @7 unknown #
color-adesk-attrib $-1 -1 $-1 $-1 $4464 256 #
vertex $-1 -1 $-1 $4512 $4554 #
coedge $-1 -1 $-1 $4511 $4467 $4497 $4544 forward $4412 $-1 #
color-adesk-attrib $-1 -1 $-1 $-1 $4468 256 #
straight-curve $-1 -1 $-1 0.3000000000000013767 2.32884615384615401 -0.5 0.863187629796107414 0.5048832694464910897 0 F 0 F 0.4668842309493203557 #
point $-1 -1 $-1 0.3000000000000013767 2.32884615384615401 -0.5 #
point $-1 -1 $-1 0.3000000000000011546 0.4773076923076935429 0.5 #
coedge $-1 -1 $-1 $4480 $4479 $4473 $4535 reversed $4481 $-1 #
edge $4555 -1 $-1 $4537 0 $4502 0.5500000000000000444 $4534 $4556 forward @7 unknown #
color-adesk-attrib $-1 -1 $-1 $-1 $4475 256 #
vertex $-1 -1 $-1 $4485 $4557 #
straight-curve $-1 -1 $-1 0.3000000000000012657 1.098076923076924061 0.5 0.863187629796107414 0.5048832694464910897 0 I I #
point $-1 -1 $-1 0.3000000000000012657 1.708076923076923492 -0.5 #
color-adesk-attrib $-1 -1 $-1 $-1 $4485 256 #
straight-curve $-1 -1 $-1 0.7030086927023235788 1.333798960051627347 -0.5 0 0 1 I I #
color-adesk-attrib $-1 -1 $-1 $-1 $4486 256 #
plane-surface $-1 -1 $-1 0.3000000000000012657 1.098076923076924061 -0.5 0.5048832694464912008 -0.8631876297961075251 0 0.8631876297961075251 0.5048832694464912008 0 forward_v I I I I #
edge $4558 -1 $-1 $4517 0 $4514 1 $4529 $4559 forward @7 unknown #
color-adesk-attrib $-1 -1 $-1 $-1 $4500 256 #
straight-curve $-1 -1 $-1 0.3000000000000001554 1.708076923076925269 -0.25 0 0 -1 I I #
point $-1 -1 $-1 0.3000000000000012657 1.708076923076923492 0.5 #
color-adesk-attrib $-1 -1 $-1 $-1 $4512 256 #
straight-curve $-1 -1 $-1 0.3000000000000013767 2.32884615384615401 0.5 0.863187629796107414 0.5048832694464910897 0 I I #
point $-1 -1 $-1 0.7030086927023235788 2.564568190820857296 0.5 #
point $-1 -1 $-1 0.7030086927023235788 2.564568190820857296 -0.5 #
color-adesk-attrib $-1 -1 $-1 $-1 $4526 256 #
straight-curve $-1 -1 $-1 0.2999999999999999334 2.328846153846153122 -0.25 0 0 1 I I #
point $-1 -1 $-1 0.3000000000000013767 2.32884615384615401 0.5 #
color-adesk-attrib $-1 -1 $-1 $-1 $4535 256 #
straight-curve $-1 -1 $-1 0.7030086927023235788 1.333798960051627347 0.5 -0.7327430776405858825 0.6805053873187210112 0 I I #
point $-1 -1 $-1 0.7030086927023235788 1.333798960051627347 0.5 #
color-adesk-attrib $-1 -1 $-1 $-1 $4544 256 #
straight-curve $-1 -1 $-1 0.7030086927023235788 2.564568190820857296 -0.5 0 0 1 I I #
