700 7992 2 0        
16 Autodesk AutoCAD 20 ASM 230.7.0.65535 NT 24 Tue Sep  2 11:16:38 2025 
1 9.999999999999999547e-07 1.000000000000000036e-10 
body $-1 -1 $-1 $2 $-1 $3 #
body $-1 -1 $-1 $4 $-1 $5 #
lump $-1 -1 $-1 $-1 $6 $0 #
transform $-1 -1 1 0 0 0 1 0 0 0 1 190.5 20.39000000000000057 0.5 1 no_rotate no_reflect no_shear #
lump $-1 -1 $-1 $7 $8 $1 #
transform $-1 -1 1 0 0 0 1 0 0 0 1 -0.2999999999999999889 19.89000000000000057 0.5 1 no_rotate no_reflect no_shear #
shell $-1 -1 $-1 $-1 $-1 $9 $-1 $2 #
lump $-1 -1 $-1 $-1 $10 $1 #
shell $-1 -1 $-1 $-1 $-1 $11 $-1 $4 #
face $12 -1 $-1 $13 $14 $6 $-1 $15 forward single #
shell $-1 -1 $-1 $-1 $-1 $16 $-1 $7 #
face $17 -1 $-1 $18 $19 $8 $-1 $20 forward single #
color-adesk-attrib $-1 -1 $-1 $-1 $9 256 #
face $21 -1 $-1 $22 $23 $6 $-1 $24 reversed single #
loop $-1 -1 $-1 $-1 $25 $9 #
plane-surface $-1 -1 $-1 0 0 0.5 0 0 1 1 0 0 forward_v I I I I #
face $26 -1 $-1 $27 $28 $10 $-1 $29 forward single #
color-adesk-attrib $-1 -1 $-1 $-1 $11 256 #
face $30 -1 $-1 $31 $32 $8 $-1 $33 forward single #
loop $-1 -1 $-1 $-1 $34 $11 #
plane-surface $-1 -1 $-1 0.3000000000000000444 -19.5481196581196599 -0.5 0.7679145865167543716 -0.6405522522127310436 0 0.6405522522127310436 0.7679145865167543716 0 forward_v I I I I #
color-adesk-attrib $-1 -1 $-1 $-1 $13 256 #
face $35 -1 $-1 $36 $37 $6 $-1 $38 reversed single #
loop $-1 -1 $-1 $-1 $39 $13 #
plane-surface $-1 -1 $-1 0 0 -0.5 0 0 1 1 0 0 forward_v I I I I #
coedge $-1 -1 $-1 $40 $41 $42 $43 forward $14 $-1 #
color-adesk-attrib $-1 -1 $-1 $-1 $16 256 #
face $44 -1 $-1 $45 $46 $10 $-1 $47 forward single #
loop $-1 -1 $-1 $-1 $48 $16 #
plane-surface $-1 -1 $-1 0.3000000000000024314 20.10999999999999943 -0.5 0.7679145865167543716 -0.6405522522127310436 0 0.6405522522127310436 0.7679145865167543716 0 forward_v I I I I #
color-adesk-attrib $-1 -1 $-1 $-1 $18 256 #
face $49 -1 $-1 $50 $51 $8 $-1 $52 forward single #
loop $-1 -1 $-1 $-1 $53 $18 #
plane-surface $-1 -1 $-1 0.5146107499519873008 -19.29083740715241646 -0.5 0.3596423870989281513 0.9330902171825534719 0 -0.9330902171825534719 0.3596423870989281513 0 forward_v I I I I #
coedge $-1 -1 $-1 $54 $55 $56 $57 forward $19 $-1 #
color-adesk-attrib $-1 -1 $-1 $-1 $22 256 #
face $58 -1 $-1 $59 $60 $6 $-1 $61 reversed single #
loop $-1 -1 $-1 $-1 $62 $22 #
plane-surface $-1 -1 $-1 0 -0.5 0 0 1 -0 -0 0 1 forward_v I I I I #
coedge $-1 -1 $-1 $63 $64 $65 $66 forward $23 $-1 #
coedge $-1 -1 $-1 $67 $25 $68 $69 forward $14 $-1 #
coedge $-1 -1 $-1 $25 $67 $70 $71 forward $14 $-1 #
coedge $-1 -1 $-1 $72 $73 $25 $43 reversed $74 $-1 #
edge $75 -1 $-1 $76 -0.5 $77 0.5 $42 $78 forward @7 unknown #
color-adesk-attrib $-1 -1 $-1 $-1 $27 256 #
face $79 -1 $-1 $80 $81 $10 $-1 $82 forward single #
loop $-1 -1 $-1 $-1 $83 $27 #
plane-surface $-1 -1 $-1 0.3000000000000024314 20.44999999999999929 -0.5 -1 0 0 0 -1 0 forward_v I I I I #
coedge $-1 -1 $-1 $84 $85 $86 $87 forward $28 $-1 #
color-adesk-attrib $-1 -1 $-1 $-1 $31 256 #
face $88 -1 $-1 $89 $90 $8 $-1 $91 forward single #
loop $-1 -1 $-1 $-1 $92 $31 #
plane-surface $-1 -1 $-1 0.3000000000000000444 -18.86435897435897857 -0.5 0.7679145865167543716 -0.6405522522127310436 0 0.6405522522127310436 0.7679145865167543716 0 forward_v I I I I #
coedge $-1 -1 $-1 $93 $94 $95 $96 forward $32 $-1 #
coedge $-1 -1 $-1 $97 $34 $94 $98 forward $19 $-1 #
coedge $-1 -1 $-1 $34 $97 $99 $100 reversed $19 $-1 #
coedge $-1 -1 $-1 $101 $95 $34 $57 reversed $102 $-1 #
edge $103 -1 $-1 $104 0 $105 0.3350401926004216713 $34 $106 forward @7 unknown #
color-adesk-attrib $-1 -1 $-1 $-1 $36 256 #
face $107 -1 $-1 $108 $109 $6 $-1 $110 reversed single #
loop $-1 -1 $-1 $-1 $111 $36 #
plane-surface $-1 -1 $-1 -0.5 0 0 1 0 0 0 0 -1 forward_v I I I I #
coedge $-1 -1 $-1 $112 $70 $113 $114 forward $37 $-1 #
coedge $-1 -1 $-1 $115 $39 $112 $116 forward $23 $-1 #
coedge $-1 -1 $-1 $39 $115 $117 $118 forward $23 $-1 #
coedge $-1 -1 $-1 $73 $72 $39 $66 reversed $74 $-1 #
edge $119 -1 $-1 $120 -0.5 $121 0.5 $65 $122 forward @7 unknown #
coedge $-1 -1 $-1 $41 $40 $123 $124 forward $14 $-1 #
coedge $-1 -1 $-1 $125 $126 $40 $69 reversed $109 $-1 #
edge $127 -1 $-1 $77 -0.5 $128 0.5 $68 $129 forward @7 unknown #
coedge $-1 -1 $-1 $62 $130 $41 $71 reversed $37 $-1 #
edge $131 -1 $-1 $132 -0.5 $76 0.5 $70 $133 forward @7 unknown #
coedge $-1 -1 $-1 $65 $42 $130 $134 forward $74 $-1 #
coedge $-1 -1 $-1 $42 $65 $125 $135 reversed $74 $-1 #
loop $-1 -1 $-1 $-1 $72 $108 #
color-adesk-attrib $-1 -1 $-1 $-1 $43 256 #
vertex $-1 -1 $-1 $43 $136 #
vertex $-1 -1 $-1 $43 $137 #
straight-curve $-1 -1 $-1 0.5 0 0.5 0 1 0 I I #
color-adesk-attrib $-1 -1 $-1 $-1 $45 256 #
face $138 -1 $-1 $139 $140 $10 $-1 $141 forward single #
loop $-1 -1 $-1 $-1 $142 $45 #
plane-surface $-1 -1 $-1 0.5146107499519897432 20.36728225096724643 -0.5 0.3596423870989281513 0.9330902171825534719 0 -0.9330902171825534719 0.3596423870989281513 0 forward_v I I I I #
coedge $-1 -1 $-1 $143 $144 $145 $146 forward $46 $-1 #
coedge $-1 -1 $-1 $147 $48 $148 $149 forward $28 $-1 #
coedge $-1 -1 $-1 $48 $147 $143 $150 reversed $28 $-1 #
coedge $-1 -1 $-1 $145 $151 $48 $87 reversed $152 $-1 #
edge $153 -1 $-1 $154 0 $155 0.3350401926004216713 $48 $156 forward @7 unknown #
color-adesk-attrib $-1 -1 $-1 $-1 $50 256 #
face $157 -1 $-1 $158 $159 $8 $-1 $160 forward single #
loop $-1 -1 $-1 $-1 $161 $50 #
plane-surface $-1 -1 $-1 0.5146107499519874118 -18.60707672339173513 -0.5 0.3596423870989281513 0.9330902171825534719 0 -0.9330902171825534719 0.3596423870989281513 0 forward_v I I I I #
coedge $-1 -1 $-1 $162 $163 $164 $165 forward $51 $-1 #
coedge $-1 -1 $-1 $166 $53 $167 $168 reversed $32 $-1 #
coedge $-1 -1 $-1 $53 $166 $54 $98 reversed $32 $-1 #
coedge $-1 -1 $-1 $56 $169 $53 $96 reversed $102 $-1 #
edge $170 -1 $-1 $105 0 $171 0.2299999999999999822 $53 $172 forward @7 unknown #
coedge $-1 -1 $-1 $55 $54 $173 $174 reversed $19 $-1 #
edge $175 -1 $-1 $105 0 $176 1 $94 $177 forward @7 unknown #
coedge $-1 -1 $-1 $178 $179 $55 $100 forward $180 $-1 #
edge $181 -1 $-1 $104 -0.25 $182 0.75 $99 $183 forward @7 unknown #
coedge $-1 -1 $-1 $184 $56 $179 $185 forward $102 $-1 #
loop $-1 -1 $-1 $-1 $186 $187 #
color-adesk-attrib $-1 -1 $-1 $-1 $57 256 #
vertex $-1 -1 $-1 $185 $188 #
vertex $-1 -1 $-1 $96 $189 #
straight-curve $-1 -1 $-1 0.3000000000000000444 -19.5481196581196599 -0.5 0.6405522522127310436 0.7679145865167543716 0 F 0 F 0.3350401926004216713 #
color-adesk-attrib $-1 -1 $-1 $-1 $59 256 #
face $190 -1 $-1 $-1 $74 $6 $-1 $191 reversed single #
loop $-1 -1 $-1 $-1 $125 $59 #
plane-surface $-1 -1 $-1 0 0.5 0 0 -1 0 0 0 -1 forward_v I I I I #
coedge $-1 -1 $-1 $192 $123 $126 $193 forward $60 $-1 #
coedge $-1 -1 $-1 $130 $62 $63 $116 reversed $37 $-1 #
coedge $-1 -1 $-1 $123 $192 $62 $114 reversed $60 $-1 #
edge $194 -1 $-1 $132 -0.5 $195 0.5 $113 $196 forward @7 unknown #
coedge $-1 -1 $-1 $64 $63 $192 $197 forward $23 $-1 #
edge $198 -1 $-1 $121 -0.5 $195 0.5 $112 $199 forward @7 unknown #
coedge $-1 -1 $-1 $126 $125 $64 $118 reversed $109 $-1 #
edge $200 -1 $-1 $201 -0.5 $120 0.5 $117 $202 forward @7 unknown #
color-adesk-attrib $-1 -1 $-1 $-1 $66 256 #
vertex $-1 -1 $-1 $66 $203 #
vertex $-1 -1 $-1 $134 $204 #
straight-curve $-1 -1 $-1 0.5 0 -0.5 0 -1 0 I I #
coedge $-1 -1 $-1 $111 $113 $67 $124 reversed $60 $-1 #
edge $205 -1 $-1 $128 -0.5 $132 0.5 $123 $206 forward @7 unknown #
coedge $-1 -1 $-1 $117 $68 $73 $135 forward $109 $-1 #
coedge $-1 -1 $-1 $68 $117 $111 $193 reversed $109 $-1 #
color-adesk-attrib $-1 -1 $-1 $-1 $69 256 #
vertex $-1 -1 $-1 $69 $207 #
straight-curve $-1 -1 $-1 0 0.5 0.5 -1 0 0 I I #
coedge $-1 -1 $-1 $70 $112 $72 $134 reversed $37 $-1 #
color-adesk-attrib $-1 -1 $-1 $-1 $71 256 #
vertex $-1 -1 $-1 $124 $208 #
straight-curve $-1 -1 $-1 0 -0.5 0.5 1 0 0 I I #
edge $209 -1 $-1 $76 -0.5 $121 0.5 $72 $210 forward @7 unknown #
edge $211 -1 $-1 $77 -0.5 $120 0.5 $73 $212 forward @7 unknown #
point $-1 -1 $-1 0.5 -0.5 0.5 #
point $-1 -1 $-1 0.5 0.5 0.5 #
color-adesk-attrib $-1 -1 $-1 $-1 $80 256 #
face $213 -1 $-1 $-1 $152 $10 $-1 $214 reversed single #
loop $-1 -1 $-1 $-1 $215 $80 #
plane-surface $-1 -1 $-1 0.3669935437555393865 20.29738107733351882 0.5 0 0 1 1 0 0 forward_v I I I I #
coedge $-1 -1 $-1 $216 $148 $151 $217 forward $81 $-1 #
coedge $-1 -1 $-1 $218 $83 $85 $150 forward $46 $-1 #
coedge $-1 -1 $-1 $83 $218 $216 $219 reversed $46 $-1 #
coedge $-1 -1 $-1 $151 $86 $83 $146 reversed $152 $-1 #
edge $220 -1 $-1 $221 0 $154 0.3400000000000000799 $83 $222 forward @7 unknown #
coedge $-1 -1 $-1 $85 $84 $223 $224 reversed $28 $-1 #
coedge $-1 -1 $-1 $142 $225 $84 $149 reversed $81 $-1 #
edge $226 -1 $-1 $155 0 $227 1 $148 $228 forward @7 unknown #
edge $229 -1 $-1 $154 0 $230 1 $143 $231 forward @7 unknown #
coedge $-1 -1 $-1 $86 $145 $142 $217 reversed $152 $-1 #
loop $-1 -1 $-1 $-1 $151 $139 #
color-adesk-attrib $-1 -1 $-1 $-1 $87 256 #
vertex $-1 -1 $-1 $146 $232 #
vertex $-1 -1 $-1 $217 $233 #
straight-curve $-1 -1 $-1 0.3000000000000024314 20.10999999999999943 -0.5 0.6405522522127310436 0.7679145865167543716 0 F 0 F 0.3350401926004216713 #
color-adesk-attrib $-1 -1 $-1 $-1 $89 256 #
face $234 -1 $-1 $235 $236 $8 $-1 $237 forward single #
loop $-1 -1 $-1 $-1 $238 $89 #
plane-surface $-1 -1 $-1 0.3000000000000000999 -18.18059829059829013 -0.5 0.7679145865167543716 -0.6405522522127310436 0 0.6405522522127310436 0.7679145865167543716 0 forward_v I I I I #
coedge $-1 -1 $-1 $239 $240 $241 $242 forward $90 $-1 #
coedge $-1 -1 $-1 $243 $92 $240 $244 forward $51 $-1 #
coedge $-1 -1 $-1 $92 $243 $245 $246 reversed $51 $-1 #
coedge $-1 -1 $-1 $247 $241 $92 $165 reversed $102 $-1 #
edge $248 -1 $-1 $249 0 $250 0.3350401926004216713 $92 $251 forward @7 unknown #
coedge $-1 -1 $-1 $94 $93 $252 $253 reversed $32 $-1 #
coedge $-1 -1 $-1 $254 $255 $93 $168 forward $256 $-1 #
edge $257 -1 $-1 $258 -0.75 $171 0.25 $167 $259 forward @7 unknown #
coedge $-1 -1 $-1 $95 $260 $254 $261 forward $102 $-1 #
color-adesk-attrib $-1 -1 $-1 $-1 $96 256 #
vertex $-1 -1 $-1 $96 $262 #
straight-curve $-1 -1 $-1 0.5146107499519873008 -19.29083740715241646 -0.5 -0.9330902171825534719 0.3596423870989281513 0 F 0 F 0.2299999999999999822 #
coedge $-1 -1 $-1 $252 $263 $97 $174 forward $264 $-1 #
edge $265 -1 $-1 $182 0 $176 0.3350401926004216713 $97 $266 forward @7 unknown #
color-adesk-attrib $-1 -1 $-1 $-1 $98 256 #
vertex $-1 -1 $-1 $98 $267 #
straight-curve $-1 -1 $-1 0.5146107499519873008 -19.29083740715241646 -0.5 0 0 1 I I #
coedge $-1 -1 $-1 $268 $99 $263 $269 reversed $180 $-1 #
coedge $-1 -1 $-1 $99 $268 $101 $185 reversed $180 $-1 #
loop $-1 -1 $-1 $-1 $99 $270 #
color-adesk-attrib $-1 -1 $-1 $-1 $100 256 #
vertex $-1 -1 $-1 $174 $271 #
straight-curve $-1 -1 $-1 0.2999999999999998224 -19.5481196581196599 -0.25 0 0 1 I I #
coedge $-1 -1 $-1 $272 $101 $273 $274 reversed $102 $-1 #
edge $275 -1 $-1 $104 19.5481196581196599 $276 19.54999999999999716 $179 $277 forward @7 unknown #
coedge $-1 -1 $-1 $278 $279 $280 $281 forward $102 $-1 #
face $282 -1 $-1 $283 $102 $8 $-1 $284 reversed single #
point $-1 -1 $-1 0.3000000000000000444 -19.5481196581196599 -0.5 #
point $-1 -1 $-1 0.5146107499519873008 -19.29083740715241646 -0.5 #
color-adesk-attrib $-1 -1 $-1 $-1 $108 256 #
plane-surface $-1 -1 $-1 0.5 0 0 -1 0 0 0 -0 1 forward_v I I I I #
coedge $-1 -1 $-1 $113 $111 $115 $197 reversed $60 $-1 #
edge $285 -1 $-1 $128 -0.5 $201 0.5 $126 $286 forward @7 unknown #
color-adesk-attrib $-1 -1 $-1 $-1 $114 256 #
vertex $-1 -1 $-1 $197 $287 #
straight-curve $-1 -1 $-1 -0.5 -0.5 0 0 0 -1 I I #
edge $288 -1 $-1 $195 -0.5 $201 0.5 $192 $289 forward @7 unknown #
color-adesk-attrib $-1 -1 $-1 $-1 $116 256 #
straight-curve $-1 -1 $-1 0 -0.5 -0.5 -1 0 0 I I #
color-adesk-attrib $-1 -1 $-1 $-1 $118 256 #
vertex $-1 -1 $-1 $118 $290 #
straight-curve $-1 -1 $-1 0 0.5 -0.5 1 0 0 I I #
point $-1 -1 $-1 0.5 0.5 -0.5 #
point $-1 -1 $-1 0.5 -0.5 -0.5 #
color-adesk-attrib $-1 -1 $-1 $-1 $124 256 #
straight-curve $-1 -1 $-1 -0.5 0 0.5 0 -1 0 I I #
point $-1 -1 $-1 -0.5 0.5 0.5 #
point $-1 -1 $-1 -0.5 -0.5 0.5 #
color-adesk-attrib $-1 -1 $-1 $-1 $134 256 #
straight-curve $-1 -1 $-1 0.5 -0.5 0 0 0 -1 I I #
color-adesk-attrib $-1 -1 $-1 $-1 $135 256 #
straight-curve $-1 -1 $-1 0.5 0.5 0 0 0 -1 I I #
color-adesk-attrib $-1 -1 $-1 $-1 $139 256 #
plane-surface $-1 -1 $-1 0.3669935437555393865 20.29738107733351882 -0.5 0 0 1 1 0 0 forward_v I I I I #
coedge $-1 -1 $-1 $291 $223 $225 $292 forward $140 $-1 #
coedge $-1 -1 $-1 $225 $142 $144 $219 forward $81 $-1 #
edge $293 -1 $-1 $155 0 $221 0.2299999999999999822 $142 $294 forward @7 unknown #
coedge $-1 -1 $-1 $144 $143 $291 $295 reversed $46 $-1 #
edge $296 -1 $-1 $221 0 $297 1 $216 $298 forward @7 unknown #
color-adesk-attrib $-1 -1 $-1 $-1 $146 256 #
vertex $-1 -1 $-1 $217 $299 #
straight-curve $-1 -1 $-1 0.3000000000000024314 20.44999999999999929 -0.5 0 -1 0 F 0 F 0.3400000000000000799 #
coedge $-1 -1 $-1 $215 $291 $147 $224 forward $140 $-1 #
edge $300 -1 $-1 $230 0 $227 0.3350401926004216713 $147 $301 forward @7 unknown #
coedge $-1 -1 $-1 $148 $216 $215 $292 reversed $81 $-1 #
color-adesk-attrib $-1 -1 $-1 $-1 $149 256 #
vertex $-1 -1 $-1 $149 $302 #
straight-curve $-1 -1 $-1 0.5146107499519897432 20.36728225096724643 -0.5 0 0 1 I I #
color-adesk-attrib $-1 -1 $-1 $-1 $150 256 #
vertex $-1 -1 $-1 $150 $303 #
straight-curve $-1 -1 $-1 0.3000000000000024314 20.10999999999999943 -0.5 0 0 1 I I #
point $-1 -1 $-1 0.3000000000000024314 20.10999999999999943 -0.5 #
point $-1 -1 $-1 0.5146107499519897432 20.36728225096724643 -0.5 #
color-adesk-attrib $-1 -1 $-1 $-1 $158 256 #
face $304 -1 $-1 $305 $306 $8 $-1 $307 forward single #
loop $-1 -1 $-1 $-1 $308 $158 #
plane-surface $-1 -1 $-1 0.5146107499519874118 -17.92331603963104669 -0.5 0.3596423870989281513 0.9330902171825534719 0 -0.9330902171825534719 0.3596423870989281513 0 forward_v I I I I #
coedge $-1 -1 $-1 $309 $310 $311 $312 forward $159 $-1 #
coedge $-1 -1 $-1 $313 $161 $314 $315 reversed $90 $-1 #
coedge $-1 -1 $-1 $161 $313 $162 $244 reversed $90 $-1 #
coedge $-1 -1 $-1 $164 $316 $161 $242 reversed $102 $-1 #
edge $317 -1 $-1 $250 0 $318 0.2299999999999999822 $161 $319 forward @7 unknown #
coedge $-1 -1 $-1 $163 $162 $320 $321 reversed $51 $-1 #
edge $322 -1 $-1 $250 0 $323 1 $240 $324 forward @7 unknown #
coedge $-1 -1 $-1 $325 $326 $163 $246 forward $327 $-1 #
edge $328 -1 $-1 $249 -0.25 $329 0.75 $245 $330 forward @7 unknown #
coedge $-1 -1 $-1 $331 $164 $326 $332 forward $102 $-1 #
color-adesk-attrib $-1 -1 $-1 $-1 $165 256 #
vertex $-1 -1 $-1 $332 $333 #
vertex $-1 -1 $-1 $242 $334 #
straight-curve $-1 -1 $-1 0.3000000000000000444 -18.86435897435897857 -0.5 0.6405522522127310436 0.7679145865167543716 0 F 0 F 0.3350401926004216713 #
coedge $-1 -1 $-1 $335 $173 $166 $253 forward $264 $-1 #
edge $336 -1 $-1 $176 0 $258 0.2299999999999999822 $166 $337 forward @7 unknown #
coedge $-1 -1 $-1 $338 $167 $169 $261 reversed $256 $-1 #
coedge $-1 -1 $-1 $167 $338 $335 $339 reversed $256 $-1 #
loop $-1 -1 $-1 $-1 $167 $340 #
color-adesk-attrib $-1 -1 $-1 $-1 $168 256 #
vertex $-1 -1 $-1 $339 $341 #
straight-curve $-1 -1 $-1 0.2999999999999993783 -19.2081196581196636 -0.25 0 0 -1 I I #
coedge $-1 -1 $-1 $169 $331 $342 $343 reversed $102 $-1 #
edge $344 -1 $-1 $345 19.20623931623931924 $171 19.20811965811965649 $254 $277 forward @7 unknown #
point $-1 -1 $-1 0.3000000000000000444 -19.20811965811965649 -0.5 #
coedge $-1 -1 $-1 $173 $346 $178 $269 forward $264 $-1 #
loop $-1 -1 $-1 $-1 $263 $347 #
color-adesk-attrib $-1 -1 $-1 $-1 $174 256 #
straight-curve $-1 -1 $-1 0.3000000000000000444 -19.5481196581196599 0.5 0.6405522522127310436 0.7679145865167543716 0 I I #
point $-1 -1 $-1 0.5146107499519873008 -19.29083740715241646 0.5 #
coedge $-1 -1 $-1 $179 $178 $348 $349 forward $180 $-1 #
edge $350 -1 $-1 $351 -19.54999999999999716 $182 -19.5481196581196599 $178 $352 forward @7 unknown #
face $353 -1 $-1 $340 $180 $8 $-1 $354 reversed single #
point $-1 -1 $-1 0.3000000000000000444 -19.5481196581196599 0.5 #
coedge $-1 -1 $-1 $355 $184 $356 $357 reversed $102 $-1 #
coedge $-1 -1 $-1 $348 $358 $184 $274 forward $359 $-1 #
edge $360 -1 $-1 $361 0 $276 0.2299999999999999822 $273 $362 forward @7 unknown #
color-adesk-attrib $-1 -1 $-1 $-1 $185 256 #
vertex $-1 -1 $-1 $274 $363 #
straight-curve $-1 -1 $-1 0.2999999999999999889 0 -0.5 0 -1 0 I I #
coedge $-1 -1 $-1 $364 $186 $365 $366 reversed $102 $-1 #
coedge $-1 -1 $-1 $186 $367 $368 $369 reversed $102 $-1 #
coedge $-1 -1 $-1 $370 $371 $186 $281 reversed $372 $-1 #
edge $373 -1 $-1 $374 -19.76811965811965877 $375 -19.76623931623931796 $280 $277 forward @7 unknown #
color-adesk-attrib $-1 -1 $-1 $-1 $187 256 #
face $376 -1 $-1 $377 $378 $8 $-1 $379 reversed single #
plane-surface $-1 -1 $-1 0 0 -0.5 0 0 1 1 0 0 forward_v I I I I #
color-adesk-attrib $-1 -1 $-1 $-1 $193 256 #
straight-curve $-1 -1 $-1 -0.5 0.5 0 0 0 -1 I I #
point $-1 -1 $-1 -0.5 -0.5 -0.5 #
color-adesk-attrib $-1 -1 $-1 $-1 $197 256 #
straight-curve $-1 -1 $-1 -0.5 0 -0.5 0 1 0 I I #
point $-1 -1 $-1 -0.5 0.5 -0.5 #
coedge $-1 -1 $-1 $223 $215 $218 $295 forward $140 $-1 #
edge $380 -1 $-1 $227 0 $297 0.2299999999999999822 $225 $381 forward @7 unknown #
color-adesk-attrib $-1 -1 $-1 $-1 $217 256 #
straight-curve $-1 -1 $-1 0.5146107499519897432 20.36728225096724643 -0.5 -0.9330902171825534719 0.3596423870989281513 0 F 0 F 0.2299999999999999822 #
edge $382 -1 $-1 $297 0 $230 0.3400000000000000799 $218 $383 forward @7 unknown #
color-adesk-attrib $-1 -1 $-1 $-1 $219 256 #
vertex $-1 -1 $-1 $219 $384 #
straight-curve $-1 -1 $-1 0.3000000000000024314 20.44999999999999929 -0.5 0 0 1 I I #
point $-1 -1 $-1 0.3000000000000024314 20.44999999999999929 -0.5 #
color-adesk-attrib $-1 -1 $-1 $-1 $224 256 #
straight-curve $-1 -1 $-1 0.3000000000000024314 20.10999999999999943 0.5 0.6405522522127310436 0.7679145865167543716 0 I I #
point $-1 -1 $-1 0.5146107499519897432 20.36728225096724643 0.5 #
point $-1 -1 $-1 0.3000000000000024314 20.10999999999999943 0.5 #
color-adesk-attrib $-1 -1 $-1 $-1 $235 256 #
face $385 -1 $-1 $386 $387 $8 $-1 $388 forward single #
loop $-1 -1 $-1 $-1 $389 $235 #
plane-surface $-1 -1 $-1 0.3000000000000001554 -17.4968376068376088 -0.5 0.7679145865167543716 -0.6405522522127310436 0 0.6405522522127310436 0.7679145865167543716 0 forward_v I I I I #
coedge $-1 -1 $-1 $390 $391 $392 $393 forward $236 $-1 #
coedge $-1 -1 $-1 $394 $238 $391 $395 forward $159 $-1 #
coedge $-1 -1 $-1 $238 $394 $396 $397 reversed $159 $-1 #
coedge $-1 -1 $-1 $398 $392 $238 $312 reversed $102 $-1 #
edge $399 -1 $-1 $400 0 $401 0.3350401926004216713 $238 $402 forward @7 unknown #
coedge $-1 -1 $-1 $240 $239 $403 $404 reversed $90 $-1 #
coedge $-1 -1 $-1 $405 $406 $239 $315 forward $407 $-1 #
edge $408 -1 $-1 $409 -0.75 $318 0.25 $314 $410 forward @7 unknown #
coedge $-1 -1 $-1 $241 $411 $405 $412 forward $102 $-1 #
color-adesk-attrib $-1 -1 $-1 $-1 $242 256 #
vertex $-1 -1 $-1 $242 $413 #
straight-curve $-1 -1 $-1 0.5146107499519874118 -18.60707672339173513 -0.5 -0.9330902171825534719 0.3596423870989281513 0 F 0 F 0.2299999999999999822 #
coedge $-1 -1 $-1 $403 $414 $243 $321 forward $264 $-1 #
edge $415 -1 $-1 $329 0 $323 0.3350401926004216713 $243 $416 forward @7 unknown #
color-adesk-attrib $-1 -1 $-1 $-1 $244 256 #
vertex $-1 -1 $-1 $244 $417 #
straight-curve $-1 -1 $-1 0.5146107499519874118 -18.60707672339173513 -0.5 0 0 1 I I #
coedge $-1 -1 $-1 $418 $245 $414 $419 reversed $327 $-1 #
coedge $-1 -1 $-1 $245 $418 $247 $332 reversed $327 $-1 #
loop $-1 -1 $-1 $-1 $245 $420 #
color-adesk-attrib $-1 -1 $-1 $-1 $246 256 #
vertex $-1 -1 $-1 $321 $421 #
straight-curve $-1 -1 $-1 0.2999999999999998224 -18.86435897435897857 -0.25 0 0 1 I I #
coedge $-1 -1 $-1 $260 $247 $422 $423 reversed $102 $-1 #
edge $424 -1 $-1 $249 18.86435897435897857 $425 18.86623931623931583 $326 $277 forward @7 unknown #
point $-1 -1 $-1 0.3000000000000000444 -18.86435897435897857 -0.5 #
point $-1 -1 $-1 0.5146107499519874118 -18.60707672339173513 -0.5 #
coedge $-1 -1 $-1 $426 $252 $255 $339 forward $264 $-1 #
color-adesk-attrib $-1 -1 $-1 $-1 $253 256 #
straight-curve $-1 -1 $-1 0.5146107499519873008 -19.29083740715241646 0.5 -0.9330902171825534719 0.3596423870989281513 0 I I #
coedge $-1 -1 $-1 $255 $254 $427 $428 forward $256 $-1 #
edge $429 -1 $-1 $258 -19.20811965811965649 $430 -19.20623931623931924 $255 $352 forward @7 unknown #
face $431 -1 $-1 $347 $256 $8 $-1 $354 reversed single #
point $-1 -1 $-1 0.3000000000000000444 -19.20811965811965649 0.5 #
coedge $-1 -1 $-1 $432 $427 $260 $343 forward $433 $-1 #
edge $434 -1 $-1 $345 0 $435 0.3350401926004216713 $342 $436 forward @7 unknown #
color-adesk-attrib $-1 -1 $-1 $-1 $261 256 #
vertex $-1 -1 $-1 $261 $437 #
coedge $-1 -1 $-1 $263 $438 $439 $440 forward $264 $-1 #
face $441 -1 $-1 $187 $264 $8 $-1 $442 forward single #
coedge $-1 -1 $-1 $439 $273 $268 $349 reversed $359 $-1 #
edge $443 -1 $-1 $351 -0.75 $276 0.25 $268 $444 forward @7 unknown #
color-adesk-attrib $-1 -1 $-1 $-1 $269 256 #
vertex $-1 -1 $-1 $269 $445 #
straight-curve $-1 -1 $-1 0.2999999999999999889 0 0.5 0 1 0 I I #
color-adesk-attrib $-1 -1 $-1 $-1 $270 256 #
plane-surface $-1 -1 $-1 0.2999999999999999889 0 0 -1 0 0 0 -0 1 forward_v I I I I #
coedge $-1 -1 $-1 $446 $272 $447 $448 forward $102 $-1 #
coedge $-1 -1 $-1 $449 $450 $272 $357 forward $451 $-1 #
edge $452 -1 $-1 $453 0 $361 0.3350401926004216713 $356 $454 forward @7 unknown #
coedge $-1 -1 $-1 $273 $439 $449 $455 reversed $359 $-1 #
loop $-1 -1 $-1 $-1 $273 $456 #
color-adesk-attrib $-1 -1 $-1 $-1 $274 256 #
vertex $-1 -1 $-1 $274 $457 #
straight-curve $-1 -1 $-1 0.5146107499519873008 -19.63271774903275713 -0.5 -0.9330902171825534719 0.3596423870989281513 0 F 0 F 0.2299999999999999822 #
point $-1 -1 $-1 0.2999999999999999889 -19.54999999999999716 -0.5 #
coedge $-1 -1 $-1 $458 $278 $459 $460 reversed $102 $-1 #
coedge $-1 -1 $-1 $461 $462 $278 $366 forward $463 $-1 #
edge $464 -1 $-1 $465 0 $375 0.2299999999999999822 $365 $466 forward @7 unknown #
coedge $-1 -1 $-1 $279 $467 $468 $469 reversed $102 $-1 #
coedge $-1 -1 $-1 $470 $471 $279 $369 forward $472 $-1 #
edge $473 -1 $-1 $374 0 $474 0.3350401926004216713 $368 $475 forward @7 unknown #
coedge $-1 -1 $-1 $476 $280 $471 $477 forward $372 $-1 #
coedge $-1 -1 $-1 $280 $476 $461 $478 forward $372 $-1 #
loop $-1 -1 $-1 $-1 $371 $479 #
color-adesk-attrib $-1 -1 $-1 $-1 $281 256 #
vertex $-1 -1 $-1 $281 $480 #
vertex $-1 -1 $-1 $366 $481 #
color-adesk-attrib $-1 -1 $-1 $-1 $283 256 #
face $482 -1 $-1 $483 $484 $8 $-1 $485 reversed single #
loop $-1 -1 $-1 $-1 $486 $283 #
plane-surface $-1 -1 $-1 0 -19.89000000000000057 0 0 1 -0 -0 0 1 forward_v I I I I #
color-adesk-attrib $-1 -1 $-1 $-1 $292 256 #
straight-curve $-1 -1 $-1 0.5146107499519897432 20.36728225096724643 0.5 -0.9330902171825534719 0.3596423870989281513 0 I I #
color-adesk-attrib $-1 -1 $-1 $-1 $295 256 #
straight-curve $-1 -1 $-1 0.3000000000000024314 20.44999999999999929 0.5 0 -1 0 I I #
point $-1 -1 $-1 0.3000000000000024314 20.44999999999999929 0.5 #
color-adesk-attrib $-1 -1 $-1 $-1 $305 256 #
face $487 -1 $-1 $488 $489 $8 $-1 $490 forward single #
loop $-1 -1 $-1 $-1 $491 $305 #
plane-surface $-1 -1 $-1 0.5146107499519874118 -17.23955535587036536 -0.5 0.3596423870989281513 0.9330902171825534719 0 -0.9330902171825534719 0.3596423870989281513 0 forward_v I I I I #
coedge $-1 -1 $-1 $492 $493 $494 $495 forward $306 $-1 #
coedge $-1 -1 $-1 $496 $308 $497 $498 reversed $236 $-1 #
coedge $-1 -1 $-1 $308 $496 $309 $395 reversed $236 $-1 #
coedge $-1 -1 $-1 $311 $499 $308 $393 reversed $102 $-1 #
edge $500 -1 $-1 $401 0 $501 0.2299999999999999822 $308 $502 forward @7 unknown #
coedge $-1 -1 $-1 $310 $309 $503 $504 reversed $159 $-1 #
edge $505 -1 $-1 $401 0 $506 1 $391 $507 forward @7 unknown #
coedge $-1 -1 $-1 $508 $509 $310 $397 forward $510 $-1 #
edge $511 -1 $-1 $400 -0.25 $512 0.75 $396 $513 forward @7 unknown #
coedge $-1 -1 $-1 $514 $311 $509 $515 forward $102 $-1 #
color-adesk-attrib $-1 -1 $-1 $-1 $312 256 #
vertex $-1 -1 $-1 $515 $516 #
vertex $-1 -1 $-1 $393 $517 #
straight-curve $-1 -1 $-1 0.3000000000000000999 -18.18059829059829013 -0.5 0.6405522522127310436 0.7679145865167543716 0 F 0 F 0.3350401926004216713 #
coedge $-1 -1 $-1 $518 $320 $313 $404 forward $264 $-1 #
edge $519 -1 $-1 $323 0 $409 0.2299999999999999822 $313 $520 forward @7 unknown #
coedge $-1 -1 $-1 $521 $314 $316 $412 reversed $407 $-1 #
coedge $-1 -1 $-1 $314 $521 $518 $522 reversed $407 $-1 #
loop $-1 -1 $-1 $-1 $314 $523 #
color-adesk-attrib $-1 -1 $-1 $-1 $315 256 #
vertex $-1 -1 $-1 $522 $524 #
straight-curve $-1 -1 $-1 0.2999999999999993783 -18.52435897435897871 -0.25 0 0 -1 I I #
coedge $-1 -1 $-1 $316 $514 $525 $526 reversed $102 $-1 #
edge $527 -1 $-1 $528 18.5224786324786308 $318 18.52435897435897516 $405 $277 forward @7 unknown #
point $-1 -1 $-1 0.3000000000000000444 -18.52435897435897516 -0.5 #
coedge $-1 -1 $-1 $320 $529 $325 $419 forward $264 $-1 #
color-adesk-attrib $-1 -1 $-1 $-1 $321 256 #
straight-curve $-1 -1 $-1 0.3000000000000000444 -18.86435897435897857 0.5 0.6405522522127310436 0.7679145865167543716 0 I I #
point $-1 -1 $-1 0.5146107499519874118 -18.60707672339173513 0.5 #
coedge $-1 -1 $-1 $326 $325 $530 $531 forward $327 $-1 #
edge $532 -1 $-1 $533 -18.86623931623931583 $329 -18.86435897435897857 $325 $352 forward @7 unknown #
face $534 -1 $-1 $523 $327 $8 $-1 $354 reversed single #
point $-1 -1 $-1 0.3000000000000000444 -18.86435897435897857 0.5 #
coedge $-1 -1 $-1 $530 $535 $331 $423 forward $536 $-1 #
edge $537 -1 $-1 $435 0 $425 0.2299999999999999822 $422 $538 forward @7 unknown #
color-adesk-attrib $-1 -1 $-1 $-1 $332 256 #
vertex $-1 -1 $-1 $423 $539 #
coedge $-1 -1 $-1 $529 $335 $540 $541 forward $264 $-1 #
coedge $-1 -1 $-1 $342 $540 $338 $428 reversed $433 $-1 #
edge $542 -1 $-1 $345 -0.25 $430 0.75 $338 $543 forward @7 unknown #
color-adesk-attrib $-1 -1 $-1 $-1 $339 256 #
vertex $-1 -1 $-1 $541 $544 #
color-adesk-attrib $-1 -1 $-1 $-1 $340 256 #
coedge $-1 -1 $-1 $540 $342 $535 $545 forward $433 $-1 #
loop $-1 -1 $-1 $-1 $342 $546 #
color-adesk-attrib $-1 -1 $-1 $-1 $343 256 #
vertex $-1 -1 $-1 $423 $547 #
straight-curve $-1 -1 $-1 0.3000000000000000444 -19.20623931623931924 -0.5 0.6405522522127310436 0.7679145865167543716 0 F 0 F 0.3350401926004216713 #
point $-1 -1 $-1 0.3000000000000000444 -19.20623931623931924 -0.5 #
coedge $-1 -1 $-1 $346 $548 $549 $550 forward $264 $-1 #
coedge $-1 -1 $-1 $358 $348 $346 $440 reversed $359 $-1 #
edge $551 -1 $-1 $552 0 $351 0.2299999999999999822 $439 $553 forward @7 unknown #
color-adesk-attrib $-1 -1 $-1 $-1 $347 256 #
plane-surface $-1 -1 $-1 0 0 0.5 0 0 1 1 0 0 forward_v I I I I #
color-adesk-attrib $-1 -1 $-1 $-1 $349 256 #
straight-curve $-1 -1 $-1 0.2999999999999998224 -19.55000000000000426 -0.25 0 0 -1 I I #
point $-1 -1 $-1 0.2999999999999999889 -19.54999999999999716 0.5 #
coedge $-1 -1 $-1 $554 $355 $555 $556 forward $102 $-1 #
coedge $-1 -1 $-1 $557 $486 $355 $448 reversed $378 $-1 #
edge $558 -1 $-1 $453 -0.2999999999999999889 $559 0.2999999999999999889 $447 $560 forward @7 unknown #
coedge $-1 -1 $-1 $549 $356 $358 $455 forward $451 $-1 #
coedge $-1 -1 $-1 $356 $549 $557 $561 forward $451 $-1 #
loop $-1 -1 $-1 $-1 $356 $562 #
color-adesk-attrib $-1 -1 $-1 $-1 $357 256 #
vertex $-1 -1 $-1 $561 $563 #
straight-curve $-1 -1 $-1 0.2999999999999999889 -19.89000000000000057 -0.5 0.6405522522127310436 0.7679145865167543716 0 F 0 F 0.3350401926004216713 #
edge $564 -1 $-1 $361 0 $552 1 $358 $565 forward @7 unknown #
face $566 -1 $-1 $567 $359 $8 $-1 $568 forward single #
point $-1 -1 $-1 0.5146107499519873008 -19.63271774903275713 -0.5 #
coedge $-1 -1 $-1 $569 $364 $570 $571 forward $102 $-1 #
coedge $-1 -1 $-1 $572 $573 $364 $460 forward $574 $-1 #
edge $575 -1 $-1 $576 0 $465 0.3350401926004216713 $459 $577 forward @7 unknown #
coedge $-1 -1 $-1 $578 $365 $371 $478 reversed $463 $-1 #
coedge $-1 -1 $-1 $365 $578 $572 $579 reversed $463 $-1 #
loop $-1 -1 $-1 $-1 $365 $580 #
color-adesk-attrib $-1 -1 $-1 $-1 $366 256 #
vertex $-1 -1 $-1 $366 $581 #
straight-curve $-1 -1 $-1 0.5146107499519896322 19.68352156720656509 -0.5 -0.9330902171825534719 0.3596423870989281513 0 F 0 F 0.2299999999999999822 #
coedge $-1 -1 $-1 $367 $554 $582 $583 reversed $102 $-1 #
coedge $-1 -1 $-1 $584 $585 $367 $469 forward $586 $-1 #
edge $587 -1 $-1 $474 0 $588 0.2299999999999999822 $468 $589 forward @7 unknown #
coedge $-1 -1 $-1 $590 $368 $585 $591 forward $472 $-1 #
coedge $-1 -1 $-1 $368 $590 $370 $477 reversed $472 $-1 #
loop $-1 -1 $-1 $-1 $368 $592 #
color-adesk-attrib $-1 -1 $-1 $-1 $369 256 #
vertex $-1 -1 $-1 $469 $593 #
straight-curve $-1 -1 $-1 0.3000000000000024314 19.76811965811965877 -0.5 0.6405522522127310436 0.7679145865167543716 0 F 0 F 0.3350401926004216713 #
coedge $-1 -1 $-1 $371 $370 $594 $595 reversed $372 $-1 #
edge $596 -1 $-1 $374 -0.25 $597 0.75 $370 $598 forward @7 unknown #
edge $599 -1 $-1 $600 -0.75 $375 0.25 $371 $601 forward @7 unknown #
face $602 -1 $-1 $603 $372 $8 $-1 $354 reversed single #
point $-1 -1 $-1 0.3000000000000024314 19.76811965811965877 -0.5 #
point $-1 -1 $-1 0.3000000000000023759 19.76623931623931796 -0.5 #
color-adesk-attrib $-1 -1 $-1 $-1 $377 256 #
face $604 -1 $-1 $-1 $605 $8 $-1 $606 reversed single #
loop $-1 -1 $-1 $-1 $607 $377 #
plane-surface $-1 -1 $-1 -0.2999999999999999889 0 0 1 0 0 0 0 -1 forward_v I I I I #
coedge $-1 -1 $-1 $447 $608 $609 $610 forward $378 $-1 #
color-adesk-attrib $-1 -1 $-1 $-1 $386 256 #
face $611 -1 $-1 $612 $613 $8 $-1 $614 forward single #
loop $-1 -1 $-1 $-1 $615 $386 #
plane-surface $-1 -1 $-1 0.3000000000000001554 -16.81307692307692037 -0.5 0.7679145865167543716 -0.6405522522127310436 0 0.6405522522127310436 0.7679145865167543716 0 forward_v I I I I #
coedge $-1 -1 $-1 $616 $617 $618 $619 forward $387 $-1 #
coedge $-1 -1 $-1 $620 $389 $617 $621 forward $306 $-1 #
coedge $-1 -1 $-1 $389 $620 $622 $623 reversed $306 $-1 #
coedge $-1 -1 $-1 $624 $618 $389 $495 reversed $102 $-1 #
edge $625 -1 $-1 $626 0 $627 0.3350401926004216713 $389 $628 forward @7 unknown #
coedge $-1 -1 $-1 $391 $390 $629 $630 reversed $236 $-1 #
coedge $-1 -1 $-1 $631 $632 $390 $498 forward $633 $-1 #
edge $634 -1 $-1 $635 -0.75 $501 0.25 $497 $636 forward @7 unknown #
coedge $-1 -1 $-1 $392 $637 $631 $638 forward $102 $-1 #
color-adesk-attrib $-1 -1 $-1 $-1 $393 256 #
vertex $-1 -1 $-1 $393 $639 #
straight-curve $-1 -1 $-1 0.5146107499519874118 -17.92331603963104669 -0.5 -0.9330902171825534719 0.3596423870989281513 0 F 0 F 0.2299999999999999822 #
coedge $-1 -1 $-1 $629 $640 $394 $504 forward $264 $-1 #
edge $641 -1 $-1 $512 0 $506 0.3350401926004216713 $394 $642 forward @7 unknown #
color-adesk-attrib $-1 -1 $-1 $-1 $395 256 #
vertex $-1 -1 $-1 $395 $643 #
straight-curve $-1 -1 $-1 0.5146107499519874118 -17.92331603963104669 -0.5 0 0 1 I I #
coedge $-1 -1 $-1 $644 $396 $640 $645 reversed $510 $-1 #
coedge $-1 -1 $-1 $396 $644 $398 $515 reversed $510 $-1 #
loop $-1 -1 $-1 $-1 $396 $646 #
color-adesk-attrib $-1 -1 $-1 $-1 $397 256 #
vertex $-1 -1 $-1 $504 $647 #
straight-curve $-1 -1 $-1 0.2999999999999998224 -18.18059829059829013 -0.25 0 0 1 I I #
coedge $-1 -1 $-1 $411 $398 $648 $649 reversed $102 $-1 #
edge $650 -1 $-1 $400 18.18059829059829013 $651 18.18247863247862739 $509 $277 forward @7 unknown #
point $-1 -1 $-1 0.3000000000000000999 -18.18059829059829013 -0.5 #
point $-1 -1 $-1 0.5146107499519874118 -17.92331603963104669 -0.5 #
coedge $-1 -1 $-1 $652 $403 $406 $522 forward $264 $-1 #
color-adesk-attrib $-1 -1 $-1 $-1 $404 256 #
straight-curve $-1 -1 $-1 0.5146107499519874118 -18.60707672339173513 0.5 -0.9330902171825534719 0.3596423870989281513 0 I I #
coedge $-1 -1 $-1 $406 $405 $653 $654 forward $407 $-1 #
edge $655 -1 $-1 $409 -18.52435897435897516 $656 -18.5224786324786308 $406 $352 forward @7 unknown #
face $657 -1 $-1 $270 $407 $8 $-1 $354 reversed single #
point $-1 -1 $-1 0.3000000000000000444 -18.52435897435897516 0.5 #
coedge $-1 -1 $-1 $658 $653 $411 $526 forward $659 $-1 #
edge $660 -1 $-1 $528 0 $661 0.3350401926004216713 $525 $662 forward @7 unknown #
color-adesk-attrib $-1 -1 $-1 $-1 $412 256 #
vertex $-1 -1 $-1 $412 $663 #
coedge $-1 -1 $-1 $414 $426 $664 $665 forward $264 $-1 #
coedge $-1 -1 $-1 $664 $422 $418 $531 reversed $536 $-1 #
edge $666 -1 $-1 $533 -0.75 $425 0.25 $418 $667 forward @7 unknown #
color-adesk-attrib $-1 -1 $-1 $-1 $419 256 #
vertex $-1 -1 $-1 $419 $668 #
color-adesk-attrib $-1 -1 $-1 $-1 $420 256 #
coedge $-1 -1 $-1 $422 $664 $432 $545 reversed $536 $-1 #
loop $-1 -1 $-1 $-1 $422 $669 #
color-adesk-attrib $-1 -1 $-1 $-1 $423 256 #
straight-curve $-1 -1 $-1 0.5146107499519873008 -18.94895706527207579 -0.5 -0.9330902171825534719 0.3596423870989281513 0 F 0 F 0.2299999999999999822 #
point $-1 -1 $-1 0.3000000000000000444 -18.86623931623931583 -0.5 #
coedge $-1 -1 $-1 $427 $432 $426 $541 reversed $433 $-1 #
edge $670 -1 $-1 $430 0 $671 0.3350401926004216713 $540 $672 forward @7 unknown #
color-adesk-attrib $-1 -1 $-1 $-1 $428 256 #
straight-curve $-1 -1 $-1 0.2999999999999998224 -19.20623931623931924 -0.25 0 0 1 I I #
point $-1 -1 $-1 0.3000000000000000444 -19.20623931623931924 0.5 #
edge $673 -1 $-1 $435 0 $671 1 $535 $674 forward @7 unknown #
face $675 -1 $-1 $669 $433 $8 $-1 $676 forward single #
point $-1 -1 $-1 0.5146107499519873008 -18.94895706527207579 -0.5 #
coedge $-1 -1 $-1 $438 $677 $608 $678 forward $264 $-1 #
coedge $-1 -1 $-1 $450 $449 $438 $550 reversed $451 $-1 #
edge $679 -1 $-1 $680 0 $552 0.3350401926004216713 $549 $681 forward @7 unknown #
color-adesk-attrib $-1 -1 $-1 $-1 $440 256 #
vertex $-1 -1 $-1 $455 $682 #
straight-curve $-1 -1 $-1 0.5146107499519873008 -19.63271774903275713 0.5 -0.9330902171825534719 0.3596423870989281513 0 I I #
coedge $-1 -1 $-1 $467 $446 $683 $684 forward $102 $-1 #
coedge $-1 -1 $-1 $609 $607 $446 $556 reversed $484 $-1 #
edge $685 -1 $-1 $559 -19.89000000000000057 $686 19.89000000000000057 $555 $687 forward @7 unknown #
coedge $-1 -1 $-1 $608 $447 $450 $561 reversed $378 $-1 #
color-adesk-attrib $-1 -1 $-1 $-1 $448 256 #
vertex $-1 -1 $-1 $556 $688 #
straight-curve $-1 -1 $-1 0 -19.89000000000000057 -0.5 -1 0 0 I I #
edge $689 -1 $-1 $680 -0.5 $453 0.5 $557 $690 forward @7 unknown #
face $691 -1 $-1 $456 $451 $8 $-1 $692 forward single #
point $-1 -1 $-1 0.2999999999999999889 -19.89000000000000057 -0.5 #
color-adesk-attrib $-1 -1 $-1 $-1 $455 256 #
straight-curve $-1 -1 $-1 0.5146107499519873008 -19.63271774903275713 -0.5 0 0 1 I I #
color-adesk-attrib $-1 -1 $-1 $-1 $456 256 #
face $693 -1 $-1 $479 $694 $8 $-1 $354 reversed single #
plane-surface $-1 -1 $-1 0.5146107499519873008 -19.63271774903275713 -0.5 0.3596423870989281513 0.9330902171825534719 0 -0.9330902171825534719 0.3596423870989281513 0 forward_v I I I I #
coedge $-1 -1 $-1 $695 $458 $696 $697 reversed $102 $-1 #
coedge $-1 -1 $-1 $698 $699 $458 $571 reversed $694 $-1 #
edge $700 -1 $-1 $576 -19.4262393162393181 $701 -19.42435897435897729 $570 $277 forward @7 unknown #
coedge $-1 -1 $-1 $702 $459 $462 $579 forward $574 $-1 #
coedge $-1 -1 $-1 $459 $702 $698 $703 reversed $574 $-1 #
loop $-1 -1 $-1 $-1 $459 $704 #
color-adesk-attrib $-1 -1 $-1 $-1 $460 256 #
vertex $-1 -1 $-1 $571 $705 #
straight-curve $-1 -1 $-1 0.3000000000000023759 19.4262393162393181 -0.5 0.6405522522127310436 0.7679145865167543716 0 F 0 F 0.3350401926004216713 #
coedge $-1 -1 $-1 $462 $461 $706 $707 reversed $463 $-1 #
edge $708 -1 $-1 $465 0 $709 1 $462 $710 forward @7 unknown #
face $711 -1 $-1 $592 $463 $8 $-1 $712 forward single #
point $-1 -1 $-1 0.5146107499519896322 19.68352156720656509 -0.5 #
coedge $-1 -1 $-1 $713 $714 $467 $583 forward $715 $-1 #
edge $716 -1 $-1 $588 0 $717 0.2181196581196582218 $582 $718 forward @7 unknown #
coedge $-1 -1 $-1 $719 $468 $714 $720 forward $586 $-1 #
coedge $-1 -1 $-1 $468 $719 $470 $591 reversed $586 $-1 #
loop $-1 -1 $-1 $-1 $468 $721 #
color-adesk-attrib $-1 -1 $-1 $-1 $469 256 #
vertex $-1 -1 $-1 $469 $722 #
straight-curve $-1 -1 $-1 0.5146107499519896322 20.02540190908690576 -0.5 -0.9330902171825534719 0.3596423870989281513 0 F 0 F 0.2299999999999999822 #
coedge $-1 -1 $-1 $471 $470 $723 $724 reversed $472 $-1 #
edge $725 -1 $-1 $474 0 $726 1 $585 $727 forward @7 unknown #
face $728 -1 $-1 $729 $472 $8 $-1 $730 forward single #
point $-1 -1 $-1 0.5146107499519896322 20.02540190908690576 -0.5 #
coedge $-1 -1 $-1 $723 $706 $476 $595 forward $264 $-1 #
edge $731 -1 $-1 $600 19.76623931623931796 $597 19.76811965811965877 $476 $352 forward @7 unknown #
color-adesk-attrib $-1 -1 $-1 $-1 $477 256 #
vertex $-1 -1 $-1 $724 $732 #
straight-curve $-1 -1 $-1 0.2999999999999998224 19.76811965811965521 -0.25 0 0 1 I I #
color-adesk-attrib $-1 -1 $-1 $-1 $478 256 #
vertex $-1 -1 $-1 $595 $733 #
straight-curve $-1 -1 $-1 0.3000000000000002665 19.76623931623932151 -0.25 0 0 -1 I I #
color-adesk-attrib $-1 -1 $-1 $-1 $479 256 #
face $734 -1 $-1 $735 $736 $8 $-1 $354 reversed single #
color-adesk-attrib $-1 -1 $-1 $-1 $483 256 #
loop $-1 -1 $-1 $-1 $737 $483 #
plane-surface $-1 -1 $-1 0 19.89000000000000057 0 0 -1 0 0 0 -1 forward_v I I I I #
coedge $-1 -1 $-1 $555 $738 $739 $740 forward $484 $-1 #
coedge $-1 -1 $-1 $486 $557 $548 $678 reversed $378 $-1 #
coedge $-1 -1 $-1 $738 $555 $486 $610 reversed $484 $-1 #
edge $741 -1 $-1 $742 -0.5 $559 0.5 $609 $743 forward @7 unknown #
color-adesk-attrib $-1 -1 $-1 $-1 $488 256 #
face $744 -1 $-1 $745 $746 $8 $-1 $747 forward single #
loop $-1 -1 $-1 $-1 $748 $488 #
plane-surface $-1 -1 $-1 0.5146107499519874118 -16.55579467210967692 -0.5 0.3596423870989281513 0.9330902171825534719 0 -0.9330902171825534719 0.3596423870989281513 0 forward_v I I I I #
coedge $-1 -1 $-1 $749 $750 $751 $752 forward $489 $-1 #
coedge $-1 -1 $-1 $753 $491 $754 $755 reversed $387 $-1 #
coedge $-1 -1 $-1 $491 $753 $492 $621 reversed $387 $-1 #
coedge $-1 -1 $-1 $494 $756 $491 $619 reversed $102 $-1 #
edge $757 -1 $-1 $627 0 $758 0.2299999999999999822 $491 $759 forward @7 unknown #
coedge $-1 -1 $-1 $493 $492 $760 $761 reversed $306 $-1 #
edge $762 -1 $-1 $627 0 $763 1 $617 $764 forward @7 unknown #
coedge $-1 -1 $-1 $765 $766 $493 $623 forward $767 $-1 #
edge $768 -1 $-1 $626 -0.25 $769 0.75 $622 $770 forward @7 unknown #
coedge $-1 -1 $-1 $771 $494 $766 $772 forward $102 $-1 #
color-adesk-attrib $-1 -1 $-1 $-1 $495 256 #
vertex $-1 -1 $-1 $772 $773 #
vertex $-1 -1 $-1 $619 $774 #
straight-curve $-1 -1 $-1 0.3000000000000001554 -17.4968376068376088 -0.5 0.6405522522127310436 0.7679145865167543716 0 F 0 F 0.3350401926004216713 #
coedge $-1 -1 $-1 $775 $503 $496 $630 forward $264 $-1 #
edge $776 -1 $-1 $506 0 $635 0.2299999999999999822 $496 $777 forward @7 unknown #
coedge $-1 -1 $-1 $778 $497 $499 $638 reversed $633 $-1 #
coedge $-1 -1 $-1 $497 $778 $775 $779 reversed $633 $-1 #
loop $-1 -1 $-1 $-1 $497 $780 #
color-adesk-attrib $-1 -1 $-1 $-1 $498 256 #
vertex $-1 -1 $-1 $779 $781 #
straight-curve $-1 -1 $-1 0.2999999999999998224 -17.84059829059829383 -0.25 0 0 -1 I I #
coedge $-1 -1 $-1 $499 $771 $782 $783 reversed $102 $-1 #
edge $784 -1 $-1 $785 17.83871794871794947 $501 17.84059829059828672 $631 $277 forward @7 unknown #
point $-1 -1 $-1 0.3000000000000000999 -17.84059829059828672 -0.5 #
coedge $-1 -1 $-1 $503 $786 $508 $645 forward $264 $-1 #
color-adesk-attrib $-1 -1 $-1 $-1 $504 256 #
straight-curve $-1 -1 $-1 0.3000000000000000999 -18.18059829059829013 0.5 0.6405522522127310436 0.7679145865167543716 0 I I #
point $-1 -1 $-1 0.5146107499519874118 -17.92331603963104669 0.5 #
coedge $-1 -1 $-1 $509 $508 $787 $788 forward $510 $-1 #
edge $789 -1 $-1 $790 -18.18247863247862739 $512 -18.18059829059829013 $508 $352 forward @7 unknown #
face $791 -1 $-1 $780 $510 $8 $-1 $354 reversed single #
point $-1 -1 $-1 0.3000000000000000999 -18.18059829059829013 0.5 #
coedge $-1 -1 $-1 $787 $792 $514 $649 forward $793 $-1 #
edge $794 -1 $-1 $661 0 $651 0.2299999999999999822 $648 $795 forward @7 unknown #
color-adesk-attrib $-1 -1 $-1 $-1 $515 256 #
vertex $-1 -1 $-1 $649 $796 #
coedge $-1 -1 $-1 $786 $518 $797 $798 forward $264 $-1 #
coedge $-1 -1 $-1 $525 $797 $521 $654 reversed $659 $-1 #
edge $799 -1 $-1 $528 -0.25 $656 0.75 $521 $800 forward @7 unknown #
color-adesk-attrib $-1 -1 $-1 $-1 $522 256 #
vertex $-1 -1 $-1 $798 $801 #
color-adesk-attrib $-1 -1 $-1 $-1 $523 256 #
coedge $-1 -1 $-1 $797 $525 $792 $802 forward $659 $-1 #
loop $-1 -1 $-1 $-1 $525 $803 #
color-adesk-attrib $-1 -1 $-1 $-1 $526 256 #
vertex $-1 -1 $-1 $649 $804 #
straight-curve $-1 -1 $-1 0.3000000000000000444 -18.5224786324786308 -0.5 0.6405522522127310436 0.7679145865167543716 0 F 0 F 0.3350401926004216713 #
point $-1 -1 $-1 0.3000000000000000444 -18.5224786324786308 -0.5 #
coedge $-1 -1 $-1 $535 $530 $529 $665 reversed $536 $-1 #
edge $805 -1 $-1 $671 0 $533 0.2299999999999999822 $664 $806 forward @7 unknown #
color-adesk-attrib $-1 -1 $-1 $-1 $531 256 #
straight-curve $-1 -1 $-1 0.2999999999999993783 -18.86623931623932293 -0.25 0 0 -1 I I #
point $-1 -1 $-1 0.3000000000000000444 -18.86623931623931583 0.5 #
face $807 -1 $-1 $562 $536 $8 $-1 $808 forward single #
color-adesk-attrib $-1 -1 $-1 $-1 $541 256 #
vertex $-1 -1 $-1 $545 $809 #
straight-curve $-1 -1 $-1 0.3000000000000000444 -19.20623931623931924 0.5 0.6405522522127310436 0.7679145865167543716 0 I I #
color-adesk-attrib $-1 -1 $-1 $-1 $545 256 #
straight-curve $-1 -1 $-1 0.5146107499519873008 -18.94895706527207579 -0.5 0 0 1 I I #
color-adesk-attrib $-1 -1 $-1 $-1 $546 256 #
plane-surface $-1 -1 $-1 0.3000000000000000444 -19.20623931623931924 -0.5 0.7679145865167543716 -0.6405522522127310436 0 0.6405522522127310436 0.7679145865167543716 0 forward_v I I I I #
coedge $-1 -1 $-1 $548 $810 $738 $811 forward $264 $-1 #
edge $812 -1 $-1 $742 -0.2999999999999999889 $680 0.2999999999999999889 $608 $813 forward @7 unknown #
color-adesk-attrib $-1 -1 $-1 $-1 $550 256 #
vertex $-1 -1 $-1 $550 $814 #
straight-curve $-1 -1 $-1 0.2999999999999999889 -19.89000000000000057 0.5 0.6405522522127310436 0.7679145865167543716 0 I I #
point $-1 -1 $-1 0.5146107499519873008 -19.63271774903275713 0.5 #
coedge $-1 -1 $-1 $739 $737 $554 $684 reversed $605 $-1 #
edge $815 -1 $-1 $686 -0.2999999999999999889 $717 0.2999999999999999889 $683 $816 forward @7 unknown #
color-adesk-attrib $-1 -1 $-1 $-1 $556 256 #
vertex $-1 -1 $-1 $684 $817 #
straight-curve $-1 -1 $-1 -0.2999999999999999889 0 -0.5 0 1 0 I I #
point $-1 -1 $-1 -0.2999999999999999889 -19.89000000000000057 -0.5 #
color-adesk-attrib $-1 -1 $-1 $-1 $561 256 #
straight-curve $-1 -1 $-1 0.2999999999999999889 -19.89000000000000057 0 0 0 -1 I I #
color-adesk-attrib $-1 -1 $-1 $-1 $562 256 #
plane-surface $-1 -1 $-1 0.2999999999999999889 -19.89000000000000057 -0.5 0.7679145865167543716 -0.6405522522127310436 0 0.6405522522127310436 0.7679145865167543716 0 forward_v I I I I #
color-adesk-attrib $-1 -1 $-1 $-1 $567 256 #
loop $-1 -1 $-1 $-1 $698 $567 #
coedge $-1 -1 $-1 $818 $569 $819 $820 reversed $102 $-1 #
coedge $-1 -1 $-1 $821 $822 $569 $697 forward $823 $-1 #
edge $824 -1 $-1 $825 0 $701 0.2299999999999999822 $696 $826 forward @7 unknown #
coedge $-1 -1 $-1 $827 $570 $573 $703 forward $694 $-1 #
coedge $-1 -1 $-1 $570 $827 $821 $828 forward $694 $-1 #
color-adesk-attrib $-1 -1 $-1 $-1 $571 256 #
vertex $-1 -1 $-1 $697 $829 #
coedge $-1 -1 $-1 $573 $572 $830 $831 reversed $574 $-1 #
edge $832 -1 $-1 $576 -0.25 $833 0.75 $698 $834 forward @7 unknown #
face $835 -1 $-1 $580 $574 $8 $-1 $836 forward single #
point $-1 -1 $-1 0.3000000000000023759 19.4262393162393181 -0.5 #
coedge $-1 -1 $-1 $594 $830 $578 $707 forward $264 $-1 #
edge $837 -1 $-1 $709 0 $600 0.2299999999999999822 $578 $838 forward @7 unknown #
color-adesk-attrib $-1 -1 $-1 $-1 $579 256 #
vertex $-1 -1 $-1 $579 $839 #
straight-curve $-1 -1 $-1 0.5146107499519896322 19.68352156720656509 -0.5 0 0 1 I I #
color-adesk-attrib $-1 -1 $-1 $-1 $580 256 #
plane-surface $-1 -1 $-1 0.5146107499519896322 19.68352156720656509 -0.5 0.3596423870989281513 0.9330902171825534719 0 -0.9330902171825534719 0.3596423870989281513 0 forward_v I I I I #
coedge $-1 -1 $-1 $840 $582 $737 $841 reversed $715 $-1 #
coedge $-1 -1 $-1 $582 $840 $584 $720 reversed $715 $-1 #
loop $-1 -1 $-1 $-1 $713 $729 #
color-adesk-attrib $-1 -1 $-1 $-1 $583 256 #
vertex $-1 -1 $-1 $583 $842 #
straight-curve $-1 -1 $-1 0.3000000000000024314 20.10811965811965862 -0.5 0 -1 0 F 0 F 0.3400000000000000799 #
coedge $-1 -1 $-1 $585 $584 $843 $844 reversed $586 $-1 #
edge $845 -1 $-1 $588 0 $846 1 $584 $847 forward @7 unknown #
face $848 -1 $-1 $849 $586 $8 $-1 $850 forward single #
point $-1 -1 $-1 0.3000000000000024314 20.10811965811965862 -0.5 #
coedge $-1 -1 $-1 $843 $594 $590 $724 forward $264 $-1 #
edge $851 -1 $-1 $597 0 $726 0.3350401926004216713 $590 $852 forward @7 unknown #
color-adesk-attrib $-1 -1 $-1 $-1 $591 256 #
vertex $-1 -1 $-1 $591 $853 #
straight-curve $-1 -1 $-1 0.5146107499519896322 20.02540190908690576 -0.5 0 0 1 I I #
color-adesk-attrib $-1 -1 $-1 $-1 $592 256 #
face $854 -1 $-1 $721 $715 $8 $-1 $855 forward single #
plane-surface $-1 -1 $-1 0.3000000000000024314 19.76811965811965877 -0.5 0.7679145865167543716 -0.6405522522127310436 0 0.6405522522127310436 0.7679145865167543716 0 forward_v I I I I #
color-adesk-attrib $-1 -1 $-1 $-1 $595 256 #
point $-1 -1 $-1 0.3000000000000024314 19.76811965811965877 0.5 #
point $-1 -1 $-1 0.3000000000000023759 19.76623931623931796 0.5 #
color-adesk-attrib $-1 -1 $-1 $-1 $603 256 #
face $856 -1 $-1 $857 $858 $8 $-1 $354 reversed single #
loop $-1 -1 $-1 $-1 $859 $603 #
coedge $-1 -1 $-1 $683 $860 $713 $841 forward $605 $-1 #
coedge $-1 -1 $-1 $607 $609 $677 $811 reversed $484 $-1 #
coedge $-1 -1 $-1 $860 $683 $607 $740 reversed $605 $-1 #
edge $861 -1 $-1 $862 -0.5 $686 0.5 $739 $863 forward @7 unknown #
color-adesk-attrib $-1 -1 $-1 $-1 $610 256 #
vertex $-1 -1 $-1 $811 $864 #
straight-curve $-1 -1 $-1 -0.2999999999999999889 -19.89000000000000057 0 0 0 -1 I I #
color-adesk-attrib $-1 -1 $-1 $-1 $612 256 #
face $865 -1 $-1 $866 $867 $8 $-1 $868 forward single #
loop $-1 -1 $-1 $-1 $869 $612 #
plane-surface $-1 -1 $-1 0.3000000000000002109 -16.12931623931623903 -0.5 0.7679145865167543716 -0.6405522522127310436 0 0.6405522522127310436 0.7679145865167543716 0 forward_v I I I I #
coedge $-1 -1 $-1 $870 $871 $872 $873 forward $613 $-1 #
coedge $-1 -1 $-1 $874 $615 $871 $875 forward $489 $-1 #
coedge $-1 -1 $-1 $615 $874 $876 $877 reversed $489 $-1 #
coedge $-1 -1 $-1 $878 $872 $615 $752 reversed $102 $-1 #
edge $879 -1 $-1 $880 0 $881 0.3350401926004216713 $615 $882 forward @7 unknown #
coedge $-1 -1 $-1 $617 $616 $883 $884 reversed $387 $-1 #
coedge $-1 -1 $-1 $885 $886 $616 $755 forward $887 $-1 #
edge $888 -1 $-1 $889 -0.75 $758 0.25 $754 $890 forward @7 unknown #
coedge $-1 -1 $-1 $618 $891 $885 $892 forward $102 $-1 #
color-adesk-attrib $-1 -1 $-1 $-1 $619 256 #
vertex $-1 -1 $-1 $619 $893 #
straight-curve $-1 -1 $-1 0.5146107499519874118 -17.23955535587036536 -0.5 -0.9330902171825534719 0.3596423870989281513 0 F 0 F 0.2299999999999999822 #
coedge $-1 -1 $-1 $883 $894 $620 $761 forward $264 $-1 #
edge $895 -1 $-1 $769 0 $763 0.3350401926004216713 $620 $896 forward @7 unknown #
color-adesk-attrib $-1 -1 $-1 $-1 $621 256 #
vertex $-1 -1 $-1 $621 $897 #
straight-curve $-1 -1 $-1 0.5146107499519874118 -17.23955535587036536 -0.5 0 0 1 I I #
coedge $-1 -1 $-1 $898 $622 $894 $899 reversed $767 $-1 #
coedge $-1 -1 $-1 $622 $898 $624 $772 reversed $767 $-1 #
loop $-1 -1 $-1 $-1 $622 $900 #
color-adesk-attrib $-1 -1 $-1 $-1 $623 256 #
vertex $-1 -1 $-1 $761 $901 #
straight-curve $-1 -1 $-1 0.3000000000000007105 -17.4968376068376088 -0.25 0 0 1 I I #
coedge $-1 -1 $-1 $637 $624 $902 $903 reversed $102 $-1 #
edge $904 -1 $-1 $626 17.4968376068376088 $905 17.49871794871794606 $766 $277 forward @7 unknown #
point $-1 -1 $-1 0.3000000000000001554 -17.4968376068376088 -0.5 #
point $-1 -1 $-1 0.5146107499519874118 -17.23955535587036536 -0.5 #
coedge $-1 -1 $-1 $906 $629 $632 $779 forward $264 $-1 #
color-adesk-attrib $-1 -1 $-1 $-1 $630 256 #
straight-curve $-1 -1 $-1 0.5146107499519874118 -17.92331603963104669 0.5 -0.9330902171825534719 0.3596423870989281513 0 I I #
coedge $-1 -1 $-1 $632 $631 $907 $908 forward $633 $-1 #
edge $909 -1 $-1 $635 -17.84059829059828672 $910 -17.83871794871794947 $632 $352 forward @7 unknown #
face $911 -1 $-1 $420 $633 $8 $-1 $354 reversed single #
point $-1 -1 $-1 0.3000000000000000999 -17.84059829059828672 0.5 #
coedge $-1 -1 $-1 $912 $907 $637 $783 forward $913 $-1 #
edge $914 -1 $-1 $785 0 $915 0.3350401926004216713 $782 $916 forward @7 unknown #
color-adesk-attrib $-1 -1 $-1 $-1 $638 256 #
vertex $-1 -1 $-1 $638 $917 #
coedge $-1 -1 $-1 $640 $652 $918 $919 forward $264 $-1 #
coedge $-1 -1 $-1 $918 $648 $644 $788 reversed $793 $-1 #
edge $920 -1 $-1 $790 -0.75 $651 0.25 $644 $921 forward @7 unknown #
color-adesk-attrib $-1 -1 $-1 $-1 $645 256 #
vertex $-1 -1 $-1 $645 $922 #
color-adesk-attrib $-1 -1 $-1 $-1 $646 256 #
coedge $-1 -1 $-1 $648 $918 $658 $802 reversed $793 $-1 #
loop $-1 -1 $-1 $-1 $648 $923 #
color-adesk-attrib $-1 -1 $-1 $-1 $649 256 #
straight-curve $-1 -1 $-1 0.5146107499519874118 -18.26519638151138736 -0.5 -0.9330902171825534719 0.3596423870989281513 0 F 0 F 0.2299999999999999822 #
point $-1 -1 $-1 0.3000000000000000444 -18.18247863247862739 -0.5 #
coedge $-1 -1 $-1 $653 $658 $652 $798 reversed $659 $-1 #
edge $924 -1 $-1 $656 0 $925 0.3350401926004216713 $797 $926 forward @7 unknown #
color-adesk-attrib $-1 -1 $-1 $-1 $654 256 #
straight-curve $-1 -1 $-1 0.3000000000000007105 -18.5224786324786308 -0.25 0 0 1 I I #
point $-1 -1 $-1 0.3000000000000000444 -18.5224786324786308 0.5 #
edge $927 -1 $-1 $661 0 $925 1 $792 $928 forward @7 unknown #
face $929 -1 $-1 $923 $659 $8 $-1 $930 forward single #
point $-1 -1 $-1 0.5146107499519874118 -18.26519638151138736 -0.5 #
color-adesk-attrib $-1 -1 $-1 $-1 $665 256 #
straight-curve $-1 -1 $-1 0.5146107499519873008 -18.94895706527207579 0.5 -0.9330902171825534719 0.3596423870989281513 0 I I #
color-adesk-attrib $-1 -1 $-1 $-1 $669 256 #
plane-surface $-1 -1 $-1 0.5146107499519873008 -18.94895706527207579 -0.5 0.3596423870989281513 0.9330902171825534719 0 -0.9330902171825534719 0.3596423870989281513 0 forward_v I I I I #
point $-1 -1 $-1 0.5146107499519873008 -18.94895706527207579 0.5 #
coedge $-1 -1 $-1 $677 $931 $860 $932 forward $264 $-1 #
edge $933 -1 $-1 $862 -19.89000000000000057 $742 19.89000000000000057 $738 $934 forward @7 unknown #
color-adesk-attrib $-1 -1 $-1 $-1 $678 256 #
straight-curve $-1 -1 $-1 0 -19.89000000000000057 0.5 1 0 0 I I #
point $-1 -1 $-1 0.2999999999999999889 -19.89000000000000057 0.5 #
color-adesk-attrib $-1 -1 $-1 $-1 $684 256 #
straight-curve $-1 -1 $-1 0 19.89000000000000057 -0.5 1 0 0 I I #
point $-1 -1 $-1 -0.2999999999999999889 19.89000000000000057 -0.5 #
coedge $-1 -1 $-1 $935 $695 $936 $937 forward $102 $-1 #
coedge $-1 -1 $-1 $938 $939 $695 $820 forward $940 $-1 #
edge $941 -1 $-1 $942 0 $825 0.3350401926004216713 $819 $943 forward @7 unknown #
coedge $-1 -1 $-1 $944 $696 $699 $828 reversed $823 $-1 #
coedge $-1 -1 $-1 $696 $944 $938 $945 reversed $823 $-1 #
loop $-1 -1 $-1 $-1 $696 $946 #
color-adesk-attrib $-1 -1 $-1 $-1 $697 256 #
vertex $-1 -1 $-1 $697 $947 #
straight-curve $-1 -1 $-1 0.5146107499519896322 19.34164122532622443 -0.5 -0.9330902171825534719 0.3596423870989281513 0 F 0 F 0.2299999999999999822 #
coedge $-1 -1 $-1 $699 $698 $948 $949 reversed $694 $-1 #
edge $950 -1 $-1 $951 -0.75 $701 0.25 $699 $952 forward @7 unknown #
point $-1 -1 $-1 0.3000000000000023759 19.42435897435897729 -0.5 #
coedge $-1 -1 $-1 $706 $948 $702 $831 forward $264 $-1 #
edge $953 -1 $-1 $833 0 $709 0.3350401926004216713 $702 $954 forward @7 unknown #
color-adesk-attrib $-1 -1 $-1 $-1 $703 256 #
vertex $-1 -1 $-1 $831 $955 #
straight-curve $-1 -1 $-1 0.2999999999999998224 19.42623931623931455 -0.25 0 0 1 I I #
color-adesk-attrib $-1 -1 $-1 $-1 $704 256 #
plane-surface $-1 -1 $-1 0.3000000000000023759 19.4262393162393181 -0.5 0.7679145865167543716 -0.6405522522127310436 0 0.6405522522127310436 0.7679145865167543716 0 forward_v I I I I #
color-adesk-attrib $-1 -1 $-1 $-1 $707 256 #
straight-curve $-1 -1 $-1 0.5146107499519896322 19.68352156720656509 0.5 -0.9330902171825534719 0.3596423870989281513 0 I I #
point $-1 -1 $-1 0.5146107499519896322 19.68352156720656509 0.5 #
coedge $-1 -1 $-1 $714 $713 $931 $956 reversed $715 $-1 #
edge $957 -1 $-1 $958 -0.5 $717 0.5 $737 $959 forward @7 unknown #
point $-1 -1 $-1 0.2999999999999999889 19.89000000000000057 -0.5 #
coedge $-1 -1 $-1 $931 $723 $719 $844 forward $264 $-1 #
edge $960 -1 $-1 $726 0 $846 0.2299999999999999822 $719 $961 forward @7 unknown #
color-adesk-attrib $-1 -1 $-1 $-1 $720 256 #
vertex $-1 -1 $-1 $720 $962 #
straight-curve $-1 -1 $-1 0.3000000000000024314 20.10811965811965862 -0.5 0 0 1 I I #
color-adesk-attrib $-1 -1 $-1 $-1 $721 256 #
face $963 -1 $-1 $946 $940 $8 $-1 $964 forward single #
plane-surface $-1 -1 $-1 0.5146107499519896322 20.02540190908690576 -0.5 0.3596423870989281513 0.9330902171825534719 0 -0.9330902171825534719 0.3596423870989281513 0 forward_v I I I I #
color-adesk-attrib $-1 -1 $-1 $-1 $724 256 #
straight-curve $-1 -1 $-1 0.3000000000000024314 19.76811965811965877 0.5 0.6405522522127310436 0.7679145865167543716 0 I I #
point $-1 -1 $-1 0.5146107499519896322 20.02540190908690576 0.5 #
color-adesk-attrib $-1 -1 $-1 $-1 $729 256 #
plane-surface $-1 -1 $-1 0.3000000000000024314 20.10811965811965862 -0.5 -1 0 0 0 -1 0 forward_v I I I I #
color-adesk-attrib $-1 -1 $-1 $-1 $735 256 #
face $965 -1 $-1 $966 $967 $8 $-1 $354 reversed single #
loop $-1 -1 $-1 $-1 $968 $735 #
coedge $-1 -1 $-1 $969 $970 $971 $972 forward $736 $-1 #
coedge $-1 -1 $-1 $737 $739 $810 $932 reversed $605 $-1 #
color-adesk-attrib $-1 -1 $-1 $-1 $740 256 #
vertex $-1 -1 $-1 $932 $973 #
straight-curve $-1 -1 $-1 -0.2999999999999999889 19.89000000000000057 0 0 0 -1 I I #
point $-1 -1 $-1 -0.2999999999999999889 -19.89000000000000057 0.5 #
color-adesk-attrib $-1 -1 $-1 $-1 $745 256 #
face $974 -1 $-1 $975 $976 $8 $-1 $977 forward single #
loop $-1 -1 $-1 $-1 $978 $745 #
plane-surface $-1 -1 $-1 0.5146107499519875228 -15.87203398834899559 -0.5 0.3596423870989281513 0.9330902171825534719 0 -0.9330902171825534719 0.3596423870989281513 0 forward_v I I I I #
coedge $-1 -1 $-1 $979 $980 $981 $982 forward $746 $-1 #
coedge $-1 -1 $-1 $983 $748 $984 $985 reversed $613 $-1 #
coedge $-1 -1 $-1 $748 $983 $749 $875 reversed $613 $-1 #
coedge $-1 -1 $-1 $751 $986 $748 $873 reversed $102 $-1 #
edge $987 -1 $-1 $881 0 $988 0.2299999999999999822 $748 $989 forward @7 unknown #
coedge $-1 -1 $-1 $750 $749 $990 $991 reversed $489 $-1 #
edge $992 -1 $-1 $881 0 $993 1 $871 $994 forward @7 unknown #
coedge $-1 -1 $-1 $995 $996 $750 $877 forward $997 $-1 #
edge $998 -1 $-1 $880 -0.25 $999 0.75 $876 $1000 forward @7 unknown #
coedge $-1 -1 $-1 $1001 $751 $996 $1002 forward $102 $-1 #
color-adesk-attrib $-1 -1 $-1 $-1 $752 256 #
vertex $-1 -1 $-1 $1002 $1003 #
vertex $-1 -1 $-1 $873 $1004 #
straight-curve $-1 -1 $-1 0.3000000000000001554 -16.81307692307692037 -0.5 0.6405522522127310436 0.7679145865167543716 0 F 0 F 0.3350401926004216713 #
coedge $-1 -1 $-1 $1005 $760 $753 $884 forward $264 $-1 #
edge $1006 -1 $-1 $763 0 $889 0.2299999999999999822 $753 $1007 forward @7 unknown #
coedge $-1 -1 $-1 $1008 $754 $756 $892 reversed $887 $-1 #
coedge $-1 -1 $-1 $754 $1008 $1005 $1009 reversed $887 $-1 #
loop $-1 -1 $-1 $-1 $754 $1010 #
color-adesk-attrib $-1 -1 $-1 $-1 $755 256 #
vertex $-1 -1 $-1 $1009 $1011 #
straight-curve $-1 -1 $-1 0.2999999999999998224 -17.1568376068376125 -0.25 0 0 -1 I I #
coedge $-1 -1 $-1 $756 $1001 $1012 $1013 reversed $102 $-1 #
edge $1014 -1 $-1 $1015 17.15495726495726814 $758 17.15683760683760539 $885 $277 forward @7 unknown #
point $-1 -1 $-1 0.3000000000000001554 -17.15683760683760539 -0.5 #
coedge $-1 -1 $-1 $760 $1016 $765 $899 forward $264 $-1 #
color-adesk-attrib $-1 -1 $-1 $-1 $761 256 #
straight-curve $-1 -1 $-1 0.3000000000000001554 -17.4968376068376088 0.5 0.6405522522127310436 0.7679145865167543716 0 I I #
point $-1 -1 $-1 0.5146107499519874118 -17.23955535587036536 0.5 #
coedge $-1 -1 $-1 $766 $765 $1017 $1018 forward $767 $-1 #
edge $1019 -1 $-1 $1020 -17.49871794871794606 $769 -17.4968376068376088 $765 $352 forward @7 unknown #
face $1021 -1 $-1 $1010 $767 $8 $-1 $354 reversed single #
point $-1 -1 $-1 0.3000000000000001554 -17.4968376068376088 0.5 #
coedge $-1 -1 $-1 $1017 $1022 $771 $903 forward $1023 $-1 #
edge $1024 -1 $-1 $915 0 $905 0.2299999999999999822 $902 $1025 forward @7 unknown #
color-adesk-attrib $-1 -1 $-1 $-1 $772 256 #
vertex $-1 -1 $-1 $903 $1026 #
coedge $-1 -1 $-1 $1016 $775 $1027 $1028 forward $264 $-1 #
coedge $-1 -1 $-1 $782 $1027 $778 $908 reversed $913 $-1 #
edge $1029 -1 $-1 $785 -0.25 $910 0.75 $778 $1030 forward @7 unknown #
color-adesk-attrib $-1 -1 $-1 $-1 $779 256 #
vertex $-1 -1 $-1 $1028 $1031 #
color-adesk-attrib $-1 -1 $-1 $-1 $780 256 #
coedge $-1 -1 $-1 $1027 $782 $1022 $1032 forward $913 $-1 #
loop $-1 -1 $-1 $-1 $782 $1033 #
color-adesk-attrib $-1 -1 $-1 $-1 $783 256 #
vertex $-1 -1 $-1 $903 $1034 #
straight-curve $-1 -1 $-1 0.3000000000000000999 -17.83871794871794947 -0.5 0.6405522522127310436 0.7679145865167543716 0 F 0 F 0.3350401926004216713 #
point $-1 -1 $-1 0.3000000000000000999 -17.83871794871794947 -0.5 #
coedge $-1 -1 $-1 $792 $787 $786 $919 reversed $793 $-1 #
edge $1035 -1 $-1 $925 0 $790 0.2299999999999999822 $918 $1036 forward @7 unknown #
color-adesk-attrib $-1 -1 $-1 $-1 $788 256 #
straight-curve $-1 -1 $-1 0.2999999999999993783 -18.18247863247863449 -0.25 0 0 -1 I I #
point $-1 -1 $-1 0.3000000000000000444 -18.18247863247862739 0.5 #
face $1037 -1 $-1 $546 $793 $8 $-1 $1038 forward single #
color-adesk-attrib $-1 -1 $-1 $-1 $798 256 #
vertex $-1 -1 $-1 $802 $1039 #
straight-curve $-1 -1 $-1 0.3000000000000000444 -18.5224786324786308 0.5 0.6405522522127310436 0.7679145865167543716 0 I I #
color-adesk-attrib $-1 -1 $-1 $-1 $802 256 #
straight-curve $-1 -1 $-1 0.5146107499519874118 -18.26519638151138736 -0.5 0 0 1 I I #
color-adesk-attrib $-1 -1 $-1 $-1 $803 256 #
plane-surface $-1 -1 $-1 0.3000000000000000444 -18.5224786324786308 -0.5 0.7679145865167543716 -0.6405522522127310436 0 0.6405522522127310436 0.7679145865167543716 0 forward_v I I I I #
coedge $-1 -1 $-1 $810 $843 $840 $956 forward $264 $-1 #
edge $1040 -1 $-1 $958 -0.2999999999999999889 $862 0.2999999999999999889 $860 $1041 forward @7 unknown #
color-adesk-attrib $-1 -1 $-1 $-1 $811 256 #
straight-curve $-1 -1 $-1 -0.2999999999999999889 0 0.5 0 -1 0 I I #
coedge $-1 -1 $-1 $1042 $818 $1043 $1044 reversed $102 $-1 #
coedge $-1 -1 $-1 $1045 $968 $818 $937 reversed $858 $-1 #
edge $1046 -1 $-1 $942 -19.08435897435897743 $1047 -19.08247863247862952 $936 $277 forward @7 unknown #
coedge $-1 -1 $-1 $1048 $819 $822 $945 forward $940 $-1 #
coedge $-1 -1 $-1 $819 $1048 $1045 $1049 reversed $940 $-1 #
loop $-1 -1 $-1 $-1 $819 $849 #
color-adesk-attrib $-1 -1 $-1 $-1 $820 256 #
vertex $-1 -1 $-1 $937 $1050 #
straight-curve $-1 -1 $-1 0.3000000000000023759 19.08435897435897743 -0.5 0.6405522522127310436 0.7679145865167543716 0 F 0 F 0.3350401926004216713 #
coedge $-1 -1 $-1 $822 $821 $1051 $1052 reversed $823 $-1 #
edge $1053 -1 $-1 $825 0 $1054 1 $822 $1055 forward @7 unknown #
face $1056 -1 $-1 $1057 $823 $8 $-1 $1058 forward single #
point $-1 -1 $-1 0.5146107499519896322 19.34164122532622443 -0.5 #
coedge $-1 -1 $-1 $830 $1051 $827 $949 forward $264 $-1 #
edge $1059 -1 $-1 $951 19.42435897435897729 $833 19.4262393162393181 $827 $352 forward @7 unknown #
color-adesk-attrib $-1 -1 $-1 $-1 $828 256 #
vertex $-1 -1 $-1 $949 $1060 #
straight-curve $-1 -1 $-1 0.3000000000000002665 19.42435897435898084 -0.25 0 0 -1 I I #
color-adesk-attrib $-1 -1 $-1 $-1 $831 256 #
straight-curve $-1 -1 $-1 0.3000000000000023759 19.4262393162393181 0.5 0.6405522522127310436 0.7679145865167543716 0 I I #
point $-1 -1 $-1 0.3000000000000023759 19.4262393162393181 0.5 #
edge $1061 -1 $-1 $846 0 $958 0.2181196581196582218 $840 $1062 forward @7 unknown #
color-adesk-attrib $-1 -1 $-1 $-1 $841 256 #
vertex $-1 -1 $-1 $932 $1063 #
straight-curve $-1 -1 $-1 0.2999999999999999889 19.89000000000000057 0 0 0 -1 I I #
color-adesk-attrib $-1 -1 $-1 $-1 $844 256 #
straight-curve $-1 -1 $-1 0.5146107499519896322 20.02540190908690576 0.5 -0.9330902171825534719 0.3596423870989281513 0 I I #
point $-1 -1 $-1 0.3000000000000024314 20.10811965811965862 0.5 #
color-adesk-attrib $-1 -1 $-1 $-1 $849 256 #
plane-surface $-1 -1 $-1 0.3000000000000023759 19.08435897435897743 -0.5 0.7679145865167543716 -0.6405522522127310436 0 0.6405522522127310436 0.7679145865167543716 0 forward_v I I I I #
color-adesk-attrib $-1 -1 $-1 $-1 $857 256 #
face $1064 -1 $-1 $1065 $1066 $8 $-1 $354 reversed single #
loop $-1 -1 $-1 $-1 $1067 $857 #
coedge $-1 -1 $-1 $936 $1068 $1069 $1070 forward $858 $-1 #
coedge $-1 -1 $-1 $1071 $859 $1072 $1073 reversed $736 $-1 #
coedge $-1 -1 $-1 $859 $1071 $1074 $1075 reversed $736 $-1 #
coedge $-1 -1 $-1 $1076 $1077 $859 $972 reversed $1078 $-1 #
edge $1079 -1 $-1 $1080 -0.25 $1081 0.75 $859 $1082 forward @7 unknown #
point $-1 -1 $-1 -0.2999999999999999889 19.89000000000000057 0.5 #
color-adesk-attrib $-1 -1 $-1 $-1 $866 256 #
face $1083 -1 $-1 $1084 $1085 $8 $-1 $1086 forward single #
loop $-1 -1 $-1 $-1 $1087 $866 #
plane-surface $-1 -1 $-1 0.3000000000000002665 -15.4455555555555577 -0.5 0.7679145865167543716 -0.6405522522127310436 0 0.6405522522127310436 0.7679145865167543716 0 forward_v I I I I #
coedge $-1 -1 $-1 $1088 $1089 $1090 $1091 forward $867 $-1 #
coedge $-1 -1 $-1 $1092 $869 $1089 $1093 forward $746 $-1 #
coedge $-1 -1 $-1 $869 $1092 $1094 $1095 reversed $746 $-1 #
coedge $-1 -1 $-1 $1096 $1090 $869 $982 reversed $102 $-1 #
edge $1097 -1 $-1 $1098 0 $1099 0.3350401926004216713 $869 $1100 forward @7 unknown #
coedge $-1 -1 $-1 $871 $870 $1101 $1102 reversed $613 $-1 #
coedge $-1 -1 $-1 $1103 $1104 $870 $985 forward $1105 $-1 #
edge $1106 -1 $-1 $1107 -0.75 $988 0.25 $984 $1108 forward @7 unknown #
coedge $-1 -1 $-1 $872 $1109 $1103 $1110 forward $102 $-1 #
color-adesk-attrib $-1 -1 $-1 $-1 $873 256 #
vertex $-1 -1 $-1 $873 $1111 #
straight-curve $-1 -1 $-1 0.5146107499519874118 -16.55579467210967692 -0.5 -0.9330902171825534719 0.3596423870989281513 0 F 0 F 0.2299999999999999822 #
coedge $-1 -1 $-1 $1101 $1112 $874 $991 forward $264 $-1 #
edge $1113 -1 $-1 $999 0 $993 0.3350401926004216713 $874 $1114 forward @7 unknown #
color-adesk-attrib $-1 -1 $-1 $-1 $875 256 #
vertex $-1 -1 $-1 $875 $1115 #
straight-curve $-1 -1 $-1 0.5146107499519874118 -16.55579467210967692 -0.5 0 0 1 I I #
coedge $-1 -1 $-1 $1116 $876 $1112 $1117 reversed $997 $-1 #
coedge $-1 -1 $-1 $876 $1116 $878 $1002 reversed $997 $-1 #
loop $-1 -1 $-1 $-1 $876 $1118 #
color-adesk-attrib $-1 -1 $-1 $-1 $877 256 #
vertex $-1 -1 $-1 $991 $1119 #
straight-curve $-1 -1 $-1 0.2999999999999998224 -16.81307692307692037 -0.25 0 0 1 I I #
coedge $-1 -1 $-1 $891 $878 $1120 $1121 reversed $102 $-1 #
edge $1122 -1 $-1 $880 16.81307692307692037 $1123 16.81495726495726473 $996 $277 forward @7 unknown #
point $-1 -1 $-1 0.3000000000000001554 -16.81307692307692037 -0.5 #
point $-1 -1 $-1 0.5146107499519874118 -16.55579467210967692 -0.5 #
coedge $-1 -1 $-1 $1124 $883 $886 $1009 forward $264 $-1 #
color-adesk-attrib $-1 -1 $-1 $-1 $884 256 #
straight-curve $-1 -1 $-1 0.5146107499519874118 -17.23955535587036536 0.5 -0.9330902171825534719 0.3596423870989281513 0 I I #
coedge $-1 -1 $-1 $886 $885 $1125 $1126 forward $887 $-1 #
edge $1127 -1 $-1 $889 -17.15683760683760539 $1128 -17.15495726495726814 $886 $352 forward @7 unknown #
face $1129 -1 $-1 $646 $887 $8 $-1 $354 reversed single #
point $-1 -1 $-1 0.3000000000000001554 -17.15683760683760539 0.5 #
coedge $-1 -1 $-1 $1130 $1125 $891 $1013 forward $1131 $-1 #
edge $1132 -1 $-1 $1015 0 $1133 0.3350401926004216713 $1012 $1134 forward @7 unknown #
color-adesk-attrib $-1 -1 $-1 $-1 $892 256 #
vertex $-1 -1 $-1 $892 $1135 #
coedge $-1 -1 $-1 $894 $906 $1136 $1137 forward $264 $-1 #
coedge $-1 -1 $-1 $1136 $902 $898 $1018 reversed $1023 $-1 #
edge $1138 -1 $-1 $1020 -0.75 $905 0.25 $898 $1139 forward @7 unknown #
color-adesk-attrib $-1 -1 $-1 $-1 $899 256 #
vertex $-1 -1 $-1 $899 $1140 #
color-adesk-attrib $-1 -1 $-1 $-1 $900 256 #
coedge $-1 -1 $-1 $902 $1136 $912 $1032 reversed $1023 $-1 #
loop $-1 -1 $-1 $-1 $902 $1141 #
color-adesk-attrib $-1 -1 $-1 $-1 $903 256 #
straight-curve $-1 -1 $-1 0.5146107499519874118 -17.58143569775070603 -0.5 -0.9330902171825534719 0.3596423870989281513 0 F 0 F 0.2299999999999999822 #
point $-1 -1 $-1 0.3000000000000000999 -17.49871794871794606 -0.5 #
coedge $-1 -1 $-1 $907 $912 $906 $1028 reversed $913 $-1 #
edge $1142 -1 $-1 $910 0 $1143 0.3350401926004216713 $1027 $1144 forward @7 unknown #
color-adesk-attrib $-1 -1 $-1 $-1 $908 256 #
straight-curve $-1 -1 $-1 0.2999999999999998224 -17.83871794871794947 -0.25 0 0 1 I I #
point $-1 -1 $-1 0.3000000000000000999 -17.83871794871794947 0.5 #
edge $1145 -1 $-1 $915 0 $1143 1 $1022 $1146 forward @7 unknown #
face $1147 -1 $-1 $1141 $913 $8 $-1 $1148 forward single #
point $-1 -1 $-1 0.5146107499519874118 -17.58143569775070603 -0.5 #
color-adesk-attrib $-1 -1 $-1 $-1 $919 256 #
straight-curve $-1 -1 $-1 0.5146107499519874118 -18.26519638151138736 0.5 -0.9330902171825534719 0.3596423870989281513 0 I I #
color-adesk-attrib $-1 -1 $-1 $-1 $923 256 #
plane-surface $-1 -1 $-1 0.5146107499519874118 -18.26519638151138736 -0.5 0.3596423870989281513 0.9330902171825534719 0 -0.9330902171825534719 0.3596423870989281513 0 forward_v I I I I #
point $-1 -1 $-1 0.5146107499519874118 -18.26519638151138736 0.5 #
color-adesk-attrib $-1 -1 $-1 $-1 $932 256 #
straight-curve $-1 -1 $-1 0 19.89000000000000057 0.5 -1 0 0 I I #
coedge $-1 -1 $-1 $1074 $935 $1076 $1149 reversed $102 $-1 #
coedge $-1 -1 $-1 $1069 $1150 $935 $1044 forward $1151 $-1 #
edge $1152 -1 $-1 $1153 0 $1047 0.2299999999999999822 $1043 $1154 forward @7 unknown #
coedge $-1 -1 $-1 $1068 $936 $939 $1049 forward $858 $-1 #
color-adesk-attrib $-1 -1 $-1 $-1 $937 256 #
vertex $-1 -1 $-1 $1044 $1155 #
coedge $-1 -1 $-1 $939 $938 $1156 $1157 reversed $940 $-1 #
edge $1158 -1 $-1 $942 -0.25 $1159 0.75 $1045 $1160 forward @7 unknown #
point $-1 -1 $-1 0.3000000000000023759 19.08435897435897743 -0.5 #
coedge $-1 -1 $-1 $948 $1156 $944 $1052 forward $264 $-1 #
edge $1161 -1 $-1 $1054 0 $951 0.2299999999999999822 $944 $1162 forward @7 unknown #
color-adesk-attrib $-1 -1 $-1 $-1 $945 256 #
vertex $-1 -1 $-1 $945 $1163 #
straight-curve $-1 -1 $-1 0.5146107499519896322 19.34164122532622443 -0.5 0 0 1 I I #
color-adesk-attrib $-1 -1 $-1 $-1 $946 256 #
face $1164 -1 $-1 $1165 $1166 $8 $-1 $1167 forward single #
plane-surface $-1 -1 $-1 0.5146107499519896322 19.34164122532622443 -0.5 0.3596423870989281513 0.9330902171825534719 0 -0.9330902171825534719 0.3596423870989281513 0 forward_v I I I I #
color-adesk-attrib $-1 -1 $-1 $-1 $949 256 #
point $-1 -1 $-1 0.3000000000000023759 19.42435897435897729 0.5 #
color-adesk-attrib $-1 -1 $-1 $-1 $956 256 #
straight-curve $-1 -1 $-1 0.3000000000000024314 20.10811965811965862 0.5 0 -1 0 I I #
point $-1 -1 $-1 0.2999999999999999889 19.89000000000000057 0.5 #
color-adesk-attrib $-1 -1 $-1 $-1 $966 256 #
face $1168 -1 $-1 $1169 $1170 $8 $-1 $354 reversed single #
loop $-1 -1 $-1 $-1 $1171 $966 #
coedge $-1 -1 $-1 $1172 $1173 $1174 $1175 forward $967 $-1 #
coedge $-1 -1 $-1 $968 $1045 $1176 $1177 reversed $858 $-1 #
coedge $-1 -1 $-1 $1178 $1043 $968 $1070 reversed $1151 $-1 #
edge $1179 -1 $-1 $1180 -0.75 $1047 0.25 $968 $1181 forward @7 unknown #
coedge $-1 -1 $-1 $970 $969 $1182 $1183 forward $736 $-1 #
coedge $-1 -1 $-1 $1184 $1185 $969 $1073 forward $264 $-1 #
edge $1186 -1 $-1 $1187 18.74059829059828886 $1081 18.74247863247862966 $969 $352 forward @7 unknown #
coedge $-1 -1 $-1 $1188 $1042 $970 $1075 forward $102 $-1 #
edge $1189 -1 $-1 $1080 -18.74247863247862966 $1190 -18.74059829059828886 $970 $277 forward @7 unknown #
coedge $-1 -1 $-1 $1191 $971 $1042 $1149 forward $1078 $-1 #
coedge $-1 -1 $-1 $971 $1191 $1184 $1192 reversed $1078 $-1 #
loop $-1 -1 $-1 $-1 $1076 $1193 #
color-adesk-attrib $-1 -1 $-1 $-1 $972 256 #
vertex $-1 -1 $-1 $1075 $1194 #
vertex $-1 -1 $-1 $1192 $1195 #
straight-curve $-1 -1 $-1 0.2999999999999998224 18.74247863247862966 -0.25 0 0 1 I I #
color-adesk-attrib $-1 -1 $-1 $-1 $975 256 #
face $1196 -1 $-1 $1197 $1198 $8 $-1 $1199 forward single #
loop $-1 -1 $-1 $-1 $1200 $975 #
plane-surface $-1 -1 $-1 0.5146107499519875228 -15.18827330458831426 -0.5 0.3596423870989281513 0.9330902171825534719 0 -0.9330902171825534719 0.3596423870989281513 0 forward_v I I I I #
coedge $-1 -1 $-1 $1201 $1202 $1203 $1204 forward $976 $-1 #
coedge $-1 -1 $-1 $1205 $978 $1206 $1207 reversed $867 $-1 #
coedge $-1 -1 $-1 $978 $1205 $979 $1093 reversed $867 $-1 #
coedge $-1 -1 $-1 $981 $1208 $978 $1091 reversed $102 $-1 #
edge $1209 -1 $-1 $1099 0 $1210 0.2299999999999999822 $978 $1211 forward @7 unknown #
coedge $-1 -1 $-1 $980 $979 $1212 $1213 reversed $746 $-1 #
edge $1214 -1 $-1 $1099 0 $1215 1 $1089 $1216 forward @7 unknown #
coedge $-1 -1 $-1 $1217 $1218 $980 $1095 forward $1219 $-1 #
edge $1220 -1 $-1 $1098 -0.25 $1221 0.75 $1094 $1222 forward @7 unknown #
coedge $-1 -1 $-1 $1223 $981 $1218 $1224 forward $102 $-1 #
color-adesk-attrib $-1 -1 $-1 $-1 $982 256 #
vertex $-1 -1 $-1 $1224 $1225 #
vertex $-1 -1 $-1 $1091 $1226 #
straight-curve $-1 -1 $-1 0.3000000000000002109 -16.12931623931623903 -0.5 0.6405522522127310436 0.7679145865167543716 0 F 0 F 0.3350401926004216713 #
coedge $-1 -1 $-1 $1227 $990 $983 $1102 forward $264 $-1 #
edge $1228 -1 $-1 $993 0 $1107 0.2299999999999999822 $983 $1229 forward @7 unknown #
coedge $-1 -1 $-1 $1230 $984 $986 $1110 reversed $1105 $-1 #
coedge $-1 -1 $-1 $984 $1230 $1227 $1231 reversed $1105 $-1 #
loop $-1 -1 $-1 $-1 $984 $1232 #
color-adesk-attrib $-1 -1 $-1 $-1 $985 256 #
vertex $-1 -1 $-1 $1231 $1233 #
straight-curve $-1 -1 $-1 0.2999999999999998224 -16.47307692307692406 -0.25 0 0 -1 I I #
coedge $-1 -1 $-1 $986 $1223 $1234 $1235 reversed $102 $-1 #
edge $1236 -1 $-1 $1237 16.4711965811965797 $988 16.47307692307691696 $1103 $277 forward @7 unknown #
point $-1 -1 $-1 0.3000000000000001554 -16.47307692307691696 -0.5 #
coedge $-1 -1 $-1 $990 $1238 $995 $1117 forward $264 $-1 #
color-adesk-attrib $-1 -1 $-1 $-1 $991 256 #
straight-curve $-1 -1 $-1 0.3000000000000001554 -16.81307692307692037 0.5 0.6405522522127310436 0.7679145865167543716 0 I I #
point $-1 -1 $-1 0.5146107499519874118 -16.55579467210967692 0.5 #
coedge $-1 -1 $-1 $996 $995 $1239 $1240 forward $997 $-1 #
edge $1241 -1 $-1 $1242 -16.81495726495726473 $999 -16.81307692307692037 $995 $352 forward @7 unknown #
face $1243 -1 $-1 $1232 $997 $8 $-1 $354 reversed single #
point $-1 -1 $-1 0.3000000000000001554 -16.81307692307692037 0.5 #
coedge $-1 -1 $-1 $1239 $1244 $1001 $1121 forward $1245 $-1 #
edge $1246 -1 $-1 $1133 0 $1123 0.2299999999999999822 $1120 $1247 forward @7 unknown #
color-adesk-attrib $-1 -1 $-1 $-1 $1002 256 #
vertex $-1 -1 $-1 $1121 $1248 #
coedge $-1 -1 $-1 $1238 $1005 $1249 $1250 forward $264 $-1 #
coedge $-1 -1 $-1 $1012 $1249 $1008 $1126 reversed $1131 $-1 #
edge $1251 -1 $-1 $1015 -0.25 $1128 0.75 $1008 $1252 forward @7 unknown #
color-adesk-attrib $-1 -1 $-1 $-1 $1009 256 #
vertex $-1 -1 $-1 $1250 $1253 #
color-adesk-attrib $-1 -1 $-1 $-1 $1010 256 #
coedge $-1 -1 $-1 $1249 $1012 $1244 $1254 forward $1131 $-1 #
loop $-1 -1 $-1 $-1 $1012 $1255 #
color-adesk-attrib $-1 -1 $-1 $-1 $1013 256 #
vertex $-1 -1 $-1 $1121 $1256 #
straight-curve $-1 -1 $-1 0.3000000000000001554 -17.15495726495726814 -0.5 0.6405522522127310436 0.7679145865167543716 0 F 0 F 0.3350401926004216713 #
point $-1 -1 $-1 0.3000000000000001554 -17.15495726495726814 -0.5 #
coedge $-1 -1 $-1 $1022 $1017 $1016 $1137 reversed $1023 $-1 #
edge $1257 -1 $-1 $1143 0 $1020 0.2299999999999999822 $1136 $1258 forward @7 unknown #
color-adesk-attrib $-1 -1 $-1 $-1 $1018 256 #
straight-curve $-1 -1 $-1 0.2999999999999993783 -17.49871794871795316 -0.25 0 0 -1 I I #
point $-1 -1 $-1 0.3000000000000000999 -17.49871794871794606 0.5 #
face $1259 -1 $-1 $803 $1023 $8 $-1 $1260 forward single #
color-adesk-attrib $-1 -1 $-1 $-1 $1028 256 #
vertex $-1 -1 $-1 $1032 $1261 #
straight-curve $-1 -1 $-1 0.3000000000000000999 -17.83871794871794947 0.5 0.6405522522127310436 0.7679145865167543716 0 I I #
color-adesk-attrib $-1 -1 $-1 $-1 $1032 256 #
straight-curve $-1 -1 $-1 0.5146107499519874118 -17.58143569775070603 -0.5 0 0 1 I I #
color-adesk-attrib $-1 -1 $-1 $-1 $1033 256 #
plane-surface $-1 -1 $-1 0.3000000000000000999 -17.83871794871794947 -0.5 0.7679145865167543716 -0.6405522522127310436 0 0.6405522522127310436 0.7679145865167543716 0 forward_v I I I I #
edge $1262 -1 $-1 $1080 0 $1153 0.3350401926004216713 $1076 $1263 forward @7 unknown #
coedge $-1 -1 $-1 $1043 $1178 $1191 $1264 reversed $1151 $-1 #
loop $-1 -1 $-1 $-1 $1043 $1265 #
color-adesk-attrib $-1 -1 $-1 $-1 $1044 256 #
vertex $-1 -1 $-1 $1044 $1266 #
straight-curve $-1 -1 $-1 0.5146107499519896322 18.99976088344587666 -0.5 -0.9330902171825534719 0.3596423870989281513 0 F 0 F 0.2299999999999999822 #
point $-1 -1 $-1 0.3000000000000023759 19.08247863247862952 -0.5 #
coedge $-1 -1 $-1 $1051 $1176 $1048 $1157 forward $264 $-1 #
edge $1267 -1 $-1 $1159 0 $1054 0.3350401926004216713 $1048 $1268 forward @7 unknown #
color-adesk-attrib $-1 -1 $-1 $-1 $1049 256 #
vertex $-1 -1 $-1 $1157 $1269 #
straight-curve $-1 -1 $-1 0.2999999999999998224 19.08435897435897388 -0.25 0 0 1 I I #
color-adesk-attrib $-1 -1 $-1 $-1 $1052 256 #
straight-curve $-1 -1 $-1 0.5146107499519896322 19.34164122532622443 0.5 -0.9330902171825534719 0.3596423870989281513 0 I I #
point $-1 -1 $-1 0.5146107499519896322 19.34164122532622443 0.5 #
color-adesk-attrib $-1 -1 $-1 $-1 $1057 256 #
face $1270 -1 $-1 $1271 $1272 $8 $-1 $1273 forward single #
loop $-1 -1 $-1 $-1 $1274 $1057 #
plane-surface $-1 -1 $-1 0.3000000000000023204 18.400598290598289 -0.5 0.7679145865167543716 -0.6405522522127310436 0 0.6405522522127310436 0.7679145865167543716 0 forward_v I I I I #
color-adesk-attrib $-1 -1 $-1 $-1 $1065 256 #
face $1275 -1 $-1 $1276 $1277 $8 $-1 $354 reversed single #
loop $-1 -1 $-1 $-1 $1278 $1065 #
coedge $-1 -1 $-1 $1279 $1280 $1281 $1282 forward $1066 $-1 #
coedge $-1 -1 $-1 $1283 $1067 $1284 $1285 reversed $967 $-1 #
coedge $-1 -1 $-1 $1067 $1283 $1286 $1287 reversed $967 $-1 #
coedge $-1 -1 $-1 $1288 $1289 $1067 $1175 reversed $1290 $-1 #
edge $1291 -1 $-1 $1292 -0.25 $1293 0.75 $1067 $1294 forward @7 unknown #
coedge $-1 -1 $-1 $1156 $1295 $1068 $1177 forward $264 $-1 #
edge $1296 -1 $-1 $1180 19.08247863247862952 $1159 19.08435897435897743 $1068 $352 forward @7 unknown #
coedge $-1 -1 $-1 $1150 $1069 $1295 $1297 reversed $1151 $-1 #
color-adesk-attrib $-1 -1 $-1 $-1 $1070 256 #
vertex $-1 -1 $-1 $1177 $1298 #
straight-curve $-1 -1 $-1 0.3000000000000002665 19.08247863247863307 -0.25 0 0 -1 I I #
coedge $-1 -1 $-1 $1299 $1300 $1071 $1183 reversed $1272 $-1 #
edge $1301 -1 $-1 $1187 -0.75 $1190 0.25 $1071 $1302 forward @7 unknown #
coedge $-1 -1 $-1 $1295 $1072 $1077 $1192 forward $264 $-1 #
coedge $-1 -1 $-1 $1072 $1303 $1299 $1304 forward $264 $-1 #
color-adesk-attrib $-1 -1 $-1 $-1 $1073 256 #
vertex $-1 -1 $-1 $1073 $1305 #
coedge $-1 -1 $-1 $1306 $1074 $1300 $1307 reversed $102 $-1 #
color-adesk-attrib $-1 -1 $-1 $-1 $1075 256 #
vertex $-1 -1 $-1 $1307 $1308 #
coedge $-1 -1 $-1 $1077 $1076 $1150 $1264 forward $1078 $-1 #
edge $1309 -1 $-1 $1081 0 $1310 0.3350401926004216713 $1077 $1311 forward @7 unknown #
face $1312 -1 $-1 $1265 $1078 $8 $-1 $1313 forward single #
point $-1 -1 $-1 0.3000000000000023759 18.74247863247862966 -0.5 #
point $-1 -1 $-1 0.3000000000000023759 18.74247863247862966 0.5 #
color-adesk-attrib $-1 -1 $-1 $-1 $1084 256 #
face $1314 -1 $-1 $1315 $1316 $8 $-1 $1317 forward single #
loop $-1 -1 $-1 $-1 $1318 $1084 #
plane-surface $-1 -1 $-1 0.300000000000000322 -14.76179487179486927 -0.5 0.7679145865167543716 -0.6405522522127310436 0 0.6405522522127310436 0.7679145865167543716 0 forward_v I I I I #
coedge $-1 -1 $-1 $1319 $1320 $1321 $1322 forward $1085 $-1 #
coedge $-1 -1 $-1 $1323 $1087 $1320 $1324 forward $976 $-1 #
coedge $-1 -1 $-1 $1087 $1323 $1325 $1326 reversed $976 $-1 #
coedge $-1 -1 $-1 $1327 $1321 $1087 $1204 reversed $102 $-1 #
edge $1328 -1 $-1 $1329 0 $1330 0.3350401926004216713 $1087 $1331 forward @7 unknown #
coedge $-1 -1 $-1 $1089 $1088 $1332 $1333 reversed $867 $-1 #
coedge $-1 -1 $-1 $1334 $1335 $1088 $1207 forward $1336 $-1 #
edge $1337 -1 $-1 $1338 -0.75 $1210 0.25 $1206 $1339 forward @7 unknown #
coedge $-1 -1 $-1 $1090 $1340 $1334 $1341 forward $102 $-1 #
color-adesk-attrib $-1 -1 $-1 $-1 $1091 256 #
vertex $-1 -1 $-1 $1091 $1342 #
straight-curve $-1 -1 $-1 0.5146107499519875228 -15.87203398834899559 -0.5 -0.9330902171825534719 0.3596423870989281513 0 F 0 F 0.2299999999999999822 #
coedge $-1 -1 $-1 $1332 $1343 $1092 $1213 forward $264 $-1 #
edge $1344 -1 $-1 $1221 0 $1215 0.3350401926004216713 $1092 $1345 forward @7 unknown #
color-adesk-attrib $-1 -1 $-1 $-1 $1093 256 #
vertex $-1 -1 $-1 $1093 $1346 #
straight-curve $-1 -1 $-1 0.5146107499519875228 -15.87203398834899559 -0.5 0 0 1 I I #
coedge $-1 -1 $-1 $1347 $1094 $1343 $1348 reversed $1219 $-1 #
coedge $-1 -1 $-1 $1094 $1347 $1096 $1224 reversed $1219 $-1 #
loop $-1 -1 $-1 $-1 $1094 $1349 #
color-adesk-attrib $-1 -1 $-1 $-1 $1095 256 #
vertex $-1 -1 $-1 $1213 $1350 #
straight-curve $-1 -1 $-1 0.3000000000000002665 -16.12931623931623903 -0.25 0 0 1 I I #
coedge $-1 -1 $-1 $1109 $1096 $1351 $1352 reversed $102 $-1 #
edge $1353 -1 $-1 $1098 16.12931623931623903 $1354 16.13119658119657629 $1218 $277 forward @7 unknown #
point $-1 -1 $-1 0.3000000000000002109 -16.12931623931623903 -0.5 #
point $-1 -1 $-1 0.5146107499519875228 -15.87203398834899559 -0.5 #
coedge $-1 -1 $-1 $1355 $1101 $1104 $1231 forward $264 $-1 #
color-adesk-attrib $-1 -1 $-1 $-1 $1102 256 #
straight-curve $-1 -1 $-1 0.5146107499519874118 -16.55579467210967692 0.5 -0.9330902171825534719 0.3596423870989281513 0 I I #
coedge $-1 -1 $-1 $1104 $1103 $1356 $1357 forward $1105 $-1 #
edge $1358 -1 $-1 $1107 -16.47307692307691696 $1359 -16.4711965811965797 $1104 $352 forward @7 unknown #
face $1360 -1 $-1 $900 $1105 $8 $-1 $354 reversed single #
point $-1 -1 $-1 0.3000000000000001554 -16.47307692307691696 0.5 #
coedge $-1 -1 $-1 $1361 $1356 $1109 $1235 forward $1362 $-1 #
edge $1363 -1 $-1 $1237 0 $1364 0.3350401926004216713 $1234 $1365 forward @7 unknown #
color-adesk-attrib $-1 -1 $-1 $-1 $1110 256 #
vertex $-1 -1 $-1 $1110 $1366 #
coedge $-1 -1 $-1 $1112 $1124 $1367 $1368 forward $264 $-1 #
coedge $-1 -1 $-1 $1367 $1120 $1116 $1240 reversed $1245 $-1 #
edge $1369 -1 $-1 $1242 -0.75 $1123 0.25 $1116 $1370 forward @7 unknown #
color-adesk-attrib $-1 -1 $-1 $-1 $1117 256 #
vertex $-1 -1 $-1 $1117 $1371 #
color-adesk-attrib $-1 -1 $-1 $-1 $1118 256 #
coedge $-1 -1 $-1 $1120 $1367 $1130 $1254 reversed $1245 $-1 #
loop $-1 -1 $-1 $-1 $1120 $1372 #
color-adesk-attrib $-1 -1 $-1 $-1 $1121 256 #
straight-curve $-1 -1 $-1 0.5146107499519874118 -16.89767501399002469 -0.5 -0.9330902171825534719 0.3596423870989281513 0 F 0 F 0.2299999999999999822 #
point $-1 -1 $-1 0.3000000000000001554 -16.81495726495726473 -0.5 #
coedge $-1 -1 $-1 $1125 $1130 $1124 $1250 reversed $1131 $-1 #
edge $1373 -1 $-1 $1128 0 $1374 0.3350401926004216713 $1249 $1375 forward @7 unknown #
color-adesk-attrib $-1 -1 $-1 $-1 $1126 256 #
straight-curve $-1 -1 $-1 0.2999999999999998224 -17.15495726495726814 -0.25 0 0 1 I I #
point $-1 -1 $-1 0.3000000000000001554 -17.15495726495726814 0.5 #
edge $1376 -1 $-1 $1133 0 $1374 1 $1244 $1377 forward @7 unknown #
face $1378 -1 $-1 $1372 $1131 $8 $-1 $1379 forward single #
point $-1 -1 $-1 0.5146107499519874118 -16.89767501399002469 -0.5 #
color-adesk-attrib $-1 -1 $-1 $-1 $1137 256 #
straight-curve $-1 -1 $-1 0.5146107499519874118 -17.58143569775070603 0.5 -0.9330902171825534719 0.3596423870989281513 0 I I #
color-adesk-attrib $-1 -1 $-1 $-1 $1141 256 #
plane-surface $-1 -1 $-1 0.5146107499519874118 -17.58143569775070603 -0.5 0.3596423870989281513 0.9330902171825534719 0 -0.9330902171825534719 0.3596423870989281513 0 forward_v I I I I #
point $-1 -1 $-1 0.5146107499519874118 -17.58143569775070603 0.5 #
color-adesk-attrib $-1 -1 $-1 $-1 $1149 256 #
straight-curve $-1 -1 $-1 0.3000000000000023759 18.74247863247862966 -0.5 0.6405522522127310436 0.7679145865167543716 0 F 0 F 0.3350401926004216713 #
edge $1380 -1 $-1 $1153 0 $1310 1 $1150 $1381 forward @7 unknown #
face $1382 -1 $-1 $704 $1151 $8 $-1 $1383 forward single #
point $-1 -1 $-1 0.5146107499519896322 18.99976088344587666 -0.5 #
color-adesk-attrib $-1 -1 $-1 $-1 $1157 256 #
straight-curve $-1 -1 $-1 0.3000000000000023759 19.08435897435897743 0.5 0.6405522522127310436 0.7679145865167543716 0 I I #
point $-1 -1 $-1 0.3000000000000023759 19.08435897435897743 0.5 #
color-adesk-attrib $-1 -1 $-1 $-1 $1165 256 #
face $1384 -1 $-1 $1385 $1386 $8 $-1 $1387 forward single #
loop $-1 -1 $-1 $-1 $1300 $1165 #
plane-surface $-1 -1 $-1 0.5146107499519896322 18.65788054156553599 -0.5 0.3596423870989281513 0.9330902171825534719 0 -0.9330902171825534719 0.3596423870989281513 0 forward_v I I I I #
coedge $-1 -1 $-1 $1388 $1389 $1306 $1390 forward $1166 $-1 #
color-adesk-attrib $-1 -1 $-1 $-1 $1169 256 #
face $1391 -1 $-1 $1392 $1393 $8 $-1 $354 reversed single #
loop $-1 -1 $-1 $-1 $1394 $1169 #
coedge $-1 -1 $-1 $1395 $1396 $1397 $1398 forward $1170 $-1 #
coedge $-1 -1 $-1 $1399 $1171 $1400 $1401 reversed $1066 $-1 #
coedge $-1 -1 $-1 $1171 $1399 $1402 $1403 reversed $1066 $-1 #
coedge $-1 -1 $-1 $1404 $1405 $1171 $1282 reversed $1406 $-1 #
edge $1407 -1 $-1 $1408 -0.75 $1409 0.25 $1171 $1410 forward @7 unknown #
coedge $-1 -1 $-1 $1173 $1172 $1411 $1412 forward $967 $-1 #
coedge $-1 -1 $-1 $1413 $1414 $1172 $1285 forward $264 $-1 #
edge $1415 -1 $-1 $1416 18.05683760683760752 $1293 18.05871794871794833 $1172 $352 forward @7 unknown #
coedge $-1 -1 $-1 $1417 $1418 $1173 $1287 forward $102 $-1 #
edge $1419 -1 $-1 $1292 -18.05871794871794833 $1420 -18.05683760683760752 $1173 $277 forward @7 unknown #
coedge $-1 -1 $-1 $1421 $1174 $1418 $1422 forward $1290 $-1 #
coedge $-1 -1 $-1 $1174 $1421 $1413 $1423 reversed $1290 $-1 #
loop $-1 -1 $-1 $-1 $1288 $1424 #
color-adesk-attrib $-1 -1 $-1 $-1 $1175 256 #
vertex $-1 -1 $-1 $1287 $1425 #
vertex $-1 -1 $-1 $1423 $1426 #
straight-curve $-1 -1 $-1 0.2999999999999998224 18.05871794871794478 -0.25 0 0 1 I I #
coedge $-1 -1 $-1 $1176 $1184 $1178 $1297 forward $264 $-1 #
color-adesk-attrib $-1 -1 $-1 $-1 $1177 256 #
edge $1427 -1 $-1 $1310 0 $1180 0.2299999999999999822 $1178 $1428 forward @7 unknown #
point $-1 -1 $-1 0.3000000000000023759 19.08247863247862952 0.5 #
coedge $-1 -1 $-1 $1429 $1182 $1185 $1304 reversed $1272 $-1 #
coedge $-1 -1 $-1 $1182 $1429 $1188 $1307 forward $1272 $-1 #
color-adesk-attrib $-1 -1 $-1 $-1 $1183 256 #
straight-curve $-1 -1 $-1 0.2999999999999998224 18.74059829059828886 -0.25 0 0 -1 I I #
coedge $-1 -1 $-1 $1185 $1402 $1430 $1431 forward $264 $-1 #
edge $1432 -1 $-1 $1433 0 $1187 0.2299999999999999822 $1299 $1434 forward @7 unknown #
point $-1 -1 $-1 0.3000000000000023204 18.74059829059828886 0.5 #
coedge $-1 -1 $-1 $1400 $1188 $1274 $1390 reversed $102 $-1 #
edge $1435 -1 $-1 $1436 0 $1190 0.2299999999999999822 $1300 $1437 forward @7 unknown #
point $-1 -1 $-1 0.3000000000000023204 18.74059829059828886 -0.5 #
color-adesk-attrib $-1 -1 $-1 $-1 $1192 256 #
vertex $-1 -1 $-1 $1264 $1438 #
straight-curve $-1 -1 $-1 0.3000000000000023759 18.74247863247862966 0.5 0.6405522522127310436 0.7679145865167543716 0 I I #
color-adesk-attrib $-1 -1 $-1 $-1 $1193 256 #
plane-surface $-1 -1 $-1 0.3000000000000023759 18.74247863247862966 -0.5 0.7679145865167543716 -0.6405522522127310436 0 0.6405522522127310436 0.7679145865167543716 0 forward_v I I I I #
color-adesk-attrib $-1 -1 $-1 $-1 $1197 256 #
face $1439 -1 $-1 $1440 $1441 $8 $-1 $1442 forward single #
loop $-1 -1 $-1 $-1 $1443 $1197 #
plane-surface $-1 -1 $-1 0.5146107499519876338 -14.50451262082762582 -0.5 0.3596423870989281513 0.9330902171825534719 0 -0.9330902171825534719 0.3596423870989281513 0 forward_v I I I I #
coedge $-1 -1 $-1 $1444 $1445 $1446 $1447 forward $1198 $-1 #
coedge $-1 -1 $-1 $1448 $1200 $1449 $1450 reversed $1085 $-1 #
coedge $-1 -1 $-1 $1200 $1448 $1201 $1324 reversed $1085 $-1 #
coedge $-1 -1 $-1 $1203 $1451 $1200 $1322 reversed $102 $-1 #
edge $1452 -1 $-1 $1330 0 $1453 0.2299999999999999822 $1200 $1454 forward @7 unknown #
coedge $-1 -1 $-1 $1202 $1201 $1455 $1456 reversed $976 $-1 #
edge $1457 -1 $-1 $1330 0 $1458 1 $1320 $1459 forward @7 unknown #
coedge $-1 -1 $-1 $1460 $1461 $1202 $1326 forward $1462 $-1 #
edge $1463 -1 $-1 $1329 -0.25 $1464 0.75 $1325 $1465 forward @7 unknown #
coedge $-1 -1 $-1 $1466 $1203 $1461 $1467 forward $102 $-1 #
color-adesk-attrib $-1 -1 $-1 $-1 $1204 256 #
vertex $-1 -1 $-1 $1467 $1468 #
vertex $-1 -1 $-1 $1322 $1469 #
straight-curve $-1 -1 $-1 0.3000000000000002665 -15.4455555555555577 -0.5 0.6405522522127310436 0.7679145865167543716 0 F 0 F 0.3350401926004216713 #
coedge $-1 -1 $-1 $1470 $1212 $1205 $1333 forward $264 $-1 #
edge $1471 -1 $-1 $1215 0 $1338 0.2299999999999999822 $1205 $1472 forward @7 unknown #
coedge $-1 -1 $-1 $1473 $1206 $1208 $1341 reversed $1336 $-1 #
coedge $-1 -1 $-1 $1206 $1473 $1470 $1474 reversed $1336 $-1 #
loop $-1 -1 $-1 $-1 $1206 $1475 #
color-adesk-attrib $-1 -1 $-1 $-1 $1207 256 #
vertex $-1 -1 $-1 $1474 $1476 #
straight-curve $-1 -1 $-1 0.2999999999999993783 -15.78931623931624273 -0.25 0 0 -1 I I #
coedge $-1 -1 $-1 $1208 $1466 $1477 $1478 reversed $102 $-1 #
edge $1479 -1 $-1 $1480 15.78743589743589837 $1210 15.78931623931623562 $1334 $277 forward @7 unknown #
point $-1 -1 $-1 0.3000000000000002109 -15.78931623931623562 -0.5 #
coedge $-1 -1 $-1 $1212 $1481 $1217 $1348 forward $264 $-1 #
color-adesk-attrib $-1 -1 $-1 $-1 $1213 256 #
straight-curve $-1 -1 $-1 0.3000000000000002109 -16.12931623931623903 0.5 0.6405522522127310436 0.7679145865167543716 0 I I #
point $-1 -1 $-1 0.5146107499519875228 -15.87203398834899559 0.5 #
coedge $-1 -1 $-1 $1218 $1217 $1482 $1483 forward $1219 $-1 #
edge $1484 -1 $-1 $1485 -16.13119658119657629 $1221 -16.12931623931623903 $1217 $352 forward @7 unknown #
face $1486 -1 $-1 $1475 $1219 $8 $-1 $354 reversed single #
point $-1 -1 $-1 0.3000000000000002109 -16.12931623931623903 0.5 #
coedge $-1 -1 $-1 $1482 $1487 $1223 $1352 forward $1488 $-1 #
edge $1489 -1 $-1 $1364 0 $1354 0.2299999999999999822 $1351 $1490 forward @7 unknown #
color-adesk-attrib $-1 -1 $-1 $-1 $1224 256 #
vertex $-1 -1 $-1 $1352 $1491 #
coedge $-1 -1 $-1 $1481 $1227 $1492 $1493 forward $264 $-1 #
coedge $-1 -1 $-1 $1234 $1492 $1230 $1357 reversed $1362 $-1 #
edge $1494 -1 $-1 $1237 -0.25 $1359 0.75 $1230 $1495 forward @7 unknown #
color-adesk-attrib $-1 -1 $-1 $-1 $1231 256 #
vertex $-1 -1 $-1 $1493 $1496 #
color-adesk-attrib $-1 -1 $-1 $-1 $1232 256 #
coedge $-1 -1 $-1 $1492 $1234 $1487 $1497 forward $1362 $-1 #
loop $-1 -1 $-1 $-1 $1234 $1498 #
color-adesk-attrib $-1 -1 $-1 $-1 $1235 256 #
vertex $-1 -1 $-1 $1352 $1499 #
straight-curve $-1 -1 $-1 0.3000000000000002109 -16.4711965811965797 -0.5 0.6405522522127310436 0.7679145865167543716 0 F 0 F 0.3350401926004216713 #
point $-1 -1 $-1 0.3000000000000002109 -16.4711965811965797 -0.5 #
coedge $-1 -1 $-1 $1244 $1239 $1238 $1368 reversed $1245 $-1 #
edge $1500 -1 $-1 $1374 0 $1242 0.2299999999999999822 $1367 $1501 forward @7 unknown #
color-adesk-attrib $-1 -1 $-1 $-1 $1240 256 #
straight-curve $-1 -1 $-1 0.2999999999999998224 -16.81495726495727183 -0.25 0 0 -1 I I #
point $-1 -1 $-1 0.3000000000000001554 -16.81495726495726473 0.5 #
face $1502 -1 $-1 $1033 $1245 $8 $-1 $1503 forward single #
color-adesk-attrib $-1 -1 $-1 $-1 $1250 256 #
vertex $-1 -1 $-1 $1254 $1504 #
straight-curve $-1 -1 $-1 0.3000000000000001554 -17.15495726495726814 0.5 0.6405522522127310436 0.7679145865167543716 0 I I #
color-adesk-attrib $-1 -1 $-1 $-1 $1254 256 #
straight-curve $-1 -1 $-1 0.5146107499519874118 -16.89767501399002469 -0.5 0 0 1 I I #
color-adesk-attrib $-1 -1 $-1 $-1 $1255 256 #
plane-surface $-1 -1 $-1 0.3000000000000001554 -17.15495726495726814 -0.5 0.7679145865167543716 -0.6405522522127310436 0 0.6405522522127310436 0.7679145865167543716 0 forward_v I I I I #
color-adesk-attrib $-1 -1 $-1 $-1 $1264 256 #
straight-curve $-1 -1 $-1 0.5146107499519896322 18.99976088344587666 -0.5 0 0 1 I I #
color-adesk-attrib $-1 -1 $-1 $-1 $1265 256 #
plane-surface $-1 -1 $-1 0.5146107499519896322 18.99976088344587666 -0.5 0.3596423870989281513 0.9330902171825534719 0 -0.9330902171825534719 0.3596423870989281513 0 forward_v I I I I #
color-adesk-attrib $-1 -1 $-1 $-1 $1271 256 #
face $1505 -1 $-1 $1506 $1507 $8 $-1 $1508 forward single #
loop $-1 -1 $-1 $-1 $1509 $1271 #
plane-surface $-1 -1 $-1 0.3000000000000022649 17.71683760683760767 -0.5 0.7679145865167543716 -0.6405522522127310436 0 0.6405522522127310436 0.7679145865167543716 0 forward_v I I I I #
coedge $-1 -1 $-1 $1430 $1274 $1429 $1510 forward $1166 $-1 #
coedge $-1 -1 $-1 $1274 $1430 $1399 $1511 reversed $1166 $-1 #
edge $1512 -1 $-1 $1513 0 $1436 0.3350401926004216713 $1274 $1514 forward @7 unknown #
color-adesk-attrib $-1 -1 $-1 $-1 $1276 256 #
face $1515 -1 $-1 $1516 $1517 $8 $-1 $354 reversed single #
loop $-1 -1 $-1 $-1 $1518 $1276 #
coedge $-1 -1 $-1 $1519 $1520 $1521 $1522 forward $1277 $-1 #
coedge $-1 -1 $-1 $1523 $1278 $1524 $1525 reversed $1170 $-1 #
coedge $-1 -1 $-1 $1278 $1523 $1526 $1527 reversed $1170 $-1 #
coedge $-1 -1 $-1 $1528 $1529 $1278 $1398 reversed $1530 $-1 #
edge $1531 -1 $-1 $1532 -0.25 $1533 0.75 $1278 $1534 forward @7 unknown #
coedge $-1 -1 $-1 $1280 $1279 $1389 $1511 forward $1066 $-1 #
coedge $-1 -1 $-1 $1535 $1306 $1279 $1401 forward $102 $-1 #
edge $1536 -1 $-1 $1513 -18.400598290598289 $1409 -18.39871794871794819 $1279 $277 forward @7 unknown #
coedge $-1 -1 $-1 $1303 $1537 $1280 $1403 forward $264 $-1 #
edge $1538 -1 $-1 $1408 18.39871794871794819 $1539 18.400598290598289 $1280 $352 forward @7 unknown #
coedge $-1 -1 $-1 $1540 $1281 $1537 $1541 reversed $1406 $-1 #
coedge $-1 -1 $-1 $1281 $1540 $1535 $1542 forward $1406 $-1 #
loop $-1 -1 $-1 $-1 $1405 $1543 #
color-adesk-attrib $-1 -1 $-1 $-1 $1282 256 #
vertex $-1 -1 $-1 $1403 $1544 #
vertex $-1 -1 $-1 $1542 $1545 #
straight-curve $-1 -1 $-1 0.3000000000000002665 18.39871794871795174 -0.25 0 0 -1 I I #
coedge $-1 -1 $-1 $1546 $1547 $1283 $1412 reversed $1507 $-1 #
edge $1548 -1 $-1 $1416 -0.75 $1420 0.25 $1283 $1549 forward @7 unknown #
coedge $-1 -1 $-1 $1537 $1284 $1289 $1423 forward $264 $-1 #
coedge $-1 -1 $-1 $1284 $1550 $1546 $1551 forward $264 $-1 #
color-adesk-attrib $-1 -1 $-1 $-1 $1285 256 #
vertex $-1 -1 $-1 $1285 $1552 #
coedge $-1 -1 $-1 $1553 $1286 $1547 $1554 reversed $102 $-1 #
coedge $-1 -1 $-1 $1286 $1535 $1288 $1422 reversed $102 $-1 #
color-adesk-attrib $-1 -1 $-1 $-1 $1287 256 #
vertex $-1 -1 $-1 $1554 $1555 #
coedge $-1 -1 $-1 $1289 $1288 $1540 $1556 forward $1290 $-1 #
edge $1557 -1 $-1 $1292 0 $1558 0.3350401926004216713 $1288 $1559 forward @7 unknown #
edge $1560 -1 $-1 $1293 0 $1561 0.3350401926004216713 $1289 $1562 forward @7 unknown #
face $1563 -1 $-1 $1543 $1290 $8 $-1 $1564 forward single #
point $-1 -1 $-1 0.3000000000000023204 18.05871794871794833 -0.5 #
point $-1 -1 $-1 0.3000000000000023204 18.05871794871794833 0.5 #
color-adesk-attrib $-1 -1 $-1 $-1 $1297 256 #
straight-curve $-1 -1 $-1 0.5146107499519896322 18.99976088344587666 0.5 -0.9330902171825534719 0.3596423870989281513 0 I I #
coedge $-1 -1 $-1 $1300 $1299 $1388 $1510 reversed $1272 $-1 #
coedge $-1 -1 $-1 $1389 $1388 $1303 $1431 reversed $1166 $-1 #
edge $1565 -1 $-1 $1539 0 $1433 0.3350401926004216713 $1430 $1566 forward @7 unknown #
color-adesk-attrib $-1 -1 $-1 $-1 $1304 256 #
vertex $-1 -1 $-1 $1510 $1567 #
straight-curve $-1 -1 $-1 0.5146107499519896322 18.65788054156553599 0.5 -0.9330902171825534719 0.3596423870989281513 0 I I #
color-adesk-attrib $-1 -1 $-1 $-1 $1307 256 #
vertex $-1 -1 $-1 $1307 $1568 #
straight-curve $-1 -1 $-1 0.5146107499519896322 18.65788054156553599 -0.5 -0.9330902171825534719 0.3596423870989281513 0 F 0 F 0.2299999999999999822 #
point $-1 -1 $-1 0.5146107499519896322 18.99976088344587666 0.5 #
color-adesk-attrib $-1 -1 $-1 $-1 $1315 256 #
face $1569 -1 $-1 $1570 $1571 $8 $-1 $1572 forward single #
loop $-1 -1 $-1 $-1 $1573 $1315 #
plane-surface $-1 -1 $-1 0.3000000000000003775 -14.07803418803418793 -0.5 0.7679145865167543716 -0.6405522522127310436 0 0.6405522522127310436 0.7679145865167543716 0 forward_v I I I I #
coedge $-1 -1 $-1 $1574 $1575 $1576 $1577 forward $1316 $-1 #
coedge $-1 -1 $-1 $1578 $1318 $1575 $1579 forward $1198 $-1 #
coedge $-1 -1 $-1 $1318 $1578 $1580 $1581 reversed $1198 $-1 #
coedge $-1 -1 $-1 $1582 $1576 $1318 $1447 reversed $102 $-1 #
edge $1583 -1 $-1 $1584 0 $1585 0.3350401926004216713 $1318 $1586 forward @7 unknown #
coedge $-1 -1 $-1 $1320 $1319 $1587 $1588 reversed $1085 $-1 #
coedge $-1 -1 $-1 $1589 $1590 $1319 $1450 forward $1591 $-1 #
edge $1592 -1 $-1 $1593 -0.75 $1453 0.25 $1449 $1594 forward @7 unknown #
coedge $-1 -1 $-1 $1321 $1595 $1589 $1596 forward $102 $-1 #
color-adesk-attrib $-1 -1 $-1 $-1 $1322 256 #
vertex $-1 -1 $-1 $1322 $1597 #
straight-curve $-1 -1 $-1 0.5146107499519875228 -15.18827330458831426 -0.5 -0.9330902171825534719 0.3596423870989281513 0 F 0 F 0.2299999999999999822 #
coedge $-1 -1 $-1 $1587 $1598 $1323 $1456 forward $264 $-1 #
edge $1599 -1 $-1 $1464 0 $1458 0.3350401926004216713 $1323 $1600 forward @7 unknown #
color-adesk-attrib $-1 -1 $-1 $-1 $1324 256 #
vertex $-1 -1 $-1 $1324 $1601 #
straight-curve $-1 -1 $-1 0.5146107499519875228 -15.18827330458831426 -0.5 0 0 1 I I #
coedge $-1 -1 $-1 $1602 $1325 $1598 $1603 reversed $1462 $-1 #
coedge $-1 -1 $-1 $1325 $1602 $1327 $1467 reversed $1462 $-1 #
loop $-1 -1 $-1 $-1 $1325 $1604 #
color-adesk-attrib $-1 -1 $-1 $-1 $1326 256 #
vertex $-1 -1 $-1 $1456 $1605 #
straight-curve $-1 -1 $-1 0.2999999999999998224 -15.4455555555555577 -0.25 0 0 1 I I #
coedge $-1 -1 $-1 $1340 $1327 $1606 $1607 reversed $102 $-1 #
edge $1608 -1 $-1 $1329 15.4455555555555577 $1609 15.44743589743589496 $1461 $277 forward @7 unknown #
point $-1 -1 $-1 0.3000000000000002665 -15.4455555555555577 -0.5 #
point $-1 -1 $-1 0.5146107499519875228 -15.18827330458831426 -0.5 #
coedge $-1 -1 $-1 $1610 $1332 $1335 $1474 forward $264 $-1 #
color-adesk-attrib $-1 -1 $-1 $-1 $1333 256 #
straight-curve $-1 -1 $-1 0.5146107499519875228 -15.87203398834899559 0.5 -0.9330902171825534719 0.3596423870989281513 0 I I #
coedge $-1 -1 $-1 $1335 $1334 $1611 $1612 forward $1336 $-1 #
edge $1613 -1 $-1 $1338 -15.78931623931623562 $1614 -15.78743589743589837 $1335 $352 forward @7 unknown #
face $1615 -1 $-1 $1118 $1336 $8 $-1 $354 reversed single #
point $-1 -1 $-1 0.3000000000000002109 -15.78931623931623562 0.5 #
coedge $-1 -1 $-1 $1616 $1611 $1340 $1478 forward $1617 $-1 #
edge $1618 -1 $-1 $1480 0 $1619 0.3350401926004216713 $1477 $1620 forward @7 unknown #
color-adesk-attrib $-1 -1 $-1 $-1 $1341 256 #
vertex $-1 -1 $-1 $1341 $1621 #
coedge $-1 -1 $-1 $1343 $1355 $1622 $1623 forward $264 $-1 #
coedge $-1 -1 $-1 $1622 $1351 $1347 $1483 reversed $1488 $-1 #
edge $1624 -1 $-1 $1485 -0.75 $1354 0.25 $1347 $1625 forward @7 unknown #
color-adesk-attrib $-1 -1 $-1 $-1 $1348 256 #
vertex $-1 -1 $-1 $1348 $1626 #
color-adesk-attrib $-1 -1 $-1 $-1 $1349 256 #
coedge $-1 -1 $-1 $1351 $1622 $1361 $1497 reversed $1488 $-1 #
loop $-1 -1 $-1 $-1 $1351 $1627 #
color-adesk-attrib $-1 -1 $-1 $-1 $1352 256 #
straight-curve $-1 -1 $-1 0.5146107499519874118 -16.21391433022933626 -0.5 -0.9330902171825534719 0.3596423870989281513 0 F 0 F 0.2299999999999999822 #
point $-1 -1 $-1 0.3000000000000002109 -16.13119658119657629 -0.5 #
coedge $-1 -1 $-1 $1356 $1361 $1355 $1493 reversed $1362 $-1 #
edge $1628 -1 $-1 $1359 0 $1629 0.3350401926004216713 $1492 $1630 forward @7 unknown #
color-adesk-attrib $-1 -1 $-1 $-1 $1357 256 #
straight-curve $-1 -1 $-1 0.2999999999999998224 -16.4711965811965797 -0.25 0 0 1 I I #
point $-1 -1 $-1 0.3000000000000002109 -16.4711965811965797 0.5 #
edge $1631 -1 $-1 $1364 0 $1629 1 $1487 $1632 forward @7 unknown #
face $1633 -1 $-1 $1627 $1362 $8 $-1 $1634 forward single #
point $-1 -1 $-1 0.5146107499519874118 -16.21391433022933626 -0.5 #
color-adesk-attrib $-1 -1 $-1 $-1 $1368 256 #
straight-curve $-1 -1 $-1 0.5146107499519874118 -16.89767501399002469 0.5 -0.9330902171825534719 0.3596423870989281513 0 I I #
color-adesk-attrib $-1 -1 $-1 $-1 $1372 256 #
plane-surface $-1 -1 $-1 0.5146107499519874118 -16.89767501399002469 -0.5 0.3596423870989281513 0.9330902171825534719 0 -0.9330902171825534719 0.3596423870989281513 0 forward_v I I I I #
point $-1 -1 $-1 0.5146107499519874118 -16.89767501399002469 0.5 #
color-adesk-attrib $-1 -1 $-1 $-1 $1385 256 #
face $1635 -1 $-1 $1636 $1637 $8 $-1 $1638 forward single #
loop $-1 -1 $-1 $-1 $1547 $1385 #
plane-surface $-1 -1 $-1 0.5146107499519896322 17.97411985780485466 -0.5 0.3596423870989281513 0.9330902171825534719 0 -0.9330902171825534719 0.3596423870989281513 0 forward_v I I I I #
coedge $-1 -1 $-1 $1639 $1640 $1553 $1641 forward $1386 $-1 #
edge $1642 -1 $-1 $1436 0 $1433 1 $1429 $1643 forward @7 unknown #
edge $1644 -1 $-1 $1513 -0.25 $1539 0.75 $1399 $1645 forward @7 unknown #
color-adesk-attrib $-1 -1 $-1 $-1 $1390 256 #
vertex $-1 -1 $-1 $1401 $1646 #
straight-curve $-1 -1 $-1 0.3000000000000023204 18.400598290598289 -0.5 0.6405522522127310436 0.7679145865167543716 0 F 0 F 0.3350401926004216713 #
color-adesk-attrib $-1 -1 $-1 $-1 $1392 256 #
face $1647 -1 $-1 $1648 $1649 $8 $-1 $354 reversed single #
loop $-1 -1 $-1 $-1 $1650 $1392 #
coedge $-1 -1 $-1 $1651 $1652 $1653 $1654 forward $1393 $-1 #
coedge $-1 -1 $-1 $1655 $1394 $1656 $1657 reversed $1277 $-1 #
coedge $-1 -1 $-1 $1394 $1655 $1658 $1659 reversed $1277 $-1 #
coedge $-1 -1 $-1 $1660 $1661 $1394 $1522 reversed $1662 $-1 #
edge $1663 -1 $-1 $1664 -0.75 $1665 0.25 $1394 $1666 forward @7 unknown #
coedge $-1 -1 $-1 $1396 $1395 $1667 $1668 forward $1170 $-1 #
coedge $-1 -1 $-1 $1669 $1670 $1395 $1525 forward $264 $-1 #
edge $1671 -1 $-1 $1672 17.37307692307692619 $1533 17.374957264957267 $1395 $352 forward @7 unknown #
coedge $-1 -1 $-1 $1673 $1674 $1396 $1527 forward $102 $-1 #
edge $1675 -1 $-1 $1532 -17.374957264957267 $1676 -17.37307692307692619 $1396 $277 forward @7 unknown #
coedge $-1 -1 $-1 $1677 $1397 $1674 $1678 forward $1530 $-1 #
coedge $-1 -1 $-1 $1397 $1677 $1669 $1679 reversed $1530 $-1 #
loop $-1 -1 $-1 $-1 $1528 $1680 #
color-adesk-attrib $-1 -1 $-1 $-1 $1398 256 #
vertex $-1 -1 $-1 $1527 $1681 #
vertex $-1 -1 $-1 $1679 $1682 #
straight-curve $-1 -1 $-1 0.3000000000000002665 17.37495726495726345 -0.25 0 0 1 I I #
coedge $-1 -1 $-1 $1418 $1400 $1405 $1542 reversed $102 $-1 #
color-adesk-attrib $-1 -1 $-1 $-1 $1401 256 #
coedge $-1 -1 $-1 $1402 $1413 $1404 $1541 forward $264 $-1 #
color-adesk-attrib $-1 -1 $-1 $-1 $1403 256 #
vertex $-1 -1 $-1 $1431 $1683 #
coedge $-1 -1 $-1 $1405 $1404 $1421 $1556 reversed $1406 $-1 #
edge $1684 -1 $-1 $1561 0 $1408 0.2299999999999999822 $1404 $1685 forward @7 unknown #
edge $1686 -1 $-1 $1558 0 $1409 0.2299999999999999822 $1405 $1687 forward @7 unknown #
face $1688 -1 $-1 $1193 $1406 $8 $-1 $1689 forward single #
point $-1 -1 $-1 0.3000000000000023204 18.39871794871794819 0.5 #
point $-1 -1 $-1 0.3000000000000023204 18.39871794871794819 -0.5 #
coedge $-1 -1 $-1 $1690 $1411 $1414 $1551 reversed $1507 $-1 #
coedge $-1 -1 $-1 $1411 $1690 $1417 $1554 forward $1507 $-1 #
color-adesk-attrib $-1 -1 $-1 $-1 $1412 256 #
straight-curve $-1 -1 $-1 0.3000000000000002665 18.05683760683760752 -0.25 0 0 -1 I I #
coedge $-1 -1 $-1 $1414 $1658 $1691 $1692 forward $264 $-1 #
edge $1693 -1 $-1 $1694 0 $1416 0.2299999999999999822 $1546 $1695 forward @7 unknown #
point $-1 -1 $-1 0.3000000000000022649 18.05683760683760752 0.5 #
coedge $-1 -1 $-1 $1656 $1417 $1509 $1641 reversed $102 $-1 #
edge $1696 -1 $-1 $1697 0 $1420 0.2299999999999999822 $1547 $1698 forward @7 unknown #
point $-1 -1 $-1 0.3000000000000022649 18.05683760683760752 -0.5 #
edge $1699 -1 $-1 $1558 0 $1561 1 $1540 $1700 forward @7 unknown #
color-adesk-attrib $-1 -1 $-1 $-1 $1422 256 #
vertex $-1 -1 $-1 $1542 $1701 #
straight-curve $-1 -1 $-1 0.3000000000000023204 18.05871794871794833 -0.5 0.6405522522127310436 0.7679145865167543716 0 F 0 F 0.3350401926004216713 #
color-adesk-attrib $-1 -1 $-1 $-1 $1423 256 #
vertex $-1 -1 $-1 $1556 $1702 #
straight-curve $-1 -1 $-1 0.3000000000000023204 18.05871794871794833 0.5 0.6405522522127310436 0.7679145865167543716 0 I I #
color-adesk-attrib $-1 -1 $-1 $-1 $1424 256 #
plane-surface $-1 -1 $-1 0.3000000000000023204 18.05871794871794833 -0.5 0.7679145865167543716 -0.6405522522127310436 0 0.6405522522127310436 0.7679145865167543716 0 forward_v I I I I #
color-adesk-attrib $-1 -1 $-1 $-1 $1431 256 #
straight-curve $-1 -1 $-1 0.3000000000000023204 18.400598290598289 0.5 0.6405522522127310436 0.7679145865167543716 0 I I #
point $-1 -1 $-1 0.5146107499519896322 18.65788054156553599 0.5 #
point $-1 -1 $-1 0.5146107499519896322 18.65788054156553599 -0.5 #
color-adesk-attrib $-1 -1 $-1 $-1 $1440 256 #
face $1703 -1 $-1 $1704 $1705 $8 $-1 $1706 forward single #
loop $-1 -1 $-1 $-1 $1707 $1440 #
plane-surface $-1 -1 $-1 0.5146107499519876338 -13.82075193706694449 -0.5 0.3596423870989281513 0.9330902171825534719 0 -0.9330902171825534719 0.3596423870989281513 0 forward_v I I I I #
coedge $-1 -1 $-1 $1708 $1709 $1710 $1711 forward $1441 $-1 #
coedge $-1 -1 $-1 $1712 $1443 $1713 $1714 reversed $1316 $-1 #
coedge $-1 -1 $-1 $1443 $1712 $1444 $1579 reversed $1316 $-1 #
coedge $-1 -1 $-1 $1446 $1715 $1443 $1577 reversed $102 $-1 #
edge $1716 -1 $-1 $1585 0 $1717 0.2299999999999999822 $1443 $1718 forward @7 unknown #
coedge $-1 -1 $-1 $1445 $1444 $1719 $1720 reversed $1198 $-1 #
edge $1721 -1 $-1 $1585 0 $1722 1 $1575 $1723 forward @7 unknown #
coedge $-1 -1 $-1 $1724 $1725 $1445 $1581 forward $1726 $-1 #
edge $1727 -1 $-1 $1584 -0.25 $1728 0.75 $1580 $1729 forward @7 unknown #
coedge $-1 -1 $-1 $1730 $1446 $1725 $1731 forward $102 $-1 #
color-adesk-attrib $-1 -1 $-1 $-1 $1447 256 #
vertex $-1 -1 $-1 $1731 $1732 #
vertex $-1 -1 $-1 $1577 $1733 #
straight-curve $-1 -1 $-1 0.300000000000000322 -14.76179487179486927 -0.5 0.6405522522127310436 0.7679145865167543716 0 F 0 F 0.3350401926004216713 #
coedge $-1 -1 $-1 $1734 $1455 $1448 $1588 forward $264 $-1 #
edge $1735 -1 $-1 $1458 0 $1593 0.2299999999999999822 $1448 $1736 forward @7 unknown #
coedge $-1 -1 $-1 $1737 $1449 $1451 $1596 reversed $1591 $-1 #
coedge $-1 -1 $-1 $1449 $1737 $1734 $1738 reversed $1591 $-1 #
loop $-1 -1 $-1 $-1 $1449 $1739 #
color-adesk-attrib $-1 -1 $-1 $-1 $1450 256 #
vertex $-1 -1 $-1 $1738 $1740 #
straight-curve $-1 -1 $-1 0.2999999999999993783 -15.10555555555555962 -0.25 0 0 -1 I I #
coedge $-1 -1 $-1 $1451 $1730 $1741 $1742 reversed $102 $-1 #
edge $1743 -1 $-1 $1744 15.10367521367521704 $1453 15.10555555555555429 $1589 $277 forward @7 unknown #
point $-1 -1 $-1 0.3000000000000002665 -15.10555555555555429 -0.5 #
coedge $-1 -1 $-1 $1455 $1745 $1460 $1603 forward $264 $-1 #
color-adesk-attrib $-1 -1 $-1 $-1 $1456 256 #
straight-curve $-1 -1 $-1 0.3000000000000002665 -15.4455555555555577 0.5 0.6405522522127310436 0.7679145865167543716 0 I I #
point $-1 -1 $-1 0.5146107499519875228 -15.18827330458831426 0.5 #
coedge $-1 -1 $-1 $1461 $1460 $1746 $1747 forward $1462 $-1 #
edge $1748 -1 $-1 $1749 -15.44743589743589496 $1464 -15.4455555555555577 $1460 $352 forward @7 unknown #
face $1750 -1 $-1 $1739 $1462 $8 $-1 $354 reversed single #
point $-1 -1 $-1 0.3000000000000002665 -15.4455555555555577 0.5 #
coedge $-1 -1 $-1 $1746 $1751 $1466 $1607 forward $1752 $-1 #
edge $1753 -1 $-1 $1619 0 $1609 0.2299999999999999822 $1606 $1754 forward @7 unknown #
color-adesk-attrib $-1 -1 $-1 $-1 $1467 256 #
vertex $-1 -1 $-1 $1607 $1755 #
coedge $-1 -1 $-1 $1745 $1470 $1756 $1757 forward $264 $-1 #
coedge $-1 -1 $-1 $1477 $1756 $1473 $1612 reversed $1617 $-1 #
edge $1758 -1 $-1 $1480 -0.25 $1614 0.75 $1473 $1759 forward @7 unknown #
color-adesk-attrib $-1 -1 $-1 $-1 $1474 256 #
vertex $-1 -1 $-1 $1757 $1760 #
color-adesk-attrib $-1 -1 $-1 $-1 $1475 256 #
coedge $-1 -1 $-1 $1756 $1477 $1751 $1761 forward $1617 $-1 #
loop $-1 -1 $-1 $-1 $1477 $1762 #
color-adesk-attrib $-1 -1 $-1 $-1 $1478 256 #
vertex $-1 -1 $-1 $1607 $1763 #
straight-curve $-1 -1 $-1 0.3000000000000002665 -15.78743589743589837 -0.5 0.6405522522127310436 0.7679145865167543716 0 F 0 F 0.3350401926004216713 #
point $-1 -1 $-1 0.3000000000000002665 -15.78743589743589837 -0.5 #
coedge $-1 -1 $-1 $1487 $1482 $1481 $1623 reversed $1488 $-1 #
edge $1764 -1 $-1 $1629 0 $1485 0.2299999999999999822 $1622 $1765 forward @7 unknown #
color-adesk-attrib $-1 -1 $-1 $-1 $1483 256 #
straight-curve $-1 -1 $-1 0.2999999999999993783 -16.1311965811965834 -0.25 0 0 -1 I I #
point $-1 -1 $-1 0.3000000000000002109 -16.13119658119657629 0.5 #
face $1766 -1 $-1 $1255 $1488 $8 $-1 $1767 forward single #
color-adesk-attrib $-1 -1 $-1 $-1 $1493 256 #
vertex $-1 -1 $-1 $1497 $1768 #
straight-curve $-1 -1 $-1 0.3000000000000002109 -16.4711965811965797 0.5 0.6405522522127310436 0.7679145865167543716 0 I I #
color-adesk-attrib $-1 -1 $-1 $-1 $1497 256 #
straight-curve $-1 -1 $-1 0.5146107499519874118 -16.21391433022933626 -0.5 0 0 1 I I #
color-adesk-attrib $-1 -1 $-1 $-1 $1498 256 #
plane-surface $-1 -1 $-1 0.3000000000000002109 -16.4711965811965797 -0.5 0.7679145865167543716 -0.6405522522127310436 0 0.6405522522127310436 0.7679145865167543716 0 forward_v I I I I #
color-adesk-attrib $-1 -1 $-1 $-1 $1506 256 #
face $1769 -1 $-1 $1770 $1771 $8 $-1 $1772 forward single #
loop $-1 -1 $-1 $-1 $1773 $1506 #
plane-surface $-1 -1 $-1 0.3000000000000022649 17.03307692307692633 -0.5 0.7679145865167543716 -0.6405522522127310436 0 0.6405522522127310436 0.7679145865167543716 0 forward_v I I I I #
coedge $-1 -1 $-1 $1691 $1509 $1690 $1774 forward $1386 $-1 #
coedge $-1 -1 $-1 $1509 $1691 $1655 $1775 reversed $1386 $-1 #
edge $1776 -1 $-1 $1777 0 $1697 0.3350401926004216713 $1509 $1778 forward @7 unknown #
color-adesk-attrib $-1 -1 $-1 $-1 $1510 256 #
straight-curve $-1 -1 $-1 0.5146107499519896322 18.65788054156553599 -0.5 0 0 1 I I #
color-adesk-attrib $-1 -1 $-1 $-1 $1511 256 #
straight-curve $-1 -1 $-1 0.2999999999999998224 18.40059829059828544 -0.25 0 0 1 I I #
point $-1 -1 $-1 0.3000000000000023204 18.400598290598289 -0.5 #
color-adesk-attrib $-1 -1 $-1 $-1 $1516 256 #
face $1779 -1 $-1 $1780 $1781 $8 $-1 $354 reversed single #
loop $-1 -1 $-1 $-1 $1782 $1516 #
coedge $-1 -1 $-1 $1783 $1784 $1785 $1786 forward $1517 $-1 #
coedge $-1 -1 $-1 $1787 $1518 $1788 $1789 reversed $1393 $-1 #
coedge $-1 -1 $-1 $1518 $1787 $1790 $1791 reversed $1393 $-1 #
coedge $-1 -1 $-1 $1792 $1793 $1518 $1654 reversed $1794 $-1 #
edge $1795 -1 $-1 $1796 -0.25 $1797 0.75 $1518 $1798 forward @7 unknown #
coedge $-1 -1 $-1 $1520 $1519 $1640 $1775 forward $1277 $-1 #
coedge $-1 -1 $-1 $1799 $1553 $1519 $1657 forward $102 $-1 #
edge $1800 -1 $-1 $1777 -17.71683760683760767 $1665 -17.71495726495726686 $1519 $277 forward @7 unknown #
coedge $-1 -1 $-1 $1550 $1801 $1520 $1659 forward $264 $-1 #
edge $1802 -1 $-1 $1664 17.71495726495726686 $1803 17.71683760683760767 $1520 $352 forward @7 unknown #
coedge $-1 -1 $-1 $1804 $1521 $1801 $1805 reversed $1662 $-1 #
coedge $-1 -1 $-1 $1521 $1804 $1799 $1806 forward $1662 $-1 #
loop $-1 -1 $-1 $-1 $1661 $1807 #
color-adesk-attrib $-1 -1 $-1 $-1 $1522 256 #
vertex $-1 -1 $-1 $1659 $1808 #
vertex $-1 -1 $-1 $1806 $1809 #
straight-curve $-1 -1 $-1 0.3000000000000002665 17.71495726495727041 -0.25 0 0 -1 I I #
coedge $-1 -1 $-1 $1810 $1811 $1523 $1668 reversed $1771 $-1 #
edge $1812 -1 $-1 $1672 -0.75 $1676 0.25 $1523 $1813 forward @7 unknown #
coedge $-1 -1 $-1 $1801 $1524 $1529 $1679 forward $264 $-1 #
coedge $-1 -1 $-1 $1524 $1814 $1810 $1815 forward $264 $-1 #
color-adesk-attrib $-1 -1 $-1 $-1 $1525 256 #
vertex $-1 -1 $-1 $1525 $1816 #
coedge $-1 -1 $-1 $1817 $1526 $1811 $1818 reversed $102 $-1 #
coedge $-1 -1 $-1 $1526 $1799 $1528 $1678 reversed $102 $-1 #
color-adesk-attrib $-1 -1 $-1 $-1 $1527 256 #
vertex $-1 -1 $-1 $1818 $1819 #
coedge $-1 -1 $-1 $1529 $1528 $1804 $1820 forward $1530 $-1 #
edge $1821 -1 $-1 $1532 0 $1822 0.3350401926004216713 $1528 $1823 forward @7 unknown #
edge $1824 -1 $-1 $1533 0 $1825 0.3350401926004216713 $1529 $1826 forward @7 unknown #
face $1827 -1 $-1 $1807 $1530 $8 $-1 $1828 forward single #
point $-1 -1 $-1 0.3000000000000022649 17.374957264957267 -0.5 #
point $-1 -1 $-1 0.3000000000000022649 17.374957264957267 0.5 #
point $-1 -1 $-1 0.3000000000000023204 18.400598290598289 0.5 #
color-adesk-attrib $-1 -1 $-1 $-1 $1541 256 #
straight-curve $-1 -1 $-1 0.5146107499519896322 18.31600019968519533 0.5 -0.9330902171825534719 0.3596423870989281513 0 I I #
color-adesk-attrib $-1 -1 $-1 $-1 $1542 256 #
straight-curve $-1 -1 $-1 0.5146107499519896322 18.31600019968519533 -0.5 -0.9330902171825534719 0.3596423870989281513 0 F 0 F 0.2299999999999999822 #
color-adesk-attrib $-1 -1 $-1 $-1 $1543 256 #
plane-surface $-1 -1 $-1 0.5146107499519896322 18.31600019968519533 -0.5 0.3596423870989281513 0.9330902171825534719 0 -0.9330902171825534719 0.3596423870989281513 0 forward_v I I I I #
coedge $-1 -1 $-1 $1547 $1546 $1639 $1774 reversed $1507 $-1 #
coedge $-1 -1 $-1 $1640 $1639 $1550 $1692 reversed $1386 $-1 #
edge $1829 -1 $-1 $1803 0 $1694 0.3350401926004216713 $1691 $1830 forward @7 unknown #
color-adesk-attrib $-1 -1 $-1 $-1 $1551 256 #
vertex $-1 -1 $-1 $1774 $1831 #
straight-curve $-1 -1 $-1 0.5146107499519896322 17.97411985780485466 0.5 -0.9330902171825534719 0.3596423870989281513 0 I I #
color-adesk-attrib $-1 -1 $-1 $-1 $1554 256 #
vertex $-1 -1 $-1 $1554 $1832 #
straight-curve $-1 -1 $-1 0.5146107499519896322 17.97411985780485466 -0.5 -0.9330902171825534719 0.3596423870989281513 0 F 0 F 0.2299999999999999822 #
color-adesk-attrib $-1 -1 $-1 $-1 $1556 256 #
straight-curve $-1 -1 $-1 0.5146107499519896322 18.31600019968519533 -0.5 0 0 1 I I #
point $-1 -1 $-1 0.5146107499519896322 18.31600019968519533 -0.5 #
point $-1 -1 $-1 0.5146107499519896322 18.31600019968519533 0.5 #
color-adesk-attrib $-1 -1 $-1 $-1 $1570 256 #
face $1833 -1 $-1 $1834 $1835 $8 $-1 $1836 forward single #
loop $-1 -1 $-1 $-1 $1837 $1570 #
plane-surface $-1 -1 $-1 0.3000000000000003775 -13.3942735042735066 -0.5 0.7679145865167543716 -0.6405522522127310436 0 0.6405522522127310436 0.7679145865167543716 0 forward_v I I I I #
coedge $-1 -1 $-1 $1838 $1839 $1840 $1841 forward $1571 $-1 #
coedge $-1 -1 $-1 $1842 $1573 $1839 $1843 forward $1441 $-1 #
coedge $-1 -1 $-1 $1573 $1842 $1844 $1845 reversed $1441 $-1 #
coedge $-1 -1 $-1 $1846 $1840 $1573 $1711 reversed $102 $-1 #
edge $1847 -1 $-1 $1848 0 $1849 0.3350401926004216713 $1573 $1850 forward @7 unknown #
coedge $-1 -1 $-1 $1575 $1574 $1851 $1852 reversed $1316 $-1 #
coedge $-1 -1 $-1 $1853 $1854 $1574 $1714 forward $1855 $-1 #
edge $1856 -1 $-1 $1857 -0.75 $1717 0.25 $1713 $1858 forward @7 unknown #
coedge $-1 -1 $-1 $1576 $1859 $1853 $1860 forward $102 $-1 #
color-adesk-attrib $-1 -1 $-1 $-1 $1577 256 #
vertex $-1 -1 $-1 $1577 $1861 #
straight-curve $-1 -1 $-1 0.5146107499519876338 -14.50451262082762582 -0.5 -0.9330902171825534719 0.3596423870989281513 0 F 0 F 0.2299999999999999822 #
coedge $-1 -1 $-1 $1851 $1862 $1578 $1720 forward $264 $-1 #
edge $1863 -1 $-1 $1728 0 $1722 0.3350401926004216713 $1578 $1864 forward @7 unknown #
color-adesk-attrib $-1 -1 $-1 $-1 $1579 256 #
vertex $-1 -1 $-1 $1579 $1865 #
straight-curve $-1 -1 $-1 0.5146107499519876338 -14.50451262082762582 -0.5 0 0 1 I I #
coedge $-1 -1 $-1 $1866 $1580 $1862 $1867 reversed $1726 $-1 #
coedge $-1 -1 $-1 $1580 $1866 $1582 $1731 reversed $1726 $-1 #
loop $-1 -1 $-1 $-1 $1580 $1868 #
color-adesk-attrib $-1 -1 $-1 $-1 $1581 256 #
vertex $-1 -1 $-1 $1720 $1869 #
straight-curve $-1 -1 $-1 0.2999999999999998224 -14.76179487179486927 -0.25 0 0 1 I I #
coedge $-1 -1 $-1 $1595 $1582 $1870 $1871 reversed $102 $-1 #
edge $1872 -1 $-1 $1584 14.76179487179486927 $1873 14.76367521367521363 $1725 $277 forward @7 unknown #
point $-1 -1 $-1 0.300000000000000322 -14.76179487179486927 -0.5 #
point $-1 -1 $-1 0.5146107499519876338 -14.50451262082762582 -0.5 #
coedge $-1 -1 $-1 $1874 $1587 $1590 $1738 forward $264 $-1 #
color-adesk-attrib $-1 -1 $-1 $-1 $1588 256 #
straight-curve $-1 -1 $-1 0.5146107499519875228 -15.18827330458831426 0.5 -0.9330902171825534719 0.3596423870989281513 0 I I #
coedge $-1 -1 $-1 $1590 $1589 $1875 $1876 forward $1591 $-1 #
edge $1877 -1 $-1 $1593 -15.10555555555555429 $1878 -15.10367521367521704 $1590 $352 forward @7 unknown #
face $1879 -1 $-1 $1349 $1591 $8 $-1 $354 reversed single #
point $-1 -1 $-1 0.3000000000000002665 -15.10555555555555429 0.5 #
coedge $-1 -1 $-1 $1880 $1875 $1595 $1742 forward $1881 $-1 #
edge $1882 -1 $-1 $1744 0 $1883 0.3350401926004216713 $1741 $1884 forward @7 unknown #
color-adesk-attrib $-1 -1 $-1 $-1 $1596 256 #
vertex $-1 -1 $-1 $1596 $1885 #
coedge $-1 -1 $-1 $1598 $1610 $1886 $1887 forward $264 $-1 #
coedge $-1 -1 $-1 $1886 $1606 $1602 $1747 reversed $1752 $-1 #
edge $1888 -1 $-1 $1749 -0.75 $1609 0.25 $1602 $1889 forward @7 unknown #
color-adesk-attrib $-1 -1 $-1 $-1 $1603 256 #
vertex $-1 -1 $-1 $1603 $1890 #
color-adesk-attrib $-1 -1 $-1 $-1 $1604 256 #
coedge $-1 -1 $-1 $1606 $1886 $1616 $1761 reversed $1752 $-1 #
loop $-1 -1 $-1 $-1 $1606 $1891 #
color-adesk-attrib $-1 -1 $-1 $-1 $1607 256 #
straight-curve $-1 -1 $-1 0.5146107499519875228 -15.53015364646865493 -0.5 -0.9330902171825534719 0.3596423870989281513 0 F 0 F 0.2299999999999999822 #
point $-1 -1 $-1 0.3000000000000002665 -15.44743589743589496 -0.5 #
coedge $-1 -1 $-1 $1611 $1616 $1610 $1757 reversed $1617 $-1 #
edge $1892 -1 $-1 $1614 0 $1893 0.3350401926004216713 $1756 $1894 forward @7 unknown #
color-adesk-attrib $-1 -1 $-1 $-1 $1612 256 #
straight-curve $-1 -1 $-1 0.2999999999999998224 -15.78743589743590015 -0.25 0 0 1 I I #
point $-1 -1 $-1 0.3000000000000002665 -15.78743589743589837 0.5 #
edge $1895 -1 $-1 $1619 0 $1893 1 $1751 $1896 forward @7 unknown #
face $1897 -1 $-1 $1891 $1617 $8 $-1 $1898 forward single #
point $-1 -1 $-1 0.5146107499519875228 -15.53015364646865493 -0.5 #
color-adesk-attrib $-1 -1 $-1 $-1 $1623 256 #
straight-curve $-1 -1 $-1 0.5146107499519874118 -16.21391433022933626 0.5 -0.9330902171825534719 0.3596423870989281513 0 I I #
color-adesk-attrib $-1 -1 $-1 $-1 $1627 256 #
plane-surface $-1 -1 $-1 0.5146107499519874118 -16.21391433022933626 -0.5 0.3596423870989281513 0.9330902171825534719 0 -0.9330902171825534719 0.3596423870989281513 0 forward_v I I I I #
point $-1 -1 $-1 0.5146107499519874118 -16.21391433022933626 0.5 #
color-adesk-attrib $-1 -1 $-1 $-1 $1636 256 #
face $1899 -1 $-1 $1900 $1901 $8 $-1 $1902 forward single #
loop $-1 -1 $-1 $-1 $1811 $1636 #
plane-surface $-1 -1 $-1 0.5146107499519895212 17.29035917404417333 -0.5 0.3596423870989281513 0.9330902171825534719 0 -0.9330902171825534719 0.3596423870989281513 0 forward_v I I I I #
coedge $-1 -1 $-1 $1903 $1904 $1817 $1905 forward $1637 $-1 #
edge $1906 -1 $-1 $1697 0 $1694 1 $1690 $1907 forward @7 unknown #
edge $1908 -1 $-1 $1777 -0.25 $1803 0.75 $1655 $1909 forward @7 unknown #
color-adesk-attrib $-1 -1 $-1 $-1 $1641 256 #
vertex $-1 -1 $-1 $1657 $1910 #
straight-curve $-1 -1 $-1 0.3000000000000022649 17.71683760683760767 -0.5 0.6405522522127310436 0.7679145865167543716 0 F 0 F 0.3350401926004216713 #
color-adesk-attrib $-1 -1 $-1 $-1 $1648 256 #
face $1911 -1 $-1 $1912 $1913 $8 $-1 $354 reversed single #
loop $-1 -1 $-1 $-1 $1914 $1648 #
coedge $-1 -1 $-1 $1915 $1916 $1917 $1918 forward $1649 $-1 #
coedge $-1 -1 $-1 $1919 $1650 $1920 $1921 reversed $1517 $-1 #
coedge $-1 -1 $-1 $1650 $1919 $1922 $1923 reversed $1517 $-1 #
coedge $-1 -1 $-1 $1924 $1925 $1650 $1786 reversed $1926 $-1 #
edge $1927 -1 $-1 $1928 -0.75 $1929 0.25 $1650 $1930 forward @7 unknown #
coedge $-1 -1 $-1 $1652 $1651 $1931 $1932 forward $1393 $-1 #
coedge $-1 -1 $-1 $1933 $1934 $1651 $1789 forward $264 $-1 #
edge $1935 -1 $-1 $1936 16.68931623931623776 $1797 16.69119658119657856 $1651 $352 forward @7 unknown #
coedge $-1 -1 $-1 $1937 $1938 $1652 $1791 forward $102 $-1 #
edge $1939 -1 $-1 $1796 -16.69119658119657856 $1940 -16.68931623931623776 $1652 $277 forward @7 unknown #
coedge $-1 -1 $-1 $1941 $1653 $1938 $1942 forward $1794 $-1 #
coedge $-1 -1 $-1 $1653 $1941 $1933 $1943 reversed $1794 $-1 #
loop $-1 -1 $-1 $-1 $1792 $1944 #
color-adesk-attrib $-1 -1 $-1 $-1 $1654 256 #
vertex $-1 -1 $-1 $1791 $1945 #
vertex $-1 -1 $-1 $1943 $1946 #
straight-curve $-1 -1 $-1 0.3000000000000002665 16.69119658119657856 -0.25 0 0 1 I I #
coedge $-1 -1 $-1 $1674 $1656 $1661 $1806 reversed $102 $-1 #
color-adesk-attrib $-1 -1 $-1 $-1 $1657 256 #
coedge $-1 -1 $-1 $1658 $1669 $1660 $1805 forward $264 $-1 #
color-adesk-attrib $-1 -1 $-1 $-1 $1659 256 #
vertex $-1 -1 $-1 $1692 $1947 #
coedge $-1 -1 $-1 $1661 $1660 $1677 $1820 reversed $1662 $-1 #
edge $1948 -1 $-1 $1825 0 $1664 0.2299999999999999822 $1660 $1949 forward @7 unknown #
edge $1950 -1 $-1 $1822 0 $1665 0.2299999999999999822 $1661 $1951 forward @7 unknown #
face $1952 -1 $-1 $1424 $1662 $8 $-1 $1953 forward single #
point $-1 -1 $-1 0.3000000000000022649 17.71495726495726686 0.5 #
point $-1 -1 $-1 0.3000000000000022649 17.71495726495726686 -0.5 #
coedge $-1 -1 $-1 $1954 $1667 $1670 $1815 reversed $1771 $-1 #
coedge $-1 -1 $-1 $1667 $1954 $1673 $1818 forward $1771 $-1 #
color-adesk-attrib $-1 -1 $-1 $-1 $1668 256 #
straight-curve $-1 -1 $-1 0.3000000000000002665 17.37307692307692619 -0.25 0 0 -1 I I #
coedge $-1 -1 $-1 $1670 $1922 $1955 $1956 forward $264 $-1 #
edge $1957 -1 $-1 $1958 0 $1672 0.2299999999999999822 $1810 $1959 forward @7 unknown #
point $-1 -1 $-1 0.3000000000000022649 17.37307692307692619 0.5 #
coedge $-1 -1 $-1 $1920 $1673 $1773 $1905 reversed $102 $-1 #
edge $1960 -1 $-1 $1961 0 $1676 0.2299999999999999822 $1811 $1962 forward @7 unknown #
point $-1 -1 $-1 0.3000000000000022649 17.37307692307692619 -0.5 #
edge $1963 -1 $-1 $1822 0 $1825 1 $1804 $1964 forward @7 unknown #
color-adesk-attrib $-1 -1 $-1 $-1 $1678 256 #
vertex $-1 -1 $-1 $1806 $1965 #
straight-curve $-1 -1 $-1 0.3000000000000022649 17.374957264957267 -0.5 0.6405522522127310436 0.7679145865167543716 0 F 0 F 0.3350401926004216713 #
color-adesk-attrib $-1 -1 $-1 $-1 $1679 256 #
vertex $-1 -1 $-1 $1820 $1966 #
straight-curve $-1 -1 $-1 0.3000000000000022649 17.374957264957267 0.5 0.6405522522127310436 0.7679145865167543716 0 I I #
color-adesk-attrib $-1 -1 $-1 $-1 $1680 256 #
plane-surface $-1 -1 $-1 0.3000000000000022649 17.374957264957267 -0.5 0.7679145865167543716 -0.6405522522127310436 0 0.6405522522127310436 0.7679145865167543716 0 forward_v I I I I #
color-adesk-attrib $-1 -1 $-1 $-1 $1692 256 #
straight-curve $-1 -1 $-1 0.3000000000000022649 17.71683760683760767 0.5 0.6405522522127310436 0.7679145865167543716 0 I I #
point $-1 -1 $-1 0.5146107499519896322 17.97411985780485466 0.5 #
point $-1 -1 $-1 0.5146107499519896322 17.97411985780485466 -0.5 #
color-adesk-attrib $-1 -1 $-1 $-1 $1704 256 #
face $1967 -1 $-1 $1968 $1969 $8 $-1 $1970 forward single #
loop $-1 -1 $-1 $-1 $1971 $1704 #
plane-surface $-1 -1 $-1 0.5146107499519876338 -13.13699125330626316 -0.5 0.3596423870989281513 0.9330902171825534719 0 -0.9330902171825534719 0.3596423870989281513 0 forward_v I I I I #
coedge $-1 -1 $-1 $1972 $1973 $1974 $1975 forward $1705 $-1 #
coedge $-1 -1 $-1 $1976 $1707 $1977 $1978 reversed $1571 $-1 #
coedge $-1 -1 $-1 $1707 $1976 $1708 $1843 reversed $1571 $-1 #
coedge $-1 -1 $-1 $1710 $1979 $1707 $1841 reversed $102 $-1 #
edge $1980 -1 $-1 $1849 0 $1981 0.2299999999999999822 $1707 $1982 forward @7 unknown #
coedge $-1 -1 $-1 $1709 $1708 $1983 $1984 reversed $1441 $-1 #
edge $1985 -1 $-1 $1849 0 $1986 1 $1839 $1987 forward @7 unknown #
coedge $-1 -1 $-1 $1988 $1989 $1709 $1845 forward $1990 $-1 #
edge $1991 -1 $-1 $1848 -0.25 $1992 0.75 $1844 $1993 forward @7 unknown #
coedge $-1 -1 $-1 $1994 $1710 $1989 $1995 forward $102 $-1 #
color-adesk-attrib $-1 -1 $-1 $-1 $1711 256 #
vertex $-1 -1 $-1 $1995 $1996 #
vertex $-1 -1 $-1 $1841 $1997 #
straight-curve $-1 -1 $-1 0.3000000000000003775 -14.07803418803418793 -0.5 0.6405522522127310436 0.7679145865167543716 0 F 0 F 0.3350401926004216713 #
coedge $-1 -1 $-1 $1998 $1719 $1712 $1852 forward $264 $-1 #
edge $1999 -1 $-1 $1722 0 $1857 0.2299999999999999822 $1712 $2000 forward @7 unknown #
coedge $-1 -1 $-1 $2001 $1713 $1715 $1860 reversed $1855 $-1 #
coedge $-1 -1 $-1 $1713 $2001 $1998 $2002 reversed $1855 $-1 #
loop $-1 -1 $-1 $-1 $1713 $2003 #
color-adesk-attrib $-1 -1 $-1 $-1 $1714 256 #
vertex $-1 -1 $-1 $2002 $2004 #
straight-curve $-1 -1 $-1 0.2999999999999993783 -14.42179487179487296 -0.25 0 0 -1 I I #
coedge $-1 -1 $-1 $1715 $1994 $2005 $2006 reversed $102 $-1 #
edge $2007 -1 $-1 $2008 14.4199145299145286 $1717 14.42179487179486586 $1853 $277 forward @7 unknown #
point $-1 -1 $-1 0.300000000000000322 -14.42179487179486586 -0.5 #
coedge $-1 -1 $-1 $1719 $2009 $1724 $1867 forward $264 $-1 #
color-adesk-attrib $-1 -1 $-1 $-1 $1720 256 #
straight-curve $-1 -1 $-1 0.300000000000000322 -14.76179487179486927 0.5 0.6405522522127310436 0.7679145865167543716 0 I I #
point $-1 -1 $-1 0.5146107499519876338 -14.50451262082762582 0.5 #
coedge $-1 -1 $-1 $1725 $1724 $2010 $2011 forward $1726 $-1 #
edge $2012 -1 $-1 $2013 -14.76367521367521363 $1728 -14.76179487179486927 $1724 $352 forward @7 unknown #
face $2014 -1 $-1 $2003 $1726 $8 $-1 $354 reversed single #
point $-1 -1 $-1 0.300000000000000322 -14.76179487179486927 0.5 #
coedge $-1 -1 $-1 $2010 $2015 $1730 $1871 forward $2016 $-1 #
edge $2017 -1 $-1 $1883 0 $1873 0.2299999999999999822 $1870 $2018 forward @7 unknown #
color-adesk-attrib $-1 -1 $-1 $-1 $1731 256 #
vertex $-1 -1 $-1 $1871 $2019 #
coedge $-1 -1 $-1 $2009 $1734 $2020 $2021 forward $264 $-1 #
coedge $-1 -1 $-1 $1741 $2020 $1737 $1876 reversed $1881 $-1 #
edge $2022 -1 $-1 $1744 -0.25 $1878 0.75 $1737 $2023 forward @7 unknown #
color-adesk-attrib $-1 -1 $-1 $-1 $1738 256 #
vertex $-1 -1 $-1 $2021 $2024 #
color-adesk-attrib $-1 -1 $-1 $-1 $1739 256 #
coedge $-1 -1 $-1 $2020 $1741 $2015 $2025 forward $1881 $-1 #
loop $-1 -1 $-1 $-1 $1741 $2026 #
color-adesk-attrib $-1 -1 $-1 $-1 $1742 256 #
vertex $-1 -1 $-1 $1871 $2027 #
straight-curve $-1 -1 $-1 0.3000000000000002665 -15.10367521367521704 -0.5 0.6405522522127310436 0.7679145865167543716 0 F 0 F 0.3350401926004216713 #
point $-1 -1 $-1 0.3000000000000002665 -15.10367521367521704 -0.5 #
coedge $-1 -1 $-1 $1751 $1746 $1745 $1887 reversed $1752 $-1 #
edge $2028 -1 $-1 $1893 0 $1749 0.2299999999999999822 $1886 $2029 forward @7 unknown #
color-adesk-attrib $-1 -1 $-1 $-1 $1747 256 #
straight-curve $-1 -1 $-1 0.2999999999999998224 -15.44743589743590206 -0.25 0 0 -1 I I #
point $-1 -1 $-1 0.3000000000000002665 -15.44743589743589496 0.5 #
face $2030 -1 $-1 $1498 $1752 $8 $-1 $2031 forward single #
color-adesk-attrib $-1 -1 $-1 $-1 $1757 256 #
vertex $-1 -1 $-1 $1761 $2032 #
straight-curve $-1 -1 $-1 0.3000000000000002665 -15.78743589743589837 0.5 0.6405522522127310436 0.7679145865167543716 0 I I #
color-adesk-attrib $-1 -1 $-1 $-1 $1761 256 #
straight-curve $-1 -1 $-1 0.5146107499519875228 -15.53015364646865493 -0.5 0 0 1 I I #
color-adesk-attrib $-1 -1 $-1 $-1 $1762 256 #
plane-surface $-1 -1 $-1 0.3000000000000002665 -15.78743589743589837 -0.5 0.7679145865167543716 -0.6405522522127310436 0 0.6405522522127310436 0.7679145865167543716 0 forward_v I I I I #
color-adesk-attrib $-1 -1 $-1 $-1 $1770 256 #
face $2033 -1 $-1 $2034 $2035 $8 $-1 $2036 forward single #
loop $-1 -1 $-1 $-1 $2037 $1770 #
plane-surface $-1 -1 $-1 0.3000000000000022093 16.3493162393162379 -0.5 0.7679145865167543716 -0.6405522522127310436 0 0.6405522522127310436 0.7679145865167543716 0 forward_v I I I I #
coedge $-1 -1 $-1 $1955 $1773 $1954 $2038 forward $1637 $-1 #
coedge $-1 -1 $-1 $1773 $1955 $1919 $2039 reversed $1637 $-1 #
edge $2040 -1 $-1 $2041 0 $1961 0.3350401926004216713 $1773 $2042 forward @7 unknown #
color-adesk-attrib $-1 -1 $-1 $-1 $1774 256 #
straight-curve $-1 -1 $-1 0.5146107499519896322 17.97411985780485466 -0.5 0 0 1 I I #
color-adesk-attrib $-1 -1 $-1 $-1 $1775 256 #
straight-curve $-1 -1 $-1 0.2999999999999998224 17.71683760683760767 -0.25 0 0 1 I I #
point $-1 -1 $-1 0.3000000000000022649 17.71683760683760767 -0.5 #
color-adesk-attrib $-1 -1 $-1 $-1 $1780 256 #
face $2043 -1 $-1 $2044 $2045 $8 $-1 $354 reversed single #
loop $-1 -1 $-1 $-1 $2046 $1780 #
coedge $-1 -1 $-1 $2047 $2048 $2049 $2050 forward $1781 $-1 #
coedge $-1 -1 $-1 $2051 $1782 $2052 $2053 reversed $1649 $-1 #
coedge $-1 -1 $-1 $1782 $2051 $2054 $2055 reversed $1649 $-1 #
coedge $-1 -1 $-1 $2056 $2057 $1782 $1918 reversed $2058 $-1 #
edge $2059 -1 $-1 $2060 -0.25 $2061 0.75 $1782 $2062 forward @7 unknown #
coedge $-1 -1 $-1 $1784 $1783 $1904 $2039 forward $1517 $-1 #
coedge $-1 -1 $-1 $2063 $1817 $1783 $1921 forward $102 $-1 #
edge $2064 -1 $-1 $2041 -17.03307692307692633 $1929 -17.03119658119657842 $1783 $277 forward @7 unknown #
coedge $-1 -1 $-1 $1814 $2065 $1784 $1923 forward $264 $-1 #
edge $2066 -1 $-1 $1928 17.03119658119657842 $2067 17.03307692307692633 $1784 $352 forward @7 unknown #
coedge $-1 -1 $-1 $2068 $1785 $2065 $2069 reversed $1926 $-1 #
coedge $-1 -1 $-1 $1785 $2068 $2063 $2070 forward $1926 $-1 #
loop $-1 -1 $-1 $-1 $1925 $2071 #
color-adesk-attrib $-1 -1 $-1 $-1 $1786 256 #
vertex $-1 -1 $-1 $1923 $2072 #
vertex $-1 -1 $-1 $2070 $2073 #
straight-curve $-1 -1 $-1 0.2999999999999998224 17.03119658119657842 -0.25 0 0 -1 I I #
coedge $-1 -1 $-1 $2074 $2075 $1787 $1932 reversed $2035 $-1 #
edge $2076 -1 $-1 $1936 -0.75 $1940 0.25 $1787 $2077 forward @7 unknown #
coedge $-1 -1 $-1 $2065 $1788 $1793 $1943 forward $264 $-1 #
coedge $-1 -1 $-1 $1788 $2078 $2074 $2079 forward $264 $-1 #
color-adesk-attrib $-1 -1 $-1 $-1 $1789 256 #
vertex $-1 -1 $-1 $1789 $2080 #
coedge $-1 -1 $-1 $2081 $1790 $2075 $2082 reversed $102 $-1 #
coedge $-1 -1 $-1 $1790 $2063 $1792 $1942 reversed $102 $-1 #
color-adesk-attrib $-1 -1 $-1 $-1 $1791 256 #
vertex $-1 -1 $-1 $2082 $2083 #
coedge $-1 -1 $-1 $1793 $1792 $2068 $2084 forward $1794 $-1 #
edge $2085 -1 $-1 $1796 0 $2086 0.3350401926004216713 $1792 $2087 forward @7 unknown #
edge $2088 -1 $-1 $1797 0 $2089 0.3350401926004216713 $1793 $2090 forward @7 unknown #
face $2091 -1 $-1 $2071 $1794 $8 $-1 $2092 forward single #
point $-1 -1 $-1 0.3000000000000022093 16.69119658119657856 -0.5 #
point $-1 -1 $-1 0.3000000000000022093 16.69119658119657856 0.5 #
point $-1 -1 $-1 0.3000000000000022649 17.71683760683760767 0.5 #
color-adesk-attrib $-1 -1 $-1 $-1 $1805 256 #
straight-curve $-1 -1 $-1 0.5146107499519895212 17.632239515924514 0.5 -0.9330902171825534719 0.3596423870989281513 0 I I #
color-adesk-attrib $-1 -1 $-1 $-1 $1806 256 #
straight-curve $-1 -1 $-1 0.5146107499519895212 17.632239515924514 -0.5 -0.9330902171825534719 0.3596423870989281513 0 F 0 F 0.2299999999999999822 #
color-adesk-attrib $-1 -1 $-1 $-1 $1807 256 #
plane-surface $-1 -1 $-1 0.5146107499519895212 17.632239515924514 -0.5 0.3596423870989281513 0.9330902171825534719 0 -0.9330902171825534719 0.3596423870989281513 0 forward_v I I I I #
coedge $-1 -1 $-1 $1811 $1810 $1903 $2038 reversed $1771 $-1 #
coedge $-1 -1 $-1 $1904 $1903 $1814 $1956 reversed $1637 $-1 #
edge $2093 -1 $-1 $2067 0 $1958 0.3350401926004216713 $1955 $2094 forward @7 unknown #
color-adesk-attrib $-1 -1 $-1 $-1 $1815 256 #
vertex $-1 -1 $-1 $2038 $2095 #
straight-curve $-1 -1 $-1 0.5146107499519895212 17.29035917404417333 0.5 -0.9330902171825534719 0.3596423870989281513 0 I I #
color-adesk-attrib $-1 -1 $-1 $-1 $1818 256 #
vertex $-1 -1 $-1 $1818 $2096 #
straight-curve $-1 -1 $-1 0.5146107499519895212 17.29035917404417333 -0.5 -0.9330902171825534719 0.3596423870989281513 0 F 0 F 0.2299999999999999822 #
color-adesk-attrib $-1 -1 $-1 $-1 $1820 256 #
straight-curve $-1 -1 $-1 0.5146107499519895212 17.632239515924514 -0.5 0 0 1 I I #
point $-1 -1 $-1 0.5146107499519895212 17.632239515924514 -0.5 #
point $-1 -1 $-1 0.5146107499519895212 17.632239515924514 0.5 #
color-adesk-attrib $-1 -1 $-1 $-1 $1834 256 #
face $2097 -1 $-1 $2098 $2099 $8 $-1 $2100 forward single #
loop $-1 -1 $-1 $-1 $2101 $1834 #
plane-surface $-1 -1 $-1 0.300000000000000433 -12.71051282051281817 -0.5 0.7679145865167543716 -0.6405522522127310436 0 0.6405522522127310436 0.7679145865167543716 0 forward_v I I I I #
coedge $-1 -1 $-1 $2102 $2103 $2104 $2105 forward $1835 $-1 #
coedge $-1 -1 $-1 $2106 $1837 $2103 $2107 forward $1705 $-1 #
coedge $-1 -1 $-1 $1837 $2106 $2108 $2109 reversed $1705 $-1 #
coedge $-1 -1 $-1 $2110 $2104 $1837 $1975 reversed $102 $-1 #
edge $2111 -1 $-1 $2112 0 $2113 0.3350401926004216713 $1837 $2114 forward @7 unknown #
coedge $-1 -1 $-1 $1839 $1838 $2115 $2116 reversed $1571 $-1 #
coedge $-1 -1 $-1 $2117 $2118 $1838 $1978 forward $2119 $-1 #
edge $2120 -1 $-1 $2121 -0.75 $1981 0.25 $1977 $2122 forward @7 unknown #
coedge $-1 -1 $-1 $1840 $2123 $2117 $2124 forward $102 $-1 #
color-adesk-attrib $-1 -1 $-1 $-1 $1841 256 #
vertex $-1 -1 $-1 $1841 $2125 #
straight-curve $-1 -1 $-1 0.5146107499519876338 -13.82075193706694449 -0.5 -0.9330902171825534719 0.3596423870989281513 0 F 0 F 0.2299999999999999822 #
coedge $-1 -1 $-1 $2115 $2126 $1842 $1984 forward $264 $-1 #
edge $2127 -1 $-1 $1992 0 $1986 0.3350401926004216713 $1842 $2128 forward @7 unknown #
color-adesk-attrib $-1 -1 $-1 $-1 $1843 256 #
vertex $-1 -1 $-1 $1843 $2129 #
straight-curve $-1 -1 $-1 0.5146107499519876338 -13.82075193706694449 -0.5 0 0 1 I I #
coedge $-1 -1 $-1 $2130 $1844 $2126 $2131 reversed $1990 $-1 #
coedge $-1 -1 $-1 $1844 $2130 $1846 $1995 reversed $1990 $-1 #
loop $-1 -1 $-1 $-1 $1844 $2132 #
color-adesk-attrib $-1 -1 $-1 $-1 $1845 256 #
vertex $-1 -1 $-1 $1984 $2133 #
straight-curve $-1 -1 $-1 0.2999999999999998224 -14.07803418803418793 -0.25 0 0 1 I I #
coedge $-1 -1 $-1 $1859 $1846 $2134 $2135 reversed $102 $-1 #
edge $2136 -1 $-1 $1848 14.07803418803418793 $2137 14.07991452991452519 $1989 $277 forward @7 unknown #
point $-1 -1 $-1 0.3000000000000003775 -14.07803418803418793 -0.5 #
point $-1 -1 $-1 0.5146107499519876338 -13.82075193706694449 -0.5 #
coedge $-1 -1 $-1 $2138 $1851 $1854 $2002 forward $264 $-1 #
color-adesk-attrib $-1 -1 $-1 $-1 $1852 256 #
straight-curve $-1 -1 $-1 0.5146107499519876338 -14.50451262082762582 0.5 -0.9330902171825534719 0.3596423870989281513 0 I I #
coedge $-1 -1 $-1 $1854 $1853 $2139 $2140 forward $1855 $-1 #
edge $2141 -1 $-1 $1857 -14.42179487179486586 $2142 -14.4199145299145286 $1854 $352 forward @7 unknown #
face $2143 -1 $-1 $1604 $1855 $8 $-1 $354 reversed single #
point $-1 -1 $-1 0.300000000000000322 -14.42179487179486586 0.5 #
coedge $-1 -1 $-1 $2144 $2139 $1859 $2006 forward $2145 $-1 #
edge $2146 -1 $-1 $2008 0 $2147 0.3350401926004216713 $2005 $2148 forward @7 unknown #
color-adesk-attrib $-1 -1 $-1 $-1 $1860 256 #
vertex $-1 -1 $-1 $1860 $2149 #
coedge $-1 -1 $-1 $1862 $1874 $2150 $2151 forward $264 $-1 #
coedge $-1 -1 $-1 $2150 $1870 $1866 $2011 reversed $2016 $-1 #
edge $2152 -1 $-1 $2013 -0.75 $1873 0.25 $1866 $2153 forward @7 unknown #
color-adesk-attrib $-1 -1 $-1 $-1 $1867 256 #
vertex $-1 -1 $-1 $1867 $2154 #
color-adesk-attrib $-1 -1 $-1 $-1 $1868 256 #
coedge $-1 -1 $-1 $1870 $2150 $1880 $2025 reversed $2016 $-1 #
loop $-1 -1 $-1 $-1 $1870 $2155 #
color-adesk-attrib $-1 -1 $-1 $-1 $1871 256 #
straight-curve $-1 -1 $-1 0.5146107499519876338 -14.8463929627079736 -0.5 -0.9330902171825534719 0.3596423870989281513 0 F 0 F 0.2299999999999999822 #
point $-1 -1 $-1 0.3000000000000002665 -14.76367521367521363 -0.5 #
coedge $-1 -1 $-1 $1875 $1880 $1874 $2021 reversed $1881 $-1 #
edge $2156 -1 $-1 $1878 0 $2157 0.3350401926004216713 $2020 $2158 forward @7 unknown #
color-adesk-attrib $-1 -1 $-1 $-1 $1876 256 #
straight-curve $-1 -1 $-1 0.3000000000000002665 -15.10367521367521704 -0.25 0 0 1 I I #
point $-1 -1 $-1 0.3000000000000002665 -15.10367521367521704 0.5 #
edge $2159 -1 $-1 $1883 0 $2157 1 $2015 $2160 forward @7 unknown #
face $2161 -1 $-1 $2155 $1881 $8 $-1 $2162 forward single #
point $-1 -1 $-1 0.5146107499519876338 -14.8463929627079736 -0.5 #
color-adesk-attrib $-1 -1 $-1 $-1 $1887 256 #
straight-curve $-1 -1 $-1 0.5146107499519875228 -15.53015364646865493 0.5 -0.9330902171825534719 0.3596423870989281513 0 I I #
color-adesk-attrib $-1 -1 $-1 $-1 $1891 256 #
plane-surface $-1 -1 $-1 0.5146107499519875228 -15.53015364646865493 -0.5 0.3596423870989281513 0.9330902171825534719 0 -0.9330902171825534719 0.3596423870989281513 0 forward_v I I I I #
point $-1 -1 $-1 0.5146107499519875228 -15.53015364646865493 0.5 #
color-adesk-attrib $-1 -1 $-1 $-1 $1900 256 #
face $2163 -1 $-1 $2164 $2165 $8 $-1 $2166 forward single #
loop $-1 -1 $-1 $-1 $2075 $1900 #
plane-surface $-1 -1 $-1 0.5146107499519895212 16.60659849028348489 -0.5 0.3596423870989281513 0.9330902171825534719 0 -0.9330902171825534719 0.3596423870989281513 0 forward_v I I I I #
coedge $-1 -1 $-1 $2167 $2168 $2081 $2169 forward $1901 $-1 #
edge $2170 -1 $-1 $1961 0 $1958 1 $1954 $2171 forward @7 unknown #
edge $2172 -1 $-1 $2041 -0.25 $2067 0.75 $1919 $2173 forward @7 unknown #
color-adesk-attrib $-1 -1 $-1 $-1 $1905 256 #
vertex $-1 -1 $-1 $1921 $2174 #
straight-curve $-1 -1 $-1 0.3000000000000022649 17.03307692307692633 -0.5 0.6405522522127310436 0.7679145865167543716 0 F 0 F 0.3350401926004216713 #
color-adesk-attrib $-1 -1 $-1 $-1 $1912 256 #
face $2175 -1 $-1 $2176 $2177 $8 $-1 $354 reversed single #
loop $-1 -1 $-1 $-1 $2178 $1912 #
coedge $-1 -1 $-1 $2179 $2180 $2181 $2182 forward $1913 $-1 #
coedge $-1 -1 $-1 $2183 $1914 $2184 $2185 reversed $1781 $-1 #
coedge $-1 -1 $-1 $1914 $2183 $2186 $2187 reversed $1781 $-1 #
coedge $-1 -1 $-1 $2188 $2189 $1914 $2050 reversed $2190 $-1 #
edge $2191 -1 $-1 $2192 -0.75 $2193 0.25 $1914 $2194 forward @7 unknown #
coedge $-1 -1 $-1 $1916 $1915 $2195 $2196 forward $1649 $-1 #
coedge $-1 -1 $-1 $2197 $2198 $1915 $2053 forward $264 $-1 #
edge $2199 -1 $-1 $2200 16.00555555555555642 $2061 16.00743589743589723 $1915 $352 forward @7 unknown #
coedge $-1 -1 $-1 $2201 $2202 $1916 $2055 forward $102 $-1 #
edge $2203 -1 $-1 $2060 -16.00743589743589723 $2204 -16.00555555555555642 $1916 $277 forward @7 unknown #
coedge $-1 -1 $-1 $2205 $1917 $2202 $2206 forward $2058 $-1 #
coedge $-1 -1 $-1 $1917 $2205 $2197 $2207 reversed $2058 $-1 #
loop $-1 -1 $-1 $-1 $2056 $2208 #
color-adesk-attrib $-1 -1 $-1 $-1 $1918 256 #
vertex $-1 -1 $-1 $2055 $2209 #
vertex $-1 -1 $-1 $2207 $2210 #
straight-curve $-1 -1 $-1 0.2999999999999993783 16.00743589743589368 -0.25 0 0 1 I I #
coedge $-1 -1 $-1 $1938 $1920 $1925 $2070 reversed $102 $-1 #
color-adesk-attrib $-1 -1 $-1 $-1 $1921 256 #
coedge $-1 -1 $-1 $1922 $1933 $1924 $2069 forward $264 $-1 #
color-adesk-attrib $-1 -1 $-1 $-1 $1923 256 #
vertex $-1 -1 $-1 $1956 $2211 #
coedge $-1 -1 $-1 $1925 $1924 $1941 $2084 reversed $1926 $-1 #
edge $2212 -1 $-1 $2089 0 $1928 0.2299999999999999822 $1924 $2213 forward @7 unknown #
edge $2214 -1 $-1 $2086 0 $1929 0.2299999999999999822 $1925 $2215 forward @7 unknown #
face $2216 -1 $-1 $1680 $1926 $8 $-1 $2217 forward single #
point $-1 -1 $-1 0.3000000000000022093 17.03119658119657842 0.5 #
point $-1 -1 $-1 0.3000000000000022093 17.03119658119657842 -0.5 #
coedge $-1 -1 $-1 $2218 $1931 $1934 $2079 reversed $2035 $-1 #
coedge $-1 -1 $-1 $1931 $2218 $1937 $2082 forward $2035 $-1 #
color-adesk-attrib $-1 -1 $-1 $-1 $1932 256 #
straight-curve $-1 -1 $-1 0.3000000000000002665 16.68931623931624131 -0.25 0 0 -1 I I #
coedge $-1 -1 $-1 $1934 $2186 $2219 $2220 forward $264 $-1 #
edge $2221 -1 $-1 $2222 0 $1936 0.2299999999999999822 $2074 $2223 forward @7 unknown #
point $-1 -1 $-1 0.3000000000000022093 16.68931623931623776 0.5 #
coedge $-1 -1 $-1 $2184 $1937 $2037 $2169 reversed $102 $-1 #
edge $2224 -1 $-1 $2225 0 $1940 0.2299999999999999822 $2075 $2226 forward @7 unknown #
point $-1 -1 $-1 0.3000000000000022093 16.68931623931623776 -0.5 #
edge $2227 -1 $-1 $2086 0 $2089 1 $2068 $2228 forward @7 unknown #
color-adesk-attrib $-1 -1 $-1 $-1 $1942 256 #
vertex $-1 -1 $-1 $2070 $2229 #
straight-curve $-1 -1 $-1 0.3000000000000022093 16.69119658119657856 -0.5 0.6405522522127310436 0.7679145865167543716 0 F 0 F 0.3350401926004216713 #
color-adesk-attrib $-1 -1 $-1 $-1 $1943 256 #
vertex $-1 -1 $-1 $2084 $2230 #
straight-curve $-1 -1 $-1 0.3000000000000022093 16.69119658119657856 0.5 0.6405522522127310436 0.7679145865167543716 0 I I #
color-adesk-attrib $-1 -1 $-1 $-1 $1944 256 #
plane-surface $-1 -1 $-1 0.3000000000000022093 16.69119658119657856 -0.5 0.7679145865167543716 -0.6405522522127310436 0 0.6405522522127310436 0.7679145865167543716 0 forward_v I I I I #
color-adesk-attrib $-1 -1 $-1 $-1 $1956 256 #
straight-curve $-1 -1 $-1 0.3000000000000022649 17.03307692307692633 0.5 0.6405522522127310436 0.7679145865167543716 0 I I #
point $-1 -1 $-1 0.5146107499519895212 17.29035917404417333 0.5 #
point $-1 -1 $-1 0.5146107499519895212 17.29035917404417333 -0.5 #
color-adesk-attrib $-1 -1 $-1 $-1 $1968 256 #
face $2231 -1 $-1 $2232 $2233 $8 $-1 $2234 forward single #
loop $-1 -1 $-1 $-1 $2235 $1968 #
plane-surface $-1 -1 $-1 0.5146107499519877448 -12.45323056954557472 -0.5 0.3596423870989281513 0.9330902171825534719 0 -0.9330902171825534719 0.3596423870989281513 0 forward_v I I I I #
coedge $-1 -1 $-1 $2236 $2237 $2238 $2239 forward $1969 $-1 #
coedge $-1 -1 $-1 $2240 $1971 $2241 $2242 reversed $1835 $-1 #
coedge $-1 -1 $-1 $1971 $2240 $1972 $2107 reversed $1835 $-1 #
coedge $-1 -1 $-1 $1974 $2243 $1971 $2105 reversed $102 $-1 #
edge $2244 -1 $-1 $2113 0 $2245 0.2299999999999999822 $1971 $2246 forward @7 unknown #
coedge $-1 -1 $-1 $1973 $1972 $2247 $2248 reversed $1705 $-1 #
edge $2249 -1 $-1 $2113 0 $2250 1 $2103 $2251 forward @7 unknown #
coedge $-1 -1 $-1 $2252 $2253 $1973 $2109 forward $2254 $-1 #
edge $2255 -1 $-1 $2112 -0.25 $2256 0.75 $2108 $2257 forward @7 unknown #
coedge $-1 -1 $-1 $2258 $1974 $2253 $2259 forward $102 $-1 #
color-adesk-attrib $-1 -1 $-1 $-1 $1975 256 #
vertex $-1 -1 $-1 $2259 $2260 #
vertex $-1 -1 $-1 $2105 $2261 #
straight-curve $-1 -1 $-1 0.3000000000000003775 -13.3942735042735066 -0.5 0.6405522522127310436 0.7679145865167543716 0 F 0 F 0.3350401926004216713 #
coedge $-1 -1 $-1 $2262 $1983 $1976 $2116 forward $264 $-1 #
edge $2263 -1 $-1 $1986 0 $2121 0.2299999999999999822 $1976 $2264 forward @7 unknown #
coedge $-1 -1 $-1 $2265 $1977 $1979 $2124 reversed $2119 $-1 #
coedge $-1 -1 $-1 $1977 $2265 $2262 $2266 reversed $2119 $-1 #
loop $-1 -1 $-1 $-1 $1977 $2267 #
color-adesk-attrib $-1 -1 $-1 $-1 $1978 256 #
vertex $-1 -1 $-1 $2266 $2268 #
straight-curve $-1 -1 $-1 0.2999999999999993783 -13.73803418803418985 -0.25 0 0 -1 I I #
coedge $-1 -1 $-1 $1979 $2258 $2269 $2270 reversed $102 $-1 #
edge $2271 -1 $-1 $2272 13.73615384615384727 $1981 13.73803418803418452 $2117 $277 forward @7 unknown #
point $-1 -1 $-1 0.3000000000000003775 -13.73803418803418452 -0.5 #
coedge $-1 -1 $-1 $1983 $2273 $1988 $2131 forward $264 $-1 #
color-adesk-attrib $-1 -1 $-1 $-1 $1984 256 #
straight-curve $-1 -1 $-1 0.3000000000000003775 -14.07803418803418793 0.5 0.6405522522127310436 0.7679145865167543716 0 I I #
point $-1 -1 $-1 0.5146107499519876338 -13.82075193706694449 0.5 #
coedge $-1 -1 $-1 $1989 $1988 $2274 $2275 forward $1990 $-1 #
edge $2276 -1 $-1 $2277 -14.07991452991452519 $1992 -14.07803418803418793 $1988 $352 forward @7 unknown #
face $2278 -1 $-1 $2267 $1990 $8 $-1 $354 reversed single #
point $-1 -1 $-1 0.3000000000000003775 -14.07803418803418793 0.5 #
coedge $-1 -1 $-1 $2274 $2279 $1994 $2135 forward $2280 $-1 #
edge $2281 -1 $-1 $2147 0 $2137 0.2299999999999999822 $2134 $2282 forward @7 unknown #
color-adesk-attrib $-1 -1 $-1 $-1 $1995 256 #
vertex $-1 -1 $-1 $2135 $2283 #
coedge $-1 -1 $-1 $2273 $1998 $2284 $2285 forward $264 $-1 #
coedge $-1 -1 $-1 $2005 $2284 $2001 $2140 reversed $2145 $-1 #
edge $2286 -1 $-1 $2008 -0.25 $2142 0.75 $2001 $2287 forward @7 unknown #
color-adesk-attrib $-1 -1 $-1 $-1 $2002 256 #
vertex $-1 -1 $-1 $2285 $2288 #
color-adesk-attrib $-1 -1 $-1 $-1 $2003 256 #
coedge $-1 -1 $-1 $2284 $2005 $2279 $2289 forward $2145 $-1 #
loop $-1 -1 $-1 $-1 $2005 $2290 #
color-adesk-attrib $-1 -1 $-1 $-1 $2006 256 #
vertex $-1 -1 $-1 $2135 $2291 #
straight-curve $-1 -1 $-1 0.300000000000000322 -14.4199145299145286 -0.5 0.6405522522127310436 0.7679145865167543716 0 F 0 F 0.3350401926004216713 #
point $-1 -1 $-1 0.300000000000000322 -14.4199145299145286 -0.5 #
coedge $-1 -1 $-1 $2015 $2010 $2009 $2151 reversed $2016 $-1 #
edge $2292 -1 $-1 $2157 0 $2013 0.2299999999999999822 $2150 $2293 forward @7 unknown #
color-adesk-attrib $-1 -1 $-1 $-1 $2011 256 #
straight-curve $-1 -1 $-1 0.2999999999999998224 -14.76367521367522251 -0.25 0 0 -1 I I #
point $-1 -1 $-1 0.3000000000000002665 -14.76367521367521363 0.5 #
face $2294 -1 $-1 $1762 $2016 $8 $-1 $2295 forward single #
color-adesk-attrib $-1 -1 $-1 $-1 $2021 256 #
vertex $-1 -1 $-1 $2025 $2296 #
straight-curve $-1 -1 $-1 0.3000000000000002665 -15.10367521367521704 0.5 0.6405522522127310436 0.7679145865167543716 0 I I #
color-adesk-attrib $-1 -1 $-1 $-1 $2025 256 #
straight-curve $-1 -1 $-1 0.5146107499519876338 -14.8463929627079736 -0.5 0 0 1 I I #
color-adesk-attrib $-1 -1 $-1 $-1 $2026 256 #
plane-surface $-1 -1 $-1 0.3000000000000002665 -15.10367521367521704 -0.5 0.7679145865167543716 -0.6405522522127310436 0 0.6405522522127310436 0.7679145865167543716 0 forward_v I I I I #
color-adesk-attrib $-1 -1 $-1 $-1 $2034 256 #
face $2297 -1 $-1 $2298 $2299 $8 $-1 $2300 forward single #
loop $-1 -1 $-1 $-1 $2301 $2034 #
plane-surface $-1 -1 $-1 0.3000000000000021538 15.66555555555555657 -0.5 0.7679145865167543716 -0.6405522522127310436 0 0.6405522522127310436 0.7679145865167543716 0 forward_v I I I I #
coedge $-1 -1 $-1 $2219 $2037 $2218 $2302 forward $1901 $-1 #
coedge $-1 -1 $-1 $2037 $2219 $2183 $2303 reversed $1901 $-1 #
edge $2304 -1 $-1 $2305 0 $2225 0.3350401926004216713 $2037 $2306 forward @7 unknown #
color-adesk-attrib $-1 -1 $-1 $-1 $2038 256 #
straight-curve $-1 -1 $-1 0.5146107499519895212 17.29035917404417333 -0.5 0 0 1 I I #
color-adesk-attrib $-1 -1 $-1 $-1 $2039 256 #
straight-curve $-1 -1 $-1 0.3000000000000002665 17.03307692307692633 -0.25 0 0 1 I I #
point $-1 -1 $-1 0.3000000000000022649 17.03307692307692633 -0.5 #
color-adesk-attrib $-1 -1 $-1 $-1 $2044 256 #
face $2307 -1 $-1 $2308 $2309 $8 $-1 $354 reversed single #
loop $-1 -1 $-1 $-1 $2310 $2044 #
coedge $-1 -1 $-1 $2311 $2312 $2313 $2314 forward $2045 $-1 #
coedge $-1 -1 $-1 $2315 $2046 $2316 $2317 reversed $1913 $-1 #
coedge $-1 -1 $-1 $2046 $2315 $2318 $2319 reversed $1913 $-1 #
coedge $-1 -1 $-1 $2320 $2321 $2046 $2182 reversed $2322 $-1 #
edge $2323 -1 $-1 $2324 -0.25 $2325 0.75 $2046 $2326 forward @7 unknown #
coedge $-1 -1 $-1 $2048 $2047 $2168 $2303 forward $1781 $-1 #
coedge $-1 -1 $-1 $2327 $2081 $2047 $2185 forward $102 $-1 #
edge $2328 -1 $-1 $2305 -16.3493162393162379 $2193 -16.34743589743589709 $2047 $277 forward @7 unknown #
coedge $-1 -1 $-1 $2078 $2329 $2048 $2187 forward $264 $-1 #
edge $2330 -1 $-1 $2192 16.34743589743589709 $2331 16.3493162393162379 $2048 $352 forward @7 unknown #
coedge $-1 -1 $-1 $2332 $2049 $2329 $2333 reversed $2190 $-1 #
coedge $-1 -1 $-1 $2049 $2332 $2327 $2334 forward $2190 $-1 #
loop $-1 -1 $-1 $-1 $2189 $2335 #
color-adesk-attrib $-1 -1 $-1 $-1 $2050 256 #
vertex $-1 -1 $-1 $2187 $2336 #
vertex $-1 -1 $-1 $2334 $2337 #
straight-curve $-1 -1 $-1 0.2999999999999998224 16.34743589743590064 -0.25 0 0 -1 I I #
coedge $-1 -1 $-1 $2338 $2339 $2051 $2196 reversed $2299 $-1 #
edge $2340 -1 $-1 $2200 -0.75 $2204 0.25 $2051 $2341 forward @7 unknown #
coedge $-1 -1 $-1 $2329 $2052 $2057 $2207 forward $264 $-1 #
coedge $-1 -1 $-1 $2052 $2342 $2338 $2343 forward $264 $-1 #
color-adesk-attrib $-1 -1 $-1 $-1 $2053 256 #
vertex $-1 -1 $-1 $2053 $2344 #
coedge $-1 -1 $-1 $2345 $2054 $2339 $2346 reversed $102 $-1 #
coedge $-1 -1 $-1 $2054 $2327 $2056 $2206 reversed $102 $-1 #
color-adesk-attrib $-1 -1 $-1 $-1 $2055 256 #
vertex $-1 -1 $-1 $2346 $2347 #
coedge $-1 -1 $-1 $2057 $2056 $2332 $2348 forward $2058 $-1 #
edge $2349 -1 $-1 $2060 0 $2350 0.3350401926004216713 $2056 $2351 forward @7 unknown #
edge $2352 -1 $-1 $2061 0 $2353 0.3350401926004216713 $2057 $2354 forward @7 unknown #
face $2355 -1 $-1 $2335 $2058 $8 $-1 $2356 forward single #
point $-1 -1 $-1 0.3000000000000021538 16.00743589743589723 -0.5 #
point $-1 -1 $-1 0.3000000000000021538 16.00743589743589723 0.5 #
point $-1 -1 $-1 0.3000000000000022649 17.03307692307692633 0.5 #
color-adesk-attrib $-1 -1 $-1 $-1 $2069 256 #
straight-curve $-1 -1 $-1 0.5146107499519895212 16.94847883216382556 0.5 -0.9330902171825534719 0.3596423870989281513 0 I I #
color-adesk-attrib $-1 -1 $-1 $-1 $2070 256 #
straight-curve $-1 -1 $-1 0.5146107499519895212 16.94847883216382556 -0.5 -0.9330902171825534719 0.3596423870989281513 0 F 0 F 0.2299999999999999822 #
color-adesk-attrib $-1 -1 $-1 $-1 $2071 256 #
plane-surface $-1 -1 $-1 0.5146107499519895212 16.94847883216382556 -0.5 0.3596423870989281513 0.9330902171825534719 0 -0.9330902171825534719 0.3596423870989281513 0 forward_v I I I I #
coedge $-1 -1 $-1 $2075 $2074 $2167 $2302 reversed $2035 $-1 #
coedge $-1 -1 $-1 $2168 $2167 $2078 $2220 reversed $1901 $-1 #
edge $2357 -1 $-1 $2331 0 $2222 0.3350401926004216713 $2219 $2358 forward @7 unknown #
color-adesk-attrib $-1 -1 $-1 $-1 $2079 256 #
vertex $-1 -1 $-1 $2302 $2359 #
straight-curve $-1 -1 $-1 0.5146107499519895212 16.60659849028348489 0.5 -0.9330902171825534719 0.3596423870989281513 0 I I #
color-adesk-attrib $-1 -1 $-1 $-1 $2082 256 #
vertex $-1 -1 $-1 $2082 $2360 #
straight-curve $-1 -1 $-1 0.5146107499519895212 16.60659849028348489 -0.5 -0.9330902171825534719 0.3596423870989281513 0 F 0 F 0.2299999999999999822 #
color-adesk-attrib $-1 -1 $-1 $-1 $2084 256 #
straight-curve $-1 -1 $-1 0.5146107499519895212 16.94847883216382556 -0.5 0 0 1 I I #
point $-1 -1 $-1 0.5146107499519895212 16.94847883216382556 -0.5 #
point $-1 -1 $-1 0.5146107499519895212 16.94847883216382556 0.5 #
color-adesk-attrib $-1 -1 $-1 $-1 $2098 256 #
face $2361 -1 $-1 $2362 $2363 $8 $-1 $2364 forward single #
loop $-1 -1 $-1 $-1 $2365 $2098 #
plane-surface $-1 -1 $-1 0.3000000000000004885 -12.02675213675213683 -0.5 0.7679145865167543716 -0.6405522522127310436 0 0.6405522522127310436 0.7679145865167543716 0 forward_v I I I I #
coedge $-1 -1 $-1 $2366 $2367 $2368 $2369 forward $2099 $-1 #
coedge $-1 -1 $-1 $2370 $2101 $2367 $2371 forward $1969 $-1 #
coedge $-1 -1 $-1 $2101 $2370 $2372 $2373 reversed $1969 $-1 #
coedge $-1 -1 $-1 $2374 $2368 $2101 $2239 reversed $102 $-1 #
edge $2375 -1 $-1 $2376 0 $2377 0.3350401926004216713 $2101 $2378 forward @7 unknown #
coedge $-1 -1 $-1 $2103 $2102 $2379 $2380 reversed $1835 $-1 #
coedge $-1 -1 $-1 $2381 $2382 $2102 $2242 forward $2383 $-1 #
edge $2384 -1 $-1 $2385 -0.75 $2245 0.25 $2241 $2386 forward @7 unknown #
coedge $-1 -1 $-1 $2104 $2387 $2381 $2388 forward $102 $-1 #
color-adesk-attrib $-1 -1 $-1 $-1 $2105 256 #
vertex $-1 -1 $-1 $2105 $2389 #
straight-curve $-1 -1 $-1 0.5146107499519876338 -13.13699125330626316 -0.5 -0.9330902171825534719 0.3596423870989281513 0 F 0 F 0.2299999999999999822 #
coedge $-1 -1 $-1 $2379 $2390 $2106 $2248 forward $264 $-1 #
edge $2391 -1 $-1 $2256 0 $2250 0.3350401926004216713 $2106 $2392 forward @7 unknown #
color-adesk-attrib $-1 -1 $-1 $-1 $2107 256 #
vertex $-1 -1 $-1 $2107 $2393 #
straight-curve $-1 -1 $-1 0.5146107499519876338 -13.13699125330626316 -0.5 0 0 1 I I #
coedge $-1 -1 $-1 $2394 $2108 $2390 $2395 reversed $2254 $-1 #
coedge $-1 -1 $-1 $2108 $2394 $2110 $2259 reversed $2254 $-1 #
loop $-1 -1 $-1 $-1 $2108 $2396 #
color-adesk-attrib $-1 -1 $-1 $-1 $2109 256 #
vertex $-1 -1 $-1 $2248 $2397 #
straight-curve $-1 -1 $-1 0.3000000000000002665 -13.3942735042735066 -0.25 0 0 1 I I #
coedge $-1 -1 $-1 $2123 $2110 $2398 $2399 reversed $102 $-1 #
edge $2400 -1 $-1 $2112 13.3942735042735066 $2401 13.39615384615384386 $2253 $277 forward @7 unknown #
point $-1 -1 $-1 0.3000000000000003775 -13.3942735042735066 -0.5 #
point $-1 -1 $-1 0.5146107499519876338 -13.13699125330626316 -0.5 #
coedge $-1 -1 $-1 $2402 $2115 $2118 $2266 forward $264 $-1 #
color-adesk-attrib $-1 -1 $-1 $-1 $2116 256 #
straight-curve $-1 -1 $-1 0.5146107499519876338 -13.82075193706694449 0.5 -0.9330902171825534719 0.3596423870989281513 0 I I #
coedge $-1 -1 $-1 $2118 $2117 $2403 $2404 forward $2119 $-1 #
edge $2405 -1 $-1 $2121 -13.73803418803418452 $2406 -13.73615384615384727 $2118 $352 forward @7 unknown #
face $2407 -1 $-1 $1868 $2119 $8 $-1 $354 reversed single #
point $-1 -1 $-1 0.3000000000000003775 -13.73803418803418452 0.5 #
coedge $-1 -1 $-1 $2408 $2403 $2123 $2270 forward $2409 $-1 #
edge $2410 -1 $-1 $2272 0 $2411 0.3350401926004216713 $2269 $2412 forward @7 unknown #
color-adesk-attrib $-1 -1 $-1 $-1 $2124 256 #
vertex $-1 -1 $-1 $2124 $2413 #
coedge $-1 -1 $-1 $2126 $2138 $2414 $2415 forward $264 $-1 #
coedge $-1 -1 $-1 $2414 $2134 $2130 $2275 reversed $2280 $-1 #
edge $2416 -1 $-1 $2277 -0.75 $2137 0.25 $2130 $2417 forward @7 unknown #
color-adesk-attrib $-1 -1 $-1 $-1 $2131 256 #
vertex $-1 -1 $-1 $2131 $2418 #
color-adesk-attrib $-1 -1 $-1 $-1 $2132 256 #
coedge $-1 -1 $-1 $2134 $2414 $2144 $2289 reversed $2280 $-1 #
loop $-1 -1 $-1 $-1 $2134 $2419 #
color-adesk-attrib $-1 -1 $-1 $-1 $2135 256 #
straight-curve $-1 -1 $-1 0.5146107499519876338 -14.16263227894728516 -0.5 -0.9330902171825534719 0.3596423870989281513 0 F 0 F 0.2299999999999999822 #
point $-1 -1 $-1 0.300000000000000322 -14.07991452991452519 -0.5 #
coedge $-1 -1 $-1 $2139 $2144 $2138 $2285 reversed $2145 $-1 #
edge $2420 -1 $-1 $2142 0 $2421 0.3350401926004216713 $2284 $2422 forward @7 unknown #
color-adesk-attrib $-1 -1 $-1 $-1 $2140 256 #
straight-curve $-1 -1 $-1 0.3000000000000002665 -14.4199145299145286 -0.25 0 0 1 I I #
point $-1 -1 $-1 0.300000000000000322 -14.4199145299145286 0.5 #
edge $2423 -1 $-1 $2147 0 $2421 1 $2279 $2424 forward @7 unknown #
face $2425 -1 $-1 $2419 $2145 $8 $-1 $2426 forward single #
point $-1 -1 $-1 0.5146107499519876338 -14.16263227894728516 -0.5 #
color-adesk-attrib $-1 -1 $-1 $-1 $2151 256 #
straight-curve $-1 -1 $-1 0.5146107499519876338 -14.8463929627079736 0.5 -0.9330902171825534719 0.3596423870989281513 0 I I #
color-adesk-attrib $-1 -1 $-1 $-1 $2155 256 #
plane-surface $-1 -1 $-1 0.5146107499519876338 -14.8463929627079736 -0.5 0.3596423870989281513 0.9330902171825534719 0 -0.9330902171825534719 0.3596423870989281513 0 forward_v I I I I #
point $-1 -1 $-1 0.5146107499519876338 -14.8463929627079736 0.5 #
color-adesk-attrib $-1 -1 $-1 $-1 $2164 256 #
face $2427 -1 $-1 $2428 $2429 $8 $-1 $2430 forward single #
loop $-1 -1 $-1 $-1 $2339 $2164 #
plane-surface $-1 -1 $-1 0.5146107499519894102 15.92283780652280356 -0.5 0.3596423870989281513 0.9330902171825534719 0 -0.9330902171825534719 0.3596423870989281513 0 forward_v I I I I #
coedge $-1 -1 $-1 $2431 $2432 $2345 $2433 forward $2165 $-1 #
edge $2434 -1 $-1 $2225 0 $2222 1 $2218 $2435 forward @7 unknown #
edge $2436 -1 $-1 $2305 -0.25 $2331 0.75 $2183 $2437 forward @7 unknown #
color-adesk-attrib $-1 -1 $-1 $-1 $2169 256 #
vertex $-1 -1 $-1 $2185 $2438 #
straight-curve $-1 -1 $-1 0.3000000000000022093 16.3493162393162379 -0.5 0.6405522522127310436 0.7679145865167543716 0 F 0 F 0.3350401926004216713 #
color-adesk-attrib $-1 -1 $-1 $-1 $2176 256 #
face $2439 -1 $-1 $2440 $2441 $8 $-1 $354 reversed single #
loop $-1 -1 $-1 $-1 $2442 $2176 #
coedge $-1 -1 $-1 $2443 $2444 $2445 $2446 forward $2177 $-1 #
coedge $-1 -1 $-1 $2447 $2178 $2448 $2449 reversed $2045 $-1 #
coedge $-1 -1 $-1 $2178 $2447 $2450 $2451 reversed $2045 $-1 #
coedge $-1 -1 $-1 $2452 $2453 $2178 $2314 reversed $2454 $-1 #
edge $2455 -1 $-1 $2456 -0.75 $2457 0.25 $2178 $2458 forward @7 unknown #
coedge $-1 -1 $-1 $2180 $2179 $2459 $2460 forward $1913 $-1 #
coedge $-1 -1 $-1 $2461 $2462 $2179 $2317 forward $264 $-1 #
edge $2463 -1 $-1 $2464 15.32179487179487509 $2325 15.3236752136752159 $2179 $352 forward @7 unknown #
coedge $-1 -1 $-1 $2465 $2466 $2180 $2319 forward $102 $-1 #
edge $2467 -1 $-1 $2324 -15.3236752136752159 $2468 -15.32179487179487509 $2180 $277 forward @7 unknown #
coedge $-1 -1 $-1 $2469 $2181 $2466 $2470 forward $2322 $-1 #
coedge $-1 -1 $-1 $2181 $2469 $2461 $2471 reversed $2322 $-1 #
loop $-1 -1 $-1 $-1 $2320 $2472 #
color-adesk-attrib $-1 -1 $-1 $-1 $2182 256 #
vertex $-1 -1 $-1 $2319 $2473 #
vertex $-1 -1 $-1 $2471 $2474 #
straight-curve $-1 -1 $-1 0.2999999999999998224 15.32367521367521235 -0.25 0 0 1 I I #
coedge $-1 -1 $-1 $2202 $2184 $2189 $2334 reversed $102 $-1 #
color-adesk-attrib $-1 -1 $-1 $-1 $2185 256 #
coedge $-1 -1 $-1 $2186 $2197 $2188 $2333 forward $264 $-1 #
color-adesk-attrib $-1 -1 $-1 $-1 $2187 256 #
vertex $-1 -1 $-1 $2220 $2475 #
coedge $-1 -1 $-1 $2189 $2188 $2205 $2348 reversed $2190 $-1 #
edge $2476 -1 $-1 $2353 0 $2192 0.2299999999999999822 $2188 $2477 forward @7 unknown #
edge $2478 -1 $-1 $2350 0 $2193 0.2299999999999999822 $2189 $2479 forward @7 unknown #
face $2480 -1 $-1 $1944 $2190 $8 $-1 $2481 forward single #
point $-1 -1 $-1 0.3000000000000021538 16.34743589743589709 0.5 #
point $-1 -1 $-1 0.3000000000000021538 16.34743589743589709 -0.5 #
coedge $-1 -1 $-1 $2482 $2195 $2198 $2343 reversed $2299 $-1 #
coedge $-1 -1 $-1 $2195 $2482 $2201 $2346 forward $2299 $-1 #
color-adesk-attrib $-1 -1 $-1 $-1 $2196 256 #
straight-curve $-1 -1 $-1 0.3000000000000002665 16.00555555555555998 -0.25 0 0 -1 I I #
coedge $-1 -1 $-1 $2198 $2450 $2483 $2484 forward $264 $-1 #
edge $2485 -1 $-1 $2486 0 $2200 0.2299999999999999822 $2338 $2487 forward @7 unknown #
point $-1 -1 $-1 0.3000000000000021538 16.00555555555555642 0.5 #
coedge $-1 -1 $-1 $2448 $2201 $2301 $2433 reversed $102 $-1 #
edge $2488 -1 $-1 $2489 0 $2204 0.2299999999999999822 $2339 $2490 forward @7 unknown #
point $-1 -1 $-1 0.3000000000000021538 16.00555555555555642 -0.5 #
edge $2491 -1 $-1 $2350 0 $2353 1 $2332 $2492 forward @7 unknown #
color-adesk-attrib $-1 -1 $-1 $-1 $2206 256 #
vertex $-1 -1 $-1 $2334 $2493 #
straight-curve $-1 -1 $-1 0.3000000000000021538 16.00743589743589723 -0.5 0.6405522522127310436 0.7679145865167543716 0 F 0 F 0.3350401926004216713 #
color-adesk-attrib $-1 -1 $-1 $-1 $2207 256 #
vertex $-1 -1 $-1 $2348 $2494 #
straight-curve $-1 -1 $-1 0.3000000000000021538 16.00743589743589723 0.5 0.6405522522127310436 0.7679145865167543716 0 I I #
color-adesk-attrib $-1 -1 $-1 $-1 $2208 256 #
plane-surface $-1 -1 $-1 0.3000000000000021538 16.00743589743589723 -0.5 0.7679145865167543716 -0.6405522522127310436 0 0.6405522522127310436 0.7679145865167543716 0 forward_v I I I I #
color-adesk-attrib $-1 -1 $-1 $-1 $2220 256 #
straight-curve $-1 -1 $-1 0.3000000000000022093 16.3493162393162379 0.5 0.6405522522127310436 0.7679145865167543716 0 I I #
point $-1 -1 $-1 0.5146107499519895212 16.60659849028348489 0.5 #
point $-1 -1 $-1 0.5146107499519895212 16.60659849028348489 -0.5 #
color-adesk-attrib $-1 -1 $-1 $-1 $2232 256 #
face $2495 -1 $-1 $2496 $2497 $8 $-1 $2498 forward single #
loop $-1 -1 $-1 $-1 $2499 $2232 #
plane-surface $-1 -1 $-1 0.5146107499519877448 -11.76946988578488984 -0.5 0.3596423870989281513 0.9330902171825534719 0 -0.9330902171825534719 0.3596423870989281513 0 forward_v I I I I #
coedge $-1 -1 $-1 $2500 $2501 $2502 $2503 forward $2233 $-1 #
coedge $-1 -1 $-1 $2504 $2235 $2505 $2506 reversed $2099 $-1 #
coedge $-1 -1 $-1 $2235 $2504 $2236 $2371 reversed $2099 $-1 #
coedge $-1 -1 $-1 $2238 $2507 $2235 $2369 reversed $102 $-1 #
edge $2508 -1 $-1 $2377 0 $2509 0.2299999999999999822 $2235 $2510 forward @7 unknown #
coedge $-1 -1 $-1 $2237 $2236 $2511 $2512 reversed $1969 $-1 #
edge $2513 -1 $-1 $2377 0 $2514 1 $2367 $2515 forward @7 unknown #
coedge $-1 -1 $-1 $2516 $2517 $2237 $2373 forward $2518 $-1 #
edge $2519 -1 $-1 $2376 -0.25 $2520 0.75 $2372 $2521 forward @7 unknown #
coedge $-1 -1 $-1 $2522 $2238 $2517 $2523 forward $102 $-1 #
color-adesk-attrib $-1 -1 $-1 $-1 $2239 256 #
vertex $-1 -1 $-1 $2523 $2524 #
vertex $-1 -1 $-1 $2369 $2525 #
straight-curve $-1 -1 $-1 0.300000000000000433 -12.71051282051281817 -0.5 0.6405522522127310436 0.7679145865167543716 0 F 0 F 0.3350401926004216713 #
coedge $-1 -1 $-1 $2526 $2247 $2240 $2380 forward $264 $-1 #
edge $2527 -1 $-1 $2250 0 $2385 0.2299999999999999822 $2240 $2528 forward @7 unknown #
coedge $-1 -1 $-1 $2529 $2241 $2243 $2388 reversed $2383 $-1 #
coedge $-1 -1 $-1 $2241 $2529 $2526 $2530 reversed $2383 $-1 #
loop $-1 -1 $-1 $-1 $2241 $2531 #
color-adesk-attrib $-1 -1 $-1 $-1 $2242 256 #
vertex $-1 -1 $-1 $2530 $2532 #
straight-curve $-1 -1 $-1 0.2999999999999993783 -13.0542735042735103 -0.25 0 0 -1 I I #
coedge $-1 -1 $-1 $2243 $2522 $2533 $2534 reversed $102 $-1 #
edge $2535 -1 $-1 $2536 13.05239316239315883 $2245 13.05427350427350319 $2381 $277 forward @7 unknown #
point $-1 -1 $-1 0.3000000000000003775 -13.05427350427350319 -0.5 #
coedge $-1 -1 $-1 $2247 $2537 $2252 $2395 forward $264 $-1 #
color-adesk-attrib $-1 -1 $-1 $-1 $2248 256 #
straight-curve $-1 -1 $-1 0.3000000000000003775 -13.3942735042735066 0.5 0.6405522522127310436 0.7679145865167543716 0 I I #
point $-1 -1 $-1 0.5146107499519876338 -13.13699125330626316 0.5 #
coedge $-1 -1 $-1 $2253 $2252 $2538 $2539 forward $2254 $-1 #
edge $2540 -1 $-1 $2541 -13.39615384615384386 $2256 -13.3942735042735066 $2252 $352 forward @7 unknown #
face $2542 -1 $-1 $2531 $2254 $8 $-1 $354 reversed single #
point $-1 -1 $-1 0.3000000000000003775 -13.3942735042735066 0.5 #
coedge $-1 -1 $-1 $2538 $2543 $2258 $2399 forward $2544 $-1 #
edge $2545 -1 $-1 $2411 0 $2401 0.2299999999999999822 $2398 $2546 forward @7 unknown #
color-adesk-attrib $-1 -1 $-1 $-1 $2259 256 #
vertex $-1 -1 $-1 $2399 $2547 #
coedge $-1 -1 $-1 $2537 $2262 $2548 $2549 forward $264 $-1 #
coedge $-1 -1 $-1 $2269 $2548 $2265 $2404 reversed $2409 $-1 #
edge $2550 -1 $-1 $2272 -0.25 $2406 0.75 $2265 $2551 forward @7 unknown #
color-adesk-attrib $-1 -1 $-1 $-1 $2266 256 #
vertex $-1 -1 $-1 $2549 $2552 #
color-adesk-attrib $-1 -1 $-1 $-1 $2267 256 #
coedge $-1 -1 $-1 $2548 $2269 $2543 $2553 forward $2409 $-1 #
loop $-1 -1 $-1 $-1 $2269 $2554 #
color-adesk-attrib $-1 -1 $-1 $-1 $2270 256 #
vertex $-1 -1 $-1 $2399 $2555 #
straight-curve $-1 -1 $-1 0.3000000000000003775 -13.73615384615384727 -0.5 0.6405522522127310436 0.7679145865167543716 0 F 0 F 0.3350401926004216713 #
point $-1 -1 $-1 0.3000000000000003775 -13.73615384615384727 -0.5 #
coedge $-1 -1 $-1 $2279 $2274 $2273 $2415 reversed $2280 $-1 #
edge $2556 -1 $-1 $2421 0 $2277 0.2299999999999999822 $2414 $2557 forward @7 unknown #
color-adesk-attrib $-1 -1 $-1 $-1 $2275 256 #
straight-curve $-1 -1 $-1 0.2999999999999998224 -14.0799145299145323 -0.25 0 0 -1 I I #
point $-1 -1 $-1 0.300000000000000322 -14.07991452991452519 0.5 #
face $2558 -1 $-1 $2026 $2280 $8 $-1 $2559 forward single #
color-adesk-attrib $-1 -1 $-1 $-1 $2285 256 #
vertex $-1 -1 $-1 $2289 $2560 #
straight-curve $-1 -1 $-1 0.300000000000000322 -14.4199145299145286 0.5 0.6405522522127310436 0.7679145865167543716 0 I I #
color-adesk-attrib $-1 -1 $-1 $-1 $2289 256 #
straight-curve $-1 -1 $-1 0.5146107499519876338 -14.16263227894728516 -0.5 0 0 1 I I #
color-adesk-attrib $-1 -1 $-1 $-1 $2290 256 #
plane-surface $-1 -1 $-1 0.300000000000000322 -14.4199145299145286 -0.5 0.7679145865167543716 -0.6405522522127310436 0 0.6405522522127310436 0.7679145865167543716 0 forward_v I I I I #
color-adesk-attrib $-1 -1 $-1 $-1 $2298 256 #
face $2561 -1 $-1 $2562 $2563 $8 $-1 $2564 forward single #
loop $-1 -1 $-1 $-1 $2565 $2298 #
plane-surface $-1 -1 $-1 0.3000000000000021538 14.98179487179487523 -0.5 0.7679145865167543716 -0.6405522522127310436 0 0.6405522522127310436 0.7679145865167543716 0 forward_v I I I I #
coedge $-1 -1 $-1 $2483 $2301 $2482 $2566 forward $2165 $-1 #
coedge $-1 -1 $-1 $2301 $2483 $2447 $2567 reversed $2165 $-1 #
edge $2568 -1 $-1 $2569 0 $2489 0.3350401926004216713 $2301 $2570 forward @7 unknown #
color-adesk-attrib $-1 -1 $-1 $-1 $2302 256 #
straight-curve $-1 -1 $-1 0.5146107499519895212 16.60659849028348489 -0.5 0 0 1 I I #
color-adesk-attrib $-1 -1 $-1 $-1 $2303 256 #
straight-curve $-1 -1 $-1 0.3000000000000002665 16.34931623931623434 -0.25 0 0 1 I I #
point $-1 -1 $-1 0.3000000000000022093 16.3493162393162379 -0.5 #
color-adesk-attrib $-1 -1 $-1 $-1 $2308 256 #
face $2571 -1 $-1 $2572 $2573 $8 $-1 $354 reversed single #
loop $-1 -1 $-1 $-1 $2574 $2308 #
coedge $-1 -1 $-1 $2575 $2576 $2577 $2578 forward $2309 $-1 #
coedge $-1 -1 $-1 $2579 $2310 $2580 $2581 reversed $2177 $-1 #
coedge $-1 -1 $-1 $2310 $2579 $2582 $2583 reversed $2177 $-1 #
coedge $-1 -1 $-1 $2584 $2585 $2310 $2446 reversed $2586 $-1 #
edge $2587 -1 $-1 $2588 -0.25 $2589 0.75 $2310 $2590 forward @7 unknown #
coedge $-1 -1 $-1 $2312 $2311 $2432 $2567 forward $2045 $-1 #
coedge $-1 -1 $-1 $2591 $2345 $2311 $2449 forward $102 $-1 #
edge $2592 -1 $-1 $2569 -15.66555555555555657 $2457 -15.66367521367521576 $2311 $277 forward @7 unknown #
coedge $-1 -1 $-1 $2342 $2593 $2312 $2451 forward $264 $-1 #
edge $2594 -1 $-1 $2456 15.66367521367521576 $2595 15.66555555555555657 $2312 $352 forward @7 unknown #
coedge $-1 -1 $-1 $2596 $2313 $2593 $2597 reversed $2454 $-1 #
coedge $-1 -1 $-1 $2313 $2596 $2591 $2598 forward $2454 $-1 #
loop $-1 -1 $-1 $-1 $2453 $2599 #
color-adesk-attrib $-1 -1 $-1 $-1 $2314 256 #
vertex $-1 -1 $-1 $2451 $2600 #
vertex $-1 -1 $-1 $2598 $2601 #
straight-curve $-1 -1 $-1 0.3000000000000002665 15.66367521367521753 -0.25 0 0 -1 I I #
coedge $-1 -1 $-1 $2602 $2603 $2315 $2460 reversed $2563 $-1 #
edge $2604 -1 $-1 $2464 -0.75 $2468 0.25 $2315 $2605 forward @7 unknown #
coedge $-1 -1 $-1 $2593 $2316 $2321 $2471 forward $264 $-1 #
coedge $-1 -1 $-1 $2316 $2606 $2602 $2607 forward $264 $-1 #
color-adesk-attrib $-1 -1 $-1 $-1 $2317 256 #
vertex $-1 -1 $-1 $2317 $2608 #
coedge $-1 -1 $-1 $2609 $2318 $2603 $2610 reversed $102 $-1 #
coedge $-1 -1 $-1 $2318 $2591 $2320 $2470 reversed $102 $-1 #
color-adesk-attrib $-1 -1 $-1 $-1 $2319 256 #
vertex $-1 -1 $-1 $2610 $2611 #
coedge $-1 -1 $-1 $2321 $2320 $2596 $2612 forward $2322 $-1 #
edge $2613 -1 $-1 $2324 0 $2614 0.3350401926004216713 $2320 $2615 forward @7 unknown #
edge $2616 -1 $-1 $2325 0 $2617 0.3350401926004216713 $2321 $2618 forward @7 unknown #
face $2619 -1 $-1 $2599 $2322 $8 $-1 $2620 forward single #
point $-1 -1 $-1 0.3000000000000021538 15.3236752136752159 -0.5 #
point $-1 -1 $-1 0.3000000000000021538 15.3236752136752159 0.5 #
point $-1 -1 $-1 0.3000000000000022093 16.3493162393162379 0.5 #
color-adesk-attrib $-1 -1 $-1 $-1 $2333 256 #
straight-curve $-1 -1 $-1 0.5146107499519894102 16.26471814840314423 0.5 -0.9330902171825534719 0.3596423870989281513 0 I I #
color-adesk-attrib $-1 -1 $-1 $-1 $2334 256 #
straight-curve $-1 -1 $-1 0.5146107499519894102 16.26471814840314423 -0.5 -0.9330902171825534719 0.3596423870989281513 0 F 0 F 0.2299999999999999822 #
color-adesk-attrib $-1 -1 $-1 $-1 $2335 256 #
plane-surface $-1 -1 $-1 0.5146107499519894102 16.26471814840314423 -0.5 0.3596423870989281513 0.9330902171825534719 0 -0.9330902171825534719 0.3596423870989281513 0 forward_v I I I I #
coedge $-1 -1 $-1 $2339 $2338 $2431 $2566 reversed $2299 $-1 #
coedge $-1 -1 $-1 $2432 $2431 $2342 $2484 reversed $2165 $-1 #
edge $2621 -1 $-1 $2595 0 $2486 0.3350401926004216713 $2483 $2622 forward @7 unknown #
color-adesk-attrib $-1 -1 $-1 $-1 $2343 256 #
vertex $-1 -1 $-1 $2566 $2623 #
straight-curve $-1 -1 $-1 0.5146107499519894102 15.92283780652280356 0.5 -0.9330902171825534719 0.3596423870989281513 0 I I #
color-adesk-attrib $-1 -1 $-1 $-1 $2346 256 #
vertex $-1 -1 $-1 $2346 $2624 #
straight-curve $-1 -1 $-1 0.5146107499519894102 15.92283780652280356 -0.5 -0.9330902171825534719 0.3596423870989281513 0 F 0 F 0.2299999999999999822 #
color-adesk-attrib $-1 -1 $-1 $-1 $2348 256 #
straight-curve $-1 -1 $-1 0.5146107499519894102 16.26471814840314423 -0.5 0 0 1 I I #
point $-1 -1 $-1 0.5146107499519894102 16.26471814840314423 -0.5 #
point $-1 -1 $-1 0.5146107499519894102 16.26471814840314423 0.5 #
color-adesk-attrib $-1 -1 $-1 $-1 $2362 256 #
face $2625 -1 $-1 $2626 $2627 $8 $-1 $2628 forward single #
loop $-1 -1 $-1 $-1 $2629 $2362 #
plane-surface $-1 -1 $-1 0.3000000000000004885 -11.3429914529914555 -0.5 0.7679145865167543716 -0.6405522522127310436 0 0.6405522522127310436 0.7679145865167543716 0 forward_v I I I I #
coedge $-1 -1 $-1 $2630 $2631 $2632 $2633 forward $2363 $-1 #
coedge $-1 -1 $-1 $2634 $2365 $2631 $2635 forward $2233 $-1 #
coedge $-1 -1 $-1 $2365 $2634 $2636 $2637 reversed $2233 $-1 #
coedge $-1 -1 $-1 $2638 $2632 $2365 $2503 reversed $102 $-1 #
edge $2639 -1 $-1 $2640 0 $2641 0.3350401926004216713 $2365 $2642 forward @7 unknown #
coedge $-1 -1 $-1 $2367 $2366 $2643 $2644 reversed $2099 $-1 #
coedge $-1 -1 $-1 $2645 $2646 $2366 $2506 forward $2647 $-1 #
edge $2648 -1 $-1 $2649 -0.75 $2509 0.25 $2505 $2650 forward @7 unknown #
coedge $-1 -1 $-1 $2368 $2651 $2645 $2652 forward $102 $-1 #
color-adesk-attrib $-1 -1 $-1 $-1 $2369 256 #
vertex $-1 -1 $-1 $2369 $2653 #
straight-curve $-1 -1 $-1 0.5146107499519877448 -12.45323056954557472 -0.5 -0.9330902171825534719 0.3596423870989281513 0 F 0 F 0.2299999999999999822 #
coedge $-1 -1 $-1 $2643 $2654 $2370 $2512 forward $264 $-1 #
edge $2655 -1 $-1 $2520 0 $2514 0.3350401926004216713 $2370 $2656 forward @7 unknown #
color-adesk-attrib $-1 -1 $-1 $-1 $2371 256 #
vertex $-1 -1 $-1 $2371 $2657 #
straight-curve $-1 -1 $-1 0.5146107499519877448 -12.45323056954557472 -0.5 0 0 1 I I #
coedge $-1 -1 $-1 $2658 $2372 $2654 $2659 reversed $2518 $-1 #
coedge $-1 -1 $-1 $2372 $2658 $2374 $2523 reversed $2518 $-1 #
loop $-1 -1 $-1 $-1 $2372 $2660 #
color-adesk-attrib $-1 -1 $-1 $-1 $2373 256 #
vertex $-1 -1 $-1 $2512 $2661 #
straight-curve $-1 -1 $-1 0.2999999999999998224 -12.71051282051281817 -0.25 0 0 1 I I #
coedge $-1 -1 $-1 $2387 $2374 $2662 $2663 reversed $102 $-1 #
edge $2664 -1 $-1 $2376 12.71051282051281817 $2665 12.71239316239315542 $2517 $277 forward @7 unknown #
point $-1 -1 $-1 0.300000000000000433 -12.71051282051281817 -0.5 #
point $-1 -1 $-1 0.5146107499519877448 -12.45323056954557472 -0.5 #
coedge $-1 -1 $-1 $2666 $2379 $2382 $2530 forward $264 $-1 #
color-adesk-attrib $-1 -1 $-1 $-1 $2380 256 #
straight-curve $-1 -1 $-1 0.5146107499519876338 -13.13699125330626316 0.5 -0.9330902171825534719 0.3596423870989281513 0 I I #
coedge $-1 -1 $-1 $2382 $2381 $2667 $2668 forward $2383 $-1 #
edge $2669 -1 $-1 $2385 -13.05427350427350319 $2670 -13.05239316239315883 $2382 $352 forward @7 unknown #
face $2671 -1 $-1 $2132 $2383 $8 $-1 $354 reversed single #
point $-1 -1 $-1 0.3000000000000003775 -13.05427350427350319 0.5 #
coedge $-1 -1 $-1 $2672 $2667 $2387 $2534 forward $2673 $-1 #
edge $2674 -1 $-1 $2536 0 $2675 0.3350401926004216713 $2533 $2676 forward @7 unknown #
color-adesk-attrib $-1 -1 $-1 $-1 $2388 256 #
vertex $-1 -1 $-1 $2388 $2677 #
coedge $-1 -1 $-1 $2390 $2402 $2678 $2679 forward $264 $-1 #
coedge $-1 -1 $-1 $2678 $2398 $2394 $2539 reversed $2544 $-1 #
edge $2680 -1 $-1 $2541 -0.75 $2401 0.25 $2394 $2681 forward @7 unknown #
color-adesk-attrib $-1 -1 $-1 $-1 $2395 256 #
vertex $-1 -1 $-1 $2395 $2682 #
color-adesk-attrib $-1 -1 $-1 $-1 $2396 256 #
coedge $-1 -1 $-1 $2398 $2678 $2408 $2553 reversed $2544 $-1 #
loop $-1 -1 $-1 $-1 $2398 $2683 #
color-adesk-attrib $-1 -1 $-1 $-1 $2399 256 #
straight-curve $-1 -1 $-1 0.5146107499519876338 -13.47887159518660383 -0.5 -0.9330902171825534719 0.3596423870989281513 0 F 0 F 0.2299999999999999822 #
point $-1 -1 $-1 0.3000000000000003775 -13.39615384615384386 -0.5 #
coedge $-1 -1 $-1 $2403 $2408 $2402 $2549 reversed $2409 $-1 #
edge $2684 -1 $-1 $2406 0 $2685 0.3350401926004216713 $2548 $2686 forward @7 unknown #
color-adesk-attrib $-1 -1 $-1 $-1 $2404 256 #
straight-curve $-1 -1 $-1 0.2999999999999998224 -13.73615384615384727 -0.25 0 0 1 I I #
point $-1 -1 $-1 0.3000000000000003775 -13.73615384615384727 0.5 #
edge $2687 -1 $-1 $2411 0 $2685 1 $2543 $2688 forward @7 unknown #
face $2689 -1 $-1 $2683 $2409 $8 $-1 $2690 forward single #
point $-1 -1 $-1 0.5146107499519876338 -13.47887159518660383 -0.5 #
color-adesk-attrib $-1 -1 $-1 $-1 $2415 256 #
straight-curve $-1 -1 $-1 0.5146107499519876338 -14.16263227894728516 0.5 -0.9330902171825534719 0.3596423870989281513 0 I I #
color-adesk-attrib $-1 -1 $-1 $-1 $2419 256 #
plane-surface $-1 -1 $-1 0.5146107499519876338 -14.16263227894728516 -0.5 0.3596423870989281513 0.9330902171825534719 0 -0.9330902171825534719 0.3596423870989281513 0 forward_v I I I I #
point $-1 -1 $-1 0.5146107499519876338 -14.16263227894728516 0.5 #
color-adesk-attrib $-1 -1 $-1 $-1 $2428 256 #
face $2691 -1 $-1 $2692 $2693 $8 $-1 $2694 forward single #
loop $-1 -1 $-1 $-1 $2603 $2428 #
plane-surface $-1 -1 $-1 0.5146107499519894102 15.23907712276212223 -0.5 0.3596423870989281513 0.9330902171825534719 0 -0.9330902171825534719 0.3596423870989281513 0 forward_v I I I I #
coedge $-1 -1 $-1 $2695 $2696 $2609 $2697 forward $2429 $-1 #
edge $2698 -1 $-1 $2489 0 $2486 1 $2482 $2699 forward @7 unknown #
edge $2700 -1 $-1 $2569 -0.25 $2595 0.75 $2447 $2701 forward @7 unknown #
color-adesk-attrib $-1 -1 $-1 $-1 $2433 256 #
vertex $-1 -1 $-1 $2449 $2702 #
straight-curve $-1 -1 $-1 0.3000000000000021538 15.66555555555555657 -0.5 0.6405522522127310436 0.7679145865167543716 0 F 0 F 0.3350401926004216713 #
color-adesk-attrib $-1 -1 $-1 $-1 $2440 256 #
face $2703 -1 $-1 $2704 $2705 $8 $-1 $354 reversed single #
loop $-1 -1 $-1 $-1 $2706 $2440 #
coedge $-1 -1 $-1 $2707 $2708 $2709 $2710 forward $2441 $-1 #
coedge $-1 -1 $-1 $2711 $2442 $2712 $2713 reversed $2309 $-1 #
coedge $-1 -1 $-1 $2442 $2711 $2714 $2715 reversed $2309 $-1 #
coedge $-1 -1 $-1 $2716 $2717 $2442 $2578 reversed $2718 $-1 #
edge $2719 -1 $-1 $2720 -0.75 $2721 0.25 $2442 $2722 forward @7 unknown #
coedge $-1 -1 $-1 $2444 $2443 $2723 $2724 forward $2177 $-1 #
coedge $-1 -1 $-1 $2725 $2726 $2443 $2581 forward $264 $-1 #
edge $2727 -1 $-1 $2728 14.63803418803418666 $2589 14.63991452991452746 $2443 $352 forward @7 unknown #
coedge $-1 -1 $-1 $2729 $2730 $2444 $2583 forward $102 $-1 #
edge $2731 -1 $-1 $2588 -14.63991452991452746 $2732 -14.63803418803418666 $2444 $277 forward @7 unknown #
coedge $-1 -1 $-1 $2733 $2445 $2730 $2734 forward $2586 $-1 #
coedge $-1 -1 $-1 $2445 $2733 $2725 $2735 reversed $2586 $-1 #
loop $-1 -1 $-1 $-1 $2584 $2736 #
color-adesk-attrib $-1 -1 $-1 $-1 $2446 256 #
vertex $-1 -1 $-1 $2583 $2737 #
vertex $-1 -1 $-1 $2735 $2738 #
straight-curve $-1 -1 $-1 0.2999999999999998224 14.63991452991452391 -0.25 0 0 1 I I #
coedge $-1 -1 $-1 $2466 $2448 $2453 $2598 reversed $102 $-1 #
color-adesk-attrib $-1 -1 $-1 $-1 $2449 256 #
coedge $-1 -1 $-1 $2450 $2461 $2452 $2597 forward $264 $-1 #
color-adesk-attrib $-1 -1 $-1 $-1 $2451 256 #
vertex $-1 -1 $-1 $2484 $2739 #
coedge $-1 -1 $-1 $2453 $2452 $2469 $2612 reversed $2454 $-1 #
edge $2740 -1 $-1 $2617 0 $2456 0.2299999999999999822 $2452 $2741 forward @7 unknown #
edge $2742 -1 $-1 $2614 0 $2457 0.2299999999999999822 $2453 $2743 forward @7 unknown #
face $2744 -1 $-1 $2208 $2454 $8 $-1 $2745 forward single #
point $-1 -1 $-1 0.3000000000000021538 15.66367521367521576 0.5 #
point $-1 -1 $-1 0.3000000000000021538 15.66367521367521576 -0.5 #
coedge $-1 -1 $-1 $2746 $2459 $2462 $2607 reversed $2563 $-1 #
coedge $-1 -1 $-1 $2459 $2746 $2465 $2610 forward $2563 $-1 #
color-adesk-attrib $-1 -1 $-1 $-1 $2460 256 #
straight-curve $-1 -1 $-1 0.3000000000000002665 15.32179487179487865 -0.25 0 0 -1 I I #
coedge $-1 -1 $-1 $2462 $2714 $2747 $2748 forward $264 $-1 #
edge $2749 -1 $-1 $2750 0 $2464 0.2299999999999999822 $2602 $2751 forward @7 unknown #
point $-1 -1 $-1 0.3000000000000021538 15.32179487179487509 0.5 #
coedge $-1 -1 $-1 $2712 $2465 $2565 $2697 reversed $102 $-1 #
edge $2752 -1 $-1 $2753 0 $2468 0.2299999999999999822 $2603 $2754 forward @7 unknown #
point $-1 -1 $-1 0.3000000000000021538 15.32179487179487509 -0.5 #
edge $2755 -1 $-1 $2614 0 $2617 1 $2596 $2756 forward @7 unknown #
color-adesk-attrib $-1 -1 $-1 $-1 $2470 256 #
vertex $-1 -1 $-1 $2598 $2757 #
straight-curve $-1 -1 $-1 0.3000000000000021538 15.3236752136752159 -0.5 0.6405522522127310436 0.7679145865167543716 0 F 0 F 0.3350401926004216713 #
color-adesk-attrib $-1 -1 $-1 $-1 $2471 256 #
vertex $-1 -1 $-1 $2612 $2758 #
straight-curve $-1 -1 $-1 0.3000000000000021538 15.3236752136752159 0.5 0.6405522522127310436 0.7679145865167543716 0 I I #
color-adesk-attrib $-1 -1 $-1 $-1 $2472 256 #
plane-surface $-1 -1 $-1 0.3000000000000021538 15.3236752136752159 -0.5 0.7679145865167543716 -0.6405522522127310436 0 0.6405522522127310436 0.7679145865167543716 0 forward_v I I I I #
color-adesk-attrib $-1 -1 $-1 $-1 $2484 256 #
straight-curve $-1 -1 $-1 0.3000000000000021538 15.66555555555555657 0.5 0.6405522522127310436 0.7679145865167543716 0 I I #
point $-1 -1 $-1 0.5146107499519894102 15.92283780652280356 0.5 #
point $-1 -1 $-1 0.5146107499519894102 15.92283780652280356 -0.5 #
color-adesk-attrib $-1 -1 $-1 $-1 $2496 256 #
face $2759 -1 $-1 $2760 $2761 $8 $-1 $2762 forward single #
loop $-1 -1 $-1 $-1 $2763 $2496 #
plane-surface $-1 -1 $-1 0.5146107499519878559 -11.08570920202420851 -0.5 0.3596423870989281513 0.9330902171825534719 0 -0.9330902171825534719 0.3596423870989281513 0 forward_v I I I I #
coedge $-1 -1 $-1 $2764 $2765 $2766 $2767 forward $2497 $-1 #
coedge $-1 -1 $-1 $2768 $2499 $2769 $2770 reversed $2363 $-1 #
coedge $-1 -1 $-1 $2499 $2768 $2500 $2635 reversed $2363 $-1 #
coedge $-1 -1 $-1 $2502 $2771 $2499 $2633 reversed $102 $-1 #
edge $2772 -1 $-1 $2641 0 $2773 0.2299999999999999822 $2499 $2774 forward @7 unknown #
coedge $-1 -1 $-1 $2501 $2500 $2775 $2776 reversed $2233 $-1 #
edge $2777 -1 $-1 $2641 0 $2778 1 $2631 $2779 forward @7 unknown #
coedge $-1 -1 $-1 $2780 $2781 $2501 $2637 forward $2782 $-1 #
edge $2783 -1 $-1 $2640 -0.25 $2784 0.75 $2636 $2785 forward @7 unknown #
coedge $-1 -1 $-1 $2786 $2502 $2781 $2787 forward $102 $-1 #
color-adesk-attrib $-1 -1 $-1 $-1 $2503 256 #
vertex $-1 -1 $-1 $2787 $2788 #
vertex $-1 -1 $-1 $2633 $2789 #
straight-curve $-1 -1 $-1 0.3000000000000004885 -12.02675213675213683 -0.5 0.6405522522127310436 0.7679145865167543716 0 F 0 F 0.3350401926004216713 #
coedge $-1 -1 $-1 $2790 $2511 $2504 $2644 forward $264 $-1 #
edge $2791 -1 $-1 $2514 0 $2649 0.2299999999999999822 $2504 $2792 forward @7 unknown #
coedge $-1 -1 $-1 $2793 $2505 $2507 $2652 reversed $2647 $-1 #
coedge $-1 -1 $-1 $2505 $2793 $2790 $2794 reversed $2647 $-1 #
loop $-1 -1 $-1 $-1 $2505 $2795 #
color-adesk-attrib $-1 -1 $-1 $-1 $2506 256 #
vertex $-1 -1 $-1 $2794 $2796 #
straight-curve $-1 -1 $-1 0.2999999999999998224 -12.37051282051282186 -0.25 0 0 -1 I I #
coedge $-1 -1 $-1 $2507 $2786 $2797 $2798 reversed $102 $-1 #
edge $2799 -1 $-1 $2800 12.3686324786324775 $2509 12.37051282051281476 $2645 $277 forward @7 unknown #
point $-1 -1 $-1 0.300000000000000433 -12.37051282051281476 -0.5 #
coedge $-1 -1 $-1 $2511 $2801 $2516 $2659 forward $264 $-1 #
color-adesk-attrib $-1 -1 $-1 $-1 $2512 256 #
straight-curve $-1 -1 $-1 0.300000000000000433 -12.71051282051281817 0.5 0.6405522522127310436 0.7679145865167543716 0 I I #
point $-1 -1 $-1 0.5146107499519877448 -12.45323056954557472 0.5 #
coedge $-1 -1 $-1 $2517 $2516 $2802 $2803 forward $2518 $-1 #
edge $2804 -1 $-1 $2805 -12.71239316239315542 $2520 -12.71051282051281817 $2516 $352 forward @7 unknown #
face $2806 -1 $-1 $2795 $2518 $8 $-1 $354 reversed single #
point $-1 -1 $-1 0.300000000000000433 -12.71051282051281817 0.5 #
coedge $-1 -1 $-1 $2802 $2807 $2522 $2663 forward $2808 $-1 #
edge $2809 -1 $-1 $2675 0 $2665 0.2299999999999999822 $2662 $2810 forward @7 unknown #
color-adesk-attrib $-1 -1 $-1 $-1 $2523 256 #
vertex $-1 -1 $-1 $2663 $2811 #
coedge $-1 -1 $-1 $2801 $2526 $2812 $2813 forward $264 $-1 #
coedge $-1 -1 $-1 $2533 $2812 $2529 $2668 reversed $2673 $-1 #
edge $2814 -1 $-1 $2536 -0.25 $2670 0.75 $2529 $2815 forward @7 unknown #
color-adesk-attrib $-1 -1 $-1 $-1 $2530 256 #
vertex $-1 -1 $-1 $2813 $2816 #
color-adesk-attrib $-1 -1 $-1 $-1 $2531 256 #
coedge $-1 -1 $-1 $2812 $2533 $2807 $2817 forward $2673 $-1 #
loop $-1 -1 $-1 $-1 $2533 $2818 #
color-adesk-attrib $-1 -1 $-1 $-1 $2534 256 #
vertex $-1 -1 $-1 $2663 $2819 #
straight-curve $-1 -1 $-1 0.3000000000000003775 -13.05239316239315883 -0.5 0.6405522522127310436 0.7679145865167543716 0 F 0 F 0.3350401926004216713 #
point $-1 -1 $-1 0.3000000000000003775 -13.05239316239315883 -0.5 #
coedge $-1 -1 $-1 $2543 $2538 $2537 $2679 reversed $2544 $-1 #
edge $2820 -1 $-1 $2685 0 $2541 0.2299999999999999822 $2678 $2821 forward @7 unknown #
color-adesk-attrib $-1 -1 $-1 $-1 $2539 256 #
straight-curve $-1 -1 $-1 0.2999999999999993783 -13.39615384615384919 -0.25 0 0 -1 I I #
point $-1 -1 $-1 0.3000000000000003775 -13.39615384615384386 0.5 #
face $2822 -1 $-1 $2290 $2544 $8 $-1 $2823 forward single #
color-adesk-attrib $-1 -1 $-1 $-1 $2549 256 #
vertex $-1 -1 $-1 $2553 $2824 #
straight-curve $-1 -1 $-1 0.3000000000000003775 -13.73615384615384727 0.5 0.6405522522127310436 0.7679145865167543716 0 I I #
color-adesk-attrib $-1 -1 $-1 $-1 $2553 256 #
straight-curve $-1 -1 $-1 0.5146107499519876338 -13.47887159518660383 -0.5 0 0 1 I I #
color-adesk-attrib $-1 -1 $-1 $-1 $2554 256 #
plane-surface $-1 -1 $-1 0.3000000000000003775 -13.73615384615384727 -0.5 0.7679145865167543716 -0.6405522522127310436 0 0.6405522522127310436 0.7679145865167543716 0 forward_v I I I I #
color-adesk-attrib $-1 -1 $-1 $-1 $2562 256 #
face $2825 -1 $-1 $2826 $2827 $8 $-1 $2828 forward single #
loop $-1 -1 $-1 $-1 $2829 $2562 #
plane-surface $-1 -1 $-1 0.3000000000000020983 14.2980341880341868 -0.5 0.7679145865167543716 -0.6405522522127310436 0 0.6405522522127310436 0.7679145865167543716 0 forward_v I I I I #
coedge $-1 -1 $-1 $2747 $2565 $2746 $2830 forward $2429 $-1 #
coedge $-1 -1 $-1 $2565 $2747 $2711 $2831 reversed $2429 $-1 #
edge $2832 -1 $-1 $2833 0 $2753 0.3350401926004216713 $2565 $2834 forward @7 unknown #
color-adesk-attrib $-1 -1 $-1 $-1 $2566 256 #
straight-curve $-1 -1 $-1 0.5146107499519894102 15.92283780652280356 -0.5 0 0 1 I I #
color-adesk-attrib $-1 -1 $-1 $-1 $2567 256 #
straight-curve $-1 -1 $-1 0.2999999999999998224 15.66555555555555479 -0.25 0 0 1 I I #
point $-1 -1 $-1 0.3000000000000021538 15.66555555555555657 -0.5 #
color-adesk-attrib $-1 -1 $-1 $-1 $2572 256 #
face $2835 -1 $-1 $2836 $2837 $8 $-1 $354 reversed single #
loop $-1 -1 $-1 $-1 $2838 $2572 #
coedge $-1 -1 $-1 $2839 $2840 $2841 $2842 forward $2573 $-1 #
coedge $-1 -1 $-1 $2843 $2574 $2844 $2845 reversed $2441 $-1 #
coedge $-1 -1 $-1 $2574 $2843 $2846 $2847 reversed $2441 $-1 #
coedge $-1 -1 $-1 $2848 $2849 $2574 $2710 reversed $2850 $-1 #
edge $2851 -1 $-1 $2852 -0.25 $2853 0.75 $2574 $2854 forward @7 unknown #
coedge $-1 -1 $-1 $2576 $2575 $2696 $2831 forward $2309 $-1 #
coedge $-1 -1 $-1 $2855 $2609 $2575 $2713 forward $102 $-1 #
edge $2856 -1 $-1 $2833 -14.98179487179487523 $2721 -14.97991452991452732 $2575 $277 forward @7 unknown #
coedge $-1 -1 $-1 $2606 $2857 $2576 $2715 forward $264 $-1 #
edge $2858 -1 $-1 $2720 14.97991452991452732 $2859 14.98179487179487523 $2576 $352 forward @7 unknown #
coedge $-1 -1 $-1 $2860 $2577 $2857 $2861 reversed $2718 $-1 #
coedge $-1 -1 $-1 $2577 $2860 $2855 $2862 forward $2718 $-1 #
loop $-1 -1 $-1 $-1 $2717 $2863 #
color-adesk-attrib $-1 -1 $-1 $-1 $2578 256 #
vertex $-1 -1 $-1 $2715 $2864 #
vertex $-1 -1 $-1 $2862 $2865 #
straight-curve $-1 -1 $-1 0.3000000000000002665 14.9799145299145291 -0.25 0 0 -1 I I #
coedge $-1 -1 $-1 $2866 $2867 $2579 $2724 reversed $2827 $-1 #
edge $2868 -1 $-1 $2728 -0.75 $2732 0.25 $2579 $2869 forward @7 unknown #
coedge $-1 -1 $-1 $2857 $2580 $2585 $2735 forward $264 $-1 #
coedge $-1 -1 $-1 $2580 $2870 $2866 $2871 forward $264 $-1 #
color-adesk-attrib $-1 -1 $-1 $-1 $2581 256 #
vertex $-1 -1 $-1 $2581 $2872 #
coedge $-1 -1 $-1 $2873 $2582 $2867 $2874 reversed $102 $-1 #
coedge $-1 -1 $-1 $2582 $2855 $2584 $2734 reversed $102 $-1 #
color-adesk-attrib $-1 -1 $-1 $-1 $2583 256 #
vertex $-1 -1 $-1 $2874 $2875 #
coedge $-1 -1 $-1 $2585 $2584 $2860 $2876 forward $2586 $-1 #
edge $2877 -1 $-1 $2588 0 $2878 0.3350401926004216713 $2584 $2879 forward @7 unknown #
edge $2880 -1 $-1 $2589 0 $2881 0.3350401926004216713 $2585 $2882 forward @7 unknown #
face $2883 -1 $-1 $2863 $2586 $8 $-1 $2884 forward single #
point $-1 -1 $-1 0.3000000000000020983 14.63991452991452746 -0.5 #
point $-1 -1 $-1 0.3000000000000020983 14.63991452991452746 0.5 #
point $-1 -1 $-1 0.3000000000000021538 15.66555555555555657 0.5 #
color-adesk-attrib $-1 -1 $-1 $-1 $2597 256 #
straight-curve $-1 -1 $-1 0.5146107499519894102 15.5809574646424629 0.5 -0.9330902171825534719 0.3596423870989281513 0 I I #
color-adesk-attrib $-1 -1 $-1 $-1 $2598 256 #
straight-curve $-1 -1 $-1 0.5146107499519894102 15.5809574646424629 -0.5 -0.9330902171825534719 0.3596423870989281513 0 F 0 F 0.2299999999999999822 #
color-adesk-attrib $-1 -1 $-1 $-1 $2599 256 #
plane-surface $-1 -1 $-1 0.5146107499519894102 15.5809574646424629 -0.5 0.3596423870989281513 0.9330902171825534719 0 -0.9330902171825534719 0.3596423870989281513 0 forward_v I I I I #
coedge $-1 -1 $-1 $2603 $2602 $2695 $2830 reversed $2563 $-1 #
coedge $-1 -1 $-1 $2696 $2695 $2606 $2748 reversed $2429 $-1 #
edge $2885 -1 $-1 $2859 0 $2750 0.3350401926004216713 $2747 $2886 forward @7 unknown #
color-adesk-attrib $-1 -1 $-1 $-1 $2607 256 #
vertex $-1 -1 $-1 $2830 $2887 #
straight-curve $-1 -1 $-1 0.5146107499519894102 15.23907712276212223 0.5 -0.9330902171825534719 0.3596423870989281513 0 I I #
color-adesk-attrib $-1 -1 $-1 $-1 $2610 256 #
vertex $-1 -1 $-1 $2610 $2888 #
straight-curve $-1 -1 $-1 0.5146107499519894102 15.23907712276212223 -0.5 -0.9330902171825534719 0.3596423870989281513 0 F 0 F 0.2299999999999999822 #
color-adesk-attrib $-1 -1 $-1 $-1 $2612 256 #
straight-curve $-1 -1 $-1 0.5146107499519894102 15.5809574646424629 -0.5 0 0 1 I I #
point $-1 -1 $-1 0.5146107499519894102 15.5809574646424629 -0.5 #
point $-1 -1 $-1 0.5146107499519894102 15.5809574646424629 0.5 #
color-adesk-attrib $-1 -1 $-1 $-1 $2626 256 #
face $2889 -1 $-1 $2890 $2891 $8 $-1 $2892 forward single #
loop $-1 -1 $-1 $-1 $2893 $2626 #
plane-surface $-1 -1 $-1 0.300000000000000544 -10.65923076923076707 -0.5 0.7679145865167543716 -0.6405522522127310436 0 0.6405522522127310436 0.7679145865167543716 0 forward_v I I I I #
coedge $-1 -1 $-1 $2894 $2895 $2896 $2897 forward $2627 $-1 #
coedge $-1 -1 $-1 $2898 $2629 $2895 $2899 forward $2497 $-1 #
coedge $-1 -1 $-1 $2629 $2898 $2900 $2901 reversed $2497 $-1 #
coedge $-1 -1 $-1 $2902 $2896 $2629 $2767 reversed $102 $-1 #
edge $2903 -1 $-1 $2904 0 $2905 0.3350401926004216713 $2629 $2906 forward @7 unknown #
coedge $-1 -1 $-1 $2631 $2630 $2907 $2908 reversed $2363 $-1 #
coedge $-1 -1 $-1 $2909 $2910 $2630 $2770 forward $2911 $-1 #
edge $2912 -1 $-1 $2913 -0.75 $2773 0.25 $2769 $2914 forward @7 unknown #
coedge $-1 -1 $-1 $2632 $2915 $2909 $2916 forward $102 $-1 #
color-adesk-attrib $-1 -1 $-1 $-1 $2633 256 #
vertex $-1 -1 $-1 $2633 $2917 #
straight-curve $-1 -1 $-1 0.5146107499519877448 -11.76946988578488984 -0.5 -0.9330902171825534719 0.3596423870989281513 0 F 0 F 0.2299999999999999822 #
coedge $-1 -1 $-1 $2907 $2918 $2634 $2776 forward $264 $-1 #
edge $2919 -1 $-1 $2784 0 $2778 0.3350401926004216713 $2634 $2920 forward @7 unknown #
color-adesk-attrib $-1 -1 $-1 $-1 $2635 256 #
vertex $-1 -1 $-1 $2635 $2921 #
straight-curve $-1 -1 $-1 0.5146107499519877448 -11.76946988578488984 -0.5 0 0 1 I I #
coedge $-1 -1 $-1 $2922 $2636 $2918 $2923 reversed $2782 $-1 #
coedge $-1 -1 $-1 $2636 $2922 $2638 $2787 reversed $2782 $-1 #
loop $-1 -1 $-1 $-1 $2636 $2924 #
color-adesk-attrib $-1 -1 $-1 $-1 $2637 256 #
vertex $-1 -1 $-1 $2776 $2925 #
straight-curve $-1 -1 $-1 0.2999999999999998224 -12.02675213675213861 -0.25 0 0 1 I I #
coedge $-1 -1 $-1 $2651 $2638 $2926 $2927 reversed $102 $-1 #
edge $2928 -1 $-1 $2640 12.02675213675213683 $2929 12.02863247863247409 $2781 $277 forward @7 unknown #
point $-1 -1 $-1 0.3000000000000004885 -12.02675213675213683 -0.5 #
point $-1 -1 $-1 0.5146107499519877448 -11.76946988578488984 -0.5 #
coedge $-1 -1 $-1 $2930 $2643 $2646 $2794 forward $264 $-1 #
color-adesk-attrib $-1 -1 $-1 $-1 $2644 256 #
straight-curve $-1 -1 $-1 0.5146107499519877448 -12.45323056954557472 0.5 -0.9330902171825534719 0.3596423870989281513 0 I I #
coedge $-1 -1 $-1 $2646 $2645 $2931 $2932 forward $2647 $-1 #
edge $2933 -1 $-1 $2649 -12.37051282051281476 $2934 -12.3686324786324775 $2646 $352 forward @7 unknown #
face $2935 -1 $-1 $2396 $2647 $8 $-1 $354 reversed single #
point $-1 -1 $-1 0.300000000000000433 -12.37051282051281476 0.5 #
coedge $-1 -1 $-1 $2936 $2931 $2651 $2798 forward $2937 $-1 #
edge $2938 -1 $-1 $2800 0 $2939 0.3350401926004216713 $2797 $2940 forward @7 unknown #
color-adesk-attrib $-1 -1 $-1 $-1 $2652 256 #
vertex $-1 -1 $-1 $2652 $2941 #
coedge $-1 -1 $-1 $2654 $2666 $2942 $2943 forward $264 $-1 #
coedge $-1 -1 $-1 $2942 $2662 $2658 $2803 reversed $2808 $-1 #
edge $2944 -1 $-1 $2805 -0.75 $2665 0.25 $2658 $2945 forward @7 unknown #
color-adesk-attrib $-1 -1 $-1 $-1 $2659 256 #
vertex $-1 -1 $-1 $2659 $2946 #
color-adesk-attrib $-1 -1 $-1 $-1 $2660 256 #
coedge $-1 -1 $-1 $2662 $2942 $2672 $2817 reversed $2808 $-1 #
loop $-1 -1 $-1 $-1 $2662 $2947 #
color-adesk-attrib $-1 -1 $-1 $-1 $2663 256 #
straight-curve $-1 -1 $-1 0.5146107499519876338 -12.79511091142591539 -0.5 -0.9330902171825534719 0.3596423870989281513 0 F 0 F 0.2299999999999999822 #
point $-1 -1 $-1 0.3000000000000003775 -12.71239316239315542 -0.5 #
coedge $-1 -1 $-1 $2667 $2672 $2666 $2813 reversed $2673 $-1 #
edge $2948 -1 $-1 $2670 0 $2949 0.3350401926004216713 $2812 $2950 forward @7 unknown #
color-adesk-attrib $-1 -1 $-1 $-1 $2668 256 #
straight-curve $-1 -1 $-1 0.2999999999999993783 -13.05239316239316061 -0.25 0 0 1 I I #
point $-1 -1 $-1 0.3000000000000003775 -13.05239316239315883 0.5 #
edge $2951 -1 $-1 $2675 0 $2949 1 $2807 $2952 forward @7 unknown #
face $2953 -1 $-1 $2947 $2673 $8 $-1 $2954 forward single #
point $-1 -1 $-1 0.5146107499519876338 -12.79511091142591539 -0.5 #
color-adesk-attrib $-1 -1 $-1 $-1 $2679 256 #
straight-curve $-1 -1 $-1 0.5146107499519876338 -13.47887159518660383 0.5 -0.9330902171825534719 0.3596423870989281513 0 I I #
color-adesk-attrib $-1 -1 $-1 $-1 $2683 256 #
plane-surface $-1 -1 $-1 0.5146107499519876338 -13.47887159518660383 -0.5 0.3596423870989281513 0.9330902171825534719 0 -0.9330902171825534719 0.3596423870989281513 0 forward_v I I I I #
point $-1 -1 $-1 0.5146107499519876338 -13.47887159518660383 0.5 #
color-adesk-attrib $-1 -1 $-1 $-1 $2692 256 #
face $2955 -1 $-1 $2956 $2957 $8 $-1 $2958 forward single #
loop $-1 -1 $-1 $-1 $2867 $2692 #
plane-surface $-1 -1 $-1 0.5146107499519894102 14.55531643900143379 -0.5 0.3596423870989281513 0.9330902171825534719 0 -0.9330902171825534719 0.3596423870989281513 0 forward_v I I I I #
coedge $-1 -1 $-1 $2959 $2960 $2873 $2961 forward $2693 $-1 #
edge $2962 -1 $-1 $2753 0 $2750 1 $2746 $2963 forward @7 unknown #
edge $2964 -1 $-1 $2833 -0.25 $2859 0.75 $2711 $2965 forward @7 unknown #
color-adesk-attrib $-1 -1 $-1 $-1 $2697 256 #
vertex $-1 -1 $-1 $2713 $2966 #
straight-curve $-1 -1 $-1 0.3000000000000021538 14.98179487179487523 -0.5 0.6405522522127310436 0.7679145865167543716 0 F 0 F 0.3350401926004216713 #
color-adesk-attrib $-1 -1 $-1 $-1 $2704 256 #
face $2967 -1 $-1 $2968 $2969 $8 $-1 $354 reversed single #
loop $-1 -1 $-1 $-1 $2970 $2704 #
coedge $-1 -1 $-1 $2971 $2972 $2973 $2974 forward $2705 $-1 #
coedge $-1 -1 $-1 $2975 $2706 $2976 $2977 reversed $2573 $-1 #
coedge $-1 -1 $-1 $2706 $2975 $2978 $2979 reversed $2573 $-1 #
coedge $-1 -1 $-1 $2980 $2981 $2706 $2842 reversed $2982 $-1 #
edge $2983 -1 $-1 $2984 -0.75 $2985 0.25 $2706 $2986 forward @7 unknown #
coedge $-1 -1 $-1 $2708 $2707 $2987 $2988 forward $2441 $-1 #
coedge $-1 -1 $-1 $2989 $2990 $2707 $2845 forward $264 $-1 #
edge $2991 -1 $-1 $2992 13.95427350427350532 $2853 13.95615384615384613 $2707 $352 forward @7 unknown #
coedge $-1 -1 $-1 $2993 $2994 $2708 $2847 forward $102 $-1 #
edge $2995 -1 $-1 $2852 -13.95615384615384613 $2996 -13.95427350427350532 $2708 $277 forward @7 unknown #
coedge $-1 -1 $-1 $2997 $2709 $2994 $2998 forward $2850 $-1 #
coedge $-1 -1 $-1 $2709 $2997 $2989 $2999 reversed $2850 $-1 #
loop $-1 -1 $-1 $-1 $2848 $3000 #
color-adesk-attrib $-1 -1 $-1 $-1 $2710 256 #
vertex $-1 -1 $-1 $2847 $3001 #
vertex $-1 -1 $-1 $2999 $3002 #
straight-curve $-1 -1 $-1 0.2999999999999998224 13.95615384615384258 -0.25 0 0 1 I I #
coedge $-1 -1 $-1 $2730 $2712 $2717 $2862 reversed $102 $-1 #
color-adesk-attrib $-1 -1 $-1 $-1 $2713 256 #
coedge $-1 -1 $-1 $2714 $2725 $2716 $2861 forward $264 $-1 #
color-adesk-attrib $-1 -1 $-1 $-1 $2715 256 #
vertex $-1 -1 $-1 $2748 $3003 #
coedge $-1 -1 $-1 $2717 $2716 $2733 $2876 reversed $2718 $-1 #
edge $3004 -1 $-1 $2881 0 $2720 0.2299999999999999822 $2716 $3005 forward @7 unknown #
edge $3006 -1 $-1 $2878 0 $2721 0.2299999999999999822 $2717 $3007 forward @7 unknown #
face $3008 -1 $-1 $2472 $2718 $8 $-1 $3009 forward single #
point $-1 -1 $-1 0.3000000000000020983 14.97991452991452732 0.5 #
point $-1 -1 $-1 0.3000000000000020983 14.97991452991452732 -0.5 #
coedge $-1 -1 $-1 $3010 $2723 $2726 $2871 reversed $2827 $-1 #
coedge $-1 -1 $-1 $2723 $3010 $2729 $2874 forward $2827 $-1 #
color-adesk-attrib $-1 -1 $-1 $-1 $2724 256 #
straight-curve $-1 -1 $-1 0.2999999999999998224 14.63803418803418843 -0.25 0 0 -1 I I #
coedge $-1 -1 $-1 $2726 $2978 $3011 $3012 forward $264 $-1 #
edge $3013 -1 $-1 $3014 0 $2728 0.2299999999999999822 $2866 $3015 forward @7 unknown #
point $-1 -1 $-1 0.3000000000000020983 14.63803418803418666 0.5 #
coedge $-1 -1 $-1 $2976 $2729 $2829 $2961 reversed $102 $-1 #
edge $3016 -1 $-1 $3017 0 $2732 0.2299999999999999822 $2867 $3018 forward @7 unknown #
point $-1 -1 $-1 0.3000000000000020983 14.63803418803418666 -0.5 #
edge $3019 -1 $-1 $2878 0 $2881 1 $2860 $3020 forward @7 unknown #
color-adesk-attrib $-1 -1 $-1 $-1 $2734 256 #
vertex $-1 -1 $-1 $2862 $3021 #
straight-curve $-1 -1 $-1 0.3000000000000020983 14.63991452991452746 -0.5 0.6405522522127310436 0.7679145865167543716 0 F 0 F 0.3350401926004216713 #
color-adesk-attrib $-1 -1 $-1 $-1 $2735 256 #
vertex $-1 -1 $-1 $2876 $3022 #
straight-curve $-1 -1 $-1 0.3000000000000020983 14.63991452991452746 0.5 0.6405522522127310436 0.7679145865167543716 0 I I #
color-adesk-attrib $-1 -1 $-1 $-1 $2736 256 #
plane-surface $-1 -1 $-1 0.3000000000000020983 14.63991452991452746 -0.5 0.7679145865167543716 -0.6405522522127310436 0 0.6405522522127310436 0.7679145865167543716 0 forward_v I I I I #
color-adesk-attrib $-1 -1 $-1 $-1 $2748 256 #
straight-curve $-1 -1 $-1 0.3000000000000021538 14.98179487179487523 0.5 0.6405522522127310436 0.7679145865167543716 0 I I #
point $-1 -1 $-1 0.5146107499519894102 15.23907712276212223 0.5 #
point $-1 -1 $-1 0.5146107499519894102 15.23907712276212223 -0.5 #
color-adesk-attrib $-1 -1 $-1 $-1 $2760 256 #
face $3023 -1 $-1 $3024 $3025 $8 $-1 $3026 forward single #
loop $-1 -1 $-1 $-1 $3027 $2760 #
plane-surface $-1 -1 $-1 0.5146107499519878559 -10.40194851826352007 -0.5 0.3596423870989281513 0.9330902171825534719 0 -0.9330902171825534719 0.3596423870989281513 0 forward_v I I I I #
coedge $-1 -1 $-1 $3028 $3029 $3030 $3031 forward $2761 $-1 #
coedge $-1 -1 $-1 $3032 $2763 $3033 $3034 reversed $2627 $-1 #
coedge $-1 -1 $-1 $2763 $3032 $2764 $2899 reversed $2627 $-1 #
coedge $-1 -1 $-1 $2766 $3035 $2763 $2897 reversed $102 $-1 #
edge $3036 -1 $-1 $2905 0 $3037 0.2299999999999999822 $2763 $3038 forward @7 unknown #
coedge $-1 -1 $-1 $2765 $2764 $3039 $3040 reversed $2497 $-1 #
edge $3041 -1 $-1 $2905 0 $3042 1 $2895 $3043 forward @7 unknown #
coedge $-1 -1 $-1 $3044 $3045 $2765 $2901 forward $3046 $-1 #
edge $3047 -1 $-1 $2904 -0.25 $3048 0.75 $2900 $3049 forward @7 unknown #
coedge $-1 -1 $-1 $3050 $2766 $3045 $3051 forward $102 $-1 #
color-adesk-attrib $-1 -1 $-1 $-1 $2767 256 #
vertex $-1 -1 $-1 $3051 $3052 #
vertex $-1 -1 $-1 $2897 $3053 #
straight-curve $-1 -1 $-1 0.3000000000000004885 -11.3429914529914555 -0.5 0.6405522522127310436 0.7679145865167543716 0 F 0 F 0.3350401926004216713 #
coedge $-1 -1 $-1 $3054 $2775 $2768 $2908 forward $264 $-1 #
edge $3055 -1 $-1 $2778 0 $2913 0.2299999999999999822 $2768 $3056 forward @7 unknown #
coedge $-1 -1 $-1 $3057 $2769 $2771 $2916 reversed $2911 $-1 #
coedge $-1 -1 $-1 $2769 $3057 $3054 $3058 reversed $2911 $-1 #
loop $-1 -1 $-1 $-1 $2769 $3059 #
color-adesk-attrib $-1 -1 $-1 $-1 $2770 256 #
vertex $-1 -1 $-1 $3058 $3060 #
straight-curve $-1 -1 $-1 0.2999999999999998224 -11.68675213675213698 -0.25 0 0 -1 I I #
coedge $-1 -1 $-1 $2771 $3050 $3061 $3062 reversed $102 $-1 #
edge $3063 -1 $-1 $3064 11.68487179487179617 $2773 11.68675213675213698 $2909 $277 forward @7 unknown #
point $-1 -1 $-1 0.3000000000000004885 -11.68675213675213698 -0.5 #
coedge $-1 -1 $-1 $2775 $3065 $2780 $2923 forward $264 $-1 #
color-adesk-attrib $-1 -1 $-1 $-1 $2776 256 #
straight-curve $-1 -1 $-1 0.3000000000000004885 -12.02675213675213683 0.5 0.6405522522127310436 0.7679145865167543716 0 I I #
point $-1 -1 $-1 0.5146107499519877448 -11.76946988578488984 0.5 #
coedge $-1 -1 $-1 $2781 $2780 $3066 $3067 forward $2782 $-1 #
edge $3068 -1 $-1 $3069 -12.02863247863247409 $2784 -12.02675213675213683 $2780 $352 forward @7 unknown #
face $3070 -1 $-1 $3059 $2782 $8 $-1 $354 reversed single #
point $-1 -1 $-1 0.3000000000000004885 -12.02675213675213683 0.5 #
coedge $-1 -1 $-1 $3066 $3071 $2786 $2927 forward $3072 $-1 #
edge $3073 -1 $-1 $2939 0 $2929 0.2299999999999999822 $2926 $3074 forward @7 unknown #
color-adesk-attrib $-1 -1 $-1 $-1 $2787 256 #
vertex $-1 -1 $-1 $2927 $3075 #
coedge $-1 -1 $-1 $3065 $2790 $3076 $3077 forward $264 $-1 #
coedge $-1 -1 $-1 $2797 $3076 $2793 $2932 reversed $2937 $-1 #
edge $3078 -1 $-1 $2800 -0.25 $2934 0.75 $2793 $3079 forward @7 unknown #
color-adesk-attrib $-1 -1 $-1 $-1 $2794 256 #
vertex $-1 -1 $-1 $3077 $3080 #
color-adesk-attrib $-1 -1 $-1 $-1 $2795 256 #
coedge $-1 -1 $-1 $3076 $2797 $3071 $3081 forward $2937 $-1 #
loop $-1 -1 $-1 $-1 $2797 $3082 #
color-adesk-attrib $-1 -1 $-1 $-1 $2798 256 #
vertex $-1 -1 $-1 $2927 $3083 #
straight-curve $-1 -1 $-1 0.300000000000000433 -12.3686324786324775 -0.5 0.6405522522127310436 0.7679145865167543716 0 F 0 F 0.3350401926004216713 #
point $-1 -1 $-1 0.300000000000000433 -12.3686324786324775 -0.5 #
coedge $-1 -1 $-1 $2807 $2802 $2801 $2943 reversed $2808 $-1 #
edge $3084 -1 $-1 $2949 0 $2805 0.2299999999999999822 $2942 $3085 forward @7 unknown #
color-adesk-attrib $-1 -1 $-1 $-1 $2803 256 #
straight-curve $-1 -1 $-1 0.2999999999999998224 -12.71239316239316253 -0.25 0 0 -1 I I #
point $-1 -1 $-1 0.3000000000000003775 -12.71239316239315542 0.5 #
face $3086 -1 $-1 $2554 $2808 $8 $-1 $3087 forward single #
color-adesk-attrib $-1 -1 $-1 $-1 $2813 256 #
vertex $-1 -1 $-1 $2817 $3088 #
straight-curve $-1 -1 $-1 0.3000000000000003775 -13.05239316239315883 0.5 0.6405522522127310436 0.7679145865167543716 0 I I #
color-adesk-attrib $-1 -1 $-1 $-1 $2817 256 #
straight-curve $-1 -1 $-1 0.5146107499519876338 -12.79511091142591539 -0.5 0 0 1 I I #
color-adesk-attrib $-1 -1 $-1 $-1 $2818 256 #
plane-surface $-1 -1 $-1 0.3000000000000003775 -13.05239316239315883 -0.5 0.7679145865167543716 -0.6405522522127310436 0 0.6405522522127310436 0.7679145865167543716 0 forward_v I I I I #
color-adesk-attrib $-1 -1 $-1 $-1 $2826 256 #
face $3089 -1 $-1 $3090 $3091 $8 $-1 $3092 forward single #
loop $-1 -1 $-1 $-1 $3093 $2826 #
plane-surface $-1 -1 $-1 0.3000000000000020428 13.61427350427350547 -0.5 0.7679145865167543716 -0.6405522522127310436 0 0.6405522522127310436 0.7679145865167543716 0 forward_v I I I I #
coedge $-1 -1 $-1 $3011 $2829 $3010 $3094 forward $2693 $-1 #
coedge $-1 -1 $-1 $2829 $3011 $2975 $3095 reversed $2693 $-1 #
edge $3096 -1 $-1 $3097 0 $3017 0.3350401926004216713 $2829 $3098 forward @7 unknown #
color-adesk-attrib $-1 -1 $-1 $-1 $2830 256 #
straight-curve $-1 -1 $-1 0.5146107499519894102 15.23907712276212223 -0.5 0 0 1 I I #
color-adesk-attrib $-1 -1 $-1 $-1 $2831 256 #
straight-curve $-1 -1 $-1 0.2999999999999993783 14.98179487179487168 -0.25 0 0 1 I I #
point $-1 -1 $-1 0.3000000000000021538 14.98179487179487523 -0.5 #
color-adesk-attrib $-1 -1 $-1 $-1 $2836 256 #
face $3099 -1 $-1 $3100 $3101 $8 $-1 $354 reversed single #
loop $-1 -1 $-1 $-1 $3102 $2836 #
coedge $-1 -1 $-1 $3103 $3104 $3105 $3106 forward $2837 $-1 #
coedge $-1 -1 $-1 $3107 $2838 $3108 $3109 reversed $2705 $-1 #
coedge $-1 -1 $-1 $2838 $3107 $3110 $3111 reversed $2705 $-1 #
coedge $-1 -1 $-1 $3112 $3113 $2838 $2974 reversed $3114 $-1 #
edge $3115 -1 $-1 $3116 -0.25 $3117 0.75 $2838 $3118 forward @7 unknown #
coedge $-1 -1 $-1 $2840 $2839 $2960 $3095 forward $2573 $-1 #
coedge $-1 -1 $-1 $3119 $2873 $2839 $2977 forward $102 $-1 #
edge $3120 -1 $-1 $3097 -14.2980341880341868 $2985 -14.29615384615384599 $2839 $277 forward @7 unknown #
coedge $-1 -1 $-1 $2870 $3121 $2840 $2979 forward $264 $-1 #
edge $3122 -1 $-1 $2984 14.29615384615384599 $3123 14.2980341880341868 $2840 $352 forward @7 unknown #
coedge $-1 -1 $-1 $3124 $2841 $3121 $3125 reversed $2982 $-1 #
coedge $-1 -1 $-1 $2841 $3124 $3119 $3126 forward $2982 $-1 #
loop $-1 -1 $-1 $-1 $2981 $3127 #
color-adesk-attrib $-1 -1 $-1 $-1 $2842 256 #
vertex $-1 -1 $-1 $2979 $3128 #
vertex $-1 -1 $-1 $3126 $3129 #
straight-curve $-1 -1 $-1 0.2999999999999998224 14.29615384615384599 -0.25 0 0 -1 I I #
coedge $-1 -1 $-1 $3130 $3131 $2843 $2988 reversed $3091 $-1 #
edge $3132 -1 $-1 $2992 -0.75 $2996 0.25 $2843 $3133 forward @7 unknown #
coedge $-1 -1 $-1 $3121 $2844 $2849 $2999 forward $264 $-1 #
coedge $-1 -1 $-1 $2844 $3134 $3130 $3135 forward $264 $-1 #
color-adesk-attrib $-1 -1 $-1 $-1 $2845 256 #
vertex $-1 -1 $-1 $2845 $3136 #
coedge $-1 -1 $-1 $3137 $2846 $3131 $3138 reversed $102 $-1 #
coedge $-1 -1 $-1 $2846 $3119 $2848 $2998 reversed $102 $-1 #
color-adesk-attrib $-1 -1 $-1 $-1 $2847 256 #
vertex $-1 -1 $-1 $3138 $3139 #
coedge $-1 -1 $-1 $2849 $2848 $3124 $3140 forward $2850 $-1 #
edge $3141 -1 $-1 $2852 0 $3142 0.3350401926004216713 $2848 $3143 forward @7 unknown #
edge $3144 -1 $-1 $2853 0 $3145 0.3350401926004216713 $2849 $3146 forward @7 unknown #
face $3147 -1 $-1 $3127 $2850 $8 $-1 $3148 forward single #
point $-1 -1 $-1 0.3000000000000020428 13.95615384615384613 -0.5 #
point $-1 -1 $-1 0.3000000000000020428 13.95615384615384613 0.5 #
point $-1 -1 $-1 0.3000000000000021538 14.98179487179487523 0.5 #
color-adesk-attrib $-1 -1 $-1 $-1 $2861 256 #
straight-curve $-1 -1 $-1 0.5146107499519894102 14.89719678088177446 0.5 -0.9330902171825534719 0.3596423870989281513 0 I I #
color-adesk-attrib $-1 -1 $-1 $-1 $2862 256 #
straight-curve $-1 -1 $-1 0.5146107499519894102 14.89719678088177446 -0.5 -0.9330902171825534719 0.3596423870989281513 0 F 0 F 0.2299999999999999822 #
color-adesk-attrib $-1 -1 $-1 $-1 $2863 256 #
plane-surface $-1 -1 $-1 0.5146107499519894102 14.89719678088177446 -0.5 0.3596423870989281513 0.9330902171825534719 0 -0.9330902171825534719 0.3596423870989281513 0 forward_v I I I I #
coedge $-1 -1 $-1 $2867 $2866 $2959 $3094 reversed $2827 $-1 #
coedge $-1 -1 $-1 $2960 $2959 $2870 $3012 reversed $2693 $-1 #
edge $3149 -1 $-1 $3123 0 $3014 0.3350401926004216713 $3011 $3150 forward @7 unknown #
color-adesk-attrib $-1 -1 $-1 $-1 $2871 256 #
vertex $-1 -1 $-1 $3094 $3151 #
straight-curve $-1 -1 $-1 0.5146107499519894102 14.55531643900143379 0.5 -0.9330902171825534719 0.3596423870989281513 0 I I #
color-adesk-attrib $-1 -1 $-1 $-1 $2874 256 #
vertex $-1 -1 $-1 $2874 $3152 #
straight-curve $-1 -1 $-1 0.5146107499519894102 14.55531643900143379 -0.5 -0.9330902171825534719 0.3596423870989281513 0 F 0 F 0.2299999999999999822 #
color-adesk-attrib $-1 -1 $-1 $-1 $2876 256 #
straight-curve $-1 -1 $-1 0.5146107499519894102 14.89719678088177446 -0.5 0 0 1 I I #
point $-1 -1 $-1 0.5146107499519894102 14.89719678088177446 -0.5 #
point $-1 -1 $-1 0.5146107499519894102 14.89719678088177446 0.5 #
color-adesk-attrib $-1 -1 $-1 $-1 $2890 256 #
face $3153 -1 $-1 $3154 $3155 $8 $-1 $3156 forward single #
loop $-1 -1 $-1 $-1 $3157 $2890 #
plane-surface $-1 -1 $-1 0.3000000000000005995 -9.975470085470085735 -0.5 0.7679145865167543716 -0.6405522522127310436 0 0.6405522522127310436 0.7679145865167543716 0 forward_v I I I I #
coedge $-1 -1 $-1 $3158 $3159 $3160 $3161 forward $2891 $-1 #
coedge $-1 -1 $-1 $3162 $2893 $3159 $3163 forward $2761 $-1 #
coedge $-1 -1 $-1 $2893 $3162 $3164 $3165 reversed $2761 $-1 #
coedge $-1 -1 $-1 $3166 $3160 $2893 $3031 reversed $102 $-1 #
edge $3167 -1 $-1 $3168 0 $3169 0.3350401926004216713 $2893 $3170 forward @7 unknown #
coedge $-1 -1 $-1 $2895 $2894 $3171 $3172 reversed $2627 $-1 #
coedge $-1 -1 $-1 $3173 $3174 $2894 $3034 forward $3175 $-1 #
edge $3176 -1 $-1 $3177 -0.75 $3037 0.25 $3033 $3178 forward @7 unknown #
coedge $-1 -1 $-1 $2896 $3179 $3173 $3180 forward $102 $-1 #
color-adesk-attrib $-1 -1 $-1 $-1 $2897 256 #
vertex $-1 -1 $-1 $2897 $3181 #
straight-curve $-1 -1 $-1 0.5146107499519878559 -11.08570920202420851 -0.5 -0.9330902171825534719 0.3596423870989281513 0 F 0 F 0.2299999999999999822 #
coedge $-1 -1 $-1 $3171 $3182 $2898 $3040 forward $264 $-1 #
edge $3183 -1 $-1 $3048 0 $3042 0.3350401926004216713 $2898 $3184 forward @7 unknown #
color-adesk-attrib $-1 -1 $-1 $-1 $2899 256 #
vertex $-1 -1 $-1 $2899 $3185 #
straight-curve $-1 -1 $-1 0.5146107499519878559 -11.08570920202420851 -0.5 0 0 1 I I #
coedge $-1 -1 $-1 $3186 $2900 $3182 $3187 reversed $3046 $-1 #
coedge $-1 -1 $-1 $2900 $3186 $2902 $3051 reversed $3046 $-1 #
loop $-1 -1 $-1 $-1 $2900 $3188 #
color-adesk-attrib $-1 -1 $-1 $-1 $2901 256 #
vertex $-1 -1 $-1 $3040 $3189 #
straight-curve $-1 -1 $-1 0.2999999999999998224 -11.3429914529914555 -0.25 0 0 1 I I #
coedge $-1 -1 $-1 $2915 $2902 $3190 $3191 reversed $102 $-1 #
edge $3192 -1 $-1 $2904 11.3429914529914555 $3193 11.34487179487179631 $3045 $277 forward @7 unknown #
point $-1 -1 $-1 0.3000000000000004885 -11.3429914529914555 -0.5 #
point $-1 -1 $-1 0.5146107499519878559 -11.08570920202420851 -0.5 #
coedge $-1 -1 $-1 $3194 $2907 $2910 $3058 forward $264 $-1 #
color-adesk-attrib $-1 -1 $-1 $-1 $2908 256 #
straight-curve $-1 -1 $-1 0.5146107499519877448 -11.76946988578488984 0.5 -0.9330902171825534719 0.3596423870989281513 0 I I #
coedge $-1 -1 $-1 $2910 $2909 $3195 $3196 forward $2911 $-1 #
edge $3197 -1 $-1 $2913 -11.68675213675213698 $3198 -11.68487179487179617 $2910 $352 forward @7 unknown #
face $3199 -1 $-1 $2660 $2911 $8 $-1 $354 reversed single #
point $-1 -1 $-1 0.3000000000000004885 -11.68675213675213698 0.5 #
coedge $-1 -1 $-1 $3200 $3195 $2915 $3062 forward $3201 $-1 #
edge $3202 -1 $-1 $3064 0 $3203 0.3350401926004216713 $3061 $3204 forward @7 unknown #
color-adesk-attrib $-1 -1 $-1 $-1 $2916 256 #
vertex $-1 -1 $-1 $2916 $3205 #
coedge $-1 -1 $-1 $2918 $2930 $3206 $3207 forward $264 $-1 #
coedge $-1 -1 $-1 $3206 $2926 $2922 $3067 reversed $3072 $-1 #
edge $3208 -1 $-1 $3069 -0.75 $2929 0.25 $2922 $3209 forward @7 unknown #
color-adesk-attrib $-1 -1 $-1 $-1 $2923 256 #
vertex $-1 -1 $-1 $2923 $3210 #
color-adesk-attrib $-1 -1 $-1 $-1 $2924 256 #
coedge $-1 -1 $-1 $2926 $3206 $2936 $3081 reversed $3072 $-1 #
loop $-1 -1 $-1 $-1 $2926 $3211 #
color-adesk-attrib $-1 -1 $-1 $-1 $2927 256 #
straight-curve $-1 -1 $-1 0.5146107499519877448 -12.11135022766523406 -0.5 -0.9330902171825534719 0.3596423870989281513 0 F 0 F 0.2299999999999999822 #
point $-1 -1 $-1 0.300000000000000433 -12.02863247863247409 -0.5 #
coedge $-1 -1 $-1 $2931 $2936 $2930 $3077 reversed $2937 $-1 #
edge $3212 -1 $-1 $2934 0 $3213 0.3350401926004216713 $3076 $3214 forward @7 unknown #
color-adesk-attrib $-1 -1 $-1 $-1 $2932 256 #
straight-curve $-1 -1 $-1 0.2999999999999998224 -12.36863247863247928 -0.25 0 0 1 I I #
point $-1 -1 $-1 0.300000000000000433 -12.3686324786324775 0.5 #
edge $3215 -1 $-1 $2939 0 $3213 1 $3071 $3216 forward @7 unknown #
face $3217 -1 $-1 $3211 $2937 $8 $-1 $3218 forward single #
point $-1 -1 $-1 0.5146107499519877448 -12.11135022766523406 -0.5 #
color-adesk-attrib $-1 -1 $-1 $-1 $2943 256 #
straight-curve $-1 -1 $-1 0.5146107499519876338 -12.79511091142591539 0.5 -0.9330902171825534719 0.3596423870989281513 0 I I #
color-adesk-attrib $-1 -1 $-1 $-1 $2947 256 #
plane-surface $-1 -1 $-1 0.5146107499519876338 -12.79511091142591539 -0.5 0.3596423870989281513 0.9330902171825534719 0 -0.9330902171825534719 0.3596423870989281513 0 forward_v I I I I #
point $-1 -1 $-1 0.5146107499519876338 -12.79511091142591539 0.5 #
color-adesk-attrib $-1 -1 $-1 $-1 $2956 256 #
face $3219 -1 $-1 $3220 $3221 $8 $-1 $3222 forward single #
loop $-1 -1 $-1 $-1 $3131 $2956 #
plane-surface $-1 -1 $-1 0.5146107499519892992 13.87155575524075246 -0.5 0.3596423870989281513 0.9330902171825534719 0 -0.9330902171825534719 0.3596423870989281513 0 forward_v I I I I #
coedge $-1 -1 $-1 $3223 $3224 $3137 $3225 forward $2957 $-1 #
edge $3226 -1 $-1 $3017 0 $3014 1 $3010 $3227 forward @7 unknown #
edge $3228 -1 $-1 $3097 -0.25 $3123 0.75 $2975 $3229 forward @7 unknown #
color-adesk-attrib $-1 -1 $-1 $-1 $2961 256 #
vertex $-1 -1 $-1 $2977 $3230 #
straight-curve $-1 -1 $-1 0.3000000000000020983 14.2980341880341868 -0.5 0.6405522522127310436 0.7679145865167543716 0 F 0 F 0.3350401926004216713 #
color-adesk-attrib $-1 -1 $-1 $-1 $2968 256 #
face $3231 -1 $-1 $3232 $3233 $8 $-1 $354 reversed single #
loop $-1 -1 $-1 $-1 $3234 $2968 #
coedge $-1 -1 $-1 $3235 $3236 $3237 $3238 forward $2969 $-1 #
coedge $-1 -1 $-1 $3239 $2970 $3240 $3241 reversed $2837 $-1 #
coedge $-1 -1 $-1 $2970 $3239 $3242 $3243 reversed $2837 $-1 #
coedge $-1 -1 $-1 $3244 $3245 $2970 $3106 reversed $3246 $-1 #
edge $3247 -1 $-1 $3248 -0.75 $3249 0.25 $2970 $3250 forward @7 unknown #
coedge $-1 -1 $-1 $2972 $2971 $3251 $3252 forward $2705 $-1 #
coedge $-1 -1 $-1 $3253 $3254 $2971 $3109 forward $264 $-1 #
edge $3255 -1 $-1 $3256 13.27051282051281689 $3117 13.2723931623931648 $2971 $352 forward @7 unknown #
coedge $-1 -1 $-1 $3257 $3258 $2972 $3111 forward $102 $-1 #
edge $3259 -1 $-1 $3116 -13.2723931623931648 $3260 -13.27051282051281689 $2972 $277 forward @7 unknown #
coedge $-1 -1 $-1 $3261 $2973 $3258 $3262 forward $3114 $-1 #
coedge $-1 -1 $-1 $2973 $3261 $3253 $3263 reversed $3114 $-1 #
loop $-1 -1 $-1 $-1 $3112 $3264 #
color-adesk-attrib $-1 -1 $-1 $-1 $2974 256 #
vertex $-1 -1 $-1 $3111 $3265 #
vertex $-1 -1 $-1 $3263 $3266 #
straight-curve $-1 -1 $-1 0.2999999999999998224 13.27239316239316302 -0.25 0 0 1 I I #
coedge $-1 -1 $-1 $2994 $2976 $2981 $3126 reversed $102 $-1 #
color-adesk-attrib $-1 -1 $-1 $-1 $2977 256 #
coedge $-1 -1 $-1 $2978 $2989 $2980 $3125 forward $264 $-1 #
color-adesk-attrib $-1 -1 $-1 $-1 $2979 256 #
vertex $-1 -1 $-1 $3012 $3267 #
coedge $-1 -1 $-1 $2981 $2980 $2997 $3140 reversed $2982 $-1 #
edge $3268 -1 $-1 $3145 0 $2984 0.2299999999999999822 $2980 $3269 forward @7 unknown #
edge $3270 -1 $-1 $3142 0 $2985 0.2299999999999999822 $2981 $3271 forward @7 unknown #
face $3272 -1 $-1 $2736 $2982 $8 $-1 $3273 forward single #
point $-1 -1 $-1 0.3000000000000020428 14.29615384615384599 0.5 #
point $-1 -1 $-1 0.3000000000000020428 14.29615384615384599 -0.5 #
coedge $-1 -1 $-1 $3274 $2987 $2990 $3135 reversed $3091 $-1 #
coedge $-1 -1 $-1 $2987 $3274 $2993 $3138 forward $3091 $-1 #
color-adesk-attrib $-1 -1 $-1 $-1 $2988 256 #
straight-curve $-1 -1 $-1 0.2999999999999998224 13.9542735042735071 -0.25 0 0 -1 I I #
coedge $-1 -1 $-1 $2990 $3242 $3275 $3276 forward $264 $-1 #
edge $3277 -1 $-1 $3278 0 $2992 0.2299999999999999822 $3130 $3279 forward @7 unknown #
point $-1 -1 $-1 0.3000000000000020428 13.95427350427350532 0.5 #
coedge $-1 -1 $-1 $3240 $2993 $3093 $3225 reversed $102 $-1 #
edge $3280 -1 $-1 $3281 0 $2996 0.2299999999999999822 $3131 $3282 forward @7 unknown #
point $-1 -1 $-1 0.3000000000000020428 13.95427350427350532 -0.5 #
edge $3283 -1 $-1 $3142 0 $3145 1 $3124 $3284 forward @7 unknown #
color-adesk-attrib $-1 -1 $-1 $-1 $2998 256 #
vertex $-1 -1 $-1 $3126 $3285 #
straight-curve $-1 -1 $-1 0.3000000000000020428 13.95615384615384613 -0.5 0.6405522522127310436 0.7679145865167543716 0 F 0 F 0.3350401926004216713 #
color-adesk-attrib $-1 -1 $-1 $-1 $2999 256 #
vertex $-1 -1 $-1 $3140 $3286 #
straight-curve $-1 -1 $-1 0.3000000000000020428 13.95615384615384613 0.5 0.6405522522127310436 0.7679145865167543716 0 I I #
color-adesk-attrib $-1 -1 $-1 $-1 $3000 256 #
plane-surface $-1 -1 $-1 0.3000000000000020428 13.95615384615384613 -0.5 0.7679145865167543716 -0.6405522522127310436 0 0.6405522522127310436 0.7679145865167543716 0 forward_v I I I I #
color-adesk-attrib $-1 -1 $-1 $-1 $3012 256 #
straight-curve $-1 -1 $-1 0.3000000000000020983 14.2980341880341868 0.5 0.6405522522127310436 0.7679145865167543716 0 I I #
point $-1 -1 $-1 0.5146107499519894102 14.55531643900143379 0.5 #
point $-1 -1 $-1 0.5146107499519894102 14.55531643900143379 -0.5 #
color-adesk-attrib $-1 -1 $-1 $-1 $3024 256 #
face $3287 -1 $-1 $3288 $3289 $8 $-1 $3290 forward single #
loop $-1 -1 $-1 $-1 $3291 $3024 #
plane-surface $-1 -1 $-1 0.5146107499519878559 -9.71818783450283874 -0.5 0.3596423870989281513 0.9330902171825534719 0 -0.9330902171825534719 0.3596423870989281513 0 forward_v I I I I #
coedge $-1 -1 $-1 $3292 $3293 $3294 $3295 forward $3025 $-1 #
coedge $-1 -1 $-1 $3296 $3027 $3297 $3298 reversed $2891 $-1 #
coedge $-1 -1 $-1 $3027 $3296 $3028 $3163 reversed $2891 $-1 #
coedge $-1 -1 $-1 $3030 $3299 $3027 $3161 reversed $102 $-1 #
edge $3300 -1 $-1 $3169 0 $3301 0.2299999999999999822 $3027 $3302 forward @7 unknown #
coedge $-1 -1 $-1 $3029 $3028 $3303 $3304 reversed $2761 $-1 #
edge $3305 -1 $-1 $3169 0 $3306 1 $3159 $3307 forward @7 unknown #
coedge $-1 -1 $-1 $3308 $3309 $3029 $3165 forward $3310 $-1 #
edge $3311 -1 $-1 $3168 -0.25 $3312 0.75 $3164 $3313 forward @7 unknown #
coedge $-1 -1 $-1 $3314 $3030 $3309 $3315 forward $102 $-1 #
color-adesk-attrib $-1 -1 $-1 $-1 $3031 256 #
vertex $-1 -1 $-1 $3315 $3316 #
vertex $-1 -1 $-1 $3161 $3317 #
straight-curve $-1 -1 $-1 0.300000000000000544 -10.65923076923076707 -0.5 0.6405522522127310436 0.7679145865167543716 0 F 0 F 0.3350401926004216713 #
coedge $-1 -1 $-1 $3318 $3039 $3032 $3172 forward $264 $-1 #
edge $3319 -1 $-1 $3042 0 $3177 0.2299999999999999822 $3032 $3320 forward @7 unknown #
coedge $-1 -1 $-1 $3321 $3033 $3035 $3180 reversed $3175 $-1 #
coedge $-1 -1 $-1 $3033 $3321 $3318 $3322 reversed $3175 $-1 #
loop $-1 -1 $-1 $-1 $3033 $3323 #
color-adesk-attrib $-1 -1 $-1 $-1 $3034 256 #
vertex $-1 -1 $-1 $3322 $3324 #
straight-curve $-1 -1 $-1 0.3000000000000000444 -11.00299145299145565 -0.25 0 0 -1 I I #
coedge $-1 -1 $-1 $3035 $3314 $3325 $3326 reversed $102 $-1 #
edge $3327 -1 $-1 $3328 11.00111111111111128 $3037 11.00299145299145565 $3173 $277 forward @7 unknown #
point $-1 -1 $-1 0.3000000000000004885 -11.00299145299145565 -0.5 #
coedge $-1 -1 $-1 $3039 $3329 $3044 $3187 forward $264 $-1 #
color-adesk-attrib $-1 -1 $-1 $-1 $3040 256 #
straight-curve $-1 -1 $-1 0.3000000000000004885 -11.3429914529914555 0.5 0.6405522522127310436 0.7679145865167543716 0 I I #
point $-1 -1 $-1 0.5146107499519878559 -11.08570920202420851 0.5 #
coedge $-1 -1 $-1 $3045 $3044 $3330 $3331 forward $3046 $-1 #
edge $3332 -1 $-1 $3333 -11.34487179487179631 $3048 -11.3429914529914555 $3044 $352 forward @7 unknown #
face $3334 -1 $-1 $3323 $3046 $8 $-1 $354 reversed single #
point $-1 -1 $-1 0.3000000000000004885 -11.3429914529914555 0.5 #
coedge $-1 -1 $-1 $3330 $3335 $3050 $3191 forward $3336 $-1 #
edge $3337 -1 $-1 $3203 0 $3193 0.2299999999999999822 $3190 $3338 forward @7 unknown #
color-adesk-attrib $-1 -1 $-1 $-1 $3051 256 #
vertex $-1 -1 $-1 $3191 $3339 #
coedge $-1 -1 $-1 $3329 $3054 $3340 $3341 forward $264 $-1 #
coedge $-1 -1 $-1 $3061 $3340 $3057 $3196 reversed $3201 $-1 #
edge $3342 -1 $-1 $3064 -0.25 $3198 0.75 $3057 $3343 forward @7 unknown #
color-adesk-attrib $-1 -1 $-1 $-1 $3058 256 #
vertex $-1 -1 $-1 $3341 $3344 #
color-adesk-attrib $-1 -1 $-1 $-1 $3059 256 #
coedge $-1 -1 $-1 $3340 $3061 $3335 $3345 forward $3201 $-1 #
loop $-1 -1 $-1 $-1 $3061 $3346 #
color-adesk-attrib $-1 -1 $-1 $-1 $3062 256 #
vertex $-1 -1 $-1 $3191 $3347 #
straight-curve $-1 -1 $-1 0.3000000000000004885 -11.68487179487179617 -0.5 0.6405522522127310436 0.7679145865167543716 0 F 0 F 0.3350401926004216713 #
point $-1 -1 $-1 0.3000000000000004885 -11.68487179487179617 -0.5 #
coedge $-1 -1 $-1 $3071 $3066 $3065 $3207 reversed $3072 $-1 #
edge $3348 -1 $-1 $3213 0 $3069 0.2299999999999999822 $3206 $3349 forward @7 unknown #
color-adesk-attrib $-1 -1 $-1 $-1 $3067 256 #
straight-curve $-1 -1 $-1 0.2999999999999998224 -12.0286324786324812 -0.25 0 0 -1 I I #
point $-1 -1 $-1 0.300000000000000433 -12.02863247863247409 0.5 #
face $3350 -1 $-1 $2818 $3072 $8 $-1 $3351 forward single #
color-adesk-attrib $-1 -1 $-1 $-1 $3077 256 #
vertex $-1 -1 $-1 $3081 $3352 #
straight-curve $-1 -1 $-1 0.300000000000000433 -12.3686324786324775 0.5 0.6405522522127310436 0.7679145865167543716 0 I I #
color-adesk-attrib $-1 -1 $-1 $-1 $3081 256 #
straight-curve $-1 -1 $-1 0.5146107499519877448 -12.11135022766523406 -0.5 0 0 1 I I #
color-adesk-attrib $-1 -1 $-1 $-1 $3082 256 #
plane-surface $-1 -1 $-1 0.300000000000000433 -12.3686324786324775 -0.5 0.7679145865167543716 -0.6405522522127310436 0 0.6405522522127310436 0.7679145865167543716 0 forward_v I I I I #
color-adesk-attrib $-1 -1 $-1 $-1 $3090 256 #
face $3353 -1 $-1 $3354 $3355 $8 $-1 $3356 forward single #
loop $-1 -1 $-1 $-1 $3357 $3090 #
plane-surface $-1 -1 $-1 0.3000000000000019873 12.93051282051281703 -0.5 0.7679145865167543716 -0.6405522522127310436 0 0.6405522522127310436 0.7679145865167543716 0 forward_v I I I I #
coedge $-1 -1 $-1 $3275 $3093 $3274 $3358 forward $2957 $-1 #
coedge $-1 -1 $-1 $3093 $3275 $3239 $3359 reversed $2957 $-1 #
edge $3360 -1 $-1 $3361 0 $3281 0.3350401926004216713 $3093 $3362 forward @7 unknown #
color-adesk-attrib $-1 -1 $-1 $-1 $3094 256 #
straight-curve $-1 -1 $-1 0.5146107499519894102 14.55531643900143379 -0.5 0 0 1 I I #
color-adesk-attrib $-1 -1 $-1 $-1 $3095 256 #
straight-curve $-1 -1 $-1 0.2999999999999998224 14.29803418803418325 -0.25 0 0 1 I I #
point $-1 -1 $-1 0.3000000000000020983 14.2980341880341868 -0.5 #
color-adesk-attrib $-1 -1 $-1 $-1 $3100 256 #
face $3363 -1 $-1 $3364 $3365 $8 $-1 $354 reversed single #
loop $-1 -1 $-1 $-1 $3366 $3100 #
coedge $-1 -1 $-1 $3367 $3368 $3369 $3370 forward $3101 $-1 #
coedge $-1 -1 $-1 $3371 $3102 $3372 $3373 reversed $2969 $-1 #
coedge $-1 -1 $-1 $3102 $3371 $3374 $3375 reversed $2969 $-1 #
coedge $-1 -1 $-1 $3376 $3377 $3102 $3238 reversed $3378 $-1 #
edge $3379 -1 $-1 $3380 -0.25 $3381 0.75 $3102 $3382 forward @7 unknown #
coedge $-1 -1 $-1 $3104 $3103 $3224 $3359 forward $2837 $-1 #
coedge $-1 -1 $-1 $3383 $3137 $3103 $3241 forward $102 $-1 #
edge $3384 -1 $-1 $3361 -13.61427350427350547 $3249 -13.61239316239316466 $3103 $277 forward @7 unknown #
coedge $-1 -1 $-1 $3134 $3385 $3104 $3243 forward $264 $-1 #
edge $3386 -1 $-1 $3248 13.61239316239316466 $3387 13.61427350427350547 $3104 $352 forward @7 unknown #
coedge $-1 -1 $-1 $3388 $3105 $3385 $3389 reversed $3246 $-1 #
coedge $-1 -1 $-1 $3105 $3388 $3383 $3390 forward $3246 $-1 #
loop $-1 -1 $-1 $-1 $3245 $3391 #
color-adesk-attrib $-1 -1 $-1 $-1 $3106 256 #
vertex $-1 -1 $-1 $3243 $3392 #
vertex $-1 -1 $-1 $3390 $3393 #
straight-curve $-1 -1 $-1 0.3000000000000002665 13.61239316239316643 -0.25 0 0 -1 I I #
coedge $-1 -1 $-1 $3394 $3395 $3107 $3252 reversed $3355 $-1 #
edge $3396 -1 $-1 $3256 -0.75 $3260 0.25 $3107 $3397 forward @7 unknown #
coedge $-1 -1 $-1 $3385 $3108 $3113 $3263 forward $264 $-1 #
coedge $-1 -1 $-1 $3108 $3398 $3394 $3399 forward $264 $-1 #
color-adesk-attrib $-1 -1 $-1 $-1 $3109 256 #
vertex $-1 -1 $-1 $3109 $3400 #
coedge $-1 -1 $-1 $3401 $3110 $3395 $3402 reversed $102 $-1 #
coedge $-1 -1 $-1 $3110 $3383 $3112 $3262 reversed $102 $-1 #
color-adesk-attrib $-1 -1 $-1 $-1 $3111 256 #
vertex $-1 -1 $-1 $3402 $3403 #
coedge $-1 -1 $-1 $3113 $3112 $3388 $3404 forward $3114 $-1 #
edge $3405 -1 $-1 $3116 0 $3406 0.3350401926004216713 $3112 $3407 forward @7 unknown #
edge $3408 -1 $-1 $3117 0 $3409 0.3350401926004216713 $3113 $3410 forward @7 unknown #
face $3411 -1 $-1 $3391 $3114 $8 $-1 $3412 forward single #
point $-1 -1 $-1 0.3000000000000020428 13.2723931623931648 -0.5 #
point $-1 -1 $-1 0.3000000000000020428 13.2723931623931648 0.5 #
point $-1 -1 $-1 0.3000000000000020983 14.2980341880341868 0.5 #
color-adesk-attrib $-1 -1 $-1 $-1 $3125 256 #
straight-curve $-1 -1 $-1 0.5146107499519894102 14.21343609712109313 0.5 -0.9330902171825534719 0.3596423870989281513 0 I I #
color-adesk-attrib $-1 -1 $-1 $-1 $3126 256 #
straight-curve $-1 -1 $-1 0.5146107499519894102 14.21343609712109313 -0.5 -0.9330902171825534719 0.3596423870989281513 0 F 0 F 0.2299999999999999822 #
color-adesk-attrib $-1 -1 $-1 $-1 $3127 256 #
plane-surface $-1 -1 $-1 0.5146107499519894102 14.21343609712109313 -0.5 0.3596423870989281513 0.9330902171825534719 0 -0.9330902171825534719 0.3596423870989281513 0 forward_v I I I I #
coedge $-1 -1 $-1 $3131 $3130 $3223 $3358 reversed $3091 $-1 #
coedge $-1 -1 $-1 $3224 $3223 $3134 $3276 reversed $2957 $-1 #
edge $3413 -1 $-1 $3387 0 $3278 0.3350401926004216713 $3275 $3414 forward @7 unknown #
color-adesk-attrib $-1 -1 $-1 $-1 $3135 256 #
vertex $-1 -1 $-1 $3358 $3415 #
straight-curve $-1 -1 $-1 0.5146107499519892992 13.87155575524075246 0.5 -0.9330902171825534719 0.3596423870989281513 0 I I #
color-adesk-attrib $-1 -1 $-1 $-1 $3138 256 #
vertex $-1 -1 $-1 $3138 $3416 #
straight-curve $-1 -1 $-1 0.5146107499519892992 13.87155575524075246 -0.5 -0.9330902171825534719 0.3596423870989281513 0 F 0 F 0.2299999999999999822 #
color-adesk-attrib $-1 -1 $-1 $-1 $3140 256 #
straight-curve $-1 -1 $-1 0.5146107499519894102 14.21343609712109313 -0.5 0 0 1 I I #
point $-1 -1 $-1 0.5146107499519894102 14.21343609712109313 -0.5 #
point $-1 -1 $-1 0.5146107499519894102 14.21343609712109313 0.5 #
color-adesk-attrib $-1 -1 $-1 $-1 $3154 256 #
face $3417 -1 $-1 $3418 $3419 $8 $-1 $3420 forward single #
loop $-1 -1 $-1 $-1 $3421 $3154 #
plane-surface $-1 -1 $-1 0.300000000000000655 -9.291709401709404403 -0.5 0.7679145865167543716 -0.6405522522127310436 0 0.6405522522127310436 0.7679145865167543716 0 forward_v I I I I #
coedge $-1 -1 $-1 $3422 $3423 $3424 $3425 forward $3155 $-1 #
coedge $-1 -1 $-1 $3426 $3157 $3423 $3427 forward $3025 $-1 #
coedge $-1 -1 $-1 $3157 $3426 $3428 $3429 reversed $3025 $-1 #
coedge $-1 -1 $-1 $3430 $3424 $3157 $3295 reversed $102 $-1 #
edge $3431 -1 $-1 $3432 0 $3433 0.3350401926004216713 $3157 $3434 forward @7 unknown #
coedge $-1 -1 $-1 $3159 $3158 $3435 $3436 reversed $2891 $-1 #
coedge $-1 -1 $-1 $3437 $3438 $3158 $3298 forward $3439 $-1 #
edge $3440 -1 $-1 $3441 -0.75 $3301 0.25 $3297 $3442 forward @7 unknown #
coedge $-1 -1 $-1 $3160 $3443 $3437 $3444 forward $102 $-1 #
color-adesk-attrib $-1 -1 $-1 $-1 $3161 256 #
vertex $-1 -1 $-1 $3161 $3445 #
straight-curve $-1 -1 $-1 0.5146107499519878559 -10.40194851826352007 -0.5 -0.9330902171825534719 0.3596423870989281513 0 F 0 F 0.2299999999999999822 #
coedge $-1 -1 $-1 $3435 $3446 $3162 $3304 forward $264 $-1 #
edge $3447 -1 $-1 $3312 0 $3306 0.3350401926004216713 $3162 $3448 forward @7 unknown #
color-adesk-attrib $-1 -1 $-1 $-1 $3163 256 #
vertex $-1 -1 $-1 $3163 $3449 #
straight-curve $-1 -1 $-1 0.5146107499519878559 -10.40194851826352007 -0.5 0 0 1 I I #
coedge $-1 -1 $-1 $3450 $3164 $3446 $3451 reversed $3310 $-1 #
coedge $-1 -1 $-1 $3164 $3450 $3166 $3315 reversed $3310 $-1 #
loop $-1 -1 $-1 $-1 $3164 $3452 #
color-adesk-attrib $-1 -1 $-1 $-1 $3165 256 #
vertex $-1 -1 $-1 $3304 $3453 #
straight-curve $-1 -1 $-1 0.2999999999999998224 -10.65923076923076707 -0.25 0 0 1 I I #
coedge $-1 -1 $-1 $3179 $3166 $3454 $3455 reversed $102 $-1 #
edge $3456 -1 $-1 $3168 10.65923076923076707 $3457 10.66111111111111143 $3309 $277 forward @7 unknown #
point $-1 -1 $-1 0.300000000000000544 -10.65923076923076707 -0.5 #
point $-1 -1 $-1 0.5146107499519878559 -10.40194851826352007 -0.5 #
coedge $-1 -1 $-1 $3458 $3171 $3174 $3322 forward $264 $-1 #
color-adesk-attrib $-1 -1 $-1 $-1 $3172 256 #
straight-curve $-1 -1 $-1 0.5146107499519878559 -11.08570920202420851 0.5 -0.9330902171825534719 0.3596423870989281513 0 I I #
coedge $-1 -1 $-1 $3174 $3173 $3459 $3460 forward $3175 $-1 #
edge $3461 -1 $-1 $3177 -11.00299145299145565 $3462 -11.00111111111111128 $3174 $352 forward @7 unknown #
face $3463 -1 $-1 $2924 $3175 $8 $-1 $354 reversed single #
point $-1 -1 $-1 0.3000000000000004885 -11.00299145299145565 0.5 #
coedge $-1 -1 $-1 $3464 $3459 $3179 $3326 forward $3465 $-1 #
edge $3466 -1 $-1 $3328 0 $3467 0.3350401926004216713 $3325 $3468 forward @7 unknown #
color-adesk-attrib $-1 -1 $-1 $-1 $3180 256 #
vertex $-1 -1 $-1 $3180 $3469 #
coedge $-1 -1 $-1 $3182 $3194 $3470 $3471 forward $264 $-1 #
coedge $-1 -1 $-1 $3470 $3190 $3186 $3331 reversed $3336 $-1 #
edge $3472 -1 $-1 $3333 -0.75 $3193 0.25 $3186 $3473 forward @7 unknown #
color-adesk-attrib $-1 -1 $-1 $-1 $3187 256 #
vertex $-1 -1 $-1 $3187 $3474 #
color-adesk-attrib $-1 -1 $-1 $-1 $3188 256 #
coedge $-1 -1 $-1 $3190 $3470 $3200 $3345 reversed $3336 $-1 #
loop $-1 -1 $-1 $-1 $3190 $3475 #
color-adesk-attrib $-1 -1 $-1 $-1 $3191 256 #
straight-curve $-1 -1 $-1 0.5146107499519877448 -11.42758954390454917 -0.5 -0.9330902171825534719 0.3596423870989281513 0 F 0 F 0.2299999999999999822 #
point $-1 -1 $-1 0.3000000000000004885 -11.34487179487179631 -0.5 #
coedge $-1 -1 $-1 $3195 $3200 $3194 $3341 reversed $3201 $-1 #
edge $3476 -1 $-1 $3198 0 $3477 0.3350401926004216713 $3340 $3478 forward @7 unknown #
color-adesk-attrib $-1 -1 $-1 $-1 $3196 256 #
straight-curve $-1 -1 $-1 0.3000000000000002665 -11.68487179487179617 -0.25 0 0 1 I I #
point $-1 -1 $-1 0.3000000000000004885 -11.68487179487179617 0.5 #
edge $3479 -1 $-1 $3203 0 $3477 1 $3335 $3480 forward @7 unknown #
face $3481 -1 $-1 $3475 $3201 $8 $-1 $3482 forward single #
point $-1 -1 $-1 0.5146107499519877448 -11.42758954390454917 -0.5 #
color-adesk-attrib $-1 -1 $-1 $-1 $3207 256 #
straight-curve $-1 -1 $-1 0.5146107499519877448 -12.11135022766523406 0.5 -0.9330902171825534719 0.3596423870989281513 0 I I #
color-adesk-attrib $-1 -1 $-1 $-1 $3211 256 #
plane-surface $-1 -1 $-1 0.5146107499519877448 -12.11135022766523406 -0.5 0.3596423870989281513 0.9330902171825534719 0 -0.9330902171825534719 0.3596423870989281513 0 forward_v I I I I #
point $-1 -1 $-1 0.5146107499519877448 -12.11135022766523406 0.5 #
color-adesk-attrib $-1 -1 $-1 $-1 $3220 256 #
face $3483 -1 $-1 $3484 $3485 $8 $-1 $3486 forward single #
loop $-1 -1 $-1 $-1 $3395 $3220 #
plane-surface $-1 -1 $-1 0.5146107499519892992 13.18779507148006402 -0.5 0.3596423870989281513 0.9330902171825534719 0 -0.9330902171825534719 0.3596423870989281513 0 forward_v I I I I #
coedge $-1 -1 $-1 $3487 $3488 $3401 $3489 forward $3221 $-1 #
edge $3490 -1 $-1 $3281 0 $3278 1 $3274 $3491 forward @7 unknown #
edge $3492 -1 $-1 $3361 -0.25 $3387 0.75 $3239 $3493 forward @7 unknown #
color-adesk-attrib $-1 -1 $-1 $-1 $3225 256 #
vertex $-1 -1 $-1 $3241 $3494 #
straight-curve $-1 -1 $-1 0.3000000000000020428 13.61427350427350547 -0.5 0.6405522522127310436 0.7679145865167543716 0 F 0 F 0.3350401926004216713 #
color-adesk-attrib $-1 -1 $-1 $-1 $3232 256 #
face $3495 -1 $-1 $3496 $3497 $8 $-1 $354 reversed single #
loop $-1 -1 $-1 $-1 $3498 $3232 #
coedge $-1 -1 $-1 $3499 $3500 $3501 $3502 forward $3233 $-1 #
coedge $-1 -1 $-1 $3503 $3234 $3504 $3505 reversed $3101 $-1 #
coedge $-1 -1 $-1 $3234 $3503 $3506 $3507 reversed $3101 $-1 #
coedge $-1 -1 $-1 $3508 $3509 $3234 $3370 reversed $3510 $-1 #
edge $3511 -1 $-1 $3512 -0.75 $3513 0.25 $3234 $3514 forward @7 unknown #
coedge $-1 -1 $-1 $3236 $3235 $3515 $3516 forward $2969 $-1 #
coedge $-1 -1 $-1 $3517 $3518 $3235 $3373 forward $264 $-1 #
edge $3519 -1 $-1 $3520 12.58675213675213556 $3381 12.58863247863247636 $3235 $352 forward @7 unknown #
coedge $-1 -1 $-1 $3521 $3522 $3236 $3375 forward $102 $-1 #
edge $3523 -1 $-1 $3380 -12.58863247863247636 $3524 -12.58675213675213556 $3236 $277 forward @7 unknown #
coedge $-1 -1 $-1 $3525 $3237 $3522 $3526 forward $3378 $-1 #
coedge $-1 -1 $-1 $3237 $3525 $3517 $3527 reversed $3378 $-1 #
loop $-1 -1 $-1 $-1 $3376 $3528 #
color-adesk-attrib $-1 -1 $-1 $-1 $3238 256 #
vertex $-1 -1 $-1 $3375 $3529 #
vertex $-1 -1 $-1 $3527 $3530 #
straight-curve $-1 -1 $-1 0.2999999999999998224 12.58863247863247281 -0.25 0 0 1 I I #
coedge $-1 -1 $-1 $3258 $3240 $3245 $3390 reversed $102 $-1 #
color-adesk-attrib $-1 -1 $-1 $-1 $3241 256 #
coedge $-1 -1 $-1 $3242 $3253 $3244 $3389 forward $264 $-1 #
color-adesk-attrib $-1 -1 $-1 $-1 $3243 256 #
vertex $-1 -1 $-1 $3276 $3531 #
coedge $-1 -1 $-1 $3245 $3244 $3261 $3404 reversed $3246 $-1 #
edge $3532 -1 $-1 $3409 0 $3248 0.2299999999999999822 $3244 $3533 forward @7 unknown #
edge $3534 -1 $-1 $3406 0 $3249 0.2299999999999999822 $3245 $3535 forward @7 unknown #
face $3536 -1 $-1 $3000 $3246 $8 $-1 $3537 forward single #
point $-1 -1 $-1 0.3000000000000020428 13.61239316239316466 0.5 #
point $-1 -1 $-1 0.3000000000000020428 13.61239316239316466 -0.5 #
coedge $-1 -1 $-1 $3538 $3251 $3254 $3399 reversed $3355 $-1 #
coedge $-1 -1 $-1 $3251 $3538 $3257 $3402 forward $3355 $-1 #
color-adesk-attrib $-1 -1 $-1 $-1 $3252 256 #
straight-curve $-1 -1 $-1 0.3000000000000002665 13.27051282051281866 -0.25 0 0 -1 I I #
coedge $-1 -1 $-1 $3254 $3506 $3539 $3540 forward $264 $-1 #
edge $3541 -1 $-1 $3542 0 $3256 0.2299999999999999822 $3394 $3543 forward @7 unknown #
point $-1 -1 $-1 0.3000000000000019873 13.27051282051281689 0.5 #
coedge $-1 -1 $-1 $3504 $3257 $3357 $3489 reversed $102 $-1 #
edge $3544 -1 $-1 $3545 0 $3260 0.2299999999999999822 $3395 $3546 forward @7 unknown #
point $-1 -1 $-1 0.3000000000000019873 13.27051282051281689 -0.5 #
edge $3547 -1 $-1 $3406 0 $3409 1 $3388 $3548 forward @7 unknown #
color-adesk-attrib $-1 -1 $-1 $-1 $3262 256 #
vertex $-1 -1 $-1 $3390 $3549 #
straight-curve $-1 -1 $-1 0.3000000000000020428 13.2723931623931648 -0.5 0.6405522522127310436 0.7679145865167543716 0 F 0 F 0.3350401926004216713 #
color-adesk-attrib $-1 -1 $-1 $-1 $3263 256 #
vertex $-1 -1 $-1 $3404 $3550 #
straight-curve $-1 -1 $-1 0.3000000000000020428 13.2723931623931648 0.5 0.6405522522127310436 0.7679145865167543716 0 I I #
color-adesk-attrib $-1 -1 $-1 $-1 $3264 256 #
plane-surface $-1 -1 $-1 0.3000000000000020428 13.2723931623931648 -0.5 0.7679145865167543716 -0.6405522522127310436 0 0.6405522522127310436 0.7679145865167543716 0 forward_v I I I I #
color-adesk-attrib $-1 -1 $-1 $-1 $3276 256 #
straight-curve $-1 -1 $-1 0.3000000000000020428 13.61427350427350547 0.5 0.6405522522127310436 0.7679145865167543716 0 I I #
point $-1 -1 $-1 0.5146107499519892992 13.87155575524075246 0.5 #
point $-1 -1 $-1 0.5146107499519892992 13.87155575524075246 -0.5 #
color-adesk-attrib $-1 -1 $-1 $-1 $3288 256 #
face $3551 -1 $-1 $3552 $3553 $8 $-1 $3554 forward single #
loop $-1 -1 $-1 $-1 $3555 $3288 #
plane-surface $-1 -1 $-1 0.5146107499519878559 -9.034427150742157409 -0.5 0.3596423870989281513 0.9330902171825534719 0 -0.9330902171825534719 0.3596423870989281513 0 forward_v I I I I #
coedge $-1 -1 $-1 $3556 $3557 $3558 $3559 forward $3289 $-1 #
coedge $-1 -1 $-1 $3560 $3291 $3561 $3562 reversed $3155 $-1 #
coedge $-1 -1 $-1 $3291 $3560 $3292 $3427 reversed $3155 $-1 #
coedge $-1 -1 $-1 $3294 $3563 $3291 $3425 reversed $102 $-1 #
edge $3564 -1 $-1 $3433 0 $3565 0.2299999999999999822 $3291 $3566 forward @7 unknown #
coedge $-1 -1 $-1 $3293 $3292 $3567 $3568 reversed $3025 $-1 #
edge $3569 -1 $-1 $3433 0 $3570 1 $3423 $3571 forward @7 unknown #
coedge $-1 -1 $-1 $3572 $3573 $3293 $3429 forward $3574 $-1 #
edge $3575 -1 $-1 $3432 -0.25 $3576 0.75 $3428 $3577 forward @7 unknown #
coedge $-1 -1 $-1 $3578 $3294 $3573 $3579 forward $102 $-1 #
color-adesk-attrib $-1 -1 $-1 $-1 $3295 256 #
vertex $-1 -1 $-1 $3579 $3580 #
vertex $-1 -1 $-1 $3425 $3581 #
straight-curve $-1 -1 $-1 0.3000000000000005995 -9.975470085470085735 -0.5 0.6405522522127310436 0.7679145865167543716 0 F 0 F 0.3350401926004216713 #
coedge $-1 -1 $-1 $3582 $3303 $3296 $3436 forward $264 $-1 #
edge $3583 -1 $-1 $3306 0 $3441 0.2299999999999999822 $3296 $3584 forward @7 unknown #
coedge $-1 -1 $-1 $3585 $3297 $3299 $3444 reversed $3439 $-1 #
coedge $-1 -1 $-1 $3297 $3585 $3582 $3586 reversed $3439 $-1 #
loop $-1 -1 $-1 $-1 $3297 $3587 #
color-adesk-attrib $-1 -1 $-1 $-1 $3298 256 #
vertex $-1 -1 $-1 $3586 $3588 #
straight-curve $-1 -1 $-1 0.3000000000000000444 -10.31923076923076543 -0.25 0 0 -1 I I #
coedge $-1 -1 $-1 $3299 $3578 $3589 $3590 reversed $102 $-1 #
edge $3591 -1 $-1 $3592 10.3173504273504264 $3301 10.31923076923076721 $3437 $277 forward @7 unknown #
point $-1 -1 $-1 0.300000000000000544 -10.31923076923076721 -0.5 #
coedge $-1 -1 $-1 $3303 $3593 $3308 $3451 forward $264 $-1 #
color-adesk-attrib $-1 -1 $-1 $-1 $3304 256 #
straight-curve $-1 -1 $-1 0.300000000000000544 -10.65923076923076707 0.5 0.6405522522127310436 0.7679145865167543716 0 I I #
point $-1 -1 $-1 0.5146107499519878559 -10.40194851826352007 0.5 #
coedge $-1 -1 $-1 $3309 $3308 $3594 $3595 forward $3310 $-1 #
edge $3596 -1 $-1 $3597 -10.66111111111111143 $3312 -10.65923076923076707 $3308 $352 forward @7 unknown #
face $3598 -1 $-1 $3587 $3310 $8 $-1 $354 reversed single #
point $-1 -1 $-1 0.300000000000000544 -10.65923076923076707 0.5 #
coedge $-1 -1 $-1 $3594 $3599 $3314 $3455 forward $3600 $-1 #
edge $3601 -1 $-1 $3467 0 $3457 0.2299999999999999822 $3454 $3602 forward @7 unknown #
color-adesk-attrib $-1 -1 $-1 $-1 $3315 256 #
vertex $-1 -1 $-1 $3455 $3603 #
coedge $-1 -1 $-1 $3593 $3318 $3604 $3605 forward $264 $-1 #
coedge $-1 -1 $-1 $3325 $3604 $3321 $3460 reversed $3465 $-1 #
edge $3606 -1 $-1 $3328 -0.25 $3462 0.75 $3321 $3607 forward @7 unknown #
color-adesk-attrib $-1 -1 $-1 $-1 $3322 256 #
vertex $-1 -1 $-1 $3605 $3608 #
color-adesk-attrib $-1 -1 $-1 $-1 $3323 256 #
coedge $-1 -1 $-1 $3604 $3325 $3599 $3609 forward $3465 $-1 #
loop $-1 -1 $-1 $-1 $3325 $3610 #
color-adesk-attrib $-1 -1 $-1 $-1 $3326 256 #
vertex $-1 -1 $-1 $3455 $3611 #
straight-curve $-1 -1 $-1 0.300000000000000544 -11.00111111111111128 -0.5 0.6405522522127310436 0.7679145865167543716 0 F 0 F 0.3350401926004216713 #
point $-1 -1 $-1 0.300000000000000544 -11.00111111111111128 -0.5 #
coedge $-1 -1 $-1 $3335 $3330 $3329 $3471 reversed $3336 $-1 #
edge $3612 -1 $-1 $3477 0 $3333 0.2299999999999999822 $3470 $3613 forward @7 unknown #
color-adesk-attrib $-1 -1 $-1 $-1 $3331 256 #
straight-curve $-1 -1 $-1 0.2999999999999998224 -11.34487179487179809 -0.25 0 0 -1 I I #
point $-1 -1 $-1 0.3000000000000004885 -11.34487179487179631 0.5 #
face $3614 -1 $-1 $3082 $3336 $8 $-1 $3615 forward single #
color-adesk-attrib $-1 -1 $-1 $-1 $3341 256 #
vertex $-1 -1 $-1 $3345 $3616 #
straight-curve $-1 -1 $-1 0.3000000000000004885 -11.68487179487179617 0.5 0.6405522522127310436 0.7679145865167543716 0 I I #
color-adesk-attrib $-1 -1 $-1 $-1 $3345 256 #
straight-curve $-1 -1 $-1 0.5146107499519877448 -11.42758954390454917 -0.5 0 0 1 I I #
color-adesk-attrib $-1 -1 $-1 $-1 $3346 256 #
plane-surface $-1 -1 $-1 0.3000000000000004885 -11.68487179487179617 -0.5 0.7679145865167543716 -0.6405522522127310436 0 0.6405522522127310436 0.7679145865167543716 0 forward_v I I I I #
color-adesk-attrib $-1 -1 $-1 $-1 $3354 256 #
face $3617 -1 $-1 $3618 $3619 $8 $-1 $3620 forward single #
loop $-1 -1 $-1 $-1 $3621 $3354 #
plane-surface $-1 -1 $-1 0.3000000000000019318 12.2467521367521357 -0.5 0.7679145865167543716 -0.6405522522127310436 0 0.6405522522127310436 0.7679145865167543716 0 forward_v I I I I #
coedge $-1 -1 $-1 $3539 $3357 $3538 $3622 forward $3221 $-1 #
coedge $-1 -1 $-1 $3357 $3539 $3503 $3623 reversed $3221 $-1 #
edge $3624 -1 $-1 $3625 0 $3545 0.3350401926004216713 $3357 $3626 forward @7 unknown #
color-adesk-attrib $-1 -1 $-1 $-1 $3358 256 #
straight-curve $-1 -1 $-1 0.5146107499519892992 13.87155575524075246 -0.5 0 0 1 I I #
color-adesk-attrib $-1 -1 $-1 $-1 $3359 256 #
straight-curve $-1 -1 $-1 0.2999999999999993783 13.61427350427350369 -0.25 0 0 1 I I #
point $-1 -1 $-1 0.3000000000000020428 13.61427350427350547 -0.5 #
color-adesk-attrib $-1 -1 $-1 $-1 $3364 256 #
face $3627 -1 $-1 $3628 $3629 $8 $-1 $354 reversed single #
loop $-1 -1 $-1 $-1 $3630 $3364 #
coedge $-1 -1 $-1 $3631 $3632 $3633 $3634 forward $3365 $-1 #
coedge $-1 -1 $-1 $3635 $3366 $3636 $3637 reversed $3233 $-1 #
coedge $-1 -1 $-1 $3366 $3635 $3638 $3639 reversed $3233 $-1 #
coedge $-1 -1 $-1 $3640 $3641 $3366 $3502 reversed $3642 $-1 #
edge $3643 -1 $-1 $3644 -0.25 $3645 0.75 $3366 $3646 forward @7 unknown #
coedge $-1 -1 $-1 $3368 $3367 $3488 $3623 forward $3101 $-1 #
coedge $-1 -1 $-1 $3647 $3401 $3367 $3505 forward $102 $-1 #
edge $3648 -1 $-1 $3625 -12.93051282051281703 $3513 -12.92863247863247622 $3367 $277 forward @7 unknown #
coedge $-1 -1 $-1 $3398 $3649 $3368 $3507 forward $264 $-1 #
edge $3650 -1 $-1 $3512 12.92863247863247622 $3651 12.93051282051281703 $3368 $352 forward @7 unknown #
coedge $-1 -1 $-1 $3652 $3369 $3649 $3653 reversed $3510 $-1 #
coedge $-1 -1 $-1 $3369 $3652 $3647 $3654 forward $3510 $-1 #
loop $-1 -1 $-1 $-1 $3509 $3655 #
color-adesk-attrib $-1 -1 $-1 $-1 $3370 256 #
vertex $-1 -1 $-1 $3507 $3656 #
vertex $-1 -1 $-1 $3654 $3657 #
straight-curve $-1 -1 $-1 0.2999999999999998224 12.928632478632478 -0.25 0 0 -1 I I #
coedge $-1 -1 $-1 $3658 $3659 $3371 $3516 reversed $3619 $-1 #
edge $3660 -1 $-1 $3520 -0.75 $3524 0.25 $3371 $3661 forward @7 unknown #
coedge $-1 -1 $-1 $3649 $3372 $3377 $3527 forward $264 $-1 #
coedge $-1 -1 $-1 $3372 $3662 $3658 $3663 forward $264 $-1 #
color-adesk-attrib $-1 -1 $-1 $-1 $3373 256 #
vertex $-1 -1 $-1 $3373 $3664 #
coedge $-1 -1 $-1 $3665 $3374 $3659 $3666 reversed $102 $-1 #
coedge $-1 -1 $-1 $3374 $3647 $3376 $3526 reversed $102 $-1 #
color-adesk-attrib $-1 -1 $-1 $-1 $3375 256 #
vertex $-1 -1 $-1 $3666 $3667 #
coedge $-1 -1 $-1 $3377 $3376 $3652 $3668 forward $3378 $-1 #
edge $3669 -1 $-1 $3380 0 $3670 0.3350401926004216713 $3376 $3671 forward @7 unknown #
edge $3672 -1 $-1 $3381 0 $3673 0.3350401926004216713 $3377 $3674 forward @7 unknown #
face $3675 -1 $-1 $3655 $3378 $8 $-1 $3676 forward single #
point $-1 -1 $-1 0.3000000000000019873 12.58863247863247636 -0.5 #
point $-1 -1 $-1 0.3000000000000019873 12.58863247863247636 0.5 #
point $-1 -1 $-1 0.3000000000000020428 13.61427350427350547 0.5 #
color-adesk-attrib $-1 -1 $-1 $-1 $3389 256 #
straight-curve $-1 -1 $-1 0.5146107499519892992 13.5296754133604118 0.5 -0.9330902171825534719 0.3596423870989281513 0 I I #
color-adesk-attrib $-1 -1 $-1 $-1 $3390 256 #
straight-curve $-1 -1 $-1 0.5146107499519892992 13.5296754133604118 -0.5 -0.9330902171825534719 0.3596423870989281513 0 F 0 F 0.2299999999999999822 #
color-adesk-attrib $-1 -1 $-1 $-1 $3391 256 #
plane-surface $-1 -1 $-1 0.5146107499519892992 13.5296754133604118 -0.5 0.3596423870989281513 0.9330902171825534719 0 -0.9330902171825534719 0.3596423870989281513 0 forward_v I I I I #
coedge $-1 -1 $-1 $3395 $3394 $3487 $3622 reversed $3355 $-1 #
coedge $-1 -1 $-1 $3488 $3487 $3398 $3540 reversed $3221 $-1 #
edge $3677 -1 $-1 $3651 0 $3542 0.3350401926004216713 $3539 $3678 forward @7 unknown #
color-adesk-attrib $-1 -1 $-1 $-1 $3399 256 #
vertex $-1 -1 $-1 $3622 $3679 #
straight-curve $-1 -1 $-1 0.5146107499519892992 13.18779507148006402 0.5 -0.9330902171825534719 0.3596423870989281513 0 I I #
color-adesk-attrib $-1 -1 $-1 $-1 $3402 256 #
vertex $-1 -1 $-1 $3402 $3680 #
straight-curve $-1 -1 $-1 0.5146107499519892992 13.18779507148006402 -0.5 -0.9330902171825534719 0.3596423870989281513 0 F 0 F 0.2299999999999999822 #
color-adesk-attrib $-1 -1 $-1 $-1 $3404 256 #
straight-curve $-1 -1 $-1 0.5146107499519892992 13.5296754133604118 -0.5 0 0 1 I I #
point $-1 -1 $-1 0.5146107499519892992 13.5296754133604118 -0.5 #
point $-1 -1 $-1 0.5146107499519892992 13.5296754133604118 0.5 #
color-adesk-attrib $-1 -1 $-1 $-1 $3418 256 #
face $3681 -1 $-1 $3682 $3683 $8 $-1 $3684 forward single #
loop $-1 -1 $-1 $-1 $3685 $3418 #
plane-surface $-1 -1 $-1 0.3000000000000007105 -8.607948717948715966 -0.5 0.7679145865167543716 -0.6405522522127310436 0 0.6405522522127310436 0.7679145865167543716 0 forward_v I I I I #
coedge $-1 -1 $-1 $3686 $3687 $3688 $3689 forward $3419 $-1 #
coedge $-1 -1 $-1 $3690 $3421 $3687 $3691 forward $3289 $-1 #
coedge $-1 -1 $-1 $3421 $3690 $3692 $3693 reversed $3289 $-1 #
coedge $-1 -1 $-1 $3694 $3688 $3421 $3559 reversed $102 $-1 #
edge $3695 -1 $-1 $3696 0 $3697 0.3350401926004216713 $3421 $3698 forward @7 unknown #
coedge $-1 -1 $-1 $3423 $3422 $3699 $3700 reversed $3155 $-1 #
coedge $-1 -1 $-1 $3701 $3702 $3422 $3562 forward $3703 $-1 #
edge $3704 -1 $-1 $3705 -0.75 $3565 0.25 $3561 $3706 forward @7 unknown #
coedge $-1 -1 $-1 $3424 $3707 $3701 $3708 forward $102 $-1 #
color-adesk-attrib $-1 -1 $-1 $-1 $3425 256 #
vertex $-1 -1 $-1 $3425 $3709 #
straight-curve $-1 -1 $-1 0.5146107499519878559 -9.71818783450283874 -0.5 -0.9330902171825534719 0.3596423870989281513 0 F 0 F 0.2299999999999999822 #
coedge $-1 -1 $-1 $3699 $3710 $3426 $3568 forward $264 $-1 #
edge $3711 -1 $-1 $3576 0 $3570 0.3350401926004216713 $3426 $3712 forward @7 unknown #
color-adesk-attrib $-1 -1 $-1 $-1 $3427 256 #
vertex $-1 -1 $-1 $3427 $3713 #
straight-curve $-1 -1 $-1 0.5146107499519878559 -9.71818783450283874 -0.5 0 0 1 I I #
coedge $-1 -1 $-1 $3714 $3428 $3710 $3715 reversed $3574 $-1 #
coedge $-1 -1 $-1 $3428 $3714 $3430 $3579 reversed $3574 $-1 #
loop $-1 -1 $-1 $-1 $3428 $3716 #
color-adesk-attrib $-1 -1 $-1 $-1 $3429 256 #
vertex $-1 -1 $-1 $3568 $3717 #
straight-curve $-1 -1 $-1 0.2999999999999998224 -9.975470085470087511 -0.25 0 0 1 I I #
coedge $-1 -1 $-1 $3443 $3430 $3718 $3719 reversed $102 $-1 #
edge $3720 -1 $-1 $3432 9.975470085470085735 $3721 9.977350427350426543 $3573 $277 forward @7 unknown #
point $-1 -1 $-1 0.3000000000000005995 -9.975470085470085735 -0.5 #
point $-1 -1 $-1 0.5146107499519878559 -9.71818783450283874 -0.5 #
coedge $-1 -1 $-1 $3722 $3435 $3438 $3586 forward $264 $-1 #
color-adesk-attrib $-1 -1 $-1 $-1 $3436 256 #
straight-curve $-1 -1 $-1 0.5146107499519878559 -10.40194851826352007 0.5 -0.9330902171825534719 0.3596423870989281513 0 I I #
coedge $-1 -1 $-1 $3438 $3437 $3723 $3724 forward $3439 $-1 #
edge $3725 -1 $-1 $3441 -10.31923076923076721 $3726 -10.3173504273504264 $3438 $352 forward @7 unknown #
face $3727 -1 $-1 $3188 $3439 $8 $-1 $354 reversed single #
point $-1 -1 $-1 0.300000000000000544 -10.31923076923076721 0.5 #
coedge $-1 -1 $-1 $3728 $3723 $3443 $3590 forward $3729 $-1 #
edge $3730 -1 $-1 $3592 0 $3731 0.3350401926004216713 $3589 $3732 forward @7 unknown #
color-adesk-attrib $-1 -1 $-1 $-1 $3444 256 #
vertex $-1 -1 $-1 $3444 $3733 #
coedge $-1 -1 $-1 $3446 $3458 $3734 $3735 forward $264 $-1 #
coedge $-1 -1 $-1 $3734 $3454 $3450 $3595 reversed $3600 $-1 #
edge $3736 -1 $-1 $3597 -0.75 $3457 0.25 $3450 $3737 forward @7 unknown #
color-adesk-attrib $-1 -1 $-1 $-1 $3451 256 #
vertex $-1 -1 $-1 $3451 $3738 #
color-adesk-attrib $-1 -1 $-1 $-1 $3452 256 #
coedge $-1 -1 $-1 $3454 $3734 $3464 $3609 reversed $3600 $-1 #
loop $-1 -1 $-1 $-1 $3454 $3739 #
color-adesk-attrib $-1 -1 $-1 $-1 $3455 256 #
straight-curve $-1 -1 $-1 0.5146107499519878559 -10.74382886014386429 -0.5 -0.9330902171825534719 0.3596423870989281513 0 F 0 F 0.2299999999999999822 #
point $-1 -1 $-1 0.300000000000000544 -10.66111111111111143 -0.5 #
coedge $-1 -1 $-1 $3459 $3464 $3458 $3605 reversed $3465 $-1 #
edge $3740 -1 $-1 $3462 0 $3741 0.3350401926004216713 $3604 $3742 forward @7 unknown #
color-adesk-attrib $-1 -1 $-1 $-1 $3460 256 #
straight-curve $-1 -1 $-1 0.2999999999999998224 -11.00111111111111128 -0.25 0 0 1 I I #
point $-1 -1 $-1 0.300000000000000544 -11.00111111111111128 0.5 #
edge $3743 -1 $-1 $3467 0 $3741 1 $3599 $3744 forward @7 unknown #
face $3745 -1 $-1 $3739 $3465 $8 $-1 $3746 forward single #
point $-1 -1 $-1 0.5146107499519878559 -10.74382886014386429 -0.5 #
color-adesk-attrib $-1 -1 $-1 $-1 $3471 256 #
straight-curve $-1 -1 $-1 0.5146107499519877448 -11.42758954390454917 0.5 -0.9330902171825534719 0.3596423870989281513 0 I I #
color-adesk-attrib $-1 -1 $-1 $-1 $3475 256 #
plane-surface $-1 -1 $-1 0.5146107499519877448 -11.42758954390454917 -0.5 0.3596423870989281513 0.9330902171825534719 0 -0.9330902171825534719 0.3596423870989281513 0 forward_v I I I I #
point $-1 -1 $-1 0.5146107499519877448 -11.42758954390454917 0.5 #
color-adesk-attrib $-1 -1 $-1 $-1 $3484 256 #
face $3747 -1 $-1 $3748 $3749 $8 $-1 $3750 forward single #
loop $-1 -1 $-1 $-1 $3659 $3484 #
plane-surface $-1 -1 $-1 0.5146107499519891881 12.50403438771938269 -0.5 0.3596423870989281513 0.9330902171825534719 0 -0.9330902171825534719 0.3596423870989281513 0 forward_v I I I I #
coedge $-1 -1 $-1 $3751 $3752 $3665 $3753 forward $3485 $-1 #
edge $3754 -1 $-1 $3545 0 $3542 1 $3538 $3755 forward @7 unknown #
edge $3756 -1 $-1 $3625 -0.25 $3651 0.75 $3503 $3757 forward @7 unknown #
color-adesk-attrib $-1 -1 $-1 $-1 $3489 256 #
vertex $-1 -1 $-1 $3505 $3758 #
straight-curve $-1 -1 $-1 0.3000000000000019873 12.93051282051281703 -0.5 0.6405522522127310436 0.7679145865167543716 0 F 0 F 0.3350401926004216713 #
color-adesk-attrib $-1 -1 $-1 $-1 $3496 256 #
face $3759 -1 $-1 $3760 $3761 $8 $-1 $354 reversed single #
loop $-1 -1 $-1 $-1 $3762 $3496 #
coedge $-1 -1 $-1 $3763 $3764 $3765 $3766 forward $3497 $-1 #
coedge $-1 -1 $-1 $3767 $3498 $3768 $3769 reversed $3365 $-1 #
coedge $-1 -1 $-1 $3498 $3767 $3770 $3771 reversed $3365 $-1 #
coedge $-1 -1 $-1 $3772 $3773 $3498 $3634 reversed $3774 $-1 #
edge $3775 -1 $-1 $3776 -0.75 $3777 0.25 $3498 $3778 forward @7 unknown #
coedge $-1 -1 $-1 $3500 $3499 $3779 $3780 forward $3233 $-1 #
coedge $-1 -1 $-1 $3781 $3782 $3499 $3637 forward $264 $-1 #
edge $3783 -1 $-1 $3784 11.90299145299145422 $3645 11.90487179487179503 $3499 $352 forward @7 unknown #
coedge $-1 -1 $-1 $3785 $3786 $3500 $3639 forward $102 $-1 #
edge $3787 -1 $-1 $3644 -11.90487179487179503 $3788 -11.90299145299145422 $3500 $277 forward @7 unknown #
coedge $-1 -1 $-1 $3789 $3501 $3786 $3790 forward $3642 $-1 #
coedge $-1 -1 $-1 $3501 $3789 $3781 $3791 reversed $3642 $-1 #
loop $-1 -1 $-1 $-1 $3640 $3792 #
color-adesk-attrib $-1 -1 $-1 $-1 $3502 256 #
vertex $-1 -1 $-1 $3639 $3793 #
vertex $-1 -1 $-1 $3791 $3794 #
straight-curve $-1 -1 $-1 0.2999999999999993783 11.90487179487179148 -0.25 0 0 1 I I #
coedge $-1 -1 $-1 $3522 $3504 $3509 $3654 reversed $102 $-1 #
color-adesk-attrib $-1 -1 $-1 $-1 $3505 256 #
coedge $-1 -1 $-1 $3506 $3517 $3508 $3653 forward $264 $-1 #
color-adesk-attrib $-1 -1 $-1 $-1 $3507 256 #
vertex $-1 -1 $-1 $3540 $3795 #
coedge $-1 -1 $-1 $3509 $3508 $3525 $3668 reversed $3510 $-1 #
edge $3796 -1 $-1 $3673 0 $3512 0.2299999999999999822 $3508 $3797 forward @7 unknown #
edge $3798 -1 $-1 $3670 0 $3513 0.2299999999999999822 $3509 $3799 forward @7 unknown #
face $3800 -1 $-1 $3264 $3510 $8 $-1 $3801 forward single #
point $-1 -1 $-1 0.3000000000000019873 12.92863247863247622 0.5 #
point $-1 -1 $-1 0.3000000000000019873 12.92863247863247622 -0.5 #
coedge $-1 -1 $-1 $3802 $3515 $3518 $3663 reversed $3619 $-1 #
coedge $-1 -1 $-1 $3515 $3802 $3521 $3666 forward $3619 $-1 #
color-adesk-attrib $-1 -1 $-1 $-1 $3516 256 #
straight-curve $-1 -1 $-1 0.3000000000000002665 12.58675213675213733 -0.25 0 0 -1 I I #
coedge $-1 -1 $-1 $3518 $3770 $3803 $3804 forward $264 $-1 #
edge $3805 -1 $-1 $3806 0 $3520 0.2299999999999999822 $3658 $3807 forward @7 unknown #
point $-1 -1 $-1 0.3000000000000019318 12.58675213675213556 0.5 #
coedge $-1 -1 $-1 $3768 $3521 $3621 $3753 reversed $102 $-1 #
edge $3808 -1 $-1 $3809 0 $3524 0.2299999999999999822 $3659 $3810 forward @7 unknown #
point $-1 -1 $-1 0.3000000000000019318 12.58675213675213556 -0.5 #
edge $3811 -1 $-1 $3670 0 $3673 1 $3652 $3812 forward @7 unknown #
color-adesk-attrib $-1 -1 $-1 $-1 $3526 256 #
vertex $-1 -1 $-1 $3654 $3813 #
straight-curve $-1 -1 $-1 0.3000000000000019873 12.58863247863247636 -0.5 0.6405522522127310436 0.7679145865167543716 0 F 0 F 0.3350401926004216713 #
color-adesk-attrib $-1 -1 $-1 $-1 $3527 256 #
vertex $-1 -1 $-1 $3668 $3814 #
straight-curve $-1 -1 $-1 0.3000000000000019873 12.58863247863247636 0.5 0.6405522522127310436 0.7679145865167543716 0 I I #
color-adesk-attrib $-1 -1 $-1 $-1 $3528 256 #
plane-surface $-1 -1 $-1 0.3000000000000019873 12.58863247863247636 -0.5 0.7679145865167543716 -0.6405522522127310436 0 0.6405522522127310436 0.7679145865167543716 0 forward_v I I I I #
color-adesk-attrib $-1 -1 $-1 $-1 $3540 256 #
straight-curve $-1 -1 $-1 0.3000000000000019873 12.93051282051281703 0.5 0.6405522522127310436 0.7679145865167543716 0 I I #
point $-1 -1 $-1 0.5146107499519892992 13.18779507148006402 0.5 #
point $-1 -1 $-1 0.5146107499519892992 13.18779507148006402 -0.5 #
color-adesk-attrib $-1 -1 $-1 $-1 $3552 256 #
face $3815 -1 $-1 $3816 $3817 $8 $-1 $3818 forward single #
loop $-1 -1 $-1 $-1 $3819 $3552 #
plane-surface $-1 -1 $-1 0.5146107499519879669 -8.350666466981468972 -0.5 0.3596423870989281513 0.9330902171825534719 0 -0.9330902171825534719 0.3596423870989281513 0 forward_v I I I I #
coedge $-1 -1 $-1 $3820 $3821 $3822 $3823 forward $3553 $-1 #
coedge $-1 -1 $-1 $3824 $3555 $3825 $3826 reversed $3419 $-1 #
coedge $-1 -1 $-1 $3555 $3824 $3556 $3691 reversed $3419 $-1 #
coedge $-1 -1 $-1 $3558 $3827 $3555 $3689 reversed $102 $-1 #
edge $3828 -1 $-1 $3697 0 $3829 0.2299999999999999822 $3555 $3830 forward @7 unknown #
coedge $-1 -1 $-1 $3557 $3556 $3831 $3832 reversed $3289 $-1 #
edge $3833 -1 $-1 $3697 0 $3834 1 $3687 $3835 forward @7 unknown #
coedge $-1 -1 $-1 $3836 $3837 $3557 $3693 forward $3838 $-1 #
edge $3839 -1 $-1 $3696 -0.25 $3840 0.75 $3692 $3841 forward @7 unknown #
coedge $-1 -1 $-1 $3842 $3558 $3837 $3843 forward $102 $-1 #
color-adesk-attrib $-1 -1 $-1 $-1 $3559 256 #
vertex $-1 -1 $-1 $3843 $3844 #
vertex $-1 -1 $-1 $3689 $3845 #
straight-curve $-1 -1 $-1 0.300000000000000655 -9.291709401709404403 -0.5 0.6405522522127310436 0.7679145865167543716 0 F 0 F 0.3350401926004216713 #
coedge $-1 -1 $-1 $3846 $3567 $3560 $3700 forward $264 $-1 #
edge $3847 -1 $-1 $3570 0 $3705 0.2299999999999999822 $3560 $3848 forward @7 unknown #
coedge $-1 -1 $-1 $3849 $3561 $3563 $3708 reversed $3703 $-1 #
coedge $-1 -1 $-1 $3561 $3849 $3846 $3850 reversed $3703 $-1 #
loop $-1 -1 $-1 $-1 $3561 $3851 #
color-adesk-attrib $-1 -1 $-1 $-1 $3562 256 #
vertex $-1 -1 $-1 $3850 $3852 #
straight-curve $-1 -1 $-1 0.3000000000000000444 -9.635470085470085877 -0.25 0 0 -1 I I #
coedge $-1 -1 $-1 $3563 $3842 $3853 $3854 reversed $102 $-1 #
edge $3855 -1 $-1 $3856 9.633589743589745069 $3565 9.635470085470085877 $3701 $277 forward @7 unknown #
point $-1 -1 $-1 0.3000000000000005995 -9.635470085470085877 -0.5 #
coedge $-1 -1 $-1 $3567 $3857 $3572 $3715 forward $264 $-1 #
color-adesk-attrib $-1 -1 $-1 $-1 $3568 256 #
straight-curve $-1 -1 $-1 0.3000000000000005995 -9.975470085470085735 0.5 0.6405522522127310436 0.7679145865167543716 0 I I #
point $-1 -1 $-1 0.5146107499519878559 -9.71818783450283874 0.5 #
coedge $-1 -1 $-1 $3573 $3572 $3858 $3859 forward $3574 $-1 #
edge $3860 -1 $-1 $3861 -9.977350427350426543 $3576 -9.975470085470085735 $3572 $352 forward @7 unknown #
face $3862 -1 $-1 $3851 $3574 $8 $-1 $354 reversed single #
point $-1 -1 $-1 0.3000000000000005995 -9.975470085470085735 0.5 #
coedge $-1 -1 $-1 $3858 $3863 $3578 $3719 forward $3864 $-1 #
edge $3865 -1 $-1 $3731 0 $3721 0.2299999999999999822 $3718 $3866 forward @7 unknown #
color-adesk-attrib $-1 -1 $-1 $-1 $3579 256 #
vertex $-1 -1 $-1 $3719 $3867 #
coedge $-1 -1 $-1 $3857 $3582 $3868 $3869 forward $264 $-1 #
coedge $-1 -1 $-1 $3589 $3868 $3585 $3724 reversed $3729 $-1 #
edge $3870 -1 $-1 $3592 -0.25 $3726 0.75 $3585 $3871 forward @7 unknown #
color-adesk-attrib $-1 -1 $-1 $-1 $3586 256 #
vertex $-1 -1 $-1 $3869 $3872 #
color-adesk-attrib $-1 -1 $-1 $-1 $3587 256 #
coedge $-1 -1 $-1 $3868 $3589 $3863 $3873 forward $3729 $-1 #
loop $-1 -1 $-1 $-1 $3589 $3874 #
color-adesk-attrib $-1 -1 $-1 $-1 $3590 256 #
vertex $-1 -1 $-1 $3719 $3875 #
straight-curve $-1 -1 $-1 0.3000000000000005995 -10.3173504273504264 -0.5 0.6405522522127310436 0.7679145865167543716 0 F 0 F 0.3350401926004216713 #
point $-1 -1 $-1 0.3000000000000005995 -10.3173504273504264 -0.5 #
coedge $-1 -1 $-1 $3599 $3594 $3593 $3735 reversed $3600 $-1 #
edge $3876 -1 $-1 $3741 0 $3597 0.2299999999999999822 $3734 $3877 forward @7 unknown #
color-adesk-attrib $-1 -1 $-1 $-1 $3595 256 #
straight-curve $-1 -1 $-1 0.2999999999999998224 -10.66111111111111143 -0.25 0 0 -1 I I #
point $-1 -1 $-1 0.300000000000000544 -10.66111111111111143 0.5 #
face $3878 -1 $-1 $3346 $3600 $8 $-1 $3879 forward single #
color-adesk-attrib $-1 -1 $-1 $-1 $3605 256 #
vertex $-1 -1 $-1 $3609 $3880 #
straight-curve $-1 -1 $-1 0.300000000000000544 -11.00111111111111128 0.5 0.6405522522127310436 0.7679145865167543716 0 I I #
color-adesk-attrib $-1 -1 $-1 $-1 $3609 256 #
straight-curve $-1 -1 $-1 0.5146107499519878559 -10.74382886014386429 -0.5 0 0 1 I I #
color-adesk-attrib $-1 -1 $-1 $-1 $3610 256 #
plane-surface $-1 -1 $-1 0.300000000000000544 -11.00111111111111128 -0.5 0.7679145865167543716 -0.6405522522127310436 0 0.6405522522127310436 0.7679145865167543716 0 forward_v I I I I #
color-adesk-attrib $-1 -1 $-1 $-1 $3618 256 #
face $3881 -1 $-1 $3882 $3883 $8 $-1 $3884 forward single #
loop $-1 -1 $-1 $-1 $3885 $3618 #
plane-surface $-1 -1 $-1 0.3000000000000019318 11.56299145299145437 -0.5 0.7679145865167543716 -0.6405522522127310436 0 0.6405522522127310436 0.7679145865167543716 0 forward_v I I I I #
coedge $-1 -1 $-1 $3803 $3621 $3802 $3886 forward $3485 $-1 #
coedge $-1 -1 $-1 $3621 $3803 $3767 $3887 reversed $3485 $-1 #
edge $3888 -1 $-1 $3889 0 $3809 0.3350401926004216713 $3621 $3890 forward @7 unknown #
color-adesk-attrib $-1 -1 $-1 $-1 $3622 256 #
straight-curve $-1 -1 $-1 0.5146107499519892992 13.18779507148006402 -0.5 0 0 1 I I #
color-adesk-attrib $-1 -1 $-1 $-1 $3623 256 #
straight-curve $-1 -1 $-1 0.2999999999999993783 12.93051282051281348 -0.25 0 0 1 I I #
point $-1 -1 $-1 0.3000000000000019873 12.93051282051281703 -0.5 #
color-adesk-attrib $-1 -1 $-1 $-1 $3628 256 #
face $3891 -1 $-1 $3892 $3893 $8 $-1 $354 reversed single #
loop $-1 -1 $-1 $-1 $3894 $3628 #
coedge $-1 -1 $-1 $3895 $3896 $3897 $3898 forward $3629 $-1 #
coedge $-1 -1 $-1 $3899 $3630 $3900 $3901 reversed $3497 $-1 #
coedge $-1 -1 $-1 $3630 $3899 $3902 $3903 reversed $3497 $-1 #
coedge $-1 -1 $-1 $3904 $3905 $3630 $3766 reversed $3906 $-1 #
edge $3907 -1 $-1 $3908 -0.25 $3909 0.75 $3630 $3910 forward @7 unknown #
coedge $-1 -1 $-1 $3632 $3631 $3752 $3887 forward $3365 $-1 #
coedge $-1 -1 $-1 $3911 $3665 $3631 $3769 forward $102 $-1 #
edge $3912 -1 $-1 $3889 -12.2467521367521357 $3777 -12.24487179487179489 $3631 $277 forward @7 unknown #
coedge $-1 -1 $-1 $3662 $3913 $3632 $3771 forward $264 $-1 #
edge $3914 -1 $-1 $3776 12.24487179487179489 $3915 12.2467521367521357 $3632 $352 forward @7 unknown #
coedge $-1 -1 $-1 $3916 $3633 $3913 $3917 reversed $3774 $-1 #
coedge $-1 -1 $-1 $3633 $3916 $3911 $3918 forward $3774 $-1 #
loop $-1 -1 $-1 $-1 $3773 $3919 #
color-adesk-attrib $-1 -1 $-1 $-1 $3634 256 #
vertex $-1 -1 $-1 $3771 $3920 #
vertex $-1 -1 $-1 $3918 $3921 #
straight-curve $-1 -1 $-1 0.3000000000000002665 12.24487179487179667 -0.25 0 0 -1 I I #
coedge $-1 -1 $-1 $3922 $3923 $3635 $3780 reversed $3883 $-1 #
edge $3924 -1 $-1 $3784 -0.75 $3788 0.25 $3635 $3925 forward @7 unknown #
coedge $-1 -1 $-1 $3913 $3636 $3641 $3791 forward $264 $-1 #
coedge $-1 -1 $-1 $3636 $3926 $3922 $3927 forward $264 $-1 #
color-adesk-attrib $-1 -1 $-1 $-1 $3637 256 #
vertex $-1 -1 $-1 $3637 $3928 #
coedge $-1 -1 $-1 $3929 $3638 $3923 $3930 reversed $102 $-1 #
coedge $-1 -1 $-1 $3638 $3911 $3640 $3790 reversed $102 $-1 #
color-adesk-attrib $-1 -1 $-1 $-1 $3639 256 #
vertex $-1 -1 $-1 $3930 $3931 #
coedge $-1 -1 $-1 $3641 $3640 $3916 $3932 forward $3642 $-1 #
edge $3933 -1 $-1 $3644 0 $3934 0.3350401926004216713 $3640 $3935 forward @7 unknown #
edge $3936 -1 $-1 $3645 0 $3937 0.3350401926004216713 $3641 $3938 forward @7 unknown #
face $3939 -1 $-1 $3919 $3642 $8 $-1 $3940 forward single #
point $-1 -1 $-1 0.3000000000000019318 11.90487179487179503 -0.5 #
point $-1 -1 $-1 0.3000000000000019318 11.90487179487179503 0.5 #
point $-1 -1 $-1 0.3000000000000019873 12.93051282051281703 0.5 #
color-adesk-attrib $-1 -1 $-1 $-1 $3653 256 #
straight-curve $-1 -1 $-1 0.5146107499519891881 12.84591472959972336 0.5 -0.9330902171825534719 0.3596423870989281513 0 I I #
color-adesk-attrib $-1 -1 $-1 $-1 $3654 256 #
straight-curve $-1 -1 $-1 0.5146107499519891881 12.84591472959972336 -0.5 -0.9330902171825534719 0.3596423870989281513 0 F 0 F 0.2299999999999999822 #
color-adesk-attrib $-1 -1 $-1 $-1 $3655 256 #
plane-surface $-1 -1 $-1 0.5146107499519891881 12.84591472959972336 -0.5 0.3596423870989281513 0.9330902171825534719 0 -0.9330902171825534719 0.3596423870989281513 0 forward_v I I I I #
coedge $-1 -1 $-1 $3659 $3658 $3751 $3886 reversed $3619 $-1 #
coedge $-1 -1 $-1 $3752 $3751 $3662 $3804 reversed $3485 $-1 #
edge $3941 -1 $-1 $3915 0 $3806 0.3350401926004216713 $3803 $3942 forward @7 unknown #
color-adesk-attrib $-1 -1 $-1 $-1 $3663 256 #
vertex $-1 -1 $-1 $3886 $3943 #
straight-curve $-1 -1 $-1 0.5146107499519891881 12.50403438771938269 0.5 -0.9330902171825534719 0.3596423870989281513 0 I I #
color-adesk-attrib $-1 -1 $-1 $-1 $3666 256 #
vertex $-1 -1 $-1 $3666 $3944 #
straight-curve $-1 -1 $-1 0.5146107499519891881 12.50403438771938269 -0.5 -0.9330902171825534719 0.3596423870989281513 0 F 0 F 0.2299999999999999822 #
color-adesk-attrib $-1 -1 $-1 $-1 $3668 256 #
straight-curve $-1 -1 $-1 0.5146107499519891881 12.84591472959972336 -0.5 0 0 1 I I #
point $-1 -1 $-1 0.5146107499519891881 12.84591472959972336 -0.5 #
point $-1 -1 $-1 0.5146107499519891881 12.84591472959972336 0.5 #
color-adesk-attrib $-1 -1 $-1 $-1 $3682 256 #
face $3945 -1 $-1 $3946 $3947 $8 $-1 $3948 forward single #
loop $-1 -1 $-1 $-1 $3949 $3682 #
plane-surface $-1 -1 $-1 0.3000000000000007105 -7.924188034188034635 -0.5 0.7679145865167543716 -0.6405522522127310436 0 0.6405522522127310436 0.7679145865167543716 0 forward_v I I I I #
coedge $-1 -1 $-1 $3950 $3951 $3952 $3953 forward $3683 $-1 #
coedge $-1 -1 $-1 $3954 $3685 $3951 $3955 forward $3553 $-1 #
coedge $-1 -1 $-1 $3685 $3954 $3956 $3957 reversed $3553 $-1 #
coedge $-1 -1 $-1 $3958 $3952 $3685 $3823 reversed $102 $-1 #
edge $3959 -1 $-1 $3960 0 $3961 0.3350401926004216713 $3685 $3962 forward @7 unknown #
coedge $-1 -1 $-1 $3687 $3686 $3963 $3964 reversed $3419 $-1 #
coedge $-1 -1 $-1 $3965 $3966 $3686 $3826 forward $3967 $-1 #
edge $3968 -1 $-1 $3969 -0.75 $3829 0.25 $3825 $3970 forward @7 unknown #
coedge $-1 -1 $-1 $3688 $3971 $3965 $3972 forward $102 $-1 #
color-adesk-attrib $-1 -1 $-1 $-1 $3689 256 #
vertex $-1 -1 $-1 $3689 $3973 #
straight-curve $-1 -1 $-1 0.5146107499519878559 -9.034427150742157409 -0.5 -0.9330902171825534719 0.3596423870989281513 0 F 0 F 0.2299999999999999822 #
coedge $-1 -1 $-1 $3963 $3974 $3690 $3832 forward $264 $-1 #
edge $3975 -1 $-1 $3840 0 $3834 0.3350401926004216713 $3690 $3976 forward @7 unknown #
color-adesk-attrib $-1 -1 $-1 $-1 $3691 256 #
vertex $-1 -1 $-1 $3691 $3977 #
straight-curve $-1 -1 $-1 0.5146107499519878559 -9.034427150742157409 -0.5 0 0 1 I I #
coedge $-1 -1 $-1 $3978 $3692 $3974 $3979 reversed $3838 $-1 #
coedge $-1 -1 $-1 $3692 $3978 $3694 $3843 reversed $3838 $-1 #
loop $-1 -1 $-1 $-1 $3692 $3980 #
color-adesk-attrib $-1 -1 $-1 $-1 $3693 256 #
vertex $-1 -1 $-1 $3832 $3981 #
straight-curve $-1 -1 $-1 0.2999999999999998224 -9.291709401709404403 -0.25 0 0 1 I I #
coedge $-1 -1 $-1 $3707 $3694 $3982 $3983 reversed $102 $-1 #
edge $3984 -1 $-1 $3696 9.291709401709404403 $3985 9.293589743589745211 $3837 $277 forward @7 unknown #
point $-1 -1 $-1 0.300000000000000655 -9.291709401709404403 -0.5 #
point $-1 -1 $-1 0.5146107499519878559 -9.034427150742157409 -0.5 #
coedge $-1 -1 $-1 $3986 $3699 $3702 $3850 forward $264 $-1 #
color-adesk-attrib $-1 -1 $-1 $-1 $3700 256 #
straight-curve $-1 -1 $-1 0.5146107499519878559 -9.71818783450283874 0.5 -0.9330902171825534719 0.3596423870989281513 0 I I #
coedge $-1 -1 $-1 $3702 $3701 $3987 $3988 forward $3703 $-1 #
edge $3989 -1 $-1 $3705 -9.635470085470085877 $3990 -9.633589743589745069 $3702 $352 forward @7 unknown #
face $3991 -1 $-1 $3452 $3703 $8 $-1 $354 reversed single #
point $-1 -1 $-1 0.3000000000000005995 -9.635470085470085877 0.5 #
coedge $-1 -1 $-1 $3992 $3987 $3707 $3854 forward $3993 $-1 #
edge $3994 -1 $-1 $3856 0 $3995 0.3350401926004216713 $3853 $3996 forward @7 unknown #
color-adesk-attrib $-1 -1 $-1 $-1 $3708 256 #
vertex $-1 -1 $-1 $3708 $3997 #
coedge $-1 -1 $-1 $3710 $3722 $3998 $3999 forward $264 $-1 #
coedge $-1 -1 $-1 $3998 $3718 $3714 $3859 reversed $3864 $-1 #
edge $4000 -1 $-1 $3861 -0.75 $3721 0.25 $3714 $4001 forward @7 unknown #
color-adesk-attrib $-1 -1 $-1 $-1 $3715 256 #
vertex $-1 -1 $-1 $3715 $4002 #
color-adesk-attrib $-1 -1 $-1 $-1 $3716 256 #
coedge $-1 -1 $-1 $3718 $3998 $3728 $3873 reversed $3864 $-1 #
loop $-1 -1 $-1 $-1 $3718 $4003 #
color-adesk-attrib $-1 -1 $-1 $-1 $3719 256 #
straight-curve $-1 -1 $-1 0.5146107499519878559 -10.06006817638317941 -0.5 -0.9330902171825534719 0.3596423870989281513 0 F 0 F 0.2299999999999999822 #
point $-1 -1 $-1 0.3000000000000005995 -9.977350427350426543 -0.5 #
coedge $-1 -1 $-1 $3723 $3728 $3722 $3869 reversed $3729 $-1 #
edge $4004 -1 $-1 $3726 0 $4005 0.3350401926004216713 $3868 $4006 forward @7 unknown #
color-adesk-attrib $-1 -1 $-1 $-1 $3724 256 #
straight-curve $-1 -1 $-1 0.2999999999999998224 -10.31735042735042818 -0.25 0 0 1 I I #
point $-1 -1 $-1 0.3000000000000005995 -10.3173504273504264 0.5 #
edge $4007 -1 $-1 $3731 0 $4005 1 $3863 $4008 forward @7 unknown #
face $4009 -1 $-1 $4003 $3729 $8 $-1 $4010 forward single #
point $-1 -1 $-1 0.5146107499519878559 -10.06006817638317941 -0.5 #
color-adesk-attrib $-1 -1 $-1 $-1 $3735 256 #
straight-curve $-1 -1 $-1 0.5146107499519878559 -10.74382886014386429 0.5 -0.9330902171825534719 0.3596423870989281513 0 I I #
color-adesk-attrib $-1 -1 $-1 $-1 $3739 256 #
plane-surface $-1 -1 $-1 0.5146107499519878559 -10.74382886014386429 -0.5 0.3596423870989281513 0.9330902171825534719 0 -0.9330902171825534719 0.3596423870989281513 0 forward_v I I I I #
point $-1 -1 $-1 0.5146107499519878559 -10.74382886014386429 0.5 #
color-adesk-attrib $-1 -1 $-1 $-1 $3748 256 #
face $4011 -1 $-1 $4012 $4013 $8 $-1 $4014 forward single #
loop $-1 -1 $-1 $-1 $3923 $3748 #
plane-surface $-1 -1 $-1 0.5146107499519891881 11.82027370395870136 -0.5 0.3596423870989281513 0.9330902171825534719 0 -0.9330902171825534719 0.3596423870989281513 0 forward_v I I I I #
coedge $-1 -1 $-1 $4015 $4016 $3929 $4017 forward $3749 $-1 #
edge $4018 -1 $-1 $3809 0 $3806 1 $3802 $4019 forward @7 unknown #
edge $4020 -1 $-1 $3889 -0.25 $3915 0.75 $3767 $4021 forward @7 unknown #
color-adesk-attrib $-1 -1 $-1 $-1 $3753 256 #
vertex $-1 -1 $-1 $3769 $4022 #
straight-curve $-1 -1 $-1 0.3000000000000019318 12.2467521367521357 -0.5 0.6405522522127310436 0.7679145865167543716 0 F 0 F 0.3350401926004216713 #
color-adesk-attrib $-1 -1 $-1 $-1 $3760 256 #
face $4023 -1 $-1 $4024 $4025 $8 $-1 $354 reversed single #
loop $-1 -1 $-1 $-1 $4026 $3760 #
coedge $-1 -1 $-1 $4027 $4028 $4029 $4030 forward $3761 $-1 #
coedge $-1 -1 $-1 $4031 $3762 $4032 $4033 reversed $3629 $-1 #
coedge $-1 -1 $-1 $3762 $4031 $4034 $4035 reversed $3629 $-1 #
coedge $-1 -1 $-1 $4036 $4037 $3762 $3898 reversed $4038 $-1 #
edge $4039 -1 $-1 $4040 -0.75 $4041 0.25 $3762 $4042 forward @7 unknown #
coedge $-1 -1 $-1 $3764 $3763 $4043 $4044 forward $3497 $-1 #
coedge $-1 -1 $-1 $4045 $4046 $3763 $3901 forward $264 $-1 #
edge $4047 -1 $-1 $4048 11.21923076923076934 $3909 11.22111111111111015 $3763 $352 forward @7 unknown #
coedge $-1 -1 $-1 $4049 $4050 $3764 $3903 forward $102 $-1 #
edge $4051 -1 $-1 $3908 -11.22111111111111015 $4052 -11.21923076923076934 $3764 $277 forward @7 unknown #
coedge $-1 -1 $-1 $4053 $3765 $4050 $4054 forward $3906 $-1 #
coedge $-1 -1 $-1 $3765 $4053 $4045 $4055 reversed $3906 $-1 #
loop $-1 -1 $-1 $-1 $3904 $4056 #
color-adesk-attrib $-1 -1 $-1 $-1 $3766 256 #
vertex $-1 -1 $-1 $3903 $4057 #
vertex $-1 -1 $-1 $4055 $4058 #
straight-curve $-1 -1 $-1 0.2999999999999998224 11.2211111111111066 -0.25 0 0 1 I I #
coedge $-1 -1 $-1 $3786 $3768 $3773 $3918 reversed $102 $-1 #
color-adesk-attrib $-1 -1 $-1 $-1 $3769 256 #
coedge $-1 -1 $-1 $3770 $3781 $3772 $3917 forward $264 $-1 #
color-adesk-attrib $-1 -1 $-1 $-1 $3771 256 #
vertex $-1 -1 $-1 $3804 $4059 #
coedge $-1 -1 $-1 $3773 $3772 $3789 $3932 reversed $3774 $-1 #
edge $4060 -1 $-1 $3937 0 $3776 0.2299999999999999822 $3772 $4061 forward @7 unknown #
edge $4062 -1 $-1 $3934 0 $3777 0.2299999999999999822 $3773 $4063 forward @7 unknown #
face $4064 -1 $-1 $3528 $3774 $8 $-1 $4065 forward single #
point $-1 -1 $-1 0.3000000000000019318 12.24487179487179489 0.5 #
point $-1 -1 $-1 0.3000000000000019318 12.24487179487179489 -0.5 #
coedge $-1 -1 $-1 $4066 $3779 $3782 $3927 reversed $3883 $-1 #
coedge $-1 -1 $-1 $3779 $4066 $3785 $3930 forward $3883 $-1 #
color-adesk-attrib $-1 -1 $-1 $-1 $3780 256 #
straight-curve $-1 -1 $-1 0.2999999999999998224 11.902991452991456 -0.25 0 0 -1 I I #
coedge $-1 -1 $-1 $3782 $4034 $4067 $4068 forward $264 $-1 #
edge $4069 -1 $-1 $4070 0 $3784 0.2299999999999999822 $3922 $4071 forward @7 unknown #
point $-1 -1 $-1 0.3000000000000019318 11.90299145299145422 0.5 #
coedge $-1 -1 $-1 $4032 $3785 $3885 $4017 reversed $102 $-1 #
edge $4072 -1 $-1 $4073 0 $3788 0.2299999999999999822 $3923 $4074 forward @7 unknown #
point $-1 -1 $-1 0.3000000000000019318 11.90299145299145422 -0.5 #
edge $4075 -1 $-1 $3934 0 $3937 1 $3916 $4076 forward @7 unknown #
color-adesk-attrib $-1 -1 $-1 $-1 $3790 256 #
vertex $-1 -1 $-1 $3918 $4077 #
straight-curve $-1 -1 $-1 0.3000000000000019318 11.90487179487179503 -0.5 0.6405522522127310436 0.7679145865167543716 0 F 0 F 0.3350401926004216713 #
color-adesk-attrib $-1 -1 $-1 $-1 $3791 256 #
vertex $-1 -1 $-1 $3932 $4078 #
straight-curve $-1 -1 $-1 0.3000000000000019318 11.90487179487179503 0.5 0.6405522522127310436 0.7679145865167543716 0 I I #
color-adesk-attrib $-1 -1 $-1 $-1 $3792 256 #
plane-surface $-1 -1 $-1 0.3000000000000019318 11.90487179487179503 -0.5 0.7679145865167543716 -0.6405522522127310436 0 0.6405522522127310436 0.7679145865167543716 0 forward_v I I I I #
color-adesk-attrib $-1 -1 $-1 $-1 $3804 256 #
straight-curve $-1 -1 $-1 0.3000000000000019318 12.2467521367521357 0.5 0.6405522522127310436 0.7679145865167543716 0 I I #
point $-1 -1 $-1 0.5146107499519891881 12.50403438771938269 0.5 #
point $-1 -1 $-1 0.5146107499519891881 12.50403438771938269 -0.5 #
color-adesk-attrib $-1 -1 $-1 $-1 $3816 256 #
face $4079 -1 $-1 $4080 $4081 $8 $-1 $4082 forward single #
loop $-1 -1 $-1 $-1 $4083 $3816 #
plane-surface $-1 -1 $-1 0.5146107499519880779 -7.66690578322078764 -0.5 0.3596423870989281513 0.9330902171825534719 0 -0.9330902171825534719 0.3596423870989281513 0 forward_v I I I I #
coedge $-1 -1 $-1 $4084 $4085 $4086 $4087 forward $3817 $-1 #
coedge $-1 -1 $-1 $4088 $3819 $4089 $4090 reversed $3683 $-1 #
coedge $-1 -1 $-1 $3819 $4088 $3820 $3955 reversed $3683 $-1 #
coedge $-1 -1 $-1 $3822 $4091 $3819 $3953 reversed $102 $-1 #
edge $4092 -1 $-1 $3961 0 $4093 0.2299999999999999822 $3819 $4094 forward @7 unknown #
coedge $-1 -1 $-1 $3821 $3820 $4095 $4096 reversed $3553 $-1 #
edge $4097 -1 $-1 $3961 0 $4098 1 $3951 $4099 forward @7 unknown #
coedge $-1 -1 $-1 $4100 $4101 $3821 $3957 forward $4102 $-1 #
edge $4103 -1 $-1 $3960 -0.25 $4104 0.75 $3956 $4105 forward @7 unknown #
coedge $-1 -1 $-1 $4106 $3822 $4101 $4107 forward $102 $-1 #
color-adesk-attrib $-1 -1 $-1 $-1 $3823 256 #
vertex $-1 -1 $-1 $4107 $4108 #
vertex $-1 -1 $-1 $3953 $4109 #
straight-curve $-1 -1 $-1 0.3000000000000007105 -8.607948717948715966 -0.5 0.6405522522127310436 0.7679145865167543716 0 F 0 F 0.3350401926004216713 #
coedge $-1 -1 $-1 $4110 $3831 $3824 $3964 forward $264 $-1 #
edge $4111 -1 $-1 $3834 0 $3969 0.2299999999999999822 $3824 $4112 forward @7 unknown #
coedge $-1 -1 $-1 $4113 $3825 $3827 $3972 reversed $3967 $-1 #
coedge $-1 -1 $-1 $3825 $4113 $4110 $4114 reversed $3967 $-1 #
loop $-1 -1 $-1 $-1 $3825 $4115 #
color-adesk-attrib $-1 -1 $-1 $-1 $3826 256 #
vertex $-1 -1 $-1 $4114 $4116 #
straight-curve $-1 -1 $-1 0.3000000000000000444 -8.951709401709404545 -0.25 0 0 -1 I I #
coedge $-1 -1 $-1 $3827 $4106 $4117 $4118 reversed $102 $-1 #
edge $4119 -1 $-1 $4120 8.949829059829060185 $3829 8.951709401709404545 $3965 $277 forward @7 unknown #
point $-1 -1 $-1 0.300000000000000655 -8.951709401709404545 -0.5 #
coedge $-1 -1 $-1 $3831 $4121 $3836 $3979 forward $264 $-1 #
color-adesk-attrib $-1 -1 $-1 $-1 $3832 256 #
straight-curve $-1 -1 $-1 0.300000000000000655 -9.291709401709404403 0.5 0.6405522522127310436 0.7679145865167543716 0 I I #
point $-1 -1 $-1 0.5146107499519878559 -9.034427150742157409 0.5 #
coedge $-1 -1 $-1 $3837 $3836 $4122 $4123 forward $3838 $-1 #
edge $4124 -1 $-1 $4125 -9.293589743589745211 $3840 -9.291709401709404403 $3836 $352 forward @7 unknown #
face $4126 -1 $-1 $4115 $3838 $8 $-1 $354 reversed single #
point $-1 -1 $-1 0.300000000000000655 -9.291709401709404403 0.5 #
coedge $-1 -1 $-1 $4122 $4127 $3842 $3983 forward $4128 $-1 #
edge $4129 -1 $-1 $3995 0 $3985 0.2299999999999999822 $3982 $4130 forward @7 unknown #
color-adesk-attrib $-1 -1 $-1 $-1 $3843 256 #
vertex $-1 -1 $-1 $3983 $4131 #
coedge $-1 -1 $-1 $4121 $3846 $4132 $4133 forward $264 $-1 #
coedge $-1 -1 $-1 $3853 $4132 $3849 $3988 reversed $3993 $-1 #
edge $4134 -1 $-1 $3856 -0.25 $3990 0.75 $3849 $4135 forward @7 unknown #
color-adesk-attrib $-1 -1 $-1 $-1 $3850 256 #
vertex $-1 -1 $-1 $4133 $4136 #
color-adesk-attrib $-1 -1 $-1 $-1 $3851 256 #
coedge $-1 -1 $-1 $4132 $3853 $4127 $4137 forward $3993 $-1 #
loop $-1 -1 $-1 $-1 $3853 $4138 #
color-adesk-attrib $-1 -1 $-1 $-1 $3854 256 #
vertex $-1 -1 $-1 $3983 $4139 #
straight-curve $-1 -1 $-1 0.3000000000000005995 -9.633589743589745069 -0.5 0.6405522522127310436 0.7679145865167543716 0 F 0 F 0.3350401926004216713 #
point $-1 -1 $-1 0.3000000000000005995 -9.633589743589745069 -0.5 #
coedge $-1 -1 $-1 $3863 $3858 $3857 $3999 reversed $3864 $-1 #
edge $4140 -1 $-1 $4005 0 $3861 0.2299999999999999822 $3998 $4141 forward @7 unknown #
color-adesk-attrib $-1 -1 $-1 $-1 $3859 256 #
straight-curve $-1 -1 $-1 0.2999999999999998224 -9.977350427350424766 -0.25 0 0 -1 I I #
point $-1 -1 $-1 0.3000000000000005995 -9.977350427350426543 0.5 #
face $4142 -1 $-1 $3610 $3864 $8 $-1 $4143 forward single #
color-adesk-attrib $-1 -1 $-1 $-1 $3869 256 #
vertex $-1 -1 $-1 $3873 $4144 #
straight-curve $-1 -1 $-1 0.3000000000000005995 -10.3173504273504264 0.5 0.6405522522127310436 0.7679145865167543716 0 I I #
color-adesk-attrib $-1 -1 $-1 $-1 $3873 256 #
straight-curve $-1 -1 $-1 0.5146107499519878559 -10.06006817638317941 -0.5 0 0 1 I I #
color-adesk-attrib $-1 -1 $-1 $-1 $3874 256 #
plane-surface $-1 -1 $-1 0.3000000000000005995 -10.3173504273504264 -0.5 0.7679145865167543716 -0.6405522522127310436 0 0.6405522522127310436 0.7679145865167543716 0 forward_v I I I I #
color-adesk-attrib $-1 -1 $-1 $-1 $3882 256 #
face $4145 -1 $-1 $4146 $4147 $8 $-1 $4148 forward single #
loop $-1 -1 $-1 $-1 $4149 $3882 #
plane-surface $-1 -1 $-1 0.3000000000000018763 10.87923076923076948 -0.5 0.7679145865167543716 -0.6405522522127310436 0 0.6405522522127310436 0.7679145865167543716 0 forward_v I I I I #
coedge $-1 -1 $-1 $4067 $3885 $4066 $4150 forward $3749 $-1 #
coedge $-1 -1 $-1 $3885 $4067 $4031 $4151 reversed $3749 $-1 #
edge $4152 -1 $-1 $4153 0 $4073 0.3350401926004216713 $3885 $4154 forward @7 unknown #
color-adesk-attrib $-1 -1 $-1 $-1 $3886 256 #
straight-curve $-1 -1 $-1 0.5146107499519891881 12.50403438771938269 -0.5 0 0 1 I I #
color-adesk-attrib $-1 -1 $-1 $-1 $3887 256 #
straight-curve $-1 -1 $-1 0.2999999999999998224 12.24675213675213215 -0.25 0 0 1 I I #
point $-1 -1 $-1 0.3000000000000019318 12.2467521367521357 -0.5 #
color-adesk-attrib $-1 -1 $-1 $-1 $3892 256 #
face $4155 -1 $-1 $4156 $4157 $8 $-1 $354 reversed single #
loop $-1 -1 $-1 $-1 $4158 $3892 #
coedge $-1 -1 $-1 $4159 $4160 $4161 $4162 forward $3893 $-1 #
coedge $-1 -1 $-1 $4163 $3894 $4164 $4165 reversed $3761 $-1 #
coedge $-1 -1 $-1 $3894 $4163 $4166 $4167 reversed $3761 $-1 #
coedge $-1 -1 $-1 $4168 $4169 $3894 $4030 reversed $4170 $-1 #
edge $4171 -1 $-1 $4172 -0.25 $4173 0.75 $3894 $4174 forward @7 unknown #
coedge $-1 -1 $-1 $3896 $3895 $4016 $4151 forward $3629 $-1 #
coedge $-1 -1 $-1 $4175 $3929 $3895 $4033 forward $102 $-1 #
edge $4176 -1 $-1 $4153 -11.56299145299145437 $4041 -11.56111111111111001 $3895 $277 forward @7 unknown #
coedge $-1 -1 $-1 $3926 $4177 $3896 $4035 forward $264 $-1 #
edge $4178 -1 $-1 $4040 11.56111111111111001 $4179 11.56299145299145437 $3896 $352 forward @7 unknown #
coedge $-1 -1 $-1 $4180 $3897 $4177 $4181 reversed $4038 $-1 #
coedge $-1 -1 $-1 $3897 $4180 $4175 $4182 forward $4038 $-1 #
loop $-1 -1 $-1 $-1 $4037 $4183 #
color-adesk-attrib $-1 -1 $-1 $-1 $3898 256 #
vertex $-1 -1 $-1 $4035 $4184 #
vertex $-1 -1 $-1 $4182 $4185 #
straight-curve $-1 -1 $-1 0.3000000000000002665 11.56111111111111178 -0.25 0 0 -1 I I #
coedge $-1 -1 $-1 $4186 $4187 $3899 $4044 reversed $4147 $-1 #
edge $4188 -1 $-1 $4048 -0.75 $4052 0.25 $3899 $4189 forward @7 unknown #
coedge $-1 -1 $-1 $4177 $3900 $3905 $4055 forward $264 $-1 #
coedge $-1 -1 $-1 $3900 $4190 $4186 $4191 forward $264 $-1 #
color-adesk-attrib $-1 -1 $-1 $-1 $3901 256 #
vertex $-1 -1 $-1 $3901 $4192 #
coedge $-1 -1 $-1 $4193 $3902 $4187 $4194 reversed $102 $-1 #
coedge $-1 -1 $-1 $3902 $4175 $3904 $4054 reversed $102 $-1 #
color-adesk-attrib $-1 -1 $-1 $-1 $3903 256 #
vertex $-1 -1 $-1 $4194 $4195 #
coedge $-1 -1 $-1 $3905 $3904 $4180 $4196 forward $3906 $-1 #
edge $4197 -1 $-1 $3908 0 $4198 0.3350401926004216713 $3904 $4199 forward @7 unknown #
edge $4200 -1 $-1 $3909 0 $4201 0.3350401926004216713 $3905 $4202 forward @7 unknown #
face $4203 -1 $-1 $4183 $3906 $8 $-1 $4204 forward single #
point $-1 -1 $-1 0.3000000000000018763 11.22111111111111015 -0.5 #
point $-1 -1 $-1 0.3000000000000018763 11.22111111111111015 0.5 #
point $-1 -1 $-1 0.3000000000000019318 12.2467521367521357 0.5 #
color-adesk-attrib $-1 -1 $-1 $-1 $3917 256 #
straight-curve $-1 -1 $-1 0.5146107499519891881 12.16215404583904203 0.5 -0.9330902171825534719 0.3596423870989281513 0 I I #
color-adesk-attrib $-1 -1 $-1 $-1 $3918 256 #
straight-curve $-1 -1 $-1 0.5146107499519891881 12.16215404583904203 -0.5 -0.9330902171825534719 0.3596423870989281513 0 F 0 F 0.2299999999999999822 #
color-adesk-attrib $-1 -1 $-1 $-1 $3919 256 #
plane-surface $-1 -1 $-1 0.5146107499519891881 12.16215404583904203 -0.5 0.3596423870989281513 0.9330902171825534719 0 -0.9330902171825534719 0.3596423870989281513 0 forward_v I I I I #
coedge $-1 -1 $-1 $3923 $3922 $4015 $4150 reversed $3883 $-1 #
coedge $-1 -1 $-1 $4016 $4015 $3926 $4068 reversed $3749 $-1 #
edge $4205 -1 $-1 $4179 0 $4070 0.3350401926004216713 $4067 $4206 forward @7 unknown #
color-adesk-attrib $-1 -1 $-1 $-1 $3927 256 #
vertex $-1 -1 $-1 $4150 $4207 #
straight-curve $-1 -1 $-1 0.5146107499519891881 11.82027370395870136 0.5 -0.9330902171825534719 0.3596423870989281513 0 I I #
color-adesk-attrib $-1 -1 $-1 $-1 $3930 256 #
vertex $-1 -1 $-1 $3930 $4208 #
straight-curve $-1 -1 $-1 0.5146107499519891881 11.82027370395870136 -0.5 -0.9330902171825534719 0.3596423870989281513 0 F 0 F 0.2299999999999999822 #
color-adesk-attrib $-1 -1 $-1 $-1 $3932 256 #
straight-curve $-1 -1 $-1 0.5146107499519891881 12.16215404583904203 -0.5 0 0 1 I I #
point $-1 -1 $-1 0.5146107499519891881 12.16215404583904203 -0.5 #
point $-1 -1 $-1 0.5146107499519891881 12.16215404583904203 0.5 #
color-adesk-attrib $-1 -1 $-1 $-1 $3946 256 #
face $4209 -1 $-1 $4210 $4211 $8 $-1 $4212 forward single #
loop $-1 -1 $-1 $-1 $4213 $3946 #
plane-surface $-1 -1 $-1 0.3000000000000007661 -7.240427350427353304 -0.5 0.7679145865167543716 -0.6405522522127310436 0 0.6405522522127310436 0.7679145865167543716 0 forward_v I I I I #
coedge $-1 -1 $-1 $4214 $4215 $4216 $4217 forward $3947 $-1 #
coedge $-1 -1 $-1 $4218 $3949 $4215 $4219 forward $3817 $-1 #
coedge $-1 -1 $-1 $3949 $4218 $4220 $4221 reversed $3817 $-1 #
coedge $-1 -1 $-1 $4222 $4216 $3949 $4087 reversed $102 $-1 #
edge $4223 -1 $-1 $4224 0 $4225 0.3350401926004216713 $3949 $4226 forward @7 unknown #
coedge $-1 -1 $-1 $3951 $3950 $4227 $4228 reversed $3683 $-1 #
coedge $-1 -1 $-1 $4229 $4230 $3950 $4090 forward $4231 $-1 #
edge $4232 -1 $-1 $4233 -0.75 $4093 0.25 $4089 $4234 forward @7 unknown #
coedge $-1 -1 $-1 $3952 $4235 $4229 $4236 forward $102 $-1 #
color-adesk-attrib $-1 -1 $-1 $-1 $3953 256 #
vertex $-1 -1 $-1 $3953 $4237 #
straight-curve $-1 -1 $-1 0.5146107499519879669 -8.350666466981468972 -0.5 -0.9330902171825534719 0.3596423870989281513 0 F 0 F 0.2299999999999999822 #
coedge $-1 -1 $-1 $4227 $4238 $3954 $4096 forward $264 $-1 #
edge $4239 -1 $-1 $4104 0 $4098 0.3350401926004216713 $3954 $4240 forward @7 unknown #
color-adesk-attrib $-1 -1 $-1 $-1 $3955 256 #
vertex $-1 -1 $-1 $3955 $4241 #
straight-curve $-1 -1 $-1 0.5146107499519879669 -8.350666466981468972 -0.5 0 0 1 I I #
coedge $-1 -1 $-1 $4242 $3956 $4238 $4243 reversed $4102 $-1 #
coedge $-1 -1 $-1 $3956 $4242 $3958 $4107 reversed $4102 $-1 #
loop $-1 -1 $-1 $-1 $3956 $4244 #
color-adesk-attrib $-1 -1 $-1 $-1 $3957 256 #
vertex $-1 -1 $-1 $4096 $4245 #
straight-curve $-1 -1 $-1 0.2999999999999998224 -8.607948717948717743 -0.25 0 0 1 I I #
coedge $-1 -1 $-1 $3971 $3958 $4246 $4247 reversed $102 $-1 #
edge $4248 -1 $-1 $3960 8.607948717948715966 $4249 8.609829059829060327 $4101 $277 forward @7 unknown #
point $-1 -1 $-1 0.3000000000000007105 -8.607948717948715966 -0.5 #
point $-1 -1 $-1 0.5146107499519879669 -8.350666466981468972 -0.5 #
coedge $-1 -1 $-1 $4250 $3963 $3966 $4114 forward $264 $-1 #
color-adesk-attrib $-1 -1 $-1 $-1 $3964 256 #
straight-curve $-1 -1 $-1 0.5146107499519878559 -9.034427150742157409 0.5 -0.9330902171825534719 0.3596423870989281513 0 I I #
coedge $-1 -1 $-1 $3966 $3965 $4251 $4252 forward $3967 $-1 #
edge $4253 -1 $-1 $3969 -8.951709401709404545 $4254 -8.949829059829060185 $3966 $352 forward @7 unknown #
face $4255 -1 $-1 $3716 $3967 $8 $-1 $354 reversed single #
point $-1 -1 $-1 0.300000000000000655 -8.951709401709404545 0.5 #
coedge $-1 -1 $-1 $4256 $4251 $3971 $4118 forward $4257 $-1 #
edge $4258 -1 $-1 $4120 0 $4259 0.3350401926004216713 $4117 $4260 forward @7 unknown #
color-adesk-attrib $-1 -1 $-1 $-1 $3972 256 #
vertex $-1 -1 $-1 $3972 $4261 #
coedge $-1 -1 $-1 $3974 $3986 $4262 $4263 forward $264 $-1 #
coedge $-1 -1 $-1 $4262 $3982 $3978 $4123 reversed $4128 $-1 #
edge $4264 -1 $-1 $4125 -0.75 $3985 0.25 $3978 $4265 forward @7 unknown #
color-adesk-attrib $-1 -1 $-1 $-1 $3979 256 #
vertex $-1 -1 $-1 $3979 $4266 #
color-adesk-attrib $-1 -1 $-1 $-1 $3980 256 #
coedge $-1 -1 $-1 $3982 $4262 $3992 $4137 reversed $4128 $-1 #
loop $-1 -1 $-1 $-1 $3982 $4267 #
color-adesk-attrib $-1 -1 $-1 $-1 $3983 256 #
straight-curve $-1 -1 $-1 0.5146107499519878559 -9.376307492622498074 -0.5 -0.9330902171825534719 0.3596423870989281513 0 F 0 F 0.2299999999999999822 #
point $-1 -1 $-1 0.3000000000000005995 -9.293589743589745211 -0.5 #
coedge $-1 -1 $-1 $3987 $3992 $3986 $4133 reversed $3993 $-1 #
edge $4268 -1 $-1 $3990 0 $4269 0.3350401926004216713 $4132 $4270 forward @7 unknown #
color-adesk-attrib $-1 -1 $-1 $-1 $3988 256 #
straight-curve $-1 -1 $-1 0.2999999999999998224 -9.633589743589745069 -0.25 0 0 1 I I #
point $-1 -1 $-1 0.3000000000000005995 -9.633589743589745069 0.5 #
edge $4271 -1 $-1 $3995 0 $4269 1 $4127 $4272 forward @7 unknown #
face $4273 -1 $-1 $4267 $3993 $8 $-1 $4274 forward single #
point $-1 -1 $-1 0.5146107499519878559 -9.376307492622498074 -0.5 #
color-adesk-attrib $-1 -1 $-1 $-1 $3999 256 #
straight-curve $-1 -1 $-1 0.5146107499519878559 -10.06006817638317941 0.5 -0.9330902171825534719 0.3596423870989281513 0 I I #
color-adesk-attrib $-1 -1 $-1 $-1 $4003 256 #
plane-surface $-1 -1 $-1 0.5146107499519878559 -10.06006817638317941 -0.5 0.3596423870989281513 0.9330902171825534719 0 -0.9330902171825534719 0.3596423870989281513 0 forward_v I I I I #
point $-1 -1 $-1 0.5146107499519878559 -10.06006817638317941 0.5 #
color-adesk-attrib $-1 -1 $-1 $-1 $4012 256 #
face $4275 -1 $-1 $4276 $4277 $8 $-1 $4278 forward single #
loop $-1 -1 $-1 $-1 $4187 $4012 #
plane-surface $-1 -1 $-1 0.5146107499519891881 11.13651302019801648 -0.5 0.3596423870989281513 0.9330902171825534719 0 -0.9330902171825534719 0.3596423870989281513 0 forward_v I I I I #
coedge $-1 -1 $-1 $4279 $4280 $4193 $4281 forward $4013 $-1 #
edge $4282 -1 $-1 $4073 0 $4070 1 $4066 $4283 forward @7 unknown #
edge $4284 -1 $-1 $4153 -0.25 $4179 0.75 $4031 $4285 forward @7 unknown #
color-adesk-attrib $-1 -1 $-1 $-1 $4017 256 #
vertex $-1 -1 $-1 $4033 $4286 #
straight-curve $-1 -1 $-1 0.3000000000000019318 11.56299145299145437 -0.5 0.6405522522127310436 0.7679145865167543716 0 F 0 F 0.3350401926004216713 #
color-adesk-attrib $-1 -1 $-1 $-1 $4024 256 #
face $4287 -1 $-1 $4288 $4289 $8 $-1 $354 reversed single #
loop $-1 -1 $-1 $-1 $4290 $4024 #
coedge $-1 -1 $-1 $4291 $4292 $4293 $4294 forward $4025 $-1 #
coedge $-1 -1 $-1 $4295 $4026 $4296 $4297 reversed $3893 $-1 #
coedge $-1 -1 $-1 $4026 $4295 $4298 $4299 reversed $3893 $-1 #
coedge $-1 -1 $-1 $4300 $4301 $4026 $4162 reversed $4302 $-1 #
edge $4303 -1 $-1 $4304 -0.75 $4305 0.25 $4026 $4306 forward @7 unknown #
coedge $-1 -1 $-1 $4028 $4027 $4307 $4308 forward $3761 $-1 #
coedge $-1 -1 $-1 $4309 $4310 $4027 $4165 forward $264 $-1 #
edge $4311 -1 $-1 $4312 10.53547008547008446 $4173 10.53735042735042882 $4027 $352 forward @7 unknown #
coedge $-1 -1 $-1 $4313 $4314 $4028 $4167 forward $102 $-1 #
edge $4315 -1 $-1 $4172 -10.53735042735042882 $4316 -10.53547008547008446 $4028 $277 forward @7 unknown #
coedge $-1 -1 $-1 $4317 $4029 $4314 $4318 forward $4170 $-1 #
coedge $-1 -1 $-1 $4029 $4317 $4309 $4319 reversed $4170 $-1 #
loop $-1 -1 $-1 $-1 $4168 $4320 #
color-adesk-attrib $-1 -1 $-1 $-1 $4030 256 #
vertex $-1 -1 $-1 $4167 $4321 #
vertex $-1 -1 $-1 $4319 $4322 #
straight-curve $-1 -1 $-1 0.2999999999999998224 10.53735042735042704 -0.25 0 0 1 I I #
coedge $-1 -1 $-1 $4050 $4032 $4037 $4182 reversed $102 $-1 #
color-adesk-attrib $-1 -1 $-1 $-1 $4033 256 #
coedge $-1 -1 $-1 $4034 $4045 $4036 $4181 forward $264 $-1 #
color-adesk-attrib $-1 -1 $-1 $-1 $4035 256 #
vertex $-1 -1 $-1 $4068 $4323 #
coedge $-1 -1 $-1 $4037 $4036 $4053 $4196 reversed $4038 $-1 #
edge $4324 -1 $-1 $4201 0 $4040 0.2299999999999999822 $4036 $4325 forward @7 unknown #
edge $4326 -1 $-1 $4198 0 $4041 0.2299999999999999822 $4037 $4327 forward @7 unknown #
face $4328 -1 $-1 $3792 $4038 $8 $-1 $4329 forward single #
point $-1 -1 $-1 0.3000000000000018763 11.56111111111111001 0.5 #
point $-1 -1 $-1 0.3000000000000018763 11.56111111111111001 -0.5 #
coedge $-1 -1 $-1 $4330 $4043 $4046 $4191 reversed $4147 $-1 #
coedge $-1 -1 $-1 $4043 $4330 $4049 $4194 forward $4147 $-1 #
color-adesk-attrib $-1 -1 $-1 $-1 $4044 256 #
straight-curve $-1 -1 $-1 0.3000000000000000444 11.21923076923076934 -0.25 0 0 -1 I I #
coedge $-1 -1 $-1 $4046 $4298 $4331 $4332 forward $264 $-1 #
edge $4333 -1 $-1 $4334 0 $4048 0.2299999999999999822 $4186 $4335 forward @7 unknown #
point $-1 -1 $-1 0.3000000000000018763 11.21923076923076934 0.5 #
coedge $-1 -1 $-1 $4296 $4049 $4149 $4281 reversed $102 $-1 #
edge $4336 -1 $-1 $4337 0 $4052 0.2299999999999999822 $4187 $4338 forward @7 unknown #
point $-1 -1 $-1 0.3000000000000018763 11.21923076923076934 -0.5 #
edge $4339 -1 $-1 $4198 0 $4201 1 $4180 $4340 forward @7 unknown #
color-adesk-attrib $-1 -1 $-1 $-1 $4054 256 #
vertex $-1 -1 $-1 $4182 $4341 #
straight-curve $-1 -1 $-1 0.3000000000000018763 11.22111111111111015 -0.5 0.6405522522127310436 0.7679145865167543716 0 F 0 F 0.3350401926004216713 #
color-adesk-attrib $-1 -1 $-1 $-1 $4055 256 #
vertex $-1 -1 $-1 $4196 $4342 #
straight-curve $-1 -1 $-1 0.3000000000000018763 11.22111111111111015 0.5 0.6405522522127310436 0.7679145865167543716 0 I I #
color-adesk-attrib $-1 -1 $-1 $-1 $4056 256 #
plane-surface $-1 -1 $-1 0.3000000000000018763 11.22111111111111015 -0.5 0.7679145865167543716 -0.6405522522127310436 0 0.6405522522127310436 0.7679145865167543716 0 forward_v I I I I #
color-adesk-attrib $-1 -1 $-1 $-1 $4068 256 #
straight-curve $-1 -1 $-1 0.3000000000000019318 11.56299145299145437 0.5 0.6405522522127310436 0.7679145865167543716 0 I I #
point $-1 -1 $-1 0.5146107499519891881 11.82027370395870136 0.5 #
point $-1 -1 $-1 0.5146107499519891881 11.82027370395870136 -0.5 #
color-adesk-attrib $-1 -1 $-1 $-1 $4080 256 #
face $4343 -1 $-1 $4344 $4345 $8 $-1 $4346 forward single #
loop $-1 -1 $-1 $-1 $4347 $4080 #
plane-surface $-1 -1 $-1 0.5146107499519880779 -6.983145099460106309 -0.5 0.3596423870989281513 0.9330902171825534719 0 -0.9330902171825534719 0.3596423870989281513 0 forward_v I I I I #
coedge $-1 -1 $-1 $4348 $4349 $4350 $4351 forward $4081 $-1 #
coedge $-1 -1 $-1 $4352 $4083 $4353 $4354 reversed $3947 $-1 #
coedge $-1 -1 $-1 $4083 $4352 $4084 $4219 reversed $3947 $-1 #
coedge $-1 -1 $-1 $4086 $4355 $4083 $4217 reversed $102 $-1 #
edge $4356 -1 $-1 $4225 0 $4357 0.2299999999999999822 $4083 $4358 forward @7 unknown #
coedge $-1 -1 $-1 $4085 $4084 $4359 $4360 reversed $3817 $-1 #
edge $4361 -1 $-1 $4225 0 $4362 1 $4215 $4363 forward @7 unknown #
coedge $-1 -1 $-1 $4364 $4365 $4085 $4221 forward $4366 $-1 #
edge $4367 -1 $-1 $4224 -0.25 $4368 0.75 $4220 $4369 forward @7 unknown #
coedge $-1 -1 $-1 $4370 $4086 $4365 $4371 forward $102 $-1 #
color-adesk-attrib $-1 -1 $-1 $-1 $4087 256 #
vertex $-1 -1 $-1 $4371 $4372 #
vertex $-1 -1 $-1 $4217 $4373 #
straight-curve $-1 -1 $-1 0.3000000000000007105 -7.924188034188034635 -0.5 0.6405522522127310436 0.7679145865167543716 0 F 0 F 0.3350401926004216713 #
coedge $-1 -1 $-1 $4374 $4095 $4088 $4228 forward $264 $-1 #
edge $4375 -1 $-1 $4098 0 $4233 0.2299999999999999822 $4088 $4376 forward @7 unknown #
coedge $-1 -1 $-1 $4377 $4089 $4091 $4236 reversed $4231 $-1 #
coedge $-1 -1 $-1 $4089 $4377 $4374 $4378 reversed $4231 $-1 #
loop $-1 -1 $-1 $-1 $4089 $4379 #
color-adesk-attrib $-1 -1 $-1 $-1 $4090 256 #
vertex $-1 -1 $-1 $4378 $4380 #
straight-curve $-1 -1 $-1 0.2999999999999999334 -8.267948717948716109 -0.25 0 0 -1 I I #
coedge $-1 -1 $-1 $4091 $4370 $4381 $4382 reversed $102 $-1 #
edge $4383 -1 $-1 $4384 8.266068376068375301 $4093 8.267948717948716109 $4229 $277 forward @7 unknown #
point $-1 -1 $-1 0.3000000000000007105 -8.267948717948716109 -0.5 #
coedge $-1 -1 $-1 $4095 $4385 $4100 $4243 forward $264 $-1 #
color-adesk-attrib $-1 -1 $-1 $-1 $4096 256 #
straight-curve $-1 -1 $-1 0.3000000000000007105 -8.607948717948715966 0.5 0.6405522522127310436 0.7679145865167543716 0 I I #
point $-1 -1 $-1 0.5146107499519879669 -8.350666466981468972 0.5 #
coedge $-1 -1 $-1 $4101 $4100 $4386 $4387 forward $4102 $-1 #
edge $4388 -1 $-1 $4389 -8.609829059829060327 $4104 -8.607948717948715966 $4100 $352 forward @7 unknown #
face $4390 -1 $-1 $4379 $4102 $8 $-1 $354 reversed single #
point $-1 -1 $-1 0.3000000000000007105 -8.607948717948715966 0.5 #
coedge $-1 -1 $-1 $4386 $4391 $4106 $4247 forward $4392 $-1 #
edge $4393 -1 $-1 $4259 0 $4249 0.2299999999999999822 $4246 $4394 forward @7 unknown #
color-adesk-attrib $-1 -1 $-1 $-1 $4107 256 #
vertex $-1 -1 $-1 $4247 $4395 #
coedge $-1 -1 $-1 $4385 $4110 $4396 $4397 forward $264 $-1 #
coedge $-1 -1 $-1 $4117 $4396 $4113 $4252 reversed $4257 $-1 #
edge $4398 -1 $-1 $4120 -0.25 $4254 0.75 $4113 $4399 forward @7 unknown #
color-adesk-attrib $-1 -1 $-1 $-1 $4114 256 #
vertex $-1 -1 $-1 $4397 $4400 #
color-adesk-attrib $-1 -1 $-1 $-1 $4115 256 #
coedge $-1 -1 $-1 $4396 $4117 $4391 $4401 forward $4257 $-1 #
loop $-1 -1 $-1 $-1 $4117 $4402 #
color-adesk-attrib $-1 -1 $-1 $-1 $4118 256 #
vertex $-1 -1 $-1 $4247 $4403 #
straight-curve $-1 -1 $-1 0.300000000000000655 -8.949829059829060185 -0.5 0.6405522522127310436 0.7679145865167543716 0 F 0 F 0.3350401926004216713 #
point $-1 -1 $-1 0.300000000000000655 -8.949829059829060185 -0.5 #
coedge $-1 -1 $-1 $4127 $4122 $4121 $4263 reversed $4128 $-1 #
edge $4404 -1 $-1 $4269 0 $4125 0.2299999999999999822 $4262 $4405 forward @7 unknown #
color-adesk-attrib $-1 -1 $-1 $-1 $4123 256 #
straight-curve $-1 -1 $-1 0.2999999999999998224 -9.293589743589745211 -0.25 0 0 -1 I I #
point $-1 -1 $-1 0.3000000000000005995 -9.293589743589745211 0.5 #
face $4406 -1 $-1 $3874 $4128 $8 $-1 $4407 forward single #
color-adesk-attrib $-1 -1 $-1 $-1 $4133 256 #
vertex $-1 -1 $-1 $4137 $4408 #
straight-curve $-1 -1 $-1 0.3000000000000005995 -9.633589743589745069 0.5 0.6405522522127310436 0.7679145865167543716 0 I I #
color-adesk-attrib $-1 -1 $-1 $-1 $4137 256 #
straight-curve $-1 -1 $-1 0.5146107499519878559 -9.376307492622498074 -0.5 0 0 1 I I #
color-adesk-attrib $-1 -1 $-1 $-1 $4138 256 #
plane-surface $-1 -1 $-1 0.3000000000000005995 -9.633589743589745069 -0.5 0.7679145865167543716 -0.6405522522127310436 0 0.6405522522127310436 0.7679145865167543716 0 forward_v I I I I #
color-adesk-attrib $-1 -1 $-1 $-1 $4146 256 #
face $4409 -1 $-1 $4410 $4411 $8 $-1 $4412 forward single #
loop $-1 -1 $-1 $-1 $4413 $4146 #
plane-surface $-1 -1 $-1 0.3000000000000018208 10.1954700854700846 -0.5 0.7679145865167543716 -0.6405522522127310436 0 0.6405522522127310436 0.7679145865167543716 0 forward_v I I I I #
coedge $-1 -1 $-1 $4331 $4149 $4330 $4414 forward $4013 $-1 #
coedge $-1 -1 $-1 $4149 $4331 $4295 $4415 reversed $4013 $-1 #
edge $4416 -1 $-1 $4417 0 $4337 0.3350401926004216713 $4149 $4418 forward @7 unknown #
color-adesk-attrib $-1 -1 $-1 $-1 $4150 256 #
straight-curve $-1 -1 $-1 0.5146107499519891881 11.82027370395870136 -0.5 0 0 1 I I #
color-adesk-attrib $-1 -1 $-1 $-1 $4151 256 #
straight-curve $-1 -1 $-1 0.2999999999999993783 11.56299145299145259 -0.25 0 0 1 I I #
point $-1 -1 $-1 0.3000000000000019318 11.56299145299145437 -0.5 #
color-adesk-attrib $-1 -1 $-1 $-1 $4156 256 #
face $4419 -1 $-1 $4420 $4421 $8 $-1 $354 reversed single #
loop $-1 -1 $-1 $-1 $4422 $4156 #
coedge $-1 -1 $-1 $4423 $4424 $4425 $4426 forward $4157 $-1 #
coedge $-1 -1 $-1 $4427 $4158 $4428 $4429 reversed $4025 $-1 #
coedge $-1 -1 $-1 $4158 $4427 $4430 $4431 reversed $4025 $-1 #
coedge $-1 -1 $-1 $4432 $4433 $4158 $4294 reversed $4434 $-1 #
edge $4435 -1 $-1 $4436 -0.25 $4437 0.75 $4158 $4438 forward @7 unknown #
coedge $-1 -1 $-1 $4160 $4159 $4280 $4415 forward $3893 $-1 #
coedge $-1 -1 $-1 $4439 $4193 $4159 $4297 forward $102 $-1 #
edge $4440 -1 $-1 $4417 -10.87923076923076948 $4305 -10.87735042735042867 $4159 $277 forward @7 unknown #
coedge $-1 -1 $-1 $4190 $4441 $4160 $4299 forward $264 $-1 #
edge $4442 -1 $-1 $4304 10.87735042735042867 $4443 10.87923076923076948 $4160 $352 forward @7 unknown #
coedge $-1 -1 $-1 $4444 $4161 $4441 $4445 reversed $4302 $-1 #
coedge $-1 -1 $-1 $4161 $4444 $4439 $4446 forward $4302 $-1 #
loop $-1 -1 $-1 $-1 $4301 $4447 #
color-adesk-attrib $-1 -1 $-1 $-1 $4162 256 #
vertex $-1 -1 $-1 $4299 $4448 #
vertex $-1 -1 $-1 $4446 $4449 #
straight-curve $-1 -1 $-1 0.3000000000000000444 10.87735042735042867 -0.25 0 0 -1 I I #
coedge $-1 -1 $-1 $4450 $4451 $4163 $4308 reversed $4411 $-1 #
edge $4452 -1 $-1 $4312 -0.75 $4316 0.25 $4163 $4453 forward @7 unknown #
coedge $-1 -1 $-1 $4441 $4164 $4169 $4319 forward $264 $-1 #
coedge $-1 -1 $-1 $4164 $4454 $4450 $4455 forward $264 $-1 #
color-adesk-attrib $-1 -1 $-1 $-1 $4165 256 #
vertex $-1 -1 $-1 $4165 $4456 #
coedge $-1 -1 $-1 $4457 $4166 $4451 $4458 reversed $102 $-1 #
coedge $-1 -1 $-1 $4166 $4439 $4168 $4318 reversed $102 $-1 #
color-adesk-attrib $-1 -1 $-1 $-1 $4167 256 #
vertex $-1 -1 $-1 $4458 $4459 #
coedge $-1 -1 $-1 $4169 $4168 $4444 $4460 forward $4170 $-1 #
edge $4461 -1 $-1 $4172 0 $4462 0.3350401926004216713 $4168 $4463 forward @7 unknown #
edge $4464 -1 $-1 $4173 0 $4465 0.3350401926004216713 $4169 $4466 forward @7 unknown #
face $4467 -1 $-1 $4447 $4170 $8 $-1 $4468 forward single #
point $-1 -1 $-1 0.3000000000000018208 10.53735042735042882 -0.5 #
point $-1 -1 $-1 0.3000000000000018208 10.53735042735042882 0.5 #
point $-1 -1 $-1 0.3000000000000019318 11.56299145299145437 0.5 #
color-adesk-attrib $-1 -1 $-1 $-1 $4181 256 #
straight-curve $-1 -1 $-1 0.5146107499519891881 11.47839336207835714 0.5 -0.9330902171825534719 0.3596423870989281513 0 I I #
color-adesk-attrib $-1 -1 $-1 $-1 $4182 256 #
straight-curve $-1 -1 $-1 0.5146107499519891881 11.47839336207835714 -0.5 -0.9330902171825534719 0.3596423870989281513 0 F 0 F 0.2299999999999999822 #
color-adesk-attrib $-1 -1 $-1 $-1 $4183 256 #
plane-surface $-1 -1 $-1 0.5146107499519891881 11.47839336207835714 -0.5 0.3596423870989281513 0.9330902171825534719 0 -0.9330902171825534719 0.3596423870989281513 0 forward_v I I I I #
coedge $-1 -1 $-1 $4187 $4186 $4279 $4414 reversed $4147 $-1 #
coedge $-1 -1 $-1 $4280 $4279 $4190 $4332 reversed $4013 $-1 #
edge $4469 -1 $-1 $4443 0 $4334 0.3350401926004216713 $4331 $4470 forward @7 unknown #
color-adesk-attrib $-1 -1 $-1 $-1 $4191 256 #
vertex $-1 -1 $-1 $4414 $4471 #
straight-curve $-1 -1 $-1 0.5146107499519891881 11.13651302019801648 0.5 -0.9330902171825534719 0.3596423870989281513 0 I I #
color-adesk-attrib $-1 -1 $-1 $-1 $4194 256 #
vertex $-1 -1 $-1 $4194 $4472 #
straight-curve $-1 -1 $-1 0.5146107499519891881 11.13651302019801648 -0.5 -0.9330902171825534719 0.3596423870989281513 0 F 0 F 0.2299999999999999822 #
color-adesk-attrib $-1 -1 $-1 $-1 $4196 256 #
straight-curve $-1 -1 $-1 0.5146107499519891881 11.47839336207835714 -0.5 0 0 1 I I #
point $-1 -1 $-1 0.5146107499519891881 11.47839336207835714 -0.5 #
point $-1 -1 $-1 0.5146107499519891881 11.47839336207835714 0.5 #
color-adesk-attrib $-1 -1 $-1 $-1 $4210 256 #
face $4473 -1 $-1 $4474 $4475 $8 $-1 $4476 forward single #
loop $-1 -1 $-1 $-1 $4477 $4210 #
plane-surface $-1 -1 $-1 0.3000000000000008216 -6.556666666666664867 -0.5 0.7679145865167543716 -0.6405522522127310436 0 0.6405522522127310436 0.7679145865167543716 0 forward_v I I I I #
coedge $-1 -1 $-1 $4478 $4479 $4480 $4481 forward $4211 $-1 #
coedge $-1 -1 $-1 $4482 $4213 $4479 $4483 forward $4081 $-1 #
coedge $-1 -1 $-1 $4213 $4482 $4484 $4485 reversed $4081 $-1 #
coedge $-1 -1 $-1 $4486 $4480 $4213 $4351 reversed $102 $-1 #
edge $4487 -1 $-1 $4488 0 $4489 0.3350401926004216713 $4213 $4490 forward @7 unknown #
coedge $-1 -1 $-1 $4215 $4214 $4491 $4492 reversed $3947 $-1 #
coedge $-1 -1 $-1 $4493 $4494 $4214 $4354 forward $4495 $-1 #
edge $4496 -1 $-1 $4497 -0.75 $4357 0.25 $4353 $4498 forward @7 unknown #
coedge $-1 -1 $-1 $4216 $4499 $4493 $4500 forward $102 $-1 #
color-adesk-attrib $-1 -1 $-1 $-1 $4217 256 #
vertex $-1 -1 $-1 $4217 $4501 #
straight-curve $-1 -1 $-1 0.5146107499519880779 -7.66690578322078764 -0.5 -0.9330902171825534719 0.3596423870989281513 0 F 0 F 0.2299999999999999822 #
coedge $-1 -1 $-1 $4491 $4502 $4218 $4360 forward $264 $-1 #
edge $4503 -1 $-1 $4368 0 $4362 0.3350401926004216713 $4218 $4504 forward @7 unknown #
color-adesk-attrib $-1 -1 $-1 $-1 $4219 256 #
vertex $-1 -1 $-1 $4219 $4505 #
straight-curve $-1 -1 $-1 0.5146107499519880779 -7.66690578322078764 -0.5 0 0 1 I I #
coedge $-1 -1 $-1 $4506 $4220 $4502 $4507 reversed $4366 $-1 #
coedge $-1 -1 $-1 $4220 $4506 $4222 $4371 reversed $4366 $-1 #
loop $-1 -1 $-1 $-1 $4220 $4508 #
color-adesk-attrib $-1 -1 $-1 $-1 $4221 256 #
vertex $-1 -1 $-1 $4360 $4509 #
straight-curve $-1 -1 $-1 0.3000000000000002665 -7.924188034188035523 -0.25 0 0 1 I I #
coedge $-1 -1 $-1 $4235 $4222 $4510 $4511 reversed $102 $-1 #
edge $4512 -1 $-1 $4224 7.924188034188034635 $4513 7.926068376068375443 $4365 $277 forward @7 unknown #
point $-1 -1 $-1 0.3000000000000007105 -7.924188034188034635 -0.5 #
point $-1 -1 $-1 0.5146107499519880779 -7.66690578322078764 -0.5 #
coedge $-1 -1 $-1 $4514 $4227 $4230 $4378 forward $264 $-1 #
color-adesk-attrib $-1 -1 $-1 $-1 $4228 256 #
straight-curve $-1 -1 $-1 0.5146107499519879669 -8.350666466981468972 0.5 -0.9330902171825534719 0.3596423870989281513 0 I I #
coedge $-1 -1 $-1 $4230 $4229 $4515 $4516 forward $4231 $-1 #
edge $4517 -1 $-1 $4233 -8.267948717948716109 $4518 -8.266068376068375301 $4230 $352 forward @7 unknown #
face $4519 -1 $-1 $3980 $4231 $8 $-1 $354 reversed single #
point $-1 -1 $-1 0.3000000000000007105 -8.267948717948716109 0.5 #
coedge $-1 -1 $-1 $4520 $4515 $4235 $4382 forward $4521 $-1 #
edge $4522 -1 $-1 $4384 0 $4523 0.3350401926004216713 $4381 $4524 forward @7 unknown #
color-adesk-attrib $-1 -1 $-1 $-1 $4236 256 #
vertex $-1 -1 $-1 $4236 $4525 #
coedge $-1 -1 $-1 $4238 $4250 $4526 $4527 forward $264 $-1 #
coedge $-1 -1 $-1 $4526 $4246 $4242 $4387 reversed $4392 $-1 #
edge $4528 -1 $-1 $4389 -0.75 $4249 0.25 $4242 $4529 forward @7 unknown #
color-adesk-attrib $-1 -1 $-1 $-1 $4243 256 #
vertex $-1 -1 $-1 $4243 $4530 #
color-adesk-attrib $-1 -1 $-1 $-1 $4244 256 #
coedge $-1 -1 $-1 $4246 $4526 $4256 $4401 reversed $4392 $-1 #
loop $-1 -1 $-1 $-1 $4246 $4531 #
color-adesk-attrib $-1 -1 $-1 $-1 $4247 256 #
straight-curve $-1 -1 $-1 0.5146107499519879669 -8.69254680886181319 -0.5 -0.9330902171825534719 0.3596423870989281513 0 F 0 F 0.2299999999999999822 #
point $-1 -1 $-1 0.300000000000000655 -8.609829059829060327 -0.5 #
coedge $-1 -1 $-1 $4251 $4256 $4250 $4397 reversed $4257 $-1 #
edge $4532 -1 $-1 $4254 0 $4533 0.3350401926004216713 $4396 $4534 forward @7 unknown #
color-adesk-attrib $-1 -1 $-1 $-1 $4252 256 #
straight-curve $-1 -1 $-1 0.2999999999999998224 -8.949829059829061961 -0.25 0 0 1 I I #
point $-1 -1 $-1 0.300000000000000655 -8.949829059829060185 0.5 #
edge $4535 -1 $-1 $4259 0 $4533 1 $4391 $4536 forward @7 unknown #
face $4537 -1 $-1 $4531 $4257 $8 $-1 $4538 forward single #
point $-1 -1 $-1 0.5146107499519879669 -8.69254680886181319 -0.5 #
color-adesk-attrib $-1 -1 $-1 $-1 $4263 256 #
straight-curve $-1 -1 $-1 0.5146107499519878559 -9.376307492622498074 0.5 -0.9330902171825534719 0.3596423870989281513 0 I I #
color-adesk-attrib $-1 -1 $-1 $-1 $4267 256 #
plane-surface $-1 -1 $-1 0.5146107499519878559 -9.376307492622498074 -0.5 0.3596423870989281513 0.9330902171825534719 0 -0.9330902171825534719 0.3596423870989281513 0 forward_v I I I I #
point $-1 -1 $-1 0.5146107499519878559 -9.376307492622498074 0.5 #
color-adesk-attrib $-1 -1 $-1 $-1 $4276 256 #
face $4539 -1 $-1 $4540 $4541 $8 $-1 $4542 forward single #
loop $-1 -1 $-1 $-1 $4451 $4276 #
plane-surface $-1 -1 $-1 0.5146107499519891881 10.45275233643733159 -0.5 0.3596423870989281513 0.9330902171825534719 0 -0.9330902171825534719 0.3596423870989281513 0 forward_v I I I I #
coedge $-1 -1 $-1 $4543 $4544 $4457 $4545 forward $4277 $-1 #
edge $4546 -1 $-1 $4337 0 $4334 1 $4330 $4547 forward @7 unknown #
edge $4548 -1 $-1 $4417 -0.25 $4443 0.75 $4295 $4549 forward @7 unknown #
color-adesk-attrib $-1 -1 $-1 $-1 $4281 256 #
vertex $-1 -1 $-1 $4297 $4550 #
straight-curve $-1 -1 $-1 0.3000000000000018763 10.87923076923076948 -0.5 0.6405522522127310436 0.7679145865167543716 0 F 0 F 0.3350401926004216713 #
color-adesk-attrib $-1 -1 $-1 $-1 $4288 256 #
face $4551 -1 $-1 $4552 $4553 $8 $-1 $354 reversed single #
loop $-1 -1 $-1 $-1 $4554 $4288 #
coedge $-1 -1 $-1 $4555 $4556 $4557 $4558 forward $4289 $-1 #
coedge $-1 -1 $-1 $4559 $4290 $4560 $4561 reversed $4157 $-1 #
coedge $-1 -1 $-1 $4290 $4559 $4562 $4563 reversed $4157 $-1 #
coedge $-1 -1 $-1 $4564 $4565 $4290 $4426 reversed $4566 $-1 #
edge $4567 -1 $-1 $4568 -0.75 $4569 0.25 $4290 $4570 forward @7 unknown #
coedge $-1 -1 $-1 $4292 $4291 $4571 $4572 forward $4025 $-1 #
coedge $-1 -1 $-1 $4573 $4574 $4291 $4429 forward $264 $-1 #
edge $4575 -1 $-1 $4576 9.851709401709403124 $4437 9.853589743589743932 $4291 $352 forward @7 unknown #
coedge $-1 -1 $-1 $4577 $4578 $4292 $4431 forward $102 $-1 #
edge $4579 -1 $-1 $4436 -9.853589743589743932 $4580 -9.851709401709403124 $4292 $277 forward @7 unknown #
coedge $-1 -1 $-1 $4581 $4293 $4578 $4582 forward $4434 $-1 #
coedge $-1 -1 $-1 $4293 $4581 $4573 $4583 reversed $4434 $-1 #
loop $-1 -1 $-1 $-1 $4432 $4584 #
color-adesk-attrib $-1 -1 $-1 $-1 $4294 256 #
vertex $-1 -1 $-1 $4431 $4585 #
vertex $-1 -1 $-1 $4583 $4586 #
straight-curve $-1 -1 $-1 0.2999999999999998224 9.853589743589742156 -0.25 0 0 1 I I #
coedge $-1 -1 $-1 $4314 $4296 $4301 $4446 reversed $102 $-1 #
color-adesk-attrib $-1 -1 $-1 $-1 $4297 256 #
coedge $-1 -1 $-1 $4298 $4309 $4300 $4445 forward $264 $-1 #
color-adesk-attrib $-1 -1 $-1 $-1 $4299 256 #
vertex $-1 -1 $-1 $4332 $4587 #
coedge $-1 -1 $-1 $4301 $4300 $4317 $4460 reversed $4302 $-1 #
edge $4588 -1 $-1 $4465 0 $4304 0.2299999999999999822 $4300 $4589 forward @7 unknown #
edge $4590 -1 $-1 $4462 0 $4305 0.2299999999999999822 $4301 $4591 forward @7 unknown #
face $4592 -1 $-1 $4056 $4302 $8 $-1 $4593 forward single #
point $-1 -1 $-1 0.3000000000000018208 10.87735042735042867 0.5 #
point $-1 -1 $-1 0.3000000000000018208 10.87735042735042867 -0.5 #
coedge $-1 -1 $-1 $4594 $4307 $4310 $4455 reversed $4411 $-1 #
coedge $-1 -1 $-1 $4307 $4594 $4313 $4458 forward $4411 $-1 #
color-adesk-attrib $-1 -1 $-1 $-1 $4308 256 #
straight-curve $-1 -1 $-1 0.3000000000000000444 10.53547008547008623 -0.25 0 0 -1 I I #
coedge $-1 -1 $-1 $4310 $4562 $4595 $4596 forward $264 $-1 #
edge $4597 -1 $-1 $4598 0 $4312 0.2299999999999999822 $4450 $4599 forward @7 unknown #
point $-1 -1 $-1 0.3000000000000018208 10.53547008547008446 0.5 #
coedge $-1 -1 $-1 $4560 $4313 $4413 $4545 reversed $102 $-1 #
edge $4600 -1 $-1 $4601 0 $4316 0.2299999999999999822 $4451 $4602 forward @7 unknown #
point $-1 -1 $-1 0.3000000000000018208 10.53547008547008446 -0.5 #
edge $4603 -1 $-1 $4462 0 $4465 1 $4444 $4604 forward @7 unknown #
color-adesk-attrib $-1 -1 $-1 $-1 $4318 256 #
vertex $-1 -1 $-1 $4446 $4605 #
straight-curve $-1 -1 $-1 0.3000000000000018208 10.53735042735042882 -0.5 0.6405522522127310436 0.7679145865167543716 0 F 0 F 0.3350401926004216713 #
color-adesk-attrib $-1 -1 $-1 $-1 $4319 256 #
vertex $-1 -1 $-1 $4460 $4606 #
straight-curve $-1 -1 $-1 0.3000000000000018208 10.53735042735042882 0.5 0.6405522522127310436 0.7679145865167543716 0 I I #
color-adesk-attrib $-1 -1 $-1 $-1 $4320 256 #
plane-surface $-1 -1 $-1 0.3000000000000018208 10.53735042735042882 -0.5 0.7679145865167543716 -0.6405522522127310436 0 0.6405522522127310436 0.7679145865167543716 0 forward_v I I I I #
color-adesk-attrib $-1 -1 $-1 $-1 $4332 256 #
straight-curve $-1 -1 $-1 0.3000000000000018763 10.87923076923076948 0.5 0.6405522522127310436 0.7679145865167543716 0 I I #
point $-1 -1 $-1 0.5146107499519891881 11.13651302019801648 0.5 #
point $-1 -1 $-1 0.5146107499519891881 11.13651302019801648 -0.5 #
color-adesk-attrib $-1 -1 $-1 $-1 $4344 256 #
face $4607 -1 $-1 $4608 $4609 $8 $-1 $4610 forward single #
loop $-1 -1 $-1 $-1 $4611 $4344 #
plane-surface $-1 -1 $-1 0.5146107499519880779 -6.299384415699417872 -0.5 0.3596423870989281513 0.9330902171825534719 0 -0.9330902171825534719 0.3596423870989281513 0 forward_v I I I I #
coedge $-1 -1 $-1 $4612 $4613 $4614 $4615 forward $4345 $-1 #
coedge $-1 -1 $-1 $4616 $4347 $4617 $4618 reversed $4211 $-1 #
coedge $-1 -1 $-1 $4347 $4616 $4348 $4483 reversed $4211 $-1 #
coedge $-1 -1 $-1 $4350 $4619 $4347 $4481 reversed $102 $-1 #
edge $4620 -1 $-1 $4489 0 $4621 0.2299999999999999822 $4347 $4622 forward @7 unknown #
coedge $-1 -1 $-1 $4349 $4348 $4623 $4624 reversed $4081 $-1 #
edge $4625 -1 $-1 $4489 0 $4626 1 $4479 $4627 forward @7 unknown #
coedge $-1 -1 $-1 $4628 $4629 $4349 $4485 forward $4630 $-1 #
edge $4631 -1 $-1 $4488 -0.25 $4632 0.75 $4484 $4633 forward @7 unknown #
coedge $-1 -1 $-1 $4634 $4350 $4629 $4635 forward $102 $-1 #
color-adesk-attrib $-1 -1 $-1 $-1 $4351 256 #
vertex $-1 -1 $-1 $4635 $4636 #
vertex $-1 -1 $-1 $4481 $4637 #
straight-curve $-1 -1 $-1 0.3000000000000007661 -7.240427350427353304 -0.5 0.6405522522127310436 0.7679145865167543716 0 F 0 F 0.3350401926004216713 #
coedge $-1 -1 $-1 $4638 $4359 $4352 $4492 forward $264 $-1 #
edge $4639 -1 $-1 $4362 0 $4497 0.2299999999999999822 $4352 $4640 forward @7 unknown #
coedge $-1 -1 $-1 $4641 $4353 $4355 $4500 reversed $4495 $-1 #
coedge $-1 -1 $-1 $4353 $4641 $4638 $4642 reversed $4495 $-1 #
loop $-1 -1 $-1 $-1 $4353 $4643 #
color-adesk-attrib $-1 -1 $-1 $-1 $4354 256 #
vertex $-1 -1 $-1 $4642 $4644 #
straight-curve $-1 -1 $-1 0.3000000000000000444 -7.584188034188033889 -0.25 0 0 -1 I I #
coedge $-1 -1 $-1 $4355 $4634 $4645 $4646 reversed $102 $-1 #
edge $4647 -1 $-1 $4648 7.582307692307693969 $4357 7.584188034188034777 $4493 $277 forward @7 unknown #
point $-1 -1 $-1 0.3000000000000007105 -7.584188034188034777 -0.5 #
coedge $-1 -1 $-1 $4359 $4649 $4364 $4507 forward $264 $-1 #
color-adesk-attrib $-1 -1 $-1 $-1 $4360 256 #
straight-curve $-1 -1 $-1 0.3000000000000007105 -7.924188034188034635 0.5 0.6405522522127310436 0.7679145865167543716 0 I I #
point $-1 -1 $-1 0.5146107499519880779 -7.66690578322078764 0.5 #
coedge $-1 -1 $-1 $4365 $4364 $4650 $4651 forward $4366 $-1 #
edge $4652 -1 $-1 $4653 -7.926068376068375443 $4368 -7.924188034188034635 $4364 $352 forward @7 unknown #
face $4654 -1 $-1 $4643 $4366 $8 $-1 $354 reversed single #
point $-1 -1 $-1 0.3000000000000007105 -7.924188034188034635 0.5 #
coedge $-1 -1 $-1 $4650 $4655 $4370 $4511 forward $4656 $-1 #
edge $4657 -1 $-1 $4523 0 $4513 0.2299999999999999822 $4510 $4658 forward @7 unknown #
color-adesk-attrib $-1 -1 $-1 $-1 $4371 256 #
vertex $-1 -1 $-1 $4511 $4659 #
coedge $-1 -1 $-1 $4649 $4374 $4660 $4661 forward $264 $-1 #
coedge $-1 -1 $-1 $4381 $4660 $4377 $4516 reversed $4521 $-1 #
edge $4662 -1 $-1 $4384 -0.25 $4518 0.75 $4377 $4663 forward @7 unknown #
color-adesk-attrib $-1 -1 $-1 $-1 $4378 256 #
vertex $-1 -1 $-1 $4661 $4664 #
color-adesk-attrib $-1 -1 $-1 $-1 $4379 256 #
coedge $-1 -1 $-1 $4660 $4381 $4655 $4665 forward $4521 $-1 #
loop $-1 -1 $-1 $-1 $4381 $4666 #
color-adesk-attrib $-1 -1 $-1 $-1 $4382 256 #
vertex $-1 -1 $-1 $4511 $4667 #
straight-curve $-1 -1 $-1 0.3000000000000007105 -8.266068376068375301 -0.5 0.6405522522127310436 0.7679145865167543716 0 F 0 F 0.3350401926004216713 #
point $-1 -1 $-1 0.3000000000000007105 -8.266068376068375301 -0.5 #
coedge $-1 -1 $-1 $4391 $4386 $4385 $4527 reversed $4392 $-1 #
edge $4668 -1 $-1 $4533 0 $4389 0.2299999999999999822 $4526 $4669 forward @7 unknown #
color-adesk-attrib $-1 -1 $-1 $-1 $4387 256 #
straight-curve $-1 -1 $-1 0.2999999999999998224 -8.609829059829060327 -0.25 0 0 -1 I I #
point $-1 -1 $-1 0.300000000000000655 -8.609829059829060327 0.5 #
face $4670 -1 $-1 $4138 $4392 $8 $-1 $4671 forward single #
color-adesk-attrib $-1 -1 $-1 $-1 $4397 256 #
vertex $-1 -1 $-1 $4401 $4672 #
straight-curve $-1 -1 $-1 0.300000000000000655 -8.949829059829060185 0.5 0.6405522522127310436 0.7679145865167543716 0 I I #
color-adesk-attrib $-1 -1 $-1 $-1 $4401 256 #
straight-curve $-1 -1 $-1 0.5146107499519879669 -8.69254680886181319 -0.5 0 0 1 I I #
color-adesk-attrib $-1 -1 $-1 $-1 $4402 256 #
plane-surface $-1 -1 $-1 0.300000000000000655 -8.949829059829060185 -0.5 0.7679145865167543716 -0.6405522522127310436 0 0.6405522522127310436 0.7679145865167543716 0 forward_v I I I I #
color-adesk-attrib $-1 -1 $-1 $-1 $4410 256 #
face $4673 -1 $-1 $4674 $4675 $8 $-1 $4676 forward single #
loop $-1 -1 $-1 $-1 $4677 $4410 #
plane-surface $-1 -1 $-1 0.3000000000000018208 9.511709401709403267 -0.5 0.7679145865167543716 -0.6405522522127310436 0 0.6405522522127310436 0.7679145865167543716 0 forward_v I I I I #
coedge $-1 -1 $-1 $4595 $4413 $4594 $4678 forward $4277 $-1 #
coedge $-1 -1 $-1 $4413 $4595 $4559 $4679 reversed $4277 $-1 #
edge $4680 -1 $-1 $4681 0 $4601 0.3350401926004216713 $4413 $4682 forward @7 unknown #
color-adesk-attrib $-1 -1 $-1 $-1 $4414 256 #
straight-curve $-1 -1 $-1 0.5146107499519891881 11.13651302019801648 -0.5 0 0 1 I I #
color-adesk-attrib $-1 -1 $-1 $-1 $4415 256 #
straight-curve $-1 -1 $-1 0.2999999999999998224 10.87923076923076593 -0.25 0 0 1 I I #
point $-1 -1 $-1 0.3000000000000018763 10.87923076923076948 -0.5 #
color-adesk-attrib $-1 -1 $-1 $-1 $4420 256 #
face $4683 -1 $-1 $4684 $4685 $8 $-1 $354 reversed single #
loop $-1 -1 $-1 $-1 $4686 $4420 #
coedge $-1 -1 $-1 $4687 $4688 $4689 $4690 forward $4421 $-1 #
coedge $-1 -1 $-1 $4691 $4422 $4692 $4693 reversed $4289 $-1 #
coedge $-1 -1 $-1 $4422 $4691 $4694 $4695 reversed $4289 $-1 #
coedge $-1 -1 $-1 $4696 $4697 $4422 $4558 reversed $4698 $-1 #
edge $4699 -1 $-1 $4700 -0.25 $4701 0.75 $4422 $4702 forward @7 unknown #
coedge $-1 -1 $-1 $4424 $4423 $4544 $4679 forward $4157 $-1 #
coedge $-1 -1 $-1 $4703 $4457 $4423 $4561 forward $102 $-1 #
edge $4704 -1 $-1 $4681 -10.1954700854700846 $4569 -10.19358974358974379 $4423 $277 forward @7 unknown #
coedge $-1 -1 $-1 $4454 $4705 $4424 $4563 forward $264 $-1 #
edge $4706 -1 $-1 $4568 10.19358974358974379 $4707 10.1954700854700846 $4424 $352 forward @7 unknown #
coedge $-1 -1 $-1 $4708 $4425 $4705 $4709 reversed $4566 $-1 #
coedge $-1 -1 $-1 $4425 $4708 $4703 $4710 forward $4566 $-1 #
loop $-1 -1 $-1 $-1 $4565 $4711 #
color-adesk-attrib $-1 -1 $-1 $-1 $4426 256 #
vertex $-1 -1 $-1 $4563 $4712 #
vertex $-1 -1 $-1 $4710 $4713 #
straight-curve $-1 -1 $-1 0.3000000000000002665 10.19358974358974557 -0.25 0 0 -1 I I #
coedge $-1 -1 $-1 $4714 $4715 $4427 $4572 reversed $4675 $-1 #
edge $4716 -1 $-1 $4576 -0.75 $4580 0.25 $4427 $4717 forward @7 unknown #
coedge $-1 -1 $-1 $4705 $4428 $4433 $4583 forward $264 $-1 #
coedge $-1 -1 $-1 $4428 $4718 $4714 $4719 forward $264 $-1 #
color-adesk-attrib $-1 -1 $-1 $-1 $4429 256 #
vertex $-1 -1 $-1 $4429 $4720 #
coedge $-1 -1 $-1 $4721 $4430 $4715 $4722 reversed $102 $-1 #
coedge $-1 -1 $-1 $4430 $4703 $4432 $4582 reversed $102 $-1 #
color-adesk-attrib $-1 -1 $-1 $-1 $4431 256 #
vertex $-1 -1 $-1 $4722 $4723 #
coedge $-1 -1 $-1 $4433 $4432 $4708 $4724 forward $4434 $-1 #
edge $4725 -1 $-1 $4436 0 $4726 0.3350401926004216713 $4432 $4727 forward @7 unknown #
edge $4728 -1 $-1 $4437 0 $4729 0.3350401926004216713 $4433 $4730 forward @7 unknown #
face $4731 -1 $-1 $4711 $4434 $8 $-1 $4732 forward single #
point $-1 -1 $-1 0.3000000000000018208 9.853589743589743932 -0.5 #
point $-1 -1 $-1 0.3000000000000018208 9.853589743589743932 0.5 #
point $-1 -1 $-1 0.3000000000000018763 10.87923076923076948 0.5 #
color-adesk-attrib $-1 -1 $-1 $-1 $4445 256 #
straight-curve $-1 -1 $-1 0.5146107499519891881 10.79463267831767581 0.5 -0.9330902171825534719 0.3596423870989281513 0 I I #
color-adesk-attrib $-1 -1 $-1 $-1 $4446 256 #
straight-curve $-1 -1 $-1 0.5146107499519891881 10.79463267831767581 -0.5 -0.9330902171825534719 0.3596423870989281513 0 F 0 F 0.2299999999999999822 #
color-adesk-attrib $-1 -1 $-1 $-1 $4447 256 #
plane-surface $-1 -1 $-1 0.5146107499519891881 10.79463267831767581 -0.5 0.3596423870989281513 0.9330902171825534719 0 -0.9330902171825534719 0.3596423870989281513 0 forward_v I I I I #
coedge $-1 -1 $-1 $4451 $4450 $4543 $4678 reversed $4411 $-1 #
coedge $-1 -1 $-1 $4544 $4543 $4454 $4596 reversed $4277 $-1 #
edge $4733 -1 $-1 $4707 0 $4598 0.3350401926004216713 $4595 $4734 forward @7 unknown #
color-adesk-attrib $-1 -1 $-1 $-1 $4455 256 #
vertex $-1 -1 $-1 $4678 $4735 #
straight-curve $-1 -1 $-1 0.5146107499519891881 10.45275233643733159 0.5 -0.9330902171825534719 0.3596423870989281513 0 I I #
color-adesk-attrib $-1 -1 $-1 $-1 $4458 256 #
vertex $-1 -1 $-1 $4458 $4736 #
straight-curve $-1 -1 $-1 0.5146107499519891881 10.45275233643733159 -0.5 -0.9330902171825534719 0.3596423870989281513 0 F 0 F 0.2299999999999999822 #
color-adesk-attrib $-1 -1 $-1 $-1 $4460 256 #
straight-curve $-1 -1 $-1 0.5146107499519891881 10.79463267831767581 -0.5 0 0 1 I I #
point $-1 -1 $-1 0.5146107499519891881 10.79463267831767581 -0.5 #
point $-1 -1 $-1 0.5146107499519891881 10.79463267831767581 0.5 #
color-adesk-attrib $-1 -1 $-1 $-1 $4474 256 #
face $4737 -1 $-1 $4738 $4739 $8 $-1 $4740 forward single #
loop $-1 -1 $-1 $-1 $4741 $4474 #
plane-surface $-1 -1 $-1 0.3000000000000008216 -5.872905982905983535 -0.5 0.7679145865167543716 -0.6405522522127310436 0 0.6405522522127310436 0.7679145865167543716 0 forward_v I I I I #
coedge $-1 -1 $-1 $4742 $4743 $4744 $4745 forward $4475 $-1 #
coedge $-1 -1 $-1 $4746 $4477 $4743 $4747 forward $4345 $-1 #
coedge $-1 -1 $-1 $4477 $4746 $4748 $4749 reversed $4345 $-1 #
coedge $-1 -1 $-1 $4750 $4744 $4477 $4615 reversed $102 $-1 #
edge $4751 -1 $-1 $4752 0 $4753 0.3350401926004216713 $4477 $4754 forward @7 unknown #
coedge $-1 -1 $-1 $4479 $4478 $4755 $4756 reversed $4211 $-1 #
coedge $-1 -1 $-1 $4757 $4758 $4478 $4618 forward $4759 $-1 #
edge $4760 -1 $-1 $4761 -0.75 $4621 0.25 $4617 $4762 forward @7 unknown #
coedge $-1 -1 $-1 $4480 $4763 $4757 $4764 forward $102 $-1 #
color-adesk-attrib $-1 -1 $-1 $-1 $4481 256 #
vertex $-1 -1 $-1 $4481 $4765 #
straight-curve $-1 -1 $-1 0.5146107499519880779 -6.983145099460106309 -0.5 -0.9330902171825534719 0.3596423870989281513 0 F 0 F 0.2299999999999999822 #
coedge $-1 -1 $-1 $4755 $4766 $4482 $4624 forward $264 $-1 #
edge $4767 -1 $-1 $4632 0 $4626 0.3350401926004216713 $4482 $4768 forward @7 unknown #
color-adesk-attrib $-1 -1 $-1 $-1 $4483 256 #
vertex $-1 -1 $-1 $4483 $4769 #
straight-curve $-1 -1 $-1 0.5146107499519880779 -6.983145099460106309 -0.5 0 0 1 I I #
coedge $-1 -1 $-1 $4770 $4484 $4766 $4771 reversed $4630 $-1 #
coedge $-1 -1 $-1 $4484 $4770 $4486 $4635 reversed $4630 $-1 #
loop $-1 -1 $-1 $-1 $4484 $4772 #
color-adesk-attrib $-1 -1 $-1 $-1 $4485 256 #
vertex $-1 -1 $-1 $4624 $4773 #
straight-curve $-1 -1 $-1 0.3000000000000002665 -7.240427350427354192 -0.25 0 0 1 I I #
coedge $-1 -1 $-1 $4499 $4486 $4774 $4775 reversed $102 $-1 #
edge $4776 -1 $-1 $4488 7.240427350427353304 $4777 7.242307692307694111 $4629 $277 forward @7 unknown #
point $-1 -1 $-1 0.3000000000000007661 -7.240427350427353304 -0.5 #
point $-1 -1 $-1 0.5146107499519880779 -6.983145099460106309 -0.5 #
coedge $-1 -1 $-1 $4778 $4491 $4494 $4642 forward $264 $-1 #
color-adesk-attrib $-1 -1 $-1 $-1 $4492 256 #
straight-curve $-1 -1 $-1 0.5146107499519880779 -7.66690578322078764 0.5 -0.9330902171825534719 0.3596423870989281513 0 I I #
coedge $-1 -1 $-1 $4494 $4493 $4779 $4780 forward $4495 $-1 #
edge $4781 -1 $-1 $4497 -7.584188034188034777 $4782 -7.582307692307693969 $4494 $352 forward @7 unknown #
face $4783 -1 $-1 $4244 $4495 $8 $-1 $354 reversed single #
point $-1 -1 $-1 0.3000000000000007105 -7.584188034188034777 0.5 #
coedge $-1 -1 $-1 $4784 $4779 $4499 $4646 forward $4785 $-1 #
edge $4786 -1 $-1 $4648 0 $4787 0.3350401926004216713 $4645 $4788 forward @7 unknown #
color-adesk-attrib $-1 -1 $-1 $-1 $4500 256 #
vertex $-1 -1 $-1 $4500 $4789 #
coedge $-1 -1 $-1 $4502 $4514 $4790 $4791 forward $264 $-1 #
coedge $-1 -1 $-1 $4790 $4510 $4506 $4651 reversed $4656 $-1 #
edge $4792 -1 $-1 $4653 -0.75 $4513 0.25 $4506 $4793 forward @7 unknown #
color-adesk-attrib $-1 -1 $-1 $-1 $4507 256 #
vertex $-1 -1 $-1 $4507 $4794 #
color-adesk-attrib $-1 -1 $-1 $-1 $4508 256 #
coedge $-1 -1 $-1 $4510 $4790 $4520 $4665 reversed $4656 $-1 #
loop $-1 -1 $-1 $-1 $4510 $4795 #
color-adesk-attrib $-1 -1 $-1 $-1 $4511 256 #
straight-curve $-1 -1 $-1 0.5146107499519879669 -8.008786125101128306 -0.5 -0.9330902171825534719 0.3596423870989281513 0 F 0 F 0.2299999999999999822 #
point $-1 -1 $-1 0.3000000000000007105 -7.926068376068375443 -0.5 #
coedge $-1 -1 $-1 $4515 $4520 $4514 $4661 reversed $4521 $-1 #
edge $4796 -1 $-1 $4518 0 $4797 0.3350401926004216713 $4660 $4798 forward @7 unknown #
color-adesk-attrib $-1 -1 $-1 $-1 $4516 256 #
straight-curve $-1 -1 $-1 0.2999999999999998224 -8.266068376068377077 -0.25 0 0 1 I I #
point $-1 -1 $-1 0.3000000000000007105 -8.266068376068375301 0.5 #
edge $4799 -1 $-1 $4523 0 $4797 1 $4655 $4800 forward @7 unknown #
face $4801 -1 $-1 $4795 $4521 $8 $-1 $4802 forward single #
point $-1 -1 $-1 0.5146107499519879669 -8.008786125101128306 -0.5 #
color-adesk-attrib $-1 -1 $-1 $-1 $4527 256 #
straight-curve $-1 -1 $-1 0.5146107499519879669 -8.69254680886181319 0.5 -0.9330902171825534719 0.3596423870989281513 0 I I #
color-adesk-attrib $-1 -1 $-1 $-1 $4531 256 #
plane-surface $-1 -1 $-1 0.5146107499519879669 -8.69254680886181319 -0.5 0.3596423870989281513 0.9330902171825534719 0 -0.9330902171825534719 0.3596423870989281513 0 forward_v I I I I #
point $-1 -1 $-1 0.5146107499519879669 -8.69254680886181319 0.5 #
color-adesk-attrib $-1 -1 $-1 $-1 $4540 256 #
face $4803 -1 $-1 $4804 $4805 $8 $-1 $4806 forward single #
loop $-1 -1 $-1 $-1 $4715 $4540 #
plane-surface $-1 -1 $-1 0.5146107499519890771 9.768991652676650261 -0.5 0.3596423870989281513 0.9330902171825534719 0 -0.9330902171825534719 0.3596423870989281513 0 forward_v I I I I #
coedge $-1 -1 $-1 $4807 $4808 $4721 $4809 forward $4541 $-1 #
edge $4810 -1 $-1 $4601 0 $4598 1 $4594 $4811 forward @7 unknown #
edge $4812 -1 $-1 $4681 -0.25 $4707 0.75 $4559 $4813 forward @7 unknown #
color-adesk-attrib $-1 -1 $-1 $-1 $4545 256 #
vertex $-1 -1 $-1 $4561 $4814 #
straight-curve $-1 -1 $-1 0.3000000000000018208 10.1954700854700846 -0.5 0.6405522522127310436 0.7679145865167543716 0 F 0 F 0.3350401926004216713 #
color-adesk-attrib $-1 -1 $-1 $-1 $4552 256 #
face $4815 -1 $-1 $4816 $4817 $8 $-1 $354 reversed single #
loop $-1 -1 $-1 $-1 $4818 $4552 #
coedge $-1 -1 $-1 $4819 $4820 $4821 $4822 forward $4553 $-1 #
coedge $-1 -1 $-1 $4823 $4554 $4824 $4825 reversed $4421 $-1 #
coedge $-1 -1 $-1 $4554 $4823 $4826 $4827 reversed $4421 $-1 #
coedge $-1 -1 $-1 $4828 $4829 $4554 $4690 reversed $4830 $-1 #
edge $4831 -1 $-1 $4832 -0.75 $4833 0.25 $4554 $4834 forward @7 unknown #
coedge $-1 -1 $-1 $4556 $4555 $4835 $4836 forward $4289 $-1 #
coedge $-1 -1 $-1 $4837 $4838 $4555 $4693 forward $264 $-1 #
edge $4839 -1 $-1 $4840 9.16794871794871824 $4701 9.169829059829059048 $4555 $352 forward @7 unknown #
coedge $-1 -1 $-1 $4841 $4842 $4556 $4695 forward $102 $-1 #
edge $4843 -1 $-1 $4700 -9.169829059829059048 $4844 -9.16794871794871824 $4556 $277 forward @7 unknown #
coedge $-1 -1 $-1 $4845 $4557 $4842 $4846 forward $4698 $-1 #
coedge $-1 -1 $-1 $4557 $4845 $4837 $4847 reversed $4698 $-1 #
loop $-1 -1 $-1 $-1 $4696 $4848 #
color-adesk-attrib $-1 -1 $-1 $-1 $4558 256 #
vertex $-1 -1 $-1 $4695 $4849 #
vertex $-1 -1 $-1 $4847 $4850 #
straight-curve $-1 -1 $-1 0.3000000000000000444 9.169829059829057272 -0.25 0 0 1 I I #
coedge $-1 -1 $-1 $4578 $4560 $4565 $4710 reversed $102 $-1 #
color-adesk-attrib $-1 -1 $-1 $-1 $4561 256 #
coedge $-1 -1 $-1 $4562 $4573 $4564 $4709 forward $264 $-1 #
color-adesk-attrib $-1 -1 $-1 $-1 $4563 256 #
vertex $-1 -1 $-1 $4596 $4851 #
coedge $-1 -1 $-1 $4565 $4564 $4581 $4724 reversed $4566 $-1 #
edge $4852 -1 $-1 $4729 0 $4568 0.2299999999999999822 $4564 $4853 forward @7 unknown #
edge $4854 -1 $-1 $4726 0 $4569 0.2299999999999999822 $4565 $4855 forward @7 unknown #
face $4856 -1 $-1 $4320 $4566 $8 $-1 $4857 forward single #
point $-1 -1 $-1 0.3000000000000018208 10.19358974358974379 0.5 #
point $-1 -1 $-1 0.3000000000000018208 10.19358974358974379 -0.5 #
coedge $-1 -1 $-1 $4858 $4571 $4574 $4719 reversed $4675 $-1 #
coedge $-1 -1 $-1 $4571 $4858 $4577 $4722 forward $4675 $-1 #
color-adesk-attrib $-1 -1 $-1 $-1 $4572 256 #
straight-curve $-1 -1 $-1 0.3000000000000002665 9.851709401709404901 -0.25 0 0 -1 I I #
coedge $-1 -1 $-1 $4574 $4826 $4859 $4860 forward $264 $-1 #
edge $4861 -1 $-1 $4862 0 $4576 0.2299999999999999822 $4714 $4863 forward @7 unknown #
point $-1 -1 $-1 0.3000000000000018208 9.851709401709403124 0.5 #
coedge $-1 -1 $-1 $4824 $4577 $4677 $4809 reversed $102 $-1 #
edge $4864 -1 $-1 $4865 0 $4580 0.2299999999999999822 $4715 $4866 forward @7 unknown #
point $-1 -1 $-1 0.3000000000000018208 9.851709401709403124 -0.5 #
edge $4867 -1 $-1 $4726 0 $4729 1 $4708 $4868 forward @7 unknown #
color-adesk-attrib $-1 -1 $-1 $-1 $4582 256 #
vertex $-1 -1 $-1 $4710 $4869 #
straight-curve $-1 -1 $-1 0.3000000000000018208 9.853589743589743932 -0.5 0.6405522522127310436 0.7679145865167543716 0 F 0 F 0.3350401926004216713 #
color-adesk-attrib $-1 -1 $-1 $-1 $4583 256 #
vertex $-1 -1 $-1 $4724 $4870 #
straight-curve $-1 -1 $-1 0.3000000000000018208 9.853589743589743932 0.5 0.6405522522127310436 0.7679145865167543716 0 I I #
color-adesk-attrib $-1 -1 $-1 $-1 $4584 256 #
plane-surface $-1 -1 $-1 0.3000000000000018208 9.853589743589743932 -0.5 0.7679145865167543716 -0.6405522522127310436 0 0.6405522522127310436 0.7679145865167543716 0 forward_v I I I I #
color-adesk-attrib $-1 -1 $-1 $-1 $4596 256 #
straight-curve $-1 -1 $-1 0.3000000000000018208 10.1954700854700846 0.5 0.6405522522127310436 0.7679145865167543716 0 I I #
point $-1 -1 $-1 0.5146107499519891881 10.45275233643733159 0.5 #
point $-1 -1 $-1 0.5146107499519891881 10.45275233643733159 -0.5 #
color-adesk-attrib $-1 -1 $-1 $-1 $4608 256 #
face $4871 -1 $-1 $4872 $4873 $8 $-1 $4874 forward single #
loop $-1 -1 $-1 $-1 $4875 $4608 #
plane-surface $-1 -1 $-1 0.5146107499519880779 -5.61562373193873654 -0.5 0.3596423870989281513 0.9330902171825534719 0 -0.9330902171825534719 0.3596423870989281513 0 forward_v I I I I #
coedge $-1 -1 $-1 $4876 $4877 $4878 $4879 forward $4609 $-1 #
coedge $-1 -1 $-1 $4880 $4611 $4881 $4882 reversed $4475 $-1 #
coedge $-1 -1 $-1 $4611 $4880 $4612 $4747 reversed $4475 $-1 #
coedge $-1 -1 $-1 $4614 $4883 $4611 $4745 reversed $102 $-1 #
edge $4884 -1 $-1 $4753 0 $4885 0.2299999999999999822 $4611 $4886 forward @7 unknown #
coedge $-1 -1 $-1 $4613 $4612 $4887 $4888 reversed $4345 $-1 #
edge $4889 -1 $-1 $4753 0 $4890 1 $4743 $4891 forward @7 unknown #
coedge $-1 -1 $-1 $4892 $4893 $4613 $4749 forward $4894 $-1 #
edge $4895 -1 $-1 $4752 -0.25 $4896 0.75 $4748 $4897 forward @7 unknown #
coedge $-1 -1 $-1 $4898 $4614 $4893 $4899 forward $102 $-1 #
color-adesk-attrib $-1 -1 $-1 $-1 $4615 256 #
vertex $-1 -1 $-1 $4899 $4900 #
vertex $-1 -1 $-1 $4745 $4901 #
straight-curve $-1 -1 $-1 0.3000000000000008216 -6.556666666666664867 -0.5 0.6405522522127310436 0.7679145865167543716 0 F 0 F 0.3350401926004216713 #
coedge $-1 -1 $-1 $4902 $4623 $4616 $4756 forward $264 $-1 #
edge $4903 -1 $-1 $4626 0 $4761 0.2299999999999999822 $4616 $4904 forward @7 unknown #
coedge $-1 -1 $-1 $4905 $4617 $4619 $4764 reversed $4759 $-1 #
coedge $-1 -1 $-1 $4617 $4905 $4902 $4906 reversed $4759 $-1 #
loop $-1 -1 $-1 $-1 $4617 $4907 #
color-adesk-attrib $-1 -1 $-1 $-1 $4618 256 #
vertex $-1 -1 $-1 $4906 $4908 #
straight-curve $-1 -1 $-1 0.3000000000000000444 -6.900427350427352557 -0.25 0 0 -1 I I #
coedge $-1 -1 $-1 $4619 $4898 $4909 $4910 reversed $102 $-1 #
edge $4911 -1 $-1 $4912 6.898547008547009085 $4621 6.900427350427353446 $4757 $277 forward @7 unknown #
point $-1 -1 $-1 0.3000000000000007661 -6.900427350427353446 -0.5 #
coedge $-1 -1 $-1 $4623 $4913 $4628 $4771 forward $264 $-1 #
color-adesk-attrib $-1 -1 $-1 $-1 $4624 256 #
straight-curve $-1 -1 $-1 0.3000000000000007661 -7.240427350427353304 0.5 0.6405522522127310436 0.7679145865167543716 0 I I #
point $-1 -1 $-1 0.5146107499519880779 -6.983145099460106309 0.5 #
coedge $-1 -1 $-1 $4629 $4628 $4914 $4915 forward $4630 $-1 #
edge $4916 -1 $-1 $4917 -7.242307692307694111 $4632 -7.240427350427353304 $4628 $352 forward @7 unknown #
face $4918 -1 $-1 $4907 $4630 $8 $-1 $354 reversed single #
point $-1 -1 $-1 0.3000000000000007661 -7.240427350427353304 0.5 #
coedge $-1 -1 $-1 $4914 $4919 $4634 $4775 forward $4920 $-1 #
edge $4921 -1 $-1 $4787 0 $4777 0.2299999999999999822 $4774 $4922 forward @7 unknown #
color-adesk-attrib $-1 -1 $-1 $-1 $4635 256 #
vertex $-1 -1 $-1 $4775 $4923 #
coedge $-1 -1 $-1 $4913 $4638 $4924 $4925 forward $264 $-1 #
coedge $-1 -1 $-1 $4645 $4924 $4641 $4780 reversed $4785 $-1 #
edge $4926 -1 $-1 $4648 -0.25 $4782 0.75 $4641 $4927 forward @7 unknown #
color-adesk-attrib $-1 -1 $-1 $-1 $4642 256 #
vertex $-1 -1 $-1 $4925 $4928 #
color-adesk-attrib $-1 -1 $-1 $-1 $4643 256 #
coedge $-1 -1 $-1 $4924 $4645 $4919 $4929 forward $4785 $-1 #
loop $-1 -1 $-1 $-1 $4645 $4930 #
color-adesk-attrib $-1 -1 $-1 $-1 $4646 256 #
vertex $-1 -1 $-1 $4775 $4931 #
straight-curve $-1 -1 $-1 0.3000000000000007105 -7.582307692307693969 -0.5 0.6405522522127310436 0.7679145865167543716 0 F 0 F 0.3350401926004216713 #
point $-1 -1 $-1 0.3000000000000007105 -7.582307692307693969 -0.5 #
coedge $-1 -1 $-1 $4655 $4650 $4649 $4791 reversed $4656 $-1 #
edge $4932 -1 $-1 $4797 0 $4653 0.2299999999999999822 $4790 $4933 forward @7 unknown #
color-adesk-attrib $-1 -1 $-1 $-1 $4651 256 #
straight-curve $-1 -1 $-1 0.2999999999999997113 -7.926068376068374555 -0.25 0 0 -1 I I #
point $-1 -1 $-1 0.3000000000000007105 -7.926068376068375443 0.5 #
face $4934 -1 $-1 $4402 $4656 $8 $-1 $4935 forward single #
color-adesk-attrib $-1 -1 $-1 $-1 $4661 256 #
vertex $-1 -1 $-1 $4665 $4936 #
straight-curve $-1 -1 $-1 0.3000000000000007105 -8.266068376068375301 0.5 0.6405522522127310436 0.7679145865167543716 0 I I #
color-adesk-attrib $-1 -1 $-1 $-1 $4665 256 #
straight-curve $-1 -1 $-1 0.5146107499519879669 -8.008786125101128306 -0.5 0 0 1 I I #
color-adesk-attrib $-1 -1 $-1 $-1 $4666 256 #
plane-surface $-1 -1 $-1 0.3000000000000007105 -8.266068376068375301 -0.5 0.7679145865167543716 -0.6405522522127310436 0 0.6405522522127310436 0.7679145865167543716 0 forward_v I I I I #
color-adesk-attrib $-1 -1 $-1 $-1 $4674 256 #
face $4937 -1 $-1 $4938 $4939 $8 $-1 $4940 forward single #
loop $-1 -1 $-1 $-1 $4941 $4674 #
plane-surface $-1 -1 $-1 0.3000000000000017653 8.827948717948718382 -0.5 0.7679145865167543716 -0.6405522522127310436 0 0.6405522522127310436 0.7679145865167543716 0 forward_v I I I I #
coedge $-1 -1 $-1 $4859 $4677 $4858 $4942 forward $4541 $-1 #
coedge $-1 -1 $-1 $4677 $4859 $4823 $4943 reversed $4541 $-1 #
edge $4944 -1 $-1 $4945 0 $4865 0.3350401926004216713 $4677 $4946 forward @7 unknown #
color-adesk-attrib $-1 -1 $-1 $-1 $4678 256 #
straight-curve $-1 -1 $-1 0.5146107499519891881 10.45275233643733159 -0.5 0 0 1 I I #
color-adesk-attrib $-1 -1 $-1 $-1 $4679 256 #
straight-curve $-1 -1 $-1 0.2999999999999998224 10.19547008547008282 -0.25 0 0 1 I I #
point $-1 -1 $-1 0.3000000000000018208 10.1954700854700846 -0.5 #
color-adesk-attrib $-1 -1 $-1 $-1 $4684 256 #
face $4947 -1 $-1 $4948 $4949 $8 $-1 $354 reversed single #
loop $-1 -1 $-1 $-1 $4950 $4684 #
coedge $-1 -1 $-1 $4951 $4952 $4953 $4954 forward $4685 $-1 #
coedge $-1 -1 $-1 $4955 $4686 $4956 $4957 reversed $4553 $-1 #
coedge $-1 -1 $-1 $4686 $4955 $4958 $4959 reversed $4553 $-1 #
coedge $-1 -1 $-1 $4960 $4961 $4686 $4822 reversed $4962 $-1 #
edge $4963 -1 $-1 $4964 -0.25 $4965 0.75 $4686 $4966 forward @7 unknown #
coedge $-1 -1 $-1 $4688 $4687 $4808 $4943 forward $4421 $-1 #
coedge $-1 -1 $-1 $4967 $4721 $4687 $4825 forward $102 $-1 #
edge $4968 -1 $-1 $4945 -9.511709401709403267 $4833 -9.509829059829058906 $4687 $277 forward @7 unknown #
coedge $-1 -1 $-1 $4718 $4969 $4688 $4827 forward $264 $-1 #
edge $4970 -1 $-1 $4832 9.509829059829058906 $4971 9.511709401709403267 $4688 $352 forward @7 unknown #
coedge $-1 -1 $-1 $4972 $4689 $4969 $4973 reversed $4830 $-1 #
coedge $-1 -1 $-1 $4689 $4972 $4967 $4974 forward $4830 $-1 #
loop $-1 -1 $-1 $-1 $4829 $4975 #
color-adesk-attrib $-1 -1 $-1 $-1 $4690 256 #
vertex $-1 -1 $-1 $4827 $4976 #
vertex $-1 -1 $-1 $4974 $4977 #
straight-curve $-1 -1 $-1 0.3000000000000002665 9.509829059829060682 -0.25 0 0 -1 I I #
coedge $-1 -1 $-1 $4978 $4979 $4691 $4836 reversed $4939 $-1 #
edge $4980 -1 $-1 $4840 -0.75 $4844 0.25 $4691 $4981 forward @7 unknown #
coedge $-1 -1 $-1 $4969 $4692 $4697 $4847 forward $264 $-1 #
coedge $-1 -1 $-1 $4692 $4982 $4978 $4983 forward $264 $-1 #
color-adesk-attrib $-1 -1 $-1 $-1 $4693 256 #
vertex $-1 -1 $-1 $4693 $4984 #
coedge $-1 -1 $-1 $4985 $4694 $4979 $4986 reversed $102 $-1 #
coedge $-1 -1 $-1 $4694 $4967 $4696 $4846 reversed $102 $-1 #
color-adesk-attrib $-1 -1 $-1 $-1 $4695 256 #
vertex $-1 -1 $-1 $4986 $4987 #
coedge $-1 -1 $-1 $4697 $4696 $4972 $4988 forward $4698 $-1 #
edge $4989 -1 $-1 $4700 0 $4990 0.3350401926004216713 $4696 $4991 forward @7 unknown #
edge $4992 -1 $-1 $4701 0 $4993 0.3350401926004216713 $4697 $4994 forward @7 unknown #
face $4995 -1 $-1 $4975 $4698 $8 $-1 $4996 forward single #
point $-1 -1 $-1 0.3000000000000017653 9.169829059829059048 -0.5 #
point $-1 -1 $-1 0.3000000000000017653 9.169829059829059048 0.5 #
point $-1 -1 $-1 0.3000000000000018208 10.1954700854700846 0.5 #
color-adesk-attrib $-1 -1 $-1 $-1 $4709 256 #
straight-curve $-1 -1 $-1 0.5146107499519890771 10.11087199455699093 0.5 -0.9330902171825534719 0.3596423870989281513 0 I I #
color-adesk-attrib $-1 -1 $-1 $-1 $4710 256 #
straight-curve $-1 -1 $-1 0.5146107499519890771 10.11087199455699093 -0.5 -0.9330902171825534719 0.3596423870989281513 0 F 0 F 0.2299999999999999822 #
color-adesk-attrib $-1 -1 $-1 $-1 $4711 256 #
plane-surface $-1 -1 $-1 0.5146107499519890771 10.11087199455699093 -0.5 0.3596423870989281513 0.9330902171825534719 0 -0.9330902171825534719 0.3596423870989281513 0 forward_v I I I I #
coedge $-1 -1 $-1 $4715 $4714 $4807 $4942 reversed $4675 $-1 #
coedge $-1 -1 $-1 $4808 $4807 $4718 $4860 reversed $4541 $-1 #
edge $4997 -1 $-1 $4971 0 $4862 0.3350401926004216713 $4859 $4998 forward @7 unknown #
color-adesk-attrib $-1 -1 $-1 $-1 $4719 256 #
vertex $-1 -1 $-1 $4942 $4999 #
straight-curve $-1 -1 $-1 0.5146107499519890771 9.768991652676650261 0.5 -0.9330902171825534719 0.3596423870989281513 0 I I #
color-adesk-attrib $-1 -1 $-1 $-1 $4722 256 #
vertex $-1 -1 $-1 $4722 $5000 #
straight-curve $-1 -1 $-1 0.5146107499519890771 9.768991652676650261 -0.5 -0.9330902171825534719 0.3596423870989281513 0 F 0 F 0.2299999999999999822 #
color-adesk-attrib $-1 -1 $-1 $-1 $4724 256 #
straight-curve $-1 -1 $-1 0.5146107499519890771 10.11087199455699093 -0.5 0 0 1 I I #
point $-1 -1 $-1 0.5146107499519890771 10.11087199455699093 -0.5 #
point $-1 -1 $-1 0.5146107499519890771 10.11087199455699093 0.5 #
color-adesk-attrib $-1 -1 $-1 $-1 $4738 256 #
face $5001 -1 $-1 $5002 $5003 $8 $-1 $5004 forward single #
loop $-1 -1 $-1 $-1 $5005 $4738 #
plane-surface $-1 -1 $-1 0.3000000000000008771 -5.189145299145298651 -0.5 0.7679145865167543716 -0.6405522522127310436 0 0.6405522522127310436 0.7679145865167543716 0 forward_v I I I I #
coedge $-1 -1 $-1 $5006 $5007 $5008 $5009 forward $4739 $-1 #
coedge $-1 -1 $-1 $5010 $4741 $5007 $5011 forward $4609 $-1 #
coedge $-1 -1 $-1 $4741 $5010 $5012 $5013 reversed $4609 $-1 #
coedge $-1 -1 $-1 $5014 $5008 $4741 $4879 reversed $102 $-1 #
edge $5015 -1 $-1 $5016 0 $5017 0.3350401926004216713 $4741 $5018 forward @7 unknown #
coedge $-1 -1 $-1 $4743 $4742 $5019 $5020 reversed $4475 $-1 #
coedge $-1 -1 $-1 $5021 $5022 $4742 $4882 forward $5023 $-1 #
edge $5024 -1 $-1 $5025 -0.75 $4885 0.25 $4881 $5026 forward @7 unknown #
coedge $-1 -1 $-1 $4744 $5027 $5021 $5028 forward $102 $-1 #
color-adesk-attrib $-1 -1 $-1 $-1 $4745 256 #
vertex $-1 -1 $-1 $4745 $5029 #
straight-curve $-1 -1 $-1 0.5146107499519880779 -6.299384415699417872 -0.5 -0.9330902171825534719 0.3596423870989281513 0 F 0 F 0.2299999999999999822 #
coedge $-1 -1 $-1 $5019 $5030 $4746 $4888 forward $264 $-1 #
edge $5031 -1 $-1 $4896 0 $4890 0.3350401926004216713 $4746 $5032 forward @7 unknown #
color-adesk-attrib $-1 -1 $-1 $-1 $4747 256 #
vertex $-1 -1 $-1 $4747 $5033 #
straight-curve $-1 -1 $-1 0.5146107499519880779 -6.299384415699417872 -0.5 0 0 1 I I #
coedge $-1 -1 $-1 $5034 $4748 $5030 $5035 reversed $4894 $-1 #
coedge $-1 -1 $-1 $4748 $5034 $4750 $4899 reversed $4894 $-1 #
loop $-1 -1 $-1 $-1 $4748 $5036 #
color-adesk-attrib $-1 -1 $-1 $-1 $4749 256 #
vertex $-1 -1 $-1 $4888 $5037 #
straight-curve $-1 -1 $-1 0.2999999999999998224 -6.556666666666666643 -0.25 0 0 1 I I #
coedge $-1 -1 $-1 $4763 $4750 $5038 $5039 reversed $102 $-1 #
edge $5040 -1 $-1 $4752 6.556666666666664867 $5041 6.558547008547009227 $4893 $277 forward @7 unknown #
point $-1 -1 $-1 0.3000000000000008216 -6.556666666666664867 -0.5 #
point $-1 -1 $-1 0.5146107499519880779 -6.299384415699417872 -0.5 #
coedge $-1 -1 $-1 $5042 $4755 $4758 $4906 forward $264 $-1 #
color-adesk-attrib $-1 -1 $-1 $-1 $4756 256 #
straight-curve $-1 -1 $-1 0.5146107499519880779 -6.983145099460106309 0.5 -0.9330902171825534719 0.3596423870989281513 0 I I #
coedge $-1 -1 $-1 $4758 $4757 $5043 $5044 forward $4759 $-1 #
edge $5045 -1 $-1 $4761 -6.900427350427353446 $5046 -6.898547008547009085 $4758 $352 forward @7 unknown #
face $5047 -1 $-1 $4508 $4759 $8 $-1 $354 reversed single #
point $-1 -1 $-1 0.3000000000000007661 -6.900427350427353446 0.5 #
coedge $-1 -1 $-1 $5048 $5043 $4763 $4910 forward $5049 $-1 #
edge $5050 -1 $-1 $4912 0 $5051 0.3350401926004216713 $4909 $5052 forward @7 unknown #
color-adesk-attrib $-1 -1 $-1 $-1 $4764 256 #
vertex $-1 -1 $-1 $4764 $5053 #
coedge $-1 -1 $-1 $4766 $4778 $5054 $5055 forward $264 $-1 #
coedge $-1 -1 $-1 $5054 $4774 $4770 $4915 reversed $4920 $-1 #
edge $5056 -1 $-1 $4917 -0.75 $4777 0.25 $4770 $5057 forward @7 unknown #
color-adesk-attrib $-1 -1 $-1 $-1 $4771 256 #
vertex $-1 -1 $-1 $4771 $5058 #
color-adesk-attrib $-1 -1 $-1 $-1 $4772 256 #
coedge $-1 -1 $-1 $4774 $5054 $4784 $4929 reversed $4920 $-1 #
loop $-1 -1 $-1 $-1 $4774 $5059 #
color-adesk-attrib $-1 -1 $-1 $-1 $4775 256 #
straight-curve $-1 -1 $-1 0.5146107499519880779 -7.325025441340446974 -0.5 -0.9330902171825534719 0.3596423870989281513 0 F 0 F 0.2299999999999999822 #
point $-1 -1 $-1 0.3000000000000007105 -7.242307692307694111 -0.5 #
coedge $-1 -1 $-1 $4779 $4784 $4778 $4925 reversed $4785 $-1 #
edge $5060 -1 $-1 $4782 0 $5061 0.3350401926004216713 $4924 $5062 forward @7 unknown #
color-adesk-attrib $-1 -1 $-1 $-1 $4780 256 #
straight-curve $-1 -1 $-1 0.3000000000000000444 -7.582307692307694857 -0.25 0 0 1 I I #
point $-1 -1 $-1 0.3000000000000007105 -7.582307692307693969 0.5 #
edge $5063 -1 $-1 $4787 0 $5061 1 $4919 $5064 forward @7 unknown #
face $5065 -1 $-1 $5059 $4785 $8 $-1 $5066 forward single #
point $-1 -1 $-1 0.5146107499519880779 -7.325025441340446974 -0.5 #
color-adesk-attrib $-1 -1 $-1 $-1 $4791 256 #
straight-curve $-1 -1 $-1 0.5146107499519879669 -8.008786125101128306 0.5 -0.9330902171825534719 0.3596423870989281513 0 I I #
color-adesk-attrib $-1 -1 $-1 $-1 $4795 256 #
plane-surface $-1 -1 $-1 0.5146107499519879669 -8.008786125101128306 -0.5 0.3596423870989281513 0.9330902171825534719 0 -0.9330902171825534719 0.3596423870989281513 0 forward_v I I I I #
point $-1 -1 $-1 0.5146107499519879669 -8.008786125101128306 0.5 #
color-adesk-attrib $-1 -1 $-1 $-1 $4804 256 #
face $5067 -1 $-1 $5068 $5069 $8 $-1 $5070 forward single #
loop $-1 -1 $-1 $-1 $4979 $4804 #
plane-surface $-1 -1 $-1 0.5146107499519889661 9.085230968915965377 -0.5 0.3596423870989281513 0.9330902171825534719 0 -0.9330902171825534719 0.3596423870989281513 0 forward_v I I I I #
coedge $-1 -1 $-1 $5071 $5072 $4985 $5073 forward $4805 $-1 #
edge $5074 -1 $-1 $4865 0 $4862 1 $4858 $5075 forward @7 unknown #
edge $5076 -1 $-1 $4945 -0.25 $4971 0.75 $4823 $5077 forward @7 unknown #
color-adesk-attrib $-1 -1 $-1 $-1 $4809 256 #
vertex $-1 -1 $-1 $4825 $5078 #
straight-curve $-1 -1 $-1 0.3000000000000018208 9.511709401709403267 -0.5 0.6405522522127310436 0.7679145865167543716 0 F 0 F 0.3350401926004216713 #
color-adesk-attrib $-1 -1 $-1 $-1 $4816 256 #
face $5079 -1 $-1 $5080 $5081 $8 $-1 $354 reversed single #
loop $-1 -1 $-1 $-1 $5082 $4816 #
coedge $-1 -1 $-1 $5083 $5084 $5085 $5086 forward $4817 $-1 #
coedge $-1 -1 $-1 $5087 $4818 $5088 $5089 reversed $4685 $-1 #
coedge $-1 -1 $-1 $4818 $5087 $5090 $5091 reversed $4685 $-1 #
coedge $-1 -1 $-1 $5092 $5093 $4818 $4954 reversed $5094 $-1 #
edge $5095 -1 $-1 $5096 -0.75 $5097 0.25 $4818 $5098 forward @7 unknown #
coedge $-1 -1 $-1 $4820 $4819 $5099 $5100 forward $4553 $-1 #
coedge $-1 -1 $-1 $5101 $5102 $4819 $4957 forward $264 $-1 #
edge $5103 -1 $-1 $5104 8.484188034188033356 $4965 8.486068376068377717 $4819 $352 forward @7 unknown #
coedge $-1 -1 $-1 $5105 $5106 $4820 $4959 forward $102 $-1 #
edge $5107 -1 $-1 $4964 -8.486068376068377717 $5108 -8.484188034188033356 $4820 $277 forward @7 unknown #
coedge $-1 -1 $-1 $5109 $4821 $5106 $5110 forward $4962 $-1 #
coedge $-1 -1 $-1 $4821 $5109 $5101 $5111 reversed $4962 $-1 #
loop $-1 -1 $-1 $-1 $4960 $5112 #
color-adesk-attrib $-1 -1 $-1 $-1 $4822 256 #
vertex $-1 -1 $-1 $4959 $5113 #
vertex $-1 -1 $-1 $5111 $5114 #
straight-curve $-1 -1 $-1 0.2999999999999998224 8.486068376068377717 -0.25 0 0 1 I I #
coedge $-1 -1 $-1 $4842 $4824 $4829 $4974 reversed $102 $-1 #
color-adesk-attrib $-1 -1 $-1 $-1 $4825 256 #
coedge $-1 -1 $-1 $4826 $4837 $4828 $4973 forward $264 $-1 #
color-adesk-attrib $-1 -1 $-1 $-1 $4827 256 #
vertex $-1 -1 $-1 $4860 $5115 #
coedge $-1 -1 $-1 $4829 $4828 $4845 $4988 reversed $4830 $-1 #
edge $5116 -1 $-1 $4993 0 $4832 0.2299999999999999822 $4828 $5117 forward @7 unknown #
edge $5118 -1 $-1 $4990 0 $4833 0.2299999999999999822 $4829 $5119 forward @7 unknown #
face $5120 -1 $-1 $4584 $4830 $8 $-1 $5121 forward single #
point $-1 -1 $-1 0.3000000000000017653 9.509829059829058906 0.5 #
point $-1 -1 $-1 0.3000000000000017653 9.509829059829058906 -0.5 #
coedge $-1 -1 $-1 $5122 $4835 $4838 $4983 reversed $4939 $-1 #
coedge $-1 -1 $-1 $4835 $5122 $4841 $4986 forward $4939 $-1 #
color-adesk-attrib $-1 -1 $-1 $-1 $4836 256 #
straight-curve $-1 -1 $-1 0.3000000000000000444 9.167948717948720017 -0.25 0 0 -1 I I #
coedge $-1 -1 $-1 $4838 $5090 $5123 $5124 forward $264 $-1 #
edge $5125 -1 $-1 $5126 0 $4840 0.2299999999999999822 $4978 $5127 forward @7 unknown #
point $-1 -1 $-1 0.3000000000000017653 9.16794871794871824 0.5 #
coedge $-1 -1 $-1 $5088 $4841 $4941 $5073 reversed $102 $-1 #
edge $5128 -1 $-1 $5129 0 $4844 0.2299999999999999822 $4979 $5130 forward @7 unknown #
point $-1 -1 $-1 0.3000000000000017653 9.16794871794871824 -0.5 #
edge $5131 -1 $-1 $4990 0 $4993 1 $4972 $5132 forward @7 unknown #
color-adesk-attrib $-1 -1 $-1 $-1 $4846 256 #
vertex $-1 -1 $-1 $4974 $5133 #
straight-curve $-1 -1 $-1 0.3000000000000017653 9.169829059829059048 -0.5 0.6405522522127310436 0.7679145865167543716 0 F 0 F 0.3350401926004216713 #
color-adesk-attrib $-1 -1 $-1 $-1 $4847 256 #
vertex $-1 -1 $-1 $4988 $5134 #
straight-curve $-1 -1 $-1 0.3000000000000017653 9.169829059829059048 0.5 0.6405522522127310436 0.7679145865167543716 0 I I #
color-adesk-attrib $-1 -1 $-1 $-1 $4848 256 #
plane-surface $-1 -1 $-1 0.3000000000000017653 9.169829059829059048 -0.5 0.7679145865167543716 -0.6405522522127310436 0 0.6405522522127310436 0.7679145865167543716 0 forward_v I I I I #
color-adesk-attrib $-1 -1 $-1 $-1 $4860 256 #
straight-curve $-1 -1 $-1 0.3000000000000018208 9.511709401709403267 0.5 0.6405522522127310436 0.7679145865167543716 0 I I #
point $-1 -1 $-1 0.5146107499519890771 9.768991652676650261 0.5 #
point $-1 -1 $-1 0.5146107499519890771 9.768991652676650261 -0.5 #
color-adesk-attrib $-1 -1 $-1 $-1 $4872 256 #
face $5135 -1 $-1 $5136 $5137 $8 $-1 $5138 forward single #
loop $-1 -1 $-1 $-1 $5139 $4872 #
plane-surface $-1 -1 $-1 0.5146107499519881889 -4.931863048178051656 -0.5 0.3596423870989281513 0.9330902171825534719 0 -0.9330902171825534719 0.3596423870989281513 0 forward_v I I I I #
coedge $-1 -1 $-1 $5140 $5141 $5142 $5143 forward $4873 $-1 #
coedge $-1 -1 $-1 $5144 $4875 $5145 $5146 reversed $4739 $-1 #
coedge $-1 -1 $-1 $4875 $5144 $4876 $5011 reversed $4739 $-1 #
coedge $-1 -1 $-1 $4878 $5147 $4875 $5009 reversed $102 $-1 #
edge $5148 -1 $-1 $5017 0 $5149 0.2299999999999999822 $4875 $5150 forward @7 unknown #
coedge $-1 -1 $-1 $4877 $4876 $5151 $5152 reversed $4609 $-1 #
edge $5153 -1 $-1 $5017 0 $5154 1 $5007 $5155 forward @7 unknown #
coedge $-1 -1 $-1 $5156 $5157 $4877 $5013 forward $5158 $-1 #
edge $5159 -1 $-1 $5016 -0.25 $5160 0.75 $5012 $5161 forward @7 unknown #
coedge $-1 -1 $-1 $5162 $4878 $5157 $5163 forward $102 $-1 #
color-adesk-attrib $-1 -1 $-1 $-1 $4879 256 #
vertex $-1 -1 $-1 $5163 $5164 #
vertex $-1 -1 $-1 $5009 $5165 #
straight-curve $-1 -1 $-1 0.3000000000000008216 -5.872905982905983535 -0.5 0.6405522522127310436 0.7679145865167543716 0 F 0 F 0.3350401926004216713 #
coedge $-1 -1 $-1 $5166 $4887 $4880 $5020 forward $264 $-1 #
edge $5167 -1 $-1 $4890 0 $5025 0.2299999999999999822 $4880 $5168 forward @7 unknown #
coedge $-1 -1 $-1 $5169 $4881 $4883 $5028 reversed $5023 $-1 #
coedge $-1 -1 $-1 $4881 $5169 $5166 $5170 reversed $5023 $-1 #
loop $-1 -1 $-1 $-1 $4881 $5171 #
color-adesk-attrib $-1 -1 $-1 $-1 $4882 256 #
vertex $-1 -1 $-1 $5170 $5172 #
straight-curve $-1 -1 $-1 0.3000000000000000444 -6.216666666666664121 -0.25 0 0 -1 I I #
coedge $-1 -1 $-1 $4883 $5162 $5173 $5174 reversed $102 $-1 #
edge $5175 -1 $-1 $5176 6.214786324786324201 $4885 6.216666666666665009 $5021 $277 forward @7 unknown #
point $-1 -1 $-1 0.3000000000000008216 -6.216666666666665009 -0.5 #
coedge $-1 -1 $-1 $4887 $5177 $4892 $5035 forward $264 $-1 #
color-adesk-attrib $-1 -1 $-1 $-1 $4888 256 #
straight-curve $-1 -1 $-1 0.3000000000000008216 -6.556666666666664867 0.5 0.6405522522127310436 0.7679145865167543716 0 I I #
point $-1 -1 $-1 0.5146107499519880779 -6.299384415699417872 0.5 #
coedge $-1 -1 $-1 $4893 $4892 $5178 $5179 forward $4894 $-1 #
edge $5180 -1 $-1 $5181 -6.558547008547009227 $4896 -6.556666666666664867 $4892 $352 forward @7 unknown #
face $5182 -1 $-1 $5171 $4894 $8 $-1 $354 reversed single #
point $-1 -1 $-1 0.3000000000000008216 -6.556666666666664867 0.5 #
coedge $-1 -1 $-1 $5178 $5183 $4898 $5039 forward $5184 $-1 #
edge $5185 -1 $-1 $5051 0 $5041 0.2299999999999999822 $5038 $5186 forward @7 unknown #
color-adesk-attrib $-1 -1 $-1 $-1 $4899 256 #
vertex $-1 -1 $-1 $5039 $5187 #
coedge $-1 -1 $-1 $5177 $4902 $5188 $5189 forward $264 $-1 #
coedge $-1 -1 $-1 $4909 $5188 $4905 $5044 reversed $5049 $-1 #
edge $5190 -1 $-1 $4912 -0.25 $5046 0.75 $4905 $5191 forward @7 unknown #
color-adesk-attrib $-1 -1 $-1 $-1 $4906 256 #
vertex $-1 -1 $-1 $5189 $5192 #
color-adesk-attrib $-1 -1 $-1 $-1 $4907 256 #
coedge $-1 -1 $-1 $5188 $4909 $5183 $5193 forward $5049 $-1 #
loop $-1 -1 $-1 $-1 $4909 $5194 #
color-adesk-attrib $-1 -1 $-1 $-1 $4910 256 #
vertex $-1 -1 $-1 $5039 $5195 #
straight-curve $-1 -1 $-1 0.3000000000000007661 -6.898547008547009085 -0.5 0.6405522522127310436 0.7679145865167543716 0 F 0 F 0.3350401926004216713 #
point $-1 -1 $-1 0.3000000000000007661 -6.898547008547009085 -0.5 #
coedge $-1 -1 $-1 $4919 $4914 $4913 $5055 reversed $4920 $-1 #
edge $5196 -1 $-1 $5061 0 $4917 0.2299999999999999822 $5054 $5197 forward @7 unknown #
color-adesk-attrib $-1 -1 $-1 $-1 $4915 256 #
straight-curve $-1 -1 $-1 0.2999999999999998224 -7.242307692307694111 -0.25 0 0 -1 I I #
point $-1 -1 $-1 0.3000000000000007105 -7.242307692307694111 0.5 #
face $5198 -1 $-1 $4666 $4920 $8 $-1 $5199 forward single #
color-adesk-attrib $-1 -1 $-1 $-1 $4925 256 #
vertex $-1 -1 $-1 $4929 $5200 #
straight-curve $-1 -1 $-1 0.3000000000000007105 -7.582307692307693969 0.5 0.6405522522127310436 0.7679145865167543716 0 I I #
color-adesk-attrib $-1 -1 $-1 $-1 $4929 256 #
straight-curve $-1 -1 $-1 0.5146107499519880779 -7.325025441340446974 -0.5 0 0 1 I I #
color-adesk-attrib $-1 -1 $-1 $-1 $4930 256 #
plane-surface $-1 -1 $-1 0.3000000000000007105 -7.582307692307693969 -0.5 0.7679145865167543716 -0.6405522522127310436 0 0.6405522522127310436 0.7679145865167543716 0 forward_v I I I I #
color-adesk-attrib $-1 -1 $-1 $-1 $4938 256 #
face $5201 -1 $-1 $5202 $5203 $8 $-1 $5204 forward single #
loop $-1 -1 $-1 $-1 $5205 $4938 #
plane-surface $-1 -1 $-1 0.3000000000000017097 8.144188034188033498 -0.5 0.7679145865167543716 -0.6405522522127310436 0 0.6405522522127310436 0.7679145865167543716 0 forward_v I I I I #
coedge $-1 -1 $-1 $5123 $4941 $5122 $5206 forward $4805 $-1 #
coedge $-1 -1 $-1 $4941 $5123 $5087 $5207 reversed $4805 $-1 #
edge $5208 -1 $-1 $5209 0 $5129 0.3350401926004216713 $4941 $5210 forward @7 unknown #
color-adesk-attrib $-1 -1 $-1 $-1 $4942 256 #
straight-curve $-1 -1 $-1 0.5146107499519890771 9.768991652676650261 -0.5 0 0 1 I I #
color-adesk-attrib $-1 -1 $-1 $-1 $4943 256 #
straight-curve $-1 -1 $-1 0.2999999999999998224 9.51170940170940149 -0.25 0 0 1 I I #
point $-1 -1 $-1 0.3000000000000018208 9.511709401709403267 -0.5 #
color-adesk-attrib $-1 -1 $-1 $-1 $4948 256 #
face $5211 -1 $-1 $5212 $5213 $8 $-1 $354 reversed single #
loop $-1 -1 $-1 $-1 $5214 $4948 #
coedge $-1 -1 $-1 $5215 $5216 $5217 $5218 forward $4949 $-1 #
coedge $-1 -1 $-1 $5219 $4950 $5220 $5221 reversed $4817 $-1 #
coedge $-1 -1 $-1 $4950 $5219 $5222 $5223 reversed $4817 $-1 #
coedge $-1 -1 $-1 $5224 $5225 $4950 $5086 reversed $5226 $-1 #
edge $5227 -1 $-1 $5228 -0.25 $5229 0.75 $4950 $5230 forward @7 unknown #
coedge $-1 -1 $-1 $4952 $4951 $5072 $5207 forward $4685 $-1 #
coedge $-1 -1 $-1 $5231 $4985 $4951 $5089 forward $102 $-1 #
edge $5232 -1 $-1 $5209 -8.827948717948718382 $5097 -8.826068376068377574 $4951 $277 forward @7 unknown #
coedge $-1 -1 $-1 $4982 $5233 $4952 $5091 forward $264 $-1 #
edge $5234 -1 $-1 $5096 8.826068376068377574 $5235 8.827948717948718382 $4952 $352 forward @7 unknown #
coedge $-1 -1 $-1 $5236 $4953 $5233 $5237 reversed $5094 $-1 #
coedge $-1 -1 $-1 $4953 $5236 $5231 $5238 forward $5094 $-1 #
loop $-1 -1 $-1 $-1 $5093 $5239 #
color-adesk-attrib $-1 -1 $-1 $-1 $4954 256 #
vertex $-1 -1 $-1 $5091 $5240 #
vertex $-1 -1 $-1 $5238 $5241 #
straight-curve $-1 -1 $-1 0.3000000000000002665 8.826068376068379351 -0.25 0 0 -1 I I #
coedge $-1 -1 $-1 $5242 $5243 $4955 $5100 reversed $5203 $-1 #
edge $5244 -1 $-1 $5104 -0.75 $5108 0.25 $4955 $5245 forward @7 unknown #
coedge $-1 -1 $-1 $5233 $4956 $4961 $5111 forward $264 $-1 #
coedge $-1 -1 $-1 $4956 $5246 $5242 $5247 forward $264 $-1 #
color-adesk-attrib $-1 -1 $-1 $-1 $4957 256 #
vertex $-1 -1 $-1 $4957 $5248 #
coedge $-1 -1 $-1 $5249 $4958 $5243 $5250 reversed $102 $-1 #
coedge $-1 -1 $-1 $4958 $5231 $4960 $5110 reversed $102 $-1 #
color-adesk-attrib $-1 -1 $-1 $-1 $4959 256 #
vertex $-1 -1 $-1 $5250 $5251 #
coedge $-1 -1 $-1 $4961 $4960 $5236 $5252 forward $4962 $-1 #
edge $5253 -1 $-1 $4964 0 $5254 0.3350401926004216713 $4960 $5255 forward @7 unknown #
edge $5256 -1 $-1 $4965 0 $5257 0.3350401926004216713 $4961 $5258 forward @7 unknown #
face $5259 -1 $-1 $5239 $4962 $8 $-1 $5260 forward single #
point $-1 -1 $-1 0.3000000000000017097 8.486068376068377717 -0.5 #
point $-1 -1 $-1 0.3000000000000017097 8.486068376068377717 0.5 #
point $-1 -1 $-1 0.3000000000000018208 9.511709401709403267 0.5 #
color-adesk-attrib $-1 -1 $-1 $-1 $4973 256 #
straight-curve $-1 -1 $-1 0.5146107499519890771 9.427111310796306043 0.5 -0.9330902171825534719 0.3596423870989281513 0 I I #
color-adesk-attrib $-1 -1 $-1 $-1 $4974 256 #
straight-curve $-1 -1 $-1 0.5146107499519890771 9.427111310796306043 -0.5 -0.9330902171825534719 0.3596423870989281513 0 F 0 F 0.2299999999999999822 #
color-adesk-attrib $-1 -1 $-1 $-1 $4975 256 #
plane-surface $-1 -1 $-1 0.5146107499519890771 9.427111310796306043 -0.5 0.3596423870989281513 0.9330902171825534719 0 -0.9330902171825534719 0.3596423870989281513 0 forward_v I I I I #
coedge $-1 -1 $-1 $4979 $4978 $5071 $5206 reversed $4939 $-1 #
coedge $-1 -1 $-1 $5072 $5071 $4982 $5124 reversed $4805 $-1 #
edge $5261 -1 $-1 $5235 0 $5126 0.3350401926004216713 $5123 $5262 forward @7 unknown #
color-adesk-attrib $-1 -1 $-1 $-1 $4983 256 #
vertex $-1 -1 $-1 $5206 $5263 #
straight-curve $-1 -1 $-1 0.5146107499519889661 9.085230968915965377 0.5 -0.9330902171825534719 0.3596423870989281513 0 I I #
color-adesk-attrib $-1 -1 $-1 $-1 $4986 256 #
vertex $-1 -1 $-1 $4986 $5264 #
straight-curve $-1 -1 $-1 0.5146107499519889661 9.085230968915965377 -0.5 -0.9330902171825534719 0.3596423870989281513 0 F 0 F 0.2299999999999999822 #
color-adesk-attrib $-1 -1 $-1 $-1 $4988 256 #
straight-curve $-1 -1 $-1 0.5146107499519890771 9.427111310796306043 -0.5 0 0 1 I I #
point $-1 -1 $-1 0.5146107499519890771 9.427111310796306043 -0.5 #
point $-1 -1 $-1 0.5146107499519890771 9.427111310796306043 0.5 #
color-adesk-attrib $-1 -1 $-1 $-1 $5002 256 #
face $5265 -1 $-1 $5266 $5267 $8 $-1 $5268 forward single #
loop $-1 -1 $-1 $-1 $5269 $5002 #
plane-surface $-1 -1 $-1 0.3000000000000009326 -4.505384615384613767 -0.5 0.7679145865167543716 -0.6405522522127310436 0 0.6405522522127310436 0.7679145865167543716 0 forward_v I I I I #
coedge $-1 -1 $-1 $5270 $5271 $5272 $5273 forward $5003 $-1 #
coedge $-1 -1 $-1 $5274 $5005 $5271 $5275 forward $4873 $-1 #
coedge $-1 -1 $-1 $5005 $5274 $5276 $5277 reversed $4873 $-1 #
coedge $-1 -1 $-1 $5278 $5272 $5005 $5143 reversed $102 $-1 #
edge $5279 -1 $-1 $5280 0 $5281 0.3350401926004216713 $5005 $5282 forward @7 unknown #
coedge $-1 -1 $-1 $5007 $5006 $5283 $5284 reversed $4739 $-1 #
coedge $-1 -1 $-1 $5285 $5286 $5006 $5146 forward $5287 $-1 #
edge $5288 -1 $-1 $5289 -0.75 $5149 0.25 $5145 $5290 forward @7 unknown #
coedge $-1 -1 $-1 $5008 $5291 $5285 $5292 forward $102 $-1 #
color-adesk-attrib $-1 -1 $-1 $-1 $5009 256 #
vertex $-1 -1 $-1 $5009 $5293 #
straight-curve $-1 -1 $-1 0.5146107499519880779 -5.61562373193873654 -0.5 -0.9330902171825534719 0.3596423870989281513 0 F 0 F 0.2299999999999999822 #
coedge $-1 -1 $-1 $5283 $5294 $5010 $5152 forward $264 $-1 #
edge $5295 -1 $-1 $5160 0 $5154 0.3350401926004216713 $5010 $5296 forward @7 unknown #
color-adesk-attrib $-1 -1 $-1 $-1 $5011 256 #
vertex $-1 -1 $-1 $5011 $5297 #
straight-curve $-1 -1 $-1 0.5146107499519880779 -5.61562373193873654 -0.5 0 0 1 I I #
coedge $-1 -1 $-1 $5298 $5012 $5294 $5299 reversed $5158 $-1 #
coedge $-1 -1 $-1 $5012 $5298 $5014 $5163 reversed $5158 $-1 #
loop $-1 -1 $-1 $-1 $5012 $5300 #
color-adesk-attrib $-1 -1 $-1 $-1 $5013 256 #
vertex $-1 -1 $-1 $5152 $5301 #
straight-curve $-1 -1 $-1 0.3000000000000002665 -5.872905982905984423 -0.25 0 0 1 I I #
coedge $-1 -1 $-1 $5027 $5014 $5302 $5303 reversed $102 $-1 #
edge $5304 -1 $-1 $5016 5.872905982905983535 $5305 5.874786324786324343 $5157 $277 forward @7 unknown #
point $-1 -1 $-1 0.3000000000000008216 -5.872905982905983535 -0.5 #
point $-1 -1 $-1 0.5146107499519880779 -5.61562373193873654 -0.5 #
coedge $-1 -1 $-1 $5306 $5019 $5022 $5170 forward $264 $-1 #
color-adesk-attrib $-1 -1 $-1 $-1 $5020 256 #
straight-curve $-1 -1 $-1 0.5146107499519880779 -6.299384415699417872 0.5 -0.9330902171825534719 0.3596423870989281513 0 I I #
coedge $-1 -1 $-1 $5022 $5021 $5307 $5308 forward $5023 $-1 #
edge $5309 -1 $-1 $5025 -6.216666666666665009 $5310 -6.214786324786324201 $5022 $352 forward @7 unknown #
face $5311 -1 $-1 $4772 $5023 $8 $-1 $354 reversed single #
point $-1 -1 $-1 0.3000000000000008216 -6.216666666666665009 0.5 #
coedge $-1 -1 $-1 $5312 $5307 $5027 $5174 forward $5313 $-1 #
edge $5314 -1 $-1 $5176 0 $5315 0.3350401926004216713 $5173 $5316 forward @7 unknown #
color-adesk-attrib $-1 -1 $-1 $-1 $5028 256 #
vertex $-1 -1 $-1 $5028 $5317 #
coedge $-1 -1 $-1 $5030 $5042 $5318 $5319 forward $264 $-1 #
coedge $-1 -1 $-1 $5318 $5038 $5034 $5179 reversed $5184 $-1 #
edge $5320 -1 $-1 $5181 -0.75 $5041 0.25 $5034 $5321 forward @7 unknown #
color-adesk-attrib $-1 -1 $-1 $-1 $5035 256 #
vertex $-1 -1 $-1 $5035 $5322 #
color-adesk-attrib $-1 -1 $-1 $-1 $5036 256 #
coedge $-1 -1 $-1 $5038 $5318 $5048 $5193 reversed $5184 $-1 #
loop $-1 -1 $-1 $-1 $5038 $5323 #
color-adesk-attrib $-1 -1 $-1 $-1 $5039 256 #
straight-curve $-1 -1 $-1 0.5146107499519880779 -6.64126475757976209 -0.5 -0.9330902171825534719 0.3596423870989281513 0 F 0 F 0.2299999999999999822 #
point $-1 -1 $-1 0.3000000000000007661 -6.558547008547009227 -0.5 #
coedge $-1 -1 $-1 $5043 $5048 $5042 $5189 reversed $5049 $-1 #
edge $5324 -1 $-1 $5046 0 $5325 0.3350401926004216713 $5188 $5326 forward @7 unknown #
color-adesk-attrib $-1 -1 $-1 $-1 $5044 256 #
straight-curve $-1 -1 $-1 0.2999999999999998224 -6.898547008547009973 -0.25 0 0 1 I I #
point $-1 -1 $-1 0.3000000000000007661 -6.898547008547009085 0.5 #
edge $5327 -1 $-1 $5051 0 $5325 1 $5183 $5328 forward @7 unknown #
face $5329 -1 $-1 $5323 $5049 $8 $-1 $5330 forward single #
point $-1 -1 $-1 0.5146107499519880779 -6.64126475757976209 -0.5 #
color-adesk-attrib $-1 -1 $-1 $-1 $5055 256 #
straight-curve $-1 -1 $-1 0.5146107499519880779 -7.325025441340446974 0.5 -0.9330902171825534719 0.3596423870989281513 0 I I #
color-adesk-attrib $-1 -1 $-1 $-1 $5059 256 #
plane-surface $-1 -1 $-1 0.5146107499519880779 -7.325025441340446974 -0.5 0.3596423870989281513 0.9330902171825534719 0 -0.9330902171825534719 0.3596423870989281513 0 forward_v I I I I #
point $-1 -1 $-1 0.5146107499519880779 -7.325025441340446974 0.5 #
color-adesk-attrib $-1 -1 $-1 $-1 $5068 256 #
face $5331 -1 $-1 $5332 $5333 $8 $-1 $5334 forward single #
loop $-1 -1 $-1 $-1 $5243 $5068 #
plane-surface $-1 -1 $-1 0.5146107499519889661 8.401470285155280493 -0.5 0.3596423870989281513 0.9330902171825534719 0 -0.9330902171825534719 0.3596423870989281513 0 forward_v I I I I #
coedge $-1 -1 $-1 $5335 $5336 $5249 $5337 forward $5069 $-1 #
edge $5338 -1 $-1 $5129 0 $5126 1 $5122 $5339 forward @7 unknown #
edge $5340 -1 $-1 $5209 -0.25 $5235 0.75 $5087 $5341 forward @7 unknown #
color-adesk-attrib $-1 -1 $-1 $-1 $5073 256 #
vertex $-1 -1 $-1 $5089 $5342 #
straight-curve $-1 -1 $-1 0.3000000000000017653 8.827948717948718382 -0.5 0.6405522522127310436 0.7679145865167543716 0 F 0 F 0.3350401926004216713 #
color-adesk-attrib $-1 -1 $-1 $-1 $5080 256 #
face $5343 -1 $-1 $5344 $5345 $8 $-1 $354 reversed single #
loop $-1 -1 $-1 $-1 $5346 $5080 #
coedge $-1 -1 $-1 $5347 $5348 $5349 $5350 forward $5081 $-1 #
coedge $-1 -1 $-1 $5351 $5082 $5352 $5353 reversed $4949 $-1 #
coedge $-1 -1 $-1 $5082 $5351 $5354 $5355 reversed $4949 $-1 #
coedge $-1 -1 $-1 $5356 $5357 $5082 $5218 reversed $5358 $-1 #
edge $5359 -1 $-1 $5360 -0.75 $5361 0.25 $5082 $5362 forward @7 unknown #
coedge $-1 -1 $-1 $5084 $5083 $5363 $5364 forward $4817 $-1 #
coedge $-1 -1 $-1 $5365 $5366 $5083 $5221 forward $264 $-1 #
edge $5367 -1 $-1 $5368 7.800427350427352025 $5229 7.802307692307692832 $5083 $352 forward @7 unknown #
coedge $-1 -1 $-1 $5369 $5370 $5084 $5223 forward $102 $-1 #
edge $5371 -1 $-1 $5228 -7.802307692307692832 $5372 -7.800427350427352025 $5084 $277 forward @7 unknown #
coedge $-1 -1 $-1 $5373 $5085 $5370 $5374 forward $5226 $-1 #
coedge $-1 -1 $-1 $5085 $5373 $5365 $5375 reversed $5226 $-1 #
loop $-1 -1 $-1 $-1 $5224 $5376 #
color-adesk-attrib $-1 -1 $-1 $-1 $5086 256 #
vertex $-1 -1 $-1 $5223 $5377 #
vertex $-1 -1 $-1 $5375 $5378 #
straight-curve $-1 -1 $-1 0.3000000000000000444 7.802307692307691056 -0.25 0 0 1 I I #
coedge $-1 -1 $-1 $5106 $5088 $5093 $5238 reversed $102 $-1 #
color-adesk-attrib $-1 -1 $-1 $-1 $5089 256 #
coedge $-1 -1 $-1 $5090 $5101 $5092 $5237 forward $264 $-1 #
color-adesk-attrib $-1 -1 $-1 $-1 $5091 256 #
vertex $-1 -1 $-1 $5124 $5379 #
coedge $-1 -1 $-1 $5093 $5092 $5109 $5252 reversed $5094 $-1 #
edge $5380 -1 $-1 $5257 0 $5096 0.2299999999999999822 $5092 $5381 forward @7 unknown #
edge $5382 -1 $-1 $5254 0 $5097 0.2299999999999999822 $5093 $5383 forward @7 unknown #
face $5384 -1 $-1 $4848 $5094 $8 $-1 $5385 forward single #
point $-1 -1 $-1 0.3000000000000017097 8.826068376068377574 0.5 #
point $-1 -1 $-1 0.3000000000000017097 8.826068376068377574 -0.5 #
coedge $-1 -1 $-1 $5386 $5099 $5102 $5247 reversed $5203 $-1 #
coedge $-1 -1 $-1 $5099 $5386 $5105 $5250 forward $5203 $-1 #
color-adesk-attrib $-1 -1 $-1 $-1 $5100 256 #
straight-curve $-1 -1 $-1 0.3000000000000000444 8.484188034188035132 -0.25 0 0 -1 I I #
coedge $-1 -1 $-1 $5102 $5354 $5387 $5388 forward $264 $-1 #
edge $5389 -1 $-1 $5390 0 $5104 0.2299999999999999822 $5242 $5391 forward @7 unknown #
point $-1 -1 $-1 0.3000000000000017097 8.484188034188033356 0.5 #
coedge $-1 -1 $-1 $5352 $5105 $5205 $5337 reversed $102 $-1 #
edge $5392 -1 $-1 $5393 0 $5108 0.2299999999999999822 $5243 $5394 forward @7 unknown #
point $-1 -1 $-1 0.3000000000000017097 8.484188034188033356 -0.5 #
edge $5395 -1 $-1 $5254 0 $5257 1 $5236 $5396 forward @7 unknown #
color-adesk-attrib $-1 -1 $-1 $-1 $5110 256 #
vertex $-1 -1 $-1 $5238 $5397 #
straight-curve $-1 -1 $-1 0.3000000000000017097 8.486068376068377717 -0.5 0.6405522522127310436 0.7679145865167543716 0 F 0 F 0.3350401926004216713 #
color-adesk-attrib $-1 -1 $-1 $-1 $5111 256 #
vertex $-1 -1 $-1 $5252 $5398 #
straight-curve $-1 -1 $-1 0.3000000000000017097 8.486068376068377717 0.5 0.6405522522127310436 0.7679145865167543716 0 I I #
color-adesk-attrib $-1 -1 $-1 $-1 $5112 256 #
plane-surface $-1 -1 $-1 0.3000000000000017097 8.486068376068377717 -0.5 0.7679145865167543716 -0.6405522522127310436 0 0.6405522522127310436 0.7679145865167543716 0 forward_v I I I I #
color-adesk-attrib $-1 -1 $-1 $-1 $5124 256 #
straight-curve $-1 -1 $-1 0.3000000000000017653 8.827948717948718382 0.5 0.6405522522127310436 0.7679145865167543716 0 I I #
point $-1 -1 $-1 0.5146107499519889661 9.085230968915965377 0.5 #
point $-1 -1 $-1 0.5146107499519889661 9.085230968915965377 -0.5 #
color-adesk-attrib $-1 -1 $-1 $-1 $5136 256 #
face $5399 -1 $-1 $5400 $5401 $8 $-1 $5402 forward single #
loop $-1 -1 $-1 $-1 $5403 $5136 #
plane-surface $-1 -1 $-1 0.5146107499519881889 -4.248102364417366772 -0.5 0.3596423870989281513 0.9330902171825534719 0 -0.9330902171825534719 0.3596423870989281513 0 forward_v I I I I #
coedge $-1 -1 $-1 $5404 $5405 $5406 $5407 forward $5137 $-1 #
coedge $-1 -1 $-1 $5408 $5139 $5409 $5410 reversed $5003 $-1 #
coedge $-1 -1 $-1 $5139 $5408 $5140 $5275 reversed $5003 $-1 #
coedge $-1 -1 $-1 $5142 $5411 $5139 $5273 reversed $102 $-1 #
edge $5412 -1 $-1 $5281 0 $5413 0.2299999999999999822 $5139 $5414 forward @7 unknown #
coedge $-1 -1 $-1 $5141 $5140 $5415 $5416 reversed $4873 $-1 #
edge $5417 -1 $-1 $5281 0 $5418 1 $5271 $5419 forward @7 unknown #
coedge $-1 -1 $-1 $5420 $5421 $5141 $5277 forward $5422 $-1 #
edge $5423 -1 $-1 $5280 -0.25 $5424 0.75 $5276 $5425 forward @7 unknown #
coedge $-1 -1 $-1 $5426 $5142 $5421 $5427 forward $102 $-1 #
color-adesk-attrib $-1 -1 $-1 $-1 $5143 256 #
vertex $-1 -1 $-1 $5427 $5428 #
vertex $-1 -1 $-1 $5273 $5429 #
straight-curve $-1 -1 $-1 0.3000000000000008771 -5.189145299145298651 -0.5 0.6405522522127310436 0.7679145865167543716 0 F 0 F 0.3350401926004216713 #
coedge $-1 -1 $-1 $5430 $5151 $5144 $5284 forward $264 $-1 #
edge $5431 -1 $-1 $5154 0 $5289 0.2299999999999999822 $5144 $5432 forward @7 unknown #
coedge $-1 -1 $-1 $5433 $5145 $5147 $5292 reversed $5287 $-1 #
coedge $-1 -1 $-1 $5145 $5433 $5430 $5434 reversed $5287 $-1 #
loop $-1 -1 $-1 $-1 $5145 $5435 #
color-adesk-attrib $-1 -1 $-1 $-1 $5146 256 #
vertex $-1 -1 $-1 $5434 $5436 #
straight-curve $-1 -1 $-1 0.2999999999999998224 -5.532905982905983677 -0.25 0 0 -1 I I #
coedge $-1 -1 $-1 $5147 $5426 $5437 $5438 reversed $102 $-1 #
edge $5439 -1 $-1 $5440 5.531025641025642869 $5149 5.532905982905983677 $5285 $277 forward @7 unknown #
point $-1 -1 $-1 0.3000000000000008216 -5.532905982905983677 -0.5 #
coedge $-1 -1 $-1 $5151 $5441 $5156 $5299 forward $264 $-1 #
color-adesk-attrib $-1 -1 $-1 $-1 $5152 256 #
straight-curve $-1 -1 $-1 0.3000000000000008216 -5.872905982905983535 0.5 0.6405522522127310436 0.7679145865167543716 0 I I #
point $-1 -1 $-1 0.5146107499519880779 -5.61562373193873654 0.5 #
coedge $-1 -1 $-1 $5157 $5156 $5442 $5443 forward $5158 $-1 #
edge $5444 -1 $-1 $5445 -5.874786324786324343 $5160 -5.872905982905983535 $5156 $352 forward @7 unknown #
face $5446 -1 $-1 $5435 $5158 $8 $-1 $354 reversed single #
point $-1 -1 $-1 0.3000000000000008216 -5.872905982905983535 0.5 #
coedge $-1 -1 $-1 $5442 $5447 $5162 $5303 forward $5448 $-1 #
edge $5449 -1 $-1 $5315 0 $5305 0.2299999999999999822 $5302 $5450 forward @7 unknown #
color-adesk-attrib $-1 -1 $-1 $-1 $5163 256 #
vertex $-1 -1 $-1 $5303 $5451 #
coedge $-1 -1 $-1 $5441 $5166 $5452 $5453 forward $264 $-1 #
coedge $-1 -1 $-1 $5173 $5452 $5169 $5308 reversed $5313 $-1 #
edge $5454 -1 $-1 $5176 -0.25 $5310 0.75 $5169 $5455 forward @7 unknown #
color-adesk-attrib $-1 -1 $-1 $-1 $5170 256 #
vertex $-1 -1 $-1 $5453 $5456 #
color-adesk-attrib $-1 -1 $-1 $-1 $5171 256 #
coedge $-1 -1 $-1 $5452 $5173 $5447 $5457 forward $5313 $-1 #
loop $-1 -1 $-1 $-1 $5173 $5458 #
color-adesk-attrib $-1 -1 $-1 $-1 $5174 256 #
vertex $-1 -1 $-1 $5303 $5459 #
straight-curve $-1 -1 $-1 0.3000000000000008216 -6.214786324786324201 -0.5 0.6405522522127310436 0.7679145865167543716 0 F 0 F 0.3350401926004216713 #
point $-1 -1 $-1 0.3000000000000008216 -6.214786324786324201 -0.5 #
coedge $-1 -1 $-1 $5183 $5178 $5177 $5319 reversed $5184 $-1 #
edge $5460 -1 $-1 $5325 0 $5181 0.2299999999999999822 $5318 $5461 forward @7 unknown #
color-adesk-attrib $-1 -1 $-1 $-1 $5179 256 #
straight-curve $-1 -1 $-1 0.2999999999999999334 -6.558547008547009227 -0.25 0 0 -1 I I #
point $-1 -1 $-1 0.3000000000000007661 -6.558547008547009227 0.5 #
face $5462 -1 $-1 $4930 $5184 $8 $-1 $5463 forward single #
color-adesk-attrib $-1 -1 $-1 $-1 $5189 256 #
vertex $-1 -1 $-1 $5193 $5464 #
straight-curve $-1 -1 $-1 0.3000000000000007661 -6.898547008547009085 0.5 0.6405522522127310436 0.7679145865167543716 0 I I #
color-adesk-attrib $-1 -1 $-1 $-1 $5193 256 #
straight-curve $-1 -1 $-1 0.5146107499519880779 -6.64126475757976209 -0.5 0 0 1 I I #
color-adesk-attrib $-1 -1 $-1 $-1 $5194 256 #
plane-surface $-1 -1 $-1 0.3000000000000007661 -6.898547008547009085 -0.5 0.7679145865167543716 -0.6405522522127310436 0 0.6405522522127310436 0.7679145865167543716 0 forward_v I I I I #
color-adesk-attrib $-1 -1 $-1 $-1 $5202 256 #
face $5465 -1 $-1 $5466 $5467 $8 $-1 $5468 forward single #
loop $-1 -1 $-1 $-1 $5469 $5202 #
plane-surface $-1 -1 $-1 0.3000000000000016542 7.460427350427352167 -0.5 0.7679145865167543716 -0.6405522522127310436 0 0.6405522522127310436 0.7679145865167543716 0 forward_v I I I I #
coedge $-1 -1 $-1 $5387 $5205 $5386 $5470 forward $5069 $-1 #
coedge $-1 -1 $-1 $5205 $5387 $5351 $5471 reversed $5069 $-1 #
edge $5472 -1 $-1 $5473 0 $5393 0.3350401926004216713 $5205 $5474 forward @7 unknown #
color-adesk-attrib $-1 -1 $-1 $-1 $5206 256 #
straight-curve $-1 -1 $-1 0.5146107499519889661 9.085230968915965377 -0.5 0 0 1 I I #
color-adesk-attrib $-1 -1 $-1 $-1 $5207 256 #
straight-curve $-1 -1 $-1 0.3000000000000000444 8.827948717948716606 -0.25 0 0 1 I I #
point $-1 -1 $-1 0.3000000000000017653 8.827948717948718382 -0.5 #
color-adesk-attrib $-1 -1 $-1 $-1 $5212 256 #
face $5475 -1 $-1 $5476 $5477 $8 $-1 $354 reversed single #
loop $-1 -1 $-1 $-1 $5478 $5212 #
coedge $-1 -1 $-1 $5479 $5480 $5481 $5482 forward $5213 $-1 #
coedge $-1 -1 $-1 $5483 $5214 $5484 $5485 reversed $5081 $-1 #
coedge $-1 -1 $-1 $5214 $5483 $5486 $5487 reversed $5081 $-1 #
coedge $-1 -1 $-1 $5488 $5489 $5214 $5350 reversed $5490 $-1 #
edge $5491 -1 $-1 $5492 -0.25 $5493 0.75 $5214 $5494 forward @7 unknown #
coedge $-1 -1 $-1 $5216 $5215 $5336 $5471 forward $4949 $-1 #
coedge $-1 -1 $-1 $5495 $5249 $5215 $5353 forward $102 $-1 #
edge $5496 -1 $-1 $5473 -8.144188034188033498 $5361 -8.14230769230769269 $5215 $277 forward @7 unknown #
coedge $-1 -1 $-1 $5246 $5497 $5216 $5355 forward $264 $-1 #
edge $5498 -1 $-1 $5360 8.14230769230769269 $5499 8.144188034188033498 $5216 $352 forward @7 unknown #
coedge $-1 -1 $-1 $5500 $5217 $5497 $5501 reversed $5358 $-1 #
coedge $-1 -1 $-1 $5217 $5500 $5495 $5502 forward $5358 $-1 #
loop $-1 -1 $-1 $-1 $5357 $5503 #
color-adesk-attrib $-1 -1 $-1 $-1 $5218 256 #
vertex $-1 -1 $-1 $5355 $5504 #
vertex $-1 -1 $-1 $5502 $5505 #
straight-curve $-1 -1 $-1 0.3000000000000000444 8.142307692307694467 -0.25 0 0 -1 I I #
coedge $-1 -1 $-1 $5506 $5507 $5219 $5364 reversed $5467 $-1 #
edge $5508 -1 $-1 $5368 -0.75 $5372 0.25 $5219 $5509 forward @7 unknown #
coedge $-1 -1 $-1 $5497 $5220 $5225 $5375 forward $264 $-1 #
coedge $-1 -1 $-1 $5220 $5510 $5506 $5511 forward $264 $-1 #
color-adesk-attrib $-1 -1 $-1 $-1 $5221 256 #
vertex $-1 -1 $-1 $5221 $5512 #
coedge $-1 -1 $-1 $5513 $5222 $5507 $5514 reversed $102 $-1 #
coedge $-1 -1 $-1 $5222 $5495 $5224 $5374 reversed $102 $-1 #
color-adesk-attrib $-1 -1 $-1 $-1 $5223 256 #
vertex $-1 -1 $-1 $5514 $5515 #
coedge $-1 -1 $-1 $5225 $5224 $5500 $5516 forward $5226 $-1 #
edge $5517 -1 $-1 $5228 0 $5518 0.3350401926004216713 $5224 $5519 forward @7 unknown #
edge $5520 -1 $-1 $5229 0 $5521 0.3350401926004216713 $5225 $5522 forward @7 unknown #
face $5523 -1 $-1 $5503 $5226 $8 $-1 $5524 forward single #
point $-1 -1 $-1 0.3000000000000017097 7.802307692307692832 -0.5 #
point $-1 -1 $-1 0.3000000000000017097 7.802307692307692832 0.5 #
point $-1 -1 $-1 0.3000000000000017653 8.827948717948718382 0.5 #
color-adesk-attrib $-1 -1 $-1 $-1 $5237 256 #
straight-curve $-1 -1 $-1 0.5146107499519889661 8.743350627035624711 0.5 -0.9330902171825534719 0.3596423870989281513 0 I I #
color-adesk-attrib $-1 -1 $-1 $-1 $5238 256 #
straight-curve $-1 -1 $-1 0.5146107499519889661 8.743350627035624711 -0.5 -0.9330902171825534719 0.3596423870989281513 0 F 0 F 0.2299999999999999822 #
color-adesk-attrib $-1 -1 $-1 $-1 $5239 256 #
plane-surface $-1 -1 $-1 0.5146107499519889661 8.743350627035624711 -0.5 0.3596423870989281513 0.9330902171825534719 0 -0.9330902171825534719 0.3596423870989281513 0 forward_v I I I I #
coedge $-1 -1 $-1 $5243 $5242 $5335 $5470 reversed $5203 $-1 #
coedge $-1 -1 $-1 $5336 $5335 $5246 $5388 reversed $5069 $-1 #
edge $5525 -1 $-1 $5499 0 $5390 0.3350401926004216713 $5387 $5526 forward @7 unknown #
color-adesk-attrib $-1 -1 $-1 $-1 $5247 256 #
vertex $-1 -1 $-1 $5470 $5527 #
straight-curve $-1 -1 $-1 0.5146107499519889661 8.401470285155280493 0.5 -0.9330902171825534719 0.3596423870989281513 0 I I #
color-adesk-attrib $-1 -1 $-1 $-1 $5250 256 #
vertex $-1 -1 $-1 $5250 $5528 #
straight-curve $-1 -1 $-1 0.5146107499519889661 8.401470285155280493 -0.5 -0.9330902171825534719 0.3596423870989281513 0 F 0 F 0.2299999999999999822 #
color-adesk-attrib $-1 -1 $-1 $-1 $5252 256 #
straight-curve $-1 -1 $-1 0.5146107499519889661 8.743350627035624711 -0.5 0 0 1 I I #
point $-1 -1 $-1 0.5146107499519889661 8.743350627035624711 -0.5 #
point $-1 -1 $-1 0.5146107499519889661 8.743350627035624711 0.5 #
color-adesk-attrib $-1 -1 $-1 $-1 $5266 256 #
face $5529 -1 $-1 $5530 $5531 $8 $-1 $5532 forward single #
loop $-1 -1 $-1 $-1 $5533 $5266 #
plane-surface $-1 -1 $-1 0.3000000000000009881 -3.821623931623932435 -0.5 0.7679145865167543716 -0.6405522522127310436 0 0.6405522522127310436 0.7679145865167543716 0 forward_v I I I I #
coedge $-1 -1 $-1 $5534 $5535 $5536 $5537 forward $5267 $-1 #
coedge $-1 -1 $-1 $5538 $5269 $5535 $5539 forward $5137 $-1 #
coedge $-1 -1 $-1 $5269 $5538 $5540 $5541 reversed $5137 $-1 #
coedge $-1 -1 $-1 $5542 $5536 $5269 $5407 reversed $102 $-1 #
edge $5543 -1 $-1 $5544 0 $5545 0.3350401926004216713 $5269 $5546 forward @7 unknown #
coedge $-1 -1 $-1 $5271 $5270 $5547 $5548 reversed $5003 $-1 #
coedge $-1 -1 $-1 $5549 $5550 $5270 $5410 forward $5551 $-1 #
edge $5552 -1 $-1 $5553 -0.75 $5413 0.25 $5409 $5554 forward @7 unknown #
coedge $-1 -1 $-1 $5272 $5555 $5549 $5556 forward $102 $-1 #
color-adesk-attrib $-1 -1 $-1 $-1 $5273 256 #
vertex $-1 -1 $-1 $5273 $5557 #
straight-curve $-1 -1 $-1 0.5146107499519881889 -4.931863048178051656 -0.5 -0.9330902171825534719 0.3596423870989281513 0 F 0 F 0.2299999999999999822 #
coedge $-1 -1 $-1 $5547 $5558 $5274 $5416 forward $264 $-1 #
edge $5559 -1 $-1 $5424 0 $5418 0.3350401926004216713 $5274 $5560 forward @7 unknown #
color-adesk-attrib $-1 -1 $-1 $-1 $5275 256 #
vertex $-1 -1 $-1 $5275 $5561 #
straight-curve $-1 -1 $-1 0.5146107499519881889 -4.931863048178051656 -0.5 0 0 1 I I #
coedge $-1 -1 $-1 $5562 $5276 $5558 $5563 reversed $5422 $-1 #
coedge $-1 -1 $-1 $5276 $5562 $5278 $5427 reversed $5422 $-1 #
loop $-1 -1 $-1 $-1 $5276 $5564 #
color-adesk-attrib $-1 -1 $-1 $-1 $5277 256 #
vertex $-1 -1 $-1 $5416 $5565 #
straight-curve $-1 -1 $-1 0.3000000000000000444 -5.189145299145299539 -0.25 0 0 1 I I #
coedge $-1 -1 $-1 $5291 $5278 $5566 $5567 reversed $102 $-1 #
edge $5568 -1 $-1 $5280 5.189145299145298651 $5569 5.191025641025643012 $5421 $277 forward @7 unknown #
point $-1 -1 $-1 0.3000000000000008771 -5.189145299145298651 -0.5 #
point $-1 -1 $-1 0.5146107499519881889 -4.931863048178051656 -0.5 #
coedge $-1 -1 $-1 $5570 $5283 $5286 $5434 forward $264 $-1 #
color-adesk-attrib $-1 -1 $-1 $-1 $5284 256 #
straight-curve $-1 -1 $-1 0.5146107499519880779 -5.61562373193873654 0.5 -0.9330902171825534719 0.3596423870989281513 0 I I #
coedge $-1 -1 $-1 $5286 $5285 $5571 $5572 forward $5287 $-1 #
edge $5573 -1 $-1 $5289 -5.532905982905983677 $5574 -5.531025641025642869 $5286 $352 forward @7 unknown #
face $5575 -1 $-1 $5036 $5287 $8 $-1 $354 reversed single #
point $-1 -1 $-1 0.3000000000000008216 -5.532905982905983677 0.5 #
coedge $-1 -1 $-1 $5576 $5571 $5291 $5438 forward $5577 $-1 #
edge $5578 -1 $-1 $5440 0 $5579 0.3350401926004216713 $5437 $5580 forward @7 unknown #
color-adesk-attrib $-1 -1 $-1 $-1 $5292 256 #
vertex $-1 -1 $-1 $5292 $5581 #
coedge $-1 -1 $-1 $5294 $5306 $5582 $5583 forward $264 $-1 #
coedge $-1 -1 $-1 $5582 $5302 $5298 $5443 reversed $5448 $-1 #
edge $5584 -1 $-1 $5445 -0.75 $5305 0.25 $5298 $5585 forward @7 unknown #
color-adesk-attrib $-1 -1 $-1 $-1 $5299 256 #
vertex $-1 -1 $-1 $5299 $5586 #
color-adesk-attrib $-1 -1 $-1 $-1 $5300 256 #
coedge $-1 -1 $-1 $5302 $5582 $5312 $5457 reversed $5448 $-1 #
loop $-1 -1 $-1 $-1 $5302 $5587 #
color-adesk-attrib $-1 -1 $-1 $-1 $5303 256 #
straight-curve $-1 -1 $-1 0.5146107499519880779 -5.957504073819077206 -0.5 -0.9330902171825534719 0.3596423870989281513 0 F 0 F 0.2299999999999999822 #
point $-1 -1 $-1 0.3000000000000008216 -5.874786324786324343 -0.5 #
coedge $-1 -1 $-1 $5307 $5312 $5306 $5453 reversed $5313 $-1 #
edge $5588 -1 $-1 $5310 0 $5589 0.3350401926004216713 $5452 $5590 forward @7 unknown #
color-adesk-attrib $-1 -1 $-1 $-1 $5308 256 #
straight-curve $-1 -1 $-1 0.3000000000000000444 -6.214786324786325089 -0.25 0 0 1 I I #
point $-1 -1 $-1 0.3000000000000008216 -6.214786324786324201 0.5 #
edge $5591 -1 $-1 $5315 0 $5589 1 $5447 $5592 forward @7 unknown #
face $5593 -1 $-1 $5587 $5313 $8 $-1 $5594 forward single #
point $-1 -1 $-1 0.5146107499519880779 -5.957504073819077206 -0.5 #
color-adesk-attrib $-1 -1 $-1 $-1 $5319 256 #
straight-curve $-1 -1 $-1 0.5146107499519880779 -6.64126475757976209 0.5 -0.9330902171825534719 0.3596423870989281513 0 I I #
color-adesk-attrib $-1 -1 $-1 $-1 $5323 256 #
plane-surface $-1 -1 $-1 0.5146107499519880779 -6.64126475757976209 -0.5 0.3596423870989281513 0.9330902171825534719 0 -0.9330902171825534719 0.3596423870989281513 0 forward_v I I I I #
point $-1 -1 $-1 0.5146107499519880779 -6.64126475757976209 0.5 #
color-adesk-attrib $-1 -1 $-1 $-1 $5332 256 #
face $5595 -1 $-1 $5596 $5597 $8 $-1 $5598 forward single #
loop $-1 -1 $-1 $-1 $5507 $5332 #
plane-surface $-1 -1 $-1 0.5146107499519889661 7.717709601394599161 -0.5 0.3596423870989281513 0.9330902171825534719 0 -0.9330902171825534719 0.3596423870989281513 0 forward_v I I I I #
coedge $-1 -1 $-1 $5599 $5600 $5513 $5601 forward $5333 $-1 #
edge $5602 -1 $-1 $5393 0 $5390 1 $5386 $5603 forward @7 unknown #
edge $5604 -1 $-1 $5473 -0.25 $5499 0.75 $5351 $5605 forward @7 unknown #
color-adesk-attrib $-1 -1 $-1 $-1 $5337 256 #
vertex $-1 -1 $-1 $5353 $5606 #
straight-curve $-1 -1 $-1 0.3000000000000017097 8.144188034188033498 -0.5 0.6405522522127310436 0.7679145865167543716 0 F 0 F 0.3350401926004216713 #
color-adesk-attrib $-1 -1 $-1 $-1 $5344 256 #
face $5607 -1 $-1 $5608 $5609 $8 $-1 $354 reversed single #
loop $-1 -1 $-1 $-1 $5610 $5344 #
coedge $-1 -1 $-1 $5611 $5612 $5613 $5614 forward $5345 $-1 #
coedge $-1 -1 $-1 $5615 $5346 $5616 $5617 reversed $5213 $-1 #
coedge $-1 -1 $-1 $5346 $5615 $5618 $5619 reversed $5213 $-1 #
coedge $-1 -1 $-1 $5620 $5621 $5346 $5482 reversed $5622 $-1 #
edge $5623 -1 $-1 $5624 -0.75 $5625 0.25 $5346 $5626 forward @7 unknown #
coedge $-1 -1 $-1 $5348 $5347 $5627 $5628 forward $5081 $-1 #
coedge $-1 -1 $-1 $5629 $5630 $5347 $5485 forward $264 $-1 #
edge $5631 -1 $-1 $5632 7.11666666666666714 $5493 7.118547008547007948 $5347 $352 forward @7 unknown #
coedge $-1 -1 $-1 $5633 $5634 $5348 $5487 forward $102 $-1 #
edge $5635 -1 $-1 $5492 -7.118547008547007948 $5636 -7.11666666666666714 $5348 $277 forward @7 unknown #
coedge $-1 -1 $-1 $5637 $5349 $5634 $5638 forward $5490 $-1 #
coedge $-1 -1 $-1 $5349 $5637 $5629 $5639 reversed $5490 $-1 #
loop $-1 -1 $-1 $-1 $5488 $5640 #
color-adesk-attrib $-1 -1 $-1 $-1 $5350 256 #
vertex $-1 -1 $-1 $5487 $5641 #
vertex $-1 -1 $-1 $5639 $5642 #
straight-curve $-1 -1 $-1 0.2999999999999998224 7.11854700854700706 -0.25 0 0 1 I I #
coedge $-1 -1 $-1 $5370 $5352 $5357 $5502 reversed $102 $-1 #
color-adesk-attrib $-1 -1 $-1 $-1 $5353 256 #
coedge $-1 -1 $-1 $5354 $5365 $5356 $5501 forward $264 $-1 #
color-adesk-attrib $-1 -1 $-1 $-1 $5355 256 #
vertex $-1 -1 $-1 $5388 $5643 #
coedge $-1 -1 $-1 $5357 $5356 $5373 $5516 reversed $5358 $-1 #
edge $5644 -1 $-1 $5521 0 $5360 0.2299999999999999822 $5356 $5645 forward @7 unknown #
edge $5646 -1 $-1 $5518 0 $5361 0.2299999999999999822 $5357 $5647 forward @7 unknown #
face $5648 -1 $-1 $5112 $5358 $8 $-1 $5649 forward single #
point $-1 -1 $-1 0.3000000000000017097 8.14230769230769269 0.5 #
point $-1 -1 $-1 0.3000000000000017097 8.14230769230769269 -0.5 #
coedge $-1 -1 $-1 $5650 $5363 $5366 $5511 reversed $5467 $-1 #
coedge $-1 -1 $-1 $5363 $5650 $5369 $5514 forward $5467 $-1 #
color-adesk-attrib $-1 -1 $-1 $-1 $5364 256 #
straight-curve $-1 -1 $-1 0.3000000000000004885 7.800427350427353801 -0.25 0 0 -1 I I #
coedge $-1 -1 $-1 $5366 $5618 $5651 $5652 forward $264 $-1 #
edge $5653 -1 $-1 $5654 0 $5368 0.2299999999999999822 $5506 $5655 forward @7 unknown #
point $-1 -1 $-1 0.3000000000000016542 7.800427350427352025 0.5 #
coedge $-1 -1 $-1 $5616 $5369 $5469 $5601 reversed $102 $-1 #
edge $5656 -1 $-1 $5657 0 $5372 0.2299999999999999822 $5507 $5658 forward @7 unknown #
point $-1 -1 $-1 0.3000000000000016542 7.800427350427352025 -0.5 #
edge $5659 -1 $-1 $5518 0 $5521 1 $5500 $5660 forward @7 unknown #
color-adesk-attrib $-1 -1 $-1 $-1 $5374 256 #
vertex $-1 -1 $-1 $5502 $5661 #
straight-curve $-1 -1 $-1 0.3000000000000017097 7.802307692307692832 -0.5 0.6405522522127310436 0.7679145865167543716 0 F 0 F 0.3350401926004216713 #
color-adesk-attrib $-1 -1 $-1 $-1 $5375 256 #
vertex $-1 -1 $-1 $5516 $5662 #
straight-curve $-1 -1 $-1 0.3000000000000017097 7.802307692307692832 0.5 0.6405522522127310436 0.7679145865167543716 0 I I #
color-adesk-attrib $-1 -1 $-1 $-1 $5376 256 #
plane-surface $-1 -1 $-1 0.3000000000000017097 7.802307692307692832 -0.5 0.7679145865167543716 -0.6405522522127310436 0 0.6405522522127310436 0.7679145865167543716 0 forward_v I I I I #
color-adesk-attrib $-1 -1 $-1 $-1 $5388 256 #
straight-curve $-1 -1 $-1 0.3000000000000017097 8.144188034188033498 0.5 0.6405522522127310436 0.7679145865167543716 0 I I #
point $-1 -1 $-1 0.5146107499519889661 8.401470285155280493 0.5 #
point $-1 -1 $-1 0.5146107499519889661 8.401470285155280493 -0.5 #
color-adesk-attrib $-1 -1 $-1 $-1 $5400 256 #
face $5663 -1 $-1 $5664 $5665 $8 $-1 $5666 forward single #
loop $-1 -1 $-1 $-1 $5667 $5400 #
plane-surface $-1 -1 $-1 0.5146107499519883 -3.56434168065668544 -0.5 0.3596423870989281513 0.9330902171825534719 0 -0.9330902171825534719 0.3596423870989281513 0 forward_v I I I I #
coedge $-1 -1 $-1 $5668 $5669 $5670 $5671 forward $5401 $-1 #
coedge $-1 -1 $-1 $5672 $5403 $5673 $5674 reversed $5267 $-1 #
coedge $-1 -1 $-1 $5403 $5672 $5404 $5539 reversed $5267 $-1 #
coedge $-1 -1 $-1 $5406 $5675 $5403 $5537 reversed $102 $-1 #
edge $5676 -1 $-1 $5545 0 $5677 0.2299999999999999822 $5403 $5678 forward @7 unknown #
coedge $-1 -1 $-1 $5405 $5404 $5679 $5680 reversed $5137 $-1 #
edge $5681 -1 $-1 $5545 0 $5682 1 $5535 $5683 forward @7 unknown #
coedge $-1 -1 $-1 $5684 $5685 $5405 $5541 forward $5686 $-1 #
edge $5687 -1 $-1 $5544 -0.25 $5688 0.75 $5540 $5689 forward @7 unknown #
coedge $-1 -1 $-1 $5690 $5406 $5685 $5691 forward $102 $-1 #
color-adesk-attrib $-1 -1 $-1 $-1 $5407 256 #
vertex $-1 -1 $-1 $5691 $5692 #
vertex $-1 -1 $-1 $5537 $5693 #
straight-curve $-1 -1 $-1 0.3000000000000009326 -4.505384615384613767 -0.5 0.6405522522127310436 0.7679145865167543716 0 F 0 F 0.3350401926004216713 #
coedge $-1 -1 $-1 $5694 $5415 $5408 $5548 forward $264 $-1 #
edge $5695 -1 $-1 $5418 0 $5553 0.2299999999999999822 $5408 $5696 forward @7 unknown #
coedge $-1 -1 $-1 $5697 $5409 $5411 $5556 reversed $5551 $-1 #
coedge $-1 -1 $-1 $5409 $5697 $5694 $5698 reversed $5551 $-1 #
loop $-1 -1 $-1 $-1 $5409 $5699 #
color-adesk-attrib $-1 -1 $-1 $-1 $5410 256 #
vertex $-1 -1 $-1 $5698 $5700 #
straight-curve $-1 -1 $-1 0.2999999999999998224 -4.849145299145298793 -0.25 0 0 -1 I I #
coedge $-1 -1 $-1 $5411 $5690 $5701 $5702 reversed $102 $-1 #
edge $5703 -1 $-1 $5704 4.847264957264957985 $5413 4.849145299145298793 $5549 $277 forward @7 unknown #
point $-1 -1 $-1 0.3000000000000008771 -4.849145299145298793 -0.5 #
coedge $-1 -1 $-1 $5415 $5705 $5420 $5563 forward $264 $-1 #
color-adesk-attrib $-1 -1 $-1 $-1 $5416 256 #
straight-curve $-1 -1 $-1 0.3000000000000008771 -5.189145299145298651 0.5 0.6405522522127310436 0.7679145865167543716 0 I I #
point $-1 -1 $-1 0.5146107499519881889 -4.931863048178051656 0.5 #
coedge $-1 -1 $-1 $5421 $5420 $5706 $5707 forward $5422 $-1 #
edge $5708 -1 $-1 $5709 -5.191025641025643012 $5424 -5.189145299145298651 $5420 $352 forward @7 unknown #
face $5710 -1 $-1 $5699 $5422 $8 $-1 $354 reversed single #
point $-1 -1 $-1 0.3000000000000008771 -5.189145299145298651 0.5 #
coedge $-1 -1 $-1 $5706 $5711 $5426 $5567 forward $5712 $-1 #
edge $5713 -1 $-1 $5579 0 $5569 0.2299999999999999822 $5566 $5714 forward @7 unknown #
color-adesk-attrib $-1 -1 $-1 $-1 $5427 256 #
vertex $-1 -1 $-1 $5567 $5715 #
coedge $-1 -1 $-1 $5705 $5430 $5716 $5717 forward $264 $-1 #
coedge $-1 -1 $-1 $5437 $5716 $5433 $5572 reversed $5577 $-1 #
edge $5718 -1 $-1 $5440 -0.25 $5574 0.75 $5433 $5719 forward @7 unknown #
color-adesk-attrib $-1 -1 $-1 $-1 $5434 256 #
vertex $-1 -1 $-1 $5717 $5720 #
color-adesk-attrib $-1 -1 $-1 $-1 $5435 256 #
coedge $-1 -1 $-1 $5716 $5437 $5711 $5721 forward $5577 $-1 #
loop $-1 -1 $-1 $-1 $5437 $5722 #
color-adesk-attrib $-1 -1 $-1 $-1 $5438 256 #
vertex $-1 -1 $-1 $5567 $5723 #
straight-curve $-1 -1 $-1 0.3000000000000008771 -5.531025641025642869 -0.5 0.6405522522127310436 0.7679145865167543716 0 F 0 F 0.3350401926004216713 #
point $-1 -1 $-1 0.3000000000000008771 -5.531025641025642869 -0.5 #
coedge $-1 -1 $-1 $5447 $5442 $5441 $5583 reversed $5448 $-1 #
edge $5724 -1 $-1 $5589 0 $5445 0.2299999999999999822 $5582 $5725 forward @7 unknown #
color-adesk-attrib $-1 -1 $-1 $-1 $5443 256 #
straight-curve $-1 -1 $-1 0.2999999999999999334 -5.874786324786323455 -0.25 0 0 -1 I I #
point $-1 -1 $-1 0.3000000000000008216 -5.874786324786324343 0.5 #
face $5726 -1 $-1 $5194 $5448 $8 $-1 $5727 forward single #
color-adesk-attrib $-1 -1 $-1 $-1 $5453 256 #
vertex $-1 -1 $-1 $5457 $5728 #
straight-curve $-1 -1 $-1 0.3000000000000008216 -6.214786324786324201 0.5 0.6405522522127310436 0.7679145865167543716 0 I I #
color-adesk-attrib $-1 -1 $-1 $-1 $5457 256 #
straight-curve $-1 -1 $-1 0.5146107499519880779 -5.957504073819077206 -0.5 0 0 1 I I #
color-adesk-attrib $-1 -1 $-1 $-1 $5458 256 #
plane-surface $-1 -1 $-1 0.3000000000000008216 -6.214786324786324201 -0.5 0.7679145865167543716 -0.6405522522127310436 0 0.6405522522127310436 0.7679145865167543716 0 forward_v I I I I #
color-adesk-attrib $-1 -1 $-1 $-1 $5466 256 #
face $5729 -1 $-1 $5730 $5731 $8 $-1 $5732 forward single #
loop $-1 -1 $-1 $-1 $5733 $5466 #
plane-surface $-1 -1 $-1 0.3000000000000015987 6.776666666666667282 -0.5 0.7679145865167543716 -0.6405522522127310436 0 0.6405522522127310436 0.7679145865167543716 0 forward_v I I I I #
coedge $-1 -1 $-1 $5651 $5469 $5650 $5734 forward $5333 $-1 #
coedge $-1 -1 $-1 $5469 $5651 $5615 $5735 reversed $5333 $-1 #
edge $5736 -1 $-1 $5737 0 $5657 0.3350401926004216713 $5469 $5738 forward @7 unknown #
color-adesk-attrib $-1 -1 $-1 $-1 $5470 256 #
straight-curve $-1 -1 $-1 0.5146107499519889661 8.401470285155280493 -0.5 0 0 1 I I #
color-adesk-attrib $-1 -1 $-1 $-1 $5471 256 #
straight-curve $-1 -1 $-1 0.2999999999999998224 8.144188034188031722 -0.25 0 0 1 I I #
point $-1 -1 $-1 0.3000000000000017097 8.144188034188033498 -0.5 #
color-adesk-attrib $-1 -1 $-1 $-1 $5476 256 #
face $5739 -1 $-1 $5740 $5741 $8 $-1 $354 reversed single #
loop $-1 -1 $-1 $-1 $5742 $5476 #
coedge $-1 -1 $-1 $5743 $5744 $5745 $5746 forward $5477 $-1 #
coedge $-1 -1 $-1 $5747 $5478 $5748 $5749 reversed $5345 $-1 #
coedge $-1 -1 $-1 $5478 $5747 $5750 $5751 reversed $5345 $-1 #
coedge $-1 -1 $-1 $5752 $5753 $5478 $5614 reversed $5754 $-1 #
edge $5755 -1 $-1 $5756 -0.25 $5757 0.75 $5478 $5758 forward @7 unknown #
coedge $-1 -1 $-1 $5480 $5479 $5600 $5735 forward $5213 $-1 #
coedge $-1 -1 $-1 $5759 $5513 $5479 $5617 forward $102 $-1 #
edge $5760 -1 $-1 $5737 -7.460427350427352167 $5625 -7.458547008547007806 $5479 $277 forward @7 unknown #
coedge $-1 -1 $-1 $5510 $5761 $5480 $5619 forward $264 $-1 #
edge $5762 -1 $-1 $5624 7.458547008547007806 $5763 7.460427350427352167 $5480 $352 forward @7 unknown #
coedge $-1 -1 $-1 $5764 $5481 $5761 $5765 reversed $5622 $-1 #
coedge $-1 -1 $-1 $5481 $5764 $5759 $5766 forward $5622 $-1 #
loop $-1 -1 $-1 $-1 $5621 $5767 #
color-adesk-attrib $-1 -1 $-1 $-1 $5482 256 #
vertex $-1 -1 $-1 $5619 $5768 #
vertex $-1 -1 $-1 $5766 $5769 #
straight-curve $-1 -1 $-1 0.3000000000000002665 7.458547008547008694 -0.25 0 0 -1 I I #
coedge $-1 -1 $-1 $5770 $5771 $5483 $5628 reversed $5731 $-1 #
edge $5772 -1 $-1 $5632 -0.75 $5636 0.25 $5483 $5773 forward @7 unknown #
coedge $-1 -1 $-1 $5761 $5484 $5489 $5639 forward $264 $-1 #
coedge $-1 -1 $-1 $5484 $5774 $5770 $5775 forward $264 $-1 #
color-adesk-attrib $-1 -1 $-1 $-1 $5485 256 #
vertex $-1 -1 $-1 $5485 $5776 #
coedge $-1 -1 $-1 $5777 $5486 $5771 $5778 reversed $102 $-1 #
coedge $-1 -1 $-1 $5486 $5759 $5488 $5638 reversed $102 $-1 #
color-adesk-attrib $-1 -1 $-1 $-1 $5487 256 #
vertex $-1 -1 $-1 $5778 $5779 #
coedge $-1 -1 $-1 $5489 $5488 $5764 $5780 forward $5490 $-1 #
edge $5781 -1 $-1 $5492 0 $5782 0.3350401926004216713 $5488 $5783 forward @7 unknown #
edge $5784 -1 $-1 $5493 0 $5785 0.3350401926004216713 $5489 $5786 forward @7 unknown #
face $5787 -1 $-1 $5767 $5490 $8 $-1 $5788 forward single #
point $-1 -1 $-1 0.3000000000000016542 7.118547008547007948 -0.5 #
point $-1 -1 $-1 0.3000000000000016542 7.118547008547007948 0.5 #
point $-1 -1 $-1 0.3000000000000017097 8.144188034188033498 0.5 #
color-adesk-attrib $-1 -1 $-1 $-1 $5501 256 #
straight-curve $-1 -1 $-1 0.5146107499519889661 8.059589943274939827 0.5 -0.9330902171825534719 0.3596423870989281513 0 I I #
color-adesk-attrib $-1 -1 $-1 $-1 $5502 256 #
straight-curve $-1 -1 $-1 0.5146107499519889661 8.059589943274939827 -0.5 -0.9330902171825534719 0.3596423870989281513 0 F 0 F 0.2299999999999999822 #
color-adesk-attrib $-1 -1 $-1 $-1 $5503 256 #
plane-surface $-1 -1 $-1 0.5146107499519889661 8.059589943274939827 -0.5 0.3596423870989281513 0.9330902171825534719 0 -0.9330902171825534719 0.3596423870989281513 0 forward_v I I I I #
coedge $-1 -1 $-1 $5507 $5506 $5599 $5734 reversed $5467 $-1 #
coedge $-1 -1 $-1 $5600 $5599 $5510 $5652 reversed $5333 $-1 #
edge $5789 -1 $-1 $5763 0 $5654 0.3350401926004216713 $5651 $5790 forward @7 unknown #
color-adesk-attrib $-1 -1 $-1 $-1 $5511 256 #
vertex $-1 -1 $-1 $5734 $5791 #
straight-curve $-1 -1 $-1 0.5146107499519889661 7.717709601394599161 0.5 -0.9330902171825534719 0.3596423870989281513 0 I I #
color-adesk-attrib $-1 -1 $-1 $-1 $5514 256 #
vertex $-1 -1 $-1 $5514 $5792 #
straight-curve $-1 -1 $-1 0.5146107499519889661 7.717709601394599161 -0.5 -0.9330902171825534719 0.3596423870989281513 0 F 0 F 0.2299999999999999822 #
color-adesk-attrib $-1 -1 $-1 $-1 $5516 256 #
straight-curve $-1 -1 $-1 0.5146107499519889661 8.059589943274939827 -0.5 0 0 1 I I #
point $-1 -1 $-1 0.5146107499519889661 8.059589943274939827 -0.5 #
point $-1 -1 $-1 0.5146107499519889661 8.059589943274939827 0.5 #
color-adesk-attrib $-1 -1 $-1 $-1 $5530 256 #
face $5793 -1 $-1 $5794 $5795 $8 $-1 $5796 forward single #
loop $-1 -1 $-1 $-1 $5797 $5530 #
plane-surface $-1 -1 $-1 0.3000000000000010436 -3.137863247863247551 -0.5 0.7679145865167543716 -0.6405522522127310436 0 0.6405522522127310436 0.7679145865167543716 0 forward_v I I I I #
coedge $-1 -1 $-1 $5798 $5799 $5800 $5801 forward $5531 $-1 #
coedge $-1 -1 $-1 $5802 $5533 $5799 $5803 forward $5401 $-1 #
coedge $-1 -1 $-1 $5533 $5802 $5804 $5805 reversed $5401 $-1 #
coedge $-1 -1 $-1 $5806 $5800 $5533 $5671 reversed $102 $-1 #
edge $5807 -1 $-1 $5808 0 $5809 0.3350401926004216713 $5533 $5810 forward @7 unknown #
coedge $-1 -1 $-1 $5535 $5534 $5811 $5812 reversed $5267 $-1 #
coedge $-1 -1 $-1 $5813 $5814 $5534 $5674 forward $5815 $-1 #
edge $5816 -1 $-1 $5817 -0.75 $5677 0.25 $5673 $5818 forward @7 unknown #
coedge $-1 -1 $-1 $5536 $5819 $5813 $5820 forward $102 $-1 #
color-adesk-attrib $-1 -1 $-1 $-1 $5537 256 #
vertex $-1 -1 $-1 $5537 $5821 #
straight-curve $-1 -1 $-1 0.5146107499519881889 -4.248102364417366772 -0.5 -0.9330902171825534719 0.3596423870989281513 0 F 0 F 0.2299999999999999822 #
coedge $-1 -1 $-1 $5811 $5822 $5538 $5680 forward $264 $-1 #
edge $5823 -1 $-1 $5688 0 $5682 0.3350401926004216713 $5538 $5824 forward @7 unknown #
color-adesk-attrib $-1 -1 $-1 $-1 $5539 256 #
vertex $-1 -1 $-1 $5539 $5825 #
straight-curve $-1 -1 $-1 0.5146107499519881889 -4.248102364417366772 -0.5 0 0 1 I I #
coedge $-1 -1 $-1 $5826 $5540 $5822 $5827 reversed $5686 $-1 #
coedge $-1 -1 $-1 $5540 $5826 $5542 $5691 reversed $5686 $-1 #
loop $-1 -1 $-1 $-1 $5540 $5828 #
color-adesk-attrib $-1 -1 $-1 $-1 $5541 256 #
vertex $-1 -1 $-1 $5680 $5829 #
straight-curve $-1 -1 $-1 0.3000000000000000444 -4.505384615384615543 -0.25 0 0 1 I I #
coedge $-1 -1 $-1 $5555 $5542 $5830 $5831 reversed $102 $-1 #
edge $5832 -1 $-1 $5544 4.505384615384613767 $5833 4.507264957264958127 $5685 $277 forward @7 unknown #
point $-1 -1 $-1 0.3000000000000009326 -4.505384615384613767 -0.5 #
point $-1 -1 $-1 0.5146107499519881889 -4.248102364417366772 -0.5 #
coedge $-1 -1 $-1 $5834 $5547 $5550 $5698 forward $264 $-1 #
color-adesk-attrib $-1 -1 $-1 $-1 $5548 256 #
straight-curve $-1 -1 $-1 0.5146107499519881889 -4.931863048178051656 0.5 -0.9330902171825534719 0.3596423870989281513 0 I I #
coedge $-1 -1 $-1 $5550 $5549 $5835 $5836 forward $5551 $-1 #
edge $5837 -1 $-1 $5553 -4.849145299145298793 $5838 -4.847264957264957985 $5550 $352 forward @7 unknown #
face $5839 -1 $-1 $5300 $5551 $8 $-1 $354 reversed single #
point $-1 -1 $-1 0.3000000000000008771 -4.849145299145298793 0.5 #
coedge $-1 -1 $-1 $5840 $5835 $5555 $5702 forward $5841 $-1 #
edge $5842 -1 $-1 $5704 0 $5843 0.3350401926004216713 $5701 $5844 forward @7 unknown #
color-adesk-attrib $-1 -1 $-1 $-1 $5556 256 #
vertex $-1 -1 $-1 $5556 $5845 #
coedge $-1 -1 $-1 $5558 $5570 $5846 $5847 forward $264 $-1 #
coedge $-1 -1 $-1 $5846 $5566 $5562 $5707 reversed $5712 $-1 #
edge $5848 -1 $-1 $5709 -0.75 $5569 0.25 $5562 $5849 forward @7 unknown #
color-adesk-attrib $-1 -1 $-1 $-1 $5563 256 #
vertex $-1 -1 $-1 $5563 $5850 #
color-adesk-attrib $-1 -1 $-1 $-1 $5564 256 #
coedge $-1 -1 $-1 $5566 $5846 $5576 $5721 reversed $5712 $-1 #
loop $-1 -1 $-1 $-1 $5566 $5851 #
color-adesk-attrib $-1 -1 $-1 $-1 $5567 256 #
straight-curve $-1 -1 $-1 0.5146107499519880779 -5.273743390058395875 -0.5 -0.9330902171825534719 0.3596423870989281513 0 F 0 F 0.2299999999999999822 #
point $-1 -1 $-1 0.3000000000000008771 -5.191025641025643012 -0.5 #
coedge $-1 -1 $-1 $5571 $5576 $5570 $5717 reversed $5577 $-1 #
edge $5852 -1 $-1 $5574 0 $5853 0.3350401926004216713 $5716 $5854 forward @7 unknown #
color-adesk-attrib $-1 -1 $-1 $-1 $5572 256 #
straight-curve $-1 -1 $-1 0.3000000000000000444 -5.531025641025644646 -0.25 0 0 1 I I #
point $-1 -1 $-1 0.3000000000000008771 -5.531025641025642869 0.5 #
edge $5855 -1 $-1 $5579 0 $5853 1 $5711 $5856 forward @7 unknown #
face $5857 -1 $-1 $5851 $5577 $8 $-1 $5858 forward single #
point $-1 -1 $-1 0.5146107499519880779 -5.273743390058395875 -0.5 #
color-adesk-attrib $-1 -1 $-1 $-1 $5583 256 #
straight-curve $-1 -1 $-1 0.5146107499519880779 -5.957504073819077206 0.5 -0.9330902171825534719 0.3596423870989281513 0 I I #
color-adesk-attrib $-1 -1 $-1 $-1 $5587 256 #
plane-surface $-1 -1 $-1 0.5146107499519880779 -5.957504073819077206 -0.5 0.3596423870989281513 0.9330902171825534719 0 -0.9330902171825534719 0.3596423870989281513 0 forward_v I I I I #
point $-1 -1 $-1 0.5146107499519880779 -5.957504073819077206 0.5 #
color-adesk-attrib $-1 -1 $-1 $-1 $5596 256 #
face $5859 -1 $-1 $5860 $5861 $8 $-1 $5862 forward single #
loop $-1 -1 $-1 $-1 $5771 $5596 #
plane-surface $-1 -1 $-1 0.5146107499519889661 7.033948917633914277 -0.5 0.3596423870989281513 0.9330902171825534719 0 -0.9330902171825534719 0.3596423870989281513 0 forward_v I I I I #
coedge $-1 -1 $-1 $5863 $5864 $5777 $5865 forward $5597 $-1 #
edge $5866 -1 $-1 $5657 0 $5654 1 $5650 $5867 forward @7 unknown #
edge $5868 -1 $-1 $5737 -0.25 $5763 0.75 $5615 $5869 forward @7 unknown #
color-adesk-attrib $-1 -1 $-1 $-1 $5601 256 #
vertex $-1 -1 $-1 $5617 $5870 #
straight-curve $-1 -1 $-1 0.3000000000000016542 7.460427350427352167 -0.5 0.6405522522127310436 0.7679145865167543716 0 F 0 F 0.3350401926004216713 #
color-adesk-attrib $-1 -1 $-1 $-1 $5608 256 #
face $5871 -1 $-1 $5872 $5873 $8 $-1 $354 reversed single #
loop $-1 -1 $-1 $-1 $5874 $5608 #
coedge $-1 -1 $-1 $5875 $5876 $5877 $5878 forward $5609 $-1 #
coedge $-1 -1 $-1 $5879 $5610 $5880 $5881 reversed $5477 $-1 #
coedge $-1 -1 $-1 $5610 $5879 $5882 $5883 reversed $5477 $-1 #
coedge $-1 -1 $-1 $5884 $5885 $5610 $5746 reversed $5886 $-1 #
edge $5887 -1 $-1 $5888 -0.75 $5889 0.25 $5610 $5890 forward @7 unknown #
coedge $-1 -1 $-1 $5612 $5611 $5891 $5892 forward $5345 $-1 #
coedge $-1 -1 $-1 $5893 $5894 $5611 $5749 forward $264 $-1 #
edge $5895 -1 $-1 $5896 6.432905982905982256 $5757 6.434786324786323064 $5611 $352 forward @7 unknown #
coedge $-1 -1 $-1 $5897 $5898 $5612 $5751 forward $102 $-1 #
edge $5899 -1 $-1 $5756 -6.434786324786323064 $5900 -6.432905982905982256 $5612 $277 forward @7 unknown #
coedge $-1 -1 $-1 $5901 $5613 $5898 $5902 forward $5754 $-1 #
coedge $-1 -1 $-1 $5613 $5901 $5893 $5903 reversed $5754 $-1 #
loop $-1 -1 $-1 $-1 $5752 $5904 #
color-adesk-attrib $-1 -1 $-1 $-1 $5614 256 #
vertex $-1 -1 $-1 $5751 $5905 #
vertex $-1 -1 $-1 $5903 $5906 #
straight-curve $-1 -1 $-1 0.3000000000000000444 6.434786324786321288 -0.25 0 0 1 I I #
coedge $-1 -1 $-1 $5634 $5616 $5621 $5766 reversed $102 $-1 #
color-adesk-attrib $-1 -1 $-1 $-1 $5617 256 #
coedge $-1 -1 $-1 $5618 $5629 $5620 $5765 forward $264 $-1 #
color-adesk-attrib $-1 -1 $-1 $-1 $5619 256 #
vertex $-1 -1 $-1 $5652 $5907 #
coedge $-1 -1 $-1 $5621 $5620 $5637 $5780 reversed $5622 $-1 #
edge $5908 -1 $-1 $5785 0 $5624 0.2299999999999999822 $5620 $5909 forward @7 unknown #
edge $5910 -1 $-1 $5782 0 $5625 0.2299999999999999822 $5621 $5911 forward @7 unknown #
face $5912 -1 $-1 $5376 $5622 $8 $-1 $5913 forward single #
point $-1 -1 $-1 0.3000000000000016542 7.458547008547007806 0.5 #
point $-1 -1 $-1 0.3000000000000016542 7.458547008547007806 -0.5 #
coedge $-1 -1 $-1 $5914 $5627 $5630 $5775 reversed $5731 $-1 #
coedge $-1 -1 $-1 $5627 $5914 $5633 $5778 forward $5731 $-1 #
color-adesk-attrib $-1 -1 $-1 $-1 $5628 256 #
straight-curve $-1 -1 $-1 0.3000000000000002665 7.116666666666668029 -0.25 0 0 -1 I I #
coedge $-1 -1 $-1 $5630 $5882 $5915 $5916 forward $264 $-1 #
edge $5917 -1 $-1 $5918 0 $5632 0.2299999999999999822 $5770 $5919 forward @7 unknown #
point $-1 -1 $-1 0.3000000000000015987 7.11666666666666714 0.5 #
coedge $-1 -1 $-1 $5880 $5633 $5733 $5865 reversed $102 $-1 #
edge $5920 -1 $-1 $5921 0 $5636 0.2299999999999999822 $5771 $5922 forward @7 unknown #
point $-1 -1 $-1 0.3000000000000015987 7.11666666666666714 -0.5 #
edge $5923 -1 $-1 $5782 0 $5785 1 $5764 $5924 forward @7 unknown #
color-adesk-attrib $-1 -1 $-1 $-1 $5638 256 #
vertex $-1 -1 $-1 $5766 $5925 #
straight-curve $-1 -1 $-1 0.3000000000000016542 7.118547008547007948 -0.5 0.6405522522127310436 0.7679145865167543716 0 F 0 F 0.3350401926004216713 #
color-adesk-attrib $-1 -1 $-1 $-1 $5639 256 #
vertex $-1 -1 $-1 $5780 $5926 #
straight-curve $-1 -1 $-1 0.3000000000000016542 7.118547008547007948 0.5 0.6405522522127310436 0.7679145865167543716 0 I I #
color-adesk-attrib $-1 -1 $-1 $-1 $5640 256 #
plane-surface $-1 -1 $-1 0.3000000000000016542 7.118547008547007948 -0.5 0.7679145865167543716 -0.6405522522127310436 0 0.6405522522127310436 0.7679145865167543716 0 forward_v I I I I #
color-adesk-attrib $-1 -1 $-1 $-1 $5652 256 #
straight-curve $-1 -1 $-1 0.3000000000000016542 7.460427350427352167 0.5 0.6405522522127310436 0.7679145865167543716 0 I I #
point $-1 -1 $-1 0.5146107499519889661 7.717709601394599161 0.5 #
point $-1 -1 $-1 0.5146107499519889661 7.717709601394599161 -0.5 #
color-adesk-attrib $-1 -1 $-1 $-1 $5664 256 #
face $5927 -1 $-1 $5928 $5929 $8 $-1 $5930 forward single #
loop $-1 -1 $-1 $-1 $5931 $5664 #
plane-surface $-1 -1 $-1 0.5146107499519883 -2.880580996896000556 -0.5 0.3596423870989281513 0.9330902171825534719 0 -0.9330902171825534719 0.3596423870989281513 0 forward_v I I I I #
coedge $-1 -1 $-1 $5932 $5933 $5934 $5935 forward $5665 $-1 #
coedge $-1 -1 $-1 $5936 $5667 $5937 $5938 reversed $5531 $-1 #
coedge $-1 -1 $-1 $5667 $5936 $5668 $5803 reversed $5531 $-1 #
coedge $-1 -1 $-1 $5670 $5939 $5667 $5801 reversed $102 $-1 #
edge $5940 -1 $-1 $5809 0 $5941 0.2299999999999999822 $5667 $5942 forward @7 unknown #
coedge $-1 -1 $-1 $5669 $5668 $5943 $5944 reversed $5401 $-1 #
edge $5945 -1 $-1 $5809 0 $5946 1 $5799 $5947 forward @7 unknown #
coedge $-1 -1 $-1 $5948 $5949 $5669 $5805 forward $5950 $-1 #
edge $5951 -1 $-1 $5808 -0.25 $5952 0.75 $5804 $5953 forward @7 unknown #
coedge $-1 -1 $-1 $5954 $5670 $5949 $5955 forward $102 $-1 #
color-adesk-attrib $-1 -1 $-1 $-1 $5671 256 #
vertex $-1 -1 $-1 $5955 $5956 #
vertex $-1 -1 $-1 $5801 $5957 #
straight-curve $-1 -1 $-1 0.3000000000000009881 -3.821623931623932435 -0.5 0.6405522522127310436 0.7679145865167543716 0 F 0 F 0.3350401926004216713 #
coedge $-1 -1 $-1 $5958 $5679 $5672 $5812 forward $264 $-1 #
edge $5959 -1 $-1 $5682 0 $5817 0.2299999999999999822 $5672 $5960 forward @7 unknown #
coedge $-1 -1 $-1 $5961 $5673 $5675 $5820 reversed $5815 $-1 #
coedge $-1 -1 $-1 $5673 $5961 $5958 $5962 reversed $5815 $-1 #
loop $-1 -1 $-1 $-1 $5673 $5963 #
color-adesk-attrib $-1 -1 $-1 $-1 $5674 256 #
vertex $-1 -1 $-1 $5962 $5964 #
straight-curve $-1 -1 $-1 0.3000000000000000444 -4.165384615384613021 -0.25 0 0 -1 I I #
coedge $-1 -1 $-1 $5675 $5954 $5965 $5966 reversed $102 $-1 #
edge $5967 -1 $-1 $5968 4.163504273504273101 $5677 4.165384615384613909 $5813 $277 forward @7 unknown #
point $-1 -1 $-1 0.3000000000000009326 -4.165384615384613909 -0.5 #
coedge $-1 -1 $-1 $5679 $5969 $5684 $5827 forward $264 $-1 #
color-adesk-attrib $-1 -1 $-1 $-1 $5680 256 #
straight-curve $-1 -1 $-1 0.3000000000000009326 -4.505384615384613767 0.5 0.6405522522127310436 0.7679145865167543716 0 I I #
point $-1 -1 $-1 0.5146107499519881889 -4.248102364417366772 0.5 #
coedge $-1 -1 $-1 $5685 $5684 $5970 $5971 forward $5686 $-1 #
edge $5972 -1 $-1 $5973 -4.507264957264958127 $5688 -4.505384615384613767 $5684 $352 forward @7 unknown #
face $5974 -1 $-1 $5963 $5686 $8 $-1 $354 reversed single #
point $-1 -1 $-1 0.3000000000000009326 -4.505384615384613767 0.5 #
coedge $-1 -1 $-1 $5970 $5975 $5690 $5831 forward $5976 $-1 #
edge $5977 -1 $-1 $5843 0 $5833 0.2299999999999999822 $5830 $5978 forward @7 unknown #
color-adesk-attrib $-1 -1 $-1 $-1 $5691 256 #
vertex $-1 -1 $-1 $5831 $5979 #
coedge $-1 -1 $-1 $5969 $5694 $5980 $5981 forward $264 $-1 #
coedge $-1 -1 $-1 $5701 $5980 $5697 $5836 reversed $5841 $-1 #
edge $5982 -1 $-1 $5704 -0.25 $5838 0.75 $5697 $5983 forward @7 unknown #
color-adesk-attrib $-1 -1 $-1 $-1 $5698 256 #
vertex $-1 -1 $-1 $5981 $5984 #
color-adesk-attrib $-1 -1 $-1 $-1 $5699 256 #
coedge $-1 -1 $-1 $5980 $5701 $5975 $5985 forward $5841 $-1 #
loop $-1 -1 $-1 $-1 $5701 $5986 #
color-adesk-attrib $-1 -1 $-1 $-1 $5702 256 #
vertex $-1 -1 $-1 $5831 $5987 #
straight-curve $-1 -1 $-1 0.3000000000000009326 -4.847264957264957985 -0.5 0.6405522522127310436 0.7679145865167543716 0 F 0 F 0.3350401926004216713 #
point $-1 -1 $-1 0.3000000000000009326 -4.847264957264957985 -0.5 #
coedge $-1 -1 $-1 $5711 $5706 $5705 $5847 reversed $5712 $-1 #
edge $5988 -1 $-1 $5853 0 $5709 0.2299999999999999822 $5846 $5989 forward @7 unknown #
color-adesk-attrib $-1 -1 $-1 $-1 $5707 256 #
straight-curve $-1 -1 $-1 0.2999999999999999334 -5.191025641025642123 -0.25 0 0 -1 I I #
point $-1 -1 $-1 0.3000000000000008771 -5.191025641025643012 0.5 #
face $5990 -1 $-1 $5458 $5712 $8 $-1 $5991 forward single #
color-adesk-attrib $-1 -1 $-1 $-1 $5717 256 #
vertex $-1 -1 $-1 $5721 $5992 #
straight-curve $-1 -1 $-1 0.3000000000000008771 -5.531025641025642869 0.5 0.6405522522127310436 0.7679145865167543716 0 I I #
color-adesk-attrib $-1 -1 $-1 $-1 $5721 256 #
straight-curve $-1 -1 $-1 0.5146107499519880779 -5.273743390058395875 -0.5 0 0 1 I I #
color-adesk-attrib $-1 -1 $-1 $-1 $5722 256 #
plane-surface $-1 -1 $-1 0.3000000000000008771 -5.531025641025642869 -0.5 0.7679145865167543716 -0.6405522522127310436 0 0.6405522522127310436 0.7679145865167543716 0 forward_v I I I I #
color-adesk-attrib $-1 -1 $-1 $-1 $5730 256 #
face $5993 -1 $-1 $5994 $5995 $8 $-1 $5996 forward single #
loop $-1 -1 $-1 $-1 $5997 $5730 #
plane-surface $-1 -1 $-1 0.3000000000000015987 6.092905982905982398 -0.5 0.7679145865167543716 -0.6405522522127310436 0 0.6405522522127310436 0.7679145865167543716 0 forward_v I I I I #
coedge $-1 -1 $-1 $5915 $5733 $5914 $5998 forward $5597 $-1 #
coedge $-1 -1 $-1 $5733 $5915 $5879 $5999 reversed $5597 $-1 #
edge $6000 -1 $-1 $6001 0 $5921 0.3350401926004216713 $5733 $6002 forward @7 unknown #
color-adesk-attrib $-1 -1 $-1 $-1 $5734 256 #
straight-curve $-1 -1 $-1 0.5146107499519889661 7.717709601394599161 -0.5 0 0 1 I I #
color-adesk-attrib $-1 -1 $-1 $-1 $5735 256 #
straight-curve $-1 -1 $-1 0.3000000000000002665 7.46042735042735039 -0.25 0 0 1 I I #
point $-1 -1 $-1 0.3000000000000016542 7.460427350427352167 -0.5 #
color-adesk-attrib $-1 -1 $-1 $-1 $5740 256 #
face $6003 -1 $-1 $6004 $6005 $8 $-1 $354 reversed single #
loop $-1 -1 $-1 $-1 $6006 $5740 #
coedge $-1 -1 $-1 $6007 $6008 $6009 $6010 forward $5741 $-1 #
coedge $-1 -1 $-1 $6011 $5742 $6012 $6013 reversed $5609 $-1 #
coedge $-1 -1 $-1 $5742 $6011 $6014 $6015 reversed $5609 $-1 #
coedge $-1 -1 $-1 $6016 $6017 $5742 $5878 reversed $6018 $-1 #
edge $6019 -1 $-1 $6020 -0.25 $6021 0.75 $5742 $6022 forward @7 unknown #
coedge $-1 -1 $-1 $5744 $5743 $5864 $5999 forward $5477 $-1 #
coedge $-1 -1 $-1 $6023 $5777 $5743 $5881 forward $102 $-1 #
edge $6024 -1 $-1 $6001 -6.776666666666667282 $5889 -6.774786324786322922 $5743 $277 forward @7 unknown #
coedge $-1 -1 $-1 $5774 $6025 $5744 $5883 forward $264 $-1 #
edge $6026 -1 $-1 $5888 6.774786324786322922 $6027 6.776666666666667282 $5744 $352 forward @7 unknown #
coedge $-1 -1 $-1 $6028 $5745 $6025 $6029 reversed $5886 $-1 #
coedge $-1 -1 $-1 $5745 $6028 $6023 $6030 forward $5886 $-1 #
loop $-1 -1 $-1 $-1 $5885 $6031 #
color-adesk-attrib $-1 -1 $-1 $-1 $5746 256 #
vertex $-1 -1 $-1 $5883 $6032 #
vertex $-1 -1 $-1 $6030 $6033 #
straight-curve $-1 -1 $-1 0.3000000000000002665 6.774786324786324698 -0.25 0 0 -1 I I #
coedge $-1 -1 $-1 $6034 $6035 $5747 $5892 reversed $5995 $-1 #
edge $6036 -1 $-1 $5896 -0.75 $5900 0.25 $5747 $6037 forward @7 unknown #
coedge $-1 -1 $-1 $6025 $5748 $5753 $5903 forward $264 $-1 #
coedge $-1 -1 $-1 $5748 $6038 $6034 $6039 forward $264 $-1 #
color-adesk-attrib $-1 -1 $-1 $-1 $5749 256 #
vertex $-1 -1 $-1 $5749 $6040 #
coedge $-1 -1 $-1 $6041 $5750 $6035 $6042 reversed $102 $-1 #
coedge $-1 -1 $-1 $5750 $6023 $5752 $5902 reversed $102 $-1 #
color-adesk-attrib $-1 -1 $-1 $-1 $5751 256 #
vertex $-1 -1 $-1 $6042 $6043 #
coedge $-1 -1 $-1 $5753 $5752 $6028 $6044 forward $5754 $-1 #
edge $6045 -1 $-1 $5756 0 $6046 0.3350401926004216713 $5752 $6047 forward @7 unknown #
edge $6048 -1 $-1 $5757 0 $6049 0.3350401926004216713 $5753 $6050 forward @7 unknown #
face $6051 -1 $-1 $6031 $5754 $8 $-1 $6052 forward single #
point $-1 -1 $-1 0.3000000000000015987 6.434786324786323064 -0.5 #
point $-1 -1 $-1 0.3000000000000015987 6.434786324786323064 0.5 #
point $-1 -1 $-1 0.3000000000000016542 7.460427350427352167 0.5 #
color-adesk-attrib $-1 -1 $-1 $-1 $5765 256 #
straight-curve $-1 -1 $-1 0.5146107499519889661 7.375829259514254943 0.5 -0.9330902171825534719 0.3596423870989281513 0 I I #
color-adesk-attrib $-1 -1 $-1 $-1 $5766 256 #
straight-curve $-1 -1 $-1 0.5146107499519889661 7.375829259514254943 -0.5 -0.9330902171825534719 0.3596423870989281513 0 F 0 F 0.2299999999999999822 #
color-adesk-attrib $-1 -1 $-1 $-1 $5767 256 #
plane-surface $-1 -1 $-1 0.5146107499519889661 7.375829259514254943 -0.5 0.3596423870989281513 0.9330902171825534719 0 -0.9330902171825534719 0.3596423870989281513 0 forward_v I I I I #
coedge $-1 -1 $-1 $5771 $5770 $5863 $5998 reversed $5731 $-1 #
coedge $-1 -1 $-1 $5864 $5863 $5774 $5916 reversed $5597 $-1 #
edge $6053 -1 $-1 $6027 0 $5918 0.3350401926004216713 $5915 $6054 forward @7 unknown #
color-adesk-attrib $-1 -1 $-1 $-1 $5775 256 #
vertex $-1 -1 $-1 $5998 $6055 #
straight-curve $-1 -1 $-1 0.5146107499519889661 7.033948917633914277 0.5 -0.9330902171825534719 0.3596423870989281513 0 I I #
color-adesk-attrib $-1 -1 $-1 $-1 $5778 256 #
vertex $-1 -1 $-1 $5778 $6056 #
straight-curve $-1 -1 $-1 0.5146107499519889661 7.033948917633914277 -0.5 -0.9330902171825534719 0.3596423870989281513 0 F 0 F 0.2299999999999999822 #
color-adesk-attrib $-1 -1 $-1 $-1 $5780 256 #
straight-curve $-1 -1 $-1 0.5146107499519889661 7.375829259514254943 -0.5 0 0 1 I I #
point $-1 -1 $-1 0.5146107499519889661 7.375829259514254943 -0.5 #
point $-1 -1 $-1 0.5146107499519889661 7.375829259514254943 0.5 #
color-adesk-attrib $-1 -1 $-1 $-1 $5794 256 #
face $6057 -1 $-1 $6058 $6059 $8 $-1 $6060 forward single #
loop $-1 -1 $-1 $-1 $6061 $5794 #
plane-surface $-1 -1 $-1 0.3000000000000010436 -2.454102564102562667 -0.5 0.7679145865167543716 -0.6405522522127310436 0 0.6405522522127310436 0.7679145865167543716 0 forward_v I I I I #
coedge $-1 -1 $-1 $6062 $6063 $6064 $6065 forward $5795 $-1 #
coedge $-1 -1 $-1 $6066 $5797 $6063 $6067 forward $5665 $-1 #
coedge $-1 -1 $-1 $5797 $6066 $6068 $6069 reversed $5665 $-1 #
coedge $-1 -1 $-1 $6070 $6064 $5797 $5935 reversed $102 $-1 #
edge $6071 -1 $-1 $6072 0 $6073 0.3350401926004216713 $5797 $6074 forward @7 unknown #
coedge $-1 -1 $-1 $5799 $5798 $6075 $6076 reversed $5531 $-1 #
coedge $-1 -1 $-1 $6077 $6078 $5798 $5938 forward $6079 $-1 #
edge $6080 -1 $-1 $6081 -0.75 $5941 0.25 $5937 $6082 forward @7 unknown #
coedge $-1 -1 $-1 $5800 $6083 $6077 $6084 forward $102 $-1 #
color-adesk-attrib $-1 -1 $-1 $-1 $5801 256 #
vertex $-1 -1 $-1 $5801 $6085 #
straight-curve $-1 -1 $-1 0.5146107499519883 -3.56434168065668544 -0.5 -0.9330902171825534719 0.3596423870989281513 0 F 0 F 0.2299999999999999822 #
coedge $-1 -1 $-1 $6075 $6086 $5802 $5944 forward $264 $-1 #
edge $6087 -1 $-1 $5952 0 $5946 0.3350401926004216713 $5802 $6088 forward @7 unknown #
color-adesk-attrib $-1 -1 $-1 $-1 $5803 256 #
vertex $-1 -1 $-1 $5803 $6089 #
straight-curve $-1 -1 $-1 0.5146107499519883 -3.56434168065668544 -0.5 0 0 1 I I #
coedge $-1 -1 $-1 $6090 $5804 $6086 $6091 reversed $5950 $-1 #
coedge $-1 -1 $-1 $5804 $6090 $5806 $5955 reversed $5950 $-1 #
loop $-1 -1 $-1 $-1 $5804 $6092 #
color-adesk-attrib $-1 -1 $-1 $-1 $5805 256 #
vertex $-1 -1 $-1 $5944 $6093 #
straight-curve $-1 -1 $-1 0.3000000000000000444 -3.821623931623933768 -0.25 0 0 1 I I #
coedge $-1 -1 $-1 $5819 $5806 $6094 $6095 reversed $102 $-1 #
edge $6096 -1 $-1 $5808 3.821623931623932435 $6097 3.823504273504273243 $5949 $277 forward @7 unknown #
point $-1 -1 $-1 0.3000000000000009881 -3.821623931623932435 -0.5 #
point $-1 -1 $-1 0.5146107499519883 -3.56434168065668544 -0.5 #
coedge $-1 -1 $-1 $6098 $5811 $5814 $5962 forward $264 $-1 #
color-adesk-attrib $-1 -1 $-1 $-1 $5812 256 #
straight-curve $-1 -1 $-1 0.5146107499519881889 -4.248102364417366772 0.5 -0.9330902171825534719 0.3596423870989281513 0 I I #
coedge $-1 -1 $-1 $5814 $5813 $6099 $6100 forward $5815 $-1 #
edge $6101 -1 $-1 $5817 -4.165384615384613909 $6102 -4.163504273504273101 $5814 $352 forward @7 unknown #
face $6103 -1 $-1 $5564 $5815 $8 $-1 $354 reversed single #
point $-1 -1 $-1 0.3000000000000009326 -4.165384615384613909 0.5 #
coedge $-1 -1 $-1 $6104 $6099 $5819 $5966 forward $6105 $-1 #
edge $6106 -1 $-1 $5968 0 $6107 0.3350401926004216713 $5965 $6108 forward @7 unknown #
color-adesk-attrib $-1 -1 $-1 $-1 $5820 256 #
vertex $-1 -1 $-1 $5820 $6109 #
coedge $-1 -1 $-1 $5822 $5834 $6110 $6111 forward $264 $-1 #
coedge $-1 -1 $-1 $6110 $5830 $5826 $5971 reversed $5976 $-1 #
edge $6112 -1 $-1 $5973 -0.75 $5833 0.25 $5826 $6113 forward @7 unknown #
color-adesk-attrib $-1 -1 $-1 $-1 $5827 256 #
vertex $-1 -1 $-1 $5827 $6114 #
color-adesk-attrib $-1 -1 $-1 $-1 $5828 256 #
coedge $-1 -1 $-1 $5830 $6110 $5840 $5985 reversed $5976 $-1 #
loop $-1 -1 $-1 $-1 $5830 $6115 #
color-adesk-attrib $-1 -1 $-1 $-1 $5831 256 #
straight-curve $-1 -1 $-1 0.5146107499519881889 -4.58998270629771099 -0.5 -0.9330902171825534719 0.3596423870989281513 0 F 0 F 0.2299999999999999822 #
point $-1 -1 $-1 0.3000000000000009326 -4.507264957264958127 -0.5 #
coedge $-1 -1 $-1 $5835 $5840 $5834 $5981 reversed $5841 $-1 #
edge $6116 -1 $-1 $5838 0 $6117 0.3350401926004216713 $5980 $6118 forward @7 unknown #
color-adesk-attrib $-1 -1 $-1 $-1 $5836 256 #
straight-curve $-1 -1 $-1 0.3000000000000000444 -4.847264957264959762 -0.25 0 0 1 I I #
point $-1 -1 $-1 0.3000000000000009326 -4.847264957264957985 0.5 #
edge $6119 -1 $-1 $5843 0 $6117 1 $5975 $6120 forward @7 unknown #
face $6121 -1 $-1 $6115 $5841 $8 $-1 $6122 forward single #
point $-1 -1 $-1 0.5146107499519881889 -4.58998270629771099 -0.5 #
color-adesk-attrib $-1 -1 $-1 $-1 $5847 256 #
straight-curve $-1 -1 $-1 0.5146107499519880779 -5.273743390058395875 0.5 -0.9330902171825534719 0.3596423870989281513 0 I I #
color-adesk-attrib $-1 -1 $-1 $-1 $5851 256 #
plane-surface $-1 -1 $-1 0.5146107499519880779 -5.273743390058395875 -0.5 0.3596423870989281513 0.9330902171825534719 0 -0.9330902171825534719 0.3596423870989281513 0 forward_v I I I I #
point $-1 -1 $-1 0.5146107499519880779 -5.273743390058395875 0.5 #
color-adesk-attrib $-1 -1 $-1 $-1 $5860 256 #
face $6123 -1 $-1 $6124 $6125 $8 $-1 $6126 forward single #
loop $-1 -1 $-1 $-1 $6035 $5860 #
plane-surface $-1 -1 $-1 0.5146107499519888551 6.350188233873229393 -0.5 0.3596423870989281513 0.9330902171825534719 0 -0.9330902171825534719 0.3596423870989281513 0 forward_v I I I I #
coedge $-1 -1 $-1 $6127 $6128 $6041 $6129 forward $5861 $-1 #
edge $6130 -1 $-1 $5921 0 $5918 1 $5914 $6131 forward @7 unknown #
edge $6132 -1 $-1 $6001 -0.25 $6027 0.75 $5879 $6133 forward @7 unknown #
color-adesk-attrib $-1 -1 $-1 $-1 $5865 256 #
vertex $-1 -1 $-1 $5881 $6134 #
straight-curve $-1 -1 $-1 0.3000000000000015987 6.776666666666667282 -0.5 0.6405522522127310436 0.7679145865167543716 0 F 0 F 0.3350401926004216713 #
color-adesk-attrib $-1 -1 $-1 $-1 $5872 256 #
face $6135 -1 $-1 $6136 $6137 $8 $-1 $354 reversed single #
loop $-1 -1 $-1 $-1 $6138 $5872 #
coedge $-1 -1 $-1 $6139 $6140 $6141 $6142 forward $5873 $-1 #
coedge $-1 -1 $-1 $6143 $5874 $6144 $6145 reversed $5741 $-1 #
coedge $-1 -1 $-1 $5874 $6143 $6146 $6147 reversed $5741 $-1 #
coedge $-1 -1 $-1 $6148 $6149 $5874 $6010 reversed $6150 $-1 #
edge $6151 -1 $-1 $6152 -0.75 $6153 0.25 $5874 $6154 forward @7 unknown #
coedge $-1 -1 $-1 $5876 $5875 $6155 $6156 forward $5609 $-1 #
coedge $-1 -1 $-1 $6157 $6158 $5875 $6013 forward $264 $-1 #
edge $6159 -1 $-1 $6160 5.749145299145297372 $6021 5.751025641025641733 $5875 $352 forward @7 unknown #
coedge $-1 -1 $-1 $6161 $6162 $5876 $6015 forward $102 $-1 #
edge $6163 -1 $-1 $6020 -5.751025641025641733 $6164 -5.749145299145297372 $5876 $277 forward @7 unknown #
coedge $-1 -1 $-1 $6165 $5877 $6162 $6166 forward $6018 $-1 #
coedge $-1 -1 $-1 $5877 $6165 $6157 $6167 reversed $6018 $-1 #
loop $-1 -1 $-1 $-1 $6016 $6168 #
color-adesk-attrib $-1 -1 $-1 $-1 $5878 256 #
vertex $-1 -1 $-1 $6015 $6169 #
vertex $-1 -1 $-1 $6167 $6170 #
straight-curve $-1 -1 $-1 0.3000000000000000444 5.751025641025639956 -0.25 0 0 1 I I #
coedge $-1 -1 $-1 $5898 $5880 $5885 $6030 reversed $102 $-1 #
color-adesk-attrib $-1 -1 $-1 $-1 $5881 256 #
coedge $-1 -1 $-1 $5882 $5893 $5884 $6029 forward $264 $-1 #
color-adesk-attrib $-1 -1 $-1 $-1 $5883 256 #
vertex $-1 -1 $-1 $5916 $6171 #
coedge $-1 -1 $-1 $5885 $5884 $5901 $6044 reversed $5886 $-1 #
edge $6172 -1 $-1 $6049 0 $5888 0.2299999999999999822 $5884 $6173 forward @7 unknown #
edge $6174 -1 $-1 $6046 0 $5889 0.2299999999999999822 $5885 $6175 forward @7 unknown #
face $6176 -1 $-1 $5640 $5886 $8 $-1 $6177 forward single #
point $-1 -1 $-1 0.3000000000000015987 6.774786324786322922 0.5 #
point $-1 -1 $-1 0.3000000000000015987 6.774786324786322922 -0.5 #
coedge $-1 -1 $-1 $6178 $5891 $5894 $6039 reversed $5995 $-1 #
coedge $-1 -1 $-1 $5891 $6178 $5897 $6042 forward $5995 $-1 #
color-adesk-attrib $-1 -1 $-1 $-1 $5892 256 #
straight-curve $-1 -1 $-1 0.3000000000000002665 6.432905982905984033 -0.25 0 0 -1 I I #
coedge $-1 -1 $-1 $5894 $6146 $6179 $6180 forward $264 $-1 #
edge $6181 -1 $-1 $6182 0 $5896 0.2299999999999999822 $6034 $6183 forward @7 unknown #
point $-1 -1 $-1 0.3000000000000015987 6.432905982905982256 0.5 #
coedge $-1 -1 $-1 $6144 $5897 $5997 $6129 reversed $102 $-1 #
edge $6184 -1 $-1 $6185 0 $5900 0.2299999999999999822 $6035 $6186 forward @7 unknown #
point $-1 -1 $-1 0.3000000000000015987 6.432905982905982256 -0.5 #
edge $6187 -1 $-1 $6046 0 $6049 1 $6028 $6188 forward @7 unknown #
color-adesk-attrib $-1 -1 $-1 $-1 $5902 256 #
vertex $-1 -1 $-1 $6030 $6189 #
straight-curve $-1 -1 $-1 0.3000000000000015987 6.434786324786323064 -0.5 0.6405522522127310436 0.7679145865167543716 0 F 0 F 0.3350401926004216713 #
color-adesk-attrib $-1 -1 $-1 $-1 $5903 256 #
vertex $-1 -1 $-1 $6044 $6190 #
straight-curve $-1 -1 $-1 0.3000000000000015987 6.434786324786323064 0.5 0.6405522522127310436 0.7679145865167543716 0 I I #
color-adesk-attrib $-1 -1 $-1 $-1 $5904 256 #
plane-surface $-1 -1 $-1 0.3000000000000015987 6.434786324786323064 -0.5 0.7679145865167543716 -0.6405522522127310436 0 0.6405522522127310436 0.7679145865167543716 0 forward_v I I I I #
color-adesk-attrib $-1 -1 $-1 $-1 $5916 256 #
straight-curve $-1 -1 $-1 0.3000000000000015987 6.776666666666667282 0.5 0.6405522522127310436 0.7679145865167543716 0 I I #
point $-1 -1 $-1 0.5146107499519889661 7.033948917633914277 0.5 #
point $-1 -1 $-1 0.5146107499519889661 7.033948917633914277 -0.5 #
color-adesk-attrib $-1 -1 $-1 $-1 $5928 256 #
face $6191 -1 $-1 $6192 $6193 $8 $-1 $6194 forward single #
loop $-1 -1 $-1 $-1 $6195 $5928 #
plane-surface $-1 -1 $-1 0.5146107499519883 -2.196820313135315672 -0.5 0.3596423870989281513 0.9330902171825534719 0 -0.9330902171825534719 0.3596423870989281513 0 forward_v I I I I #
coedge $-1 -1 $-1 $6196 $6197 $6198 $6199 forward $5929 $-1 #
coedge $-1 -1 $-1 $6200 $5931 $6201 $6202 reversed $5795 $-1 #
coedge $-1 -1 $-1 $5931 $6200 $5932 $6067 reversed $5795 $-1 #
coedge $-1 -1 $-1 $5934 $6203 $5931 $6065 reversed $102 $-1 #
edge $6204 -1 $-1 $6073 0 $6205 0.2299999999999999822 $5931 $6206 forward @7 unknown #
coedge $-1 -1 $-1 $5933 $5932 $6207 $6208 reversed $5665 $-1 #
edge $6209 -1 $-1 $6073 0 $6210 1 $6063 $6211 forward @7 unknown #
coedge $-1 -1 $-1 $6212 $6213 $5933 $6069 forward $6214 $-1 #
edge $6215 -1 $-1 $6072 -0.25 $6216 0.75 $6068 $6217 forward @7 unknown #
coedge $-1 -1 $-1 $6218 $5934 $6213 $6219 forward $102 $-1 #
color-adesk-attrib $-1 -1 $-1 $-1 $5935 256 #
vertex $-1 -1 $-1 $6219 $6220 #
vertex $-1 -1 $-1 $6065 $6221 #
straight-curve $-1 -1 $-1 0.3000000000000010436 -3.137863247863247551 -0.5 0.6405522522127310436 0.7679145865167543716 0 F 0 F 0.3350401926004216713 #
coedge $-1 -1 $-1 $6222 $5943 $5936 $6076 forward $264 $-1 #
edge $6223 -1 $-1 $5946 0 $6081 0.2299999999999999822 $5936 $6224 forward @7 unknown #
coedge $-1 -1 $-1 $6225 $5937 $5939 $6084 reversed $6079 $-1 #
coedge $-1 -1 $-1 $5937 $6225 $6222 $6226 reversed $6079 $-1 #
loop $-1 -1 $-1 $-1 $5937 $6227 #
color-adesk-attrib $-1 -1 $-1 $-1 $5938 256 #
vertex $-1 -1 $-1 $6226 $6228 #
straight-curve $-1 -1 $-1 0.2999999999999999334 -3.481623931623931689 -0.25 0 0 -1 I I #
coedge $-1 -1 $-1 $5939 $6218 $6229 $6230 reversed $102 $-1 #
edge $6231 -1 $-1 $6232 3.47974358974359177 $5941 3.481623931623932577 $6077 $277 forward @7 unknown #
point $-1 -1 $-1 0.3000000000000009881 -3.481623931623932577 -0.5 #
coedge $-1 -1 $-1 $5943 $6233 $5948 $6091 forward $264 $-1 #
color-adesk-attrib $-1 -1 $-1 $-1 $5944 256 #
straight-curve $-1 -1 $-1 0.3000000000000009881 -3.821623931623932435 0.5 0.6405522522127310436 0.7679145865167543716 0 I I #
point $-1 -1 $-1 0.5146107499519883 -3.56434168065668544 0.5 #
coedge $-1 -1 $-1 $5949 $5948 $6234 $6235 forward $5950 $-1 #
edge $6236 -1 $-1 $6237 -3.823504273504273243 $5952 -3.821623931623932435 $5948 $352 forward @7 unknown #
face $6238 -1 $-1 $6227 $5950 $8 $-1 $354 reversed single #
point $-1 -1 $-1 0.3000000000000009881 -3.821623931623932435 0.5 #
coedge $-1 -1 $-1 $6234 $6239 $5954 $6095 forward $6240 $-1 #
edge $6241 -1 $-1 $6107 0 $6097 0.2299999999999999822 $6094 $6242 forward @7 unknown #
color-adesk-attrib $-1 -1 $-1 $-1 $5955 256 #
vertex $-1 -1 $-1 $6095 $6243 #
coedge $-1 -1 $-1 $6233 $5958 $6244 $6245 forward $264 $-1 #
coedge $-1 -1 $-1 $5965 $6244 $5961 $6100 reversed $6105 $-1 #
edge $6246 -1 $-1 $5968 -0.25 $6102 0.75 $5961 $6247 forward @7 unknown #
color-adesk-attrib $-1 -1 $-1 $-1 $5962 256 #
vertex $-1 -1 $-1 $6245 $6248 #
color-adesk-attrib $-1 -1 $-1 $-1 $5963 256 #
coedge $-1 -1 $-1 $6244 $5965 $6239 $6249 forward $6105 $-1 #
loop $-1 -1 $-1 $-1 $5965 $6250 #
color-adesk-attrib $-1 -1 $-1 $-1 $5966 256 #
vertex $-1 -1 $-1 $6095 $6251 #
straight-curve $-1 -1 $-1 0.3000000000000009326 -4.163504273504273101 -0.5 0.6405522522127310436 0.7679145865167543716 0 F 0 F 0.3350401926004216713 #
point $-1 -1 $-1 0.3000000000000009326 -4.163504273504273101 -0.5 #
coedge $-1 -1 $-1 $5975 $5970 $5969 $6111 reversed $5976 $-1 #
edge $6252 -1 $-1 $6117 0 $5973 0.2299999999999999822 $6110 $6253 forward @7 unknown #
color-adesk-attrib $-1 -1 $-1 $-1 $5971 256 #
straight-curve $-1 -1 $-1 0.3000000000000000444 -4.507264957264957239 -0.25 0 0 -1 I I #
point $-1 -1 $-1 0.3000000000000009326 -4.507264957264958127 0.5 #
face $6254 -1 $-1 $5722 $5976 $8 $-1 $6255 forward single #
color-adesk-attrib $-1 -1 $-1 $-1 $5981 256 #
vertex $-1 -1 $-1 $5985 $6256 #
straight-curve $-1 -1 $-1 0.3000000000000009326 -4.847264957264957985 0.5 0.6405522522127310436 0.7679145865167543716 0 I I #
color-adesk-attrib $-1 -1 $-1 $-1 $5985 256 #
straight-curve $-1 -1 $-1 0.5146107499519881889 -4.58998270629771099 -0.5 0 0 1 I I #
color-adesk-attrib $-1 -1 $-1 $-1 $5986 256 #
plane-surface $-1 -1 $-1 0.3000000000000009326 -4.847264957264957985 -0.5 0.7679145865167543716 -0.6405522522127310436 0 0.6405522522127310436 0.7679145865167543716 0 forward_v I I I I #
color-adesk-attrib $-1 -1 $-1 $-1 $5994 256 #
face $6257 -1 $-1 $6258 $6259 $8 $-1 $6260 forward single #
loop $-1 -1 $-1 $-1 $6261 $5994 #
plane-surface $-1 -1 $-1 0.3000000000000015432 5.409145299145297514 -0.5 0.7679145865167543716 -0.6405522522127310436 0 0.6405522522127310436 0.7679145865167543716 0 forward_v I I I I #
coedge $-1 -1 $-1 $6179 $5997 $6178 $6262 forward $5861 $-1 #
coedge $-1 -1 $-1 $5997 $6179 $6143 $6263 reversed $5861 $-1 #
edge $6264 -1 $-1 $6265 0 $6185 0.3350401926004216713 $5997 $6266 forward @7 unknown #
color-adesk-attrib $-1 -1 $-1 $-1 $5998 256 #
straight-curve $-1 -1 $-1 0.5146107499519889661 7.033948917633914277 -0.5 0 0 1 I I #
color-adesk-attrib $-1 -1 $-1 $-1 $5999 256 #
straight-curve $-1 -1 $-1 0.2999999999999998224 6.776666666666665506 -0.25 0 0 1 I I #
point $-1 -1 $-1 0.3000000000000015987 6.776666666666667282 -0.5 #
color-adesk-attrib $-1 -1 $-1 $-1 $6004 256 #
face $6267 -1 $-1 $6268 $6269 $8 $-1 $354 reversed single #
loop $-1 -1 $-1 $-1 $6270 $6004 #
coedge $-1 -1 $-1 $6271 $6272 $6273 $6274 forward $6005 $-1 #
coedge $-1 -1 $-1 $6275 $6006 $6276 $6277 reversed $5873 $-1 #
coedge $-1 -1 $-1 $6006 $6275 $6278 $6279 reversed $5873 $-1 #
coedge $-1 -1 $-1 $6280 $6281 $6006 $6142 reversed $6282 $-1 #
edge $6283 -1 $-1 $6284 -0.25 $6285 0.75 $6006 $6286 forward @7 unknown #
coedge $-1 -1 $-1 $6008 $6007 $6128 $6263 forward $5741 $-1 #
coedge $-1 -1 $-1 $6287 $6041 $6007 $6145 forward $102 $-1 #
edge $6288 -1 $-1 $6265 -6.092905982905982398 $6153 -6.09102564102564159 $6007 $277 forward @7 unknown #
coedge $-1 -1 $-1 $6038 $6289 $6008 $6147 forward $264 $-1 #
edge $6290 -1 $-1 $6152 6.09102564102564159 $6291 6.092905982905982398 $6008 $352 forward @7 unknown #
coedge $-1 -1 $-1 $6292 $6009 $6289 $6293 reversed $6150 $-1 #
coedge $-1 -1 $-1 $6009 $6292 $6287 $6294 forward $6150 $-1 #
loop $-1 -1 $-1 $-1 $6149 $6295 #
color-adesk-attrib $-1 -1 $-1 $-1 $6010 256 #
vertex $-1 -1 $-1 $6147 $6296 #
vertex $-1 -1 $-1 $6294 $6297 #
straight-curve $-1 -1 $-1 0.3000000000000002665 6.091025641025643367 -0.25 0 0 -1 I I #
coedge $-1 -1 $-1 $6298 $6299 $6011 $6156 reversed $6259 $-1 #
edge $6300 -1 $-1 $6160 -0.75 $6164 0.25 $6011 $6301 forward @7 unknown #
coedge $-1 -1 $-1 $6289 $6012 $6017 $6167 forward $264 $-1 #
coedge $-1 -1 $-1 $6012 $6302 $6298 $6303 forward $264 $-1 #
color-adesk-attrib $-1 -1 $-1 $-1 $6013 256 #
vertex $-1 -1 $-1 $6013 $6304 #
coedge $-1 -1 $-1 $6305 $6014 $6299 $6306 reversed $102 $-1 #
coedge $-1 -1 $-1 $6014 $6287 $6016 $6166 reversed $102 $-1 #
color-adesk-attrib $-1 -1 $-1 $-1 $6015 256 #
vertex $-1 -1 $-1 $6306 $6307 #
coedge $-1 -1 $-1 $6017 $6016 $6292 $6308 forward $6018 $-1 #
edge $6309 -1 $-1 $6020 0 $6310 0.3350401926004216713 $6016 $6311 forward @7 unknown #
edge $6312 -1 $-1 $6021 0 $6313 0.3350401926004216713 $6017 $6314 forward @7 unknown #
face $6315 -1 $-1 $6295 $6018 $8 $-1 $6316 forward single #
point $-1 -1 $-1 0.3000000000000015432 5.751025641025641733 -0.5 #
point $-1 -1 $-1 0.3000000000000015432 5.751025641025641733 0.5 #
point $-1 -1 $-1 0.3000000000000015987 6.776666666666667282 0.5 #
color-adesk-attrib $-1 -1 $-1 $-1 $6029 256 #
straight-curve $-1 -1 $-1 0.5146107499519888551 6.692068575753570059 0.5 -0.9330902171825534719 0.3596423870989281513 0 I I #
color-adesk-attrib $-1 -1 $-1 $-1 $6030 256 #
straight-curve $-1 -1 $-1 0.5146107499519888551 6.692068575753570059 -0.5 -0.9330902171825534719 0.3596423870989281513 0 F 0 F 0.2299999999999999822 #
color-adesk-attrib $-1 -1 $-1 $-1 $6031 256 #
plane-surface $-1 -1 $-1 0.5146107499519888551 6.692068575753570059 -0.5 0.3596423870989281513 0.9330902171825534719 0 -0.9330902171825534719 0.3596423870989281513 0 forward_v I I I I #
coedge $-1 -1 $-1 $6035 $6034 $6127 $6262 reversed $5995 $-1 #
coedge $-1 -1 $-1 $6128 $6127 $6038 $6180 reversed $5861 $-1 #
edge $6317 -1 $-1 $6291 0 $6182 0.3350401926004216713 $6179 $6318 forward @7 unknown #
color-adesk-attrib $-1 -1 $-1 $-1 $6039 256 #
vertex $-1 -1 $-1 $6262 $6319 #
straight-curve $-1 -1 $-1 0.5146107499519888551 6.350188233873229393 0.5 -0.9330902171825534719 0.3596423870989281513 0 I I #
color-adesk-attrib $-1 -1 $-1 $-1 $6042 256 #
vertex $-1 -1 $-1 $6042 $6320 #
straight-curve $-1 -1 $-1 0.5146107499519888551 6.350188233873229393 -0.5 -0.9330902171825534719 0.3596423870989281513 0 F 0 F 0.2299999999999999822 #
color-adesk-attrib $-1 -1 $-1 $-1 $6044 256 #
straight-curve $-1 -1 $-1 0.5146107499519888551 6.692068575753570059 -0.5 0 0 1 I I #
point $-1 -1 $-1 0.5146107499519888551 6.692068575753570059 -0.5 #
point $-1 -1 $-1 0.5146107499519888551 6.692068575753570059 0.5 #
color-adesk-attrib $-1 -1 $-1 $-1 $6058 256 #
face $6321 -1 $-1 $6322 $6323 $8 $-1 $6324 forward single #
loop $-1 -1 $-1 $-1 $6325 $6058 #
plane-surface $-1 -1 $-1 0.3000000000000010991 -1.770341880341881335 -0.5 0.7679145865167543716 -0.6405522522127310436 0 0.6405522522127310436 0.7679145865167543716 0 forward_v I I I I #
coedge $-1 -1 $-1 $6326 $6327 $6328 $6329 forward $6059 $-1 #
coedge $-1 -1 $-1 $6330 $6061 $6327 $6331 forward $5929 $-1 #
coedge $-1 -1 $-1 $6061 $6330 $6332 $6333 reversed $5929 $-1 #
coedge $-1 -1 $-1 $6334 $6328 $6061 $6199 reversed $102 $-1 #
edge $6335 -1 $-1 $6336 0 $6337 0.3350401926004216713 $6061 $6338 forward @7 unknown #
coedge $-1 -1 $-1 $6063 $6062 $6339 $6340 reversed $5795 $-1 #
coedge $-1 -1 $-1 $6341 $6342 $6062 $6202 forward $6343 $-1 #
edge $6344 -1 $-1 $6345 -0.75 $6205 0.25 $6201 $6346 forward @7 unknown #
coedge $-1 -1 $-1 $6064 $6347 $6341 $6348 forward $102 $-1 #
color-adesk-attrib $-1 -1 $-1 $-1 $6065 256 #
vertex $-1 -1 $-1 $6065 $6349 #
straight-curve $-1 -1 $-1 0.5146107499519883 -2.880580996896000556 -0.5 -0.9330902171825534719 0.3596423870989281513 0 F 0 F 0.2299999999999999822 #
coedge $-1 -1 $-1 $6339 $6350 $6066 $6208 forward $264 $-1 #
edge $6351 -1 $-1 $6216 0 $6210 0.3350401926004216713 $6066 $6352 forward @7 unknown #
color-adesk-attrib $-1 -1 $-1 $-1 $6067 256 #
vertex $-1 -1 $-1 $6067 $6353 #
straight-curve $-1 -1 $-1 0.5146107499519883 -2.880580996896000556 -0.5 0 0 1 I I #
coedge $-1 -1 $-1 $6354 $6068 $6350 $6355 reversed $6214 $-1 #
coedge $-1 -1 $-1 $6068 $6354 $6070 $6219 reversed $6214 $-1 #
loop $-1 -1 $-1 $-1 $6068 $6356 #
color-adesk-attrib $-1 -1 $-1 $-1 $6069 256 #
vertex $-1 -1 $-1 $6208 $6357 #
straight-curve $-1 -1 $-1 0.3000000000000000444 -3.137863247863248439 -0.25 0 0 1 I I #
coedge $-1 -1 $-1 $6083 $6070 $6358 $6359 reversed $102 $-1 #
edge $6360 -1 $-1 $6072 3.137863247863247551 $6361 3.139743589743591912 $6213 $277 forward @7 unknown #
point $-1 -1 $-1 0.3000000000000010436 -3.137863247863247551 -0.5 #
point $-1 -1 $-1 0.5146107499519883 -2.880580996896000556 -0.5 #
coedge $-1 -1 $-1 $6362 $6075 $6078 $6226 forward $264 $-1 #
color-adesk-attrib $-1 -1 $-1 $-1 $6076 256 #
straight-curve $-1 -1 $-1 0.5146107499519883 -3.56434168065668544 0.5 -0.9330902171825534719 0.3596423870989281513 0 I I #
coedge $-1 -1 $-1 $6078 $6077 $6363 $6364 forward $6079 $-1 #
edge $6365 -1 $-1 $6081 -3.481623931623932577 $6366 -3.47974358974359177 $6078 $352 forward @7 unknown #
face $6367 -1 $-1 $5828 $6079 $8 $-1 $354 reversed single #
point $-1 -1 $-1 0.3000000000000009881 -3.481623931623932577 0.5 #
coedge $-1 -1 $-1 $6368 $6363 $6083 $6230 forward $6369 $-1 #
edge $6370 -1 $-1 $6232 0 $6371 0.3350401926004216713 $6229 $6372 forward @7 unknown #
color-adesk-attrib $-1 -1 $-1 $-1 $6084 256 #
vertex $-1 -1 $-1 $6084 $6373 #
coedge $-1 -1 $-1 $6086 $6098 $6374 $6375 forward $264 $-1 #
coedge $-1 -1 $-1 $6374 $6094 $6090 $6235 reversed $6240 $-1 #
edge $6376 -1 $-1 $6237 -0.75 $6097 0.25 $6090 $6377 forward @7 unknown #
color-adesk-attrib $-1 -1 $-1 $-1 $6091 256 #
vertex $-1 -1 $-1 $6091 $6378 #
color-adesk-attrib $-1 -1 $-1 $-1 $6092 256 #
coedge $-1 -1 $-1 $6094 $6374 $6104 $6249 reversed $6240 $-1 #
loop $-1 -1 $-1 $-1 $6094 $6379 #
color-adesk-attrib $-1 -1 $-1 $-1 $6095 256 #
straight-curve $-1 -1 $-1 0.5146107499519883 -3.906222022537026106 -0.5 -0.9330902171825534719 0.3596423870989281513 0 F 0 F 0.2299999999999999822 #
point $-1 -1 $-1 0.3000000000000009326 -3.823504273504273243 -0.5 #
coedge $-1 -1 $-1 $6099 $6104 $6098 $6245 reversed $6105 $-1 #
edge $6380 -1 $-1 $6102 0 $6381 0.3350401926004216713 $6244 $6382 forward @7 unknown #
color-adesk-attrib $-1 -1 $-1 $-1 $6100 256 #
straight-curve $-1 -1 $-1 0.3000000000000000444 -4.163504273504274877 -0.25 0 0 1 I I #
point $-1 -1 $-1 0.3000000000000009326 -4.163504273504273101 0.5 #
edge $6383 -1 $-1 $6107 0 $6381 1 $6239 $6384 forward @7 unknown #
face $6385 -1 $-1 $6379 $6105 $8 $-1 $6386 forward single #
point $-1 -1 $-1 0.5146107499519883 -3.906222022537026106 -0.5 #
color-adesk-attrib $-1 -1 $-1 $-1 $6111 256 #
straight-curve $-1 -1 $-1 0.5146107499519881889 -4.58998270629771099 0.5 -0.9330902171825534719 0.3596423870989281513 0 I I #
color-adesk-attrib $-1 -1 $-1 $-1 $6115 256 #
plane-surface $-1 -1 $-1 0.5146107499519881889 -4.58998270629771099 -0.5 0.3596423870989281513 0.9330902171825534719 0 -0.9330902171825534719 0.3596423870989281513 0 forward_v I I I I #
point $-1 -1 $-1 0.5146107499519881889 -4.58998270629771099 0.5 #
color-adesk-attrib $-1 -1 $-1 $-1 $6124 256 #
face $6387 -1 $-1 $6388 $6389 $8 $-1 $6390 forward single #
loop $-1 -1 $-1 $-1 $6299 $6124 #
plane-surface $-1 -1 $-1 0.5146107499519888551 5.666427550112544509 -0.5 0.3596423870989281513 0.9330902171825534719 0 -0.9330902171825534719 0.3596423870989281513 0 forward_v I I I I #
coedge $-1 -1 $-1 $6391 $6392 $6305 $6393 forward $6125 $-1 #
edge $6394 -1 $-1 $6185 0 $6182 1 $6178 $6395 forward @7 unknown #
edge $6396 -1 $-1 $6265 -0.25 $6291 0.75 $6143 $6397 forward @7 unknown #
color-adesk-attrib $-1 -1 $-1 $-1 $6129 256 #
vertex $-1 -1 $-1 $6145 $6398 #
straight-curve $-1 -1 $-1 0.3000000000000015987 6.092905982905982398 -0.5 0.6405522522127310436 0.7679145865167543716 0 F 0 F 0.3350401926004216713 #
color-adesk-attrib $-1 -1 $-1 $-1 $6136 256 #
face $6399 -1 $-1 $6400 $6401 $8 $-1 $354 reversed single #
loop $-1 -1 $-1 $-1 $6402 $6136 #
coedge $-1 -1 $-1 $6403 $6404 $6405 $6406 forward $6137 $-1 #
coedge $-1 -1 $-1 $6407 $6138 $6408 $6409 reversed $6005 $-1 #
coedge $-1 -1 $-1 $6138 $6407 $6410 $6411 reversed $6005 $-1 #
coedge $-1 -1 $-1 $6412 $6413 $6138 $6274 reversed $6414 $-1 #
edge $6415 -1 $-1 $6416 -0.75 $6417 0.25 $6138 $6418 forward @7 unknown #
coedge $-1 -1 $-1 $6140 $6139 $6419 $6420 forward $5873 $-1 #
coedge $-1 -1 $-1 $6421 $6422 $6139 $6277 forward $264 $-1 #
edge $6423 -1 $-1 $6424 5.065384615384616041 $6285 5.067264957264956848 $6139 $352 forward @7 unknown #
coedge $-1 -1 $-1 $6425 $6426 $6140 $6279 forward $102 $-1 #
edge $6427 -1 $-1 $6284 -5.067264957264956848 $6428 -5.065384615384616041 $6140 $277 forward @7 unknown #
coedge $-1 -1 $-1 $6429 $6141 $6426 $6430 forward $6282 $-1 #
coedge $-1 -1 $-1 $6141 $6429 $6421 $6431 reversed $6282 $-1 #
loop $-1 -1 $-1 $-1 $6280 $6432 #
color-adesk-attrib $-1 -1 $-1 $-1 $6142 256 #
vertex $-1 -1 $-1 $6279 $6433 #
vertex $-1 -1 $-1 $6431 $6434 #
straight-curve $-1 -1 $-1 0.3000000000000000444 5.067264957264955072 -0.25 0 0 1 I I #
coedge $-1 -1 $-1 $6162 $6144 $6149 $6294 reversed $102 $-1 #
color-adesk-attrib $-1 -1 $-1 $-1 $6145 256 #
coedge $-1 -1 $-1 $6146 $6157 $6148 $6293 forward $264 $-1 #
color-adesk-attrib $-1 -1 $-1 $-1 $6147 256 #
vertex $-1 -1 $-1 $6180 $6435 #
coedge $-1 -1 $-1 $6149 $6148 $6165 $6308 reversed $6150 $-1 #
edge $6436 -1 $-1 $6313 0 $6152 0.2299999999999999822 $6148 $6437 forward @7 unknown #
edge $6438 -1 $-1 $6310 0 $6153 0.2299999999999999822 $6149 $6439 forward @7 unknown #
face $6440 -1 $-1 $5904 $6150 $8 $-1 $6441 forward single #
point $-1 -1 $-1 0.3000000000000015432 6.09102564102564159 0.5 #
point $-1 -1 $-1 0.3000000000000015432 6.09102564102564159 -0.5 #
coedge $-1 -1 $-1 $6442 $6155 $6158 $6303 reversed $6259 $-1 #
coedge $-1 -1 $-1 $6155 $6442 $6161 $6306 forward $6259 $-1 #
color-adesk-attrib $-1 -1 $-1 $-1 $6156 256 #
straight-curve $-1 -1 $-1 0.3000000000000000444 5.74914529914529826 -0.25 0 0 -1 I I #
coedge $-1 -1 $-1 $6158 $6410 $6443 $6444 forward $264 $-1 #
edge $6445 -1 $-1 $6446 0 $6160 0.2299999999999999822 $6298 $6447 forward @7 unknown #
point $-1 -1 $-1 0.3000000000000015432 5.749145299145297372 0.5 #
coedge $-1 -1 $-1 $6408 $6161 $6261 $6393 reversed $102 $-1 #
edge $6448 -1 $-1 $6449 0 $6164 0.2299999999999999822 $6299 $6450 forward @7 unknown #
point $-1 -1 $-1 0.3000000000000015432 5.749145299145297372 -0.5 #
edge $6451 -1 $-1 $6310 0 $6313 1 $6292 $6452 forward @7 unknown #
color-adesk-attrib $-1 -1 $-1 $-1 $6166 256 #
vertex $-1 -1 $-1 $6294 $6453 #
straight-curve $-1 -1 $-1 0.3000000000000015432 5.751025641025641733 -0.5 0.6405522522127310436 0.7679145865167543716 0 F 0 F 0.3350401926004216713 #
color-adesk-attrib $-1 -1 $-1 $-1 $6167 256 #
vertex $-1 -1 $-1 $6308 $6454 #
straight-curve $-1 -1 $-1 0.3000000000000015432 5.751025641025641733 0.5 0.6405522522127310436 0.7679145865167543716 0 I I #
color-adesk-attrib $-1 -1 $-1 $-1 $6168 256 #
plane-surface $-1 -1 $-1 0.3000000000000015432 5.751025641025641733 -0.5 0.7679145865167543716 -0.6405522522127310436 0 0.6405522522127310436 0.7679145865167543716 0 forward_v I I I I #
color-adesk-attrib $-1 -1 $-1 $-1 $6180 256 #
straight-curve $-1 -1 $-1 0.3000000000000015987 6.092905982905982398 0.5 0.6405522522127310436 0.7679145865167543716 0 I I #
point $-1 -1 $-1 0.5146107499519888551 6.350188233873229393 0.5 #
point $-1 -1 $-1 0.5146107499519888551 6.350188233873229393 -0.5 #
color-adesk-attrib $-1 -1 $-1 $-1 $6192 256 #
face $6455 -1 $-1 $6456 $6457 $8 $-1 $6458 forward single #
loop $-1 -1 $-1 $-1 $6459 $6192 #
plane-surface $-1 -1 $-1 0.514610749951988411 -1.513059629374634341 -0.5 0.3596423870989281513 0.9330902171825534719 0 -0.9330902171825534719 0.3596423870989281513 0 forward_v I I I I #
coedge $-1 -1 $-1 $6460 $6461 $6462 $6463 forward $6193 $-1 #
coedge $-1 -1 $-1 $6464 $6195 $6465 $6466 reversed $6059 $-1 #
coedge $-1 -1 $-1 $6195 $6464 $6196 $6331 reversed $6059 $-1 #
coedge $-1 -1 $-1 $6198 $6467 $6195 $6329 reversed $102 $-1 #
edge $6468 -1 $-1 $6337 0 $6469 0.2299999999999999822 $6195 $6470 forward @7 unknown #
coedge $-1 -1 $-1 $6197 $6196 $6471 $6472 reversed $5929 $-1 #
edge $6473 -1 $-1 $6337 0 $6474 1 $6327 $6475 forward @7 unknown #
coedge $-1 -1 $-1 $6476 $6477 $6197 $6333 forward $6478 $-1 #
edge $6479 -1 $-1 $6336 -0.25 $6480 0.75 $6332 $6481 forward @7 unknown #
coedge $-1 -1 $-1 $6482 $6198 $6477 $6483 forward $102 $-1 #
color-adesk-attrib $-1 -1 $-1 $-1 $6199 256 #
vertex $-1 -1 $-1 $6483 $6484 #
vertex $-1 -1 $-1 $6329 $6485 #
straight-curve $-1 -1 $-1 0.3000000000000010436 -2.454102564102562667 -0.5 0.6405522522127310436 0.7679145865167543716 0 F 0 F 0.3350401926004216713 #
coedge $-1 -1 $-1 $6486 $6207 $6200 $6340 forward $264 $-1 #
edge $6487 -1 $-1 $6210 0 $6345 0.2299999999999999822 $6200 $6488 forward @7 unknown #
coedge $-1 -1 $-1 $6489 $6201 $6203 $6348 reversed $6343 $-1 #
coedge $-1 -1 $-1 $6201 $6489 $6486 $6490 reversed $6343 $-1 #
loop $-1 -1 $-1 $-1 $6201 $6491 #
color-adesk-attrib $-1 -1 $-1 $-1 $6202 256 #
vertex $-1 -1 $-1 $6490 $6492 #
straight-curve $-1 -1 $-1 0.2999999999999999334 -2.797863247863246805 -0.25 0 0 -1 I I #
coedge $-1 -1 $-1 $6203 $6482 $6493 $6494 reversed $102 $-1 #
edge $6495 -1 $-1 $6496 2.795982905982906885 $6205 2.797863247863247693 $6341 $277 forward @7 unknown #
point $-1 -1 $-1 0.3000000000000010436 -2.797863247863247693 -0.5 #
coedge $-1 -1 $-1 $6207 $6497 $6212 $6355 forward $264 $-1 #
color-adesk-attrib $-1 -1 $-1 $-1 $6208 256 #
straight-curve $-1 -1 $-1 0.3000000000000010436 -3.137863247863247551 0.5 0.6405522522127310436 0.7679145865167543716 0 I I #
point $-1 -1 $-1 0.5146107499519883 -2.880580996896000556 0.5 #
coedge $-1 -1 $-1 $6213 $6212 $6498 $6499 forward $6214 $-1 #
edge $6500 -1 $-1 $6501 -3.139743589743591912 $6216 -3.137863247863247551 $6212 $352 forward @7 unknown #
face $6502 -1 $-1 $6491 $6214 $8 $-1 $354 reversed single #
point $-1 -1 $-1 0.3000000000000010436 -3.137863247863247551 0.5 #
coedge $-1 -1 $-1 $6498 $6503 $6218 $6359 forward $6504 $-1 #
edge $6505 -1 $-1 $6371 0 $6361 0.2299999999999999822 $6358 $6506 forward @7 unknown #
color-adesk-attrib $-1 -1 $-1 $-1 $6219 256 #
vertex $-1 -1 $-1 $6359 $6507 #
coedge $-1 -1 $-1 $6497 $6222 $6508 $6509 forward $264 $-1 #
coedge $-1 -1 $-1 $6229 $6508 $6225 $6364 reversed $6369 $-1 #
edge $6510 -1 $-1 $6232 -0.25 $6366 0.75 $6225 $6511 forward @7 unknown #
color-adesk-attrib $-1 -1 $-1 $-1 $6226 256 #
vertex $-1 -1 $-1 $6509 $6512 #
color-adesk-attrib $-1 -1 $-1 $-1 $6227 256 #
coedge $-1 -1 $-1 $6508 $6229 $6503 $6513 forward $6369 $-1 #
loop $-1 -1 $-1 $-1 $6229 $6514 #
color-adesk-attrib $-1 -1 $-1 $-1 $6230 256 #
vertex $-1 -1 $-1 $6359 $6515 #
straight-curve $-1 -1 $-1 0.3000000000000009881 -3.47974358974359177 -0.5 0.6405522522127310436 0.7679145865167543716 0 F 0 F 0.3350401926004216713 #
point $-1 -1 $-1 0.3000000000000009881 -3.47974358974359177 -0.5 #
coedge $-1 -1 $-1 $6239 $6234 $6233 $6375 reversed $6240 $-1 #
edge $6516 -1 $-1 $6381 0 $6237 0.2299999999999999822 $6374 $6517 forward @7 unknown #
color-adesk-attrib $-1 -1 $-1 $-1 $6235 256 #
straight-curve $-1 -1 $-1 0.2999999999999998224 -3.823504273504271911 -0.25 0 0 -1 I I #
point $-1 -1 $-1 0.3000000000000009326 -3.823504273504273243 0.5 #
face $6518 -1 $-1 $5986 $6240 $8 $-1 $6519 forward single #
color-adesk-attrib $-1 -1 $-1 $-1 $6245 256 #
vertex $-1 -1 $-1 $6249 $6520 #
straight-curve $-1 -1 $-1 0.3000000000000009326 -4.163504273504273101 0.5 0.6405522522127310436 0.7679145865167543716 0 I I #
color-adesk-attrib $-1 -1 $-1 $-1 $6249 256 #
straight-curve $-1 -1 $-1 0.5146107499519883 -3.906222022537026106 -0.5 0 0 1 I I #
color-adesk-attrib $-1 -1 $-1 $-1 $6250 256 #
plane-surface $-1 -1 $-1 0.3000000000000009326 -4.163504273504273101 -0.5 0.7679145865167543716 -0.6405522522127310436 0 0.6405522522127310436 0.7679145865167543716 0 forward_v I I I I #
color-adesk-attrib $-1 -1 $-1 $-1 $6258 256 #
face $6521 -1 $-1 $6522 $6523 $8 $-1 $6524 forward single #
loop $-1 -1 $-1 $-1 $6525 $6258 #
plane-surface $-1 -1 $-1 0.3000000000000014877 4.725384615384616183 -0.5 0.7679145865167543716 -0.6405522522127310436 0 0.6405522522127310436 0.7679145865167543716 0 forward_v I I I I #
coedge $-1 -1 $-1 $6443 $6261 $6442 $6526 forward $6125 $-1 #
coedge $-1 -1 $-1 $6261 $6443 $6407 $6527 reversed $6125 $-1 #
edge $6528 -1 $-1 $6529 0 $6449 0.3350401926004216713 $6261 $6530 forward @7 unknown #
color-adesk-attrib $-1 -1 $-1 $-1 $6262 256 #
straight-curve $-1 -1 $-1 0.5146107499519888551 6.350188233873229393 -0.5 0 0 1 I I #
color-adesk-attrib $-1 -1 $-1 $-1 $6263 256 #
straight-curve $-1 -1 $-1 0.2999999999999998224 6.092905982905979734 -0.25 0 0 1 I I #
point $-1 -1 $-1 0.3000000000000015987 6.092905982905982398 -0.5 #
color-adesk-attrib $-1 -1 $-1 $-1 $6268 256 #
face $6531 -1 $-1 $6532 $6533 $8 $-1 $354 reversed single #
loop $-1 -1 $-1 $-1 $6534 $6268 #
coedge $-1 -1 $-1 $6535 $6536 $6537 $6538 forward $6269 $-1 #
coedge $-1 -1 $-1 $6539 $6270 $6540 $6541 reversed $6137 $-1 #
coedge $-1 -1 $-1 $6270 $6539 $6542 $6543 reversed $6137 $-1 #
coedge $-1 -1 $-1 $6544 $6545 $6270 $6406 reversed $6546 $-1 #
edge $6547 -1 $-1 $6548 -0.25 $6549 0.75 $6270 $6550 forward @7 unknown #
coedge $-1 -1 $-1 $6272 $6271 $6392 $6527 forward $6005 $-1 #
coedge $-1 -1 $-1 $6551 $6305 $6271 $6409 forward $102 $-1 #
edge $6552 -1 $-1 $6529 -5.409145299145297514 $6417 -5.407264957264956706 $6271 $277 forward @7 unknown #
coedge $-1 -1 $-1 $6302 $6553 $6272 $6411 forward $264 $-1 #
edge $6554 -1 $-1 $6416 5.407264957264956706 $6555 5.409145299145297514 $6272 $352 forward @7 unknown #
coedge $-1 -1 $-1 $6556 $6273 $6553 $6557 reversed $6414 $-1 #
coedge $-1 -1 $-1 $6273 $6556 $6551 $6558 forward $6414 $-1 #
loop $-1 -1 $-1 $-1 $6413 $6559 #
color-adesk-attrib $-1 -1 $-1 $-1 $6274 256 #
vertex $-1 -1 $-1 $6411 $6560 #
vertex $-1 -1 $-1 $6558 $6561 #
straight-curve $-1 -1 $-1 0.3000000000000000444 5.407264957264957594 -0.25 0 0 -1 I I #
coedge $-1 -1 $-1 $6562 $6563 $6275 $6420 reversed $6523 $-1 #
edge $6564 -1 $-1 $6424 -0.75 $6428 0.25 $6275 $6565 forward @7 unknown #
coedge $-1 -1 $-1 $6553 $6276 $6281 $6431 forward $264 $-1 #
coedge $-1 -1 $-1 $6276 $6566 $6562 $6567 forward $264 $-1 #
color-adesk-attrib $-1 -1 $-1 $-1 $6277 256 #
vertex $-1 -1 $-1 $6277 $6568 #
coedge $-1 -1 $-1 $6569 $6278 $6563 $6570 reversed $102 $-1 #
coedge $-1 -1 $-1 $6278 $6551 $6280 $6430 reversed $102 $-1 #
color-adesk-attrib $-1 -1 $-1 $-1 $6279 256 #
vertex $-1 -1 $-1 $6570 $6571 #
coedge $-1 -1 $-1 $6281 $6280 $6556 $6572 forward $6282 $-1 #
edge $6573 -1 $-1 $6284 0 $6574 0.3350401926004216713 $6280 $6575 forward @7 unknown #
edge $6576 -1 $-1 $6285 0 $6577 0.3350401926004216713 $6281 $6578 forward @7 unknown #
face $6579 -1 $-1 $6559 $6282 $8 $-1 $6580 forward single #
point $-1 -1 $-1 0.3000000000000014877 5.067264957264956848 -0.5 #
point $-1 -1 $-1 0.3000000000000014877 5.067264957264956848 0.5 #
point $-1 -1 $-1 0.3000000000000015987 6.092905982905982398 0.5 #
color-adesk-attrib $-1 -1 $-1 $-1 $6293 256 #
straight-curve $-1 -1 $-1 0.5146107499519888551 6.008307891992888727 0.5 -0.9330902171825534719 0.3596423870989281513 0 I I #
color-adesk-attrib $-1 -1 $-1 $-1 $6294 256 #
straight-curve $-1 -1 $-1 0.5146107499519888551 6.008307891992888727 -0.5 -0.9330902171825534719 0.3596423870989281513 0 F 0 F 0.2299999999999999822 #
color-adesk-attrib $-1 -1 $-1 $-1 $6295 256 #
plane-surface $-1 -1 $-1 0.5146107499519888551 6.008307891992888727 -0.5 0.3596423870989281513 0.9330902171825534719 0 -0.9330902171825534719 0.3596423870989281513 0 forward_v I I I I #
coedge $-1 -1 $-1 $6299 $6298 $6391 $6526 reversed $6259 $-1 #
coedge $-1 -1 $-1 $6392 $6391 $6302 $6444 reversed $6125 $-1 #
edge $6581 -1 $-1 $6555 0 $6446 0.3350401926004216713 $6443 $6582 forward @7 unknown #
color-adesk-attrib $-1 -1 $-1 $-1 $6303 256 #
vertex $-1 -1 $-1 $6526 $6583 #
straight-curve $-1 -1 $-1 0.5146107499519888551 5.666427550112544509 0.5 -0.9330902171825534719 0.3596423870989281513 0 I I #
color-adesk-attrib $-1 -1 $-1 $-1 $6306 256 #
vertex $-1 -1 $-1 $6306 $6584 #
straight-curve $-1 -1 $-1 0.5146107499519888551 5.666427550112544509 -0.5 -0.9330902171825534719 0.3596423870989281513 0 F 0 F 0.2299999999999999822 #
color-adesk-attrib $-1 -1 $-1 $-1 $6308 256 #
straight-curve $-1 -1 $-1 0.5146107499519888551 6.008307891992888727 -0.5 0 0 1 I I #
point $-1 -1 $-1 0.5146107499519888551 6.008307891992888727 -0.5 #
point $-1 -1 $-1 0.5146107499519888551 6.008307891992888727 0.5 #
color-adesk-attrib $-1 -1 $-1 $-1 $6322 256 #
face $6585 -1 $-1 $6586 $6587 $8 $-1 $6588 forward single #
loop $-1 -1 $-1 $-1 $6589 $6322 #
plane-surface $-1 -1 $-1 0.3000000000000011546 -1.086581196581196451 -0.5 0.7679145865167543716 -0.6405522522127310436 0 0.6405522522127310436 0.7679145865167543716 0 forward_v I I I I #
coedge $-1 -1 $-1 $6590 $6591 $6592 $6593 forward $6323 $-1 #
coedge $-1 -1 $-1 $6594 $6325 $6591 $6595 forward $6193 $-1 #
coedge $-1 -1 $-1 $6325 $6594 $6596 $6597 reversed $6193 $-1 #
coedge $-1 -1 $-1 $6598 $6592 $6325 $6463 reversed $102 $-1 #
edge $6599 -1 $-1 $6600 0 $6601 0.3350401926004216713 $6325 $6602 forward @7 unknown #
coedge $-1 -1 $-1 $6327 $6326 $6603 $6604 reversed $6059 $-1 #
coedge $-1 -1 $-1 $6605 $6606 $6326 $6466 forward $6607 $-1 #
edge $6608 -1 $-1 $6609 -0.75 $6469 0.25 $6465 $6610 forward @7 unknown #
coedge $-1 -1 $-1 $6328 $6611 $6605 $6612 forward $102 $-1 #
color-adesk-attrib $-1 -1 $-1 $-1 $6329 256 #
vertex $-1 -1 $-1 $6329 $6613 #
straight-curve $-1 -1 $-1 0.5146107499519883 -2.196820313135315672 -0.5 -0.9330902171825534719 0.3596423870989281513 0 F 0 F 0.2299999999999999822 #
coedge $-1 -1 $-1 $6603 $6614 $6330 $6472 forward $264 $-1 #
edge $6615 -1 $-1 $6480 0 $6474 0.3350401926004216713 $6330 $6616 forward @7 unknown #
color-adesk-attrib $-1 -1 $-1 $-1 $6331 256 #
vertex $-1 -1 $-1 $6331 $6617 #
straight-curve $-1 -1 $-1 0.5146107499519883 -2.196820313135315672 -0.5 0 0 1 I I #
coedge $-1 -1 $-1 $6618 $6332 $6614 $6619 reversed $6478 $-1 #
coedge $-1 -1 $-1 $6332 $6618 $6334 $6483 reversed $6478 $-1 #
loop $-1 -1 $-1 $-1 $6332 $6620 #
color-adesk-attrib $-1 -1 $-1 $-1 $6333 256 #
vertex $-1 -1 $-1 $6472 $6621 #
straight-curve $-1 -1 $-1 0.2999999999999999334 -2.454102564102563999 -0.25 0 0 1 I I #
coedge $-1 -1 $-1 $6347 $6334 $6622 $6623 reversed $102 $-1 #
edge $6624 -1 $-1 $6336 2.454102564102562667 $6625 2.455982905982907027 $6477 $277 forward @7 unknown #
point $-1 -1 $-1 0.3000000000000010436 -2.454102564102562667 -0.5 #
point $-1 -1 $-1 0.5146107499519883 -2.196820313135315672 -0.5 #
coedge $-1 -1 $-1 $6626 $6339 $6342 $6490 forward $264 $-1 #
color-adesk-attrib $-1 -1 $-1 $-1 $6340 256 #
straight-curve $-1 -1 $-1 0.5146107499519883 -2.880580996896000556 0.5 -0.9330902171825534719 0.3596423870989281513 0 I I #
coedge $-1 -1 $-1 $6342 $6341 $6627 $6628 forward $6343 $-1 #
edge $6629 -1 $-1 $6345 -2.797863247863247693 $6630 -2.795982905982906885 $6342 $352 forward @7 unknown #
face $6631 -1 $-1 $6092 $6343 $8 $-1 $354 reversed single #
point $-1 -1 $-1 0.3000000000000010436 -2.797863247863247693 0.5 #
coedge $-1 -1 $-1 $6632 $6627 $6347 $6494 forward $6633 $-1 #
edge $6634 -1 $-1 $6496 0 $6635 0.3350401926004216713 $6493 $6636 forward @7 unknown #
color-adesk-attrib $-1 -1 $-1 $-1 $6348 256 #
vertex $-1 -1 $-1 $6348 $6637 #
coedge $-1 -1 $-1 $6350 $6362 $6638 $6639 forward $264 $-1 #
coedge $-1 -1 $-1 $6638 $6358 $6354 $6499 reversed $6504 $-1 #
edge $6640 -1 $-1 $6501 -0.75 $6361 0.25 $6354 $6641 forward @7 unknown #
color-adesk-attrib $-1 -1 $-1 $-1 $6355 256 #
vertex $-1 -1 $-1 $6355 $6642 #
color-adesk-attrib $-1 -1 $-1 $-1 $6356 256 #
coedge $-1 -1 $-1 $6358 $6638 $6368 $6513 reversed $6504 $-1 #
loop $-1 -1 $-1 $-1 $6358 $6643 #
color-adesk-attrib $-1 -1 $-1 $-1 $6359 256 #
straight-curve $-1 -1 $-1 0.5146107499519883 -3.222461338776344775 -0.5 -0.9330902171825534719 0.3596423870989281513 0 F 0 F 0.2299999999999999822 #
point $-1 -1 $-1 0.3000000000000009881 -3.139743589743591912 -0.5 #
coedge $-1 -1 $-1 $6363 $6368 $6362 $6509 reversed $6369 $-1 #
edge $6644 -1 $-1 $6366 0 $6645 0.3350401926004216713 $6508 $6646 forward @7 unknown #
color-adesk-attrib $-1 -1 $-1 $-1 $6364 256 #
straight-curve $-1 -1 $-1 0.3000000000000000444 -3.479743589743593546 -0.25 0 0 1 I I #
point $-1 -1 $-1 0.3000000000000009881 -3.47974358974359177 0.5 #
edge $6647 -1 $-1 $6371 0 $6645 1 $6503 $6648 forward @7 unknown #
face $6649 -1 $-1 $6643 $6369 $8 $-1 $6650 forward single #
point $-1 -1 $-1 0.5146107499519883 -3.222461338776344775 -0.5 #
color-adesk-attrib $-1 -1 $-1 $-1 $6375 256 #
straight-curve $-1 -1 $-1 0.5146107499519883 -3.906222022537026106 0.5 -0.9330902171825534719 0.3596423870989281513 0 I I #
color-adesk-attrib $-1 -1 $-1 $-1 $6379 256 #
plane-surface $-1 -1 $-1 0.5146107499519883 -3.906222022537026106 -0.5 0.3596423870989281513 0.9330902171825534719 0 -0.9330902171825534719 0.3596423870989281513 0 forward_v I I I I #
point $-1 -1 $-1 0.5146107499519883 -3.906222022537026106 0.5 #
color-adesk-attrib $-1 -1 $-1 $-1 $6388 256 #
face $6651 -1 $-1 $6652 $6653 $8 $-1 $6654 forward single #
loop $-1 -1 $-1 $-1 $6563 $6388 #
plane-surface $-1 -1 $-1 0.514610749951988744 4.982666866351863177 -0.5 0.3596423870989281513 0.9330902171825534719 0 -0.9330902171825534719 0.3596423870989281513 0 forward_v I I I I #
coedge $-1 -1 $-1 $6655 $6656 $6569 $6657 forward $6389 $-1 #
edge $6658 -1 $-1 $6449 0 $6446 1 $6442 $6659 forward @7 unknown #
edge $6660 -1 $-1 $6529 -0.25 $6555 0.75 $6407 $6661 forward @7 unknown #
color-adesk-attrib $-1 -1 $-1 $-1 $6393 256 #
vertex $-1 -1 $-1 $6409 $6662 #
straight-curve $-1 -1 $-1 0.3000000000000015432 5.409145299145297514 -0.5 0.6405522522127310436 0.7679145865167543716 0 F 0 F 0.3350401926004216713 #
color-adesk-attrib $-1 -1 $-1 $-1 $6400 256 #
face $6663 -1 $-1 $6664 $6665 $8 $-1 $354 reversed single #
loop $-1 -1 $-1 $-1 $6666 $6400 #
coedge $-1 -1 $-1 $6667 $6668 $6669 $6670 forward $6401 $-1 #
coedge $-1 -1 $-1 $6671 $6402 $6672 $6673 reversed $6269 $-1 #
coedge $-1 -1 $-1 $6402 $6671 $6674 $6675 reversed $6269 $-1 #
coedge $-1 -1 $-1 $6676 $6677 $6402 $6538 reversed $6678 $-1 #
edge $6679 -1 $-1 $6680 -0.75 $6681 0.25 $6402 $6682 forward @7 unknown #
coedge $-1 -1 $-1 $6404 $6403 $6683 $6684 forward $6137 $-1 #
coedge $-1 -1 $-1 $6685 $6686 $6403 $6541 forward $264 $-1 #
edge $6687 -1 $-1 $6688 4.381623931623931156 $6549 4.383504273504271964 $6403 $352 forward @7 unknown #
coedge $-1 -1 $-1 $6689 $6690 $6404 $6543 forward $102 $-1 #
edge $6691 -1 $-1 $6548 -4.383504273504271964 $6692 -4.381623931623931156 $6404 $277 forward @7 unknown #
coedge $-1 -1 $-1 $6693 $6405 $6690 $6694 forward $6546 $-1 #
coedge $-1 -1 $-1 $6405 $6693 $6685 $6695 reversed $6546 $-1 #
loop $-1 -1 $-1 $-1 $6544 $6696 #
color-adesk-attrib $-1 -1 $-1 $-1 $6406 256 #
vertex $-1 -1 $-1 $6543 $6697 #
vertex $-1 -1 $-1 $6695 $6698 #
straight-curve $-1 -1 $-1 0.3000000000000000444 4.383504273504270188 -0.25 0 0 1 I I #
coedge $-1 -1 $-1 $6426 $6408 $6413 $6558 reversed $102 $-1 #
color-adesk-attrib $-1 -1 $-1 $-1 $6409 256 #
coedge $-1 -1 $-1 $6410 $6421 $6412 $6557 forward $264 $-1 #
color-adesk-attrib $-1 -1 $-1 $-1 $6411 256 #
vertex $-1 -1 $-1 $6444 $6699 #
coedge $-1 -1 $-1 $6413 $6412 $6429 $6572 reversed $6414 $-1 #
edge $6700 -1 $-1 $6577 0 $6416 0.2299999999999999822 $6412 $6701 forward @7 unknown #
edge $6702 -1 $-1 $6574 0 $6417 0.2299999999999999822 $6413 $6703 forward @7 unknown #
face $6704 -1 $-1 $6168 $6414 $8 $-1 $6705 forward single #
point $-1 -1 $-1 0.3000000000000014877 5.407264957264956706 0.5 #
point $-1 -1 $-1 0.3000000000000014877 5.407264957264956706 -0.5 #
coedge $-1 -1 $-1 $6706 $6419 $6422 $6567 reversed $6523 $-1 #
coedge $-1 -1 $-1 $6419 $6706 $6425 $6570 forward $6523 $-1 #
color-adesk-attrib $-1 -1 $-1 $-1 $6420 256 #
straight-curve $-1 -1 $-1 0.3000000000000001554 5.065384615384617817 -0.25 0 0 -1 I I #
coedge $-1 -1 $-1 $6422 $6674 $6707 $6708 forward $264 $-1 #
edge $6709 -1 $-1 $6710 0 $6424 0.2299999999999999822 $6562 $6711 forward @7 unknown #
point $-1 -1 $-1 0.3000000000000014877 5.065384615384616041 0.5 #
coedge $-1 -1 $-1 $6672 $6425 $6525 $6657 reversed $102 $-1 #
edge $6712 -1 $-1 $6713 0 $6428 0.2299999999999999822 $6563 $6714 forward @7 unknown #
point $-1 -1 $-1 0.3000000000000014877 5.065384615384616041 -0.5 #
edge $6715 -1 $-1 $6574 0 $6577 1 $6556 $6716 forward @7 unknown #
color-adesk-attrib $-1 -1 $-1 $-1 $6430 256 #
vertex $-1 -1 $-1 $6558 $6717 #
straight-curve $-1 -1 $-1 0.3000000000000014877 5.067264957264956848 -0.5 0.6405522522127310436 0.7679145865167543716 0 F 0 F 0.3350401926004216713 #
color-adesk-attrib $-1 -1 $-1 $-1 $6431 256 #
vertex $-1 -1 $-1 $6572 $6718 #
straight-curve $-1 -1 $-1 0.3000000000000014877 5.067264957264956848 0.5 0.6405522522127310436 0.7679145865167543716 0 I I #
color-adesk-attrib $-1 -1 $-1 $-1 $6432 256 #
plane-surface $-1 -1 $-1 0.3000000000000014877 5.067264957264956848 -0.5 0.7679145865167543716 -0.6405522522127310436 0 0.6405522522127310436 0.7679145865167543716 0 forward_v I I I I #
color-adesk-attrib $-1 -1 $-1 $-1 $6444 256 #
straight-curve $-1 -1 $-1 0.3000000000000015432 5.409145299145297514 0.5 0.6405522522127310436 0.7679145865167543716 0 I I #
point $-1 -1 $-1 0.5146107499519888551 5.666427550112544509 0.5 #
point $-1 -1 $-1 0.5146107499519888551 5.666427550112544509 -0.5 #
color-adesk-attrib $-1 -1 $-1 $-1 $6456 256 #
face $6719 -1 $-1 $6720 $6721 $8 $-1 $6722 forward single #
loop $-1 -1 $-1 $-1 $6723 $6456 #
plane-surface $-1 -1 $-1 0.514610749951988411 -0.8292989456139494564 -0.5 0.3596423870989281513 0.9330902171825534719 0 -0.9330902171825534719 0.3596423870989281513 0 forward_v I I I I #
coedge $-1 -1 $-1 $6724 $6725 $6726 $6727 forward $6457 $-1 #
coedge $-1 -1 $-1 $6728 $6459 $6729 $6730 reversed $6323 $-1 #
coedge $-1 -1 $-1 $6459 $6728 $6460 $6595 reversed $6323 $-1 #
coedge $-1 -1 $-1 $6462 $6731 $6459 $6593 reversed $102 $-1 #
edge $6732 -1 $-1 $6601 0 $6733 0.2299999999999999822 $6459 $6734 forward @7 unknown #
coedge $-1 -1 $-1 $6461 $6460 $6735 $6736 reversed $6193 $-1 #
edge $6737 -1 $-1 $6601 0 $6738 1 $6591 $6739 forward @7 unknown #
coedge $-1 -1 $-1 $6740 $6741 $6461 $6597 forward $6742 $-1 #
edge $6743 -1 $-1 $6600 -0.25 $6744 0.75 $6596 $6745 forward @7 unknown #
coedge $-1 -1 $-1 $6746 $6462 $6741 $6747 forward $102 $-1 #
color-adesk-attrib $-1 -1 $-1 $-1 $6463 256 #
vertex $-1 -1 $-1 $6747 $6748 #
vertex $-1 -1 $-1 $6593 $6749 #
straight-curve $-1 -1 $-1 0.3000000000000010991 -1.770341880341881335 -0.5 0.6405522522127310436 0.7679145865167543716 0 F 0 F 0.3350401926004216713 #
coedge $-1 -1 $-1 $6750 $6471 $6464 $6604 forward $264 $-1 #
edge $6751 -1 $-1 $6474 0 $6609 0.2299999999999999822 $6464 $6752 forward @7 unknown #
coedge $-1 -1 $-1 $6753 $6465 $6467 $6612 reversed $6607 $-1 #
coedge $-1 -1 $-1 $6465 $6753 $6750 $6754 reversed $6607 $-1 #
loop $-1 -1 $-1 $-1 $6465 $6755 #
color-adesk-attrib $-1 -1 $-1 $-1 $6466 256 #
vertex $-1 -1 $-1 $6754 $6756 #
straight-curve $-1 -1 $-1 0.2999999999999999334 -2.114102564102561477 -0.25 0 0 -1 I I #
coedge $-1 -1 $-1 $6467 $6746 $6757 $6758 reversed $102 $-1 #
edge $6759 -1 $-1 $6760 2.112222222222222001 $6469 2.114102564102562809 $6605 $277 forward @7 unknown #
point $-1 -1 $-1 0.3000000000000010436 -2.114102564102562809 -0.5 #
coedge $-1 -1 $-1 $6471 $6761 $6476 $6619 forward $264 $-1 #
color-adesk-attrib $-1 -1 $-1 $-1 $6472 256 #
straight-curve $-1 -1 $-1 0.3000000000000010436 -2.454102564102562667 0.5 0.6405522522127310436 0.7679145865167543716 0 I I #
point $-1 -1 $-1 0.5146107499519883 -2.196820313135315672 0.5 #
coedge $-1 -1 $-1 $6477 $6476 $6762 $6763 forward $6478 $-1 #
edge $6764 -1 $-1 $6765 -2.455982905982907027 $6480 -2.454102564102562667 $6476 $352 forward @7 unknown #
face $6766 -1 $-1 $6755 $6478 $8 $-1 $354 reversed single #
point $-1 -1 $-1 0.3000000000000010436 -2.454102564102562667 0.5 #
coedge $-1 -1 $-1 $6762 $6767 $6482 $6623 forward $6768 $-1 #
edge $6769 -1 $-1 $6635 0 $6625 0.2299999999999999822 $6622 $6770 forward @7 unknown #
color-adesk-attrib $-1 -1 $-1 $-1 $6483 256 #
vertex $-1 -1 $-1 $6623 $6771 #
coedge $-1 -1 $-1 $6761 $6486 $6772 $6773 forward $264 $-1 #
coedge $-1 -1 $-1 $6493 $6772 $6489 $6628 reversed $6633 $-1 #
edge $6774 -1 $-1 $6496 -0.25 $6630 0.75 $6489 $6775 forward @7 unknown #
color-adesk-attrib $-1 -1 $-1 $-1 $6490 256 #
vertex $-1 -1 $-1 $6773 $6776 #
color-adesk-attrib $-1 -1 $-1 $-1 $6491 256 #
coedge $-1 -1 $-1 $6772 $6493 $6767 $6777 forward $6633 $-1 #
loop $-1 -1 $-1 $-1 $6493 $6778 #
color-adesk-attrib $-1 -1 $-1 $-1 $6494 256 #
vertex $-1 -1 $-1 $6623 $6779 #
straight-curve $-1 -1 $-1 0.3000000000000010436 -2.795982905982906885 -0.5 0.6405522522127310436 0.7679145865167543716 0 F 0 F 0.3350401926004216713 #
point $-1 -1 $-1 0.3000000000000010436 -2.795982905982906885 -0.5 #
coedge $-1 -1 $-1 $6503 $6498 $6497 $6639 reversed $6504 $-1 #
edge $6780 -1 $-1 $6645 0 $6501 0.2299999999999999822 $6638 $6781 forward @7 unknown #
color-adesk-attrib $-1 -1 $-1 $-1 $6499 256 #
straight-curve $-1 -1 $-1 0.2999999999999999889 -3.139743589743591023 -0.25 0 0 -1 I I #
point $-1 -1 $-1 0.3000000000000009881 -3.139743589743591912 0.5 #
face $6782 -1 $-1 $6250 $6504 $8 $-1 $6783 forward single #
color-adesk-attrib $-1 -1 $-1 $-1 $6509 256 #
vertex $-1 -1 $-1 $6513 $6784 #
straight-curve $-1 -1 $-1 0.3000000000000009881 -3.47974358974359177 0.5 0.6405522522127310436 0.7679145865167543716 0 I I #
color-adesk-attrib $-1 -1 $-1 $-1 $6513 256 #
straight-curve $-1 -1 $-1 0.5146107499519883 -3.222461338776344775 -0.5 0 0 1 I I #
color-adesk-attrib $-1 -1 $-1 $-1 $6514 256 #
plane-surface $-1 -1 $-1 0.3000000000000009881 -3.47974358974359177 -0.5 0.7679145865167543716 -0.6405522522127310436 0 0.6405522522127310436 0.7679145865167543716 0 forward_v I I I I #
color-adesk-attrib $-1 -1 $-1 $-1 $6522 256 #
face $6785 -1 $-1 $6786 $6787 $8 $-1 $6788 forward single #
loop $-1 -1 $-1 $-1 $6789 $6522 #
plane-surface $-1 -1 $-1 0.3000000000000014877 4.041623931623931298 -0.5 0.7679145865167543716 -0.6405522522127310436 0 0.6405522522127310436 0.7679145865167543716 0 forward_v I I I I #
coedge $-1 -1 $-1 $6707 $6525 $6706 $6790 forward $6389 $-1 #
coedge $-1 -1 $-1 $6525 $6707 $6671 $6791 reversed $6389 $-1 #
edge $6792 -1 $-1 $6793 0 $6713 0.3350401926004216713 $6525 $6794 forward @7 unknown #
color-adesk-attrib $-1 -1 $-1 $-1 $6526 256 #
straight-curve $-1 -1 $-1 0.5146107499519888551 5.666427550112544509 -0.5 0 0 1 I I #
color-adesk-attrib $-1 -1 $-1 $-1 $6527 256 #
straight-curve $-1 -1 $-1 0.3000000000000000444 5.409145299145295738 -0.25 0 0 1 I I #
point $-1 -1 $-1 0.3000000000000015432 5.409145299145297514 -0.5 #
color-adesk-attrib $-1 -1 $-1 $-1 $6532 256 #
face $6795 -1 $-1 $6796 $6797 $8 $-1 $354 reversed single #
loop $-1 -1 $-1 $-1 $6798 $6532 #
coedge $-1 -1 $-1 $6799 $6800 $6801 $6802 forward $6533 $-1 #
coedge $-1 -1 $-1 $6803 $6534 $6804 $6805 reversed $6401 $-1 #
coedge $-1 -1 $-1 $6534 $6803 $6806 $6807 reversed $6401 $-1 #
coedge $-1 -1 $-1 $6808 $6809 $6534 $6670 reversed $6810 $-1 #
edge $6811 -1 $-1 $6812 -0.25 $6813 0.75 $6534 $6814 forward @7 unknown #
coedge $-1 -1 $-1 $6536 $6535 $6656 $6791 forward $6269 $-1 #
coedge $-1 -1 $-1 $6815 $6569 $6535 $6673 forward $102 $-1 #
edge $6816 -1 $-1 $6793 -4.725384615384616183 $6681 -4.723504273504271822 $6535 $277 forward @7 unknown #
coedge $-1 -1 $-1 $6566 $6817 $6536 $6675 forward $264 $-1 #
edge $6818 -1 $-1 $6680 4.723504273504271822 $6819 4.725384615384616183 $6536 $352 forward @7 unknown #
coedge $-1 -1 $-1 $6820 $6537 $6817 $6821 reversed $6678 $-1 #
coedge $-1 -1 $-1 $6537 $6820 $6815 $6822 forward $6678 $-1 #
loop $-1 -1 $-1 $-1 $6677 $6823 #
color-adesk-attrib $-1 -1 $-1 $-1 $6538 256 #
vertex $-1 -1 $-1 $6675 $6824 #
vertex $-1 -1 $-1 $6822 $6825 #
straight-curve $-1 -1 $-1 0.3000000000000001554 4.723504273504273598 -0.25 0 0 -1 I I #
coedge $-1 -1 $-1 $6826 $6827 $6539 $6684 reversed $6787 $-1 #
edge $6828 -1 $-1 $6688 -0.75 $6692 0.25 $6539 $6829 forward @7 unknown #
coedge $-1 -1 $-1 $6817 $6540 $6545 $6695 forward $264 $-1 #
coedge $-1 -1 $-1 $6540 $6830 $6826 $6831 forward $264 $-1 #
color-adesk-attrib $-1 -1 $-1 $-1 $6541 256 #
vertex $-1 -1 $-1 $6541 $6832 #
coedge $-1 -1 $-1 $6833 $6542 $6827 $6834 reversed $102 $-1 #
coedge $-1 -1 $-1 $6542 $6815 $6544 $6694 reversed $102 $-1 #
color-adesk-attrib $-1 -1 $-1 $-1 $6543 256 #
vertex $-1 -1 $-1 $6834 $6835 #
coedge $-1 -1 $-1 $6545 $6544 $6820 $6836 forward $6546 $-1 #
edge $6837 -1 $-1 $6548 0 $6838 0.3350401926004216713 $6544 $6839 forward @7 unknown #
edge $6840 -1 $-1 $6549 0 $6841 0.3350401926004216713 $6545 $6842 forward @7 unknown #
face $6843 -1 $-1 $6823 $6546 $8 $-1 $6844 forward single #
point $-1 -1 $-1 0.3000000000000014877 4.383504273504271964 -0.5 #
point $-1 -1 $-1 0.3000000000000014877 4.383504273504271964 0.5 #
point $-1 -1 $-1 0.3000000000000015432 5.409145299145297514 0.5 #
color-adesk-attrib $-1 -1 $-1 $-1 $6557 256 #
straight-curve $-1 -1 $-1 0.514610749951988744 5.324547208232203843 0.5 -0.9330902171825534719 0.3596423870989281513 0 I I #
color-adesk-attrib $-1 -1 $-1 $-1 $6558 256 #
straight-curve $-1 -1 $-1 0.514610749951988744 5.324547208232203843 -0.5 -0.9330902171825534719 0.3596423870989281513 0 F 0 F 0.2299999999999999822 #
color-adesk-attrib $-1 -1 $-1 $-1 $6559 256 #
plane-surface $-1 -1 $-1 0.514610749951988744 5.324547208232203843 -0.5 0.3596423870989281513 0.9330902171825534719 0 -0.9330902171825534719 0.3596423870989281513 0 forward_v I I I I #
coedge $-1 -1 $-1 $6563 $6562 $6655 $6790 reversed $6523 $-1 #
coedge $-1 -1 $-1 $6656 $6655 $6566 $6708 reversed $6389 $-1 #
edge $6845 -1 $-1 $6819 0 $6710 0.3350401926004216713 $6707 $6846 forward @7 unknown #
color-adesk-attrib $-1 -1 $-1 $-1 $6567 256 #
vertex $-1 -1 $-1 $6790 $6847 #
straight-curve $-1 -1 $-1 0.514610749951988744 4.982666866351863177 0.5 -0.9330902171825534719 0.3596423870989281513 0 I I #
color-adesk-attrib $-1 -1 $-1 $-1 $6570 256 #
vertex $-1 -1 $-1 $6570 $6848 #
straight-curve $-1 -1 $-1 0.514610749951988744 4.982666866351863177 -0.5 -0.9330902171825534719 0.3596423870989281513 0 F 0 F 0.2299999999999999822 #
color-adesk-attrib $-1 -1 $-1 $-1 $6572 256 #
straight-curve $-1 -1 $-1 0.514610749951988744 5.324547208232203843 -0.5 0 0 1 I I #
point $-1 -1 $-1 0.514610749951988744 5.324547208232203843 -0.5 #
point $-1 -1 $-1 0.514610749951988744 5.324547208232203843 0.5 #
color-adesk-attrib $-1 -1 $-1 $-1 $6586 256 #
face $6849 -1 $-1 $6850 $6851 $8 $-1 $6852 forward single #
loop $-1 -1 $-1 $-1 $6853 $6586 #
plane-surface $-1 -1 $-1 0.3000000000000011546 -0.402820512820511567 -0.5 0.7679145865167543716 -0.6405522522127310436 0 0.6405522522127310436 0.7679145865167543716 0 forward_v I I I I #
coedge $-1 -1 $-1 $6854 $6855 $6856 $6857 forward $6587 $-1 #
coedge $-1 -1 $-1 $6858 $6589 $6855 $6859 forward $6457 $-1 #
coedge $-1 -1 $-1 $6589 $6858 $6860 $6861 reversed $6457 $-1 #
coedge $-1 -1 $-1 $6862 $6856 $6589 $6727 reversed $102 $-1 #
edge $6863 -1 $-1 $6864 0 $6865 0.3350401926004216713 $6589 $6866 forward @7 unknown #
coedge $-1 -1 $-1 $6591 $6590 $6867 $6868 reversed $6323 $-1 #
coedge $-1 -1 $-1 $6869 $6870 $6590 $6730 forward $6871 $-1 #
edge $6872 -1 $-1 $6873 -0.75 $6733 0.25 $6729 $6874 forward @7 unknown #
coedge $-1 -1 $-1 $6592 $6875 $6869 $6876 forward $102 $-1 #
color-adesk-attrib $-1 -1 $-1 $-1 $6593 256 #
vertex $-1 -1 $-1 $6593 $6877 #
straight-curve $-1 -1 $-1 0.514610749951988411 -1.513059629374634341 -0.5 -0.9330902171825534719 0.3596423870989281513 0 F 0 F 0.2299999999999999822 #
coedge $-1 -1 $-1 $6867 $6878 $6594 $6736 forward $264 $-1 #
edge $6879 -1 $-1 $6744 0 $6738 0.3350401926004216713 $6594 $6880 forward @7 unknown #
color-adesk-attrib $-1 -1 $-1 $-1 $6595 256 #
vertex $-1 -1 $-1 $6595 $6881 #
straight-curve $-1 -1 $-1 0.514610749951988411 -1.513059629374634341 -0.5 0 0 1 I I #
coedge $-1 -1 $-1 $6882 $6596 $6878 $6883 reversed $6742 $-1 #
coedge $-1 -1 $-1 $6596 $6882 $6598 $6747 reversed $6742 $-1 #
loop $-1 -1 $-1 $-1 $6596 $6884 #
color-adesk-attrib $-1 -1 $-1 $-1 $6597 256 #
vertex $-1 -1 $-1 $6736 $6885 #
straight-curve $-1 -1 $-1 0.2999999999999999889 -1.770341880341882668 -0.25 0 0 1 I I #
coedge $-1 -1 $-1 $6611 $6598 $6886 $6887 reversed $102 $-1 #
edge $6888 -1 $-1 $6600 1.770341880341881335 $6889 1.772222222222222143 $6741 $277 forward @7 unknown #
point $-1 -1 $-1 0.3000000000000010991 -1.770341880341881335 -0.5 #
point $-1 -1 $-1 0.514610749951988411 -1.513059629374634341 -0.5 #
coedge $-1 -1 $-1 $6890 $6603 $6606 $6754 forward $264 $-1 #
color-adesk-attrib $-1 -1 $-1 $-1 $6604 256 #
straight-curve $-1 -1 $-1 0.5146107499519883 -2.196820313135315672 0.5 -0.9330902171825534719 0.3596423870989281513 0 I I #
coedge $-1 -1 $-1 $6606 $6605 $6891 $6892 forward $6607 $-1 #
edge $6893 -1 $-1 $6609 -2.114102564102562809 $6894 -2.112222222222222001 $6606 $352 forward @7 unknown #
face $6895 -1 $-1 $6356 $6607 $8 $-1 $354 reversed single #
point $-1 -1 $-1 0.3000000000000010436 -2.114102564102562809 0.5 #
coedge $-1 -1 $-1 $6896 $6891 $6611 $6758 forward $6897 $-1 #
edge $6898 -1 $-1 $6760 0 $6899 0.3350401926004216713 $6757 $6900 forward @7 unknown #
color-adesk-attrib $-1 -1 $-1 $-1 $6612 256 #
vertex $-1 -1 $-1 $6612 $6901 #
coedge $-1 -1 $-1 $6614 $6626 $6902 $6903 forward $264 $-1 #
coedge $-1 -1 $-1 $6902 $6622 $6618 $6763 reversed $6768 $-1 #
edge $6904 -1 $-1 $6765 -0.75 $6625 0.25 $6618 $6905 forward @7 unknown #
color-adesk-attrib $-1 -1 $-1 $-1 $6619 256 #
vertex $-1 -1 $-1 $6619 $6906 #
color-adesk-attrib $-1 -1 $-1 $-1 $6620 256 #
coedge $-1 -1 $-1 $6622 $6902 $6632 $6777 reversed $6768 $-1 #
loop $-1 -1 $-1 $-1 $6622 $6907 #
color-adesk-attrib $-1 -1 $-1 $-1 $6623 256 #
straight-curve $-1 -1 $-1 0.5146107499519883 -2.538700655015659891 -0.5 -0.9330902171825534719 0.3596423870989281513 0 F 0 F 0.2299999999999999822 #
point $-1 -1 $-1 0.3000000000000010436 -2.455982905982907027 -0.5 #
coedge $-1 -1 $-1 $6627 $6632 $6626 $6773 reversed $6633 $-1 #
edge $6908 -1 $-1 $6630 0 $6909 0.3350401926004216713 $6772 $6910 forward @7 unknown #
color-adesk-attrib $-1 -1 $-1 $-1 $6628 256 #
straight-curve $-1 -1 $-1 0.3000000000000000444 -2.795982905982908218 -0.25 0 0 1 I I #
point $-1 -1 $-1 0.3000000000000010436 -2.795982905982906885 0.5 #
edge $6911 -1 $-1 $6635 0 $6909 1 $6767 $6912 forward @7 unknown #
face $6913 -1 $-1 $6907 $6633 $8 $-1 $6914 forward single #
point $-1 -1 $-1 0.5146107499519883 -2.538700655015659891 -0.5 #
color-adesk-attrib $-1 -1 $-1 $-1 $6639 256 #
straight-curve $-1 -1 $-1 0.5146107499519883 -3.222461338776344775 0.5 -0.9330902171825534719 0.3596423870989281513 0 I I #
color-adesk-attrib $-1 -1 $-1 $-1 $6643 256 #
plane-surface $-1 -1 $-1 0.5146107499519883 -3.222461338776344775 -0.5 0.3596423870989281513 0.9330902171825534719 0 -0.9330902171825534719 0.3596423870989281513 0 forward_v I I I I #
point $-1 -1 $-1 0.5146107499519883 -3.222461338776344775 0.5 #
color-adesk-attrib $-1 -1 $-1 $-1 $6652 256 #
face $6915 -1 $-1 $6916 $6917 $8 $-1 $6918 forward single #
loop $-1 -1 $-1 $-1 $6827 $6652 #
plane-surface $-1 -1 $-1 0.514610749951988744 4.298906182591178293 -0.5 0.3596423870989281513 0.9330902171825534719 0 -0.9330902171825534719 0.3596423870989281513 0 forward_v I I I I #
coedge $-1 -1 $-1 $6919 $6920 $6833 $6921 forward $6653 $-1 #
edge $6922 -1 $-1 $6713 0 $6710 1 $6706 $6923 forward @7 unknown #
edge $6924 -1 $-1 $6793 -0.25 $6819 0.75 $6671 $6925 forward @7 unknown #
color-adesk-attrib $-1 -1 $-1 $-1 $6657 256 #
vertex $-1 -1 $-1 $6673 $6926 #
straight-curve $-1 -1 $-1 0.3000000000000014877 4.725384615384616183 -0.5 0.6405522522127310436 0.7679145865167543716 0 F 0 F 0.3350401926004216713 #
color-adesk-attrib $-1 -1 $-1 $-1 $6664 256 #
face $6927 -1 $-1 $6928 $6929 $8 $-1 $354 reversed single #
loop $-1 -1 $-1 $-1 $6930 $6664 #
coedge $-1 -1 $-1 $6931 $6932 $6933 $6934 forward $6665 $-1 #
coedge $-1 -1 $-1 $6935 $6666 $6936 $6937 reversed $6533 $-1 #
coedge $-1 -1 $-1 $6666 $6935 $6938 $6939 reversed $6533 $-1 #
coedge $-1 -1 $-1 $6940 $6941 $6666 $6802 reversed $6942 $-1 #
edge $6943 -1 $-1 $6944 -0.75 $6945 0.25 $6666 $6946 forward @7 unknown #
coedge $-1 -1 $-1 $6668 $6667 $6947 $6948 forward $6401 $-1 #
coedge $-1 -1 $-1 $6949 $6950 $6667 $6805 forward $264 $-1 #
edge $6951 -1 $-1 $6952 3.697863247863246272 $6813 3.699743589743590633 $6667 $352 forward @7 unknown #
coedge $-1 -1 $-1 $6953 $6954 $6668 $6807 forward $102 $-1 #
edge $6955 -1 $-1 $6812 -3.699743589743590633 $6956 -3.697863247863246272 $6668 $277 forward @7 unknown #
coedge $-1 -1 $-1 $6957 $6669 $6954 $6958 forward $6810 $-1 #
coedge $-1 -1 $-1 $6669 $6957 $6949 $6959 reversed $6810 $-1 #
loop $-1 -1 $-1 $-1 $6808 $6960 #
color-adesk-attrib $-1 -1 $-1 $-1 $6670 256 #
vertex $-1 -1 $-1 $6807 $6961 #
vertex $-1 -1 $-1 $6959 $6962 #
straight-curve $-1 -1 $-1 0.2999999999999999334 3.699743589743589745 -0.25 0 0 1 I I #
coedge $-1 -1 $-1 $6690 $6672 $6677 $6822 reversed $102 $-1 #
color-adesk-attrib $-1 -1 $-1 $-1 $6673 256 #
coedge $-1 -1 $-1 $6674 $6685 $6676 $6821 forward $264 $-1 #
color-adesk-attrib $-1 -1 $-1 $-1 $6675 256 #
vertex $-1 -1 $-1 $6708 $6963 #
coedge $-1 -1 $-1 $6677 $6676 $6693 $6836 reversed $6678 $-1 #
edge $6964 -1 $-1 $6841 0 $6680 0.2299999999999999822 $6676 $6965 forward @7 unknown #
edge $6966 -1 $-1 $6838 0 $6681 0.2299999999999999822 $6677 $6967 forward @7 unknown #
face $6968 -1 $-1 $6432 $6678 $8 $-1 $6969 forward single #
point $-1 -1 $-1 0.3000000000000014877 4.723504273504271822 0.5 #
point $-1 -1 $-1 0.3000000000000014877 4.723504273504271822 -0.5 #
coedge $-1 -1 $-1 $6970 $6683 $6686 $6831 reversed $6787 $-1 #
coedge $-1 -1 $-1 $6683 $6970 $6689 $6834 forward $6787 $-1 #
color-adesk-attrib $-1 -1 $-1 $-1 $6684 256 #
straight-curve $-1 -1 $-1 0.3000000000000000444 4.381623931623932933 -0.25 0 0 -1 I I #
coedge $-1 -1 $-1 $6686 $6938 $6971 $6972 forward $264 $-1 #
edge $6973 -1 $-1 $6974 0 $6688 0.2299999999999999822 $6826 $6975 forward @7 unknown #
point $-1 -1 $-1 0.3000000000000014877 4.381623931623931156 0.5 #
coedge $-1 -1 $-1 $6936 $6689 $6789 $6921 reversed $102 $-1 #
edge $6976 -1 $-1 $6977 0 $6692 0.2299999999999999822 $6827 $6978 forward @7 unknown #
point $-1 -1 $-1 0.3000000000000014877 4.381623931623931156 -0.5 #
edge $6979 -1 $-1 $6838 0 $6841 1 $6820 $6980 forward @7 unknown #
color-adesk-attrib $-1 -1 $-1 $-1 $6694 256 #
vertex $-1 -1 $-1 $6822 $6981 #
straight-curve $-1 -1 $-1 0.3000000000000014877 4.383504273504271964 -0.5 0.6405522522127310436 0.7679145865167543716 0 F 0 F 0.3350401926004216713 #
color-adesk-attrib $-1 -1 $-1 $-1 $6695 256 #
vertex $-1 -1 $-1 $6836 $6982 #
straight-curve $-1 -1 $-1 0.3000000000000014877 4.383504273504271964 0.5 0.6405522522127310436 0.7679145865167543716 0 I I #
color-adesk-attrib $-1 -1 $-1 $-1 $6696 256 #
plane-surface $-1 -1 $-1 0.3000000000000014877 4.383504273504271964 -0.5 0.7679145865167543716 -0.6405522522127310436 0 0.6405522522127310436 0.7679145865167543716 0 forward_v I I I I #
color-adesk-attrib $-1 -1 $-1 $-1 $6708 256 #
straight-curve $-1 -1 $-1 0.3000000000000014877 4.725384615384616183 0.5 0.6405522522127310436 0.7679145865167543716 0 I I #
point $-1 -1 $-1 0.514610749951988744 4.982666866351863177 0.5 #
point $-1 -1 $-1 0.514610749951988744 4.982666866351863177 -0.5 #
color-adesk-attrib $-1 -1 $-1 $-1 $6720 256 #
face $6983 -1 $-1 $6984 $6985 $8 $-1 $6986 forward single #
loop $-1 -1 $-1 $-1 $6987 $6720 #
plane-surface $-1 -1 $-1 0.514610749951988522 -0.1455382618532645722 -0.5 0.3596423870989281513 0.9330902171825534719 0 -0.9330902171825534719 0.3596423870989281513 0 forward_v I I I I #
coedge $-1 -1 $-1 $6988 $6989 $6990 $6991 forward $6721 $-1 #
coedge $-1 -1 $-1 $6992 $6723 $6993 $6994 reversed $6587 $-1 #
coedge $-1 -1 $-1 $6723 $6992 $6724 $6859 reversed $6587 $-1 #
coedge $-1 -1 $-1 $6726 $6995 $6723 $6857 reversed $102 $-1 #
edge $6996 -1 $-1 $6865 0 $6997 0.2299999999999999822 $6723 $6998 forward @7 unknown #
coedge $-1 -1 $-1 $6725 $6724 $6999 $7000 reversed $6457 $-1 #
edge $7001 -1 $-1 $6865 0 $7002 1 $6855 $7003 forward @7 unknown #
coedge $-1 -1 $-1 $7004 $7005 $6725 $6861 forward $7006 $-1 #
edge $7007 -1 $-1 $6864 -0.25 $7008 0.75 $6860 $7009 forward @7 unknown #
coedge $-1 -1 $-1 $7010 $6726 $7005 $7011 forward $102 $-1 #
color-adesk-attrib $-1 -1 $-1 $-1 $6727 256 #
vertex $-1 -1 $-1 $7011 $7012 #
vertex $-1 -1 $-1 $6857 $7013 #
straight-curve $-1 -1 $-1 0.3000000000000011546 -1.086581196581196451 -0.5 0.6405522522127310436 0.7679145865167543716 0 F 0 F 0.3350401926004216713 #
coedge $-1 -1 $-1 $7014 $6735 $6728 $6868 forward $264 $-1 #
edge $7015 -1 $-1 $6738 0 $6873 0.2299999999999999822 $6728 $7016 forward @7 unknown #
coedge $-1 -1 $-1 $7017 $6729 $6731 $6876 reversed $6871 $-1 #
coedge $-1 -1 $-1 $6729 $7017 $7014 $7018 reversed $6871 $-1 #
loop $-1 -1 $-1 $-1 $6729 $7019 #
color-adesk-attrib $-1 -1 $-1 $-1 $6730 256 #
vertex $-1 -1 $-1 $7018 $7020 #
straight-curve $-1 -1 $-1 0.2999999999999999889 -1.430341880341880589 -0.25 0 0 -1 I I #
coedge $-1 -1 $-1 $6731 $7010 $7021 $7022 reversed $102 $-1 #
edge $7023 -1 $-1 $7024 1.428461538461537117 $6733 1.430341880341881478 $6869 $277 forward @7 unknown #
point $-1 -1 $-1 0.3000000000000010991 -1.430341880341881478 -0.5 #
coedge $-1 -1 $-1 $6735 $7025 $6740 $6883 forward $264 $-1 #
color-adesk-attrib $-1 -1 $-1 $-1 $6736 256 #
straight-curve $-1 -1 $-1 0.3000000000000010991 -1.770341880341881335 0.5 0.6405522522127310436 0.7679145865167543716 0 I I #
point $-1 -1 $-1 0.514610749951988411 -1.513059629374634341 0.5 #
coedge $-1 -1 $-1 $6741 $6740 $7026 $7027 forward $6742 $-1 #
edge $7028 -1 $-1 $7029 -1.772222222222222143 $6744 -1.770341880341881335 $6740 $352 forward @7 unknown #
face $7030 -1 $-1 $7019 $6742 $8 $-1 $354 reversed single #
point $-1 -1 $-1 0.3000000000000010991 -1.770341880341881335 0.5 #
coedge $-1 -1 $-1 $7026 $7031 $6746 $6887 forward $7032 $-1 #
edge $7033 -1 $-1 $6899 0 $6889 0.2299999999999999822 $6886 $7034 forward @7 unknown #
color-adesk-attrib $-1 -1 $-1 $-1 $6747 256 #
vertex $-1 -1 $-1 $6887 $7035 #
coedge $-1 -1 $-1 $7025 $6750 $7036 $7037 forward $264 $-1 #
coedge $-1 -1 $-1 $6757 $7036 $6753 $6892 reversed $6897 $-1 #
edge $7038 -1 $-1 $6760 -0.25 $6894 0.75 $6753 $7039 forward @7 unknown #
color-adesk-attrib $-1 -1 $-1 $-1 $6754 256 #
vertex $-1 -1 $-1 $7037 $7040 #
color-adesk-attrib $-1 -1 $-1 $-1 $6755 256 #
coedge $-1 -1 $-1 $7036 $6757 $7031 $7041 forward $6897 $-1 #
loop $-1 -1 $-1 $-1 $6757 $7042 #
color-adesk-attrib $-1 -1 $-1 $-1 $6758 256 #
vertex $-1 -1 $-1 $6887 $7043 #
straight-curve $-1 -1 $-1 0.3000000000000010436 -2.112222222222222001 -0.5 0.6405522522127310436 0.7679145865167543716 0 F 0 F 0.3350401926004216713 #
point $-1 -1 $-1 0.3000000000000010436 -2.112222222222222001 -0.5 #
coedge $-1 -1 $-1 $6767 $6762 $6761 $6903 reversed $6768 $-1 #
edge $7044 -1 $-1 $6909 0 $6765 0.2299999999999999822 $6902 $7045 forward @7 unknown #
color-adesk-attrib $-1 -1 $-1 $-1 $6763 256 #
straight-curve $-1 -1 $-1 0.2999999999999999889 -2.455982905982906139 -0.25 0 0 -1 I I #
point $-1 -1 $-1 0.3000000000000010436 -2.455982905982907027 0.5 #
face $7046 -1 $-1 $6514 $6768 $8 $-1 $7047 forward single #
color-adesk-attrib $-1 -1 $-1 $-1 $6773 256 #
vertex $-1 -1 $-1 $6777 $7048 #
straight-curve $-1 -1 $-1 0.3000000000000010436 -2.795982905982906885 0.5 0.6405522522127310436 0.7679145865167543716 0 I I #
color-adesk-attrib $-1 -1 $-1 $-1 $6777 256 #
straight-curve $-1 -1 $-1 0.5146107499519883 -2.538700655015659891 -0.5 0 0 1 I I #
color-adesk-attrib $-1 -1 $-1 $-1 $6778 256 #
plane-surface $-1 -1 $-1 0.3000000000000010436 -2.795982905982906885 -0.5 0.7679145865167543716 -0.6405522522127310436 0 0.6405522522127310436 0.7679145865167543716 0 forward_v I I I I #
color-adesk-attrib $-1 -1 $-1 $-1 $6786 256 #
face $7049 -1 $-1 $7050 $7051 $8 $-1 $7052 forward single #
loop $-1 -1 $-1 $-1 $7053 $6786 #
plane-surface $-1 -1 $-1 0.3000000000000014322 3.357863247863246414 -0.5 0.7679145865167543716 -0.6405522522127310436 0 0.6405522522127310436 0.7679145865167543716 0 forward_v I I I I #
coedge $-1 -1 $-1 $6971 $6789 $6970 $7054 forward $6653 $-1 #
coedge $-1 -1 $-1 $6789 $6971 $6935 $7055 reversed $6653 $-1 #
edge $7056 -1 $-1 $7057 0 $6977 0.3350401926004216713 $6789 $7058 forward @7 unknown #
color-adesk-attrib $-1 -1 $-1 $-1 $6790 256 #
straight-curve $-1 -1 $-1 0.514610749951988744 4.982666866351863177 -0.5 0 0 1 I I #
color-adesk-attrib $-1 -1 $-1 $-1 $6791 256 #
straight-curve $-1 -1 $-1 0.3000000000000000444 4.725384615384614406 -0.25 0 0 1 I I #
point $-1 -1 $-1 0.3000000000000014877 4.725384615384616183 -0.5 #
color-adesk-attrib $-1 -1 $-1 $-1 $6796 256 #
face $7059 -1 $-1 $7060 $7061 $8 $-1 $354 reversed single #
loop $-1 -1 $-1 $-1 $7062 $6796 #
coedge $-1 -1 $-1 $7063 $7064 $7065 $7066 forward $6797 $-1 #
coedge $-1 -1 $-1 $7067 $6798 $7068 $7069 reversed $6665 $-1 #
coedge $-1 -1 $-1 $6798 $7067 $7070 $7071 reversed $6665 $-1 #
coedge $-1 -1 $-1 $7072 $7073 $6798 $6934 reversed $7074 $-1 #
edge $7075 -1 $-1 $7076 -0.25 $7077 0.75 $6798 $7078 forward @7 unknown #
coedge $-1 -1 $-1 $6800 $6799 $6920 $7055 forward $6533 $-1 #
coedge $-1 -1 $-1 $7079 $6833 $6799 $6937 forward $102 $-1 #
edge $7080 -1 $-1 $7057 -4.041623931623931298 $6945 -4.039743589743590491 $6799 $277 forward @7 unknown #
coedge $-1 -1 $-1 $6830 $7081 $6800 $6939 forward $264 $-1 #
edge $7082 -1 $-1 $6944 4.039743589743590491 $7083 4.041623931623931298 $6800 $352 forward @7 unknown #
coedge $-1 -1 $-1 $7084 $6801 $7081 $7085 reversed $6942 $-1 #
coedge $-1 -1 $-1 $6801 $7084 $7079 $7086 forward $6942 $-1 #
loop $-1 -1 $-1 $-1 $6941 $7087 #
color-adesk-attrib $-1 -1 $-1 $-1 $6802 256 #
vertex $-1 -1 $-1 $6939 $7088 #
vertex $-1 -1 $-1 $7086 $7089 #
straight-curve $-1 -1 $-1 0.3000000000000000444 4.039743589743591379 -0.25 0 0 -1 I I #
coedge $-1 -1 $-1 $7090 $7091 $6803 $6948 reversed $7051 $-1 #
edge $7092 -1 $-1 $6952 -0.75 $6956 0.25 $6803 $7093 forward @7 unknown #
coedge $-1 -1 $-1 $7081 $6804 $6809 $6959 forward $264 $-1 #
coedge $-1 -1 $-1 $6804 $7094 $7090 $7095 forward $264 $-1 #
color-adesk-attrib $-1 -1 $-1 $-1 $6805 256 #
vertex $-1 -1 $-1 $6805 $7096 #
coedge $-1 -1 $-1 $7097 $6806 $7091 $7098 reversed $102 $-1 #
coedge $-1 -1 $-1 $6806 $7079 $6808 $6958 reversed $102 $-1 #
color-adesk-attrib $-1 -1 $-1 $-1 $6807 256 #
vertex $-1 -1 $-1 $7098 $7099 #
coedge $-1 -1 $-1 $6809 $6808 $7084 $7100 forward $6810 $-1 #
edge $7101 -1 $-1 $6812 0 $7102 0.3350401926004216713 $6808 $7103 forward @7 unknown #
edge $7104 -1 $-1 $6813 0 $7105 0.3350401926004216713 $6809 $7106 forward @7 unknown #
face $7107 -1 $-1 $7087 $6810 $8 $-1 $7108 forward single #
point $-1 -1 $-1 0.3000000000000014322 3.699743589743590633 -0.5 #
point $-1 -1 $-1 0.3000000000000014322 3.699743589743590633 0.5 #
point $-1 -1 $-1 0.3000000000000014877 4.725384615384616183 0.5 #
color-adesk-attrib $-1 -1 $-1 $-1 $6821 256 #
straight-curve $-1 -1 $-1 0.514610749951988744 4.640786524471518959 0.5 -0.9330902171825534719 0.3596423870989281513 0 I I #
color-adesk-attrib $-1 -1 $-1 $-1 $6822 256 #
straight-curve $-1 -1 $-1 0.514610749951988744 4.640786524471518959 -0.5 -0.9330902171825534719 0.3596423870989281513 0 F 0 F 0.2299999999999999822 #
color-adesk-attrib $-1 -1 $-1 $-1 $6823 256 #
plane-surface $-1 -1 $-1 0.514610749951988744 4.640786524471518959 -0.5 0.3596423870989281513 0.9330902171825534719 0 -0.9330902171825534719 0.3596423870989281513 0 forward_v I I I I #
coedge $-1 -1 $-1 $6827 $6826 $6919 $7054 reversed $6787 $-1 #
coedge $-1 -1 $-1 $6920 $6919 $6830 $6972 reversed $6653 $-1 #
edge $7109 -1 $-1 $7083 0 $6974 0.3350401926004216713 $6971 $7110 forward @7 unknown #
color-adesk-attrib $-1 -1 $-1 $-1 $6831 256 #
vertex $-1 -1 $-1 $7054 $7111 #
straight-curve $-1 -1 $-1 0.514610749951988744 4.298906182591178293 0.5 -0.9330902171825534719 0.3596423870989281513 0 I I #
color-adesk-attrib $-1 -1 $-1 $-1 $6834 256 #
vertex $-1 -1 $-1 $6834 $7112 #
straight-curve $-1 -1 $-1 0.514610749951988744 4.298906182591178293 -0.5 -0.9330902171825534719 0.3596423870989281513 0 F 0 F 0.2299999999999999822 #
color-adesk-attrib $-1 -1 $-1 $-1 $6836 256 #
straight-curve $-1 -1 $-1 0.514610749951988744 4.640786524471518959 -0.5 0 0 1 I I #
point $-1 -1 $-1 0.514610749951988744 4.640786524471518959 -0.5 #
point $-1 -1 $-1 0.514610749951988744 4.640786524471518959 0.5 #
color-adesk-attrib $-1 -1 $-1 $-1 $6850 256 #
face $7113 -1 $-1 $7114 $7115 $8 $-1 $7116 forward single #
loop $-1 -1 $-1 $-1 $7117 $6850 #
plane-surface $-1 -1 $-1 0.3000000000000012101 0.2809401709401697644 -0.5 0.7679145865167543716 -0.6405522522127310436 0 0.6405522522127310436 0.7679145865167543716 0 forward_v I I I I #
coedge $-1 -1 $-1 $7118 $7119 $7120 $7121 forward $6851 $-1 #
coedge $-1 -1 $-1 $7122 $6853 $7119 $7123 forward $6721 $-1 #
coedge $-1 -1 $-1 $6853 $7122 $7124 $7125 reversed $6721 $-1 #
coedge $-1 -1 $-1 $7126 $7120 $6853 $6991 reversed $102 $-1 #
edge $7127 -1 $-1 $7128 0 $7129 0.3350401926004216713 $6853 $7130 forward @7 unknown #
coedge $-1 -1 $-1 $6855 $6854 $7131 $7132 reversed $6587 $-1 #
coedge $-1 -1 $-1 $7133 $7134 $6854 $6994 forward $7135 $-1 #
edge $7136 -1 $-1 $7137 -0.75 $6997 0.25 $6993 $7138 forward @7 unknown #
coedge $-1 -1 $-1 $6856 $7139 $7133 $7140 forward $102 $-1 #
color-adesk-attrib $-1 -1 $-1 $-1 $6857 256 #
vertex $-1 -1 $-1 $6857 $7141 #
straight-curve $-1 -1 $-1 0.514610749951988411 -0.8292989456139494564 -0.5 -0.9330902171825534719 0.3596423870989281513 0 F 0 F 0.2299999999999999822 #
coedge $-1 -1 $-1 $7131 $7142 $6858 $7000 forward $264 $-1 #
edge $7143 -1 $-1 $7008 0 $7002 0.3350401926004216713 $6858 $7144 forward @7 unknown #
color-adesk-attrib $-1 -1 $-1 $-1 $6859 256 #
vertex $-1 -1 $-1 $6859 $7145 #
straight-curve $-1 -1 $-1 0.514610749951988411 -0.8292989456139494564 -0.5 0 0 1 I I #
coedge $-1 -1 $-1 $7146 $6860 $7142 $7147 reversed $7006 $-1 #
coedge $-1 -1 $-1 $6860 $7146 $6862 $7011 reversed $7006 $-1 #
loop $-1 -1 $-1 $-1 $6860 $7148 #
color-adesk-attrib $-1 -1 $-1 $-1 $6861 256 #
vertex $-1 -1 $-1 $7000 $7149 #
straight-curve $-1 -1 $-1 0.3000000000000000444 -1.086581196581197784 -0.25 0 0 1 I I #
coedge $-1 -1 $-1 $6875 $6862 $7150 $7151 reversed $102 $-1 #
edge $7152 -1 $-1 $6864 1.086581196581196451 $7153 1.088461538461537259 $7005 $277 forward @7 unknown #
point $-1 -1 $-1 0.3000000000000011546 -1.086581196581196451 -0.5 #
point $-1 -1 $-1 0.514610749951988411 -0.8292989456139494564 -0.5 #
coedge $-1 -1 $-1 $7154 $6867 $6870 $7018 forward $264 $-1 #
color-adesk-attrib $-1 -1 $-1 $-1 $6868 256 #
straight-curve $-1 -1 $-1 0.514610749951988411 -1.513059629374634341 0.5 -0.9330902171825534719 0.3596423870989281513 0 I I #
coedge $-1 -1 $-1 $6870 $6869 $7155 $7156 forward $6871 $-1 #
edge $7157 -1 $-1 $6873 -1.430341880341881478 $7158 -1.428461538461537117 $6870 $352 forward @7 unknown #
face $7159 -1 $-1 $6620 $6871 $8 $-1 $354 reversed single #
point $-1 -1 $-1 0.3000000000000010991 -1.430341880341881478 0.5 #
coedge $-1 -1 $-1 $7160 $7155 $6875 $7022 forward $7161 $-1 #
edge $7162 -1 $-1 $7024 0 $7163 0.3350401926004216713 $7021 $7164 forward @7 unknown #
color-adesk-attrib $-1 -1 $-1 $-1 $6876 256 #
vertex $-1 -1 $-1 $6876 $7165 #
coedge $-1 -1 $-1 $6878 $6890 $7166 $7167 forward $264 $-1 #
coedge $-1 -1 $-1 $7166 $6886 $6882 $7027 reversed $7032 $-1 #
edge $7168 -1 $-1 $7029 -0.75 $6889 0.25 $6882 $7169 forward @7 unknown #
color-adesk-attrib $-1 -1 $-1 $-1 $6883 256 #
vertex $-1 -1 $-1 $6883 $7170 #
color-adesk-attrib $-1 -1 $-1 $-1 $6884 256 #
coedge $-1 -1 $-1 $6886 $7166 $6896 $7041 reversed $7032 $-1 #
loop $-1 -1 $-1 $-1 $6886 $7171 #
color-adesk-attrib $-1 -1 $-1 $-1 $6887 256 #
straight-curve $-1 -1 $-1 0.5146107499519883 -1.854939971254975006 -0.5 -0.9330902171825534719 0.3596423870989281513 0 F 0 F 0.2299999999999999822 #
point $-1 -1 $-1 0.3000000000000010436 -1.772222222222222143 -0.5 #
coedge $-1 -1 $-1 $6891 $6896 $6890 $7037 reversed $6897 $-1 #
edge $7172 -1 $-1 $6894 0 $7173 0.3350401926004216713 $7036 $7174 forward @7 unknown #
color-adesk-attrib $-1 -1 $-1 $-1 $6892 256 #
straight-curve $-1 -1 $-1 0.3000000000000000444 -2.112222222222223333 -0.25 0 0 1 I I #
point $-1 -1 $-1 0.3000000000000010436 -2.112222222222222001 0.5 #
edge $7175 -1 $-1 $6899 0 $7173 1 $7031 $7176 forward @7 unknown #
face $7177 -1 $-1 $7171 $6897 $8 $-1 $7178 forward single #
point $-1 -1 $-1 0.5146107499519883 -1.854939971254975006 -0.5 #
color-adesk-attrib $-1 -1 $-1 $-1 $6903 256 #
straight-curve $-1 -1 $-1 0.5146107499519883 -2.538700655015659891 0.5 -0.9330902171825534719 0.3596423870989281513 0 I I #
color-adesk-attrib $-1 -1 $-1 $-1 $6907 256 #
plane-surface $-1 -1 $-1 0.5146107499519883 -2.538700655015659891 -0.5 0.3596423870989281513 0.9330902171825534719 0 -0.9330902171825534719 0.3596423870989281513 0 forward_v I I I I #
point $-1 -1 $-1 0.5146107499519883 -2.538700655015659891 0.5 #
color-adesk-attrib $-1 -1 $-1 $-1 $6916 256 #
face $7179 -1 $-1 $7180 $7181 $8 $-1 $7182 forward single #
loop $-1 -1 $-1 $-1 $7091 $6916 #
plane-surface $-1 -1 $-1 0.514610749951988744 3.615145498830493409 -0.5 0.3596423870989281513 0.9330902171825534719 0 -0.9330902171825534719 0.3596423870989281513 0 forward_v I I I I #
coedge $-1 -1 $-1 $7183 $7184 $7097 $7185 forward $6917 $-1 #
edge $7186 -1 $-1 $6977 0 $6974 1 $6970 $7187 forward @7 unknown #
edge $7188 -1 $-1 $7057 -0.25 $7083 0.75 $6935 $7189 forward @7 unknown #
color-adesk-attrib $-1 -1 $-1 $-1 $6921 256 #
vertex $-1 -1 $-1 $6937 $7190 #
straight-curve $-1 -1 $-1 0.3000000000000014877 4.041623931623931298 -0.5 0.6405522522127310436 0.7679145865167543716 0 F 0 F 0.3350401926004216713 #
color-adesk-attrib $-1 -1 $-1 $-1 $6928 256 #
face $7191 -1 $-1 $7192 $7193 $8 $-1 $354 reversed single #
loop $-1 -1 $-1 $-1 $7194 $6928 #
coedge $-1 -1 $-1 $7195 $7196 $7197 $7198 forward $6929 $-1 #
coedge $-1 -1 $-1 $7199 $6930 $7200 $7201 reversed $6797 $-1 #
coedge $-1 -1 $-1 $6930 $7199 $7202 $7203 reversed $6797 $-1 #
coedge $-1 -1 $-1 $7204 $7205 $6930 $7066 reversed $7206 $-1 #
edge $7207 -1 $-1 $7208 -0.75 $7209 0.25 $6930 $7210 forward @7 unknown #
coedge $-1 -1 $-1 $6932 $6931 $7211 $7212 forward $6665 $-1 #
coedge $-1 -1 $-1 $7213 $7214 $6931 $7069 forward $264 $-1 #
edge $7215 -1 $-1 $7216 3.014102564102564941 $7077 3.015982905982905748 $6931 $352 forward @7 unknown #
coedge $-1 -1 $-1 $7217 $7218 $6932 $7071 forward $102 $-1 #
edge $7219 -1 $-1 $7076 -3.015982905982905748 $7220 -3.014102564102564941 $6932 $277 forward @7 unknown #
coedge $-1 -1 $-1 $7221 $6933 $7218 $7222 forward $7074 $-1 #
coedge $-1 -1 $-1 $6933 $7221 $7213 $7223 reversed $7074 $-1 #
loop $-1 -1 $-1 $-1 $7072 $7224 #
color-adesk-attrib $-1 -1 $-1 $-1 $6934 256 #
vertex $-1 -1 $-1 $7071 $7225 #
vertex $-1 -1 $-1 $7223 $7226 #
straight-curve $-1 -1 $-1 0.3000000000000001554 3.015982905982904416 -0.25 0 0 1 I I #
coedge $-1 -1 $-1 $6954 $6936 $6941 $7086 reversed $102 $-1 #
color-adesk-attrib $-1 -1 $-1 $-1 $6937 256 #
coedge $-1 -1 $-1 $6938 $6949 $6940 $7085 forward $264 $-1 #
color-adesk-attrib $-1 -1 $-1 $-1 $6939 256 #
vertex $-1 -1 $-1 $6972 $7227 #
coedge $-1 -1 $-1 $6941 $6940 $6957 $7100 reversed $6942 $-1 #
edge $7228 -1 $-1 $7105 0 $6944 0.2299999999999999822 $6940 $7229 forward @7 unknown #
edge $7230 -1 $-1 $7102 0 $6945 0.2299999999999999822 $6941 $7231 forward @7 unknown #
face $7232 -1 $-1 $6696 $6942 $8 $-1 $7233 forward single #
point $-1 -1 $-1 0.3000000000000014322 4.039743589743590491 0.5 #
point $-1 -1 $-1 0.3000000000000014322 4.039743589743590491 -0.5 #
coedge $-1 -1 $-1 $7234 $6947 $6950 $7095 reversed $7051 $-1 #
coedge $-1 -1 $-1 $6947 $7234 $6953 $7098 forward $7051 $-1 #
color-adesk-attrib $-1 -1 $-1 $-1 $6948 256 #
straight-curve $-1 -1 $-1 0.3000000000000001554 3.69786324786324716 -0.25 0 0 -1 I I #
coedge $-1 -1 $-1 $6950 $7202 $7235 $7236 forward $264 $-1 #
edge $7237 -1 $-1 $7238 0 $6952 0.2299999999999999822 $7090 $7239 forward @7 unknown #
point $-1 -1 $-1 0.3000000000000014322 3.697863247863246272 0.5 #
coedge $-1 -1 $-1 $7200 $6953 $7053 $7185 reversed $102 $-1 #
edge $7240 -1 $-1 $7241 0 $6956 0.2299999999999999822 $7091 $7242 forward @7 unknown #
point $-1 -1 $-1 0.3000000000000014322 3.697863247863246272 -0.5 #
edge $7243 -1 $-1 $7102 0 $7105 1 $7084 $7244 forward @7 unknown #
color-adesk-attrib $-1 -1 $-1 $-1 $6958 256 #
vertex $-1 -1 $-1 $7086 $7245 #
straight-curve $-1 -1 $-1 0.3000000000000014322 3.699743589743590633 -0.5 0.6405522522127310436 0.7679145865167543716 0 F 0 F 0.3350401926004216713 #
color-adesk-attrib $-1 -1 $-1 $-1 $6959 256 #
vertex $-1 -1 $-1 $7100 $7246 #
straight-curve $-1 -1 $-1 0.3000000000000014322 3.699743589743590633 0.5 0.6405522522127310436 0.7679145865167543716 0 I I #
color-adesk-attrib $-1 -1 $-1 $-1 $6960 256 #
plane-surface $-1 -1 $-1 0.3000000000000014322 3.699743589743590633 -0.5 0.7679145865167543716 -0.6405522522127310436 0 0.6405522522127310436 0.7679145865167543716 0 forward_v I I I I #
color-adesk-attrib $-1 -1 $-1 $-1 $6972 256 #
straight-curve $-1 -1 $-1 0.3000000000000014877 4.041623931623931298 0.5 0.6405522522127310436 0.7679145865167543716 0 I I #
point $-1 -1 $-1 0.514610749951988744 4.298906182591178293 0.5 #
point $-1 -1 $-1 0.514610749951988744 4.298906182591178293 -0.5 #
color-adesk-attrib $-1 -1 $-1 $-1 $6984 256 #
face $7247 -1 $-1 $7248 $7249 $8 $-1 $7250 forward single #
loop $-1 -1 $-1 $-1 $7251 $6984 #
plane-surface $-1 -1 $-1 0.514610749951988522 0.5382224219074167593 -0.5 0.3596423870989281513 0.9330902171825534719 0 -0.9330902171825534719 0.3596423870989281513 0 forward_v I I I I #
coedge $-1 -1 $-1 $7252 $7253 $7254 $7255 forward $6985 $-1 #
coedge $-1 -1 $-1 $7256 $6987 $7257 $7258 reversed $6851 $-1 #
coedge $-1 -1 $-1 $6987 $7256 $6988 $7123 reversed $6851 $-1 #
coedge $-1 -1 $-1 $6990 $7259 $6987 $7121 reversed $102 $-1 #
edge $7260 -1 $-1 $7129 0 $7261 0.2299999999999999822 $6987 $7262 forward @7 unknown #
coedge $-1 -1 $-1 $6989 $6988 $7263 $7264 reversed $6721 $-1 #
edge $7265 -1 $-1 $7129 0 $7266 1 $7119 $7267 forward @7 unknown #
coedge $-1 -1 $-1 $7268 $7269 $6989 $7125 forward $7270 $-1 #
edge $7271 -1 $-1 $7128 -0.25 $7272 0.75 $7124 $7273 forward @7 unknown #
coedge $-1 -1 $-1 $7274 $6990 $7269 $7275 forward $102 $-1 #
color-adesk-attrib $-1 -1 $-1 $-1 $6991 256 #
vertex $-1 -1 $-1 $7275 $7276 #
vertex $-1 -1 $-1 $7121 $7277 #
straight-curve $-1 -1 $-1 0.3000000000000011546 -0.402820512820511567 -0.5 0.6405522522127310436 0.7679145865167543716 0 F 0 F 0.3350401926004216713 #
coedge $-1 -1 $-1 $7278 $6999 $6992 $7132 forward $264 $-1 #
edge $7279 -1 $-1 $7002 0 $7137 0.2299999999999999822 $6992 $7280 forward @7 unknown #
coedge $-1 -1 $-1 $7281 $6993 $6995 $7140 reversed $7135 $-1 #
coedge $-1 -1 $-1 $6993 $7281 $7278 $7282 reversed $7135 $-1 #
loop $-1 -1 $-1 $-1 $6993 $7283 #
color-adesk-attrib $-1 -1 $-1 $-1 $6994 256 #
vertex $-1 -1 $-1 $7282 $7284 #
straight-curve $-1 -1 $-1 0.2999999999999999889 -0.7465811965811955941 -0.25 0 0 -1 I I #
coedge $-1 -1 $-1 $6995 $7274 $7285 $7286 reversed $102 $-1 #
edge $7287 -1 $-1 $7288 0.7447008547008557855 $6997 0.7465811965811965933 $7133 $277 forward @7 unknown #
point $-1 -1 $-1 0.3000000000000011546 -0.7465811965811965933 -0.5 #
coedge $-1 -1 $-1 $6999 $7289 $7004 $7147 forward $264 $-1 #
color-adesk-attrib $-1 -1 $-1 $-1 $7000 256 #
straight-curve $-1 -1 $-1 0.3000000000000011546 -1.086581196581196451 0.5 0.6405522522127310436 0.7679145865167543716 0 I I #
point $-1 -1 $-1 0.514610749951988411 -0.8292989456139494564 0.5 #
coedge $-1 -1 $-1 $7005 $7004 $7290 $7291 forward $7006 $-1 #
edge $7292 -1 $-1 $7293 -1.088461538461537259 $7008 -1.086581196581196451 $7004 $352 forward @7 unknown #
face $7294 -1 $-1 $7283 $7006 $8 $-1 $354 reversed single #
point $-1 -1 $-1 0.3000000000000011546 -1.086581196581196451 0.5 #
coedge $-1 -1 $-1 $7290 $7295 $7010 $7151 forward $7296 $-1 #
edge $7297 -1 $-1 $7163 0 $7153 0.2299999999999999822 $7150 $7298 forward @7 unknown #
color-adesk-attrib $-1 -1 $-1 $-1 $7011 256 #
vertex $-1 -1 $-1 $7151 $7299 #
coedge $-1 -1 $-1 $7289 $7014 $7300 $7301 forward $264 $-1 #
coedge $-1 -1 $-1 $7021 $7300 $7017 $7156 reversed $7161 $-1 #
edge $7302 -1 $-1 $7024 -0.25 $7158 0.75 $7017 $7303 forward @7 unknown #
color-adesk-attrib $-1 -1 $-1 $-1 $7018 256 #
vertex $-1 -1 $-1 $7301 $7304 #
color-adesk-attrib $-1 -1 $-1 $-1 $7019 256 #
coedge $-1 -1 $-1 $7300 $7021 $7295 $7305 forward $7161 $-1 #
loop $-1 -1 $-1 $-1 $7021 $7306 #
color-adesk-attrib $-1 -1 $-1 $-1 $7022 256 #
vertex $-1 -1 $-1 $7151 $7307 #
straight-curve $-1 -1 $-1 0.3000000000000010991 -1.428461538461537117 -0.5 0.6405522522127310436 0.7679145865167543716 0 F 0 F 0.3350401926004216713 #
point $-1 -1 $-1 0.3000000000000010991 -1.428461538461537117 -0.5 #
coedge $-1 -1 $-1 $7031 $7026 $7025 $7167 reversed $7032 $-1 #
edge $7308 -1 $-1 $7173 0 $7029 0.2299999999999999822 $7166 $7309 forward @7 unknown #
color-adesk-attrib $-1 -1 $-1 $-1 $7027 256 #
straight-curve $-1 -1 $-1 0.2999999999999999889 -1.772222222222221255 -0.25 0 0 -1 I I #
point $-1 -1 $-1 0.3000000000000010436 -1.772222222222222143 0.5 #
face $7310 -1 $-1 $6778 $7032 $8 $-1 $7311 forward single #
color-adesk-attrib $-1 -1 $-1 $-1 $7037 256 #
vertex $-1 -1 $-1 $7041 $7312 #
straight-curve $-1 -1 $-1 0.3000000000000010436 -2.112222222222222001 0.5 0.6405522522127310436 0.7679145865167543716 0 I I #
color-adesk-attrib $-1 -1 $-1 $-1 $7041 256 #
straight-curve $-1 -1 $-1 0.5146107499519883 -1.854939971254975006 -0.5 0 0 1 I I #
color-adesk-attrib $-1 -1 $-1 $-1 $7042 256 #
plane-surface $-1 -1 $-1 0.3000000000000010436 -2.112222222222222001 -0.5 0.7679145865167543716 -0.6405522522127310436 0 0.6405522522127310436 0.7679145865167543716 0 forward_v I I I I #
color-adesk-attrib $-1 -1 $-1 $-1 $7050 256 #
face $7313 -1 $-1 $7314 $7315 $8 $-1 $7316 forward single #
loop $-1 -1 $-1 $-1 $7317 $7050 #
plane-surface $-1 -1 $-1 0.3000000000000013767 2.674102564102565083 -0.5 0.7679145865167543716 -0.6405522522127310436 0 0.6405522522127310436 0.7679145865167543716 0 forward_v I I I I #
coedge $-1 -1 $-1 $7235 $7053 $7234 $7318 forward $6917 $-1 #
coedge $-1 -1 $-1 $7053 $7235 $7199 $7319 reversed $6917 $-1 #
edge $7320 -1 $-1 $7321 0 $7241 0.3350401926004216713 $7053 $7322 forward @7 unknown #
color-adesk-attrib $-1 -1 $-1 $-1 $7054 256 #
straight-curve $-1 -1 $-1 0.514610749951988744 4.298906182591178293 -0.5 0 0 1 I I #
color-adesk-attrib $-1 -1 $-1 $-1 $7055 256 #
straight-curve $-1 -1 $-1 0.3000000000000000444 4.041623931623929522 -0.25 0 0 1 I I #
point $-1 -1 $-1 0.3000000000000014877 4.041623931623931298 -0.5 #
color-adesk-attrib $-1 -1 $-1 $-1 $7060 256 #
face $7323 -1 $-1 $7324 $7325 $8 $-1 $354 reversed single #
loop $-1 -1 $-1 $-1 $7326 $7060 #
coedge $-1 -1 $-1 $7327 $7328 $7329 $7330 forward $7061 $-1 #
coedge $-1 -1 $-1 $7331 $7062 $7332 $7333 reversed $6929 $-1 #
coedge $-1 -1 $-1 $7062 $7331 $7334 $7335 reversed $6929 $-1 #
coedge $-1 -1 $-1 $7336 $7337 $7062 $7198 reversed $7338 $-1 #
edge $7339 -1 $-1 $7340 -0.25 $7341 0.75 $7062 $7342 forward @7 unknown #
coedge $-1 -1 $-1 $7064 $7063 $7184 $7319 forward $6797 $-1 #
coedge $-1 -1 $-1 $7343 $7097 $7063 $7201 forward $102 $-1 #
edge $7344 -1 $-1 $7321 -3.357863247863246414 $7209 -3.355982905982905606 $7063 $277 forward @7 unknown #
coedge $-1 -1 $-1 $7094 $7345 $7064 $7203 forward $264 $-1 #
edge $7346 -1 $-1 $7208 3.355982905982905606 $7347 3.357863247863246414 $7064 $352 forward @7 unknown #
coedge $-1 -1 $-1 $7348 $7065 $7345 $7349 reversed $7206 $-1 #
coedge $-1 -1 $-1 $7065 $7348 $7343 $7350 forward $7206 $-1 #
loop $-1 -1 $-1 $-1 $7205 $7351 #
color-adesk-attrib $-1 -1 $-1 $-1 $7066 256 #
vertex $-1 -1 $-1 $7203 $7352 #
vertex $-1 -1 $-1 $7350 $7353 #
straight-curve $-1 -1 $-1 0.3000000000000000444 3.355982905982907383 -0.25 0 0 -1 I I #
coedge $-1 -1 $-1 $7354 $7355 $7067 $7212 reversed $7315 $-1 #
edge $7356 -1 $-1 $7216 -0.75 $7220 0.25 $7067 $7357 forward @7 unknown #
coedge $-1 -1 $-1 $7345 $7068 $7073 $7223 forward $264 $-1 #
coedge $-1 -1 $-1 $7068 $7358 $7354 $7359 forward $264 $-1 #
color-adesk-attrib $-1 -1 $-1 $-1 $7069 256 #
vertex $-1 -1 $-1 $7069 $7360 #
coedge $-1 -1 $-1 $7361 $7070 $7355 $7362 reversed $102 $-1 #
coedge $-1 -1 $-1 $7070 $7343 $7072 $7222 reversed $102 $-1 #
color-adesk-attrib $-1 -1 $-1 $-1 $7071 256 #
vertex $-1 -1 $-1 $7362 $7363 #
coedge $-1 -1 $-1 $7073 $7072 $7348 $7364 forward $7074 $-1 #
edge $7365 -1 $-1 $7076 0 $7366 0.3350401926004216713 $7072 $7367 forward @7 unknown #
edge $7368 -1 $-1 $7077 0 $7369 0.3350401926004216713 $7073 $7370 forward @7 unknown #
face $7371 -1 $-1 $7351 $7074 $8 $-1 $7372 forward single #
point $-1 -1 $-1 0.3000000000000013767 3.015982905982905748 -0.5 #
point $-1 -1 $-1 0.3000000000000013767 3.015982905982905748 0.5 #
point $-1 -1 $-1 0.3000000000000014877 4.041623931623931298 0.5 #
color-adesk-attrib $-1 -1 $-1 $-1 $7085 256 #
straight-curve $-1 -1 $-1 0.514610749951988744 3.957025840710837628 0.5 -0.9330902171825534719 0.3596423870989281513 0 I I #
color-adesk-attrib $-1 -1 $-1 $-1 $7086 256 #
straight-curve $-1 -1 $-1 0.514610749951988744 3.957025840710837628 -0.5 -0.9330902171825534719 0.3596423870989281513 0 F 0 F 0.2299999999999999822 #
color-adesk-attrib $-1 -1 $-1 $-1 $7087 256 #
plane-surface $-1 -1 $-1 0.514610749951988744 3.957025840710837628 -0.5 0.3596423870989281513 0.9330902171825534719 0 -0.9330902171825534719 0.3596423870989281513 0 forward_v I I I I #
coedge $-1 -1 $-1 $7091 $7090 $7183 $7318 reversed $7051 $-1 #
coedge $-1 -1 $-1 $7184 $7183 $7094 $7236 reversed $6917 $-1 #
edge $7373 -1 $-1 $7347 0 $7238 0.3350401926004216713 $7235 $7374 forward @7 unknown #
color-adesk-attrib $-1 -1 $-1 $-1 $7095 256 #
vertex $-1 -1 $-1 $7318 $7375 #
straight-curve $-1 -1 $-1 0.514610749951988744 3.615145498830493409 0.5 -0.9330902171825534719 0.3596423870989281513 0 I I #
color-adesk-attrib $-1 -1 $-1 $-1 $7098 256 #
vertex $-1 -1 $-1 $7098 $7376 #
straight-curve $-1 -1 $-1 0.514610749951988744 3.615145498830493409 -0.5 -0.9330902171825534719 0.3596423870989281513 0 F 0 F 0.2299999999999999822 #
color-adesk-attrib $-1 -1 $-1 $-1 $7100 256 #
straight-curve $-1 -1 $-1 0.514610749951988744 3.957025840710837628 -0.5 0 0 1 I I #
point $-1 -1 $-1 0.514610749951988744 3.957025840710837628 -0.5 #
point $-1 -1 $-1 0.514610749951988744 3.957025840710837628 0.5 #
color-adesk-attrib $-1 -1 $-1 $-1 $7114 256 #
face $7377 -1 $-1 $7378 $7379 $8 $-1 $7380 forward single #
loop $-1 -1 $-1 $-1 $7381 $7114 #
plane-surface $-1 -1 $-1 0.3000000000000012657 0.9647008547008546486 -0.5 0.7679145865167543716 -0.6405522522127310436 0 0.6405522522127310436 0.7679145865167543716 0 forward_v I I I I #
coedge $-1 -1 $-1 $7382 $7383 $7384 $7385 forward $7115 $-1 #
coedge $-1 -1 $-1 $7386 $7117 $7383 $7387 forward $6985 $-1 #
coedge $-1 -1 $-1 $7117 $7386 $7388 $7389 reversed $6985 $-1 #
coedge $-1 -1 $-1 $7390 $7384 $7117 $7255 reversed $102 $-1 #
edge $7391 -1 $-1 $7392 0 $7393 0.3350401926004216713 $7117 $7394 forward @7 unknown #
coedge $-1 -1 $-1 $7119 $7118 $7395 $7396 reversed $6851 $-1 #
coedge $-1 -1 $-1 $7397 $7398 $7118 $7258 forward $7399 $-1 #
edge $7400 -1 $-1 $7401 -0.75 $7261 0.25 $7257 $7402 forward @7 unknown #
coedge $-1 -1 $-1 $7120 $7403 $7397 $7404 forward $102 $-1 #
color-adesk-attrib $-1 -1 $-1 $-1 $7121 256 #
vertex $-1 -1 $-1 $7121 $7405 #
straight-curve $-1 -1 $-1 0.514610749951988522 -0.1455382618532645722 -0.5 -0.9330902171825534719 0.3596423870989281513 0 F 0 F 0.2299999999999999822 #
coedge $-1 -1 $-1 $7395 $7406 $7122 $7264 forward $264 $-1 #
edge $7407 -1 $-1 $7272 0 $7266 0.3350401926004216713 $7122 $7408 forward @7 unknown #
color-adesk-attrib $-1 -1 $-1 $-1 $7123 256 #
vertex $-1 -1 $-1 $7123 $7409 #
straight-curve $-1 -1 $-1 0.514610749951988522 -0.1455382618532645722 -0.5 0 0 1 I I #
coedge $-1 -1 $-1 $7410 $7124 $7406 $7411 reversed $7270 $-1 #
coedge $-1 -1 $-1 $7124 $7410 $7126 $7275 reversed $7270 $-1 #
loop $-1 -1 $-1 $-1 $7124 $7412 #
color-adesk-attrib $-1 -1 $-1 $-1 $7125 256 #
vertex $-1 -1 $-1 $7264 $7413 #
straight-curve $-1 -1 $-1 0.2999999999999999889 -0.4028205128205130103 -0.25 0 0 1 I I #
coedge $-1 -1 $-1 $7139 $7126 $7414 $7415 reversed $102 $-1 #
edge $7416 -1 $-1 $7128 0.402820512820511567 $7417 0.4047008547008559276 $7269 $277 forward @7 unknown #
point $-1 -1 $-1 0.3000000000000011546 -0.402820512820511567 -0.5 #
point $-1 -1 $-1 0.514610749951988522 -0.1455382618532645722 -0.5 #
coedge $-1 -1 $-1 $7418 $7131 $7134 $7282 forward $264 $-1 #
color-adesk-attrib $-1 -1 $-1 $-1 $7132 256 #
straight-curve $-1 -1 $-1 0.514610749951988411 -0.8292989456139494564 0.5 -0.9330902171825534719 0.3596423870989281513 0 I I #
coedge $-1 -1 $-1 $7134 $7133 $7419 $7420 forward $7135 $-1 #
edge $7421 -1 $-1 $7137 -0.7465811965811965933 $7422 -0.7447008547008557855 $7134 $352 forward @7 unknown #
face $7423 -1 $-1 $6884 $7135 $8 $-1 $354 reversed single #
point $-1 -1 $-1 0.3000000000000011546 -0.7465811965811965933 0.5 #
coedge $-1 -1 $-1 $7424 $7419 $7139 $7286 forward $7425 $-1 #
edge $7426 -1 $-1 $7288 0 $7427 0.3350401926004216713 $7285 $7428 forward @7 unknown #
color-adesk-attrib $-1 -1 $-1 $-1 $7140 256 #
vertex $-1 -1 $-1 $7140 $7429 #
coedge $-1 -1 $-1 $7142 $7154 $7430 $7431 forward $264 $-1 #
coedge $-1 -1 $-1 $7430 $7150 $7146 $7291 reversed $7296 $-1 #
edge $7432 -1 $-1 $7293 -0.75 $7153 0.25 $7146 $7433 forward @7 unknown #
color-adesk-attrib $-1 -1 $-1 $-1 $7147 256 #
vertex $-1 -1 $-1 $7147 $7434 #
color-adesk-attrib $-1 -1 $-1 $-1 $7148 256 #
coedge $-1 -1 $-1 $7150 $7430 $7160 $7305 reversed $7296 $-1 #
loop $-1 -1 $-1 $-1 $7150 $7435 #
color-adesk-attrib $-1 -1 $-1 $-1 $7151 256 #
straight-curve $-1 -1 $-1 0.514610749951988411 -1.171179287494290122 -0.5 -0.9330902171825534719 0.3596423870989281513 0 F 0 F 0.2299999999999999822 #
point $-1 -1 $-1 0.3000000000000010991 -1.088461538461537259 -0.5 #
coedge $-1 -1 $-1 $7155 $7160 $7154 $7301 reversed $7161 $-1 #
edge $7436 -1 $-1 $7158 0 $7437 0.3350401926004216713 $7300 $7438 forward @7 unknown #
color-adesk-attrib $-1 -1 $-1 $-1 $7156 256 #
straight-curve $-1 -1 $-1 0.2999999999999999889 -1.428461538461538449 -0.25 0 0 1 I I #
point $-1 -1 $-1 0.3000000000000010991 -1.428461538461537117 0.5 #
edge $7439 -1 $-1 $7163 0 $7437 1 $7295 $7440 forward @7 unknown #
face $7441 -1 $-1 $7435 $7161 $8 $-1 $7442 forward single #
point $-1 -1 $-1 0.514610749951988411 -1.171179287494290122 -0.5 #
color-adesk-attrib $-1 -1 $-1 $-1 $7167 256 #
straight-curve $-1 -1 $-1 0.5146107499519883 -1.854939971254975006 0.5 -0.9330902171825534719 0.3596423870989281513 0 I I #
color-adesk-attrib $-1 -1 $-1 $-1 $7171 256 #
plane-surface $-1 -1 $-1 0.5146107499519883 -1.854939971254975006 -0.5 0.3596423870989281513 0.9330902171825534719 0 -0.9330902171825534719 0.3596423870989281513 0 forward_v I I I I #
point $-1 -1 $-1 0.5146107499519883 -1.854939971254975006 0.5 #
color-adesk-attrib $-1 -1 $-1 $-1 $7180 256 #
face $7443 -1 $-1 $7444 $7445 $8 $-1 $7446 forward single #
loop $-1 -1 $-1 $-1 $7355 $7180 #
plane-surface $-1 -1 $-1 0.514610749951988633 2.931384815069812078 -0.5 0.3596423870989281513 0.9330902171825534719 0 -0.9330902171825534719 0.3596423870989281513 0 forward_v I I I I #
coedge $-1 -1 $-1 $7447 $7448 $7361 $7449 forward $7181 $-1 #
edge $7450 -1 $-1 $7241 0 $7238 1 $7234 $7451 forward @7 unknown #
edge $7452 -1 $-1 $7321 -0.25 $7347 0.75 $7199 $7453 forward @7 unknown #
color-adesk-attrib $-1 -1 $-1 $-1 $7185 256 #
vertex $-1 -1 $-1 $7201 $7454 #
straight-curve $-1 -1 $-1 0.3000000000000014322 3.357863247863246414 -0.5 0.6405522522127310436 0.7679145865167543716 0 F 0 F 0.3350401926004216713 #
color-adesk-attrib $-1 -1 $-1 $-1 $7192 256 #
face $7455 -1 $-1 $7456 $7457 $8 $-1 $354 reversed single #
loop $-1 -1 $-1 $-1 $7458 $7192 #
coedge $-1 -1 $-1 $7459 $7460 $7461 $7462 forward $7193 $-1 #
coedge $-1 -1 $-1 $7463 $7194 $7464 $7465 reversed $7061 $-1 #
coedge $-1 -1 $-1 $7194 $7463 $7466 $7467 reversed $7061 $-1 #
coedge $-1 -1 $-1 $7468 $7469 $7194 $7330 reversed $7470 $-1 #
edge $7471 -1 $-1 $7472 -0.75 $7473 0.25 $7194 $7474 forward @7 unknown #
coedge $-1 -1 $-1 $7196 $7195 $7475 $7476 forward $6929 $-1 #
coedge $-1 -1 $-1 $7477 $7478 $7195 $7333 forward $264 $-1 #
edge $7479 -1 $-1 $7480 2.330341880341880056 $7341 2.332222222222220864 $7195 $352 forward @7 unknown #
coedge $-1 -1 $-1 $7481 $7482 $7196 $7335 forward $102 $-1 #
edge $7483 -1 $-1 $7340 -2.332222222222220864 $7484 -2.330341880341880056 $7196 $277 forward @7 unknown #
coedge $-1 -1 $-1 $7485 $7197 $7482 $7486 forward $7338 $-1 #
coedge $-1 -1 $-1 $7197 $7485 $7477 $7487 reversed $7338 $-1 #
loop $-1 -1 $-1 $-1 $7336 $7488 #
color-adesk-attrib $-1 -1 $-1 $-1 $7198 256 #
vertex $-1 -1 $-1 $7335 $7489 #
vertex $-1 -1 $-1 $7487 $7490 #
straight-curve $-1 -1 $-1 0.2999999999999999334 2.332222222222219088 -0.25 0 0 1 I I #
coedge $-1 -1 $-1 $7218 $7200 $7205 $7350 reversed $102 $-1 #
color-adesk-attrib $-1 -1 $-1 $-1 $7201 256 #
coedge $-1 -1 $-1 $7202 $7213 $7204 $7349 forward $264 $-1 #
color-adesk-attrib $-1 -1 $-1 $-1 $7203 256 #
vertex $-1 -1 $-1 $7236 $7491 #
coedge $-1 -1 $-1 $7205 $7204 $7221 $7364 reversed $7206 $-1 #
edge $7492 -1 $-1 $7369 0 $7208 0.2299999999999999822 $7204 $7493 forward @7 unknown #
edge $7494 -1 $-1 $7366 0 $7209 0.2299999999999999822 $7205 $7495 forward @7 unknown #
face $7496 -1 $-1 $6960 $7206 $8 $-1 $7497 forward single #
point $-1 -1 $-1 0.3000000000000013767 3.355982905982905606 0.5 #
point $-1 -1 $-1 0.3000000000000013767 3.355982905982905606 -0.5 #
coedge $-1 -1 $-1 $7498 $7211 $7214 $7359 reversed $7315 $-1 #
coedge $-1 -1 $-1 $7211 $7498 $7217 $7362 forward $7315 $-1 #
color-adesk-attrib $-1 -1 $-1 $-1 $7212 256 #
straight-curve $-1 -1 $-1 0.3000000000000000444 3.014102564102565829 -0.25 0 0 -1 I I #
coedge $-1 -1 $-1 $7214 $7466 $7499 $7500 forward $264 $-1 #
edge $7501 -1 $-1 $7502 0 $7216 0.2299999999999999822 $7354 $7503 forward @7 unknown #
point $-1 -1 $-1 0.3000000000000013767 3.014102564102564941 0.5 #
coedge $-1 -1 $-1 $7464 $7217 $7317 $7449 reversed $102 $-1 #
edge $7504 -1 $-1 $7505 0 $7220 0.2299999999999999822 $7355 $7506 forward @7 unknown #
point $-1 -1 $-1 0.3000000000000013767 3.014102564102564941 -0.5 #
edge $7507 -1 $-1 $7366 0 $7369 1 $7348 $7508 forward @7 unknown #
color-adesk-attrib $-1 -1 $-1 $-1 $7222 256 #
vertex $-1 -1 $-1 $7350 $7509 #
straight-curve $-1 -1 $-1 0.3000000000000013767 3.015982905982905748 -0.5 0.6405522522127310436 0.7679145865167543716 0 F 0 F 0.3350401926004216713 #
color-adesk-attrib $-1 -1 $-1 $-1 $7223 256 #
vertex $-1 -1 $-1 $7364 $7510 #
straight-curve $-1 -1 $-1 0.3000000000000013767 3.015982905982905748 0.5 0.6405522522127310436 0.7679145865167543716 0 I I #
color-adesk-attrib $-1 -1 $-1 $-1 $7224 256 #
plane-surface $-1 -1 $-1 0.3000000000000013767 3.015982905982905748 -0.5 0.7679145865167543716 -0.6405522522127310436 0 0.6405522522127310436 0.7679145865167543716 0 forward_v I I I I #
color-adesk-attrib $-1 -1 $-1 $-1 $7236 256 #
straight-curve $-1 -1 $-1 0.3000000000000014322 3.357863247863246414 0.5 0.6405522522127310436 0.7679145865167543716 0 I I #
point $-1 -1 $-1 0.514610749951988744 3.615145498830493409 0.5 #
point $-1 -1 $-1 0.514610749951988744 3.615145498830493409 -0.5 #
color-adesk-attrib $-1 -1 $-1 $-1 $7248 256 #
face $7511 -1 $-1 $7512 $7513 $8 $-1 $7514 forward single #
loop $-1 -1 $-1 $-1 $7515 $7248 #
plane-surface $-1 -1 $-1 0.514610749951988522 1.221983105668101643 -0.5 0.3596423870989281513 0.9330902171825534719 0 -0.9330902171825534719 0.3596423870989281513 0 forward_v I I I I #
coedge $-1 -1 $-1 $7516 $7517 $7518 $7519 forward $7249 $-1 #
coedge $-1 -1 $-1 $7520 $7251 $7521 $7522 reversed $7115 $-1 #
coedge $-1 -1 $-1 $7251 $7520 $7252 $7387 reversed $7115 $-1 #
coedge $-1 -1 $-1 $7254 $7523 $7251 $7385 reversed $102 $-1 #
edge $7524 -1 $-1 $7393 0 $7525 0.2299999999999999822 $7251 $7526 forward @7 unknown #
coedge $-1 -1 $-1 $7253 $7252 $7527 $7528 reversed $6985 $-1 #
edge $7529 -1 $-1 $7393 0 $7530 1 $7383 $7531 forward @7 unknown #
coedge $-1 -1 $-1 $7532 $7533 $7253 $7389 forward $7534 $-1 #
edge $7535 -1 $-1 $7392 -0.25 $7536 0.75 $7388 $7537 forward @7 unknown #
coedge $-1 -1 $-1 $7538 $7254 $7533 $7539 forward $102 $-1 #
color-adesk-attrib $-1 -1 $-1 $-1 $7255 256 #
vertex $-1 -1 $-1 $7539 $7540 #
vertex $-1 -1 $-1 $7385 $7541 #
straight-curve $-1 -1 $-1 0.3000000000000012101 0.2809401709401697644 -0.5 0.6405522522127310436 0.7679145865167543716 0 F 0 F 0.3350401926004216713 #
coedge $-1 -1 $-1 $7542 $7263 $7256 $7396 forward $264 $-1 #
edge $7543 -1 $-1 $7266 0 $7401 0.2299999999999999822 $7256 $7544 forward @7 unknown #
coedge $-1 -1 $-1 $7545 $7257 $7259 $7404 reversed $7399 $-1 #
coedge $-1 -1 $-1 $7257 $7545 $7542 $7546 reversed $7399 $-1 #
loop $-1 -1 $-1 $-1 $7257 $7547 #
color-adesk-attrib $-1 -1 $-1 $-1 $7258 256 #
vertex $-1 -1 $-1 $7546 $7548 #
straight-curve $-1 -1 $-1 0.2999999999999999889 -0.06282051282051061281 -0.25 0 0 -1 I I #
coedge $-1 -1 $-1 $7259 $7538 $7549 $7550 reversed $102 $-1 #
edge $7551 -1 $-1 $7552 0.0609401709401709013 $7261 0.06282051282051170915 $7397 $277 forward @7 unknown #
point $-1 -1 $-1 0.3000000000000011546 -0.06282051282051170915 -0.5 #
coedge $-1 -1 $-1 $7263 $7553 $7268 $7411 forward $264 $-1 #
color-adesk-attrib $-1 -1 $-1 $-1 $7264 256 #
straight-curve $-1 -1 $-1 0.3000000000000011546 -0.402820512820511567 0.5 0.6405522522127310436 0.7679145865167543716 0 I I #
point $-1 -1 $-1 0.514610749951988522 -0.1455382618532645722 0.5 #
coedge $-1 -1 $-1 $7269 $7268 $7554 $7555 forward $7270 $-1 #
edge $7556 -1 $-1 $7557 -0.4047008547008559276 $7272 -0.402820512820511567 $7268 $352 forward @7 unknown #
face $7558 -1 $-1 $7547 $7270 $8 $-1 $354 reversed single #
point $-1 -1 $-1 0.3000000000000011546 -0.402820512820511567 0.5 #
coedge $-1 -1 $-1 $7554 $7559 $7274 $7415 forward $7560 $-1 #
edge $7561 -1 $-1 $7427 0 $7417 0.2299999999999999822 $7414 $7562 forward @7 unknown #
color-adesk-attrib $-1 -1 $-1 $-1 $7275 256 #
vertex $-1 -1 $-1 $7415 $7563 #
coedge $-1 -1 $-1 $7553 $7278 $7564 $7565 forward $264 $-1 #
coedge $-1 -1 $-1 $7285 $7564 $7281 $7420 reversed $7425 $-1 #
edge $7566 -1 $-1 $7288 -0.25 $7422 0.75 $7281 $7567 forward @7 unknown #
color-adesk-attrib $-1 -1 $-1 $-1 $7282 256 #
vertex $-1 -1 $-1 $7565 $7568 #
color-adesk-attrib $-1 -1 $-1 $-1 $7283 256 #
coedge $-1 -1 $-1 $7564 $7285 $7559 $7569 forward $7425 $-1 #
loop $-1 -1 $-1 $-1 $7285 $7570 #
color-adesk-attrib $-1 -1 $-1 $-1 $7286 256 #
vertex $-1 -1 $-1 $7415 $7571 #
straight-curve $-1 -1 $-1 0.3000000000000011546 -0.7447008547008557855 -0.5 0.6405522522127310436 0.7679145865167543716 0 F 0 F 0.3350401926004216713 #
point $-1 -1 $-1 0.3000000000000011546 -0.7447008547008557855 -0.5 #
coedge $-1 -1 $-1 $7295 $7290 $7289 $7431 reversed $7296 $-1 #
edge $7572 -1 $-1 $7437 0 $7293 0.2299999999999999822 $7430 $7573 forward @7 unknown #
color-adesk-attrib $-1 -1 $-1 $-1 $7291 256 #
straight-curve $-1 -1 $-1 0.2999999999999999889 -1.088461538461536371 -0.25 0 0 -1 I I #
point $-1 -1 $-1 0.3000000000000010991 -1.088461538461537259 0.5 #
face $7574 -1 $-1 $7042 $7296 $8 $-1 $7575 forward single #
color-adesk-attrib $-1 -1 $-1 $-1 $7301 256 #
vertex $-1 -1 $-1 $7305 $7576 #
straight-curve $-1 -1 $-1 0.3000000000000010991 -1.428461538461537117 0.5 0.6405522522127310436 0.7679145865167543716 0 I I #
color-adesk-attrib $-1 -1 $-1 $-1 $7305 256 #
straight-curve $-1 -1 $-1 0.514610749951988411 -1.171179287494290122 -0.5 0 0 1 I I #
color-adesk-attrib $-1 -1 $-1 $-1 $7306 256 #
plane-surface $-1 -1 $-1 0.3000000000000010991 -1.428461538461537117 -0.5 0.7679145865167543716 -0.6405522522127310436 0 0.6405522522127310436 0.7679145865167543716 0 forward_v I I I I #
color-adesk-attrib $-1 -1 $-1 $-1 $7314 256 #
face $7577 -1 $-1 $7578 $7579 $8 $-1 $7580 forward single #
loop $-1 -1 $-1 $-1 $7581 $7314 #
plane-surface $-1 -1 $-1 0.3000000000000013212 1.990341880341880199 -0.5 0.7679145865167543716 -0.6405522522127310436 0 0.6405522522127310436 0.7679145865167543716 0 forward_v I I I I #
coedge $-1 -1 $-1 $7499 $7317 $7498 $7582 forward $7181 $-1 #
coedge $-1 -1 $-1 $7317 $7499 $7463 $7583 reversed $7181 $-1 #
edge $7584 -1 $-1 $7585 0 $7505 0.3350401926004216713 $7317 $7586 forward @7 unknown #
color-adesk-attrib $-1 -1 $-1 $-1 $7318 256 #
straight-curve $-1 -1 $-1 0.514610749951988744 3.615145498830493409 -0.5 0 0 1 I I #
color-adesk-attrib $-1 -1 $-1 $-1 $7319 256 #
straight-curve $-1 -1 $-1 0.2999999999999998224 3.357863247863244638 -0.25 0 0 1 I I #
point $-1 -1 $-1 0.3000000000000014322 3.357863247863246414 -0.5 #
color-adesk-attrib $-1 -1 $-1 $-1 $7324 256 #
face $7587 -1 $-1 $7588 $7589 $8 $-1 $354 reversed single #
loop $-1 -1 $-1 $-1 $7590 $7324 #
coedge $-1 -1 $-1 $7591 $7592 $7593 $7594 forward $7325 $-1 #
coedge $-1 -1 $-1 $7595 $7326 $7596 $7597 reversed $7193 $-1 #
coedge $-1 -1 $-1 $7326 $7595 $7598 $7599 reversed $7193 $-1 #
coedge $-1 -1 $-1 $7600 $7601 $7326 $7462 reversed $7513 $-1 #
edge $7602 -1 $-1 $7603 -0.25 $7604 0.75 $7326 $7605 forward @7 unknown #
coedge $-1 -1 $-1 $7328 $7327 $7448 $7583 forward $7061 $-1 #
coedge $-1 -1 $-1 $7606 $7361 $7327 $7465 forward $102 $-1 #
edge $7607 -1 $-1 $7585 -2.674102564102565083 $7473 -2.672222222222220722 $7327 $277 forward @7 unknown #
coedge $-1 -1 $-1 $7358 $7608 $7328 $7467 forward $264 $-1 #
edge $7609 -1 $-1 $7472 2.672222222222220722 $7610 2.674102564102565083 $7328 $352 forward @7 unknown #
coedge $-1 -1 $-1 $7611 $7329 $7608 $7612 reversed $7470 $-1 #
coedge $-1 -1 $-1 $7329 $7611 $7606 $7613 forward $7470 $-1 #
loop $-1 -1 $-1 $-1 $7469 $7614 #
color-adesk-attrib $-1 -1 $-1 $-1 $7330 256 #
vertex $-1 -1 $-1 $7467 $7615 #
vertex $-1 -1 $-1 $7613 $7616 #
straight-curve $-1 -1 $-1 0.2999999999999999334 2.672222222222222054 -0.25 0 0 -1 I I #
coedge $-1 -1 $-1 $7617 $7618 $7331 $7476 reversed $7579 $-1 #
edge $7619 -1 $-1 $7480 -0.75 $7484 0.25 $7331 $7620 forward @7 unknown #
coedge $-1 -1 $-1 $7608 $7332 $7337 $7487 forward $264 $-1 #
coedge $-1 -1 $-1 $7332 $7621 $7617 $7622 forward $264 $-1 #
color-adesk-attrib $-1 -1 $-1 $-1 $7333 256 #
vertex $-1 -1 $-1 $7333 $7623 #
coedge $-1 -1 $-1 $7624 $7334 $7618 $7625 reversed $102 $-1 #
coedge $-1 -1 $-1 $7334 $7606 $7336 $7486 reversed $102 $-1 #
color-adesk-attrib $-1 -1 $-1 $-1 $7335 256 #
vertex $-1 -1 $-1 $7625 $7626 #
coedge $-1 -1 $-1 $7337 $7336 $7611 $7627 forward $7338 $-1 #
edge $7628 -1 $-1 $7340 0 $7629 0.3350401926004216713 $7336 $7630 forward @7 unknown #
edge $7631 -1 $-1 $7341 0 $7632 0.3350401926004216713 $7337 $7633 forward @7 unknown #
face $7634 -1 $-1 $7614 $7338 $8 $-1 $7635 forward single #
point $-1 -1 $-1 0.3000000000000013767 2.332222222222220864 -0.5 #
point $-1 -1 $-1 0.3000000000000013767 2.332222222222220864 0.5 #
point $-1 -1 $-1 0.3000000000000014322 3.357863247863246414 0.5 #
color-adesk-attrib $-1 -1 $-1 $-1 $7349 256 #
straight-curve $-1 -1 $-1 0.514610749951988744 3.273265156950152743 0.5 -0.9330902171825534719 0.3596423870989281513 0 I I #
color-adesk-attrib $-1 -1 $-1 $-1 $7350 256 #
straight-curve $-1 -1 $-1 0.514610749951988744 3.273265156950152743 -0.5 -0.9330902171825534719 0.3596423870989281513 0 F 0 F 0.2299999999999999822 #
color-adesk-attrib $-1 -1 $-1 $-1 $7351 256 #
plane-surface $-1 -1 $-1 0.514610749951988744 3.273265156950152743 -0.5 0.3596423870989281513 0.9330902171825534719 0 -0.9330902171825534719 0.3596423870989281513 0 forward_v I I I I #
coedge $-1 -1 $-1 $7355 $7354 $7447 $7582 reversed $7315 $-1 #
coedge $-1 -1 $-1 $7448 $7447 $7358 $7500 reversed $7181 $-1 #
edge $7636 -1 $-1 $7610 0 $7502 0.3350401926004216713 $7499 $7637 forward @7 unknown #
color-adesk-attrib $-1 -1 $-1 $-1 $7359 256 #
vertex $-1 -1 $-1 $7582 $7638 #
straight-curve $-1 -1 $-1 0.514610749951988633 2.931384815069812078 0.5 -0.9330902171825534719 0.3596423870989281513 0 I I #
color-adesk-attrib $-1 -1 $-1 $-1 $7362 256 #
vertex $-1 -1 $-1 $7362 $7639 #
straight-curve $-1 -1 $-1 0.514610749951988633 2.931384815069812078 -0.5 -0.9330902171825534719 0.3596423870989281513 0 F 0 F 0.2299999999999999822 #
color-adesk-attrib $-1 -1 $-1 $-1 $7364 256 #
straight-curve $-1 -1 $-1 0.514610749951988744 3.273265156950152743 -0.5 0 0 1 I I #
point $-1 -1 $-1 0.514610749951988744 3.273265156950152743 -0.5 #
point $-1 -1 $-1 0.514610749951988744 3.273265156950152743 0.5 #
color-adesk-attrib $-1 -1 $-1 $-1 $7378 256 #
face $7640 -1 $-1 $7488 $7641 $8 $-1 $7642 forward single #
loop $-1 -1 $-1 $-1 $7600 $7378 #
plane-surface $-1 -1 $-1 0.3000000000000013212 1.648461538461539533 -0.5 0.7679145865167543716 -0.6405522522127310436 0 0.6405522522127310436 0.7679145865167543716 0 forward_v I I I I #
coedge $-1 -1 $-1 $7643 $7644 $7645 $7646 forward $7379 $-1 #
coedge $-1 -1 $-1 $7647 $7381 $7644 $7648 forward $7249 $-1 #
coedge $-1 -1 $-1 $7381 $7647 $7590 $7649 reversed $7249 $-1 #
coedge $-1 -1 $-1 $7650 $7645 $7381 $7519 reversed $102 $-1 #
edge $7651 -1 $-1 $7652 0 $7653 0.3350401926004216713 $7381 $7654 forward @7 unknown #
coedge $-1 -1 $-1 $7383 $7382 $7655 $7656 reversed $7115 $-1 #
coedge $-1 -1 $-1 $7657 $7658 $7382 $7522 forward $7659 $-1 #
edge $7660 -1 $-1 $7661 -0.75 $7525 0.25 $7521 $7662 forward @7 unknown #
coedge $-1 -1 $-1 $7384 $7663 $7657 $7664 forward $102 $-1 #
color-adesk-attrib $-1 -1 $-1 $-1 $7385 256 #
vertex $-1 -1 $-1 $7385 $7665 #
straight-curve $-1 -1 $-1 0.514610749951988522 0.5382224219074167593 -0.5 -0.9330902171825534719 0.3596423870989281513 0 F 0 F 0.2299999999999999822 #
coedge $-1 -1 $-1 $7655 $7666 $7386 $7528 forward $264 $-1 #
edge $7667 -1 $-1 $7536 0 $7530 0.3350401926004216713 $7386 $7668 forward @7 unknown #
color-adesk-attrib $-1 -1 $-1 $-1 $7387 256 #
vertex $-1 -1 $-1 $7387 $7669 #
straight-curve $-1 -1 $-1 0.514610749951988522 0.5382224219074167593 -0.5 0 0 1 I I #
coedge $-1 -1 $-1 $7670 $7388 $7666 $7671 reversed $7534 $-1 #
coedge $-1 -1 $-1 $7388 $7670 $7390 $7539 reversed $7534 $-1 #
loop $-1 -1 $-1 $-1 $7388 $7588 #
color-adesk-attrib $-1 -1 $-1 $-1 $7389 256 #
vertex $-1 -1 $-1 $7528 $7672 #
straight-curve $-1 -1 $-1 0.2999999999999999889 0.2809401709401682656 -0.25 0 0 1 I I #
coedge $-1 -1 $-1 $7403 $7390 $7673 $7674 reversed $102 $-1 #
edge $7675 -1 $-1 $7392 -0.2809401709401697644 $7676 -0.2790598290598289566 $7533 $277 forward @7 unknown #
point $-1 -1 $-1 0.3000000000000012101 0.2809401709401697644 -0.5 #
point $-1 -1 $-1 0.514610749951988522 0.5382224219074167593 -0.5 #
coedge $-1 -1 $-1 $7677 $7395 $7398 $7546 forward $264 $-1 #
color-adesk-attrib $-1 -1 $-1 $-1 $7396 256 #
straight-curve $-1 -1 $-1 0.514610749951988522 -0.1455382618532645722 0.5 -0.9330902171825534719 0.3596423870989281513 0 I I #
coedge $-1 -1 $-1 $7398 $7397 $7678 $7679 forward $7399 $-1 #
edge $7680 -1 $-1 $7401 -0.06282051282051170915 $7681 -0.0609401709401709013 $7398 $352 forward @7 unknown #
face $7682 -1 $-1 $7148 $7399 $8 $-1 $354 reversed single #
point $-1 -1 $-1 0.3000000000000011546 -0.06282051282051170915 0.5 #
coedge $-1 -1 $-1 $7683 $7678 $7403 $7550 forward $7684 $-1 #
edge $7685 -1 $-1 $7552 0 $7686 0.3350401926004216713 $7549 $7687 forward @7 unknown #
color-adesk-attrib $-1 -1 $-1 $-1 $7404 256 #
vertex $-1 -1 $-1 $7404 $7688 #
coedge $-1 -1 $-1 $7406 $7418 $7689 $7690 forward $264 $-1 #
coedge $-1 -1 $-1 $7689 $7414 $7410 $7555 reversed $7560 $-1 #
edge $7691 -1 $-1 $7557 -0.75 $7417 0.25 $7410 $7692 forward @7 unknown #
color-adesk-attrib $-1 -1 $-1 $-1 $7411 256 #
vertex $-1 -1 $-1 $7411 $7693 #
color-adesk-attrib $-1 -1 $-1 $-1 $7412 256 #
coedge $-1 -1 $-1 $7414 $7689 $7424 $7569 reversed $7560 $-1 #
loop $-1 -1 $-1 $-1 $7414 $7694 #
color-adesk-attrib $-1 -1 $-1 $-1 $7415 256 #
straight-curve $-1 -1 $-1 0.514610749951988411 -0.4874186037336087907 -0.5 -0.9330902171825534719 0.3596423870989281513 0 F 0 F 0.2299999999999999822 #
point $-1 -1 $-1 0.3000000000000011546 -0.4047008547008559276 -0.5 #
coedge $-1 -1 $-1 $7419 $7424 $7418 $7565 reversed $7425 $-1 #
edge $7695 -1 $-1 $7422 0 $7696 0.3350401926004216713 $7564 $7697 forward @7 unknown #
color-adesk-attrib $-1 -1 $-1 $-1 $7420 256 #
straight-curve $-1 -1 $-1 0.2999999999999999889 -0.7447008547008571178 -0.25 0 0 1 I I #
point $-1 -1 $-1 0.3000000000000011546 -0.7447008547008557855 0.5 #
edge $7698 -1 $-1 $7427 0 $7696 1 $7559 $7699 forward @7 unknown #
face $7700 -1 $-1 $7694 $7425 $8 $-1 $7701 forward single #
point $-1 -1 $-1 0.514610749951988411 -0.4874186037336087907 -0.5 #
color-adesk-attrib $-1 -1 $-1 $-1 $7431 256 #
straight-curve $-1 -1 $-1 0.514610749951988411 -1.171179287494290122 0.5 -0.9330902171825534719 0.3596423870989281513 0 I I #
color-adesk-attrib $-1 -1 $-1 $-1 $7435 256 #
plane-surface $-1 -1 $-1 0.514610749951988411 -1.171179287494290122 -0.5 0.3596423870989281513 0.9330902171825534719 0 -0.9330902171825534719 0.3596423870989281513 0 forward_v I I I I #
point $-1 -1 $-1 0.514610749951988411 -1.171179287494290122 0.5 #
color-adesk-attrib $-1 -1 $-1 $-1 $7444 256 #
face $7702 -1 $-1 $7703 $7704 $8 $-1 $7705 forward single #
loop $-1 -1 $-1 $-1 $7618 $7444 #
plane-surface $-1 -1 $-1 0.514610749951988633 2.247624131309127193 -0.5 0.3596423870989281513 0.9330902171825534719 0 -0.9330902171825534719 0.3596423870989281513 0 forward_v I I I I #
coedge $-1 -1 $-1 $7706 $7707 $7624 $7708 forward $7445 $-1 #
edge $7709 -1 $-1 $7505 0 $7502 1 $7498 $7710 forward @7 unknown #
edge $7711 -1 $-1 $7585 -0.25 $7610 0.75 $7463 $7712 forward @7 unknown #
color-adesk-attrib $-1 -1 $-1 $-1 $7449 256 #
vertex $-1 -1 $-1 $7465 $7713 #
straight-curve $-1 -1 $-1 0.3000000000000013767 2.674102564102565083 -0.5 0.6405522522127310436 0.7679145865167543716 0 F 0 F 0.3350401926004216713 #
color-adesk-attrib $-1 -1 $-1 $-1 $7456 256 #
face $7714 -1 $-1 $7715 $7534 $8 $-1 $354 reversed single #
loop $-1 -1 $-1 $-1 $7716 $7456 #
coedge $-1 -1 $-1 $7717 $7718 $7517 $7649 forward $7457 $-1 #
coedge $-1 -1 $-1 $7719 $7458 $7720 $7721 reversed $7325 $-1 #
coedge $-1 -1 $-1 $7458 $7719 $7722 $7723 reversed $7325 $-1 #
coedge $-1 -1 $-1 $7724 $7725 $7458 $7594 reversed $7641 $-1 #
edge $7726 -1 $-1 $7727 -0.75 $7728 0.25 $7458 $7729 forward @7 unknown #
coedge $-1 -1 $-1 $7460 $7459 $7730 $7731 forward $7193 $-1 #
coedge $-1 -1 $-1 $7732 $7733 $7459 $7597 forward $264 $-1 #
edge $7734 -1 $-1 $7735 1.646581196581195172 $7604 1.648461538461539533 $7459 $352 forward @7 unknown #
coedge $-1 -1 $-1 $7736 $7737 $7460 $7599 forward $102 $-1 #
edge $7738 -1 $-1 $7603 -1.648461538461539533 $7739 -1.646581196581195172 $7460 $277 forward @7 unknown #
coedge $-1 -1 $-1 $7740 $7461 $7737 $7741 forward $7513 $-1 #
coedge $-1 -1 $-1 $7461 $7740 $7732 $7742 reversed $7513 $-1 #
color-adesk-attrib $-1 -1 $-1 $-1 $7462 256 #
vertex $-1 -1 $-1 $7599 $7743 #
vertex $-1 -1 $-1 $7742 $7744 #
straight-curve $-1 -1 $-1 0.2999999999999999334 1.648461538461537756 -0.25 0 0 1 I I #
coedge $-1 -1 $-1 $7482 $7464 $7469 $7613 reversed $102 $-1 #
color-adesk-attrib $-1 -1 $-1 $-1 $7465 256 #
coedge $-1 -1 $-1 $7466 $7477 $7468 $7612 forward $264 $-1 #
color-adesk-attrib $-1 -1 $-1 $-1 $7467 256 #
vertex $-1 -1 $-1 $7500 $7745 #
coedge $-1 -1 $-1 $7469 $7468 $7485 $7627 reversed $7470 $-1 #
edge $7746 -1 $-1 $7632 0 $7472 0.2299999999999999822 $7468 $7747 forward @7 unknown #
edge $7748 -1 $-1 $7629 0 $7473 0.2299999999999999822 $7469 $7749 forward @7 unknown #
face $7750 -1 $-1 $7224 $7470 $8 $-1 $7751 forward single #
point $-1 -1 $-1 0.3000000000000013767 2.672222222222220722 0.5 #
point $-1 -1 $-1 0.3000000000000013767 2.672222222222220722 -0.5 #
coedge $-1 -1 $-1 $7752 $7475 $7478 $7622 reversed $7579 $-1 #
coedge $-1 -1 $-1 $7475 $7752 $7481 $7625 forward $7579 $-1 #
color-adesk-attrib $-1 -1 $-1 $-1 $7476 256 #
straight-curve $-1 -1 $-1 0.3000000000000000444 2.330341880341880945 -0.25 0 0 -1 I I #
coedge $-1 -1 $-1 $7478 $7722 $7753 $7754 forward $264 $-1 #
edge $7755 -1 $-1 $7756 0 $7480 0.2299999999999999822 $7617 $7757 forward @7 unknown #
point $-1 -1 $-1 0.3000000000000013212 2.330341880341880056 0.5 #
coedge $-1 -1 $-1 $7720 $7481 $7581 $7708 reversed $102 $-1 #
edge $7758 -1 $-1 $7759 0 $7484 0.2299999999999999822 $7618 $7760 forward @7 unknown #
point $-1 -1 $-1 0.3000000000000013212 2.330341880341880056 -0.5 #
edge $7761 -1 $-1 $7629 0 $7632 1 $7611 $7762 forward @7 unknown #
color-adesk-attrib $-1 -1 $-1 $-1 $7486 256 #
vertex $-1 -1 $-1 $7613 $7763 #
straight-curve $-1 -1 $-1 0.3000000000000013767 2.332222222222220864 -0.5 0.6405522522127310436 0.7679145865167543716 0 F 0 F 0.3350401926004216713 #
color-adesk-attrib $-1 -1 $-1 $-1 $7487 256 #
vertex $-1 -1 $-1 $7627 $7764 #
straight-curve $-1 -1 $-1 0.3000000000000013767 2.332222222222220864 0.5 0.6405522522127310436 0.7679145865167543716 0 I I #
color-adesk-attrib $-1 -1 $-1 $-1 $7488 256 #
plane-surface $-1 -1 $-1 0.3000000000000013767 2.332222222222220864 -0.5 0.7679145865167543716 -0.6405522522127310436 0 0.6405522522127310436 0.7679145865167543716 0 forward_v I I I I #
color-adesk-attrib $-1 -1 $-1 $-1 $7500 256 #
straight-curve $-1 -1 $-1 0.3000000000000013767 2.674102564102565083 0.5 0.6405522522127310436 0.7679145865167543716 0 I I #
point $-1 -1 $-1 0.514610749951988633 2.931384815069812078 0.5 #
point $-1 -1 $-1 0.514610749951988633 2.931384815069812078 -0.5 #
color-adesk-attrib $-1 -1 $-1 $-1 $7512 256 #
loop $-1 -1 $-1 $-1 $7725 $7512 #
plane-surface $-1 -1 $-1 0.514610749951988522 1.905743789428786528 -0.5 0.3596423870989281513 0.9330902171825534719 0 -0.9330902171825534719 0.3596423870989281513 0 forward_v I I I I #
coedge $-1 -1 $-1 $7765 $7515 $7716 $7766 reversed $7379 $-1 #
coedge $-1 -1 $-1 $7515 $7765 $7516 $7648 reversed $7379 $-1 #
coedge $-1 -1 $-1 $7518 $7767 $7515 $7646 reversed $102 $-1 #
edge $7768 -1 $-1 $7653 0 $7769 0.2299999999999999822 $7515 $7770 forward @7 unknown #
coedge $-1 -1 $-1 $7517 $7516 $7771 $7772 reversed $7249 $-1 #
edge $7773 -1 $-1 $7653 0 $7774 1 $7644 $7775 forward @7 unknown #
edge $7776 -1 $-1 $7652 -0.25 $7777 0.75 $7590 $7778 forward @7 unknown #
coedge $-1 -1 $-1 $7779 $7518 $7718 $7780 forward $102 $-1 #
color-adesk-attrib $-1 -1 $-1 $-1 $7519 256 #
vertex $-1 -1 $-1 $7780 $7781 #
vertex $-1 -1 $-1 $7646 $7782 #
straight-curve $-1 -1 $-1 0.3000000000000012657 0.9647008547008546486 -0.5 0.6405522522127310436 0.7679145865167543716 0 F 0 F 0.3350401926004216713 #
coedge $-1 -1 $-1 $7783 $7527 $7520 $7656 forward $264 $-1 #
edge $7784 -1 $-1 $7530 0 $7661 0.2299999999999999822 $7520 $7785 forward @7 unknown #
coedge $-1 -1 $-1 $7786 $7521 $7523 $7664 reversed $7659 $-1 #
coedge $-1 -1 $-1 $7521 $7786 $7783 $7787 reversed $7659 $-1 #
loop $-1 -1 $-1 $-1 $7521 $7715 #
color-adesk-attrib $-1 -1 $-1 $-1 $7522 256 #
vertex $-1 -1 $-1 $7787 $7788 #
straight-curve $-1 -1 $-1 0.2999999999999999889 0.6209401709401707325 -0.25 0 0 -1 I I #
coedge $-1 -1 $-1 $7523 $7779 $7789 $7790 reversed $102 $-1 #
edge $7791 -1 $-1 $7792 -0.6228205128205139829 $7525 -0.6209401709401696223 $7657 $277 forward @7 unknown #
point $-1 -1 $-1 0.3000000000000012101 0.6209401709401696223 -0.5 #
coedge $-1 -1 $-1 $7527 $7793 $7532 $7671 forward $264 $-1 #
color-adesk-attrib $-1 -1 $-1 $-1 $7528 256 #
straight-curve $-1 -1 $-1 0.3000000000000012101 0.2809401709401697644 0.5 0.6405522522127310436 0.7679145865167543716 0 I I #
point $-1 -1 $-1 0.514610749951988522 0.5382224219074167593 0.5 #
coedge $-1 -1 $-1 $7533 $7532 $7794 $7795 forward $7534 $-1 #
edge $7796 -1 $-1 $7797 0.2790598290598289566 $7536 0.2809401709401697644 $7532 $352 forward @7 unknown #
point $-1 -1 $-1 0.3000000000000012101 0.2809401709401697644 0.5 #
coedge $-1 -1 $-1 $7794 $7798 $7538 $7674 forward $7799 $-1 #
edge $7800 -1 $-1 $7686 0 $7676 0.2299999999999999822 $7673 $7801 forward @7 unknown #
color-adesk-attrib $-1 -1 $-1 $-1 $7539 256 #
vertex $-1 -1 $-1 $7674 $7802 #
coedge $-1 -1 $-1 $7793 $7542 $7803 $7804 forward $264 $-1 #
coedge $-1 -1 $-1 $7549 $7803 $7545 $7679 reversed $7684 $-1 #
edge $7805 -1 $-1 $7552 -0.25 $7681 0.75 $7545 $7806 forward @7 unknown #
color-adesk-attrib $-1 -1 $-1 $-1 $7546 256 #
vertex $-1 -1 $-1 $7804 $7807 #
color-adesk-attrib $-1 -1 $-1 $-1 $7547 256 #
coedge $-1 -1 $-1 $7803 $7549 $7798 $7808 forward $7684 $-1 #
loop $-1 -1 $-1 $-1 $7549 $7809 #
color-adesk-attrib $-1 -1 $-1 $-1 $7550 256 #
vertex $-1 -1 $-1 $7674 $7810 #
straight-curve $-1 -1 $-1 0.3000000000000012101 -0.0609401709401709013 -0.5 0.6405522522127310436 0.7679145865167543716 0 F 0 F 0.3350401926004216713 #
point $-1 -1 $-1 0.3000000000000012101 -0.0609401709401709013 -0.5 #
coedge $-1 -1 $-1 $7559 $7554 $7553 $7690 reversed $7560 $-1 #
edge $7811 -1 $-1 $7696 0 $7557 0.2299999999999999822 $7689 $7812 forward @7 unknown #
color-adesk-attrib $-1 -1 $-1 $-1 $7555 256 #
straight-curve $-1 -1 $-1 0.2999999999999999889 -0.4047008547008549284 -0.25 0 0 -1 I I #
point $-1 -1 $-1 0.3000000000000011546 -0.4047008547008559276 0.5 #
face $7813 -1 $-1 $7306 $7560 $8 $-1 $7814 forward single #
color-adesk-attrib $-1 -1 $-1 $-1 $7565 256 #
vertex $-1 -1 $-1 $7569 $7815 #
straight-curve $-1 -1 $-1 0.3000000000000011546 -0.7447008547008557855 0.5 0.6405522522127310436 0.7679145865167543716 0 I I #
color-adesk-attrib $-1 -1 $-1 $-1 $7569 256 #
straight-curve $-1 -1 $-1 0.514610749951988411 -0.4874186037336087907 -0.5 0 0 1 I I #
color-adesk-attrib $-1 -1 $-1 $-1 $7570 256 #
plane-surface $-1 -1 $-1 0.3000000000000011546 -0.7447008547008557855 -0.5 0.7679145865167543716 -0.6405522522127310436 0 0.6405522522127310436 0.7679145865167543716 0 forward_v I I I I #
color-adesk-attrib $-1 -1 $-1 $-1 $7578 256 #
face $7816 -1 $-1 $7817 $7818 $8 $-1 $7819 forward single #
loop $-1 -1 $-1 $-1 $7820 $7578 #
plane-surface $-1 -1 $-1 0.3000000000000012657 1.306581196581195314 -0.5 0.7679145865167543716 -0.6405522522127310436 0 0.6405522522127310436 0.7679145865167543716 0 forward_v I I I I #
coedge $-1 -1 $-1 $7753 $7581 $7752 $7821 forward $7445 $-1 #
coedge $-1 -1 $-1 $7581 $7753 $7719 $7822 reversed $7445 $-1 #
edge $7823 -1 $-1 $7824 0 $7759 0.3350401926004216713 $7581 $7825 forward @7 unknown #
color-adesk-attrib $-1 -1 $-1 $-1 $7582 256 #
straight-curve $-1 -1 $-1 0.514610749951988633 2.931384815069812078 -0.5 0 0 1 I I #
color-adesk-attrib $-1 -1 $-1 $-1 $7583 256 #
straight-curve $-1 -1 $-1 0.2999999999999999334 2.674102564102563306 -0.25 0 0 1 I I #
point $-1 -1 $-1 0.3000000000000013767 2.674102564102565083 -0.5 #
color-adesk-attrib $-1 -1 $-1 $-1 $7588 256 #
face $7826 -1 $-1 $7412 $7659 $8 $-1 $354 reversed single #
coedge $-1 -1 $-1 $7827 $7828 $7643 $7766 forward $7589 $-1 #
coedge $-1 -1 $-1 $7829 $7590 $7830 $7831 reversed $7457 $-1 #
coedge $-1 -1 $-1 $7590 $7829 $7650 $7780 reversed $7457 $-1 #
coedge $-1 -1 $-1 $7592 $7591 $7707 $7822 forward $7325 $-1 #
coedge $-1 -1 $-1 $7832 $7624 $7591 $7721 forward $102 $-1 #
edge $7833 -1 $-1 $7824 -1.990341880341880199 $7728 -1.988461538461539391 $7591 $277 forward @7 unknown #
coedge $-1 -1 $-1 $7621 $7834 $7592 $7723 forward $264 $-1 #
edge $7835 -1 $-1 $7727 1.988461538461539391 $7836 1.990341880341880199 $7592 $352 forward @7 unknown #
coedge $-1 -1 $-1 $7837 $7593 $7834 $7838 reversed $7641 $-1 #
coedge $-1 -1 $-1 $7593 $7837 $7832 $7839 forward $7641 $-1 #
color-adesk-attrib $-1 -1 $-1 $-1 $7594 256 #
vertex $-1 -1 $-1 $7723 $7840 #
vertex $-1 -1 $-1 $7839 $7841 #
straight-curve $-1 -1 $-1 0.3000000000000000444 1.988461538461540501 -0.25 0 0 -1 I I #
coedge $-1 -1 $-1 $7842 $7843 $7595 $7731 reversed $7818 $-1 #
edge $7844 -1 $-1 $7735 -0.75 $7739 0.25 $7595 $7845 forward @7 unknown #
coedge $-1 -1 $-1 $7834 $7596 $7601 $7742 forward $264 $-1 #
coedge $-1 -1 $-1 $7596 $7846 $7842 $7847 forward $264 $-1 #
color-adesk-attrib $-1 -1 $-1 $-1 $7597 256 #
vertex $-1 -1 $-1 $7597 $7848 #
coedge $-1 -1 $-1 $7849 $7598 $7843 $7850 reversed $102 $-1 #
coedge $-1 -1 $-1 $7598 $7832 $7600 $7741 reversed $102 $-1 #
color-adesk-attrib $-1 -1 $-1 $-1 $7599 256 #
vertex $-1 -1 $-1 $7850 $7851 #
coedge $-1 -1 $-1 $7601 $7600 $7837 $7852 forward $7513 $-1 #
edge $7853 -1 $-1 $7603 0 $7854 0.3350401926004216713 $7600 $7855 forward @7 unknown #
edge $7856 -1 $-1 $7604 0 $7857 0.3350401926004216713 $7601 $7858 forward @7 unknown #
point $-1 -1 $-1 0.3000000000000013212 1.648461538461539533 -0.5 #
point $-1 -1 $-1 0.3000000000000013212 1.648461538461539533 0.5 #
point $-1 -1 $-1 0.3000000000000013767 2.674102564102565083 0.5 #
color-adesk-attrib $-1 -1 $-1 $-1 $7612 256 #
straight-curve $-1 -1 $-1 0.514610749951988633 2.589504473189467859 0.5 -0.9330902171825534719 0.3596423870989281513 0 I I #
color-adesk-attrib $-1 -1 $-1 $-1 $7613 256 #
straight-curve $-1 -1 $-1 0.514610749951988633 2.589504473189467859 -0.5 -0.9330902171825534719 0.3596423870989281513 0 F 0 F 0.2299999999999999822 #
color-adesk-attrib $-1 -1 $-1 $-1 $7614 256 #
plane-surface $-1 -1 $-1 0.514610749951988633 2.589504473189467859 -0.5 0.3596423870989281513 0.9330902171825534719 0 -0.9330902171825534719 0.3596423870989281513 0 forward_v I I I I #
coedge $-1 -1 $-1 $7618 $7617 $7706 $7821 reversed $7579 $-1 #
coedge $-1 -1 $-1 $7707 $7706 $7621 $7754 reversed $7445 $-1 #
edge $7859 -1 $-1 $7836 0 $7756 0.3350401926004216713 $7753 $7860 forward @7 unknown #
color-adesk-attrib $-1 -1 $-1 $-1 $7622 256 #
vertex $-1 -1 $-1 $7821 $7861 #
straight-curve $-1 -1 $-1 0.514610749951988633 2.247624131309127193 0.5 -0.9330902171825534719 0.3596423870989281513 0 I I #
color-adesk-attrib $-1 -1 $-1 $-1 $7625 256 #
vertex $-1 -1 $-1 $7625 $7862 #
straight-curve $-1 -1 $-1 0.514610749951988633 2.247624131309127193 -0.5 -0.9330902171825534719 0.3596423870989281513 0 F 0 F 0.2299999999999999822 #
color-adesk-attrib $-1 -1 $-1 $-1 $7627 256 #
straight-curve $-1 -1 $-1 0.514610749951988633 2.589504473189467859 -0.5 0 0 1 I I #
point $-1 -1 $-1 0.514610749951988633 2.589504473189467859 -0.5 #
point $-1 -1 $-1 0.514610749951988633 2.589504473189467859 0.5 #
coedge $-1 -1 $-1 $7644 $7643 $7863 $7864 reversed $7379 $-1 #
edge $7865 -1 $-1 $7866 -0.75 $7769 0.25 $7716 $7867 forward @7 unknown #
coedge $-1 -1 $-1 $7645 $7849 $7827 $7868 forward $102 $-1 #
color-adesk-attrib $-1 -1 $-1 $-1 $7646 256 #
vertex $-1 -1 $-1 $7646 $7869 #
straight-curve $-1 -1 $-1 0.514610749951988522 1.221983105668101643 -0.5 -0.9330902171825534719 0.3596423870989281513 0 F 0 F 0.2299999999999999822 #
coedge $-1 -1 $-1 $7863 $7830 $7647 $7772 forward $264 $-1 #
edge $7870 -1 $-1 $7777 0 $7774 0.3350401926004216713 $7647 $7871 forward @7 unknown #
color-adesk-attrib $-1 -1 $-1 $-1 $7648 256 #
vertex $-1 -1 $-1 $7648 $7872 #
straight-curve $-1 -1 $-1 0.514610749951988522 1.221983105668101643 -0.5 0 0 1 I I #
color-adesk-attrib $-1 -1 $-1 $-1 $7649 256 #
vertex $-1 -1 $-1 $7772 $7873 #
straight-curve $-1 -1 $-1 0.2999999999999999889 0.9647008547008530943 -0.25 0 0 1 I I #
coedge $-1 -1 $-1 $7663 $7650 $7874 $7875 reversed $102 $-1 #
edge $7876 -1 $-1 $7652 -0.9647008547008546486 $7877 -0.9628205128205138408 $7718 $277 forward @7 unknown #
point $-1 -1 $-1 0.3000000000000012657 0.9647008547008546486 -0.5 #
point $-1 -1 $-1 0.514610749951988522 1.221983105668101643 -0.5 #
coedge $-1 -1 $-1 $7878 $7655 $7658 $7787 forward $264 $-1 #
color-adesk-attrib $-1 -1 $-1 $-1 $7656 256 #
straight-curve $-1 -1 $-1 0.514610749951988522 0.5382224219074167593 0.5 -0.9330902171825534719 0.3596423870989281513 0 I I #
coedge $-1 -1 $-1 $7658 $7657 $7879 $7880 forward $7659 $-1 #
edge $7881 -1 $-1 $7661 0.6209401709401696223 $7882 0.6228205128205139829 $7658 $352 forward @7 unknown #
point $-1 -1 $-1 0.3000000000000012101 0.6209401709401696223 0.5 #
coedge $-1 -1 $-1 $7883 $7879 $7663 $7790 forward $7884 $-1 #
edge $7885 -1 $-1 $7792 0 $7886 0.3350401926004216713 $7789 $7887 forward @7 unknown #
color-adesk-attrib $-1 -1 $-1 $-1 $7664 256 #
vertex $-1 -1 $-1 $7664 $7888 #
coedge $-1 -1 $-1 $7666 $7677 $7889 $7890 forward $264 $-1 #
coedge $-1 -1 $-1 $7889 $7673 $7670 $7795 reversed $7799 $-1 #
edge $7891 -1 $-1 $7797 -0.75 $7676 0.25 $7670 $7892 forward @7 unknown #
color-adesk-attrib $-1 -1 $-1 $-1 $7671 256 #
vertex $-1 -1 $-1 $7671 $7893 #
coedge $-1 -1 $-1 $7673 $7889 $7683 $7808 reversed $7799 $-1 #
loop $-1 -1 $-1 $-1 $7673 $7894 #
color-adesk-attrib $-1 -1 $-1 $-1 $7674 256 #
straight-curve $-1 -1 $-1 0.514610749951988522 0.1963420800270760935 -0.5 -0.9330902171825534719 0.3596423870989281513 0 F 0 F 0.2299999999999999822 #
point $-1 -1 $-1 0.3000000000000012101 0.2790598290598289566 -0.5 #
coedge $-1 -1 $-1 $7678 $7683 $7677 $7804 reversed $7684 $-1 #
edge $7895 -1 $-1 $7681 0 $7896 0.3350401926004216713 $7803 $7897 forward @7 unknown #
color-adesk-attrib $-1 -1 $-1 $-1 $7679 256 #
straight-curve $-1 -1 $-1 0.2999999999999999889 -0.06094017094017238623 -0.25 0 0 1 I I #
point $-1 -1 $-1 0.3000000000000012101 -0.0609401709401709013 0.5 #
edge $7898 -1 $-1 $7686 0 $7896 1 $7798 $7899 forward @7 unknown #
face $7900 -1 $-1 $7894 $7684 $8 $-1 $7901 forward single #
point $-1 -1 $-1 0.514610749951988522 0.1963420800270760935 -0.5 #
color-adesk-attrib $-1 -1 $-1 $-1 $7690 256 #
straight-curve $-1 -1 $-1 0.514610749951988411 -0.4874186037336087907 0.5 -0.9330902171825534719 0.3596423870989281513 0 I I #
color-adesk-attrib $-1 -1 $-1 $-1 $7694 256 #
plane-surface $-1 -1 $-1 0.514610749951988411 -0.4874186037336087907 -0.5 0.3596423870989281513 0.9330902171825534719 0 -0.9330902171825534719 0.3596423870989281513 0 forward_v I I I I #
point $-1 -1 $-1 0.514610749951988411 -0.4874186037336087907 0.5 #
color-adesk-attrib $-1 -1 $-1 $-1 $7703 256 #
face $7902 -1 $-1 $7903 $7884 $8 $-1 $7904 forward single #
loop $-1 -1 $-1 $-1 $7843 $7703 #
plane-surface $-1 -1 $-1 0.514610749951988522 1.563863447548442309 -0.5 0.3596423870989281513 0.9330902171825534719 0 -0.9330902171825534719 0.3596423870989281513 0 forward_v I I I I #
coedge $-1 -1 $-1 $7905 $7906 $7849 $7907 forward $7704 $-1 #
edge $7908 -1 $-1 $7759 0 $7756 1 $7752 $7909 forward @7 unknown #
edge $7910 -1 $-1 $7824 -0.25 $7836 0.75 $7719 $7911 forward @7 unknown #
color-adesk-attrib $-1 -1 $-1 $-1 $7708 256 #
vertex $-1 -1 $-1 $7721 $7912 #
straight-curve $-1 -1 $-1 0.3000000000000013212 1.990341880341880199 -0.5 0.6405522522127310436 0.7679145865167543716 0 F 0 F 0.3350401926004216713 #
color-adesk-attrib $-1 -1 $-1 $-1 $7715 256 #
coedge $-1 -1 $-1 $7913 $7716 $7767 $7868 reversed $7589 $-1 #
coedge $-1 -1 $-1 $7716 $7913 $7914 $7915 reversed $7589 $-1 #
coedge $-1 -1 $-1 $7718 $7717 $7916 $7917 forward $7457 $-1 #
coedge $-1 -1 $-1 $7771 $7918 $7717 $7831 forward $264 $-1 #
edge $7919 -1 $-1 $7920 0.9628205128205138408 $7777 0.9647008547008546486 $7717 $352 forward @7 unknown #
coedge $-1 -1 $-1 $7737 $7720 $7725 $7839 reversed $102 $-1 #
color-adesk-attrib $-1 -1 $-1 $-1 $7721 256 #
coedge $-1 -1 $-1 $7722 $7732 $7724 $7838 forward $264 $-1 #
color-adesk-attrib $-1 -1 $-1 $-1 $7723 256 #
vertex $-1 -1 $-1 $7754 $7921 #
coedge $-1 -1 $-1 $7725 $7724 $7740 $7852 reversed $7641 $-1 #
edge $7922 -1 $-1 $7857 0 $7727 0.2299999999999999822 $7724 $7923 forward @7 unknown #
edge $7924 -1 $-1 $7854 0 $7728 0.2299999999999999822 $7725 $7925 forward @7 unknown #
point $-1 -1 $-1 0.3000000000000013212 1.988461538461539391 0.5 #
point $-1 -1 $-1 0.3000000000000013212 1.988461538461539391 -0.5 #
coedge $-1 -1 $-1 $7926 $7730 $7733 $7847 reversed $7818 $-1 #
coedge $-1 -1 $-1 $7730 $7926 $7736 $7850 forward $7818 $-1 #
color-adesk-attrib $-1 -1 $-1 $-1 $7731 256 #
straight-curve $-1 -1 $-1 0.3000000000000000444 1.646581196581196282 -0.25 0 0 -1 I I #
coedge $-1 -1 $-1 $7733 $7914 $7927 $7928 forward $264 $-1 #
edge $7929 -1 $-1 $7930 0 $7735 0.2299999999999999822 $7842 $7931 forward @7 unknown #
point $-1 -1 $-1 0.3000000000000012657 1.646581196581195172 0.5 #
coedge $-1 -1 $-1 $7767 $7736 $7820 $7907 reversed $102 $-1 #
edge $7932 -1 $-1 $7933 0 $7739 0.2299999999999999822 $7843 $7934 forward @7 unknown #
point $-1 -1 $-1 0.3000000000000012657 1.646581196581195172 -0.5 #
edge $7935 -1 $-1 $7854 0 $7857 1 $7837 $7936 forward @7 unknown #
color-adesk-attrib $-1 -1 $-1 $-1 $7741 256 #
vertex $-1 -1 $-1 $7839 $7937 #
straight-curve $-1 -1 $-1 0.3000000000000013212 1.648461538461539533 -0.5 0.6405522522127310436 0.7679145865167543716 0 F 0 F 0.3350401926004216713 #
color-adesk-attrib $-1 -1 $-1 $-1 $7742 256 #
vertex $-1 -1 $-1 $7852 $7938 #
straight-curve $-1 -1 $-1 0.3000000000000013212 1.648461538461539533 0.5 0.6405522522127310436 0.7679145865167543716 0 I I #
color-adesk-attrib $-1 -1 $-1 $-1 $7754 256 #
straight-curve $-1 -1 $-1 0.3000000000000013212 1.990341880341880199 0.5 0.6405522522127310436 0.7679145865167543716 0 I I #
point $-1 -1 $-1 0.514610749951988633 2.247624131309127193 0.5 #
point $-1 -1 $-1 0.514610749951988633 2.247624131309127193 -0.5 #
coedge $-1 -1 $-1 $7914 $7771 $7765 $7864 forward $264 $-1 #
edge $7939 -1 $-1 $7774 0 $7866 0.2299999999999999822 $7765 $7940 forward @7 unknown #
color-adesk-attrib $-1 -1 $-1 $-1 $7766 256 #
vertex $-1 -1 $-1 $7915 $7941 #
straight-curve $-1 -1 $-1 0.3000000000000000444 1.304700854700855617 -0.25 0 0 -1 I I #
edge $7942 -1 $-1 $7943 -1.306581196581195314 $7769 -1.304700854700854507 $7827 $277 forward @7 unknown #
point $-1 -1 $-1 0.3000000000000012657 1.304700854700854507 -0.5 #
color-adesk-attrib $-1 -1 $-1 $-1 $7772 256 #
straight-curve $-1 -1 $-1 0.3000000000000012657 0.9647008547008546486 0.5 0.6405522522127310436 0.7679145865167543716 0 I I #
point $-1 -1 $-1 0.514610749951988522 1.221983105668101643 0.5 #
point $-1 -1 $-1 0.3000000000000012657 0.9647008547008546486 0.5 #
coedge $-1 -1 $-1 $7916 $7944 $7779 $7875 forward $7945 $-1 #
edge $7946 -1 $-1 $7886 0 $7877 0.2299999999999999822 $7874 $7947 forward @7 unknown #
color-adesk-attrib $-1 -1 $-1 $-1 $7780 256 #
vertex $-1 -1 $-1 $7875 $7948 #
coedge $-1 -1 $-1 $7918 $7783 $7949 $7950 forward $264 $-1 #
coedge $-1 -1 $-1 $7789 $7949 $7786 $7880 reversed $7884 $-1 #
edge $7951 -1 $-1 $7792 -0.25 $7882 0.75 $7786 $7952 forward @7 unknown #
color-adesk-attrib $-1 -1 $-1 $-1 $7787 256 #
vertex $-1 -1 $-1 $7950 $7953 #
coedge $-1 -1 $-1 $7949 $7789 $7944 $7954 forward $7884 $-1 #
loop $-1 -1 $-1 $-1 $7789 $7817 #
color-adesk-attrib $-1 -1 $-1 $-1 $7790 256 #
vertex $-1 -1 $-1 $7875 $7955 #
straight-curve $-1 -1 $-1 0.3000000000000012657 0.6228205128205139829 -0.5 0.6405522522127310436 0.7679145865167543716 0 F 0 F 0.3350401926004216713 #
point $-1 -1 $-1 0.3000000000000012657 0.6228205128205139829 -0.5 #
coedge $-1 -1 $-1 $7798 $7794 $7793 $7890 reversed $7799 $-1 #
edge $7956 -1 $-1 $7896 0 $7797 0.2299999999999999822 $7889 $7957 forward @7 unknown #
color-adesk-attrib $-1 -1 $-1 $-1 $7795 256 #
straight-curve $-1 -1 $-1 0.3000000000000000444 0.2790598290598300668 -0.25 0 0 -1 I I #
point $-1 -1 $-1 0.3000000000000012101 0.2790598290598289566 0.5 #
face $7958 -1 $-1 $7570 $7799 $8 $-1 $7959 forward single #
color-adesk-attrib $-1 -1 $-1 $-1 $7804 256 #
vertex $-1 -1 $-1 $7808 $7960 #
straight-curve $-1 -1 $-1 0.3000000000000012101 -0.0609401709401709013 0.5 0.6405522522127310436 0.7679145865167543716 0 I I #
color-adesk-attrib $-1 -1 $-1 $-1 $7808 256 #
straight-curve $-1 -1 $-1 0.514610749951988522 0.1963420800270760935 -0.5 0 0 1 I I #
color-adesk-attrib $-1 -1 $-1 $-1 $7809 256 #
plane-surface $-1 -1 $-1 0.3000000000000012101 -0.0609401709401709013 -0.5 0.7679145865167543716 -0.6405522522127310436 0 0.6405522522127310436 0.7679145865167543716 0 forward_v I I I I #
color-adesk-attrib $-1 -1 $-1 $-1 $7817 256 #
face $7961 -1 $-1 $7809 $7945 $8 $-1 $7962 forward single #
plane-surface $-1 -1 $-1 0.3000000000000012657 0.6228205128205139829 -0.5 0.7679145865167543716 -0.6405522522127310436 0 0.6405522522127310436 0.7679145865167543716 0 forward_v I I I I #
coedge $-1 -1 $-1 $7927 $7820 $7926 $7963 forward $7704 $-1 #
coedge $-1 -1 $-1 $7820 $7927 $7913 $7964 reversed $7704 $-1 #
edge $7965 -1 $-1 $7943 0 $7933 0.3350401926004216713 $7820 $7966 forward @7 unknown #
color-adesk-attrib $-1 -1 $-1 $-1 $7821 256 #
straight-curve $-1 -1 $-1 0.514610749951988633 2.247624131309127193 -0.5 0 0 1 I I #
color-adesk-attrib $-1 -1 $-1 $-1 $7822 256 #
straight-curve $-1 -1 $-1 0.2999999999999999889 1.990341880341878644 -0.25 0 0 1 I I #
point $-1 -1 $-1 0.3000000000000013212 1.990341880341880199 -0.5 #
coedge $-1 -1 $-1 $7828 $7827 $7906 $7964 forward $7589 $-1 #
coedge $-1 -1 $-1 $7846 $7863 $7828 $7915 forward $264 $-1 #
edge $7967 -1 $-1 $7866 1.304700854700854507 $7968 1.306581196581195314 $7828 $352 forward @7 unknown #
coedge $-1 -1 $-1 $7969 $7874 $7829 $7917 reversed $7945 $-1 #
edge $7970 -1 $-1 $7920 -0.75 $7877 0.25 $7829 $7971 forward @7 unknown #
coedge $-1 -1 $-1 $7830 $7878 $7969 $7972 forward $264 $-1 #
color-adesk-attrib $-1 -1 $-1 $-1 $7831 256 #
vertex $-1 -1 $-1 $7831 $7973 #
point $-1 -1 $-1 0.3000000000000013212 1.990341880341880199 0.5 #
color-adesk-attrib $-1 -1 $-1 $-1 $7838 256 #
straight-curve $-1 -1 $-1 0.514610749951988522 1.905743789428786528 0.5 -0.9330902171825534719 0.3596423870989281513 0 I I #
color-adesk-attrib $-1 -1 $-1 $-1 $7839 256 #
straight-curve $-1 -1 $-1 0.514610749951988522 1.905743789428786528 -0.5 -0.9330902171825534719 0.3596423870989281513 0 F 0 F 0.2299999999999999822 #
coedge $-1 -1 $-1 $7843 $7842 $7905 $7963 reversed $7818 $-1 #
coedge $-1 -1 $-1 $7906 $7905 $7846 $7928 reversed $7704 $-1 #
edge $7974 -1 $-1 $7968 0 $7930 0.3350401926004216713 $7927 $7975 forward @7 unknown #
color-adesk-attrib $-1 -1 $-1 $-1 $7847 256 #
vertex $-1 -1 $-1 $7963 $7976 #
straight-curve $-1 -1 $-1 0.514610749951988522 1.563863447548442309 0.5 -0.9330902171825534719 0.3596423870989281513 0 I I #
color-adesk-attrib $-1 -1 $-1 $-1 $7850 256 #
vertex $-1 -1 $-1 $7850 $7977 #
straight-curve $-1 -1 $-1 0.514610749951988522 1.563863447548442309 -0.5 -0.9330902171825534719 0.3596423870989281513 0 F 0 F 0.2299999999999999822 #
color-adesk-attrib $-1 -1 $-1 $-1 $7852 256 #
straight-curve $-1 -1 $-1 0.514610749951988522 1.905743789428786528 -0.5 0 0 1 I I #
point $-1 -1 $-1 0.514610749951988522 1.905743789428786528 -0.5 #
point $-1 -1 $-1 0.514610749951988522 1.905743789428786528 0.5 #
color-adesk-attrib $-1 -1 $-1 $-1 $7864 256 #
straight-curve $-1 -1 $-1 0.514610749951988522 1.221983105668101643 0.5 -0.9330902171825534719 0.3596423870989281513 0 I I #
point $-1 -1 $-1 0.3000000000000012657 1.304700854700854507 0.5 #
color-adesk-attrib $-1 -1 $-1 $-1 $7868 256 #
vertex $-1 -1 $-1 $7868 $7978 #
coedge $-1 -1 $-1 $7874 $7969 $7883 $7954 reversed $7945 $-1 #
loop $-1 -1 $-1 $-1 $7874 $7903 #
color-adesk-attrib $-1 -1 $-1 $-1 $7875 256 #
straight-curve $-1 -1 $-1 0.514610749951988522 0.8801027637877609777 -0.5 -0.9330902171825534719 0.3596423870989281513 0 F 0 F 0.2299999999999999822 #
point $-1 -1 $-1 0.3000000000000012657 0.9628205128205138408 -0.5 #
coedge $-1 -1 $-1 $7879 $7883 $7878 $7950 reversed $7884 $-1 #
edge $7979 -1 $-1 $7882 0 $7980 0.3350401926004216713 $7949 $7981 forward @7 unknown #
color-adesk-attrib $-1 -1 $-1 $-1 $7880 256 #
straight-curve $-1 -1 $-1 0.2999999999999999889 0.6228205128205124286 -0.25 0 0 1 I I #
point $-1 -1 $-1 0.3000000000000012657 0.6228205128205139829 0.5 #
edge $7982 -1 $-1 $7886 0 $7980 1 $7944 $7983 forward @7 unknown #
point $-1 -1 $-1 0.514610749951988522 0.8801027637877609777 -0.5 #
color-adesk-attrib $-1 -1 $-1 $-1 $7890 256 #
straight-curve $-1 -1 $-1 0.514610749951988522 0.1963420800270760935 0.5 -0.9330902171825534719 0.3596423870989281513 0 I I #
color-adesk-attrib $-1 -1 $-1 $-1 $7894 256 #
plane-surface $-1 -1 $-1 0.514610749951988522 0.1963420800270760935 -0.5 0.3596423870989281513 0.9330902171825534719 0 -0.9330902171825534719 0.3596423870989281513 0 forward_v I I I I #
point $-1 -1 $-1 0.514610749951988522 0.1963420800270760935 0.5 #
color-adesk-attrib $-1 -1 $-1 $-1 $7903 256 #
plane-surface $-1 -1 $-1 0.514610749951988522 0.8801027637877609777 -0.5 0.3596423870989281513 0.9330902171825534719 0 -0.9330902171825534719 0.3596423870989281513 0 forward_v I I I I #
edge $7984 -1 $-1 $7933 0 $7930 1 $7926 $7985 forward @7 unknown #
edge $7986 -1 $-1 $7943 -0.25 $7968 0.75 $7913 $7987 forward @7 unknown #
color-adesk-attrib $-1 -1 $-1 $-1 $7907 256 #
straight-curve $-1 -1 $-1 0.3000000000000012657 1.306581196581195314 -0.5 0.6405522522127310436 0.7679145865167543716 0 F 0 F 0.3350401926004216713 #
color-adesk-attrib $-1 -1 $-1 $-1 $7915 256 #
vertex $-1 -1 $-1 $7928 $7988 #
coedge $-1 -1 $-1 $7944 $7916 $7918 $7972 reversed $7945 $-1 #
color-adesk-attrib $-1 -1 $-1 $-1 $7917 256 #
straight-curve $-1 -1 $-1 0.3000000000000000444 0.96282051282051484 -0.25 0 0 -1 I I #
edge $7989 -1 $-1 $7980 0 $7920 0.2299999999999999822 $7969 $7990 forward @7 unknown #
point $-1 -1 $-1 0.3000000000000012657 0.9628205128205138408 0.5 #
color-adesk-attrib $-1 -1 $-1 $-1 $7928 256 #
straight-curve $-1 -1 $-1 0.3000000000000012657 1.306581196581195314 0.5 0.6405522522127310436 0.7679145865167543716 0 I I #
point $-1 -1 $-1 0.514610749951988522 1.563863447548442309 0.5 #
point $-1 -1 $-1 0.514610749951988522 1.563863447548442309 -0.5 #
point $-1 -1 $-1 0.3000000000000012657 1.306581196581195314 -0.5 #
color-adesk-attrib $-1 -1 $-1 $-1 $7950 256 #
vertex $-1 -1 $-1 $7954 $7991 #
straight-curve $-1 -1 $-1 0.3000000000000012657 0.6228205128205139829 0.5 0.6405522522127310436 0.7679145865167543716 0 I I #
color-adesk-attrib $-1 -1 $-1 $-1 $7954 256 #
straight-curve $-1 -1 $-1 0.514610749951988522 0.8801027637877609777 -0.5 0 0 1 I I #
color-adesk-attrib $-1 -1 $-1 $-1 $7963 256 #
straight-curve $-1 -1 $-1 0.514610749951988522 1.563863447548442309 -0.5 0 0 1 I I #
color-adesk-attrib $-1 -1 $-1 $-1 $7964 256 #
straight-curve $-1 -1 $-1 0.2999999999999999889 1.30658119658119376 -0.25 0 0 1 I I #
point $-1 -1 $-1 0.3000000000000012657 1.306581196581195314 0.5 #
color-adesk-attrib $-1 -1 $-1 $-1 $7972 256 #
straight-curve $-1 -1 $-1 0.514610749951988522 0.8801027637877609777 0.5 -0.9330902171825534719 0.3596423870989281513 0 I I #
point $-1 -1 $-1 0.514610749951988522 0.8801027637877609777 0.5 #
